commit,energy-pkg,energy-ram,seconds,temp_before,temp_after
5a248637415c5e219ba0142ea7f1b066a9ebd25f,1381.96,54.58,5.592269932,56000,55000
5233ac61b62e943f4e983e502e5bd0b032f2c2e6,1401.00,55.60,5.642358721,56000,57000
e6e71118c0a1fcf5c47eefbce67b851318d6216c,1409.82,55.96,5.677577101,57000,55000
41e45ca5950ecc8f250775a4432948b5910eba45,1531.19,60.93,6.155772836,57000,56000
c0d4e37d372fe99ab908a4a3afff450859c652e3,1448.51,57.23,5.836421592,56000,57000
51043a829c09e05d1bdb83625c4cd5b0c16fabcb,1447.08,57.15,5.833708212,56000,56000
609ca31f585d2cf6404a6e77b047d91bb634cfad,1445.20,56.98,5.813757113,57000,57000
b7a4382f1a55472e8379796149126f37999731b7,1416.26,56.09,5.697569585,56000,55000
a31c868a871677c50bbe100c83c4f31c94bcda8f,1567.21,62.30,6.280860719,58000,56000
b7a4382f1a55472e8379796149126f37999731b7,1394.72,55.17,5.602356605,56000,56000
adb9650f17520f1de630abc1758e25997263276d,1530.64,60.84,6.125645354,56000,56000
62bdd1beaee41035965d99c20e517da927bb97ae,1410.88,55.99,5.661674309,57000,56000
ce6c1b13e5a0d86acd6b3db9eb73479e33eaf851,1407.56,55.68,5.641498118,56000,56000
4e1d847e4c83052a93c7f49812af917d322756f4,1399.38,55.19,5.618024720,56000,56000
21696e5fe73093fd8a5bd42e0c40f0a5a6ce27bf,1552.84,61.57,6.226452972,56000,55000
494d4bc425a8c2859dbef0bd55a4006c6bc72536,1465.62,57.66,5.891169855,55000,56000
f8a21d6b7549424a444867157cf5aa569bd53faf,1528.43,60.37,6.127608242,56000,56000
b8ad84648f7a947fb4f9a15507c4ce0be062c54a,1557.30,61.63,6.236345100,57000,55000
bbf09ddf3be09ad597406583899fa3811231db6a,1395.52,54.93,5.598852391,56000,55000
91305e3955f21e1d3df99a2d6167da46362e7a01,1415.38,55.75,5.681103041,55000,56000
cbfd462693baf7ed51d75508ea8ea9800a8dfae5,1446.42,56.86,5.807265377,56000,55000
cbfd462693baf7ed51d75508ea8ea9800a8dfae5,1442.27,56.62,5.792650130,56000,56000
18f738f8caadcb015ef9ccb323dfc4bf3cbc71ac,1458.81,57.61,5.848699365,56000,56000
3b3043e3e25a3410bd9c2243f30d6e26926bc646,1458.11,57.45,5.849348548,57000,56000
6451625786eb5d39f67be2d1c62644ce7f34ffa3,1548.92,61.05,6.185685302,55000,56000
0138ac401ae8da2b12fdcbe580b6f73feedd6a6b,1541.00,60.79,6.160230913,55000,56000
2b9cfcc54dff7b79afd89be3ecf1a107b8290278,1393.33,54.82,5.578466276,56000,55000
a31c868a871677c50bbe100c83c4f31c94bcda8f,1545.33,61.09,6.177534299,55000,55000
e7e2b518cd8d5c57e6ace7a005af6ae8b2edaf50,1400.01,54.99,5.617595050,55000,55000
bbf09ddf3be09ad597406583899fa3811231db6a,1398.36,54.89,5.604835018,55000,56000
107a8b44f8e04650b0b4989912f2ccda6619c031,1393.17,55.03,5.583310803,56000,55000
64e2f833104ef190de3255981015e2af97da257f,1464.28,57.75,5.866591328,55000,56000
107a8b44f8e04650b0b4989912f2ccda6619c031,1422.20,56.46,5.693688885,56000,56000
1150c0b02c435d2bd05e70933f5f12c82e212d8b,1420.69,55.96,5.716149641,56000,56000
4d524e387ff908043ef72fa37f3ed613cdd39e69,1403.37,55.25,5.624187338,55000,55000
960908c60bb2d39cee35b175a56138bed390674c,1426.70,56.51,5.703249373,56000,55000
46b4a764e023a91faac1a085a7a7b6f0bb7428cd,1449.66,57.10,5.807495342,56000,55000
6c8774e0e7cba6ef9eac17c90f81004b9ee79c51,1442.84,56.81,5.783789732,56000,55000
56c5c555148b3a2f718ce556363304cab0709374,1423.66,56.30,5.703985936,56000,56000
dbdc91b2ce8448c5c40ab81dc71b69a8ed6999a6,1411.81,55.49,5.642458642,55000,55000
a951cb2082086e614d12ce18c3a9bf9333e9a60d,1457.17,57.23,5.835864570,56000,56000
51043a829c09e05d1bdb83625c4cd5b0c16fabcb,1447.84,56.86,5.792358717,56000,56000
cd6326b39c2477ee5d8a030568a96a95e539fd19,1438.28,56.52,5.759682674,55000,56000
a0ce6f065a3e3abd1b832367639f09ea31248420,1527.73,60.16,6.101574111,56000,56000
4d524e387ff908043ef72fa37f3ed613cdd39e69,1403.79,55.19,5.612906457,56000,55000
d13395213eb2b026fe11d5dda3177593ca353ffc,1465.99,57.74,5.868075446,56000,56000
7eea23784947d624dacd57776d450c3215b4583f,1543.27,60.50,6.158986048,54000,56000
960908c60bb2d39cee35b175a56138bed390674c,1401.88,54.94,5.606553921,56000,55000
494d4bc425a8c2859dbef0bd55a4006c6bc72536,1465.18,57.62,5.867282061,55000,55000
dca9510ec9a98d37c3798ee8388f4ba8e954fef4,1392.24,54.51,5.568190829,55000,56000
fea6020b3d1e6d546f78cab6962cad780f8a11da,1405.24,55.09,5.627082286,55000,56000
960908c60bb2d39cee35b175a56138bed390674c,1403.15,55.26,5.609780720,55000,56000
7e7434b0ee4acd59d8f57a55bebc692c62f06190,1546.80,61.27,6.171283933,56000,56000
cbfd462693baf7ed51d75508ea8ea9800a8dfae5,1469.42,57.62,5.894339108,56000,56000
62bdd1beaee41035965d99c20e517da927bb97ae,1397.18,54.85,5.589426143,55000,56000
56b1c644bbc0df9606572680781b8b89a7355cd8,1433.70,56.15,5.741531380,55000,55000
cbfd462693baf7ed51d75508ea8ea9800a8dfae5,1440.36,56.36,5.769440856,55000,56000
1150c0b02c435d2bd05e70933f5f12c82e212d8b,1397.80,54.91,5.604148044,55000,56000
5588e7eb2fc24a265b5650e65d3452774726e86d,1460.45,57.21,5.845550026,55000,56000
5dce2374aae6a1af981764a07fb138bbd3eb179d,1568.95,62.25,6.260590632,56000,54000
c0d4e37d372fe99ab908a4a3afff450859c652e3,1442.54,56.76,5.772885363,54000,56000
0a7c9d027afb599101817ed7d06d22b95912de06,1450.32,56.94,5.803624937,56000,56000
e8d62f313be55637354b3e0ad69ae807c4d67fb6,1563.14,61.72,6.231139039,56000,55000
56c5c555148b3a2f718ce556363304cab0709374,1409.29,55.43,5.636836295,56000,56000
4bcfa0ee8d481f29a44c788aa3e3fd8d20a8393e,1402.07,55.07,5.606577734,56000,55000
ccea5c486b0f6fe1cb43cf7df36d7a94c2496c56,1462.08,57.24,5.846650546,56000,56000
bbf09ddf3be09ad597406583899fa3811231db6a,1396.62,54.84,5.594718823,56000,55000
a885f084ebb9be660f83cce9aa85ff734ee2023e,1564.35,61.58,6.241458444,56000,55000
c61d10302690b7daa738ebaf07c1f46185dc6e60,1444.82,56.79,5.788884027,56000,56000
5ebd5b32a6a8cbcebd5303dfd7f4f7b0b173bc53,1401.68,54.92,5.610006041,56000,56000
e7e2b518cd8d5c57e6ace7a005af6ae8b2edaf50,1389.40,54.64,5.561011016,56000,55000
d6f37cf1658efd2d80dc19bb2beb86264b9d2887,1398.68,55.10,5.626405051,56000,56000
4ec362d123f57e4fffb8be6032da3382847a41e9,1430.49,56.52,5.747731142,56000,54000
fdc70cbab33a8c5345d1a497a9ce203e8440aba6,1552.85,61.40,6.195309505,55000,56000
3b3043e3e25a3410bd9c2243f30d6e26926bc646,1453.60,57.00,5.830210065,55000,56000
52be12c072df48763c890dca2cb916f9f7a529f9,1405.22,55.28,5.619798993,55000,54000
a0ce6f065a3e3abd1b832367639f09ea31248420,1527.65,60.49,6.088845036,56000,56000
21696e5fe73093fd8a5bd42e0c40f0a5a6ce27bf,1558.11,61.37,6.223602369,55000,55000
957b3dda6ab2f4bf7e6a87fa10577622bbfebee0,1454.48,57.11,5.838469795,56000,55000
762ba741dc550cea2b64869483bc9ec53c16fb06,1546.15,61.10,6.177879699,55000,56000
cd6326b39c2477ee5d8a030568a96a95e539fd19,1451.35,57.27,5.810413307,55000,56000
cea55f7a4c53f6b4166f2bbf342a823c23d4dba8,1423.28,55.94,5.685653031,55000,56000
d8611587abc5571f0284490e7fc403871eb0944d,1486.79,58.25,5.958776527,55000,55000
e538564debacb8a6bffa626f191e8959d48c6797,1449.79,56.82,5.809283102,56000,55000
e538564debacb8a6bffa626f191e8959d48c6797,1468.34,57.52,5.879885208,55000,55000
af27037cd8ed239375446bdf78cb9e3d53fcf86f,1391.14,54.53,5.570437927,55000,55000
dd8b743094c466efa954ebcc00276c09bba36ca2,1455.28,56.94,5.830187620,55000,56000
37845b13ccfe3508068318906a6d8df31641a363,1462.37,57.51,5.845334170,56000,56000
762ba741dc550cea2b64869483bc9ec53c16fb06,1541.75,60.85,6.159264873,56000,54000
b7a4382f1a55472e8379796149126f37999731b7,1414.60,55.59,5.652009893,56000,56000
4f4ae9203b992eb032cc4923d615006298952651,1419.41,55.90,5.663012488,54000,55000
20c189a240e1f863d07a5cf91453cc1c2fdf4823,1545.75,61.02,6.169177639,54000,54000
b2c3786228805f8a9e2ed1151e4e33a3bf7e3a70,1416.48,55.38,5.674255543,54000,55000
46b4a764e023a91faac1a085a7a7b6f0bb7428cd,1432.18,56.27,5.733508557,55000,54000
e7e2b518cd8d5c57e6ace7a005af6ae8b2edaf50,1399.12,54.97,5.595037609,55000,55000
64e2f833104ef190de3255981015e2af97da257f,1456.28,57.21,5.830762557,56000,55000
3b3043e3e25a3410bd9c2243f30d6e26926bc646,1457.72,56.92,5.835316672,54000,56000
3ea9c83e918ae0684f7457afc7383aa1bfb09071,1477.57,57.79,5.908510535,55000,54000
4d524e387ff908043ef72fa37f3ed613cdd39e69,1410.80,55.39,5.636523277,55000,55000
5a339aaeebae4084a4907243ae10bf19c64d5317,1481.69,57.78,5.924307600,55000,55000
91305e3955f21e1d3df99a2d6167da46362e7a01,1418.86,55.61,5.674610121,54000,56000
53be6ff83e942046cf6511e652f71831d0343a83,1542.80,60.65,6.149558409,55000,54000
7a7597064d48a7dac9709cd90142f1738f231a13,1473.04,57.69,5.883640200,54000,55000
52be12c072df48763c890dca2cb916f9f7a529f9,1405.18,54.90,5.618152493,55000,55000
d13395213eb2b026fe11d5dda3177593ca353ffc,1469.86,57.71,5.886775151,55000,55000
b46d90a1eb5269ebfabae58c9229db455685fe80,1473.12,57.85,5.880074736,56000,55000
2eb4a413f399f6b79eb34cd51a959d9acdfa1148,1563.90,61.52,6.242355631,55000,56000
4d61451a34ce5f4501567b81f71dac980e653762,1411.49,55.01,5.641969585,55000,56000
e7b319806360293e5e66532bb0ec8874ed1a85a1,1553.06,61.25,6.184728917,55000,55000
18f738f8caadcb015ef9ccb323dfc4bf3cbc71ac,1462.95,57.22,5.855613142,55000,56000
5a248637415c5e219ba0142ea7f1b066a9ebd25f,1401.43,54.68,5.603922776,55000,56000
cd6326b39c2477ee5d8a030568a96a95e539fd19,1453.14,56.80,5.814926439,55000,55000
4ec362d123f57e4fffb8be6032da3382847a41e9,1407.69,55.29,5.624289113,56000,55000
91305e3955f21e1d3df99a2d6167da46362e7a01,1416.48,55.50,5.662981044,55000,54000
107a8b44f8e04650b0b4989912f2ccda6619c031,1401.99,54.90,5.613287557,55000,55000
64e2f833104ef190de3255981015e2af97da257f,1453.15,57.09,5.808627860,55000,55000
8a19a006af6553950a995930f2082df154cd5597,1444.34,56.60,5.783718397,54000,56000
7eea23784947d624dacd57776d450c3215b4583f,1527.36,59.93,6.084931340,55000,55000
cbfd462693baf7ed51d75508ea8ea9800a8dfae5,1462.25,57.12,5.850307539,55000,56000
52be12c072df48763c890dca2cb916f9f7a529f9,1391.56,54.50,5.567287794,56000,55000
ce6c1b13e5a0d86acd6b3db9eb73479e33eaf851,1402.34,54.94,5.601509176,55000,55000
52656a25fd35447a1d7490e818a79419441abea4,1415.27,55.41,5.664177063,54000,54000
90b6bac2d698b51dc8465508e3b56377c703c622,1535.27,60.43,6.115027419,55000,54000
1d5324e08f236b97fbedbbc09a79924c0f55b6cb,1546.99,61.18,6.176622016,55000,56000
52656a25fd35447a1d7490e818a79419441abea4,1393.22,54.90,5.570147793,56000,56000
dd8b743094c466efa954ebcc00276c09bba36ca2,1464.94,57.48,5.867248408,56000,55000
3ea9c83e918ae0684f7457afc7383aa1bfb09071,1467.44,57.62,5.874836746,55000,55000
5ebd5b32a6a8cbcebd5303dfd7f4f7b0b173bc53,1418.09,55.84,5.677300253,54000,56000
21696e5fe73093fd8a5bd42e0c40f0a5a6ce27bf,1564.64,61.58,6.255314052,56000,55000
489121b21f18fd72e0d9f4b53fd8e301f842f83b,1418.41,55.78,5.681488787,55000,54000
cbfd462693baf7ed51d75508ea8ea9800a8dfae5,1449.20,56.80,5.800062254,55000,54000
56b1c644bbc0df9606572680781b8b89a7355cd8,1440.31,56.64,5.772340727,54000,55000
8a19a006af6553950a995930f2082df154cd5597,1454.89,57.11,5.825798147,54000,55000
a0ce6f065a3e3abd1b832367639f09ea31248420,1545.96,60.91,6.168992309,54000,55000
107a8b44f8e04650b0b4989912f2ccda6619c031,1393.38,54.73,5.586530013,55000,55000
8a19a006af6553950a995930f2082df154cd5597,1471.55,57.85,5.885057451,56000,55000
5a339aaeebae4084a4907243ae10bf19c64d5317,1508.04,59.09,6.043367870,55000,54000
1150c0b02c435d2bd05e70933f5f12c82e212d8b,1405.04,55.52,5.627362337,54000,56000
1150c0b02c435d2bd05e70933f5f12c82e212d8b,1388.65,54.38,5.580368791,55000,54000
4178749479dcc5853399f2b9689ce06e51494984,1396.74,54.77,5.597311579,54000,56000
8a19a006af6553950a995930f2082df154cd5597,1452.59,57.04,5.816077508,55000,55000
762ba741dc550cea2b64869483bc9ec53c16fb06,1536.13,60.38,6.129989989,54000,55000
4f4ae9203b992eb032cc4923d615006298952651,1412.40,55.73,5.640621201,55000,55000
6451625786eb5d39f67be2d1c62644ce7f34ffa3,1558.45,61.49,6.214170122,54000,54000
dca9510ec9a98d37c3798ee8388f4ba8e954fef4,1420.44,55.72,5.690589336,55000,55000
52656a25fd35447a1d7490e818a79419441abea4,1393.60,54.51,5.573050748,55000,55000
4d61451a34ce5f4501567b81f71dac980e653762,1423.85,56.00,5.689346492,55000,56000
18f738f8caadcb015ef9ccb323dfc4bf3cbc71ac,1446.54,56.74,5.789064026,55000,55000
1910d72e34452a0eb2c731c82624461d3425d048,1416.84,55.50,5.660141953,54000,55000
a17b94219fe013d95d09d45d265a9f3eedcf92a8,1540.85,60.75,6.143571084,56000,55000
5ebd5b32a6a8cbcebd5303dfd7f4f7b0b173bc53,1413.89,55.63,5.650447326,54000,55000
4bcfa0ee8d481f29a44c788aa3e3fd8d20a8393e,1422.53,55.59,5.699054828,54000,56000
20c189a240e1f863d07a5cf91453cc1c2fdf4823,1537.95,60.69,6.145895437,55000,54000
d13395213eb2b026fe11d5dda3177593ca353ffc,1462.53,57.39,5.854519327,54000,54000
41e45ca5950ecc8f250775a4432948b5910eba45,1529.53,60.36,6.104444533,54000,56000
b46d90a1eb5269ebfabae58c9229db455685fe80,1451.94,57.22,5.807634115,55000,55000
b46d90a1eb5269ebfabae58c9229db455685fe80,1475.77,57.82,5.913146706,55000,55000
90b6bac2d698b51dc8465508e3b56377c703c622,1532.59,60.21,6.130841280,55000,54000
52be12c072df48763c890dca2cb916f9f7a529f9,1403.37,54.98,5.611991024,56000,54000
4f4ae9203b992eb032cc4923d615006298952651,1428.71,56.24,5.706610460,54000,55000
6451625786eb5d39f67be2d1c62644ce7f34ffa3,1557.38,61.28,6.218870892,56000,55000
4f4ae9203b992eb032cc4923d615006298952651,1427.03,56.01,5.702099201,54000,55000
ccea5c486b0f6fe1cb43cf7df36d7a94c2496c56,1464.88,57.64,5.856522812,55000,55000
91305e3955f21e1d3df99a2d6167da46362e7a01,1402.99,54.97,5.611547647,54000,55000
d6f37cf1658efd2d80dc19bb2beb86264b9d2887,1415.15,55.66,5.654870429,55000,54000
c0d4e37d372fe99ab908a4a3afff450859c652e3,1468.42,57.75,5.872837798,55000,56000
4f4ae9203b992eb032cc4923d615006298952651,1421.09,55.93,5.672646725,55000,54000
4d524e387ff908043ef72fa37f3ed613cdd39e69,1439.63,56.79,5.767456018,55000,55000
64e2f833104ef190de3255981015e2af97da257f,1462.25,57.71,5.837803898,54000,55000
e6e71118c0a1fcf5c47eefbce67b851318d6216c,1413.69,55.46,5.646025224,54000,55000
e7b319806360293e5e66532bb0ec8874ed1a85a1,1546.02,61.08,6.165952370,54000,55000
56b1c644bbc0df9606572680781b8b89a7355cd8,1443.49,56.98,5.780579921,55000,54000
1838e2888cc9ec3faaf08865f0c7ad9f3067467d,1414.59,56.03,5.655909109,55000,55000
5588e7eb2fc24a265b5650e65d3452774726e86d,1458.41,57.61,5.825316910,55000,55000
6d27d3e0f12f0141447f1070a54a93f02fe4042a,1412.19,55.53,5.649274993,54000,55000
c61d10302690b7daa738ebaf07c1f46185dc6e60,1443.00,56.51,5.783776380,55000,56000
6d27d3e0f12f0141447f1070a54a93f02fe4042a,1411.20,55.49,5.648562889,54000,55000
5588e7eb2fc24a265b5650e65d3452774726e86d,1457.08,57.12,5.830669436,55000,54000
6d27d3e0f12f0141447f1070a54a93f02fe4042a,1399.11,55.00,5.599051636,54000,55000
1d5324e08f236b97fbedbbc09a79924c0f55b6cb,1514.41,59.73,6.052215891,55000,55000
3ea9c83e918ae0684f7457afc7383aa1bfb09071,1468.42,57.76,5.890332392,55000,55000
a951cb2082086e614d12ce18c3a9bf9333e9a60d,1438.82,56.54,5.763004368,55000,55000
91305e3955f21e1d3df99a2d6167da46362e7a01,1410.33,55.51,5.642844192,54000,54000
b8ad84648f7a947fb4f9a15507c4ce0be062c54a,1568.24,62.00,6.263200156,55000,54000
90b6bac2d698b51dc8465508e3b56377c703c622,1538.48,60.38,6.144499205,54000,55000
6688d3b99b6bac78c3ccc01b9be87e4b78360206,1472.90,57.92,5.915031204,55000,55000
dd8b743094c466efa954ebcc00276c09bba36ca2,1484.75,58.42,5.948310531,54000,54000
762ba741dc550cea2b64869483bc9ec53c16fb06,1533.79,60.30,6.117206237,54000,55000
52656a25fd35447a1d7490e818a79419441abea4,1379.79,54.25,5.521142171,55000,54000
0138ac401ae8da2b12fdcbe580b6f73feedd6a6b,1544.75,60.92,6.157767100,54000,54000
e6e71118c0a1fcf5c47eefbce67b851318d6216c,1407.44,55.32,5.637304640,54000,55000
af27037cd8ed239375446bdf78cb9e3d53fcf86f,1424.19,55.88,5.699836878,55000,55000
a17b94219fe013d95d09d45d265a9f3eedcf92a8,1543.96,60.90,6.163333213,54000,54000
a17b94219fe013d95d09d45d265a9f3eedcf92a8,1536.92,60.35,6.138547041,54000,54000
1150c0b02c435d2bd05e70933f5f12c82e212d8b,1398.13,54.51,5.597755002,54000,55000
494d4bc425a8c2859dbef0bd55a4006c6bc72536,1438.58,56.41,5.756456857,54000,54000
5a339aaeebae4084a4907243ae10bf19c64d5317,1468.15,57.73,5.876108952,54000,54000
6c8774e0e7cba6ef9eac17c90f81004b9ee79c51,1476.90,58.08,5.914574544,54000,55000
ce6c1b13e5a0d86acd6b3db9eb73479e33eaf851,1396.43,55.11,5.576562501,55000,55000
1910d72e34452a0eb2c731c82624461d3425d048,1411.52,55.47,5.639403607,54000,54000
8a19a006af6553950a995930f2082df154cd5597,1467.99,57.67,5.882271161,54000,55000
4d61451a34ce5f4501567b81f71dac980e653762,1412.76,55.60,5.655224327,55000,54000
494d4bc425a8c2859dbef0bd55a4006c6bc72536,1459.46,57.41,5.842941243,55000,55000
1910d72e34452a0eb2c731c82624461d3425d048,1418.63,55.59,5.664740122,55000,54000
978259170e61de613a57a190ff78e3d9a7d07649,1420.76,55.90,5.671248334,54000,55000
ce6c1b13e5a0d86acd6b3db9eb73479e33eaf851,1399.15,55.03,5.587404046,54000,55000
494d4bc425a8c2859dbef0bd55a4006c6bc72536,1459.09,57.17,5.834732941,54000,55000
0138ac401ae8da2b12fdcbe580b6f73feedd6a6b,1560.83,61.70,6.222783846,54000,55000
3ea9c83e918ae0684f7457afc7383aa1bfb09071,1445.69,56.54,5.798344391,54000,54000
18f738f8caadcb015ef9ccb323dfc4bf3cbc71ac,1461.63,57.47,5.854666458,55000,54000
fea6020b3d1e6d546f78cab6962cad780f8a11da,1425.42,56.08,5.699706943,54000,54000
6688d3b99b6bac78c3ccc01b9be87e4b78360206,1438.20,56.00,5.770052174,54000,55000
53be6ff83e942046cf6511e652f71831d0343a83,1527.79,60.27,6.094370554,54000,54000
adb9650f17520f1de630abc1758e25997263276d,1524.78,60.22,6.083192126,54000,54000
a40a918f208350e233527254e9053b30a8d80eda,1561.86,61.67,6.224615258,54000,54000
2b9cfcc54dff7b79afd89be3ecf1a107b8290278,1409.21,55.19,5.627965476,55000,55000
6c8774e0e7cba6ef9eac17c90f81004b9ee79c51,1445.58,56.48,5.777250921,55000,54000
ccea5c486b0f6fe1cb43cf7df36d7a94c2496c56,1478.22,57.80,5.910104165,54000,54000
3ea9c83e918ae0684f7457afc7383aa1bfb09071,1448.01,56.89,5.795147947,54000,55000
b7a4382f1a55472e8379796149126f37999731b7,1428.01,56.16,5.702821279,55000,54000
4d524e387ff908043ef72fa37f3ed613cdd39e69,1432.58,56.25,5.733138625,54000,54000
a40a918f208350e233527254e9053b30a8d80eda,1554.41,61.26,6.195567070,55000,54000
c7cb4b1ef1abeaa8a9923481993ca4aa0b11cde1,1545.65,60.61,6.154395086,54000,54000
8a19a006af6553950a995930f2082df154cd5597,1460.80,57.24,5.840746729,54000,55000
4bcfa0ee8d481f29a44c788aa3e3fd8d20a8393e,1422.90,55.63,5.690681091,55000,55000
2b9cfcc54dff7b79afd89be3ecf1a107b8290278,1400.19,54.91,5.600561154,54000,55000
64e2f833104ef190de3255981015e2af97da257f,1466.32,57.71,5.873269064,54000,54000
ccea5c486b0f6fe1cb43cf7df36d7a94c2496c56,1467.15,57.60,5.860828874,55000,55000
b8ad84648f7a947fb4f9a15507c4ce0be062c54a,1558.71,61.33,6.206223011,54000,54000
4d524e387ff908043ef72fa37f3ed613cdd39e69,1415.23,55.91,5.660743589,54000,54000
52be12c072df48763c890dca2cb916f9f7a529f9,1415.51,55.62,5.657103476,54000,54000
ccea5c486b0f6fe1cb43cf7df36d7a94c2496c56,1480.16,58.01,5.915453861,55000,54000
978259170e61de613a57a190ff78e3d9a7d07649,1410.78,55.22,5.643867907,54000,54000
fea6020b3d1e6d546f78cab6962cad780f8a11da,1408.31,55.46,5.629749229,55000,54000
46b4a764e023a91faac1a085a7a7b6f0bb7428cd,1458.26,57.41,5.830309453,54000,54000
3e80ca34a9a562ddbbb717e989d1c89b3f39171d,1561.62,61.75,6.224842162,55000,54000
0d04e957d81cc8ead959c2ab65031fb12a9d5d27,1454.17,56.89,5.813006385,54000,55000
68c38853d7568f18ce53363e0b88f91378c00df6,1552.68,60.97,6.190550138,55000,55000
4bcfa0ee8d481f29a44c788aa3e3fd8d20a8393e,1429.65,56.05,5.708823009,54000,54000
351a68da90ba0dd644af9d20f0a6aac7456a6d13,1405.14,54.77,5.626116083,54000,54000
a31c868a871677c50bbe100c83c4f31c94bcda8f,1565.01,61.53,6.233451577,54000,54000
d6f37cf1658efd2d80dc19bb2beb86264b9d2887,1399.38,54.95,5.587028279,54000,54000
0d04e957d81cc8ead959c2ab65031fb12a9d5d27,1462.76,57.38,5.846843556,54000,54000
4e1d847e4c83052a93c7f49812af917d322756f4,1421.35,55.69,5.679795896,54000,54000
41e45ca5950ecc8f250775a4432948b5910eba45,1520.36,59.87,6.064126148,55000,55000
53be6ff83e942046cf6511e652f71831d0343a83,1546.22,60.78,6.153745730,55000,55000
4d524e387ff908043ef72fa37f3ed613cdd39e69,1411.18,55.62,5.636465797,55000,54000
1059dc8dea7ed71565a69a1e788934a5071bd2a3,1452.64,56.68,5.816758164,54000,55000
957b3dda6ab2f4bf7e6a87fa10577622bbfebee0,1473.18,57.58,5.900971551,54000,54000
bbf09ddf3be09ad597406583899fa3811231db6a,1408.14,55.31,5.632146351,54000,54000
1150c0b02c435d2bd05e70933f5f12c82e212d8b,1429.27,56.41,5.717779212,54000,54000
adb9650f17520f1de630abc1758e25997263276d,1532.70,60.25,6.109203806,54000,55000
6451625786eb5d39f67be2d1c62644ce7f34ffa3,1526.78,60.08,6.089333127,54000,54000
7d4b14e3520b98caeae5c07e075cf1737ed01044,1527.36,60.12,6.097752104,54000,54000
62bdd1beaee41035965d99c20e517da927bb97ae,1398.12,54.94,5.588965622,54000,55000
1910d72e34452a0eb2c731c82624461d3425d048,1409.83,55.49,5.642276545,54000,54000
56c5c555148b3a2f718ce556363304cab0709374,1423.46,55.98,5.689484853,55000,55000
91305e3955f21e1d3df99a2d6167da46362e7a01,1386.64,54.31,5.551203431,55000,54000
20c189a240e1f863d07a5cf91453cc1c2fdf4823,1542.57,60.54,6.160628040,54000,55000
1d5324e08f236b97fbedbbc09a79924c0f55b6cb,1553.21,61.35,6.193696579,55000,54000
b2c3786228805f8a9e2ed1151e4e33a3bf7e3a70,1407.48,55.01,5.638535552,54000,54000
e7b319806360293e5e66532bb0ec8874ed1a85a1,1551.26,60.86,6.188817024,54000,54000
b7a4382f1a55472e8379796149126f37999731b7,1415.56,55.51,5.666713347,54000,54000
a31c868a871677c50bbe100c83c4f31c94bcda8f,1550.32,60.93,6.188856808,54000,54000
41e45ca5950ecc8f250775a4432948b5910eba45,1527.48,60.23,6.094799568,54000,54000
b2c3786228805f8a9e2ed1151e4e33a3bf7e3a70,1396.33,54.94,5.585696284,55000,55000
68c38853d7568f18ce53363e0b88f91378c00df6,1537.40,60.53,6.131283891,54000,55000
1910d72e34452a0eb2c731c82624461d3425d048,1410.90,55.35,5.637721246,54000,55000
af27037cd8ed239375446bdf78cb9e3d53fcf86f,1422.09,55.83,5.683578518,54000,54000
f8a21d6b7549424a444867157cf5aa569bd53faf,1560.59,61.48,6.230527398,54000,54000
a17b94219fe013d95d09d45d265a9f3eedcf92a8,1540.96,60.65,6.141084287,54000,55000
6451625786eb5d39f67be2d1c62644ce7f34ffa3,1552.32,60.85,6.206593845,54000,55000
0138ac401ae8da2b12fdcbe580b6f73feedd6a6b,1542.38,61.08,6.150897898,54000,55000
4e1d847e4c83052a93c7f49812af917d322756f4,1402.65,55.10,5.609355473,54000,55000
41e45ca5950ecc8f250775a4432948b5910eba45,1529.50,60.58,6.100568725,54000,55000
8a19a006af6553950a995930f2082df154cd5597,1455.49,57.05,5.819868619,54000,55000
8a19a006af6553950a995930f2082df154cd5597,1447.85,56.84,5.798047542,55000,55000
2eb4a413f399f6b79eb34cd51a959d9acdfa1148,1563.01,61.76,6.225537931,54000,54000
d6f37cf1658efd2d80dc19bb2beb86264b9d2887,1401.21,55.01,5.594109944,54000,55000
b8ad84648f7a947fb4f9a15507c4ce0be062c54a,1540.44,60.66,6.143809377,55000,54000
fdc70cbab33a8c5345d1a497a9ce203e8440aba6,1552.64,61.44,6.189001211,54000,55000
a951cb2082086e614d12ce18c3a9bf9333e9a60d,1472.05,57.66,5.884840303,54000,54000
c7cb4b1ef1abeaa8a9923481993ca4aa0b11cde1,1540.26,60.67,6.146901727,54000,55000
52656a25fd35447a1d7490e818a79419441abea4,1393.22,54.92,5.568661487,55000,54000
d6f37cf1658efd2d80dc19bb2beb86264b9d2887,1383.42,54.51,5.525359760,55000,54000
0d04e957d81cc8ead959c2ab65031fb12a9d5d27,1445.51,56.62,5.779983365,54000,55000
ccea5c486b0f6fe1cb43cf7df36d7a94c2496c56,1471.92,57.63,5.890521762,54000,55000
3ea9c83e918ae0684f7457afc7383aa1bfb09071,1470.50,57.62,5.880398652,55000,54000
e8d62f313be55637354b3e0ad69ae807c4d67fb6,1533.39,60.48,6.127939292,55000,55000
c0d4e37d372fe99ab908a4a3afff450859c652e3,1453.12,57.15,5.806365107,55000,55000
c61d10302690b7daa738ebaf07c1f46185dc6e60,1456.55,57.17,5.828493158,56000,54000
4bcfa0ee8d481f29a44c788aa3e3fd8d20a8393e,1420.11,55.63,5.680095026,54000,54000
f087501e178b2ff7d0c60326bd8e069c1237260d,1483.02,58.10,5.929666430,54000,54000
978259170e61de613a57a190ff78e3d9a7d07649,1405.92,55.15,5.620511686,54000,55000
0138ac401ae8da2b12fdcbe580b6f73feedd6a6b,1548.78,61.03,6.184568041,55000,54000
b8ad84648f7a947fb4f9a15507c4ce0be062c54a,1558.10,61.29,6.219066917,54000,55000
a885f084ebb9be660f83cce9aa85ff734ee2023e,1572.23,62.00,6.270019019,54000,54000
c0d4e37d372fe99ab908a4a3afff450859c652e3,1459.30,57.33,5.841235966,54000,54000
68c38853d7568f18ce53363e0b88f91378c00df6,1531.13,60.29,6.104634939,54000,54000
e7b319806360293e5e66532bb0ec8874ed1a85a1,1550.47,61.00,6.184627676,54000,54000
cd6326b39c2477ee5d8a030568a96a95e539fd19,1454.89,57.14,5.820936254,54000,54000
1059dc8dea7ed71565a69a1e788934a5071bd2a3,1467.87,57.43,5.878612370,54000,55000
e6e71118c0a1fcf5c47eefbce67b851318d6216c,1415.09,55.70,5.659836465,54000,54000
a0ce6f065a3e3abd1b832367639f09ea31248420,1551.60,61.29,6.177337333,54000,54000
2b9cfcc54dff7b79afd89be3ecf1a107b8290278,1382.71,54.29,5.523908281,54000,54000
f087501e178b2ff7d0c60326bd8e069c1237260d,1476.81,58.16,5.899494944,54000,54000
dbdc91b2ce8448c5c40ab81dc71b69a8ed6999a6,1409.98,55.43,5.633406206,54000,54000
e8d62f313be55637354b3e0ad69ae807c4d67fb6,1547.66,61.25,6.175839714,54000,54000
609ca31f585d2cf6404a6e77b047d91bb634cfad,1446.41,56.88,5.797761401,54000,54000
8a19a006af6553950a995930f2082df154cd5597,1459.26,57.34,5.842081654,54000,54000
6c8774e0e7cba6ef9eac17c90f81004b9ee79c51,1461.78,57.31,5.857370746,54000,54000
7a7597064d48a7dac9709cd90142f1738f231a13,1461.72,57.25,5.856170996,55000,55000
44233ded92deaa9d35a0118c9cf568732ccbdd44,1446.44,56.98,5.786883345,55000,54000
52656a25fd35447a1d7490e818a79419441abea4,1375.62,53.97,5.506159875,55000,54000
3ea9c83e918ae0684f7457afc7383aa1bfb09071,1449.53,56.83,5.802927630,54000,54000
b7a4382f1a55472e8379796149126f37999731b7,1419.99,55.71,5.673005495,54000,54000
90b6bac2d698b51dc8465508e3b56377c703c622,1534.48,60.32,6.117570962,54000,54000
978259170e61de613a57a190ff78e3d9a7d07649,1405.88,55.27,5.622641267,55000,54000
c61d10302690b7daa738ebaf07c1f46185dc6e60,1448.13,57.03,5.795818446,54000,55000
adb9650f17520f1de630abc1758e25997263276d,1530.08,60.58,6.104192721,54000,54000
dca9510ec9a98d37c3798ee8388f4ba8e954fef4,1408.23,55.32,5.641284561,55000,55000
1838e2888cc9ec3faaf08865f0c7ad9f3067467d,1396.55,55.08,5.571402294,54000,54000
5588e7eb2fc24a265b5650e65d3452774726e86d,1459.04,57.42,5.842585144,55000,55000
f8a21d6b7549424a444867157cf5aa569bd53faf,1536.93,60.71,6.127142506,55000,54000
2b9cfcc54dff7b79afd89be3ecf1a107b8290278,1386.80,54.45,5.547480359,54000,55000
44233ded92deaa9d35a0118c9cf568732ccbdd44,1462.81,57.47,5.851445665,54000,54000
cbfd462693baf7ed51d75508ea8ea9800a8dfae5,1453.24,57.02,5.813558707,54000,54000
7eea23784947d624dacd57776d450c3215b4583f,1542.92,60.66,6.146734427,55000,55000
0a7c9d027afb599101817ed7d06d22b95912de06,1438.29,56.68,5.762109547,54000,55000
56c5c555148b3a2f718ce556363304cab0709374,1408.96,55.54,5.628606364,55000,54000
d13395213eb2b026fe11d5dda3177593ca353ffc,1472.44,57.82,5.890940090,54000,55000
1d5324e08f236b97fbedbbc09a79924c0f55b6cb,1547.88,61.16,6.171005370,54000,54000
51043a829c09e05d1bdb83625c4cd5b0c16fabcb,1448.89,57.00,5.803373141,55000,55000
5dce2374aae6a1af981764a07fb138bbd3eb179d,1553.57,61.37,6.205984893,54000,54000
44233ded92deaa9d35a0118c9cf568732ccbdd44,1463.49,57.68,5.851709185,54000,54000
dca9510ec9a98d37c3798ee8388f4ba8e954fef4,1421.84,55.51,5.688642330,54000,55000
d8611587abc5571f0284490e7fc403871eb0944d,1444.27,56.86,5.793161656,54000,54000
37845b13ccfe3508068318906a6d8df31641a363,1449.21,56.96,5.795944281,54000,54000
978259170e61de613a57a190ff78e3d9a7d07649,1411.35,55.41,5.653066020,54000,54000
1838e2888cc9ec3faaf08865f0c7ad9f3067467d,1391.08,54.84,5.559001872,54000,54000
18f738f8caadcb015ef9ccb323dfc4bf3cbc71ac,1477.88,58.05,5.916439720,54000,54000
dbdc91b2ce8448c5c40ab81dc71b69a8ed6999a6,1405.48,55.16,5.620261089,54000,54000
e6e71118c0a1fcf5c47eefbce67b851318d6216c,1416.20,55.52,5.667965547,54000,54000
107a8b44f8e04650b0b4989912f2ccda6619c031,1425.32,55.98,5.708278763,55000,54000
ccea5c486b0f6fe1cb43cf7df36d7a94c2496c56,1487.31,58.44,5.938413145,54000,54000
e7b319806360293e5e66532bb0ec8874ed1a85a1,1535.82,60.45,6.135411778,54000,54000
20c189a240e1f863d07a5cf91453cc1c2fdf4823,1546.23,60.79,6.172401184,55000,55000
ce6c1b13e5a0d86acd6b3db9eb73479e33eaf851,1394.29,54.74,5.570280015,54000,54000
7e7434b0ee4acd59d8f57a55bebc692c62f06190,1526.48,59.96,6.088430504,55000,54000
91305e3955f21e1d3df99a2d6167da46362e7a01,1399.76,54.79,5.602579877,54000,54000
c7cb4b1ef1abeaa8a9923481993ca4aa0b11cde1,1536.52,60.60,6.136546089,54000,54000
ccea5c486b0f6fe1cb43cf7df36d7a94c2496c56,1465.19,57.57,5.861249347,54000,54000
2eb4a413f399f6b79eb34cd51a959d9acdfa1148,1581.46,62.29,6.308730684,54000,54000
5dce2374aae6a1af981764a07fb138bbd3eb179d,1542.10,60.59,6.154495546,54000,54000
957b3dda6ab2f4bf7e6a87fa10577622bbfebee0,1449.67,56.55,5.798038065,54000,54000
a17b94219fe013d95d09d45d265a9f3eedcf92a8,1546.39,60.68,6.164180555,54000,54000
bbf09ddf3be09ad597406583899fa3811231db6a,1407.36,55.05,5.626803636,54000,54000
e538564debacb8a6bffa626f191e8959d48c6797,1461.08,57.50,5.846313744,55000,55000
cd6326b39c2477ee5d8a030568a96a95e539fd19,1471.85,57.94,5.883611794,54000,54000
4178749479dcc5853399f2b9689ce06e51494984,1399.76,54.94,5.593784412,54000,54000
90b6bac2d698b51dc8465508e3b56377c703c622,1535.39,60.62,6.129850170,55000,55000
494d4bc425a8c2859dbef0bd55a4006c6bc72536,1455.58,57.12,5.823327144,54000,55000
e538564debacb8a6bffa626f191e8959d48c6797,1457.86,57.30,5.828986876,54000,54000
4d61451a34ce5f4501567b81f71dac980e653762,1424.74,55.89,5.691242482,55000,54000
68c38853d7568f18ce53363e0b88f91378c00df6,1542.82,60.60,6.153182474,54000,54000
f087501e178b2ff7d0c60326bd8e069c1237260d,1487.17,58.47,5.938125850,54000,54000
a31c868a871677c50bbe100c83c4f31c94bcda8f,1567.96,61.80,6.241231488,54000,54000
6d27d3e0f12f0141447f1070a54a93f02fe4042a,1404.28,55.13,5.618991369,54000,54000
91305e3955f21e1d3df99a2d6167da46362e7a01,1416.68,55.40,5.670296836,55000,54000
e6e71118c0a1fcf5c47eefbce67b851318d6216c,1414.53,55.64,5.657536707,54000,54000
e538564debacb8a6bffa626f191e8959d48c6797,1447.94,56.96,5.797777252,55000,55000
f087501e178b2ff7d0c60326bd8e069c1237260d,1466.12,57.80,5.869900047,54000,54000
3ea9c83e918ae0684f7457afc7383aa1bfb09071,1459.46,57.19,5.839445345,55000,54000
c0d4e37d372fe99ab908a4a3afff450859c652e3,1456.04,56.94,5.827374519,55000,54000
dd8b743094c466efa954ebcc00276c09bba36ca2,1442.77,56.77,5.779930637,54000,55000
f8a21d6b7549424a444867157cf5aa569bd53faf,1526.43,60.04,6.085905752,54000,54000
0138ac401ae8da2b12fdcbe580b6f73feedd6a6b,1550.46,61.11,6.186420318,55000,54000
fea6020b3d1e6d546f78cab6962cad780f8a11da,1407.85,55.40,5.620950686,54000,55000
21696e5fe73093fd8a5bd42e0c40f0a5a6ce27bf,1554.53,61.41,6.204571039,54000,54000
d8611587abc5571f0284490e7fc403871eb0944d,1441.50,56.48,5.766279512,55000,54000
5dce2374aae6a1af981764a07fb138bbd3eb179d,1583.98,62.79,6.320303648,55000,54000
c0d4e37d372fe99ab908a4a3afff450859c652e3,1450.45,56.99,5.807066200,54000,55000
fdc70cbab33a8c5345d1a497a9ce203e8440aba6,1526.82,60.17,6.089908025,55000,55000
a40a918f208350e233527254e9053b30a8d80eda,1540.13,60.83,6.145673246,55000,54000
4178749479dcc5853399f2b9689ce06e51494984,1405.79,55.42,5.626754538,55000,55000
56c5c555148b3a2f718ce556363304cab0709374,1434.99,56.29,5.743038043,55000,54000
dd8b743094c466efa954ebcc00276c09bba36ca2,1465.49,57.70,5.865069068,54000,55000
d8611587abc5571f0284490e7fc403871eb0944d,1472.11,57.66,5.892798980,55000,55000
b7a4382f1a55472e8379796149126f37999731b7,1410.48,55.65,5.639840703,55000,55000
dd8b743094c466efa954ebcc00276c09bba36ca2,1454.85,57.18,5.820666624,55000,56000
21696e5fe73093fd8a5bd42e0c40f0a5a6ce27bf,1566.09,61.73,6.260012909,54000,55000
7eea23784947d624dacd57776d450c3215b4583f,1571.78,61.99,6.258687489,55000,54000
fdc70cbab33a8c5345d1a497a9ce203e8440aba6,1532.77,60.50,6.110440499,55000,55000
64e2f833104ef190de3255981015e2af97da257f,1476.83,58.26,5.907873290,54000,55000
56c5c555148b3a2f718ce556363304cab0709374,1396.48,54.93,5.587011718,55000,55000
0a7c9d027afb599101817ed7d06d22b95912de06,1446.49,56.73,5.785099286,55000,55000
d8611587abc5571f0284490e7fc403871eb0944d,1452.87,56.93,5.810161314,54000,56000
957b3dda6ab2f4bf7e6a87fa10577622bbfebee0,1437.99,56.18,5.771033144,55000,54000
3ea9c83e918ae0684f7457afc7383aa1bfb09071,1463.45,57.42,5.864386667,55000,55000
4d61451a34ce5f4501567b81f71dac980e653762,1420.38,55.84,5.672732250,56000,55000
a40a918f208350e233527254e9053b30a8d80eda,1534.06,60.39,6.116705519,55000,55000
960908c60bb2d39cee35b175a56138bed390674c,1404.62,55.27,5.612453365,55000,54000
a40a918f208350e233527254e9053b30a8d80eda,1554.98,61.26,6.196680859,55000,54000
d8611587abc5571f0284490e7fc403871eb0944d,1468.91,57.65,5.869828713,54000,54000
351a68da90ba0dd644af9d20f0a6aac7456a6d13,1408.35,55.23,5.634338907,55000,55000
4178749479dcc5853399f2b9689ce06e51494984,1415.87,55.58,5.664226145,54000,55000
7d4b14e3520b98caeae5c07e075cf1737ed01044,1548.81,61.14,6.174410853,55000,54000
e8d62f313be55637354b3e0ad69ae807c4d67fb6,1556.00,61.05,6.209854742,55000,54000
b8ad84648f7a947fb4f9a15507c4ce0be062c54a,1553.55,61.53,6.204756674,54000,55000
107a8b44f8e04650b0b4989912f2ccda6619c031,1431.72,56.62,5.722761486,55000,54000
1838e2888cc9ec3faaf08865f0c7ad9f3067467d,1389.52,54.82,5.539152929,54000,54000
489121b21f18fd72e0d9f4b53fd8e301f842f83b,1400.82,54.91,5.605625395,54000,55000
494d4bc425a8c2859dbef0bd55a4006c6bc72536,1470.88,57.68,5.884429091,54000,54000
fea6020b3d1e6d546f78cab6962cad780f8a11da,1416.85,55.72,5.659223715,54000,55000
5233ac61b62e943f4e983e502e5bd0b032f2c2e6,1393.37,54.90,5.558772731,54000,55000
c61d10302690b7daa738ebaf07c1f46185dc6e60,1436.07,56.77,5.744095399,55000,54000
1d5324e08f236b97fbedbbc09a79924c0f55b6cb,1560.19,61.90,6.213439732,54000,54000
1838e2888cc9ec3faaf08865f0c7ad9f3067467d,1389.27,54.83,5.538307667,54000,54000
e7e2b518cd8d5c57e6ace7a005af6ae8b2edaf50,1397.78,55.02,5.593884948,55000,54000
41e45ca5950ecc8f250775a4432948b5910eba45,1519.50,59.83,6.057766016,54000,55000
64e2f833104ef190de3255981015e2af97da257f,1472.81,58.03,5.891153224,55000,54000
5a248637415c5e219ba0142ea7f1b066a9ebd25f,1422.67,55.79,5.696928994,54000,55000
0a7c9d027afb599101817ed7d06d22b95912de06,1463.74,57.50,5.848086067,54000,54000
4178749479dcc5853399f2b9689ce06e51494984,1400.44,54.77,5.605184307,54000,54000
489121b21f18fd72e0d9f4b53fd8e301f842f83b,1418.53,55.41,5.677580538,55000,54000
2eb4a413f399f6b79eb34cd51a959d9acdfa1148,1536.13,60.60,6.125212187,54000,55000
a17b94219fe013d95d09d45d265a9f3eedcf92a8,1547.62,61.05,6.170691109,54000,54000
91305e3955f21e1d3df99a2d6167da46362e7a01,1423.61,55.98,5.706188373,54000,54000
6451625786eb5d39f67be2d1c62644ce7f34ffa3,1555.73,61.58,6.201020613,55000,54000
609ca31f585d2cf6404a6e77b047d91bb634cfad,1461.21,57.51,5.851526489,54000,54000
52656a25fd35447a1d7490e818a79419441abea4,1400.63,55.19,5.616932248,55000,54000
957b3dda6ab2f4bf7e6a87fa10577622bbfebee0,1450.42,57.00,5.810623111,54000,54000
fdc70cbab33a8c5345d1a497a9ce203e8440aba6,1582.47,62.63,6.307249531,54000,54000
5233ac61b62e943f4e983e502e5bd0b032f2c2e6,1387.44,54.66,5.552276930,54000,54000
6688d3b99b6bac78c3ccc01b9be87e4b78360206,1434.83,56.11,5.760622065,55000,54000
a40a918f208350e233527254e9053b30a8d80eda,1542.09,60.85,6.154198754,54000,54000
b46d90a1eb5269ebfabae58c9229db455685fe80,1465.66,57.56,5.872398345,54000,55000
3b3043e3e25a3410bd9c2243f30d6e26926bc646,1448.79,56.72,5.808175324,55000,54000
64e2f833104ef190de3255981015e2af97da257f,1479.78,58.10,5.938841884,54000,54000
64e2f833104ef190de3255981015e2af97da257f,1462.16,57.37,5.847477684,54000,54000
5ebd5b32a6a8cbcebd5303dfd7f4f7b0b173bc53,1411.75,55.28,5.645240655,54000,54000
d13395213eb2b026fe11d5dda3177593ca353ffc,1457.54,57.34,5.831032040,54000,54000
dca9510ec9a98d37c3798ee8388f4ba8e954fef4,1399.25,55.03,5.603592230,54000,54000
c0d4e37d372fe99ab908a4a3afff450859c652e3,1456.29,57.08,5.834032437,54000,55000
52be12c072df48763c890dca2cb916f9f7a529f9,1403.39,55.08,5.614979723,55000,54000
1059dc8dea7ed71565a69a1e788934a5071bd2a3,1448.96,56.92,5.805040058,54000,54000
f087501e178b2ff7d0c60326bd8e069c1237260d,1466.95,58.00,5.855514588,54000,55000
5a248637415c5e219ba0142ea7f1b066a9ebd25f,1413.09,55.38,5.664239582,56000,55000
21696e5fe73093fd8a5bd42e0c40f0a5a6ce27bf,1530.37,60.13,6.123411905,55000,54000
37845b13ccfe3508068318906a6d8df31641a363,1486.69,58.31,5.944997047,55000,54000
b2c3786228805f8a9e2ed1151e4e33a3bf7e3a70,1427.89,56.00,5.709056001,54000,54000
7a7597064d48a7dac9709cd90142f1738f231a13,1457.44,57.25,5.831653025,54000,54000
a40a918f208350e233527254e9053b30a8d80eda,1534.45,60.63,6.120047917,54000,54000
d13395213eb2b026fe11d5dda3177593ca353ffc,1444.65,56.56,5.790215608,54000,55000
56b1c644bbc0df9606572680781b8b89a7355cd8,1439.27,56.13,5.761309726,54000,54000
2eb4a413f399f6b79eb34cd51a959d9acdfa1148,1558.85,61.46,6.220512512,54000,54000
4ec362d123f57e4fffb8be6032da3382847a41e9,1428.97,56.20,5.703456557,54000,54000
68c38853d7568f18ce53363e0b88f91378c00df6,1567.97,62.05,6.240509686,54000,54000
1838e2888cc9ec3faaf08865f0c7ad9f3067467d,1410.18,55.78,5.629339856,54000,54000
fea6020b3d1e6d546f78cab6962cad780f8a11da,1444.80,56.79,5.773044282,54000,54000
dbdc91b2ce8448c5c40ab81dc71b69a8ed6999a6,1415.20,55.73,5.646134238,54000,55000
0a7c9d027afb599101817ed7d06d22b95912de06,1453.49,57.07,5.809459258,54000,54000
90b6bac2d698b51dc8465508e3b56377c703c622,1551.98,61.22,6.193480091,54000,54000
44233ded92deaa9d35a0118c9cf568732ccbdd44,1461.62,57.34,5.845276056,54000,54000
4bcfa0ee8d481f29a44c788aa3e3fd8d20a8393e,1409.42,55.32,5.638785137,54000,54000
dbdc91b2ce8448c5c40ab81dc71b69a8ed6999a6,1440.57,56.69,5.744643557,54000,54000
ccea5c486b0f6fe1cb43cf7df36d7a94c2496c56,1466.54,57.55,5.863087709,54000,54000
107a8b44f8e04650b0b4989912f2ccda6619c031,1411.67,55.33,5.647175807,54000,54000
d6f37cf1658efd2d80dc19bb2beb86264b9d2887,1409.39,55.34,5.628867194,54000,54000
e6e71118c0a1fcf5c47eefbce67b851318d6216c,1426.30,55.96,5.701552341,54000,54000
5a248637415c5e219ba0142ea7f1b066a9ebd25f,1403.37,55.11,5.606910923,54000,54000
e8d62f313be55637354b3e0ad69ae807c4d67fb6,1530.51,60.17,6.093489917,54000,54000
107a8b44f8e04650b0b4989912f2ccda6619c031,1414.20,55.32,5.643078295,54000,54000
1150c0b02c435d2bd05e70933f5f12c82e212d8b,1417.14,55.64,5.669910863,54000,54000
489121b21f18fd72e0d9f4b53fd8e301f842f83b,1414.01,55.34,5.652153764,54000,55000
dd8b743094c466efa954ebcc00276c09bba36ca2,1467.55,57.46,5.863058346,54000,54000
fdc70cbab33a8c5345d1a497a9ce203e8440aba6,1555.92,61.43,6.190174052,54000,54000
5ebd5b32a6a8cbcebd5303dfd7f4f7b0b173bc53,1411.85,55.45,5.627506850,54000,54000
3b3043e3e25a3410bd9c2243f30d6e26926bc646,1457.85,56.78,5.831742665,55000,54000
20c189a240e1f863d07a5cf91453cc1c2fdf4823,1539.69,60.67,6.133464819,54000,55000
a40a918f208350e233527254e9053b30a8d80eda,1535.03,60.37,6.116179718,54000,54000
7a7597064d48a7dac9709cd90142f1738f231a13,1449.26,56.76,5.797543881,54000,54000
7eea23784947d624dacd57776d450c3215b4583f,1547.25,60.98,6.168941144,54000,55000
91305e3955f21e1d3df99a2d6167da46362e7a01,1419.49,55.73,5.677766547,54000,55000
c61d10302690b7daa738ebaf07c1f46185dc6e60,1451.30,56.93,5.815345416,55000,54000
5588e7eb2fc24a265b5650e65d3452774726e86d,1458.80,57.36,5.827576959,54000,55000
4ec362d123f57e4fffb8be6032da3382847a41e9,1414.82,55.83,5.646221721,54000,54000
52656a25fd35447a1d7490e818a79419441abea4,1412.22,55.34,5.646482666,55000,55000
7eea23784947d624dacd57776d450c3215b4583f,1532.45,60.42,6.105638002,55000,54000
351a68da90ba0dd644af9d20f0a6aac7456a6d13,1426.98,55.92,5.713428543,54000,54000
b7a4382f1a55472e8379796149126f37999731b7,1449.67,57.15,5.790430761,55000,54000
3ea9c83e918ae0684f7457afc7383aa1bfb09071,1456.87,57.27,5.826208852,54000,54000
489121b21f18fd72e0d9f4b53fd8e301f842f83b,1412.18,55.59,5.649418711,54000,55000
52656a25fd35447a1d7490e818a79419441abea4,1389.72,54.55,5.574921838,54000,55000
1150c0b02c435d2bd05e70933f5f12c82e212d8b,1411.67,55.54,5.647237924,54000,54000
7d4b14e3520b98caeae5c07e075cf1737ed01044,1525.28,60.23,6.098419061,54000,55000
4178749479dcc5853399f2b9689ce06e51494984,1404.39,55.03,5.615118760,54000,54000
c7cb4b1ef1abeaa8a9923481993ca4aa0b11cde1,1553.87,61.31,6.209420823,55000,54000
b46d90a1eb5269ebfabae58c9229db455685fe80,1477.81,58.08,5.916053020,54000,55000
cea55f7a4c53f6b4166f2bbf342a823c23d4dba8,1432.54,56.52,5.720867143,54000,54000
1059dc8dea7ed71565a69a1e788934a5071bd2a3,1450.58,56.78,5.800848177,54000,54000
e7b319806360293e5e66532bb0ec8874ed1a85a1,1546.27,61.14,6.168669646,54000,55000
1d5324e08f236b97fbedbbc09a79924c0f55b6cb,1534.37,60.57,6.108419503,54000,54000
b2c3786228805f8a9e2ed1151e4e33a3bf7e3a70,1412.78,55.76,5.648689209,54000,54000
c61d10302690b7daa738ebaf07c1f46185dc6e60,1440.89,56.63,5.769924167,54000,54000
56b1c644bbc0df9606572680781b8b89a7355cd8,1443.60,56.52,5.775900256,54000,54000
52be12c072df48763c890dca2cb916f9f7a529f9,1403.22,55.13,5.616608218,54000,55000
e8d62f313be55637354b3e0ad69ae807c4d67fb6,1512.90,59.63,6.039138280,55000,54000
6688d3b99b6bac78c3ccc01b9be87e4b78360206,1481.87,57.97,5.938435176,54000,55000
44233ded92deaa9d35a0118c9cf568732ccbdd44,1456.99,57.19,5.825623018,54000,54000
0d04e957d81cc8ead959c2ab65031fb12a9d5d27,1448.91,57.07,5.794235303,54000,54000
4d61451a34ce5f4501567b81f71dac980e653762,1418.47,55.81,5.669116108,54000,54000
a40a918f208350e233527254e9053b30a8d80eda,1547.12,60.93,6.164919281,54000,55000
90b6bac2d698b51dc8465508e3b56377c703c622,1553.85,61.34,6.196685153,54000,55000
3ea9c83e918ae0684f7457afc7383aa1bfb09071,1457.92,57.20,5.829137745,54000,54000
5ebd5b32a6a8cbcebd5303dfd7f4f7b0b173bc53,1414.10,55.58,5.638830677,55000,54000
7a7597064d48a7dac9709cd90142f1738f231a13,1454.34,57.01,5.820222161,54000,54000
1910d72e34452a0eb2c731c82624461d3425d048,1422.98,55.84,5.681532391,54000,54000
ce6c1b13e5a0d86acd6b3db9eb73479e33eaf851,1410.54,55.58,5.637732926,54000,55000
a40a918f208350e233527254e9053b30a8d80eda,1555.07,61.16,6.194256191,54000,54000
a40a918f208350e233527254e9053b30a8d80eda,1555.53,61.26,6.197327497,54000,54000
56b1c644bbc0df9606572680781b8b89a7355cd8,1442.75,56.47,5.772828079,55000,54000
0a7c9d027afb599101817ed7d06d22b95912de06,1441.51,56.80,5.761209190,54000,54000
6c8774e0e7cba6ef9eac17c90f81004b9ee79c51,1453.90,57.30,5.818566755,54000,54000
1910d72e34452a0eb2c731c82624461d3425d048,1419.73,55.89,5.666851425,54000,54000
1059dc8dea7ed71565a69a1e788934a5071bd2a3,1459.20,57.34,5.829134208,54000,54000
1150c0b02c435d2bd05e70933f5f12c82e212d8b,1396.52,54.64,5.576417959,54000,54000
4d61451a34ce5f4501567b81f71dac980e653762,1432.72,56.36,5.728177273,54000,54000
bbf09ddf3be09ad597406583899fa3811231db6a,1415.04,55.50,5.657409474,54000,54000
8a19a006af6553950a995930f2082df154cd5597,1450.29,57.14,5.794063258,54000,55000
b8ad84648f7a947fb4f9a15507c4ce0be062c54a,1561.78,61.54,6.222937404,54000,55000
4178749479dcc5853399f2b9689ce06e51494984,1397.70,54.85,5.583327886,55000,54000
e8d62f313be55637354b3e0ad69ae807c4d67fb6,1530.28,60.22,6.088408230,54000,54000
762ba741dc550cea2b64869483bc9ec53c16fb06,1551.71,61.24,6.177868244,54000,54000
e7e2b518cd8d5c57e6ace7a005af6ae8b2edaf50,1411.70,55.44,5.635029785,54000,54000
dbdc91b2ce8448c5c40ab81dc71b69a8ed6999a6,1415.62,55.74,5.647636448,54000,54000
351a68da90ba0dd644af9d20f0a6aac7456a6d13,1407.44,55.09,5.633524274,54000,54000
ccea5c486b0f6fe1cb43cf7df36d7a94c2496c56,1478.86,58.16,5.899377775,54000,55000
4ec362d123f57e4fffb8be6032da3382847a41e9,1410.37,55.37,5.636218084,54000,54000
6451625786eb5d39f67be2d1c62644ce7f34ffa3,1532.69,60.46,6.108825612,54000,54000
a951cb2082086e614d12ce18c3a9bf9333e9a60d,1455.42,57.23,5.820166213,55000,55000
f087501e178b2ff7d0c60326bd8e069c1237260d,1478.29,58.18,5.898496321,55000,55000
b7a4382f1a55472e8379796149126f37999731b7,1430.49,56.38,5.707344559,55000,54000
c7cb4b1ef1abeaa8a9923481993ca4aa0b11cde1,1556.09,61.31,6.202161041,54000,55000
6c8774e0e7cba6ef9eac17c90f81004b9ee79c51,1445.06,56.92,5.789603313,54000,54000
e538564debacb8a6bffa626f191e8959d48c6797,1439.89,56.50,5.769268768,55000,55000
5ebd5b32a6a8cbcebd5303dfd7f4f7b0b173bc53,1427.93,56.10,5.709056504,55000,54000
53be6ff83e942046cf6511e652f71831d0343a83,1547.75,61.20,6.174055666,54000,54000
a951cb2082086e614d12ce18c3a9bf9333e9a60d,1482.34,58.20,5.946755953,54000,54000
c61d10302690b7daa738ebaf07c1f46185dc6e60,1454.20,57.17,5.819877669,55000,54000
489121b21f18fd72e0d9f4b53fd8e301f842f83b,1409.64,55.36,5.640637200,54000,55000
f8a21d6b7549424a444867157cf5aa569bd53faf,1534.27,60.58,6.123856758,54000,54000
960908c60bb2d39cee35b175a56138bed390674c,1424.00,56.08,5.693330828,54000,54000
6c8774e0e7cba6ef9eac17c90f81004b9ee79c51,1438.90,56.56,5.764687562,54000,54000
a885f084ebb9be660f83cce9aa85ff734ee2023e,1553.27,61.66,6.194413004,54000,55000
a17b94219fe013d95d09d45d265a9f3eedcf92a8,1539.03,60.80,6.145377877,54000,54000
44233ded92deaa9d35a0118c9cf568732ccbdd44,1461.45,57.26,5.852194691,55000,54000
5a339aaeebae4084a4907243ae10bf19c64d5317,1479.32,58.43,5.917182305,56000,55000
cbfd462693baf7ed51d75508ea8ea9800a8dfae5,1448.37,57.08,5.798905020,55000,54000
51043a829c09e05d1bdb83625c4cd5b0c16fabcb,1460.53,57.39,5.844852883,54000,54000
6c8774e0e7cba6ef9eac17c90f81004b9ee79c51,1444.17,56.63,5.789874178,54000,54000
978259170e61de613a57a190ff78e3d9a7d07649,1395.40,54.55,5.585957484,54000,54000
762ba741dc550cea2b64869483bc9ec53c16fb06,1543.71,61.09,6.158855730,54000,54000
762ba741dc550cea2b64869483bc9ec53c16fb06,1578.19,62.10,6.304320342,54000,55000
960908c60bb2d39cee35b175a56138bed390674c,1422.84,56.30,5.697920094,55000,54000
4f4ae9203b992eb032cc4923d615006298952651,1409.81,55.46,5.633867082,54000,54000
e7e2b518cd8d5c57e6ace7a005af6ae8b2edaf50,1396.04,54.85,5.583303908,54000,54000
af27037cd8ed239375446bdf78cb9e3d53fcf86f,1412.37,55.58,5.660612702,55000,54000
609ca31f585d2cf6404a6e77b047d91bb634cfad,1450.97,57.05,5.809636453,54000,54000
1150c0b02c435d2bd05e70933f5f12c82e212d8b,1386.00,54.39,5.558532340,55000,54000
fea6020b3d1e6d546f78cab6962cad780f8a11da,1405.94,55.24,5.620312542,54000,54000
4d524e387ff908043ef72fa37f3ed613cdd39e69,1432.55,56.58,5.724345091,55000,54000
af27037cd8ed239375446bdf78cb9e3d53fcf86f,1416.91,55.72,5.663055023,55000,54000
1838e2888cc9ec3faaf08865f0c7ad9f3067467d,1428.06,56.36,5.704310821,55000,54000
0d04e957d81cc8ead959c2ab65031fb12a9d5d27,1439.43,56.71,5.773619702,54000,55000
4e1d847e4c83052a93c7f49812af917d322756f4,1422.35,56.12,5.701028624,54000,54000
2eb4a413f399f6b79eb34cd51a959d9acdfa1148,1538.80,60.77,6.139249979,54000,54000
52656a25fd35447a1d7490e818a79419441abea4,1390.71,54.69,5.559708973,54000,54000
489121b21f18fd72e0d9f4b53fd8e301f842f83b,1388.12,54.73,5.558249174,54000,54000
b8ad84648f7a947fb4f9a15507c4ce0be062c54a,1544.54,61.12,6.161240598,54000,54000
7eea23784947d624dacd57776d450c3215b4583f,1547.94,61.07,6.181990700,54000,54000
6eadc178b68c20a1a074d2f0e8486c70eee8ecd1,1542.33,60.76,6.160999295,55000,54000
cd6326b39c2477ee5d8a030568a96a95e539fd19,1444.26,56.70,5.781162164,54000,54000
e6e71118c0a1fcf5c47eefbce67b851318d6216c,1398.21,54.84,5.591473285,54000,54000
52be12c072df48763c890dca2cb916f9f7a529f9,1418.80,55.69,5.681391648,54000,54000
c7cb4b1ef1abeaa8a9923481993ca4aa0b11cde1,1546.54,60.89,6.180288856,54000,54000
52be12c072df48763c890dca2cb916f9f7a529f9,1406.16,55.13,5.619561936,54000,54000
a17b94219fe013d95d09d45d265a9f3eedcf92a8,1562.40,61.50,6.237632002,54000,54000
cea55f7a4c53f6b4166f2bbf342a823c23d4dba8,1424.16,56.09,5.712734704,54000,54000
52656a25fd35447a1d7490e818a79419441abea4,1400.20,54.93,5.592664590,54000,54000
4d524e387ff908043ef72fa37f3ed613cdd39e69,1415.02,55.70,5.653814542,55000,55000
1059dc8dea7ed71565a69a1e788934a5071bd2a3,1458.92,57.16,5.841463003,54000,54000
44233ded92deaa9d35a0118c9cf568732ccbdd44,1456.33,57.11,5.822947499,54000,54000
e7b319806360293e5e66532bb0ec8874ed1a85a1,1538.61,60.63,6.134447538,54000,54000
41e45ca5950ecc8f250775a4432948b5910eba45,1525.90,59.98,6.085278092,54000,54000
56b1c644bbc0df9606572680781b8b89a7355cd8,1458.98,57.26,5.849984337,54000,54000
a17b94219fe013d95d09d45d265a9f3eedcf92a8,1547.30,60.92,6.167942588,54000,54000
21696e5fe73093fd8a5bd42e0c40f0a5a6ce27bf,1560.16,61.40,6.234506865,54000,54000
56b1c644bbc0df9606572680781b8b89a7355cd8,1437.16,56.43,5.754524097,54000,54000
6d27d3e0f12f0141447f1070a54a93f02fe4042a,1420.52,55.63,5.692838673,54000,55000
cbfd462693baf7ed51d75508ea8ea9800a8dfae5,1456.30,57.14,5.832720819,54000,54000
6451625786eb5d39f67be2d1c62644ce7f34ffa3,1521.70,59.97,6.072393207,54000,54000
c7cb4b1ef1abeaa8a9923481993ca4aa0b11cde1,1527.83,60.26,6.116093056,55000,55000
0d04e957d81cc8ead959c2ab65031fb12a9d5d27,1440.91,56.72,5.778559713,55000,54000
52656a25fd35447a1d7490e818a79419441abea4,1394.13,54.93,5.584130981,54000,54000
6451625786eb5d39f67be2d1c62644ce7f34ffa3,1547.54,61.22,6.177936941,54000,54000
c0d4e37d372fe99ab908a4a3afff450859c652e3,1467.79,57.80,5.881489421,54000,54000
a885f084ebb9be660f83cce9aa85ff734ee2023e,1555.03,61.37,6.221936834,54000,54000
1910d72e34452a0eb2c731c82624461d3425d048,1417.95,55.87,5.670812997,54000,54000
f8a21d6b7549424a444867157cf5aa569bd53faf,1548.83,61.12,6.186570025,55000,55000
b7a4382f1a55472e8379796149126f37999731b7,1414.05,55.85,5.651805246,54000,54000
68c38853d7568f18ce53363e0b88f91378c00df6,1532.03,60.29,6.119162893,54000,54000
f8a21d6b7549424a444867157cf5aa569bd53faf,1539.43,60.76,6.150492772,54000,54000
a17b94219fe013d95d09d45d265a9f3eedcf92a8,1528.22,60.51,6.106381784,55000,55000
c0d4e37d372fe99ab908a4a3afff450859c652e3,1457.20,57.46,5.835045864,54000,55000
b7a4382f1a55472e8379796149126f37999731b7,1428.48,56.40,5.710163469,54000,54000
3e80ca34a9a562ddbbb717e989d1c89b3f39171d,1517.33,60.22,6.056220894,54000,54000
cbfd462693baf7ed51d75508ea8ea9800a8dfae5,1453.13,57.33,5.830652258,54000,54000
91305e3955f21e1d3df99a2d6167da46362e7a01,1397.30,54.79,5.596593104,54000,54000
762ba741dc550cea2b64869483bc9ec53c16fb06,1557.59,61.68,6.223621725,54000,54000
5a339aaeebae4084a4907243ae10bf19c64d5317,1472.93,58.03,5.896470218,54000,54000
0a7c9d027afb599101817ed7d06d22b95912de06,1439.42,56.89,5.766167162,54000,54000
5588e7eb2fc24a265b5650e65d3452774726e86d,1440.80,56.84,5.777600721,54000,54000
bbf09ddf3be09ad597406583899fa3811231db6a,1411.67,55.72,5.651400387,54000,54000
3ea9c83e918ae0684f7457afc7383aa1bfb09071,1449.87,56.97,5.811632630,54000,54000
21696e5fe73093fd8a5bd42e0c40f0a5a6ce27bf,1542.59,61.06,6.168735973,54000,54000
978259170e61de613a57a190ff78e3d9a7d07649,1392.59,54.61,5.585508630,54000,54000
1838e2888cc9ec3faaf08865f0c7ad9f3067467d,1395.94,55.19,5.592191214,54000,54000
dca9510ec9a98d37c3798ee8388f4ba8e954fef4,1382.62,54.56,5.540642214,54000,55000
6451625786eb5d39f67be2d1c62644ce7f34ffa3,1555.49,61.42,6.212853722,54000,54000
1910d72e34452a0eb2c731c82624461d3425d048,1415.16,56.04,5.662746410,54000,54000
a0ce6f065a3e3abd1b832367639f09ea31248420,1550.97,61.37,6.185705274,54000,54000
b2c3786228805f8a9e2ed1151e4e33a3bf7e3a70,1411.65,55.41,5.653067686,54000,54000
c0d4e37d372fe99ab908a4a3afff450859c652e3,1456.13,57.46,5.836228472,54000,54000
b2c3786228805f8a9e2ed1151e4e33a3bf7e3a70,1426.30,56.27,5.705022735,55000,54000
4bcfa0ee8d481f29a44c788aa3e3fd8d20a8393e,1407.03,55.40,5.635310557,54000,54000
6eadc178b68c20a1a074d2f0e8486c70eee8ecd1,1529.92,60.55,6.103171627,54000,54000
d13395213eb2b026fe11d5dda3177593ca353ffc,1439.56,56.70,5.776791082,54000,54000
44233ded92deaa9d35a0118c9cf568732ccbdd44,1448.29,56.99,5.809276443,54000,54000
7a7597064d48a7dac9709cd90142f1738f231a13,1447.78,56.92,5.794762501,54000,53000
ce6c1b13e5a0d86acd6b3db9eb73479e33eaf851,1375.48,54.26,5.510264359,54000,54000
a0ce6f065a3e3abd1b832367639f09ea31248420,1539.49,60.57,6.150148703,54000,54000
4d61451a34ce5f4501567b81f71dac980e653762,1427.77,56.17,5.713819093,54000,54000
7d4b14e3520b98caeae5c07e075cf1737ed01044,1550.13,61.36,6.190307896,54000,54000
3b3043e3e25a3410bd9c2243f30d6e26926bc646,1446.45,56.62,5.799264232,54000,54000
91305e3955f21e1d3df99a2d6167da46362e7a01,1402.47,55.22,5.628037914,54000,54000
a17b94219fe013d95d09d45d265a9f3eedcf92a8,1545.88,60.86,6.175361336,54000,54000
20c189a240e1f863d07a5cf91453cc1c2fdf4823,1528.32,60.54,6.112474423,54000,54000
56c5c555148b3a2f718ce556363304cab0709374,1398.50,54.95,5.607111349,54000,54000
90b6bac2d698b51dc8465508e3b56377c703c622,1540.96,60.88,6.167918030,54000,54000
4e1d847e4c83052a93c7f49812af917d322756f4,1429.60,56.28,5.725454041,54000,54000
0d04e957d81cc8ead959c2ab65031fb12a9d5d27,1444.19,56.65,5.785783769,54000,54000
dd8b743094c466efa954ebcc00276c09bba36ca2,1458.29,57.47,5.846407249,54000,54000
37845b13ccfe3508068318906a6d8df31641a363,1464.04,57.85,5.865745677,54000,55000
3ea9c83e918ae0684f7457afc7383aa1bfb09071,1458.74,57.57,5.851929649,54000,54000
a885f084ebb9be660f83cce9aa85ff734ee2023e,1551.44,61.65,6.197734833,54000,54000
2eb4a413f399f6b79eb34cd51a959d9acdfa1148,1529.00,60.48,6.118678111,54000,54000
f8a21d6b7549424a444867157cf5aa569bd53faf,1568.72,62.00,6.276839469,54000,54000
b46d90a1eb5269ebfabae58c9229db455685fe80,1464.17,57.83,5.871604675,54000,54000
1910d72e34452a0eb2c731c82624461d3425d048,1408.19,55.71,5.630634901,55000,54000
b2c3786228805f8a9e2ed1151e4e33a3bf7e3a70,1401.89,55.10,5.612080891,54000,54000
53be6ff83e942046cf6511e652f71831d0343a83,1527.95,60.36,6.097789595,54000,54000
e6e71118c0a1fcf5c47eefbce67b851318d6216c,1405.75,55.41,5.634883700,54000,54000
adb9650f17520f1de630abc1758e25997263276d,1546.13,61.09,6.175208900,54000,54000
a0ce6f065a3e3abd1b832367639f09ea31248420,1539.43,60.95,6.136520971,54000,54000
b2c3786228805f8a9e2ed1151e4e33a3bf7e3a70,1414.05,55.46,5.655338218,54000,54000
351a68da90ba0dd644af9d20f0a6aac7456a6d13,1387.95,54.31,5.570961228,55000,54000
adb9650f17520f1de630abc1758e25997263276d,1551.72,61.39,6.192104175,54000,54000
e8d62f313be55637354b3e0ad69ae807c4d67fb6,1551.06,61.41,6.181858584,54000,55000
ccea5c486b0f6fe1cb43cf7df36d7a94c2496c56,1468.76,57.99,5.870335000,54000,54000
5a339aaeebae4084a4907243ae10bf19c64d5317,1477.58,58.30,5.920929325,54000,54000
cea55f7a4c53f6b4166f2bbf342a823c23d4dba8,1412.35,55.56,5.646789929,54000,54000
a31c868a871677c50bbe100c83c4f31c94bcda8f,1540.84,60.94,6.154729933,54000,54000
bbf09ddf3be09ad597406583899fa3811231db6a,1428.91,56.31,5.738212582,55000,54000
1838e2888cc9ec3faaf08865f0c7ad9f3067467d,1422.29,56.16,5.685781224,55000,54000
4d61451a34ce5f4501567b81f71dac980e653762,1431.00,56.24,5.729534382,54000,54000
4f4ae9203b992eb032cc4923d615006298952651,1410.92,55.61,5.645655734,54000,54000
960908c60bb2d39cee35b175a56138bed390674c,1408.89,55.47,5.639532105,54000,54000
e8d62f313be55637354b3e0ad69ae807c4d67fb6,1541.84,60.94,6.158012608,55000,54000
a0ce6f065a3e3abd1b832367639f09ea31248420,1544.35,60.77,6.171537018,54000,54000
ce6c1b13e5a0d86acd6b3db9eb73479e33eaf851,1406.46,55.60,5.636065343,54000,54000
7e7434b0ee4acd59d8f57a55bebc692c62f06190,1525.91,60.03,6.099416635,54000,54000
52be12c072df48763c890dca2cb916f9f7a529f9,1403.06,55.12,5.621818413,54000,54000
a31c868a871677c50bbe100c83c4f31c94bcda8f,1567.31,62.07,6.253041585,54000,54000
68c38853d7568f18ce53363e0b88f91378c00df6,1535.10,60.58,6.133881733,54000,54000
6eadc178b68c20a1a074d2f0e8486c70eee8ecd1,1528.10,60.26,6.106028962,54000,54000
a17b94219fe013d95d09d45d265a9f3eedcf92a8,1547.95,61.04,6.176243112,54000,54000
7a7597064d48a7dac9709cd90142f1738f231a13,1454.89,57.47,5.821039440,54000,54000
5a248637415c5e219ba0142ea7f1b066a9ebd25f,1402.59,55.25,5.625129255,54000,54000
5dce2374aae6a1af981764a07fb138bbd3eb179d,1561.45,61.79,6.235555880,55000,54000
a40a918f208350e233527254e9053b30a8d80eda,1527.79,60.40,6.100473158,54000,54000
7eea23784947d624dacd57776d450c3215b4583f,1535.03,60.63,6.130553886,54000,54000
f8a21d6b7549424a444867157cf5aa569bd53faf,1546.17,61.15,6.177119878,54000,53000
609ca31f585d2cf6404a6e77b047d91bb634cfad,1444.22,56.69,5.788941324,54000,54000
489121b21f18fd72e0d9f4b53fd8e301f842f83b,1410.49,55.55,5.651885744,54000,54000
ce6c1b13e5a0d86acd6b3db9eb73479e33eaf851,1416.17,55.84,5.668955539,54000,54000
c61d10302690b7daa738ebaf07c1f46185dc6e60,1439.45,56.90,5.777066370,54000,54000
18f738f8caadcb015ef9ccb323dfc4bf3cbc71ac,1452.31,57.18,5.828466244,54000,54000
dd8b743094c466efa954ebcc00276c09bba36ca2,1437.23,56.30,5.769580957,54000,54000
3b3043e3e25a3410bd9c2243f30d6e26926bc646,1446.39,56.60,5.801200937,54000,54000
489121b21f18fd72e0d9f4b53fd8e301f842f83b,1416.68,55.71,5.691649063,54000,54000
64e2f833104ef190de3255981015e2af97da257f,1446.83,57.04,5.790226089,54000,54000
a0ce6f065a3e3abd1b832367639f09ea31248420,1559.03,61.63,6.221770038,54000,54000
ce6c1b13e5a0d86acd6b3db9eb73479e33eaf851,1418.55,55.82,5.688009775,54000,54000
107a8b44f8e04650b0b4989912f2ccda6619c031,1406.16,55.10,5.631929890,54000,55000
762ba741dc550cea2b64869483bc9ec53c16fb06,1559.15,62.01,6.229310130,54000,54000
494d4bc425a8c2859dbef0bd55a4006c6bc72536,1443.76,56.94,5.786308799,54000,54000
5a339aaeebae4084a4907243ae10bf19c64d5317,1459.89,57.40,5.849603157,54000,54000
adb9650f17520f1de630abc1758e25997263276d,1560.72,61.69,6.228130730,54000,55000
41e45ca5950ecc8f250775a4432948b5910eba45,1523.96,59.97,6.088790133,54000,54000
2eb4a413f399f6b79eb34cd51a959d9acdfa1148,1541.68,60.90,6.155870714,54000,54000
4e1d847e4c83052a93c7f49812af917d322756f4,1414.41,55.54,5.662259573,54000,54000
51043a829c09e05d1bdb83625c4cd5b0c16fabcb,1449.26,56.97,5.807940062,54000,54000
37845b13ccfe3508068318906a6d8df31641a363,1461.14,57.56,5.850161573,54000,54000
41e45ca5950ecc8f250775a4432948b5910eba45,1545.32,61.11,6.162603592,54000,54000
c61d10302690b7daa738ebaf07c1f46185dc6e60,1466.71,57.58,5.878516757,54000,54000
f087501e178b2ff7d0c60326bd8e069c1237260d,1477.37,58.33,5.906232807,54000,54000
4d61451a34ce5f4501567b81f71dac980e653762,1432.45,56.30,5.749195529,54000,54000
ce6c1b13e5a0d86acd6b3db9eb73479e33eaf851,1407.91,55.40,5.629539068,54000,54000
5588e7eb2fc24a265b5650e65d3452774726e86d,1445.06,56.69,5.787482989,54000,54000
51043a829c09e05d1bdb83625c4cd5b0c16fabcb,1464.17,57.62,5.860204976,54000,54000
56c5c555148b3a2f718ce556363304cab0709374,1405.20,55.29,5.634760894,54000,54000
7a7597064d48a7dac9709cd90142f1738f231a13,1449.74,56.97,5.797004513,54000,54000
dbdc91b2ce8448c5c40ab81dc71b69a8ed6999a6,1425.29,56.38,5.704744343,55000,54000
960908c60bb2d39cee35b175a56138bed390674c,1419.95,55.87,5.706116079,54000,54000
609ca31f585d2cf6404a6e77b047d91bb634cfad,1446.19,56.83,5.797344896,54000,54000
e7b319806360293e5e66532bb0ec8874ed1a85a1,1538.45,60.69,6.136880965,54000,54000
c61d10302690b7daa738ebaf07c1f46185dc6e60,1455.79,57.19,5.840027301,54000,54000
5588e7eb2fc24a265b5650e65d3452774726e86d,1460.06,57.44,5.858196441,54000,54000
52656a25fd35447a1d7490e818a79419441abea4,1401.73,55.02,5.620980280,54000,54000
1059dc8dea7ed71565a69a1e788934a5071bd2a3,1456.26,57.05,5.840792181,54000,54000
68c38853d7568f18ce53363e0b88f91378c00df6,1523.38,60.22,6.089413783,55000,54000
adb9650f17520f1de630abc1758e25997263276d,1522.15,60.27,6.084729710,54000,54000
64e2f833104ef190de3255981015e2af97da257f,1453.81,57.31,5.823113145,54000,55000
5a248637415c5e219ba0142ea7f1b066a9ebd25f,1404.43,55.41,5.623977418,54000,54000
cd6326b39c2477ee5d8a030568a96a95e539fd19,1464.35,57.66,5.861239803,54000,54000
adb9650f17520f1de630abc1758e25997263276d,1516.40,59.96,6.056211009,54000,54000
fdc70cbab33a8c5345d1a497a9ce203e8440aba6,1555.96,61.72,6.211160206,54000,54000
bbf09ddf3be09ad597406583899fa3811231db6a,1404.65,55.13,5.627301622,54000,54000
b8ad84648f7a947fb4f9a15507c4ce0be062c54a,1564.96,61.95,6.252106381,54000,54000
f087501e178b2ff7d0c60326bd8e069c1237260d,1479.05,58.16,5.919269847,54000,54000
494d4bc425a8c2859dbef0bd55a4006c6bc72536,1449.56,57.07,5.815389039,54000,54000
21696e5fe73093fd8a5bd42e0c40f0a5a6ce27bf,1562.09,61.91,6.235050364,54000,54000
fdc70cbab33a8c5345d1a497a9ce203e8440aba6,1555.71,61.49,6.216725902,54000,54000
4ec362d123f57e4fffb8be6032da3382847a41e9,1404.71,55.40,5.622381759,54000,54000
5233ac61b62e943f4e983e502e5bd0b032f2c2e6,1392.43,54.88,5.571984792,54000,55000
5a339aaeebae4084a4907243ae10bf19c64d5317,1485.29,58.73,5.958906724,54000,54000
1d5324e08f236b97fbedbbc09a79924c0f55b6cb,1532.70,60.71,6.121821617,54000,54000
4d524e387ff908043ef72fa37f3ed613cdd39e69,1405.09,55.67,5.625386833,53000,54000
53be6ff83e942046cf6511e652f71831d0343a83,1526.03,60.40,6.097665679,54000,54000
a951cb2082086e614d12ce18c3a9bf9333e9a60d,1467.80,57.93,5.897585223,54000,54000
cea55f7a4c53f6b4166f2bbf342a823c23d4dba8,1420.63,56.29,5.699053806,54000,54000
dbdc91b2ce8448c5c40ab81dc71b69a8ed6999a6,1419.22,56.16,5.685524101,54000,54000
7d4b14e3520b98caeae5c07e075cf1737ed01044,1535.64,60.74,6.141911067,54000,54000
56b1c644bbc0df9606572680781b8b89a7355cd8,1471.37,57.80,5.908975077,54000,54000
18f738f8caadcb015ef9ccb323dfc4bf3cbc71ac,1476.96,58.07,5.925825472,54000,54000
4d61451a34ce5f4501567b81f71dac980e653762,1405.39,55.29,5.631839965,54000,54000
5233ac61b62e943f4e983e502e5bd0b032f2c2e6,1418.38,56.08,5.677450207,54000,54000
d13395213eb2b026fe11d5dda3177593ca353ffc,1476.15,58.21,5.913239199,54000,54000
dbdc91b2ce8448c5c40ab81dc71b69a8ed6999a6,1422.83,56.20,5.688273505,54000,54000
b8ad84648f7a947fb4f9a15507c4ce0be062c54a,1551.02,61.47,6.199201073,54000,54000
5588e7eb2fc24a265b5650e65d3452774726e86d,1463.49,57.73,5.865361129,54000,54000
41e45ca5950ecc8f250775a4432948b5910eba45,1530.75,60.72,6.113707867,54000,54000
4d524e387ff908043ef72fa37f3ed613cdd39e69,1412.02,55.75,5.645236640,54000,54000
a31c868a871677c50bbe100c83c4f31c94bcda8f,1560.43,61.69,6.232007807,54000,54000
18f738f8caadcb015ef9ccb323dfc4bf3cbc71ac,1465.60,57.69,5.871105292,54000,54000
0138ac401ae8da2b12fdcbe580b6f73feedd6a6b,1527.64,60.51,6.090772629,54000,54000
978259170e61de613a57a190ff78e3d9a7d07649,1410.88,55.69,5.641122450,54000,54000
ccea5c486b0f6fe1cb43cf7df36d7a94c2496c56,1460.23,57.66,5.843873356,54000,54000
3b3043e3e25a3410bd9c2243f30d6e26926bc646,1456.47,57.41,5.833780721,54000,54000
6688d3b99b6bac78c3ccc01b9be87e4b78360206,1435.70,56.35,5.764125103,54000,54000
a0ce6f065a3e3abd1b832367639f09ea31248420,1560.54,61.78,6.235357994,54000,54000
3e80ca34a9a562ddbbb717e989d1c89b3f39171d,1537.18,60.86,6.135613045,54000,54000
bbf09ddf3be09ad597406583899fa3811231db6a,1399.10,55.01,5.602553078,54000,54000
b46d90a1eb5269ebfabae58c9229db455685fe80,1444.51,56.88,5.785784853,54000,53000
1838e2888cc9ec3faaf08865f0c7ad9f3067467d,1445.23,57.12,5.791227272,54000,54000
5ebd5b32a6a8cbcebd5303dfd7f4f7b0b173bc53,1420.22,55.99,5.688114067,54000,54000
cea55f7a4c53f6b4166f2bbf342a823c23d4dba8,1404.25,55.24,5.617280891,54000,54000
dd8b743094c466efa954ebcc00276c09bba36ca2,1478.18,58.07,5.940230980,54000,54000
52be12c072df48763c890dca2cb916f9f7a529f9,1423.33,56.07,5.697543442,55000,54000
a885f084ebb9be660f83cce9aa85ff734ee2023e,1548.04,61.33,6.182783826,54000,54000
6d27d3e0f12f0141447f1070a54a93f02fe4042a,1404.28,55.16,5.622650332,54000,54000
5a339aaeebae4084a4907243ae10bf19c64d5317,1456.89,57.28,5.835737248,54000,54000
cbfd462693baf7ed51d75508ea8ea9800a8dfae5,1466.95,57.88,5.875481973,54000,54000
4d524e387ff908043ef72fa37f3ed613cdd39e69,1415.39,55.85,5.658756771,54000,54000
41e45ca5950ecc8f250775a4432948b5910eba45,1559.39,61.92,6.212366829,54000,54000
fea6020b3d1e6d546f78cab6962cad780f8a11da,1419.57,56.08,5.675722206,53000,54000
a885f084ebb9be660f83cce9aa85ff734ee2023e,1539.91,61.11,6.157465550,54000,54000
5233ac61b62e943f4e983e502e5bd0b032f2c2e6,1414.95,55.85,5.654055803,54000,54000
64e2f833104ef190de3255981015e2af97da257f,1472.98,58.25,5.895816412,54000,54000
7eea23784947d624dacd57776d450c3215b4583f,1543.55,60.88,6.152793868,53000,54000
68c38853d7568f18ce53363e0b88f91378c00df6,1579.33,62.64,6.303386812,55000,54000
e7e2b518cd8d5c57e6ace7a005af6ae8b2edaf50,1410.86,55.56,5.646847528,54000,54000
2eb4a413f399f6b79eb34cd51a959d9acdfa1148,1532.65,60.58,6.120669000,54000,54000
46b4a764e023a91faac1a085a7a7b6f0bb7428cd,1456.59,57.24,5.830465932,54000,54000
3ea9c83e918ae0684f7457afc7383aa1bfb09071,1448.99,56.80,5.802977239,54000,54000
4178749479dcc5853399f2b9689ce06e51494984,1393.53,54.76,5.580145862,54000,54000
52656a25fd35447a1d7490e818a79419441abea4,1396.19,54.85,5.594233537,54000,54000
4178749479dcc5853399f2b9689ce06e51494984,1402.42,55.36,5.608646465,54000,55000
0d04e957d81cc8ead959c2ab65031fb12a9d5d27,1459.59,57.43,5.853712002,55000,54000
52be12c072df48763c890dca2cb916f9f7a529f9,1418.98,55.93,5.685751652,55000,54000
957b3dda6ab2f4bf7e6a87fa10577622bbfebee0,1447.84,56.76,5.800795212,54000,54000
960908c60bb2d39cee35b175a56138bed390674c,1426.02,56.47,5.693647200,54000,54000
6451625786eb5d39f67be2d1c62644ce7f34ffa3,1548.84,61.12,6.182712780,54000,54000
41e45ca5950ecc8f250775a4432948b5910eba45,1541.77,61.12,6.159159266,54000,55000
56c5c555148b3a2f718ce556363304cab0709374,1397.68,55.04,5.593135860,55000,54000
d8611587abc5571f0284490e7fc403871eb0944d,1455.97,57.33,5.842589379,54000,54000
18f738f8caadcb015ef9ccb323dfc4bf3cbc71ac,1454.02,56.98,5.823323717,54000,54000
91305e3955f21e1d3df99a2d6167da46362e7a01,1389.44,54.58,5.563840942,54000,54000
cbfd462693baf7ed51d75508ea8ea9800a8dfae5,1440.02,56.63,5.763363918,55000,54000
37845b13ccfe3508068318906a6d8df31641a363,1469.93,57.93,5.887900956,54000,54000
4178749479dcc5853399f2b9689ce06e51494984,1406.08,55.17,5.626434131,54000,55000
46b4a764e023a91faac1a085a7a7b6f0bb7428cd,1454.85,57.29,5.825358419,54000,54000
a31c868a871677c50bbe100c83c4f31c94bcda8f,1554.81,61.39,6.202215368,54000,54000
960908c60bb2d39cee35b175a56138bed390674c,1424.59,56.11,5.694485419,54000,54000
8a19a006af6553950a995930f2082df154cd5597,1452.74,57.20,5.823900016,55000,54000
53be6ff83e942046cf6511e652f71831d0343a83,1549.90,61.14,6.190949120,54000,54000
960908c60bb2d39cee35b175a56138bed390674c,1399.56,55.24,5.601546021,54000,54000
cbfd462693baf7ed51d75508ea8ea9800a8dfae5,1451.40,57.34,5.820048899,54000,55000
6c8774e0e7cba6ef9eac17c90f81004b9ee79c51,1440.02,56.63,5.765309749,55000,55000
6688d3b99b6bac78c3ccc01b9be87e4b78360206,1468.64,57.67,5.897996050,55000,54000
2eb4a413f399f6b79eb34cd51a959d9acdfa1148,1555.39,61.52,6.217369377,54000,55000
ce6c1b13e5a0d86acd6b3db9eb73479e33eaf851,1432.56,56.53,5.732092372,54000,54000
56c5c555148b3a2f718ce556363304cab0709374,1416.05,55.92,5.667616146,54000,55000
18f738f8caadcb015ef9ccb323dfc4bf3cbc71ac,1461.56,57.56,5.866019159,54000,54000
1910d72e34452a0eb2c731c82624461d3425d048,1410.66,55.29,5.653341863,54000,54000
62bdd1beaee41035965d99c20e517da927bb97ae,1430.13,56.39,5.715324256,54000,54000
5dce2374aae6a1af981764a07fb138bbd3eb179d,1553.43,61.30,6.192838220,55000,54000
5588e7eb2fc24a265b5650e65d3452774726e86d,1437.81,56.65,5.762123961,54000,54000
0138ac401ae8da2b12fdcbe580b6f73feedd6a6b,1534.65,60.76,6.138895678,54000,54000
cd6326b39c2477ee5d8a030568a96a95e539fd19,1449.96,57.16,5.798692568,54000,54000
c0d4e37d372fe99ab908a4a3afff450859c652e3,1452.78,57.26,5.809995680,54000,55000
b7a4382f1a55472e8379796149126f37999731b7,1434.84,56.55,5.739249900,54000,54000
1d5324e08f236b97fbedbbc09a79924c0f55b6cb,1530.05,60.35,6.107294111,54000,55000
0a7c9d027afb599101817ed7d06d22b95912de06,1447.89,57.02,5.795977552,54000,54000
d13395213eb2b026fe11d5dda3177593ca353ffc,1474.24,58.18,5.891321033,54000,54000
ce6c1b13e5a0d86acd6b3db9eb73479e33eaf851,1389.77,54.87,5.560242820,54000,54000
cd6326b39c2477ee5d8a030568a96a95e539fd19,1447.71,57.00,5.811646143,54000,54000
64e2f833104ef190de3255981015e2af97da257f,1455.64,57.52,5.824000483,55000,54000
4178749479dcc5853399f2b9689ce06e51494984,1397.72,54.60,5.597070061,54000,55000
e6e71118c0a1fcf5c47eefbce67b851318d6216c,1424.24,56.02,5.699741918,54000,54000
4e1d847e4c83052a93c7f49812af917d322756f4,1404.92,54.92,5.633619901,54000,54000
b8ad84648f7a947fb4f9a15507c4ce0be062c54a,1557.34,61.38,6.203692710,54000,54000
6c8774e0e7cba6ef9eac17c90f81004b9ee79c51,1445.42,56.65,5.784971382,55000,54000
494d4bc425a8c2859dbef0bd55a4006c6bc72536,1462.68,57.45,5.855814905,55000,55000
51043a829c09e05d1bdb83625c4cd5b0c16fabcb,1453.67,57.19,5.810915377,54000,54000
5a339aaeebae4084a4907243ae10bf19c64d5317,1469.98,57.92,5.879125182,54000,54000
a885f084ebb9be660f83cce9aa85ff734ee2023e,1560.75,61.69,6.232068740,54000,54000
1d5324e08f236b97fbedbbc09a79924c0f55b6cb,1515.14,59.70,6.045466850,54000,54000
e7e2b518cd8d5c57e6ace7a005af6ae8b2edaf50,1408.54,55.20,5.626952891,54000,54000
494d4bc425a8c2859dbef0bd55a4006c6bc72536,1474.99,57.66,5.900577933,54000,55000
62bdd1beaee41035965d99c20e517da927bb97ae,1436.01,56.57,5.720405585,54000,54000
e8d62f313be55637354b3e0ad69ae807c4d67fb6,1544.88,60.97,6.164072522,54000,55000
4d61451a34ce5f4501567b81f71dac980e653762,1404.15,54.97,5.617980116,54000,55000
762ba741dc550cea2b64869483bc9ec53c16fb06,1521.64,59.86,6.075072771,54000,54000
cd6326b39c2477ee5d8a030568a96a95e539fd19,1479.25,57.87,5.917591014,54000,54000
351a68da90ba0dd644af9d20f0a6aac7456a6d13,1402.16,54.62,5.617714067,54000,54000
0d04e957d81cc8ead959c2ab65031fb12a9d5d27,1439.28,56.23,5.767880849,54000,55000
e6e71118c0a1fcf5c47eefbce67b851318d6216c,1423.56,56.21,5.696627534,55000,54000
6d27d3e0f12f0141447f1070a54a93f02fe4042a,1405.19,55.14,5.627646893,54000,54000
609ca31f585d2cf6404a6e77b047d91bb634cfad,1459.02,57.16,5.840565010,54000,54000
53be6ff83e942046cf6511e652f71831d0343a83,1531.80,60.54,6.120389813,55000,54000
52656a25fd35447a1d7490e818a79419441abea4,1400.01,55.08,5.611932878,54000,54000
7a7597064d48a7dac9709cd90142f1738f231a13,1450.88,57.06,5.806414764,54000,54000
a885f084ebb9be660f83cce9aa85ff734ee2023e,1533.56,60.52,6.123241229,54000,54000
fdc70cbab33a8c5345d1a497a9ce203e8440aba6,1547.25,61.09,6.208004630,54000,54000
c0d4e37d372fe99ab908a4a3afff450859c652e3,1456.66,57.22,5.832694639,54000,54000
b7a4382f1a55472e8379796149126f37999731b7,1408.65,55.28,5.635455676,54000,54000
2b9cfcc54dff7b79afd89be3ecf1a107b8290278,1417.38,55.63,5.676324514,54000,54000
7a7597064d48a7dac9709cd90142f1738f231a13,1496.88,58.77,5.998794219,55000,54000
20c189a240e1f863d07a5cf91453cc1c2fdf4823,1552.35,61.18,6.194244954,54000,54000
44233ded92deaa9d35a0118c9cf568732ccbdd44,1442.22,56.63,5.782187949,54000,54000
b46d90a1eb5269ebfabae58c9229db455685fe80,1460.01,57.41,5.858124386,54000,54000
cd6326b39c2477ee5d8a030568a96a95e539fd19,1449.42,56.98,5.817781996,54000,54000
37845b13ccfe3508068318906a6d8df31641a363,1471.59,57.68,5.889846221,55000,54000
20c189a240e1f863d07a5cf91453cc1c2fdf4823,1537.44,60.56,6.143689211,54000,54000
6688d3b99b6bac78c3ccc01b9be87e4b78360206,1452.29,56.96,5.829122552,54000,54000
f087501e178b2ff7d0c60326bd8e069c1237260d,1478.34,58.11,5.912389928,54000,54000
52be12c072df48763c890dca2cb916f9f7a529f9,1396.59,54.73,5.592586163,54000,54000
68c38853d7568f18ce53363e0b88f91378c00df6,1535.79,60.66,6.135150511,54000,54000
56c5c555148b3a2f718ce556363304cab0709374,1414.73,55.69,5.665979878,54000,54000
e7e2b518cd8d5c57e6ace7a005af6ae8b2edaf50,1423.74,56.02,5.704212377,54000,54000
56b1c644bbc0df9606572680781b8b89a7355cd8,1442.54,56.71,5.781383133,54000,54000
1059dc8dea7ed71565a69a1e788934a5071bd2a3,1454.18,56.73,5.831195057,54000,54000
3ea9c83e918ae0684f7457afc7383aa1bfb09071,1464.01,57.52,5.875952230,54000,54000
f8a21d6b7549424a444867157cf5aa569bd53faf,1549.73,61.14,6.187059719,54000,54000
4f4ae9203b992eb032cc4923d615006298952651,1431.76,56.35,5.731945781,54000,54000
762ba741dc550cea2b64869483bc9ec53c16fb06,1553.22,61.20,6.199127865,54000,54000
6eadc178b68c20a1a074d2f0e8486c70eee8ecd1,1544.43,61.15,6.167916506,54000,54000
fea6020b3d1e6d546f78cab6962cad780f8a11da,1414.19,55.51,5.654250008,54000,55000
dca9510ec9a98d37c3798ee8388f4ba8e954fef4,1416.08,55.76,5.674152627,54000,54000
d8611587abc5571f0284490e7fc403871eb0944d,1453.93,57.39,5.820746680,54000,53000
957b3dda6ab2f4bf7e6a87fa10577622bbfebee0,1470.07,58.01,5.895204005,54000,54000
1150c0b02c435d2bd05e70933f5f12c82e212d8b,1396.35,54.96,5.591149160,54000,54000
cbfd462693baf7ed51d75508ea8ea9800a8dfae5,1449.00,57.01,5.799032781,54000,54000
d6f37cf1658efd2d80dc19bb2beb86264b9d2887,1413.42,55.62,5.659087587,55000,55000
b8ad84648f7a947fb4f9a15507c4ce0be062c54a,1549.80,61.08,6.181811086,54000,54000
b8ad84648f7a947fb4f9a15507c4ce0be062c54a,1592.47,63.01,6.379445149,54000,54000
b8ad84648f7a947fb4f9a15507c4ce0be062c54a,1570.57,62.04,6.276694226,54000,54000
4f4ae9203b992eb032cc4923d615006298952651,1416.52,55.58,5.664238962,54000,54000
4f4ae9203b992eb032cc4923d615006298952651,1420.16,55.87,5.668629849,54000,54000
c7cb4b1ef1abeaa8a9923481993ca4aa0b11cde1,1543.23,60.74,6.163225691,55000,54000
5ebd5b32a6a8cbcebd5303dfd7f4f7b0b173bc53,1421.72,55.90,5.685532190,54000,54000
0a7c9d027afb599101817ed7d06d22b95912de06,1447.26,56.84,5.791005557,55000,54000
5a248637415c5e219ba0142ea7f1b066a9ebd25f,1400.29,54.77,5.613395414,54000,54000
5a248637415c5e219ba0142ea7f1b066a9ebd25f,1403.99,55.10,5.622832037,54000,54000
2eb4a413f399f6b79eb34cd51a959d9acdfa1148,1552.41,61.07,6.194135089,54000,54000
4f4ae9203b992eb032cc4923d615006298952651,1434.26,56.20,5.731844652,54000,54000
52656a25fd35447a1d7490e818a79419441abea4,1387.79,54.56,5.551435377,55000,54000
2eb4a413f399f6b79eb34cd51a959d9acdfa1148,1539.23,60.71,6.145374689,55000,54000
21696e5fe73093fd8a5bd42e0c40f0a5a6ce27bf,1556.42,61.47,6.226934127,55000,55000
b7a4382f1a55472e8379796149126f37999731b7,1428.98,56.55,5.709473771,54000,54000
e7e2b518cd8d5c57e6ace7a005af6ae8b2edaf50,1400.04,54.98,5.602619432,54000,54000
a951cb2082086e614d12ce18c3a9bf9333e9a60d,1494.77,58.80,5.990368775,54000,53000
1150c0b02c435d2bd05e70933f5f12c82e212d8b,1403.78,55.10,5.620746018,54000,54000
adb9650f17520f1de630abc1758e25997263276d,1527.23,60.35,6.096727215,54000,54000
b2c3786228805f8a9e2ed1151e4e33a3bf7e3a70,1419.75,55.53,5.683715886,54000,55000
6eadc178b68c20a1a074d2f0e8486c70eee8ecd1,1544.69,60.96,6.154742439,55000,54000
a31c868a871677c50bbe100c83c4f31c94bcda8f,1558.32,61.62,6.215314131,54000,54000
dca9510ec9a98d37c3798ee8388f4ba8e954fef4,1398.73,54.74,5.600667321,54000,54000
6451625786eb5d39f67be2d1c62644ce7f34ffa3,1548.53,61.25,6.173988549,55000,55000
6451625786eb5d39f67be2d1c62644ce7f34ffa3,1552.09,61.37,6.189855820,54000,54000
3ea9c83e918ae0684f7457afc7383aa1bfb09071,1469.16,57.88,5.880311357,54000,54000
1d5324e08f236b97fbedbbc09a79924c0f55b6cb,1530.71,60.45,6.106946639,54000,54000
37845b13ccfe3508068318906a6d8df31641a363,1494.41,58.65,5.976513471,54000,54000
6eadc178b68c20a1a074d2f0e8486c70eee8ecd1,1558.10,61.42,6.224289978,54000,54000
0d04e957d81cc8ead959c2ab65031fb12a9d5d27,1456.51,57.15,5.835734871,54000,54000
90b6bac2d698b51dc8465508e3b56377c703c622,1527.11,60.00,6.109675944,54000,54000
2eb4a413f399f6b79eb34cd51a959d9acdfa1148,1547.52,61.11,6.178302109,54000,54000
e6e71118c0a1fcf5c47eefbce67b851318d6216c,1402.79,55.31,5.620040153,54000,54000
5233ac61b62e943f4e983e502e5bd0b032f2c2e6,1415.72,55.58,5.657133656,54000,54000
dbdc91b2ce8448c5c40ab81dc71b69a8ed6999a6,1410.72,55.62,5.644575416,54000,54000
6d27d3e0f12f0141447f1070a54a93f02fe4042a,1435.65,56.37,5.754424743,54000,54000
adb9650f17520f1de630abc1758e25997263276d,1547.67,61.11,6.182101687,54000,55000
44233ded92deaa9d35a0118c9cf568732ccbdd44,1450.18,56.71,5.811774689,54000,54000
21696e5fe73093fd8a5bd42e0c40f0a5a6ce27bf,1525.82,60.10,6.094576468,54000,54000
978259170e61de613a57a190ff78e3d9a7d07649,1408.08,55.43,5.627877470,54000,54000
4ec362d123f57e4fffb8be6032da3382847a41e9,1421.12,56.02,5.683601113,55000,54000
e8d62f313be55637354b3e0ad69ae807c4d67fb6,1527.49,60.18,6.104491022,54000,55000
7d4b14e3520b98caeae5c07e075cf1737ed01044,1529.81,60.22,6.121361135,54000,54000
91305e3955f21e1d3df99a2d6167da46362e7a01,1400.88,54.88,5.618125320,54000,54000
56b1c644bbc0df9606572680781b8b89a7355cd8,1441.58,56.51,5.787002247,54000,54000
6eadc178b68c20a1a074d2f0e8486c70eee8ecd1,1563.00,61.84,6.252595308,54000,54000
dd8b743094c466efa954ebcc00276c09bba36ca2,1479.85,58.02,5.946592737,54000,54000
6c8774e0e7cba6ef9eac17c90f81004b9ee79c51,1456.46,57.03,5.839264583,54000,54000
c7cb4b1ef1abeaa8a9923481993ca4aa0b11cde1,1537.89,60.39,6.147084668,54000,54000
489121b21f18fd72e0d9f4b53fd8e301f842f83b,1398.52,54.76,5.599035010,55000,54000
3b3043e3e25a3410bd9c2243f30d6e26926bc646,1457.96,57.12,5.854335566,54000,54000
351a68da90ba0dd644af9d20f0a6aac7456a6d13,1425.82,55.84,5.748923588,54000,54000
494d4bc425a8c2859dbef0bd55a4006c6bc72536,1476.39,57.97,5.914430735,54000,54000
a40a918f208350e233527254e9053b30a8d80eda,1550.98,61.10,6.194873249,54000,55000
51043a829c09e05d1bdb83625c4cd5b0c16fabcb,1443.94,56.76,5.780366676,54000,54000
a0ce6f065a3e3abd1b832367639f09ea31248420,1542.66,60.65,6.158991221,54000,54000
1910d72e34452a0eb2c731c82624461d3425d048,1423.82,56.14,5.688403536,54000,54000
f8a21d6b7549424a444867157cf5aa569bd53faf,1545.46,60.91,6.177814205,54000,54000
37845b13ccfe3508068318906a6d8df31641a363,1475.56,58.29,5.908233664,54000,54000
7e7434b0ee4acd59d8f57a55bebc692c62f06190,1512.99,59.40,6.044111878,54000,54000
51043a829c09e05d1bdb83625c4cd5b0c16fabcb,1454.82,57.08,5.820310269,54000,54000
3e80ca34a9a562ddbbb717e989d1c89b3f39171d,1530.84,60.29,6.113369851,54000,55000
18f738f8caadcb015ef9ccb323dfc4bf3cbc71ac,1453.00,56.95,5.821199233,55000,54000
4e1d847e4c83052a93c7f49812af917d322756f4,1414.55,55.71,5.656085927,54000,54000
a885f084ebb9be660f83cce9aa85ff734ee2023e,1521.81,59.93,6.081668033,54000,54000
d6f37cf1658efd2d80dc19bb2beb86264b9d2887,1420.67,55.77,5.678762100,54000,54000
a885f084ebb9be660f83cce9aa85ff734ee2023e,1545.05,61.09,6.162853801,55000,54000
90b6bac2d698b51dc8465508e3b56377c703c622,1561.77,61.50,6.233171449,54000,54000
b46d90a1eb5269ebfabae58c9229db455685fe80,1445.17,56.78,5.786744894,54000,54000
1910d72e34452a0eb2c731c82624461d3425d048,1423.46,55.93,5.678985908,55000,54000
af27037cd8ed239375446bdf78cb9e3d53fcf86f,1410.97,55.31,5.641315666,54000,55000
494d4bc425a8c2859dbef0bd55a4006c6bc72536,1445.66,56.57,5.784022272,54000,54000
cd6326b39c2477ee5d8a030568a96a95e539fd19,1472.93,57.82,5.890511808,54000,55000
e538564debacb8a6bffa626f191e8959d48c6797,1444.50,56.59,5.781708680,54000,54000
d6f37cf1658efd2d80dc19bb2beb86264b9d2887,1399.76,55.09,5.598819452,54000,54000
1d5324e08f236b97fbedbbc09a79924c0f55b6cb,1549.88,61.25,6.184235262,54000,54000
2b9cfcc54dff7b79afd89be3ecf1a107b8290278,1386.34,54.50,5.548781986,55000,54000
6688d3b99b6bac78c3ccc01b9be87e4b78360206,1436.44,56.29,5.762114792,54000,54000
a951cb2082086e614d12ce18c3a9bf9333e9a60d,1465.25,57.62,5.861570809,54000,54000
5dce2374aae6a1af981764a07fb138bbd3eb179d,1570.33,61.93,6.254597179,54000,54000
1150c0b02c435d2bd05e70933f5f12c82e212d8b,1402.91,54.99,5.618812773,54000,53000
64e2f833104ef190de3255981015e2af97da257f,1491.92,59.00,5.976606491,54000,54000
68c38853d7568f18ce53363e0b88f91378c00df6,1560.66,61.36,6.232123520,54000,54000
7d4b14e3520b98caeae5c07e075cf1737ed01044,1531.35,60.43,6.117522892,54000,55000
52656a25fd35447a1d7490e818a79419441abea4,1384.81,54.23,5.542093961,55000,54000
d13395213eb2b026fe11d5dda3177593ca353ffc,1459.99,57.38,5.850913989,54000,54000
ccea5c486b0f6fe1cb43cf7df36d7a94c2496c56,1463.66,57.37,5.858472431,54000,54000
37845b13ccfe3508068318906a6d8df31641a363,1461.86,57.53,5.856429161,54000,55000
b7a4382f1a55472e8379796149126f37999731b7,1430.82,56.15,5.721788973,54000,54000
c7cb4b1ef1abeaa8a9923481993ca4aa0b11cde1,1543.42,60.85,6.180813300,54000,54000
f8a21d6b7549424a444867157cf5aa569bd53faf,1541.98,60.86,6.161829234,54000,55000
5588e7eb2fc24a265b5650e65d3452774726e86d,1453.50,57.07,5.815639094,55000,54000
44233ded92deaa9d35a0118c9cf568732ccbdd44,1443.89,56.53,5.788291608,54000,54000
51043a829c09e05d1bdb83625c4cd5b0c16fabcb,1449.46,56.89,5.805724013,54000,54000
351a68da90ba0dd644af9d20f0a6aac7456a6d13,1424.25,55.80,5.712849992,54000,54000
489121b21f18fd72e0d9f4b53fd8e301f842f83b,1404.50,55.30,5.624594739,54000,54000
c61d10302690b7daa738ebaf07c1f46185dc6e60,1462.62,57.22,5.868360383,53000,54000
d8611587abc5571f0284490e7fc403871eb0944d,1453.18,57.02,5.821925832,54000,54000
1150c0b02c435d2bd05e70933f5f12c82e212d8b,1405.13,55.21,5.625364142,54000,54000
d13395213eb2b026fe11d5dda3177593ca353ffc,1457.28,57.31,5.838378364,55000,53000
adb9650f17520f1de630abc1758e25997263276d,1549.42,60.96,6.192723864,54000,54000
20c189a240e1f863d07a5cf91453cc1c2fdf4823,1539.46,60.49,6.154118823,54000,54000
2b9cfcc54dff7b79afd89be3ecf1a107b8290278,1377.20,54.10,5.514520489,54000,54000
ce6c1b13e5a0d86acd6b3db9eb73479e33eaf851,1399.56,54.88,5.606311360,54000,54000
f087501e178b2ff7d0c60326bd8e069c1237260d,1505.62,59.19,6.034048773,54000,54000
4d524e387ff908043ef72fa37f3ed613cdd39e69,1411.38,55.52,5.654632435,54000,54000
4178749479dcc5853399f2b9689ce06e51494984,1404.41,55.13,5.623933087,54000,54000
c61d10302690b7daa738ebaf07c1f46185dc6e60,1449.43,56.68,5.809754825,54000,54000
6688d3b99b6bac78c3ccc01b9be87e4b78360206,1443.60,56.44,5.789435170,54000,54000
7eea23784947d624dacd57776d450c3215b4583f,1532.09,60.15,6.122680670,54000,54000
53be6ff83e942046cf6511e652f71831d0343a83,1536.95,60.72,6.135787655,54000,54000
5dce2374aae6a1af981764a07fb138bbd3eb179d,1540.09,60.70,6.159583015,54000,54000
4bcfa0ee8d481f29a44c788aa3e3fd8d20a8393e,1404.05,55.08,5.626590233,54000,54000
5a248637415c5e219ba0142ea7f1b066a9ebd25f,1431.56,55.94,5.740123965,54000,54000
4e1d847e4c83052a93c7f49812af917d322756f4,1400.06,54.90,5.608839335,54000,54000
68c38853d7568f18ce53363e0b88f91378c00df6,1546.86,61.10,6.185567394,54000,54000
a0ce6f065a3e3abd1b832367639f09ea31248420,1551.59,61.33,6.202786679,54000,54000
62bdd1beaee41035965d99c20e517da927bb97ae,1412.56,55.60,5.645901176,54000,54000
90b6bac2d698b51dc8465508e3b56377c703c622,1547.07,61.07,6.178703047,54000,54000
e6e71118c0a1fcf5c47eefbce67b851318d6216c,1403.94,55.34,5.619537256,54000,54000
4bcfa0ee8d481f29a44c788aa3e3fd8d20a8393e,1413.38,55.39,5.670987281,53000,54000
1059dc8dea7ed71565a69a1e788934a5071bd2a3,1456.13,57.14,5.830043787,54000,54000
e7b319806360293e5e66532bb0ec8874ed1a85a1,1571.37,62.31,6.272161243,54000,54000
7d4b14e3520b98caeae5c07e075cf1737ed01044,1515.39,59.67,6.059424893,54000,54000
a40a918f208350e233527254e9053b30a8d80eda,1561.19,61.93,6.230431709,54000,54000
68c38853d7568f18ce53363e0b88f91378c00df6,1563.63,61.72,6.235980238,54000,54000
5a339aaeebae4084a4907243ae10bf19c64d5317,1468.89,57.63,5.881534208,54000,54000
dca9510ec9a98d37c3798ee8388f4ba8e954fef4,1428.08,55.97,5.738035314,54000,54000
1838e2888cc9ec3faaf08865f0c7ad9f3067467d,1420.82,55.92,5.673600957,54000,54000
6c8774e0e7cba6ef9eac17c90f81004b9ee79c51,1436.46,56.37,5.763417844,54000,54000
68c38853d7568f18ce53363e0b88f91378c00df6,1544.95,61.08,6.181660009,54000,54000
0d04e957d81cc8ead959c2ab65031fb12a9d5d27,1444.47,56.88,5.779323972,55000,54000
1838e2888cc9ec3faaf08865f0c7ad9f3067467d,1396.09,55.03,5.577185358,54000,54000
5a248637415c5e219ba0142ea7f1b066a9ebd25f,1411.98,55.10,5.658865447,54000,54000
4d61451a34ce5f4501567b81f71dac980e653762,1412.38,55.40,5.650208208,55000,54000
20c189a240e1f863d07a5cf91453cc1c2fdf4823,1559.54,61.63,6.228286454,54000,54000
7d4b14e3520b98caeae5c07e075cf1737ed01044,1536.94,60.77,6.140147886,54000,54000
a31c868a871677c50bbe100c83c4f31c94bcda8f,1535.76,60.53,6.134241331,54000,55000
adb9650f17520f1de630abc1758e25997263276d,1536.21,60.81,6.138009710,54000,55000
fdc70cbab33a8c5345d1a497a9ce203e8440aba6,1536.81,60.65,6.132806038,54000,54000
b8ad84648f7a947fb4f9a15507c4ce0be062c54a,1584.25,62.43,6.324420910,54000,54000
5588e7eb2fc24a265b5650e65d3452774726e86d,1439.24,56.43,5.756336139,54000,54000
51043a829c09e05d1bdb83625c4cd5b0c16fabcb,1459.35,57.35,5.834909046,54000,54000
5a339aaeebae4084a4907243ae10bf19c64d5317,1484.16,58.60,5.943690109,55000,54000
56c5c555148b3a2f718ce556363304cab0709374,1409.82,55.28,5.636585927,54000,54000
3ea9c83e918ae0684f7457afc7383aa1bfb09071,1445.42,56.86,5.790600423,54000,54000
dca9510ec9a98d37c3798ee8388f4ba8e954fef4,1406.79,55.48,5.635623068,55000,54000
e7b319806360293e5e66532bb0ec8874ed1a85a1,1541.16,61.03,6.155488639,54000,54000
dbdc91b2ce8448c5c40ab81dc71b69a8ed6999a6,1424.36,56.24,5.695142051,55000,54000
56b1c644bbc0df9606572680781b8b89a7355cd8,1456.64,57.30,5.837868058,55000,54000
0a7c9d027afb599101817ed7d06d22b95912de06,1464.41,57.55,5.871088327,54000,54000
5dce2374aae6a1af981764a07fb138bbd3eb179d,1536.42,61.06,6.135273591,54000,54000
1838e2888cc9ec3faaf08865f0c7ad9f3067467d,1406.66,55.61,5.616993400,54000,54000
6688d3b99b6bac78c3ccc01b9be87e4b78360206,1440.42,56.41,5.782717752,54000,54000
a40a918f208350e233527254e9053b30a8d80eda,1532.49,60.46,6.131075604,54000,53000
ccea5c486b0f6fe1cb43cf7df36d7a94c2496c56,1468.59,58.20,5.889329700,54000,54000
e7b319806360293e5e66532bb0ec8874ed1a85a1,1561.22,62.21,6.247260627,54000,54000
52656a25fd35447a1d7490e818a79419441abea4,1399.53,54.91,5.607816968,55000,54000
6d27d3e0f12f0141447f1070a54a93f02fe4042a,1408.40,55.44,5.655558792,54000,54000
c7cb4b1ef1abeaa8a9923481993ca4aa0b11cde1,1543.82,61.34,6.184461405,54000,54000
37845b13ccfe3508068318906a6d8df31641a363,1465.57,57.74,5.875985619,54000,54000
7a7597064d48a7dac9709cd90142f1738f231a13,1453.88,57.25,5.830023806,54000,54000
af27037cd8ed239375446bdf78cb9e3d53fcf86f,1418.27,55.89,5.680218005,54000,54000
b8ad84648f7a947fb4f9a15507c4ce0be062c54a,1559.87,61.78,6.246281083,54000,54000
c0d4e37d372fe99ab908a4a3afff450859c652e3,1459.06,57.47,5.849143733,54000,54000
e7b319806360293e5e66532bb0ec8874ed1a85a1,1556.53,61.57,6.227929225,54000,54000
cbfd462693baf7ed51d75508ea8ea9800a8dfae5,1462.88,57.67,5.872347979,54000,54000
ccea5c486b0f6fe1cb43cf7df36d7a94c2496c56,1455.87,57.42,5.824804167,54000,54000
b2c3786228805f8a9e2ed1151e4e33a3bf7e3a70,1412.45,55.87,5.644684886,54000,54000
5a339aaeebae4084a4907243ae10bf19c64d5317,1456.15,57.39,5.837011758,54000,54000
609ca31f585d2cf6404a6e77b047d91bb634cfad,1462.53,57.64,5.860833969,54000,54000
cd6326b39c2477ee5d8a030568a96a95e539fd19,1465.64,57.68,5.871975081,54000,54000
44233ded92deaa9d35a0118c9cf568732ccbdd44,1455.65,57.24,5.825387446,54000,54000
90b6bac2d698b51dc8465508e3b56377c703c622,1549.16,61.13,6.198969353,54000,54000
a951cb2082086e614d12ce18c3a9bf9333e9a60d,1472.33,58.24,5.892900371,54000,54000
4e1d847e4c83052a93c7f49812af917d322756f4,1421.44,55.69,5.700282725,54000,54000
44233ded92deaa9d35a0118c9cf568732ccbdd44,1471.20,57.74,5.897048935,54000,54000
1059dc8dea7ed71565a69a1e788934a5071bd2a3,1460.13,57.51,5.849864182,54000,54000
5233ac61b62e943f4e983e502e5bd0b032f2c2e6,1403.76,55.26,5.612071805,54000,54000
b46d90a1eb5269ebfabae58c9229db455685fe80,1466.18,57.88,5.876011503,54000,54000
7eea23784947d624dacd57776d450c3215b4583f,1534.61,60.53,6.119754197,54000,54000
dbdc91b2ce8448c5c40ab81dc71b69a8ed6999a6,1407.70,55.56,5.632973955,54000,54000
adb9650f17520f1de630abc1758e25997263276d,1538.99,60.67,6.145044821,54000,54000
18f738f8caadcb015ef9ccb323dfc4bf3cbc71ac,1462.21,57.52,5.848327368,54000,54000
494d4bc425a8c2859dbef0bd55a4006c6bc72536,1488.59,58.71,5.981236529,54000,54000
4bcfa0ee8d481f29a44c788aa3e3fd8d20a8393e,1408.76,55.31,5.647056837,54000,54000
351a68da90ba0dd644af9d20f0a6aac7456a6d13,1401.06,55.11,5.628093570,54000,54000
c7cb4b1ef1abeaa8a9923481993ca4aa0b11cde1,1534.58,60.69,6.127598702,54000,54000
46b4a764e023a91faac1a085a7a7b6f0bb7428cd,1443.59,56.85,5.771747043,54000,54000
351a68da90ba0dd644af9d20f0a6aac7456a6d13,1400.89,55.02,5.628279858,54000,54000
e7b319806360293e5e66532bb0ec8874ed1a85a1,1547.45,61.01,6.187689932,54000,54000
e538564debacb8a6bffa626f191e8959d48c6797,1454.37,57.44,5.835027957,54000,54000
3e80ca34a9a562ddbbb717e989d1c89b3f39171d,1523.78,60.31,6.078980582,54000,54000
a17b94219fe013d95d09d45d265a9f3eedcf92a8,1545.57,61.13,6.160408432,54000,54000
a0ce6f065a3e3abd1b832367639f09ea31248420,1549.17,61.46,6.174936362,54000,54000
a40a918f208350e233527254e9053b30a8d80eda,1535.31,60.50,6.132217239,54000,54000
adb9650f17520f1de630abc1758e25997263276d,1576.76,62.43,6.295593090,54000,54000
51043a829c09e05d1bdb83625c4cd5b0c16fabcb,1459.03,57.38,5.832043936,54000,54000
5a248637415c5e219ba0142ea7f1b066a9ebd25f,1400.97,54.95,5.603857964,54000,54000
b46d90a1eb5269ebfabae58c9229db455685fe80,1467.67,57.66,5.876611719,54000,54000
e7b319806360293e5e66532bb0ec8874ed1a85a1,1576.90,62.41,6.287452989,54000,54000
c7cb4b1ef1abeaa8a9923481993ca4aa0b11cde1,1566.19,62.03,6.245398948,55000,54000
1d5324e08f236b97fbedbbc09a79924c0f55b6cb,1527.94,60.51,6.082960437,54000,54000
5dce2374aae6a1af981764a07fb138bbd3eb179d,1544.53,60.94,6.163615262,54000,54000
5dce2374aae6a1af981764a07fb138bbd3eb179d,1549.66,61.11,6.175589938,54000,54000
e8d62f313be55637354b3e0ad69ae807c4d67fb6,1515.86,59.32,6.049714229,54000,54000
b8ad84648f7a947fb4f9a15507c4ce0be062c54a,1547.42,61.11,6.178410745,54000,54000
dbdc91b2ce8448c5c40ab81dc71b69a8ed6999a6,1406.09,55.34,5.617196639,54000,54000
52be12c072df48763c890dca2cb916f9f7a529f9,1415.13,55.41,5.667188912,55000,54000
3b3043e3e25a3410bd9c2243f30d6e26926bc646,1447.41,56.79,5.804299113,54000,54000
e6e71118c0a1fcf5c47eefbce67b851318d6216c,1427.57,56.05,5.712272172,55000,54000
cbfd462693baf7ed51d75508ea8ea9800a8dfae5,1463.54,57.15,5.870809780,55000,54000
52be12c072df48763c890dca2cb916f9f7a529f9,1406.11,55.39,5.640080596,54000,54000
e6e71118c0a1fcf5c47eefbce67b851318d6216c,1400.48,55.13,5.609165638,54000,54000
52656a25fd35447a1d7490e818a79419441abea4,1383.27,54.44,5.535655075,54000,54000
5ebd5b32a6a8cbcebd5303dfd7f4f7b0b173bc53,1415.23,55.67,5.660800228,54000,54000
dca9510ec9a98d37c3798ee8388f4ba8e954fef4,1393.53,54.78,5.582714015,54000,54000
52be12c072df48763c890dca2cb916f9f7a529f9,1397.16,54.87,5.603689325,54000,55000
4bcfa0ee8d481f29a44c788aa3e3fd8d20a8393e,1406.78,55.41,5.640276767,54000,54000
7d4b14e3520b98caeae5c07e075cf1737ed01044,1562.71,61.69,6.255661322,54000,54000
90b6bac2d698b51dc8465508e3b56377c703c622,1545.00,60.91,6.185806553,55000,54000
6d27d3e0f12f0141447f1070a54a93f02fe4042a,1397.81,54.95,5.616923234,54000,54000
6688d3b99b6bac78c3ccc01b9be87e4b78360206,1437.17,56.40,5.769029967,54000,54000
af27037cd8ed239375446bdf78cb9e3d53fcf86f,1410.21,55.60,5.644125947,54000,54000
dbdc91b2ce8448c5c40ab81dc71b69a8ed6999a6,1438.37,57.05,5.749830251,54000,54000
a17b94219fe013d95d09d45d265a9f3eedcf92a8,1537.95,60.69,6.149184250,54000,54000
a0ce6f065a3e3abd1b832367639f09ea31248420,1569.05,62.26,6.247034898,54000,54000
e538564debacb8a6bffa626f191e8959d48c6797,1442.24,56.72,5.790319368,54000,54000
6451625786eb5d39f67be2d1c62644ce7f34ffa3,1567.38,62.03,6.259907294,54000,54000
5dce2374aae6a1af981764a07fb138bbd3eb179d,1546.18,61.09,6.176062836,54000,54000
ce6c1b13e5a0d86acd6b3db9eb73479e33eaf851,1405.93,55.53,5.626224699,54000,54000
5588e7eb2fc24a265b5650e65d3452774726e86d,1462.22,57.54,5.869760208,54000,54000
dca9510ec9a98d37c3798ee8388f4ba8e954fef4,1418.51,55.86,5.677370588,54000,54000
3b3043e3e25a3410bd9c2243f30d6e26926bc646,1462.49,57.25,5.868099676,55000,54000
5ebd5b32a6a8cbcebd5303dfd7f4f7b0b173bc53,1406.92,55.44,5.634616651,54000,54000
1d5324e08f236b97fbedbbc09a79924c0f55b6cb,1531.34,60.33,6.112572543,54000,54000
5dce2374aae6a1af981764a07fb138bbd3eb179d,1551.78,61.34,6.199028708,54000,54000
e538564debacb8a6bffa626f191e8959d48c6797,1460.45,57.35,5.852986240,54000,54000
18f738f8caadcb015ef9ccb323dfc4bf3cbc71ac,1431.91,56.28,5.746346316,55000,54000
e6e71118c0a1fcf5c47eefbce67b851318d6216c,1435.12,56.37,5.753575282,54000,54000
64e2f833104ef190de3255981015e2af97da257f,1476.12,58.17,5.915639462,54000,54000
6451625786eb5d39f67be2d1c62644ce7f34ffa3,1549.60,61.20,6.170015206,54000,54000
762ba741dc550cea2b64869483bc9ec53c16fb06,1534.44,60.65,6.123644994,54000,54000
51043a829c09e05d1bdb83625c4cd5b0c16fabcb,1437.88,56.54,5.766341198,54000,54000
5a248637415c5e219ba0142ea7f1b066a9ebd25f,1415.22,55.65,5.663085916,54000,54000
90b6bac2d698b51dc8465508e3b56377c703c622,1558.23,61.53,6.246961432,54000,55000
d13395213eb2b026fe11d5dda3177593ca353ffc,1456.12,57.38,5.832710799,55000,54000
1059dc8dea7ed71565a69a1e788934a5071bd2a3,1462.41,57.56,5.860702559,54000,54000
a0ce6f065a3e3abd1b832367639f09ea31248420,1552.77,61.67,6.192205647,54000,54000
762ba741dc550cea2b64869483bc9ec53c16fb06,1553.92,61.44,6.200406509,54000,54000
c61d10302690b7daa738ebaf07c1f46185dc6e60,1439.29,56.70,5.765443914,54000,54000
4ec362d123f57e4fffb8be6032da3382847a41e9,1425.50,56.17,5.709589967,54000,54000
bbf09ddf3be09ad597406583899fa3811231db6a,1408.70,55.48,5.634422206,54000,54000
5dce2374aae6a1af981764a07fb138bbd3eb179d,1540.96,60.70,6.142490469,54000,54000
5a339aaeebae4084a4907243ae10bf19c64d5317,1478.61,57.96,5.919501530,55000,54000
b46d90a1eb5269ebfabae58c9229db455685fe80,1472.50,57.81,5.894759942,54000,55000
51043a829c09e05d1bdb83625c4cd5b0c16fabcb,1443.86,56.83,5.781984037,55000,54000
4d61451a34ce5f4501567b81f71dac980e653762,1426.92,56.03,5.704753905,55000,54000
dca9510ec9a98d37c3798ee8388f4ba8e954fef4,1400.17,54.94,5.605707780,54000,54000
7eea23784947d624dacd57776d450c3215b4583f,1530.57,60.46,6.106853527,54000,54000
5dce2374aae6a1af981764a07fb138bbd3eb179d,1549.22,61.21,6.184837288,54000,54000
978259170e61de613a57a190ff78e3d9a7d07649,1428.44,56.05,5.712595291,54000,55000
d8611587abc5571f0284490e7fc403871eb0944d,1467.55,57.70,5.869068202,54000,54000
46b4a764e023a91faac1a085a7a7b6f0bb7428cd,1465.36,58.05,5.849277710,55000,54000
5233ac61b62e943f4e983e502e5bd0b032f2c2e6,1415.44,55.53,5.655567589,54000,54000
cd6326b39c2477ee5d8a030568a96a95e539fd19,1454.87,57.11,5.825312823,54000,54000
4f4ae9203b992eb032cc4923d615006298952651,1433.63,56.39,5.723676113,54000,54000
3b3043e3e25a3410bd9c2243f30d6e26926bc646,1440.66,56.59,5.773837148,54000,54000
68c38853d7568f18ce53363e0b88f91378c00df6,1571.26,62.37,6.306650972,54000,55000
f8a21d6b7549424a444867157cf5aa569bd53faf,1538.01,60.75,6.134165803,55000,54000
d6f37cf1658efd2d80dc19bb2beb86264b9d2887,1397.79,54.92,5.586096980,54000,54000
e8d62f313be55637354b3e0ad69ae807c4d67fb6,1546.48,61.01,6.168664530,55000,54000
3b3043e3e25a3410bd9c2243f30d6e26926bc646,1463.99,57.62,5.860795330,55000,54000
609ca31f585d2cf6404a6e77b047d91bb634cfad,1445.32,56.99,5.778467583,54000,54000
20c189a240e1f863d07a5cf91453cc1c2fdf4823,1548.46,61.12,6.177878966,55000,54000
f8a21d6b7549424a444867157cf5aa569bd53faf,1540.47,60.65,6.159265223,54000,54000
c61d10302690b7daa738ebaf07c1f46185dc6e60,1454.35,57.13,5.825658837,54000,54000
4e1d847e4c83052a93c7f49812af917d322756f4,1412.06,55.72,5.665586435,55000,54000
21696e5fe73093fd8a5bd42e0c40f0a5a6ce27bf,1539.75,60.82,6.166355526,54000,54000
762ba741dc550cea2b64869483bc9ec53c16fb06,1527.92,60.41,6.110863774,54000,55000
0138ac401ae8da2b12fdcbe580b6f73feedd6a6b,1525.70,60.44,6.093537152,55000,54000
107a8b44f8e04650b0b4989912f2ccda6619c031,1400.07,55.15,5.613932581,54000,54000
53be6ff83e942046cf6511e652f71831d0343a83,1532.32,60.81,6.126784780,54000,54000
a31c868a871677c50bbe100c83c4f31c94bcda8f,1553.57,61.42,6.206848026,54000,54000
1d5324e08f236b97fbedbbc09a79924c0f55b6cb,1548.51,61.30,6.183467747,54000,54000
b8ad84648f7a947fb4f9a15507c4ce0be062c54a,1576.75,62.65,6.293616474,54000,54000
5588e7eb2fc24a265b5650e65d3452774726e86d,1452.61,57.48,5.825258500,54000,54000
489121b21f18fd72e0d9f4b53fd8e301f842f83b,1399.33,55.00,5.622749133,54000,54000
0a7c9d027afb599101817ed7d06d22b95912de06,1453.84,57.26,5.829076846,54000,54000
a0ce6f065a3e3abd1b832367639f09ea31248420,1530.66,60.57,6.126432192,54000,54000
1d5324e08f236b97fbedbbc09a79924c0f55b6cb,1551.80,61.48,6.196047785,54000,54000
1910d72e34452a0eb2c731c82624461d3425d048,1425.47,56.36,5.696776291,54000,54000
37845b13ccfe3508068318906a6d8df31641a363,1449.53,57.19,5.803689152,54000,54000
b46d90a1eb5269ebfabae58c9229db455685fe80,1453.32,57.49,5.818715287,54000,54000
dbdc91b2ce8448c5c40ab81dc71b69a8ed6999a6,1422.64,56.18,5.689061965,54000,54000
3ea9c83e918ae0684f7457afc7383aa1bfb09071,1442.49,56.74,5.789546030,54000,54000
cea55f7a4c53f6b4166f2bbf342a823c23d4dba8,1413.89,55.75,5.669186771,54000,54000
d13395213eb2b026fe11d5dda3177593ca353ffc,1464.80,57.75,5.877895172,54000,54000
52be12c072df48763c890dca2cb916f9f7a529f9,1402.92,55.00,5.627037701,54000,55000
7eea23784947d624dacd57776d450c3215b4583f,1540.87,60.67,6.147011200,55000,54000
7a7597064d48a7dac9709cd90142f1738f231a13,1442.88,56.74,5.781909628,54000,54000
1838e2888cc9ec3faaf08865f0c7ad9f3067467d,1407.36,55.77,5.619870442,54000,54000
b7a4382f1a55472e8379796149126f37999731b7,1398.56,55.20,5.604088643,54000,54000
7d4b14e3520b98caeae5c07e075cf1737ed01044,1535.98,60.75,6.132675877,54000,54000
7e7434b0ee4acd59d8f57a55bebc692c62f06190,1546.94,60.90,6.195246589,54000,54000
3e80ca34a9a562ddbbb717e989d1c89b3f39171d,1546.92,61.13,6.177523899,54000,54000
37845b13ccfe3508068318906a6d8df31641a363,1455.22,57.23,5.841906409,54000,54000
e7e2b518cd8d5c57e6ace7a005af6ae8b2edaf50,1412.12,55.49,5.656847225,54000,54000
d8611587abc5571f0284490e7fc403871eb0944d,1459.38,57.52,5.837104469,54000,54000
dbdc91b2ce8448c5c40ab81dc71b69a8ed6999a6,1424.82,56.23,5.704955163,54000,54000
c0d4e37d372fe99ab908a4a3afff450859c652e3,1440.58,56.83,5.775475047,55000,54000
e7e2b518cd8d5c57e6ace7a005af6ae8b2edaf50,1395.17,54.74,5.586242892,54000,54000
1910d72e34452a0eb2c731c82624461d3425d048,1419.13,55.91,5.666382344,54000,54000
21696e5fe73093fd8a5bd42e0c40f0a5a6ce27bf,1560.21,61.53,6.237047377,54000,54000
4d524e387ff908043ef72fa37f3ed613cdd39e69,1395.82,55.01,5.580976140,54000,54000
dbdc91b2ce8448c5c40ab81dc71b69a8ed6999a6,1433.56,56.61,5.734079068,54000,54000
3e80ca34a9a562ddbbb717e989d1c89b3f39171d,1538.59,61.07,6.133801393,54000,54000
6c8774e0e7cba6ef9eac17c90f81004b9ee79c51,1445.67,56.93,5.785178855,54000,54000
46b4a764e023a91faac1a085a7a7b6f0bb7428cd,1440.06,56.70,5.771384700,54000,54000
e8d62f313be55637354b3e0ad69ae807c4d67fb6,1521.35,60.05,6.065690323,54000,54000
64e2f833104ef190de3255981015e2af97da257f,1469.81,58.09,5.871724831,55000,55000
64e2f833104ef190de3255981015e2af97da257f,1486.43,58.49,5.941625255,54000,54000
351a68da90ba0dd644af9d20f0a6aac7456a6d13,1401.34,55.11,5.613245381,54000,54000
1910d72e34452a0eb2c731c82624461d3425d048,1408.31,55.53,5.623397267,54000,54000
957b3dda6ab2f4bf7e6a87fa10577622bbfebee0,1451.59,57.00,5.818862623,54000,54000
62bdd1beaee41035965d99c20e517da927bb97ae,1430.08,56.06,5.720216162,54000,54000
6451625786eb5d39f67be2d1c62644ce7f34ffa3,1543.69,60.84,6.163587890,54000,54000
53be6ff83e942046cf6511e652f71831d0343a83,1538.91,60.59,6.144267076,54000,54000
7eea23784947d624dacd57776d450c3215b4583f,1543.60,61.01,6.153171860,54000,54000
1d5324e08f236b97fbedbbc09a79924c0f55b6cb,1521.44,59.98,6.068988113,55000,54000
68c38853d7568f18ce53363e0b88f91378c00df6,1555.28,61.44,6.203239339,54000,54000
7e7434b0ee4acd59d8f57a55bebc692c62f06190,1541.79,60.58,6.153611968,55000,54000
6c8774e0e7cba6ef9eac17c90f81004b9ee79c51,1439.14,56.54,5.769872375,55000,54000
44233ded92deaa9d35a0118c9cf568732ccbdd44,1450.13,56.93,5.800728479,54000,54000
4d61451a34ce5f4501567b81f71dac980e653762,1405.54,55.25,5.624361001,54000,54000
51043a829c09e05d1bdb83625c4cd5b0c16fabcb,1459.04,57.42,5.842287177,54000,54000
7e7434b0ee4acd59d8f57a55bebc692c62f06190,1534.86,60.50,6.129239414,55000,54000
489121b21f18fd72e0d9f4b53fd8e301f842f83b,1396.65,54.81,5.595060165,54000,55000
18f738f8caadcb015ef9ccb323dfc4bf3cbc71ac,1452.05,57.12,5.814595923,55000,54000
7eea23784947d624dacd57776d450c3215b4583f,1530.48,60.33,6.110181157,54000,54000
7a7597064d48a7dac9709cd90142f1738f231a13,1464.40,57.57,5.868473185,54000,54000
107a8b44f8e04650b0b4989912f2ccda6619c031,1409.09,55.11,5.652763255,55000,55000
5a248637415c5e219ba0142ea7f1b066a9ebd25f,1402.89,55.20,5.630371208,54000,55000
91305e3955f21e1d3df99a2d6167da46362e7a01,1397.51,54.82,5.599781977,55000,54000
56b1c644bbc0df9606572680781b8b89a7355cd8,1444.34,56.49,5.790395443,55000,54000
7d4b14e3520b98caeae5c07e075cf1737ed01044,1534.10,60.50,6.130821245,54000,54000
21696e5fe73093fd8a5bd42e0c40f0a5a6ce27bf,1555.87,61.32,6.216495030,54000,54000
b7a4382f1a55472e8379796149126f37999731b7,1430.56,56.42,5.718164640,54000,54000
1150c0b02c435d2bd05e70933f5f12c82e212d8b,1391.41,54.68,5.573346009,54000,54000
6d27d3e0f12f0141447f1070a54a93f02fe4042a,1403.71,55.10,5.619432960,54000,55000
4bcfa0ee8d481f29a44c788aa3e3fd8d20a8393e,1411.13,55.32,5.655536800,54000,54000
957b3dda6ab2f4bf7e6a87fa10577622bbfebee0,1436.02,56.24,5.749331590,54000,54000
4d61451a34ce5f4501567b81f71dac980e653762,1425.78,56.20,5.704095239,54000,54000
18f738f8caadcb015ef9ccb323dfc4bf3cbc71ac,1455.99,57.32,5.833161635,55000,54000
cd6326b39c2477ee5d8a030568a96a95e539fd19,1445.21,56.85,5.788079278,54000,54000
d13395213eb2b026fe11d5dda3177593ca353ffc,1453.29,57.33,5.825248241,54000,54000
7eea23784947d624dacd57776d450c3215b4583f,1537.69,60.93,6.136151085,55000,54000
f087501e178b2ff7d0c60326bd8e069c1237260d,1473.64,57.96,5.892201731,54000,54000
0138ac401ae8da2b12fdcbe580b6f73feedd6a6b,1527.75,60.31,6.101551010,55000,54000
64e2f833104ef190de3255981015e2af97da257f,1462.64,58.02,5.853916189,55000,54000
c7cb4b1ef1abeaa8a9923481993ca4aa0b11cde1,1529.16,60.48,6.112699523,54000,55000
5a339aaeebae4084a4907243ae10bf19c64d5317,1480.64,58.44,5.930445559,54000,54000
4178749479dcc5853399f2b9689ce06e51494984,1407.49,55.31,5.632541024,54000,54000
dd8b743094c466efa954ebcc00276c09bba36ca2,1487.06,58.52,5.967312630,55000,55000
7eea23784947d624dacd57776d450c3215b4583f,1512.75,59.70,6.045043982,55000,54000
b46d90a1eb5269ebfabae58c9229db455685fe80,1462.24,57.44,5.855033052,54000,54000
a951cb2082086e614d12ce18c3a9bf9333e9a60d,1473.95,58.00,5.903052914,55000,54000
af27037cd8ed239375446bdf78cb9e3d53fcf86f,1416.02,55.95,5.664259266,54000,54000
b7a4382f1a55472e8379796149126f37999731b7,1424.92,55.89,5.704620494,54000,54000
2eb4a413f399f6b79eb34cd51a959d9acdfa1148,1551.34,61.29,6.193673972,54000,54000
64e2f833104ef190de3255981015e2af97da257f,1462.78,57.82,5.862357459,54000,54000
6d27d3e0f12f0141447f1070a54a93f02fe4042a,1414.21,55.49,5.660554892,54000,54000
a17b94219fe013d95d09d45d265a9f3eedcf92a8,1573.04,62.36,6.282236913,54000,55000
6c8774e0e7cba6ef9eac17c90f81004b9ee79c51,1459.15,57.54,5.841998197,54000,54000
7e7434b0ee4acd59d8f57a55bebc692c62f06190,1536.63,60.47,6.137761648,54000,54000
3b3043e3e25a3410bd9c2243f30d6e26926bc646,1458.71,57.50,5.838305099,54000,55000
1910d72e34452a0eb2c731c82624461d3425d048,1412.70,55.86,5.651170469,54000,55000
d8611587abc5571f0284490e7fc403871eb0944d,1463.97,57.74,5.873755271,54000,54000
dd8b743094c466efa954ebcc00276c09bba36ca2,1459.66,57.51,5.843008824,54000,54000
53be6ff83e942046cf6511e652f71831d0343a83,1548.44,61.08,6.172660398,55000,55000
1059dc8dea7ed71565a69a1e788934a5071bd2a3,1463.64,57.34,5.861465738,55000,55000
cbfd462693baf7ed51d75508ea8ea9800a8dfae5,1445.50,56.69,5.787586756,54000,54000
ccea5c486b0f6fe1cb43cf7df36d7a94c2496c56,1472.20,57.94,5.892119054,55000,54000
f8a21d6b7549424a444867157cf5aa569bd53faf,1536.11,60.55,6.121811072,54000,55000
2b9cfcc54dff7b79afd89be3ecf1a107b8290278,1391.62,54.66,5.562786530,54000,54000
d8611587abc5571f0284490e7fc403871eb0944d,1447.07,56.95,5.797341522,54000,54000
a951cb2082086e614d12ce18c3a9bf9333e9a60d,1464.73,57.69,5.855099146,54000,54000
4e1d847e4c83052a93c7f49812af917d322756f4,1401.25,54.88,5.612365799,54000,54000
5588e7eb2fc24a265b5650e65d3452774726e86d,1440.68,56.77,5.765514536,55000,54000
a885f084ebb9be660f83cce9aa85ff734ee2023e,1539.46,61.01,6.148531240,54000,54000
e6e71118c0a1fcf5c47eefbce67b851318d6216c,1420.27,55.88,5.688078220,54000,54000
41e45ca5950ecc8f250775a4432948b5910eba45,1545.08,61.12,6.171845903,54000,54000
90b6bac2d698b51dc8465508e3b56377c703c622,1536.67,60.53,6.142765826,55000,54000
6451625786eb5d39f67be2d1c62644ce7f34ffa3,1548.50,61.31,6.179730204,54000,54000
cbfd462693baf7ed51d75508ea8ea9800a8dfae5,1467.10,57.70,5.878201323,54000,54000
0138ac401ae8da2b12fdcbe580b6f73feedd6a6b,1538.00,60.84,6.142558506,55000,54000
fea6020b3d1e6d546f78cab6962cad780f8a11da,1402.31,55.04,5.625063771,54000,55000
0138ac401ae8da2b12fdcbe580b6f73feedd6a6b,1524.62,60.16,6.080085312,54000,54000
978259170e61de613a57a190ff78e3d9a7d07649,1406.76,55.52,5.637011010,54000,54000
90b6bac2d698b51dc8465508e3b56377c703c622,1531.97,60.38,6.118585683,54000,54000
957b3dda6ab2f4bf7e6a87fa10577622bbfebee0,1442.09,56.66,5.773904554,54000,54000
5a339aaeebae4084a4907243ae10bf19c64d5317,1475.73,58.03,5.910550930,54000,54000
af27037cd8ed239375446bdf78cb9e3d53fcf86f,1420.74,56.07,5.680894049,55000,54000
2b9cfcc54dff7b79afd89be3ecf1a107b8290278,1396.35,55.10,5.599911827,54000,54000
52be12c072df48763c890dca2cb916f9f7a529f9,1420.01,55.85,5.691557078,54000,54000
351a68da90ba0dd644af9d20f0a6aac7456a6d13,1393.02,54.66,5.591619834,54000,54000
90b6bac2d698b51dc8465508e3b56377c703c622,1574.24,62.24,6.307388785,54000,54000
f087501e178b2ff7d0c60326bd8e069c1237260d,1489.28,58.85,5.965924888,55000,54000
f8a21d6b7549424a444867157cf5aa569bd53faf,1556.69,61.74,6.218619574,54000,54000
91305e3955f21e1d3df99a2d6167da46362e7a01,1392.00,54.92,5.579407188,55000,54000
62bdd1beaee41035965d99c20e517da927bb97ae,1407.55,55.66,5.631803882,53000,54000
609ca31f585d2cf6404a6e77b047d91bb634cfad,1453.92,57.18,5.830920763,54000,54000
62bdd1beaee41035965d99c20e517da927bb97ae,1410.96,55.77,5.646128441,54000,54000
90b6bac2d698b51dc8465508e3b56377c703c622,1539.74,60.78,6.160246614,54000,54000
c7cb4b1ef1abeaa8a9923481993ca4aa0b11cde1,1537.80,60.90,6.150611458,53000,54000
e7b319806360293e5e66532bb0ec8874ed1a85a1,1533.78,60.68,6.130464308,54000,54000
ccea5c486b0f6fe1cb43cf7df36d7a94c2496c56,1453.09,57.31,5.825774572,54000,54000
7e7434b0ee4acd59d8f57a55bebc692c62f06190,1534.33,60.69,6.135996639,54000,54000
a31c868a871677c50bbe100c83c4f31c94bcda8f,1540.75,60.88,6.153837081,54000,54000
7eea23784947d624dacd57776d450c3215b4583f,1540.20,60.78,6.153442569,54000,54000
2eb4a413f399f6b79eb34cd51a959d9acdfa1148,1535.06,60.72,6.138895107,54000,54000
bbf09ddf3be09ad597406583899fa3811231db6a,1406.07,55.28,5.633271498,54000,54000
5588e7eb2fc24a265b5650e65d3452774726e86d,1467.18,57.66,5.881906854,54000,55000
5233ac61b62e943f4e983e502e5bd0b032f2c2e6,1394.75,54.85,5.585471349,54000,55000
4178749479dcc5853399f2b9689ce06e51494984,1393.86,54.80,5.583902685,54000,54000
d6f37cf1658efd2d80dc19bb2beb86264b9d2887,1394.08,54.99,5.581444816,54000,54000
5dce2374aae6a1af981764a07fb138bbd3eb179d,1561.84,61.69,6.241000156,54000,54000
cd6326b39c2477ee5d8a030568a96a95e539fd19,1461.79,57.28,5.869029208,54000,53000
6688d3b99b6bac78c3ccc01b9be87e4b78360206,1453.42,57.07,5.832870123,53000,54000
3e80ca34a9a562ddbbb717e989d1c89b3f39171d,1524.71,60.35,6.094032732,54000,54000
609ca31f585d2cf6404a6e77b047d91bb634cfad,1447.34,56.94,5.803474285,54000,54000
3e80ca34a9a562ddbbb717e989d1c89b3f39171d,1538.84,60.69,6.136289234,54000,54000
3e80ca34a9a562ddbbb717e989d1c89b3f39171d,1566.54,61.85,6.257628080,54000,54000
8a19a006af6553950a995930f2082df154cd5597,1459.18,57.26,5.846731044,54000,54000
20c189a240e1f863d07a5cf91453cc1c2fdf4823,1566.00,61.68,6.244120198,54000,54000
351a68da90ba0dd644af9d20f0a6aac7456a6d13,1394.34,54.72,5.593764370,54000,54000
4e1d847e4c83052a93c7f49812af917d322756f4,1411.81,55.55,5.658580503,54000,54000
af27037cd8ed239375446bdf78cb9e3d53fcf86f,1403.54,55.24,5.614524777,54000,54000
53be6ff83e942046cf6511e652f71831d0343a83,1555.87,61.52,6.210367462,54000,54000
62bdd1beaee41035965d99c20e517da927bb97ae,1426.23,56.28,5.697425622,54000,53000
44233ded92deaa9d35a0118c9cf568732ccbdd44,1450.94,56.93,5.812123979,54000,54000
a951cb2082086e614d12ce18c3a9bf9333e9a60d,1459.59,57.43,5.846200335,54000,54000
351a68da90ba0dd644af9d20f0a6aac7456a6d13,1395.40,54.64,5.591575997,54000,53000
adb9650f17520f1de630abc1758e25997263276d,1512.76,59.73,6.042480506,54000,54000
56b1c644bbc0df9606572680781b8b89a7355cd8,1463.77,57.31,5.867934005,54000,53000
f8a21d6b7549424a444867157cf5aa569bd53faf,1554.71,61.22,6.220595416,54000,54000
957b3dda6ab2f4bf7e6a87fa10577622bbfebee0,1461.17,57.50,5.850806228,54000,54000
3b3043e3e25a3410bd9c2243f30d6e26926bc646,1443.14,56.48,5.780313334,54000,54000
68c38853d7568f18ce53363e0b88f91378c00df6,1558.07,61.65,6.213705722,54000,54000
ce6c1b13e5a0d86acd6b3db9eb73479e33eaf851,1404.94,55.35,5.622370541,54000,54000
2b9cfcc54dff7b79afd89be3ecf1a107b8290278,1388.25,54.82,5.556436469,53000,54000
b8ad84648f7a947fb4f9a15507c4ce0be062c54a,1550.69,61.35,6.195298236,54000,54000
e7b319806360293e5e66532bb0ec8874ed1a85a1,1551.07,61.72,6.197751308,54000,54000
494d4bc425a8c2859dbef0bd55a4006c6bc72536,1463.12,57.74,5.872298565,54000,54000
960908c60bb2d39cee35b175a56138bed390674c,1408.91,55.40,5.639788188,54000,54000
b7a4382f1a55472e8379796149126f37999731b7,1441.18,57.09,5.748983629,54000,54000
7eea23784947d624dacd57776d450c3215b4583f,1534.06,60.69,6.133241870,54000,54000
1910d72e34452a0eb2c731c82624461d3425d048,1422.40,56.00,5.685342920,54000,54000
a17b94219fe013d95d09d45d265a9f3eedcf92a8,1538.70,60.97,6.141006739,54000,54000
4f4ae9203b992eb032cc4923d615006298952651,1400.61,55.18,5.595328943,54000,54000
52be12c072df48763c890dca2cb916f9f7a529f9,1412.33,55.71,5.657221823,54000,54000
7a7597064d48a7dac9709cd90142f1738f231a13,1487.12,58.58,5.955132005,55000,54000
4ec362d123f57e4fffb8be6032da3382847a41e9,1406.84,55.35,5.634090122,54000,54000
4178749479dcc5853399f2b9689ce06e51494984,1418.58,55.78,5.685672298,54000,54000
0a7c9d027afb599101817ed7d06d22b95912de06,1472.60,58.33,5.896265309,54000,54000
68c38853d7568f18ce53363e0b88f91378c00df6,1550.89,61.42,6.182997809,54000,54000
e538564debacb8a6bffa626f191e8959d48c6797,1438.62,56.65,5.763425865,54000,54000
e7e2b518cd8d5c57e6ace7a005af6ae8b2edaf50,1403.64,54.87,5.623815932,54000,53000
762ba741dc550cea2b64869483bc9ec53c16fb06,1547.64,61.06,6.181377946,54000,54000
5a248637415c5e219ba0142ea7f1b066a9ebd25f,1412.35,55.56,5.655302074,54000,54000
0d04e957d81cc8ead959c2ab65031fb12a9d5d27,1440.70,56.77,5.781452412,54000,54000
bbf09ddf3be09ad597406583899fa3811231db6a,1395.12,54.74,5.582591677,54000,54000
e538564debacb8a6bffa626f191e8959d48c6797,1433.67,56.46,5.741415077,54000,54000
5a248637415c5e219ba0142ea7f1b066a9ebd25f,1405.31,55.21,5.626367853,54000,54000
1059dc8dea7ed71565a69a1e788934a5071bd2a3,1445.89,57.05,5.793752335,54000,54000
51043a829c09e05d1bdb83625c4cd5b0c16fabcb,1456.67,57.17,5.836021224,54000,54000
960908c60bb2d39cee35b175a56138bed390674c,1420.03,55.80,5.683677487,54000,54000
2eb4a413f399f6b79eb34cd51a959d9acdfa1148,1534.08,60.93,6.129913914,54000,54000
a885f084ebb9be660f83cce9aa85ff734ee2023e,1537.15,60.64,6.136122556,54000,54000
fdc70cbab33a8c5345d1a497a9ce203e8440aba6,1548.58,61.31,6.172950817,54000,54000
5233ac61b62e943f4e983e502e5bd0b032f2c2e6,1387.65,54.68,5.556202415,53000,54000
bbf09ddf3be09ad597406583899fa3811231db6a,1401.88,55.27,5.609719746,54000,54000
4f4ae9203b992eb032cc4923d615006298952651,1409.90,55.86,5.632404925,54000,54000
e538564debacb8a6bffa626f191e8959d48c6797,1436.39,56.08,5.763108014,53000,54000
351a68da90ba0dd644af9d20f0a6aac7456a6d13,1388.23,54.45,5.576021278,54000,54000
7a7597064d48a7dac9709cd90142f1738f231a13,1455.83,57.24,5.835283199,54000,54000
52656a25fd35447a1d7490e818a79419441abea4,1402.16,55.23,5.610512275,53000,54000
56b1c644bbc0df9606572680781b8b89a7355cd8,1441.23,56.53,5.778312768,54000,54000
e7e2b518cd8d5c57e6ace7a005af6ae8b2edaf50,1406.23,55.26,5.633453668,54000,54000
cbfd462693baf7ed51d75508ea8ea9800a8dfae5,1478.35,58.15,5.950348549,53000,54000
4ec362d123f57e4fffb8be6032da3382847a41e9,1415.58,55.92,5.676437733,54000,54000
957b3dda6ab2f4bf7e6a87fa10577622bbfebee0,1440.94,56.46,5.780841267,54000,54000
cea55f7a4c53f6b4166f2bbf342a823c23d4dba8,1408.98,55.34,5.640972651,53000,53000
a17b94219fe013d95d09d45d265a9f3eedcf92a8,1545.50,60.84,6.182272140,54000,54000
53be6ff83e942046cf6511e652f71831d0343a83,1544.32,61.14,6.166445098,54000,54000
1d5324e08f236b97fbedbbc09a79924c0f55b6cb,1551.31,61.32,6.195863643,53000,54000
b46d90a1eb5269ebfabae58c9229db455685fe80,1466.71,57.83,5.879939100,54000,54000
b46d90a1eb5269ebfabae58c9229db455685fe80,1451.12,57.37,5.820002217,54000,54000
4bcfa0ee8d481f29a44c788aa3e3fd8d20a8393e,1409.15,55.65,5.641765334,54000,54000
52656a25fd35447a1d7490e818a79419441abea4,1412.31,55.49,5.654331031,54000,53000
107a8b44f8e04650b0b4989912f2ccda6619c031,1426.79,56.13,5.718199293,53000,54000
adb9650f17520f1de630abc1758e25997263276d,1539.33,60.94,6.136859640,54000,54000
a951cb2082086e614d12ce18c3a9bf9333e9a60d,1463.64,57.70,5.866261438,54000,54000
51043a829c09e05d1bdb83625c4cd5b0c16fabcb,1451.85,57.03,5.818176321,54000,55000
7a7597064d48a7dac9709cd90142f1738f231a13,1468.71,58.01,5.895802699,54000,54000
21696e5fe73093fd8a5bd42e0c40f0a5a6ce27bf,1547.78,61.11,6.168429755,54000,54000
41e45ca5950ecc8f250775a4432948b5910eba45,1527.30,60.50,6.091832375,54000,54000
52be12c072df48763c890dca2cb916f9f7a529f9,1403.53,55.32,5.619793703,54000,54000
56c5c555148b3a2f718ce556363304cab0709374,1407.46,55.55,5.619786266,54000,54000
1d5324e08f236b97fbedbbc09a79924c0f55b6cb,1553.10,61.30,6.189016179,54000,54000
b46d90a1eb5269ebfabae58c9229db455685fe80,1468.15,57.70,5.874504476,54000,54000
2b9cfcc54dff7b79afd89be3ecf1a107b8290278,1377.33,53.96,5.500469612,54000,54000
5a339aaeebae4084a4907243ae10bf19c64d5317,1473.44,57.77,5.891001697,54000,54000
cd6326b39c2477ee5d8a030568a96a95e539fd19,1460.86,57.54,5.866621905,54000,54000
b2c3786228805f8a9e2ed1151e4e33a3bf7e3a70,1400.35,55.12,5.592519835,54000,54000
e7e2b518cd8d5c57e6ace7a005af6ae8b2edaf50,1420.72,55.74,5.687492025,54000,54000
6eadc178b68c20a1a074d2f0e8486c70eee8ecd1,1533.46,60.52,6.111874207,54000,54000
adb9650f17520f1de630abc1758e25997263276d,1548.95,61.39,6.174814346,54000,54000
d13395213eb2b026fe11d5dda3177593ca353ffc,1459.36,57.54,5.839515651,54000,54000
4d61451a34ce5f4501567b81f71dac980e653762,1414.82,55.63,5.665673096,54000,54000
489121b21f18fd72e0d9f4b53fd8e301f842f83b,1407.84,55.21,5.635979644,54000,54000
dca9510ec9a98d37c3798ee8388f4ba8e954fef4,1416.18,55.57,5.660073124,54000,54000
5ebd5b32a6a8cbcebd5303dfd7f4f7b0b173bc53,1429.84,56.04,5.721593050,54000,54000
ce6c1b13e5a0d86acd6b3db9eb73479e33eaf851,1411.79,55.55,5.643827718,54000,54000
cea55f7a4c53f6b4166f2bbf342a823c23d4dba8,1410.00,55.53,5.634542963,54000,53000
8a19a006af6553950a995930f2082df154cd5597,1449.91,56.90,5.808562945,54000,54000
1d5324e08f236b97fbedbbc09a79924c0f55b6cb,1557.61,61.86,6.210038969,54000,54000
4d524e387ff908043ef72fa37f3ed613cdd39e69,1403.40,55.29,5.615579089,54000,54000
cea55f7a4c53f6b4166f2bbf342a823c23d4dba8,1427.36,56.40,5.728012307,54000,54000
609ca31f585d2cf6404a6e77b047d91bb634cfad,1446.09,56.79,5.799628201,54000,54000
41e45ca5950ecc8f250775a4432948b5910eba45,1522.61,60.37,6.071420035,55000,54000
4d524e387ff908043ef72fa37f3ed613cdd39e69,1407.31,55.51,5.634717664,54000,52000
5588e7eb2fc24a265b5650e65d3452774726e86d,1453.62,57.23,5.821408560,54000,54000
3b3043e3e25a3410bd9c2243f30d6e26926bc646,1435.97,56.14,5.753974962,54000,54000
4ec362d123f57e4fffb8be6032da3382847a41e9,1403.66,55.30,5.621775310,54000,53000
bbf09ddf3be09ad597406583899fa3811231db6a,1395.22,54.83,5.594670756,54000,54000
3e80ca34a9a562ddbbb717e989d1c89b3f39171d,1547.79,61.34,6.181061914,54000,54000
fdc70cbab33a8c5345d1a497a9ce203e8440aba6,1527.82,60.17,6.095368927,54000,54000
4f4ae9203b992eb032cc4923d615006298952651,1429.97,56.31,5.727977206,54000,54000
4e1d847e4c83052a93c7f49812af917d322756f4,1410.73,55.63,5.652593533,54000,54000
90b6bac2d698b51dc8465508e3b56377c703c622,1553.96,61.50,6.202592321,54000,55000
4e1d847e4c83052a93c7f49812af917d322756f4,1417.17,55.63,5.673273378,54000,54000
18f738f8caadcb015ef9ccb323dfc4bf3cbc71ac,1465.00,57.85,5.872112090,54000,54000
7d4b14e3520b98caeae5c07e075cf1737ed01044,1540.55,61.21,6.153431879,54000,54000
cea55f7a4c53f6b4166f2bbf342a823c23d4dba8,1405.23,55.38,5.626756247,54000,54000
609ca31f585d2cf6404a6e77b047d91bb634cfad,1450.56,57.18,5.809922954,55000,54000
41e45ca5950ecc8f250775a4432948b5910eba45,1549.10,61.43,6.171949677,54000,54000
4bcfa0ee8d481f29a44c788aa3e3fd8d20a8393e,1402.42,55.15,5.619646323,54000,54000
3ea9c83e918ae0684f7457afc7383aa1bfb09071,1465.40,57.73,5.873404865,54000,54000
4f4ae9203b992eb032cc4923d615006298952651,1400.31,55.25,5.601350258,54000,54000
351a68da90ba0dd644af9d20f0a6aac7456a6d13,1395.50,54.65,5.594296984,54000,54000
a31c868a871677c50bbe100c83c4f31c94bcda8f,1555.98,61.67,6.218408721,54000,54000
62bdd1beaee41035965d99c20e517da927bb97ae,1413.00,55.50,5.663263784,54000,54000
adb9650f17520f1de630abc1758e25997263276d,1538.94,61.00,6.142045981,55000,54000
5588e7eb2fc24a265b5650e65d3452774726e86d,1467.12,57.85,5.879994667,54000,54000
c7cb4b1ef1abeaa8a9923481993ca4aa0b11cde1,1614.66,63.66,6.472802140,54000,54000
6eadc178b68c20a1a074d2f0e8486c70eee8ecd1,1530.75,60.14,6.112525561,54000,54000
e538564debacb8a6bffa626f191e8959d48c6797,1438.37,56.41,5.762032629,54000,54000
107a8b44f8e04650b0b4989912f2ccda6619c031,1414.25,55.58,5.668151773,54000,54000
20c189a240e1f863d07a5cf91453cc1c2fdf4823,1544.99,61.14,6.172909215,54000,54000
7e7434b0ee4acd59d8f57a55bebc692c62f06190,1521.20,59.83,6.073111269,54000,54000
fea6020b3d1e6d546f78cab6962cad780f8a11da,1402.05,55.31,5.609211894,54000,54000
f8a21d6b7549424a444867157cf5aa569bd53faf,1556.72,61.63,6.221195361,54000,54000
e538564debacb8a6bffa626f191e8959d48c6797,1438.75,56.51,5.773442640,54000,55000
0a7c9d027afb599101817ed7d06d22b95912de06,1452.64,57.20,5.809677867,54000,54000
107a8b44f8e04650b0b4989912f2ccda6619c031,1428.87,56.41,5.718594619,54000,54000
4ec362d123f57e4fffb8be6032da3382847a41e9,1406.45,55.42,5.628838395,54000,54000
c0d4e37d372fe99ab908a4a3afff450859c652e3,1455.43,57.29,5.842921894,54000,54000
494d4bc425a8c2859dbef0bd55a4006c6bc72536,1457.73,57.48,5.844745666,55000,54000
e538564debacb8a6bffa626f191e8959d48c6797,1447.83,56.87,5.803212760,54000,53000
b46d90a1eb5269ebfabae58c9229db455685fe80,1464.69,57.72,5.866114784,54000,54000
5233ac61b62e943f4e983e502e5bd0b032f2c2e6,1385.43,54.55,5.535703154,54000,54000
fdc70cbab33a8c5345d1a497a9ce203e8440aba6,1563.52,61.85,6.242544125,54000,54000
1d5324e08f236b97fbedbbc09a79924c0f55b6cb,1510.61,59.49,6.021370664,54000,54000
c7cb4b1ef1abeaa8a9923481993ca4aa0b11cde1,1540.80,60.88,6.147849952,54000,54000
0138ac401ae8da2b12fdcbe580b6f73feedd6a6b,1522.99,60.15,6.068954549,55000,54000
dd8b743094c466efa954ebcc00276c09bba36ca2,1438.93,56.68,5.766166749,54000,55000
6eadc178b68c20a1a074d2f0e8486c70eee8ecd1,1540.62,60.93,6.138155774,54000,54000
a885f084ebb9be660f83cce9aa85ff734ee2023e,1537.81,60.74,6.139376278,54000,55000
46b4a764e023a91faac1a085a7a7b6f0bb7428cd,1446.68,56.70,5.789945437,54000,56000
41e45ca5950ecc8f250775a4432948b5910eba45,1527.01,60.08,6.095632598,54000,54000
e8d62f313be55637354b3e0ad69ae807c4d67fb6,1533.00,60.61,6.118804521,54000,54000
494d4bc425a8c2859dbef0bd55a4006c6bc72536,1459.74,57.69,5.833211335,54000,54000
f8a21d6b7549424a444867157cf5aa569bd53faf,1534.56,60.61,6.130628129,54000,54000
489121b21f18fd72e0d9f4b53fd8e301f842f83b,1396.86,54.92,5.612290162,54000,54000
64e2f833104ef190de3255981015e2af97da257f,1453.28,57.15,5.819276673,54000,54000
dd8b743094c466efa954ebcc00276c09bba36ca2,1446.71,56.98,5.798440254,54000,55000
5dce2374aae6a1af981764a07fb138bbd3eb179d,1536.28,60.72,6.135541967,54000,54000
dd8b743094c466efa954ebcc00276c09bba36ca2,1455.62,57.10,5.823619998,54000,54000
0a7c9d027afb599101817ed7d06d22b95912de06,1439.89,56.91,5.756734429,54000,55000
fea6020b3d1e6d546f78cab6962cad780f8a11da,1424.75,56.04,5.699982027,54000,54000
c61d10302690b7daa738ebaf07c1f46185dc6e60,1452.68,57.20,5.811570924,54000,54000
0138ac401ae8da2b12fdcbe580b6f73feedd6a6b,1560.64,61.73,6.227725304,54000,54000
0d04e957d81cc8ead959c2ab65031fb12a9d5d27,1471.63,57.97,5.894981206,54000,54000
b7a4382f1a55472e8379796149126f37999731b7,1418.59,56.09,5.670911500,55000,54000
5a339aaeebae4084a4907243ae10bf19c64d5317,1479.57,58.16,5.923661031,54000,54000
46b4a764e023a91faac1a085a7a7b6f0bb7428cd,1466.64,57.76,5.870336310,55000,54000
b2c3786228805f8a9e2ed1151e4e33a3bf7e3a70,1415.97,55.68,5.674301112,54000,54000
dd8b743094c466efa954ebcc00276c09bba36ca2,1441.90,56.81,5.779473422,54000,54000
b8ad84648f7a947fb4f9a15507c4ce0be062c54a,1545.12,61.37,6.167862618,54000,54000
5a339aaeebae4084a4907243ae10bf19c64d5317,1483.48,58.50,5.934609807,54000,55000
489121b21f18fd72e0d9f4b53fd8e301f842f83b,1400.07,55.09,5.611627984,54000,54000
a31c868a871677c50bbe100c83c4f31c94bcda8f,1544.07,61.12,6.169376615,54000,54000
a0ce6f065a3e3abd1b832367639f09ea31248420,1555.96,61.61,6.196880503,54000,54000
ccea5c486b0f6fe1cb43cf7df36d7a94c2496c56,1472.28,58.12,5.898004646,54000,54000
21696e5fe73093fd8a5bd42e0c40f0a5a6ce27bf,1530.22,60.58,6.114047886,54000,54000
cd6326b39c2477ee5d8a030568a96a95e539fd19,1451.55,57.25,5.813883498,54000,54000
e7b319806360293e5e66532bb0ec8874ed1a85a1,1547.54,61.29,6.188333336,54000,54000
960908c60bb2d39cee35b175a56138bed390674c,1412.31,55.67,5.649804886,54000,54000
56b1c644bbc0df9606572680781b8b89a7355cd8,1430.91,56.15,5.743614747,54000,55000
b46d90a1eb5269ebfabae58c9229db455685fe80,1476.65,58.36,5.918885043,54000,54000
af27037cd8ed239375446bdf78cb9e3d53fcf86f,1418.57,56.05,5.667397554,54000,54000
37845b13ccfe3508068318906a6d8df31641a363,1462.18,57.63,5.851691201,54000,54000
609ca31f585d2cf6404a6e77b047d91bb634cfad,1442.15,56.94,5.779291120,54000,54000
3b3043e3e25a3410bd9c2243f30d6e26926bc646,1472.19,57.84,5.915429231,54000,54000
978259170e61de613a57a190ff78e3d9a7d07649,1424.92,56.27,5.708035266,53000,54000
af27037cd8ed239375446bdf78cb9e3d53fcf86f,1408.80,55.42,5.633971693,54000,54000
2b9cfcc54dff7b79afd89be3ecf1a107b8290278,1402.07,55.42,5.613396363,54000,54000
dbdc91b2ce8448c5c40ab81dc71b69a8ed6999a6,1421.95,56.31,5.693007051,54000,54000
e538564debacb8a6bffa626f191e8959d48c6797,1437.95,56.52,5.768120499,53000,54000
e8d62f313be55637354b3e0ad69ae807c4d67fb6,1517.59,60.30,6.067583035,54000,54000
1910d72e34452a0eb2c731c82624461d3425d048,1406.85,55.69,5.639227152,54000,54000
adb9650f17520f1de630abc1758e25997263276d,1524.43,60.53,6.087109163,54000,54000
52be12c072df48763c890dca2cb916f9f7a529f9,1408.53,55.37,5.637419688,54000,54000
2eb4a413f399f6b79eb34cd51a959d9acdfa1148,1537.05,61.01,6.135336859,54000,54000
e7e2b518cd8d5c57e6ace7a005af6ae8b2edaf50,1407.38,55.14,5.645125555,54000,53000
1d5324e08f236b97fbedbbc09a79924c0f55b6cb,1536.28,61.06,6.127616498,54000,54000
609ca31f585d2cf6404a6e77b047d91bb634cfad,1464.30,57.60,5.862127847,54000,54000
a17b94219fe013d95d09d45d265a9f3eedcf92a8,1560.50,61.78,6.235002817,53000,54000
cea55f7a4c53f6b4166f2bbf342a823c23d4dba8,1426.52,56.26,5.712769293,54000,54000
5ebd5b32a6a8cbcebd5303dfd7f4f7b0b173bc53,1405.99,55.35,5.625267672,54000,54000
62bdd1beaee41035965d99c20e517da927bb97ae,1436.74,56.83,5.753237517,54000,54000
a31c868a871677c50bbe100c83c4f31c94bcda8f,1563.28,62.15,6.238652423,54000,53000
d13395213eb2b026fe11d5dda3177593ca353ffc,1450.87,57.29,5.805179626,54000,54000
adb9650f17520f1de630abc1758e25997263276d,1524.73,60.17,6.093051944,54000,54000
e7b319806360293e5e66532bb0ec8874ed1a85a1,1536.43,60.80,6.126732508,54000,54000
1838e2888cc9ec3faaf08865f0c7ad9f3067467d,1410.37,55.61,5.636517899,54000,54000
4ec362d123f57e4fffb8be6032da3382847a41e9,1410.27,55.44,5.643919690,53000,54000
a951cb2082086e614d12ce18c3a9bf9333e9a60d,1481.06,58.40,5.950502459,54000,54000
62bdd1beaee41035965d99c20e517da927bb97ae,1404.96,55.43,5.620815578,54000,54000
960908c60bb2d39cee35b175a56138bed390674c,1416.28,55.78,5.666562067,55000,54000
3e80ca34a9a562ddbbb717e989d1c89b3f39171d,1552.12,61.70,6.191086276,54000,54000
7eea23784947d624dacd57776d450c3215b4583f,1540.50,60.59,6.144984020,54000,54000
1150c0b02c435d2bd05e70933f5f12c82e212d8b,1410.41,55.38,5.645542762,54000,54000
dbdc91b2ce8448c5c40ab81dc71b69a8ed6999a6,1409.62,55.78,5.639874746,54000,54000
3e80ca34a9a562ddbbb717e989d1c89b3f39171d,1544.84,61.03,6.153673494,54000,54000
8a19a006af6553950a995930f2082df154cd5597,1464.99,57.71,5.863335095,54000,54000
53be6ff83e942046cf6511e652f71831d0343a83,1542.10,61.14,6.157077532,54000,54000
41e45ca5950ecc8f250775a4432948b5910eba45,1550.37,61.25,6.192839043,54000,54000
fea6020b3d1e6d546f78cab6962cad780f8a11da,1402.79,55.19,5.611202600,54000,54000
cd6326b39c2477ee5d8a030568a96a95e539fd19,1453.70,57.30,5.825331211,54000,54000
5233ac61b62e943f4e983e502e5bd0b032f2c2e6,1409.75,55.63,5.637119379,54000,54000
489121b21f18fd72e0d9f4b53fd8e301f842f83b,1424.23,55.96,5.699195503,54000,54000
68c38853d7568f18ce53363e0b88f91378c00df6,1562.54,61.95,6.238105662,54000,54000
a40a918f208350e233527254e9053b30a8d80eda,1549.89,61.48,6.198412870,54000,54000
494d4bc425a8c2859dbef0bd55a4006c6bc72536,1450.09,57.07,5.816231706,54000,54000
e7b319806360293e5e66532bb0ec8874ed1a85a1,1529.92,60.49,6.121291441,55000,54000
f8a21d6b7549424a444867157cf5aa569bd53faf,1533.02,60.60,6.120014258,54000,54000
fea6020b3d1e6d546f78cab6962cad780f8a11da,1408.69,55.63,5.631995071,54000,54000
c61d10302690b7daa738ebaf07c1f46185dc6e60,1437.92,56.62,5.759953405,54000,53000
4178749479dcc5853399f2b9689ce06e51494984,1399.61,55.05,5.606828899,54000,54000
d13395213eb2b026fe11d5dda3177593ca353ffc,1472.74,58.13,5.896319492,54000,54000
960908c60bb2d39cee35b175a56138bed390674c,1407.51,55.73,5.645953618,54000,54000
20c189a240e1f863d07a5cf91453cc1c2fdf4823,1562.83,61.91,6.243173755,54000,54000
2b9cfcc54dff7b79afd89be3ecf1a107b8290278,1387.25,54.68,5.557352248,54000,54000
fea6020b3d1e6d546f78cab6962cad780f8a11da,1403.33,55.18,5.614907660,54000,54000
6688d3b99b6bac78c3ccc01b9be87e4b78360206,1448.05,57.04,5.804125424,54000,53000
af27037cd8ed239375446bdf78cb9e3d53fcf86f,1400.72,55.21,5.612875541,54000,54000
a0ce6f065a3e3abd1b832367639f09ea31248420,1549.13,61.46,6.177872027,54000,54000
7eea23784947d624dacd57776d450c3215b4583f,1540.64,60.55,6.151014310,54000,54000
56c5c555148b3a2f718ce556363304cab0709374,1406.85,55.50,5.628433624,54000,55000
107a8b44f8e04650b0b4989912f2ccda6619c031,1411.25,55.49,5.647369742,54000,54000
957b3dda6ab2f4bf7e6a87fa10577622bbfebee0,1447.22,56.66,5.803526895,54000,54000
957b3dda6ab2f4bf7e6a87fa10577622bbfebee0,1431.37,56.35,5.736519398,54000,54000
56c5c555148b3a2f718ce556363304cab0709374,1422.65,56.01,5.688637114,54000,54000
7eea23784947d624dacd57776d450c3215b4583f,1529.85,60.14,6.109580348,54000,54000
4ec362d123f57e4fffb8be6032da3382847a41e9,1413.88,55.86,5.654729616,54000,54000
1059dc8dea7ed71565a69a1e788934a5071bd2a3,1455.57,57.18,5.838082996,54000,54000
a885f084ebb9be660f83cce9aa85ff734ee2023e,1546.86,60.99,6.188256471,54000,54000
1059dc8dea7ed71565a69a1e788934a5071bd2a3,1443.24,56.83,5.773207304,54000,54000
4e1d847e4c83052a93c7f49812af917d322756f4,1405.31,54.93,5.622994786,54000,54000
c0d4e37d372fe99ab908a4a3afff450859c652e3,1456.78,57.25,5.830815202,54000,54000
6eadc178b68c20a1a074d2f0e8486c70eee8ecd1,1535.33,60.69,6.123945004,54000,54000
1059dc8dea7ed71565a69a1e788934a5071bd2a3,1458.29,57.04,5.838066491,53000,54000
1059dc8dea7ed71565a69a1e788934a5071bd2a3,1458.52,57.15,5.841809103,54000,55000
68c38853d7568f18ce53363e0b88f91378c00df6,1543.81,60.73,6.155312553,54000,54000
1910d72e34452a0eb2c731c82624461d3425d048,1418.07,55.88,5.669171439,54000,54000
d6f37cf1658efd2d80dc19bb2beb86264b9d2887,1384.93,54.73,5.533717301,54000,54000
c0d4e37d372fe99ab908a4a3afff450859c652e3,1470.48,57.90,5.884386628,54000,54000
18f738f8caadcb015ef9ccb323dfc4bf3cbc71ac,1468.26,57.61,5.878601794,54000,53000
4e1d847e4c83052a93c7f49812af917d322756f4,1414.57,55.45,5.654678611,54000,53000
609ca31f585d2cf6404a6e77b047d91bb634cfad,1462.60,57.38,5.854030066,54000,54000
4e1d847e4c83052a93c7f49812af917d322756f4,1431.84,56.33,5.734157173,54000,54000
46b4a764e023a91faac1a085a7a7b6f0bb7428cd,1441.59,56.81,5.771029698,54000,54000
d13395213eb2b026fe11d5dda3177593ca353ffc,1475.68,58.28,5.893055853,54000,54000
5588e7eb2fc24a265b5650e65d3452774726e86d,1439.89,56.71,5.766298596,54000,55000
978259170e61de613a57a190ff78e3d9a7d07649,1431.49,56.39,5.728103176,54000,54000
6451625786eb5d39f67be2d1c62644ce7f34ffa3,1544.84,61.10,6.167138521,54000,54000
8a19a006af6553950a995930f2082df154cd5597,1461.20,57.55,5.847145618,53000,54000
ccea5c486b0f6fe1cb43cf7df36d7a94c2496c56,1475.72,58.43,5.883685647,54000,54000
46b4a764e023a91faac1a085a7a7b6f0bb7428cd,1454.86,57.18,5.810300105,54000,54000
7e7434b0ee4acd59d8f57a55bebc692c62f06190,1511.58,59.53,6.039753258,54000,54000
ce6c1b13e5a0d86acd6b3db9eb73479e33eaf851,1391.35,54.78,5.569959617,53000,54000
6688d3b99b6bac78c3ccc01b9be87e4b78360206,1441.92,56.45,5.780107426,54000,54000
7a7597064d48a7dac9709cd90142f1738f231a13,1463.53,57.49,5.858453748,55000,54000
90b6bac2d698b51dc8465508e3b56377c703c622,1530.80,60.25,6.120617306,54000,54000
6d27d3e0f12f0141447f1070a54a93f02fe4042a,1399.87,54.81,5.599300023,54000,55000
bbf09ddf3be09ad597406583899fa3811231db6a,1397.07,54.67,5.593072030,54000,54000
c7cb4b1ef1abeaa8a9923481993ca4aa0b11cde1,1554.12,61.43,6.193317651,54000,54000
3e80ca34a9a562ddbbb717e989d1c89b3f39171d,1523.19,60.20,6.076021341,54000,54000
5233ac61b62e943f4e983e502e5bd0b032f2c2e6,1418.52,55.94,5.664810006,54000,54000
e7e2b518cd8d5c57e6ace7a005af6ae8b2edaf50,1391.28,54.53,5.566247120,54000,54000
6451625786eb5d39f67be2d1c62644ce7f34ffa3,1541.92,60.99,6.144568079,54000,54000
3e80ca34a9a562ddbbb717e989d1c89b3f39171d,1538.82,60.83,6.139623090,54000,54000
b2c3786228805f8a9e2ed1151e4e33a3bf7e3a70,1401.50,55.29,5.604427643,54000,54000
0138ac401ae8da2b12fdcbe580b6f73feedd6a6b,1537.70,60.93,6.129701918,54000,54000
ce6c1b13e5a0d86acd6b3db9eb73479e33eaf851,1389.50,54.76,5.559405458,54000,54000
c61d10302690b7daa738ebaf07c1f46185dc6e60,1458.20,57.17,5.843280725,54000,53000
6451625786eb5d39f67be2d1c62644ce7f34ffa3,1540.32,60.72,6.146850842,53000,55000
957b3dda6ab2f4bf7e6a87fa10577622bbfebee0,1452.45,57.18,5.814309098,54000,54000
4e1d847e4c83052a93c7f49812af917d322756f4,1419.95,55.88,5.692946709,54000,54000
4d524e387ff908043ef72fa37f3ed613cdd39e69,1420.48,56.13,5.677400082,54000,54000
d8611587abc5571f0284490e7fc403871eb0944d,1466.35,57.92,5.872461007,54000,54000
d8611587abc5571f0284490e7fc403871eb0944d,1461.17,57.45,5.854800172,54000,54000
d13395213eb2b026fe11d5dda3177593ca353ffc,1465.56,58.02,5.874484053,55000,54000
960908c60bb2d39cee35b175a56138bed390674c,1406.51,55.45,5.626308845,54000,54000
5a248637415c5e219ba0142ea7f1b066a9ebd25f,1402.63,55.31,5.624281959,54000,55000
1059dc8dea7ed71565a69a1e788934a5071bd2a3,1446.78,56.78,5.803984523,54000,54000
0d04e957d81cc8ead959c2ab65031fb12a9d5d27,1455.52,57.29,5.834571006,54000,54000
f8a21d6b7549424a444867157cf5aa569bd53faf,1534.93,60.84,6.136857289,54000,54000
dd8b743094c466efa954ebcc00276c09bba36ca2,1457.22,57.16,5.839133486,54000,54000
21696e5fe73093fd8a5bd42e0c40f0a5a6ce27bf,1566.56,61.82,6.270676398,54000,54000
6c8774e0e7cba6ef9eac17c90f81004b9ee79c51,1462.71,57.43,5.865404318,54000,54000
494d4bc425a8c2859dbef0bd55a4006c6bc72536,1466.85,57.60,5.872463485,54000,54000
62bdd1beaee41035965d99c20e517da927bb97ae,1428.44,56.26,5.725232772,54000,54000
978259170e61de613a57a190ff78e3d9a7d07649,1412.49,55.56,5.649489956,53000,53000
53be6ff83e942046cf6511e652f71831d0343a83,1518.42,59.93,6.069928520,53000,54000
960908c60bb2d39cee35b175a56138bed390674c,1422.91,56.08,5.685417838,54000,54000
56c5c555148b3a2f718ce556363304cab0709374,1408.54,55.53,5.638067292,54000,55000
cd6326b39c2477ee5d8a030568a96a95e539fd19,1455.06,57.26,5.826803527,54000,54000
2b9cfcc54dff7b79afd89be3ecf1a107b8290278,1378.62,54.18,5.530656701,54000,54000
6688d3b99b6bac78c3ccc01b9be87e4b78360206,1442.63,56.52,5.786308255,54000,54000
a17b94219fe013d95d09d45d265a9f3eedcf92a8,1548.90,61.10,6.188202157,54000,54000
3b3043e3e25a3410bd9c2243f30d6e26926bc646,1454.05,57.17,5.821340522,54000,54000
20c189a240e1f863d07a5cf91453cc1c2fdf4823,1541.45,60.85,6.153868596,54000,54000
c61d10302690b7daa738ebaf07c1f46185dc6e60,1463.16,57.55,5.874552091,55000,54000
2eb4a413f399f6b79eb34cd51a959d9acdfa1148,1560.16,61.67,6.243063375,54000,54000
0a7c9d027afb599101817ed7d06d22b95912de06,1438.40,56.74,5.762791084,54000,54000
cd6326b39c2477ee5d8a030568a96a95e539fd19,1479.84,58.33,5.929816355,54000,54000
6688d3b99b6bac78c3ccc01b9be87e4b78360206,1448.82,56.94,5.812581202,54000,54000
7eea23784947d624dacd57776d450c3215b4583f,1532.55,60.47,6.111835104,54000,54000
5a248637415c5e219ba0142ea7f1b066a9ebd25f,1399.53,54.92,5.605772857,54000,53000
4f4ae9203b992eb032cc4923d615006298952651,1432.71,56.72,5.728699948,54000,54000
e538564debacb8a6bffa626f191e8959d48c6797,1458.21,57.48,5.849799293,54000,54000
e6e71118c0a1fcf5c47eefbce67b851318d6216c,1415.03,55.94,5.665102721,54000,54000
a0ce6f065a3e3abd1b832367639f09ea31248420,1549.37,61.49,6.172766669,54000,54000
4f4ae9203b992eb032cc4923d615006298952651,1413.94,55.68,5.662719320,54000,54000
90b6bac2d698b51dc8465508e3b56377c703c622,1543.10,60.90,6.160019824,54000,54000
d6f37cf1658efd2d80dc19bb2beb86264b9d2887,1416.15,55.92,5.663090897,54000,54000
e7b319806360293e5e66532bb0ec8874ed1a85a1,1544.82,61.02,6.162559253,54000,54000
4ec362d123f57e4fffb8be6032da3382847a41e9,1416.38,55.81,5.664524283,54000,54000
56c5c555148b3a2f718ce556363304cab0709374,1411.31,55.69,5.644398363,54000,54000
2b9cfcc54dff7b79afd89be3ecf1a107b8290278,1399.85,55.28,5.596788709,54000,54000
90b6bac2d698b51dc8465508e3b56377c703c622,1555.93,61.52,6.199311278,54000,54000
fdc70cbab33a8c5345d1a497a9ce203e8440aba6,1552.61,61.43,6.183176149,54000,54000
37845b13ccfe3508068318906a6d8df31641a363,1456.17,57.55,5.833256838,54000,54000
dca9510ec9a98d37c3798ee8388f4ba8e954fef4,1407.61,55.24,5.634987673,54000,54000
960908c60bb2d39cee35b175a56138bed390674c,1414.00,55.67,5.655725122,54000,54000
44233ded92deaa9d35a0118c9cf568732ccbdd44,1449.77,56.89,5.807777345,54000,54000
4178749479dcc5853399f2b9689ce06e51494984,1410.29,55.31,5.643053835,54000,54000
ce6c1b13e5a0d86acd6b3db9eb73479e33eaf851,1416.96,55.82,5.660803814,54000,54000
4d61451a34ce5f4501567b81f71dac980e653762,1414.69,55.45,5.659557765,54000,54000
d8611587abc5571f0284490e7fc403871eb0944d,1455.25,57.32,5.833595849,54000,54000
cea55f7a4c53f6b4166f2bbf342a823c23d4dba8,1390.88,54.87,5.567340572,54000,54000
107a8b44f8e04650b0b4989912f2ccda6619c031,1401.96,54.92,5.609407327,54000,54000
c61d10302690b7daa738ebaf07c1f46185dc6e60,1457.32,57.01,5.836131503,54000,54000
dbdc91b2ce8448c5c40ab81dc71b69a8ed6999a6,1406.10,55.37,5.614732266,54000,54000
7d4b14e3520b98caeae5c07e075cf1737ed01044,1533.66,60.59,6.120151407,54000,54000
1d5324e08f236b97fbedbbc09a79924c0f55b6cb,1550.65,61.29,6.187217408,54000,54000
51043a829c09e05d1bdb83625c4cd5b0c16fabcb,1449.58,57.01,5.797446393,54000,54000
e7e2b518cd8d5c57e6ace7a005af6ae8b2edaf50,1418.75,55.79,5.676241019,54000,54000
5588e7eb2fc24a265b5650e65d3452774726e86d,1451.40,57.03,5.805903307,54000,54000
6688d3b99b6bac78c3ccc01b9be87e4b78360206,1446.65,56.49,5.800872095,54000,54000
3b3043e3e25a3410bd9c2243f30d6e26926bc646,1436.34,56.32,5.756094813,54000,54000
b2c3786228805f8a9e2ed1151e4e33a3bf7e3a70,1390.67,54.76,5.568761008,54000,54000
5588e7eb2fc24a265b5650e65d3452774726e86d,1435.75,56.51,5.748691509,54000,54000
68c38853d7568f18ce53363e0b88f91378c00df6,1553.44,61.27,6.203733434,54000,54000
62bdd1beaee41035965d99c20e517da927bb97ae,1421.16,55.86,5.682875164,54000,54000
489121b21f18fd72e0d9f4b53fd8e301f842f83b,1400.82,55.26,5.611594344,54000,54000
5a339aaeebae4084a4907243ae10bf19c64d5317,1466.21,57.84,5.872136375,54000,54000
978259170e61de613a57a190ff78e3d9a7d07649,1429.36,56.69,5.712825771,54000,54000
e538564debacb8a6bffa626f191e8959d48c6797,1445.05,56.81,5.787206302,54000,54000
6d27d3e0f12f0141447f1070a54a93f02fe4042a,1404.05,55.38,5.619487393,54000,54000
f087501e178b2ff7d0c60326bd8e069c1237260d,1473.09,58.16,5.906302163,54000,54000
0d04e957d81cc8ead959c2ab65031fb12a9d5d27,1442.87,57.01,5.791753914,54000,54000
c0d4e37d372fe99ab908a4a3afff450859c652e3,1453.79,57.23,5.824626789,54000,54000
5a248637415c5e219ba0142ea7f1b066a9ebd25f,1416.26,55.64,5.675375356,54000,54000
3e80ca34a9a562ddbbb717e989d1c89b3f39171d,1516.94,59.87,6.060083195,54000,54000
b2c3786228805f8a9e2ed1151e4e33a3bf7e3a70,1405.63,55.40,5.616064731,54000,54000
dca9510ec9a98d37c3798ee8388f4ba8e954fef4,1396.70,54.99,5.600251566,54000,54000
18f738f8caadcb015ef9ccb323dfc4bf3cbc71ac,1472.95,57.99,5.899244158,54000,54000
bbf09ddf3be09ad597406583899fa3811231db6a,1409.60,55.41,5.642324727,54000,54000
68c38853d7568f18ce53363e0b88f91378c00df6,1553.27,61.64,6.213609878,54000,54000
62bdd1beaee41035965d99c20e517da927bb97ae,1432.77,56.40,5.745899749,54000,54000
e6e71118c0a1fcf5c47eefbce67b851318d6216c,1408.97,55.49,5.648182032,54000,54000
978259170e61de613a57a190ff78e3d9a7d07649,1416.32,55.87,5.667052977,54000,54000
1150c0b02c435d2bd05e70933f5f12c82e212d8b,1422.40,56.12,5.715013384,54000,54000
4178749479dcc5853399f2b9689ce06e51494984,1398.56,55.03,5.604867253,54000,54000
3ea9c83e918ae0684f7457afc7383aa1bfb09071,1466.26,57.82,5.881909380,54000,54000
4d524e387ff908043ef72fa37f3ed613cdd39e69,1407.50,55.79,5.635468293,54000,54000
90b6bac2d698b51dc8465508e3b56377c703c622,1550.87,61.62,6.204646560,54000,54000
960908c60bb2d39cee35b175a56138bed390674c,1424.56,56.15,5.694406490,53000,54000
8a19a006af6553950a995930f2082df154cd5597,1465.14,57.82,5.872247346,54000,53000
a17b94219fe013d95d09d45d265a9f3eedcf92a8,1531.74,60.68,6.123562909,54000,54000
2b9cfcc54dff7b79afd89be3ecf1a107b8290278,1382.94,54.63,5.550249848,54000,54000
e7b319806360293e5e66532bb0ec8874ed1a85a1,1564.33,62.02,6.261836896,54000,54000
7a7597064d48a7dac9709cd90142f1738f231a13,1457.28,57.36,5.841070877,54000,53000
a885f084ebb9be660f83cce9aa85ff734ee2023e,1545.95,61.18,6.207131861,54000,54000
6c8774e0e7cba6ef9eac17c90f81004b9ee79c51,1457.66,57.52,5.868869413,54000,54000
3e80ca34a9a562ddbbb717e989d1c89b3f39171d,1530.04,60.74,6.120290315,54000,54000
91305e3955f21e1d3df99a2d6167da46362e7a01,1405.37,55.33,5.635921770,54000,54000
d6f37cf1658efd2d80dc19bb2beb86264b9d2887,1391.41,54.94,5.569575000,54000,54000
8a19a006af6553950a995930f2082df154cd5597,1457.30,57.51,5.841792841,54000,54000
4e1d847e4c83052a93c7f49812af917d322756f4,1409.28,55.62,5.645607779,54000,53000
7e7434b0ee4acd59d8f57a55bebc692c62f06190,1521.31,60.04,6.086583254,54000,54000
90b6bac2d698b51dc8465508e3b56377c703c622,1533.11,60.54,6.135177464,54000,54000
f087501e178b2ff7d0c60326bd8e069c1237260d,1462.12,57.73,5.852846316,53000,54000
7a7597064d48a7dac9709cd90142f1738f231a13,1447.77,57.17,5.808901522,54000,54000
e8d62f313be55637354b3e0ad69ae807c4d67fb6,1550.73,61.30,6.200386129,53000,54000
6d27d3e0f12f0141447f1070a54a93f02fe4042a,1407.18,55.41,5.645962204,54000,54000
68c38853d7568f18ce53363e0b88f91378c00df6,1549.77,61.38,6.196487126,53000,54000
b7a4382f1a55472e8379796149126f37999731b7,1417.63,55.90,5.683183191,54000,54000
5233ac61b62e943f4e983e502e5bd0b032f2c2e6,1412.78,55.64,5.659894603,54000,54000
fdc70cbab33a8c5345d1a497a9ce203e8440aba6,1562.88,61.89,6.236681454,54000,54000
489121b21f18fd72e0d9f4b53fd8e301f842f83b,1394.64,54.93,5.576142106,54000,54000
90b6bac2d698b51dc8465508e3b56377c703c622,1544.50,61.19,6.161818747,54000,54000
41e45ca5950ecc8f250775a4432948b5910eba45,1534.65,60.66,6.122767624,54000,54000
5ebd5b32a6a8cbcebd5303dfd7f4f7b0b173bc53,1400.55,55.33,5.598404194,54000,54000
4f4ae9203b992eb032cc4923d615006298952651,1435.51,56.82,5.728781505,54000,54000
0d04e957d81cc8ead959c2ab65031fb12a9d5d27,1454.88,57.24,5.830668156,54000,54000
6688d3b99b6bac78c3ccc01b9be87e4b78360206,1445.87,56.72,5.808570927,54000,54000
44233ded92deaa9d35a0118c9cf568732ccbdd44,1466.16,57.80,5.870896432,54000,54000
52be12c072df48763c890dca2cb916f9f7a529f9,1404.12,55.24,5.635363811,54000,54000
62bdd1beaee41035965d99c20e517da927bb97ae,1411.76,55.49,5.648834958,54000,54000
4ec362d123f57e4fffb8be6032da3382847a41e9,1429.97,56.27,5.720630671,54000,54000
dd8b743094c466efa954ebcc00276c09bba36ca2,1447.15,57.18,5.791214270,54000,54000
a31c868a871677c50bbe100c83c4f31c94bcda8f,1554.62,61.31,6.216274508,54000,54000
1059dc8dea7ed71565a69a1e788934a5071bd2a3,1465.46,57.74,5.867796946,54000,54000
5ebd5b32a6a8cbcebd5303dfd7f4f7b0b173bc53,1402.96,55.36,5.618637717,54000,54000
e538564debacb8a6bffa626f191e8959d48c6797,1445.57,56.93,5.794712962,54000,54000
6c8774e0e7cba6ef9eac17c90f81004b9ee79c51,1450.40,57.40,5.806142448,54000,54000
6c8774e0e7cba6ef9eac17c90f81004b9ee79c51,1446.51,57.04,5.804865968,54000,54000
dca9510ec9a98d37c3798ee8388f4ba8e954fef4,1403.40,55.31,5.627774889,54000,54000
978259170e61de613a57a190ff78e3d9a7d07649,1425.05,56.20,5.714886374,54000,54000
bbf09ddf3be09ad597406583899fa3811231db6a,1393.32,54.82,5.582257007,54000,54000
56c5c555148b3a2f718ce556363304cab0709374,1405.34,55.36,5.626598885,54000,53000
8a19a006af6553950a995930f2082df154cd5597,1453.45,57.22,5.820026852,54000,54000
a0ce6f065a3e3abd1b832367639f09ea31248420,1555.59,61.46,6.212623566,54000,54000
b2c3786228805f8a9e2ed1151e4e33a3bf7e3a70,1428.77,56.28,5.733489936,54000,54000
5a248637415c5e219ba0142ea7f1b066a9ebd25f,1393.05,54.78,5.594823248,54000,54000
46b4a764e023a91faac1a085a7a7b6f0bb7428cd,1458.75,57.55,5.845099015,54000,54000
7a7597064d48a7dac9709cd90142f1738f231a13,1455.89,57.26,5.831412413,54000,54000
351a68da90ba0dd644af9d20f0a6aac7456a6d13,1400.18,54.92,5.611197856,52000,54000
fea6020b3d1e6d546f78cab6962cad780f8a11da,1420.58,55.97,5.684635920,54000,54000
762ba741dc550cea2b64869483bc9ec53c16fb06,1556.34,61.38,6.218941085,53000,54000
56b1c644bbc0df9606572680781b8b89a7355cd8,1436.66,56.37,5.767965377,53000,53000
d6f37cf1658efd2d80dc19bb2beb86264b9d2887,1399.46,55.45,5.608197480,54000,54000
44233ded92deaa9d35a0118c9cf568732ccbdd44,1448.45,57.03,5.807360636,54000,53000
6eadc178b68c20a1a074d2f0e8486c70eee8ecd1,1541.70,61.03,6.148350904,54000,52000
4178749479dcc5853399f2b9689ce06e51494984,1408.28,55.47,5.654863879,53000,54000
494d4bc425a8c2859dbef0bd55a4006c6bc72536,1438.03,56.73,5.768107043,54000,54000
2b9cfcc54dff7b79afd89be3ecf1a107b8290278,1406.42,55.43,5.657835710,54000,54000
960908c60bb2d39cee35b175a56138bed390674c,1415.18,55.68,5.675079032,53000,53000
1059dc8dea7ed71565a69a1e788934a5071bd2a3,1461.43,57.34,5.860728409,54000,54000
3b3043e3e25a3410bd9c2243f30d6e26926bc646,1450.75,57.24,5.814227728,54000,54000
e8d62f313be55637354b3e0ad69ae807c4d67fb6,1537.86,60.77,6.146327823,54000,53000
d6f37cf1658efd2d80dc19bb2beb86264b9d2887,1404.01,55.45,5.623927899,54000,54000
41e45ca5950ecc8f250775a4432948b5910eba45,1540.25,60.95,6.139693161,54000,54000
7e7434b0ee4acd59d8f57a55bebc692c62f06190,1550.32,61.20,6.186943718,54000,54000
7eea23784947d624dacd57776d450c3215b4583f,1567.23,62.09,6.249678574,54000,53000
e6e71118c0a1fcf5c47eefbce67b851318d6216c,1404.04,55.28,5.624547880,54000,54000
18f738f8caadcb015ef9ccb323dfc4bf3cbc71ac,1434.90,56.46,5.753319441,54000,54000
6eadc178b68c20a1a074d2f0e8486c70eee8ecd1,1519.83,60.07,6.068831656,54000,54000
0a7c9d027afb599101817ed7d06d22b95912de06,1445.53,56.98,5.781662215,54000,53000
e8d62f313be55637354b3e0ad69ae807c4d67fb6,1524.16,60.48,6.090843197,54000,54000
107a8b44f8e04650b0b4989912f2ccda6619c031,1411.56,55.31,5.657724907,54000,54000
1838e2888cc9ec3faaf08865f0c7ad9f3067467d,1386.66,54.53,5.533852050,54000,54000
46b4a764e023a91faac1a085a7a7b6f0bb7428cd,1459.50,57.50,5.835318314,54000,54000
7d4b14e3520b98caeae5c07e075cf1737ed01044,1545.32,61.07,6.179682799,54000,54000
a40a918f208350e233527254e9053b30a8d80eda,1560.30,61.82,6.225977057,54000,54000
107a8b44f8e04650b0b4989912f2ccda6619c031,1398.01,54.88,5.605553168,54000,54000
107a8b44f8e04650b0b4989912f2ccda6619c031,1395.45,54.77,5.587557582,53000,54000
d6f37cf1658efd2d80dc19bb2beb86264b9d2887,1389.79,54.75,5.554025239,54000,53000
4bcfa0ee8d481f29a44c788aa3e3fd8d20a8393e,1416.29,55.69,5.660613906,54000,54000
dd8b743094c466efa954ebcc00276c09bba36ca2,1462.82,57.74,5.852524480,54000,53000
4ec362d123f57e4fffb8be6032da3382847a41e9,1413.72,55.79,5.646783649,54000,54000
6451625786eb5d39f67be2d1c62644ce7f34ffa3,1551.46,61.25,6.186352654,54000,54000
1838e2888cc9ec3faaf08865f0c7ad9f3067467d,1392.53,54.92,5.556494446,53000,54000
d6f37cf1658efd2d80dc19bb2beb86264b9d2887,1390.95,54.80,5.558696114,54000,54000
7a7597064d48a7dac9709cd90142f1738f231a13,1457.09,57.20,5.834014733,54000,53000
53be6ff83e942046cf6511e652f71831d0343a83,1547.99,61.20,6.176632368,54000,53000
5233ac61b62e943f4e983e502e5bd0b032f2c2e6,1400.27,55.19,5.593273596,54000,54000
52656a25fd35447a1d7490e818a79419441abea4,1395.58,54.79,5.588751083,54000,54000
20c189a240e1f863d07a5cf91453cc1c2fdf4823,1544.17,60.98,6.166026050,53000,53000
a31c868a871677c50bbe100c83c4f31c94bcda8f,1541.22,60.75,6.158128717,54000,54000
609ca31f585d2cf6404a6e77b047d91bb634cfad,1449.45,56.94,5.797328897,54000,54000
44233ded92deaa9d35a0118c9cf568732ccbdd44,1474.18,57.88,5.903891744,54000,54000
6d27d3e0f12f0141447f1070a54a93f02fe4042a,1414.13,55.56,5.666012166,54000,54000
4bcfa0ee8d481f29a44c788aa3e3fd8d20a8393e,1392.48,54.60,5.578361034,54000,54000
1910d72e34452a0eb2c731c82624461d3425d048,1417.99,55.75,5.664904430,54000,54000
3b3043e3e25a3410bd9c2243f30d6e26926bc646,1456.84,57.22,5.834599264,54000,54000
5dce2374aae6a1af981764a07fb138bbd3eb179d,1560.54,61.56,6.237189044,54000,54000
c61d10302690b7daa738ebaf07c1f46185dc6e60,1458.75,57.52,5.851078754,54000,54000
56c5c555148b3a2f718ce556363304cab0709374,1420.39,55.92,5.685101225,54000,54000
7e7434b0ee4acd59d8f57a55bebc692c62f06190,1522.40,59.93,6.080606493,54000,54000
dd8b743094c466efa954ebcc00276c09bba36ca2,1451.77,56.99,5.817551886,54000,54000
762ba741dc550cea2b64869483bc9ec53c16fb06,1555.38,61.85,6.211018519,54000,54000
1910d72e34452a0eb2c731c82624461d3425d048,1408.90,55.59,5.644383339,54000,54000
fdc70cbab33a8c5345d1a497a9ce203e8440aba6,1565.39,62.02,6.251902220,54000,54000
3e80ca34a9a562ddbbb717e989d1c89b3f39171d,1543.18,60.88,6.152536720,54000,54000
18f738f8caadcb015ef9ccb323dfc4bf3cbc71ac,1454.53,57.01,5.827208570,54000,54000
ccea5c486b0f6fe1cb43cf7df36d7a94c2496c56,1469.93,57.65,5.892812739,54000,54000
6688d3b99b6bac78c3ccc01b9be87e4b78360206,1450.82,56.83,5.826241329,54000,54000
5588e7eb2fc24a265b5650e65d3452774726e86d,1447.39,56.77,5.799556416,54000,54000
a885f084ebb9be660f83cce9aa85ff734ee2023e,1556.45,61.52,6.217570343,54000,54000
91305e3955f21e1d3df99a2d6167da46362e7a01,1404.03,55.57,5.624676810,54000,54000
b46d90a1eb5269ebfabae58c9229db455685fe80,1454.85,57.50,5.830542127,54000,54000
5588e7eb2fc24a265b5650e65d3452774726e86d,1447.84,56.97,5.800968975,54000,54000
f087501e178b2ff7d0c60326bd8e069c1237260d,1453.32,57.37,5.816609995,54000,54000
5dce2374aae6a1af981764a07fb138bbd3eb179d,1537.42,60.69,6.150424682,53000,54000
53be6ff83e942046cf6511e652f71831d0343a83,1552.83,61.16,6.211579366,54000,54000
7a7597064d48a7dac9709cd90142f1738f231a13,1462.49,57.49,5.857075480,54000,54000
37845b13ccfe3508068318906a6d8df31641a363,1490.73,58.85,5.967215157,54000,54000
af27037cd8ed239375446bdf78cb9e3d53fcf86f,1415.22,55.66,5.671471155,54000,53000
c7cb4b1ef1abeaa8a9923481993ca4aa0b11cde1,1531.21,60.55,6.111657554,54000,54000
a31c868a871677c50bbe100c83c4f31c94bcda8f,1542.31,60.94,6.154687790,54000,54000
0138ac401ae8da2b12fdcbe580b6f73feedd6a6b,1521.81,60.26,6.082152011,54000,54000
7e7434b0ee4acd59d8f57a55bebc692c62f06190,1540.25,60.68,6.158994714,54000,54000
8a19a006af6553950a995930f2082df154cd5597,1464.68,57.51,5.874130598,54000,54000
489121b21f18fd72e0d9f4b53fd8e301f842f83b,1396.54,54.72,5.594218967,54000,54000
91305e3955f21e1d3df99a2d6167da46362e7a01,1420.76,55.86,5.700256374,54000,54000
44233ded92deaa9d35a0118c9cf568732ccbdd44,1445.32,56.88,5.793003292,54000,53000
762ba741dc550cea2b64869483bc9ec53c16fb06,1526.08,60.17,6.092354298,54000,54000
1838e2888cc9ec3faaf08865f0c7ad9f3067467d,1409.86,55.42,5.635739083,54000,54000
e6e71118c0a1fcf5c47eefbce67b851318d6216c,1406.05,55.25,5.623976540,54000,54000
62bdd1beaee41035965d99c20e517da927bb97ae,1410.06,55.69,5.633570533,54000,54000
8a19a006af6553950a995930f2082df154cd5597,1476.21,58.04,5.905918761,54000,54000
4d61451a34ce5f4501567b81f71dac980e653762,1410.39,55.20,5.647665824,54000,54000
4f4ae9203b992eb032cc4923d615006298952651,1417.77,55.91,5.675251795,54000,54000
6eadc178b68c20a1a074d2f0e8486c70eee8ecd1,1528.31,60.12,6.095422939,54000,54000
5a339aaeebae4084a4907243ae10bf19c64d5317,1489.13,58.89,5.963566641,54000,54000
6eadc178b68c20a1a074d2f0e8486c70eee8ecd1,1562.72,61.80,6.227435024,53000,54000
e538564debacb8a6bffa626f191e8959d48c6797,1452.54,56.93,5.809966778,54000,54000
0d04e957d81cc8ead959c2ab65031fb12a9d5d27,1451.57,57.12,5.810677223,54000,54000
c7cb4b1ef1abeaa8a9923481993ca4aa0b11cde1,1552.81,61.76,6.191151128,54000,54000
56c5c555148b3a2f718ce556363304cab0709374,1408.29,55.40,5.622004099,54000,54000
dd8b743094c466efa954ebcc00276c09bba36ca2,1457.28,57.21,5.834789620,53000,54000
e7e2b518cd8d5c57e6ace7a005af6ae8b2edaf50,1410.29,55.31,5.643424835,54000,54000
51043a829c09e05d1bdb83625c4cd5b0c16fabcb,1472.82,58.14,5.892512210,54000,54000
8a19a006af6553950a995930f2082df154cd5597,1459.97,57.56,5.843472654,54000,54000
a17b94219fe013d95d09d45d265a9f3eedcf92a8,1546.55,60.94,6.166555729,54000,54000
3e80ca34a9a562ddbbb717e989d1c89b3f39171d,1531.67,60.43,6.111586352,54000,54000
1d5324e08f236b97fbedbbc09a79924c0f55b6cb,1532.48,60.39,6.112790610,54000,54000
0138ac401ae8da2b12fdcbe580b6f73feedd6a6b,1532.24,60.51,6.115712798,54000,54000
351a68da90ba0dd644af9d20f0a6aac7456a6d13,1401.61,54.97,5.629671734,54000,54000
5dce2374aae6a1af981764a07fb138bbd3eb179d,1575.89,62.28,6.288910352,54000,54000
6eadc178b68c20a1a074d2f0e8486c70eee8ecd1,1563.19,61.94,6.234986840,54000,54000
fea6020b3d1e6d546f78cab6962cad780f8a11da,1412.94,55.51,5.655230557,54000,54000
bbf09ddf3be09ad597406583899fa3811231db6a,1395.06,54.83,5.590005421,54000,54000
4ec362d123f57e4fffb8be6032da3382847a41e9,1412.46,55.54,5.648255141,54000,54000
52be12c072df48763c890dca2cb916f9f7a529f9,1397.32,54.95,5.596099349,52000,54000
d8611587abc5571f0284490e7fc403871eb0944d,1467.95,57.75,5.877445017,54000,54000
5dce2374aae6a1af981764a07fb138bbd3eb179d,1528.85,60.45,6.103445159,54000,54000
52be12c072df48763c890dca2cb916f9f7a529f9,1410.93,55.66,5.646096558,54000,54000
6c8774e0e7cba6ef9eac17c90f81004b9ee79c51,1438.30,56.60,5.769605556,54000,54000
6d27d3e0f12f0141447f1070a54a93f02fe4042a,1403.67,55.29,5.628541230,54000,54000
7e7434b0ee4acd59d8f57a55bebc692c62f06190,1531.57,60.51,6.117794563,54000,54000
2b9cfcc54dff7b79afd89be3ecf1a107b8290278,1373.79,54.05,5.489982530,54000,54000
1838e2888cc9ec3faaf08865f0c7ad9f3067467d,1387.38,54.70,5.544172898,54000,54000
c0d4e37d372fe99ab908a4a3afff450859c652e3,1487.60,58.87,5.987884821,54000,54000
adb9650f17520f1de630abc1758e25997263276d,1512.06,59.79,6.042773777,54000,54000
7eea23784947d624dacd57776d450c3215b4583f,1524.41,60.33,6.085053445,53000,54000
44233ded92deaa9d35a0118c9cf568732ccbdd44,1443.05,56.59,5.786930393,54000,54000
3e80ca34a9a562ddbbb717e989d1c89b3f39171d,1546.82,60.87,6.176727077,54000,54000
dd8b743094c466efa954ebcc00276c09bba36ca2,1467.00,57.73,5.876440135,54000,54000
1838e2888cc9ec3faaf08865f0c7ad9f3067467d,1407.94,55.52,5.620573011,54000,54000
e6e71118c0a1fcf5c47eefbce67b851318d6216c,1428.58,56.39,5.715921187,54000,54000
ccea5c486b0f6fe1cb43cf7df36d7a94c2496c56,1471.43,57.82,5.891363511,54000,54000
21696e5fe73093fd8a5bd42e0c40f0a5a6ce27bf,1548.18,61.15,6.195833745,54000,54000
18f738f8caadcb015ef9ccb323dfc4bf3cbc71ac,1448.53,56.83,5.806927669,54000,54000
cbfd462693baf7ed51d75508ea8ea9800a8dfae5,1448.23,56.97,5.797475865,54000,54000
41e45ca5950ecc8f250775a4432948b5910eba45,1529.59,60.51,6.107982575,54000,54000
6451625786eb5d39f67be2d1c62644ce7f34ffa3,1539.10,60.91,6.152462456,54000,54000
e8d62f313be55637354b3e0ad69ae807c4d67fb6,1521.49,60.06,6.072789337,54000,54000
7a7597064d48a7dac9709cd90142f1738f231a13,1449.58,57.05,5.804288079,54000,54000
f8a21d6b7549424a444867157cf5aa569bd53faf,1544.52,61.02,6.166375541,54000,54000
fea6020b3d1e6d546f78cab6962cad780f8a11da,1412.87,55.78,5.652897335,54000,55000
c0d4e37d372fe99ab908a4a3afff450859c652e3,1451.30,57.26,5.805068223,54000,54000
a31c868a871677c50bbe100c83c4f31c94bcda8f,1563.64,61.54,6.244462068,54000,54000
fdc70cbab33a8c5345d1a497a9ce203e8440aba6,1584.05,62.77,6.318663809,54000,54000
4178749479dcc5853399f2b9689ce06e51494984,1399.62,55.09,5.603617932,54000,54000
2eb4a413f399f6b79eb34cd51a959d9acdfa1148,1551.11,61.37,6.194602671,54000,54000
2b9cfcc54dff7b79afd89be3ecf1a107b8290278,1384.92,54.47,5.542202541,54000,54000
4f4ae9203b992eb032cc4923d615006298952651,1430.38,56.43,5.720274834,54000,55000
46b4a764e023a91faac1a085a7a7b6f0bb7428cd,1448.76,56.99,5.802131548,54000,54000
41e45ca5950ecc8f250775a4432948b5910eba45,1540.21,60.79,6.142780127,54000,54000
494d4bc425a8c2859dbef0bd55a4006c6bc72536,1450.93,57.13,5.813635567,53000,54000
68c38853d7568f18ce53363e0b88f91378c00df6,1551.70,61.26,6.185416103,54000,54000
68c38853d7568f18ce53363e0b88f91378c00df6,1552.63,61.19,6.205548070,54000,54000
609ca31f585d2cf6404a6e77b047d91bb634cfad,1448.38,57.01,5.806818203,54000,54000
5a339aaeebae4084a4907243ae10bf19c64d5317,1464.74,57.77,5.862056940,54000,54000
7d4b14e3520b98caeae5c07e075cf1737ed01044,1531.26,60.36,6.111253355,54000,53000
46b4a764e023a91faac1a085a7a7b6f0bb7428cd,1456.10,57.26,5.827985745,54000,54000
7eea23784947d624dacd57776d450c3215b4583f,1511.65,59.27,6.049534284,54000,54000
56c5c555148b3a2f718ce556363304cab0709374,1403.77,55.26,5.611099219,54000,54000
a885f084ebb9be660f83cce9aa85ff734ee2023e,1553.06,61.26,6.204800691,54000,54000
762ba741dc550cea2b64869483bc9ec53c16fb06,1551.51,61.35,6.180002549,54000,55000
a885f084ebb9be660f83cce9aa85ff734ee2023e,1577.91,62.36,6.299115184,54000,54000
cea55f7a4c53f6b4166f2bbf342a823c23d4dba8,1414.82,55.71,5.649298680,54000,54000
5ebd5b32a6a8cbcebd5303dfd7f4f7b0b173bc53,1422.58,55.93,5.696830778,54000,54000
e8d62f313be55637354b3e0ad69ae807c4d67fb6,1538.51,60.57,6.139905153,54000,54000
fdc70cbab33a8c5345d1a497a9ce203e8440aba6,1551.83,61.19,6.191556396,54000,54000
6688d3b99b6bac78c3ccc01b9be87e4b78360206,1438.34,56.35,5.769494033,54000,54000
489121b21f18fd72e0d9f4b53fd8e301f842f83b,1401.89,54.93,5.616164276,54000,54000
adb9650f17520f1de630abc1758e25997263276d,1522.75,60.19,6.079474616,54000,54000
cea55f7a4c53f6b4166f2bbf342a823c23d4dba8,1420.23,56.18,5.682148710,54000,54000
1150c0b02c435d2bd05e70933f5f12c82e212d8b,1402.92,55.10,5.619044238,54000,54000
53be6ff83e942046cf6511e652f71831d0343a83,1545.85,61.05,6.172864249,54000,54000
b2c3786228805f8a9e2ed1151e4e33a3bf7e3a70,1424.12,55.97,5.703086366,55000,54000
ccea5c486b0f6fe1cb43cf7df36d7a94c2496c56,1475.81,58.01,5.909213493,54000,54000
0138ac401ae8da2b12fdcbe580b6f73feedd6a6b,1567.72,61.95,6.253609419,54000,54000
52656a25fd35447a1d7490e818a79419441abea4,1429.60,56.25,5.721947587,54000,54000
0a7c9d027afb599101817ed7d06d22b95912de06,1440.89,56.72,5.767671062,54000,54000
4bcfa0ee8d481f29a44c788aa3e3fd8d20a8393e,1414.94,55.78,5.666344201,54000,54000
0d04e957d81cc8ead959c2ab65031fb12a9d5d27,1455.63,57.20,5.836078001,54000,53000
fea6020b3d1e6d546f78cab6962cad780f8a11da,1401.39,55.06,5.617453599,54000,54000
b8ad84648f7a947fb4f9a15507c4ce0be062c54a,1548.53,61.16,6.189101118,54000,54000
1150c0b02c435d2bd05e70933f5f12c82e212d8b,1419.43,55.86,5.681932910,54000,54000
e7e2b518cd8d5c57e6ace7a005af6ae8b2edaf50,1414.20,55.68,5.662307679,54000,54000
6688d3b99b6bac78c3ccc01b9be87e4b78360206,1463.73,57.64,5.872731880,54000,53000
a0ce6f065a3e3abd1b832367639f09ea31248420,1546.93,61.29,6.171769370,54000,54000
41e45ca5950ecc8f250775a4432948b5910eba45,1538.01,60.61,6.137626264,54000,54000
5dce2374aae6a1af981764a07fb138bbd3eb179d,1544.53,61.08,6.166340232,54000,55000
37845b13ccfe3508068318906a6d8df31641a363,1461.37,57.59,5.858365175,54000,54000
e8d62f313be55637354b3e0ad69ae807c4d67fb6,1535.37,60.59,6.127821796,54000,54000
68c38853d7568f18ce53363e0b88f91378c00df6,1542.62,60.82,6.183450286,54000,54000
56b1c644bbc0df9606572680781b8b89a7355cd8,1440.62,56.67,5.777150728,54000,54000
53be6ff83e942046cf6511e652f71831d0343a83,1541.21,60.94,6.159977643,54000,54000
494d4bc425a8c2859dbef0bd55a4006c6bc72536,1471.93,57.88,5.896165244,54000,54000
d8611587abc5571f0284490e7fc403871eb0944d,1452.72,57.44,5.819288454,54000,54000
4bcfa0ee8d481f29a44c788aa3e3fd8d20a8393e,1402.20,55.04,5.610961424,54000,54000
a885f084ebb9be660f83cce9aa85ff734ee2023e,1551.37,61.14,6.196451008,54000,54000
c7cb4b1ef1abeaa8a9923481993ca4aa0b11cde1,1527.97,60.24,6.103845045,54000,54000
4178749479dcc5853399f2b9689ce06e51494984,1426.15,55.94,5.717299308,54000,54000
a40a918f208350e233527254e9053b30a8d80eda,1573.14,62.14,6.285963161,54000,54000
7a7597064d48a7dac9709cd90142f1738f231a13,1451.34,57.19,5.813787080,54000,54000
cd6326b39c2477ee5d8a030568a96a95e539fd19,1462.51,57.50,5.862476840,53000,54000
51043a829c09e05d1bdb83625c4cd5b0c16fabcb,1463.39,57.55,5.868026071,54000,54000
609ca31f585d2cf6404a6e77b047d91bb634cfad,1436.93,56.47,5.773689040,54000,54000
5233ac61b62e943f4e983e502e5bd0b032f2c2e6,1409.43,55.39,5.641612346,54000,54000
5a248637415c5e219ba0142ea7f1b066a9ebd25f,1393.09,54.68,5.584372664,54000,54000
4f4ae9203b992eb032cc4923d615006298952651,1410.68,55.52,5.645777243,54000,54000
b46d90a1eb5269ebfabae58c9229db455685fe80,1454.74,57.08,5.821513154,54000,54000
957b3dda6ab2f4bf7e6a87fa10577622bbfebee0,1461.07,57.34,5.854939066,54000,54000
762ba741dc550cea2b64869483bc9ec53c16fb06,1545.76,61.10,6.160613866,54000,54000
c0d4e37d372fe99ab908a4a3afff450859c652e3,1447.32,56.94,5.796579251,54000,54000
c0d4e37d372fe99ab908a4a3afff450859c652e3,1454.08,57.07,5.817573887,54000,54000
957b3dda6ab2f4bf7e6a87fa10577622bbfebee0,1459.53,57.27,5.858770043,54000,54000
957b3dda6ab2f4bf7e6a87fa10577622bbfebee0,1453.40,57.19,5.832470721,54000,54000
4d61451a34ce5f4501567b81f71dac980e653762,1427.45,55.94,5.713194757,54000,54000
cea55f7a4c53f6b4166f2bbf342a823c23d4dba8,1400.68,55.05,5.602852598,54000,54000
d13395213eb2b026fe11d5dda3177593ca353ffc,1444.90,56.87,5.791751410,54000,54000
af27037cd8ed239375446bdf78cb9e3d53fcf86f,1409.47,55.32,5.634379156,54000,54000
489121b21f18fd72e0d9f4b53fd8e301f842f83b,1418.79,55.60,5.683494971,54000,54000
a951cb2082086e614d12ce18c3a9bf9333e9a60d,1454.27,56.94,5.819097437,54000,54000
20c189a240e1f863d07a5cf91453cc1c2fdf4823,1532.60,60.61,6.119698981,54000,54000
d6f37cf1658efd2d80dc19bb2beb86264b9d2887,1408.89,55.38,5.632868769,54000,54000
0138ac401ae8da2b12fdcbe580b6f73feedd6a6b,1544.44,60.78,6.153959949,54000,54000
20c189a240e1f863d07a5cf91453cc1c2fdf4823,1537.25,60.73,6.142899328,54000,55000
351a68da90ba0dd644af9d20f0a6aac7456a6d13,1391.30,54.18,5.588565867,55000,54000
21696e5fe73093fd8a5bd42e0c40f0a5a6ce27bf,1540.87,60.73,6.141104668,54000,54000
6d27d3e0f12f0141447f1070a54a93f02fe4042a,1402.43,54.93,5.608232926,54000,54000
609ca31f585d2cf6404a6e77b047d91bb634cfad,1470.22,57.72,5.889450228,54000,54000
f8a21d6b7549424a444867157cf5aa569bd53faf,1540.58,60.93,6.150880954,54000,54000
4d524e387ff908043ef72fa37f3ed613cdd39e69,1444.28,56.70,5.773938358,54000,54000
f087501e178b2ff7d0c60326bd8e069c1237260d,1469.75,57.74,5.875988863,54000,55000
0a7c9d027afb599101817ed7d06d22b95912de06,1489.75,58.51,5.966356670,54000,55000
62bdd1beaee41035965d99c20e517da927bb97ae,1412.99,55.50,5.641871880,54000,54000
51043a829c09e05d1bdb83625c4cd5b0c16fabcb,1466.41,57.40,5.869798497,54000,54000
1059dc8dea7ed71565a69a1e788934a5071bd2a3,1438.72,56.18,5.765423409,54000,54000
a951cb2082086e614d12ce18c3a9bf9333e9a60d,1462.28,57.31,5.872357747,54000,54000
d8611587abc5571f0284490e7fc403871eb0944d,1441.75,56.76,5.778674701,55000,54000
1910d72e34452a0eb2c731c82624461d3425d048,1418.16,55.77,5.677877417,53000,54000
2eb4a413f399f6b79eb34cd51a959d9acdfa1148,1554.60,61.31,6.209376394,54000,54000
107a8b44f8e04650b0b4989912f2ccda6619c031,1403.90,55.16,5.626539469,54000,54000
adb9650f17520f1de630abc1758e25997263276d,1539.30,60.58,6.137465364,54000,54000
af27037cd8ed239375446bdf78cb9e3d53fcf86f,1407.27,55.42,5.621179062,54000,54000
2eb4a413f399f6b79eb34cd51a959d9acdfa1148,1569.93,61.88,6.259031449,54000,54000
44233ded92deaa9d35a0118c9cf568732ccbdd44,1458.75,57.36,5.846202625,54000,54000
1d5324e08f236b97fbedbbc09a79924c0f55b6cb,1547.95,61.18,6.176837551,54000,54000
f087501e178b2ff7d0c60326bd8e069c1237260d,1470.98,57.87,5.879587506,54000,54000
d8611587abc5571f0284490e7fc403871eb0944d,1450.58,56.80,5.810097213,54000,54000
6eadc178b68c20a1a074d2f0e8486c70eee8ecd1,1546.87,60.90,6.169033108,54000,54000
4d61451a34ce5f4501567b81f71dac980e653762,1413.18,55.57,5.665793130,54000,54000
52be12c072df48763c890dca2cb916f9f7a529f9,1399.41,54.97,5.595948297,54000,54000
1838e2888cc9ec3faaf08865f0c7ad9f3067467d,1389.26,54.75,5.552853289,54000,54000
5a339aaeebae4084a4907243ae10bf19c64d5317,1465.49,57.66,5.871716596,54000,54000
2eb4a413f399f6b79eb34cd51a959d9acdfa1148,1547.99,61.41,6.202246712,54000,54000
0138ac401ae8da2b12fdcbe580b6f73feedd6a6b,1535.14,60.54,6.127574886,54000,54000
6451625786eb5d39f67be2d1c62644ce7f34ffa3,1531.39,60.82,6.136647397,54000,54000
6c8774e0e7cba6ef9eac17c90f81004b9ee79c51,1468.41,57.81,5.881159370,54000,54000
7e7434b0ee4acd59d8f57a55bebc692c62f06190,1526.74,60.36,6.111317362,54000,54000
dca9510ec9a98d37c3798ee8388f4ba8e954fef4,1390.26,54.61,5.572405137,54000,54000
18f738f8caadcb015ef9ccb323dfc4bf3cbc71ac,1442.68,56.67,5.784165450,54000,54000
f087501e178b2ff7d0c60326bd8e069c1237260d,1470.77,57.97,5.876153435,54000,54000
6451625786eb5d39f67be2d1c62644ce7f34ffa3,1529.64,60.59,6.108479177,54000,54000
fea6020b3d1e6d546f78cab6962cad780f8a11da,1421.51,56.00,5.681803666,54000,54000
20c189a240e1f863d07a5cf91453cc1c2fdf4823,1552.11,61.43,6.198793471,54000,54000
20c189a240e1f863d07a5cf91453cc1c2fdf4823,1537.83,60.79,6.142283659,54000,54000
351a68da90ba0dd644af9d20f0a6aac7456a6d13,1392.71,54.68,5.582502677,54000,54000
7e7434b0ee4acd59d8f57a55bebc692c62f06190,1535.99,60.73,6.138295695,54000,54000
8a19a006af6553950a995930f2082df154cd5597,1457.13,57.22,5.842012154,54000,54000
4f4ae9203b992eb032cc4923d615006298952651,1435.52,56.70,5.745579772,53000,54000
5ebd5b32a6a8cbcebd5303dfd7f4f7b0b173bc53,1400.66,55.05,5.617323335,54000,54000
d13395213eb2b026fe11d5dda3177593ca353ffc,1466.62,57.65,5.876404589,54000,54000
1910d72e34452a0eb2c731c82624461d3425d048,1406.23,55.33,5.632752456,54000,54000
56c5c555148b3a2f718ce556363304cab0709374,1408.63,55.49,5.645100982,54000,54000
37845b13ccfe3508068318906a6d8df31641a363,1461.36,57.62,5.849923342,54000,54000
978259170e61de613a57a190ff78e3d9a7d07649,1430.75,56.44,5.730183663,54000,54000
dd8b743094c466efa954ebcc00276c09bba36ca2,1451.89,57.19,5.837430650,54000,54000
62bdd1beaee41035965d99c20e517da927bb97ae,1423.90,56.13,5.703668979,54000,54000
56b1c644bbc0df9606572680781b8b89a7355cd8,1429.79,56.04,5.731782497,54000,54000
b7a4382f1a55472e8379796149126f37999731b7,1412.51,55.63,5.650312184,54000,54000
91305e3955f21e1d3df99a2d6167da46362e7a01,1399.46,55.26,5.608649191,54000,54000
0a7c9d027afb599101817ed7d06d22b95912de06,1447.48,56.83,5.803493341,54000,54000
3b3043e3e25a3410bd9c2243f30d6e26926bc646,1444.40,56.87,5.791170361,54000,54000
e6e71118c0a1fcf5c47eefbce67b851318d6216c,1410.24,55.36,5.642871976,54000,54000
b2c3786228805f8a9e2ed1151e4e33a3bf7e3a70,1403.83,55.46,5.618784674,54000,53000
e6e71118c0a1fcf5c47eefbce67b851318d6216c,1407.40,55.56,5.636970747,54000,54000
b46d90a1eb5269ebfabae58c9229db455685fe80,1471.40,58.00,5.905134797,54000,55000
dca9510ec9a98d37c3798ee8388f4ba8e954fef4,1405.93,55.25,5.633740234,54000,54000
1910d72e34452a0eb2c731c82624461d3425d048,1410.82,55.58,5.635975554,54000,54000
dbdc91b2ce8448c5c40ab81dc71b69a8ed6999a6,1406.92,55.42,5.626552083,54000,54000
a0ce6f065a3e3abd1b832367639f09ea31248420,1546.39,61.12,6.164428360,54000,54000
44233ded92deaa9d35a0118c9cf568732ccbdd44,1452.40,56.94,5.815063169,54000,54000
c7cb4b1ef1abeaa8a9923481993ca4aa0b11cde1,1552.45,61.21,6.206852446,54000,54000
0138ac401ae8da2b12fdcbe580b6f73feedd6a6b,1546.32,61.15,6.173506759,54000,54000
957b3dda6ab2f4bf7e6a87fa10577622bbfebee0,1450.92,56.96,5.803515609,54000,54000
b2c3786228805f8a9e2ed1151e4e33a3bf7e3a70,1410.20,55.44,5.646547649,54000,54000
a951cb2082086e614d12ce18c3a9bf9333e9a60d,1460.65,57.58,5.844986220,54000,54000
cbfd462693baf7ed51d75508ea8ea9800a8dfae5,1461.40,57.45,5.855341251,54000,54000
20c189a240e1f863d07a5cf91453cc1c2fdf4823,1551.34,61.42,6.195552679,54000,54000
107a8b44f8e04650b0b4989912f2ccda6619c031,1399.06,54.74,5.598084900,54000,54000
a0ce6f065a3e3abd1b832367639f09ea31248420,1540.98,60.81,6.158396870,54000,54000
4d61451a34ce5f4501567b81f71dac980e653762,1404.64,55.07,5.633488060,54000,54000
d6f37cf1658efd2d80dc19bb2beb86264b9d2887,1412.45,55.47,5.644815937,54000,54000
a31c868a871677c50bbe100c83c4f31c94bcda8f,1551.50,61.17,6.194198256,54000,54000
5ebd5b32a6a8cbcebd5303dfd7f4f7b0b173bc53,1424.32,55.82,5.698698935,54000,54000
adb9650f17520f1de630abc1758e25997263276d,1536.16,60.71,6.147061518,54000,54000
3ea9c83e918ae0684f7457afc7383aa1bfb09071,1455.57,57.10,5.837467818,54000,54000
ce6c1b13e5a0d86acd6b3db9eb73479e33eaf851,1392.52,54.93,5.575896448,54000,54000
1d5324e08f236b97fbedbbc09a79924c0f55b6cb,1549.74,61.02,6.186802830,53000,54000
4f4ae9203b992eb032cc4923d615006298952651,1419.10,55.93,5.664585261,54000,54000
978259170e61de613a57a190ff78e3d9a7d07649,1417.22,55.65,5.671005527,54000,54000
b8ad84648f7a947fb4f9a15507c4ce0be062c54a,1530.26,60.39,6.111065163,54000,54000
90b6bac2d698b51dc8465508e3b56377c703c622,1550.06,61.16,6.191139107,54000,54000
7e7434b0ee4acd59d8f57a55bebc692c62f06190,1523.82,59.95,6.093851494,54000,54000
fea6020b3d1e6d546f78cab6962cad780f8a11da,1398.71,54.91,5.595347907,54000,54000
4d524e387ff908043ef72fa37f3ed613cdd39e69,1411.52,55.64,5.646861337,53000,54000
7d4b14e3520b98caeae5c07e075cf1737ed01044,1527.54,60.18,6.102214196,54000,54000
20c189a240e1f863d07a5cf91453cc1c2fdf4823,1559.33,61.29,6.220058222,54000,54000
4bcfa0ee8d481f29a44c788aa3e3fd8d20a8393e,1409.34,55.35,5.653959604,54000,54000
62bdd1beaee41035965d99c20e517da927bb97ae,1438.45,56.82,5.743770595,54000,54000
4f4ae9203b992eb032cc4923d615006298952651,1417.96,56.17,5.663941460,54000,54000
3e80ca34a9a562ddbbb717e989d1c89b3f39171d,1534.15,60.59,6.122150315,54000,54000
978259170e61de613a57a190ff78e3d9a7d07649,1409.23,55.31,5.643185689,54000,54000
7e7434b0ee4acd59d8f57a55bebc692c62f06190,1527.43,60.25,6.113002751,54000,54000
b7a4382f1a55472e8379796149126f37999731b7,1422.79,56.13,5.687463389,54000,54000
5dce2374aae6a1af981764a07fb138bbd3eb179d,1547.60,60.81,6.181872501,54000,54000
a0ce6f065a3e3abd1b832367639f09ea31248420,1548.35,61.00,6.180785531,54000,54000
fdc70cbab33a8c5345d1a497a9ce203e8440aba6,1544.57,60.84,6.165488487,54000,54000
1150c0b02c435d2bd05e70933f5f12c82e212d8b,1398.05,55.00,5.615508380,54000,54000
b7a4382f1a55472e8379796149126f37999731b7,1410.65,55.53,5.638710192,54000,54000
bbf09ddf3be09ad597406583899fa3811231db6a,1395.89,54.97,5.598305721,54000,54000
4178749479dcc5853399f2b9689ce06e51494984,1403.82,55.23,5.628000150,54000,54000
4d524e387ff908043ef72fa37f3ed613cdd39e69,1412.45,55.72,5.655154517,54000,54000
b7a4382f1a55472e8379796149126f37999731b7,1407.54,55.58,5.637026090,54000,54000
af27037cd8ed239375446bdf78cb9e3d53fcf86f,1428.66,56.36,5.721461078,53000,54000
5233ac61b62e943f4e983e502e5bd0b032f2c2e6,1386.65,54.61,5.547178355,54000,54000
3b3043e3e25a3410bd9c2243f30d6e26926bc646,1446.55,56.79,5.807164981,53000,54000
4bcfa0ee8d481f29a44c788aa3e3fd8d20a8393e,1415.68,55.47,5.665741630,54000,54000
f087501e178b2ff7d0c60326bd8e069c1237260d,1473.22,58.09,5.897364531,54000,54000
489121b21f18fd72e0d9f4b53fd8e301f842f83b,1401.32,55.25,5.623732729,54000,54000
91305e3955f21e1d3df99a2d6167da46362e7a01,1395.85,54.90,5.599643586,54000,54000
18f738f8caadcb015ef9ccb323dfc4bf3cbc71ac,1468.63,57.65,5.880005858,54000,54000
e7b319806360293e5e66532bb0ec8874ed1a85a1,1540.13,61.19,6.153387335,54000,54000
0138ac401ae8da2b12fdcbe580b6f73feedd6a6b,1558.67,61.35,6.219394198,55000,54000
44233ded92deaa9d35a0118c9cf568732ccbdd44,1467.44,57.60,5.874097250,54000,54000
4bcfa0ee8d481f29a44c788aa3e3fd8d20a8393e,1386.94,54.41,5.559367889,54000,54000
ccea5c486b0f6fe1cb43cf7df36d7a94c2496c56,1475.45,57.97,5.906420564,54000,54000
0d04e957d81cc8ead959c2ab65031fb12a9d5d27,1447.78,56.89,5.811284519,54000,54000
2b9cfcc54dff7b79afd89be3ecf1a107b8290278,1373.17,53.97,5.503555739,54000,54000
5ebd5b32a6a8cbcebd5303dfd7f4f7b0b173bc53,1397.04,54.90,5.594334182,54000,54000
0a7c9d027afb599101817ed7d06d22b95912de06,1465.68,57.43,5.865598481,54000,54000
5a248637415c5e219ba0142ea7f1b066a9ebd25f,1428.14,56.01,5.716503787,54000,54000
56b1c644bbc0df9606572680781b8b89a7355cd8,1458.92,56.97,5.844686655,54000,54000
41e45ca5950ecc8f250775a4432948b5910eba45,1516.16,59.81,6.065226348,54000,54000
7d4b14e3520b98caeae5c07e075cf1737ed01044,1538.95,60.86,6.144538173,54000,54000
52656a25fd35447a1d7490e818a79419441abea4,1404.74,55.21,5.621143444,54000,54000
fea6020b3d1e6d546f78cab6962cad780f8a11da,1430.61,55.85,5.725302464,54000,54000
489121b21f18fd72e0d9f4b53fd8e301f842f83b,1407.68,55.16,5.630264728,53000,54000
957b3dda6ab2f4bf7e6a87fa10577622bbfebee0,1443.24,56.37,5.776989036,54000,54000
a951cb2082086e614d12ce18c3a9bf9333e9a60d,1471.47,57.60,5.887119224,54000,54000
d6f37cf1658efd2d80dc19bb2beb86264b9d2887,1402.63,54.90,5.603155950,54000,54000
2eb4a413f399f6b79eb34cd51a959d9acdfa1148,1573.75,61.88,6.278922921,54000,54000
3b3043e3e25a3410bd9c2243f30d6e26926bc646,1441.64,56.50,5.775665454,54000,54000
0d04e957d81cc8ead959c2ab65031fb12a9d5d27,1474.09,57.85,5.899200378,54000,54000
f8a21d6b7549424a444867157cf5aa569bd53faf,1542.62,60.78,6.153574986,54000,54000
cd6326b39c2477ee5d8a030568a96a95e539fd19,1442.20,56.58,5.775939414,54000,54000
7eea23784947d624dacd57776d450c3215b4583f,1551.71,61.19,6.197701031,55000,54000
3b3043e3e25a3410bd9c2243f30d6e26926bc646,1466.89,57.79,5.877674356,55000,54000
6688d3b99b6bac78c3ccc01b9be87e4b78360206,1455.97,57.24,5.834430868,54000,54000
7d4b14e3520b98caeae5c07e075cf1737ed01044,1552.84,61.23,6.190804288,54000,54000
af27037cd8ed239375446bdf78cb9e3d53fcf86f,1411.12,55.45,5.638832139,53000,54000
b8ad84648f7a947fb4f9a15507c4ce0be062c54a,1545.31,60.85,6.170034922,54000,54000
5a248637415c5e219ba0142ea7f1b066a9ebd25f,1435.70,56.36,5.753337035,54000,55000
a951cb2082086e614d12ce18c3a9bf9333e9a60d,1460.02,57.46,5.839591086,54000,54000
a31c868a871677c50bbe100c83c4f31c94bcda8f,1568.62,62.11,6.268933065,54000,54000
bbf09ddf3be09ad597406583899fa3811231db6a,1400.69,55.29,5.612745610,54000,54000
a40a918f208350e233527254e9053b30a8d80eda,1546.12,61.06,6.168774805,54000,54000
e6e71118c0a1fcf5c47eefbce67b851318d6216c,1400.44,55.14,5.612170212,54000,54000
b46d90a1eb5269ebfabae58c9229db455685fe80,1452.45,57.19,5.814314905,54000,55000
609ca31f585d2cf6404a6e77b047d91bb634cfad,1450.96,57.28,5.811625110,54000,54000
351a68da90ba0dd644af9d20f0a6aac7456a6d13,1407.56,54.96,5.647398225,54000,54000
b2c3786228805f8a9e2ed1151e4e33a3bf7e3a70,1415.76,55.58,5.661580264,54000,54000
e7b319806360293e5e66532bb0ec8874ed1a85a1,1572.61,62.11,6.277939915,54000,54000
d6f37cf1658efd2d80dc19bb2beb86264b9d2887,1406.41,55.48,5.633730000,54000,54000
3ea9c83e918ae0684f7457afc7383aa1bfb09071,1468.78,57.66,5.884813294,54000,54000
0d04e957d81cc8ead959c2ab65031fb12a9d5d27,1456.96,57.41,5.840913586,54000,54000
5dce2374aae6a1af981764a07fb138bbd3eb179d,1536.43,60.54,6.133302805,54000,54000
762ba741dc550cea2b64869483bc9ec53c16fb06,1544.71,61.27,6.171085975,54000,54000
f8a21d6b7549424a444867157cf5aa569bd53faf,1535.58,60.70,6.135205075,54000,54000
1d5324e08f236b97fbedbbc09a79924c0f55b6cb,1548.03,61.50,6.162536024,54000,54000
6eadc178b68c20a1a074d2f0e8486c70eee8ecd1,1541.19,60.88,6.148886258,54000,54000
5a339aaeebae4084a4907243ae10bf19c64d5317,1465.40,57.65,5.864726964,54000,54000
4bcfa0ee8d481f29a44c788aa3e3fd8d20a8393e,1403.71,55.28,5.620339526,54000,54000
960908c60bb2d39cee35b175a56138bed390674c,1423.17,56.02,5.684659497,54000,54000
5588e7eb2fc24a265b5650e65d3452774726e86d,1427.92,55.96,5.721711313,54000,54000
3ea9c83e918ae0684f7457afc7383aa1bfb09071,1447.68,56.77,5.800249110,54000,54000
64e2f833104ef190de3255981015e2af97da257f,1466.10,57.99,5.871100632,54000,54000
0138ac401ae8da2b12fdcbe580b6f73feedd6a6b,1534.84,60.82,6.120581623,54000,54000
cbfd462693baf7ed51d75508ea8ea9800a8dfae5,1450.35,56.72,5.809043714,54000,54000
0a7c9d027afb599101817ed7d06d22b95912de06,1448.92,56.91,5.794007950,54000,54000
adb9650f17520f1de630abc1758e25997263276d,1536.18,60.72,6.129012765,54000,54000
7e7434b0ee4acd59d8f57a55bebc692c62f06190,1519.15,59.59,6.074112520,54000,54000
21696e5fe73093fd8a5bd42e0c40f0a5a6ce27bf,1537.12,60.71,6.149189506,54000,54000
609ca31f585d2cf6404a6e77b047d91bb634cfad,1461.42,57.53,5.849604677,54000,54000
cd6326b39c2477ee5d8a030568a96a95e539fd19,1464.90,57.52,5.875185014,54000,54000
a17b94219fe013d95d09d45d265a9f3eedcf92a8,1553.84,61.18,6.202071767,54000,54000
a31c868a871677c50bbe100c83c4f31c94bcda8f,1555.45,61.59,6.200133329,54000,54000
c7cb4b1ef1abeaa8a9923481993ca4aa0b11cde1,1530.97,60.19,6.116612838,54000,54000
a40a918f208350e233527254e9053b30a8d80eda,1542.67,60.91,6.144447062,54000,53000
e7b319806360293e5e66532bb0ec8874ed1a85a1,1526.32,60.25,6.094885666,54000,54000
52656a25fd35447a1d7490e818a79419441abea4,1387.40,54.27,5.550856499,54000,55000
56b1c644bbc0df9606572680781b8b89a7355cd8,1431.49,55.98,5.739259416,54000,54000
c7cb4b1ef1abeaa8a9923481993ca4aa0b11cde1,1535.20,60.51,6.132507509,53000,54000
762ba741dc550cea2b64869483bc9ec53c16fb06,1532.92,60.43,6.117001391,54000,54000
2eb4a413f399f6b79eb34cd51a959d9acdfa1148,1542.40,60.74,6.156781393,54000,54000
7d4b14e3520b98caeae5c07e075cf1737ed01044,1545.75,60.95,6.165560337,54000,54000
3e80ca34a9a562ddbbb717e989d1c89b3f39171d,1541.08,60.66,6.146227452,54000,53000
494d4bc425a8c2859dbef0bd55a4006c6bc72536,1454.77,57.15,5.826985202,54000,54000
fea6020b3d1e6d546f78cab6962cad780f8a11da,1405.18,55.19,5.621050230,54000,54000
b7a4382f1a55472e8379796149126f37999731b7,1419.51,55.88,5.672808919,54000,54000
6d27d3e0f12f0141447f1070a54a93f02fe4042a,1398.46,54.54,5.598722304,54000,54000
a951cb2082086e614d12ce18c3a9bf9333e9a60d,1451.72,56.95,5.799633720,54000,54000
494d4bc425a8c2859dbef0bd55a4006c6bc72536,1472.41,57.54,5.893931631,54000,54000
46b4a764e023a91faac1a085a7a7b6f0bb7428cd,1460.92,57.49,5.827723003,54000,54000
bbf09ddf3be09ad597406583899fa3811231db6a,1393.19,54.70,5.577462954,54000,54000
dca9510ec9a98d37c3798ee8388f4ba8e954fef4,1409.15,55.17,5.635245434,54000,54000
7e7434b0ee4acd59d8f57a55bebc692c62f06190,1532.35,60.35,6.122940078,54000,54000
a951cb2082086e614d12ce18c3a9bf9333e9a60d,1456.15,56.92,5.827462755,55000,54000
7d4b14e3520b98caeae5c07e075cf1737ed01044,1539.65,60.64,6.143736800,54000,55000
a31c868a871677c50bbe100c83c4f31c94bcda8f,1551.48,61.42,6.185554495,54000,54000
0a7c9d027afb599101817ed7d06d22b95912de06,1461.10,57.52,5.848850863,54000,54000
4178749479dcc5853399f2b9689ce06e51494984,1396.40,54.86,5.588213400,54000,54000
5588e7eb2fc24a265b5650e65d3452774726e86d,1443.81,56.83,5.771983887,54000,54000
bbf09ddf3be09ad597406583899fa3811231db6a,1391.43,54.61,5.572857288,54000,54000
90b6bac2d698b51dc8465508e3b56377c703c622,1555.09,61.26,6.213367496,54000,54000
18f738f8caadcb015ef9ccb323dfc4bf3cbc71ac,1451.02,56.85,5.815433280,54000,54000
762ba741dc550cea2b64869483bc9ec53c16fb06,1552.66,60.93,6.193771875,54000,54000
a40a918f208350e233527254e9053b30a8d80eda,1541.93,60.60,6.151388283,55000,54000
960908c60bb2d39cee35b175a56138bed390674c,1405.73,55.27,5.627882117,54000,54000
c61d10302690b7daa738ebaf07c1f46185dc6e60,1439.96,56.40,5.768369939,54000,54000
c0d4e37d372fe99ab908a4a3afff450859c652e3,1450.88,57.09,5.804024309,54000,54000
d8611587abc5571f0284490e7fc403871eb0944d,1438.26,56.59,5.759966640,54000,54000
37845b13ccfe3508068318906a6d8df31641a363,1459.99,57.30,5.839942816,54000,54000
e7e2b518cd8d5c57e6ace7a005af6ae8b2edaf50,1403.90,54.92,5.620306600,54000,54000
a40a918f208350e233527254e9053b30a8d80eda,1562.96,61.87,6.230047196,54000,54000
d13395213eb2b026fe11d5dda3177593ca353ffc,1470.55,57.95,5.888491749,54000,54000
8a19a006af6553950a995930f2082df154cd5597,1477.56,58.26,5.929775110,54000,54000
e538564debacb8a6bffa626f191e8959d48c6797,1438.41,56.50,5.766748438,54000,54000
2b9cfcc54dff7b79afd89be3ecf1a107b8290278,1397.58,54.79,5.598998376,54000,54000
7eea23784947d624dacd57776d450c3215b4583f,1524.69,60.08,6.099734687,54000,54000
52656a25fd35447a1d7490e818a79419441abea4,1407.98,55.31,5.639011368,54000,54000
37845b13ccfe3508068318906a6d8df31641a363,1447.59,56.99,5.804089354,54000,54000
a0ce6f065a3e3abd1b832367639f09ea31248420,1535.55,60.78,6.123628681,54000,54000
8a19a006af6553950a995930f2082df154cd5597,1453.20,57.17,5.819250042,54000,54000
4d61451a34ce5f4501567b81f71dac980e653762,1410.69,55.30,5.648353132,54000,54000
4178749479dcc5853399f2b9689ce06e51494984,1405.22,55.20,5.622053762,54000,54000
978259170e61de613a57a190ff78e3d9a7d07649,1412.51,55.59,5.652334490,54000,54000
609ca31f585d2cf6404a6e77b047d91bb634cfad,1473.06,57.79,5.903903911,54000,54000
f8a21d6b7549424a444867157cf5aa569bd53faf,1535.93,60.65,6.131363416,54000,54000
af27037cd8ed239375446bdf78cb9e3d53fcf86f,1413.76,55.73,5.649060591,54000,54000
3b3043e3e25a3410bd9c2243f30d6e26926bc646,1446.57,56.66,5.794818860,54000,54000
a0ce6f065a3e3abd1b832367639f09ea31248420,1549.12,61.19,6.176996835,54000,54000
62bdd1beaee41035965d99c20e517da927bb97ae,1410.35,55.21,5.640238929,54000,54000
957b3dda6ab2f4bf7e6a87fa10577622bbfebee0,1455.64,57.12,5.828893374,55000,54000
0138ac401ae8da2b12fdcbe580b6f73feedd6a6b,1523.63,60.02,6.086260422,54000,54000
56b1c644bbc0df9606572680781b8b89a7355cd8,1431.74,55.95,5.740728968,54000,54000
d6f37cf1658efd2d80dc19bb2beb86264b9d2887,1389.33,54.68,5.567189707,53000,54000
1838e2888cc9ec3faaf08865f0c7ad9f3067467d,1393.41,54.90,5.565998736,54000,54000
64e2f833104ef190de3255981015e2af97da257f,1475.70,58.04,5.903468342,54000,54000
1059dc8dea7ed71565a69a1e788934a5071bd2a3,1482.11,58.29,5.945869238,54000,53000
5233ac61b62e943f4e983e502e5bd0b032f2c2e6,1387.55,54.29,5.554729508,54000,53000
a17b94219fe013d95d09d45d265a9f3eedcf92a8,1553.94,61.30,6.199493763,54000,54000
4e1d847e4c83052a93c7f49812af917d322756f4,1404.85,55.18,5.622813733,54000,54000
41e45ca5950ecc8f250775a4432948b5910eba45,1536.14,60.63,6.118974998,55000,54000
4d61451a34ce5f4501567b81f71dac980e653762,1424.20,56.03,5.701466082,54000,54000
e7e2b518cd8d5c57e6ace7a005af6ae8b2edaf50,1406.95,55.35,5.635710400,54000,54000
2b9cfcc54dff7b79afd89be3ecf1a107b8290278,1372.52,54.00,5.493287248,54000,54000
6688d3b99b6bac78c3ccc01b9be87e4b78360206,1448.80,56.70,5.812726236,54000,54000
3e80ca34a9a562ddbbb717e989d1c89b3f39171d,1556.48,61.53,6.209246630,54000,54000
5588e7eb2fc24a265b5650e65d3452774726e86d,1432.94,56.48,5.736442814,54000,54000
56b1c644bbc0df9606572680781b8b89a7355cd8,1444.46,56.78,5.778317177,54000,54000
a31c868a871677c50bbe100c83c4f31c94bcda8f,1563.16,61.91,6.228327665,54000,54000
ce6c1b13e5a0d86acd6b3db9eb73479e33eaf851,1431.90,56.49,5.714545929,54000,55000
1910d72e34452a0eb2c731c82624461d3425d048,1421.64,56.10,5.668260088,54000,54000
46b4a764e023a91faac1a085a7a7b6f0bb7428cd,1450.27,57.08,5.788646174,54000,55000
cd6326b39c2477ee5d8a030568a96a95e539fd19,1448.56,56.85,5.795730283,54000,54000
978259170e61de613a57a190ff78e3d9a7d07649,1399.54,55.04,5.593194587,54000,54000
6c8774e0e7cba6ef9eac17c90f81004b9ee79c51,1444.47,56.65,5.789901958,54000,54000
2b9cfcc54dff7b79afd89be3ecf1a107b8290278,1396.11,54.71,5.578267822,54000,54000
20c189a240e1f863d07a5cf91453cc1c2fdf4823,1546.91,60.90,6.164804336,54000,54000
a40a918f208350e233527254e9053b30a8d80eda,1545.67,60.99,6.170434956,54000,54000
6d27d3e0f12f0141447f1070a54a93f02fe4042a,1416.29,55.54,5.667320351,53000,54000
1059dc8dea7ed71565a69a1e788934a5071bd2a3,1477.70,57.88,5.917604371,54000,54000
a40a918f208350e233527254e9053b30a8d80eda,1544.59,60.94,6.155164748,54000,54000
4d61451a34ce5f4501567b81f71dac980e653762,1421.06,55.79,5.686274089,54000,54000
6d27d3e0f12f0141447f1070a54a93f02fe4042a,1415.82,55.70,5.666772096,54000,54000
56c5c555148b3a2f718ce556363304cab0709374,1398.42,55.32,5.585814840,54000,55000
46b4a764e023a91faac1a085a7a7b6f0bb7428cd,1462.97,57.66,5.850466188,54000,54000
4178749479dcc5853399f2b9689ce06e51494984,1431.98,56.18,5.736228269,54000,54000
3ea9c83e918ae0684f7457afc7383aa1bfb09071,1460.28,57.45,5.863877584,54000,54000
5233ac61b62e943f4e983e502e5bd0b032f2c2e6,1401.51,54.81,5.609926750,54000,54000
e7b319806360293e5e66532bb0ec8874ed1a85a1,1553.69,61.38,6.197796489,54000,54000
e8d62f313be55637354b3e0ad69ae807c4d67fb6,1528.56,60.33,6.099974951,54000,54000
53be6ff83e942046cf6511e652f71831d0343a83,1545.47,60.87,6.165516348,54000,54000
a31c868a871677c50bbe100c83c4f31c94bcda8f,1576.34,62.23,6.294378294,54000,54000
46b4a764e023a91faac1a085a7a7b6f0bb7428cd,1461.24,57.76,5.833961538,54000,54000
c7cb4b1ef1abeaa8a9923481993ca4aa0b11cde1,1552.05,61.16,6.199460029,54000,54000
ce6c1b13e5a0d86acd6b3db9eb73479e33eaf851,1391.16,54.93,5.565715286,55000,54000
3b3043e3e25a3410bd9c2243f30d6e26926bc646,1436.95,56.42,5.766430572,54000,54000
489121b21f18fd72e0d9f4b53fd8e301f842f83b,1398.99,55.05,5.604324418,54000,54000
91305e3955f21e1d3df99a2d6167da46362e7a01,1396.78,55.18,5.588915050,54000,55000
4ec362d123f57e4fffb8be6032da3382847a41e9,1425.53,55.95,5.708047243,54000,54000
a951cb2082086e614d12ce18c3a9bf9333e9a60d,1452.94,57.25,5.825158956,54000,54000
91305e3955f21e1d3df99a2d6167da46362e7a01,1401.33,55.14,5.606165424,54000,54000
7e7434b0ee4acd59d8f57a55bebc692c62f06190,1523.18,60.08,6.089466216,54000,54000
a885f084ebb9be660f83cce9aa85ff734ee2023e,1541.12,60.92,6.170729798,54000,53000
4178749479dcc5853399f2b9689ce06e51494984,1406.95,55.34,5.633679935,54000,54000
c61d10302690b7daa738ebaf07c1f46185dc6e60,1451.15,56.89,5.813801953,54000,54000
4d524e387ff908043ef72fa37f3ed613cdd39e69,1415.73,55.78,5.663663651,54000,54000
f087501e178b2ff7d0c60326bd8e069c1237260d,1459.06,57.43,5.842048774,54000,54000
37845b13ccfe3508068318906a6d8df31641a363,1451.03,57.18,5.811914472,54000,54000
e538564debacb8a6bffa626f191e8959d48c6797,1431.91,56.32,5.746155857,54000,54000
0138ac401ae8da2b12fdcbe580b6f73feedd6a6b,1526.93,60.15,6.097110917,54000,54000
46b4a764e023a91faac1a085a7a7b6f0bb7428cd,1449.34,57.13,5.798429021,54000,54000
0138ac401ae8da2b12fdcbe580b6f73feedd6a6b,1511.98,59.58,6.052314241,54000,54000
1838e2888cc9ec3faaf08865f0c7ad9f3067467d,1400.00,55.30,5.597268523,54000,54000
af27037cd8ed239375446bdf78cb9e3d53fcf86f,1405.48,55.51,5.631535200,54000,54000
2eb4a413f399f6b79eb34cd51a959d9acdfa1148,1554.48,61.55,6.211817210,54000,54000
960908c60bb2d39cee35b175a56138bed390674c,1421.96,55.94,5.695966913,54000,54000
20c189a240e1f863d07a5cf91453cc1c2fdf4823,1554.08,61.55,6.199929133,54000,54000
fea6020b3d1e6d546f78cab6962cad780f8a11da,1417.54,56.14,5.678818485,54000,54000
5233ac61b62e943f4e983e502e5bd0b032f2c2e6,1394.78,55.00,5.576683895,54000,54000
21696e5fe73093fd8a5bd42e0c40f0a5a6ce27bf,1556.90,61.42,6.231230730,54000,54000
4d524e387ff908043ef72fa37f3ed613cdd39e69,1411.85,55.45,5.647812766,54000,54000
e7e2b518cd8d5c57e6ace7a005af6ae8b2edaf50,1406.11,55.19,5.624309999,54000,54000
fea6020b3d1e6d546f78cab6962cad780f8a11da,1411.31,55.46,5.640404364,54000,54000
351a68da90ba0dd644af9d20f0a6aac7456a6d13,1383.33,54.21,5.545831320,54000,54000
e8d62f313be55637354b3e0ad69ae807c4d67fb6,1546.71,61.07,6.163888286,54000,54000
c61d10302690b7daa738ebaf07c1f46185dc6e60,1466.29,57.52,5.867145585,54000,54000
68c38853d7568f18ce53363e0b88f91378c00df6,1566.26,61.65,6.263390744,53000,54000
bbf09ddf3be09ad597406583899fa3811231db6a,1399.84,54.80,5.598622869,54000,54000
2b9cfcc54dff7b79afd89be3ecf1a107b8290278,1420.72,55.85,5.693213223,54000,54000
dca9510ec9a98d37c3798ee8388f4ba8e954fef4,1415.46,55.49,5.662064777,54000,54000
cea55f7a4c53f6b4166f2bbf342a823c23d4dba8,1403.10,55.20,5.613017314,54000,54000
6d27d3e0f12f0141447f1070a54a93f02fe4042a,1403.97,55.25,5.620435577,54000,54000
f087501e178b2ff7d0c60326bd8e069c1237260d,1474.64,57.87,5.902982381,54000,54000
b8ad84648f7a947fb4f9a15507c4ce0be062c54a,1548.83,61.12,6.177620119,54000,54000
18f738f8caadcb015ef9ccb323dfc4bf3cbc71ac,1459.36,57.02,5.853443130,54000,54000
91305e3955f21e1d3df99a2d6167da46362e7a01,1414.68,55.52,5.659817671,54000,54000
d8611587abc5571f0284490e7fc403871eb0944d,1447.56,57.12,5.789189526,54000,54000
e6e71118c0a1fcf5c47eefbce67b851318d6216c,1405.49,55.20,5.618447412,54000,55000
489121b21f18fd72e0d9f4b53fd8e301f842f83b,1397.35,54.80,5.598960042,54000,54000
64e2f833104ef190de3255981015e2af97da257f,1473.75,57.77,5.898253331,54000,54000
cea55f7a4c53f6b4166f2bbf342a823c23d4dba8,1407.53,55.20,5.634352054,54000,54000
5a248637415c5e219ba0142ea7f1b066a9ebd25f,1399.57,54.73,5.605053577,54000,54000
7a7597064d48a7dac9709cd90142f1738f231a13,1464.36,57.26,5.868998608,54000,54000
489121b21f18fd72e0d9f4b53fd8e301f842f83b,1398.96,54.86,5.597963330,54000,54000
6d27d3e0f12f0141447f1070a54a93f02fe4042a,1415.82,55.38,5.671521897,54000,54000
b2c3786228805f8a9e2ed1151e4e33a3bf7e3a70,1411.45,55.52,5.643597619,54000,54000
d8611587abc5571f0284490e7fc403871eb0944d,1454.14,56.91,5.831670569,54000,54000
978259170e61de613a57a190ff78e3d9a7d07649,1410.37,55.69,5.640760044,54000,54000
fdc70cbab33a8c5345d1a497a9ce203e8440aba6,1529.04,60.19,6.112813834,54000,55000
b2c3786228805f8a9e2ed1151e4e33a3bf7e3a70,1401.04,55.19,5.601484663,54000,54000
5588e7eb2fc24a265b5650e65d3452774726e86d,1446.98,56.79,5.800021131,54000,54000
c7cb4b1ef1abeaa8a9923481993ca4aa0b11cde1,1528.63,60.33,6.113620823,54000,54000
609ca31f585d2cf6404a6e77b047d91bb634cfad,1457.22,57.15,5.845026657,54000,54000
6688d3b99b6bac78c3ccc01b9be87e4b78360206,1455.25,56.72,5.844394608,54000,54000
d6f37cf1658efd2d80dc19bb2beb86264b9d2887,1398.62,54.86,5.597999310,54000,54000
762ba741dc550cea2b64869483bc9ec53c16fb06,1530.23,60.32,6.116614909,54000,53000
762ba741dc550cea2b64869483bc9ec53c16fb06,1543.74,61.07,6.161541685,54000,53000
b7a4382f1a55472e8379796149126f37999731b7,1429.49,56.16,5.719565447,54000,54000
5ebd5b32a6a8cbcebd5303dfd7f4f7b0b173bc53,1416.24,55.88,5.659380448,54000,54000
5233ac61b62e943f4e983e502e5bd0b032f2c2e6,1393.01,54.73,5.575497205,54000,54000
56c5c555148b3a2f718ce556363304cab0709374,1400.79,55.44,5.618999848,54000,54000
6eadc178b68c20a1a074d2f0e8486c70eee8ecd1,1533.52,60.50,6.121926661,54000,54000
3ea9c83e918ae0684f7457afc7383aa1bfb09071,1444.69,56.92,5.797958907,54000,55000
dca9510ec9a98d37c3798ee8388f4ba8e954fef4,1391.08,54.64,5.578300293,54000,54000
b46d90a1eb5269ebfabae58c9229db455685fe80,1460.99,57.49,5.859891255,54000,54000
978259170e61de613a57a190ff78e3d9a7d07649,1413.19,55.43,5.660885231,54000,54000
a951cb2082086e614d12ce18c3a9bf9333e9a60d,1449.25,57.12,5.810828953,54000,54000
f087501e178b2ff7d0c60326bd8e069c1237260d,1477.22,58.18,5.902860272,54000,54000
46b4a764e023a91faac1a085a7a7b6f0bb7428cd,1448.00,57.05,5.798189200,54000,54000
1d5324e08f236b97fbedbbc09a79924c0f55b6cb,1546.82,61.40,6.175058248,55000,54000
bbf09ddf3be09ad597406583899fa3811231db6a,1415.42,55.91,5.677399953,54000,54000
e7e2b518cd8d5c57e6ace7a005af6ae8b2edaf50,1403.22,55.20,5.623073842,54000,54000
7e7434b0ee4acd59d8f57a55bebc692c62f06190,1533.48,60.50,6.135819877,54000,54000
d13395213eb2b026fe11d5dda3177593ca353ffc,1454.12,57.41,5.827021156,53000,54000
e538564debacb8a6bffa626f191e8959d48c6797,1442.62,56.73,5.791244099,54000,54000
4e1d847e4c83052a93c7f49812af917d322756f4,1404.61,55.25,5.637983325,54000,54000
c7cb4b1ef1abeaa8a9923481993ca4aa0b11cde1,1536.83,60.66,6.152064394,54000,54000
762ba741dc550cea2b64869483bc9ec53c16fb06,1548.95,60.88,6.182287085,54000,54000
af27037cd8ed239375446bdf78cb9e3d53fcf86f,1401.40,55.22,5.613974214,54000,54000
e538564debacb8a6bffa626f191e8959d48c6797,1435.08,56.31,5.752824760,54000,54000
e538564debacb8a6bffa626f191e8959d48c6797,1464.98,57.62,5.874252223,54000,54000
5dce2374aae6a1af981764a07fb138bbd3eb179d,1543.02,60.93,6.169037421,54000,54000
f087501e178b2ff7d0c60326bd8e069c1237260d,1473.39,58.14,5.889146588,54000,54000
4e1d847e4c83052a93c7f49812af917d322756f4,1405.53,55.30,5.625223201,54000,54000
c61d10302690b7daa738ebaf07c1f46185dc6e60,1472.41,57.84,5.898824083,54000,54000
53be6ff83e942046cf6511e652f71831d0343a83,1546.23,61.33,6.172959297,54000,54000
609ca31f585d2cf6404a6e77b047d91bb634cfad,1454.54,57.25,5.820397948,54000,54000
cbfd462693baf7ed51d75508ea8ea9800a8dfae5,1444.95,56.75,5.787451124,54000,53000
c61d10302690b7daa738ebaf07c1f46185dc6e60,1456.01,57.15,5.834171490,54000,54000
bbf09ddf3be09ad597406583899fa3811231db6a,1413.72,55.47,5.659344522,54000,54000
91305e3955f21e1d3df99a2d6167da46362e7a01,1399.38,55.07,5.603223035,54000,54000
5ebd5b32a6a8cbcebd5303dfd7f4f7b0b173bc53,1412.34,55.90,5.652737304,54000,54000
ce6c1b13e5a0d86acd6b3db9eb73479e33eaf851,1409.07,55.52,5.639276891,54000,54000
37845b13ccfe3508068318906a6d8df31641a363,1453.80,57.33,5.825689911,53000,54000
64e2f833104ef190de3255981015e2af97da257f,1467.24,57.74,5.874574319,54000,54000
b7a4382f1a55472e8379796149126f37999731b7,1417.34,55.75,5.672318147,54000,54000
a951cb2082086e614d12ce18c3a9bf9333e9a60d,1449.07,56.82,5.798604610,54000,54000
4ec362d123f57e4fffb8be6032da3382847a41e9,1408.41,55.34,5.638287337,54000,54000
62bdd1beaee41035965d99c20e517da927bb97ae,1413.81,55.52,5.646177783,54000,53000
46b4a764e023a91faac1a085a7a7b6f0bb7428cd,1473.12,58.26,5.888291082,54000,54000
4e1d847e4c83052a93c7f49812af917d322756f4,1400.02,55.09,5.608112207,53000,54000
64e2f833104ef190de3255981015e2af97da257f,1461.90,57.68,5.860119099,54000,54000
6eadc178b68c20a1a074d2f0e8486c70eee8ecd1,1528.14,60.43,6.095836469,54000,54000
2b9cfcc54dff7b79afd89be3ecf1a107b8290278,1416.55,55.86,5.670192522,54000,54000
4ec362d123f57e4fffb8be6032da3382847a41e9,1412.82,55.49,5.640815906,54000,54000
957b3dda6ab2f4bf7e6a87fa10577622bbfebee0,1444.51,56.70,5.781789121,54000,55000
4bcfa0ee8d481f29a44c788aa3e3fd8d20a8393e,1397.84,55.00,5.602798323,54000,54000
c7cb4b1ef1abeaa8a9923481993ca4aa0b11cde1,1551.55,61.17,6.194899719,54000,54000
cbfd462693baf7ed51d75508ea8ea9800a8dfae5,1435.07,56.53,5.747008358,55000,54000
7e7434b0ee4acd59d8f57a55bebc692c62f06190,1531.42,60.15,6.116074637,55000,54000
6c8774e0e7cba6ef9eac17c90f81004b9ee79c51,1465.59,57.81,5.868868029,54000,54000
4e1d847e4c83052a93c7f49812af917d322756f4,1429.52,56.21,5.726415404,55000,54000
37845b13ccfe3508068318906a6d8df31641a363,1463.94,57.65,5.859092329,54000,54000
68c38853d7568f18ce53363e0b88f91378c00df6,1538.78,60.77,6.144332199,54000,54000
8a19a006af6553950a995930f2082df154cd5597,1452.64,56.97,5.811858832,54000,54000
0d04e957d81cc8ead959c2ab65031fb12a9d5d27,1444.38,56.97,5.781517801,55000,54000
3ea9c83e918ae0684f7457afc7383aa1bfb09071,1461.38,57.43,5.851451006,54000,54000
978259170e61de613a57a190ff78e3d9a7d07649,1418.41,56.05,5.685620878,54000,54000
44233ded92deaa9d35a0118c9cf568732ccbdd44,1455.49,57.37,5.849571024,54000,54000
cbfd462693baf7ed51d75508ea8ea9800a8dfae5,1428.96,56.29,5.734856423,54000,54000
b2c3786228805f8a9e2ed1151e4e33a3bf7e3a70,1409.01,55.26,5.637978917,54000,53000
62bdd1beaee41035965d99c20e517da927bb97ae,1406.21,55.21,5.616551816,54000,53000
957b3dda6ab2f4bf7e6a87fa10577622bbfebee0,1449.42,56.70,5.808294541,54000,53000
18f738f8caadcb015ef9ccb323dfc4bf3cbc71ac,1441.44,56.80,5.782799459,53000,53000
957b3dda6ab2f4bf7e6a87fa10577622bbfebee0,1446.45,56.93,5.814141493,54000,54000
b46d90a1eb5269ebfabae58c9229db455685fe80,1445.14,56.84,5.786131513,54000,54000
a885f084ebb9be660f83cce9aa85ff734ee2023e,1536.27,60.67,6.154199664,54000,53000
957b3dda6ab2f4bf7e6a87fa10577622bbfebee0,1442.73,56.40,5.788485892,54000,54000
a17b94219fe013d95d09d45d265a9f3eedcf92a8,1538.18,60.59,6.147199001,54000,54000
351a68da90ba0dd644af9d20f0a6aac7456a6d13,1402.13,54.91,5.624165628,54000,54000
957b3dda6ab2f4bf7e6a87fa10577622bbfebee0,1453.93,57.13,5.824432012,54000,54000
af27037cd8ed239375446bdf78cb9e3d53fcf86f,1423.74,56.21,5.698259623,54000,54000
51043a829c09e05d1bdb83625c4cd5b0c16fabcb,1447.41,56.77,5.802771981,53000,54000
53be6ff83e942046cf6511e652f71831d0343a83,1530.04,60.42,6.118644803,54000,54000
fdc70cbab33a8c5345d1a497a9ce203e8440aba6,1549.84,61.27,6.186809882,54000,54000
7d4b14e3520b98caeae5c07e075cf1737ed01044,1528.17,60.45,6.114570599,54000,54000
960908c60bb2d39cee35b175a56138bed390674c,1400.89,55.31,5.613634418,54000,54000
af27037cd8ed239375446bdf78cb9e3d53fcf86f,1415.87,55.85,5.666342965,54000,54000
51043a829c09e05d1bdb83625c4cd5b0c16fabcb,1466.19,57.77,5.871247993,54000,54000
91305e3955f21e1d3df99a2d6167da46362e7a01,1409.95,55.72,5.654419204,54000,54000
bbf09ddf3be09ad597406583899fa3811231db6a,1405.19,55.28,5.631883700,54000,54000
e538564debacb8a6bffa626f191e8959d48c6797,1432.24,56.29,5.747500299,54000,54000
1059dc8dea7ed71565a69a1e788934a5071bd2a3,1455.41,57.24,5.833317613,54000,54000
6eadc178b68c20a1a074d2f0e8486c70eee8ecd1,1536.79,60.88,6.141331607,54000,54000
a17b94219fe013d95d09d45d265a9f3eedcf92a8,1526.70,60.43,6.095498366,54000,54000
21696e5fe73093fd8a5bd42e0c40f0a5a6ce27bf,1552.69,61.43,6.228748765,54000,54000
dd8b743094c466efa954ebcc00276c09bba36ca2,1448.98,56.95,5.821492622,54000,54000
a885f084ebb9be660f83cce9aa85ff734ee2023e,1523.54,59.97,6.087986463,54000,54000
1059dc8dea7ed71565a69a1e788934a5071bd2a3,1451.10,56.89,5.811239650,54000,54000
f8a21d6b7549424a444867157cf5aa569bd53faf,1549.90,61.12,6.184725833,54000,54000
c61d10302690b7daa738ebaf07c1f46185dc6e60,1441.74,56.54,5.778396594,54000,54000
c0d4e37d372fe99ab908a4a3afff450859c652e3,1445.48,56.99,5.787072066,54000,53000
5588e7eb2fc24a265b5650e65d3452774726e86d,1447.12,56.86,5.796215295,54000,54000
a885f084ebb9be660f83cce9aa85ff734ee2023e,1549.95,61.03,6.193763111,54000,54000
62bdd1beaee41035965d99c20e517da927bb97ae,1412.03,55.71,5.647326192,54000,54000
d13395213eb2b026fe11d5dda3177593ca353ffc,1470.32,57.70,5.885339280,53000,54000
c7cb4b1ef1abeaa8a9923481993ca4aa0b11cde1,1539.13,60.75,6.153679566,54000,54000
51043a829c09e05d1bdb83625c4cd5b0c16fabcb,1447.03,57.02,5.784913092,53000,53000
4ec362d123f57e4fffb8be6032da3382847a41e9,1426.67,56.11,5.718887968,54000,54000
cd6326b39c2477ee5d8a030568a96a95e539fd19,1451.53,56.97,5.820498736,53000,53000
56c5c555148b3a2f718ce556363304cab0709374,1403.45,55.27,5.622218316,53000,54000
64e2f833104ef190de3255981015e2af97da257f,1462.43,57.75,5.850276095,53000,54000
a885f084ebb9be660f83cce9aa85ff734ee2023e,1542.97,60.85,6.157258470,53000,54000
cea55f7a4c53f6b4166f2bbf342a823c23d4dba8,1403.56,55.38,5.616686957,54000,54000
5588e7eb2fc24a265b5650e65d3452774726e86d,1460.95,57.45,5.858735285,53000,54000
46b4a764e023a91faac1a085a7a7b6f0bb7428cd,1482.37,58.18,5.940023153,54000,54000
7e7434b0ee4acd59d8f57a55bebc692c62f06190,1540.59,60.81,6.152075952,54000,54000
609ca31f585d2cf6404a6e77b047d91bb634cfad,1439.82,56.69,5.768266872,54000,53000
a951cb2082086e614d12ce18c3a9bf9333e9a60d,1458.21,57.56,5.844897595,54000,54000
b46d90a1eb5269ebfabae58c9229db455685fe80,1462.19,57.48,5.858134749,54000,54000
a951cb2082086e614d12ce18c3a9bf9333e9a60d,1449.97,57.03,5.808777434,54000,54000
5233ac61b62e943f4e983e502e5bd0b032f2c2e6,1379.72,54.20,5.514612850,54000,54000
3ea9c83e918ae0684f7457afc7383aa1bfb09071,1444.06,56.94,5.792732844,54000,53000
0d04e957d81cc8ead959c2ab65031fb12a9d5d27,1453.18,57.37,5.832691476,54000,54000
2eb4a413f399f6b79eb34cd51a959d9acdfa1148,1562.84,61.95,6.244388180,54000,54000
a31c868a871677c50bbe100c83c4f31c94bcda8f,1546.89,61.10,6.168577901,54000,54000
5588e7eb2fc24a265b5650e65d3452774726e86d,1469.10,58.01,5.909332468,54000,54000
d13395213eb2b026fe11d5dda3177593ca353ffc,1466.93,57.99,5.866400418,54000,54000
1150c0b02c435d2bd05e70933f5f12c82e212d8b,1392.38,54.87,5.573665420,54000,54000
52656a25fd35447a1d7490e818a79419441abea4,1402.96,54.98,5.617885076,54000,54000
6d27d3e0f12f0141447f1070a54a93f02fe4042a,1406.02,55.33,5.644129267,53000,54000
494d4bc425a8c2859dbef0bd55a4006c6bc72536,1455.85,57.31,5.838622950,54000,54000
dca9510ec9a98d37c3798ee8388f4ba8e954fef4,1381.15,54.49,5.542927597,54000,53000
62bdd1beaee41035965d99c20e517da927bb97ae,1411.47,55.71,5.647068834,54000,54000
960908c60bb2d39cee35b175a56138bed390674c,1422.57,56.04,5.692168765,54000,54000
51043a829c09e05d1bdb83625c4cd5b0c16fabcb,1446.90,57.21,5.795101208,54000,54000
978259170e61de613a57a190ff78e3d9a7d07649,1407.57,55.54,5.636181922,54000,54000
a951cb2082086e614d12ce18c3a9bf9333e9a60d,1451.10,57.41,5.831727597,54000,53000
56b1c644bbc0df9606572680781b8b89a7355cd8,1421.23,55.80,5.713382414,54000,54000
762ba741dc550cea2b64869483bc9ec53c16fb06,1551.53,61.31,6.204221735,54000,54000
4bcfa0ee8d481f29a44c788aa3e3fd8d20a8393e,1415.60,55.78,5.672634392,54000,54000
6688d3b99b6bac78c3ccc01b9be87e4b78360206,1452.49,57.17,5.845379587,54000,54000
1838e2888cc9ec3faaf08865f0c7ad9f3067467d,1400.28,55.28,5.612027634,54000,54000
41e45ca5950ecc8f250775a4432948b5910eba45,1525.10,60.37,6.102840115,54000,54000
e8d62f313be55637354b3e0ad69ae807c4d67fb6,1519.14,59.99,6.078754586,54000,54000
0a7c9d027afb599101817ed7d06d22b95912de06,1453.60,57.45,5.838025958,54000,54000
107a8b44f8e04650b0b4989912f2ccda6619c031,1402.47,55.21,5.627729655,54000,54000
107a8b44f8e04650b0b4989912f2ccda6619c031,1418.48,55.88,5.687067699,54000,54000
5a248637415c5e219ba0142ea7f1b066a9ebd25f,1396.94,55.09,5.606695021,54000,54000
7a7597064d48a7dac9709cd90142f1738f231a13,1464.83,57.84,5.863915142,54000,54000
41e45ca5950ecc8f250775a4432948b5910eba45,1529.74,60.49,6.113108587,54000,54000
a951cb2082086e614d12ce18c3a9bf9333e9a60d,1462.76,57.73,5.877464408,54000,54000
3b3043e3e25a3410bd9c2243f30d6e26926bc646,1466.80,57.47,5.903480672,54000,53000
dbdc91b2ce8448c5c40ab81dc71b69a8ed6999a6,1434.85,56.55,5.740700183,54000,54000
b7a4382f1a55472e8379796149126f37999731b7,1411.21,55.60,5.640084273,54000,54000
18f738f8caadcb015ef9ccb323dfc4bf3cbc71ac,1456.90,57.52,5.838791951,54000,54000
1059dc8dea7ed71565a69a1e788934a5071bd2a3,1463.75,57.62,5.870494926,54000,54000
7d4b14e3520b98caeae5c07e075cf1737ed01044,1577.03,62.73,6.304966565,54000,54000
adb9650f17520f1de630abc1758e25997263276d,1530.33,60.67,6.111397507,54000,54000
5a248637415c5e219ba0142ea7f1b066a9ebd25f,1423.33,56.05,5.704092071,54000,54000
3e80ca34a9a562ddbbb717e989d1c89b3f39171d,1523.49,60.10,6.085807161,54000,54000
5a339aaeebae4084a4907243ae10bf19c64d5317,1469.42,58.16,5.886604182,54000,54000
0138ac401ae8da2b12fdcbe580b6f73feedd6a6b,1551.08,61.53,6.187610869,54000,54000
a885f084ebb9be660f83cce9aa85ff734ee2023e,1575.83,62.56,6.293114677,54000,54000
a0ce6f065a3e3abd1b832367639f09ea31248420,1550.21,61.46,6.190808832,54000,54000
52656a25fd35447a1d7490e818a79419441abea4,1404.95,54.96,5.624881213,54000,53000
6451625786eb5d39f67be2d1c62644ce7f34ffa3,1557.77,61.63,6.215904925,54000,54000
c0d4e37d372fe99ab908a4a3afff450859c652e3,1446.79,56.87,5.785320011,54000,55000
5233ac61b62e943f4e983e502e5bd0b032f2c2e6,1402.59,55.53,5.603946943,54000,54000
d8611587abc5571f0284490e7fc403871eb0944d,1445.23,56.87,5.793860508,54000,54000
20c189a240e1f863d07a5cf91453cc1c2fdf4823,1548.09,61.23,6.188692530,54000,54000
e7e2b518cd8d5c57e6ace7a005af6ae8b2edaf50,1423.46,55.76,5.700874011,54000,54000
4d524e387ff908043ef72fa37f3ed613cdd39e69,1413.90,55.42,5.657228429,54000,54000
351a68da90ba0dd644af9d20f0a6aac7456a6d13,1395.05,54.68,5.587039342,54000,54000
5dce2374aae6a1af981764a07fb138bbd3eb179d,1541.27,61.06,6.164901860,54000,54000
2eb4a413f399f6b79eb34cd51a959d9acdfa1148,1563.37,61.78,6.241419799,54000,54000
4e1d847e4c83052a93c7f49812af917d322756f4,1407.84,55.24,5.625061480,54000,53000
494d4bc425a8c2859dbef0bd55a4006c6bc72536,1449.37,57.04,5.811849617,54000,54000
e7e2b518cd8d5c57e6ace7a005af6ae8b2edaf50,1393.99,54.64,5.578008133,54000,54000
fdc70cbab33a8c5345d1a497a9ce203e8440aba6,1576.07,62.34,6.284724798,54000,54000
b2c3786228805f8a9e2ed1151e4e33a3bf7e3a70,1397.40,55.24,5.587948199,54000,54000
56c5c555148b3a2f718ce556363304cab0709374,1411.07,55.79,5.642749678,54000,54000
52be12c072df48763c890dca2cb916f9f7a529f9,1417.40,55.80,5.678837447,54000,55000
978259170e61de613a57a190ff78e3d9a7d07649,1417.06,55.70,5.663129751,54000,54000
18f738f8caadcb015ef9ccb323dfc4bf3cbc71ac,1458.86,57.15,5.844420442,54000,54000
cd6326b39c2477ee5d8a030568a96a95e539fd19,1455.76,57.20,5.838267409,54000,54000
6688d3b99b6bac78c3ccc01b9be87e4b78360206,1441.81,56.74,5.777185586,54000,54000
a40a918f208350e233527254e9053b30a8d80eda,1570.15,62.29,6.266690560,54000,54000
978259170e61de613a57a190ff78e3d9a7d07649,1416.30,55.80,5.674449111,54000,54000
ce6c1b13e5a0d86acd6b3db9eb73479e33eaf851,1397.28,55.20,5.587637201,54000,53000
e6e71118c0a1fcf5c47eefbce67b851318d6216c,1408.08,55.35,5.635619171,54000,54000
d6f37cf1658efd2d80dc19bb2beb86264b9d2887,1384.20,54.56,5.543956975,54000,53000
dbdc91b2ce8448c5c40ab81dc71b69a8ed6999a6,1407.45,55.70,5.627411532,53000,54000
1838e2888cc9ec3faaf08865f0c7ad9f3067467d,1390.14,55.11,5.554593783,54000,54000
cea55f7a4c53f6b4166f2bbf342a823c23d4dba8,1392.27,54.73,5.570133125,54000,54000
bbf09ddf3be09ad597406583899fa3811231db6a,1420.25,55.78,5.697807003,54000,54000
5233ac61b62e943f4e983e502e5bd0b032f2c2e6,1400.17,54.99,5.596609716,54000,54000
d13395213eb2b026fe11d5dda3177593ca353ffc,1460.00,57.27,5.856271488,54000,54000
0a7c9d027afb599101817ed7d06d22b95912de06,1451.99,57.29,5.813986142,54000,54000
4178749479dcc5853399f2b9689ce06e51494984,1412.67,55.36,5.655288834,54000,54000
44233ded92deaa9d35a0118c9cf568732ccbdd44,1478.90,58.10,5.923554128,54000,54000
f087501e178b2ff7d0c60326bd8e069c1237260d,1478.94,58.28,5.912106284,54000,54000
c61d10302690b7daa738ebaf07c1f46185dc6e60,1441.08,56.61,5.770908408,54000,54000
adb9650f17520f1de630abc1758e25997263276d,1549.11,61.40,6.184504954,54000,54000
cea55f7a4c53f6b4166f2bbf342a823c23d4dba8,1395.43,55.33,5.584066485,54000,54000
a17b94219fe013d95d09d45d265a9f3eedcf92a8,1538.77,60.56,6.137769134,54000,54000
7a7597064d48a7dac9709cd90142f1738f231a13,1458.02,57.14,5.841351300,54000,54000
d6f37cf1658efd2d80dc19bb2beb86264b9d2887,1395.88,54.91,5.579362547,54000,54000
2b9cfcc54dff7b79afd89be3ecf1a107b8290278,1382.37,54.44,5.528022179,54000,54000
20c189a240e1f863d07a5cf91453cc1c2fdf4823,1538.21,60.91,6.139050077,54000,54000
6c8774e0e7cba6ef9eac17c90f81004b9ee79c51,1444.71,56.78,5.791254910,54000,54000
1838e2888cc9ec3faaf08865f0c7ad9f3067467d,1400.60,55.30,5.603615300,54000,54000
d13395213eb2b026fe11d5dda3177593ca353ffc,1462.66,57.67,5.851862420,54000,54000
56c5c555148b3a2f718ce556363304cab0709374,1414.50,55.79,5.646385860,54000,54000
dbdc91b2ce8448c5c40ab81dc71b69a8ed6999a6,1408.05,55.40,5.635163943,54000,54000
a17b94219fe013d95d09d45d265a9f3eedcf92a8,1554.75,61.42,6.216818195,54000,54000
7e7434b0ee4acd59d8f57a55bebc692c62f06190,1506.29,59.18,6.021037956,53000,54000
0d04e957d81cc8ead959c2ab65031fb12a9d5d27,1446.11,56.94,5.792627723,54000,54000
4f4ae9203b992eb032cc4923d615006298952651,1417.73,55.83,5.677914698,54000,54000
2eb4a413f399f6b79eb34cd51a959d9acdfa1148,1545.33,61.09,6.167823002,54000,54000
46b4a764e023a91faac1a085a7a7b6f0bb7428cd,1446.82,57.05,5.775876222,54000,54000
609ca31f585d2cf6404a6e77b047d91bb634cfad,1449.23,56.84,5.797631176,54000,54000
fea6020b3d1e6d546f78cab6962cad780f8a11da,1401.47,55.04,5.614093945,54000,54000
d6f37cf1658efd2d80dc19bb2beb86264b9d2887,1405.48,55.02,5.628683825,54000,54000
a885f084ebb9be660f83cce9aa85ff734ee2023e,1563.79,62.05,6.238787799,54000,54000
37845b13ccfe3508068318906a6d8df31641a363,1499.48,58.94,6.013517817,54000,54000
dca9510ec9a98d37c3798ee8388f4ba8e954fef4,1399.43,55.00,5.612201257,54000,54000
51043a829c09e05d1bdb83625c4cd5b0c16fabcb,1458.67,57.10,5.837832763,54000,54000
f8a21d6b7549424a444867157cf5aa569bd53faf,1551.75,61.27,6.200328482,54000,54000
37845b13ccfe3508068318906a6d8df31641a363,1485.09,58.27,5.949554205,54000,54000
41e45ca5950ecc8f250775a4432948b5910eba45,1562.09,62.07,6.229132360,54000,54000
1838e2888cc9ec3faaf08865f0c7ad9f3067467d,1410.88,55.64,5.637590534,54000,54000
cbfd462693baf7ed51d75508ea8ea9800a8dfae5,1455.14,57.04,5.834895564,54000,54000
5dce2374aae6a1af981764a07fb138bbd3eb179d,1550.74,61.15,6.195192928,54000,54000
6451625786eb5d39f67be2d1c62644ce7f34ffa3,1532.31,60.60,6.114477415,54000,54000
c61d10302690b7daa738ebaf07c1f46185dc6e60,1450.06,56.93,5.801254719,55000,54000
dca9510ec9a98d37c3798ee8388f4ba8e954fef4,1401.80,54.87,5.613341965,54000,54000
a17b94219fe013d95d09d45d265a9f3eedcf92a8,1552.48,61.40,6.185143897,54000,54000
0a7c9d027afb599101817ed7d06d22b95912de06,1466.99,57.55,5.869668130,54000,54000
53be6ff83e942046cf6511e652f71831d0343a83,1550.08,61.08,6.189559622,54000,54000
960908c60bb2d39cee35b175a56138bed390674c,1396.49,54.70,5.580061099,54000,54000
41e45ca5950ecc8f250775a4432948b5910eba45,1554.49,61.40,6.204902515,53000,54000
4d61451a34ce5f4501567b81f71dac980e653762,1414.42,55.62,5.652998417,54000,54000
0d04e957d81cc8ead959c2ab65031fb12a9d5d27,1460.75,57.48,5.855638669,54000,54000
1d5324e08f236b97fbedbbc09a79924c0f55b6cb,1539.09,60.69,6.133848732,54000,54000
20c189a240e1f863d07a5cf91453cc1c2fdf4823,1539.21,60.70,6.138621926,54000,54000
90b6bac2d698b51dc8465508e3b56377c703c622,1533.60,60.05,6.138215218,54000,54000
ce6c1b13e5a0d86acd6b3db9eb73479e33eaf851,1435.68,56.59,5.737975887,54000,54000
978259170e61de613a57a190ff78e3d9a7d07649,1415.80,55.66,5.653758130,54000,54000
4ec362d123f57e4fffb8be6032da3382847a41e9,1414.32,55.59,5.652156543,55000,54000
5ebd5b32a6a8cbcebd5303dfd7f4f7b0b173bc53,1411.46,55.56,5.648691889,54000,54000
cd6326b39c2477ee5d8a030568a96a95e539fd19,1439.93,56.55,5.775044053,54000,55000
351a68da90ba0dd644af9d20f0a6aac7456a6d13,1405.56,55.10,5.634462097,54000,54000
56b1c644bbc0df9606572680781b8b89a7355cd8,1464.78,57.52,5.867017614,54000,54000
6688d3b99b6bac78c3ccc01b9be87e4b78360206,1439.52,56.46,5.777853342,54000,54000
62bdd1beaee41035965d99c20e517da927bb97ae,1418.44,55.81,5.674411354,54000,54000
4f4ae9203b992eb032cc4923d615006298952651,1397.23,55.38,5.594637494,54000,55000
1d5324e08f236b97fbedbbc09a79924c0f55b6cb,1535.15,60.58,6.138695657,54000,54000
6c8774e0e7cba6ef9eac17c90f81004b9ee79c51,1449.28,56.94,5.813681969,53000,54000
90b6bac2d698b51dc8465508e3b56377c703c622,1547.12,60.88,6.198790335,54000,54000
a40a918f208350e233527254e9053b30a8d80eda,1550.80,61.32,6.204962884,54000,54000
56b1c644bbc0df9606572680781b8b89a7355cd8,1444.57,56.60,5.794417254,53000,54000
d8611587abc5571f0284490e7fc403871eb0944d,1464.84,57.69,5.867255502,54000,54000
af27037cd8ed239375446bdf78cb9e3d53fcf86f,1405.91,55.36,5.637593802,54000,54000
1910d72e34452a0eb2c731c82624461d3425d048,1430.54,56.25,5.724645297,54000,54000
21696e5fe73093fd8a5bd42e0c40f0a5a6ce27bf,1537.48,60.59,6.142743645,54000,54000
37845b13ccfe3508068318906a6d8df31641a363,1468.29,57.60,5.872828446,54000,54000
0d04e957d81cc8ead959c2ab65031fb12a9d5d27,1455.29,57.06,5.827872986,54000,54000
a0ce6f065a3e3abd1b832367639f09ea31248420,1544.92,61.10,6.155020501,53000,55000
e7e2b518cd8d5c57e6ace7a005af6ae8b2edaf50,1409.17,55.24,5.634352321,54000,54000
b46d90a1eb5269ebfabae58c9229db455685fe80,1456.28,57.39,5.829716413,54000,54000
a31c868a871677c50bbe100c83c4f31c94bcda8f,1556.26,61.18,6.218327707,54000,54000
dca9510ec9a98d37c3798ee8388f4ba8e954fef4,1396.91,54.91,5.600170545,54000,54000
f087501e178b2ff7d0c60326bd8e069c1237260d,1473.19,57.92,5.901824629,54000,54000
ce6c1b13e5a0d86acd6b3db9eb73479e33eaf851,1394.17,54.90,5.577625966,54000,54000
957b3dda6ab2f4bf7e6a87fa10577622bbfebee0,1468.61,57.56,5.887151628,54000,54000
a40a918f208350e233527254e9053b30a8d80eda,1554.52,61.35,6.208265682,54000,54000
6eadc178b68c20a1a074d2f0e8486c70eee8ecd1,1539.59,60.81,6.137105524,54000,54000
4e1d847e4c83052a93c7f49812af917d322756f4,1428.71,55.93,5.728058442,54000,54000
53be6ff83e942046cf6511e652f71831d0343a83,1535.16,60.60,6.120986653,54000,54000
b46d90a1eb5269ebfabae58c9229db455685fe80,1459.54,57.22,5.842821630,54000,54000
4bcfa0ee8d481f29a44c788aa3e3fd8d20a8393e,1418.90,55.65,5.690769970,54000,54000
d8611587abc5571f0284490e7fc403871eb0944d,1442.53,56.79,5.777351215,54000,54000
1838e2888cc9ec3faaf08865f0c7ad9f3067467d,1415.94,55.69,5.653205878,54000,54000
f087501e178b2ff7d0c60326bd8e069c1237260d,1468.27,57.85,5.873890900,54000,54000
3ea9c83e918ae0684f7457afc7383aa1bfb09071,1439.46,56.54,5.774030802,53000,54000
21696e5fe73093fd8a5bd42e0c40f0a5a6ce27bf,1545.50,61.10,6.173351374,54000,53000
52be12c072df48763c890dca2cb916f9f7a529f9,1415.08,55.58,5.661481593,54000,54000
4ec362d123f57e4fffb8be6032da3382847a41e9,1399.72,55.08,5.599604005,54000,54000
4d524e387ff908043ef72fa37f3ed613cdd39e69,1399.05,55.12,5.598649679,54000,54000
3ea9c83e918ae0684f7457afc7383aa1bfb09071,1443.80,56.72,5.790411150,54000,54000
8a19a006af6553950a995930f2082df154cd5597,1476.50,57.77,5.908080491,54000,54000
762ba741dc550cea2b64869483bc9ec53c16fb06,1557.73,61.31,6.220796609,55000,54000
0a7c9d027afb599101817ed7d06d22b95912de06,1457.62,57.62,5.829518394,54000,54000
8a19a006af6553950a995930f2082df154cd5597,1437.60,56.33,5.773306648,54000,54000
494d4bc425a8c2859dbef0bd55a4006c6bc72536,1459.85,57.20,5.840133322,54000,54000
609ca31f585d2cf6404a6e77b047d91bb634cfad,1461.17,57.38,5.850886705,54000,54000
44233ded92deaa9d35a0118c9cf568732ccbdd44,1432.52,56.18,5.779886529,55000,54000
957b3dda6ab2f4bf7e6a87fa10577622bbfebee0,1468.46,57.57,5.907070733,54000,54000
5233ac61b62e943f4e983e502e5bd0b032f2c2e6,1395.33,54.50,5.590270082,54000,54000
7eea23784947d624dacd57776d450c3215b4583f,1578.23,62.04,6.295530286,54000,54000
cbfd462693baf7ed51d75508ea8ea9800a8dfae5,1471.00,57.56,5.898581871,54000,54000
5233ac61b62e943f4e983e502e5bd0b032f2c2e6,1392.94,54.43,5.573107492,54000,54000
4bcfa0ee8d481f29a44c788aa3e3fd8d20a8393e,1404.81,55.27,5.629372914,54000,54000
3e80ca34a9a562ddbbb717e989d1c89b3f39171d,1570.52,62.16,6.254355857,55000,54000
4d524e387ff908043ef72fa37f3ed613cdd39e69,1406.07,55.26,5.630663786,54000,54000
56c5c555148b3a2f718ce556363304cab0709374,1419.10,55.86,5.675638859,54000,54000
5233ac61b62e943f4e983e502e5bd0b032f2c2e6,1386.73,54.40,5.553637419,54000,54000
fdc70cbab33a8c5345d1a497a9ce203e8440aba6,1553.17,61.41,6.195208171,54000,54000
1150c0b02c435d2bd05e70933f5f12c82e212d8b,1398.27,54.66,5.597244599,54000,54000
1d5324e08f236b97fbedbbc09a79924c0f55b6cb,1545.47,61.04,6.175014476,55000,54000
21696e5fe73093fd8a5bd42e0c40f0a5a6ce27bf,1524.63,60.16,6.100239702,54000,54000
56c5c555148b3a2f718ce556363304cab0709374,1413.41,55.48,5.657078512,54000,54000
4ec362d123f57e4fffb8be6032da3382847a41e9,1408.02,55.42,5.631783269,54000,54000
41e45ca5950ecc8f250775a4432948b5910eba45,1548.87,61.25,6.186266456,54000,54000
20c189a240e1f863d07a5cf91453cc1c2fdf4823,1535.48,60.59,6.123538285,54000,54000
62bdd1beaee41035965d99c20e517da927bb97ae,1410.17,55.78,5.639228011,54000,54000
52656a25fd35447a1d7490e818a79419441abea4,1383.73,54.27,5.535662507,54000,54000
56b1c644bbc0df9606572680781b8b89a7355cd8,1466.58,57.55,5.881724401,54000,54000
4ec362d123f57e4fffb8be6032da3382847a41e9,1428.51,55.99,5.715230539,54000,54000
64e2f833104ef190de3255981015e2af97da257f,1462.30,57.38,5.856227097,54000,53000
ccea5c486b0f6fe1cb43cf7df36d7a94c2496c56,1498.26,59.13,6.006637020,54000,54000
dbdc91b2ce8448c5c40ab81dc71b69a8ed6999a6,1414.72,55.75,5.651610309,54000,54000
107a8b44f8e04650b0b4989912f2ccda6619c031,1404.86,54.93,5.627589941,54000,54000
3b3043e3e25a3410bd9c2243f30d6e26926bc646,1449.22,57.11,5.804538834,54000,54000
dca9510ec9a98d37c3798ee8388f4ba8e954fef4,1391.57,54.66,5.580802822,54000,53000
6d27d3e0f12f0141447f1070a54a93f02fe4042a,1406.25,55.37,5.636256540,54000,54000
cea55f7a4c53f6b4166f2bbf342a823c23d4dba8,1423.21,56.00,5.694854637,54000,54000
5ebd5b32a6a8cbcebd5303dfd7f4f7b0b173bc53,1420.55,55.98,5.691623335,54000,54000
91305e3955f21e1d3df99a2d6167da46362e7a01,1391.46,54.60,5.589533487,54000,54000
4ec362d123f57e4fffb8be6032da3382847a41e9,1414.23,55.54,5.669911570,54000,54000
6c8774e0e7cba6ef9eac17c90f81004b9ee79c51,1441.74,56.64,5.781951669,54000,54000
46b4a764e023a91faac1a085a7a7b6f0bb7428cd,1449.82,56.92,5.805596507,54000,54000
4ec362d123f57e4fffb8be6032da3382847a41e9,1410.74,55.66,5.646199458,54000,53000
6c8774e0e7cba6ef9eac17c90f81004b9ee79c51,1465.83,57.51,5.878675696,54000,54000
e7e2b518cd8d5c57e6ace7a005af6ae8b2edaf50,1392.04,54.57,5.583317224,54000,54000
351a68da90ba0dd644af9d20f0a6aac7456a6d13,1418.84,55.51,5.691588798,54000,54000
3e80ca34a9a562ddbbb717e989d1c89b3f39171d,1540.27,60.66,6.156872367,54000,54000
4d524e387ff908043ef72fa37f3ed613cdd39e69,1402.86,55.42,5.613755386,54000,54000
1910d72e34452a0eb2c731c82624461d3425d048,1426.54,56.27,5.711321869,54000,53000
4e1d847e4c83052a93c7f49812af917d322756f4,1403.59,54.91,5.630781221,53000,54000
e6e71118c0a1fcf5c47eefbce67b851318d6216c,1424.70,56.08,5.698639945,54000,54000
6d27d3e0f12f0141447f1070a54a93f02fe4042a,1400.98,55.00,5.626711219,53000,54000
0d04e957d81cc8ead959c2ab65031fb12a9d5d27,1469.86,57.97,5.899747278,54000,54000
cd6326b39c2477ee5d8a030568a96a95e539fd19,1459.89,57.35,5.854007863,54000,54000
0138ac401ae8da2b12fdcbe580b6f73feedd6a6b,1531.19,60.35,6.118688572,54000,54000
5dce2374aae6a1af981764a07fb138bbd3eb179d,1540.31,60.86,6.149650237,54000,54000
cea55f7a4c53f6b4166f2bbf342a823c23d4dba8,1421.77,55.63,5.692072061,54000,54000
d13395213eb2b026fe11d5dda3177593ca353ffc,1452.57,57.16,5.818108964,54000,54000
cea55f7a4c53f6b4166f2bbf342a823c23d4dba8,1411.11,55.42,5.644908063,54000,54000
e7b319806360293e5e66532bb0ec8874ed1a85a1,1535.50,60.60,6.127008015,54000,54000
6eadc178b68c20a1a074d2f0e8486c70eee8ecd1,1536.83,60.75,6.129606984,54000,54000
51043a829c09e05d1bdb83625c4cd5b0c16fabcb,1455.79,57.18,5.837381635,54000,54000
fdc70cbab33a8c5345d1a497a9ce203e8440aba6,1549.71,60.99,6.193396775,54000,54000
1150c0b02c435d2bd05e70933f5f12c82e212d8b,1407.77,54.90,5.646216109,54000,54000
4bcfa0ee8d481f29a44c788aa3e3fd8d20a8393e,1396.10,54.58,5.601079772,54000,54000
6d27d3e0f12f0141447f1070a54a93f02fe4042a,1403.55,55.29,5.620703741,54000,54000
21696e5fe73093fd8a5bd42e0c40f0a5a6ce27bf,1561.51,61.74,6.238851470,54000,54000
cbfd462693baf7ed51d75508ea8ea9800a8dfae5,1449.28,56.81,5.804724687,54000,54000
0a7c9d027afb599101817ed7d06d22b95912de06,1437.28,56.66,5.754753900,54000,54000
4f4ae9203b992eb032cc4923d615006298952651,1417.49,55.77,5.669350145,54000,54000
ce6c1b13e5a0d86acd6b3db9eb73479e33eaf851,1384.14,54.44,5.538348638,55000,54000
a0ce6f065a3e3abd1b832367639f09ea31248420,1577.31,62.37,6.288784243,54000,54000
fdc70cbab33a8c5345d1a497a9ce203e8440aba6,1541.76,60.67,6.148654775,54000,54000
7d4b14e3520b98caeae5c07e075cf1737ed01044,1539.47,60.81,6.143542970,55000,54000
dca9510ec9a98d37c3798ee8388f4ba8e954fef4,1411.75,55.34,5.649115210,55000,54000
4178749479dcc5853399f2b9689ce06e51494984,1413.41,55.64,5.653941582,54000,54000
4d524e387ff908043ef72fa37f3ed613cdd39e69,1413.97,55.56,5.645246767,54000,54000
6c8774e0e7cba6ef9eac17c90f81004b9ee79c51,1450.82,56.89,5.811369602,54000,54000
107a8b44f8e04650b0b4989912f2ccda6619c031,1413.29,55.30,5.653162406,54000,54000
351a68da90ba0dd644af9d20f0a6aac7456a6d13,1393.17,54.35,5.581361955,53000,54000
21696e5fe73093fd8a5bd42e0c40f0a5a6ce27bf,1560.02,61.46,6.235068247,53000,54000
21696e5fe73093fd8a5bd42e0c40f0a5a6ce27bf,1534.25,60.42,6.137699477,54000,54000
1150c0b02c435d2bd05e70933f5f12c82e212d8b,1397.02,54.65,5.598478818,55000,54000
5a339aaeebae4084a4907243ae10bf19c64d5317,1496.55,59.09,5.992393534,54000,54000
a31c868a871677c50bbe100c83c4f31c94bcda8f,1542.86,60.92,6.159776729,54000,54000
af27037cd8ed239375446bdf78cb9e3d53fcf86f,1411.58,55.61,5.647303247,54000,55000
1059dc8dea7ed71565a69a1e788934a5071bd2a3,1482.13,57.97,5.942567690,54000,54000
e7e2b518cd8d5c57e6ace7a005af6ae8b2edaf50,1404.83,55.20,5.631220760,54000,54000
957b3dda6ab2f4bf7e6a87fa10577622bbfebee0,1458.13,57.27,5.842753801,54000,54000
6451625786eb5d39f67be2d1c62644ce7f34ffa3,1553.40,61.23,6.218121017,54000,54000
b2c3786228805f8a9e2ed1151e4e33a3bf7e3a70,1417.45,55.46,5.673480802,54000,54000
0a7c9d027afb599101817ed7d06d22b95912de06,1447.94,56.76,5.795803599,54000,54000
cea55f7a4c53f6b4166f2bbf342a823c23d4dba8,1406.05,55.29,5.618020682,55000,54000
dd8b743094c466efa954ebcc00276c09bba36ca2,1447.53,56.81,5.796965477,54000,54000
cea55f7a4c53f6b4166f2bbf342a823c23d4dba8,1412.62,55.45,5.645798218,54000,54000
46b4a764e023a91faac1a085a7a7b6f0bb7428cd,1429.14,56.18,5.731980697,54000,54000
fea6020b3d1e6d546f78cab6962cad780f8a11da,1423.00,55.77,5.706141032,54000,54000
b2c3786228805f8a9e2ed1151e4e33a3bf7e3a70,1392.94,54.65,5.575003087,55000,54000
6eadc178b68c20a1a074d2f0e8486c70eee8ecd1,1533.75,60.55,6.133412878,54000,54000
91305e3955f21e1d3df99a2d6167da46362e7a01,1420.68,55.70,5.694117038,54000,54000
351a68da90ba0dd644af9d20f0a6aac7456a6d13,1398.57,54.85,5.610005444,54000,54000
8a19a006af6553950a995930f2082df154cd5597,1447.78,57.05,5.805660736,54000,54000
1150c0b02c435d2bd05e70933f5f12c82e212d8b,1408.55,55.38,5.653709851,53000,54000
957b3dda6ab2f4bf7e6a87fa10577622bbfebee0,1444.76,56.78,5.798938722,54000,54000
6d27d3e0f12f0141447f1070a54a93f02fe4042a,1413.03,55.57,5.656351497,55000,54000
e8d62f313be55637354b3e0ad69ae807c4d67fb6,1526.60,60.23,6.099674094,54000,54000
7d4b14e3520b98caeae5c07e075cf1737ed01044,1546.12,60.86,6.180424124,54000,55000
8a19a006af6553950a995930f2082df154cd5597,1456.01,57.14,5.843440705,54000,54000
1838e2888cc9ec3faaf08865f0c7ad9f3067467d,1389.18,54.86,5.554747404,54000,54000
1150c0b02c435d2bd05e70933f5f12c82e212d8b,1405.37,55.07,5.636674497,54000,54000
5ebd5b32a6a8cbcebd5303dfd7f4f7b0b173bc53,1419.77,55.68,5.681768931,55000,54000
adb9650f17520f1de630abc1758e25997263276d,1570.68,62.11,6.268713295,54000,54000
3e80ca34a9a562ddbbb717e989d1c89b3f39171d,1538.53,60.66,6.129206200,54000,54000
960908c60bb2d39cee35b175a56138bed390674c,1404.77,55.35,5.622469947,54000,54000
dd8b743094c466efa954ebcc00276c09bba36ca2,1445.30,56.66,5.785376189,54000,54000
6eadc178b68c20a1a074d2f0e8486c70eee8ecd1,1530.50,60.58,6.114422628,54000,54000
e7b319806360293e5e66532bb0ec8874ed1a85a1,1519.22,59.98,6.072035750,54000,54000
52be12c072df48763c890dca2cb916f9f7a529f9,1408.88,55.51,5.646084963,54000,54000
51043a829c09e05d1bdb83625c4cd5b0c16fabcb,1466.44,57.58,5.869374291,54000,54000
f087501e178b2ff7d0c60326bd8e069c1237260d,1471.14,57.72,5.886699889,54000,54000
fdc70cbab33a8c5345d1a497a9ce203e8440aba6,1533.64,60.49,6.116756835,54000,54000
4f4ae9203b992eb032cc4923d615006298952651,1409.51,55.45,5.624627745,54000,54000
b8ad84648f7a947fb4f9a15507c4ce0be062c54a,1553.03,61.33,6.196182858,54000,54000
37845b13ccfe3508068318906a6d8df31641a363,1458.91,57.39,5.841611450,54000,54000
d13395213eb2b026fe11d5dda3177593ca353ffc,1470.42,57.89,5.887596084,54000,54000
64e2f833104ef190de3255981015e2af97da257f,1453.11,57.19,5.815727152,54000,54000
6451625786eb5d39f67be2d1c62644ce7f34ffa3,1549.46,61.26,6.177118873,54000,54000
c7cb4b1ef1abeaa8a9923481993ca4aa0b11cde1,1543.44,60.73,6.158375919,54000,54000
56c5c555148b3a2f718ce556363304cab0709374,1425.48,56.26,5.699637644,54000,54000
7a7597064d48a7dac9709cd90142f1738f231a13,1439.50,56.36,5.757737895,54000,54000
cea55f7a4c53f6b4166f2bbf342a823c23d4dba8,1413.00,55.53,5.648275980,54000,54000
5a339aaeebae4084a4907243ae10bf19c64d5317,1478.17,57.96,5.911472919,54000,54000
adb9650f17520f1de630abc1758e25997263276d,1532.71,60.48,6.111076866,54000,54000
5233ac61b62e943f4e983e502e5bd0b032f2c2e6,1404.14,55.13,5.617193281,53000,54000
d6f37cf1658efd2d80dc19bb2beb86264b9d2887,1388.68,54.61,5.554828927,54000,54000
53be6ff83e942046cf6511e652f71831d0343a83,1526.63,60.21,6.092674823,54000,54000
5a339aaeebae4084a4907243ae10bf19c64d5317,1470.14,57.86,5.882173659,54000,54000
21696e5fe73093fd8a5bd42e0c40f0a5a6ce27bf,1546.40,60.68,6.174768984,54000,54000
1838e2888cc9ec3faaf08865f0c7ad9f3067467d,1412.98,55.67,5.637701249,54000,55000
4178749479dcc5853399f2b9689ce06e51494984,1402.53,54.86,5.610442340,54000,54000
ccea5c486b0f6fe1cb43cf7df36d7a94c2496c56,1451.79,57.07,5.810737768,54000,54000
5a248637415c5e219ba0142ea7f1b066a9ebd25f,1405.82,55.06,5.624426516,54000,55000
bbf09ddf3be09ad597406583899fa3811231db6a,1414.57,55.39,5.656209339,54000,54000
46b4a764e023a91faac1a085a7a7b6f0bb7428cd,1455.64,57.48,5.817930174,54000,55000
4d524e387ff908043ef72fa37f3ed613cdd39e69,1423.09,55.86,5.688254475,54000,54000
af27037cd8ed239375446bdf78cb9e3d53fcf86f,1422.05,56.01,5.696532293,54000,54000
dd8b743094c466efa954ebcc00276c09bba36ca2,1457.67,57.34,5.832467799,54000,54000
c0d4e37d372fe99ab908a4a3afff450859c652e3,1443.60,56.68,5.783840398,54000,54000
f087501e178b2ff7d0c60326bd8e069c1237260d,1494.25,58.71,5.992236855,54000,55000
62bdd1beaee41035965d99c20e517da927bb97ae,1427.12,56.15,5.705137355,54000,54000
762ba741dc550cea2b64869483bc9ec53c16fb06,1562.27,61.67,6.234212960,54000,54000
4d61451a34ce5f4501567b81f71dac980e653762,1425.80,55.92,5.711626231,54000,54000
52656a25fd35447a1d7490e818a79419441abea4,1381.61,54.28,5.532508875,54000,54000
2b9cfcc54dff7b79afd89be3ecf1a107b8290278,1394.77,54.81,5.579077311,54000,54000
5a248637415c5e219ba0142ea7f1b066a9ebd25f,1417.30,55.29,5.680375238,54000,54000
4d61451a34ce5f4501567b81f71dac980e653762,1410.98,55.26,5.651358296,54000,54000
cbfd462693baf7ed51d75508ea8ea9800a8dfae5,1439.22,56.47,5.773512126,54000,54000
1059dc8dea7ed71565a69a1e788934a5071bd2a3,1456.36,57.14,5.836698157,54000,54000
44233ded92deaa9d35a0118c9cf568732ccbdd44,1450.01,56.91,5.811963860,54000,54000
0a7c9d027afb599101817ed7d06d22b95912de06,1442.30,56.81,5.772429388,54000,54000
1150c0b02c435d2bd05e70933f5f12c82e212d8b,1393.94,54.70,5.575986779,55000,54000
5a248637415c5e219ba0142ea7f1b066a9ebd25f,1396.20,54.62,5.592185932,54000,54000
3b3043e3e25a3410bd9c2243f30d6e26926bc646,1460.58,57.23,5.863137512,54000,54000
7d4b14e3520b98caeae5c07e075cf1737ed01044,1530.56,60.20,6.121599536,54000,54000
dbdc91b2ce8448c5c40ab81dc71b69a8ed6999a6,1408.95,55.46,5.639377537,54000,54000
7d4b14e3520b98caeae5c07e075cf1737ed01044,1549.50,61.22,6.190401626,54000,54000
a951cb2082086e614d12ce18c3a9bf9333e9a60d,1450.97,56.96,5.810929739,54000,54000
cbfd462693baf7ed51d75508ea8ea9800a8dfae5,1445.92,56.58,5.790601576,54000,54000
d8611587abc5571f0284490e7fc403871eb0944d,1457.31,57.02,5.839447900,54000,54000
56b1c644bbc0df9606572680781b8b89a7355cd8,1446.25,56.46,5.794805399,55000,54000
107a8b44f8e04650b0b4989912f2ccda6619c031,1403.72,55.18,5.617191315,54000,54000
ccea5c486b0f6fe1cb43cf7df36d7a94c2496c56,1474.27,57.86,5.902414690,54000,55000
4e1d847e4c83052a93c7f49812af917d322756f4,1424.28,55.59,5.707072474,54000,54000
21696e5fe73093fd8a5bd42e0c40f0a5a6ce27bf,1538.80,60.69,6.144590929,54000,54000
fdc70cbab33a8c5345d1a497a9ce203e8440aba6,1539.11,60.85,6.137464634,54000,54000
ccea5c486b0f6fe1cb43cf7df36d7a94c2496c56,1496.31,58.79,5.999183218,54000,54000
91305e3955f21e1d3df99a2d6167da46362e7a01,1398.72,54.87,5.601376018,54000,54000
494d4bc425a8c2859dbef0bd55a4006c6bc72536,1440.41,56.49,5.773985687,55000,55000
0d04e957d81cc8ead959c2ab65031fb12a9d5d27,1469.40,57.86,5.891898122,54000,54000
107a8b44f8e04650b0b4989912f2ccda6619c031,1401.18,54.95,5.603908277,55000,54000
6c8774e0e7cba6ef9eac17c90f81004b9ee79c51,1458.17,57.23,5.836532088,54000,54000
107a8b44f8e04650b0b4989912f2ccda6619c031,1416.84,55.75,5.676058572,55000,54000
7e7434b0ee4acd59d8f57a55bebc692c62f06190,1508.40,59.42,6.037818561,54000,54000
489121b21f18fd72e0d9f4b53fd8e301f842f83b,1417.12,55.86,5.680017919,54000,54000
a0ce6f065a3e3abd1b832367639f09ea31248420,1548.92,60.98,6.179364562,54000,54000
6eadc178b68c20a1a074d2f0e8486c70eee8ecd1,1541.89,61.35,6.140710619,54000,54000
7d4b14e3520b98caeae5c07e075cf1737ed01044,1523.08,60.26,6.076855365,54000,54000
0d04e957d81cc8ead959c2ab65031fb12a9d5d27,1457.06,57.31,5.839645701,54000,54000
56b1c644bbc0df9606572680781b8b89a7355cd8,1439.90,56.66,5.774242256,54000,54000
b2c3786228805f8a9e2ed1151e4e33a3bf7e3a70,1391.33,54.74,5.575736243,54000,54000
20c189a240e1f863d07a5cf91453cc1c2fdf4823,1567.36,61.77,6.253573078,54000,54000
fdc70cbab33a8c5345d1a497a9ce203e8440aba6,1556.36,61.61,6.220680573,54000,54000
5ebd5b32a6a8cbcebd5303dfd7f4f7b0b173bc53,1409.57,55.32,5.631663577,55000,54000
ce6c1b13e5a0d86acd6b3db9eb73479e33eaf851,1404.56,55.26,5.617512575,54000,54000
52be12c072df48763c890dca2cb916f9f7a529f9,1403.84,55.40,5.627928986,54000,54000
6451625786eb5d39f67be2d1c62644ce7f34ffa3,1536.43,60.67,6.127488317,54000,54000
dbdc91b2ce8448c5c40ab81dc71b69a8ed6999a6,1400.57,55.30,5.595035037,54000,54000
fea6020b3d1e6d546f78cab6962cad780f8a11da,1420.84,55.93,5.675874266,54000,55000
1910d72e34452a0eb2c731c82624461d3425d048,1429.01,56.43,5.711599051,54000,54000
6eadc178b68c20a1a074d2f0e8486c70eee8ecd1,1539.26,60.78,6.142179419,54000,54000
fea6020b3d1e6d546f78cab6962cad780f8a11da,1414.17,55.61,5.650023607,54000,54000
b8ad84648f7a947fb4f9a15507c4ce0be062c54a,1556.15,61.16,6.210967096,54000,54000
e538564debacb8a6bffa626f191e8959d48c6797,1449.27,56.97,5.807597267,54000,54000
1150c0b02c435d2bd05e70933f5f12c82e212d8b,1392.08,54.42,5.578535511,55000,54000
a40a918f208350e233527254e9053b30a8d80eda,1530.66,60.24,6.111478751,54000,54000
0a7c9d027afb599101817ed7d06d22b95912de06,1454.63,57.42,5.817347442,54000,55000
4ec362d123f57e4fffb8be6032da3382847a41e9,1404.62,55.31,5.613781938,54000,54000
a885f084ebb9be660f83cce9aa85ff734ee2023e,1529.12,60.39,6.108672037,54000,54000
4d524e387ff908043ef72fa37f3ed613cdd39e69,1408.61,55.53,5.630803041,54000,54000
4bcfa0ee8d481f29a44c788aa3e3fd8d20a8393e,1396.16,54.72,5.589508744,54000,54000
a951cb2082086e614d12ce18c3a9bf9333e9a60d,1447.83,56.99,5.802333618,55000,54000
5233ac61b62e943f4e983e502e5bd0b032f2c2e6,1389.24,54.39,5.557853502,54000,54000
960908c60bb2d39cee35b175a56138bed390674c,1428.10,56.21,5.712749742,55000,55000
0138ac401ae8da2b12fdcbe580b6f73feedd6a6b,1528.27,60.39,6.098218732,55000,54000
609ca31f585d2cf6404a6e77b047d91bb634cfad,1456.06,57.07,5.839003866,54000,54000
e7e2b518cd8d5c57e6ace7a005af6ae8b2edaf50,1395.52,54.68,5.583627737,54000,54000
7e7434b0ee4acd59d8f57a55bebc692c62f06190,1533.44,60.40,6.113652475,54000,55000
5ebd5b32a6a8cbcebd5303dfd7f4f7b0b173bc53,1395.10,54.58,5.572494411,54000,54000
6688d3b99b6bac78c3ccc01b9be87e4b78360206,1439.97,56.44,5.763786283,54000,54000
ccea5c486b0f6fe1cb43cf7df36d7a94c2496c56,1459.60,57.31,5.842647536,54000,54000
b2c3786228805f8a9e2ed1151e4e33a3bf7e3a70,1419.37,55.72,5.698581871,54000,54000
2eb4a413f399f6b79eb34cd51a959d9acdfa1148,1526.57,60.26,6.103593072,54000,54000
dd8b743094c466efa954ebcc00276c09bba36ca2,1439.47,56.63,5.778792302,54000,54000
3e80ca34a9a562ddbbb717e989d1c89b3f39171d,1547.41,61.06,6.174719994,54000,54000
ccea5c486b0f6fe1cb43cf7df36d7a94c2496c56,1472.27,57.55,5.899652231,54000,54000
e7b319806360293e5e66532bb0ec8874ed1a85a1,1544.55,61.07,6.169856831,54000,54000
494d4bc425a8c2859dbef0bd55a4006c6bc72536,1457.97,57.10,5.840623569,55000,55000
b46d90a1eb5269ebfabae58c9229db455685fe80,1464.49,57.64,5.860909990,54000,54000
e7b319806360293e5e66532bb0ec8874ed1a85a1,1556.06,61.30,6.217496991,54000,54000
cea55f7a4c53f6b4166f2bbf342a823c23d4dba8,1421.43,55.73,5.697012567,54000,54000
1150c0b02c435d2bd05e70933f5f12c82e212d8b,1399.87,54.74,5.611032755,54000,54000
2b9cfcc54dff7b79afd89be3ecf1a107b8290278,1394.36,54.66,5.584065376,54000,54000
37845b13ccfe3508068318906a6d8df31641a363,1469.63,57.80,5.889996513,54000,54000
56b1c644bbc0df9606572680781b8b89a7355cd8,1460.93,57.30,5.857713249,54000,54000
2b9cfcc54dff7b79afd89be3ecf1a107b8290278,1413.91,55.34,5.669154678,54000,54000
cd6326b39c2477ee5d8a030568a96a95e539fd19,1449.70,57.16,5.814172880,53000,54000
d13395213eb2b026fe11d5dda3177593ca353ffc,1475.11,57.83,5.921912037,54000,54000
cea55f7a4c53f6b4166f2bbf342a823c23d4dba8,1393.14,54.93,5.588596870,55000,54000
20c189a240e1f863d07a5cf91453cc1c2fdf4823,1565.45,61.77,6.250988891,54000,54000
7d4b14e3520b98caeae5c07e075cf1737ed01044,1543.62,60.87,6.163413133,54000,54000
53be6ff83e942046cf6511e652f71831d0343a83,1559.47,61.65,6.235798462,54000,54000
d6f37cf1658efd2d80dc19bb2beb86264b9d2887,1405.64,55.28,5.626077007,54000,54000
762ba741dc550cea2b64869483bc9ec53c16fb06,1560.65,61.62,6.222199040,54000,54000
4bcfa0ee8d481f29a44c788aa3e3fd8d20a8393e,1402.68,54.86,5.618156601,54000,54000
e7b319806360293e5e66532bb0ec8874ed1a85a1,1522.77,60.11,6.087192197,54000,54000
e6e71118c0a1fcf5c47eefbce67b851318d6216c,1404.03,55.26,5.621328048,54000,54000
a885f084ebb9be660f83cce9aa85ff734ee2023e,1563.21,61.57,6.243792477,54000,54000
e6e71118c0a1fcf5c47eefbce67b851318d6216c,1422.66,55.96,5.689195583,54000,54000
c0d4e37d372fe99ab908a4a3afff450859c652e3,1459.15,57.61,5.846214561,54000,54000
46b4a764e023a91faac1a085a7a7b6f0bb7428cd,1476.01,58.28,5.910334415,54000,55000
7d4b14e3520b98caeae5c07e075cf1737ed01044,1516.24,59.83,6.067537431,55000,55000
51043a829c09e05d1bdb83625c4cd5b0c16fabcb,1470.21,57.88,5.891473974,55000,55000
ccea5c486b0f6fe1cb43cf7df36d7a94c2496c56,1463.52,57.73,5.864661928,55000,54000
960908c60bb2d39cee35b175a56138bed390674c,1419.14,55.81,5.678962599,54000,54000
107a8b44f8e04650b0b4989912f2ccda6619c031,1409.90,55.29,5.650441664,54000,54000
d8611587abc5571f0284490e7fc403871eb0944d,1440.37,56.66,5.770281543,54000,54000
64e2f833104ef190de3255981015e2af97da257f,1453.07,57.31,5.813767916,54000,54000
a17b94219fe013d95d09d45d265a9f3eedcf92a8,1538.90,60.78,6.149503164,54000,54000
ce6c1b13e5a0d86acd6b3db9eb73479e33eaf851,1392.54,54.71,5.577164328,54000,54000
90b6bac2d698b51dc8465508e3b56377c703c622,1536.62,60.54,6.139870980,54000,54000
b8ad84648f7a947fb4f9a15507c4ce0be062c54a,1568.44,62.02,6.264910510,54000,54000
4e1d847e4c83052a93c7f49812af917d322756f4,1415.37,55.47,5.669035221,54000,54000
e538564debacb8a6bffa626f191e8959d48c6797,1442.48,56.26,5.781563101,54000,54000
6eadc178b68c20a1a074d2f0e8486c70eee8ecd1,1546.75,61.09,6.173285713,54000,54000
107a8b44f8e04650b0b4989912f2ccda6619c031,1429.38,56.12,5.722280530,54000,54000
dca9510ec9a98d37c3798ee8388f4ba8e954fef4,1421.55,55.75,5.686901603,54000,54000
1059dc8dea7ed71565a69a1e788934a5071bd2a3,1486.38,58.43,5.957446493,55000,54000
5ebd5b32a6a8cbcebd5303dfd7f4f7b0b173bc53,1397.15,54.96,5.596514201,55000,55000
fdc70cbab33a8c5345d1a497a9ce203e8440aba6,1558.14,61.68,6.216868739,54000,54000
6d27d3e0f12f0141447f1070a54a93f02fe4042a,1399.72,54.80,5.612809584,54000,54000
af27037cd8ed239375446bdf78cb9e3d53fcf86f,1410.30,55.55,5.649092022,54000,54000
af27037cd8ed239375446bdf78cb9e3d53fcf86f,1437.48,56.67,5.756638523,54000,54000
c0d4e37d372fe99ab908a4a3afff450859c652e3,1480.02,58.25,5.931387789,54000,55000
62bdd1beaee41035965d99c20e517da927bb97ae,1414.04,55.71,5.658849858,54000,54000
dca9510ec9a98d37c3798ee8388f4ba8e954fef4,1408.18,55.42,5.636722177,54000,55000
e538564debacb8a6bffa626f191e8959d48c6797,1441.33,56.55,5.778955310,54000,54000
7a7597064d48a7dac9709cd90142f1738f231a13,1445.58,56.82,5.794927253,54000,54000
609ca31f585d2cf6404a6e77b047d91bb634cfad,1469.07,57.56,5.883961244,54000,55000
46b4a764e023a91faac1a085a7a7b6f0bb7428cd,1469.06,57.56,5.882932492,54000,54000
7e7434b0ee4acd59d8f57a55bebc692c62f06190,1516.87,59.50,6.066421462,55000,55000
f8a21d6b7549424a444867157cf5aa569bd53faf,1534.68,60.38,6.118467212,55000,54000
f087501e178b2ff7d0c60326bd8e069c1237260d,1478.64,58.12,5.913958514,55000,54000
351a68da90ba0dd644af9d20f0a6aac7456a6d13,1401.06,54.66,5.622156656,55000,54000
1150c0b02c435d2bd05e70933f5f12c82e212d8b,1434.02,55.92,5.745072706,54000,54000
b2c3786228805f8a9e2ed1151e4e33a3bf7e3a70,1409.50,55.29,5.645053535,54000,54000
3e80ca34a9a562ddbbb717e989d1c89b3f39171d,1522.30,59.98,6.080012728,54000,55000
fea6020b3d1e6d546f78cab6962cad780f8a11da,1402.65,55.05,5.617159719,54000,54000
bbf09ddf3be09ad597406583899fa3811231db6a,1389.94,54.42,5.556464011,54000,54000
d8611587abc5571f0284490e7fc403871eb0944d,1481.72,57.97,5.939457498,54000,54000
4d61451a34ce5f4501567b81f71dac980e653762,1423.17,55.93,5.705938180,54000,54000
e8d62f313be55637354b3e0ad69ae807c4d67fb6,1538.33,60.77,6.129706920,54000,55000
e8d62f313be55637354b3e0ad69ae807c4d67fb6,1531.29,60.40,6.100324331,54000,54000
6d27d3e0f12f0141447f1070a54a93f02fe4042a,1395.37,54.59,5.593200700,54000,54000
37845b13ccfe3508068318906a6d8df31641a363,1469.78,57.91,5.871276667,54000,54000
6c8774e0e7cba6ef9eac17c90f81004b9ee79c51,1474.93,57.83,5.904452318,54000,54000
b8ad84648f7a947fb4f9a15507c4ce0be062c54a,1545.95,60.86,6.167483825,54000,55000
1059dc8dea7ed71565a69a1e788934a5071bd2a3,1487.05,58.39,5.970913103,55000,55000
d6f37cf1658efd2d80dc19bb2beb86264b9d2887,1405.69,55.39,5.634740507,54000,54000
3e80ca34a9a562ddbbb717e989d1c89b3f39171d,1570.94,61.73,6.275178997,54000,54000
53be6ff83e942046cf6511e652f71831d0343a83,1543.68,60.82,6.163339831,54000,54000
51043a829c09e05d1bdb83625c4cd5b0c16fabcb,1448.96,56.82,5.801412728,54000,54000
a31c868a871677c50bbe100c83c4f31c94bcda8f,1560.61,61.32,6.225113753,55000,54000
4f4ae9203b992eb032cc4923d615006298952651,1429.37,56.32,5.707678188,54000,54000
18f738f8caadcb015ef9ccb323dfc4bf3cbc71ac,1446.77,56.68,5.801825235,54000,54000
68c38853d7568f18ce53363e0b88f91378c00df6,1532.36,60.33,6.149544876,54000,54000
5ebd5b32a6a8cbcebd5303dfd7f4f7b0b173bc53,1412.46,55.42,5.660871412,54000,55000
7a7597064d48a7dac9709cd90142f1738f231a13,1458.37,57.24,5.844425575,54000,54000
3ea9c83e918ae0684f7457afc7383aa1bfb09071,1446.01,56.85,5.799138208,54000,54000
0d04e957d81cc8ead959c2ab65031fb12a9d5d27,1458.95,57.21,5.838289364,54000,54000
5dce2374aae6a1af981764a07fb138bbd3eb179d,1556.94,61.47,6.221756829,54000,54000
c61d10302690b7daa738ebaf07c1f46185dc6e60,1452.29,56.97,5.823327927,54000,54000
b7a4382f1a55472e8379796149126f37999731b7,1413.57,55.43,5.662041319,54000,54000
7eea23784947d624dacd57776d450c3215b4583f,1535.99,60.42,6.127097561,54000,54000
52be12c072df48763c890dca2cb916f9f7a529f9,1422.71,55.67,5.706582698,54000,54000
351a68da90ba0dd644af9d20f0a6aac7456a6d13,1405.45,55.29,5.641393989,54000,54000
64e2f833104ef190de3255981015e2af97da257f,1468.22,57.75,5.883002947,53000,54000
53be6ff83e942046cf6511e652f71831d0343a83,1543.05,60.86,6.165044912,54000,54000
489121b21f18fd72e0d9f4b53fd8e301f842f83b,1403.68,55.28,5.625778587,55000,54000
b46d90a1eb5269ebfabae58c9229db455685fe80,1472.35,58.25,5.887101170,54000,54000
4ec362d123f57e4fffb8be6032da3382847a41e9,1418.75,55.74,5.690699888,54000,53000
494d4bc425a8c2859dbef0bd55a4006c6bc72536,1470.13,57.67,5.889211818,54000,54000
a885f084ebb9be660f83cce9aa85ff734ee2023e,1535.18,60.61,6.148410423,54000,54000
91305e3955f21e1d3df99a2d6167da46362e7a01,1410.93,55.25,5.659703056,54000,54000
2eb4a413f399f6b79eb34cd51a959d9acdfa1148,1551.28,61.25,6.184141757,54000,54000
5a248637415c5e219ba0142ea7f1b066a9ebd25f,1432.32,56.09,5.733340492,54000,54000
5ebd5b32a6a8cbcebd5303dfd7f4f7b0b173bc53,1418.64,55.90,5.683294281,54000,54000
c0d4e37d372fe99ab908a4a3afff450859c652e3,1447.51,56.77,5.800910111,54000,54000
dd8b743094c466efa954ebcc00276c09bba36ca2,1459.07,57.27,5.837008690,54000,54000
4178749479dcc5853399f2b9689ce06e51494984,1394.95,54.64,5.584374792,54000,54000
1910d72e34452a0eb2c731c82624461d3425d048,1415.14,55.59,5.655795606,54000,55000
8a19a006af6553950a995930f2082df154cd5597,1457.64,57.19,5.830620741,54000,54000
e8d62f313be55637354b3e0ad69ae807c4d67fb6,1543.13,60.87,6.161085733,55000,54000
5ebd5b32a6a8cbcebd5303dfd7f4f7b0b173bc53,1421.97,55.83,5.693616611,54000,54000
6eadc178b68c20a1a074d2f0e8486c70eee8ecd1,1552.03,61.08,6.192134776,54000,54000
4bcfa0ee8d481f29a44c788aa3e3fd8d20a8393e,1415.05,55.47,5.666490178,55000,54000
5a339aaeebae4084a4907243ae10bf19c64d5317,1474.51,58.02,5.894866602,54000,54000
dbdc91b2ce8448c5c40ab81dc71b69a8ed6999a6,1421.84,56.03,5.676771827,54000,54000
a40a918f208350e233527254e9053b30a8d80eda,1535.67,60.33,6.131554287,54000,55000
53be6ff83e942046cf6511e652f71831d0343a83,1521.61,59.97,6.077604620,54000,55000
e8d62f313be55637354b3e0ad69ae807c4d67fb6,1522.21,59.58,6.079123659,54000,54000
6688d3b99b6bac78c3ccc01b9be87e4b78360206,1449.25,56.73,5.799874966,55000,55000
489121b21f18fd72e0d9f4b53fd8e301f842f83b,1409.48,55.29,5.636028274,54000,54000
6eadc178b68c20a1a074d2f0e8486c70eee8ecd1,1535.22,60.46,6.131856087,54000,54000
44233ded92deaa9d35a0118c9cf568732ccbdd44,1464.12,57.58,5.872273622,54000,54000
6451625786eb5d39f67be2d1c62644ce7f34ffa3,1543.20,60.82,6.158198077,54000,54000
6688d3b99b6bac78c3ccc01b9be87e4b78360206,1455.09,57.07,5.841267647,55000,55000
b8ad84648f7a947fb4f9a15507c4ce0be062c54a,1557.46,61.49,6.225164617,54000,55000
dbdc91b2ce8448c5c40ab81dc71b69a8ed6999a6,1414.47,55.60,5.656311177,54000,54000
5a339aaeebae4084a4907243ae10bf19c64d5317,1475.81,57.88,5.905514548,54000,55000
cea55f7a4c53f6b4166f2bbf342a823c23d4dba8,1404.20,55.22,5.615228410,54000,55000
dbdc91b2ce8448c5c40ab81dc71b69a8ed6999a6,1419.53,55.74,5.667042126,54000,54000
5dce2374aae6a1af981764a07fb138bbd3eb179d,1554.01,61.26,6.200432936,54000,55000
37845b13ccfe3508068318906a6d8df31641a363,1462.36,57.35,5.844603506,54000,55000
68c38853d7568f18ce53363e0b88f91378c00df6,1542.49,60.75,6.160688870,54000,54000
f087501e178b2ff7d0c60326bd8e069c1237260d,1455.63,57.30,5.824187915,54000,54000
18f738f8caadcb015ef9ccb323dfc4bf3cbc71ac,1463.16,57.42,5.872144325,54000,54000
4d61451a34ce5f4501567b81f71dac980e653762,1414.56,55.69,5.669459881,54000,54000
f8a21d6b7549424a444867157cf5aa569bd53faf,1545.22,60.77,6.175963234,54000,55000
af27037cd8ed239375446bdf78cb9e3d53fcf86f,1400.10,55.10,5.605485877,55000,55000
a17b94219fe013d95d09d45d265a9f3eedcf92a8,1580.95,62.49,6.321529176,54000,55000
44233ded92deaa9d35a0118c9cf568732ccbdd44,1432.31,56.16,5.754355497,54000,55000
0138ac401ae8da2b12fdcbe580b6f73feedd6a6b,1535.47,60.90,6.131535185,54000,54000
fdc70cbab33a8c5345d1a497a9ce203e8440aba6,1538.31,61.01,6.142060076,54000,54000
978259170e61de613a57a190ff78e3d9a7d07649,1419.30,55.83,5.680989331,54000,54000
b8ad84648f7a947fb4f9a15507c4ce0be062c54a,1543.74,61.10,6.175388038,54000,54000
d8611587abc5571f0284490e7fc403871eb0944d,1475.29,58.06,5.901244009,54000,54000
68eed73c021c49e08c88793264dfa3b044491623,1597.82,63.48,6.420705273,56000,56000
a4b47328284e293fc0001b08ad081e39c5a15c7a,1572.79,62.26,6.331553279,56000,56000
ba3392726bb2246a2fc75cf2774bc7c1911c21d1,1596.18,63.18,6.406924849,57000,56000
77e310755bf6cdd737a57941106d6e5113406244,1577.80,62.30,6.341854881,55000,56000
b6866d8d9aeaff22a7f28f289ab644e9681d46cd,1588.59,62.88,6.368086661,55000,56000
d64d207a67b59d2fc2b9a65e362cc2ddacd1881e,1627.05,64.98,6.509045743,56000,57000
563d4d02f718af8238a1970a5b630ae1aaa62cb0,1576.52,62.50,6.320579734,56000,56000
91160707bb4224f024fab4bba4abb8788dd5a8a4,1617.94,64.18,6.475763883,56000,55000
4c9b1683cb7490653a4b953120d6457a7b60db1c,1580.37,62.77,6.333745830,56000,56000
35ca036d8055172d9fd1ca8d59810c043a0b23ad,1586.57,62.51,6.356803586,56000,56000
51dee75bc94474b0e6d4785278ff6bab07b2c1dc,1579.86,62.38,6.332628605,55000,55000
a13289a1c1a3192e78df65a5df7973df3aebae79,1512.91,59.74,6.058822204,55000,55000
0a340d82b33dc396eedce4a8daf4faed65fabf67,1632.21,64.85,6.537016113,55000,56000
3fffaa84f83bf6880c1350a7482e91bcd88ac4d3,1596.87,63.23,6.383132760,55000,56000
a13289a1c1a3192e78df65a5df7973df3aebae79,1546.44,61.32,6.202066742,56000,56000
223cf2bf6d2b4216f9229d80add8467ece1601d0,1605.22,63.16,6.428642832,55000,55000
35ca036d8055172d9fd1ca8d59810c043a0b23ad,1611.83,63.69,6.443414718,56000,56000
85c60c479eae1852ee56eb43a09a8d44484f798b,1618.42,64.16,6.454585657,55000,55000
3e246cdcb1de48b948dbfb1bcedce82479d75484,1674.38,66.51,6.665983450,56000,56000
9abeaacc1e74584ad05192ef1ea52bae93793dbc,1622.65,64.04,6.464031257,55000,56000
d002348fd66395413d846f324fcd879e4db2a488,1628.93,64.28,6.489845198,56000,55000
8f1499cbdb6e1518a552ef61fa381523015eb672,1597.37,63.01,6.376120045,56000,56000
1c1e2ba168579de28eacab05cee4ecf1675fb305,1597.79,62.94,6.366354265,56000,55000
e487ed5d0dae9544d476a28ca0bcc7b35c7fe5ef,1603.81,63.08,6.393957170,55000,55000
500d1cb979ea3c45b67dd059e06629f2dc21ea7c,1637.28,64.65,6.517310346,55000,55000
c3973e16d7fcd3606fd3b73fa2b4a7d35d047aa7,1593.78,62.57,6.364469646,56000,55000
d6144c2570323625f0600cac9621ef4800073cda,1606.55,63.17,6.403775099,56000,56000
e5f1fcdb481933c1a19441261dcf033906147f78,1591.76,62.72,6.334862723,55000,56000
a38da1662b26a479483a43fe0dc9e05b466bd607,1630.23,64.20,6.490228758,55000,56000
89eddcfa07dab6e0c82abe26889edf22948e01b6,1634.37,64.62,6.501484446,55000,55000
97846506cf4a3382f7c74e3f42034c7099a0203a,1641.98,64.69,6.553136183,56000,55000
25c446b757986f0ed4641d9ee8afab6f99af579a,1663.50,65.49,6.625505806,55000,56000
3fffaa84f83bf6880c1350a7482e91bcd88ac4d3,1595.71,62.92,6.350592659,56000,56000
3e246cdcb1de48b948dbfb1bcedce82479d75484,1662.05,65.48,6.602350099,56000,55000
23262b9e79da43a30d7990e14b36db18a5119fde,1649.19,65.09,6.565189105,56000,56000
adcea6e43673279f5bc2005e960aa460e14474b9,1573.51,61.89,6.279873379,55000,56000
93d23dc02c2ce6359988e5473a21eadc9db681b6,1621.17,63.78,6.460522517,56000,56000
3fffaa84f83bf6880c1350a7482e91bcd88ac4d3,1591.82,62.77,6.343336455,56000,55000
a48218e7a5fae7a02eed0b6b1de03dee80ae2d2b,1611.90,63.42,6.409225723,55000,56000
97846506cf4a3382f7c74e3f42034c7099a0203a,1644.19,64.62,6.546237628,55000,55000
d6144c2570323625f0600cac9621ef4800073cda,1600.59,62.89,6.372862825,56000,55000
78b2e6e65b800c974871221a6f755922860db952,1623.60,63.57,6.464356019,56000,55000
53cd9ff9f6030d908c158be646f62a99137b09e1,1621.71,63.62,6.462488872,56000,56000
c0c7b08fb2cbcc7c46c32382796bd5b232d8fb71,1612.98,63.48,6.427889922,56000,56000
16aa9d67f3da02c2dd649627b023625160d1a89a,1618.49,63.81,6.436868380,56000,56000
b3eed2970dc7f779af62087896d86529e7b4b439,1603.46,63.06,6.391374610,56000,56000
0abbb34706e9f3cf1650599eecacaf4779f36506,1613.85,63.37,6.432759690,56000,56000
d70285b49748f4fc018a71a49e837360c79a6d63,1601.95,63.38,6.379472235,55000,56000
81b3b7e19397de25a60f6b849dd6337dac189df4,1652.77,65.16,6.587405107,56000,55000
2cb64c57fca2a9ab45a5ac2c10a3bae84d9e0878,1603.34,63.10,6.398440768,56000,55000
137f42f0453796b43eda5521595decd0efa9796e,1608.51,63.38,6.404235442,55000,54000
ee1afe348613305d8ff4f406e31e2ab6b795bfe4,1626.20,64.12,6.473551756,55000,55000
8f1499cbdb6e1518a552ef61fa381523015eb672,1585.59,62.19,6.313220382,55000,54000
1c64772d769f5723145d560ab6d0c4ce1fd2cb71,1577.03,61.89,6.293232444,55000,56000
e5f1fcdb481933c1a19441261dcf033906147f78,1601.08,62.90,6.379485675,55000,56000
4782302a89bb2b7511bd0878fa923f404c3c3b99,1609.77,63.39,6.400467298,56000,55000
2f814eafcf7c303aa5b1ff141f52a5265d26defe,1605.46,63.55,6.380614336,55000,55000
d64d207a67b59d2fc2b9a65e362cc2ddacd1881e,1623.70,64.09,6.455274891,56000,55000
223cf2bf6d2b4216f9229d80add8467ece1601d0,1583.03,62.02,6.306613175,55000,54000
e5f1fcdb481933c1a19441261dcf033906147f78,1588.74,62.34,6.343132178,55000,55000
71a91e0d7bfd5768985dbae28c1ff5bd9a093ba2,1640.42,64.63,6.540226905,56000,55000
e487ed5d0dae9544d476a28ca0bcc7b35c7fe5ef,1611.67,63.23,6.427815321,55000,55000
924fc3ff6f8793a57172e71abb5f8c433fb1b2ef,1587.29,62.60,6.325867970,55000,55000
090c7d803f9c5b19312d70ac5f3b4d0a591caa49,1605.81,63.29,6.400152203,55000,55000
413bf1b018b14a791c5e1683db2c27353948961f,1598.87,63.01,6.376504680,55000,56000
d716b393837f3205ae4cd4ea3db395d65a39fb79,1587.29,62.35,6.335528042,56000,54000
7da58ad1f656c82883ec7a160ffbabbf055f63b3,1636.77,64.68,6.514012215,55000,55000
85c60c479eae1852ee56eb43a09a8d44484f798b,1615.88,63.67,6.429499685,54000,55000
190af45cefbc175b2712d5b004b1d25d6199905b,1578.47,62.16,6.293690949,55000,54000
1c64772d769f5723145d560ab6d0c4ce1fd2cb71,1582.78,62.30,6.300701059,55000,54000
77e310755bf6cdd737a57941106d6e5113406244,1610.53,63.54,6.410192585,55000,54000
43283a282933ebe9448c132ea5bf259dd3e98e35,1582.29,62.28,6.321144238,55000,54000
b590dfa14981eb31dd6148d4e03cd3eb515cefb7,1644.97,64.95,6.552079806,54000,54000
61d03bba0c92439d87c9eee52698c7c7824eb096,1629.63,64.33,6.493520414,54000,54000
e5f1fcdb481933c1a19441261dcf033906147f78,1603.01,63.22,6.392812407,54000,54000
5adb994a73919c4ee0749020c80f0f0280aa48f8,1602.02,63.52,6.380844308,54000,54000
adcea6e43673279f5bc2005e960aa460e14474b9,1558.04,61.26,6.212701341,54000,54000
0a340d82b33dc396eedce4a8daf4faed65fabf67,1601.29,63.33,6.383960902,55000,55000
d70285b49748f4fc018a71a49e837360c79a6d63,1596.30,62.58,6.357190341,54000,54000
9abeaacc1e74584ad05192ef1ea52bae93793dbc,1670.10,65.86,6.649984296,54000,55000
3d40e1c1a47c6174fdb63546840b7f8399447d07,1613.04,63.35,6.424470816,55000,55000
a13289a1c1a3192e78df65a5df7973df3aebae79,1525.36,60.16,6.081861669,55000,55000
3e3ce93324af169fa3208602e5a58db174aec431,1583.48,62.42,6.302154991,55000,54000
0abbb34706e9f3cf1650599eecacaf4779f36506,1591.17,62.56,6.345690170,55000,54000
3e246cdcb1de48b948dbfb1bcedce82479d75484,1650.95,65.26,6.562744289,55000,55000
e2b1d8bc16e430c1823d37034d9eca6d2f65d6d7,1617.42,63.84,6.444863617,55000,54000
3fffaa84f83bf6880c1350a7482e91bcd88ac4d3,1612.92,63.83,6.421810626,54000,54000
f1cb24e35449a41df1815be15223606ce6fcd24d,1627.43,64.15,6.486100089,54000,54000
8d6237e004a8661655a9bc5b914a59d1ca87307e,1650.44,65.20,6.568692418,54000,54000
97846506cf4a3382f7c74e3f42034c7099a0203a,1656.79,65.27,6.602637393,55000,54000
5adb994a73919c4ee0749020c80f0f0280aa48f8,1617.80,63.92,6.434262877,54000,54000
c80f3ecaf660422ef0f3c7eda724f86beddbd09b,1646.22,64.90,6.551621340,54000,54000
7622713cbee75d2640fc5ec34355101069fc8c87,1632.41,64.43,6.491921001,54000,55000
c80f3ecaf660422ef0f3c7eda724f86beddbd09b,1628.03,63.93,6.485787353,54000,55000
924fc3ff6f8793a57172e71abb5f8c433fb1b2ef,1596.37,62.76,6.362470592,54000,54000
1c1e2ba168579de28eacab05cee4ecf1675fb305,1598.40,63.03,6.361600237,56000,54000
d64d207a67b59d2fc2b9a65e362cc2ddacd1881e,1618.28,64.10,6.438291279,54000,54000
51dee75bc94474b0e6d4785278ff6bab07b2c1dc,1575.37,62.10,6.273776251,55000,54000
00c5da3543cd814d5f2a93e8e169a2cafa89ad7c,1607.01,63.53,6.391508908,55000,54000
1c1e2ba168579de28eacab05cee4ecf1675fb305,1597.59,63.01,6.377419188,54000,54000
11d25fd70769de912a45bc6ae796da0cdad607e1,1550.54,61.01,6.178288665,54000,54000
adcea6e43673279f5bc2005e960aa460e14474b9,1589.10,62.73,6.326138181,54000,54000
85c60c479eae1852ee56eb43a09a8d44484f798b,1587.68,62.46,6.328199606,54000,55000
2f814eafcf7c303aa5b1ff141f52a5265d26defe,1596.42,62.85,6.356735225,54000,54000
93d23dc02c2ce6359988e5473a21eadc9db681b6,1641.65,64.63,6.531354630,54000,54000
43283a282933ebe9448c132ea5bf259dd3e98e35,1589.98,62.67,6.351583207,54000,54000
3d40e1c1a47c6174fdb63546840b7f8399447d07,1607.90,63.29,6.416522025,54000,54000
e2b1d8bc16e430c1823d37034d9eca6d2f65d6d7,1614.76,63.82,6.445019559,54000,54000
1c64772d769f5723145d560ab6d0c4ce1fd2cb71,1603.93,63.20,6.393822062,54000,54000
3d40e1c1a47c6174fdb63546840b7f8399447d07,1587.42,62.48,6.333450232,55000,54000
a7a7fed881a41ceff2f1f9c464f88df0680daf9d,1590.03,62.69,6.335971780,54000,54000
223cf2bf6d2b4216f9229d80add8467ece1601d0,1591.35,62.59,6.343570107,54000,54000
91160707bb4224f024fab4bba4abb8788dd5a8a4,1609.37,63.61,6.403595850,53000,54000
c029f1e4a959f60dfe432c6a2a806f214a8b35d4,1620.90,64.03,6.448680322,54000,54000
fe8cf9bcad9b9aab8adb042fab439b757f551809,1622.32,63.91,6.463983040,55000,54000
b3eed2970dc7f779af62087896d86529e7b4b439,1630.94,64.74,6.500782100,54000,54000
8d6237e004a8661655a9bc5b914a59d1ca87307e,1644.20,64.72,6.560207694,54000,54000
3e246cdcb1de48b948dbfb1bcedce82479d75484,1643.56,64.92,6.532921485,54000,54000
af04dbaea75ebabd1a701c7e5df848e3c6468737,1625.49,63.89,6.472150354,54000,54000
5adb994a73919c4ee0749020c80f0f0280aa48f8,1601.11,63.21,6.378892909,54000,54000
77e310755bf6cdd737a57941106d6e5113406244,1612.86,63.83,6.420070181,54000,54000
11d25fd70769de912a45bc6ae796da0cdad607e1,1530.27,60.09,6.107017600,54000,54000
4c9b1683cb7490653a4b953120d6457a7b60db1c,1598.47,63.04,6.389555660,55000,54000
d002348fd66395413d846f324fcd879e4db2a488,1639.17,64.68,6.535198425,54000,54000
620ab41ec5506c170bc51e5d002428451f1819f7,1614.20,63.56,6.429791494,54000,55000
4bd7e381d1f9be5160f8ef53a907d2d1e8f8b095,1588.98,62.54,6.336078532,54000,55000
8f1499cbdb6e1518a552ef61fa381523015eb672,1581.25,62.39,6.302198078,54000,54000
0d58c5978ebdc50c4cd72d9a39dba9ecbafbad11,1639.92,64.74,6.543388136,54000,54000
137f42f0453796b43eda5521595decd0efa9796e,1596.22,62.83,6.364939824,54000,54000
a38da1662b26a479483a43fe0dc9e05b466bd607,1619.95,63.97,6.452225306,54000,54000
d6144c2570323625f0600cac9621ef4800073cda,1611.26,63.40,6.431851242,55000,54000
500d1cb979ea3c45b67dd059e06629f2dc21ea7c,1620.12,63.94,6.466666748,54000,54000
137f42f0453796b43eda5521595decd0efa9796e,1612.80,63.51,6.435380236,54000,54000
d0ac6a9c717798b0d75b01c979eeec758c8911d6,1604.99,63.56,6.397439025,54000,55000
ba3392726bb2246a2fc75cf2774bc7c1911c21d1,1596.79,63.23,6.372779988,54000,55000
8f1499cbdb6e1518a552ef61fa381523015eb672,1585.17,62.48,6.330990839,54000,54000
c8a99877104a7cb7d1acc663e618487e49a14d34,1638.94,64.77,6.529001516,54000,54000
d0ac6a9c717798b0d75b01c979eeec758c8911d6,1587.39,62.60,6.331771060,54000,54000
23262b9e79da43a30d7990e14b36db18a5119fde,1645.75,65.35,6.547123991,55000,55000
25c446b757986f0ed4641d9ee8afab6f99af579a,1641.63,64.63,6.536325497,54000,54000
018c34577e0d92bf70e5107d65a483730ebe0fcc,1643.49,64.77,6.536686894,55000,54000
b3eed2970dc7f779af62087896d86529e7b4b439,1601.59,63.36,6.380720150,55000,54000
85c60c479eae1852ee56eb43a09a8d44484f798b,1613.90,63.73,6.435029862,54000,55000
37e399422ce626aa09a6220f0f79d0c45d482a92,1570.99,61.74,6.272313688,55000,54000
25c446b757986f0ed4641d9ee8afab6f99af579a,1630.07,64.15,6.485079531,54000,54000
1c1e2ba168579de28eacab05cee4ecf1675fb305,1583.12,62.39,6.307358776,54000,54000
018c34577e0d92bf70e5107d65a483730ebe0fcc,1625.14,63.93,6.476911964,54000,54000
f909956b4921f6f95f613dac2b39f411387a740d,1641.58,64.74,6.532232681,54000,55000
d0ac6a9c717798b0d75b01c979eeec758c8911d6,1608.68,63.58,6.410003456,54000,54000
1c1e2ba168579de28eacab05cee4ecf1675fb305,1565.20,61.56,6.233309288,54000,54000
35ca036d8055172d9fd1ca8d59810c043a0b23ad,1597.06,63.02,6.365356971,54000,54000
137f42f0453796b43eda5521595decd0efa9796e,1602.96,63.07,6.392665129,54000,55000
4782302a89bb2b7511bd0878fa923f404c3c3b99,1636.90,64.33,6.510792010,54000,54000
e2b1d8bc16e430c1823d37034d9eca6d2f65d6d7,1633.16,64.53,6.502659311,54000,54000
3b2fe9d7d1bef79facc3073c34b96b226c2afa5e,1640.19,64.91,6.529104000,54000,54000
e9a50051a181e80022e775c5ef43222296a22f60,1616.32,63.86,6.436425521,54000,54000
86d657fc3107fa62be5890178586188be6e1dd01,1629.68,64.11,6.484432391,53000,54000
fe7fd33b74b923f25c768e166367b98d7bb516e9,1585.00,62.36,6.306779339,54000,54000
563d4d02f718af8238a1970a5b630ae1aaa62cb0,1587.31,62.54,6.310017936,54000,54000
11d25fd70769de912a45bc6ae796da0cdad607e1,1532.92,60.10,6.109902239,54000,54000
c352cb002070b7104872d651cac7f145e7cce543,1582.47,62.26,6.312211310,54000,54000
3b2fe9d7d1bef79facc3073c34b96b226c2afa5e,1612.77,63.60,6.422611914,54000,55000
f909956b4921f6f95f613dac2b39f411387a740d,1654.17,65.38,6.584914667,54000,54000
620ab41ec5506c170bc51e5d002428451f1819f7,1625.13,64.07,6.474943673,54000,55000
090c7d803f9c5b19312d70ac5f3b4d0a591caa49,1600.25,63.33,6.364347588,54000,54000
81b3b7e19397de25a60f6b849dd6337dac189df4,1629.72,64.29,6.487265595,54000,54000
f909956b4921f6f95f613dac2b39f411387a740d,1650.71,65.17,6.570224823,54000,55000
77e310755bf6cdd737a57941106d6e5113406244,1610.00,63.50,6.402881677,55000,54000
6c05525ed4ba39cfe34843faff87b3d4d540aa4a,1609.05,63.79,6.418497275,54000,54000
0abbb34706e9f3cf1650599eecacaf4779f36506,1601.73,63.08,6.377595114,54000,54000
f0f11f7aa18ca1a081e89dfc6ed30302cc7af8f3,1534.79,60.42,6.108086458,54000,54000
3fffaa84f83bf6880c1350a7482e91bcd88ac4d3,1601.71,63.00,6.373226760,54000,54000
2f814eafcf7c303aa5b1ff141f52a5265d26defe,1633.33,64.22,6.501139137,54000,54000
9abeaacc1e74584ad05192ef1ea52bae93793dbc,1631.85,64.28,6.496197743,54000,54000
d716b393837f3205ae4cd4ea3db395d65a39fb79,1597.10,62.96,6.359272339,54000,54000
223cf2bf6d2b4216f9229d80add8467ece1601d0,1600.99,62.94,6.383219323,54000,54000
d0ac6a9c717798b0d75b01c979eeec758c8911d6,1639.45,64.57,6.536214575,54000,54000
fe7fd33b74b923f25c768e166367b98d7bb516e9,1588.45,62.40,6.326422999,54000,54000
b3eed2970dc7f779af62087896d86529e7b4b439,1590.89,62.43,6.338128046,54000,54000
413bf1b018b14a791c5e1683db2c27353948961f,1622.58,64.40,6.463651434,54000,54000
58009d6fa2050ef9b097f6c263cf0bc6ccac5a80,1626.99,64.11,6.480858086,54000,54000
b590dfa14981eb31dd6148d4e03cd3eb515cefb7,1629.71,64.31,6.495244308,54000,54000
e9a50051a181e80022e775c5ef43222296a22f60,1603.88,63.36,6.386542238,54000,54000
1c64772d769f5723145d560ab6d0c4ce1fd2cb71,1592.93,62.80,6.344762133,54000,54000
57fdc78192bf30484e28e8ea7bb86c09bcad08b8,1630.62,64.29,6.499879062,54000,54000
78b2e6e65b800c974871221a6f755922860db952,1618.83,63.91,6.449656538,54000,54000
86d657fc3107fa62be5890178586188be6e1dd01,1634.52,64.53,6.511393431,54000,54000
06b1c03573945c0411a74082805cdc4a643cd2f8,1603.34,63.21,6.377811887,54000,54000
8f1499cbdb6e1518a552ef61fa381523015eb672,1614.68,63.47,6.448498130,54000,54000
b6866d8d9aeaff22a7f28f289ab644e9681d46cd,1625.90,64.01,6.471016042,54000,54000
51dee75bc94474b0e6d4785278ff6bab07b2c1dc,1599.41,62.72,6.376729002,54000,54000
af04dbaea75ebabd1a701c7e5df848e3c6468737,1609.64,63.33,6.417464727,54000,54000
af04dbaea75ebabd1a701c7e5df848e3c6468737,1625.52,63.96,6.465771782,54000,54000
a38da1662b26a479483a43fe0dc9e05b466bd607,1634.77,64.40,6.506515873,54000,54000
563d4d02f718af8238a1970a5b630ae1aaa62cb0,1580.94,62.00,6.299060674,54000,54000
89eddcfa07dab6e0c82abe26889edf22948e01b6,1639.75,64.52,6.518399894,54000,53000
b4a874596bdbd80ff1f995a3623bf957ef7b0ddf,1598.82,62.64,6.381775337,54000,54000
3b2fe9d7d1bef79facc3073c34b96b226c2afa5e,1625.11,64.21,6.475604342,54000,54000
8d6237e004a8661655a9bc5b914a59d1ca87307e,1626.39,63.90,6.482352888,54000,54000
d002348fd66395413d846f324fcd879e4db2a488,1620.25,63.71,6.456356874,54000,54000
c0c7b08fb2cbcc7c46c32382796bd5b232d8fb71,1582.08,62.41,6.308476781,54000,54000
37e399422ce626aa09a6220f0f79d0c45d482a92,1592.71,62.82,6.340545034,54000,54000
3b2fe9d7d1bef79facc3073c34b96b226c2afa5e,1621.26,63.76,6.452932426,54000,54000
e5f1fcdb481933c1a19441261dcf033906147f78,1597.10,62.69,6.369527624,54000,54000
c352cb002070b7104872d651cac7f145e7cce543,1609.69,63.19,6.423759310,54000,54000
1c64772d769f5723145d560ab6d0c4ce1fd2cb71,1617.17,63.22,6.456838086,54000,54000
af04dbaea75ebabd1a701c7e5df848e3c6468737,1616.19,63.52,6.431003017,54000,54000
fe7fd33b74b923f25c768e166367b98d7bb516e9,1588.03,62.40,6.326173146,54000,54000
93d23dc02c2ce6359988e5473a21eadc9db681b6,1630.90,64.20,6.498720980,55000,54000
68eed73c021c49e08c88793264dfa3b044491623,1599.37,62.81,6.376447130,54000,54000
b3eed2970dc7f779af62087896d86529e7b4b439,1591.14,62.30,6.345790737,54000,54000
8f1499cbdb6e1518a552ef61fa381523015eb672,1581.57,62.35,6.303517001,54000,54000
57fdc78192bf30484e28e8ea7bb86c09bcad08b8,1621.62,64.05,6.466311844,54000,54000
a38da1662b26a479483a43fe0dc9e05b466bd607,1612.02,63.61,6.414813409,54000,54000
e487ed5d0dae9544d476a28ca0bcc7b35c7fe5ef,1616.75,63.64,6.440813613,54000,54000
b6866d8d9aeaff22a7f28f289ab644e9681d46cd,1639.99,64.94,6.540409086,54000,54000
d7d3193ba5699603f62236f530cfb7eb78a10204,1639.27,64.75,6.513539021,54000,54000
c80f3ecaf660422ef0f3c7eda724f86beddbd09b,1644.88,64.53,6.549778346,54000,54000
0a340d82b33dc396eedce4a8daf4faed65fabf67,1601.02,63.16,6.383352416,53000,54000
a4b47328284e293fc0001b08ad081e39c5a15c7a,1600.63,63.14,6.374413112,55000,54000
620ab41ec5506c170bc51e5d002428451f1819f7,1611.69,63.37,6.422760131,54000,54000
a13289a1c1a3192e78df65a5df7973df3aebae79,1534.44,60.25,6.121434326,54000,54000
0abbb34706e9f3cf1650599eecacaf4779f36506,1614.77,63.15,6.441899699,54000,54000
0250a6c1f351d73a200e9b3d98d11eecf143496b,1633.45,64.33,6.507570868,54000,54000
018c34577e0d92bf70e5107d65a483730ebe0fcc,1641.20,64.73,6.550117652,54000,54000
018c34577e0d92bf70e5107d65a483730ebe0fcc,1612.83,63.64,6.416269031,54000,54000
c3973e16d7fcd3606fd3b73fa2b4a7d35d047aa7,1580.43,62.45,6.308453083,54000,53000
563d4d02f718af8238a1970a5b630ae1aaa62cb0,1599.72,63.03,6.372613483,54000,54000
7622713cbee75d2640fc5ec34355101069fc8c87,1669.01,66.20,6.623540108,54000,54000
71a91e0d7bfd5768985dbae28c1ff5bd9a093ba2,1621.88,63.95,6.460037934,54000,54000
d7d3193ba5699603f62236f530cfb7eb78a10204,1646.53,65.00,6.544580275,54000,54000
37e399422ce626aa09a6220f0f79d0c45d482a92,1586.89,62.66,6.329361595,54000,54000
f0f11f7aa18ca1a081e89dfc6ed30302cc7af8f3,1552.23,61.25,6.191159193,54000,53000
223cf2bf6d2b4216f9229d80add8467ece1601d0,1604.03,63.50,6.403445128,54000,54000
3ae1880c7f7e2e362811f2f70c26a04514b7e22e,1640.06,65.07,6.521281001,54000,54000
93d23dc02c2ce6359988e5473a21eadc9db681b6,1616.05,63.93,6.437648258,54000,54000
e487ed5d0dae9544d476a28ca0bcc7b35c7fe5ef,1605.31,63.37,6.397136678,54000,54000
ee1afe348613305d8ff4f406e31e2ab6b795bfe4,1637.37,64.73,6.525044681,54000,54000
5adb994a73919c4ee0749020c80f0f0280aa48f8,1611.45,63.32,6.435553166,54000,54000
e9a50051a181e80022e775c5ef43222296a22f60,1633.77,64.55,6.520261310,54000,54000
4bd7e381d1f9be5160f8ef53a907d2d1e8f8b095,1603.20,63.12,6.393570772,54000,54000
89eddcfa07dab6e0c82abe26889edf22948e01b6,1627.75,64.44,6.484828636,54000,55000
7622713cbee75d2640fc5ec34355101069fc8c87,1624.32,64.03,6.464628389,54000,54000
137f42f0453796b43eda5521595decd0efa9796e,1600.32,63.13,6.394253473,54000,54000
924fc3ff6f8793a57172e71abb5f8c433fb1b2ef,1573.96,61.86,6.270148323,54000,54000
25c446b757986f0ed4641d9ee8afab6f99af579a,1639.23,64.99,6.535657053,54000,54000
af04dbaea75ebabd1a701c7e5df848e3c6468737,1613.98,63.74,6.429689329,54000,54000
d002348fd66395413d846f324fcd879e4db2a488,1627.49,64.33,6.487569996,54000,54000
090c7d803f9c5b19312d70ac5f3b4d0a591caa49,1599.88,63.32,6.382139329,54000,54000
b3eed2970dc7f779af62087896d86529e7b4b439,1607.75,63.37,6.418004625,53000,55000
61d03bba0c92439d87c9eee52698c7c7824eb096,1647.02,64.86,6.582127132,54000,54000
68eed73c021c49e08c88793264dfa3b044491623,1617.77,63.63,6.453103105,54000,54000
d0ac6a9c717798b0d75b01c979eeec758c8911d6,1618.43,64.04,6.439085585,54000,53000
86d657fc3107fa62be5890178586188be6e1dd01,1640.70,64.90,6.540670161,54000,54000
924fc3ff6f8793a57172e71abb5f8c433fb1b2ef,1592.30,62.96,6.334822900,54000,54000
e5f1fcdb481933c1a19441261dcf033906147f78,1594.46,62.75,6.366411981,54000,54000
4c9b1683cb7490653a4b953120d6457a7b60db1c,1609.94,63.53,6.427271105,54000,54000
d002348fd66395413d846f324fcd879e4db2a488,1628.10,64.30,6.487748291,54000,54000
6c05525ed4ba39cfe34843faff87b3d4d540aa4a,1596.34,62.81,6.374467872,54000,54000
b4a874596bdbd80ff1f995a3623bf957ef7b0ddf,1597.16,62.87,6.375381362,54000,54000
2f814eafcf7c303aa5b1ff141f52a5265d26defe,1606.21,63.55,6.403864435,54000,54000
2f814eafcf7c303aa5b1ff141f52a5265d26defe,1596.43,62.89,6.360179376,54000,53000
0abbb34706e9f3cf1650599eecacaf4779f36506,1611.35,63.45,6.418522304,53000,54000
d7d3193ba5699603f62236f530cfb7eb78a10204,1628.88,64.25,6.485523040,54000,54000
c3973e16d7fcd3606fd3b73fa2b4a7d35d047aa7,1586.22,62.66,6.321002097,54000,53000
4bd7e381d1f9be5160f8ef53a907d2d1e8f8b095,1619.56,63.74,6.450131961,54000,54000
ba3392726bb2246a2fc75cf2774bc7c1911c21d1,1593.22,62.74,6.354254361,54000,54000
11d25fd70769de912a45bc6ae796da0cdad607e1,1542.80,60.80,6.149077379,54000,54000
8f1499cbdb6e1518a552ef61fa381523015eb672,1598.04,62.96,6.361770444,54000,54000
00c5da3543cd814d5f2a93e8e169a2cafa89ad7c,1631.51,64.31,6.490987958,54000,54000
500d1cb979ea3c45b67dd059e06629f2dc21ea7c,1625.09,63.61,6.467579999,54000,54000
b590dfa14981eb31dd6148d4e03cd3eb515cefb7,1618.31,63.56,6.438589251,54000,54000
37e399422ce626aa09a6220f0f79d0c45d482a92,1591.27,62.58,6.330510415,54000,54000
11d25fd70769de912a45bc6ae796da0cdad607e1,1542.79,60.69,6.155585654,54000,54000
4cd64e70d48f5ef587ded1f6eb663a6c3a4fc90c,1632.82,64.66,6.500674194,54000,54000
223cf2bf6d2b4216f9229d80add8467ece1601d0,1597.03,62.71,6.359978810,54000,54000
924fc3ff6f8793a57172e71abb5f8c433fb1b2ef,1581.14,62.09,6.297729638,54000,54000
53cd9ff9f6030d908c158be646f62a99137b09e1,1629.36,64.11,6.484730243,54000,54000
1c1e2ba168579de28eacab05cee4ecf1675fb305,1588.40,62.27,6.326574701,55000,54000
3fffaa84f83bf6880c1350a7482e91bcd88ac4d3,1610.01,63.40,6.414200518,54000,54000
e487ed5d0dae9544d476a28ca0bcc7b35c7fe5ef,1599.73,62.61,6.371678012,54000,54000
b4a874596bdbd80ff1f995a3623bf957ef7b0ddf,1593.28,62.81,6.353402881,54000,54000
6c05525ed4ba39cfe34843faff87b3d4d540aa4a,1593.48,62.41,6.369113904,54000,55000
d6144c2570323625f0600cac9621ef4800073cda,1585.76,62.31,6.314920751,54000,55000
0250a6c1f351d73a200e9b3d98d11eecf143496b,1644.54,64.89,6.550343543,54000,55000
223cf2bf6d2b4216f9229d80add8467ece1601d0,1601.75,62.87,6.382297955,55000,56000
e487ed5d0dae9544d476a28ca0bcc7b35c7fe5ef,1619.69,63.72,6.454441788,55000,54000
f0f11f7aa18ca1a081e89dfc6ed30302cc7af8f3,1526.26,60.06,6.097597156,54000,54000
d716b393837f3205ae4cd4ea3db395d65a39fb79,1595.18,62.83,6.362775066,54000,54000
5adb994a73919c4ee0749020c80f0f0280aa48f8,1620.26,63.83,6.462024841,54000,54000
11d25fd70769de912a45bc6ae796da0cdad607e1,1543.19,60.83,6.171559222,54000,54000
d002348fd66395413d846f324fcd879e4db2a488,1617.05,63.90,6.432058742,54000,54000
3ae1880c7f7e2e362811f2f70c26a04514b7e22e,1636.78,64.79,6.531493577,54000,54000
16aa9d67f3da02c2dd649627b023625160d1a89a,1602.57,63.01,6.388143259,54000,54000
620ab41ec5506c170bc51e5d002428451f1819f7,1625.57,63.86,6.473736043,54000,54000
ee1afe348613305d8ff4f406e31e2ab6b795bfe4,1644.65,64.75,6.549767971,54000,54000
f0f11f7aa18ca1a081e89dfc6ed30302cc7af8f3,1578.81,62.33,6.299737485,54000,54000
00c5da3543cd814d5f2a93e8e169a2cafa89ad7c,1602.86,63.37,6.385364531,54000,54000
77e310755bf6cdd737a57941106d6e5113406244,1600.81,63.35,6.372339936,54000,54000
53cd9ff9f6030d908c158be646f62a99137b09e1,1620.38,64.24,6.453302674,54000,54000
78b2e6e65b800c974871221a6f755922860db952,1609.74,63.54,6.414137614,54000,54000
190af45cefbc175b2712d5b004b1d25d6199905b,1592.37,63.12,6.352773514,54000,54000
7da58ad1f656c82883ec7a160ffbabbf055f63b3,1635.30,64.82,6.518576190,54000,53000
a38da1662b26a479483a43fe0dc9e05b466bd607,1623.03,64.06,6.469287146,54000,54000
f1cb24e35449a41df1815be15223606ce6fcd24d,1631.28,64.30,6.503811815,55000,54000
ba3392726bb2246a2fc75cf2774bc7c1911c21d1,1585.06,62.35,6.316385957,54000,54000
a7a7fed881a41ceff2f1f9c464f88df0680daf9d,1597.50,62.94,6.368842291,54000,54000
7622713cbee75d2640fc5ec34355101069fc8c87,1645.80,64.97,6.557634977,53000,54000
e9a50051a181e80022e775c5ef43222296a22f60,1634.51,64.55,6.530239038,54000,54000
61d03bba0c92439d87c9eee52698c7c7824eb096,1586.92,62.50,6.331652061,54000,54000
f0f11f7aa18ca1a081e89dfc6ed30302cc7af8f3,1523.71,60.26,6.077659425,54000,54000
e5f1fcdb481933c1a19441261dcf033906147f78,1597.72,63.21,6.367839924,54000,54000
0250a6c1f351d73a200e9b3d98d11eecf143496b,1621.16,63.85,6.459930879,54000,54000
3ae1880c7f7e2e362811f2f70c26a04514b7e22e,1620.35,64.08,6.463557356,54000,54000
71a91e0d7bfd5768985dbae28c1ff5bd9a093ba2,1616.79,64.10,6.446442336,54000,54000
53cd9ff9f6030d908c158be646f62a99137b09e1,1624.64,64.07,6.469800283,54000,54000
c8a99877104a7cb7d1acc663e618487e49a14d34,1628.77,64.30,6.486325504,54000,54000
71a91e0d7bfd5768985dbae28c1ff5bd9a093ba2,1628.34,64.34,6.482573120,54000,54000
86d657fc3107fa62be5890178586188be6e1dd01,1676.63,66.02,6.683184545,54000,54000
78b2e6e65b800c974871221a6f755922860db952,1595.65,62.79,6.354387132,54000,54000
f9726db01e92d591f9d20f2a9696fc4e86594d3c,1594.12,63.04,6.340100785,54000,54000
4782302a89bb2b7511bd0878fa923f404c3c3b99,1609.24,63.26,6.414196731,54000,54000
89eddcfa07dab6e0c82abe26889edf22948e01b6,1627.07,64.38,6.472476100,54000,54000
c352cb002070b7104872d651cac7f145e7cce543,1586.06,62.22,6.325885070,54000,54000
018c34577e0d92bf70e5107d65a483730ebe0fcc,1626.39,64.14,6.488676569,54000,54000
500d1cb979ea3c45b67dd059e06629f2dc21ea7c,1624.62,64.10,6.464791512,54000,54000
b590dfa14981eb31dd6148d4e03cd3eb515cefb7,1599.28,62.92,6.374174374,54000,54000
c0c7b08fb2cbcc7c46c32382796bd5b232d8fb71,1587.88,62.52,6.324682663,54000,54000
f0f11f7aa18ca1a081e89dfc6ed30302cc7af8f3,1550.45,61.26,6.179518640,54000,54000
090c7d803f9c5b19312d70ac5f3b4d0a591caa49,1587.92,62.76,6.318581646,54000,54000
137f42f0453796b43eda5521595decd0efa9796e,1625.57,64.12,6.479710171,54000,54000
00c5da3543cd814d5f2a93e8e169a2cafa89ad7c,1622.10,64.08,6.453548005,54000,54000
77e310755bf6cdd737a57941106d6e5113406244,1618.67,64.00,6.443695394,54000,54000
a4b47328284e293fc0001b08ad081e39c5a15c7a,1585.91,62.22,6.315977908,54000,54000
f0f11f7aa18ca1a081e89dfc6ed30302cc7af8f3,1531.16,60.08,6.109532534,54000,54000
3d40e1c1a47c6174fdb63546840b7f8399447d07,1588.78,62.48,6.329993101,54000,54000
2f814eafcf7c303aa5b1ff141f52a5265d26defe,1614.87,63.59,6.429335494,54000,54000
af04dbaea75ebabd1a701c7e5df848e3c6468737,1616.69,63.99,6.427539579,54000,54000
500d1cb979ea3c45b67dd059e06629f2dc21ea7c,1625.80,64.29,6.472138386,54000,54000
924fc3ff6f8793a57172e71abb5f8c433fb1b2ef,1597.74,63.05,6.367260193,55000,54000
7622713cbee75d2640fc5ec34355101069fc8c87,1646.41,65.10,6.568647979,54000,54000
9abeaacc1e74584ad05192ef1ea52bae93793dbc,1631.63,64.48,6.491918858,54000,54000
3fffaa84f83bf6880c1350a7482e91bcd88ac4d3,1612.49,63.41,6.429666669,54000,54000
3b2fe9d7d1bef79facc3073c34b96b226c2afa5e,1621.11,63.94,6.452480969,54000,54000
c8a99877104a7cb7d1acc663e618487e49a14d34,1629.24,64.52,6.480461336,54000,54000
fe8cf9bcad9b9aab8adb042fab439b757f551809,1610.19,63.43,6.411777868,54000,54000
e487ed5d0dae9544d476a28ca0bcc7b35c7fe5ef,1589.05,62.47,6.328961624,54000,54000
137f42f0453796b43eda5521595decd0efa9796e,1593.95,62.73,6.354567891,54000,54000
a13289a1c1a3192e78df65a5df7973df3aebae79,1530.47,60.15,6.105052783,54000,54000
620ab41ec5506c170bc51e5d002428451f1819f7,1615.38,63.79,6.436124016,54000,54000
51dee75bc94474b0e6d4785278ff6bab07b2c1dc,1593.52,63.15,6.363671901,55000,54000
16aa9d67f3da02c2dd649627b023625160d1a89a,1618.86,63.92,6.448500968,54000,54000
ee1afe348613305d8ff4f406e31e2ab6b795bfe4,1606.56,63.55,6.412851987,54000,54000
d6144c2570323625f0600cac9621ef4800073cda,1587.29,62.65,6.320423039,54000,54000
c029f1e4a959f60dfe432c6a2a806f214a8b35d4,1635.84,64.78,6.512657535,54000,54000
924fc3ff6f8793a57172e71abb5f8c433fb1b2ef,1591.25,62.65,6.349296884,54000,54000
223cf2bf6d2b4216f9229d80add8467ece1601d0,1588.91,62.45,6.344986003,54000,54000
81b3b7e19397de25a60f6b849dd6337dac189df4,1638.05,64.77,6.543139103,54000,54000
c8a99877104a7cb7d1acc663e618487e49a14d34,1627.93,64.58,6.492016462,54000,54000
a38da1662b26a479483a43fe0dc9e05b466bd607,1653.97,65.22,6.615461605,54000,54000
3b2fe9d7d1bef79facc3073c34b96b226c2afa5e,1635.30,64.77,6.518042732,54000,54000
c3973e16d7fcd3606fd3b73fa2b4a7d35d047aa7,1604.43,63.53,6.407823446,54000,54000
1c1e2ba168579de28eacab05cee4ecf1675fb305,1582.09,62.50,6.309437895,54000,54000
413bf1b018b14a791c5e1683db2c27353948961f,1613.51,63.56,6.433869764,54000,54000
4bd7e381d1f9be5160f8ef53a907d2d1e8f8b095,1610.43,63.56,6.424669748,54000,54000
4782302a89bb2b7511bd0878fa923f404c3c3b99,1618.17,63.99,6.470882269,54000,54000
620ab41ec5506c170bc51e5d002428451f1819f7,1651.08,65.17,6.582280984,54000,54000
3fffaa84f83bf6880c1350a7482e91bcd88ac4d3,1600.58,63.39,6.378575320,54000,54000
a7a7fed881a41ceff2f1f9c464f88df0680daf9d,1588.22,62.65,6.329465883,54000,54000
563d4d02f718af8238a1970a5b630ae1aaa62cb0,1584.86,62.81,6.316095734,54000,54000
563d4d02f718af8238a1970a5b630ae1aaa62cb0,1572.09,62.09,6.267619544,54000,54000
16aa9d67f3da02c2dd649627b023625160d1a89a,1623.51,64.18,6.472756021,54000,54000
0d58c5978ebdc50c4cd72d9a39dba9ecbafbad11,1628.80,64.20,6.497698746,54000,54000
37e399422ce626aa09a6220f0f79d0c45d482a92,1582.56,62.51,6.319087360,54000,54000
fe8cf9bcad9b9aab8adb042fab439b757f551809,1631.15,63.98,6.515660995,54000,54000
c029f1e4a959f60dfe432c6a2a806f214a8b35d4,1614.58,64.09,6.415216814,54000,54000
adcea6e43673279f5bc2005e960aa460e14474b9,1586.92,62.56,6.318022035,54000,54000
68eed73c021c49e08c88793264dfa3b044491623,1612.42,63.84,6.414608294,54000,54000
e487ed5d0dae9544d476a28ca0bcc7b35c7fe5ef,1618.37,63.96,6.452032826,55000,54000
35ca036d8055172d9fd1ca8d59810c043a0b23ad,1600.24,63.23,6.368113147,54000,54000
190af45cefbc175b2712d5b004b1d25d6199905b,1564.62,61.80,6.243690725,54000,54000
71a91e0d7bfd5768985dbae28c1ff5bd9a093ba2,1613.18,63.78,6.420835047,54000,54000
4cd64e70d48f5ef587ded1f6eb663a6c3a4fc90c,1616.59,63.85,6.425595950,53000,54000
43283a282933ebe9448c132ea5bf259dd3e98e35,1593.33,62.79,6.346283175,54000,54000
86d657fc3107fa62be5890178586188be6e1dd01,1626.83,64.11,6.481099639,54000,54000
91160707bb4224f024fab4bba4abb8788dd5a8a4,1603.24,63.27,6.387380784,55000,54000
ee1afe348613305d8ff4f406e31e2ab6b795bfe4,1614.77,63.85,6.425471432,54000,54000
57fdc78192bf30484e28e8ea7bb86c09bcad08b8,1619.82,64.04,6.450443416,54000,54000
06b1c03573945c0411a74082805cdc4a643cd2f8,1621.61,64.14,6.454764571,54000,54000
4c9b1683cb7490653a4b953120d6457a7b60db1c,1571.58,61.86,6.266016758,53000,54000
d6144c2570323625f0600cac9621ef4800073cda,1588.20,62.49,6.324472257,54000,54000
d70285b49748f4fc018a71a49e837360c79a6d63,1591.34,62.77,6.335188964,54000,54000
b4a874596bdbd80ff1f995a3623bf957ef7b0ddf,1579.38,62.19,6.300593662,54000,54000
77e310755bf6cdd737a57941106d6e5113406244,1609.26,63.54,6.399937370,54000,54000
0d58c5978ebdc50c4cd72d9a39dba9ecbafbad11,1626.48,64.10,6.469740787,54000,53000
620ab41ec5506c170bc51e5d002428451f1819f7,1632.67,64.31,6.497549655,54000,54000
4782302a89bb2b7511bd0878fa923f404c3c3b99,1658.60,65.30,6.603617312,54000,54000
85c60c479eae1852ee56eb43a09a8d44484f798b,1614.56,63.70,6.416197643,54000,54000
fe7fd33b74b923f25c768e166367b98d7bb516e9,1573.79,61.73,6.268901281,54000,54000
ee1afe348613305d8ff4f406e31e2ab6b795bfe4,1659.73,65.45,6.610144144,54000,54000
af04dbaea75ebabd1a701c7e5df848e3c6468737,1645.41,64.79,6.557721589,54000,54000
090c7d803f9c5b19312d70ac5f3b4d0a591caa49,1621.28,64.12,6.455535817,54000,54000
090c7d803f9c5b19312d70ac5f3b4d0a591caa49,1611.49,63.84,6.410488344,54000,53000
b590dfa14981eb31dd6148d4e03cd3eb515cefb7,1607.51,63.42,6.410169199,54000,54000
1c64772d769f5723145d560ab6d0c4ce1fd2cb71,1595.47,63.02,6.370305644,54000,54000
57fdc78192bf30484e28e8ea7bb86c09bcad08b8,1599.17,63.06,6.371202492,54000,54000
57fdc78192bf30484e28e8ea7bb86c09bcad08b8,1612.32,63.72,6.418935729,54000,54000
b590dfa14981eb31dd6148d4e03cd3eb515cefb7,1610.42,63.46,6.411547843,54000,54000
f9726db01e92d591f9d20f2a9696fc4e86594d3c,1583.24,62.44,6.306839109,54000,54000
d70285b49748f4fc018a71a49e837360c79a6d63,1595.75,63.06,6.368530047,54000,54000
b6866d8d9aeaff22a7f28f289ab644e9681d46cd,1635.91,64.54,6.527821568,54000,54000
b590dfa14981eb31dd6148d4e03cd3eb515cefb7,1607.49,63.31,6.413293738,54000,54000
a4b47328284e293fc0001b08ad081e39c5a15c7a,1591.13,62.64,6.343877314,55000,54000
af04dbaea75ebabd1a701c7e5df848e3c6468737,1615.87,63.64,6.442682789,54000,54000
af8b93548b9d425b248dba38d0493a4b69dedd7f,1641.07,64.81,6.543725653,54000,54000
3e246cdcb1de48b948dbfb1bcedce82479d75484,1642.57,65.13,6.532334315,54000,54000
c352cb002070b7104872d651cac7f145e7cce543,1573.20,62.04,6.277338661,54000,54000
8f1499cbdb6e1518a552ef61fa381523015eb672,1594.35,62.69,6.359715067,54000,54000
61d03bba0c92439d87c9eee52698c7c7824eb096,1611.87,63.57,6.427776588,54000,54000
e5f1fcdb481933c1a19441261dcf033906147f78,1589.41,62.35,6.340983357,55000,54000
d002348fd66395413d846f324fcd879e4db2a488,1617.53,63.67,6.435863951,54000,54000
b6866d8d9aeaff22a7f28f289ab644e9681d46cd,1622.32,64.14,6.463151112,54000,54000
d6144c2570323625f0600cac9621ef4800073cda,1602.73,63.20,6.385630511,54000,54000
d70285b49748f4fc018a71a49e837360c79a6d63,1599.59,63.37,6.376938636,53000,54000
b590dfa14981eb31dd6148d4e03cd3eb515cefb7,1609.15,63.41,6.423722776,54000,54000
c8a99877104a7cb7d1acc663e618487e49a14d34,1633.71,64.61,6.524433589,54000,54000
57fdc78192bf30484e28e8ea7bb86c09bcad08b8,1611.22,63.35,6.421581062,54000,54000
85c60c479eae1852ee56eb43a09a8d44484f798b,1610.03,63.70,6.425949987,54000,54000
e2b1d8bc16e430c1823d37034d9eca6d2f65d6d7,1615.10,64.02,6.433317687,54000,54000
f9726db01e92d591f9d20f2a9696fc4e86594d3c,1566.84,61.91,6.241459857,54000,54000
35ca036d8055172d9fd1ca8d59810c043a0b23ad,1592.57,63.05,6.364647565,54000,54000
16aa9d67f3da02c2dd649627b023625160d1a89a,1633.01,64.54,6.511815420,54000,54000
9abeaacc1e74584ad05192ef1ea52bae93793dbc,1640.09,64.97,6.529922283,54000,54000
35ca036d8055172d9fd1ca8d59810c043a0b23ad,1601.07,63.31,6.392034794,54000,54000
6c05525ed4ba39cfe34843faff87b3d4d540aa4a,1572.89,62.13,6.277997789,54000,54000
93d23dc02c2ce6359988e5473a21eadc9db681b6,1621.26,64.08,6.457386098,54000,54000
91160707bb4224f024fab4bba4abb8788dd5a8a4,1603.90,63.53,6.387097654,54000,54000
61d03bba0c92439d87c9eee52698c7c7824eb096,1597.81,63.26,6.372409645,54000,54000
23262b9e79da43a30d7990e14b36db18a5119fde,1646.89,65.12,6.569760911,55000,54000
3e246cdcb1de48b948dbfb1bcedce82479d75484,1690.22,67.21,6.737330174,54000,53000
3b2fe9d7d1bef79facc3073c34b96b226c2afa5e,1608.45,63.73,6.405636746,54000,54000
e487ed5d0dae9544d476a28ca0bcc7b35c7fe5ef,1606.18,63.41,6.397891069,54000,54000
fe7fd33b74b923f25c768e166367b98d7bb516e9,1571.63,61.75,6.263549409,54000,54000
3ae1880c7f7e2e362811f2f70c26a04514b7e22e,1624.03,63.98,6.482270088,54000,54000
b6866d8d9aeaff22a7f28f289ab644e9681d46cd,1639.83,64.83,6.529676358,54000,54000
3e3ce93324af169fa3208602e5a58db174aec431,1585.43,62.43,6.315056025,54000,54000
8f1499cbdb6e1518a552ef61fa381523015eb672,1599.34,63.23,6.365089858,54000,54000
adcea6e43673279f5bc2005e960aa460e14474b9,1590.18,62.84,6.325194274,54000,54000
86d657fc3107fa62be5890178586188be6e1dd01,1620.23,63.97,6.438398650,54000,54000
25c446b757986f0ed4641d9ee8afab6f99af579a,1622.95,64.03,6.451781537,54000,55000
3fffaa84f83bf6880c1350a7482e91bcd88ac4d3,1628.99,64.35,6.482071696,54000,54000
c80f3ecaf660422ef0f3c7eda724f86beddbd09b,1618.48,64.00,6.446196976,54000,53000
223cf2bf6d2b4216f9229d80add8467ece1601d0,1595.04,63.14,6.349473882,54000,54000
f9726db01e92d591f9d20f2a9696fc4e86594d3c,1594.42,63.21,6.352128450,54000,54000
23262b9e79da43a30d7990e14b36db18a5119fde,1618.75,64.02,6.453009002,54000,54000
89eddcfa07dab6e0c82abe26889edf22948e01b6,1631.42,64.71,6.486066202,54000,54000
2cb64c57fca2a9ab45a5ac2c10a3bae84d9e0878,1601.34,63.28,6.378425456,54000,54000
3e3ce93324af169fa3208602e5a58db174aec431,1608.04,63.59,6.400985048,54000,54000
413bf1b018b14a791c5e1683db2c27353948961f,1613.86,63.90,6.425017619,54000,54000
89eddcfa07dab6e0c82abe26889edf22948e01b6,1631.96,64.76,6.500860889,54000,54000
a4b47328284e293fc0001b08ad081e39c5a15c7a,1596.57,63.11,6.358091247,54000,54000
d7d3193ba5699603f62236f530cfb7eb78a10204,1630.54,64.46,6.497933606,54000,54000
43283a282933ebe9448c132ea5bf259dd3e98e35,1595.12,62.96,6.365834338,54000,54000
b6866d8d9aeaff22a7f28f289ab644e9681d46cd,1628.40,64.41,6.488374062,54000,54000
223cf2bf6d2b4216f9229d80add8467ece1601d0,1593.35,63.00,6.354972877,54000,54000
af04dbaea75ebabd1a701c7e5df848e3c6468737,1599.90,63.09,6.382816428,54000,54000
43283a282933ebe9448c132ea5bf259dd3e98e35,1592.18,62.88,6.356992775,54000,54000
a4b47328284e293fc0001b08ad081e39c5a15c7a,1618.30,64.05,6.473919518,54000,54000
a4b47328284e293fc0001b08ad081e39c5a15c7a,1602.06,63.55,6.404341716,54000,54000
e5f1fcdb481933c1a19441261dcf033906147f78,1629.47,64.32,6.506800139,54000,54000
500d1cb979ea3c45b67dd059e06629f2dc21ea7c,1639.53,64.83,6.536636942,54000,54000
af04dbaea75ebabd1a701c7e5df848e3c6468737,1628.44,64.47,6.506062011,54000,55000
58009d6fa2050ef9b097f6c263cf0bc6ccac5a80,1632.55,64.87,6.506017584,54000,54000
06b1c03573945c0411a74082805cdc4a643cd2f8,1615.78,63.84,6.438031804,54000,54000
a48218e7a5fae7a02eed0b6b1de03dee80ae2d2b,1627.13,64.63,6.478563016,54000,54000
c80f3ecaf660422ef0f3c7eda724f86beddbd09b,1618.43,63.95,6.461380981,54000,53000
3b2fe9d7d1bef79facc3073c34b96b226c2afa5e,1622.47,64.05,6.470807928,54000,54000
91160707bb4224f024fab4bba4abb8788dd5a8a4,1637.95,64.82,6.542443302,54000,55000
25c446b757986f0ed4641d9ee8afab6f99af579a,1621.49,64.05,6.472246109,54000,54000
c0c7b08fb2cbcc7c46c32382796bd5b232d8fb71,1599.63,63.31,6.370823078,54000,54000
a4b47328284e293fc0001b08ad081e39c5a15c7a,1580.03,62.55,6.313299970,54000,54000
fe7fd33b74b923f25c768e166367b98d7bb516e9,1573.11,62.07,6.276741746,54000,54000
71a91e0d7bfd5768985dbae28c1ff5bd9a093ba2,1643.78,64.87,6.556234210,54000,54000
0abbb34706e9f3cf1650599eecacaf4779f36506,1592.95,62.94,6.366447876,54000,54000
adcea6e43673279f5bc2005e960aa460e14474b9,1573.21,62.33,6.276462764,54000,54000
3e3ce93324af169fa3208602e5a58db174aec431,1606.57,63.37,6.408423626,54000,54000
af04dbaea75ebabd1a701c7e5df848e3c6468737,1612.89,63.49,6.437208022,54000,54000
8dabfde4800a0a1c790936976297b539ea6c4946,1603.03,63.40,6.396074130,54000,54000
3b2fe9d7d1bef79facc3073c34b96b226c2afa5e,1644.72,64.83,6.568576697,54000,53000
c029f1e4a959f60dfe432c6a2a806f214a8b35d4,1618.28,64.18,6.435657454,54000,54000
090c7d803f9c5b19312d70ac5f3b4d0a591caa49,1574.98,62.10,6.285631339,54000,54000
4782302a89bb2b7511bd0878fa923f404c3c3b99,1650.24,65.47,6.581961085,54000,54000
5adb994a73919c4ee0749020c80f0f0280aa48f8,1622.09,64.39,6.461189941,54000,54000
8dabfde4800a0a1c790936976297b539ea6c4946,1617.11,63.90,6.460999972,54000,54000
af04dbaea75ebabd1a701c7e5df848e3c6468737,1619.05,63.93,6.461387087,54000,54000
d002348fd66395413d846f324fcd879e4db2a488,1636.23,64.76,6.518307241,54000,54000
3ae1880c7f7e2e362811f2f70c26a04514b7e22e,1656.52,65.50,6.595479083,54000,54000
fe7fd33b74b923f25c768e166367b98d7bb516e9,1574.91,62.21,6.276084508,54000,54000
563d4d02f718af8238a1970a5b630ae1aaa62cb0,1603.15,63.54,6.399754888,54000,54000
71a91e0d7bfd5768985dbae28c1ff5bd9a093ba2,1602.56,63.25,6.387046524,54000,54000
4782302a89bb2b7511bd0878fa923f404c3c3b99,1618.86,63.57,6.449223232,54000,54000
d0ac6a9c717798b0d75b01c979eeec758c8911d6,1588.95,62.78,6.326166394,54000,54000
0d58c5978ebdc50c4cd72d9a39dba9ecbafbad11,1628.42,64.41,6.484602379,54000,54000
af8b93548b9d425b248dba38d0493a4b69dedd7f,1648.27,65.04,6.560497949,54000,54000
91160707bb4224f024fab4bba4abb8788dd5a8a4,1632.78,64.44,6.511839198,54000,54000
880fd60d9c7c9b9d5a5b77c7b93b5f4d73d01a67,1624.63,64.23,6.486991187,54000,54000
3fffaa84f83bf6880c1350a7482e91bcd88ac4d3,1589.46,62.64,6.328563768,54000,54000
c352cb002070b7104872d651cac7f145e7cce543,1576.73,62.26,6.285199633,54000,54000
68eed73c021c49e08c88793264dfa3b044491623,1622.95,64.13,6.463801496,54000,54000
090c7d803f9c5b19312d70ac5f3b4d0a591caa49,1623.03,64.35,6.466582638,54000,54000
c352cb002070b7104872d651cac7f145e7cce543,1602.79,63.33,6.393835961,54000,54000
f0f11f7aa18ca1a081e89dfc6ed30302cc7af8f3,1541.70,60.92,6.143850919,54000,54000
53cd9ff9f6030d908c158be646f62a99137b09e1,1636.34,64.59,6.510506222,54000,54000
1c64772d769f5723145d560ab6d0c4ce1fd2cb71,1604.90,63.55,6.409215657,54000,54000
00c5da3543cd814d5f2a93e8e169a2cafa89ad7c,1624.34,64.38,6.474043457,54000,55000
d64d207a67b59d2fc2b9a65e362cc2ddacd1881e,1624.27,64.09,6.461920183,54000,54000
23262b9e79da43a30d7990e14b36db18a5119fde,1639.45,65.16,6.521201175,54000,54000
d0ac6a9c717798b0d75b01c979eeec758c8911d6,1646.67,65.30,6.551849510,54000,54000
3e246cdcb1de48b948dbfb1bcedce82479d75484,1640.71,65.25,6.527615621,54000,54000
86d657fc3107fa62be5890178586188be6e1dd01,1634.02,64.57,6.501381205,54000,54000
6c05525ed4ba39cfe34843faff87b3d4d540aa4a,1604.09,63.48,6.388174284,54000,54000
d0ac6a9c717798b0d75b01c979eeec758c8911d6,1610.96,63.82,6.408715054,55000,54000
57fdc78192bf30484e28e8ea7bb86c09bcad08b8,1618.95,64.28,6.443422288,54000,54000
e2b1d8bc16e430c1823d37034d9eca6d2f65d6d7,1622.74,64.18,6.478959388,54000,54000
0abbb34706e9f3cf1650599eecacaf4779f36506,1602.78,63.35,6.396151566,54000,55000
c80f3ecaf660422ef0f3c7eda724f86beddbd09b,1607.83,63.39,6.416762640,54000,54000
d716b393837f3205ae4cd4ea3db395d65a39fb79,1579.13,62.38,6.300344996,54000,54000
68eed73c021c49e08c88793264dfa3b044491623,1610.23,63.68,6.401587236,55000,54000
a7a7fed881a41ceff2f1f9c464f88df0680daf9d,1586.23,62.68,6.330491570,54000,54000
7622713cbee75d2640fc5ec34355101069fc8c87,1600.05,63.12,6.395247977,54000,54000
f909956b4921f6f95f613dac2b39f411387a740d,1633.11,64.41,6.506738076,55000,54000
d002348fd66395413d846f324fcd879e4db2a488,1616.75,63.78,6.453866721,54000,54000
81b3b7e19397de25a60f6b849dd6337dac189df4,1628.72,64.01,6.501764598,54000,54000
880fd60d9c7c9b9d5a5b77c7b93b5f4d73d01a67,1606.84,63.54,6.403463268,54000,53000
58009d6fa2050ef9b097f6c263cf0bc6ccac5a80,1633.21,64.67,6.491718772,54000,54000
3ae1880c7f7e2e362811f2f70c26a04514b7e22e,1636.47,64.78,6.509214203,54000,54000
37e399422ce626aa09a6220f0f79d0c45d482a92,1580.21,62.37,6.299732333,54000,54000
68eed73c021c49e08c88793264dfa3b044491623,1615.72,63.63,6.446522702,55000,54000
4c9b1683cb7490653a4b953120d6457a7b60db1c,1584.39,62.42,6.315620477,54000,55000
ee1afe348613305d8ff4f406e31e2ab6b795bfe4,1626.83,64.54,6.472733258,54000,54000
11d25fd70769de912a45bc6ae796da0cdad607e1,1533.95,60.75,6.105536696,54000,54000
1c1e2ba168579de28eacab05cee4ecf1675fb305,1575.85,62.04,6.273812509,54000,54000
71a91e0d7bfd5768985dbae28c1ff5bd9a093ba2,1633.61,64.66,6.505753291,54000,54000
43283a282933ebe9448c132ea5bf259dd3e98e35,1593.32,62.75,6.345276522,54000,54000
71a91e0d7bfd5768985dbae28c1ff5bd9a093ba2,1624.68,64.15,6.462919849,54000,54000
b4a874596bdbd80ff1f995a3623bf957ef7b0ddf,1603.73,63.40,6.389716571,54000,54000
af04dbaea75ebabd1a701c7e5df848e3c6468737,1616.06,63.80,6.434116808,54000,54000
f9726db01e92d591f9d20f2a9696fc4e86594d3c,1572.52,61.95,6.256600382,54000,54000
16aa9d67f3da02c2dd649627b023625160d1a89a,1644.68,64.77,6.551628797,54000,54000
0abbb34706e9f3cf1650599eecacaf4779f36506,1606.14,63.21,6.401120240,54000,54000
b6866d8d9aeaff22a7f28f289ab644e9681d46cd,1632.63,64.33,6.499982853,54000,54000
8d6237e004a8661655a9bc5b914a59d1ca87307e,1644.70,64.96,6.557204224,54000,54000
51dee75bc94474b0e6d4785278ff6bab07b2c1dc,1589.00,62.90,6.342493062,54000,54000
4cd64e70d48f5ef587ded1f6eb663a6c3a4fc90c,1617.23,63.99,6.436678674,54000,55000
a4b47328284e293fc0001b08ad081e39c5a15c7a,1596.44,63.18,6.354983430,54000,54000
0a340d82b33dc396eedce4a8daf4faed65fabf67,1602.07,63.27,6.372289853,54000,54000
1a93abca1912dbdabdccb86a70a6c82abb672c3a,1615.32,63.98,6.428506058,55000,54000
11d25fd70769de912a45bc6ae796da0cdad607e1,1556.61,61.56,6.201948706,55000,54000
4cd64e70d48f5ef587ded1f6eb663a6c3a4fc90c,1609.61,63.48,6.407115715,55000,54000
e2b1d8bc16e430c1823d37034d9eca6d2f65d6d7,1604.60,63.36,6.384000206,54000,54000
93d23dc02c2ce6359988e5473a21eadc9db681b6,1632.54,64.50,6.496026692,54000,54000
86d657fc3107fa62be5890178586188be6e1dd01,1653.20,65.49,6.573147471,54000,54000
f909956b4921f6f95f613dac2b39f411387a740d,1649.48,64.95,6.576457203,54000,54000
fe8cf9bcad9b9aab8adb042fab439b757f551809,1607.79,63.20,6.405430139,54000,54000
4bd7e381d1f9be5160f8ef53a907d2d1e8f8b095,1589.91,62.53,6.330033371,54000,54000
090c7d803f9c5b19312d70ac5f3b4d0a591caa49,1605.38,63.56,6.397336391,54000,55000
68eed73c021c49e08c88793264dfa3b044491623,1628.08,64.23,6.485923890,54000,54000
e9a50051a181e80022e775c5ef43222296a22f60,1608.39,63.43,6.406336549,54000,54000
018c34577e0d92bf70e5107d65a483730ebe0fcc,1626.15,64.11,6.480690806,54000,54000
c3973e16d7fcd3606fd3b73fa2b4a7d35d047aa7,1585.70,63.00,6.308501185,54000,54000
b3eed2970dc7f779af62087896d86529e7b4b439,1605.74,63.31,6.408129005,54000,54000
1c1e2ba168579de28eacab05cee4ecf1675fb305,1590.98,62.99,6.329695732,54000,54000
8d6237e004a8661655a9bc5b914a59d1ca87307e,1648.33,65.03,6.558462313,54000,54000
85c60c479eae1852ee56eb43a09a8d44484f798b,1623.56,64.32,6.468464571,54000,54000
a4b47328284e293fc0001b08ad081e39c5a15c7a,1610.40,63.85,6.410457831,54000,54000
413bf1b018b14a791c5e1683db2c27353948961f,1590.60,63.03,6.333851327,54000,53000
190af45cefbc175b2712d5b004b1d25d6199905b,1574.86,62.28,6.271338030,54000,54000
3d40e1c1a47c6174fdb63546840b7f8399447d07,1608.41,63.64,6.413558812,54000,54000
b6866d8d9aeaff22a7f28f289ab644e9681d46cd,1652.93,65.49,6.582469262,54000,54000
81b3b7e19397de25a60f6b849dd6337dac189df4,1630.49,64.66,6.492112943,54000,54000
1c1e2ba168579de28eacab05cee4ecf1675fb305,1578.61,62.30,6.280664212,54000,54000
3e3ce93324af169fa3208602e5a58db174aec431,1590.61,63.05,6.339740948,54000,54000
880fd60d9c7c9b9d5a5b77c7b93b5f4d73d01a67,1618.89,64.23,6.443742288,54000,54000
3fffaa84f83bf6880c1350a7482e91bcd88ac4d3,1610.55,63.51,6.425047744,54000,54000
89eddcfa07dab6e0c82abe26889edf22948e01b6,1676.37,66.24,6.690256499,54000,54000
563d4d02f718af8238a1970a5b630ae1aaa62cb0,1574.02,62.26,6.286286011,54000,54000
d64d207a67b59d2fc2b9a65e362cc2ddacd1881e,1648.25,65.18,6.563397257,54000,54000
137f42f0453796b43eda5521595decd0efa9796e,1613.86,63.80,6.440785237,54000,54000
23262b9e79da43a30d7990e14b36db18a5119fde,1628.59,64.40,6.486402845,54000,54000
2f814eafcf7c303aa5b1ff141f52a5265d26defe,1613.58,63.69,6.436633015,54000,54000
5adb994a73919c4ee0749020c80f0f0280aa48f8,1621.46,64.15,6.460727844,54000,54000
924fc3ff6f8793a57172e71abb5f8c433fb1b2ef,1592.50,62.94,6.346055398,54000,54000
018c34577e0d92bf70e5107d65a483730ebe0fcc,1607.51,63.76,6.406470007,54000,54000
35ca036d8055172d9fd1ca8d59810c043a0b23ad,1609.19,63.53,6.438602382,54000,54000
413bf1b018b14a791c5e1683db2c27353948961f,1624.03,64.30,6.487496023,54000,54000
6c05525ed4ba39cfe34843faff87b3d4d540aa4a,1586.18,62.86,6.329140929,54000,54000
0250a6c1f351d73a200e9b3d98d11eecf143496b,1622.59,64.08,6.471479363,54000,54000
93d23dc02c2ce6359988e5473a21eadc9db681b6,1616.09,63.87,6.441316823,54000,54000
85c60c479eae1852ee56eb43a09a8d44484f798b,1611.67,63.65,6.434631327,54000,54000
78b2e6e65b800c974871221a6f755922860db952,1612.45,63.86,6.436954795,54000,54000
137f42f0453796b43eda5521595decd0efa9796e,1607.81,63.63,6.415775653,54000,54000
af8b93548b9d425b248dba38d0493a4b69dedd7f,1650.16,65.65,6.583659406,54000,54000
1a93abca1912dbdabdccb86a70a6c82abb672c3a,1633.04,64.62,6.506978795,54000,54000
d0ac6a9c717798b0d75b01c979eeec758c8911d6,1625.96,64.21,6.471746647,54000,54000
f0f11f7aa18ca1a081e89dfc6ed30302cc7af8f3,1526.86,60.47,6.099483416,54000,54000
d716b393837f3205ae4cd4ea3db395d65a39fb79,1592.24,63.02,6.349212465,54000,54000
190af45cefbc175b2712d5b004b1d25d6199905b,1583.22,62.48,6.316190347,54000,54000
5adb994a73919c4ee0749020c80f0f0280aa48f8,1596.87,63.24,6.370773561,53000,53000
4c9b1683cb7490653a4b953120d6457a7b60db1c,1614.54,64.10,6.443098702,54000,54000
57fdc78192bf30484e28e8ea7bb86c09bcad08b8,1605.37,63.51,6.403730631,54000,54000
620ab41ec5506c170bc51e5d002428451f1819f7,1631.93,64.47,6.501754428,54000,54000
2f814eafcf7c303aa5b1ff141f52a5265d26defe,1599.90,63.32,6.371528062,54000,54000
2f814eafcf7c303aa5b1ff141f52a5265d26defe,1600.98,63.17,6.383084420,54000,54000
4c9b1683cb7490653a4b953120d6457a7b60db1c,1592.15,62.86,6.342450694,54000,55000
11d25fd70769de912a45bc6ae796da0cdad607e1,1540.44,60.60,6.158112265,54000,54000
06b1c03573945c0411a74082805cdc4a643cd2f8,1639.03,64.82,6.514246810,54000,53000
61d03bba0c92439d87c9eee52698c7c7824eb096,1618.53,64.26,6.446135912,54000,54000
11d25fd70769de912a45bc6ae796da0cdad607e1,1527.57,60.14,6.094045456,54000,54000
81b3b7e19397de25a60f6b849dd6337dac189df4,1630.10,64.52,6.487866766,54000,54000
97846506cf4a3382f7c74e3f42034c7099a0203a,1626.80,64.36,6.482324167,54000,54000
0d58c5978ebdc50c4cd72d9a39dba9ecbafbad11,1627.38,64.33,6.479635218,54000,54000
af04dbaea75ebabd1a701c7e5df848e3c6468737,1615.95,63.61,6.442343838,54000,55000
924fc3ff6f8793a57172e71abb5f8c433fb1b2ef,1590.01,62.60,6.328691017,54000,54000
2cb64c57fca2a9ab45a5ac2c10a3bae84d9e0878,1578.64,62.07,6.292618860,54000,54000
4cd64e70d48f5ef587ded1f6eb663a6c3a4fc90c,1601.34,63.21,6.371633100,54000,54000
3b2fe9d7d1bef79facc3073c34b96b226c2afa5e,1629.58,64.27,6.489195002,54000,54000
0d58c5978ebdc50c4cd72d9a39dba9ecbafbad11,1639.70,64.70,6.528396980,54000,54000
fe8cf9bcad9b9aab8adb042fab439b757f551809,1620.64,64.06,6.453725543,54000,54000
a13289a1c1a3192e78df65a5df7973df3aebae79,1512.13,59.54,6.034292618,54000,54000
f1cb24e35449a41df1815be15223606ce6fcd24d,1602.07,63.02,6.378183328,54000,54000
61d03bba0c92439d87c9eee52698c7c7824eb096,1611.33,63.49,6.418639393,54000,54000
d002348fd66395413d846f324fcd879e4db2a488,1608.28,63.37,6.408842506,54000,54000
a4b47328284e293fc0001b08ad081e39c5a15c7a,1583.74,62.55,6.315432949,54000,54000
2cb64c57fca2a9ab45a5ac2c10a3bae84d9e0878,1615.54,63.66,6.439578647,54000,54000
413bf1b018b14a791c5e1683db2c27353948961f,1610.89,63.60,6.410069348,53000,54000
3b2fe9d7d1bef79facc3073c34b96b226c2afa5e,1598.64,63.10,6.366258816,54000,53000
3d40e1c1a47c6174fdb63546840b7f8399447d07,1590.35,62.85,6.330591486,54000,54000
11d25fd70769de912a45bc6ae796da0cdad607e1,1551.74,61.20,6.199515873,54000,54000
58009d6fa2050ef9b097f6c263cf0bc6ccac5a80,1629.31,64.43,6.481643098,54000,54000
b6866d8d9aeaff22a7f28f289ab644e9681d46cd,1599.30,63.10,6.371985060,54000,54000
11d25fd70769de912a45bc6ae796da0cdad607e1,1538.95,60.59,6.133512775,54000,54000
d0ac6a9c717798b0d75b01c979eeec758c8911d6,1601.40,63.32,6.362392713,54000,54000
37e399422ce626aa09a6220f0f79d0c45d482a92,1606.24,63.40,6.398332113,54000,54000
563d4d02f718af8238a1970a5b630ae1aaa62cb0,1575.61,62.33,6.263553196,54000,54000
57fdc78192bf30484e28e8ea7bb86c09bcad08b8,1615.52,63.86,6.437281514,54000,54000
924fc3ff6f8793a57172e71abb5f8c433fb1b2ef,1590.59,62.70,6.337863001,54000,54000
0abbb34706e9f3cf1650599eecacaf4779f36506,1604.87,63.35,6.396574180,54000,54000
97846506cf4a3382f7c74e3f42034c7099a0203a,1663.05,65.96,6.632097471,54000,54000
9abeaacc1e74584ad05192ef1ea52bae93793dbc,1617.76,63.79,6.440799598,54000,54000
85c60c479eae1852ee56eb43a09a8d44484f798b,1610.14,63.81,6.405924989,54000,54000
b3eed2970dc7f779af62087896d86529e7b4b439,1586.78,62.62,6.332665538,54000,54000
d64d207a67b59d2fc2b9a65e362cc2ddacd1881e,1615.99,64.02,6.438957471,54000,54000
a13289a1c1a3192e78df65a5df7973df3aebae79,1542.12,60.98,6.161584491,54000,54000
c0c7b08fb2cbcc7c46c32382796bd5b232d8fb71,1599.27,63.64,6.367366795,54000,54000
137f42f0453796b43eda5521595decd0efa9796e,1610.14,63.46,6.417467138,54000,54000
6c05525ed4ba39cfe34843faff87b3d4d540aa4a,1598.35,63.09,6.383768075,54000,54000
3ae1880c7f7e2e362811f2f70c26a04514b7e22e,1621.77,64.13,6.458713338,54000,54000
d64d207a67b59d2fc2b9a65e362cc2ddacd1881e,1650.85,65.30,6.569596871,54000,54000
ee1afe348613305d8ff4f406e31e2ab6b795bfe4,1614.87,63.93,6.442294895,54000,54000
8d6237e004a8661655a9bc5b914a59d1ca87307e,1600.90,62.90,6.385734330,54000,54000
adcea6e43673279f5bc2005e960aa460e14474b9,1598.41,62.87,6.376961332,54000,53000
23262b9e79da43a30d7990e14b36db18a5119fde,1639.21,64.57,6.529516948,54000,54000
8d6237e004a8661655a9bc5b914a59d1ca87307e,1648.87,65.19,6.565921444,54000,54000
61d03bba0c92439d87c9eee52698c7c7824eb096,1615.11,63.58,6.433685850,54000,54000
35ca036d8055172d9fd1ca8d59810c043a0b23ad,1584.49,62.64,6.325678785,54000,54000
563d4d02f718af8238a1970a5b630ae1aaa62cb0,1572.22,62.06,6.264447030,54000,54000
0250a6c1f351d73a200e9b3d98d11eecf143496b,1615.09,63.56,6.435751274,54000,54000
89eddcfa07dab6e0c82abe26889edf22948e01b6,1623.37,63.95,6.469623059,54000,54000
3e3ce93324af169fa3208602e5a58db174aec431,1591.89,62.85,6.347262800,54000,53000
a48218e7a5fae7a02eed0b6b1de03dee80ae2d2b,1614.08,64.01,6.436923566,54000,54000
d64d207a67b59d2fc2b9a65e362cc2ddacd1881e,1628.16,64.30,6.491827212,54000,54000
06b1c03573945c0411a74082805cdc4a643cd2f8,1612.12,63.58,6.428697239,53000,54000
58009d6fa2050ef9b097f6c263cf0bc6ccac5a80,1618.29,64.00,6.441226222,54000,54000
0abbb34706e9f3cf1650599eecacaf4779f36506,1592.28,62.74,6.355732102,54000,54000
563d4d02f718af8238a1970a5b630ae1aaa62cb0,1583.73,62.82,6.292189562,54000,54000
0abbb34706e9f3cf1650599eecacaf4779f36506,1605.08,63.16,6.401262074,54000,54000
1c1e2ba168579de28eacab05cee4ecf1675fb305,1574.90,61.98,6.275367601,54000,54000
3d40e1c1a47c6174fdb63546840b7f8399447d07,1588.82,62.69,6.337901061,54000,54000
8f1499cbdb6e1518a552ef61fa381523015eb672,1582.25,62.44,6.311733905,54000,53000
c029f1e4a959f60dfe432c6a2a806f214a8b35d4,1602.55,63.04,6.387759940,54000,54000
00c5da3543cd814d5f2a93e8e169a2cafa89ad7c,1618.74,63.86,6.438115693,54000,54000
93d23dc02c2ce6359988e5473a21eadc9db681b6,1613.96,63.73,6.421522586,54000,54000
223cf2bf6d2b4216f9229d80add8467ece1601d0,1599.33,63.06,6.367108170,54000,54000
43283a282933ebe9448c132ea5bf259dd3e98e35,1577.91,62.08,6.289098541,54000,54000
78b2e6e65b800c974871221a6f755922860db952,1607.95,63.43,6.388377340,54000,54000
3fffaa84f83bf6880c1350a7482e91bcd88ac4d3,1608.51,63.35,6.410515055,54000,54000
c0c7b08fb2cbcc7c46c32382796bd5b232d8fb71,1603.71,63.00,6.388812378,54000,54000
d6144c2570323625f0600cac9621ef4800073cda,1582.63,62.30,6.300411781,54000,54000
1a93abca1912dbdabdccb86a70a6c82abb672c3a,1617.27,63.94,6.433728984,54000,54000
0a340d82b33dc396eedce4a8daf4faed65fabf67,1603.96,63.21,6.374685969,54000,54000
77e310755bf6cdd737a57941106d6e5113406244,1589.23,62.59,6.327542564,54000,54000
1c64772d769f5723145d560ab6d0c4ce1fd2cb71,1599.20,63.02,6.371794205,54000,54000
018c34577e0d92bf70e5107d65a483730ebe0fcc,1657.83,65.28,6.599945816,54000,54000
85c60c479eae1852ee56eb43a09a8d44484f798b,1611.31,63.23,6.410930842,54000,54000
d7d3193ba5699603f62236f530cfb7eb78a10204,1620.35,63.96,6.451858662,54000,55000
81b3b7e19397de25a60f6b849dd6337dac189df4,1618.21,63.60,6.434828446,54000,54000
c029f1e4a959f60dfe432c6a2a806f214a8b35d4,1631.43,64.09,6.502014610,54000,54000
d002348fd66395413d846f324fcd879e4db2a488,1647.20,64.95,6.562885788,54000,54000
8dabfde4800a0a1c790936976297b539ea6c4946,1608.44,63.30,6.403411048,54000,54000
a4b47328284e293fc0001b08ad081e39c5a15c7a,1604.97,63.73,6.401848824,54000,54000
4c9b1683cb7490653a4b953120d6457a7b60db1c,1594.84,62.86,6.349749763,54000,54000
3b2fe9d7d1bef79facc3073c34b96b226c2afa5e,1608.57,63.29,6.402611210,54000,54000
a13289a1c1a3192e78df65a5df7973df3aebae79,1554.75,61.26,6.191963314,54000,54000
924fc3ff6f8793a57172e71abb5f8c433fb1b2ef,1581.45,62.43,6.292896173,54000,54000
223cf2bf6d2b4216f9229d80add8467ece1601d0,1591.97,62.92,6.349816958,54000,54000
61d03bba0c92439d87c9eee52698c7c7824eb096,1628.71,64.60,6.491046906,54000,54000
190af45cefbc175b2712d5b004b1d25d6199905b,1591.14,62.88,6.350262662,54000,54000
924fc3ff6f8793a57172e71abb5f8c433fb1b2ef,1577.58,62.48,6.282980358,54000,54000
f9726db01e92d591f9d20f2a9696fc4e86594d3c,1582.85,62.55,6.310871883,54000,54000
1c1e2ba168579de28eacab05cee4ecf1675fb305,1577.42,62.57,6.279655961,54000,54000
a13289a1c1a3192e78df65a5df7973df3aebae79,1551.94,61.36,6.198357777,54000,54000
2cb64c57fca2a9ab45a5ac2c10a3bae84d9e0878,1602.31,63.14,6.388809222,54000,53000
223cf2bf6d2b4216f9229d80add8467ece1601d0,1613.81,63.56,6.434911752,53000,54000
d716b393837f3205ae4cd4ea3db395d65a39fb79,1622.98,63.84,6.471078673,53000,54000
7da58ad1f656c82883ec7a160ffbabbf055f63b3,1628.09,64.20,6.475155462,54000,54000
3fffaa84f83bf6880c1350a7482e91bcd88ac4d3,1603.55,63.04,6.385451637,54000,54000
85c60c479eae1852ee56eb43a09a8d44484f798b,1614.63,63.71,6.420681874,54000,54000
e5f1fcdb481933c1a19441261dcf033906147f78,1621.01,63.75,6.459748081,53000,54000
2f814eafcf7c303aa5b1ff141f52a5265d26defe,1592.23,62.93,6.347455008,54000,54000
b6866d8d9aeaff22a7f28f289ab644e9681d46cd,1627.33,64.25,6.477848671,54000,54000
06b1c03573945c0411a74082805cdc4a643cd2f8,1585.08,62.78,6.316663733,53000,54000
d002348fd66395413d846f324fcd879e4db2a488,1611.44,63.63,6.417178979,54000,54000
4c9b1683cb7490653a4b953120d6457a7b60db1c,1579.72,62.17,6.296119414,54000,54000
b590dfa14981eb31dd6148d4e03cd3eb515cefb7,1633.86,64.43,6.511442132,54000,54000
0d58c5978ebdc50c4cd72d9a39dba9ecbafbad11,1637.86,64.94,6.520638338,54000,53000
d002348fd66395413d846f324fcd879e4db2a488,1609.25,63.56,6.410833049,54000,54000
af8b93548b9d425b248dba38d0493a4b69dedd7f,1634.72,64.69,6.506807515,54000,54000
8dabfde4800a0a1c790936976297b539ea6c4946,1625.80,64.36,6.469326327,53000,54000
f909956b4921f6f95f613dac2b39f411387a740d,1627.13,64.23,6.472538666,54000,54000
f1cb24e35449a41df1815be15223606ce6fcd24d,1629.27,63.96,6.493398988,54000,54000
c3973e16d7fcd3606fd3b73fa2b4a7d35d047aa7,1595.71,63.06,6.355067720,54000,54000
b6866d8d9aeaff22a7f28f289ab644e9681d46cd,1616.62,63.65,6.438206026,54000,53000
8f1499cbdb6e1518a552ef61fa381523015eb672,1593.46,63.00,6.343662400,54000,54000
23262b9e79da43a30d7990e14b36db18a5119fde,1619.13,64.18,6.441579637,54000,52000
190af45cefbc175b2712d5b004b1d25d6199905b,1603.19,63.35,6.392390519,54000,54000
2cb64c57fca2a9ab45a5ac2c10a3bae84d9e0878,1596.33,63.08,6.361159086,54000,54000
4bd7e381d1f9be5160f8ef53a907d2d1e8f8b095,1602.44,63.28,6.386115515,53000,54000
85c60c479eae1852ee56eb43a09a8d44484f798b,1606.72,63.72,6.387361125,54000,54000
a38da1662b26a479483a43fe0dc9e05b466bd607,1617.51,63.76,6.443176528,54000,54000
00c5da3543cd814d5f2a93e8e169a2cafa89ad7c,1617.59,64.08,6.438964883,54000,54000
e5f1fcdb481933c1a19441261dcf033906147f78,1617.09,63.56,6.443538606,54000,54000
25c446b757986f0ed4641d9ee8afab6f99af579a,1621.83,64.09,6.455821325,54000,54000
c3973e16d7fcd3606fd3b73fa2b4a7d35d047aa7,1597.17,63.17,6.365497314,53000,54000
f0f11f7aa18ca1a081e89dfc6ed30302cc7af8f3,1543.19,60.80,6.159434511,54000,54000
880fd60d9c7c9b9d5a5b77c7b93b5f4d73d01a67,1600.95,63.18,6.366301306,53000,53000
1c64772d769f5723145d560ab6d0c4ce1fd2cb71,1616.23,63.95,6.446469278,54000,54000
b6866d8d9aeaff22a7f28f289ab644e9681d46cd,1615.67,63.84,6.423321827,54000,54000
0abbb34706e9f3cf1650599eecacaf4779f36506,1607.07,63.06,6.407241035,53000,54000
11d25fd70769de912a45bc6ae796da0cdad607e1,1527.27,60.17,6.082984306,54000,55000
2cb64c57fca2a9ab45a5ac2c10a3bae84d9e0878,1599.45,62.95,6.368686807,54000,54000
223cf2bf6d2b4216f9229d80add8467ece1601d0,1596.52,62.99,6.370383444,55000,54000
89eddcfa07dab6e0c82abe26889edf22948e01b6,1626.40,64.22,6.478387588,54000,54000
5adb994a73919c4ee0749020c80f0f0280aa48f8,1595.60,62.90,6.350021635,54000,54000
ba3392726bb2246a2fc75cf2774bc7c1911c21d1,1588.95,62.75,6.335034254,54000,54000
57fdc78192bf30484e28e8ea7bb86c09bcad08b8,1624.75,64.22,6.463329727,54000,54000
ba3392726bb2246a2fc75cf2774bc7c1911c21d1,1588.63,62.82,6.338387980,54000,54000
3d40e1c1a47c6174fdb63546840b7f8399447d07,1590.86,62.49,6.348253554,54000,54000
78b2e6e65b800c974871221a6f755922860db952,1600.39,63.46,6.371419581,54000,54000
6c05525ed4ba39cfe34843faff87b3d4d540aa4a,1585.41,62.72,6.323330541,54000,54000
018c34577e0d92bf70e5107d65a483730ebe0fcc,1630.77,64.55,6.487839138,54000,54000
93d23dc02c2ce6359988e5473a21eadc9db681b6,1620.49,64.11,6.461146197,55000,54000
68eed73c021c49e08c88793264dfa3b044491623,1604.23,63.54,6.387713384,54000,54000
16aa9d67f3da02c2dd649627b023625160d1a89a,1614.61,63.87,6.453082219,54000,54000
190af45cefbc175b2712d5b004b1d25d6199905b,1579.08,62.92,6.285072331,54000,54000
93d23dc02c2ce6359988e5473a21eadc9db681b6,1624.69,64.29,6.466338897,54000,54000
4c9b1683cb7490653a4b953120d6457a7b60db1c,1591.68,63.23,6.344408721,54000,54000
fe8cf9bcad9b9aab8adb042fab439b757f551809,1622.66,64.15,6.470595890,53000,54000
223cf2bf6d2b4216f9229d80add8467ece1601d0,1586.22,62.63,6.324453553,54000,54000
89eddcfa07dab6e0c82abe26889edf22948e01b6,1633.32,64.80,6.505564267,54000,54000
e487ed5d0dae9544d476a28ca0bcc7b35c7fe5ef,1600.51,63.56,6.385498672,54000,54000
68eed73c021c49e08c88793264dfa3b044491623,1603.34,63.63,6.396470837,54000,54000
4bd7e381d1f9be5160f8ef53a907d2d1e8f8b095,1593.31,62.96,6.363475219,54000,54000
fe8cf9bcad9b9aab8adb042fab439b757f551809,1587.96,62.59,6.355621051,54000,54000
77e310755bf6cdd737a57941106d6e5113406244,1607.91,63.88,6.401929026,54000,54000
090c7d803f9c5b19312d70ac5f3b4d0a591caa49,1573.64,62.21,6.282598318,54000,54000
81b3b7e19397de25a60f6b849dd6337dac189df4,1618.65,64.09,6.456250659,54000,54000
43283a282933ebe9448c132ea5bf259dd3e98e35,1582.24,62.64,6.312811068,53000,54000
e9a50051a181e80022e775c5ef43222296a22f60,1637.35,64.97,6.523842793,54000,54000
fe7fd33b74b923f25c768e166367b98d7bb516e9,1576.67,62.31,6.284812791,54000,54000
0abbb34706e9f3cf1650599eecacaf4779f36506,1614.80,63.90,6.441370450,54000,54000
3e246cdcb1de48b948dbfb1bcedce82479d75484,1658.37,65.88,6.587162024,53000,53000
fe8cf9bcad9b9aab8adb042fab439b757f551809,1611.65,63.31,6.429368887,54000,54000
4c9b1683cb7490653a4b953120d6457a7b60db1c,1580.21,62.37,6.311557148,54000,54000
f909956b4921f6f95f613dac2b39f411387a740d,1614.87,63.77,6.431944457,54000,54000
25c446b757986f0ed4641d9ee8afab6f99af579a,1626.11,64.57,6.477389933,54000,53000
43283a282933ebe9448c132ea5bf259dd3e98e35,1594.45,62.80,6.369641538,53000,54000
25c446b757986f0ed4641d9ee8afab6f99af579a,1633.16,64.51,6.515438724,53000,54000
53cd9ff9f6030d908c158be646f62a99137b09e1,1614.95,63.85,6.448209574,54000,54000
16aa9d67f3da02c2dd649627b023625160d1a89a,1610.70,63.81,6.420942963,54000,54000
a48218e7a5fae7a02eed0b6b1de03dee80ae2d2b,1622.67,64.30,6.465123719,54000,54000
620ab41ec5506c170bc51e5d002428451f1819f7,1621.31,64.14,6.466355824,54000,53000
fe8cf9bcad9b9aab8adb042fab439b757f551809,1624.21,63.96,6.488027363,54000,54000
35ca036d8055172d9fd1ca8d59810c043a0b23ad,1599.25,62.97,6.383365947,53000,54000
b4a874596bdbd80ff1f995a3623bf957ef7b0ddf,1594.35,63.18,6.353660390,54000,54000
090c7d803f9c5b19312d70ac5f3b4d0a591caa49,1578.90,62.43,6.284721894,54000,54000
1c64772d769f5723145d560ab6d0c4ce1fd2cb71,1599.71,63.24,6.374057850,53000,54000
16aa9d67f3da02c2dd649627b023625160d1a89a,1621.29,64.24,6.436172658,54000,54000
af04dbaea75ebabd1a701c7e5df848e3c6468737,1631.79,64.24,6.506563586,54000,54000
16aa9d67f3da02c2dd649627b023625160d1a89a,1633.55,64.40,6.515713603,54000,54000
190af45cefbc175b2712d5b004b1d25d6199905b,1568.51,61.82,6.243735092,54000,54000
35ca036d8055172d9fd1ca8d59810c043a0b23ad,1618.44,63.59,6.452939443,54000,54000
b4a874596bdbd80ff1f995a3623bf957ef7b0ddf,1607.68,63.66,6.405754961,52000,54000
a13289a1c1a3192e78df65a5df7973df3aebae79,1543.28,60.91,6.154406036,54000,54000
16aa9d67f3da02c2dd649627b023625160d1a89a,1619.28,64.08,6.446781834,54000,54000
b3eed2970dc7f779af62087896d86529e7b4b439,1590.96,62.93,6.332214340,54000,53000
53cd9ff9f6030d908c158be646f62a99137b09e1,1628.93,64.31,6.487439236,53000,54000
4bd7e381d1f9be5160f8ef53a907d2d1e8f8b095,1608.25,63.49,6.405006826,53000,54000
3e3ce93324af169fa3208602e5a58db174aec431,1594.53,62.91,6.348762495,54000,54000
6c05525ed4ba39cfe34843faff87b3d4d540aa4a,1588.01,62.35,6.331725800,54000,54000
25c446b757986f0ed4641d9ee8afab6f99af579a,1615.92,63.77,6.428129187,54000,54000
a13289a1c1a3192e78df65a5df7973df3aebae79,1526.36,60.19,6.092349303,54000,54000
d6144c2570323625f0600cac9621ef4800073cda,1603.84,63.27,6.378418134,54000,54000
924fc3ff6f8793a57172e71abb5f8c433fb1b2ef,1619.96,63.95,6.456887559,53000,54000
97846506cf4a3382f7c74e3f42034c7099a0203a,1618.65,63.98,6.438549219,54000,54000
ba3392726bb2246a2fc75cf2774bc7c1911c21d1,1601.93,63.21,6.385562845,54000,54000
500d1cb979ea3c45b67dd059e06629f2dc21ea7c,1642.14,64.64,6.534372142,54000,54000
d7d3193ba5699603f62236f530cfb7eb78a10204,1639.27,64.84,6.523842238,54000,55000
500d1cb979ea3c45b67dd059e06629f2dc21ea7c,1616.94,63.77,6.427987971,54000,54000
4cd64e70d48f5ef587ded1f6eb663a6c3a4fc90c,1593.51,63.19,6.343728866,54000,54000
f1cb24e35449a41df1815be15223606ce6fcd24d,1616.97,63.63,6.444268016,53000,54000
adcea6e43673279f5bc2005e960aa460e14474b9,1571.90,62.23,6.262660410,54000,54000
a38da1662b26a479483a43fe0dc9e05b466bd607,1598.74,63.17,6.367324944,54000,54000
78b2e6e65b800c974871221a6f755922860db952,1609.89,63.71,6.402938723,54000,54000
0a340d82b33dc396eedce4a8daf4faed65fabf67,1593.51,63.30,6.345756609,55000,54000
8f1499cbdb6e1518a552ef61fa381523015eb672,1603.27,63.21,6.411100576,54000,54000
91160707bb4224f024fab4bba4abb8788dd5a8a4,1627.76,64.46,6.483899775,54000,54000
7622713cbee75d2640fc5ec34355101069fc8c87,1636.98,64.64,6.508765063,54000,54000
2cb64c57fca2a9ab45a5ac2c10a3bae84d9e0878,1609.25,63.44,6.415081686,54000,54000
0250a6c1f351d73a200e9b3d98d11eecf143496b,1628.09,64.65,6.480495385,54000,54000
ee1afe348613305d8ff4f406e31e2ab6b795bfe4,1613.51,63.73,6.432949455,54000,54000
500d1cb979ea3c45b67dd059e06629f2dc21ea7c,1621.11,63.98,6.455577577,54000,54000
93d23dc02c2ce6359988e5473a21eadc9db681b6,1612.59,63.89,6.420176565,54000,54000
37e399422ce626aa09a6220f0f79d0c45d482a92,1584.37,62.73,6.314912671,54000,53000
93d23dc02c2ce6359988e5473a21eadc9db681b6,1615.98,63.84,6.436697629,54000,54000
3fffaa84f83bf6880c1350a7482e91bcd88ac4d3,1604.54,63.59,6.392981719,54000,54000
0d58c5978ebdc50c4cd72d9a39dba9ecbafbad11,1608.34,63.45,6.417229134,54000,53000
a38da1662b26a479483a43fe0dc9e05b466bd607,1614.77,63.90,6.419673268,53000,54000
81b3b7e19397de25a60f6b849dd6337dac189df4,1624.55,64.48,6.466761301,54000,54000
924fc3ff6f8793a57172e71abb5f8c433fb1b2ef,1574.08,62.28,6.277423533,54000,54000
8f1499cbdb6e1518a552ef61fa381523015eb672,1617.63,63.85,6.447271466,54000,54000
00c5da3543cd814d5f2a93e8e169a2cafa89ad7c,1615.31,64.07,6.438161933,54000,54000
c3973e16d7fcd3606fd3b73fa2b4a7d35d047aa7,1588.79,62.96,6.323108973,54000,54000
68eed73c021c49e08c88793264dfa3b044491623,1620.63,64.10,6.462798450,54000,54000
137f42f0453796b43eda5521595decd0efa9796e,1619.59,64.09,6.459598175,54000,54000
58009d6fa2050ef9b097f6c263cf0bc6ccac5a80,1661.56,65.66,6.625594197,54000,54000
0d58c5978ebdc50c4cd72d9a39dba9ecbafbad11,1617.20,63.86,6.441814374,55000,54000
c0c7b08fb2cbcc7c46c32382796bd5b232d8fb71,1595.70,63.24,6.355112689,54000,54000
3b2fe9d7d1bef79facc3073c34b96b226c2afa5e,1634.39,64.83,6.505327655,54000,54000
1c64772d769f5723145d560ab6d0c4ce1fd2cb71,1595.00,62.92,6.366188915,54000,54000
d0ac6a9c717798b0d75b01c979eeec758c8911d6,1616.27,63.82,6.431682708,54000,54000
b590dfa14981eb31dd6148d4e03cd3eb515cefb7,1632.79,64.49,6.507202241,54000,55000
b6866d8d9aeaff22a7f28f289ab644e9681d46cd,1615.87,63.79,6.434217802,54000,54000
3fffaa84f83bf6880c1350a7482e91bcd88ac4d3,1594.67,62.93,6.343350756,55000,54000
3d40e1c1a47c6174fdb63546840b7f8399447d07,1597.45,63.06,6.378831253,54000,55000
d70285b49748f4fc018a71a49e837360c79a6d63,1593.00,62.90,6.345588004,54000,54000
223cf2bf6d2b4216f9229d80add8467ece1601d0,1583.51,62.15,6.318561417,54000,54000
2cb64c57fca2a9ab45a5ac2c10a3bae84d9e0878,1610.88,63.33,6.410801828,54000,54000
1c1e2ba168579de28eacab05cee4ecf1675fb305,1585.42,62.39,6.307838945,54000,54000
a48218e7a5fae7a02eed0b6b1de03dee80ae2d2b,1617.39,63.81,6.435814708,54000,54000
78b2e6e65b800c974871221a6f755922860db952,1640.91,64.61,6.529083946,54000,54000
77e310755bf6cdd737a57941106d6e5113406244,1604.74,63.36,6.388993045,54000,54000
880fd60d9c7c9b9d5a5b77c7b93b5f4d73d01a67,1608.50,63.27,6.411368349,54000,54000
c352cb002070b7104872d651cac7f145e7cce543,1584.58,62.22,6.314083891,54000,54000
c352cb002070b7104872d651cac7f145e7cce543,1602.46,63.16,6.386672597,54000,54000
b3eed2970dc7f779af62087896d86529e7b4b439,1588.65,62.30,6.340326551,53000,54000
9abeaacc1e74584ad05192ef1ea52bae93793dbc,1605.65,63.34,6.384270246,54000,54000
a4b47328284e293fc0001b08ad081e39c5a15c7a,1600.40,63.22,6.370017124,54000,54000
3fffaa84f83bf6880c1350a7482e91bcd88ac4d3,1585.07,62.26,6.316455650,54000,54000
8f1499cbdb6e1518a552ef61fa381523015eb672,1584.58,62.44,6.317609608,54000,54000
25c446b757986f0ed4641d9ee8afab6f99af579a,1635.12,64.55,6.518644370,54000,53000
3d40e1c1a47c6174fdb63546840b7f8399447d07,1587.87,62.36,6.328256535,54000,53000
3e3ce93324af169fa3208602e5a58db174aec431,1581.66,62.39,6.303112708,54000,54000
d70285b49748f4fc018a71a49e837360c79a6d63,1590.86,62.61,6.336364964,54000,54000
d70285b49748f4fc018a71a49e837360c79a6d63,1584.34,62.76,6.306584433,54000,54000
e9a50051a181e80022e775c5ef43222296a22f60,1613.12,63.93,6.414882025,54000,54000
c352cb002070b7104872d651cac7f145e7cce543,1591.46,62.86,6.351485555,54000,54000
4782302a89bb2b7511bd0878fa923f404c3c3b99,1608.34,63.57,6.411147474,53000,54000
fe7fd33b74b923f25c768e166367b98d7bb516e9,1586.09,62.52,6.319472963,54000,54000
1a93abca1912dbdabdccb86a70a6c82abb672c3a,1624.36,64.15,6.468276298,54000,54000
e2b1d8bc16e430c1823d37034d9eca6d2f65d6d7,1613.57,64.01,6.441210854,54000,53000
af8b93548b9d425b248dba38d0493a4b69dedd7f,1657.27,65.54,6.608818009,54000,54000
8d6237e004a8661655a9bc5b914a59d1ca87307e,1627.06,64.39,6.484670112,54000,54000
68eed73c021c49e08c88793264dfa3b044491623,1603.61,63.67,6.398084174,54000,54000
e2b1d8bc16e430c1823d37034d9eca6d2f65d6d7,1591.55,63.08,6.344745957,54000,54000
4bd7e381d1f9be5160f8ef53a907d2d1e8f8b095,1587.58,62.55,6.334735959,54000,54000
190af45cefbc175b2712d5b004b1d25d6199905b,1583.79,62.83,6.304932648,54000,54000
8d6237e004a8661655a9bc5b914a59d1ca87307e,1640.98,64.76,6.544037353,54000,54000
e2b1d8bc16e430c1823d37034d9eca6d2f65d6d7,1645.40,65.33,6.567903856,54000,53000
5adb994a73919c4ee0749020c80f0f0280aa48f8,1612.99,63.93,6.432799618,54000,54000
b3eed2970dc7f779af62087896d86529e7b4b439,1608.76,63.72,6.406966496,54000,54000
86d657fc3107fa62be5890178586188be6e1dd01,1626.05,64.11,6.481616083,54000,53000
5adb994a73919c4ee0749020c80f0f0280aa48f8,1592.55,63.11,6.356761342,53000,54000
8d6237e004a8661655a9bc5b914a59d1ca87307e,1628.01,64.61,6.481051873,54000,54000
1c64772d769f5723145d560ab6d0c4ce1fd2cb71,1586.34,62.82,6.331204244,53000,54000
8d6237e004a8661655a9bc5b914a59d1ca87307e,1622.62,64.52,6.483726467,54000,53000
7da58ad1f656c82883ec7a160ffbabbf055f63b3,1630.31,64.60,6.500483932,54000,53000
d70285b49748f4fc018a71a49e837360c79a6d63,1624.76,64.30,6.474364386,54000,54000
93d23dc02c2ce6359988e5473a21eadc9db681b6,1617.86,63.95,6.447626904,54000,54000
fe8cf9bcad9b9aab8adb042fab439b757f551809,1630.58,64.68,6.493928394,54000,54000
d002348fd66395413d846f324fcd879e4db2a488,1645.31,65.19,6.557674069,54000,54000
4bd7e381d1f9be5160f8ef53a907d2d1e8f8b095,1608.61,63.44,6.418291978,54000,53000
563d4d02f718af8238a1970a5b630ae1aaa62cb0,1617.11,64.08,6.453431157,54000,54000
7622713cbee75d2640fc5ec34355101069fc8c87,1633.58,64.79,6.498148897,54000,54000
3d40e1c1a47c6174fdb63546840b7f8399447d07,1615.50,63.80,6.467347377,54000,54000
d716b393837f3205ae4cd4ea3db395d65a39fb79,1608.37,63.71,6.417182388,54000,54000
68eed73c021c49e08c88793264dfa3b044491623,1644.97,65.17,6.568954334,54000,54000
d7d3193ba5699603f62236f530cfb7eb78a10204,1641.90,64.71,6.545936357,54000,54000
ba3392726bb2246a2fc75cf2774bc7c1911c21d1,1607.95,63.66,6.409412241,54000,54000
35ca036d8055172d9fd1ca8d59810c043a0b23ad,1579.13,62.14,6.296450379,54000,54000
d716b393837f3205ae4cd4ea3db395d65a39fb79,1595.99,62.75,6.359618348,54000,54000
11d25fd70769de912a45bc6ae796da0cdad607e1,1545.92,61.26,6.164183574,54000,54000
e5f1fcdb481933c1a19441261dcf033906147f78,1606.06,63.42,6.404401993,54000,54000
3ae1880c7f7e2e362811f2f70c26a04514b7e22e,1631.21,64.42,6.485146804,54000,54000
d64d207a67b59d2fc2b9a65e362cc2ddacd1881e,1652.76,65.60,6.570107672,54000,54000
3e3ce93324af169fa3208602e5a58db174aec431,1605.65,63.40,6.388814645,54000,54000
190af45cefbc175b2712d5b004b1d25d6199905b,1596.47,63.32,6.351036814,54000,54000
d0ac6a9c717798b0d75b01c979eeec758c8911d6,1600.77,63.27,6.368679549,54000,54000
7da58ad1f656c82883ec7a160ffbabbf055f63b3,1614.05,63.52,6.435761396,54000,54000
b6866d8d9aeaff22a7f28f289ab644e9681d46cd,1635.65,64.56,6.519815426,55000,54000
f0f11f7aa18ca1a081e89dfc6ed30302cc7af8f3,1549.98,61.03,6.185632255,54000,54000
b590dfa14981eb31dd6148d4e03cd3eb515cefb7,1627.31,64.02,6.493419642,54000,54000
93d23dc02c2ce6359988e5473a21eadc9db681b6,1601.27,63.17,6.377065186,54000,54000
16aa9d67f3da02c2dd649627b023625160d1a89a,1620.17,64.13,6.446837046,54000,54000
d70285b49748f4fc018a71a49e837360c79a6d63,1598.81,63.01,6.364151822,55000,54000
85c60c479eae1852ee56eb43a09a8d44484f798b,1624.66,64.39,6.459611604,54000,54000
53cd9ff9f6030d908c158be646f62a99137b09e1,1639.70,64.86,6.526017059,54000,54000
d0ac6a9c717798b0d75b01c979eeec758c8911d6,1568.66,62.09,6.254960847,54000,54000
880fd60d9c7c9b9d5a5b77c7b93b5f4d73d01a67,1619.29,64.09,6.452772561,54000,54000
2cb64c57fca2a9ab45a5ac2c10a3bae84d9e0878,1607.93,63.27,6.413037171,54000,54000
58009d6fa2050ef9b097f6c263cf0bc6ccac5a80,1640.86,64.53,6.540081397,54000,54000
35ca036d8055172d9fd1ca8d59810c043a0b23ad,1583.08,62.59,6.322917278,54000,54000
adcea6e43673279f5bc2005e960aa460e14474b9,1591.19,62.62,6.341466785,54000,55000
d0ac6a9c717798b0d75b01c979eeec758c8911d6,1596.53,63.25,6.364217495,54000,54000
6c05525ed4ba39cfe34843faff87b3d4d540aa4a,1599.09,63.33,6.375437229,54000,54000
86d657fc3107fa62be5890178586188be6e1dd01,1623.13,63.89,6.470408226,54000,54000
f9726db01e92d591f9d20f2a9696fc4e86594d3c,1571.58,62.01,6.261024505,54000,54000
0a340d82b33dc396eedce4a8daf4faed65fabf67,1622.06,64.34,6.463342406,54000,54000
4bd7e381d1f9be5160f8ef53a907d2d1e8f8b095,1606.68,63.48,6.416038509,54000,54000
97846506cf4a3382f7c74e3f42034c7099a0203a,1629.10,64.41,6.484504178,54000,54000
a4b47328284e293fc0001b08ad081e39c5a15c7a,1603.61,63.62,6.394613699,54000,54000
adcea6e43673279f5bc2005e960aa460e14474b9,1581.78,62.41,6.314205806,55000,54000
af8b93548b9d425b248dba38d0493a4b69dedd7f,1614.74,63.93,6.436551990,54000,54000
58009d6fa2050ef9b097f6c263cf0bc6ccac5a80,1614.02,64.13,6.432615782,54000,54000
3e3ce93324af169fa3208602e5a58db174aec431,1595.24,63.17,6.372325593,55000,54000
c029f1e4a959f60dfe432c6a2a806f214a8b35d4,1608.55,63.70,6.418706143,54000,54000
2cb64c57fca2a9ab45a5ac2c10a3bae84d9e0878,1599.15,63.04,6.366838634,54000,54000
35ca036d8055172d9fd1ca8d59810c043a0b23ad,1595.64,63.17,6.365973620,54000,54000
4cd64e70d48f5ef587ded1f6eb663a6c3a4fc90c,1618.17,64.04,6.454971582,54000,55000
93d23dc02c2ce6359988e5473a21eadc9db681b6,1619.14,64.12,6.467692209,54000,54000
78b2e6e65b800c974871221a6f755922860db952,1599.50,63.18,6.366993486,54000,54000
0d58c5978ebdc50c4cd72d9a39dba9ecbafbad11,1614.82,63.97,6.453503842,54000,54000
d0ac6a9c717798b0d75b01c979eeec758c8911d6,1606.41,63.77,6.398204771,54000,54000
6c05525ed4ba39cfe34843faff87b3d4d540aa4a,1593.99,62.92,6.361572267,54000,54000
68eed73c021c49e08c88793264dfa3b044491623,1620.95,64.00,6.467909454,55000,54000
ee1afe348613305d8ff4f406e31e2ab6b795bfe4,1627.83,64.29,6.486570603,54000,54000
620ab41ec5506c170bc51e5d002428451f1819f7,1632.51,64.54,6.515990556,54000,54000
58009d6fa2050ef9b097f6c263cf0bc6ccac5a80,1619.98,64.09,6.477672373,54000,54000
adcea6e43673279f5bc2005e960aa460e14474b9,1576.46,62.35,6.294378871,54000,54000
3ae1880c7f7e2e362811f2f70c26a04514b7e22e,1647.91,65.13,6.566960961,54000,54000
880fd60d9c7c9b9d5a5b77c7b93b5f4d73d01a67,1633.32,64.86,6.518879571,54000,54000
53cd9ff9f6030d908c158be646f62a99137b09e1,1622.65,64.30,6.466617787,54000,54000
3fffaa84f83bf6880c1350a7482e91bcd88ac4d3,1586.21,62.63,6.326434272,54000,54000
880fd60d9c7c9b9d5a5b77c7b93b5f4d73d01a67,1604.33,63.59,6.404963031,54000,54000
ba3392726bb2246a2fc75cf2774bc7c1911c21d1,1571.65,62.06,6.278635683,54000,54000
620ab41ec5506c170bc51e5d002428451f1819f7,1617.11,63.87,6.457626798,54000,54000
b4a874596bdbd80ff1f995a3623bf957ef7b0ddf,1574.72,62.22,6.294819548,54000,54000
af8b93548b9d425b248dba38d0493a4b69dedd7f,1659.83,65.90,6.617315960,54000,54000
25c446b757986f0ed4641d9ee8afab6f99af579a,1622.29,64.00,6.465612772,54000,54000
f9726db01e92d591f9d20f2a9696fc4e86594d3c,1590.27,62.65,6.348681512,54000,54000
d64d207a67b59d2fc2b9a65e362cc2ddacd1881e,1621.98,64.22,6.457525096,54000,54000
57fdc78192bf30484e28e8ea7bb86c09bcad08b8,1608.63,63.44,6.401750002,54000,54000
e9a50051a181e80022e775c5ef43222296a22f60,1632.13,64.59,6.508462046,54000,54000
b3eed2970dc7f779af62087896d86529e7b4b439,1596.50,63.08,6.373469454,54000,53000
f9726db01e92d591f9d20f2a9696fc4e86594d3c,1573.77,62.11,6.276905853,54000,54000
00c5da3543cd814d5f2a93e8e169a2cafa89ad7c,1624.54,64.29,6.471944139,54000,54000
35ca036d8055172d9fd1ca8d59810c043a0b23ad,1606.86,63.51,6.409302242,54000,54000
c3973e16d7fcd3606fd3b73fa2b4a7d35d047aa7,1597.80,63.28,6.374073168,54000,54000
a13289a1c1a3192e78df65a5df7973df3aebae79,1525.34,60.22,6.077230673,54000,54000
a7a7fed881a41ceff2f1f9c464f88df0680daf9d,1589.41,62.92,6.330473184,54000,54000
ee1afe348613305d8ff4f406e31e2ab6b795bfe4,1625.09,64.24,6.466229906,54000,54000
2f814eafcf7c303aa5b1ff141f52a5265d26defe,1608.46,63.46,6.403833680,54000,54000
06b1c03573945c0411a74082805cdc4a643cd2f8,1634.87,64.89,6.504254687,54000,53000
4cd64e70d48f5ef587ded1f6eb663a6c3a4fc90c,1609.96,63.60,6.412204305,54000,54000
71a91e0d7bfd5768985dbae28c1ff5bd9a093ba2,1633.90,64.51,6.496221743,54000,54000
fe7fd33b74b923f25c768e166367b98d7bb516e9,1583.51,62.42,6.304474613,54000,54000
a48218e7a5fae7a02eed0b6b1de03dee80ae2d2b,1636.27,64.87,6.494991760,54000,53000
3fffaa84f83bf6880c1350a7482e91bcd88ac4d3,1621.21,64.35,6.455988271,54000,54000
81b3b7e19397de25a60f6b849dd6337dac189df4,1644.19,65.33,6.539859157,54000,54000
86d657fc3107fa62be5890178586188be6e1dd01,1616.20,63.63,6.434240141,54000,54000
ba3392726bb2246a2fc75cf2774bc7c1911c21d1,1596.86,63.27,6.369631357,54000,54000
25c446b757986f0ed4641d9ee8afab6f99af579a,1616.15,63.69,6.441593394,54000,54000
06b1c03573945c0411a74082805cdc4a643cd2f8,1612.41,63.67,6.421587685,54000,54000
6c05525ed4ba39cfe34843faff87b3d4d540aa4a,1595.68,62.89,6.367039293,54000,54000
e2b1d8bc16e430c1823d37034d9eca6d2f65d6d7,1618.79,64.10,6.447038541,54000,54000
c80f3ecaf660422ef0f3c7eda724f86beddbd09b,1629.90,64.39,6.482062612,54000,54000
0a340d82b33dc396eedce4a8daf4faed65fabf67,1603.59,63.42,6.383959689,54000,54000
fe8cf9bcad9b9aab8adb042fab439b757f551809,1652.60,65.18,6.582172392,54000,54000
81b3b7e19397de25a60f6b849dd6337dac189df4,1626.98,64.39,6.486204730,54000,54000
1a93abca1912dbdabdccb86a70a6c82abb672c3a,1624.70,64.34,6.474055973,54000,54000
25c446b757986f0ed4641d9ee8afab6f99af579a,1619.17,63.94,6.454850908,54000,54000
ba3392726bb2246a2fc75cf2774bc7c1911c21d1,1622.35,64.10,6.463140577,54000,54000
91160707bb4224f024fab4bba4abb8788dd5a8a4,1615.70,63.76,6.431401338,54000,54000
4bd7e381d1f9be5160f8ef53a907d2d1e8f8b095,1599.69,62.73,6.387071402,54000,54000
93d23dc02c2ce6359988e5473a21eadc9db681b6,1611.63,63.53,6.429592810,54000,54000
53cd9ff9f6030d908c158be646f62a99137b09e1,1662.79,66.07,6.627325289,54000,52000
4782302a89bb2b7511bd0878fa923f404c3c3b99,1624.67,64.32,6.469526254,54000,54000
8dabfde4800a0a1c790936976297b539ea6c4946,1618.31,63.89,6.447407762,54000,54000
3e246cdcb1de48b948dbfb1bcedce82479d75484,1648.71,65.25,6.556137182,53000,54000
e2b1d8bc16e430c1823d37034d9eca6d2f65d6d7,1607.38,63.77,6.407921503,53000,54000
37e399422ce626aa09a6220f0f79d0c45d482a92,1575.64,61.98,6.284165360,54000,54000
0250a6c1f351d73a200e9b3d98d11eecf143496b,1627.40,64.47,6.477441616,54000,52000
a48218e7a5fae7a02eed0b6b1de03dee80ae2d2b,1636.99,64.99,6.507276430,54000,54000
af04dbaea75ebabd1a701c7e5df848e3c6468737,1639.24,64.82,6.537586407,53000,54000
a7a7fed881a41ceff2f1f9c464f88df0680daf9d,1581.97,62.45,6.301973113,53000,54000
500d1cb979ea3c45b67dd059e06629f2dc21ea7c,1636.78,64.84,6.501491161,54000,54000
adcea6e43673279f5bc2005e960aa460e14474b9,1585.06,62.84,6.316389940,54000,53000
a38da1662b26a479483a43fe0dc9e05b466bd607,1617.11,64.12,6.440387447,54000,54000
5adb994a73919c4ee0749020c80f0f0280aa48f8,1571.37,62.38,6.263625836,54000,54000
8d6237e004a8661655a9bc5b914a59d1ca87307e,1632.55,64.75,6.496831178,54000,54000
35ca036d8055172d9fd1ca8d59810c043a0b23ad,1596.53,63.23,6.365626764,54000,54000
0abbb34706e9f3cf1650599eecacaf4779f36506,1593.00,62.91,6.344631365,55000,54000
b590dfa14981eb31dd6148d4e03cd3eb515cefb7,1607.00,63.46,6.399809452,54000,54000
61d03bba0c92439d87c9eee52698c7c7824eb096,1604.35,63.27,6.390322390,54000,54000
3ae1880c7f7e2e362811f2f70c26a04514b7e22e,1628.59,64.49,6.479060798,54000,54000
e5f1fcdb481933c1a19441261dcf033906147f78,1582.99,62.45,6.309750749,53000,54000
d7d3193ba5699603f62236f530cfb7eb78a10204,1634.58,64.83,6.511039913,54000,54000
1a93abca1912dbdabdccb86a70a6c82abb672c3a,1637.82,64.70,6.515527147,54000,54000
9abeaacc1e74584ad05192ef1ea52bae93793dbc,1635.33,64.74,6.497898315,54000,54000
c0c7b08fb2cbcc7c46c32382796bd5b232d8fb71,1598.39,63.50,6.358326995,54000,54000
3b2fe9d7d1bef79facc3073c34b96b226c2afa5e,1630.39,64.52,6.489467302,54000,54000
91160707bb4224f024fab4bba4abb8788dd5a8a4,1636.12,64.78,6.502648686,54000,54000
35ca036d8055172d9fd1ca8d59810c043a0b23ad,1603.05,63.22,6.410591557,54000,55000
4782302a89bb2b7511bd0878fa923f404c3c3b99,1605.31,63.66,6.384670169,55000,54000
b4a874596bdbd80ff1f995a3623bf957ef7b0ddf,1603.06,63.54,6.388876480,54000,53000
4bd7e381d1f9be5160f8ef53a907d2d1e8f8b095,1596.80,63.21,6.360490011,54000,54000
16aa9d67f3da02c2dd649627b023625160d1a89a,1621.77,64.37,6.443531600,54000,54000
f909956b4921f6f95f613dac2b39f411387a740d,1634.96,64.76,6.500229607,54000,53000
8f1499cbdb6e1518a552ef61fa381523015eb672,1598.80,63.06,6.352007185,54000,54000
563d4d02f718af8238a1970a5b630ae1aaa62cb0,1591.62,63.16,6.340796690,54000,54000
77e310755bf6cdd737a57941106d6e5113406244,1609.56,63.77,6.400926352,54000,54000
7622713cbee75d2640fc5ec34355101069fc8c87,1630.45,64.41,6.488411842,54000,54000
af04dbaea75ebabd1a701c7e5df848e3c6468737,1620.93,64.17,6.448855428,54000,54000
4782302a89bb2b7511bd0878fa923f404c3c3b99,1617.35,64.13,6.436052814,54000,54000
c352cb002070b7104872d651cac7f145e7cce543,1596.74,63.29,6.362516034,54000,54000
3ae1880c7f7e2e362811f2f70c26a04514b7e22e,1640.05,65.07,6.523913137,54000,54000
e487ed5d0dae9544d476a28ca0bcc7b35c7fe5ef,1602.32,63.41,6.372278041,54000,54000
37e399422ce626aa09a6220f0f79d0c45d482a92,1585.45,62.54,6.315060083,54000,54000
a38da1662b26a479483a43fe0dc9e05b466bd607,1620.95,64.07,6.452429994,54000,54000
86d657fc3107fa62be5890178586188be6e1dd01,1614.77,63.76,6.431572669,54000,54000
c352cb002070b7104872d651cac7f145e7cce543,1590.96,62.57,6.341919062,54000,54000
23262b9e79da43a30d7990e14b36db18a5119fde,1626.03,64.26,6.474398612,54000,54000
1c1e2ba168579de28eacab05cee4ecf1675fb305,1557.00,61.59,6.205951053,54000,53000
d716b393837f3205ae4cd4ea3db395d65a39fb79,1587.66,62.62,6.335493598,54000,54000
af8b93548b9d425b248dba38d0493a4b69dedd7f,1633.51,64.96,6.499886049,54000,54000
91160707bb4224f024fab4bba4abb8788dd5a8a4,1625.68,64.24,6.483154030,54000,54000
37e399422ce626aa09a6220f0f79d0c45d482a92,1576.53,62.22,6.286788124,54000,54000
f9726db01e92d591f9d20f2a9696fc4e86594d3c,1573.85,62.48,6.282343856,54000,54000
c352cb002070b7104872d651cac7f145e7cce543,1601.39,63.49,6.380530695,54000,54000
06b1c03573945c0411a74082805cdc4a643cd2f8,1631.03,64.61,6.491477084,54000,54000
b6866d8d9aeaff22a7f28f289ab644e9681d46cd,1637.43,64.68,6.524388949,54000,54000
06b1c03573945c0411a74082805cdc4a643cd2f8,1628.60,64.65,6.480767194,54000,54000
0d58c5978ebdc50c4cd72d9a39dba9ecbafbad11,1633.24,64.36,6.513432646,54000,54000
c80f3ecaf660422ef0f3c7eda724f86beddbd09b,1644.24,64.85,6.553626167,54000,54000
9abeaacc1e74584ad05192ef1ea52bae93793dbc,1632.14,64.39,6.495594667,54000,54000
8dabfde4800a0a1c790936976297b539ea6c4946,1612.78,63.55,6.434580612,54000,54000
a7a7fed881a41ceff2f1f9c464f88df0680daf9d,1601.50,63.35,6.391009097,54000,54000
d0ac6a9c717798b0d75b01c979eeec758c8911d6,1612.32,63.70,6.432617074,54000,54000
0a340d82b33dc396eedce4a8daf4faed65fabf67,1601.73,63.15,6.385548510,54000,54000
8f1499cbdb6e1518a552ef61fa381523015eb672,1624.91,64.23,6.475439927,54000,54000
c3973e16d7fcd3606fd3b73fa2b4a7d35d047aa7,1591.05,62.78,6.348955540,54000,54000
51dee75bc94474b0e6d4785278ff6bab07b2c1dc,1575.75,62.02,6.281612327,54000,54000
e9a50051a181e80022e775c5ef43222296a22f60,1634.14,64.51,6.513139204,54000,54000
ba3392726bb2246a2fc75cf2774bc7c1911c21d1,1593.92,62.99,6.356425864,53000,54000
f0f11f7aa18ca1a081e89dfc6ed30302cc7af8f3,1541.62,60.74,6.141404793,53000,54000
61d03bba0c92439d87c9eee52698c7c7824eb096,1598.16,63.09,6.371989538,54000,54000
0d58c5978ebdc50c4cd72d9a39dba9ecbafbad11,1611.16,63.64,6.414492829,54000,54000
e2b1d8bc16e430c1823d37034d9eca6d2f65d6d7,1618.32,63.86,6.445226508,53000,54000
51dee75bc94474b0e6d4785278ff6bab07b2c1dc,1590.96,62.84,6.346865998,54000,54000
43283a282933ebe9448c132ea5bf259dd3e98e35,1601.21,63.42,6.373694900,54000,54000
ee1afe348613305d8ff4f406e31e2ab6b795bfe4,1623.26,64.29,6.462334176,54000,54000
57fdc78192bf30484e28e8ea7bb86c09bcad08b8,1610.11,63.71,6.406008056,54000,54000
2f814eafcf7c303aa5b1ff141f52a5265d26defe,1607.36,63.49,6.397233345,54000,54000
2f814eafcf7c303aa5b1ff141f52a5265d26defe,1596.70,62.78,6.366430528,54000,54000
d70285b49748f4fc018a71a49e837360c79a6d63,1598.82,63.14,6.364651693,54000,54000
25c446b757986f0ed4641d9ee8afab6f99af579a,1615.58,63.87,6.429831625,54000,54000
53cd9ff9f6030d908c158be646f62a99137b09e1,1652.04,65.47,6.564475945,54000,54000
e2b1d8bc16e430c1823d37034d9eca6d2f65d6d7,1603.53,63.42,6.384444171,54000,54000
f909956b4921f6f95f613dac2b39f411387a740d,1617.42,63.70,6.442011907,54000,54000
c80f3ecaf660422ef0f3c7eda724f86beddbd09b,1637.56,64.86,6.519906630,54000,54000
77e310755bf6cdd737a57941106d6e5113406244,1616.71,63.96,6.421133666,54000,54000
2cb64c57fca2a9ab45a5ac2c10a3bae84d9e0878,1594.23,62.88,6.344476502,54000,54000
adcea6e43673279f5bc2005e960aa460e14474b9,1582.22,62.73,6.285687908,54000,54000
3b2fe9d7d1bef79facc3073c34b96b226c2afa5e,1610.54,63.36,6.407346055,54000,54000
3ae1880c7f7e2e362811f2f70c26a04514b7e22e,1646.35,65.09,6.562143011,54000,54000
1a93abca1912dbdabdccb86a70a6c82abb672c3a,1650.96,65.28,6.572214614,54000,54000
91160707bb4224f024fab4bba4abb8788dd5a8a4,1626.88,64.31,6.475703171,54000,54000
d7d3193ba5699603f62236f530cfb7eb78a10204,1651.13,65.54,6.576462714,54000,54000
d70285b49748f4fc018a71a49e837360c79a6d63,1603.82,63.58,6.395582078,53000,54000
ee1afe348613305d8ff4f406e31e2ab6b795bfe4,1604.62,63.36,6.393891634,54000,54000
190af45cefbc175b2712d5b004b1d25d6199905b,1587.60,62.89,6.317224125,54000,54000
3ae1880c7f7e2e362811f2f70c26a04514b7e22e,1632.61,64.42,6.499913039,54000,53000
880fd60d9c7c9b9d5a5b77c7b93b5f4d73d01a67,1592.72,62.92,6.344005608,53000,54000
e487ed5d0dae9544d476a28ca0bcc7b35c7fe5ef,1580.76,62.19,6.298220480,54000,54000
1c64772d769f5723145d560ab6d0c4ce1fd2cb71,1583.78,62.75,6.321625369,54000,54000
4bd7e381d1f9be5160f8ef53a907d2d1e8f8b095,1613.15,63.55,6.431399949,54000,54000
c0c7b08fb2cbcc7c46c32382796bd5b232d8fb71,1586.03,62.68,6.313265075,54000,54000
413bf1b018b14a791c5e1683db2c27353948961f,1618.23,63.96,6.443389380,54000,55000
c3973e16d7fcd3606fd3b73fa2b4a7d35d047aa7,1584.43,62.80,6.313563014,54000,54000
16aa9d67f3da02c2dd649627b023625160d1a89a,1611.24,63.61,6.412779343,54000,54000
7da58ad1f656c82883ec7a160ffbabbf055f63b3,1621.73,64.27,6.464474877,54000,54000
f909956b4921f6f95f613dac2b39f411387a740d,1623.20,64.17,6.465419364,54000,54000
6c05525ed4ba39cfe34843faff87b3d4d540aa4a,1603.79,63.22,6.390647512,54000,54000
c0c7b08fb2cbcc7c46c32382796bd5b232d8fb71,1584.38,62.42,6.313658039,54000,54000
5adb994a73919c4ee0749020c80f0f0280aa48f8,1604.01,63.61,6.393485296,54000,54000
89eddcfa07dab6e0c82abe26889edf22948e01b6,1660.04,65.83,6.606702947,54000,54000
9abeaacc1e74584ad05192ef1ea52bae93793dbc,1637.86,64.61,6.513939998,54000,54000
563d4d02f718af8238a1970a5b630ae1aaa62cb0,1563.94,61.72,6.233933163,54000,55000
7da58ad1f656c82883ec7a160ffbabbf055f63b3,1657.37,65.77,6.612405425,54000,54000
58009d6fa2050ef9b097f6c263cf0bc6ccac5a80,1633.77,64.44,6.507554876,54000,54000
97846506cf4a3382f7c74e3f42034c7099a0203a,1624.78,64.11,6.477138134,54000,54000
3b2fe9d7d1bef79facc3073c34b96b226c2afa5e,1628.65,64.63,6.481114448,54000,54000
090c7d803f9c5b19312d70ac5f3b4d0a591caa49,1589.09,62.79,6.322094090,54000,54000
a13289a1c1a3192e78df65a5df7973df3aebae79,1529.26,60.12,6.100079716,54000,53000
a38da1662b26a479483a43fe0dc9e05b466bd607,1620.18,64.06,6.448425043,53000,54000
3fffaa84f83bf6880c1350a7482e91bcd88ac4d3,1619.41,63.87,6.450525209,53000,54000
d70285b49748f4fc018a71a49e837360c79a6d63,1592.78,62.79,6.345080925,54000,54000
8dabfde4800a0a1c790936976297b539ea6c4946,1612.13,64.00,6.425585014,53000,54000
0a340d82b33dc396eedce4a8daf4faed65fabf67,1601.18,63.58,6.387184268,54000,53000
fe8cf9bcad9b9aab8adb042fab439b757f551809,1616.31,63.88,6.443676286,54000,54000
a48218e7a5fae7a02eed0b6b1de03dee80ae2d2b,1638.18,64.67,6.520572996,54000,54000
f1cb24e35449a41df1815be15223606ce6fcd24d,1642.13,64.99,6.550099549,54000,54000
23262b9e79da43a30d7990e14b36db18a5119fde,1615.55,63.76,6.438722791,53000,54000
e5f1fcdb481933c1a19441261dcf033906147f78,1595.67,63.19,6.373109518,54000,54000
b4a874596bdbd80ff1f995a3623bf957ef7b0ddf,1581.39,62.33,6.319155808,54000,54000
71a91e0d7bfd5768985dbae28c1ff5bd9a093ba2,1619.77,63.85,6.441118409,54000,54000
b4a874596bdbd80ff1f995a3623bf957ef7b0ddf,1600.09,63.42,6.372030695,54000,54000
3b2fe9d7d1bef79facc3073c34b96b226c2afa5e,1616.77,64.19,6.439577738,54000,54000
0d58c5978ebdc50c4cd72d9a39dba9ecbafbad11,1630.28,64.59,6.491664711,54000,54000
c8a99877104a7cb7d1acc663e618487e49a14d34,1636.69,64.44,6.553542090,54000,53000
4bd7e381d1f9be5160f8ef53a907d2d1e8f8b095,1604.45,63.58,6.396411824,54000,53000
4cd64e70d48f5ef587ded1f6eb663a6c3a4fc90c,1618.59,63.98,6.453363859,54000,54000
1c1e2ba168579de28eacab05cee4ecf1675fb305,1581.32,62.49,6.313319464,54000,54000
58009d6fa2050ef9b097f6c263cf0bc6ccac5a80,1623.29,64.20,6.458461842,54000,54000
c8a99877104a7cb7d1acc663e618487e49a14d34,1621.61,64.23,6.463244231,54000,54000
c8a99877104a7cb7d1acc663e618487e49a14d34,1627.11,64.67,6.479881353,54000,53000
11d25fd70769de912a45bc6ae796da0cdad607e1,1543.40,60.95,6.152569206,54000,54000
9abeaacc1e74584ad05192ef1ea52bae93793dbc,1608.63,63.72,6.407470584,54000,53000
d6144c2570323625f0600cac9621ef4800073cda,1598.55,63.28,6.361610720,54000,54000
adcea6e43673279f5bc2005e960aa460e14474b9,1575.69,62.34,6.278198025,53000,54000
500d1cb979ea3c45b67dd059e06629f2dc21ea7c,1621.96,64.14,6.471634822,54000,54000
7da58ad1f656c82883ec7a160ffbabbf055f63b3,1614.81,63.98,6.436843391,54000,54000
e9a50051a181e80022e775c5ef43222296a22f60,1633.22,64.54,6.511041502,54000,54000
53cd9ff9f6030d908c158be646f62a99137b09e1,1640.19,65.02,6.526833695,54000,54000
a48218e7a5fae7a02eed0b6b1de03dee80ae2d2b,1615.62,63.90,6.426333231,54000,54000
81b3b7e19397de25a60f6b849dd6337dac189df4,1628.55,64.40,6.492968755,54000,54000
620ab41ec5506c170bc51e5d002428451f1819f7,1635.59,64.69,6.509143697,54000,55000
37e399422ce626aa09a6220f0f79d0c45d482a92,1598.35,63.11,6.393411171,54000,54000
68eed73c021c49e08c88793264dfa3b044491623,1630.17,64.76,6.492303914,53000,54000
3fffaa84f83bf6880c1350a7482e91bcd88ac4d3,1601.21,63.28,6.388762645,54000,54000
2f814eafcf7c303aa5b1ff141f52a5265d26defe,1611.02,63.58,6.414238116,54000,54000
51dee75bc94474b0e6d4785278ff6bab07b2c1dc,1603.66,63.23,6.402193465,54000,53000
97846506cf4a3382f7c74e3f42034c7099a0203a,1625.59,64.22,6.472853334,54000,54000
af04dbaea75ebabd1a701c7e5df848e3c6468737,1603.79,63.54,6.394838068,54000,54000
d002348fd66395413d846f324fcd879e4db2a488,1611.89,63.91,6.424864931,54000,54000
a13289a1c1a3192e78df65a5df7973df3aebae79,1537.21,60.61,6.136777194,53000,54000
4782302a89bb2b7511bd0878fa923f404c3c3b99,1621.61,64.36,6.462537891,54000,53000
3e3ce93324af169fa3208602e5a58db174aec431,1581.07,62.58,6.312710266,54000,54000
b590dfa14981eb31dd6148d4e03cd3eb515cefb7,1627.86,64.43,6.484959526,54000,53000
a13289a1c1a3192e78df65a5df7973df3aebae79,1541.45,60.97,6.148897268,54000,53000
91160707bb4224f024fab4bba4abb8788dd5a8a4,1612.66,63.78,6.429255878,54000,54000
00c5da3543cd814d5f2a93e8e169a2cafa89ad7c,1601.79,63.29,6.384646678,54000,54000
c3973e16d7fcd3606fd3b73fa2b4a7d35d047aa7,1596.03,63.37,6.353906117,54000,54000
a48218e7a5fae7a02eed0b6b1de03dee80ae2d2b,1650.92,65.49,6.575289031,54000,53000
4c9b1683cb7490653a4b953120d6457a7b60db1c,1579.14,62.60,6.297654723,54000,54000
3d40e1c1a47c6174fdb63546840b7f8399447d07,1602.24,63.02,6.389765456,54000,54000
c3973e16d7fcd3606fd3b73fa2b4a7d35d047aa7,1601.92,63.55,6.384541213,53000,54000
ee1afe348613305d8ff4f406e31e2ab6b795bfe4,1630.50,64.70,6.495987939,54000,54000
8dabfde4800a0a1c790936976297b539ea6c4946,1611.95,63.59,6.414095041,54000,54000
0a340d82b33dc396eedce4a8daf4faed65fabf67,1623.31,64.41,6.475707529,54000,54000
91160707bb4224f024fab4bba4abb8788dd5a8a4,1611.07,63.61,6.425626317,54000,54000
d64d207a67b59d2fc2b9a65e362cc2ddacd1881e,1621.08,64.14,6.458576577,54000,54000
ba3392726bb2246a2fc75cf2774bc7c1911c21d1,1585.27,62.58,6.322272699,54000,54000
8d6237e004a8661655a9bc5b914a59d1ca87307e,1609.09,63.71,6.405219429,54000,54000
81b3b7e19397de25a60f6b849dd6337dac189df4,1656.12,65.73,6.599826930,54000,54000
c0c7b08fb2cbcc7c46c32382796bd5b232d8fb71,1595.85,63.48,6.350652008,54000,54000
c352cb002070b7104872d651cac7f145e7cce543,1611.97,64.21,6.424873529,54000,53000
a7a7fed881a41ceff2f1f9c464f88df0680daf9d,1578.91,62.36,6.294453461,54000,54000
4c9b1683cb7490653a4b953120d6457a7b60db1c,1602.56,63.30,6.383021728,54000,53000
7da58ad1f656c82883ec7a160ffbabbf055f63b3,1614.73,63.93,6.429850742,54000,54000
c0c7b08fb2cbcc7c46c32382796bd5b232d8fb71,1597.16,63.06,6.356241247,54000,54000
7da58ad1f656c82883ec7a160ffbabbf055f63b3,1607.10,63.67,6.410245397,54000,54000
0250a6c1f351d73a200e9b3d98d11eecf143496b,1631.75,64.51,6.503074049,54000,54000
d0ac6a9c717798b0d75b01c979eeec758c8911d6,1599.61,63.27,6.362238133,54000,54000
af8b93548b9d425b248dba38d0493a4b69dedd7f,1647.56,65.02,6.563917636,53000,54000
d6144c2570323625f0600cac9621ef4800073cda,1607.68,63.50,6.394204027,54000,54000
f0f11f7aa18ca1a081e89dfc6ed30302cc7af8f3,1542.13,60.90,6.153235813,54000,54000
ba3392726bb2246a2fc75cf2774bc7c1911c21d1,1604.64,63.50,6.394917710,54000,54000
1c64772d769f5723145d560ab6d0c4ce1fd2cb71,1605.05,63.38,6.403179154,54000,54000
06b1c03573945c0411a74082805cdc4a643cd2f8,1602.58,63.70,6.376467628,54000,54000
1c1e2ba168579de28eacab05cee4ecf1675fb305,1597.19,62.87,6.370110905,54000,53000
1a93abca1912dbdabdccb86a70a6c82abb672c3a,1626.07,64.53,6.474862103,54000,54000
57fdc78192bf30484e28e8ea7bb86c09bcad08b8,1623.66,64.52,6.469838196,54000,53000
880fd60d9c7c9b9d5a5b77c7b93b5f4d73d01a67,1630.36,64.64,6.482939765,54000,54000
0a340d82b33dc396eedce4a8daf4faed65fabf67,1602.37,63.24,6.375780390,54000,54000
a48218e7a5fae7a02eed0b6b1de03dee80ae2d2b,1627.21,64.46,6.460466653,54000,54000
e5f1fcdb481933c1a19441261dcf033906147f78,1581.92,62.42,6.310308001,54000,54000
51dee75bc94474b0e6d4785278ff6bab07b2c1dc,1591.16,62.73,6.338916271,54000,54000
3b2fe9d7d1bef79facc3073c34b96b226c2afa5e,1612.66,63.78,6.423851537,53000,54000
090c7d803f9c5b19312d70ac5f3b4d0a591caa49,1609.65,63.93,6.400212656,54000,54000
ba3392726bb2246a2fc75cf2774bc7c1911c21d1,1602.34,63.35,6.370301165,54000,54000
d002348fd66395413d846f324fcd879e4db2a488,1626.57,64.41,6.464599480,54000,54000
c352cb002070b7104872d651cac7f145e7cce543,1590.50,62.81,6.335822333,54000,54000
23262b9e79da43a30d7990e14b36db18a5119fde,1630.79,64.23,6.490906671,54000,54000
b4a874596bdbd80ff1f995a3623bf957ef7b0ddf,1590.79,63.05,6.330338465,54000,54000
d70285b49748f4fc018a71a49e837360c79a6d63,1606.09,63.49,6.401384823,54000,54000
018c34577e0d92bf70e5107d65a483730ebe0fcc,1613.50,63.84,6.436050945,54000,54000
a48218e7a5fae7a02eed0b6b1de03dee80ae2d2b,1629.18,64.45,6.473354335,54000,54000
fe8cf9bcad9b9aab8adb042fab439b757f551809,1636.64,64.70,6.517988162,54000,54000
06b1c03573945c0411a74082805cdc4a643cd2f8,1610.91,63.87,6.407829171,54000,54000
06b1c03573945c0411a74082805cdc4a643cd2f8,1613.89,63.86,6.423149036,54000,54000
ba3392726bb2246a2fc75cf2774bc7c1911c21d1,1619.58,63.80,6.464506410,54000,54000
090c7d803f9c5b19312d70ac5f3b4d0a591caa49,1607.23,63.58,6.395360232,54000,54000
3e246cdcb1de48b948dbfb1bcedce82479d75484,1642.46,64.90,6.532987655,54000,54000
f1cb24e35449a41df1815be15223606ce6fcd24d,1617.93,64.04,6.442115452,54000,54000
d6144c2570323625f0600cac9621ef4800073cda,1602.65,63.38,6.375381563,54000,54000
137f42f0453796b43eda5521595decd0efa9796e,1606.71,63.71,6.386994443,54000,55000
7622713cbee75d2640fc5ec34355101069fc8c87,1627.91,64.60,6.479304255,55000,54000
d716b393837f3205ae4cd4ea3db395d65a39fb79,1599.73,63.08,6.378399072,54000,54000
9abeaacc1e74584ad05192ef1ea52bae93793dbc,1616.79,63.87,6.428511341,54000,54000
880fd60d9c7c9b9d5a5b77c7b93b5f4d73d01a67,1614.93,63.85,6.438259876,54000,53000
190af45cefbc175b2712d5b004b1d25d6199905b,1587.26,63.11,6.308247098,54000,54000
c352cb002070b7104872d651cac7f145e7cce543,1589.18,62.92,6.337708204,54000,53000
2cb64c57fca2a9ab45a5ac2c10a3bae84d9e0878,1615.03,63.87,6.437653366,54000,54000
b3eed2970dc7f779af62087896d86529e7b4b439,1590.57,62.93,6.334718294,54000,54000
b4a874596bdbd80ff1f995a3623bf957ef7b0ddf,1587.78,62.72,6.336732197,54000,54000
68eed73c021c49e08c88793264dfa3b044491623,1607.04,63.47,6.407606188,54000,53000
3e246cdcb1de48b948dbfb1bcedce82479d75484,1648.25,65.64,6.544984158,54000,54000
a7a7fed881a41ceff2f1f9c464f88df0680daf9d,1608.94,63.56,6.411973778,54000,54000
16aa9d67f3da02c2dd649627b023625160d1a89a,1630.48,64.78,6.482086697,54000,54000
ba3392726bb2246a2fc75cf2774bc7c1911c21d1,1599.33,63.24,6.380419702,54000,54000
89eddcfa07dab6e0c82abe26889edf22948e01b6,1646.63,65.15,6.541190861,54000,54000
b590dfa14981eb31dd6148d4e03cd3eb515cefb7,1628.80,64.39,6.478105585,54000,54000
0250a6c1f351d73a200e9b3d98d11eecf143496b,1635.67,64.69,6.523682412,54000,54000
00c5da3543cd814d5f2a93e8e169a2cafa89ad7c,1653.16,65.99,6.578943993,54000,54000
ee1afe348613305d8ff4f406e31e2ab6b795bfe4,1619.62,64.11,6.451113919,54000,54000
b4a874596bdbd80ff1f995a3623bf957ef7b0ddf,1577.32,62.43,6.285740692,54000,54000
924fc3ff6f8793a57172e71abb5f8c433fb1b2ef,1578.71,62.36,6.280466501,54000,54000
190af45cefbc175b2712d5b004b1d25d6199905b,1574.20,62.31,6.268398959,54000,54000
37e399422ce626aa09a6220f0f79d0c45d482a92,1588.89,62.88,6.325246950,54000,54000
1c1e2ba168579de28eacab05cee4ecf1675fb305,1585.35,62.73,6.306369270,53000,54000
4bd7e381d1f9be5160f8ef53a907d2d1e8f8b095,1605.61,63.44,6.402123547,54000,54000
e487ed5d0dae9544d476a28ca0bcc7b35c7fe5ef,1607.79,63.68,6.398465147,54000,54000
8dabfde4800a0a1c790936976297b539ea6c4946,1605.24,63.62,6.391487527,53000,54000
4cd64e70d48f5ef587ded1f6eb663a6c3a4fc90c,1615.35,64.03,6.430733939,54000,54000
c8a99877104a7cb7d1acc663e618487e49a14d34,1635.10,64.64,6.499157701,54000,54000
d7d3193ba5699603f62236f530cfb7eb78a10204,1644.53,64.94,6.548980567,54000,54000
1c64772d769f5723145d560ab6d0c4ce1fd2cb71,1589.76,62.68,6.339306375,54000,54000
c80f3ecaf660422ef0f3c7eda724f86beddbd09b,1662.07,65.71,6.624458836,54000,54000
880fd60d9c7c9b9d5a5b77c7b93b5f4d73d01a67,1614.98,63.86,6.424030812,54000,54000
8f1499cbdb6e1518a552ef61fa381523015eb672,1604.50,63.17,6.389134826,54000,55000
7da58ad1f656c82883ec7a160ffbabbf055f63b3,1635.78,64.44,6.506558717,54000,54000
57fdc78192bf30484e28e8ea7bb86c09bcad08b8,1631.77,64.43,6.485751613,54000,54000
a7a7fed881a41ceff2f1f9c464f88df0680daf9d,1587.12,62.81,6.313622883,54000,54000
77e310755bf6cdd737a57941106d6e5113406244,1593.54,63.03,6.329279559,54000,54000
3e3ce93324af169fa3208602e5a58db174aec431,1589.76,62.84,6.327658592,54000,54000
61d03bba0c92439d87c9eee52698c7c7824eb096,1635.37,64.84,6.506062125,54000,54000
3e3ce93324af169fa3208602e5a58db174aec431,1608.12,63.33,6.399190317,55000,54000
fe7fd33b74b923f25c768e166367b98d7bb516e9,1590.43,62.73,6.340459251,54000,54000
6c05525ed4ba39cfe34843faff87b3d4d540aa4a,1586.09,62.42,6.317405818,54000,54000
e2b1d8bc16e430c1823d37034d9eca6d2f65d6d7,1611.12,63.55,6.409611248,54000,53000
81b3b7e19397de25a60f6b849dd6337dac189df4,1629.91,64.38,6.488398707,54000,54000
500d1cb979ea3c45b67dd059e06629f2dc21ea7c,1633.75,64.66,6.495017234,54000,54000
924fc3ff6f8793a57172e71abb5f8c433fb1b2ef,1589.50,62.80,6.329327007,54000,53000
924fc3ff6f8793a57172e71abb5f8c433fb1b2ef,1584.91,62.44,6.307685730,54000,54000
0250a6c1f351d73a200e9b3d98d11eecf143496b,1617.10,64.05,6.436709661,54000,54000
4cd64e70d48f5ef587ded1f6eb663a6c3a4fc90c,1612.45,63.70,6.420466468,54000,54000
0a340d82b33dc396eedce4a8daf4faed65fabf67,1603.24,63.29,6.387062885,54000,54000
fe8cf9bcad9b9aab8adb042fab439b757f551809,1654.47,65.29,6.587829660,54000,54000
d002348fd66395413d846f324fcd879e4db2a488,1638.09,64.91,6.514993748,54000,54000
0250a6c1f351d73a200e9b3d98d11eecf143496b,1628.87,64.45,6.483669432,55000,54000
51dee75bc94474b0e6d4785278ff6bab07b2c1dc,1587.17,63.00,6.330679094,54000,54000
a13289a1c1a3192e78df65a5df7973df3aebae79,1557.45,61.48,6.213249236,54000,54000
f0f11f7aa18ca1a081e89dfc6ed30302cc7af8f3,1538.23,60.68,6.134238218,54000,54000
25c446b757986f0ed4641d9ee8afab6f99af579a,1639.69,64.93,6.535366696,54000,54000
0abbb34706e9f3cf1650599eecacaf4779f36506,1614.32,63.71,6.446276636,54000,54000
06b1c03573945c0411a74082805cdc4a643cd2f8,1602.08,63.39,6.388342935,54000,54000
223cf2bf6d2b4216f9229d80add8467ece1601d0,1597.11,63.01,6.360977372,54000,54000
d002348fd66395413d846f324fcd879e4db2a488,1624.01,64.37,6.462019265,54000,54000
4cd64e70d48f5ef587ded1f6eb663a6c3a4fc90c,1609.90,63.77,6.414854366,54000,54000
81b3b7e19397de25a60f6b849dd6337dac189df4,1632.34,64.43,6.506709639,55000,54000
b6866d8d9aeaff22a7f28f289ab644e9681d46cd,1610.22,63.91,6.413781665,54000,54000
71a91e0d7bfd5768985dbae28c1ff5bd9a093ba2,1601.03,63.29,6.378675943,54000,54000
23262b9e79da43a30d7990e14b36db18a5119fde,1627.93,64.33,6.478487785,54000,54000
8dabfde4800a0a1c790936976297b539ea6c4946,1607.86,63.73,6.405642172,54000,54000
4bd7e381d1f9be5160f8ef53a907d2d1e8f8b095,1603.57,63.39,6.389938948,54000,54000
ba3392726bb2246a2fc75cf2774bc7c1911c21d1,1597.86,63.24,6.374335167,54000,54000
25c446b757986f0ed4641d9ee8afab6f99af579a,1617.03,64.03,6.438428539,54000,54000
3e246cdcb1de48b948dbfb1bcedce82479d75484,1658.40,65.67,6.600209882,54000,53000
018c34577e0d92bf70e5107d65a483730ebe0fcc,1611.64,63.81,6.428955795,54000,54000
0250a6c1f351d73a200e9b3d98d11eecf143496b,1645.61,65.41,6.561961433,54000,54000
a4b47328284e293fc0001b08ad081e39c5a15c7a,1599.21,63.63,6.381196664,53000,54000
4782302a89bb2b7511bd0878fa923f404c3c3b99,1603.50,63.47,6.402817360,54000,53000
d716b393837f3205ae4cd4ea3db395d65a39fb79,1574.62,62.17,6.279893705,54000,54000
090c7d803f9c5b19312d70ac5f3b4d0a591caa49,1602.15,63.64,6.376944947,53000,54000
2cb64c57fca2a9ab45a5ac2c10a3bae84d9e0878,1614.03,63.97,6.443619055,54000,54000
f909956b4921f6f95f613dac2b39f411387a740d,1624.64,64.33,6.476446372,54000,54000
b4a874596bdbd80ff1f995a3623bf957ef7b0ddf,1618.40,64.07,6.456036038,53000,54000
11d25fd70769de912a45bc6ae796da0cdad607e1,1534.21,60.72,6.125265345,53000,53000
8dabfde4800a0a1c790936976297b539ea6c4946,1596.76,63.16,6.362117627,54000,54000
7da58ad1f656c82883ec7a160ffbabbf055f63b3,1621.64,64.08,6.457583900,53000,54000
11d25fd70769de912a45bc6ae796da0cdad607e1,1535.43,60.43,6.130690986,54000,54000
51dee75bc94474b0e6d4785278ff6bab07b2c1dc,1581.71,62.68,6.309697391,54000,54000
d64d207a67b59d2fc2b9a65e362cc2ddacd1881e,1641.32,65.23,6.532054782,54000,54000
c8a99877104a7cb7d1acc663e618487e49a14d34,1629.43,64.54,6.484297742,54000,54000
413bf1b018b14a791c5e1683db2c27353948961f,1607.54,63.72,6.414616454,54000,54000
81b3b7e19397de25a60f6b849dd6337dac189df4,1631.30,64.90,6.485228354,54000,54000
e2b1d8bc16e430c1823d37034d9eca6d2f65d6d7,1617.75,64.27,6.444506952,54000,54000
61d03bba0c92439d87c9eee52698c7c7824eb096,1613.60,64.01,6.426301368,54000,54000
06b1c03573945c0411a74082805cdc4a643cd2f8,1599.69,63.46,6.376200117,54000,54000
ee1afe348613305d8ff4f406e31e2ab6b795bfe4,1621.38,64.39,6.456429177,54000,54000
7da58ad1f656c82883ec7a160ffbabbf055f63b3,1643.67,65.02,6.543196418,54000,54000
3e246cdcb1de48b948dbfb1bcedce82479d75484,1644.13,65.33,6.544410751,54000,54000
d002348fd66395413d846f324fcd879e4db2a488,1634.33,64.78,6.501470697,54000,54000
58009d6fa2050ef9b097f6c263cf0bc6ccac5a80,1612.93,63.87,6.421480956,54000,54000
e2b1d8bc16e430c1823d37034d9eca6d2f65d6d7,1611.99,63.73,6.426323494,54000,54000
880fd60d9c7c9b9d5a5b77c7b93b5f4d73d01a67,1628.11,64.58,6.476035200,54000,54000
4782302a89bb2b7511bd0878fa923f404c3c3b99,1614.82,63.70,6.432900208,54000,54000
8dabfde4800a0a1c790936976297b539ea6c4946,1602.82,63.37,6.381989002,54000,54000
00c5da3543cd814d5f2a93e8e169a2cafa89ad7c,1618.04,64.18,6.432951339,54000,54000
a13289a1c1a3192e78df65a5df7973df3aebae79,1530.15,60.43,6.099464771,54000,54000
b590dfa14981eb31dd6148d4e03cd3eb515cefb7,1641.77,64.96,6.532797749,54000,54000
090c7d803f9c5b19312d70ac5f3b4d0a591caa49,1592.12,63.23,6.325875307,54000,54000
190af45cefbc175b2712d5b004b1d25d6199905b,1593.22,63.01,6.350918686,54000,54000
d002348fd66395413d846f324fcd879e4db2a488,1641.35,64.93,6.530979190,54000,54000
d64d207a67b59d2fc2b9a65e362cc2ddacd1881e,1626.67,64.53,6.463558437,54000,54000
d6144c2570323625f0600cac9621ef4800073cda,1594.51,63.05,6.342141298,54000,54000
af8b93548b9d425b248dba38d0493a4b69dedd7f,1616.97,63.93,6.437459653,54000,54000
018c34577e0d92bf70e5107d65a483730ebe0fcc,1620.59,64.46,6.442383681,54000,53000
68eed73c021c49e08c88793264dfa3b044491623,1603.73,63.51,6.392855192,54000,54000
4cd64e70d48f5ef587ded1f6eb663a6c3a4fc90c,1616.56,63.96,6.448124684,54000,54000
e5f1fcdb481933c1a19441261dcf033906147f78,1603.36,63.45,6.387316785,54000,54000
85c60c479eae1852ee56eb43a09a8d44484f798b,1619.73,64.05,6.442171750,53000,54000
af8b93548b9d425b248dba38d0493a4b69dedd7f,1630.88,64.85,6.495356316,54000,54000
3b2fe9d7d1bef79facc3073c34b96b226c2afa5e,1639.73,65.19,6.524108661,54000,54000
b3eed2970dc7f779af62087896d86529e7b4b439,1599.43,62.96,6.384034342,54000,54000
16aa9d67f3da02c2dd649627b023625160d1a89a,1635.47,64.76,6.514656694,54000,54000
190af45cefbc175b2712d5b004b1d25d6199905b,1594.07,63.07,6.358492309,53000,54000
b3eed2970dc7f779af62087896d86529e7b4b439,1590.72,63.00,6.339248356,54000,54000
1c1e2ba168579de28eacab05cee4ecf1675fb305,1574.69,62.47,6.280391336,54000,54000
d716b393837f3205ae4cd4ea3db395d65a39fb79,1590.97,62.97,6.349131219,55000,54000
e5f1fcdb481933c1a19441261dcf033906147f78,1585.21,62.76,6.325758826,54000,54000
c0c7b08fb2cbcc7c46c32382796bd5b232d8fb71,1597.05,63.22,6.371138091,55000,54000
c80f3ecaf660422ef0f3c7eda724f86beddbd09b,1625.30,64.36,6.473920401,54000,54000
1a93abca1912dbdabdccb86a70a6c82abb672c3a,1645.65,65.07,6.561942977,54000,54000
b4a874596bdbd80ff1f995a3623bf957ef7b0ddf,1581.11,62.65,6.306514282,54000,54000
4bd7e381d1f9be5160f8ef53a907d2d1e8f8b095,1582.82,62.52,6.319404163,54000,53000
0a340d82b33dc396eedce4a8daf4faed65fabf67,1601.93,63.52,6.375985590,54000,54000
f0f11f7aa18ca1a081e89dfc6ed30302cc7af8f3,1537.37,61.14,6.129326902,54000,54000
57fdc78192bf30484e28e8ea7bb86c09bcad08b8,1620.98,64.25,6.457167904,54000,54000
f909956b4921f6f95f613dac2b39f411387a740d,1626.76,64.27,6.476091123,54000,54000
86d657fc3107fa62be5890178586188be6e1dd01,1600.34,63.13,6.379298858,54000,54000
fe7fd33b74b923f25c768e166367b98d7bb516e9,1578.77,62.03,6.292521570,54000,54000
0abbb34706e9f3cf1650599eecacaf4779f36506,1586.72,62.44,6.321019913,55000,54000
1a93abca1912dbdabdccb86a70a6c82abb672c3a,1617.02,63.99,6.430460228,54000,54000
11d25fd70769de912a45bc6ae796da0cdad607e1,1531.09,60.43,6.113080961,54000,54000
91160707bb4224f024fab4bba4abb8788dd5a8a4,1609.30,63.68,6.411864937,54000,54000
5adb994a73919c4ee0749020c80f0f0280aa48f8,1584.99,62.72,6.321512461,54000,54000
1a93abca1912dbdabdccb86a70a6c82abb672c3a,1613.11,63.69,6.424049000,54000,54000
77e310755bf6cdd737a57941106d6e5113406244,1604.08,63.73,6.379519195,54000,54000
8d6237e004a8661655a9bc5b914a59d1ca87307e,1622.23,64.31,6.460622621,54000,54000
620ab41ec5506c170bc51e5d002428451f1819f7,1622.89,64.20,6.472269380,54000,54000
78b2e6e65b800c974871221a6f755922860db952,1624.51,64.15,6.468390665,54000,54000
5adb994a73919c4ee0749020c80f0f0280aa48f8,1591.47,62.87,6.349030047,54000,54000
78b2e6e65b800c974871221a6f755922860db952,1631.88,64.60,6.508608855,54000,54000
c8a99877104a7cb7d1acc663e618487e49a14d34,1626.02,64.21,6.477902752,54000,54000
43283a282933ebe9448c132ea5bf259dd3e98e35,1582.10,62.66,6.310395944,54000,54000
4cd64e70d48f5ef587ded1f6eb663a6c3a4fc90c,1633.74,64.57,6.520302683,54000,54000
ee1afe348613305d8ff4f406e31e2ab6b795bfe4,1614.14,63.47,6.441245006,54000,54000
3d40e1c1a47c6174fdb63546840b7f8399447d07,1600.79,63.24,6.372022710,54000,54000
880fd60d9c7c9b9d5a5b77c7b93b5f4d73d01a67,1610.01,63.61,6.414653545,54000,54000
a7a7fed881a41ceff2f1f9c464f88df0680daf9d,1610.32,63.39,6.413521141,54000,53000
223cf2bf6d2b4216f9229d80add8467ece1601d0,1588.93,62.56,6.337821860,54000,54000
d0ac6a9c717798b0d75b01c979eeec758c8911d6,1612.56,63.70,6.414945565,54000,54000
51dee75bc94474b0e6d4785278ff6bab07b2c1dc,1578.13,62.16,6.289755438,54000,54000
c0c7b08fb2cbcc7c46c32382796bd5b232d8fb71,1596.79,63.06,6.352078502,54000,54000
78b2e6e65b800c974871221a6f755922860db952,1603.03,63.55,6.373695143,54000,54000
1c64772d769f5723145d560ab6d0c4ce1fd2cb71,1599.90,63.26,6.389525221,54000,54000
018c34577e0d92bf70e5107d65a483730ebe0fcc,1626.83,64.53,6.478778542,54000,54000
0d58c5978ebdc50c4cd72d9a39dba9ecbafbad11,1641.32,64.95,6.530759037,54000,54000
8d6237e004a8661655a9bc5b914a59d1ca87307e,1633.66,64.66,6.496577531,54000,53000
6c05525ed4ba39cfe34843faff87b3d4d540aa4a,1608.83,63.80,6.415876627,54000,54000
500d1cb979ea3c45b67dd059e06629f2dc21ea7c,1625.50,64.01,6.475903813,54000,53000
a13289a1c1a3192e78df65a5df7973df3aebae79,1557.39,61.58,6.204799137,54000,54000
7da58ad1f656c82883ec7a160ffbabbf055f63b3,1646.56,65.15,6.562370424,54000,54000
35ca036d8055172d9fd1ca8d59810c043a0b23ad,1596.56,63.00,6.365601463,54000,54000
b3eed2970dc7f779af62087896d86529e7b4b439,1611.99,63.65,6.420436184,54000,54000
0a340d82b33dc396eedce4a8daf4faed65fabf67,1594.48,63.09,6.344322329,54000,54000
413bf1b018b14a791c5e1683db2c27353948961f,1609.47,63.73,6.411153671,54000,54000
8dabfde4800a0a1c790936976297b539ea6c4946,1621.37,64.14,6.454948002,54000,54000
b3eed2970dc7f779af62087896d86529e7b4b439,1592.63,62.89,6.355747245,54000,54000
53cd9ff9f6030d908c158be646f62a99137b09e1,1619.45,64.07,6.460373645,54000,54000
924fc3ff6f8793a57172e71abb5f8c433fb1b2ef,1597.78,63.24,6.360701895,54000,54000
8f1499cbdb6e1518a552ef61fa381523015eb672,1581.92,62.38,6.312719895,54000,54000
8dabfde4800a0a1c790936976297b539ea6c4946,1600.93,63.31,6.374545264,54000,54000
8f1499cbdb6e1518a552ef61fa381523015eb672,1582.63,62.62,6.321599840,54000,54000
0250a6c1f351d73a200e9b3d98d11eecf143496b,1622.73,64.31,6.467243375,54000,54000
500d1cb979ea3c45b67dd059e06629f2dc21ea7c,1622.86,64.25,6.484669779,54000,54000
53cd9ff9f6030d908c158be646f62a99137b09e1,1622.18,64.24,6.461891673,54000,54000
78b2e6e65b800c974871221a6f755922860db952,1622.39,64.08,6.488778670,54000,53000
880fd60d9c7c9b9d5a5b77c7b93b5f4d73d01a67,1595.80,63.12,6.359805254,53000,54000
e5f1fcdb481933c1a19441261dcf033906147f78,1586.57,62.74,6.340155783,54000,54000
a38da1662b26a479483a43fe0dc9e05b466bd607,1642.13,65.33,6.554182912,54000,54000
a13289a1c1a3192e78df65a5df7973df3aebae79,1523.83,60.25,6.093146523,54000,54000
c3973e16d7fcd3606fd3b73fa2b4a7d35d047aa7,1607.38,63.62,6.411477692,54000,54000
b3eed2970dc7f779af62087896d86529e7b4b439,1619.30,63.99,6.466224809,54000,54000
d7d3193ba5699603f62236f530cfb7eb78a10204,1636.71,64.64,6.529505178,54000,54000
7622713cbee75d2640fc5ec34355101069fc8c87,1618.56,64.25,6.445227020,54000,54000
9abeaacc1e74584ad05192ef1ea52bae93793dbc,1644.83,65.32,6.551577787,53000,54000
77e310755bf6cdd737a57941106d6e5113406244,1627.57,64.52,6.488361620,55000,54000
c80f3ecaf660422ef0f3c7eda724f86beddbd09b,1613.58,63.75,6.436889297,54000,54000
81b3b7e19397de25a60f6b849dd6337dac189df4,1616.61,63.87,6.434319280,54000,54000
018c34577e0d92bf70e5107d65a483730ebe0fcc,1616.94,64.03,6.445060683,54000,54000
c80f3ecaf660422ef0f3c7eda724f86beddbd09b,1607.41,63.40,6.415428070,53000,53000
0abbb34706e9f3cf1650599eecacaf4779f36506,1609.41,63.54,6.435386393,54000,54000
a48218e7a5fae7a02eed0b6b1de03dee80ae2d2b,1621.13,64.37,6.455515395,54000,54000
9abeaacc1e74584ad05192ef1ea52bae93793dbc,1635.59,64.78,6.508156459,54000,54000
d716b393837f3205ae4cd4ea3db395d65a39fb79,1596.28,62.92,6.361366787,54000,54000
e9a50051a181e80022e775c5ef43222296a22f60,1624.26,64.27,6.469885939,54000,54000
018c34577e0d92bf70e5107d65a483730ebe0fcc,1653.73,65.58,6.581257366,53000,54000
e9a50051a181e80022e775c5ef43222296a22f60,1639.41,64.95,6.530934392,54000,54000
d002348fd66395413d846f324fcd879e4db2a488,1633.42,64.52,6.498330938,54000,54000
3fffaa84f83bf6880c1350a7482e91bcd88ac4d3,1598.30,63.30,6.360863725,54000,54000
61d03bba0c92439d87c9eee52698c7c7824eb096,1602.06,63.30,6.393047989,54000,54000
e2b1d8bc16e430c1823d37034d9eca6d2f65d6d7,1639.44,65.01,6.524659556,54000,54000
58009d6fa2050ef9b097f6c263cf0bc6ccac5a80,1627.13,64.43,6.464704247,54000,54000
4bd7e381d1f9be5160f8ef53a907d2d1e8f8b095,1597.58,63.21,6.371745267,54000,53000
b4a874596bdbd80ff1f995a3623bf957ef7b0ddf,1592.86,62.92,6.337915792,53000,54000
8f1499cbdb6e1518a552ef61fa381523015eb672,1585.92,62.52,6.317729777,54000,54000
018c34577e0d92bf70e5107d65a483730ebe0fcc,1624.69,64.20,6.470652054,54000,53000
1a93abca1912dbdabdccb86a70a6c82abb672c3a,1638.58,64.57,6.521799788,54000,54000
a13289a1c1a3192e78df65a5df7973df3aebae79,1536.79,60.52,6.117656399,54000,54000
23262b9e79da43a30d7990e14b36db18a5119fde,1620.14,63.88,6.443263827,54000,54000
d7d3193ba5699603f62236f530cfb7eb78a10204,1654.39,65.64,6.569898544,54000,54000
ee1afe348613305d8ff4f406e31e2ab6b795bfe4,1629.99,64.29,6.482026299,54000,54000
0a340d82b33dc396eedce4a8daf4faed65fabf67,1615.16,63.77,6.416498869,54000,54000
500d1cb979ea3c45b67dd059e06629f2dc21ea7c,1633.82,64.81,6.481018889,54000,54000
0250a6c1f351d73a200e9b3d98d11eecf143496b,1617.78,63.99,6.438480851,54000,54000
78b2e6e65b800c974871221a6f755922860db952,1601.04,63.00,6.361894958,55000,54000
090c7d803f9c5b19312d70ac5f3b4d0a591caa49,1608.84,63.67,6.395110555,54000,53000
51dee75bc94474b0e6d4785278ff6bab07b2c1dc,1603.77,63.52,6.395984092,54000,54000
3d40e1c1a47c6174fdb63546840b7f8399447d07,1591.99,63.01,6.335374443,54000,54000
1c1e2ba168579de28eacab05cee4ecf1675fb305,1585.97,62.89,6.302609320,54000,54000
6c05525ed4ba39cfe34843faff87b3d4d540aa4a,1581.35,62.35,6.295533786,54000,54000
090c7d803f9c5b19312d70ac5f3b4d0a591caa49,1611.37,63.83,6.425409019,54000,54000
58009d6fa2050ef9b097f6c263cf0bc6ccac5a80,1634.55,64.53,6.502056725,54000,54000
85c60c479eae1852ee56eb43a09a8d44484f798b,1644.18,65.11,6.526693838,54000,54000
2f814eafcf7c303aa5b1ff141f52a5265d26defe,1622.14,64.14,6.447252522,54000,54000
97846506cf4a3382f7c74e3f42034c7099a0203a,1617.76,63.94,6.443313205,54000,55000
223cf2bf6d2b4216f9229d80add8467ece1601d0,1596.96,62.98,6.360643088,54000,54000
d0ac6a9c717798b0d75b01c979eeec758c8911d6,1617.43,64.05,6.426749602,54000,54000
8d6237e004a8661655a9bc5b914a59d1ca87307e,1632.05,64.90,6.487123752,54000,54000
d716b393837f3205ae4cd4ea3db395d65a39fb79,1587.79,62.59,6.325205710,54000,54000
c80f3ecaf660422ef0f3c7eda724f86beddbd09b,1638.11,64.67,6.522529309,54000,54000
b590dfa14981eb31dd6148d4e03cd3eb515cefb7,1607.94,63.23,6.403883336,54000,54000
b6866d8d9aeaff22a7f28f289ab644e9681d46cd,1634.72,64.70,6.507523033,54000,54000
7622713cbee75d2640fc5ec34355101069fc8c87,1642.83,64.82,6.544520473,54000,54000
c8a99877104a7cb7d1acc663e618487e49a14d34,1644.82,65.18,6.548012339,54000,54000
58009d6fa2050ef9b097f6c263cf0bc6ccac5a80,1646.76,65.08,6.561933368,54000,54000
85c60c479eae1852ee56eb43a09a8d44484f798b,1615.85,63.69,6.451838310,54000,54000
880fd60d9c7c9b9d5a5b77c7b93b5f4d73d01a67,1602.07,63.27,6.380018273,53000,54000
e5f1fcdb481933c1a19441261dcf033906147f78,1589.13,62.78,6.337879473,54000,54000
adcea6e43673279f5bc2005e960aa460e14474b9,1569.67,62.02,6.256214384,54000,54000
d002348fd66395413d846f324fcd879e4db2a488,1627.04,64.20,6.479665987,54000,54000
11d25fd70769de912a45bc6ae796da0cdad607e1,1536.64,60.39,6.122382207,54000,54000
3fffaa84f83bf6880c1350a7482e91bcd88ac4d3,1613.74,63.79,6.422636403,54000,54000
880fd60d9c7c9b9d5a5b77c7b93b5f4d73d01a67,1603.55,63.27,6.380784219,54000,54000
93d23dc02c2ce6359988e5473a21eadc9db681b6,1608.96,63.60,6.406629469,54000,54000
500d1cb979ea3c45b67dd059e06629f2dc21ea7c,1646.87,65.31,6.554901134,54000,54000
71a91e0d7bfd5768985dbae28c1ff5bd9a093ba2,1608.81,63.68,6.404106995,54000,54000
93d23dc02c2ce6359988e5473a21eadc9db681b6,1622.66,64.11,6.464108305,54000,54000
563d4d02f718af8238a1970a5b630ae1aaa62cb0,1578.60,62.41,6.281235175,54000,54000
86d657fc3107fa62be5890178586188be6e1dd01,1636.26,64.76,6.507582508,54000,54000
d6144c2570323625f0600cac9621ef4800073cda,1644.25,65.01,6.569530211,54000,54000
620ab41ec5506c170bc51e5d002428451f1819f7,1626.69,64.09,6.474614326,54000,54000
4bd7e381d1f9be5160f8ef53a907d2d1e8f8b095,1588.92,62.74,6.338002427,54000,54000
a48218e7a5fae7a02eed0b6b1de03dee80ae2d2b,1636.11,65.00,6.500592920,54000,54000
f0f11f7aa18ca1a081e89dfc6ed30302cc7af8f3,1548.63,61.13,6.181236635,54000,54000
86d657fc3107fa62be5890178586188be6e1dd01,1625.53,64.12,6.472900786,54000,54000
37e399422ce626aa09a6220f0f79d0c45d482a92,1587.52,62.92,6.327923699,54000,54000
f9726db01e92d591f9d20f2a9696fc4e86594d3c,1563.51,62.01,6.226034733,54000,54000
35ca036d8055172d9fd1ca8d59810c043a0b23ad,1578.07,62.13,6.295657205,54000,54000
3e246cdcb1de48b948dbfb1bcedce82479d75484,1660.91,66.17,6.599748204,54000,54000
4782302a89bb2b7511bd0878fa923f404c3c3b99,1636.74,64.63,6.517912633,54000,54000
1c1e2ba168579de28eacab05cee4ecf1675fb305,1583.56,62.73,6.298723019,54000,54000
8dabfde4800a0a1c790936976297b539ea6c4946,1648.45,65.15,6.577092264,55000,54000
23262b9e79da43a30d7990e14b36db18a5119fde,1621.52,63.95,6.454934326,54000,54000
1c1e2ba168579de28eacab05cee4ecf1675fb305,1577.76,62.37,6.280102051,54000,54000
af04dbaea75ebabd1a701c7e5df848e3c6468737,1597.15,62.90,6.358979015,54000,54000
16aa9d67f3da02c2dd649627b023625160d1a89a,1633.32,64.74,6.519528930,54000,54000
78b2e6e65b800c974871221a6f755922860db952,1597.06,63.20,6.352652687,54000,54000
43283a282933ebe9448c132ea5bf259dd3e98e35,1597.13,62.85,6.366905183,54000,54000
563d4d02f718af8238a1970a5b630ae1aaa62cb0,1610.40,63.65,6.411920108,54000,54000
53cd9ff9f6030d908c158be646f62a99137b09e1,1640.01,65.00,6.515583797,54000,54000
71a91e0d7bfd5768985dbae28c1ff5bd9a093ba2,1614.86,63.63,6.432418650,55000,54000
b590dfa14981eb31dd6148d4e03cd3eb515cefb7,1599.72,63.22,6.365816535,54000,54000
a13289a1c1a3192e78df65a5df7973df3aebae79,1541.31,60.88,6.144127091,54000,54000
7da58ad1f656c82883ec7a160ffbabbf055f63b3,1627.78,64.42,6.475442898,54000,54000
a4b47328284e293fc0001b08ad081e39c5a15c7a,1646.96,65.05,6.549803057,55000,54000
e2b1d8bc16e430c1823d37034d9eca6d2f65d6d7,1584.98,62.55,6.313234249,54000,54000
9abeaacc1e74584ad05192ef1ea52bae93793dbc,1626.60,64.43,6.479102747,54000,54000
61d03bba0c92439d87c9eee52698c7c7824eb096,1619.51,63.91,6.443723553,54000,54000
23262b9e79da43a30d7990e14b36db18a5119fde,1641.75,64.87,6.531014760,54000,54000
a7a7fed881a41ceff2f1f9c464f88df0680daf9d,1586.36,62.76,6.326065142,54000,54000
c029f1e4a959f60dfe432c6a2a806f214a8b35d4,1625.42,64.38,6.469888276,54000,54000
2f814eafcf7c303aa5b1ff141f52a5265d26defe,1600.30,63.10,6.385171002,54000,54000
1c64772d769f5723145d560ab6d0c4ce1fd2cb71,1578.33,61.92,6.304064346,54000,54000
f909956b4921f6f95f613dac2b39f411387a740d,1643.08,65.07,6.536079042,54000,54000
c029f1e4a959f60dfe432c6a2a806f214a8b35d4,1622.71,64.27,6.462041004,54000,55000
c80f3ecaf660422ef0f3c7eda724f86beddbd09b,1625.59,64.29,6.476203843,55000,55000
f9726db01e92d591f9d20f2a9696fc4e86594d3c,1570.77,61.98,6.267094631,54000,54000
018c34577e0d92bf70e5107d65a483730ebe0fcc,1626.19,64.51,6.468568607,55000,54000
413bf1b018b14a791c5e1683db2c27353948961f,1602.86,63.44,6.391325615,54000,54000
e9a50051a181e80022e775c5ef43222296a22f60,1636.69,64.95,6.516706376,54000,54000
68eed73c021c49e08c88793264dfa3b044491623,1632.73,64.80,6.500205720,54000,54000
23262b9e79da43a30d7990e14b36db18a5119fde,1624.14,64.29,6.473437908,54000,54000
4c9b1683cb7490653a4b953120d6457a7b60db1c,1591.42,62.87,6.340274799,54000,54000
d7d3193ba5699603f62236f530cfb7eb78a10204,1655.12,65.55,6.599512456,54000,54000
fe8cf9bcad9b9aab8adb042fab439b757f551809,1601.46,63.14,6.424779521,54000,54000
018c34577e0d92bf70e5107d65a483730ebe0fcc,1636.77,64.83,6.517534561,54000,54000
d7d3193ba5699603f62236f530cfb7eb78a10204,1629.98,64.61,6.502352429,54000,53000
c8a99877104a7cb7d1acc663e618487e49a14d34,1629.92,64.71,6.484147153,53000,54000
25c446b757986f0ed4641d9ee8afab6f99af579a,1648.85,65.27,6.563420819,54000,53000
4782302a89bb2b7511bd0878fa923f404c3c3b99,1633.64,64.68,6.500105826,54000,54000
a4b47328284e293fc0001b08ad081e39c5a15c7a,1579.29,62.46,6.301289184,55000,54000
f1cb24e35449a41df1815be15223606ce6fcd24d,1613.36,63.40,6.428537808,54000,54000
4bd7e381d1f9be5160f8ef53a907d2d1e8f8b095,1589.95,62.83,6.344448864,54000,54000
0250a6c1f351d73a200e9b3d98d11eecf143496b,1618.24,63.63,6.458835165,54000,54000
fe8cf9bcad9b9aab8adb042fab439b757f551809,1622.59,64.00,6.472740974,55000,54000
7da58ad1f656c82883ec7a160ffbabbf055f63b3,1630.26,64.19,6.498406119,54000,54000
51dee75bc94474b0e6d4785278ff6bab07b2c1dc,1576.91,62.17,6.296171510,54000,54000
d7d3193ba5699603f62236f530cfb7eb78a10204,1636.44,64.58,6.518310267,54000,54000
93d23dc02c2ce6359988e5473a21eadc9db681b6,1622.19,63.99,6.462489387,54000,54000
d70285b49748f4fc018a71a49e837360c79a6d63,1589.13,62.89,6.349778127,54000,53000
3e246cdcb1de48b948dbfb1bcedce82479d75484,1665.43,66.05,6.630706292,54000,54000
1a93abca1912dbdabdccb86a70a6c82abb672c3a,1646.91,65.41,6.553380235,54000,54000
2cb64c57fca2a9ab45a5ac2c10a3bae84d9e0878,1620.35,64.02,6.463208660,55000,54000
35ca036d8055172d9fd1ca8d59810c043a0b23ad,1612.19,63.69,6.431273295,54000,54000
f909956b4921f6f95f613dac2b39f411387a740d,1606.37,63.30,6.408478317,54000,54000
ee1afe348613305d8ff4f406e31e2ab6b795bfe4,1632.10,64.71,6.502587563,54000,54000
413bf1b018b14a791c5e1683db2c27353948961f,1616.19,63.94,6.450200477,54000,54000
3b2fe9d7d1bef79facc3073c34b96b226c2afa5e,1633.08,64.60,6.503991833,54000,55000
85c60c479eae1852ee56eb43a09a8d44484f798b,1588.55,62.63,6.328710599,54000,54000
e487ed5d0dae9544d476a28ca0bcc7b35c7fe5ef,1596.91,62.95,6.376191821,54000,54000
c80f3ecaf660422ef0f3c7eda724f86beddbd09b,1634.71,64.41,6.504743647,55000,54000
b590dfa14981eb31dd6148d4e03cd3eb515cefb7,1619.64,63.68,6.452646923,54000,54000
c352cb002070b7104872d651cac7f145e7cce543,1596.30,63.12,6.358129069,54000,54000
1c64772d769f5723145d560ab6d0c4ce1fd2cb71,1606.23,63.70,6.403334285,54000,54000
018c34577e0d92bf70e5107d65a483730ebe0fcc,1629.55,64.42,6.496893740,54000,54000
adcea6e43673279f5bc2005e960aa460e14474b9,1592.78,63.00,6.342160479,54000,54000
81b3b7e19397de25a60f6b849dd6337dac189df4,1636.91,64.62,6.513084648,54000,54000
a38da1662b26a479483a43fe0dc9e05b466bd607,1641.69,64.61,6.540477376,54000,54000
ba3392726bb2246a2fc75cf2774bc7c1911c21d1,1615.50,63.79,6.455887005,54000,54000
4cd64e70d48f5ef587ded1f6eb663a6c3a4fc90c,1597.95,63.31,6.359456246,54000,54000
71a91e0d7bfd5768985dbae28c1ff5bd9a093ba2,1640.61,64.98,6.534082895,54000,55000
58009d6fa2050ef9b097f6c263cf0bc6ccac5a80,1601.27,63.38,6.369081198,54000,54000
06b1c03573945c0411a74082805cdc4a643cd2f8,1594.62,63.19,6.348323906,54000,54000
6c05525ed4ba39cfe34843faff87b3d4d540aa4a,1593.07,62.78,6.354576091,54000,54000
c029f1e4a959f60dfe432c6a2a806f214a8b35d4,1621.51,64.28,6.444427715,54000,54000
a38da1662b26a479483a43fe0dc9e05b466bd607,1603.78,63.38,6.381445268,54000,54000
620ab41ec5506c170bc51e5d002428451f1819f7,1651.43,65.08,6.574592567,54000,54000
adcea6e43673279f5bc2005e960aa460e14474b9,1558.05,61.57,6.208019208,54000,55000
78b2e6e65b800c974871221a6f755922860db952,1641.43,65.02,6.535020854,54000,54000
8dabfde4800a0a1c790936976297b539ea6c4946,1602.49,63.35,6.388076698,54000,54000
c80f3ecaf660422ef0f3c7eda724f86beddbd09b,1626.44,64.27,6.481395912,54000,54000
0a340d82b33dc396eedce4a8daf4faed65fabf67,1612.50,63.64,6.417761104,54000,54000
78b2e6e65b800c974871221a6f755922860db952,1606.54,63.54,6.402791758,54000,54000
adcea6e43673279f5bc2005e960aa460e14474b9,1571.49,61.78,6.269564703,54000,54000
d716b393837f3205ae4cd4ea3db395d65a39fb79,1594.10,62.99,6.351951008,54000,54000
a7a7fed881a41ceff2f1f9c464f88df0680daf9d,1600.13,63.36,6.386652400,54000,54000
3fffaa84f83bf6880c1350a7482e91bcd88ac4d3,1601.90,63.40,6.376489285,54000,54000
97846506cf4a3382f7c74e3f42034c7099a0203a,1619.15,64.04,6.457992718,54000,54000
f9726db01e92d591f9d20f2a9696fc4e86594d3c,1569.64,61.91,6.255208380,54000,54000
0abbb34706e9f3cf1650599eecacaf4779f36506,1634.06,64.92,6.508059993,54000,54000
f0f11f7aa18ca1a081e89dfc6ed30302cc7af8f3,1532.90,60.73,6.113236511,54000,54000
190af45cefbc175b2712d5b004b1d25d6199905b,1578.87,62.52,6.282225495,54000,54000
413bf1b018b14a791c5e1683db2c27353948961f,1591.21,62.74,6.340554426,54000,54000
d716b393837f3205ae4cd4ea3db395d65a39fb79,1582.19,62.31,6.313535328,54000,54000
89eddcfa07dab6e0c82abe26889edf22948e01b6,1652.74,65.43,6.586448886,54000,54000
d6144c2570323625f0600cac9621ef4800073cda,1607.30,63.56,6.404843401,54000,55000
e487ed5d0dae9544d476a28ca0bcc7b35c7fe5ef,1599.22,63.31,6.365132805,54000,54000
86d657fc3107fa62be5890178586188be6e1dd01,1625.64,64.09,6.467679948,54000,54000
c8a99877104a7cb7d1acc663e618487e49a14d34,1630.64,64.46,6.499130218,54000,54000
b3eed2970dc7f779af62087896d86529e7b4b439,1600.48,63.24,6.389484918,54000,54000
563d4d02f718af8238a1970a5b630ae1aaa62cb0,1586.51,62.57,6.317130785,54000,54000
89eddcfa07dab6e0c82abe26889edf22948e01b6,1649.81,65.53,6.561555370,54000,55000
3e246cdcb1de48b948dbfb1bcedce82479d75484,1641.81,65.10,6.525502193,54000,54000
93d23dc02c2ce6359988e5473a21eadc9db681b6,1642.31,64.99,6.532935858,55000,54000
43283a282933ebe9448c132ea5bf259dd3e98e35,1600.93,63.43,6.378341739,54000,54000
090c7d803f9c5b19312d70ac5f3b4d0a591caa49,1608.77,63.59,6.412167488,54000,54000
190af45cefbc175b2712d5b004b1d25d6199905b,1591.68,62.76,6.345236210,54000,54000
d716b393837f3205ae4cd4ea3db395d65a39fb79,1584.72,62.33,6.320198455,53000,54000
413bf1b018b14a791c5e1683db2c27353948961f,1603.45,63.48,6.388727253,54000,55000
137f42f0453796b43eda5521595decd0efa9796e,1601.82,62.89,6.384746072,54000,54000
71a91e0d7bfd5768985dbae28c1ff5bd9a093ba2,1621.88,64.16,6.468384955,54000,54000
a4b47328284e293fc0001b08ad081e39c5a15c7a,1584.49,62.77,6.322831836,54000,54000
51dee75bc94474b0e6d4785278ff6bab07b2c1dc,1574.59,62.42,6.282327441,54000,54000
4cd64e70d48f5ef587ded1f6eb663a6c3a4fc90c,1636.74,64.63,6.515780419,54000,54000
a38da1662b26a479483a43fe0dc9e05b466bd607,1658.25,65.96,6.594209240,54000,54000
4c9b1683cb7490653a4b953120d6457a7b60db1c,1605.68,63.29,6.408822305,54000,54000
5adb994a73919c4ee0749020c80f0f0280aa48f8,1596.03,63.22,6.347321726,54000,54000
78b2e6e65b800c974871221a6f755922860db952,1600.56,63.17,6.365739687,54000,54000
a38da1662b26a479483a43fe0dc9e05b466bd607,1626.47,64.12,6.473453217,54000,54000
4bd7e381d1f9be5160f8ef53a907d2d1e8f8b095,1595.77,62.86,6.364723004,54000,54000
0abbb34706e9f3cf1650599eecacaf4779f36506,1608.11,63.53,6.409769001,54000,54000
81b3b7e19397de25a60f6b849dd6337dac189df4,1647.18,65.09,6.561753082,54000,54000
d716b393837f3205ae4cd4ea3db395d65a39fb79,1593.84,63.15,6.338819498,54000,54000
d0ac6a9c717798b0d75b01c979eeec758c8911d6,1623.13,64.61,6.453148213,54000,54000
413bf1b018b14a791c5e1683db2c27353948961f,1611.02,63.79,6.415752427,54000,54000
71a91e0d7bfd5768985dbae28c1ff5bd9a093ba2,1625.40,64.30,6.471440463,54000,54000
af04dbaea75ebabd1a701c7e5df848e3c6468737,1624.01,64.39,6.459301522,54000,54000
35ca036d8055172d9fd1ca8d59810c043a0b23ad,1587.96,62.70,6.333370726,54000,54000
37e399422ce626aa09a6220f0f79d0c45d482a92,1577.16,62.30,6.297449487,54000,54000
018c34577e0d92bf70e5107d65a483730ebe0fcc,1636.48,64.86,6.514319741,54000,54000
413bf1b018b14a791c5e1683db2c27353948961f,1627.44,64.36,6.486836695,54000,54000
018c34577e0d92bf70e5107d65a483730ebe0fcc,1621.42,64.05,6.460688031,54000,54000
f909956b4921f6f95f613dac2b39f411387a740d,1633.00,64.69,6.493286953,54000,55000
3e3ce93324af169fa3208602e5a58db174aec431,1602.50,63.53,6.385109457,54000,54000
7da58ad1f656c82883ec7a160ffbabbf055f63b3,1640.93,64.87,6.544303938,54000,54000
97846506cf4a3382f7c74e3f42034c7099a0203a,1617.35,63.98,6.430328949,54000,54000
e9a50051a181e80022e775c5ef43222296a22f60,1633.21,64.50,6.504087885,54000,54000
7da58ad1f656c82883ec7a160ffbabbf055f63b3,1624.25,64.41,6.470933640,54000,54000
c352cb002070b7104872d651cac7f145e7cce543,1594.23,62.91,6.358914502,54000,54000
fe7fd33b74b923f25c768e166367b98d7bb516e9,1590.74,62.74,6.337265248,54000,54000
a48218e7a5fae7a02eed0b6b1de03dee80ae2d2b,1621.13,64.46,6.449437073,54000,54000
58009d6fa2050ef9b097f6c263cf0bc6ccac5a80,1632.49,64.66,6.500744422,54000,54000
fe8cf9bcad9b9aab8adb042fab439b757f551809,1607.08,63.42,6.409900960,54000,54000
35ca036d8055172d9fd1ca8d59810c043a0b23ad,1605.97,63.70,6.411152378,54000,54000
f9726db01e92d591f9d20f2a9696fc4e86594d3c,1587.08,62.94,6.324125797,54000,54000
3e246cdcb1de48b948dbfb1bcedce82479d75484,1634.24,64.96,6.490007764,54000,54000
61d03bba0c92439d87c9eee52698c7c7824eb096,1627.05,64.45,6.483176252,53000,54000
3e3ce93324af169fa3208602e5a58db174aec431,1612.20,63.63,6.435197669,54000,54000
16aa9d67f3da02c2dd649627b023625160d1a89a,1609.16,63.82,6.397028674,54000,54000
e5f1fcdb481933c1a19441261dcf033906147f78,1589.35,62.62,6.345263138,54000,54000
61d03bba0c92439d87c9eee52698c7c7824eb096,1601.10,63.34,6.390278479,54000,54000
37e399422ce626aa09a6220f0f79d0c45d482a92,1592.06,62.89,6.350933939,54000,54000
ee1afe348613305d8ff4f406e31e2ab6b795bfe4,1608.86,63.40,6.417206542,54000,54000
4782302a89bb2b7511bd0878fa923f404c3c3b99,1612.86,63.96,6.428332622,54000,54000
4782302a89bb2b7511bd0878fa923f404c3c3b99,1616.48,63.92,6.457792601,54000,54000
4c9b1683cb7490653a4b953120d6457a7b60db1c,1595.89,63.05,6.369945968,54000,54000
4782302a89bb2b7511bd0878fa923f404c3c3b99,1621.33,63.98,6.458793355,54000,54000
6c05525ed4ba39cfe34843faff87b3d4d540aa4a,1581.63,62.37,6.305362334,54000,54000
a4b47328284e293fc0001b08ad081e39c5a15c7a,1608.02,63.60,6.405356431,54000,54000
61d03bba0c92439d87c9eee52698c7c7824eb096,1608.62,63.68,6.409905814,54000,54000
d002348fd66395413d846f324fcd879e4db2a488,1633.43,64.43,6.502660936,54000,54000
00c5da3543cd814d5f2a93e8e169a2cafa89ad7c,1621.72,64.14,6.464519167,54000,54000
fe7fd33b74b923f25c768e166367b98d7bb516e9,1593.30,62.98,6.341824505,54000,54000
23262b9e79da43a30d7990e14b36db18a5119fde,1625.99,64.30,6.470918956,54000,54000
c80f3ecaf660422ef0f3c7eda724f86beddbd09b,1622.96,64.07,6.472913565,54000,54000
85c60c479eae1852ee56eb43a09a8d44484f798b,1630.94,64.58,6.505607193,54000,54000
e9a50051a181e80022e775c5ef43222296a22f60,1638.30,64.79,6.527506919,54000,54000
c3973e16d7fcd3606fd3b73fa2b4a7d35d047aa7,1598.12,63.53,6.362349287,54000,54000
9abeaacc1e74584ad05192ef1ea52bae93793dbc,1622.23,64.14,6.465199669,54000,53000
d7d3193ba5699603f62236f530cfb7eb78a10204,1677.63,66.63,6.675288027,54000,54000
86d657fc3107fa62be5890178586188be6e1dd01,1608.69,63.18,6.421877179,55000,54000
a7a7fed881a41ceff2f1f9c464f88df0680daf9d,1580.12,62.52,6.302475514,54000,54000
97846506cf4a3382f7c74e3f42034c7099a0203a,1621.23,64.15,6.454941154,54000,54000
57fdc78192bf30484e28e8ea7bb86c09bcad08b8,1630.06,64.18,6.497759428,54000,54000
c3973e16d7fcd3606fd3b73fa2b4a7d35d047aa7,1587.69,63.07,6.317362621,54000,54000
9abeaacc1e74584ad05192ef1ea52bae93793dbc,1639.48,64.96,6.517467871,55000,54000
f0f11f7aa18ca1a081e89dfc6ed30302cc7af8f3,1540.75,60.84,6.153469169,54000,54000
fe8cf9bcad9b9aab8adb042fab439b757f551809,1636.36,64.69,6.519047665,53000,55000
11d25fd70769de912a45bc6ae796da0cdad607e1,1547.28,61.25,6.173022703,54000,54000
4cd64e70d48f5ef587ded1f6eb663a6c3a4fc90c,1581.37,62.23,6.311584131,54000,54000
d0ac6a9c717798b0d75b01c979eeec758c8911d6,1607.29,63.55,6.397306610,54000,54000
ba3392726bb2246a2fc75cf2774bc7c1911c21d1,1571.43,62.06,6.264157402,54000,54000
3e246cdcb1de48b948dbfb1bcedce82479d75484,1656.70,65.78,6.575147269,54000,54000
11d25fd70769de912a45bc6ae796da0cdad607e1,1518.25,59.90,6.056697236,54000,54000
89eddcfa07dab6e0c82abe26889edf22948e01b6,1623.84,64.33,6.449464475,54000,55000
9abeaacc1e74584ad05192ef1ea52bae93793dbc,1637.43,64.57,6.517206041,54000,54000
f9726db01e92d591f9d20f2a9696fc4e86594d3c,1591.52,62.99,6.333307820,55000,55000
413bf1b018b14a791c5e1683db2c27353948961f,1641.62,64.91,6.534794509,54000,54000
a7a7fed881a41ceff2f1f9c464f88df0680daf9d,1596.63,63.20,6.372282858,54000,55000
06b1c03573945c0411a74082805cdc4a643cd2f8,1621.45,64.25,6.456195784,54000,54000
71a91e0d7bfd5768985dbae28c1ff5bd9a093ba2,1641.94,65.08,6.534694949,54000,54000
89eddcfa07dab6e0c82abe26889edf22948e01b6,1646.89,65.19,6.565953128,54000,54000
137f42f0453796b43eda5521595decd0efa9796e,1610.55,63.51,6.411922682,54000,55000
2cb64c57fca2a9ab45a5ac2c10a3bae84d9e0878,1603.11,63.37,6.392710890,54000,54000
b4a874596bdbd80ff1f995a3623bf957ef7b0ddf,1608.35,63.69,6.409294395,54000,54000
018c34577e0d92bf70e5107d65a483730ebe0fcc,1609.34,63.50,6.409571641,54000,54000
3d40e1c1a47c6174fdb63546840b7f8399447d07,1589.41,62.69,6.341922598,54000,54000
f9726db01e92d591f9d20f2a9696fc4e86594d3c,1585.66,62.83,6.316175713,54000,55000
1a93abca1912dbdabdccb86a70a6c82abb672c3a,1642.15,64.89,6.547121719,54000,54000
137f42f0453796b43eda5521595decd0efa9796e,1617.30,63.79,6.441856521,54000,54000
89eddcfa07dab6e0c82abe26889edf22948e01b6,1640.04,65.16,6.518369089,54000,54000
53cd9ff9f6030d908c158be646f62a99137b09e1,1648.33,65.21,6.548277179,54000,54000
8d6237e004a8661655a9bc5b914a59d1ca87307e,1615.98,63.84,6.432620697,54000,55000
16aa9d67f3da02c2dd649627b023625160d1a89a,1588.42,62.78,6.329274314,54000,54000
1c64772d769f5723145d560ab6d0c4ce1fd2cb71,1615.24,63.88,6.435613505,54000,54000
16aa9d67f3da02c2dd649627b023625160d1a89a,1638.27,64.92,6.515124461,54000,54000
97846506cf4a3382f7c74e3f42034c7099a0203a,1606.73,63.42,6.397005710,54000,54000
78b2e6e65b800c974871221a6f755922860db952,1651.84,65.31,6.583711992,54000,54000
06b1c03573945c0411a74082805cdc4a643cd2f8,1632.67,64.69,6.502447947,55000,54000
b590dfa14981eb31dd6148d4e03cd3eb515cefb7,1637.52,64.71,6.527354503,54000,54000
53cd9ff9f6030d908c158be646f62a99137b09e1,1651.94,65.31,6.584318960,54000,54000
e5f1fcdb481933c1a19441261dcf033906147f78,1600.53,63.30,6.383445365,55000,54000
d6144c2570323625f0600cac9621ef4800073cda,1589.46,62.66,6.333486862,54000,54000
4c9b1683cb7490653a4b953120d6457a7b60db1c,1608.85,63.70,6.425101335,54000,54000
91160707bb4224f024fab4bba4abb8788dd5a8a4,1622.83,64.31,6.462055395,54000,54000
fe7fd33b74b923f25c768e166367b98d7bb516e9,1580.99,62.35,6.310583984,54000,52000
2f814eafcf7c303aa5b1ff141f52a5265d26defe,1628.17,64.18,6.496534342,54000,55000
1a93abca1912dbdabdccb86a70a6c82abb672c3a,1632.00,65.01,6.497184069,54000,54000
6c05525ed4ba39cfe34843faff87b3d4d540aa4a,1586.50,63.00,6.332567940,54000,54000
d6144c2570323625f0600cac9621ef4800073cda,1598.65,63.43,6.372092062,54000,54000
a7a7fed881a41ceff2f1f9c464f88df0680daf9d,1584.81,62.93,6.318076503,54000,54000
413bf1b018b14a791c5e1683db2c27353948961f,1604.80,63.70,6.394996455,54000,53000
0a340d82b33dc396eedce4a8daf4faed65fabf67,1635.61,64.97,6.519445364,53000,54000
018c34577e0d92bf70e5107d65a483730ebe0fcc,1623.71,64.27,6.470640928,54000,54000
d64d207a67b59d2fc2b9a65e362cc2ddacd1881e,1641.93,65.16,6.537460905,54000,54000
4c9b1683cb7490653a4b953120d6457a7b60db1c,1622.32,64.16,6.479879980,54000,54000
d716b393837f3205ae4cd4ea3db395d65a39fb79,1587.86,62.66,6.332787101,54000,54000
8f1499cbdb6e1518a552ef61fa381523015eb672,1590.96,62.67,6.346881749,54000,54000
b4a874596bdbd80ff1f995a3623bf957ef7b0ddf,1593.45,63.12,6.363043457,54000,54000
e2b1d8bc16e430c1823d37034d9eca6d2f65d6d7,1611.98,64.18,6.432897858,54000,54000
620ab41ec5506c170bc51e5d002428451f1819f7,1624.97,64.39,6.463433943,54000,54000
58009d6fa2050ef9b097f6c263cf0bc6ccac5a80,1612.72,63.80,6.429367340,54000,54000
23262b9e79da43a30d7990e14b36db18a5119fde,1613.81,63.54,6.427570873,54000,54000
97846506cf4a3382f7c74e3f42034c7099a0203a,1650.71,65.56,6.595190818,54000,54000
7622713cbee75d2640fc5ec34355101069fc8c87,1617.57,64.03,6.433759684,54000,54000
af8b93548b9d425b248dba38d0493a4b69dedd7f,1624.32,64.20,6.462044161,54000,54000
86d657fc3107fa62be5890178586188be6e1dd01,1635.69,64.75,6.508319213,54000,54000
ba3392726bb2246a2fc75cf2774bc7c1911c21d1,1582.29,62.74,6.309825674,54000,54000
a38da1662b26a479483a43fe0dc9e05b466bd607,1612.52,63.84,6.415621388,54000,54000
a4b47328284e293fc0001b08ad081e39c5a15c7a,1589.60,62.64,6.342094646,54000,54000
137f42f0453796b43eda5521595decd0efa9796e,1618.22,64.06,6.449023139,54000,55000
7622713cbee75d2640fc5ec34355101069fc8c87,1632.93,64.76,6.506137883,54000,55000
d716b393837f3205ae4cd4ea3db395d65a39fb79,1596.37,63.27,6.356650829,54000,54000
a4b47328284e293fc0001b08ad081e39c5a15c7a,1601.24,63.60,6.374485677,54000,54000
563d4d02f718af8238a1970a5b630ae1aaa62cb0,1578.06,62.48,6.276832654,54000,54000
af8b93548b9d425b248dba38d0493a4b69dedd7f,1631.46,64.48,6.503778812,54000,54000
0d58c5978ebdc50c4cd72d9a39dba9ecbafbad11,1647.70,65.33,6.555622777,54000,54000
f9726db01e92d591f9d20f2a9696fc4e86594d3c,1581.84,62.91,6.297590414,54000,55000
16aa9d67f3da02c2dd649627b023625160d1a89a,1619.77,64.29,6.441905361,54000,54000
d64d207a67b59d2fc2b9a65e362cc2ddacd1881e,1622.69,64.31,6.446955201,54000,55000
adcea6e43673279f5bc2005e960aa460e14474b9,1583.29,62.62,6.307983068,54000,54000
43283a282933ebe9448c132ea5bf259dd3e98e35,1590.71,63.00,6.341215352,54000,54000
0d58c5978ebdc50c4cd72d9a39dba9ecbafbad11,1622.70,64.11,6.450419150,55000,54000
8f1499cbdb6e1518a552ef61fa381523015eb672,1586.61,62.62,6.323810644,55000,54000
af8b93548b9d425b248dba38d0493a4b69dedd7f,1639.65,65.11,6.519911832,54000,54000
23262b9e79da43a30d7990e14b36db18a5119fde,1631.14,64.68,6.490266027,54000,54000
71a91e0d7bfd5768985dbae28c1ff5bd9a093ba2,1636.29,64.92,6.514959772,54000,55000
f909956b4921f6f95f613dac2b39f411387a740d,1640.31,64.95,6.527535724,54000,54000
68eed73c021c49e08c88793264dfa3b044491623,1617.18,64.03,6.443224279,54000,54000
2cb64c57fca2a9ab45a5ac2c10a3bae84d9e0878,1606.24,63.53,6.397435669,54000,54000
e487ed5d0dae9544d476a28ca0bcc7b35c7fe5ef,1610.37,63.83,6.418293704,55000,55000
61d03bba0c92439d87c9eee52698c7c7824eb096,1654.86,65.88,6.598096959,54000,54000
af04dbaea75ebabd1a701c7e5df848e3c6468737,1611.58,63.58,6.420417610,54000,54000
53cd9ff9f6030d908c158be646f62a99137b09e1,1644.46,65.08,6.550126767,55000,54000
0250a6c1f351d73a200e9b3d98d11eecf143496b,1628.97,64.54,6.495728822,54000,54000
58009d6fa2050ef9b097f6c263cf0bc6ccac5a80,1609.81,63.63,6.418864576,54000,54000
190af45cefbc175b2712d5b004b1d25d6199905b,1569.96,62.03,6.265750643,54000,54000
f9726db01e92d591f9d20f2a9696fc4e86594d3c,1584.98,63.00,6.311758675,54000,54000
924fc3ff6f8793a57172e71abb5f8c433fb1b2ef,1613.60,63.80,6.454018383,54000,54000
51dee75bc94474b0e6d4785278ff6bab07b2c1dc,1578.12,62.54,6.295254099,54000,54000
57fdc78192bf30484e28e8ea7bb86c09bcad08b8,1610.23,63.29,6.423477342,54000,54000
413bf1b018b14a791c5e1683db2c27353948961f,1616.98,63.91,6.447564875,54000,54000
f1cb24e35449a41df1815be15223606ce6fcd24d,1640.42,64.86,6.540194271,54000,54000
fe7fd33b74b923f25c768e166367b98d7bb516e9,1584.35,62.45,6.328944857,54000,54000
0250a6c1f351d73a200e9b3d98d11eecf143496b,1620.00,64.30,6.461273142,54000,53000
b3eed2970dc7f779af62087896d86529e7b4b439,1607.95,63.75,6.418198142,54000,54000
23262b9e79da43a30d7990e14b36db18a5119fde,1637.09,64.83,6.525667885,55000,54000
1c64772d769f5723145d560ab6d0c4ce1fd2cb71,1576.63,62.28,6.284832004,54000,54000
4782302a89bb2b7511bd0878fa923f404c3c3b99,1620.65,63.90,6.462530509,54000,54000
190af45cefbc175b2712d5b004b1d25d6199905b,1566.10,62.20,6.240868133,54000,54000
c352cb002070b7104872d651cac7f145e7cce543,1579.28,62.65,6.304521011,54000,54000
c8a99877104a7cb7d1acc663e618487e49a14d34,1628.44,64.40,6.492516795,54000,54000
f0f11f7aa18ca1a081e89dfc6ed30302cc7af8f3,1530.36,60.77,6.117355649,54000,54000
89eddcfa07dab6e0c82abe26889edf22948e01b6,1633.01,64.80,6.511278891,54000,54000
3ae1880c7f7e2e362811f2f70c26a04514b7e22e,1622.76,64.21,6.476973018,54000,54000
af8b93548b9d425b248dba38d0493a4b69dedd7f,1640.65,64.89,6.526667508,54000,54000
6c05525ed4ba39cfe34843faff87b3d4d540aa4a,1606.43,63.44,6.414481870,54000,54000
3d40e1c1a47c6174fdb63546840b7f8399447d07,1580.15,62.41,6.303806104,54000,54000
f1cb24e35449a41df1815be15223606ce6fcd24d,1606.83,63.54,6.402541483,54000,54000
d002348fd66395413d846f324fcd879e4db2a488,1617.33,64.02,6.440204190,54000,54000
d0ac6a9c717798b0d75b01c979eeec758c8911d6,1602.61,63.30,6.384693872,54000,54000
53cd9ff9f6030d908c158be646f62a99137b09e1,1613.32,63.86,6.421855736,54000,54000
00c5da3543cd814d5f2a93e8e169a2cafa89ad7c,1595.35,63.06,6.365213384,54000,54000
c029f1e4a959f60dfe432c6a2a806f214a8b35d4,1627.58,64.54,6.469824510,54000,54000
d70285b49748f4fc018a71a49e837360c79a6d63,1601.99,63.40,6.379330328,54000,54000
7622713cbee75d2640fc5ec34355101069fc8c87,1648.07,65.20,6.568630639,54000,54000
3fffaa84f83bf6880c1350a7482e91bcd88ac4d3,1614.46,63.59,6.440063274,54000,54000
190af45cefbc175b2712d5b004b1d25d6199905b,1559.88,61.78,6.218188773,54000,54000
620ab41ec5506c170bc51e5d002428451f1819f7,1633.23,64.47,6.503556436,54000,54000
d002348fd66395413d846f324fcd879e4db2a488,1631.68,64.72,6.496783238,54000,54000
0d58c5978ebdc50c4cd72d9a39dba9ecbafbad11,1606.70,63.68,6.411137805,54000,54000
06b1c03573945c0411a74082805cdc4a643cd2f8,1611.46,63.87,6.415376943,54000,54000
af04dbaea75ebabd1a701c7e5df848e3c6468737,1603.75,63.15,6.390487641,54000,54000
c8a99877104a7cb7d1acc663e618487e49a14d34,1630.63,64.33,6.493689743,54000,54000
f9726db01e92d591f9d20f2a9696fc4e86594d3c,1609.80,63.60,6.417726812,54000,54000
d70285b49748f4fc018a71a49e837360c79a6d63,1607.39,63.70,6.393559217,54000,54000
57fdc78192bf30484e28e8ea7bb86c09bcad08b8,1606.64,63.65,6.397702531,54000,54000
c029f1e4a959f60dfe432c6a2a806f214a8b35d4,1613.51,64.03,6.415507741,53000,54000
a7a7fed881a41ceff2f1f9c464f88df0680daf9d,1600.59,63.52,6.378291502,54000,54000
2cb64c57fca2a9ab45a5ac2c10a3bae84d9e0878,1593.99,62.96,6.359670478,54000,54000
57fdc78192bf30484e28e8ea7bb86c09bcad08b8,1618.27,64.13,6.438575293,54000,53000
97846506cf4a3382f7c74e3f42034c7099a0203a,1622.13,64.04,6.456191617,54000,54000
0abbb34706e9f3cf1650599eecacaf4779f36506,1591.15,62.65,6.351207130,54000,54000
b6866d8d9aeaff22a7f28f289ab644e9681d46cd,1659.16,65.84,6.605918426,53000,54000
61d03bba0c92439d87c9eee52698c7c7824eb096,1618.88,63.59,6.461695501,54000,54000
f9726db01e92d591f9d20f2a9696fc4e86594d3c,1567.96,61.98,6.244116691,54000,54000
8d6237e004a8661655a9bc5b914a59d1ca87307e,1626.20,64.72,6.469673115,54000,54000
018c34577e0d92bf70e5107d65a483730ebe0fcc,1601.63,63.12,6.389965975,54000,54000
7da58ad1f656c82883ec7a160ffbabbf055f63b3,1614.01,64.01,6.428813776,54000,54000
86d657fc3107fa62be5890178586188be6e1dd01,1622.26,64.23,6.453573177,54000,53000
3d40e1c1a47c6174fdb63546840b7f8399447d07,1605.23,63.57,6.393572052,54000,54000
71a91e0d7bfd5768985dbae28c1ff5bd9a093ba2,1610.93,63.67,6.416759323,54000,54000
53cd9ff9f6030d908c158be646f62a99137b09e1,1667.05,65.96,6.647401103,54000,53000
d716b393837f3205ae4cd4ea3db395d65a39fb79,1604.20,63.29,6.414322422,54000,54000
e2b1d8bc16e430c1823d37034d9eca6d2f65d6d7,1589.00,62.78,6.327840650,54000,54000
9abeaacc1e74584ad05192ef1ea52bae93793dbc,1639.64,65.07,6.532254335,54000,54000
c352cb002070b7104872d651cac7f145e7cce543,1585.32,62.66,6.329075736,55000,54000
563d4d02f718af8238a1970a5b630ae1aaa62cb0,1598.82,63.58,6.372446978,54000,54000
c352cb002070b7104872d651cac7f145e7cce543,1612.56,63.76,6.435670092,54000,54000
f1cb24e35449a41df1815be15223606ce6fcd24d,1608.45,63.35,6.409240450,54000,54000
8f1499cbdb6e1518a552ef61fa381523015eb672,1591.30,62.89,6.347579322,54000,54000
413bf1b018b14a791c5e1683db2c27353948961f,1601.19,63.07,6.376755839,54000,54000
b6866d8d9aeaff22a7f28f289ab644e9681d46cd,1621.52,64.24,6.463300345,54000,54000
c8a99877104a7cb7d1acc663e618487e49a14d34,1651.58,65.63,6.563536169,54000,54000
620ab41ec5506c170bc51e5d002428451f1819f7,1644.48,64.79,6.552908900,54000,54000
b3eed2970dc7f779af62087896d86529e7b4b439,1584.26,62.59,6.329046249,54000,54000
f9726db01e92d591f9d20f2a9696fc4e86594d3c,1544.97,60.93,6.167786920,54000,53000
78b2e6e65b800c974871221a6f755922860db952,1603.60,63.25,6.389142804,54000,54000
f909956b4921f6f95f613dac2b39f411387a740d,1654.37,65.56,6.584485043,54000,54000
61d03bba0c92439d87c9eee52698c7c7824eb096,1614.59,63.92,6.431952129,54000,54000
c029f1e4a959f60dfe432c6a2a806f214a8b35d4,1620.45,64.15,6.451981930,54000,54000
924fc3ff6f8793a57172e71abb5f8c433fb1b2ef,1597.59,63.30,6.367615084,54000,54000
0250a6c1f351d73a200e9b3d98d11eecf143496b,1613.01,63.87,6.438141751,54000,54000
f1cb24e35449a41df1815be15223606ce6fcd24d,1628.47,64.40,6.485329957,54000,53000
7622713cbee75d2640fc5ec34355101069fc8c87,1636.97,64.73,6.536303183,54000,54000
adcea6e43673279f5bc2005e960aa460e14474b9,1588.46,62.45,6.343858251,54000,54000
e2b1d8bc16e430c1823d37034d9eca6d2f65d6d7,1612.13,63.81,6.427110818,54000,53000
91160707bb4224f024fab4bba4abb8788dd5a8a4,1641.00,64.83,6.531905486,54000,54000
b3eed2970dc7f779af62087896d86529e7b4b439,1626.07,64.19,6.500981415,54000,54000
e9a50051a181e80022e775c5ef43222296a22f60,1605.66,63.55,6.395100160,54000,54000
f0f11f7aa18ca1a081e89dfc6ed30302cc7af8f3,1532.76,60.66,6.122664777,54000,54000
68eed73c021c49e08c88793264dfa3b044491623,1627.64,64.50,6.491427633,54000,54000
89eddcfa07dab6e0c82abe26889edf22948e01b6,1626.78,64.42,6.471596994,54000,54000
7da58ad1f656c82883ec7a160ffbabbf055f63b3,1621.23,64.38,6.442380139,54000,54000
c0c7b08fb2cbcc7c46c32382796bd5b232d8fb71,1603.39,63.44,6.382327212,54000,54000
8d6237e004a8661655a9bc5b914a59d1ca87307e,1653.11,65.39,6.579169009,54000,54000
89eddcfa07dab6e0c82abe26889edf22948e01b6,1625.54,64.62,6.465710187,54000,54000
68eed73c021c49e08c88793264dfa3b044491623,1603.78,63.33,6.389859244,54000,54000
c0c7b08fb2cbcc7c46c32382796bd5b232d8fb71,1603.23,63.55,6.384997051,54000,54000
f1cb24e35449a41df1815be15223606ce6fcd24d,1619.95,64.22,6.452965781,54000,54000
b4a874596bdbd80ff1f995a3623bf957ef7b0ddf,1596.56,63.13,6.357718338,54000,54000
af04dbaea75ebabd1a701c7e5df848e3c6468737,1603.32,63.34,6.375042691,54000,54000
af8b93548b9d425b248dba38d0493a4b69dedd7f,1633.46,64.51,6.486889182,54000,54000
c0c7b08fb2cbcc7c46c32382796bd5b232d8fb71,1590.00,62.80,6.335716034,54000,54000
3e3ce93324af169fa3208602e5a58db174aec431,1602.12,63.27,6.376343884,54000,54000
190af45cefbc175b2712d5b004b1d25d6199905b,1563.31,61.66,6.225580805,54000,54000
4c9b1683cb7490653a4b953120d6457a7b60db1c,1613.91,63.75,6.427352855,54000,54000
b3eed2970dc7f779af62087896d86529e7b4b439,1578.33,62.32,6.289248209,54000,54000
00c5da3543cd814d5f2a93e8e169a2cafa89ad7c,1612.18,63.80,6.409445626,54000,54000
43283a282933ebe9448c132ea5bf259dd3e98e35,1607.88,63.40,6.409236620,54000,54000
8dabfde4800a0a1c790936976297b539ea6c4946,1618.04,63.73,6.439285287,54000,54000
018c34577e0d92bf70e5107d65a483730ebe0fcc,1610.25,63.57,6.416128894,54000,54000
43283a282933ebe9448c132ea5bf259dd3e98e35,1583.55,62.45,6.314037676,54000,54000
e487ed5d0dae9544d476a28ca0bcc7b35c7fe5ef,1607.60,63.28,6.406350016,54000,54000
4cd64e70d48f5ef587ded1f6eb663a6c3a4fc90c,1600.88,63.52,6.375636250,54000,52000
2f814eafcf7c303aa5b1ff141f52a5265d26defe,1611.44,63.69,6.419182652,53000,54000
d716b393837f3205ae4cd4ea3db395d65a39fb79,1574.87,62.06,6.277114757,54000,54000
23262b9e79da43a30d7990e14b36db18a5119fde,1627.22,64.04,6.483793753,54000,54000
57fdc78192bf30484e28e8ea7bb86c09bcad08b8,1628.00,64.18,6.478246494,54000,54000
c352cb002070b7104872d651cac7f145e7cce543,1585.31,62.40,6.317364696,54000,54000
6c05525ed4ba39cfe34843faff87b3d4d540aa4a,1565.41,61.76,6.250466253,54000,54000
ee1afe348613305d8ff4f406e31e2ab6b795bfe4,1613.07,63.64,6.421905536,54000,54000
a48218e7a5fae7a02eed0b6b1de03dee80ae2d2b,1607.45,63.43,6.401541688,54000,54000
d7d3193ba5699603f62236f530cfb7eb78a10204,1631.64,64.53,6.485630717,54000,54000
85c60c479eae1852ee56eb43a09a8d44484f798b,1622.97,64.33,6.508085459,54000,54000
85c60c479eae1852ee56eb43a09a8d44484f798b,1604.02,63.67,6.390423277,54000,54000
c80f3ecaf660422ef0f3c7eda724f86beddbd09b,1623.52,64.28,6.479690490,54000,54000
3e3ce93324af169fa3208602e5a58db174aec431,1592.00,63.04,6.350087882,54000,54000
880fd60d9c7c9b9d5a5b77c7b93b5f4d73d01a67,1600.96,63.31,6.382102244,54000,54000
8dabfde4800a0a1c790936976297b539ea6c4946,1612.94,63.76,6.423211823,54000,54000
620ab41ec5506c170bc51e5d002428451f1819f7,1637.88,64.99,6.527621430,54000,54000
23262b9e79da43a30d7990e14b36db18a5119fde,1643.34,65.18,6.543111473,54000,54000
0abbb34706e9f3cf1650599eecacaf4779f36506,1610.86,63.71,6.443265293,54000,55000
68eed73c021c49e08c88793264dfa3b044491623,1607.21,63.73,6.411093421,55000,54000
a48218e7a5fae7a02eed0b6b1de03dee80ae2d2b,1628.42,64.43,6.482269876,54000,54000
9abeaacc1e74584ad05192ef1ea52bae93793dbc,1675.03,66.29,6.682724534,54000,54000
1a93abca1912dbdabdccb86a70a6c82abb672c3a,1619.29,64.10,6.449763547,54000,54000
53cd9ff9f6030d908c158be646f62a99137b09e1,1666.44,66.12,6.638104763,54000,54000
53cd9ff9f6030d908c158be646f62a99137b09e1,1641.96,65.05,6.549703391,54000,54000
c029f1e4a959f60dfe432c6a2a806f214a8b35d4,1634.36,64.47,6.505560674,54000,54000
b6866d8d9aeaff22a7f28f289ab644e9681d46cd,1629.50,64.57,6.501403540,54000,54000
d6144c2570323625f0600cac9621ef4800073cda,1592.36,62.91,6.341368023,54000,54000
d64d207a67b59d2fc2b9a65e362cc2ddacd1881e,1610.18,63.72,6.412350955,54000,53000
d64d207a67b59d2fc2b9a65e362cc2ddacd1881e,1602.23,63.31,6.382807175,54000,54000
00c5da3543cd814d5f2a93e8e169a2cafa89ad7c,1617.30,64.04,6.439000554,54000,54000
b3eed2970dc7f779af62087896d86529e7b4b439,1622.91,63.54,6.486672558,54000,54000
4782302a89bb2b7511bd0878fa923f404c3c3b99,1616.76,63.77,6.433268428,54000,54000
93d23dc02c2ce6359988e5473a21eadc9db681b6,1624.37,64.07,6.463484558,54000,54000
d70285b49748f4fc018a71a49e837360c79a6d63,1587.20,62.54,6.312978616,54000,54000
d6144c2570323625f0600cac9621ef4800073cda,1622.05,64.14,6.446717937,54000,54000
500d1cb979ea3c45b67dd059e06629f2dc21ea7c,1618.29,63.82,6.439650535,54000,54000
91160707bb4224f024fab4bba4abb8788dd5a8a4,1629.63,64.43,6.485813011,54000,54000
89eddcfa07dab6e0c82abe26889edf22948e01b6,1651.21,65.13,6.564007426,54000,54000
5adb994a73919c4ee0749020c80f0f0280aa48f8,1597.11,63.16,6.361263830,54000,54000
8dabfde4800a0a1c790936976297b539ea6c4946,1616.48,63.89,6.430868197,54000,54000
090c7d803f9c5b19312d70ac5f3b4d0a591caa49,1590.90,62.87,6.343298661,54000,54000
0250a6c1f351d73a200e9b3d98d11eecf143496b,1613.05,63.88,6.422761167,54000,54000
57fdc78192bf30484e28e8ea7bb86c09bcad08b8,1627.00,64.40,6.461475945,53000,54000
06b1c03573945c0411a74082805cdc4a643cd2f8,1604.16,63.30,6.388823177,55000,54000
f9726db01e92d591f9d20f2a9696fc4e86594d3c,1574.65,62.08,6.272023047,54000,54000
fe7fd33b74b923f25c768e166367b98d7bb516e9,1578.44,61.94,6.292306440,54000,54000
06b1c03573945c0411a74082805cdc4a643cd2f8,1625.94,64.18,6.472334583,54000,54000
d70285b49748f4fc018a71a49e837360c79a6d63,1595.09,63.05,6.355957341,54000,54000
b3eed2970dc7f779af62087896d86529e7b4b439,1639.51,64.87,6.554335758,54000,54000
3e246cdcb1de48b948dbfb1bcedce82479d75484,1667.03,65.78,6.620462413,54000,54000
78b2e6e65b800c974871221a6f755922860db952,1606.19,63.26,6.397516561,54000,54000
4cd64e70d48f5ef587ded1f6eb663a6c3a4fc90c,1592.71,62.68,6.340991280,54000,55000
97846506cf4a3382f7c74e3f42034c7099a0203a,1637.33,64.65,6.510636633,55000,54000
b590dfa14981eb31dd6148d4e03cd3eb515cefb7,1622.18,63.75,6.457723025,54000,54000
880fd60d9c7c9b9d5a5b77c7b93b5f4d73d01a67,1602.22,63.33,6.375776546,54000,53000
3d40e1c1a47c6174fdb63546840b7f8399447d07,1602.78,63.07,6.387636906,54000,54000
91160707bb4224f024fab4bba4abb8788dd5a8a4,1609.61,63.51,6.399971808,54000,54000
00c5da3543cd814d5f2a93e8e169a2cafa89ad7c,1594.64,62.78,6.350872495,54000,54000
c352cb002070b7104872d651cac7f145e7cce543,1597.50,62.95,6.359960170,54000,55000
d7d3193ba5699603f62236f530cfb7eb78a10204,1670.71,65.70,6.663343163,54000,54000
adcea6e43673279f5bc2005e960aa460e14474b9,1590.03,62.35,6.345956831,54000,54000
8d6237e004a8661655a9bc5b914a59d1ca87307e,1630.46,64.12,6.490751428,54000,54000
3e246cdcb1de48b948dbfb1bcedce82479d75484,1651.40,65.33,6.548930938,54000,54000
e5f1fcdb481933c1a19441261dcf033906147f78,1614.82,63.31,6.439679577,54000,54000
4c9b1683cb7490653a4b953120d6457a7b60db1c,1597.29,63.28,6.362246674,55000,54000
58009d6fa2050ef9b097f6c263cf0bc6ccac5a80,1624.39,64.17,6.455885251,54000,55000
d6144c2570323625f0600cac9621ef4800073cda,1609.13,63.28,6.413951037,54000,54000
4cd64e70d48f5ef587ded1f6eb663a6c3a4fc90c,1614.21,63.76,6.427636478,54000,54000
3d40e1c1a47c6174fdb63546840b7f8399447d07,1606.62,63.37,6.410675408,54000,55000
c80f3ecaf660422ef0f3c7eda724f86beddbd09b,1632.50,64.20,6.510038007,54000,54000
223cf2bf6d2b4216f9229d80add8467ece1601d0,1578.66,62.49,6.294885316,54000,54000
a7a7fed881a41ceff2f1f9c464f88df0680daf9d,1581.05,62.32,6.302164054,54000,54000
7622713cbee75d2640fc5ec34355101069fc8c87,1642.13,65.09,6.539940677,54000,54000
4c9b1683cb7490653a4b953120d6457a7b60db1c,1608.12,63.54,6.421577379,54000,54000
3ae1880c7f7e2e362811f2f70c26a04514b7e22e,1618.64,63.75,6.455774563,54000,54000
d7d3193ba5699603f62236f530cfb7eb78a10204,1627.09,64.16,6.482227969,54000,54000
a13289a1c1a3192e78df65a5df7973df3aebae79,1526.85,60.09,6.090670260,54000,54000
7622713cbee75d2640fc5ec34355101069fc8c87,1639.20,65.00,6.535587037,54000,54000
3e3ce93324af169fa3208602e5a58db174aec431,1606.56,63.68,6.403975646,54000,54000
2cb64c57fca2a9ab45a5ac2c10a3bae84d9e0878,1602.79,63.27,6.387879645,54000,54000
51dee75bc94474b0e6d4785278ff6bab07b2c1dc,1588.36,62.99,6.336862424,54000,54000
8dabfde4800a0a1c790936976297b539ea6c4946,1610.17,63.34,6.416049304,54000,54000
924fc3ff6f8793a57172e71abb5f8c433fb1b2ef,1591.83,62.74,6.346906349,54000,54000
c352cb002070b7104872d651cac7f145e7cce543,1595.03,62.73,6.356041037,54000,54000
e5f1fcdb481933c1a19441261dcf033906147f78,1583.31,62.24,6.320018871,54000,54000
35ca036d8055172d9fd1ca8d59810c043a0b23ad,1616.00,63.88,6.441135250,54000,55000
3ae1880c7f7e2e362811f2f70c26a04514b7e22e,1618.19,63.94,6.444153137,54000,54000
35ca036d8055172d9fd1ca8d59810c043a0b23ad,1603.23,63.23,6.406839250,54000,54000
ba3392726bb2246a2fc75cf2774bc7c1911c21d1,1588.91,62.56,6.340051310,54000,54000
d716b393837f3205ae4cd4ea3db395d65a39fb79,1596.74,63.28,6.362297843,54000,54000
e2b1d8bc16e430c1823d37034d9eca6d2f65d6d7,1620.33,63.82,6.458876239,54000,54000
71a91e0d7bfd5768985dbae28c1ff5bd9a093ba2,1608.45,63.35,6.403833350,54000,54000
4c9b1683cb7490653a4b953120d6457a7b60db1c,1630.07,64.48,6.494501359,54000,54000
e5f1fcdb481933c1a19441261dcf033906147f78,1590.05,62.57,6.342358116,54000,54000
018c34577e0d92bf70e5107d65a483730ebe0fcc,1634.60,64.58,6.507368534,54000,54000
fe7fd33b74b923f25c768e166367b98d7bb516e9,1573.91,61.93,6.275820050,54000,54000
2cb64c57fca2a9ab45a5ac2c10a3bae84d9e0878,1627.05,64.08,6.498137634,53000,54000
8f1499cbdb6e1518a552ef61fa381523015eb672,1586.81,62.38,6.330957389,54000,54000
e2b1d8bc16e430c1823d37034d9eca6d2f65d6d7,1602.81,63.36,6.383944218,54000,54000
3e246cdcb1de48b948dbfb1bcedce82479d75484,1688.96,67.17,6.711058753,54000,54000
af8b93548b9d425b248dba38d0493a4b69dedd7f,1618.96,64.10,6.427996008,54000,54000
51dee75bc94474b0e6d4785278ff6bab07b2c1dc,1585.43,62.44,6.316083858,54000,54000
7622713cbee75d2640fc5ec34355101069fc8c87,1648.51,65.10,6.555915442,54000,54000
25c446b757986f0ed4641d9ee8afab6f99af579a,1637.69,64.38,6.531188607,54000,54000
e487ed5d0dae9544d476a28ca0bcc7b35c7fe5ef,1623.04,64.11,6.457724274,54000,55000
78b2e6e65b800c974871221a6f755922860db952,1582.17,62.34,6.297320557,54000,54000
51dee75bc94474b0e6d4785278ff6bab07b2c1dc,1579.91,62.16,6.297094296,54000,54000
b6866d8d9aeaff22a7f28f289ab644e9681d46cd,1657.86,65.53,6.597484628,54000,54000
57fdc78192bf30484e28e8ea7bb86c09bcad08b8,1623.43,63.95,6.455506034,54000,54000
2cb64c57fca2a9ab45a5ac2c10a3bae84d9e0878,1599.17,62.79,6.361040937,54000,55000
c8a99877104a7cb7d1acc663e618487e49a14d34,1621.00,63.99,6.446713687,54000,54000
97846506cf4a3382f7c74e3f42034c7099a0203a,1641.65,64.74,6.530997862,54000,54000
d7d3193ba5699603f62236f530cfb7eb78a10204,1622.24,63.87,6.454835888,53000,54000
563d4d02f718af8238a1970a5b630ae1aaa62cb0,1592.09,63.03,6.342465200,53000,54000
4782302a89bb2b7511bd0878fa923f404c3c3b99,1623.76,64.41,6.455047621,54000,54000
ee1afe348613305d8ff4f406e31e2ab6b795bfe4,1648.04,65.09,6.547283975,54000,54000
0250a6c1f351d73a200e9b3d98d11eecf143496b,1626.40,63.99,6.474721929,54000,54000
924fc3ff6f8793a57172e71abb5f8c433fb1b2ef,1588.11,62.53,6.334267315,54000,53000
137f42f0453796b43eda5521595decd0efa9796e,1599.32,62.87,6.357765134,54000,54000
78b2e6e65b800c974871221a6f755922860db952,1620.18,64.09,6.448811651,54000,54000
a38da1662b26a479483a43fe0dc9e05b466bd607,1635.79,64.38,6.514253858,54000,54000
00c5da3543cd814d5f2a93e8e169a2cafa89ad7c,1620.92,64.17,6.459805328,54000,54000
85c60c479eae1852ee56eb43a09a8d44484f798b,1635.71,64.76,6.499489030,54000,53000
d70285b49748f4fc018a71a49e837360c79a6d63,1620.21,64.25,6.455979625,54000,54000
2f814eafcf7c303aa5b1ff141f52a5265d26defe,1594.29,62.95,6.350579542,54000,54000
223cf2bf6d2b4216f9229d80add8467ece1601d0,1603.28,63.55,6.390930269,54000,54000
97846506cf4a3382f7c74e3f42034c7099a0203a,1648.43,64.98,6.574211179,54000,54000
f909956b4921f6f95f613dac2b39f411387a740d,1622.21,64.16,6.468492758,54000,54000
c80f3ecaf660422ef0f3c7eda724f86beddbd09b,1623.65,64.11,6.473110461,54000,54000
43283a282933ebe9448c132ea5bf259dd3e98e35,1593.84,63.02,6.365482780,54000,54000
1a93abca1912dbdabdccb86a70a6c82abb672c3a,1615.20,63.98,6.447114733,54000,54000
c0c7b08fb2cbcc7c46c32382796bd5b232d8fb71,1590.58,62.73,6.332948278,54000,53000
9abeaacc1e74584ad05192ef1ea52bae93793dbc,1614.99,63.91,6.425559635,54000,54000
b4a874596bdbd80ff1f995a3623bf957ef7b0ddf,1607.80,63.57,6.413424525,54000,54000
3d40e1c1a47c6174fdb63546840b7f8399447d07,1594.55,63.02,6.364042188,54000,54000
58009d6fa2050ef9b097f6c263cf0bc6ccac5a80,1634.31,64.45,6.513761449,54000,54000
0d58c5978ebdc50c4cd72d9a39dba9ecbafbad11,1620.00,63.95,6.467435793,54000,54000
f909956b4921f6f95f613dac2b39f411387a740d,1629.30,64.45,6.489648350,54000,55000
c3973e16d7fcd3606fd3b73fa2b4a7d35d047aa7,1601.33,63.35,6.376020528,54000,54000
ba3392726bb2246a2fc75cf2774bc7c1911c21d1,1605.90,63.34,6.399982699,54000,54000
1c64772d769f5723145d560ab6d0c4ce1fd2cb71,1578.50,62.32,6.295398365,54000,54000
5adb994a73919c4ee0749020c80f0f0280aa48f8,1575.78,62.21,6.291225434,53000,54000
fe7fd33b74b923f25c768e166367b98d7bb516e9,1604.27,63.22,6.402326024,54000,54000
3e246cdcb1de48b948dbfb1bcedce82479d75484,1674.50,66.61,6.662189002,54000,53000
8d6237e004a8661655a9bc5b914a59d1ca87307e,1635.44,64.73,6.518952052,54000,54000
1a93abca1912dbdabdccb86a70a6c82abb672c3a,1614.27,63.74,6.427027556,54000,54000
77e310755bf6cdd737a57941106d6e5113406244,1601.18,63.55,6.385597614,54000,54000
8f1499cbdb6e1518a552ef61fa381523015eb672,1602.24,63.26,6.381691420,54000,54000
c8a99877104a7cb7d1acc663e618487e49a14d34,1635.41,64.70,6.519137437,54000,53000
1c64772d769f5723145d560ab6d0c4ce1fd2cb71,1596.67,63.03,6.386450707,54000,54000
1a93abca1912dbdabdccb86a70a6c82abb672c3a,1643.23,65.13,6.551420933,54000,54000
51dee75bc94474b0e6d4785278ff6bab07b2c1dc,1583.97,62.85,6.312553746,54000,54000
06b1c03573945c0411a74082805cdc4a643cd2f8,1618.92,64.26,6.434760150,54000,54000
b590dfa14981eb31dd6148d4e03cd3eb515cefb7,1620.25,63.96,6.452909565,54000,54000
e9a50051a181e80022e775c5ef43222296a22f60,1632.02,64.42,6.502947501,54000,54000
0d58c5978ebdc50c4cd72d9a39dba9ecbafbad11,1626.14,64.23,6.471668995,54000,54000
68eed73c021c49e08c88793264dfa3b044491623,1631.12,64.65,6.515247175,54000,54000
81b3b7e19397de25a60f6b849dd6337dac189df4,1613.85,63.82,6.428023988,54000,54000
53cd9ff9f6030d908c158be646f62a99137b09e1,1638.42,64.63,6.535246548,54000,54000
3ae1880c7f7e2e362811f2f70c26a04514b7e22e,1633.47,64.88,6.496476835,54000,54000
89eddcfa07dab6e0c82abe26889edf22948e01b6,1663.98,66.23,6.619625740,54000,54000
a38da1662b26a479483a43fe0dc9e05b466bd607,1619.92,64.01,6.444146728,54000,54000
77e310755bf6cdd737a57941106d6e5113406244,1613.81,64.06,6.417163910,54000,54000
b3eed2970dc7f779af62087896d86529e7b4b439,1608.13,63.66,6.409136568,54000,54000
e5f1fcdb481933c1a19441261dcf033906147f78,1606.29,63.29,6.405422840,54000,54000
9abeaacc1e74584ad05192ef1ea52bae93793dbc,1624.78,64.43,6.457702420,55000,54000
500d1cb979ea3c45b67dd059e06629f2dc21ea7c,1615.66,63.92,6.426323711,54000,54000
4bd7e381d1f9be5160f8ef53a907d2d1e8f8b095,1624.31,64.17,6.478149920,54000,54000
0250a6c1f351d73a200e9b3d98d11eecf143496b,1628.49,64.63,6.472623770,54000,55000
d716b393837f3205ae4cd4ea3db395d65a39fb79,1602.04,63.35,6.378273897,54000,54000
06b1c03573945c0411a74082805cdc4a643cd2f8,1622.17,64.02,6.453264111,54000,54000
d7d3193ba5699603f62236f530cfb7eb78a10204,1635.84,64.64,6.508444355,54000,54000
5adb994a73919c4ee0749020c80f0f0280aa48f8,1591.78,63.20,6.336355805,54000,54000
e9a50051a181e80022e775c5ef43222296a22f60,1617.90,63.63,6.443584902,54000,54000
a7a7fed881a41ceff2f1f9c464f88df0680daf9d,1571.18,62.14,6.269877248,54000,54000
8d6237e004a8661655a9bc5b914a59d1ca87307e,1634.67,64.62,6.510446367,54000,54000
85c60c479eae1852ee56eb43a09a8d44484f798b,1625.31,64.65,6.473753874,54000,54000
ee1afe348613305d8ff4f406e31e2ab6b795bfe4,1630.47,64.20,6.494945137,54000,54000
d64d207a67b59d2fc2b9a65e362cc2ddacd1881e,1648.66,65.37,6.551649154,54000,54000
2cb64c57fca2a9ab45a5ac2c10a3bae84d9e0878,1599.18,63.19,6.367908502,54000,54000
2cb64c57fca2a9ab45a5ac2c10a3bae84d9e0878,1617.30,63.60,6.454329300,54000,54000
620ab41ec5506c170bc51e5d002428451f1819f7,1618.50,63.93,6.454528734,54000,54000
0a340d82b33dc396eedce4a8daf4faed65fabf67,1604.67,63.55,6.388601913,54000,54000
a4b47328284e293fc0001b08ad081e39c5a15c7a,1606.69,63.52,6.410173602,54000,54000
8f1499cbdb6e1518a552ef61fa381523015eb672,1625.96,64.47,6.479337001,55000,54000
8dabfde4800a0a1c790936976297b539ea6c4946,1626.99,64.18,6.473118752,54000,54000
d002348fd66395413d846f324fcd879e4db2a488,1612.33,63.72,6.417929460,54000,54000
d64d207a67b59d2fc2b9a65e362cc2ddacd1881e,1637.02,64.83,6.520313063,55000,54000
e2b1d8bc16e430c1823d37034d9eca6d2f65d6d7,1612.93,63.98,6.419477342,55000,54000
00c5da3543cd814d5f2a93e8e169a2cafa89ad7c,1590.95,62.64,6.332588139,54000,54000
620ab41ec5506c170bc51e5d002428451f1819f7,1658.98,65.55,6.609056903,54000,54000
3b2fe9d7d1bef79facc3073c34b96b226c2afa5e,1632.03,64.58,6.497285497,54000,54000
190af45cefbc175b2712d5b004b1d25d6199905b,1574.31,62.35,6.272209039,54000,54000
06b1c03573945c0411a74082805cdc4a643cd2f8,1639.45,64.84,6.533206319,54000,54000
7da58ad1f656c82883ec7a160ffbabbf055f63b3,1623.90,64.47,6.459426957,54000,54000
500d1cb979ea3c45b67dd059e06629f2dc21ea7c,1625.81,64.58,6.461959742,54000,55000
620ab41ec5506c170bc51e5d002428451f1819f7,1635.93,64.49,6.516582863,54000,55000
a7a7fed881a41ceff2f1f9c464f88df0680daf9d,1601.48,63.12,6.385826589,55000,54000
7da58ad1f656c82883ec7a160ffbabbf055f63b3,1633.71,64.57,6.496868527,54000,54000
3e3ce93324af169fa3208602e5a58db174aec431,1598.90,63.25,6.355407861,53000,54000
af8b93548b9d425b248dba38d0493a4b69dedd7f,1677.90,66.55,6.669766676,54000,54000
563d4d02f718af8238a1970a5b630ae1aaa62cb0,1578.27,62.23,6.287070927,54000,54000
ee1afe348613305d8ff4f406e31e2ab6b795bfe4,1620.33,64.14,6.446758601,53000,54000
93d23dc02c2ce6359988e5473a21eadc9db681b6,1620.22,64.11,6.451721942,54000,54000
2f814eafcf7c303aa5b1ff141f52a5265d26defe,1598.93,63.12,6.354143644,54000,55000
58009d6fa2050ef9b097f6c263cf0bc6ccac5a80,1640.93,64.95,6.515092142,54000,54000
0d58c5978ebdc50c4cd72d9a39dba9ecbafbad11,1620.28,64.01,6.440756954,54000,54000
25c446b757986f0ed4641d9ee8afab6f99af579a,1668.50,65.91,6.635915681,54000,54000
413bf1b018b14a791c5e1683db2c27353948961f,1620.58,64.06,6.443910462,54000,54000
93d23dc02c2ce6359988e5473a21eadc9db681b6,1641.37,64.76,6.539223579,54000,54000
35ca036d8055172d9fd1ca8d59810c043a0b23ad,1585.59,62.55,6.318619313,54000,54000
af8b93548b9d425b248dba38d0493a4b69dedd7f,1625.97,64.33,6.473838068,53000,54000
9abeaacc1e74584ad05192ef1ea52bae93793dbc,1627.64,64.52,6.478218632,54000,54000
c0c7b08fb2cbcc7c46c32382796bd5b232d8fb71,1594.30,62.88,6.337373130,54000,54000
d002348fd66395413d846f324fcd879e4db2a488,1640.85,64.67,6.529295601,54000,54000
4bd7e381d1f9be5160f8ef53a907d2d1e8f8b095,1582.99,62.41,6.308489437,54000,54000
c3973e16d7fcd3606fd3b73fa2b4a7d35d047aa7,1580.76,62.08,6.303398713,54000,54000
7622713cbee75d2640fc5ec34355101069fc8c87,1657.02,65.56,6.582627395,55000,54000
f909956b4921f6f95f613dac2b39f411387a740d,1633.28,64.73,6.495826971,54000,54000
3e3ce93324af169fa3208602e5a58db174aec431,1608.72,63.41,6.397446840,54000,55000
7da58ad1f656c82883ec7a160ffbabbf055f63b3,1646.40,64.92,6.571816569,55000,54000
f0f11f7aa18ca1a081e89dfc6ed30302cc7af8f3,1554.52,61.29,6.192907439,54000,54000
58009d6fa2050ef9b097f6c263cf0bc6ccac5a80,1640.15,64.73,6.520698837,54000,54000
3e3ce93324af169fa3208602e5a58db174aec431,1605.95,63.34,6.388160012,55000,54000
16aa9d67f3da02c2dd649627b023625160d1a89a,1609.44,63.52,6.400457611,54000,54000
4782302a89bb2b7511bd0878fa923f404c3c3b99,1607.73,63.24,6.397919291,54000,54000
7da58ad1f656c82883ec7a160ffbabbf055f63b3,1637.70,64.69,6.505571291,54000,54000
85c60c479eae1852ee56eb43a09a8d44484f798b,1635.82,64.50,6.525499383,54000,54000
620ab41ec5506c170bc51e5d002428451f1819f7,1614.55,63.58,6.426707718,54000,54000
fe8cf9bcad9b9aab8adb042fab439b757f551809,1617.37,63.63,6.447313941,54000,54000
a13289a1c1a3192e78df65a5df7973df3aebae79,1529.12,60.40,6.101746276,55000,54000
43283a282933ebe9448c132ea5bf259dd3e98e35,1587.43,63.05,6.330157254,54000,54000
b590dfa14981eb31dd6148d4e03cd3eb515cefb7,1620.40,63.96,6.450662975,54000,54000
2f814eafcf7c303aa5b1ff141f52a5265d26defe,1597.29,63.14,6.370821974,54000,54000
4cd64e70d48f5ef587ded1f6eb663a6c3a4fc90c,1599.95,63.46,6.367701983,55000,55000
8dabfde4800a0a1c790936976297b539ea6c4946,1610.83,63.51,6.416469771,55000,54000
8f1499cbdb6e1518a552ef61fa381523015eb672,1606.33,63.28,6.407165769,54000,55000
8f1499cbdb6e1518a552ef61fa381523015eb672,1609.36,63.48,6.413392261,54000,54000
1a93abca1912dbdabdccb86a70a6c82abb672c3a,1628.41,64.53,6.484486403,54000,54000
81b3b7e19397de25a60f6b849dd6337dac189df4,1630.68,64.31,6.498291162,54000,55000
7622713cbee75d2640fc5ec34355101069fc8c87,1627.12,64.46,6.478244710,54000,54000
5adb994a73919c4ee0749020c80f0f0280aa48f8,1630.48,64.66,6.491656038,55000,54000
11d25fd70769de912a45bc6ae796da0cdad607e1,1533.50,60.52,6.113977513,54000,54000
0d58c5978ebdc50c4cd72d9a39dba9ecbafbad11,1644.18,64.86,6.545146048,54000,54000
93d23dc02c2ce6359988e5473a21eadc9db681b6,1621.00,64.10,6.439876302,54000,54000
61d03bba0c92439d87c9eee52698c7c7824eb096,1613.64,63.74,6.427071271,54000,54000
e487ed5d0dae9544d476a28ca0bcc7b35c7fe5ef,1616.60,64.12,6.441767953,54000,54000
f1cb24e35449a41df1815be15223606ce6fcd24d,1617.69,63.97,6.453820947,53000,54000
500d1cb979ea3c45b67dd059e06629f2dc21ea7c,1629.12,64.39,6.475240624,54000,54000
563d4d02f718af8238a1970a5b630ae1aaa62cb0,1580.85,62.36,6.294854737,54000,54000
c8a99877104a7cb7d1acc663e618487e49a14d34,1653.63,65.81,6.572354870,54000,54000
c80f3ecaf660422ef0f3c7eda724f86beddbd09b,1623.14,64.24,6.472574194,54000,54000
413bf1b018b14a791c5e1683db2c27353948961f,1617.08,63.99,6.438389879,54000,54000
53cd9ff9f6030d908c158be646f62a99137b09e1,1640.66,65.04,6.542335237,54000,53000
3b2fe9d7d1bef79facc3073c34b96b226c2afa5e,1593.66,62.87,6.356315947,54000,54000
2f814eafcf7c303aa5b1ff141f52a5265d26defe,1607.89,63.71,6.398390547,54000,54000
018c34577e0d92bf70e5107d65a483730ebe0fcc,1613.82,63.98,6.430457459,54000,54000
78b2e6e65b800c974871221a6f755922860db952,1611.57,63.83,6.410641095,54000,54000
c0c7b08fb2cbcc7c46c32382796bd5b232d8fb71,1618.61,64.06,6.438411988,54000,54000
620ab41ec5506c170bc51e5d002428451f1819f7,1645.90,64.86,6.557301720,54000,54000
c029f1e4a959f60dfe432c6a2a806f214a8b35d4,1624.45,64.23,6.464413992,54000,54000
3ae1880c7f7e2e362811f2f70c26a04514b7e22e,1630.00,64.41,6.495973702,54000,54000
880fd60d9c7c9b9d5a5b77c7b93b5f4d73d01a67,1613.01,63.76,6.419187071,54000,54000
c80f3ecaf660422ef0f3c7eda724f86beddbd09b,1663.80,65.70,6.627512960,54000,54000
58009d6fa2050ef9b097f6c263cf0bc6ccac5a80,1631.94,64.46,6.490284675,54000,54000
af8b93548b9d425b248dba38d0493a4b69dedd7f,1623.40,64.18,6.459098822,54000,54000
89eddcfa07dab6e0c82abe26889edf22948e01b6,1622.56,64.17,6.448117983,54000,54000
a7a7fed881a41ceff2f1f9c464f88df0680daf9d,1606.83,63.41,6.398228957,54000,54000
35ca036d8055172d9fd1ca8d59810c043a0b23ad,1588.33,62.21,6.332081767,54000,54000
51dee75bc94474b0e6d4785278ff6bab07b2c1dc,1582.17,62.49,6.308591153,54000,54000
51dee75bc94474b0e6d4785278ff6bab07b2c1dc,1566.23,61.73,6.238366138,54000,54000
1c64772d769f5723145d560ab6d0c4ce1fd2cb71,1572.67,62.11,6.274794599,54000,54000
d716b393837f3205ae4cd4ea3db395d65a39fb79,1608.72,63.59,6.404297058,54000,54000
137f42f0453796b43eda5521595decd0efa9796e,1611.92,63.51,6.418195820,54000,55000
d002348fd66395413d846f324fcd879e4db2a488,1642.80,64.93,6.534550648,54000,54000
00c5da3543cd814d5f2a93e8e169a2cafa89ad7c,1658.99,65.68,6.590884618,54000,54000
563d4d02f718af8238a1970a5b630ae1aaa62cb0,1575.60,62.21,6.262052394,54000,54000
4c9b1683cb7490653a4b953120d6457a7b60db1c,1590.51,62.76,6.340991598,54000,54000
fe7fd33b74b923f25c768e166367b98d7bb516e9,1604.61,63.48,6.380778028,54000,54000
23262b9e79da43a30d7990e14b36db18a5119fde,1646.10,64.90,6.547413563,54000,54000
a13289a1c1a3192e78df65a5df7973df3aebae79,1552.16,61.46,6.188211992,54000,54000
500d1cb979ea3c45b67dd059e06629f2dc21ea7c,1642.34,64.76,6.539742813,54000,54000
2cb64c57fca2a9ab45a5ac2c10a3bae84d9e0878,1593.57,62.64,6.347689523,54000,54000
3b2fe9d7d1bef79facc3073c34b96b226c2afa5e,1612.41,63.71,6.405706839,54000,54000
8d6237e004a8661655a9bc5b914a59d1ca87307e,1633.34,64.65,6.501277720,54000,54000
1c1e2ba168579de28eacab05cee4ecf1675fb305,1589.94,62.45,6.330966974,54000,55000
2f814eafcf7c303aa5b1ff141f52a5265d26defe,1588.30,62.86,6.319406781,54000,54000
0d58c5978ebdc50c4cd72d9a39dba9ecbafbad11,1622.41,64.04,6.444639405,54000,54000
ba3392726bb2246a2fc75cf2774bc7c1911c21d1,1623.90,64.21,6.470451655,54000,54000
8d6237e004a8661655a9bc5b914a59d1ca87307e,1622.02,63.90,6.459046632,54000,54000
0d58c5978ebdc50c4cd72d9a39dba9ecbafbad11,1627.74,64.31,6.468258131,54000,54000
4bd7e381d1f9be5160f8ef53a907d2d1e8f8b095,1628.63,64.15,6.494680422,54000,54000
3d40e1c1a47c6174fdb63546840b7f8399447d07,1588.63,62.62,6.328862683,54000,54000
f1cb24e35449a41df1815be15223606ce6fcd24d,1636.48,64.45,6.505022774,54000,54000
4c9b1683cb7490653a4b953120d6457a7b60db1c,1585.92,62.19,6.321713622,54000,54000
e487ed5d0dae9544d476a28ca0bcc7b35c7fe5ef,1608.02,63.42,6.413191471,54000,54000
d0ac6a9c717798b0d75b01c979eeec758c8911d6,1599.48,63.35,6.350675412,54000,54000
43283a282933ebe9448c132ea5bf259dd3e98e35,1597.99,62.83,6.371025017,54000,54000
71a91e0d7bfd5768985dbae28c1ff5bd9a093ba2,1602.39,63.30,6.385882294,54000,54000
c3973e16d7fcd3606fd3b73fa2b4a7d35d047aa7,1585.41,62.62,6.308765042,54000,54000
d6144c2570323625f0600cac9621ef4800073cda,1592.52,62.80,6.338073115,54000,54000
3ae1880c7f7e2e362811f2f70c26a04514b7e22e,1640.78,64.76,6.530196932,54000,55000
16aa9d67f3da02c2dd649627b023625160d1a89a,1614.74,63.79,6.425791938,54000,54000
a7a7fed881a41ceff2f1f9c464f88df0680daf9d,1581.59,62.47,6.305940372,54000,54000
77e310755bf6cdd737a57941106d6e5113406244,1603.77,63.19,6.375880403,54000,54000
97846506cf4a3382f7c74e3f42034c7099a0203a,1683.59,66.92,6.700501921,54000,54000
d64d207a67b59d2fc2b9a65e362cc2ddacd1881e,1630.69,64.77,6.491299245,54000,55000
4782302a89bb2b7511bd0878fa923f404c3c3b99,1634.36,64.47,6.497328642,54000,55000
c80f3ecaf660422ef0f3c7eda724f86beddbd09b,1625.22,64.29,6.474925153,54000,54000
fe7fd33b74b923f25c768e166367b98d7bb516e9,1583.02,62.60,6.284238050,54000,55000
8dabfde4800a0a1c790936976297b539ea6c4946,1623.42,64.19,6.463639120,54000,54000
af04dbaea75ebabd1a701c7e5df848e3c6468737,1623.53,63.83,6.474720243,54000,54000
61d03bba0c92439d87c9eee52698c7c7824eb096,1640.85,65.15,6.533294213,55000,54000
77e310755bf6cdd737a57941106d6e5113406244,1605.48,63.35,6.393045539,54000,55000
137f42f0453796b43eda5521595decd0efa9796e,1621.06,63.88,6.452038818,54000,54000
71a91e0d7bfd5768985dbae28c1ff5bd9a093ba2,1646.16,65.19,6.569778107,54000,54000
413bf1b018b14a791c5e1683db2c27353948961f,1598.63,62.95,6.358890619,54000,55000
ee1afe348613305d8ff4f406e31e2ab6b795bfe4,1623.14,64.24,6.462451091,54000,54000
fe8cf9bcad9b9aab8adb042fab439b757f551809,1642.66,64.84,6.538331047,54000,54000
b6866d8d9aeaff22a7f28f289ab644e9681d46cd,1641.92,65.06,6.524895597,54000,54000
4782302a89bb2b7511bd0878fa923f404c3c3b99,1615.36,63.67,6.425939314,54000,54000
c0c7b08fb2cbcc7c46c32382796bd5b232d8fb71,1613.77,64.06,6.412209747,54000,54000
71a91e0d7bfd5768985dbae28c1ff5bd9a093ba2,1613.48,63.99,6.418270460,54000,54000
16aa9d67f3da02c2dd649627b023625160d1a89a,1609.95,63.81,6.400381779,54000,54000
3e3ce93324af169fa3208602e5a58db174aec431,1592.71,62.86,6.347743570,54000,54000
090c7d803f9c5b19312d70ac5f3b4d0a591caa49,1612.10,63.42,6.419195638,54000,54000
0d58c5978ebdc50c4cd72d9a39dba9ecbafbad11,1625.34,64.05,6.463826533,54000,54000
8dabfde4800a0a1c790936976297b539ea6c4946,1633.03,64.55,6.499435957,55000,54000
500d1cb979ea3c45b67dd059e06629f2dc21ea7c,1629.86,64.43,6.482789594,54000,55000
f909956b4921f6f95f613dac2b39f411387a740d,1639.30,64.69,6.519456467,54000,54000
77e310755bf6cdd737a57941106d6e5113406244,1609.68,63.52,6.395594040,54000,54000
b4a874596bdbd80ff1f995a3623bf957ef7b0ddf,1592.50,62.93,6.342542627,54000,54000
23262b9e79da43a30d7990e14b36db18a5119fde,1621.15,64.20,6.450789075,54000,54000
137f42f0453796b43eda5521595decd0efa9796e,1602.49,63.45,6.381713766,54000,54000
58009d6fa2050ef9b097f6c263cf0bc6ccac5a80,1627.08,64.37,6.470150434,54000,54000
57fdc78192bf30484e28e8ea7bb86c09bcad08b8,1615.66,63.77,6.428074868,54000,54000
58009d6fa2050ef9b097f6c263cf0bc6ccac5a80,1623.24,64.02,6.460362014,54000,54000
97846506cf4a3382f7c74e3f42034c7099a0203a,1641.24,64.82,6.523357585,54000,54000
f9726db01e92d591f9d20f2a9696fc4e86594d3c,1563.40,61.84,6.230510750,54000,54000
4c9b1683cb7490653a4b953120d6457a7b60db1c,1603.98,63.14,6.376833843,54000,54000
090c7d803f9c5b19312d70ac5f3b4d0a591caa49,1640.14,64.96,6.519582060,54000,54000
c3973e16d7fcd3606fd3b73fa2b4a7d35d047aa7,1595.59,62.92,6.346888746,54000,54000
37e399422ce626aa09a6220f0f79d0c45d482a92,1584.11,62.47,6.306916859,55000,54000
924fc3ff6f8793a57172e71abb5f8c433fb1b2ef,1582.29,62.47,6.290713215,54000,54000
b4a874596bdbd80ff1f995a3623bf957ef7b0ddf,1599.06,63.14,6.376782551,54000,54000
2cb64c57fca2a9ab45a5ac2c10a3bae84d9e0878,1603.62,63.26,6.386016218,54000,54000
51dee75bc94474b0e6d4785278ff6bab07b2c1dc,1577.68,62.17,6.276153227,54000,55000
a48218e7a5fae7a02eed0b6b1de03dee80ae2d2b,1623.87,64.46,6.460320876,54000,54000
3ae1880c7f7e2e362811f2f70c26a04514b7e22e,1632.75,64.57,6.504489930,54000,55000
6c05525ed4ba39cfe34843faff87b3d4d540aa4a,1587.56,63.09,6.332019600,54000,54000
1c64772d769f5723145d560ab6d0c4ce1fd2cb71,1614.84,63.87,6.462720549,54000,54000
f909956b4921f6f95f613dac2b39f411387a740d,1613.10,63.78,6.422057553,54000,55000
25c446b757986f0ed4641d9ee8afab6f99af579a,1610.40,63.38,6.410195144,54000,54000
b4a874596bdbd80ff1f995a3623bf957ef7b0ddf,1601.68,63.65,6.386663388,55000,54000
500d1cb979ea3c45b67dd059e06629f2dc21ea7c,1631.93,64.52,6.498881370,54000,54000
4c9b1683cb7490653a4b953120d6457a7b60db1c,1592.75,62.96,6.348226655,54000,54000
6c05525ed4ba39cfe34843faff87b3d4d540aa4a,1596.26,63.31,6.363512045,54000,54000
00c5da3543cd814d5f2a93e8e169a2cafa89ad7c,1623.29,64.10,6.464682292,54000,54000
af8b93548b9d425b248dba38d0493a4b69dedd7f,1603.78,63.25,6.389142581,54000,54000
a48218e7a5fae7a02eed0b6b1de03dee80ae2d2b,1653.85,65.83,6.570119280,54000,54000
fe7fd33b74b923f25c768e166367b98d7bb516e9,1567.68,61.70,6.249898781,54000,55000
d716b393837f3205ae4cd4ea3db395d65a39fb79,1603.00,63.28,6.393738401,54000,53000
93d23dc02c2ce6359988e5473a21eadc9db681b6,1631.70,64.62,6.499315169,54000,54000
b590dfa14981eb31dd6148d4e03cd3eb515cefb7,1603.62,63.20,6.386153198,54000,54000
413bf1b018b14a791c5e1683db2c27353948961f,1601.06,63.25,6.382652250,54000,54000
5adb994a73919c4ee0749020c80f0f0280aa48f8,1621.83,64.12,6.463350373,54000,53000
b590dfa14981eb31dd6148d4e03cd3eb515cefb7,1629.59,64.48,6.487429268,54000,54000
1a93abca1912dbdabdccb86a70a6c82abb672c3a,1642.13,64.84,6.542299694,54000,54000
85c60c479eae1852ee56eb43a09a8d44484f798b,1612.79,63.95,6.431648739,54000,54000
af04dbaea75ebabd1a701c7e5df848e3c6468737,1610.20,63.62,6.419817811,54000,54000
d7d3193ba5699603f62236f530cfb7eb78a10204,1630.58,64.60,6.491583711,54000,55000
b3eed2970dc7f779af62087896d86529e7b4b439,1610.86,63.58,6.424902981,54000,54000
c8a99877104a7cb7d1acc663e618487e49a14d34,1641.86,64.89,6.548397817,54000,54000
137f42f0453796b43eda5521595decd0efa9796e,1611.02,63.32,6.420578630,54000,54000
3b2fe9d7d1bef79facc3073c34b96b226c2afa5e,1627.11,64.33,6.475435875,53000,54000
137f42f0453796b43eda5521595decd0efa9796e,1589.07,62.91,6.331249974,54000,54000
0a340d82b33dc396eedce4a8daf4faed65fabf67,1593.37,62.99,6.341296071,54000,54000
11d25fd70769de912a45bc6ae796da0cdad607e1,1541.94,60.77,6.154967694,53000,53000
b590dfa14981eb31dd6148d4e03cd3eb515cefb7,1635.03,64.43,6.520496883,54000,54000
adcea6e43673279f5bc2005e960aa460e14474b9,1580.71,62.09,6.300246657,54000,54000
af8b93548b9d425b248dba38d0493a4b69dedd7f,1625.96,64.43,6.475951295,54000,53000
e9a50051a181e80022e775c5ef43222296a22f60,1640.51,64.87,6.525680138,55000,54000
6c05525ed4ba39cfe34843faff87b3d4d540aa4a,1581.68,62.26,6.308705478,54000,53000
af8b93548b9d425b248dba38d0493a4b69dedd7f,1647.30,65.01,6.577402777,54000,54000
3e3ce93324af169fa3208602e5a58db174aec431,1609.63,63.75,6.407363011,54000,54000
a7a7fed881a41ceff2f1f9c464f88df0680daf9d,1576.18,62.16,6.292914277,54000,54000
b6866d8d9aeaff22a7f28f289ab644e9681d46cd,1628.14,64.38,6.471613386,54000,54000
51dee75bc94474b0e6d4785278ff6bab07b2c1dc,1587.56,62.48,6.326623415,54000,54000
91160707bb4224f024fab4bba4abb8788dd5a8a4,1629.75,64.65,6.478617080,55000,54000
00c5da3543cd814d5f2a93e8e169a2cafa89ad7c,1615.85,63.71,6.424168987,54000,54000
86d657fc3107fa62be5890178586188be6e1dd01,1614.54,63.69,6.420522137,54000,54000
c029f1e4a959f60dfe432c6a2a806f214a8b35d4,1616.55,64.22,6.420716979,54000,54000
d716b393837f3205ae4cd4ea3db395d65a39fb79,1611.61,63.40,6.423711705,54000,54000
b6866d8d9aeaff22a7f28f289ab644e9681d46cd,1630.93,64.35,6.489455348,54000,54000
fe7fd33b74b923f25c768e166367b98d7bb516e9,1583.46,62.23,6.306988320,54000,54000
89eddcfa07dab6e0c82abe26889edf22948e01b6,1652.19,65.64,6.570141447,54000,54000
89eddcfa07dab6e0c82abe26889edf22948e01b6,1653.70,65.54,6.566074306,54000,55000
190af45cefbc175b2712d5b004b1d25d6199905b,1572.00,62.01,6.255049366,54000,54000
93d23dc02c2ce6359988e5473a21eadc9db681b6,1657.09,65.58,6.592942521,54000,54000
c029f1e4a959f60dfe432c6a2a806f214a8b35d4,1607.49,63.83,6.387785377,54000,54000
5adb994a73919c4ee0749020c80f0f0280aa48f8,1608.26,63.47,6.397707038,55000,54000
adcea6e43673279f5bc2005e960aa460e14474b9,1570.10,62.01,6.252618623,54000,54000
d64d207a67b59d2fc2b9a65e362cc2ddacd1881e,1597.91,63.11,6.364081419,54000,54000
c029f1e4a959f60dfe432c6a2a806f214a8b35d4,1614.20,64.01,6.416784058,55000,54000
78b2e6e65b800c974871221a6f755922860db952,1608.29,63.32,6.396549725,54000,54000
c8a99877104a7cb7d1acc663e618487e49a14d34,1628.48,64.28,6.468519148,54000,54000
018c34577e0d92bf70e5107d65a483730ebe0fcc,1640.07,64.74,6.524330038,54000,54000
d64d207a67b59d2fc2b9a65e362cc2ddacd1881e,1640.55,64.52,6.523377252,54000,54000
37e399422ce626aa09a6220f0f79d0c45d482a92,1594.65,62.97,6.352083358,54000,54000
25c446b757986f0ed4641d9ee8afab6f99af579a,1641.46,64.85,6.524850573,54000,54000
81b3b7e19397de25a60f6b849dd6337dac189df4,1625.17,63.75,6.463622618,55000,54000
f0f11f7aa18ca1a081e89dfc6ed30302cc7af8f3,1530.84,60.51,6.097745827,54000,54000
a13289a1c1a3192e78df65a5df7973df3aebae79,1534.63,60.53,6.125343165,55000,54000
563d4d02f718af8238a1970a5b630ae1aaa62cb0,1577.84,62.15,6.282227704,54000,54000
563d4d02f718af8238a1970a5b630ae1aaa62cb0,1581.65,62.52,6.289188164,54000,54000
3d40e1c1a47c6174fdb63546840b7f8399447d07,1574.82,62.11,6.280091804,54000,54000
0250a6c1f351d73a200e9b3d98d11eecf143496b,1619.60,63.83,6.456603746,55000,54000
3e3ce93324af169fa3208602e5a58db174aec431,1623.57,64.13,6.466764465,54000,54000
d64d207a67b59d2fc2b9a65e362cc2ddacd1881e,1623.23,64.20,6.452670707,54000,54000
880fd60d9c7c9b9d5a5b77c7b93b5f4d73d01a67,1613.60,63.77,6.444828216,55000,54000
00c5da3543cd814d5f2a93e8e169a2cafa89ad7c,1616.38,63.88,6.443441751,54000,54000
c029f1e4a959f60dfe432c6a2a806f214a8b35d4,1613.41,63.66,6.426152409,54000,54000
6c05525ed4ba39cfe34843faff87b3d4d540aa4a,1593.00,62.83,6.357535141,54000,54000
53cd9ff9f6030d908c158be646f62a99137b09e1,1639.10,64.68,6.512479962,55000,54000
d64d207a67b59d2fc2b9a65e362cc2ddacd1881e,1630.76,64.38,6.495455053,54000,54000
c029f1e4a959f60dfe432c6a2a806f214a8b35d4,1640.25,65.06,6.529628793,54000,54000
880fd60d9c7c9b9d5a5b77c7b93b5f4d73d01a67,1577.96,62.41,6.290756643,54000,54000
25c446b757986f0ed4641d9ee8afab6f99af579a,1622.75,64.03,6.470907679,54000,54000
0a340d82b33dc396eedce4a8daf4faed65fabf67,1615.99,63.97,6.427205532,54000,54000
5adb994a73919c4ee0749020c80f0f0280aa48f8,1621.19,63.96,6.458190533,55000,54000
68eed73c021c49e08c88793264dfa3b044491623,1609.54,63.52,6.415354599,54000,54000
91160707bb4224f024fab4bba4abb8788dd5a8a4,1620.53,64.07,6.448288052,54000,54000
d002348fd66395413d846f324fcd879e4db2a488,1646.52,65.15,6.552137470,55000,54000
d0ac6a9c717798b0d75b01c979eeec758c8911d6,1601.31,63.20,6.383972309,54000,54000
1c64772d769f5723145d560ab6d0c4ce1fd2cb71,1585.77,62.76,6.320351710,54000,54000
a38da1662b26a479483a43fe0dc9e05b466bd607,1601.23,62.93,6.374099584,54000,54000
f9726db01e92d591f9d20f2a9696fc4e86594d3c,1564.24,61.82,6.240004575,54000,53000
a4b47328284e293fc0001b08ad081e39c5a15c7a,1590.29,62.72,6.338587863,54000,54000
7622713cbee75d2640fc5ec34355101069fc8c87,1626.68,64.55,6.474597012,54000,54000
c3973e16d7fcd3606fd3b73fa2b4a7d35d047aa7,1589.52,62.59,6.347338771,54000,54000
71a91e0d7bfd5768985dbae28c1ff5bd9a093ba2,1616.14,63.94,6.429570427,54000,54000
c80f3ecaf660422ef0f3c7eda724f86beddbd09b,1632.11,64.45,6.514150401,54000,53000
93d23dc02c2ce6359988e5473a21eadc9db681b6,1654.29,65.45,6.598527735,54000,54000
51dee75bc94474b0e6d4785278ff6bab07b2c1dc,1573.74,62.18,6.280869057,54000,54000
91160707bb4224f024fab4bba4abb8788dd5a8a4,1637.94,64.38,6.532364882,54000,54000
71a91e0d7bfd5768985dbae28c1ff5bd9a093ba2,1647.75,65.35,6.551790506,54000,54000
8d6237e004a8661655a9bc5b914a59d1ca87307e,1601.25,63.10,6.386360091,54000,54000
3ae1880c7f7e2e362811f2f70c26a04514b7e22e,1643.69,65.08,6.559482639,54000,54000
11d25fd70769de912a45bc6ae796da0cdad607e1,1533.35,60.30,6.128352077,54000,53000
89eddcfa07dab6e0c82abe26889edf22948e01b6,1638.16,64.61,6.516951112,54000,54000
8dabfde4800a0a1c790936976297b539ea6c4946,1620.98,63.93,6.455252006,54000,54000
86d657fc3107fa62be5890178586188be6e1dd01,1656.55,65.40,6.599135657,54000,54000
1c64772d769f5723145d560ab6d0c4ce1fd2cb71,1583.89,62.61,6.313019657,54000,54000
9abeaacc1e74584ad05192ef1ea52bae93793dbc,1615.72,63.94,6.428630187,54000,54000
3e3ce93324af169fa3208602e5a58db174aec431,1593.67,63.04,6.356197086,54000,54000
0a340d82b33dc396eedce4a8daf4faed65fabf67,1603.96,63.44,6.378587347,55000,54000
3d40e1c1a47c6174fdb63546840b7f8399447d07,1601.83,63.30,6.393927883,54000,54000
68eed73c021c49e08c88793264dfa3b044491623,1609.60,63.52,6.404825746,54000,54000
11d25fd70769de912a45bc6ae796da0cdad607e1,1540.88,60.84,6.135458627,54000,54000
f909956b4921f6f95f613dac2b39f411387a740d,1623.48,64.26,6.460703007,54000,54000
8d6237e004a8661655a9bc5b914a59d1ca87307e,1622.83,64.11,6.452842539,54000,54000
1a93abca1912dbdabdccb86a70a6c82abb672c3a,1648.66,65.40,6.563253022,54000,54000
223cf2bf6d2b4216f9229d80add8467ece1601d0,1591.72,62.72,6.346186568,54000,54000
0d58c5978ebdc50c4cd72d9a39dba9ecbafbad11,1626.34,64.22,6.472184345,54000,54000
ee1afe348613305d8ff4f406e31e2ab6b795bfe4,1627.84,64.58,6.469750993,54000,54000
fe8cf9bcad9b9aab8adb042fab439b757f551809,1644.61,64.88,6.545319182,54000,55000
77e310755bf6cdd737a57941106d6e5113406244,1620.57,63.96,6.446651938,54000,54000
adcea6e43673279f5bc2005e960aa460e14474b9,1595.33,63.09,6.349858972,54000,54000
0250a6c1f351d73a200e9b3d98d11eecf143496b,1627.74,64.37,6.477307380,54000,54000
a13289a1c1a3192e78df65a5df7973df3aebae79,1513.94,59.76,6.043872158,54000,54000
86d657fc3107fa62be5890178586188be6e1dd01,1615.34,63.72,6.432719495,54000,54000
8dabfde4800a0a1c790936976297b539ea6c4946,1621.28,64.11,6.460005321,54000,54000
223cf2bf6d2b4216f9229d80add8467ece1601d0,1588.75,62.75,6.341241444,54000,54000
0a340d82b33dc396eedce4a8daf4faed65fabf67,1619.25,64.25,6.434096984,54000,54000
c80f3ecaf660422ef0f3c7eda724f86beddbd09b,1621.68,63.98,6.462947649,54000,54000
1a93abca1912dbdabdccb86a70a6c82abb672c3a,1621.16,64.07,6.452779668,54000,55000
3e246cdcb1de48b948dbfb1bcedce82479d75484,1667.04,65.69,6.642779862,54000,55000
89eddcfa07dab6e0c82abe26889edf22948e01b6,1620.48,64.28,6.454767677,54000,54000
43283a282933ebe9448c132ea5bf259dd3e98e35,1580.04,62.46,6.309032728,55000,54000
97846506cf4a3382f7c74e3f42034c7099a0203a,1642.08,65.14,6.544854537,54000,54000
3d40e1c1a47c6174fdb63546840b7f8399447d07,1600.27,63.30,6.378057600,54000,54000
0abbb34706e9f3cf1650599eecacaf4779f36506,1594.22,63.07,6.356644955,55000,54000
c352cb002070b7104872d651cac7f145e7cce543,1588.05,62.89,6.335446093,55000,54000
c80f3ecaf660422ef0f3c7eda724f86beddbd09b,1622.45,64.06,6.462869095,54000,54000
2f814eafcf7c303aa5b1ff141f52a5265d26defe,1627.01,64.42,6.490138175,54000,54000
91160707bb4224f024fab4bba4abb8788dd5a8a4,1613.93,63.99,6.440957985,54000,54000
d64d207a67b59d2fc2b9a65e362cc2ddacd1881e,1628.88,64.66,6.493456557,54000,54000
e487ed5d0dae9544d476a28ca0bcc7b35c7fe5ef,1604.10,63.50,6.389688162,54000,54000
a48218e7a5fae7a02eed0b6b1de03dee80ae2d2b,1618.88,64.29,6.447915631,54000,55000
3b2fe9d7d1bef79facc3073c34b96b226c2afa5e,1626.01,64.34,6.489134122,54000,54000
af04dbaea75ebabd1a701c7e5df848e3c6468737,1608.56,63.46,6.405549079,54000,54000
c3973e16d7fcd3606fd3b73fa2b4a7d35d047aa7,1592.69,63.05,6.355289959,54000,55000
06b1c03573945c0411a74082805cdc4a643cd2f8,1611.59,63.34,6.431241738,54000,54000
0abbb34706e9f3cf1650599eecacaf4779f36506,1609.22,63.31,6.410640170,54000,54000
1a93abca1912dbdabdccb86a70a6c82abb672c3a,1621.67,64.07,6.472738942,54000,54000
7622713cbee75d2640fc5ec34355101069fc8c87,1626.67,64.41,6.472553040,53000,54000
06b1c03573945c0411a74082805cdc4a643cd2f8,1600.10,63.45,6.381988556,54000,54000
5adb994a73919c4ee0749020c80f0f0280aa48f8,1606.68,63.32,6.415779013,54000,54000
c3973e16d7fcd3606fd3b73fa2b4a7d35d047aa7,1586.59,62.83,6.334954175,54000,54000
91160707bb4224f024fab4bba4abb8788dd5a8a4,1639.58,65.05,6.547297452,54000,54000
b6866d8d9aeaff22a7f28f289ab644e9681d46cd,1606.69,63.62,6.404445415,54000,54000
16aa9d67f3da02c2dd649627b023625160d1a89a,1598.34,63.16,6.377816888,54000,54000
f0f11f7aa18ca1a081e89dfc6ed30302cc7af8f3,1525.34,60.39,6.090505748,54000,54000
0d58c5978ebdc50c4cd72d9a39dba9ecbafbad11,1620.44,63.80,6.465722292,54000,54000
e5f1fcdb481933c1a19441261dcf033906147f78,1596.21,63.20,6.369046277,54000,54000
c0c7b08fb2cbcc7c46c32382796bd5b232d8fb71,1591.51,62.95,6.348029602,54000,54000
f9726db01e92d591f9d20f2a9696fc4e86594d3c,1568.53,62.12,6.268174314,54000,54000
2cb64c57fca2a9ab45a5ac2c10a3bae84d9e0878,1582.30,62.66,6.315486260,54000,54000
e9a50051a181e80022e775c5ef43222296a22f60,1625.92,64.64,6.470169637,54000,55000
4bd7e381d1f9be5160f8ef53a907d2d1e8f8b095,1620.70,63.98,6.470319424,54000,54000
81b3b7e19397de25a60f6b849dd6337dac189df4,1614.72,63.98,6.430902425,54000,54000
f0f11f7aa18ca1a081e89dfc6ed30302cc7af8f3,1523.34,60.28,6.085533479,54000,54000
9abeaacc1e74584ad05192ef1ea52bae93793dbc,1631.59,64.64,6.500694367,54000,54000
413bf1b018b14a791c5e1683db2c27353948961f,1609.13,63.82,6.421262180,54000,54000
3e246cdcb1de48b948dbfb1bcedce82479d75484,1635.55,65.08,6.504422245,54000,54000
a48218e7a5fae7a02eed0b6b1de03dee80ae2d2b,1646.43,65.20,6.555706423,54000,54000
4cd64e70d48f5ef587ded1f6eb663a6c3a4fc90c,1598.15,63.06,6.369350400,54000,55000
4bd7e381d1f9be5160f8ef53a907d2d1e8f8b095,1589.20,62.55,6.343743208,54000,54000
9abeaacc1e74584ad05192ef1ea52bae93793dbc,1618.09,63.99,6.451414453,54000,54000
c3973e16d7fcd3606fd3b73fa2b4a7d35d047aa7,1603.11,63.45,6.387820347,54000,54000
563d4d02f718af8238a1970a5b630ae1aaa62cb0,1592.10,62.90,6.342149884,54000,54000
a4b47328284e293fc0001b08ad081e39c5a15c7a,1591.02,62.92,6.336121615,53000,54000
0abbb34706e9f3cf1650599eecacaf4779f36506,1615.26,63.65,6.433187065,55000,54000
924fc3ff6f8793a57172e71abb5f8c433fb1b2ef,1583.91,62.52,6.313522656,54000,54000
7622713cbee75d2640fc5ec34355101069fc8c87,1649.49,65.14,6.579561371,54000,54000
23262b9e79da43a30d7990e14b36db18a5119fde,1628.66,64.22,6.482089876,54000,54000
af04dbaea75ebabd1a701c7e5df848e3c6468737,1617.47,63.70,6.443267181,54000,54000
1c1e2ba168579de28eacab05cee4ecf1675fb305,1587.37,62.58,6.329642252,54000,54000
adcea6e43673279f5bc2005e960aa460e14474b9,1584.41,62.54,6.316180789,54000,54000
c029f1e4a959f60dfe432c6a2a806f214a8b35d4,1632.68,64.72,6.481894157,54000,54000
c0c7b08fb2cbcc7c46c32382796bd5b232d8fb71,1612.84,63.72,6.417662841,54000,54000
2f814eafcf7c303aa5b1ff141f52a5265d26defe,1611.61,63.56,6.437475070,54000,54000
924fc3ff6f8793a57172e71abb5f8c433fb1b2ef,1602.86,63.14,6.398380805,54000,54000
5adb994a73919c4ee0749020c80f0f0280aa48f8,1616.45,64.18,6.439716619,54000,54000
43283a282933ebe9448c132ea5bf259dd3e98e35,1595.28,62.82,6.364682908,54000,54000
5adb994a73919c4ee0749020c80f0f0280aa48f8,1581.60,62.23,6.305404803,54000,55000
86d657fc3107fa62be5890178586188be6e1dd01,1638.51,64.77,6.521433061,54000,54000
563d4d02f718af8238a1970a5b630ae1aaa62cb0,1576.03,62.28,6.275245838,54000,54000
090c7d803f9c5b19312d70ac5f3b4d0a591caa49,1626.63,64.64,6.466660828,54000,54000
23262b9e79da43a30d7990e14b36db18a5119fde,1610.76,63.56,6.423504616,54000,54000
1c64772d769f5723145d560ab6d0c4ce1fd2cb71,1609.61,63.52,6.422041711,54000,54000
d70285b49748f4fc018a71a49e837360c79a6d63,1627.03,64.63,6.474236940,54000,55000
b3eed2970dc7f779af62087896d86529e7b4b439,1578.09,62.40,6.299962813,54000,54000
0250a6c1f351d73a200e9b3d98d11eecf143496b,1636.63,64.91,6.515253518,54000,54000
68eed73c021c49e08c88793264dfa3b044491623,1624.92,64.46,6.478956059,55000,54000
43283a282933ebe9448c132ea5bf259dd3e98e35,1583.15,62.56,6.319630019,54000,54000
25c446b757986f0ed4641d9ee8afab6f99af579a,1619.55,63.85,6.478487775,54000,54000
8f1499cbdb6e1518a552ef61fa381523015eb672,1587.63,62.71,6.333133962,54000,54000
85c60c479eae1852ee56eb43a09a8d44484f798b,1643.38,64.98,6.553367694,54000,54000
af8b93548b9d425b248dba38d0493a4b69dedd7f,1624.76,64.34,6.464939708,54000,55000
3fffaa84f83bf6880c1350a7482e91bcd88ac4d3,1605.74,63.58,6.392897430,55000,54000
0d58c5978ebdc50c4cd72d9a39dba9ecbafbad11,1620.19,64.06,6.447670659,54000,54000
af04dbaea75ebabd1a701c7e5df848e3c6468737,1612.33,63.88,6.411220293,54000,54000
37e399422ce626aa09a6220f0f79d0c45d482a92,1588.60,62.97,6.342610279,53000,54000
a48218e7a5fae7a02eed0b6b1de03dee80ae2d2b,1654.34,65.67,6.580375781,54000,53000
880fd60d9c7c9b9d5a5b77c7b93b5f4d73d01a67,1607.76,63.43,6.412929542,53000,54000
43283a282933ebe9448c132ea5bf259dd3e98e35,1575.69,62.05,6.289393696,54000,54000
f1cb24e35449a41df1815be15223606ce6fcd24d,1624.01,64.12,6.458194967,54000,54000
8d6237e004a8661655a9bc5b914a59d1ca87307e,1624.79,64.20,6.474602500,54000,54000
1c1e2ba168579de28eacab05cee4ecf1675fb305,1589.24,62.87,6.325019318,54000,55000
137f42f0453796b43eda5521595decd0efa9796e,1588.86,62.49,6.341037031,54000,53000
f9726db01e92d591f9d20f2a9696fc4e86594d3c,1580.83,62.56,6.291540757,54000,54000
c0c7b08fb2cbcc7c46c32382796bd5b232d8fb71,1616.19,63.84,6.437217548,54000,54000
a38da1662b26a479483a43fe0dc9e05b466bd607,1616.73,63.87,6.437892809,54000,53000
f1cb24e35449a41df1815be15223606ce6fcd24d,1601.46,63.06,6.377115588,54000,54000
d7d3193ba5699603f62236f530cfb7eb78a10204,1641.79,64.53,6.549770319,54000,54000
adcea6e43673279f5bc2005e960aa460e14474b9,1610.23,63.40,6.420140404,54000,54000
e2b1d8bc16e430c1823d37034d9eca6d2f65d6d7,1589.88,62.75,6.329747627,54000,54000
413bf1b018b14a791c5e1683db2c27353948961f,1602.48,63.11,6.387903896,54000,54000
fe7fd33b74b923f25c768e166367b98d7bb516e9,1597.28,63.01,6.352106687,54000,54000
68eed73c021c49e08c88793264dfa3b044491623,1602.97,63.24,6.386745386,54000,54000
7622713cbee75d2640fc5ec34355101069fc8c87,1627.98,64.26,6.479274535,54000,54000
3e246cdcb1de48b948dbfb1bcedce82479d75484,1672.24,66.34,6.650657904,54000,54000
d7d3193ba5699603f62236f530cfb7eb78a10204,1664.79,65.88,6.624422864,54000,54000
018c34577e0d92bf70e5107d65a483730ebe0fcc,1642.14,64.66,6.535738650,54000,54000
af04dbaea75ebabd1a701c7e5df848e3c6468737,1619.32,63.81,6.440016710,54000,54000
3ae1880c7f7e2e362811f2f70c26a04514b7e22e,1609.00,63.36,6.404681398,54000,54000
53cd9ff9f6030d908c158be646f62a99137b09e1,1644.52,64.92,6.536040879,54000,54000
e9a50051a181e80022e775c5ef43222296a22f60,1613.60,63.73,6.429167365,54000,54000
7622713cbee75d2640fc5ec34355101069fc8c87,1631.58,64.44,6.477534395,54000,54000
86d657fc3107fa62be5890178586188be6e1dd01,1628.18,64.26,6.476862730,54000,54000
00c5da3543cd814d5f2a93e8e169a2cafa89ad7c,1593.90,63.03,6.348796643,54000,54000
7da58ad1f656c82883ec7a160ffbabbf055f63b3,1624.18,64.27,6.465872946,54000,54000
86d657fc3107fa62be5890178586188be6e1dd01,1638.76,64.81,6.522850317,55000,54000
25c446b757986f0ed4641d9ee8afab6f99af579a,1632.25,64.52,6.486462575,54000,54000
f9726db01e92d591f9d20f2a9696fc4e86594d3c,1589.14,62.70,6.328205284,55000,53000
d6144c2570323625f0600cac9621ef4800073cda,1609.71,63.24,6.404258300,54000,54000
fe7fd33b74b923f25c768e166367b98d7bb516e9,1588.27,62.42,6.325428600,55000,54000
6c05525ed4ba39cfe34843faff87b3d4d540aa4a,1600.28,63.34,6.378971114,54000,54000
b4a874596bdbd80ff1f995a3623bf957ef7b0ddf,1594.54,63.05,6.346590081,54000,54000
f1cb24e35449a41df1815be15223606ce6fcd24d,1620.73,64.05,6.458355964,54000,54000
57fdc78192bf30484e28e8ea7bb86c09bcad08b8,1611.38,63.67,6.423087745,55000,54000
86d657fc3107fa62be5890178586188be6e1dd01,1615.11,63.55,6.444925343,54000,55000
c3973e16d7fcd3606fd3b73fa2b4a7d35d047aa7,1589.29,62.54,6.342389460,54000,54000
3ae1880c7f7e2e362811f2f70c26a04514b7e22e,1626.07,64.39,6.472886528,53000,54000
58009d6fa2050ef9b097f6c263cf0bc6ccac5a80,1641.95,65.02,6.537759386,54000,54000
880fd60d9c7c9b9d5a5b77c7b93b5f4d73d01a67,1609.38,63.83,6.407102248,54000,54000
adcea6e43673279f5bc2005e960aa460e14474b9,1576.78,62.32,6.287599804,54000,54000
d64d207a67b59d2fc2b9a65e362cc2ddacd1881e,1647.36,65.15,6.565730360,54000,54000
37e399422ce626aa09a6220f0f79d0c45d482a92,1571.68,62.26,6.274787632,54000,54000
c3973e16d7fcd3606fd3b73fa2b4a7d35d047aa7,1593.70,62.96,6.355949516,54000,54000
e2b1d8bc16e430c1823d37034d9eca6d2f65d6d7,1614.81,63.99,6.437518999,54000,54000
d0ac6a9c717798b0d75b01c979eeec758c8911d6,1610.77,63.79,6.416863747,54000,54000
3d40e1c1a47c6174fdb63546840b7f8399447d07,1616.18,64.00,6.447017499,54000,54000
37e399422ce626aa09a6220f0f79d0c45d482a92,1604.83,63.64,6.394152213,55000,54000
a4b47328284e293fc0001b08ad081e39c5a15c7a,1589.13,63.14,6.341445005,54000,54000
0250a6c1f351d73a200e9b3d98d11eecf143496b,1629.99,64.63,6.502804278,55000,54000
a7a7fed881a41ceff2f1f9c464f88df0680daf9d,1584.27,62.73,6.321490284,54000,54000
1c1e2ba168579de28eacab05cee4ecf1675fb305,1585.03,62.56,6.324114014,54000,54000
e487ed5d0dae9544d476a28ca0bcc7b35c7fe5ef,1598.80,63.05,6.369403924,54000,55000
5adb994a73919c4ee0749020c80f0f0280aa48f8,1581.64,62.49,6.313235139,54000,54000
9abeaacc1e74584ad05192ef1ea52bae93793dbc,1627.85,64.44,6.492704014,54000,54000
223cf2bf6d2b4216f9229d80add8467ece1601d0,1589.69,62.64,6.338948143,54000,54000
7da58ad1f656c82883ec7a160ffbabbf055f63b3,1622.20,64.38,6.470930476,54000,54000
2cb64c57fca2a9ab45a5ac2c10a3bae84d9e0878,1597.51,62.88,6.389123193,54000,54000
137f42f0453796b43eda5521595decd0efa9796e,1604.58,63.25,6.400499185,54000,54000
190af45cefbc175b2712d5b004b1d25d6199905b,1599.36,63.47,6.370818215,54000,54000
d70285b49748f4fc018a71a49e837360c79a6d63,1580.21,62.28,6.293963125,54000,54000
4bd7e381d1f9be5160f8ef53a907d2d1e8f8b095,1590.71,62.70,6.351189186,54000,54000
e9a50051a181e80022e775c5ef43222296a22f60,1632.83,64.55,6.497421135,54000,54000
d6144c2570323625f0600cac9621ef4800073cda,1598.49,63.07,6.367078214,55000,54000
93d23dc02c2ce6359988e5473a21eadc9db681b6,1656.95,65.94,6.601171627,54000,54000
d716b393837f3205ae4cd4ea3db395d65a39fb79,1597.53,63.02,6.372299967,54000,54000
4782302a89bb2b7511bd0878fa923f404c3c3b99,1642.59,65.15,6.547682148,55000,54000
3e246cdcb1de48b948dbfb1bcedce82479d75484,1665.45,66.19,6.634804036,55000,54000
37e399422ce626aa09a6220f0f79d0c45d482a92,1600.55,63.43,6.372135590,54000,54000
91160707bb4224f024fab4bba4abb8788dd5a8a4,1617.38,63.83,6.434499409,54000,54000
090c7d803f9c5b19312d70ac5f3b4d0a591caa49,1604.93,63.87,6.376147195,54000,54000
5adb994a73919c4ee0749020c80f0f0280aa48f8,1609.77,63.73,6.402188164,54000,54000
57fdc78192bf30484e28e8ea7bb86c09bcad08b8,1613.36,64.18,6.424322240,54000,54000
53cd9ff9f6030d908c158be646f62a99137b09e1,1630.00,64.38,6.499699658,54000,54000
c029f1e4a959f60dfe432c6a2a806f214a8b35d4,1619.46,64.12,6.450377486,54000,53000
7622713cbee75d2640fc5ec34355101069fc8c87,1644.56,65.34,6.530323380,54000,54000
b4a874596bdbd80ff1f995a3623bf957ef7b0ddf,1597.53,63.54,6.355357519,54000,54000
51dee75bc94474b0e6d4785278ff6bab07b2c1dc,1600.24,63.44,6.381825616,54000,54000
090c7d803f9c5b19312d70ac5f3b4d0a591caa49,1591.51,62.94,6.328055908,54000,54000
d70285b49748f4fc018a71a49e837360c79a6d63,1608.95,63.61,6.405190622,54000,54000
25c446b757986f0ed4641d9ee8afab6f99af579a,1652.87,65.40,6.572240675,54000,54000
090c7d803f9c5b19312d70ac5f3b4d0a591caa49,1598.04,63.40,6.342779346,55000,54000
f0f11f7aa18ca1a081e89dfc6ed30302cc7af8f3,1557.69,61.59,6.202346019,55000,54000
3fffaa84f83bf6880c1350a7482e91bcd88ac4d3,1603.83,63.09,6.381377731,54000,54000
c8a99877104a7cb7d1acc663e618487e49a14d34,1644.39,65.34,6.528888099,54000,54000
f1cb24e35449a41df1815be15223606ce6fcd24d,1623.43,64.17,6.449955010,54000,54000
97846506cf4a3382f7c74e3f42034c7099a0203a,1626.35,64.35,6.466456890,54000,54000
ee1afe348613305d8ff4f406e31e2ab6b795bfe4,1628.09,64.35,6.481987479,54000,54000
f1cb24e35449a41df1815be15223606ce6fcd24d,1612.66,63.78,6.415832269,53000,54000
fe8cf9bcad9b9aab8adb042fab439b757f551809,1649.07,65.08,6.572607545,54000,54000
43283a282933ebe9448c132ea5bf259dd3e98e35,1581.63,62.56,6.308301214,54000,54000
d6144c2570323625f0600cac9621ef4800073cda,1606.10,63.53,6.402235387,54000,54000
fe7fd33b74b923f25c768e166367b98d7bb516e9,1594.78,63.18,6.351141666,54000,54000
c029f1e4a959f60dfe432c6a2a806f214a8b35d4,1637.33,65.01,6.520664949,54000,54000
77e310755bf6cdd737a57941106d6e5113406244,1615.29,64.11,6.421459238,54000,54000
61d03bba0c92439d87c9eee52698c7c7824eb096,1622.41,64.20,6.457373295,54000,53000
620ab41ec5506c170bc51e5d002428451f1819f7,1615.58,63.94,6.438029369,54000,54000
a7a7fed881a41ceff2f1f9c464f88df0680daf9d,1589.48,63.06,6.340801580,54000,54000
c0c7b08fb2cbcc7c46c32382796bd5b232d8fb71,1605.00,63.73,6.390879487,53000,53000
d6144c2570323625f0600cac9621ef4800073cda,1602.46,63.41,6.376630777,54000,54000
f909956b4921f6f95f613dac2b39f411387a740d,1628.36,64.34,6.482124574,54000,54000
85c60c479eae1852ee56eb43a09a8d44484f798b,1636.01,64.58,6.510077107,54000,54000
61d03bba0c92439d87c9eee52698c7c7824eb096,1643.39,65.16,6.541270869,54000,54000
af8b93548b9d425b248dba38d0493a4b69dedd7f,1633.80,64.50,6.512758600,55000,54000
37e399422ce626aa09a6220f0f79d0c45d482a92,1602.60,63.34,6.394908142,54000,54000
89eddcfa07dab6e0c82abe26889edf22948e01b6,1634.95,64.56,6.505971536,53000,54000
57fdc78192bf30484e28e8ea7bb86c09bcad08b8,1616.01,63.72,6.433816553,54000,54000
f9726db01e92d591f9d20f2a9696fc4e86594d3c,1585.16,62.80,6.326233657,54000,54000
0250a6c1f351d73a200e9b3d98d11eecf143496b,1633.58,64.81,6.497001841,54000,54000
2cb64c57fca2a9ab45a5ac2c10a3bae84d9e0878,1605.47,63.39,6.393442053,54000,54000
97846506cf4a3382f7c74e3f42034c7099a0203a,1646.77,65.49,6.552379285,54000,54000
3fffaa84f83bf6880c1350a7482e91bcd88ac4d3,1586.42,62.64,6.324990240,54000,54000
4782302a89bb2b7511bd0878fa923f404c3c3b99,1626.00,64.19,6.482734855,53000,54000
e487ed5d0dae9544d476a28ca0bcc7b35c7fe5ef,1595.98,62.98,6.353023308,54000,54000
c8a99877104a7cb7d1acc663e618487e49a14d34,1631.54,64.75,6.499235703,54000,54000
e2b1d8bc16e430c1823d37034d9eca6d2f65d6d7,1608.58,63.63,6.402635958,54000,54000
d70285b49748f4fc018a71a49e837360c79a6d63,1608.48,63.83,6.416918409,54000,54000
77e310755bf6cdd737a57941106d6e5113406244,1638.49,65.13,6.516646519,54000,54000
d70285b49748f4fc018a71a49e837360c79a6d63,1593.25,62.95,6.353723597,54000,54000
e487ed5d0dae9544d476a28ca0bcc7b35c7fe5ef,1629.20,64.46,6.490946959,54000,54000
fe8cf9bcad9b9aab8adb042fab439b757f551809,1620.42,64.17,6.452881492,54000,54000
58009d6fa2050ef9b097f6c263cf0bc6ccac5a80,1642.63,65.22,6.530578104,55000,54000
3fffaa84f83bf6880c1350a7482e91bcd88ac4d3,1599.51,63.25,6.360019907,54000,54000
77e310755bf6cdd737a57941106d6e5113406244,1608.55,63.71,6.405701535,54000,54000
5adb994a73919c4ee0749020c80f0f0280aa48f8,1606.82,63.39,6.401824350,54000,54000
563d4d02f718af8238a1970a5b630ae1aaa62cb0,1582.21,62.52,6.291626407,54000,54000
6c05525ed4ba39cfe34843faff87b3d4d540aa4a,1583.45,62.53,6.319237571,54000,54000
1c1e2ba168579de28eacab05cee4ecf1675fb305,1597.60,63.14,6.367100164,54000,54000
57fdc78192bf30484e28e8ea7bb86c09bcad08b8,1618.74,63.95,6.445898957,54000,55000
37e399422ce626aa09a6220f0f79d0c45d482a92,1600.98,63.34,6.369948338,54000,54000
1c64772d769f5723145d560ab6d0c4ce1fd2cb71,1595.04,63.19,6.352776363,54000,54000
86d657fc3107fa62be5890178586188be6e1dd01,1646.09,65.16,6.555234527,54000,54000
d64d207a67b59d2fc2b9a65e362cc2ddacd1881e,1619.08,64.22,6.427560019,54000,54000
77e310755bf6cdd737a57941106d6e5113406244,1610.33,63.70,6.401644226,55000,54000
1c64772d769f5723145d560ab6d0c4ce1fd2cb71,1588.76,62.51,6.331269100,54000,55000
3d40e1c1a47c6174fdb63546840b7f8399447d07,1595.74,62.95,6.357143153,54000,54000
3e246cdcb1de48b948dbfb1bcedce82479d75484,1656.57,65.44,6.572068100,54000,55000
e9a50051a181e80022e775c5ef43222296a22f60,1610.23,63.41,6.414683518,54000,54000
d6144c2570323625f0600cac9621ef4800073cda,1606.32,63.22,6.385043606,54000,54000
b6866d8d9aeaff22a7f28f289ab644e9681d46cd,1644.16,65.15,6.532602257,54000,54000
190af45cefbc175b2712d5b004b1d25d6199905b,1591.57,62.68,6.339029187,54000,54000
4cd64e70d48f5ef587ded1f6eb663a6c3a4fc90c,1601.12,63.37,6.371563236,54000,54000
86d657fc3107fa62be5890178586188be6e1dd01,1640.12,64.85,6.521825754,54000,54000
c8a99877104a7cb7d1acc663e618487e49a14d34,1630.00,64.73,6.478742523,54000,54000
7da58ad1f656c82883ec7a160ffbabbf055f63b3,1648.03,65.32,6.548605113,54000,54000
f0f11f7aa18ca1a081e89dfc6ed30302cc7af8f3,1533.56,60.75,6.118660856,55000,54000
223cf2bf6d2b4216f9229d80add8467ece1601d0,1594.83,62.96,6.365321403,54000,54000
06b1c03573945c0411a74082805cdc4a643cd2f8,1643.62,65.04,6.536524746,54000,54000
78b2e6e65b800c974871221a6f755922860db952,1611.37,63.87,6.409812303,54000,54000
880fd60d9c7c9b9d5a5b77c7b93b5f4d73d01a67,1620.56,64.36,6.452127362,54000,54000
7da58ad1f656c82883ec7a160ffbabbf055f63b3,1620.31,64.22,6.449086795,54000,54000
1c1e2ba168579de28eacab05cee4ecf1675fb305,1584.36,62.67,6.299945201,54000,54000
4cd64e70d48f5ef587ded1f6eb663a6c3a4fc90c,1620.08,64.27,6.456378236,54000,54000
f909956b4921f6f95f613dac2b39f411387a740d,1635.51,64.81,6.505185072,54000,54000
4bd7e381d1f9be5160f8ef53a907d2d1e8f8b095,1594.25,62.93,6.362572380,54000,54000
97846506cf4a3382f7c74e3f42034c7099a0203a,1660.40,65.67,6.612238334,54000,54000
d002348fd66395413d846f324fcd879e4db2a488,1658.41,65.62,6.598112904,54000,54000
ee1afe348613305d8ff4f406e31e2ab6b795bfe4,1627.85,64.61,6.469494809,54000,54000
e2b1d8bc16e430c1823d37034d9eca6d2f65d6d7,1602.30,63.49,6.423067203,54000,54000
d70285b49748f4fc018a71a49e837360c79a6d63,1564.65,62.00,6.247633942,54000,54000
81b3b7e19397de25a60f6b849dd6337dac189df4,1628.55,64.36,6.486727510,54000,54000
11d25fd70769de912a45bc6ae796da0cdad607e1,1551.69,61.40,6.199633329,54000,54000
0a340d82b33dc396eedce4a8daf4faed65fabf67,1596.31,63.41,6.367852813,55000,54000
924fc3ff6f8793a57172e71abb5f8c433fb1b2ef,1608.50,63.60,6.414932612,54000,54000
f9726db01e92d591f9d20f2a9696fc4e86594d3c,1560.91,61.80,6.227567828,54000,54000
f0f11f7aa18ca1a081e89dfc6ed30302cc7af8f3,1557.20,61.80,6.213275364,54000,54000
f1cb24e35449a41df1815be15223606ce6fcd24d,1610.05,63.61,6.418748411,54000,54000
91160707bb4224f024fab4bba4abb8788dd5a8a4,1622.65,64.40,6.466825128,54000,54000
c0c7b08fb2cbcc7c46c32382796bd5b232d8fb71,1619.83,64.27,6.454496437,54000,55000
223cf2bf6d2b4216f9229d80add8467ece1601d0,1615.00,63.89,6.452796013,54000,54000
137f42f0453796b43eda5521595decd0efa9796e,1602.33,63.20,6.401899305,54000,54000
3ae1880c7f7e2e362811f2f70c26a04514b7e22e,1627.71,64.00,6.504893672,54000,54000
4cd64e70d48f5ef587ded1f6eb663a6c3a4fc90c,1601.00,63.35,6.373556498,54000,54000
1c64772d769f5723145d560ab6d0c4ce1fd2cb71,1582.80,62.63,6.324353961,54000,54000
d70285b49748f4fc018a71a49e837360c79a6d63,1598.09,62.89,6.374475274,54000,54000
d6144c2570323625f0600cac9621ef4800073cda,1588.69,63.00,6.339862420,54000,55000
af8b93548b9d425b248dba38d0493a4b69dedd7f,1655.56,65.31,6.597035515,54000,54000
00c5da3543cd814d5f2a93e8e169a2cafa89ad7c,1587.09,62.96,6.329077693,54000,54000
68eed73c021c49e08c88793264dfa3b044491623,1602.44,63.30,6.374152785,54000,54000
adcea6e43673279f5bc2005e960aa460e14474b9,1569.23,62.02,6.268682817,54000,54000
e5f1fcdb481933c1a19441261dcf033906147f78,1591.54,62.68,6.354563636,54000,54000
0250a6c1f351d73a200e9b3d98d11eecf143496b,1646.02,65.14,6.554619525,54000,54000
77e310755bf6cdd737a57941106d6e5113406244,1626.91,64.33,6.480706274,54000,54000
620ab41ec5506c170bc51e5d002428451f1819f7,1644.13,64.85,6.545867021,54000,54000
c352cb002070b7104872d651cac7f145e7cce543,1602.22,63.20,6.385412666,54000,54000
413bf1b018b14a791c5e1683db2c27353948961f,1597.52,63.21,6.364548188,54000,54000
a48218e7a5fae7a02eed0b6b1de03dee80ae2d2b,1642.58,64.90,6.525667388,54000,54000
8d6237e004a8661655a9bc5b914a59d1ca87307e,1631.94,64.44,6.491627583,54000,54000
c3973e16d7fcd3606fd3b73fa2b4a7d35d047aa7,1590.16,62.87,6.339659109,54000,54000
7622713cbee75d2640fc5ec34355101069fc8c87,1651.60,65.14,6.559405766,54000,54000
25c446b757986f0ed4641d9ee8afab6f99af579a,1636.60,64.91,6.505397495,54000,54000
a4b47328284e293fc0001b08ad081e39c5a15c7a,1604.86,63.38,6.386583158,54000,54000
fe8cf9bcad9b9aab8adb042fab439b757f551809,1612.92,63.57,6.418549003,54000,54000
137f42f0453796b43eda5521595decd0efa9796e,1595.12,62.79,6.363699633,54000,53000
3e246cdcb1de48b948dbfb1bcedce82479d75484,1642.58,64.95,6.533117810,53000,54000
924fc3ff6f8793a57172e71abb5f8c433fb1b2ef,1608.84,63.57,6.409113404,54000,54000
090c7d803f9c5b19312d70ac5f3b4d0a591caa49,1608.90,63.70,6.396847221,55000,54000
924fc3ff6f8793a57172e71abb5f8c433fb1b2ef,1596.04,63.09,6.345047239,54000,54000
5adb994a73919c4ee0749020c80f0f0280aa48f8,1618.19,63.90,6.441221547,54000,54000
500d1cb979ea3c45b67dd059e06629f2dc21ea7c,1611.41,63.48,6.408595560,54000,54000
0a340d82b33dc396eedce4a8daf4faed65fabf67,1596.13,63.09,6.351795297,55000,54000
0d58c5978ebdc50c4cd72d9a39dba9ecbafbad11,1632.76,64.30,6.506214161,54000,54000
57fdc78192bf30484e28e8ea7bb86c09bcad08b8,1597.47,63.05,6.364926142,54000,54000
924fc3ff6f8793a57172e71abb5f8c433fb1b2ef,1586.56,62.53,6.308890943,54000,54000
81b3b7e19397de25a60f6b849dd6337dac189df4,1637.69,64.47,6.519001572,54000,54000
ba3392726bb2246a2fc75cf2774bc7c1911c21d1,1589.73,62.75,6.326772396,54000,54000
c0c7b08fb2cbcc7c46c32382796bd5b232d8fb71,1599.27,63.23,6.364873807,54000,54000
a38da1662b26a479483a43fe0dc9e05b466bd607,1623.82,64.15,6.464179549,54000,54000
d7d3193ba5699603f62236f530cfb7eb78a10204,1661.85,66.12,6.604001648,54000,54000
35ca036d8055172d9fd1ca8d59810c043a0b23ad,1587.00,62.52,6.326594526,54000,54000
6c05525ed4ba39cfe34843faff87b3d4d540aa4a,1580.93,62.76,6.292212224,54000,54000
d6144c2570323625f0600cac9621ef4800073cda,1586.72,62.68,6.319813265,54000,54000
97846506cf4a3382f7c74e3f42034c7099a0203a,1622.84,64.26,6.461349246,54000,54000
c352cb002070b7104872d651cac7f145e7cce543,1608.11,63.55,6.410962354,55000,54000
0abbb34706e9f3cf1650599eecacaf4779f36506,1609.62,63.37,6.408404002,54000,54000
61d03bba0c92439d87c9eee52698c7c7824eb096,1602.88,63.27,6.388365306,54000,54000
adcea6e43673279f5bc2005e960aa460e14474b9,1570.30,62.06,6.256680424,54000,54000
e2b1d8bc16e430c1823d37034d9eca6d2f65d6d7,1618.55,64.12,6.454776817,54000,54000
43283a282933ebe9448c132ea5bf259dd3e98e35,1590.62,62.93,6.357726898,54000,54000
d0ac6a9c717798b0d75b01c979eeec758c8911d6,1602.96,63.40,6.376983685,54000,54000
0abbb34706e9f3cf1650599eecacaf4779f36506,1602.18,63.44,6.389032750,54000,54000
16aa9d67f3da02c2dd649627b023625160d1a89a,1627.17,64.38,6.490392854,54000,54000
a7a7fed881a41ceff2f1f9c464f88df0680daf9d,1597.79,63.41,6.375365476,54000,54000
a13289a1c1a3192e78df65a5df7973df3aebae79,1517.71,60.01,6.067917171,54000,55000
d7d3193ba5699603f62236f530cfb7eb78a10204,1638.17,64.89,6.526169574,54000,54000
e9a50051a181e80022e775c5ef43222296a22f60,1611.78,64.02,6.413748189,54000,54000
51dee75bc94474b0e6d4785278ff6bab07b2c1dc,1565.94,61.50,6.256849022,54000,54000
d64d207a67b59d2fc2b9a65e362cc2ddacd1881e,1623.64,64.08,6.466946582,54000,54000
86d657fc3107fa62be5890178586188be6e1dd01,1655.36,65.76,6.602904840,54000,53000
37e399422ce626aa09a6220f0f79d0c45d482a92,1578.53,62.39,6.307877158,54000,53000
a4b47328284e293fc0001b08ad081e39c5a15c7a,1606.35,63.31,6.401651050,54000,54000
3ae1880c7f7e2e362811f2f70c26a04514b7e22e,1615.82,64.01,6.445362804,54000,54000
223cf2bf6d2b4216f9229d80add8467ece1601d0,1589.68,62.74,6.345786687,54000,54000
97846506cf4a3382f7c74e3f42034c7099a0203a,1617.27,63.95,6.441070404,52000,54000
b3eed2970dc7f779af62087896d86529e7b4b439,1586.91,62.46,6.331406187,54000,54000
00c5da3543cd814d5f2a93e8e169a2cafa89ad7c,1610.10,63.87,6.418357998,54000,54000
91160707bb4224f024fab4bba4abb8788dd5a8a4,1624.48,64.36,6.480618308,54000,54000
3ae1880c7f7e2e362811f2f70c26a04514b7e22e,1643.33,64.92,6.547502298,54000,54000
d7d3193ba5699603f62236f530cfb7eb78a10204,1649.28,65.33,6.559732447,54000,54000
71a91e0d7bfd5768985dbae28c1ff5bd9a093ba2,1633.47,64.43,6.506134075,54000,54000
91160707bb4224f024fab4bba4abb8788dd5a8a4,1638.20,64.52,6.527099564,54000,54000
71a91e0d7bfd5768985dbae28c1ff5bd9a093ba2,1617.36,63.89,6.439428039,54000,54000
0d58c5978ebdc50c4cd72d9a39dba9ecbafbad11,1628.36,64.25,6.477953328,54000,54000
25c446b757986f0ed4641d9ee8afab6f99af579a,1658.06,65.58,6.610246608,54000,54000
53cd9ff9f6030d908c158be646f62a99137b09e1,1656.66,65.11,6.590021608,53000,54000
a38da1662b26a479483a43fe0dc9e05b466bd607,1637.89,64.68,6.517676632,54000,54000
16aa9d67f3da02c2dd649627b023625160d1a89a,1615.94,63.84,6.429800748,54000,54000
0abbb34706e9f3cf1650599eecacaf4779f36506,1576.10,61.93,6.290769208,54000,54000
c80f3ecaf660422ef0f3c7eda724f86beddbd09b,1625.45,64.34,6.471894852,54000,54000
57fdc78192bf30484e28e8ea7bb86c09bcad08b8,1634.22,64.61,6.499401331,54000,54000
137f42f0453796b43eda5521595decd0efa9796e,1614.95,63.80,6.433399796,53000,54000
25c446b757986f0ed4641d9ee8afab6f99af579a,1624.32,64.20,6.475592032,54000,53000
500d1cb979ea3c45b67dd059e06629f2dc21ea7c,1634.11,64.66,6.489782251,54000,54000
58009d6fa2050ef9b097f6c263cf0bc6ccac5a80,1640.18,64.94,6.528604922,54000,54000
68eed73c021c49e08c88793264dfa3b044491623,1614.99,63.89,6.440855654,54000,54000
0a340d82b33dc396eedce4a8daf4faed65fabf67,1617.29,64.02,6.431664604,54000,54000
4cd64e70d48f5ef587ded1f6eb663a6c3a4fc90c,1611.54,63.62,6.415219125,54000,55000
c029f1e4a959f60dfe432c6a2a806f214a8b35d4,1614.72,64.09,6.420770323,54000,54000
3b2fe9d7d1bef79facc3073c34b96b226c2afa5e,1643.84,65.13,6.562550459,54000,54000
77e310755bf6cdd737a57941106d6e5113406244,1609.95,63.81,6.405233631,54000,54000
51dee75bc94474b0e6d4785278ff6bab07b2c1dc,1594.80,63.11,6.350587658,54000,54000
e9a50051a181e80022e775c5ef43222296a22f60,1602.25,63.34,6.373392980,54000,54000
880fd60d9c7c9b9d5a5b77c7b93b5f4d73d01a67,1601.16,63.36,6.374284737,54000,54000
1a93abca1912dbdabdccb86a70a6c82abb672c3a,1623.79,64.54,6.467597011,54000,54000
c029f1e4a959f60dfe432c6a2a806f214a8b35d4,1640.03,64.76,6.535574526,54000,54000
af8b93548b9d425b248dba38d0493a4b69dedd7f,1637.93,65.03,6.510779837,53000,54000
b3eed2970dc7f779af62087896d86529e7b4b439,1590.87,62.80,6.336917163,54000,54000
61d03bba0c92439d87c9eee52698c7c7824eb096,1626.16,64.68,6.472962281,54000,54000
f909956b4921f6f95f613dac2b39f411387a740d,1611.92,63.94,6.422005035,54000,54000
4cd64e70d48f5ef587ded1f6eb663a6c3a4fc90c,1615.01,63.99,6.436211782,54000,54000
23262b9e79da43a30d7990e14b36db18a5119fde,1623.90,64.31,6.467845086,54000,54000
4c9b1683cb7490653a4b953120d6457a7b60db1c,1604.50,63.22,6.417800358,54000,54000
61d03bba0c92439d87c9eee52698c7c7824eb096,1611.92,63.75,6.427758308,54000,54000
4782302a89bb2b7511bd0878fa923f404c3c3b99,1618.68,64.27,6.457355190,55000,54000
620ab41ec5506c170bc51e5d002428451f1819f7,1628.76,64.64,6.489326745,54000,54000
00c5da3543cd814d5f2a93e8e169a2cafa89ad7c,1608.42,63.80,6.417295246,54000,54000
97846506cf4a3382f7c74e3f42034c7099a0203a,1648.14,65.12,6.570966583,54000,54000
f1cb24e35449a41df1815be15223606ce6fcd24d,1630.76,64.68,6.501724539,54000,54000
500d1cb979ea3c45b67dd059e06629f2dc21ea7c,1611.06,63.77,6.418792903,54000,54000
563d4d02f718af8238a1970a5b630ae1aaa62cb0,1576.37,62.45,6.272809275,54000,54000
85c60c479eae1852ee56eb43a09a8d44484f798b,1617.63,64.30,6.460017704,54000,54000
b6866d8d9aeaff22a7f28f289ab644e9681d46cd,1602.19,63.44,6.384827579,54000,54000
b4a874596bdbd80ff1f995a3623bf957ef7b0ddf,1603.94,63.48,6.393771314,54000,54000
c029f1e4a959f60dfe432c6a2a806f214a8b35d4,1624.34,64.43,6.469490276,54000,54000
37e399422ce626aa09a6220f0f79d0c45d482a92,1579.79,62.67,6.303223270,54000,54000
4782302a89bb2b7511bd0878fa923f404c3c3b99,1615.69,63.97,6.433405514,54000,54000
620ab41ec5506c170bc51e5d002428451f1819f7,1621.06,64.16,6.461949426,54000,54000
c8a99877104a7cb7d1acc663e618487e49a14d34,1632.55,64.65,6.512818299,54000,54000
413bf1b018b14a791c5e1683db2c27353948961f,1625.41,64.28,6.483413900,54000,53000
4cd64e70d48f5ef587ded1f6eb663a6c3a4fc90c,1608.07,63.75,6.406218992,54000,54000
adcea6e43673279f5bc2005e960aa460e14474b9,1603.33,63.46,6.391609601,54000,55000
c352cb002070b7104872d651cac7f145e7cce543,1593.02,63.29,6.362223001,54000,54000
223cf2bf6d2b4216f9229d80add8467ece1601d0,1579.52,62.39,6.301210602,53000,54000
8dabfde4800a0a1c790936976297b539ea6c4946,1619.19,64.12,6.455703177,54000,54000
a48218e7a5fae7a02eed0b6b1de03dee80ae2d2b,1617.01,64.40,6.427654634,54000,54000
7da58ad1f656c82883ec7a160ffbabbf055f63b3,1633.32,64.86,6.492568338,54000,54000
e2b1d8bc16e430c1823d37034d9eca6d2f65d6d7,1619.25,64.05,6.451590125,54000,54000
563d4d02f718af8238a1970a5b630ae1aaa62cb0,1572.78,62.31,6.255092247,54000,54000
e487ed5d0dae9544d476a28ca0bcc7b35c7fe5ef,1600.75,63.43,6.393429627,54000,54000
137f42f0453796b43eda5521595decd0efa9796e,1598.08,63.36,6.370852029,54000,53000
68eed73c021c49e08c88793264dfa3b044491623,1600.62,63.23,6.381607625,54000,54000
8d6237e004a8661655a9bc5b914a59d1ca87307e,1615.63,63.91,6.443092257,54000,54000
1c1e2ba168579de28eacab05cee4ecf1675fb305,1560.81,61.91,6.216531636,54000,54000
85c60c479eae1852ee56eb43a09a8d44484f798b,1628.25,65.01,6.477416984,54000,53000
880fd60d9c7c9b9d5a5b77c7b93b5f4d73d01a67,1622.78,64.28,6.473569965,53000,54000
8dabfde4800a0a1c790936976297b539ea6c4946,1626.21,64.57,6.469947627,54000,54000
fe8cf9bcad9b9aab8adb042fab439b757f551809,1632.24,64.71,6.495106636,54000,54000
d6144c2570323625f0600cac9621ef4800073cda,1583.08,62.71,6.306653173,54000,54000
d716b393837f3205ae4cd4ea3db395d65a39fb79,1601.48,63.49,6.376517948,54000,54000
a38da1662b26a479483a43fe0dc9e05b466bd607,1605.49,63.41,6.390984990,54000,54000
3b2fe9d7d1bef79facc3073c34b96b226c2afa5e,1636.87,64.79,6.508117455,54000,54000
a48218e7a5fae7a02eed0b6b1de03dee80ae2d2b,1640.57,65.15,6.520410615,55000,54000
3e246cdcb1de48b948dbfb1bcedce82479d75484,1680.70,66.68,6.664082588,55000,54000
c352cb002070b7104872d651cac7f145e7cce543,1592.88,63.00,6.343486080,54000,54000
61d03bba0c92439d87c9eee52698c7c7824eb096,1613.32,63.65,6.424792918,54000,54000
500d1cb979ea3c45b67dd059e06629f2dc21ea7c,1633.80,64.53,6.495448117,54000,54000
81b3b7e19397de25a60f6b849dd6337dac189df4,1624.58,64.07,6.461881134,54000,54000
35ca036d8055172d9fd1ca8d59810c043a0b23ad,1619.24,64.10,6.455720563,55000,54000
b590dfa14981eb31dd6148d4e03cd3eb515cefb7,1618.30,64.12,6.435415303,54000,54000
9abeaacc1e74584ad05192ef1ea52bae93793dbc,1648.76,65.31,6.553936881,54000,54000
9abeaacc1e74584ad05192ef1ea52bae93793dbc,1625.37,64.40,6.459260121,54000,54000
4cd64e70d48f5ef587ded1f6eb663a6c3a4fc90c,1622.64,64.32,6.454316440,54000,54000
c0c7b08fb2cbcc7c46c32382796bd5b232d8fb71,1616.75,63.80,6.440085038,54000,54000
c029f1e4a959f60dfe432c6a2a806f214a8b35d4,1618.64,64.54,6.434161358,54000,54000
2f814eafcf7c303aa5b1ff141f52a5265d26defe,1584.57,62.64,6.312737262,54000,55000
2f814eafcf7c303aa5b1ff141f52a5265d26defe,1600.89,63.59,6.363848854,54000,54000
fe8cf9bcad9b9aab8adb042fab439b757f551809,1612.85,63.66,6.429879604,54000,54000
018c34577e0d92bf70e5107d65a483730ebe0fcc,1648.84,65.39,6.561036582,54000,54000
fe7fd33b74b923f25c768e166367b98d7bb516e9,1592.67,63.01,6.331604913,54000,54000
e487ed5d0dae9544d476a28ca0bcc7b35c7fe5ef,1606.29,63.68,6.401290379,54000,54000
89eddcfa07dab6e0c82abe26889edf22948e01b6,1623.56,64.39,6.451272063,54000,54000
0abbb34706e9f3cf1650599eecacaf4779f36506,1591.76,62.75,6.347325217,54000,54000
c029f1e4a959f60dfe432c6a2a806f214a8b35d4,1603.05,63.66,6.399687462,55000,54000
d7d3193ba5699603f62236f530cfb7eb78a10204,1628.02,64.62,6.489924333,54000,54000
2f814eafcf7c303aa5b1ff141f52a5265d26defe,1604.46,63.61,6.393582182,54000,54000
c3973e16d7fcd3606fd3b73fa2b4a7d35d047aa7,1593.44,63.29,6.362980203,54000,54000
c0c7b08fb2cbcc7c46c32382796bd5b232d8fb71,1595.92,63.44,6.360717240,54000,54000
2cb64c57fca2a9ab45a5ac2c10a3bae84d9e0878,1621.36,64.43,6.458334532,54000,54000
137f42f0453796b43eda5521595decd0efa9796e,1587.32,62.60,6.353248191,54000,54000
8dabfde4800a0a1c790936976297b539ea6c4946,1648.95,65.47,6.573408929,54000,54000
b6866d8d9aeaff22a7f28f289ab644e9681d46cd,1646.22,65.33,6.569180969,54000,54000
ee1afe348613305d8ff4f406e31e2ab6b795bfe4,1625.42,64.52,6.467599671,54000,54000
43283a282933ebe9448c132ea5bf259dd3e98e35,1617.43,64.25,6.468307413,53000,54000
35ca036d8055172d9fd1ca8d59810c043a0b23ad,1586.50,62.70,6.336062525,54000,54000
6c05525ed4ba39cfe34843faff87b3d4d540aa4a,1595.13,63.26,6.377698311,54000,54000
f0f11f7aa18ca1a081e89dfc6ed30302cc7af8f3,1541.11,61.11,6.152514066,54000,54000
3e246cdcb1de48b948dbfb1bcedce82479d75484,1639.32,65.00,6.536279423,55000,54000
f0f11f7aa18ca1a081e89dfc6ed30302cc7af8f3,1532.65,60.68,6.119226073,53000,54000
35ca036d8055172d9fd1ca8d59810c043a0b23ad,1594.64,62.77,6.369844566,53000,54000
500d1cb979ea3c45b67dd059e06629f2dc21ea7c,1631.12,64.67,6.500694775,54000,54000
b4a874596bdbd80ff1f995a3623bf957ef7b0ddf,1573.35,62.11,6.276377577,54000,54000
b590dfa14981eb31dd6148d4e03cd3eb515cefb7,1611.74,63.84,6.433620132,54000,54000
a48218e7a5fae7a02eed0b6b1de03dee80ae2d2b,1648.16,65.39,6.570721129,54000,54000
c029f1e4a959f60dfe432c6a2a806f214a8b35d4,1629.16,64.59,6.489645983,54000,54000
43283a282933ebe9448c132ea5bf259dd3e98e35,1613.86,63.86,6.461800843,54000,54000
16aa9d67f3da02c2dd649627b023625160d1a89a,1632.21,64.78,6.500806116,54000,54000
500d1cb979ea3c45b67dd059e06629f2dc21ea7c,1629.11,64.42,6.511652464,54000,53000
77e310755bf6cdd737a57941106d6e5113406244,1616.35,64.15,6.437018734,54000,54000
51dee75bc94474b0e6d4785278ff6bab07b2c1dc,1571.49,62.12,6.283840495,54000,54000
91160707bb4224f024fab4bba4abb8788dd5a8a4,1607.90,63.61,6.434997850,54000,54000
4c9b1683cb7490653a4b953120d6457a7b60db1c,1611.30,64.08,6.416852601,54000,54000
11d25fd70769de912a45bc6ae796da0cdad607e1,1536.87,60.55,6.137299300,54000,54000
16aa9d67f3da02c2dd649627b023625160d1a89a,1597.57,63.34,6.355576280,54000,54000
0abbb34706e9f3cf1650599eecacaf4779f36506,1625.51,64.22,6.479003312,54000,54000
ba3392726bb2246a2fc75cf2774bc7c1911c21d1,1602.92,63.58,6.388758064,55000,54000
37e399422ce626aa09a6220f0f79d0c45d482a92,1584.06,62.77,6.319654671,53000,54000
8dabfde4800a0a1c790936976297b539ea6c4946,1631.47,64.55,6.507908735,54000,54000
d0ac6a9c717798b0d75b01c979eeec758c8911d6,1623.76,64.53,6.459440069,54000,54000
c3973e16d7fcd3606fd3b73fa2b4a7d35d047aa7,1603.11,63.54,6.395959398,54000,54000
a4b47328284e293fc0001b08ad081e39c5a15c7a,1592.75,63.03,6.343355582,54000,54000
0a340d82b33dc396eedce4a8daf4faed65fabf67,1608.78,63.83,6.391934258,54000,54000
190af45cefbc175b2712d5b004b1d25d6199905b,1576.28,62.42,6.268836102,54000,54000
37e399422ce626aa09a6220f0f79d0c45d482a92,1584.29,62.58,6.319590481,54000,54000
e9a50051a181e80022e775c5ef43222296a22f60,1603.99,63.50,6.388678960,55000,54000
1a93abca1912dbdabdccb86a70a6c82abb672c3a,1623.82,64.29,6.462434916,54000,54000
81b3b7e19397de25a60f6b849dd6337dac189df4,1658.30,65.68,6.609151099,54000,54000
c352cb002070b7104872d651cac7f145e7cce543,1569.26,61.88,6.265615709,54000,54000
81b3b7e19397de25a60f6b849dd6337dac189df4,1619.91,63.88,6.450286968,54000,55000
3fffaa84f83bf6880c1350a7482e91bcd88ac4d3,1617.37,63.90,6.441125181,54000,54000
85c60c479eae1852ee56eb43a09a8d44484f798b,1636.99,64.74,6.523781942,54000,54000
c0c7b08fb2cbcc7c46c32382796bd5b232d8fb71,1600.56,63.25,6.378044346,54000,54000
a7a7fed881a41ceff2f1f9c464f88df0680daf9d,1602.01,63.98,6.390115708,55000,54000
3ae1880c7f7e2e362811f2f70c26a04514b7e22e,1654.84,65.92,6.588449433,54000,55000
8d6237e004a8661655a9bc5b914a59d1ca87307e,1622.06,63.95,6.463860327,54000,54000
43283a282933ebe9448c132ea5bf259dd3e98e35,1577.26,62.65,6.291228253,54000,54000
3e3ce93324af169fa3208602e5a58db174aec431,1609.93,63.72,6.417778206,54000,54000
f1cb24e35449a41df1815be15223606ce6fcd24d,1638.70,64.95,6.533712268,54000,54000
57fdc78192bf30484e28e8ea7bb86c09bcad08b8,1621.66,64.35,6.460548702,54000,54000
ba3392726bb2246a2fc75cf2774bc7c1911c21d1,1612.42,64.02,6.438983807,54000,54000
a38da1662b26a479483a43fe0dc9e05b466bd607,1607.84,63.52,6.417822608,54000,54000
78b2e6e65b800c974871221a6f755922860db952,1612.15,63.54,6.429374245,54000,54000
3d40e1c1a47c6174fdb63546840b7f8399447d07,1600.34,63.59,6.383117129,54000,54000
f0f11f7aa18ca1a081e89dfc6ed30302cc7af8f3,1539.11,60.71,6.146848979,53000,54000
f909956b4921f6f95f613dac2b39f411387a740d,1623.70,64.32,6.466493526,54000,54000
c80f3ecaf660422ef0f3c7eda724f86beddbd09b,1650.44,65.42,6.575238575,54000,54000
ba3392726bb2246a2fc75cf2774bc7c1911c21d1,1598.27,63.37,6.375550291,54000,55000
71a91e0d7bfd5768985dbae28c1ff5bd9a093ba2,1642.04,65.12,6.541503721,54000,54000
fe8cf9bcad9b9aab8adb042fab439b757f551809,1642.09,64.45,6.560013005,54000,55000
3ae1880c7f7e2e362811f2f70c26a04514b7e22e,1650.26,65.53,6.556033252,54000,54000
af8b93548b9d425b248dba38d0493a4b69dedd7f,1662.07,66.15,6.614303044,55000,54000
06b1c03573945c0411a74082805cdc4a643cd2f8,1596.05,63.08,6.364278121,54000,54000
3b2fe9d7d1bef79facc3073c34b96b226c2afa5e,1643.97,65.59,6.539832529,54000,54000
0250a6c1f351d73a200e9b3d98d11eecf143496b,1635.20,64.67,6.515757315,54000,53000
7622713cbee75d2640fc5ec34355101069fc8c87,1638.89,64.93,6.536635745,54000,54000
fe7fd33b74b923f25c768e166367b98d7bb516e9,1577.35,62.33,6.283735234,55000,54000
a48218e7a5fae7a02eed0b6b1de03dee80ae2d2b,1634.50,64.86,6.507629345,54000,54000
71a91e0d7bfd5768985dbae28c1ff5bd9a093ba2,1642.02,64.99,6.534172706,54000,53000
413bf1b018b14a791c5e1683db2c27353948961f,1622.86,64.28,6.453534890,54000,54000
fe8cf9bcad9b9aab8adb042fab439b757f551809,1616.75,64.03,6.438590155,54000,54000
51dee75bc94474b0e6d4785278ff6bab07b2c1dc,1574.17,62.14,6.284205783,54000,54000
c8a99877104a7cb7d1acc663e618487e49a14d34,1621.88,64.24,6.455987921,54000,54000
78b2e6e65b800c974871221a6f755922860db952,1610.09,63.57,6.412969675,54000,54000
7da58ad1f656c82883ec7a160ffbabbf055f63b3,1643.87,65.10,6.583969433,54000,55000
97846506cf4a3382f7c74e3f42034c7099a0203a,1639.48,65.04,6.530207280,55000,54000
a38da1662b26a479483a43fe0dc9e05b466bd607,1615.36,63.99,6.438845088,54000,53000
ba3392726bb2246a2fc75cf2774bc7c1911c21d1,1611.67,63.76,6.419786561,54000,54000
c8a99877104a7cb7d1acc663e618487e49a14d34,1638.90,64.75,6.532710049,54000,54000
11d25fd70769de912a45bc6ae796da0cdad607e1,1523.53,59.86,6.072384627,54000,54000
e5f1fcdb481933c1a19441261dcf033906147f78,1586.71,62.37,6.326726736,53000,54000
7622713cbee75d2640fc5ec34355101069fc8c87,1634.10,64.81,6.501589919,54000,54000
f9726db01e92d591f9d20f2a9696fc4e86594d3c,1576.95,62.32,6.289053724,54000,54000
77e310755bf6cdd737a57941106d6e5113406244,1610.64,63.66,6.410425107,54000,54000
d0ac6a9c717798b0d75b01c979eeec758c8911d6,1611.19,63.69,6.411965306,54000,54000
78b2e6e65b800c974871221a6f755922860db952,1605.26,63.61,6.400491296,54000,54000
e487ed5d0dae9544d476a28ca0bcc7b35c7fe5ef,1588.40,62.69,6.324989471,54000,54000
b6866d8d9aeaff22a7f28f289ab644e9681d46cd,1629.35,64.90,6.482683050,54000,54000
e9a50051a181e80022e775c5ef43222296a22f60,1609.13,63.65,6.400878298,54000,54000
a38da1662b26a479483a43fe0dc9e05b466bd607,1619.21,64.03,6.447575976,54000,55000
d7d3193ba5699603f62236f530cfb7eb78a10204,1672.28,66.50,6.652080395,55000,54000
f1cb24e35449a41df1815be15223606ce6fcd24d,1610.29,63.20,6.413006871,54000,54000
d64d207a67b59d2fc2b9a65e362cc2ddacd1881e,1623.09,64.27,6.473262271,55000,55000
06b1c03573945c0411a74082805cdc4a643cd2f8,1617.47,63.63,6.436949341,54000,54000
223cf2bf6d2b4216f9229d80add8467ece1601d0,1606.96,63.42,6.399540922,54000,54000
89eddcfa07dab6e0c82abe26889edf22948e01b6,1619.59,64.10,6.446947478,54000,54000
e9a50051a181e80022e775c5ef43222296a22f60,1640.71,64.71,6.522899634,54000,54000
1a93abca1912dbdabdccb86a70a6c82abb672c3a,1613.59,63.72,6.432831584,54000,54000
a7a7fed881a41ceff2f1f9c464f88df0680daf9d,1585.63,62.57,6.323187412,53000,53000
137f42f0453796b43eda5521595decd0efa9796e,1605.04,63.50,6.409555007,54000,54000
8f1499cbdb6e1518a552ef61fa381523015eb672,1606.34,63.53,6.400853191,54000,54000
fe7fd33b74b923f25c768e166367b98d7bb516e9,1588.73,62.85,6.333252044,54000,54000
3b2fe9d7d1bef79facc3073c34b96b226c2afa5e,1618.51,63.94,6.458073949,54000,54000
3e3ce93324af169fa3208602e5a58db174aec431,1580.31,62.56,6.302879117,54000,53000
d70285b49748f4fc018a71a49e837360c79a6d63,1604.58,63.51,6.393381039,54000,54000
37e399422ce626aa09a6220f0f79d0c45d482a92,1606.54,63.39,6.415218383,55000,54000
f1cb24e35449a41df1815be15223606ce6fcd24d,1615.45,63.63,6.449193109,54000,54000
620ab41ec5506c170bc51e5d002428451f1819f7,1624.51,64.08,6.467818970,54000,53000
a13289a1c1a3192e78df65a5df7973df3aebae79,1545.59,61.18,6.183437422,54000,53000
85c60c479eae1852ee56eb43a09a8d44484f798b,1633.36,64.82,6.522686593,54000,54000
53cd9ff9f6030d908c158be646f62a99137b09e1,1624.99,64.31,6.474522282,54000,54000
880fd60d9c7c9b9d5a5b77c7b93b5f4d73d01a67,1614.21,63.91,6.444911053,54000,54000
190af45cefbc175b2712d5b004b1d25d6199905b,1576.35,62.38,6.287546992,54000,54000
4bd7e381d1f9be5160f8ef53a907d2d1e8f8b095,1610.30,63.52,6.426910239,53000,54000
ee1afe348613305d8ff4f406e31e2ab6b795bfe4,1611.77,63.71,6.427226104,54000,54000
4cd64e70d48f5ef587ded1f6eb663a6c3a4fc90c,1596.09,62.83,6.359309641,54000,54000
0a340d82b33dc396eedce4a8daf4faed65fabf67,1611.67,63.80,6.418504388,54000,54000
53cd9ff9f6030d908c158be646f62a99137b09e1,1639.80,64.76,6.525776458,54000,54000
880fd60d9c7c9b9d5a5b77c7b93b5f4d73d01a67,1613.38,63.74,6.431180060,53000,54000
11d25fd70769de912a45bc6ae796da0cdad607e1,1527.61,60.43,6.094883275,54000,54000
61d03bba0c92439d87c9eee52698c7c7824eb096,1610.54,63.56,6.421673201,54000,54000
a13289a1c1a3192e78df65a5df7973df3aebae79,1547.02,60.97,6.171120910,54000,54000
11d25fd70769de912a45bc6ae796da0cdad607e1,1539.17,60.84,6.135220808,54000,54000
e5f1fcdb481933c1a19441261dcf033906147f78,1593.35,62.86,6.345631506,54000,54000
af8b93548b9d425b248dba38d0493a4b69dedd7f,1646.80,65.22,6.546518412,54000,54000
f1cb24e35449a41df1815be15223606ce6fcd24d,1609.67,63.47,6.412195250,54000,54000
f1cb24e35449a41df1815be15223606ce6fcd24d,1617.05,63.83,6.437564869,54000,53000
f1cb24e35449a41df1815be15223606ce6fcd24d,1636.15,64.77,6.507856889,54000,54000
fe8cf9bcad9b9aab8adb042fab439b757f551809,1620.76,64.15,6.480032608,53000,54000
58009d6fa2050ef9b097f6c263cf0bc6ccac5a80,1632.73,64.73,6.516568003,54000,54000
d70285b49748f4fc018a71a49e837360c79a6d63,1603.70,63.62,6.383424237,54000,53000
23262b9e79da43a30d7990e14b36db18a5119fde,1649.84,65.28,6.585780577,54000,54000
af04dbaea75ebabd1a701c7e5df848e3c6468737,1635.37,64.40,6.528629975,54000,54000
413bf1b018b14a791c5e1683db2c27353948961f,1599.20,63.12,6.377321773,54000,54000
e487ed5d0dae9544d476a28ca0bcc7b35c7fe5ef,1622.25,64.07,6.487690081,54000,54000
3d40e1c1a47c6174fdb63546840b7f8399447d07,1646.38,65.35,6.560226896,54000,54000
81b3b7e19397de25a60f6b849dd6337dac189df4,1644.96,65.22,6.546691092,54000,55000
190af45cefbc175b2712d5b004b1d25d6199905b,1568.47,62.31,6.237648198,55000,54000
23262b9e79da43a30d7990e14b36db18a5119fde,1634.67,64.89,6.502839311,54000,54000
f1cb24e35449a41df1815be15223606ce6fcd24d,1633.32,64.75,6.502658259,54000,54000
af8b93548b9d425b248dba38d0493a4b69dedd7f,1643.88,64.95,6.543964944,54000,54000
43283a282933ebe9448c132ea5bf259dd3e98e35,1587.88,62.83,6.328753797,54000,54000
4782302a89bb2b7511bd0878fa923f404c3c3b99,1640.87,65.08,6.538259358,54000,54000
500d1cb979ea3c45b67dd059e06629f2dc21ea7c,1635.84,64.66,6.516109186,54000,54000
0250a6c1f351d73a200e9b3d98d11eecf143496b,1640.18,64.70,6.537316710,54000,54000
b590dfa14981eb31dd6148d4e03cd3eb515cefb7,1615.91,64.12,6.439301999,54000,54000
d6144c2570323625f0600cac9621ef4800073cda,1592.11,62.86,6.340653694,54000,54000
1c1e2ba168579de28eacab05cee4ecf1675fb305,1574.13,62.28,6.263298350,54000,54000
c80f3ecaf660422ef0f3c7eda724f86beddbd09b,1647.04,65.33,6.572028466,54000,54000
a4b47328284e293fc0001b08ad081e39c5a15c7a,1590.25,63.03,6.334510560,54000,54000
c8a99877104a7cb7d1acc663e618487e49a14d34,1643.47,65.44,6.545405412,54000,55000
b4a874596bdbd80ff1f995a3623bf957ef7b0ddf,1584.37,62.76,6.330361091,55000,54000
090c7d803f9c5b19312d70ac5f3b4d0a591caa49,1592.75,63.18,6.356599826,54000,55000
00c5da3543cd814d5f2a93e8e169a2cafa89ad7c,1634.11,64.84,6.506268266,55000,55000
d0ac6a9c717798b0d75b01c979eeec758c8911d6,1602.13,63.39,6.388411393,54000,55000
190af45cefbc175b2712d5b004b1d25d6199905b,1597.59,63.53,6.366917766,54000,55000
37e399422ce626aa09a6220f0f79d0c45d482a92,1572.92,62.33,6.285085352,54000,54000
4c9b1683cb7490653a4b953120d6457a7b60db1c,1599.00,63.13,6.391360148,54000,54000
1a93abca1912dbdabdccb86a70a6c82abb672c3a,1625.88,64.46,6.477920904,55000,54000
a38da1662b26a479483a43fe0dc9e05b466bd607,1635.06,65.09,6.520215895,55000,54000
ba3392726bb2246a2fc75cf2774bc7c1911c21d1,1598.53,63.40,6.369930562,54000,54000
93d23dc02c2ce6359988e5473a21eadc9db681b6,1636.20,65.10,6.519976379,54000,54000
f909956b4921f6f95f613dac2b39f411387a740d,1631.54,64.78,6.503853538,54000,54000
e487ed5d0dae9544d476a28ca0bcc7b35c7fe5ef,1611.75,63.68,6.421918609,54000,55000
16aa9d67f3da02c2dd649627b023625160d1a89a,1621.15,64.26,6.469517606,54000,54000
0a340d82b33dc396eedce4a8daf4faed65fabf67,1618.19,64.22,6.452358082,54000,54000
a48218e7a5fae7a02eed0b6b1de03dee80ae2d2b,1610.73,63.92,6.417459975,54000,54000
620ab41ec5506c170bc51e5d002428451f1819f7,1631.02,64.94,6.496351453,55000,54000
090c7d803f9c5b19312d70ac5f3b4d0a591caa49,1604.05,63.92,6.387867115,54000,54000
4c9b1683cb7490653a4b953120d6457a7b60db1c,1593.57,63.04,6.357983390,54000,54000
2f814eafcf7c303aa5b1ff141f52a5265d26defe,1611.77,64.04,6.422353136,55000,54000
880fd60d9c7c9b9d5a5b77c7b93b5f4d73d01a67,1645.28,65.60,6.563898290,54000,54000
81b3b7e19397de25a60f6b849dd6337dac189df4,1634.02,64.54,6.521771360,54000,54000
35ca036d8055172d9fd1ca8d59810c043a0b23ad,1601.48,63.51,6.388490164,54000,54000
e9a50051a181e80022e775c5ef43222296a22f60,1612.03,64.06,6.423357623,54000,54000
3fffaa84f83bf6880c1350a7482e91bcd88ac4d3,1596.92,63.15,6.368441438,55000,54000
1c1e2ba168579de28eacab05cee4ecf1675fb305,1584.43,62.61,6.319751455,54000,54000
223cf2bf6d2b4216f9229d80add8467ece1601d0,1591.20,62.86,6.341890093,54000,54000
d7d3193ba5699603f62236f530cfb7eb78a10204,1668.47,66.79,6.644132443,54000,54000
a7a7fed881a41ceff2f1f9c464f88df0680daf9d,1584.90,62.63,6.334235340,54000,54000
0250a6c1f351d73a200e9b3d98d11eecf143496b,1624.92,64.82,6.465498883,54000,54000
97846506cf4a3382f7c74e3f42034c7099a0203a,1616.12,64.01,6.437819442,55000,54000
d64d207a67b59d2fc2b9a65e362cc2ddacd1881e,1599.37,63.33,6.375118292,54000,55000
c352cb002070b7104872d651cac7f145e7cce543,1593.80,62.97,6.362715950,55000,54000
f909956b4921f6f95f613dac2b39f411387a740d,1610.04,63.55,6.424006427,54000,54000
93d23dc02c2ce6359988e5473a21eadc9db681b6,1608.63,63.31,6.414171538,54000,54000
c8a99877104a7cb7d1acc663e618487e49a14d34,1630.19,64.65,6.500911068,54000,54000
a38da1662b26a479483a43fe0dc9e05b466bd607,1605.48,63.49,6.407072249,54000,54000
d716b393837f3205ae4cd4ea3db395d65a39fb79,1583.60,62.70,6.320328903,54000,54000
1a93abca1912dbdabdccb86a70a6c82abb672c3a,1612.94,63.79,6.429308829,54000,54000
23262b9e79da43a30d7990e14b36db18a5119fde,1627.80,64.37,6.479576559,54000,54000
b4a874596bdbd80ff1f995a3623bf957ef7b0ddf,1616.93,63.83,6.443912779,54000,54000
f1cb24e35449a41df1815be15223606ce6fcd24d,1629.35,64.46,6.481886206,54000,54000
86d657fc3107fa62be5890178586188be6e1dd01,1654.74,65.40,6.587817530,54000,54000
fe8cf9bcad9b9aab8adb042fab439b757f551809,1604.54,63.25,6.394263036,54000,54000
b590dfa14981eb31dd6148d4e03cd3eb515cefb7,1637.27,64.97,6.520384402,54000,54000
6c05525ed4ba39cfe34843faff87b3d4d540aa4a,1602.90,63.10,6.399994201,54000,55000
91160707bb4224f024fab4bba4abb8788dd5a8a4,1664.87,66.19,6.622034044,54000,54000
e9a50051a181e80022e775c5ef43222296a22f60,1638.45,64.58,6.528785748,54000,54000
b590dfa14981eb31dd6148d4e03cd3eb515cefb7,1636.21,64.85,6.507602238,54000,54000
fe7fd33b74b923f25c768e166367b98d7bb516e9,1596.18,63.39,6.350693793,54000,54000
00c5da3543cd814d5f2a93e8e169a2cafa89ad7c,1625.58,64.49,6.468057017,54000,55000
2f814eafcf7c303aa5b1ff141f52a5265d26defe,1628.85,64.47,6.481098247,54000,54000
00c5da3543cd814d5f2a93e8e169a2cafa89ad7c,1616.59,64.01,6.434136668,54000,55000
9abeaacc1e74584ad05192ef1ea52bae93793dbc,1637.86,64.86,6.510404131,55000,54000
3e3ce93324af169fa3208602e5a58db174aec431,1610.28,63.80,6.407761863,55000,55000
d70285b49748f4fc018a71a49e837360c79a6d63,1617.24,63.81,6.443224572,54000,54000
090c7d803f9c5b19312d70ac5f3b4d0a591caa49,1585.51,62.67,6.301709039,54000,54000
0d58c5978ebdc50c4cd72d9a39dba9ecbafbad11,1623.29,64.32,6.446673618,54000,55000
a48218e7a5fae7a02eed0b6b1de03dee80ae2d2b,1630.41,64.46,6.474126192,54000,55000
c029f1e4a959f60dfe432c6a2a806f214a8b35d4,1622.97,64.39,6.447025827,55000,54000
d0ac6a9c717798b0d75b01c979eeec758c8911d6,1598.49,63.38,6.365205745,54000,54000
3ae1880c7f7e2e362811f2f70c26a04514b7e22e,1615.58,63.85,6.435485872,54000,54000
43283a282933ebe9448c132ea5bf259dd3e98e35,1587.80,62.46,6.321487164,54000,54000
3b2fe9d7d1bef79facc3073c34b96b226c2afa5e,1634.38,64.71,6.504819723,54000,54000
0a340d82b33dc396eedce4a8daf4faed65fabf67,1590.84,62.97,6.325257324,54000,54000
e5f1fcdb481933c1a19441261dcf033906147f78,1605.71,63.37,6.399213802,54000,55000
a4b47328284e293fc0001b08ad081e39c5a15c7a,1604.62,63.60,6.390945968,55000,54000
0abbb34706e9f3cf1650599eecacaf4779f36506,1617.30,63.93,6.450219402,54000,54000
a7a7fed881a41ceff2f1f9c464f88df0680daf9d,1594.02,63.36,6.364698272,54000,55000
06b1c03573945c0411a74082805cdc4a643cd2f8,1608.65,63.82,6.408852013,54000,54000
3e3ce93324af169fa3208602e5a58db174aec431,1598.03,63.52,6.353392953,55000,54000
a48218e7a5fae7a02eed0b6b1de03dee80ae2d2b,1613.10,64.11,6.417524934,54000,54000
3ae1880c7f7e2e362811f2f70c26a04514b7e22e,1637.48,64.97,6.519622758,54000,54000
77e310755bf6cdd737a57941106d6e5113406244,1614.20,64.39,6.427537293,54000,54000
3d40e1c1a47c6174fdb63546840b7f8399447d07,1590.82,62.87,6.351148055,54000,54000
25c446b757986f0ed4641d9ee8afab6f99af579a,1651.35,65.53,6.578462631,54000,54000
91160707bb4224f024fab4bba4abb8788dd5a8a4,1677.36,66.53,6.700153674,54000,54000
1a93abca1912dbdabdccb86a70a6c82abb672c3a,1642.59,65.19,6.544035778,54000,54000
a13289a1c1a3192e78df65a5df7973df3aebae79,1524.38,60.46,6.082516258,54000,54000
e487ed5d0dae9544d476a28ca0bcc7b35c7fe5ef,1610.92,63.92,6.425935825,54000,54000
2cb64c57fca2a9ab45a5ac2c10a3bae84d9e0878,1602.82,63.48,6.389443901,53000,54000
f909956b4921f6f95f613dac2b39f411387a740d,1639.00,65.01,6.534895574,54000,55000
c3973e16d7fcd3606fd3b73fa2b4a7d35d047aa7,1585.81,62.98,6.315622854,55000,54000
3e3ce93324af169fa3208602e5a58db174aec431,1593.52,63.51,6.342199677,54000,54000
924fc3ff6f8793a57172e71abb5f8c433fb1b2ef,1608.07,64.13,6.404684238,54000,54000
3d40e1c1a47c6174fdb63546840b7f8399447d07,1598.58,63.40,6.366845353,54000,54000
ddb2c79305bacf54136c120fb6a7fac637a34ccd,1661.56,66.16,6.671834062,55000,55000
c98bfc0bd754be6fe775135b06cc1db8927c4273,1668.75,66.75,6.685072536,56000,57000
89add04bf77331af1de4de2281c156645622a231,1643.69,65.47,6.597742587,57000,56000
50363851973d1c7d7446fcc0b79f7ace70faa58c,1662.62,66.30,6.668243035,56000,56000
b98f3a00a651eacd3d73203acf10cb69b251f56a,1632.98,64.77,6.537864989,55000,56000
ac631e8a761b5ce0c015ffd1c136352e1e7640bb,1641.16,65.21,6.575980042,56000,56000
7049ba88ab5fce314d33a0da14543d861b31d4f7,1661.74,66.11,6.639292518,56000,56000
d69473187071fb357f7d522e66cb70c05c80685b,1648.48,65.38,6.604075641,56000,55000
91fe5f3964f12f8d3b316ec5cfdc37dbe62fd00e,1659.12,65.85,6.651270961,56000,56000
39e131ae3a5b0a839c4b920613c1ccb8af0dd40c,1652.10,65.73,6.613329115,57000,56000
c9ee67545b64f8cb93f1f07bddb1b5d49e874e0b,1635.46,64.83,6.535036035,56000,57000
178c73e4064a462e324c35147a71d2cfaf590ccf,1695.23,67.85,6.759984588,56000,56000
a8bc053eef738529a4cbb77f618b53cb84cfea8e,1642.98,65.20,6.558145255,55000,55000
848183d563a79866227aa284b64c4fe194530c37,1694.81,67.25,6.760360208,56000,57000
8a4a03b5fe0242fd9334f443a54c9590a08ce969,1657.95,65.81,6.608817333,57000,56000
0f3665f7d998d057f02f3dcd241cabf7b323615f,1677.31,66.77,6.679917577,56000,56000
d37a43562478d4750e0d8a2b5f09f1f1629a50b5,1648.40,65.41,6.575225080,56000,55000
6a9f95cbd0fa2c37113737a879370534be247fed,1707.56,67.71,6.815629010,56000,57000
76866403afa2c89523c24e7bde4e2799f61f9e24,1612.61,63.92,6.436451044,56000,55000
86e5898a7ee7efa5647cf32d4b8eb784dd41a330,1634.18,64.78,6.523071873,56000,55000
93c7167419efe66c9dd0e2054055d668c895ac4f,1691.01,67.02,6.746377713,55000,56000
c4ba528694a07b6b0133fb199bc293364c47b9d8,1698.77,67.81,6.750103561,55000,56000
ab7bb15901edddd89f30202e96ceeb2a9bfefe4a,1638.08,64.60,6.527866370,57000,56000
3e733b566cd4036dc2f9fe646e6c1f6e9ffb1bab,1699.95,67.37,6.775890089,56000,56000
89ae3c04846efe8e05e367b6cbddd3637205175c,1646.89,65.26,6.560726195,55000,56000
eaf7a66abd8fe83f1aead448e304dbf53aeefcc2,1657.76,65.50,6.614389869,55000,56000
d0947553e27b488247c2f26f5397be162a20ff26,1690.14,66.98,6.730615672,55000,56000
f9a99fc0f5743e1f8027d1a48ee49072aad21e69,1648.71,65.03,6.567231321,55000,56000
ae035b8c205689da2c8fa581c11f7dacd7485577,1646.41,64.86,6.561394913,55000,56000
ddb2c79305bacf54136c120fb6a7fac637a34ccd,1646.62,65.00,6.564226657,55000,56000
13dac9a8375018b890d545197604007c54fca9cc,1673.89,66.21,6.652057643,56000,56000
2d34c1e348bb25dac1da0a3e5e9cf278cba55ffb,1624.79,64.37,6.475326954,56000,56000
8a4a03b5fe0242fd9334f443a54c9590a08ce969,1644.18,65.17,6.544712421,55000,55000
27200258b82132218820505a7d63e6a84b5a6f00,1663.27,65.59,6.628814285,56000,56000
21b22eccdd1252272b7d41f9e2c669c209956fb1,1681.57,66.47,6.691231368,56000,55000
ad5211c15cb360584debb757cdb1bf52092f08ec,1650.00,65.20,6.572674797,56000,55000
d69473187071fb357f7d522e66cb70c05c80685b,1634.95,64.47,6.505800522,56000,55000
32d65a379e6178fb4bf265877a60a35dfb4adaf3,1703.23,67.21,6.782465440,55000,55000
2cf91a2220f62bc321924e5f293619e6e138906e,1699.66,67.49,6.759636118,56000,55000
f7341d42982e71d76378dc0ac95524648fef41d3,1701.16,67.73,6.750911854,56000,56000
6a7a17977e19d52cd4154cd88a4be01e9ac18073,1692.38,67.22,6.721369198,56000,56000
d0947553e27b488247c2f26f5397be162a20ff26,1674.43,66.37,6.652254024,56000,56000
081f554cf199ea5d25c8675872e490671347ade3,1658.75,65.46,6.603422650,55000,56000
a1637d262f42b9e2eeca2ed0d52b9f14ff13039e,1693.46,67.14,6.734016706,56000,56000
13dac9a8375018b890d545197604007c54fca9cc,1694.87,67.22,6.734951745,56000,56000
d69473187071fb357f7d522e66cb70c05c80685b,1639.10,64.84,6.532743009,56000,56000
521b90a772b02a04e6efa1b39cd1be4aca20fd46,1629.65,64.60,6.490914925,56000,56000
d37a43562478d4750e0d8a2b5f09f1f1629a50b5,1666.69,66.65,6.637036921,55000,55000
2d685cc116d7abbb5f75b6da3f828f0dc319eac2,1684.42,66.84,6.707929566,56000,56000
cf0bbc1ac9189b5c92f56e7200f40ec6c348c13c,1662.09,66.05,6.603310069,55000,55000
ddb2c79305bacf54136c120fb6a7fac637a34ccd,1669.99,66.64,6.634660096,55000,56000
91fe5f3964f12f8d3b316ec5cfdc37dbe62fd00e,1627.37,64.54,6.475733724,56000,56000
88281eb0a809e4701d8bad279c7b50a348f2ac29,1671.64,66.19,6.657489006,56000,56000
71ee78c31d0b3bc7b2340df84acdd63666076ef8,1657.57,65.66,6.597563731,56000,56000
91fe5f3964f12f8d3b316ec5cfdc37dbe62fd00e,1651.53,65.34,6.569434523,56000,56000
f0fcbd790d322f6e8b827977f8b0b627a0a385b7,1672.16,66.04,6.656701210,55000,56000
ca4b9bb3a3e59483e592ce6d65ec048fb6772cb6,1656.95,65.84,6.593546782,56000,56000
b98f3a00a651eacd3d73203acf10cb69b251f56a,1635.70,64.82,6.513558140,56000,56000
fa5de08ae250728c6c30910ca0089257fc506811,1618.16,64.22,6.447543130,56000,56000
39e131ae3a5b0a839c4b920613c1ccb8af0dd40c,1668.52,65.98,6.631120677,56000,55000
a1637d262f42b9e2eeca2ed0d52b9f14ff13039e,1697.95,67.25,6.746328876,56000,55000
f02831e29c0f7dd49df556c7a17f882ae23a1572,1680.35,66.76,6.671174096,56000,55000
a58debdc9b07eba1226d181bca4fdb11991bd020,1630.09,64.77,6.478560588,56000,55000
7f358bd0a952f64d2023b937c4e171dc9b669875,1681.60,66.82,6.676349270,56000,55000
2cf91a2220f62bc321924e5f293619e6e138906e,1701.69,67.29,6.764176968,56000,56000
4c9cc7aa5040d89ae29cde7372e7fbd97c117eee,1612.76,63.78,6.418868714,56000,55000
fa5de08ae250728c6c30910ca0089257fc506811,1608.79,63.53,6.407519788,56000,56000
98d3dd3494d848bd0fd12343cf9def6f9949d298,1656.69,65.47,6.588404709,54000,54000
ae035b8c205689da2c8fa581c11f7dacd7485577,1679.69,66.44,6.683274275,55000,55000
7049ba88ab5fce314d33a0da14543d861b31d4f7,1674.64,66.04,6.659274373,55000,55000
a1dbff7275ec8afcc1f4408c45cdffdab35bacde,1651.46,65.20,6.552238055,55000,56000
402f88bf4ba79c91411ad90242304973ed4bcb6c,1673.17,66.10,6.652598647,56000,55000
18cd3feef30dc403976e3822c49264054d5e8fdf,1667.20,65.91,6.622889699,56000,55000
ad5211c15cb360584debb757cdb1bf52092f08ec,1653.59,65.03,6.576899591,55000,56000
eef0beee97f0cffe1abf2a8b74373f524ccd328c,1720.81,68.00,6.845832524,56000,55000
32d65a379e6178fb4bf265877a60a35dfb4adaf3,1680.28,66.37,6.680332508,55000,56000
0f3665f7d998d057f02f3dcd241cabf7b323615f,1682.29,66.61,6.675244053,55000,56000
1c70788d63236a7b94abec0f2537e8c680e38583,1643.63,65.07,6.528404246,56000,55000
13dac9a8375018b890d545197604007c54fca9cc,1704.81,67.42,6.757953608,56000,56000
4e956448ecbfe28c36fe8ccd1b96f4d220262eb5,1656.42,65.24,6.582054449,56000,55000
89add04bf77331af1de4de2281c156645622a231,1692.51,67.17,6.720238751,56000,55000
f9a99fc0f5743e1f8027d1a48ee49072aad21e69,1631.11,64.30,6.479160155,55000,56000
072cc2e5b8a8b8b869ac127d9416c66e6dc28eaa,1667.21,65.70,6.624009349,56000,56000
a1dbff7275ec8afcc1f4408c45cdffdab35bacde,1680.00,66.23,6.675462693,56000,55000
44845a7d44536a24f15b1e0c4686cb71e867b513,1698.11,67.49,6.733717055,56000,56000
0f3665f7d998d057f02f3dcd241cabf7b323615f,1685.47,66.61,6.690619000,56000,56000
2cf91a2220f62bc321924e5f293619e6e138906e,1700.05,67.48,6.735979461,55000,54000
d37a43562478d4750e0d8a2b5f09f1f1629a50b5,1651.08,64.97,6.562940867,55000,55000
88281eb0a809e4701d8bad279c7b50a348f2ac29,1657.96,65.27,6.615826879,55000,55000
ab7bb15901edddd89f30202e96ceeb2a9bfefe4a,1665.18,65.70,6.611971880,56000,54000
1834c0f337c95672361f56901e9d60dbb6fc00bb,1649.73,65.08,6.558072257,54000,55000
39e131ae3a5b0a839c4b920613c1ccb8af0dd40c,1689.91,66.49,6.733346038,55000,56000
f9a99fc0f5743e1f8027d1a48ee49072aad21e69,1658.76,65.43,6.597197514,56000,55000
227a37483f8743a246649c34e8d7d57e30e23699,1681.39,66.27,6.711690891,55000,55000
e6ee80f446e629021763df43f762238bffdb94a3,1646.86,64.79,6.560215988,56000,55000
eaf7a66abd8fe83f1aead448e304dbf53aeefcc2,1672.01,66.25,6.661512232,54000,54000
a1dbff7275ec8afcc1f4408c45cdffdab35bacde,1668.62,65.81,6.633474065,54000,55000
21b22eccdd1252272b7d41f9e2c669c209956fb1,1662.57,65.58,6.607880707,55000,55000
9a0d4afd23642c78acc27e20ec7986b8395bc91a,1674.82,66.23,6.660610543,55000,54000
ac631e8a761b5ce0c015ffd1c136352e1e7640bb,1636.00,64.55,6.508310064,55000,54000
1834c0f337c95672361f56901e9d60dbb6fc00bb,1654.98,65.51,6.578541561,56000,56000
fdd3469d311a307c1014b2873a0f6a54b178e20d,1648.09,65.09,6.568716370,55000,54000
8a4a03b5fe0242fd9334f443a54c9590a08ce969,1676.23,66.56,6.662049770,55000,55000
eaf7a66abd8fe83f1aead448e304dbf53aeefcc2,1621.87,64.13,6.459009716,56000,55000
c4ba528694a07b6b0133fb199bc293364c47b9d8,1690.14,66.97,6.711734578,54000,56000
7494827c099fda0e859e2a6e1aa8dd390cf4ff3f,1671.36,66.35,6.648961894,55000,54000
2408c6e4e2d0f2fbce07fa8d8eaf83eeb95c83db,1663.05,65.93,6.615199160,55000,54000
d69473187071fb357f7d522e66cb70c05c80685b,1672.91,66.12,6.668773933,55000,56000
f0fcbd790d322f6e8b827977f8b0b627a0a385b7,1710.73,68.02,6.786700880,55000,55000
f9a99fc0f5743e1f8027d1a48ee49072aad21e69,1642.70,64.91,6.547975067,55000,55000
03334142048678425d3589834f5831388c5cc6b2,1684.59,66.82,6.683904352,54000,56000
b8d2c82649a1a210de7f079babec87c688b851f2,1704.33,67.58,6.777338713,56000,55000
1dda9635523b408aead1c5287c2d5e71ac3c27de,1681.37,66.29,6.693874079,55000,55000
1dda9635523b408aead1c5287c2d5e71ac3c27de,1672.51,66.34,6.640903429,55000,55000
c4ba528694a07b6b0133fb199bc293364c47b9d8,1693.72,67.00,6.724085977,55000,54000
527c27154e74f7c55d719ba9f2b8d430054d9f45,1676.53,66.32,6.669429697,54000,55000
ae035b8c205689da2c8fa581c11f7dacd7485577,1650.69,65.38,6.571779848,56000,56000
f887aa1b16ead18fdfb2644ad69b40858b7c5d8f,1642.01,65.05,6.544841626,55000,54000
1dda9635523b408aead1c5287c2d5e71ac3c27de,1698.29,67.60,6.742600523,54000,55000
8a4a03b5fe0242fd9334f443a54c9590a08ce969,1673.38,66.57,6.643598308,55000,55000
32d65a379e6178fb4bf265877a60a35dfb4adaf3,1684.21,66.57,6.707013457,55000,55000
13dac9a8375018b890d545197604007c54fca9cc,1677.17,66.24,6.674608412,54000,54000
8d07387ff27e9fb2c09812439f1a3e64e64ff05b,1638.12,64.77,6.523139762,54000,54000
7f358bd0a952f64d2023b937c4e171dc9b669875,1704.94,67.69,6.779633053,55000,54000
072cc2e5b8a8b8b869ac127d9416c66e6dc28eaa,1656.74,65.51,6.593093626,55000,54000
32d65a379e6178fb4bf265877a60a35dfb4adaf3,1675.80,65.99,6.662718317,54000,54000
7f358bd0a952f64d2023b937c4e171dc9b669875,1701.24,67.43,6.754248565,55000,55000
227a37483f8743a246649c34e8d7d57e30e23699,1649.56,65.13,6.562243572,55000,55000
8d07387ff27e9fb2c09812439f1a3e64e64ff05b,1670.35,65.70,6.646340645,55000,55000
6a7a17977e19d52cd4154cd88a4be01e9ac18073,1677.90,66.45,6.657363202,55000,55000
9ff4a3e91a045b6d950f0bfcd2606a69123ae186,1652.55,65.30,6.578912337,55000,54000
0bcf48bd57a6c463c5fee9aa8f76cfa1d4b42267,1656.00,65.43,6.582906195,54000,55000
32d65a379e6178fb4bf265877a60a35dfb4adaf3,1722.14,68.42,6.841631419,54000,55000
a58debdc9b07eba1226d181bca4fdb11991bd020,1626.06,64.53,6.456580214,54000,54000
f7341d42982e71d76378dc0ac95524648fef41d3,1723.84,68.38,6.855989309,55000,54000
9a0d4afd23642c78acc27e20ec7986b8395bc91a,1675.51,66.42,6.653626743,55000,54000
d69473187071fb357f7d522e66cb70c05c80685b,1642.25,64.61,6.539478529,54000,55000
a1637d262f42b9e2eeca2ed0d52b9f14ff13039e,1703.60,67.52,6.764068806,55000,54000
521b90a772b02a04e6efa1b39cd1be4aca20fd46,1644.64,65.08,6.533171872,55000,55000
ac47a7bb114801ce7d57bf1f4e8877b25e10b754,1687.01,67.01,6.698502566,56000,55000
a828de1fa2145d033f20051f4c2a7328b461ba74,1663.15,65.73,6.613154762,55000,54000
054100925578c12d46dc37f8bc3af1e9de748ece,1702.61,67.72,6.754999528,55000,55000
1c70788d63236a7b94abec0f2537e8c680e38583,1659.96,65.88,6.590440729,54000,54000
21b22eccdd1252272b7d41f9e2c669c209956fb1,1671.02,65.73,6.639739484,55000,54000
402f88bf4ba79c91411ad90242304973ed4bcb6c,1676.12,66.48,6.647019417,54000,54000
9ff4a3e91a045b6d950f0bfcd2606a69123ae186,1654.88,65.47,6.577828359,54000,55000
521b90a772b02a04e6efa1b39cd1be4aca20fd46,1645.39,65.06,6.548238464,54000,54000
03334142048678425d3589834f5831388c5cc6b2,1713.04,68.19,6.788442583,55000,54000
072cc2e5b8a8b8b869ac127d9416c66e6dc28eaa,1666.79,65.60,6.634188630,54000,54000
6a7a17977e19d52cd4154cd88a4be01e9ac18073,1682.15,66.55,6.692643875,54000,54000
f10c9ec0110e26211ffc1b59406de947bc035b6f,1651.18,65.21,6.573033508,54000,55000
88281eb0a809e4701d8bad279c7b50a348f2ac29,1663.11,65.93,6.610189193,54000,54000
b1a4e77665a518c784761557fa81840fd8b209ce,1662.24,65.78,6.615874756,55000,54000
3e733b566cd4036dc2f9fe646e6c1f6e9ffb1bab,1690.69,67.08,6.729793392,54000,55000
3e733b566cd4036dc2f9fe646e6c1f6e9ffb1bab,1695.97,67.76,6.717937281,54000,54000
a1dbff7275ec8afcc1f4408c45cdffdab35bacde,1654.81,65.61,6.595262069,54000,54000
eef0beee97f0cffe1abf2a8b74373f524ccd328c,1665.05,65.86,6.623437587,55000,55000
f7341d42982e71d76378dc0ac95524648fef41d3,1705.34,67.85,6.772137256,55000,55000
ed3f13a22edb9b11073acf69e75245be0e8fedf1,1713.39,67.99,6.812236924,54000,55000
eaf7a66abd8fe83f1aead448e304dbf53aeefcc2,1638.05,64.99,6.539889043,55000,56000
227a37483f8743a246649c34e8d7d57e30e23699,1641.54,64.64,6.549642730,55000,56000
32d65a379e6178fb4bf265877a60a35dfb4adaf3,1683.81,66.93,6.683852580,54000,55000
eef0beee97f0cffe1abf2a8b74373f524ccd328c,1666.05,66.07,6.630739536,55000,54000
0bcf48bd57a6c463c5fee9aa8f76cfa1d4b42267,1658.71,65.95,6.590599116,55000,55000
1dda9635523b408aead1c5287c2d5e71ac3c27de,1699.23,67.15,6.758633490,54000,54000
6ac9d85afd5891b01fdd3177338c53bc9223f325,1644.19,65.38,6.540786129,54000,55000
ad5211c15cb360584debb757cdb1bf52092f08ec,1669.21,66.33,6.647431054,54000,54000
a828de1fa2145d033f20051f4c2a7328b461ba74,1645.63,64.99,6.539315604,54000,54000
80b9cca33c213664269bf748efd90296d39d971b,1654.18,65.84,6.578206534,54000,54000
898a4a5669dec0de4e060af19070d8c5037ccfd1,1738.21,69.21,6.911333651,54000,55000
fa5de08ae250728c6c30910ca0089257fc506811,1590.23,62.76,6.339623211,55000,54000
44845a7d44536a24f15b1e0c4686cb71e867b513,1690.19,67.19,6.718799766,55000,55000
9a0d4afd23642c78acc27e20ec7986b8395bc91a,1640.82,64.89,6.538866422,54000,55000
054100925578c12d46dc37f8bc3af1e9de748ece,1690.49,66.98,6.726032217,54000,54000
fa5de08ae250728c6c30910ca0089257fc506811,1633.92,64.77,6.505665591,54000,54000
c9ee67545b64f8cb93f1f07bddb1b5d49e874e0b,1640.15,64.61,6.525057181,54000,54000
d0947553e27b488247c2f26f5397be162a20ff26,1668.35,66.14,6.620050651,54000,54000
93c7167419efe66c9dd0e2054055d668c895ac4f,1668.73,65.79,6.638845233,54000,54000
1c70788d63236a7b94abec0f2537e8c680e38583,1659.02,65.64,6.593993294,54000,54000
b98f3a00a651eacd3d73203acf10cb69b251f56a,1676.85,65.99,6.678075251,55000,54000
402f88bf4ba79c91411ad90242304973ed4bcb6c,1685.03,66.68,6.685882561,54000,55000
527c27154e74f7c55d719ba9f2b8d430054d9f45,1676.34,66.19,6.676365210,56000,55000
1c70788d63236a7b94abec0f2537e8c680e38583,1668.14,66.19,6.638772452,56000,54000
44845a7d44536a24f15b1e0c4686cb71e867b513,1695.86,67.08,6.736781819,55000,54000
91fe5f3964f12f8d3b316ec5cfdc37dbe62fd00e,1642.38,64.75,6.535475466,54000,54000
3e733b566cd4036dc2f9fe646e6c1f6e9ffb1bab,1714.26,68.15,6.808411587,55000,54000
a828de1fa2145d033f20051f4c2a7328b461ba74,1663.68,65.72,6.613682822,55000,55000
b86cecfc10b5a2874be2e9bfde2ceaf78dd857a9,1676.79,66.31,6.657972122,55000,54000
eaf7a66abd8fe83f1aead448e304dbf53aeefcc2,1639.07,65.02,6.515572542,54000,54000
1834c0f337c95672361f56901e9d60dbb6fc00bb,1651.61,65.26,6.563322199,54000,54000
ddb2c79305bacf54136c120fb6a7fac637a34ccd,1649.51,65.33,6.559120566,54000,54000
2d34c1e348bb25dac1da0a3e5e9cf278cba55ffb,1601.63,63.30,6.373525722,54000,54000
a60cc642edef9baf81a1ab5422e820b951c64e43,1695.74,67.15,6.727280389,54000,54000
cf0bbc1ac9189b5c92f56e7200f40ec6c348c13c,1706.58,67.46,6.780067151,55000,54000
2408c6e4e2d0f2fbce07fa8d8eaf83eeb95c83db,1648.88,65.42,6.546039727,54000,55000
4c9cc7aa5040d89ae29cde7372e7fbd97c117eee,1612.69,63.67,6.423361684,54000,54000
eaf7a66abd8fe83f1aead448e304dbf53aeefcc2,1644.58,65.07,6.542412959,54000,54000
7049ba88ab5fce314d33a0da14543d861b31d4f7,1679.19,66.67,6.663903660,54000,54000
50363851973d1c7d7446fcc0b79f7ace70faa58c,1654.55,65.36,6.577011287,54000,54000
39e131ae3a5b0a839c4b920613c1ccb8af0dd40c,1689.15,67.11,6.723130350,55000,54000
848183d563a79866227aa284b64c4fe194530c37,1694.61,67.17,6.733207423,55000,54000
98d3dd3494d848bd0fd12343cf9def6f9949d298,1673.58,66.16,6.652574375,54000,55000
50d107d72fead969ca3a311664cd22276db451e7,1691.30,67.09,6.714589691,54000,55000
ad5211c15cb360584debb757cdb1bf52092f08ec,1656.55,65.94,6.573633643,54000,54000
5e3c821533dac57904e1f6c41979949407992337,1670.33,66.06,6.645008678,55000,55000
1dda9635523b408aead1c5287c2d5e71ac3c27de,1674.38,66.37,6.652249234,55000,55000
88281eb0a809e4701d8bad279c7b50a348f2ac29,1655.97,65.39,6.600304856,54000,55000
68d5b7e06cd4a7c14f99647af2573244ee7529f7,1680.18,66.58,6.677862447,54000,54000
39e131ae3a5b0a839c4b920613c1ccb8af0dd40c,1656.95,65.58,6.598599210,54000,54000
ed3f13a22edb9b11073acf69e75245be0e8fedf1,1675.05,66.60,6.641878170,55000,54000
9a0d4afd23642c78acc27e20ec7986b8395bc91a,1646.24,65.39,6.546282108,55000,55000
1dda9635523b408aead1c5287c2d5e71ac3c27de,1661.30,65.95,6.602352728,55000,54000
2408c6e4e2d0f2fbce07fa8d8eaf83eeb95c83db,1636.57,64.84,6.513975532,54000,55000
0bcf48bd57a6c463c5fee9aa8f76cfa1d4b42267,1666.62,66.29,6.631446171,54000,55000
50d107d72fead969ca3a311664cd22276db451e7,1693.91,67.45,6.735323417,55000,54000
2cf91a2220f62bc321924e5f293619e6e138906e,1693.28,67.36,6.746326825,54000,54000
2d34c1e348bb25dac1da0a3e5e9cf278cba55ffb,1613.73,64.07,6.430050945,54000,54000
2d685cc116d7abbb5f75b6da3f828f0dc319eac2,1669.51,66.41,6.629581835,54000,54000
072cc2e5b8a8b8b869ac127d9416c66e6dc28eaa,1653.97,65.12,6.584390838,54000,54000
d0947553e27b488247c2f26f5397be162a20ff26,1657.94,65.86,6.601574821,55000,54000
09a4e40df31af3d44220982802016d711ca31749,1665.65,66.14,6.615047253,54000,54000
1c70788d63236a7b94abec0f2537e8c680e38583,1662.31,66.03,6.619272529,54000,54000
7f358bd0a952f64d2023b937c4e171dc9b669875,1671.11,66.52,6.646955734,55000,54000
402f88bf4ba79c91411ad90242304973ed4bcb6c,1723.40,68.67,6.856842468,55000,54000
f7341d42982e71d76378dc0ac95524648fef41d3,1679.17,66.77,6.673317586,54000,54000
2d685cc116d7abbb5f75b6da3f828f0dc319eac2,1694.62,67.41,6.744980213,54000,54000
ac631e8a761b5ce0c015ffd1c136352e1e7640bb,1643.86,65.20,6.569203663,54000,54000
91fe5f3964f12f8d3b316ec5cfdc37dbe62fd00e,1616.26,63.95,6.452767821,54000,54000
09a4e40df31af3d44220982802016d711ca31749,1648.25,65.66,6.554392530,54000,54000
76866403afa2c89523c24e7bde4e2799f61f9e24,1606.00,63.47,6.410762201,54000,54000
50363851973d1c7d7446fcc0b79f7ace70faa58c,1654.28,65.63,6.583365317,54000,54000
32d65a379e6178fb4bf265877a60a35dfb4adaf3,1676.29,66.33,6.672180820,54000,54000
cf0bbc1ac9189b5c92f56e7200f40ec6c348c13c,1685.92,67.17,6.704637506,54000,54000
6a7a17977e19d52cd4154cd88a4be01e9ac18073,1666.93,65.98,6.635504937,54000,54000
6a7a17977e19d52cd4154cd88a4be01e9ac18073,1659.22,65.58,6.607335918,54000,54000
402f88bf4ba79c91411ad90242304973ed4bcb6c,1679.29,66.95,6.661167870,54000,54000
b8d2c82649a1a210de7f079babec87c688b851f2,1663.90,66.02,6.618714295,54000,54000
50363851973d1c7d7446fcc0b79f7ace70faa58c,1663.01,66.03,6.606884806,54000,54000
27200258b82132218820505a7d63e6a84b5a6f00,1683.58,66.60,6.682726065,54000,54000
178c73e4064a462e324c35147a71d2cfaf590ccf,1681.75,66.65,6.692265294,54000,54000
a1637d262f42b9e2eeca2ed0d52b9f14ff13039e,1673.73,66.22,6.649529471,54000,55000
0bcf48bd57a6c463c5fee9aa8f76cfa1d4b42267,1646.52,65.20,6.548183797,54000,54000
b1a4e77665a518c784761557fa81840fd8b209ce,1682.78,66.60,6.684336984,54000,54000
c4ba528694a07b6b0133fb199bc293364c47b9d8,1683.35,66.50,6.684309240,54000,54000
054100925578c12d46dc37f8bc3af1e9de748ece,1681.97,66.73,6.677146803,54000,54000
86e5898a7ee7efa5647cf32d4b8eb784dd41a330,1671.50,66.19,6.652652261,54000,55000
521b90a772b02a04e6efa1b39cd1be4aca20fd46,1616.31,63.58,6.437500593,54000,54000
ddb2c79305bacf54136c120fb6a7fac637a34ccd,1670.46,66.30,6.638508753,54000,54000
32d65a379e6178fb4bf265877a60a35dfb4adaf3,1670.74,65.99,6.636332234,54000,54000
b98f3a00a651eacd3d73203acf10cb69b251f56a,1648.56,65.21,6.553073038,54000,54000
ac47a7bb114801ce7d57bf1f4e8877b25e10b754,1666.61,65.79,6.619810703,54000,54000
93c7167419efe66c9dd0e2054055d668c895ac4f,1701.27,67.54,6.759593151,54000,54000
227a37483f8743a246649c34e8d7d57e30e23699,1659.51,65.57,6.590829430,55000,55000
402f88bf4ba79c91411ad90242304973ed4bcb6c,1714.96,68.34,6.795295352,54000,54000
62063dc12829c07198ac21b88b62b74705ed779e,1682.90,66.73,6.672364240,54000,54000
898a4a5669dec0de4e060af19070d8c5037ccfd1,1686.28,66.84,6.694578627,55000,55000
6a9f95cbd0fa2c37113737a879370534be247fed,1671.00,66.17,6.630352683,54000,55000
32d65a379e6178fb4bf265877a60a35dfb4adaf3,1697.12,67.23,6.726979399,55000,54000
03334142048678425d3589834f5831388c5cc6b2,1686.05,66.91,6.686312656,54000,54000
c98bfc0bd754be6fe775135b06cc1db8927c4273,1675.30,66.61,6.644845791,55000,54000
9ff4a3e91a045b6d950f0bfcd2606a69123ae186,1655.74,65.59,6.579784531,55000,55000
62063dc12829c07198ac21b88b62b74705ed779e,1701.38,67.63,6.740433795,55000,54000
227a37483f8743a246649c34e8d7d57e30e23699,1656.73,65.50,6.585330450,54000,55000
e3610fea48d2f03efa070c18819f441a633d65a9,1651.53,65.84,6.566090622,55000,55000
ab7bb15901edddd89f30202e96ceeb2a9bfefe4a,1664.64,66.09,6.610828891,54000,55000
f10c9ec0110e26211ffc1b59406de947bc035b6f,1667.78,65.97,6.618666447,54000,55000
081f554cf199ea5d25c8675872e490671347ade3,1662.67,65.89,6.604156395,55000,54000
4c9cc7aa5040d89ae29cde7372e7fbd97c117eee,1600.59,63.30,6.378153930,54000,54000
39b4760b36ce030ecf55d78d4eddc929ae39d1ab,1672.52,66.31,6.650817663,54000,54000
b8d2c82649a1a210de7f079babec87c688b851f2,1705.74,67.25,6.791671699,54000,53000
18cd3feef30dc403976e3822c49264054d5e8fdf,1695.68,67.36,6.736350544,54000,54000
6a9f95cbd0fa2c37113737a879370534be247fed,1687.73,67.05,6.694354689,54000,54000
cf0bbc1ac9189b5c92f56e7200f40ec6c348c13c,1710.18,67.80,6.793574540,54000,54000
2d685cc116d7abbb5f75b6da3f828f0dc319eac2,1661.78,65.71,6.602408979,56000,55000
402f88bf4ba79c91411ad90242304973ed4bcb6c,1703.16,67.60,6.759246171,54000,55000
98d3dd3494d848bd0fd12343cf9def6f9949d298,1668.62,65.79,6.643465898,55000,54000
18cd3feef30dc403976e3822c49264054d5e8fdf,1661.68,65.75,6.607141892,54000,55000
d37a43562478d4750e0d8a2b5f09f1f1629a50b5,1658.44,65.48,6.599552093,54000,55000
ad5211c15cb360584debb757cdb1bf52092f08ec,1680.41,66.47,6.677858853,54000,54000
d37a43562478d4750e0d8a2b5f09f1f1629a50b5,1635.93,64.33,6.518864084,54000,54000
ad5211c15cb360584debb757cdb1bf52092f08ec,1650.63,65.50,6.554308166,54000,54000
8d07387ff27e9fb2c09812439f1a3e64e64ff05b,1643.66,65.04,6.537445934,54000,54000
ae035b8c205689da2c8fa581c11f7dacd7485577,1667.44,65.70,6.634334039,54000,54000
88281eb0a809e4701d8bad279c7b50a348f2ac29,1664.85,65.56,6.638593693,54000,54000
9ff4a3e91a045b6d950f0bfcd2606a69123ae186,1644.05,64.69,6.545153349,54000,54000
072cc2e5b8a8b8b869ac127d9416c66e6dc28eaa,1650.06,64.97,6.568625208,54000,54000
18cd3feef30dc403976e3822c49264054d5e8fdf,1683.00,66.92,6.692707041,54000,54000
98d3dd3494d848bd0fd12343cf9def6f9949d298,1671.27,66.12,6.652342655,54000,54000
521b90a772b02a04e6efa1b39cd1be4aca20fd46,1653.05,65.58,6.583401072,54000,54000
ac47a7bb114801ce7d57bf1f4e8877b25e10b754,1676.27,66.29,6.657639507,54000,54000
21b22eccdd1252272b7d41f9e2c669c209956fb1,1666.59,65.97,6.631390928,54000,54000
2bc1fac618de8fcba59edc28a3a83add622633dd,1668.66,65.91,6.634960981,54000,54000
6ac9d85afd5891b01fdd3177338c53bc9223f325,1641.75,64.75,6.540310698,54000,54000
13dac9a8375018b890d545197604007c54fca9cc,1680.67,66.40,6.674326585,54000,54000
62063dc12829c07198ac21b88b62b74705ed779e,1689.79,67.08,6.699165443,54000,54000
ae035b8c205689da2c8fa581c11f7dacd7485577,1663.73,65.78,6.625239354,54000,54000
eef0beee97f0cffe1abf2a8b74373f524ccd328c,1692.77,67.25,6.712692314,54000,54000
39b4760b36ce030ecf55d78d4eddc929ae39d1ab,1674.88,66.24,6.658132892,54000,54000
ed3f13a22edb9b11073acf69e75245be0e8fedf1,1715.78,67.90,6.813041543,55000,54000
b98f3a00a651eacd3d73203acf10cb69b251f56a,1675.76,66.46,6.668730691,54000,54000
98d3dd3494d848bd0fd12343cf9def6f9949d298,1647.42,65.24,6.554264374,54000,54000
898a4a5669dec0de4e060af19070d8c5037ccfd1,1718.64,68.75,6.817458181,54000,54000
4c9cc7aa5040d89ae29cde7372e7fbd97c117eee,1610.63,63.57,6.413476269,54000,54000
50363851973d1c7d7446fcc0b79f7ace70faa58c,1662.03,65.70,6.615483626,54000,54000
a1637d262f42b9e2eeca2ed0d52b9f14ff13039e,1691.03,66.90,6.720840180,54000,54000
62063dc12829c07198ac21b88b62b74705ed779e,1684.56,66.66,6.680698973,54000,54000
09a4e40df31af3d44220982802016d711ca31749,1702.81,67.47,6.789232993,54000,54000
c4ba528694a07b6b0133fb199bc293364c47b9d8,1731.75,69.01,6.867477965,55000,56000
6a9f95cbd0fa2c37113737a879370534be247fed,1680.76,66.89,6.669843391,55000,54000
b98f3a00a651eacd3d73203acf10cb69b251f56a,1654.29,65.45,6.584048063,54000,54000
ac631e8a761b5ce0c015ffd1c136352e1e7640bb,1673.72,66.48,6.665604584,54000,55000
f02831e29c0f7dd49df556c7a17f882ae23a1572,1656.49,65.71,6.581671807,54000,54000
a60cc642edef9baf81a1ab5422e820b951c64e43,1698.59,67.46,6.755963691,54000,54000
6ac9d85afd5891b01fdd3177338c53bc9223f325,1655.13,65.23,6.586526854,54000,54000
50363851973d1c7d7446fcc0b79f7ace70faa58c,1661.33,65.43,6.618619024,54000,54000
b86cecfc10b5a2874be2e9bfde2ceaf78dd857a9,1651.90,65.26,6.573473086,54000,55000
b98f3a00a651eacd3d73203acf10cb69b251f56a,1659.87,65.39,6.616712216,54000,55000
7494827c099fda0e859e2a6e1aa8dd390cf4ff3f,1668.38,66.26,6.625685179,54000,54000
6a9f95cbd0fa2c37113737a879370534be247fed,1693.16,67.36,6.727226601,54000,54000
6ac9d85afd5891b01fdd3177338c53bc9223f325,1640.92,64.86,6.535654875,54000,55000
227a37483f8743a246649c34e8d7d57e30e23699,1644.33,65.14,6.552010371,55000,55000
2408c6e4e2d0f2fbce07fa8d8eaf83eeb95c83db,1681.32,66.77,6.718148860,55000,54000
ac47a7bb114801ce7d57bf1f4e8877b25e10b754,1684.32,66.86,6.701267380,55000,54000
13dac9a8375018b890d545197604007c54fca9cc,1709.19,67.50,6.805008571,54000,55000
081f554cf199ea5d25c8675872e490671347ade3,1671.62,66.18,6.656866028,54000,54000
8a4a03b5fe0242fd9334f443a54c9590a08ce969,1700.96,68.12,6.760259648,54000,54000
44845a7d44536a24f15b1e0c4686cb71e867b513,1698.95,67.86,6.742625550,55000,54000
fa5de08ae250728c6c30910ca0089257fc506811,1605.90,63.33,6.404343611,54000,54000
21b22eccdd1252272b7d41f9e2c669c209956fb1,1691.50,67.29,6.729728546,54000,55000
d69473187071fb357f7d522e66cb70c05c80685b,1644.54,65.05,6.560485949,54000,54000
d37a43562478d4750e0d8a2b5f09f1f1629a50b5,1657.37,65.81,6.589996396,54000,54000
ab7bb15901edddd89f30202e96ceeb2a9bfefe4a,1681.33,66.44,6.725163131,54000,54000
fa5de08ae250728c6c30910ca0089257fc506811,1633.06,64.45,6.510045786,54000,54000
44845a7d44536a24f15b1e0c4686cb71e867b513,1676.80,66.41,6.662934008,54000,54000
21b22eccdd1252272b7d41f9e2c669c209956fb1,1675.20,66.22,6.666971657,54000,54000
68d5b7e06cd4a7c14f99647af2573244ee7529f7,1658.32,65.48,6.605675573,54000,54000
2d685cc116d7abbb5f75b6da3f828f0dc319eac2,1663.65,65.97,6.634358883,54000,55000
d0947553e27b488247c2f26f5397be162a20ff26,1677.10,66.53,6.686156918,54000,54000
62063dc12829c07198ac21b88b62b74705ed779e,1705.81,67.78,6.771607361,54000,54000
cf0bbc1ac9189b5c92f56e7200f40ec6c348c13c,1698.53,67.61,6.750686944,54000,54000
e3610fea48d2f03efa070c18819f441a633d65a9,1604.69,63.84,6.378487592,54000,54000
7077b3b1b20a4cdd33fecf596a14144dfe641308,1647.70,65.13,6.564020493,55000,54000
7077b3b1b20a4cdd33fecf596a14144dfe641308,1631.63,64.45,6.514055709,54000,54000
ddb2c79305bacf54136c120fb6a7fac637a34ccd,1652.74,65.61,6.569533950,54000,55000
fa5de08ae250728c6c30910ca0089257fc506811,1615.33,63.74,6.433520968,54000,54000
2cf91a2220f62bc321924e5f293619e6e138906e,1685.83,66.77,6.694663905,54000,54000
98d3dd3494d848bd0fd12343cf9def6f9949d298,1660.26,65.83,6.597150018,54000,54000
ac631e8a761b5ce0c015ffd1c136352e1e7640bb,1643.66,65.18,6.539886764,54000,54000
cf0bbc1ac9189b5c92f56e7200f40ec6c348c13c,1702.75,67.35,6.773817181,54000,54000
4e956448ecbfe28c36fe8ccd1b96f4d220262eb5,1655.33,65.26,6.595616357,55000,54000
27200258b82132218820505a7d63e6a84b5a6f00,1677.08,66.24,6.658172667,54000,54000
8d07387ff27e9fb2c09812439f1a3e64e64ff05b,1644.79,65.06,6.548649103,54000,54000
1834c0f337c95672361f56901e9d60dbb6fc00bb,1662.90,65.82,6.621223858,54000,54000
ac631e8a761b5ce0c015ffd1c136352e1e7640bb,1667.26,66.02,6.632686172,54000,54000
e3610fea48d2f03efa070c18819f441a633d65a9,1622.41,64.19,6.451605059,54000,54000
0f3665f7d998d057f02f3dcd241cabf7b323615f,1715.81,67.70,6.838724699,54000,54000
8a4a03b5fe0242fd9334f443a54c9590a08ce969,1659.95,65.88,6.597781029,54000,54000
f02831e29c0f7dd49df556c7a17f882ae23a1572,1653.81,65.35,6.582055926,54000,54000
2cf91a2220f62bc321924e5f293619e6e138906e,1680.50,66.68,6.667904833,54000,54000
b8d2c82649a1a210de7f079babec87c688b851f2,1697.59,67.22,6.746552558,54000,54000
f7341d42982e71d76378dc0ac95524648fef41d3,1716.27,68.37,6.801748033,54000,54000
89add04bf77331af1de4de2281c156645622a231,1652.53,65.44,6.560935377,54000,55000
6a7a17977e19d52cd4154cd88a4be01e9ac18073,1680.77,66.44,6.680540560,54000,54000
898a4a5669dec0de4e060af19070d8c5037ccfd1,1708.40,67.59,6.786529916,54000,55000
39b4760b36ce030ecf55d78d4eddc929ae39d1ab,1679.91,66.55,6.670177856,54000,54000
89ae3c04846efe8e05e367b6cbddd3637205175c,1700.39,67.19,6.763571938,54000,54000
1401205b34a1bce3285f1f10dc2c49208f2dd87c,1695.60,67.21,6.732335930,54000,54000
b8d2c82649a1a210de7f079babec87c688b851f2,1694.08,67.25,6.726870003,54000,54000
f9a99fc0f5743e1f8027d1a48ee49072aad21e69,1650.89,65.06,6.565107371,54000,54000
1401205b34a1bce3285f1f10dc2c49208f2dd87c,1653.91,65.36,6.560261909,54000,54000
21b22eccdd1252272b7d41f9e2c669c209956fb1,1702.33,67.55,6.773089009,54000,54000
03334142048678425d3589834f5831388c5cc6b2,1681.92,66.77,6.671400369,54000,54000
d0947553e27b488247c2f26f5397be162a20ff26,1663.69,65.92,6.608968664,54000,55000
ddb2c79305bacf54136c120fb6a7fac637a34ccd,1659.36,65.73,6.594965087,54000,54000
7077b3b1b20a4cdd33fecf596a14144dfe641308,1657.78,65.68,6.592849851,54000,54000
ca4b9bb3a3e59483e592ce6d65ec048fb6772cb6,1644.63,64.89,6.543480393,54000,54000
3277bd3cdfc416fced7a30a6cea5c0ed26be4d9a,1652.91,65.80,6.567460646,54000,54000
f7341d42982e71d76378dc0ac95524648fef41d3,1682.49,66.97,6.667210493,54000,54000
50d107d72fead969ca3a311664cd22276db451e7,1681.28,66.60,6.671783387,54000,54000
13dac9a8375018b890d545197604007c54fca9cc,1687.39,66.67,6.694846085,55000,54000
b98f3a00a651eacd3d73203acf10cb69b251f56a,1677.76,66.46,6.684933556,54000,54000
ac47a7bb114801ce7d57bf1f4e8877b25e10b754,1699.74,67.48,6.755197691,54000,54000
3c0926aabcf7dc60fa1bf6a25ff4a5c45faed2fe,1649.36,65.25,6.551585865,54000,54000
eaf7a66abd8fe83f1aead448e304dbf53aeefcc2,1635.75,64.85,6.505325537,54000,54000
054100925578c12d46dc37f8bc3af1e9de748ece,1664.99,66.13,6.601829674,54000,55000
98d3dd3494d848bd0fd12343cf9def6f9949d298,1671.32,66.03,6.642731409,55000,54000
3277bd3cdfc416fced7a30a6cea5c0ed26be4d9a,1668.64,66.32,6.621904706,54000,54000
9ff4a3e91a045b6d950f0bfcd2606a69123ae186,1652.41,65.57,6.578931956,54000,54000
86e5898a7ee7efa5647cf32d4b8eb784dd41a330,1644.61,65.04,6.543285339,54000,54000
848183d563a79866227aa284b64c4fe194530c37,1690.15,66.79,6.729789928,54000,54000
3277bd3cdfc416fced7a30a6cea5c0ed26be4d9a,1675.95,66.60,6.652891053,54000,54000
a60cc642edef9baf81a1ab5422e820b951c64e43,1687.74,66.92,6.705874500,54000,54000
e3610fea48d2f03efa070c18819f441a633d65a9,1624.88,64.42,6.467778354,54000,54000
c4ba528694a07b6b0133fb199bc293364c47b9d8,1687.91,67.25,6.693977979,55000,54000
09a4e40df31af3d44220982802016d711ca31749,1671.45,66.44,6.631103466,54000,54000
ad5211c15cb360584debb757cdb1bf52092f08ec,1664.59,65.84,6.635751812,54000,54000
cf0bbc1ac9189b5c92f56e7200f40ec6c348c13c,1683.06,67.12,6.671531090,54000,54000
c4ba528694a07b6b0133fb199bc293364c47b9d8,1700.73,67.56,6.740240755,54000,54000
d37a43562478d4750e0d8a2b5f09f1f1629a50b5,1667.90,66.09,6.629784220,54000,54000
4e956448ecbfe28c36fe8ccd1b96f4d220262eb5,1642.47,64.87,6.539113286,54000,54000
c98bfc0bd754be6fe775135b06cc1db8927c4273,1683.88,66.99,6.688739735,54000,54000
f7341d42982e71d76378dc0ac95524648fef41d3,1695.15,67.80,6.711897182,55000,54000
ca4b9bb3a3e59483e592ce6d65ec048fb6772cb6,1663.19,65.97,6.611839925,54000,54000
9ff4a3e91a045b6d950f0bfcd2606a69123ae186,1648.53,64.97,6.554593779,54000,54000
227a37483f8743a246649c34e8d7d57e30e23699,1653.01,65.38,6.571694373,54000,54000
227a37483f8743a246649c34e8d7d57e30e23699,1646.35,64.76,6.556274302,54000,54000
072cc2e5b8a8b8b869ac127d9416c66e6dc28eaa,1655.85,65.42,6.573576103,54000,54000
a60cc642edef9baf81a1ab5422e820b951c64e43,1693.12,67.32,6.708834340,54000,54000
a828de1fa2145d033f20051f4c2a7328b461ba74,1656.63,65.43,6.589051944,54000,54000
4c9cc7aa5040d89ae29cde7372e7fbd97c117eee,1605.34,63.27,6.399407174,54000,54000
13dac9a8375018b890d545197604007c54fca9cc,1682.51,66.74,6.667993498,54000,54000
a828de1fa2145d033f20051f4c2a7328b461ba74,1634.13,64.55,6.504141316,55000,54000
2d34c1e348bb25dac1da0a3e5e9cf278cba55ffb,1635.82,64.83,6.500053794,54000,54000
91fe5f3964f12f8d3b316ec5cfdc37dbe62fd00e,1663.68,66.06,6.614408768,54000,54000
32d65a379e6178fb4bf265877a60a35dfb4adaf3,1674.24,66.00,6.646436583,55000,54000
eaf7a66abd8fe83f1aead448e304dbf53aeefcc2,1647.34,64.83,6.541683118,54000,55000
76866403afa2c89523c24e7bde4e2799f61f9e24,1603.43,63.14,6.369412292,55000,55000
f887aa1b16ead18fdfb2644ad69b40858b7c5d8f,1655.25,65.65,6.574763548,54000,54000
88281eb0a809e4701d8bad279c7b50a348f2ac29,1644.44,64.89,6.525878190,54000,54000
848183d563a79866227aa284b64c4fe194530c37,1675.83,66.39,6.653282177,55000,54000
cf0bbc1ac9189b5c92f56e7200f40ec6c348c13c,1682.50,66.82,6.658242763,54000,54000
072cc2e5b8a8b8b869ac127d9416c66e6dc28eaa,1659.44,65.36,6.595393653,54000,54000
c9ee67545b64f8cb93f1f07bddb1b5d49e874e0b,1707.42,67.36,6.789824781,54000,54000
9a0d4afd23642c78acc27e20ec7986b8395bc91a,1633.86,64.14,6.495554805,55000,54000
c98bfc0bd754be6fe775135b06cc1db8927c4273,1682.81,66.78,6.681120207,54000,54000
09a4e40df31af3d44220982802016d711ca31749,1690.24,67.01,6.705858728,54000,54000
7f358bd0a952f64d2023b937c4e171dc9b669875,1681.53,66.71,6.666249964,54000,54000
89add04bf77331af1de4de2281c156645622a231,1665.86,66.17,6.608682234,54000,54000
054100925578c12d46dc37f8bc3af1e9de748ece,1671.43,66.46,6.632556333,54000,55000
ac47a7bb114801ce7d57bf1f4e8877b25e10b754,1689.05,66.70,6.724878293,54000,55000
6a9f95cbd0fa2c37113737a879370534be247fed,1671.21,66.01,6.629585581,54000,54000
e3610fea48d2f03efa070c18819f441a633d65a9,1606.30,63.80,6.385319955,55000,54000
80b9cca33c213664269bf748efd90296d39d971b,1645.84,65.08,6.548912909,54000,54000
c9ee67545b64f8cb93f1f07bddb1b5d49e874e0b,1668.83,66.16,6.645345643,54000,54000
6a7a17977e19d52cd4154cd88a4be01e9ac18073,1691.50,67.07,6.724609374,55000,54000
a8bc053eef738529a4cbb77f618b53cb84cfea8e,1675.15,66.36,6.664748668,54000,55000
9a0d4afd23642c78acc27e20ec7986b8395bc91a,1662.30,65.79,6.613423200,54000,54000
2408c6e4e2d0f2fbce07fa8d8eaf83eeb95c83db,1646.78,65.32,6.553611678,54000,54000
7f358bd0a952f64d2023b937c4e171dc9b669875,1703.45,67.64,6.755937204,54000,53000
ab7bb15901edddd89f30202e96ceeb2a9bfefe4a,1650.66,65.26,6.567713805,53000,54000
62063dc12829c07198ac21b88b62b74705ed779e,1688.23,67.16,6.706432155,54000,55000
18cd3feef30dc403976e3822c49264054d5e8fdf,1682.69,66.86,6.684762705,54000,55000
a1dbff7275ec8afcc1f4408c45cdffdab35bacde,1677.00,66.52,6.680427423,55000,55000
80b9cca33c213664269bf748efd90296d39d971b,1662.50,65.72,6.631063314,54000,54000
ac631e8a761b5ce0c015ffd1c136352e1e7640bb,1639.66,65.03,6.539148235,54000,54000
f02831e29c0f7dd49df556c7a17f882ae23a1572,1694.79,67.37,6.747707926,54000,54000
848183d563a79866227aa284b64c4fe194530c37,1687.18,66.85,6.715629628,54000,54000
521b90a772b02a04e6efa1b39cd1be4aca20fd46,1638.67,64.90,6.517194110,54000,54000
1c70788d63236a7b94abec0f2537e8c680e38583,1639.56,64.75,6.533204388,54000,55000
eaf7a66abd8fe83f1aead448e304dbf53aeefcc2,1662.22,65.92,6.601134952,54000,54000
f0fcbd790d322f6e8b827977f8b0b627a0a385b7,1674.29,66.41,6.650929557,54000,54000
86e5898a7ee7efa5647cf32d4b8eb784dd41a330,1646.19,64.90,6.556632348,54000,54000
054100925578c12d46dc37f8bc3af1e9de748ece,1676.35,66.38,6.662037443,54000,54000
71ee78c31d0b3bc7b2340df84acdd63666076ef8,1697.87,67.68,6.751100881,54000,54000
18cd3feef30dc403976e3822c49264054d5e8fdf,1682.88,66.70,6.692382593,54000,54000
ae035b8c205689da2c8fa581c11f7dacd7485577,1653.91,65.39,6.589146690,54000,54000
1dda9635523b408aead1c5287c2d5e71ac3c27de,1691.26,66.71,6.726071656,54000,53000
ac47a7bb114801ce7d57bf1f4e8877b25e10b754,1698.67,67.42,6.757400983,54000,54000
d0947553e27b488247c2f26f5397be162a20ff26,1645.41,64.93,6.550980159,54000,54000
227a37483f8743a246649c34e8d7d57e30e23699,1647.14,65.19,6.553258117,54000,54000
3e733b566cd4036dc2f9fe646e6c1f6e9ffb1bab,1685.49,66.80,6.698991346,54000,54000
9a0d4afd23642c78acc27e20ec7986b8395bc91a,1655.01,65.83,6.586405537,54000,54000
521b90a772b02a04e6efa1b39cd1be4aca20fd46,1638.80,64.89,6.528990480,54000,54000
09a4e40df31af3d44220982802016d711ca31749,1659.91,65.91,6.589811747,54000,54000
1dda9635523b408aead1c5287c2d5e71ac3c27de,1675.27,66.22,6.647142056,54000,55000
91fe5f3964f12f8d3b316ec5cfdc37dbe62fd00e,1646.44,64.95,6.561446587,54000,54000
21b22eccdd1252272b7d41f9e2c669c209956fb1,1657.62,65.88,6.593863054,54000,54000
b98f3a00a651eacd3d73203acf10cb69b251f56a,1671.68,66.09,6.667409356,54000,54000
b98f3a00a651eacd3d73203acf10cb69b251f56a,1680.20,66.61,6.677337577,54000,55000
62063dc12829c07198ac21b88b62b74705ed779e,1698.81,67.52,6.732279626,54000,54000
50d107d72fead969ca3a311664cd22276db451e7,1690.70,66.90,6.717439767,54000,54000
ac47a7bb114801ce7d57bf1f4e8877b25e10b754,1686.58,67.40,6.690566350,54000,55000
9a0d4afd23642c78acc27e20ec7986b8395bc91a,1647.16,65.13,6.538207663,54000,54000
c98bfc0bd754be6fe775135b06cc1db8927c4273,1712.23,68.30,6.797481726,54000,55000
ae035b8c205689da2c8fa581c11f7dacd7485577,1669.00,66.01,6.629612839,55000,54000
86e5898a7ee7efa5647cf32d4b8eb784dd41a330,1672.65,66.17,6.648163140,54000,54000
1834c0f337c95672361f56901e9d60dbb6fc00bb,1638.48,64.29,6.519624923,54000,54000
7494827c099fda0e859e2a6e1aa8dd390cf4ff3f,1662.19,65.53,6.605187616,54000,54000
521b90a772b02a04e6efa1b39cd1be4aca20fd46,1659.25,65.53,6.593495362,54000,54000
21b22eccdd1252272b7d41f9e2c669c209956fb1,1669.17,66.23,6.616876011,54000,54000
86e5898a7ee7efa5647cf32d4b8eb784dd41a330,1643.01,64.88,6.535093646,54000,54000
898a4a5669dec0de4e060af19070d8c5037ccfd1,1699.53,67.26,6.735705327,54000,55000
e6ee80f446e629021763df43f762238bffdb94a3,1652.88,65.43,6.564939407,54000,54000
898a4a5669dec0de4e060af19070d8c5037ccfd1,1696.36,67.36,6.730164509,54000,54000
1401205b34a1bce3285f1f10dc2c49208f2dd87c,1699.50,67.39,6.761390783,54000,54000
7077b3b1b20a4cdd33fecf596a14144dfe641308,1622.81,64.29,6.460096676,55000,54000
62063dc12829c07198ac21b88b62b74705ed779e,1732.45,68.99,6.875931358,55000,55000
0bcf48bd57a6c463c5fee9aa8f76cfa1d4b42267,1654.34,65.38,6.584208502,54000,54000
27200258b82132218820505a7d63e6a84b5a6f00,1696.05,67.04,6.752447006,55000,56000
7077b3b1b20a4cdd33fecf596a14144dfe641308,1635.42,64.41,6.517767490,55000,54000
4c9cc7aa5040d89ae29cde7372e7fbd97c117eee,1610.59,64.03,6.401346519,55000,55000
ddb2c79305bacf54136c120fb6a7fac637a34ccd,1656.53,65.65,6.579715815,54000,55000
898a4a5669dec0de4e060af19070d8c5037ccfd1,1700.72,67.70,6.749065320,55000,54000
2408c6e4e2d0f2fbce07fa8d8eaf83eeb95c83db,1650.44,65.37,6.567271419,54000,54000
a8bc053eef738529a4cbb77f618b53cb84cfea8e,1642.41,65.01,6.539684768,54000,54000
c4ba528694a07b6b0133fb199bc293364c47b9d8,1687.01,67.22,6.686858060,54000,55000
f887aa1b16ead18fdfb2644ad69b40858b7c5d8f,1658.63,65.83,6.595395022,55000,54000
91fe5f3964f12f8d3b316ec5cfdc37dbe62fd00e,1656.48,65.78,6.590420224,55000,54000
9a0d4afd23642c78acc27e20ec7986b8395bc91a,1662.79,65.68,6.619093814,54000,54000
4e956448ecbfe28c36fe8ccd1b96f4d220262eb5,1659.00,65.29,6.601070623,54000,54000
2d685cc116d7abbb5f75b6da3f828f0dc319eac2,1655.34,65.54,6.579891017,54000,54000
ac631e8a761b5ce0c015ffd1c136352e1e7640bb,1630.91,64.28,6.500701732,55000,54000
18cd3feef30dc403976e3822c49264054d5e8fdf,1668.68,66.24,6.634101680,54000,55000
b8d2c82649a1a210de7f079babec87c688b851f2,1719.74,68.47,6.820284449,54000,54000
80b9cca33c213664269bf748efd90296d39d971b,1656.80,65.61,6.594033150,54000,54000
a60cc642edef9baf81a1ab5422e820b951c64e43,1722.88,68.52,6.837997025,54000,54000
a58debdc9b07eba1226d181bca4fdb11991bd020,1624.20,64.15,6.471019151,54000,54000
4c9cc7aa5040d89ae29cde7372e7fbd97c117eee,1629.16,64.53,6.491114963,54000,54000
eaf7a66abd8fe83f1aead448e304dbf53aeefcc2,1641.79,64.83,6.531844152,54000,54000
9a0d4afd23642c78acc27e20ec7986b8395bc91a,1664.10,65.90,6.620892505,54000,54000
18cd3feef30dc403976e3822c49264054d5e8fdf,1677.84,66.28,6.675462642,54000,54000
6ac9d85afd5891b01fdd3177338c53bc9223f325,1673.97,66.37,6.656764080,54000,54000
39b4760b36ce030ecf55d78d4eddc929ae39d1ab,1695.88,67.15,6.747987880,54000,54000
898a4a5669dec0de4e060af19070d8c5037ccfd1,1694.97,67.07,6.732134839,54000,54000
d0947553e27b488247c2f26f5397be162a20ff26,1657.43,65.25,6.586241192,54000,54000
1834c0f337c95672361f56901e9d60dbb6fc00bb,1652.44,65.21,6.570362928,54000,54000
b8d2c82649a1a210de7f079babec87c688b851f2,1704.92,67.60,6.771204237,54000,54000
fdd3469d311a307c1014b2873a0f6a54b178e20d,1663.50,65.76,6.603513015,54000,54000
a60cc642edef9baf81a1ab5422e820b951c64e43,1706.29,67.46,6.780116321,54000,54000
521b90a772b02a04e6efa1b39cd1be4aca20fd46,1620.00,63.86,6.445623069,53000,54000
c9ee67545b64f8cb93f1f07bddb1b5d49e874e0b,1656.85,65.60,6.580912785,54000,54000
09a4e40df31af3d44220982802016d711ca31749,1657.30,65.86,6.582787979,54000,54000
a60cc642edef9baf81a1ab5422e820b951c64e43,1709.24,67.77,6.791220361,54000,54000
ddb2c79305bacf54136c120fb6a7fac637a34ccd,1674.30,66.33,6.650062365,54000,54000
6a7a17977e19d52cd4154cd88a4be01e9ac18073,1673.56,66.09,6.652588821,54000,54000
a1637d262f42b9e2eeca2ed0d52b9f14ff13039e,1674.93,66.36,6.644549332,54000,54000
44845a7d44536a24f15b1e0c4686cb71e867b513,1707.49,67.59,6.768673913,54000,54000
ad5211c15cb360584debb757cdb1bf52092f08ec,1671.13,65.97,6.633731162,54000,53000
521b90a772b02a04e6efa1b39cd1be4aca20fd46,1647.24,65.20,6.549895802,54000,54000
ed3f13a22edb9b11073acf69e75245be0e8fedf1,1700.39,67.38,6.744423673,54000,54000
a58debdc9b07eba1226d181bca4fdb11991bd020,1614.57,63.76,6.428800236,54000,54000
ac47a7bb114801ce7d57bf1f4e8877b25e10b754,1689.89,66.88,6.701173414,54000,55000
0f3665f7d998d057f02f3dcd241cabf7b323615f,1728.22,68.15,6.884934905,54000,54000
6a7a17977e19d52cd4154cd88a4be01e9ac18073,1667.88,65.84,6.624550020,54000,54000
a1dbff7275ec8afcc1f4408c45cdffdab35bacde,1656.30,65.43,6.579750940,54000,54000
68d5b7e06cd4a7c14f99647af2573244ee7529f7,1663.83,66.01,6.604903419,54000,54000
1401205b34a1bce3285f1f10dc2c49208f2dd87c,1674.44,66.51,6.647448183,54000,54000
39e131ae3a5b0a839c4b920613c1ccb8af0dd40c,1658.95,65.39,6.603341187,54000,54000
1c70788d63236a7b94abec0f2537e8c680e38583,1643.25,65.02,6.533785781,54000,54000
f9a99fc0f5743e1f8027d1a48ee49072aad21e69,1646.01,65.08,6.555402942,54000,54000
2d685cc116d7abbb5f75b6da3f828f0dc319eac2,1685.29,66.88,6.697631730,54000,54000
d0947553e27b488247c2f26f5397be162a20ff26,1672.85,66.27,6.642935622,54000,54000
2d34c1e348bb25dac1da0a3e5e9cf278cba55ffb,1605.54,63.53,6.405083284,54000,54000
2cf91a2220f62bc321924e5f293619e6e138906e,1701.81,67.47,6.769751140,53000,54000
d37a43562478d4750e0d8a2b5f09f1f1629a50b5,1673.83,66.16,6.660987929,54000,54000
50363851973d1c7d7446fcc0b79f7ace70faa58c,1662.43,65.97,6.615660247,54000,54000
521b90a772b02a04e6efa1b39cd1be4aca20fd46,1636.25,64.93,6.524397278,54000,54000
f02831e29c0f7dd49df556c7a17f882ae23a1572,1643.03,65.10,6.545201149,54000,53000
ed3f13a22edb9b11073acf69e75245be0e8fedf1,1683.93,66.95,6.679913502,54000,54000
1834c0f337c95672361f56901e9d60dbb6fc00bb,1663.90,65.77,6.632245301,54000,54000
1401205b34a1bce3285f1f10dc2c49208f2dd87c,1655.84,65.77,6.599957919,54000,54000
88281eb0a809e4701d8bad279c7b50a348f2ac29,1661.41,65.77,6.614284099,54000,54000
a8bc053eef738529a4cbb77f618b53cb84cfea8e,1666.55,66.22,6.653527032,54000,54000
5e3c821533dac57904e1f6c41979949407992337,1631.07,64.75,6.492997829,54000,54000
3c0926aabcf7dc60fa1bf6a25ff4a5c45faed2fe,1660.80,65.79,6.621456884,54000,54000
18cd3feef30dc403976e3822c49264054d5e8fdf,1675.76,66.53,6.663113306,54000,54000
ca4b9bb3a3e59483e592ce6d65ec048fb6772cb6,1659.46,66.01,6.603408681,54000,54000
98d3dd3494d848bd0fd12343cf9def6f9949d298,1662.76,65.85,6.625794783,54000,54000
402f88bf4ba79c91411ad90242304973ed4bcb6c,1683.15,66.85,6.694500222,54000,54000
88281eb0a809e4701d8bad279c7b50a348f2ac29,1651.19,65.34,6.576221885,54000,54000
e6ee80f446e629021763df43f762238bffdb94a3,1648.26,65.45,6.576156854,53000,54000
fa5de08ae250728c6c30910ca0089257fc506811,1627.72,64.59,6.488135190,54000,54000
50d107d72fead969ca3a311664cd22276db451e7,1680.49,66.79,6.679808255,54000,54000
ed3f13a22edb9b11073acf69e75245be0e8fedf1,1691.93,67.65,6.723463736,54000,54000
7049ba88ab5fce314d33a0da14543d861b31d4f7,1644.59,65.29,6.557641180,54000,54000
f0fcbd790d322f6e8b827977f8b0b627a0a385b7,1712.80,68.13,6.814322817,54000,54000
0bcf48bd57a6c463c5fee9aa8f76cfa1d4b42267,1664.50,65.63,6.637165159,54000,54000
4c9cc7aa5040d89ae29cde7372e7fbd97c117eee,1620.47,64.19,6.455518149,54000,54000
b1a4e77665a518c784761557fa81840fd8b209ce,1662.12,65.74,6.633509024,54000,54000
2d685cc116d7abbb5f75b6da3f828f0dc319eac2,1674.70,66.77,6.651196361,54000,54000
3c0926aabcf7dc60fa1bf6a25ff4a5c45faed2fe,1654.65,65.30,6.594830736,54000,54000
4e956448ecbfe28c36fe8ccd1b96f4d220262eb5,1677.42,66.21,6.699672799,54000,54000
8a4a03b5fe0242fd9334f443a54c9590a08ce969,1704.83,67.99,6.786677738,54000,54000
054100925578c12d46dc37f8bc3af1e9de748ece,1686.44,67.14,6.702459109,54000,54000
21b22eccdd1252272b7d41f9e2c669c209956fb1,1658.80,65.79,6.593149926,54000,54000
fdd3469d311a307c1014b2873a0f6a54b178e20d,1675.38,66.54,6.678820312,54000,54000
7049ba88ab5fce314d33a0da14543d861b31d4f7,1665.57,65.97,6.626754900,54000,54000
a828de1fa2145d033f20051f4c2a7328b461ba74,1642.20,64.98,6.544594998,54000,54000
6ac9d85afd5891b01fdd3177338c53bc9223f325,1655.01,65.65,6.587506829,54000,54000
39e131ae3a5b0a839c4b920613c1ccb8af0dd40c,1653.87,65.59,6.581510040,54000,54000
9ff4a3e91a045b6d950f0bfcd2606a69123ae186,1660.24,65.71,6.605025758,54000,54000
ac47a7bb114801ce7d57bf1f4e8877b25e10b754,1673.55,66.35,6.638952230,54000,54000
c9ee67545b64f8cb93f1f07bddb1b5d49e874e0b,1656.71,65.40,6.589935509,54000,54000
ed3f13a22edb9b11073acf69e75245be0e8fedf1,1685.19,66.94,6.680440797,54000,54000
cf0bbc1ac9189b5c92f56e7200f40ec6c348c13c,1685.50,66.98,6.693515599,54000,54000
09a4e40df31af3d44220982802016d711ca31749,1650.10,65.50,6.555515598,54000,54000
71ee78c31d0b3bc7b2340df84acdd63666076ef8,1664.72,66.22,6.618302114,53000,54000
fa5de08ae250728c6c30910ca0089257fc506811,1614.02,64.01,6.422238811,54000,54000
a828de1fa2145d033f20051f4c2a7328b461ba74,1634.88,64.55,6.514872383,54000,54000
ab7bb15901edddd89f30202e96ceeb2a9bfefe4a,1678.50,66.73,6.672592721,54000,54000
d0947553e27b488247c2f26f5397be162a20ff26,1653.91,65.56,6.588527997,54000,54000
6ac9d85afd5891b01fdd3177338c53bc9223f325,1647.40,65.37,6.554952109,54000,54000
50d107d72fead969ca3a311664cd22276db451e7,1670.05,65.95,6.641115262,54000,53000
7077b3b1b20a4cdd33fecf596a14144dfe641308,1657.92,65.57,6.596046594,54000,54000
f02831e29c0f7dd49df556c7a17f882ae23a1572,1696.13,67.19,6.751993744,54000,54000
d0947553e27b488247c2f26f5397be162a20ff26,1685.66,66.85,6.702969097,53000,54000
6a7a17977e19d52cd4154cd88a4be01e9ac18073,1658.06,65.42,6.594068914,54000,54000
b8d2c82649a1a210de7f079babec87c688b851f2,1725.86,68.42,6.878956967,54000,53000
6ac9d85afd5891b01fdd3177338c53bc9223f325,1670.22,66.24,6.661053934,54000,53000
c4ba528694a07b6b0133fb199bc293364c47b9d8,1673.90,66.47,6.648633336,53000,54000
86e5898a7ee7efa5647cf32d4b8eb784dd41a330,1666.84,66.21,6.642323025,54000,54000
b1a4e77665a518c784761557fa81840fd8b209ce,1666.42,66.32,6.622876016,54000,54000
2408c6e4e2d0f2fbce07fa8d8eaf83eeb95c83db,1917.66,75.91,7.686586357,54000,54000
8a4a03b5fe0242fd9334f443a54c9590a08ce969,1661.61,66.22,6.598875712,54000,54000
ed3f13a22edb9b11073acf69e75245be0e8fedf1,1707.72,68.31,6.782272983,54000,54000
6a7a17977e19d52cd4154cd88a4be01e9ac18073,1681.19,66.57,6.694284553,54000,54000
03334142048678425d3589834f5831388c5cc6b2,1695.22,67.36,6.737386514,54000,54000
3c0926aabcf7dc60fa1bf6a25ff4a5c45faed2fe,1681.91,66.52,6.702051995,54000,54000
527c27154e74f7c55d719ba9f2b8d430054d9f45,1644.35,65.17,6.558656533,54000,54000
f7341d42982e71d76378dc0ac95524648fef41d3,1689.13,67.02,6.716626853,54000,54000
b1a4e77665a518c784761557fa81840fd8b209ce,1669.85,66.37,6.638056431,55000,54000
89add04bf77331af1de4de2281c156645622a231,1652.84,65.41,6.578186537,54000,54000
62063dc12829c07198ac21b88b62b74705ed779e,1691.75,67.24,6.723275198,54000,54000
4e956448ecbfe28c36fe8ccd1b96f4d220262eb5,1649.67,65.32,6.562517562,54000,54000
b1a4e77665a518c784761557fa81840fd8b209ce,1672.80,66.33,6.660122063,54000,54000
71ee78c31d0b3bc7b2340df84acdd63666076ef8,1654.13,65.32,6.593641272,54000,54000
c4ba528694a07b6b0133fb199bc293364c47b9d8,1696.28,67.44,6.745659510,54000,54000
7049ba88ab5fce314d33a0da14543d861b31d4f7,1644.83,65.29,6.542283258,55000,54000
4e956448ecbfe28c36fe8ccd1b96f4d220262eb5,1671.41,66.31,6.674857536,54000,54000
09a4e40df31af3d44220982802016d711ca31749,1703.32,67.87,6.772844341,54000,54000
4e956448ecbfe28c36fe8ccd1b96f4d220262eb5,1671.01,66.15,6.671818107,54000,54000
f0fcbd790d322f6e8b827977f8b0b627a0a385b7,1670.75,65.77,6.656527379,54000,54000
39e131ae3a5b0a839c4b920613c1ccb8af0dd40c,1702.74,67.43,6.784062926,54000,54000
0f3665f7d998d057f02f3dcd241cabf7b323615f,1686.47,66.85,6.697262570,54000,54000
91fe5f3964f12f8d3b316ec5cfdc37dbe62fd00e,1631.24,64.64,6.501206957,54000,54000
c9ee67545b64f8cb93f1f07bddb1b5d49e874e0b,1653.15,65.64,6.577652874,53000,54000
2d685cc116d7abbb5f75b6da3f828f0dc319eac2,1662.25,66.10,6.607643738,54000,54000
71ee78c31d0b3bc7b2340df84acdd63666076ef8,1695.72,67.09,6.756687073,54000,54000
5e3c821533dac57904e1f6c41979949407992337,1669.14,66.29,6.643661549,53000,54000
93c7167419efe66c9dd0e2054055d668c895ac4f,1707.40,68.00,6.795065869,54000,54000
a8bc053eef738529a4cbb77f618b53cb84cfea8e,1669.83,66.35,6.641711371,54000,54000
68d5b7e06cd4a7c14f99647af2573244ee7529f7,1664.23,65.71,6.627954708,54000,54000
1dda9635523b408aead1c5287c2d5e71ac3c27de,1674.31,66.50,6.659241629,54000,54000
402f88bf4ba79c91411ad90242304973ed4bcb6c,1704.56,67.90,6.767840302,54000,54000
50d107d72fead969ca3a311664cd22276db451e7,1678.61,66.68,6.679560047,54000,55000
89add04bf77331af1de4de2281c156645622a231,1646.25,65.05,6.556245615,54000,54000
eaf7a66abd8fe83f1aead448e304dbf53aeefcc2,1656.39,65.61,6.591383686,53000,54000
1834c0f337c95672361f56901e9d60dbb6fc00bb,1654.48,65.46,6.579846498,54000,54000
cf0bbc1ac9189b5c92f56e7200f40ec6c348c13c,1673.76,66.42,6.648581318,54000,54000
62063dc12829c07198ac21b88b62b74705ed779e,1701.47,67.29,6.753204452,54000,53000
a8bc053eef738529a4cbb77f618b53cb84cfea8e,1650.84,65.21,6.581349460,53000,55000
76866403afa2c89523c24e7bde4e2799f61f9e24,1614.45,64.30,6.428373248,54000,54000
71ee78c31d0b3bc7b2340df84acdd63666076ef8,1668.17,66.24,6.643500113,54000,54000
f9a99fc0f5743e1f8027d1a48ee49072aad21e69,1674.90,66.31,6.675540922,54000,54000
b86cecfc10b5a2874be2e9bfde2ceaf78dd857a9,1653.52,65.51,6.577398751,54000,54000
89ae3c04846efe8e05e367b6cbddd3637205175c,1678.30,66.41,6.679209557,54000,54000
71ee78c31d0b3bc7b2340df84acdd63666076ef8,1661.94,66.02,6.601367076,54000,54000
39b4760b36ce030ecf55d78d4eddc929ae39d1ab,1676.52,66.16,6.674078603,54000,54000
89ae3c04846efe8e05e367b6cbddd3637205175c,1640.68,65.17,6.524810859,54000,54000
178c73e4064a462e324c35147a71d2cfaf590ccf,1686.07,66.91,6.711511372,53000,54000
91fe5f3964f12f8d3b316ec5cfdc37dbe62fd00e,1650.67,65.42,6.567764747,54000,54000
eaf7a66abd8fe83f1aead448e304dbf53aeefcc2,1656.46,65.63,6.592517253,54000,54000
ac631e8a761b5ce0c015ffd1c136352e1e7640bb,1634.63,64.51,6.515066243,55000,54000
b86cecfc10b5a2874be2e9bfde2ceaf78dd857a9,1661.49,65.92,6.601967734,54000,55000
8d07387ff27e9fb2c09812439f1a3e64e64ff05b,1639.75,65.03,6.524828965,54000,54000
2bc1fac618de8fcba59edc28a3a83add622633dd,1659.28,65.59,6.623188281,54000,54000
39b4760b36ce030ecf55d78d4eddc929ae39d1ab,1681.56,66.81,6.678981000,54000,54000
c4ba528694a07b6b0133fb199bc293364c47b9d8,1691.91,67.22,6.714173869,54000,54000
2408c6e4e2d0f2fbce07fa8d8eaf83eeb95c83db,1657.67,65.74,6.598374844,54000,54000
f02831e29c0f7dd49df556c7a17f882ae23a1572,1655.99,65.37,6.599299425,54000,54000
3277bd3cdfc416fced7a30a6cea5c0ed26be4d9a,1684.97,66.90,6.702123948,54000,53000
6ac9d85afd5891b01fdd3177338c53bc9223f325,1667.92,66.08,6.630250673,54000,54000
2d34c1e348bb25dac1da0a3e5e9cf278cba55ffb,1613.66,63.80,6.434139691,54000,53000
9ff4a3e91a045b6d950f0bfcd2606a69123ae186,1662.79,65.81,6.624265257,53000,54000
ddb2c79305bacf54136c120fb6a7fac637a34ccd,1663.28,66.00,6.617311103,54000,54000
054100925578c12d46dc37f8bc3af1e9de748ece,1718.90,68.51,6.834510680,55000,54000
0f3665f7d998d057f02f3dcd241cabf7b323615f,1684.53,66.78,6.703547049,54000,54000
a1dbff7275ec8afcc1f4408c45cdffdab35bacde,1651.44,65.46,6.573862078,54000,54000
39e131ae3a5b0a839c4b920613c1ccb8af0dd40c,1680.19,66.82,6.684811031,54000,54000
f10c9ec0110e26211ffc1b59406de947bc035b6f,1689.27,67.21,6.730410963,53000,54000
ddb2c79305bacf54136c120fb6a7fac637a34ccd,1647.00,65.52,6.579517409,54000,53000
18cd3feef30dc403976e3822c49264054d5e8fdf,1687.22,67.13,6.723119802,54000,54000
89ae3c04846efe8e05e367b6cbddd3637205175c,1668.93,66.37,6.647320954,54000,54000
b8d2c82649a1a210de7f079babec87c688b851f2,1690.39,67.32,6.715922963,54000,54000
7f358bd0a952f64d2023b937c4e171dc9b669875,1681.01,66.91,6.670605123,54000,54000
80b9cca33c213664269bf748efd90296d39d971b,1652.79,65.54,6.578777108,54000,54000
a1637d262f42b9e2eeca2ed0d52b9f14ff13039e,1687.96,66.83,6.724932614,54000,54000
d0947553e27b488247c2f26f5397be162a20ff26,1672.10,66.18,6.657084463,54000,54000
a828de1fa2145d033f20051f4c2a7328b461ba74,1649.42,65.38,6.573275914,54000,54000
d0947553e27b488247c2f26f5397be162a20ff26,1676.79,66.34,6.685892004,54000,54000
ad5211c15cb360584debb757cdb1bf52092f08ec,1641.44,65.27,6.539566355,54000,54000
7494827c099fda0e859e2a6e1aa8dd390cf4ff3f,1665.16,66.23,6.632750404,54000,54000
80b9cca33c213664269bf748efd90296d39d971b,1640.39,64.95,6.532858658,54000,54000
88281eb0a809e4701d8bad279c7b50a348f2ac29,1658.23,65.37,6.603294184,54000,54000
ae035b8c205689da2c8fa581c11f7dacd7485577,1676.88,66.71,6.675891707,54000,53000
6ac9d85afd5891b01fdd3177338c53bc9223f325,1747.98,69.61,6.971224996,54000,54000
89add04bf77331af1de4de2281c156645622a231,1684.88,67.14,6.698299299,54000,54000
ab7bb15901edddd89f30202e96ceeb2a9bfefe4a,1664.60,66.08,6.620551578,54000,54000
03334142048678425d3589834f5831388c5cc6b2,1708.86,67.93,6.781002451,54000,54000
3e733b566cd4036dc2f9fe646e6c1f6e9ffb1bab,1690.68,67.44,6.719864110,54000,54000
a828de1fa2145d033f20051f4c2a7328b461ba74,1639.43,64.83,6.522306957,54000,54000
93c7167419efe66c9dd0e2054055d668c895ac4f,1682.36,66.75,6.698146761,53000,54000
5e3c821533dac57904e1f6c41979949407992337,1665.60,65.83,6.628129990,54000,54000
89add04bf77331af1de4de2281c156645622a231,1696.54,67.27,6.746832689,53000,54000
03334142048678425d3589834f5831388c5cc6b2,1700.88,67.77,6.756688977,54000,54000
f9a99fc0f5743e1f8027d1a48ee49072aad21e69,1653.06,65.47,6.580181227,55000,54000
f10c9ec0110e26211ffc1b59406de947bc035b6f,1675.14,65.97,6.671989559,54000,53000
09a4e40df31af3d44220982802016d711ca31749,1688.88,67.05,6.715077363,54000,54000
b8d2c82649a1a210de7f079babec87c688b851f2,1706.80,67.77,6.791495690,54000,54000
4c9cc7aa5040d89ae29cde7372e7fbd97c117eee,1601.09,63.38,6.372905547,54000,54000
6a7a17977e19d52cd4154cd88a4be01e9ac18073,1679.87,66.37,6.679410267,54000,54000
1dda9635523b408aead1c5287c2d5e71ac3c27de,1661.50,66.10,6.605736814,54000,54000
1dda9635523b408aead1c5287c2d5e71ac3c27de,1690.78,67.14,6.719094725,54000,54000
ddb2c79305bacf54136c120fb6a7fac637a34ccd,1662.88,65.78,6.615668840,54000,54000
3c0926aabcf7dc60fa1bf6a25ff4a5c45faed2fe,1674.01,66.23,6.647584926,54000,54000
a8bc053eef738529a4cbb77f618b53cb84cfea8e,1646.56,65.17,6.549892868,54000,54000
1dda9635523b408aead1c5287c2d5e71ac3c27de,1698.35,67.59,6.745848436,54000,54000
27200258b82132218820505a7d63e6a84b5a6f00,1713.12,68.12,6.808786246,54000,54000
f7341d42982e71d76378dc0ac95524648fef41d3,1674.57,66.58,6.651300257,54000,54000
c98bfc0bd754be6fe775135b06cc1db8927c4273,1692.99,67.04,6.746827612,54000,54000
7494827c099fda0e859e2a6e1aa8dd390cf4ff3f,1635.67,64.57,6.509464989,54000,54000
d37a43562478d4750e0d8a2b5f09f1f1629a50b5,1639.68,64.49,6.535178789,54000,54000
89add04bf77331af1de4de2281c156645622a231,1663.72,66.08,6.617056492,55000,54000
d0947553e27b488247c2f26f5397be162a20ff26,1670.64,66.09,6.643230539,54000,54000
ac47a7bb114801ce7d57bf1f4e8877b25e10b754,1699.67,67.34,6.743511189,54000,54000
6a9f95cbd0fa2c37113737a879370534be247fed,1683.10,66.89,6.689771152,54000,54000
89add04bf77331af1de4de2281c156645622a231,1684.29,66.81,6.708958126,54000,54000
3277bd3cdfc416fced7a30a6cea5c0ed26be4d9a,1654.64,65.68,6.579422466,54000,54000
5e3c821533dac57904e1f6c41979949407992337,1661.11,65.74,6.598037419,54000,54000
527c27154e74f7c55d719ba9f2b8d430054d9f45,1669.05,65.94,6.641836753,54000,54000
d0947553e27b488247c2f26f5397be162a20ff26,1696.24,67.15,6.750432168,54000,54000
848183d563a79866227aa284b64c4fe194530c37,1690.42,66.80,6.731147836,54000,54000
3c0926aabcf7dc60fa1bf6a25ff4a5c45faed2fe,1673.04,66.13,6.657530998,54000,54000
ca4b9bb3a3e59483e592ce6d65ec048fb6772cb6,1651.11,65.35,6.584759167,54000,53000
2cf91a2220f62bc321924e5f293619e6e138906e,1680.94,66.81,6.682486332,54000,54000
44845a7d44536a24f15b1e0c4686cb71e867b513,1673.84,66.37,6.672652424,54000,54000
081f554cf199ea5d25c8675872e490671347ade3,1662.05,65.65,6.621736544,55000,54000
fa5de08ae250728c6c30910ca0089257fc506811,1614.53,63.90,6.439832412,54000,54000
7f358bd0a952f64d2023b937c4e171dc9b669875,1687.66,66.73,6.707725340,54000,54000
a8bc053eef738529a4cbb77f618b53cb84cfea8e,1644.70,64.75,6.555973507,54000,53000
e6ee80f446e629021763df43f762238bffdb94a3,1656.89,65.17,6.620280337,53000,54000
2bc1fac618de8fcba59edc28a3a83add622633dd,1662.12,65.77,6.636428786,54000,54000
081f554cf199ea5d25c8675872e490671347ade3,1680.52,66.42,6.691062284,54000,54000
88281eb0a809e4701d8bad279c7b50a348f2ac29,1660.54,65.56,6.603416311,54000,53000
2bc1fac618de8fcba59edc28a3a83add622633dd,1654.93,65.50,6.591042580,54000,54000
a1637d262f42b9e2eeca2ed0d52b9f14ff13039e,1728.37,68.45,6.880973628,54000,54000
09a4e40df31af3d44220982802016d711ca31749,1660.10,66.00,6.599168189,54000,55000
c9ee67545b64f8cb93f1f07bddb1b5d49e874e0b,1635.39,64.64,6.515471294,54000,54000
76866403afa2c89523c24e7bde4e2799f61f9e24,1622.56,64.26,6.460724428,54000,54000
fa5de08ae250728c6c30910ca0089257fc506811,1624.21,64.29,6.469276497,54000,54000
f7341d42982e71d76378dc0ac95524648fef41d3,1705.78,67.88,6.786680523,55000,54000
fa5de08ae250728c6c30910ca0089257fc506811,1614.13,63.93,6.426355498,54000,54000
a8bc053eef738529a4cbb77f618b53cb84cfea8e,1654.68,65.52,6.578484494,54000,54000
6a9f95cbd0fa2c37113737a879370534be247fed,1683.58,66.62,6.702475761,54000,54000
0f3665f7d998d057f02f3dcd241cabf7b323615f,1693.76,67.58,6.723148177,54000,54000
054100925578c12d46dc37f8bc3af1e9de748ece,1690.54,67.15,6.701211276,54000,53000
ad5211c15cb360584debb757cdb1bf52092f08ec,1646.58,65.02,6.548064981,54000,54000
e6ee80f446e629021763df43f762238bffdb94a3,1651.08,65.09,6.568131242,54000,54000
1834c0f337c95672361f56901e9d60dbb6fc00bb,1643.92,64.73,6.551250665,54000,54000
32d65a379e6178fb4bf265877a60a35dfb4adaf3,1677.71,66.44,6.666688747,54000,54000
80b9cca33c213664269bf748efd90296d39d971b,1652.68,65.43,6.568668195,54000,54000
71ee78c31d0b3bc7b2340df84acdd63666076ef8,1673.91,66.19,6.665053654,54000,54000
c9ee67545b64f8cb93f1f07bddb1b5d49e874e0b,1662.81,66.00,6.615151042,53000,54000
50d107d72fead969ca3a311664cd22276db451e7,1680.78,66.59,6.677457062,53000,54000
f02831e29c0f7dd49df556c7a17f882ae23a1572,1673.79,66.20,6.646938215,53000,54000
39e131ae3a5b0a839c4b920613c1ccb8af0dd40c,1687.21,67.04,6.699557883,54000,54000
4e956448ecbfe28c36fe8ccd1b96f4d220262eb5,1669.30,65.85,6.647684974,54000,54000
21b22eccdd1252272b7d41f9e2c669c209956fb1,1688.38,66.57,6.708147920,54000,54000
18cd3feef30dc403976e3822c49264054d5e8fdf,1682.68,66.49,6.685265521,54000,54000
7494827c099fda0e859e2a6e1aa8dd390cf4ff3f,1664.13,65.51,6.614784612,54000,54000
ed3f13a22edb9b11073acf69e75245be0e8fedf1,1672.83,66.63,6.632493922,54000,54000
081f554cf199ea5d25c8675872e490671347ade3,1663.75,65.47,6.619089349,54000,55000
7077b3b1b20a4cdd33fecf596a14144dfe641308,1636.25,64.22,6.517041041,54000,54000
89ae3c04846efe8e05e367b6cbddd3637205175c,1653.93,65.43,6.572758694,54000,54000
b1a4e77665a518c784761557fa81840fd8b209ce,1684.73,66.45,6.705870619,54000,54000
80b9cca33c213664269bf748efd90296d39d971b,1645.07,65.06,6.550222636,54000,55000
f02831e29c0f7dd49df556c7a17f882ae23a1572,1681.97,66.61,6.685054078,54000,54000
3e733b566cd4036dc2f9fe646e6c1f6e9ffb1bab,1697.96,67.11,6.758208287,54000,54000
2d34c1e348bb25dac1da0a3e5e9cf278cba55ffb,1629.20,64.59,6.489403414,54000,54000
a8bc053eef738529a4cbb77f618b53cb84cfea8e,1662.41,65.66,6.615987470,54000,54000
c9ee67545b64f8cb93f1f07bddb1b5d49e874e0b,1654.14,65.37,6.587844328,54000,54000
898a4a5669dec0de4e060af19070d8c5037ccfd1,1701.14,67.40,6.768320374,54000,54000
b98f3a00a651eacd3d73203acf10cb69b251f56a,1639.99,64.69,6.530513566,53000,54000
f10c9ec0110e26211ffc1b59406de947bc035b6f,1651.23,65.20,6.573646906,54000,54000
2408c6e4e2d0f2fbce07fa8d8eaf83eeb95c83db,1675.96,66.40,6.665480726,54000,54000
50363851973d1c7d7446fcc0b79f7ace70faa58c,1657.74,65.65,6.594662575,54000,54000
7077b3b1b20a4cdd33fecf596a14144dfe641308,1658.55,65.31,6.601158211,55000,54000
ac631e8a761b5ce0c015ffd1c136352e1e7640bb,1670.97,66.45,6.654214536,54000,54000
e6ee80f446e629021763df43f762238bffdb94a3,1665.53,66.32,6.633408581,54000,54000
7f358bd0a952f64d2023b937c4e171dc9b669875,1682.47,66.95,6.691361167,54000,54000
6ac9d85afd5891b01fdd3177338c53bc9223f325,1662.26,65.89,6.606932793,54000,54000
f0fcbd790d322f6e8b827977f8b0b627a0a385b7,1697.50,67.38,6.756693886,54000,54000
a58debdc9b07eba1226d181bca4fdb11991bd020,1635.13,65.18,6.502565023,54000,54000
4c9cc7aa5040d89ae29cde7372e7fbd97c117eee,1613.04,64.47,6.420288709,54000,54000
2408c6e4e2d0f2fbce07fa8d8eaf83eeb95c83db,1661.61,65.88,6.609881997,54000,54000
4c9cc7aa5040d89ae29cde7372e7fbd97c117eee,1593.35,62.76,6.363772792,54000,54000
21b22eccdd1252272b7d41f9e2c669c209956fb1,1669.14,65.99,6.647355502,54000,54000
2cf91a2220f62bc321924e5f293619e6e138906e,1673.27,66.42,6.662109400,54000,54000
86e5898a7ee7efa5647cf32d4b8eb784dd41a330,1660.47,65.65,6.600730927,54000,54000
c98bfc0bd754be6fe775135b06cc1db8927c4273,1682.80,66.98,6.677634086,54000,54000
d37a43562478d4750e0d8a2b5f09f1f1629a50b5,1640.05,64.84,6.542549892,54000,54000
c4ba528694a07b6b0133fb199bc293364c47b9d8,1695.23,67.15,6.756573168,54000,54000
a8bc053eef738529a4cbb77f618b53cb84cfea8e,1650.71,65.40,6.577260956,54000,54000
c98bfc0bd754be6fe775135b06cc1db8927c4273,1681.60,66.86,6.683542553,54000,54000
f887aa1b16ead18fdfb2644ad69b40858b7c5d8f,1667.85,66.22,6.633690574,54000,54000
39e131ae3a5b0a839c4b920613c1ccb8af0dd40c,1665.33,65.87,6.619912428,53000,54000
50d107d72fead969ca3a311664cd22276db451e7,1670.91,66.23,6.658875110,54000,54000
32d65a379e6178fb4bf265877a60a35dfb4adaf3,1689.98,67.42,6.723021667,54000,54000
7f358bd0a952f64d2023b937c4e171dc9b669875,1707.25,67.72,6.796187495,54000,54000
80b9cca33c213664269bf748efd90296d39d971b,1644.40,65.04,6.558016949,54000,54000
7f358bd0a952f64d2023b937c4e171dc9b669875,1667.99,66.04,6.617664399,54000,54000
50d107d72fead969ca3a311664cd22276db451e7,1686.55,66.88,6.712780050,53000,54000
fdd3469d311a307c1014b2873a0f6a54b178e20d,1675.36,66.26,6.663505060,54000,54000
39e131ae3a5b0a839c4b920613c1ccb8af0dd40c,1670.42,66.22,6.641099704,54000,54000
76866403afa2c89523c24e7bde4e2799f61f9e24,1612.09,64.00,6.417670028,54000,54000
cf0bbc1ac9189b5c92f56e7200f40ec6c348c13c,1699.22,67.59,6.754214244,54000,54000
32d65a379e6178fb4bf265877a60a35dfb4adaf3,1677.68,66.37,6.664496808,54000,53000
2408c6e4e2d0f2fbce07fa8d8eaf83eeb95c83db,1654.77,65.54,6.586916627,54000,54000
89ae3c04846efe8e05e367b6cbddd3637205175c,1662.65,66.08,6.603388385,54000,55000
a1dbff7275ec8afcc1f4408c45cdffdab35bacde,1669.07,66.06,6.625094209,54000,54000
93c7167419efe66c9dd0e2054055d668c895ac4f,1707.32,67.78,6.775660976,54000,54000
8a4a03b5fe0242fd9334f443a54c9590a08ce969,1668.20,66.08,6.623094484,54000,54000
ed3f13a22edb9b11073acf69e75245be0e8fedf1,1703.52,67.74,6.768045986,54000,54000
86e5898a7ee7efa5647cf32d4b8eb784dd41a330,1653.79,65.67,6.585794815,54000,54000
3277bd3cdfc416fced7a30a6cea5c0ed26be4d9a,1663.74,66.02,6.608357573,54000,54000
21b22eccdd1252272b7d41f9e2c669c209956fb1,1668.96,66.08,6.634462399,55000,54000
50d107d72fead969ca3a311664cd22276db451e7,1701.43,67.53,6.757253839,54000,54000
eaf7a66abd8fe83f1aead448e304dbf53aeefcc2,1658.94,65.72,6.603567053,54000,54000
a60cc642edef9baf81a1ab5422e820b951c64e43,1707.92,67.95,6.779949350,54000,54000
f9a99fc0f5743e1f8027d1a48ee49072aad21e69,1656.96,65.63,6.597134937,54000,53000
68d5b7e06cd4a7c14f99647af2573244ee7529f7,1648.39,65.01,6.552109705,54000,54000
98d3dd3494d848bd0fd12343cf9def6f9949d298,1675.98,66.05,6.668083943,54000,55000
b8d2c82649a1a210de7f079babec87c688b851f2,1698.19,67.48,6.743327854,54000,55000
1dda9635523b408aead1c5287c2d5e71ac3c27de,1694.63,67.24,6.724928133,54000,54000
2d34c1e348bb25dac1da0a3e5e9cf278cba55ffb,1606.57,63.71,6.391306255,54000,54000
3c0926aabcf7dc60fa1bf6a25ff4a5c45faed2fe,1667.34,65.92,6.630180533,54000,54000
fa5de08ae250728c6c30910ca0089257fc506811,1607.83,63.65,6.407775466,54000,54000
3c0926aabcf7dc60fa1bf6a25ff4a5c45faed2fe,1666.19,66.27,6.610087594,54000,53000
072cc2e5b8a8b8b869ac127d9416c66e6dc28eaa,1673.79,66.41,6.653665740,54000,54000
227a37483f8743a246649c34e8d7d57e30e23699,1646.46,65.14,6.557259491,54000,54000
178c73e4064a462e324c35147a71d2cfaf590ccf,1686.19,67.22,6.694570611,54000,54000
8a4a03b5fe0242fd9334f443a54c9590a08ce969,1679.94,66.70,6.670577273,54000,54000
2d685cc116d7abbb5f75b6da3f828f0dc319eac2,1678.49,66.38,6.681317802,54000,54000
a58debdc9b07eba1226d181bca4fdb11991bd020,1623.83,64.41,6.458580299,54000,54000
13dac9a8375018b890d545197604007c54fca9cc,1659.79,65.78,6.601730258,54000,54000
2d685cc116d7abbb5f75b6da3f828f0dc319eac2,1679.66,67.10,6.666929756,54000,54000
c4ba528694a07b6b0133fb199bc293364c47b9d8,1722.80,68.75,6.828982211,54000,54000
5e3c821533dac57904e1f6c41979949407992337,1653.22,65.53,6.588424103,54000,54000
b98f3a00a651eacd3d73203acf10cb69b251f56a,1653.13,65.32,6.586569843,54000,54000
1dda9635523b408aead1c5287c2d5e71ac3c27de,1697.02,67.48,6.744916321,54000,54000
3c0926aabcf7dc60fa1bf6a25ff4a5c45faed2fe,1684.34,66.81,6.695837378,54000,54000
ca4b9bb3a3e59483e592ce6d65ec048fb6772cb6,1662.30,66.16,6.619437829,54000,54000
a8bc053eef738529a4cbb77f618b53cb84cfea8e,1651.92,65.27,6.579248511,54000,54000
44845a7d44536a24f15b1e0c4686cb71e867b513,1673.00,66.40,6.664049882,54000,54000
7494827c099fda0e859e2a6e1aa8dd390cf4ff3f,1668.52,66.19,6.636912666,54000,53000
a58debdc9b07eba1226d181bca4fdb11991bd020,1629.42,64.77,6.487560812,54000,55000
fdd3469d311a307c1014b2873a0f6a54b178e20d,1646.28,65.07,6.550295689,54000,54000
62063dc12829c07198ac21b88b62b74705ed779e,1725.39,68.73,6.875354223,54000,54000
072cc2e5b8a8b8b869ac127d9416c66e6dc28eaa,1672.79,66.36,6.655103237,54000,54000
054100925578c12d46dc37f8bc3af1e9de748ece,1697.43,67.51,6.740818873,54000,54000
ddb2c79305bacf54136c120fb6a7fac637a34ccd,1648.37,65.29,6.559091106,54000,54000
39e131ae3a5b0a839c4b920613c1ccb8af0dd40c,1677.58,66.44,6.675205775,54000,54000
f02831e29c0f7dd49df556c7a17f882ae23a1572,1663.33,65.94,6.628597120,54000,54000
f0fcbd790d322f6e8b827977f8b0b627a0a385b7,1696.94,67.10,6.751207825,55000,54000
b1a4e77665a518c784761557fa81840fd8b209ce,1690.65,66.85,6.745658568,54000,54000
e3610fea48d2f03efa070c18819f441a633d65a9,1627.32,64.75,6.469546039,54000,54000
f7341d42982e71d76378dc0ac95524648fef41d3,1692.39,67.13,6.727266002,54000,54000
3c0926aabcf7dc60fa1bf6a25ff4a5c45faed2fe,1659.80,65.63,6.598999093,54000,54000
32d65a379e6178fb4bf265877a60a35dfb4adaf3,1688.49,67.14,6.700121004,54000,54000
0f3665f7d998d057f02f3dcd241cabf7b323615f,1675.67,66.40,6.656885355,54000,54000
527c27154e74f7c55d719ba9f2b8d430054d9f45,1654.15,65.35,6.587613243,54000,54000
4c9cc7aa5040d89ae29cde7372e7fbd97c117eee,1607.38,64.11,6.391672697,54000,54000
a1dbff7275ec8afcc1f4408c45cdffdab35bacde,1695.29,67.19,6.747728934,54000,54000
1c70788d63236a7b94abec0f2537e8c680e38583,1638.36,64.85,6.518517331,54000,54000
f887aa1b16ead18fdfb2644ad69b40858b7c5d8f,1637.24,64.93,6.513741669,54000,54000
b1a4e77665a518c784761557fa81840fd8b209ce,1672.20,66.24,6.642843639,55000,54000
e3610fea48d2f03efa070c18819f441a633d65a9,1616.70,64.23,6.439259850,55000,54000
39e131ae3a5b0a839c4b920613c1ccb8af0dd40c,1680.04,66.83,6.678512767,54000,55000
0bcf48bd57a6c463c5fee9aa8f76cfa1d4b42267,1655.82,65.32,6.611864005,54000,54000
86e5898a7ee7efa5647cf32d4b8eb784dd41a330,1648.24,65.09,6.571279521,54000,55000
98d3dd3494d848bd0fd12343cf9def6f9949d298,1631.14,64.30,6.504880782,54000,54000
3e733b566cd4036dc2f9fe646e6c1f6e9ffb1bab,1692.98,67.11,6.727854997,54000,55000
527c27154e74f7c55d719ba9f2b8d430054d9f45,1683.21,66.62,6.706909127,54000,54000
521b90a772b02a04e6efa1b39cd1be4aca20fd46,1683.01,66.98,6.701641099,54000,54000
c9ee67545b64f8cb93f1f07bddb1b5d49e874e0b,1661.79,65.95,6.603737521,54000,54000
d37a43562478d4750e0d8a2b5f09f1f1629a50b5,1660.09,65.81,6.608530316,54000,54000
3c0926aabcf7dc60fa1bf6a25ff4a5c45faed2fe,1661.40,65.80,6.617386471,54000,54000
ca4b9bb3a3e59483e592ce6d65ec048fb6772cb6,1644.04,64.77,6.563502010,54000,54000
44845a7d44536a24f15b1e0c4686cb71e867b513,1673.54,66.05,6.661261321,54000,54000
f9a99fc0f5743e1f8027d1a48ee49072aad21e69,1639.70,65.10,6.527793324,54000,54000
eef0beee97f0cffe1abf2a8b74373f524ccd328c,1710.16,67.81,6.796361593,54000,54000
b86cecfc10b5a2874be2e9bfde2ceaf78dd857a9,1649.85,65.54,6.566274541,54000,54000
527c27154e74f7c55d719ba9f2b8d430054d9f45,1692.36,66.69,6.754763609,54000,54000
9ff4a3e91a045b6d950f0bfcd2606a69123ae186,1642.47,65.08,6.541763119,54000,54000
2bc1fac618de8fcba59edc28a3a83add622633dd,1657.96,65.58,6.614879819,54000,55000
fa5de08ae250728c6c30910ca0089257fc506811,1609.74,63.32,6.423499832,55000,55000
88281eb0a809e4701d8bad279c7b50a348f2ac29,1660.64,65.83,6.616283240,55000,54000
93c7167419efe66c9dd0e2054055d668c895ac4f,1685.96,66.75,6.714350263,54000,54000
227a37483f8743a246649c34e8d7d57e30e23699,1663.17,65.49,6.620523954,54000,54000
27200258b82132218820505a7d63e6a84b5a6f00,1677.09,66.45,6.665558003,53000,54000
b1a4e77665a518c784761557fa81840fd8b209ce,1702.92,67.37,6.774576412,54000,54000
27200258b82132218820505a7d63e6a84b5a6f00,1682.79,66.63,6.692391183,54000,54000
a60cc642edef9baf81a1ab5422e820b951c64e43,1694.04,67.24,6.740126268,54000,55000
f887aa1b16ead18fdfb2644ad69b40858b7c5d8f,1655.42,65.73,6.591115877,54000,54000
80b9cca33c213664269bf748efd90296d39d971b,1660.19,65.68,6.609204150,53000,54000
39b4760b36ce030ecf55d78d4eddc929ae39d1ab,1701.30,67.42,6.780285981,54000,54000
ed3f13a22edb9b11073acf69e75245be0e8fedf1,1694.96,67.31,6.727932134,54000,54000
18cd3feef30dc403976e3822c49264054d5e8fdf,1702.52,67.37,6.780149313,54000,54000
3e733b566cd4036dc2f9fe646e6c1f6e9ffb1bab,1693.01,67.17,6.735704151,54000,54000
3c0926aabcf7dc60fa1bf6a25ff4a5c45faed2fe,1692.13,67.25,6.720667137,54000,54000
f887aa1b16ead18fdfb2644ad69b40858b7c5d8f,1647.42,64.91,6.574472761,54000,55000
081f554cf199ea5d25c8675872e490671347ade3,1673.19,66.07,6.674261017,54000,54000
d37a43562478d4750e0d8a2b5f09f1f1629a50b5,1646.90,65.06,6.564560142,54000,54000
39b4760b36ce030ecf55d78d4eddc929ae39d1ab,1689.44,66.67,6.723489191,54000,54000
b1a4e77665a518c784761557fa81840fd8b209ce,1693.18,67.24,6.723231727,54000,54000
86e5898a7ee7efa5647cf32d4b8eb784dd41a330,1662.51,65.89,6.610297939,54000,54000
fa5de08ae250728c6c30910ca0089257fc506811,1607.91,63.81,6.416264558,54000,54000
f9a99fc0f5743e1f8027d1a48ee49072aad21e69,1635.20,64.76,6.518670674,54000,54000
44845a7d44536a24f15b1e0c4686cb71e867b513,1696.15,67.16,6.741507665,54000,54000
a1637d262f42b9e2eeca2ed0d52b9f14ff13039e,1689.81,67.14,6.709930191,54000,54000
27200258b82132218820505a7d63e6a84b5a6f00,1703.78,67.69,6.771416873,53000,53000
13dac9a8375018b890d545197604007c54fca9cc,1674.30,66.24,6.666475003,54000,54000
8a4a03b5fe0242fd9334f443a54c9590a08ce969,1663.90,66.05,6.628970649,54000,54000
e6ee80f446e629021763df43f762238bffdb94a3,1656.42,65.60,6.589081832,54000,54000
c9ee67545b64f8cb93f1f07bddb1b5d49e874e0b,1647.63,65.17,6.566255530,54000,54000
2bc1fac618de8fcba59edc28a3a83add622633dd,1662.48,65.75,6.607367229,54000,54000
21b22eccdd1252272b7d41f9e2c669c209956fb1,1674.30,66.12,6.643700233,54000,54000
ed3f13a22edb9b11073acf69e75245be0e8fedf1,1696.60,67.20,6.747269390,54000,54000
39b4760b36ce030ecf55d78d4eddc929ae39d1ab,1724.10,68.42,6.848181172,54000,53000
32d65a379e6178fb4bf265877a60a35dfb4adaf3,1689.02,66.52,6.722499621,54000,53000
b86cecfc10b5a2874be2e9bfde2ceaf78dd857a9,1654.32,65.74,6.574840820,53000,54000
a58debdc9b07eba1226d181bca4fdb11991bd020,1619.28,63.91,6.436481190,54000,53000
e6ee80f446e629021763df43f762238bffdb94a3,1699.91,67.60,6.751860343,53000,54000
1dda9635523b408aead1c5287c2d5e71ac3c27de,1708.24,67.52,6.777560071,54000,55000
2bc1fac618de8fcba59edc28a3a83add622633dd,1653.99,65.36,6.570045885,54000,54000
2bc1fac618de8fcba59edc28a3a83add622633dd,1674.54,66.13,6.656980337,54000,54000
93c7167419efe66c9dd0e2054055d668c895ac4f,1706.96,67.39,6.798836809,54000,55000
c4ba528694a07b6b0133fb199bc293364c47b9d8,1710.83,67.50,6.799193838,54000,54000
8d07387ff27e9fb2c09812439f1a3e64e64ff05b,1642.74,64.93,6.528481849,54000,54000
3e733b566cd4036dc2f9fe646e6c1f6e9ffb1bab,1732.08,68.70,6.872543291,54000,54000
c98bfc0bd754be6fe775135b06cc1db8927c4273,1694.66,67.16,6.748691420,54000,55000
d69473187071fb357f7d522e66cb70c05c80685b,1652.58,65.37,6.572382956,54000,54000
76866403afa2c89523c24e7bde4e2799f61f9e24,1603.73,63.26,6.389467141,54000,54000
ab7bb15901edddd89f30202e96ceeb2a9bfefe4a,1694.77,67.12,6.728747856,54000,54000
2d34c1e348bb25dac1da0a3e5e9cf278cba55ffb,1629.46,64.40,6.486183287,55000,54000
527c27154e74f7c55d719ba9f2b8d430054d9f45,1660.05,65.43,6.601640097,54000,54000
3277bd3cdfc416fced7a30a6cea5c0ed26be4d9a,1646.84,65.18,6.551938812,54000,54000
4e956448ecbfe28c36fe8ccd1b96f4d220262eb5,1640.48,64.67,6.533578882,54000,54000
2d34c1e348bb25dac1da0a3e5e9cf278cba55ffb,1611.86,63.72,6.416007659,54000,54000
081f554cf199ea5d25c8675872e490671347ade3,1658.55,65.45,6.593347791,54000,55000
ac631e8a761b5ce0c015ffd1c136352e1e7640bb,1679.47,66.45,6.672587577,54000,54000
6ac9d85afd5891b01fdd3177338c53bc9223f325,1657.30,65.55,6.583079010,54000,54000
a8bc053eef738529a4cbb77f618b53cb84cfea8e,1650.06,65.40,6.552671342,54000,54000
88281eb0a809e4701d8bad279c7b50a348f2ac29,1639.30,64.83,6.522038142,54000,54000
89ae3c04846efe8e05e367b6cbddd3637205175c,1675.36,66.24,6.660374089,54000,54000
98d3dd3494d848bd0fd12343cf9def6f9949d298,1651.15,65.39,6.560762486,54000,54000
e6ee80f446e629021763df43f762238bffdb94a3,1673.43,66.32,6.671464781,54000,54000
8d07387ff27e9fb2c09812439f1a3e64e64ff05b,1631.77,64.66,6.494884939,54000,54000
50d107d72fead969ca3a311664cd22276db451e7,1690.21,66.96,6.720936982,54000,54000
7f358bd0a952f64d2023b937c4e171dc9b669875,1682.58,66.84,6.689713018,53000,54000
5e3c821533dac57904e1f6c41979949407992337,1629.98,64.62,6.484138750,54000,53000
62063dc12829c07198ac21b88b62b74705ed779e,1679.29,66.80,6.668454582,53000,55000
39e131ae3a5b0a839c4b920613c1ccb8af0dd40c,1668.00,66.41,6.624191533,54000,54000
b86cecfc10b5a2874be2e9bfde2ceaf78dd857a9,1644.33,65.26,6.529685905,54000,54000
ac631e8a761b5ce0c015ffd1c136352e1e7640bb,1650.70,65.29,6.566001859,54000,54000
ab7bb15901edddd89f30202e96ceeb2a9bfefe4a,1679.21,66.51,6.687499167,54000,54000
2408c6e4e2d0f2fbce07fa8d8eaf83eeb95c83db,1641.81,65.00,6.541739838,54000,54000
c4ba528694a07b6b0133fb199bc293364c47b9d8,1697.80,67.69,6.739644136,54000,54000
f02831e29c0f7dd49df556c7a17f882ae23a1572,1649.40,65.34,6.569055539,54000,54000
50d107d72fead969ca3a311664cd22276db451e7,1663.92,65.86,6.629934090,55000,55000
18cd3feef30dc403976e3822c49264054d5e8fdf,1697.80,67.21,6.756390012,54000,54000
86e5898a7ee7efa5647cf32d4b8eb784dd41a330,1647.04,65.32,6.557858595,54000,54000
5e3c821533dac57904e1f6c41979949407992337,1636.43,64.65,6.519551953,54000,54000
68d5b7e06cd4a7c14f99647af2573244ee7529f7,1654.43,65.34,6.581675348,54000,54000
1401205b34a1bce3285f1f10dc2c49208f2dd87c,1697.45,67.51,6.755503980,54000,54000
2cf91a2220f62bc321924e5f293619e6e138906e,1719.34,68.05,6.864398122,54000,56000
a828de1fa2145d033f20051f4c2a7328b461ba74,1649.09,65.41,6.564999350,54000,54000
50363851973d1c7d7446fcc0b79f7ace70faa58c,1647.91,64.91,6.573249615,54000,55000
0f3665f7d998d057f02f3dcd241cabf7b323615f,1686.36,66.94,6.693050749,54000,54000
ab7bb15901edddd89f30202e96ceeb2a9bfefe4a,1690.36,67.06,6.720332661,54000,54000
b86cecfc10b5a2874be2e9bfde2ceaf78dd857a9,1657.90,65.71,6.580408142,54000,54000
072cc2e5b8a8b8b869ac127d9416c66e6dc28eaa,1672.31,66.20,6.660684810,54000,54000
eef0beee97f0cffe1abf2a8b74373f524ccd328c,1695.32,67.51,6.726304502,54000,54000
f887aa1b16ead18fdfb2644ad69b40858b7c5d8f,1645.20,65.04,6.541499931,54000,54000
68d5b7e06cd4a7c14f99647af2573244ee7529f7,1661.97,65.35,6.613591482,54000,54000
7f358bd0a952f64d2023b937c4e171dc9b669875,1699.66,67.58,6.746426712,54000,54000
227a37483f8743a246649c34e8d7d57e30e23699,1642.98,64.85,6.532802535,54000,53000
178c73e4064a462e324c35147a71d2cfaf590ccf,1679.21,66.59,6.664427145,54000,53000
848183d563a79866227aa284b64c4fe194530c37,1690.79,66.70,6.717906128,54000,54000
1dda9635523b408aead1c5287c2d5e71ac3c27de,1693.59,66.96,6.727790249,54000,54000
227a37483f8743a246649c34e8d7d57e30e23699,1646.22,65.02,6.553806180,54000,54000
9ff4a3e91a045b6d950f0bfcd2606a69123ae186,1682.53,66.63,6.689863413,54000,54000
fdd3469d311a307c1014b2873a0f6a54b178e20d,1669.82,65.91,6.636070093,54000,54000
c98bfc0bd754be6fe775135b06cc1db8927c4273,1681.71,66.50,6.680472507,54000,54000
2cf91a2220f62bc321924e5f293619e6e138906e,1688.41,66.91,6.698113407,54000,54000
a1637d262f42b9e2eeca2ed0d52b9f14ff13039e,1697.52,67.25,6.741203078,54000,54000
9ff4a3e91a045b6d950f0bfcd2606a69123ae186,1650.34,65.27,6.556124481,55000,54000
89add04bf77331af1de4de2281c156645622a231,1652.48,65.43,6.567646741,54000,54000
5e3c821533dac57904e1f6c41979949407992337,1645.18,64.92,6.530145958,54000,54000
c9ee67545b64f8cb93f1f07bddb1b5d49e874e0b,1661.62,65.56,6.607385800,54000,55000
68d5b7e06cd4a7c14f99647af2573244ee7529f7,1650.83,64.89,6.573102751,54000,54000
ae035b8c205689da2c8fa581c11f7dacd7485577,1655.42,65.41,6.584004589,54000,54000
c4ba528694a07b6b0133fb199bc293364c47b9d8,1687.95,66.97,6.689198033,54000,54000
0bcf48bd57a6c463c5fee9aa8f76cfa1d4b42267,1645.94,65.30,6.550422419,54000,54000
7494827c099fda0e859e2a6e1aa8dd390cf4ff3f,1656.95,65.74,6.593624755,54000,54000
21b22eccdd1252272b7d41f9e2c669c209956fb1,1652.19,65.73,6.560595648,54000,54000
a1637d262f42b9e2eeca2ed0d52b9f14ff13039e,1696.86,67.55,6.745953787,54000,54000
ad5211c15cb360584debb757cdb1bf52092f08ec,1670.57,66.14,6.644074187,54000,54000
3c0926aabcf7dc60fa1bf6a25ff4a5c45faed2fe,1679.35,66.62,6.677750997,54000,54000
71ee78c31d0b3bc7b2340df84acdd63666076ef8,1647.41,65.23,6.557647784,54000,54000
1dda9635523b408aead1c5287c2d5e71ac3c27de,1722.01,68.57,6.842767468,54000,54000
68d5b7e06cd4a7c14f99647af2573244ee7529f7,1673.23,66.11,6.676839395,54000,54000
e6ee80f446e629021763df43f762238bffdb94a3,1667.10,65.75,6.645173223,54000,54000
03334142048678425d3589834f5831388c5cc6b2,1696.19,67.43,6.726872954,54000,54000
ac47a7bb114801ce7d57bf1f4e8877b25e10b754,1653.19,65.70,6.576850508,53000,54000
b86cecfc10b5a2874be2e9bfde2ceaf78dd857a9,1627.60,64.65,6.472677945,54000,54000
76866403afa2c89523c24e7bde4e2799f61f9e24,1606.22,63.79,6.389514387,53000,54000
b98f3a00a651eacd3d73203acf10cb69b251f56a,1648.00,65.23,6.564903078,54000,54000
76866403afa2c89523c24e7bde4e2799f61f9e24,1598.25,63.22,6.375115823,54000,54000
f9a99fc0f5743e1f8027d1a48ee49072aad21e69,1653.62,65.25,6.591805804,53000,54000
27200258b82132218820505a7d63e6a84b5a6f00,1677.08,66.61,6.677613054,54000,54000
a1dbff7275ec8afcc1f4408c45cdffdab35bacde,1668.54,66.07,6.624527729,54000,54000
1834c0f337c95672361f56901e9d60dbb6fc00bb,1671.11,66.50,6.650829562,54000,54000
d37a43562478d4750e0d8a2b5f09f1f1629a50b5,1641.57,64.96,6.530902172,54000,54000
80b9cca33c213664269bf748efd90296d39d971b,1669.94,66.06,6.648112150,54000,53000
9a0d4afd23642c78acc27e20ec7986b8395bc91a,1630.29,64.29,6.500913604,54000,54000
c4ba528694a07b6b0133fb199bc293364c47b9d8,1699.32,67.47,6.742539777,54000,54000
03334142048678425d3589834f5831388c5cc6b2,1688.61,66.98,6.704297316,54000,53000
7049ba88ab5fce314d33a0da14543d861b31d4f7,1657.70,65.61,6.590628830,54000,54000
7f358bd0a952f64d2023b937c4e171dc9b669875,1687.17,66.71,6.703539259,55000,54000
ab7bb15901edddd89f30202e96ceeb2a9bfefe4a,1685.45,66.57,6.695723875,54000,54000
8d07387ff27e9fb2c09812439f1a3e64e64ff05b,1644.36,65.09,6.537382701,54000,54000
62063dc12829c07198ac21b88b62b74705ed779e,1678.11,66.32,6.670272248,54000,54000
9ff4a3e91a045b6d950f0bfcd2606a69123ae186,1666.44,66.07,6.632186017,54000,54000
848183d563a79866227aa284b64c4fe194530c37,1681.67,66.30,6.682947167,54000,54000
898a4a5669dec0de4e060af19070d8c5037ccfd1,1692.04,67.15,6.718044793,54000,54000
ad5211c15cb360584debb757cdb1bf52092f08ec,1646.38,65.25,6.554215446,54000,54000
8d07387ff27e9fb2c09812439f1a3e64e64ff05b,1631.59,64.32,6.508906808,54000,54000
f887aa1b16ead18fdfb2644ad69b40858b7c5d8f,1650.21,65.15,6.565703252,54000,54000
3277bd3cdfc416fced7a30a6cea5c0ed26be4d9a,1663.37,65.94,6.615157348,54000,54000
f02831e29c0f7dd49df556c7a17f882ae23a1572,1666.68,65.96,6.626248056,54000,54000
fa5de08ae250728c6c30910ca0089257fc506811,1588.69,62.96,6.338403115,54000,54000
71ee78c31d0b3bc7b2340df84acdd63666076ef8,1651.79,65.79,6.567201736,54000,54000
c98bfc0bd754be6fe775135b06cc1db8927c4273,1718.51,68.49,6.821491398,54000,54000
93c7167419efe66c9dd0e2054055d668c895ac4f,1680.61,66.64,6.683556612,54000,53000
21b22eccdd1252272b7d41f9e2c669c209956fb1,1687.07,66.54,6.717951787,54000,53000
b1a4e77665a518c784761557fa81840fd8b209ce,1671.39,66.07,6.643297167,53000,54000
2408c6e4e2d0f2fbce07fa8d8eaf83eeb95c83db,1639.34,65.09,6.508304390,53000,54000
32d65a379e6178fb4bf265877a60a35dfb4adaf3,1674.92,66.21,6.657021493,54000,54000
ac47a7bb114801ce7d57bf1f4e8877b25e10b754,1682.46,66.69,6.686058885,54000,54000
89ae3c04846efe8e05e367b6cbddd3637205175c,1657.79,65.78,6.587749186,54000,54000
c9ee67545b64f8cb93f1f07bddb1b5d49e874e0b,1650.04,65.38,6.565526745,54000,54000
ad5211c15cb360584debb757cdb1bf52092f08ec,1651.13,65.30,6.575574754,54000,54000
68d5b7e06cd4a7c14f99647af2573244ee7529f7,1643.73,65.04,6.541279295,54000,54000
1834c0f337c95672361f56901e9d60dbb6fc00bb,1657.06,65.56,6.584537246,54000,54000
39b4760b36ce030ecf55d78d4eddc929ae39d1ab,1685.68,66.43,6.707179111,54000,54000
9a0d4afd23642c78acc27e20ec7986b8395bc91a,1665.20,66.02,6.620737604,54000,54000
89ae3c04846efe8e05e367b6cbddd3637205175c,1664.75,66.11,6.619732350,54000,54000
71ee78c31d0b3bc7b2340df84acdd63666076ef8,1654.19,65.37,6.582332548,54000,54000
ae035b8c205689da2c8fa581c11f7dacd7485577,1654.95,65.47,6.573228778,54000,54000
b98f3a00a651eacd3d73203acf10cb69b251f56a,1645.38,65.03,6.546975615,54000,54000
227a37483f8743a246649c34e8d7d57e30e23699,1647.31,64.87,6.555404234,53000,54000
a828de1fa2145d033f20051f4c2a7328b461ba74,1652.66,65.59,6.572449979,54000,54000
cf0bbc1ac9189b5c92f56e7200f40ec6c348c13c,1693.72,67.39,6.727418446,54000,54000
8a4a03b5fe0242fd9334f443a54c9590a08ce969,1656.07,65.89,6.572894485,54000,54000
86e5898a7ee7efa5647cf32d4b8eb784dd41a330,1651.52,65.46,6.580171329,55000,54000
1c70788d63236a7b94abec0f2537e8c680e38583,1637.78,65.26,6.516273841,54000,54000
a60cc642edef9baf81a1ab5422e820b951c64e43,1699.67,67.41,6.753286427,54000,54000
521b90a772b02a04e6efa1b39cd1be4aca20fd46,1617.40,63.81,6.451877259,54000,54000
c9ee67545b64f8cb93f1f07bddb1b5d49e874e0b,1655.11,65.28,6.592536665,54000,54000
898a4a5669dec0de4e060af19070d8c5037ccfd1,1687.70,66.81,6.725956342,53000,55000
76866403afa2c89523c24e7bde4e2799f61f9e24,1609.08,63.62,6.412225718,54000,54000
89ae3c04846efe8e05e367b6cbddd3637205175c,1674.66,66.50,6.652820220,54000,54000
ab7bb15901edddd89f30202e96ceeb2a9bfefe4a,1670.96,66.34,6.635115649,55000,54000
9ff4a3e91a045b6d950f0bfcd2606a69123ae186,1684.35,66.86,6.700591807,54000,54000
27200258b82132218820505a7d63e6a84b5a6f00,1684.77,66.77,6.711739625,55000,54000
f02831e29c0f7dd49df556c7a17f882ae23a1572,1668.23,66.07,6.644566191,53000,54000
68d5b7e06cd4a7c14f99647af2573244ee7529f7,1657.67,65.59,6.598968254,54000,54000
081f554cf199ea5d25c8675872e490671347ade3,1668.58,65.86,6.644698350,54000,54000
7049ba88ab5fce314d33a0da14543d861b31d4f7,1659.51,65.91,6.587900118,54000,54000
93c7167419efe66c9dd0e2054055d668c895ac4f,1683.40,66.80,6.692920364,54000,54000
76866403afa2c89523c24e7bde4e2799f61f9e24,1640.70,64.92,6.548633444,54000,54000
848183d563a79866227aa284b64c4fe194530c37,1695.05,66.98,6.745967737,54000,54000
13dac9a8375018b890d545197604007c54fca9cc,1684.19,66.45,6.686881454,54000,54000
0f3665f7d998d057f02f3dcd241cabf7b323615f,1688.88,66.83,6.716428829,54000,54000
fdd3469d311a307c1014b2873a0f6a54b178e20d,1661.32,66.15,6.617745050,54000,54000
eaf7a66abd8fe83f1aead448e304dbf53aeefcc2,1625.64,64.05,6.488775612,53000,54000
27200258b82132218820505a7d63e6a84b5a6f00,1699.23,67.48,6.756057193,54000,54000
eef0beee97f0cffe1abf2a8b74373f524ccd328c,1680.53,66.31,6.709420885,54000,53000
2bc1fac618de8fcba59edc28a3a83add622633dd,1652.00,65.23,6.578414080,54000,54000
3277bd3cdfc416fced7a30a6cea5c0ed26be4d9a,1659.22,65.62,6.605049219,54000,54000
f10c9ec0110e26211ffc1b59406de947bc035b6f,1683.28,66.49,6.699766287,53000,54000
a1637d262f42b9e2eeca2ed0d52b9f14ff13039e,1726.47,68.64,6.859676841,54000,53000
2d685cc116d7abbb5f75b6da3f828f0dc319eac2,1681.98,66.94,6.670974881,54000,54000
f7341d42982e71d76378dc0ac95524648fef41d3,1694.19,67.41,6.717618610,54000,54000
054100925578c12d46dc37f8bc3af1e9de748ece,1672.90,66.36,6.628691195,54000,54000
62063dc12829c07198ac21b88b62b74705ed779e,1705.22,67.64,6.764154251,54000,54000
e6ee80f446e629021763df43f762238bffdb94a3,1654.60,65.35,6.581790862,54000,54000
13dac9a8375018b890d545197604007c54fca9cc,1678.52,66.57,6.678569938,54000,54000
4c9cc7aa5040d89ae29cde7372e7fbd97c117eee,1628.24,64.24,6.483744255,54000,54000
f10c9ec0110e26211ffc1b59406de947bc035b6f,1690.49,66.74,6.721459938,54000,53000
7494827c099fda0e859e2a6e1aa8dd390cf4ff3f,1638.79,64.66,6.518405072,54000,54000
89add04bf77331af1de4de2281c156645622a231,1666.84,65.97,6.628592666,54000,54000
44845a7d44536a24f15b1e0c4686cb71e867b513,1687.94,66.75,6.713693987,54000,54000
ed3f13a22edb9b11073acf69e75245be0e8fedf1,1691.42,67.19,6.716332166,54000,53000
21b22eccdd1252272b7d41f9e2c669c209956fb1,1658.30,65.57,6.604349538,54000,54000
6a9f95cbd0fa2c37113737a879370534be247fed,1697.00,67.23,6.753732415,54000,54000
8a4a03b5fe0242fd9334f443a54c9590a08ce969,1684.04,66.64,6.690443328,54000,54000
68d5b7e06cd4a7c14f99647af2573244ee7529f7,1659.42,65.21,6.614365383,54000,54000
527c27154e74f7c55d719ba9f2b8d430054d9f45,1658.51,65.37,6.601284494,54000,53000
93c7167419efe66c9dd0e2054055d668c895ac4f,1682.88,66.70,6.681286229,54000,54000
a60cc642edef9baf81a1ab5422e820b951c64e43,1693.51,67.30,6.736130163,54000,54000
ca4b9bb3a3e59483e592ce6d65ec048fb6772cb6,1652.27,65.36,6.579096983,54000,54000
b1a4e77665a518c784761557fa81840fd8b209ce,1684.65,66.86,6.702299338,54000,54000
ed3f13a22edb9b11073acf69e75245be0e8fedf1,1672.30,66.15,6.647950602,54000,54000
2cf91a2220f62bc321924e5f293619e6e138906e,1677.93,66.44,6.682516342,54000,54000
cf0bbc1ac9189b5c92f56e7200f40ec6c348c13c,1698.49,67.76,6.741668903,54000,54000
cf0bbc1ac9189b5c92f56e7200f40ec6c348c13c,1693.58,67.38,6.729985061,54000,54000
7077b3b1b20a4cdd33fecf596a14144dfe641308,1638.80,64.79,6.536041682,54000,54000
0bcf48bd57a6c463c5fee9aa8f76cfa1d4b42267,1661.03,65.91,6.607157212,54000,54000
44845a7d44536a24f15b1e0c4686cb71e867b513,1692.80,67.31,6.724481767,54000,54000
1401205b34a1bce3285f1f10dc2c49208f2dd87c,1656.62,65.60,6.584402140,54000,54000
2cf91a2220f62bc321924e5f293619e6e138906e,1712.12,67.80,6.819551124,54000,54000
898a4a5669dec0de4e060af19070d8c5037ccfd1,1692.12,66.88,6.724995893,54000,54000
1401205b34a1bce3285f1f10dc2c49208f2dd87c,1657.76,65.72,6.594860053,55000,54000
ad5211c15cb360584debb757cdb1bf52092f08ec,1657.07,65.54,6.597001373,54000,54000
6a9f95cbd0fa2c37113737a879370534be247fed,1710.38,67.87,6.801214720,54000,54000
eef0beee97f0cffe1abf2a8b74373f524ccd328c,1692.79,67.35,6.724972607,54000,53000
3e733b566cd4036dc2f9fe646e6c1f6e9ffb1bab,1697.58,67.37,6.767328226,54000,54000
98d3dd3494d848bd0fd12343cf9def6f9949d298,1654.97,65.44,6.582984353,54000,54000
6ac9d85afd5891b01fdd3177338c53bc9223f325,1648.01,65.03,6.549714443,54000,54000
4e956448ecbfe28c36fe8ccd1b96f4d220262eb5,1692.26,67.24,6.731769064,53000,54000
a8bc053eef738529a4cbb77f618b53cb84cfea8e,1665.77,65.91,6.647128065,54000,54000
848183d563a79866227aa284b64c4fe194530c37,1695.08,67.31,6.739382441,54000,54000
7049ba88ab5fce314d33a0da14543d861b31d4f7,1661.43,66.10,6.605339703,53000,54000
898a4a5669dec0de4e060af19070d8c5037ccfd1,1681.19,66.74,6.680329539,54000,53000
e3610fea48d2f03efa070c18819f441a633d65a9,1616.64,63.99,6.438862402,54000,55000
80b9cca33c213664269bf748efd90296d39d971b,1659.42,65.59,6.615208226,54000,53000
21b22eccdd1252272b7d41f9e2c669c209956fb1,1662.07,65.70,6.615448796,53000,54000
178c73e4064a462e324c35147a71d2cfaf590ccf,1691.69,67.35,6.724827480,54000,54000
a8bc053eef738529a4cbb77f618b53cb84cfea8e,1645.48,65.16,6.549203491,53000,54000
ca4b9bb3a3e59483e592ce6d65ec048fb6772cb6,1647.46,65.39,6.566878009,54000,54000
527c27154e74f7c55d719ba9f2b8d430054d9f45,1655.42,65.46,6.592704603,54000,54000
21b22eccdd1252272b7d41f9e2c669c209956fb1,1671.82,66.50,6.651460711,53000,54000
402f88bf4ba79c91411ad90242304973ed4bcb6c,1714.84,68.23,6.820386285,54000,54000
f7341d42982e71d76378dc0ac95524648fef41d3,1677.42,66.62,6.657584803,54000,54000
a1dbff7275ec8afcc1f4408c45cdffdab35bacde,1672.33,66.16,6.666346023,54000,54000
e6ee80f446e629021763df43f762238bffdb94a3,1667.59,65.98,6.633505515,54000,54000
521b90a772b02a04e6efa1b39cd1be4aca20fd46,1636.76,64.72,6.512762992,54000,54000
2bc1fac618de8fcba59edc28a3a83add622633dd,1680.52,66.63,6.699443447,54000,54000
d69473187071fb357f7d522e66cb70c05c80685b,1656.80,65.63,6.602852277,54000,54000
a58debdc9b07eba1226d181bca4fdb11991bd020,1656.65,65.87,6.598899348,53000,54000
2cf91a2220f62bc321924e5f293619e6e138906e,1705.84,67.40,6.789751891,54000,54000
18cd3feef30dc403976e3822c49264054d5e8fdf,1702.81,67.40,6.764046135,54000,54000
a8bc053eef738529a4cbb77f618b53cb84cfea8e,1647.02,64.82,6.551857128,54000,54000
c4ba528694a07b6b0133fb199bc293364c47b9d8,1687.40,66.86,6.702201946,54000,54000
ed3f13a22edb9b11073acf69e75245be0e8fedf1,1702.16,67.57,6.750266802,54000,54000
62063dc12829c07198ac21b88b62b74705ed779e,1699.85,67.69,6.732602719,54000,54000
f0fcbd790d322f6e8b827977f8b0b627a0a385b7,1692.53,67.28,6.721013732,54000,54000
f10c9ec0110e26211ffc1b59406de947bc035b6f,1663.03,65.89,6.607150261,53000,54000
a60cc642edef9baf81a1ab5422e820b951c64e43,1663.69,65.69,6.616825700,54000,53000
d37a43562478d4750e0d8a2b5f09f1f1629a50b5,1633.14,64.47,6.511445330,54000,54000
7077b3b1b20a4cdd33fecf596a14144dfe641308,1643.58,65.02,6.547554851,54000,54000
eef0beee97f0cffe1abf2a8b74373f524ccd328c,1715.98,67.77,6.830079641,54000,54000
f887aa1b16ead18fdfb2644ad69b40858b7c5d8f,1645.98,64.77,6.548720263,53000,54000
39b4760b36ce030ecf55d78d4eddc929ae39d1ab,1700.79,67.49,6.767034277,54000,54000
898a4a5669dec0de4e060af19070d8c5037ccfd1,1696.93,67.21,6.747201445,54000,54000
c98bfc0bd754be6fe775135b06cc1db8927c4273,1686.16,66.85,6.700526148,54000,54000
1c70788d63236a7b94abec0f2537e8c680e38583,1630.84,64.60,6.499146664,54000,54000
8a4a03b5fe0242fd9334f443a54c9590a08ce969,1670.96,66.36,6.634149117,54000,54000
6a9f95cbd0fa2c37113737a879370534be247fed,1690.22,66.95,6.729745312,54000,54000
8a4a03b5fe0242fd9334f443a54c9590a08ce969,1679.72,66.63,6.682290390,54000,54000
2d685cc116d7abbb5f75b6da3f828f0dc319eac2,1689.24,67.03,6.710319767,55000,54000
f7341d42982e71d76378dc0ac95524648fef41d3,1704.70,68.10,6.755172636,54000,54000
80b9cca33c213664269bf748efd90296d39d971b,1645.69,65.03,6.540145477,54000,54000
ad5211c15cb360584debb757cdb1bf52092f08ec,1639.25,64.64,6.521288726,54000,54000
081f554cf199ea5d25c8675872e490671347ade3,1658.62,65.29,6.601566933,54000,54000
ca4b9bb3a3e59483e592ce6d65ec048fb6772cb6,1651.63,65.09,6.578329413,54000,54000
6a7a17977e19d52cd4154cd88a4be01e9ac18073,1672.95,66.27,6.654377607,54000,54000
d0947553e27b488247c2f26f5397be162a20ff26,1680.55,66.60,6.702090447,54000,54000
e3610fea48d2f03efa070c18819f441a633d65a9,1645.80,65.31,6.551790249,54000,54000
c98bfc0bd754be6fe775135b06cc1db8927c4273,1710.51,68.39,6.798920146,53000,54000
44845a7d44536a24f15b1e0c4686cb71e867b513,1659.01,65.83,6.603463581,54000,54000
6ac9d85afd5891b01fdd3177338c53bc9223f325,1660.80,66.04,6.604327670,54000,54000
4c9cc7aa5040d89ae29cde7372e7fbd97c117eee,1613.63,63.86,6.440237519,53000,54000
f9a99fc0f5743e1f8027d1a48ee49072aad21e69,1651.78,65.35,6.589459188,54000,54000
c98bfc0bd754be6fe775135b06cc1db8927c4273,1671.34,66.67,6.654812777,54000,54000
2cf91a2220f62bc321924e5f293619e6e138906e,1666.40,65.92,6.641268483,54000,54000
2d685cc116d7abbb5f75b6da3f828f0dc319eac2,1663.50,65.95,6.627627705,54000,54000
a8bc053eef738529a4cbb77f618b53cb84cfea8e,1656.54,65.66,6.610353028,54000,54000
1dda9635523b408aead1c5287c2d5e71ac3c27de,1664.62,65.76,6.623918304,54000,54000
7494827c099fda0e859e2a6e1aa8dd390cf4ff3f,1655.28,65.49,6.590172262,53000,54000
f02831e29c0f7dd49df556c7a17f882ae23a1572,1682.78,66.76,6.706144809,54000,54000
ca4b9bb3a3e59483e592ce6d65ec048fb6772cb6,1643.81,65.21,6.549885441,54000,54000
cf0bbc1ac9189b5c92f56e7200f40ec6c348c13c,1671.23,66.42,6.644192045,54000,54000
4c9cc7aa5040d89ae29cde7372e7fbd97c117eee,1614.79,64.05,6.435500547,54000,54000
71ee78c31d0b3bc7b2340df84acdd63666076ef8,1650.01,65.46,6.569394691,53000,54000
ae035b8c205689da2c8fa581c11f7dacd7485577,1660.97,66.13,6.621584799,54000,54000
a828de1fa2145d033f20051f4c2a7328b461ba74,1637.85,64.71,6.534475681,54000,54000
b8d2c82649a1a210de7f079babec87c688b851f2,1706.93,67.96,6.795404786,55000,54000
4e956448ecbfe28c36fe8ccd1b96f4d220262eb5,1657.22,65.83,6.609880806,54000,53000
9ff4a3e91a045b6d950f0bfcd2606a69123ae186,1661.93,65.99,6.613593356,54000,54000
a1dbff7275ec8afcc1f4408c45cdffdab35bacde,1663.67,65.89,6.629082670,54000,54000
1c70788d63236a7b94abec0f2537e8c680e38583,1654.19,65.75,6.586685773,54000,54000
e3610fea48d2f03efa070c18819f441a633d65a9,1610.85,63.91,6.426195454,55000,54000
2bc1fac618de8fcba59edc28a3a83add622633dd,1657.00,65.37,6.610443318,54000,53000
eef0beee97f0cffe1abf2a8b74373f524ccd328c,1678.07,66.60,6.672404662,54000,54000
71ee78c31d0b3bc7b2340df84acdd63666076ef8,1662.80,65.78,6.611228304,54000,54000
44845a7d44536a24f15b1e0c4686cb71e867b513,1689.67,66.92,6.712330709,54000,54000
6ac9d85afd5891b01fdd3177338c53bc9223f325,1661.86,65.94,6.622714371,54000,54000
527c27154e74f7c55d719ba9f2b8d430054d9f45,1662.40,65.41,6.619603618,54000,54000
88281eb0a809e4701d8bad279c7b50a348f2ac29,1635.73,64.74,6.510375858,54000,53000
68d5b7e06cd4a7c14f99647af2573244ee7529f7,1653.46,65.20,6.587629749,54000,54000
3c0926aabcf7dc60fa1bf6a25ff4a5c45faed2fe,1671.99,66.10,6.650052397,54000,54000
93c7167419efe66c9dd0e2054055d668c895ac4f,1678.70,66.26,6.684469539,54000,54000
a828de1fa2145d033f20051f4c2a7328b461ba74,1626.72,64.14,6.483678917,54000,54000
6a9f95cbd0fa2c37113737a879370534be247fed,1695.32,67.05,6.744962554,54000,53000
7494827c099fda0e859e2a6e1aa8dd390cf4ff3f,1683.50,66.74,6.694330270,54000,54000
2408c6e4e2d0f2fbce07fa8d8eaf83eeb95c83db,1647.27,65.06,6.545681381,54000,54000
898a4a5669dec0de4e060af19070d8c5037ccfd1,1704.99,67.52,6.759876525,54000,54000
b98f3a00a651eacd3d73203acf10cb69b251f56a,1668.56,65.83,6.640337984,54000,54000
9ff4a3e91a045b6d950f0bfcd2606a69123ae186,1653.71,65.59,6.576132588,54000,54000
2bc1fac618de8fcba59edc28a3a83add622633dd,1669.11,65.87,6.641907718,54000,54000
a828de1fa2145d033f20051f4c2a7328b461ba74,1668.08,65.74,6.643878701,54000,54000
ab7bb15901edddd89f30202e96ceeb2a9bfefe4a,1649.87,65.10,6.548509658,54000,54000
03334142048678425d3589834f5831388c5cc6b2,1693.56,67.05,6.712029777,54000,54000
d69473187071fb357f7d522e66cb70c05c80685b,1644.94,64.54,6.550297011,54000,55000
1c70788d63236a7b94abec0f2537e8c680e38583,1667.77,65.93,6.641897156,54000,54000
1401205b34a1bce3285f1f10dc2c49208f2dd87c,1661.56,65.45,6.616695058,55000,54000
f02831e29c0f7dd49df556c7a17f882ae23a1572,1660.93,65.74,6.607473478,53000,54000
fa5de08ae250728c6c30910ca0089257fc506811,1629.14,64.46,6.481158922,54000,54000
9ff4a3e91a045b6d950f0bfcd2606a69123ae186,1635.73,64.38,6.514669735,54000,54000
21b22eccdd1252272b7d41f9e2c669c209956fb1,1661.81,65.70,6.604554941,54000,54000
62063dc12829c07198ac21b88b62b74705ed779e,1719.84,68.51,6.822180974,54000,54000
2d685cc116d7abbb5f75b6da3f828f0dc319eac2,1686.74,66.82,6.706690569,54000,54000
521b90a772b02a04e6efa1b39cd1be4aca20fd46,1678.78,66.37,6.677561049,54000,54000
09a4e40df31af3d44220982802016d711ca31749,1668.60,66.21,6.632917448,54000,54000
178c73e4064a462e324c35147a71d2cfaf590ccf,1653.58,65.39,6.574333866,54000,54000
2d34c1e348bb25dac1da0a3e5e9cf278cba55ffb,1600.89,63.18,6.368370750,54000,54000
ad5211c15cb360584debb757cdb1bf52092f08ec,1665.95,66.01,6.627593349,54000,54000
86e5898a7ee7efa5647cf32d4b8eb784dd41a330,1638.58,64.52,6.526489813,54000,54000
7077b3b1b20a4cdd33fecf596a14144dfe641308,1640.08,64.85,6.530277248,53000,53000
1834c0f337c95672361f56901e9d60dbb6fc00bb,1646.38,65.07,6.546571035,54000,54000
1834c0f337c95672361f56901e9d60dbb6fc00bb,1651.32,65.20,6.560952760,53000,54000
4e956448ecbfe28c36fe8ccd1b96f4d220262eb5,1661.94,65.88,6.601634097,53000,54000
ac47a7bb114801ce7d57bf1f4e8877b25e10b754,1664.96,66.04,6.622075446,54000,54000
a58debdc9b07eba1226d181bca4fdb11991bd020,1613.43,64.19,6.410937842,54000,54000
1834c0f337c95672361f56901e9d60dbb6fc00bb,1659.37,65.83,6.589365374,54000,54000
86e5898a7ee7efa5647cf32d4b8eb784dd41a330,1648.31,64.98,6.561931849,54000,54000
6ac9d85afd5891b01fdd3177338c53bc9223f325,1657.76,65.50,6.594229958,54000,54000
0f3665f7d998d057f02f3dcd241cabf7b323615f,1668.69,65.79,6.639667812,54000,54000
e6ee80f446e629021763df43f762238bffdb94a3,1660.72,65.73,6.610579611,55000,54000
09a4e40df31af3d44220982802016d711ca31749,1662.18,65.81,6.615985415,54000,54000
7049ba88ab5fce314d33a0da14543d861b31d4f7,1689.15,67.05,6.736476719,54000,54000
b98f3a00a651eacd3d73203acf10cb69b251f56a,1652.81,64.95,6.595071858,54000,54000
89ae3c04846efe8e05e367b6cbddd3637205175c,1660.83,65.90,6.623134189,54000,54000
a1dbff7275ec8afcc1f4408c45cdffdab35bacde,1676.85,66.45,6.659017990,54000,54000
0bcf48bd57a6c463c5fee9aa8f76cfa1d4b42267,1643.62,65.00,6.544145502,54000,54000
c9ee67545b64f8cb93f1f07bddb1b5d49e874e0b,1676.67,66.38,6.673940322,54000,54000
227a37483f8743a246649c34e8d7d57e30e23699,1658.24,65.29,6.606595610,54000,54000
eef0beee97f0cffe1abf2a8b74373f524ccd328c,1674.19,66.23,6.651163273,54000,54000
68d5b7e06cd4a7c14f99647af2573244ee7529f7,1645.70,64.70,6.563651208,54000,54000
9ff4a3e91a045b6d950f0bfcd2606a69123ae186,1647.42,65.07,6.561159001,53000,54000
f0fcbd790d322f6e8b827977f8b0b627a0a385b7,1690.47,66.80,6.720630194,54000,54000
13dac9a8375018b890d545197604007c54fca9cc,1709.63,67.71,6.797739946,54000,54000
93c7167419efe66c9dd0e2054055d668c895ac4f,1715.51,68.24,6.813214679,54000,54000
89ae3c04846efe8e05e367b6cbddd3637205175c,1677.64,66.28,6.667047504,54000,54000
ca4b9bb3a3e59483e592ce6d65ec048fb6772cb6,1650.10,65.27,6.566634459,54000,54000
32d65a379e6178fb4bf265877a60a35dfb4adaf3,1684.17,66.29,6.694682178,54000,54000
b86cecfc10b5a2874be2e9bfde2ceaf78dd857a9,1655.27,65.47,6.574126169,54000,54000
898a4a5669dec0de4e060af19070d8c5037ccfd1,1677.82,66.17,6.675900160,54000,54000
8d07387ff27e9fb2c09812439f1a3e64e64ff05b,1653.01,64.90,6.592280172,54000,54000
b86cecfc10b5a2874be2e9bfde2ceaf78dd857a9,1669.57,66.22,6.628017126,53000,54000
50d107d72fead969ca3a311664cd22276db451e7,1656.09,65.45,6.602263045,54000,54000
68d5b7e06cd4a7c14f99647af2573244ee7529f7,1711.44,67.57,6.811398895,54000,54000
0f3665f7d998d057f02f3dcd241cabf7b323615f,1691.55,66.91,6.719343413,54000,54000
91fe5f3964f12f8d3b316ec5cfdc37dbe62fd00e,1628.28,64.39,6.484823060,54000,53000
ad5211c15cb360584debb757cdb1bf52092f08ec,1661.51,65.53,6.610697659,54000,54000
50363851973d1c7d7446fcc0b79f7ace70faa58c,1643.41,64.67,6.545548638,54000,54000
a1dbff7275ec8afcc1f4408c45cdffdab35bacde,1688.23,66.70,6.703531797,54000,54000
eef0beee97f0cffe1abf2a8b74373f524ccd328c,1686.51,66.55,6.709487715,53000,54000
081f554cf199ea5d25c8675872e490671347ade3,1680.42,66.53,6.679315115,54000,55000
50d107d72fead969ca3a311664cd22276db451e7,1678.20,66.21,6.673779541,54000,54000
f7341d42982e71d76378dc0ac95524648fef41d3,1728.72,68.63,6.880724106,54000,54000
91fe5f3964f12f8d3b316ec5cfdc37dbe62fd00e,1637.01,64.72,6.514888567,54000,54000
e3610fea48d2f03efa070c18819f441a633d65a9,1665.37,66.23,6.640000808,54000,54000
32d65a379e6178fb4bf265877a60a35dfb4adaf3,1695.89,67.19,6.741901491,54000,54000
ac631e8a761b5ce0c015ffd1c136352e1e7640bb,1652.06,65.17,6.577132058,54000,54000
39b4760b36ce030ecf55d78d4eddc929ae39d1ab,1678.34,66.54,6.682408391,54000,54000
c9ee67545b64f8cb93f1f07bddb1b5d49e874e0b,1684.37,66.67,6.694620349,54000,53000
03334142048678425d3589834f5831388c5cc6b2,1720.98,68.41,6.835166454,54000,54000
c4ba528694a07b6b0133fb199bc293364c47b9d8,1706.15,68.03,6.788172504,53000,54000
227a37483f8743a246649c34e8d7d57e30e23699,1655.74,65.41,6.603900095,54000,54000
4c9cc7aa5040d89ae29cde7372e7fbd97c117eee,1608.68,63.83,6.409161721,54000,54000
ed3f13a22edb9b11073acf69e75245be0e8fedf1,1698.53,67.56,6.744571127,54000,54000
d37a43562478d4750e0d8a2b5f09f1f1629a50b5,1655.82,65.49,6.583556211,54000,54000
ddb2c79305bacf54136c120fb6a7fac637a34ccd,1652.12,64.87,6.593702035,54000,54000
1c70788d63236a7b94abec0f2537e8c680e38583,1647.45,65.08,6.555152418,54000,54000
848183d563a79866227aa284b64c4fe194530c37,1666.88,65.91,6.627338424,54000,54000
50d107d72fead969ca3a311664cd22276db451e7,1708.25,67.83,6.775318561,54000,54000
8d07387ff27e9fb2c09812439f1a3e64e64ff05b,1629.23,64.11,6.487742240,54000,54000
ae035b8c205689da2c8fa581c11f7dacd7485577,1678.02,66.32,6.704285229,54000,54000
081f554cf199ea5d25c8675872e490671347ade3,1661.95,65.78,6.603428760,54000,54000
98d3dd3494d848bd0fd12343cf9def6f9949d298,1664.64,65.51,6.634106793,54000,54000
7494827c099fda0e859e2a6e1aa8dd390cf4ff3f,1682.52,66.31,6.707342365,54000,54000
227a37483f8743a246649c34e8d7d57e30e23699,1644.03,64.64,6.541642117,54000,54000
93c7167419efe66c9dd0e2054055d668c895ac4f,1702.54,67.56,6.776173840,54000,54000
b86cecfc10b5a2874be2e9bfde2ceaf78dd857a9,1649.58,65.35,6.565781413,54000,54000
18cd3feef30dc403976e3822c49264054d5e8fdf,1674.31,66.13,6.671889303,54000,54000
f7341d42982e71d76378dc0ac95524648fef41d3,1674.22,66.35,6.657158450,54000,55000
7494827c099fda0e859e2a6e1aa8dd390cf4ff3f,1693.92,67.16,6.741792769,54000,54000
62063dc12829c07198ac21b88b62b74705ed779e,1691.10,66.90,6.716263911,54000,54000
a1dbff7275ec8afcc1f4408c45cdffdab35bacde,1660.02,65.65,6.599008613,54000,54000
2cf91a2220f62bc321924e5f293619e6e138906e,1711.42,67.78,6.822298184,55000,55000
f0fcbd790d322f6e8b827977f8b0b627a0a385b7,1679.35,66.53,6.679081848,54000,55000
88281eb0a809e4701d8bad279c7b50a348f2ac29,1639.59,64.59,6.531264416,54000,54000
1834c0f337c95672361f56901e9d60dbb6fc00bb,1650.90,65.32,6.561099797,53000,54000
a58debdc9b07eba1226d181bca4fdb11991bd020,1628.13,64.32,6.504420589,54000,54000
1834c0f337c95672361f56901e9d60dbb6fc00bb,1635.63,64.28,6.512996988,54000,54000
b98f3a00a651eacd3d73203acf10cb69b251f56a,1655.05,64.99,6.591493030,54000,54000
76866403afa2c89523c24e7bde4e2799f61f9e24,1607.69,63.34,6.401072680,54000,53000
e6ee80f446e629021763df43f762238bffdb94a3,1655.17,65.29,6.592706357,53000,55000
fa5de08ae250728c6c30910ca0089257fc506811,1622.72,64.44,6.456742840,54000,54000
f0fcbd790d322f6e8b827977f8b0b627a0a385b7,1696.52,67.56,6.725571936,54000,54000
a1637d262f42b9e2eeca2ed0d52b9f14ff13039e,1678.65,66.51,6.659613774,54000,54000
d0947553e27b488247c2f26f5397be162a20ff26,1685.22,66.81,6.692407832,54000,54000
4e956448ecbfe28c36fe8ccd1b96f4d220262eb5,1644.48,64.86,6.540970405,54000,54000
62063dc12829c07198ac21b88b62b74705ed779e,1695.82,67.42,6.720605054,54000,55000
054100925578c12d46dc37f8bc3af1e9de748ece,1686.01,66.87,6.687362618,55000,54000
6a9f95cbd0fa2c37113737a879370534be247fed,1667.57,65.93,6.622595105,54000,54000
44845a7d44536a24f15b1e0c4686cb71e867b513,1697.12,67.28,6.751012807,55000,54000
b8d2c82649a1a210de7f079babec87c688b851f2,1692.85,67.07,6.722336249,54000,54000
d0947553e27b488247c2f26f5397be162a20ff26,1697.86,66.92,6.764044666,54000,54000
eaf7a66abd8fe83f1aead448e304dbf53aeefcc2,1627.43,64.15,6.486052270,54000,54000
081f554cf199ea5d25c8675872e490671347ade3,1689.01,66.87,6.711913768,54000,54000
50d107d72fead969ca3a311664cd22276db451e7,1679.26,66.29,6.682876459,54000,54000
3e733b566cd4036dc2f9fe646e6c1f6e9ffb1bab,1688.49,66.73,6.712218810,55000,54000
ac631e8a761b5ce0c015ffd1c136352e1e7640bb,1656.62,65.42,6.600462261,54000,55000
3c0926aabcf7dc60fa1bf6a25ff4a5c45faed2fe,1645.44,64.64,6.552000291,55000,54000
cf0bbc1ac9189b5c92f56e7200f40ec6c348c13c,1679.71,66.98,6.664432015,54000,54000
1c70788d63236a7b94abec0f2537e8c680e38583,1650.02,65.23,6.571866389,54000,54000
1dda9635523b408aead1c5287c2d5e71ac3c27de,1682.57,66.77,6.676162782,54000,54000
054100925578c12d46dc37f8bc3af1e9de748ece,1686.71,66.87,6.694040763,54000,54000
a1637d262f42b9e2eeca2ed0d52b9f14ff13039e,1661.17,65.40,6.607039105,54000,54000
d37a43562478d4750e0d8a2b5f09f1f1629a50b5,1664.57,65.59,6.632895320,54000,54000
a828de1fa2145d033f20051f4c2a7328b461ba74,1654.99,65.24,6.599972877,54000,54000
2d685cc116d7abbb5f75b6da3f828f0dc319eac2,1659.14,65.91,6.587919786,55000,54000
f10c9ec0110e26211ffc1b59406de947bc035b6f,1694.79,67.08,6.744194584,54000,55000
178c73e4064a462e324c35147a71d2cfaf590ccf,1654.68,65.26,6.593959336,54000,55000
f9a99fc0f5743e1f8027d1a48ee49072aad21e69,1614.93,63.50,6.437122057,54000,55000
18cd3feef30dc403976e3822c49264054d5e8fdf,1682.11,66.77,6.679576878,54000,54000
76866403afa2c89523c24e7bde4e2799f61f9e24,1628.04,64.44,6.475894013,54000,54000
f02831e29c0f7dd49df556c7a17f882ae23a1572,1684.55,66.64,6.699163461,54000,54000
a828de1fa2145d033f20051f4c2a7328b461ba74,1677.24,66.32,6.683495320,54000,54000
f02831e29c0f7dd49df556c7a17f882ae23a1572,1668.06,66.33,6.631843960,54000,54000
7f358bd0a952f64d2023b937c4e171dc9b669875,1701.30,67.26,6.769505643,54000,54000
1c70788d63236a7b94abec0f2537e8c680e38583,1658.34,65.76,6.598763768,54000,54000
1834c0f337c95672361f56901e9d60dbb6fc00bb,1669.81,65.74,6.645484072,53000,54000
e3610fea48d2f03efa070c18819f441a633d65a9,1623.73,64.33,6.447248911,54000,54000
2d34c1e348bb25dac1da0a3e5e9cf278cba55ffb,1648.40,65.52,6.553938409,54000,54000
2d34c1e348bb25dac1da0a3e5e9cf278cba55ffb,1613.94,63.38,6.441363571,54000,55000
a1637d262f42b9e2eeca2ed0d52b9f14ff13039e,1672.66,66.26,6.651093598,54000,54000
cf0bbc1ac9189b5c92f56e7200f40ec6c348c13c,1704.28,67.62,6.760378727,53000,54000
3c0926aabcf7dc60fa1bf6a25ff4a5c45faed2fe,1662.39,65.27,6.620479155,54000,54000
76866403afa2c89523c24e7bde4e2799f61f9e24,1605.75,63.88,6.392603589,54000,54000
71ee78c31d0b3bc7b2340df84acdd63666076ef8,1655.32,65.50,6.589601952,54000,54000
ae035b8c205689da2c8fa581c11f7dacd7485577,1650.47,65.29,6.572319492,54000,54000
1834c0f337c95672361f56901e9d60dbb6fc00bb,1652.71,65.11,6.594615987,54000,54000
178c73e4064a462e324c35147a71d2cfaf590ccf,1674.80,66.37,6.661614440,54000,54000
1c70788d63236a7b94abec0f2537e8c680e38583,1638.36,64.90,6.509932106,54000,54000
3277bd3cdfc416fced7a30a6cea5c0ed26be4d9a,1667.19,65.79,6.631663144,55000,54000
68d5b7e06cd4a7c14f99647af2573244ee7529f7,1681.65,66.71,6.676787902,54000,54000
c4ba528694a07b6b0133fb199bc293364c47b9d8,1714.72,67.79,6.815984895,54000,54000
b1a4e77665a518c784761557fa81840fd8b209ce,1706.53,67.51,6.772882625,55000,55000
f887aa1b16ead18fdfb2644ad69b40858b7c5d8f,1664.84,66.02,6.606501511,55000,54000
2d34c1e348bb25dac1da0a3e5e9cf278cba55ffb,1642.71,64.84,6.544801869,55000,54000
8a4a03b5fe0242fd9334f443a54c9590a08ce969,1657.87,65.58,6.593426923,54000,54000
09a4e40df31af3d44220982802016d711ca31749,1714.26,67.90,6.796932119,55000,54000
f0fcbd790d322f6e8b827977f8b0b627a0a385b7,1659.10,65.56,6.588252062,55000,54000
6a9f95cbd0fa2c37113737a879370534be247fed,1682.13,66.62,6.674780371,54000,55000
88281eb0a809e4701d8bad279c7b50a348f2ac29,1659.74,65.38,6.587917779,54000,54000
27200258b82132218820505a7d63e6a84b5a6f00,1707.91,67.32,6.779122117,54000,54000
4c9cc7aa5040d89ae29cde7372e7fbd97c117eee,1602.15,63.14,6.373912779,54000,55000
3c0926aabcf7dc60fa1bf6a25ff4a5c45faed2fe,1673.31,65.65,6.645593599,54000,54000
d69473187071fb357f7d522e66cb70c05c80685b,1681.19,66.56,6.687989445,54000,54000
4e956448ecbfe28c36fe8ccd1b96f4d220262eb5,1660.65,65.53,6.601192477,54000,54000
1401205b34a1bce3285f1f10dc2c49208f2dd87c,1691.33,66.85,6.719647451,54000,54000
3c0926aabcf7dc60fa1bf6a25ff4a5c45faed2fe,1663.22,65.64,6.615007564,54000,54000
62063dc12829c07198ac21b88b62b74705ed779e,1694.68,67.22,6.725278979,54000,54000
50363851973d1c7d7446fcc0b79f7ace70faa58c,1656.14,65.05,6.592910437,54000,54000
a60cc642edef9baf81a1ab5422e820b951c64e43,1682.95,66.53,6.678887103,54000,54000
178c73e4064a462e324c35147a71d2cfaf590ccf,1657.74,65.69,6.586534343,54000,54000
5e3c821533dac57904e1f6c41979949407992337,1654.18,65.42,6.562432675,54000,54000
a828de1fa2145d033f20051f4c2a7328b461ba74,1642.77,64.62,6.532844951,54000,54000
50d107d72fead969ca3a311664cd22276db451e7,1686.75,66.35,6.701190409,54000,54000
1dda9635523b408aead1c5287c2d5e71ac3c27de,1695.46,66.74,6.732365454,54000,54000
68d5b7e06cd4a7c14f99647af2573244ee7529f7,1659.41,65.62,6.606415907,53000,54000
ac631e8a761b5ce0c015ffd1c136352e1e7640bb,1628.43,64.19,6.485133193,54000,54000
0f3665f7d998d057f02f3dcd241cabf7b323615f,1686.64,66.67,6.698294167,54000,54000
f887aa1b16ead18fdfb2644ad69b40858b7c5d8f,1639.21,64.89,6.530124924,54000,54000
44845a7d44536a24f15b1e0c4686cb71e867b513,1685.59,66.64,6.701494694,54000,54000
f7341d42982e71d76378dc0ac95524648fef41d3,1692.79,66.81,6.717090712,55000,54000
081f554cf199ea5d25c8675872e490671347ade3,1678.07,66.00,6.682074664,54000,54000
27200258b82132218820505a7d63e6a84b5a6f00,1699.59,67.52,6.754517011,54000,55000
89add04bf77331af1de4de2281c156645622a231,1656.78,65.25,6.595796966,54000,54000
ac631e8a761b5ce0c015ffd1c136352e1e7640bb,1651.55,65.30,6.580428043,54000,54000
227a37483f8743a246649c34e8d7d57e30e23699,1631.32,64.29,6.496951683,55000,54000
5e3c821533dac57904e1f6c41979949407992337,1640.25,64.75,6.530402964,54000,54000
fa5de08ae250728c6c30910ca0089257fc506811,1622.44,64.06,6.463440829,53000,54000
f7341d42982e71d76378dc0ac95524648fef41d3,1690.24,66.74,6.733079115,55000,54000
4c9cc7aa5040d89ae29cde7372e7fbd97c117eee,1626.99,64.22,6.486016432,54000,54000
76866403afa2c89523c24e7bde4e2799f61f9e24,1632.10,64.49,6.500597015,55000,54000
848183d563a79866227aa284b64c4fe194530c37,1687.90,66.60,6.711766982,54000,54000
898a4a5669dec0de4e060af19070d8c5037ccfd1,1719.34,67.78,6.838880641,54000,56000
09a4e40df31af3d44220982802016d711ca31749,1691.16,67.21,6.716880863,55000,54000
402f88bf4ba79c91411ad90242304973ed4bcb6c,1693.07,66.79,6.717834540,54000,54000
18cd3feef30dc403976e3822c49264054d5e8fdf,1669.97,65.99,6.640989362,54000,54000
848183d563a79866227aa284b64c4fe194530c37,1709.58,67.37,6.809418052,54000,55000
8a4a03b5fe0242fd9334f443a54c9590a08ce969,1660.69,65.50,6.605363009,55000,54000
80b9cca33c213664269bf748efd90296d39d971b,1652.77,65.27,6.587119360,54000,54000
2d34c1e348bb25dac1da0a3e5e9cf278cba55ffb,1614.22,64.16,6.425714111,54000,55000
ca4b9bb3a3e59483e592ce6d65ec048fb6772cb6,1674.60,65.92,6.672866385,54000,54000
86e5898a7ee7efa5647cf32d4b8eb784dd41a330,1650.45,64.86,6.586120005,54000,54000
18cd3feef30dc403976e3822c49264054d5e8fdf,1672.66,66.18,6.659790992,54000,54000
9a0d4afd23642c78acc27e20ec7986b8395bc91a,1648.77,64.87,6.574683838,54000,55000
ac47a7bb114801ce7d57bf1f4e8877b25e10b754,1667.61,65.75,6.635821381,54000,54000
89ae3c04846efe8e05e367b6cbddd3637205175c,1666.65,66.14,6.635580395,54000,54000
f887aa1b16ead18fdfb2644ad69b40858b7c5d8f,1636.87,64.22,6.523525839,54000,54000
b98f3a00a651eacd3d73203acf10cb69b251f56a,1650.09,65.13,6.578301330,55000,54000
8d07387ff27e9fb2c09812439f1a3e64e64ff05b,1633.39,64.38,6.514440844,54000,54000
898a4a5669dec0de4e060af19070d8c5037ccfd1,1681.51,66.58,6.678489535,54000,54000
6a9f95cbd0fa2c37113737a879370534be247fed,1676.24,66.40,6.646713167,55000,54000
50363851973d1c7d7446fcc0b79f7ace70faa58c,1644.74,64.61,6.554460412,54000,54000
ca4b9bb3a3e59483e592ce6d65ec048fb6772cb6,1669.61,66.00,6.641159609,54000,54000
8a4a03b5fe0242fd9334f443a54c9590a08ce969,1671.49,66.20,6.640474948,54000,54000
eaf7a66abd8fe83f1aead448e304dbf53aeefcc2,1653.61,65.39,6.585091409,54000,55000
1834c0f337c95672361f56901e9d60dbb6fc00bb,1650.34,65.16,6.566577156,54000,54000
402f88bf4ba79c91411ad90242304973ed4bcb6c,1685.07,66.89,6.702235331,55000,54000
ac631e8a761b5ce0c015ffd1c136352e1e7640bb,1649.38,65.07,6.584352002,55000,55000
402f88bf4ba79c91411ad90242304973ed4bcb6c,1713.48,67.83,6.814690424,54000,54000
178c73e4064a462e324c35147a71d2cfaf590ccf,1685.61,66.68,6.719126958,55000,54000
2bc1fac618de8fcba59edc28a3a83add622633dd,1672.39,66.34,6.670051056,54000,55000
f7341d42982e71d76378dc0ac95524648fef41d3,1718.50,68.12,6.815759249,55000,54000
7077b3b1b20a4cdd33fecf596a14144dfe641308,1651.41,65.08,6.564402028,55000,54000
f7341d42982e71d76378dc0ac95524648fef41d3,1701.48,66.84,6.775728873,55000,54000
3277bd3cdfc416fced7a30a6cea5c0ed26be4d9a,1683.36,66.83,6.683483838,54000,55000
4e956448ecbfe28c36fe8ccd1b96f4d220262eb5,1651.49,65.18,6.575026428,54000,54000
9a0d4afd23642c78acc27e20ec7986b8395bc91a,1701.88,67.47,6.777441487,54000,54000
7494827c099fda0e859e2a6e1aa8dd390cf4ff3f,1683.59,66.53,6.714418058,54000,54000
402f88bf4ba79c91411ad90242304973ed4bcb6c,1675.72,66.27,6.648845412,54000,54000
f887aa1b16ead18fdfb2644ad69b40858b7c5d8f,1642.47,64.96,6.541046556,54000,54000
03334142048678425d3589834f5831388c5cc6b2,1709.62,67.68,6.795198635,54000,54000
3c0926aabcf7dc60fa1bf6a25ff4a5c45faed2fe,1672.59,66.35,6.644891253,54000,54000
7077b3b1b20a4cdd33fecf596a14144dfe641308,1640.56,64.75,6.527839353,54000,54000
6a7a17977e19d52cd4154cd88a4be01e9ac18073,1698.10,67.10,6.743855664,54000,54000
8d07387ff27e9fb2c09812439f1a3e64e64ff05b,1664.53,65.69,6.621542758,54000,55000
c9ee67545b64f8cb93f1f07bddb1b5d49e874e0b,1656.32,65.52,6.607273785,54000,54000
1401205b34a1bce3285f1f10dc2c49208f2dd87c,1659.53,65.85,6.599301203,54000,54000
6a9f95cbd0fa2c37113737a879370534be247fed,1675.55,66.40,6.654860498,54000,55000
081f554cf199ea5d25c8675872e490671347ade3,1650.15,65.22,6.571834452,54000,54000
898a4a5669dec0de4e060af19070d8c5037ccfd1,1683.30,66.39,6.699627977,54000,54000
89add04bf77331af1de4de2281c156645622a231,1665.69,65.82,6.628558627,54000,54000
62063dc12829c07198ac21b88b62b74705ed779e,1714.43,67.86,6.820490146,54000,54000
98d3dd3494d848bd0fd12343cf9def6f9949d298,1658.95,65.51,6.607376295,54000,54000
6a7a17977e19d52cd4154cd88a4be01e9ac18073,1724.72,68.38,6.862466004,54000,54000
03334142048678425d3589834f5831388c5cc6b2,1686.28,66.97,6.697872988,55000,54000
50d107d72fead969ca3a311664cd22276db451e7,1673.97,66.10,6.666034000,54000,54000
b86cecfc10b5a2874be2e9bfde2ceaf78dd857a9,1647.43,65.26,6.539716506,54000,54000
ca4b9bb3a3e59483e592ce6d65ec048fb6772cb6,1655.82,65.46,6.587169384,54000,54000
2d685cc116d7abbb5f75b6da3f828f0dc319eac2,1678.46,66.26,6.669021207,54000,54000
32d65a379e6178fb4bf265877a60a35dfb4adaf3,1675.14,66.12,6.651040019,54000,54000
7f358bd0a952f64d2023b937c4e171dc9b669875,1713.24,67.88,6.798911663,54000,55000
3c0926aabcf7dc60fa1bf6a25ff4a5c45faed2fe,1673.61,66.16,6.652328379,54000,53000
f887aa1b16ead18fdfb2644ad69b40858b7c5d8f,1651.23,65.53,6.560493218,54000,54000
ca4b9bb3a3e59483e592ce6d65ec048fb6772cb6,1632.20,64.54,6.503435327,54000,54000
e6ee80f446e629021763df43f762238bffdb94a3,1664.58,65.97,6.628123335,54000,54000
a1dbff7275ec8afcc1f4408c45cdffdab35bacde,1650.69,65.01,6.565841001,55000,55000
27200258b82132218820505a7d63e6a84b5a6f00,1664.32,65.91,6.621242107,54000,54000
fdd3469d311a307c1014b2873a0f6a54b178e20d,1656.36,65.80,6.580105439,54000,54000
081f554cf199ea5d25c8675872e490671347ade3,1647.91,64.93,6.561826449,54000,54000
7f358bd0a952f64d2023b937c4e171dc9b669875,1703.75,67.47,6.773117697,54000,54000
072cc2e5b8a8b8b869ac127d9416c66e6dc28eaa,1666.27,65.60,6.636792642,55000,54000
89add04bf77331af1de4de2281c156645622a231,1682.25,66.75,6.678664053,54000,55000
76866403afa2c89523c24e7bde4e2799f61f9e24,1608.47,63.29,6.404712207,54000,54000
ac47a7bb114801ce7d57bf1f4e8877b25e10b754,1674.38,66.22,6.651264407,55000,53000
7049ba88ab5fce314d33a0da14543d861b31d4f7,1652.45,65.11,6.572287841,54000,54000
054100925578c12d46dc37f8bc3af1e9de748ece,1697.02,67.32,6.724866987,54000,54000
9ff4a3e91a045b6d950f0bfcd2606a69123ae186,1663.61,65.53,6.617152007,54000,54000
e3610fea48d2f03efa070c18819f441a633d65a9,1612.16,63.59,6.414514903,55000,54000
072cc2e5b8a8b8b869ac127d9416c66e6dc28eaa,1650.50,65.06,6.564824686,54000,54000
98d3dd3494d848bd0fd12343cf9def6f9949d298,1642.06,64.39,6.537036883,54000,54000
d69473187071fb357f7d522e66cb70c05c80685b,1649.53,65.18,6.558496987,54000,54000
89ae3c04846efe8e05e367b6cbddd3637205175c,1675.36,66.11,6.671627941,54000,55000
227a37483f8743a246649c34e8d7d57e30e23699,1658.05,65.34,6.585314993,54000,55000
71ee78c31d0b3bc7b2340df84acdd63666076ef8,1646.30,64.87,6.545441233,54000,54000
86e5898a7ee7efa5647cf32d4b8eb784dd41a330,1634.51,64.44,6.508584277,54000,54000
178c73e4064a462e324c35147a71d2cfaf590ccf,1662.19,65.75,6.603429610,54000,54000
ac47a7bb114801ce7d57bf1f4e8877b25e10b754,1691.11,66.83,6.711350479,54000,54000
f02831e29c0f7dd49df556c7a17f882ae23a1572,1657.72,65.38,6.580234063,54000,54000
2408c6e4e2d0f2fbce07fa8d8eaf83eeb95c83db,1679.31,66.46,6.681167371,54000,54000
eaf7a66abd8fe83f1aead448e304dbf53aeefcc2,1648.95,65.09,6.553618912,54000,54000
0bcf48bd57a6c463c5fee9aa8f76cfa1d4b42267,1678.69,66.36,6.667540482,54000,54000
8d07387ff27e9fb2c09812439f1a3e64e64ff05b,1631.16,64.42,6.488805043,54000,54000
a1dbff7275ec8afcc1f4408c45cdffdab35bacde,1663.57,65.68,6.607507915,54000,54000
2bc1fac618de8fcba59edc28a3a83add622633dd,1659.48,65.48,6.601047924,54000,55000
27200258b82132218820505a7d63e6a84b5a6f00,1699.68,67.18,6.749677095,54000,54000
71ee78c31d0b3bc7b2340df84acdd63666076ef8,1671.71,65.75,6.641772457,54000,54000
6a7a17977e19d52cd4154cd88a4be01e9ac18073,1682.29,66.33,6.676430866,55000,54000
98d3dd3494d848bd0fd12343cf9def6f9949d298,1650.13,65.05,6.555450249,54000,55000
8a4a03b5fe0242fd9334f443a54c9590a08ce969,1661.31,65.67,6.604533816,55000,54000
18cd3feef30dc403976e3822c49264054d5e8fdf,1692.61,66.98,6.723043900,55000,55000
8d07387ff27e9fb2c09812439f1a3e64e64ff05b,1653.14,65.34,6.585772376,55000,55000
3e733b566cd4036dc2f9fe646e6c1f6e9ffb1bab,1696.71,67.17,6.742264358,55000,54000
39b4760b36ce030ecf55d78d4eddc929ae39d1ab,1693.12,66.65,6.732294772,54000,54000
1401205b34a1bce3285f1f10dc2c49208f2dd87c,1659.76,66.07,6.578848588,54000,55000
e6ee80f446e629021763df43f762238bffdb94a3,1669.30,65.85,6.638442700,56000,53000
402f88bf4ba79c91411ad90242304973ed4bcb6c,1709.45,67.47,6.775915836,55000,54000
93c7167419efe66c9dd0e2054055d668c895ac4f,1679.38,66.33,6.684786742,55000,54000
a58debdc9b07eba1226d181bca4fdb11991bd020,1629.77,64.15,6.490131872,54000,55000
a8bc053eef738529a4cbb77f618b53cb84cfea8e,1697.45,67.19,6.757814511,54000,55000
89add04bf77331af1de4de2281c156645622a231,1664.24,65.91,6.609399000,54000,54000
f9a99fc0f5743e1f8027d1a48ee49072aad21e69,1648.43,65.11,6.557348597,54000,54000
ab7bb15901edddd89f30202e96ceeb2a9bfefe4a,1693.32,66.97,6.738378075,55000,55000
f0fcbd790d322f6e8b827977f8b0b627a0a385b7,1709.79,68.28,6.772579473,54000,54000
a8bc053eef738529a4cbb77f618b53cb84cfea8e,1668.92,65.73,6.645352682,54000,54000
ddb2c79305bacf54136c120fb6a7fac637a34ccd,1671.49,66.04,6.637996255,54000,54000
5e3c821533dac57904e1f6c41979949407992337,1636.78,64.57,6.516137331,54000,54000
f0fcbd790d322f6e8b827977f8b0b627a0a385b7,1716.08,68.14,6.814377105,55000,54000
1401205b34a1bce3285f1f10dc2c49208f2dd87c,1683.59,66.69,6.698602799,55000,54000
d37a43562478d4750e0d8a2b5f09f1f1629a50b5,1659.35,65.13,6.605457249,54000,54000
2d685cc116d7abbb5f75b6da3f828f0dc319eac2,1676.83,65.90,6.670992594,54000,54000
4e956448ecbfe28c36fe8ccd1b96f4d220262eb5,1675.16,66.08,6.677981238,54000,54000
1c70788d63236a7b94abec0f2537e8c680e38583,1650.59,65.08,6.563149750,54000,54000
71ee78c31d0b3bc7b2340df84acdd63666076ef8,1662.68,65.66,6.620428115,54000,54000
88281eb0a809e4701d8bad279c7b50a348f2ac29,1664.70,65.66,6.616039077,54000,54000
7077b3b1b20a4cdd33fecf596a14144dfe641308,1637.69,64.19,6.524301239,54000,54000
f0fcbd790d322f6e8b827977f8b0b627a0a385b7,1690.67,67.29,6.703058104,54000,54000
cf0bbc1ac9189b5c92f56e7200f40ec6c348c13c,1682.24,66.49,6.667056407,54000,54000
4e956448ecbfe28c36fe8ccd1b96f4d220262eb5,1664.15,65.40,6.626515975,54000,54000
ac631e8a761b5ce0c015ffd1c136352e1e7640bb,1650.05,64.89,6.562187500,54000,54000
91fe5f3964f12f8d3b316ec5cfdc37dbe62fd00e,1627.97,64.10,6.480928610,54000,54000
9ff4a3e91a045b6d950f0bfcd2606a69123ae186,1675.18,66.23,6.668527611,54000,54000
7049ba88ab5fce314d33a0da14543d861b31d4f7,1679.79,66.68,6.666879896,54000,54000
68d5b7e06cd4a7c14f99647af2573244ee7529f7,1702.94,67.16,6.773447474,54000,53000
09a4e40df31af3d44220982802016d711ca31749,1646.28,65.10,6.541517314,54000,54000
09a4e40df31af3d44220982802016d711ca31749,1644.76,64.88,6.532138417,54000,54000
8a4a03b5fe0242fd9334f443a54c9590a08ce969,1663.74,65.84,6.590073060,54000,54000
3c0926aabcf7dc60fa1bf6a25ff4a5c45faed2fe,1707.63,67.58,6.770920409,54000,54000
13dac9a8375018b890d545197604007c54fca9cc,1702.37,67.32,6.753102274,54000,54000
ddb2c79305bacf54136c120fb6a7fac637a34ccd,1676.10,66.01,6.669537379,54000,54000
b1a4e77665a518c784761557fa81840fd8b209ce,1669.83,65.81,6.633946645,54000,54000
4c9cc7aa5040d89ae29cde7372e7fbd97c117eee,1607.07,63.34,6.388214244,54000,54000
a58debdc9b07eba1226d181bca4fdb11991bd020,1619.82,64.05,6.438371216,54000,54000
f02831e29c0f7dd49df556c7a17f882ae23a1572,1646.62,65.02,6.539859013,54000,54000
98d3dd3494d848bd0fd12343cf9def6f9949d298,1686.42,66.49,6.709755107,54000,54000
76866403afa2c89523c24e7bde4e2799f61f9e24,1630.95,64.30,6.488873768,54000,54000
eaf7a66abd8fe83f1aead448e304dbf53aeefcc2,1652.58,65.19,6.571525533,54000,54000
89add04bf77331af1de4de2281c156645622a231,1681.00,66.61,6.716355549,54000,54000
86e5898a7ee7efa5647cf32d4b8eb784dd41a330,1667.49,65.72,6.635305678,54000,54000
93c7167419efe66c9dd0e2054055d668c895ac4f,1712.80,67.78,6.804852928,54000,54000
a1dbff7275ec8afcc1f4408c45cdffdab35bacde,1683.92,66.38,6.698836071,54000,54000
89ae3c04846efe8e05e367b6cbddd3637205175c,1667.15,65.98,6.630615111,54000,54000
80b9cca33c213664269bf748efd90296d39d971b,1635.62,64.61,6.504085900,54000,54000
a1637d262f42b9e2eeca2ed0d52b9f14ff13039e,1696.21,67.27,6.731314782,54000,54000
4c9cc7aa5040d89ae29cde7372e7fbd97c117eee,1620.70,64.22,6.446342286,54000,54000
6ac9d85afd5891b01fdd3177338c53bc9223f325,1653.15,65.33,6.562303756,54000,54000
89ae3c04846efe8e05e367b6cbddd3637205175c,1678.21,66.42,6.683589856,54000,54000
c4ba528694a07b6b0133fb199bc293364c47b9d8,1714.14,68.16,6.794541271,54000,54000
b98f3a00a651eacd3d73203acf10cb69b251f56a,1683.36,66.36,6.708582438,54000,54000
7494827c099fda0e859e2a6e1aa8dd390cf4ff3f,1626.71,64.14,6.481847367,54000,54000
89add04bf77331af1de4de2281c156645622a231,1645.17,64.74,6.550778158,53000,54000
6a9f95cbd0fa2c37113737a879370534be247fed,1673.79,66.10,6.664102111,54000,54000
ab7bb15901edddd89f30202e96ceeb2a9bfefe4a,1670.09,65.91,6.639654380,54000,54000
898a4a5669dec0de4e060af19070d8c5037ccfd1,1685.76,66.91,6.702731909,54000,54000
f02831e29c0f7dd49df556c7a17f882ae23a1572,1673.06,66.11,6.678299101,54000,54000
39e131ae3a5b0a839c4b920613c1ccb8af0dd40c,1666.23,65.83,6.619875594,54000,53000
f0fcbd790d322f6e8b827977f8b0b627a0a385b7,1700.05,67.89,6.759130943,54000,54000
402f88bf4ba79c91411ad90242304973ed4bcb6c,1711.47,67.88,6.799868020,53000,54000
18cd3feef30dc403976e3822c49264054d5e8fdf,1666.73,65.79,6.630702378,54000,54000
1401205b34a1bce3285f1f10dc2c49208f2dd87c,1692.61,66.78,6.737628464,54000,54000
d69473187071fb357f7d522e66cb70c05c80685b,1636.00,64.30,6.525337093,54000,54000
50363851973d1c7d7446fcc0b79f7ace70faa58c,1662.57,65.53,6.631445689,54000,54000
2d34c1e348bb25dac1da0a3e5e9cf278cba55ffb,1623.26,64.04,6.468342063,54000,54000
e6ee80f446e629021763df43f762238bffdb94a3,1664.59,66.05,6.632335221,54000,54000
7f358bd0a952f64d2023b937c4e171dc9b669875,1670.39,66.04,6.635186926,54000,54000
402f88bf4ba79c91411ad90242304973ed4bcb6c,1676.76,66.29,6.660748450,54000,54000
c4ba528694a07b6b0133fb199bc293364c47b9d8,1728.33,68.39,6.865805789,54000,54000
50d107d72fead969ca3a311664cd22276db451e7,1682.40,66.46,6.688838232,54000,54000
f7341d42982e71d76378dc0ac95524648fef41d3,1701.66,67.70,6.768715874,54000,54000
2bc1fac618de8fcba59edc28a3a83add622633dd,1658.07,65.11,6.612214509,54000,54000
68d5b7e06cd4a7c14f99647af2573244ee7529f7,1656.30,65.18,6.603461624,54000,54000
6a7a17977e19d52cd4154cd88a4be01e9ac18073,1662.14,65.40,6.624830506,54000,54000
ac631e8a761b5ce0c015ffd1c136352e1e7640bb,1645.09,64.66,6.548747564,54000,54000
44845a7d44536a24f15b1e0c4686cb71e867b513,1681.00,66.53,6.677899710,54000,54000
d37a43562478d4750e0d8a2b5f09f1f1629a50b5,1642.31,64.72,6.537214112,54000,54000
ca4b9bb3a3e59483e592ce6d65ec048fb6772cb6,1650.07,65.13,6.554639426,54000,54000
848183d563a79866227aa284b64c4fe194530c37,1684.82,66.75,6.712659712,54000,54000
2cf91a2220f62bc321924e5f293619e6e138906e,1702.47,67.06,6.778087561,53000,54000
1834c0f337c95672361f56901e9d60dbb6fc00bb,1670.27,66.06,6.647156040,54000,54000
b1a4e77665a518c784761557fa81840fd8b209ce,1674.19,66.24,6.642213689,54000,54000
eaf7a66abd8fe83f1aead448e304dbf53aeefcc2,1653.56,65.06,6.597929999,54000,54000
09a4e40df31af3d44220982802016d711ca31749,1686.72,67.27,6.696380788,54000,54000
89ae3c04846efe8e05e367b6cbddd3637205175c,1665.13,65.70,6.620579526,54000,54000
e6ee80f446e629021763df43f762238bffdb94a3,1653.37,65.34,6.587093538,53000,54000
88281eb0a809e4701d8bad279c7b50a348f2ac29,1654.90,65.23,6.578639884,54000,54000
6a9f95cbd0fa2c37113737a879370534be247fed,1670.12,66.37,6.638362935,54000,54000
b86cecfc10b5a2874be2e9bfde2ceaf78dd857a9,1653.96,65.21,6.585077131,54000,54000
c9ee67545b64f8cb93f1f07bddb1b5d49e874e0b,1672.13,66.14,6.647972184,54000,54000
32d65a379e6178fb4bf265877a60a35dfb4adaf3,1710.77,67.67,6.794774676,54000,54000
f02831e29c0f7dd49df556c7a17f882ae23a1572,1667.34,65.65,6.653385251,54000,54000
1c70788d63236a7b94abec0f2537e8c680e38583,1649.16,65.28,6.550171786,54000,54000
7f358bd0a952f64d2023b937c4e171dc9b669875,1681.30,66.70,6.675388184,54000,53000
68d5b7e06cd4a7c14f99647af2573244ee7529f7,1690.53,66.53,6.726529248,53000,54000
b8d2c82649a1a210de7f079babec87c688b851f2,1692.18,66.64,6.718707070,54000,54000
b8d2c82649a1a210de7f079babec87c688b851f2,1678.27,66.34,6.675480760,54000,54000
d0947553e27b488247c2f26f5397be162a20ff26,1666.60,65.81,6.617783763,54000,54000
3c0926aabcf7dc60fa1bf6a25ff4a5c45faed2fe,1685.44,66.31,6.702890787,54000,54000
1401205b34a1bce3285f1f10dc2c49208f2dd87c,1674.01,65.90,6.663190875,54000,54000
a58debdc9b07eba1226d181bca4fdb11991bd020,1645.14,64.92,6.553694891,54000,54000
6ac9d85afd5891b01fdd3177338c53bc9223f325,1645.36,64.87,6.550373080,54000,54000
d37a43562478d4750e0d8a2b5f09f1f1629a50b5,1660.23,65.63,6.603097245,54000,53000
0f3665f7d998d057f02f3dcd241cabf7b323615f,1695.67,67.11,6.758198295,54000,54000
89ae3c04846efe8e05e367b6cbddd3637205175c,1661.83,66.09,6.610709623,54000,54000
98d3dd3494d848bd0fd12343cf9def6f9949d298,1636.49,64.57,6.516507855,54000,54000
a1dbff7275ec8afcc1f4408c45cdffdab35bacde,1654.65,65.06,6.592594919,54000,54000
76866403afa2c89523c24e7bde4e2799f61f9e24,1609.64,63.37,6.428183341,54000,54000
3277bd3cdfc416fced7a30a6cea5c0ed26be4d9a,1662.25,65.99,6.606424363,54000,54000
054100925578c12d46dc37f8bc3af1e9de748ece,1677.49,66.48,6.662297282,54000,54000
0f3665f7d998d057f02f3dcd241cabf7b323615f,1697.24,67.09,6.742329425,54000,55000
6ac9d85afd5891b01fdd3177338c53bc9223f325,1662.74,65.84,6.620066626,54000,54000
7077b3b1b20a4cdd33fecf596a14144dfe641308,1635.38,64.32,6.536316142,54000,55000
6ac9d85afd5891b01fdd3177338c53bc9223f325,1663.74,66.12,6.617526607,54000,54000
d69473187071fb357f7d522e66cb70c05c80685b,1642.78,65.02,6.540031816,54000,54000
76866403afa2c89523c24e7bde4e2799f61f9e24,1625.46,64.27,6.478058968,54000,54000
98d3dd3494d848bd0fd12343cf9def6f9949d298,1660.02,65.48,6.603594196,54000,54000
1834c0f337c95672361f56901e9d60dbb6fc00bb,1686.51,66.82,6.707045978,54000,54000
88281eb0a809e4701d8bad279c7b50a348f2ac29,1640.41,64.76,6.528241283,54000,54000
eaf7a66abd8fe83f1aead448e304dbf53aeefcc2,1648.59,65.01,6.571695326,54000,54000
2d34c1e348bb25dac1da0a3e5e9cf278cba55ffb,1606.59,63.47,6.395833865,54000,54000
ac631e8a761b5ce0c015ffd1c136352e1e7640bb,1647.48,65.00,6.564017395,54000,54000
6a7a17977e19d52cd4154cd88a4be01e9ac18073,1667.89,65.73,6.629212143,54000,54000
d0947553e27b488247c2f26f5397be162a20ff26,1654.44,65.31,6.587179909,54000,53000
a828de1fa2145d033f20051f4c2a7328b461ba74,1650.39,64.79,6.578529848,54000,54000
a58debdc9b07eba1226d181bca4fdb11991bd020,1638.11,65.09,6.520511712,54000,54000
03334142048678425d3589834f5831388c5cc6b2,1691.29,67.21,6.705210934,54000,54000
227a37483f8743a246649c34e8d7d57e30e23699,1652.07,64.81,6.574320005,53000,54000
7f358bd0a952f64d2023b937c4e171dc9b669875,1690.27,66.78,6.730027682,54000,54000
eaf7a66abd8fe83f1aead448e304dbf53aeefcc2,1644.52,64.63,6.548417438,54000,54000
ad5211c15cb360584debb757cdb1bf52092f08ec,1672.11,65.92,6.653238082,54000,54000
7f358bd0a952f64d2023b937c4e171dc9b669875,1676.46,66.39,6.659429503,54000,53000
6a7a17977e19d52cd4154cd88a4be01e9ac18073,1670.87,65.96,6.636884072,54000,54000
c4ba528694a07b6b0133fb199bc293364c47b9d8,1700.37,67.51,6.757404489,54000,54000
8d07387ff27e9fb2c09812439f1a3e64e64ff05b,1628.63,64.34,6.487668209,54000,54000
f10c9ec0110e26211ffc1b59406de947bc035b6f,1667.27,65.88,6.638602685,54000,54000
f10c9ec0110e26211ffc1b59406de947bc035b6f,1677.05,66.13,6.678094585,54000,54000
898a4a5669dec0de4e060af19070d8c5037ccfd1,1728.67,68.87,6.866014985,54000,54000
eef0beee97f0cffe1abf2a8b74373f524ccd328c,1667.27,65.90,6.622607786,54000,54000
93c7167419efe66c9dd0e2054055d668c895ac4f,1696.63,67.09,6.749244889,54000,54000
178c73e4064a462e324c35147a71d2cfaf590ccf,1672.85,65.99,6.662154608,53000,54000
6a9f95cbd0fa2c37113737a879370534be247fed,1692.59,66.78,6.725888393,54000,54000
a828de1fa2145d033f20051f4c2a7328b461ba74,1664.58,65.49,6.628299759,54000,54000
f9a99fc0f5743e1f8027d1a48ee49072aad21e69,1638.71,64.38,6.528203678,54000,55000
054100925578c12d46dc37f8bc3af1e9de748ece,1667.69,66.23,6.610597034,54000,54000
eef0beee97f0cffe1abf2a8b74373f524ccd328c,1701.52,67.55,6.756201004,54000,54000
2bc1fac618de8fcba59edc28a3a83add622633dd,1637.83,64.64,6.501970490,54000,54000
39e131ae3a5b0a839c4b920613c1ccb8af0dd40c,1688.27,66.78,6.706651298,54000,54000
b98f3a00a651eacd3d73203acf10cb69b251f56a,1647.94,64.79,6.561049592,54000,53000
f0fcbd790d322f6e8b827977f8b0b627a0a385b7,1719.20,68.24,6.814119355,54000,54000
86e5898a7ee7efa5647cf32d4b8eb784dd41a330,1654.83,65.28,6.573768939,54000,54000
eaf7a66abd8fe83f1aead448e304dbf53aeefcc2,1631.41,64.07,6.485005880,54000,54000
27200258b82132218820505a7d63e6a84b5a6f00,1683.94,66.51,6.685621764,54000,54000
ac47a7bb114801ce7d57bf1f4e8877b25e10b754,1670.59,65.90,6.641446493,54000,54000
09a4e40df31af3d44220982802016d711ca31749,1684.59,66.98,6.693903510,54000,54000
89ae3c04846efe8e05e367b6cbddd3637205175c,1697.90,67.08,6.754460199,54000,54000
a828de1fa2145d033f20051f4c2a7328b461ba74,1655.89,65.22,6.595233361,54000,54000
a1637d262f42b9e2eeca2ed0d52b9f14ff13039e,1672.15,66.28,6.640538752,55000,54000
76866403afa2c89523c24e7bde4e2799f61f9e24,1614.75,63.38,6.434489249,54000,54000
178c73e4064a462e324c35147a71d2cfaf590ccf,1691.75,67.14,6.726274471,54000,54000
a1637d262f42b9e2eeca2ed0d52b9f14ff13039e,1689.54,66.82,6.709885072,54000,54000
054100925578c12d46dc37f8bc3af1e9de748ece,1683.55,66.58,6.697044442,54000,54000
a8bc053eef738529a4cbb77f618b53cb84cfea8e,1645.63,64.82,6.548953665,54000,54000
3277bd3cdfc416fced7a30a6cea5c0ed26be4d9a,1651.27,65.28,6.562678613,55000,54000
f9a99fc0f5743e1f8027d1a48ee49072aad21e69,1668.15,66.00,6.648433560,54000,54000
d69473187071fb357f7d522e66cb70c05c80685b,1652.77,65.30,6.572463192,54000,55000
b1a4e77665a518c784761557fa81840fd8b209ce,1666.16,65.68,6.623016786,54000,54000
ae035b8c205689da2c8fa581c11f7dacd7485577,1655.75,65.18,6.597171472,54000,54000
ab7bb15901edddd89f30202e96ceeb2a9bfefe4a,1658.32,65.22,6.590528594,54000,54000
6a9f95cbd0fa2c37113737a879370534be247fed,1679.41,66.34,6.669371913,54000,54000
2d34c1e348bb25dac1da0a3e5e9cf278cba55ffb,1606.59,63.59,6.413168079,54000,54000
ab7bb15901edddd89f30202e96ceeb2a9bfefe4a,1688.22,67.09,6.703164998,54000,55000
4c9cc7aa5040d89ae29cde7372e7fbd97c117eee,1638.16,65.08,6.526284099,54000,54000
d37a43562478d4750e0d8a2b5f09f1f1629a50b5,1647.56,64.75,6.562433290,54000,54000
4e956448ecbfe28c36fe8ccd1b96f4d220262eb5,1653.87,64.99,6.581799067,54000,54000
ed3f13a22edb9b11073acf69e75245be0e8fedf1,1695.31,67.40,6.719823542,54000,54000
ac631e8a761b5ce0c015ffd1c136352e1e7640bb,1659.15,65.45,6.609060472,53000,54000
ed3f13a22edb9b11073acf69e75245be0e8fedf1,1691.12,67.17,6.706058661,55000,54000
ca4b9bb3a3e59483e592ce6d65ec048fb6772cb6,1653.86,65.34,6.590993672,54000,54000
5e3c821533dac57904e1f6c41979949407992337,1634.97,64.33,6.501895708,54000,54000
7f358bd0a952f64d2023b937c4e171dc9b669875,1686.58,66.62,6.696116031,54000,54000
27200258b82132218820505a7d63e6a84b5a6f00,1695.24,66.74,6.734679963,54000,55000
9a0d4afd23642c78acc27e20ec7986b8395bc91a,1629.31,63.95,6.493045814,54000,54000
39b4760b36ce030ecf55d78d4eddc929ae39d1ab,1692.97,66.64,6.727309662,54000,54000
2d685cc116d7abbb5f75b6da3f828f0dc319eac2,1667.52,65.56,6.642594497,54000,54000
0bcf48bd57a6c463c5fee9aa8f76cfa1d4b42267,1637.43,64.92,6.506415837,54000,55000
cf0bbc1ac9189b5c92f56e7200f40ec6c348c13c,1698.20,67.00,6.742443463,54000,54000
44845a7d44536a24f15b1e0c4686cb71e867b513,1696.81,67.29,6.737835656,55000,54000
89add04bf77331af1de4de2281c156645622a231,1662.66,65.20,6.612921738,54000,54000
d69473187071fb357f7d522e66cb70c05c80685b,1666.86,65.55,6.624121115,54000,54000
50363851973d1c7d7446fcc0b79f7ace70faa58c,1670.65,65.72,6.648700612,55000,54000
44845a7d44536a24f15b1e0c4686cb71e867b513,1708.35,67.47,6.783352781,54000,54000
527c27154e74f7c55d719ba9f2b8d430054d9f45,1661.58,65.16,6.606119374,54000,55000
6a7a17977e19d52cd4154cd88a4be01e9ac18073,1665.62,65.32,6.617584832,54000,54000
a1637d262f42b9e2eeca2ed0d52b9f14ff13039e,1690.92,67.02,6.709694517,54000,54000
18cd3feef30dc403976e3822c49264054d5e8fdf,1701.09,67.08,6.765862530,54000,54000
f02831e29c0f7dd49df556c7a17f882ae23a1572,1672.53,65.97,6.654080103,54000,54000
f10c9ec0110e26211ffc1b59406de947bc035b6f,1652.92,64.94,6.564014620,54000,54000
b1a4e77665a518c784761557fa81840fd8b209ce,1669.22,65.93,6.631456359,54000,54000
86e5898a7ee7efa5647cf32d4b8eb784dd41a330,1653.33,65.33,6.579998620,54000,56000
a60cc642edef9baf81a1ab5422e820b951c64e43,1686.99,66.88,6.694429826,55000,54000
3277bd3cdfc416fced7a30a6cea5c0ed26be4d9a,1693.12,66.76,6.730011964,54000,55000
a1637d262f42b9e2eeca2ed0d52b9f14ff13039e,1675.44,66.20,6.654904465,54000,54000
80b9cca33c213664269bf748efd90296d39d971b,1645.54,64.69,6.553120139,54000,54000
a60cc642edef9baf81a1ab5422e820b951c64e43,1694.67,66.93,6.740213250,55000,54000
2bc1fac618de8fcba59edc28a3a83add622633dd,1658.36,65.21,6.597791781,54000,54000
ac631e8a761b5ce0c015ffd1c136352e1e7640bb,1637.72,64.37,6.506732240,55000,55000
39b4760b36ce030ecf55d78d4eddc929ae39d1ab,1670.10,65.42,6.637594330,55000,54000
ed3f13a22edb9b11073acf69e75245be0e8fedf1,1687.40,66.99,6.686807836,55000,54000
a1637d262f42b9e2eeca2ed0d52b9f14ff13039e,1699.65,67.24,6.742238962,54000,54000
89add04bf77331af1de4de2281c156645622a231,1675.18,66.28,6.654778855,54000,54000
521b90a772b02a04e6efa1b39cd1be4aca20fd46,1665.63,65.55,6.629119703,54000,54000
88281eb0a809e4701d8bad279c7b50a348f2ac29,1685.43,66.42,6.695517710,54000,54000
3277bd3cdfc416fced7a30a6cea5c0ed26be4d9a,1671.26,65.98,6.632291385,54000,54000
39b4760b36ce030ecf55d78d4eddc929ae39d1ab,1670.71,65.95,6.632313279,54000,54000
b8d2c82649a1a210de7f079babec87c688b851f2,1685.88,66.34,6.702402501,54000,54000
a1dbff7275ec8afcc1f4408c45cdffdab35bacde,1666.64,65.48,6.619555940,55000,54000
68d5b7e06cd4a7c14f99647af2573244ee7529f7,1668.08,65.65,6.635261123,54000,56000
b98f3a00a651eacd3d73203acf10cb69b251f56a,1652.57,64.83,6.579888081,54000,54000
86e5898a7ee7efa5647cf32d4b8eb784dd41a330,1648.10,64.60,6.555437960,54000,54000
a58debdc9b07eba1226d181bca4fdb11991bd020,1630.99,64.60,6.496901674,54000,54000
ab7bb15901edddd89f30202e96ceeb2a9bfefe4a,1671.76,66.02,6.640290223,54000,54000
80b9cca33c213664269bf748efd90296d39d971b,1665.31,65.58,6.624747770,54000,54000
9a0d4afd23642c78acc27e20ec7986b8395bc91a,1654.50,65.05,6.583396973,54000,54000
9a0d4afd23642c78acc27e20ec7986b8395bc91a,1657.73,65.76,6.596580695,54000,55000
521b90a772b02a04e6efa1b39cd1be4aca20fd46,1635.22,64.58,6.501205843,54000,54000
1c70788d63236a7b94abec0f2537e8c680e38583,1635.55,64.70,6.510640158,55000,55000
9a0d4afd23642c78acc27e20ec7986b8395bc91a,1689.30,66.78,6.728076641,54000,54000
d69473187071fb357f7d522e66cb70c05c80685b,1645.95,64.79,6.548954313,54000,54000
88281eb0a809e4701d8bad279c7b50a348f2ac29,1690.90,66.40,6.736567397,54000,54000
7049ba88ab5fce314d33a0da14543d861b31d4f7,1666.05,65.73,6.638666092,54000,54000
9ff4a3e91a045b6d950f0bfcd2606a69123ae186,1645.69,64.92,6.546694117,54000,54000
a60cc642edef9baf81a1ab5422e820b951c64e43,1699.21,67.37,6.746849704,54000,54000
91fe5f3964f12f8d3b316ec5cfdc37dbe62fd00e,1646.86,65.08,6.576838266,54000,54000
178c73e4064a462e324c35147a71d2cfaf590ccf,1654.71,65.29,6.599953704,54000,54000
3277bd3cdfc416fced7a30a6cea5c0ed26be4d9a,1685.19,66.57,6.700378146,54000,54000
3277bd3cdfc416fced7a30a6cea5c0ed26be4d9a,1645.54,64.90,6.559367029,55000,54000
a1dbff7275ec8afcc1f4408c45cdffdab35bacde,1686.22,66.29,6.724013754,54000,54000
4c9cc7aa5040d89ae29cde7372e7fbd97c117eee,1604.53,63.29,6.385979598,54000,54000
8a4a03b5fe0242fd9334f443a54c9590a08ce969,1690.66,66.91,6.720693611,54000,54000
03334142048678425d3589834f5831388c5cc6b2,1684.51,66.50,6.705447678,54000,54000
f0fcbd790d322f6e8b827977f8b0b627a0a385b7,1685.34,66.75,6.705177905,55000,54000
521b90a772b02a04e6efa1b39cd1be4aca20fd46,1631.58,64.17,6.494015449,54000,54000
fdd3469d311a307c1014b2873a0f6a54b178e20d,1655.32,65.37,6.587890258,55000,54000
0f3665f7d998d057f02f3dcd241cabf7b323615f,1715.94,67.80,6.838150700,54000,54000
7494827c099fda0e859e2a6e1aa8dd390cf4ff3f,1662.95,65.64,6.620426976,55000,54000
fa5de08ae250728c6c30910ca0089257fc506811,1604.26,62.92,6.395389751,54000,54000
fdd3469d311a307c1014b2873a0f6a54b178e20d,1654.66,65.32,6.587483429,54000,54000
68d5b7e06cd4a7c14f99647af2573244ee7529f7,1659.81,65.39,6.617175377,54000,54000
13dac9a8375018b890d545197604007c54fca9cc,1679.06,66.34,6.679686031,54000,54000
0bcf48bd57a6c463c5fee9aa8f76cfa1d4b42267,1662.62,65.59,6.621586188,54000,54000
c98bfc0bd754be6fe775135b06cc1db8927c4273,1721.22,68.69,6.833001204,55000,54000
fdd3469d311a307c1014b2873a0f6a54b178e20d,1672.34,66.17,6.659077250,54000,54000
b8d2c82649a1a210de7f079babec87c688b851f2,1673.32,66.26,6.649980837,54000,54000
d37a43562478d4750e0d8a2b5f09f1f1629a50b5,1652.25,65.20,6.594661287,54000,54000
89add04bf77331af1de4de2281c156645622a231,1689.33,66.97,6.726172986,54000,54000
f0fcbd790d322f6e8b827977f8b0b627a0a385b7,1721.79,68.20,6.839651376,54000,54000
898a4a5669dec0de4e060af19070d8c5037ccfd1,1678.89,66.12,6.688290537,54000,54000
7494827c099fda0e859e2a6e1aa8dd390cf4ff3f,1679.80,66.58,6.675876703,54000,54000
a58debdc9b07eba1226d181bca4fdb11991bd020,1632.60,64.23,6.505664369,54000,54000
7049ba88ab5fce314d33a0da14543d861b31d4f7,1700.03,67.30,6.760509023,54000,54000
a58debdc9b07eba1226d181bca4fdb11991bd020,1602.72,63.05,6.389442976,54000,54000
71ee78c31d0b3bc7b2340df84acdd63666076ef8,1649.71,65.06,6.564273034,54000,54000
ad5211c15cb360584debb757cdb1bf52092f08ec,1662.05,65.73,6.609229313,54000,54000
c98bfc0bd754be6fe775135b06cc1db8927c4273,1704.90,67.94,6.762903045,54000,54000
76866403afa2c89523c24e7bde4e2799f61f9e24,1616.45,63.65,6.428648672,54000,54000
13dac9a8375018b890d545197604007c54fca9cc,1727.80,68.73,6.849293875,53000,54000
50d107d72fead969ca3a311664cd22276db451e7,1688.86,66.62,6.698489823,54000,54000
e3610fea48d2f03efa070c18819f441a633d65a9,1605.13,63.74,6.376885192,54000,54000
f887aa1b16ead18fdfb2644ad69b40858b7c5d8f,1646.08,65.00,6.545528954,54000,54000
f10c9ec0110e26211ffc1b59406de947bc035b6f,1647.17,64.81,6.555770139,54000,54000
f9a99fc0f5743e1f8027d1a48ee49072aad21e69,1640.04,64.55,6.524414313,54000,54000
e3610fea48d2f03efa070c18819f441a633d65a9,1626.67,64.28,6.462099490,54000,54000
178c73e4064a462e324c35147a71d2cfaf590ccf,1644.48,64.95,6.553109630,54000,54000
b1a4e77665a518c784761557fa81840fd8b209ce,1651.73,65.32,6.571589207,54000,54000
c98bfc0bd754be6fe775135b06cc1db8927c4273,1705.97,67.66,6.779938797,54000,54000
a828de1fa2145d033f20051f4c2a7328b461ba74,1634.57,64.49,6.517311408,54000,54000
3e733b566cd4036dc2f9fe646e6c1f6e9ffb1bab,1692.91,66.71,6.730880831,54000,55000
1834c0f337c95672361f56901e9d60dbb6fc00bb,1641.98,64.77,6.532864905,54000,54000
1dda9635523b408aead1c5287c2d5e71ac3c27de,1676.52,66.31,6.671142267,54000,54000
3277bd3cdfc416fced7a30a6cea5c0ed26be4d9a,1655.04,65.47,6.593557648,54000,54000
39e131ae3a5b0a839c4b920613c1ccb8af0dd40c,1674.57,66.31,6.675244625,54000,54000
ac47a7bb114801ce7d57bf1f4e8877b25e10b754,1680.17,66.04,6.691983343,54000,54000
1401205b34a1bce3285f1f10dc2c49208f2dd87c,1682.99,66.35,6.701468178,54000,54000
d0947553e27b488247c2f26f5397be162a20ff26,1695.44,67.16,6.745786571,54000,54000
13dac9a8375018b890d545197604007c54fca9cc,1710.43,67.93,6.804166846,54000,54000
6a7a17977e19d52cd4154cd88a4be01e9ac18073,1713.66,68.03,6.825561124,54000,54000
98d3dd3494d848bd0fd12343cf9def6f9949d298,1637.05,64.40,6.532297389,54000,54000
a8bc053eef738529a4cbb77f618b53cb84cfea8e,1646.30,65.35,6.551565479,55000,54000
80b9cca33c213664269bf748efd90296d39d971b,1679.71,66.42,6.694282536,54000,55000
1401205b34a1bce3285f1f10dc2c49208f2dd87c,1670.58,66.23,6.652870330,54000,54000
6ac9d85afd5891b01fdd3177338c53bc9223f325,1656.92,65.59,6.591691062,54000,54000
7049ba88ab5fce314d33a0da14543d861b31d4f7,1697.00,67.34,6.742464094,54000,54000
e3610fea48d2f03efa070c18819f441a633d65a9,1612.51,64.23,6.413183765,54000,54000
521b90a772b02a04e6efa1b39cd1be4aca20fd46,1673.12,66.22,6.666429136,54000,54000
91fe5f3964f12f8d3b316ec5cfdc37dbe62fd00e,1657.38,65.63,6.605799381,54000,54000
62063dc12829c07198ac21b88b62b74705ed779e,1687.29,66.75,6.703724382,54000,54000
62063dc12829c07198ac21b88b62b74705ed779e,1689.11,66.97,6.703486179,54000,54000
0f3665f7d998d057f02f3dcd241cabf7b323615f,1675.30,66.42,6.659448329,54000,54000
5e3c821533dac57904e1f6c41979949407992337,1631.58,64.43,6.489911666,54000,54000
081f554cf199ea5d25c8675872e490671347ade3,1676.48,66.51,6.668270105,54000,54000
6ac9d85afd5891b01fdd3177338c53bc9223f325,1646.73,65.17,6.555867696,54000,54000
71ee78c31d0b3bc7b2340df84acdd63666076ef8,1640.16,64.70,6.536034841,54000,54000
b86cecfc10b5a2874be2e9bfde2ceaf78dd857a9,1645.25,65.06,6.536125186,53000,54000
e6ee80f446e629021763df43f762238bffdb94a3,1646.22,64.81,6.562881249,54000,54000
13dac9a8375018b890d545197604007c54fca9cc,1669.08,66.14,6.639169267,54000,54000
f10c9ec0110e26211ffc1b59406de947bc035b6f,1662.81,65.92,6.621393804,54000,54000
9a0d4afd23642c78acc27e20ec7986b8395bc91a,1700.57,67.28,6.775910993,54000,54000
27200258b82132218820505a7d63e6a84b5a6f00,1691.90,66.99,6.714356092,54000,54000
a60cc642edef9baf81a1ab5422e820b951c64e43,1681.13,66.76,6.677023200,54000,54000
93c7167419efe66c9dd0e2054055d668c895ac4f,1679.69,66.41,6.674743891,54000,54000
1c70788d63236a7b94abec0f2537e8c680e38583,1655.41,65.74,6.589983084,55000,54000
3c0926aabcf7dc60fa1bf6a25ff4a5c45faed2fe,1716.57,67.93,6.827194607,53000,54000
072cc2e5b8a8b8b869ac127d9416c66e6dc28eaa,1650.06,65.06,6.571480208,54000,54000
89add04bf77331af1de4de2281c156645622a231,1634.19,64.32,6.513536230,54000,54000
32d65a379e6178fb4bf265877a60a35dfb4adaf3,1680.06,66.47,6.675628599,55000,54000
3e733b566cd4036dc2f9fe646e6c1f6e9ffb1bab,1706.92,67.75,6.767809936,55000,54000
a60cc642edef9baf81a1ab5422e820b951c64e43,1690.20,67.08,6.705917097,54000,54000
b8d2c82649a1a210de7f079babec87c688b851f2,1692.48,67.14,6.737179818,54000,54000
2d34c1e348bb25dac1da0a3e5e9cf278cba55ffb,1601.25,62.96,6.381412588,54000,54000
e3610fea48d2f03efa070c18819f441a633d65a9,1605.96,63.39,6.382717175,54000,55000
8a4a03b5fe0242fd9334f443a54c9590a08ce969,1652.93,65.39,6.565541006,55000,54000
2d685cc116d7abbb5f75b6da3f828f0dc319eac2,1668.12,66.04,6.627138445,54000,54000
27200258b82132218820505a7d63e6a84b5a6f00,1702.25,67.28,6.763727492,54000,54000
5e3c821533dac57904e1f6c41979949407992337,1642.84,64.99,6.537484192,54000,55000
848183d563a79866227aa284b64c4fe194530c37,1676.46,66.39,6.659676062,55000,54000
2d685cc116d7abbb5f75b6da3f828f0dc319eac2,1675.28,66.42,6.654280710,54000,54000
f9a99fc0f5743e1f8027d1a48ee49072aad21e69,1654.40,65.25,6.581130491,54000,56000
2bc1fac618de8fcba59edc28a3a83add622633dd,1656.09,65.11,6.590953823,55000,54000
3e733b566cd4036dc2f9fe646e6c1f6e9ffb1bab,1710.50,67.67,6.796075828,54000,54000
4c9cc7aa5040d89ae29cde7372e7fbd97c117eee,1612.29,63.48,6.428384254,54000,54000
4c9cc7aa5040d89ae29cde7372e7fbd97c117eee,1620.16,63.79,6.457799690,54000,55000
ae035b8c205689da2c8fa581c11f7dacd7485577,1668.80,65.79,6.640043546,54000,54000
32d65a379e6178fb4bf265877a60a35dfb4adaf3,1702.59,67.41,6.755164949,54000,54000
7494827c099fda0e859e2a6e1aa8dd390cf4ff3f,1651.38,65.33,6.576798767,54000,54000
ac47a7bb114801ce7d57bf1f4e8877b25e10b754,1691.04,67.01,6.724244840,54000,54000
0f3665f7d998d057f02f3dcd241cabf7b323615f,1663.97,65.44,6.615810196,54000,54000
98d3dd3494d848bd0fd12343cf9def6f9949d298,1659.78,65.60,6.617371367,55000,54000
9a0d4afd23642c78acc27e20ec7986b8395bc91a,1663.23,65.67,6.635368499,54000,55000
4c9cc7aa5040d89ae29cde7372e7fbd97c117eee,1618.82,64.16,6.461767251,54000,54000
054100925578c12d46dc37f8bc3af1e9de748ece,1693.31,67.26,6.723749291,54000,54000
a60cc642edef9baf81a1ab5422e820b951c64e43,1681.64,66.62,6.683791209,54000,54000
50363851973d1c7d7446fcc0b79f7ace70faa58c,1639.75,64.57,6.542129183,54000,54000
b8d2c82649a1a210de7f079babec87c688b851f2,1690.32,67.01,6.716950434,54000,54000
d69473187071fb357f7d522e66cb70c05c80685b,1624.52,64.19,6.478441730,54000,54000
c98bfc0bd754be6fe775135b06cc1db8927c4273,1686.48,67.08,6.701967998,54000,54000
178c73e4064a462e324c35147a71d2cfaf590ccf,1678.51,66.79,6.674074794,54000,54000
ae035b8c205689da2c8fa581c11f7dacd7485577,1658.95,65.54,6.608492645,54000,54000
898a4a5669dec0de4e060af19070d8c5037ccfd1,1684.05,66.84,6.715914738,54000,54000
39e131ae3a5b0a839c4b920613c1ccb8af0dd40c,1671.17,66.21,6.651765943,54000,53000
c98bfc0bd754be6fe775135b06cc1db8927c4273,1714.28,67.79,6.812110430,54000,54000
6a7a17977e19d52cd4154cd88a4be01e9ac18073,1659.78,65.55,6.610637976,54000,55000
03334142048678425d3589834f5831388c5cc6b2,1675.10,66.16,6.656283261,54000,54000
6ac9d85afd5891b01fdd3177338c53bc9223f325,1665.19,65.54,6.623960759,54000,54000
ab7bb15901edddd89f30202e96ceeb2a9bfefe4a,1668.94,65.94,6.628096618,54000,54000
1834c0f337c95672361f56901e9d60dbb6fc00bb,1669.26,65.73,6.644382618,54000,54000
50363851973d1c7d7446fcc0b79f7ace70faa58c,1637.03,64.48,6.529032339,54000,54000
7494827c099fda0e859e2a6e1aa8dd390cf4ff3f,1662.88,65.48,6.613189491,54000,54000
3277bd3cdfc416fced7a30a6cea5c0ed26be4d9a,1676.13,66.26,6.665348401,54000,53000
f10c9ec0110e26211ffc1b59406de947bc035b6f,1663.14,65.64,6.613353951,54000,54000
cf0bbc1ac9189b5c92f56e7200f40ec6c348c13c,1698.98,67.37,6.747274148,54000,54000
ac47a7bb114801ce7d57bf1f4e8877b25e10b754,1666.76,65.83,6.621991842,53000,54000
98d3dd3494d848bd0fd12343cf9def6f9949d298,1669.46,65.63,6.646527687,53000,54000
6ac9d85afd5891b01fdd3177338c53bc9223f325,1644.99,64.65,6.540877684,54000,54000
98d3dd3494d848bd0fd12343cf9def6f9949d298,1643.39,64.46,6.534151092,55000,54000
3e733b566cd4036dc2f9fe646e6c1f6e9ffb1bab,1708.04,67.68,6.779105885,54000,54000
3e733b566cd4036dc2f9fe646e6c1f6e9ffb1bab,1703.63,67.35,6.760597656,54000,54000
ad5211c15cb360584debb757cdb1bf52092f08ec,1675.70,66.03,6.666407588,54000,54000
f887aa1b16ead18fdfb2644ad69b40858b7c5d8f,1655.87,65.28,6.587407186,54000,54000
8a4a03b5fe0242fd9334f443a54c9590a08ce969,1688.70,66.90,6.722915765,54000,54000
44845a7d44536a24f15b1e0c4686cb71e867b513,1679.63,66.57,6.677347417,54000,54000
4e956448ecbfe28c36fe8ccd1b96f4d220262eb5,1668.78,65.79,6.642612531,54000,54000
d69473187071fb357f7d522e66cb70c05c80685b,1631.53,64.10,6.504398491,54000,53000
09a4e40df31af3d44220982802016d711ca31749,1690.33,67.21,6.705222133,54000,54000
3e733b566cd4036dc2f9fe646e6c1f6e9ffb1bab,1731.10,68.54,6.883834272,54000,54000
03334142048678425d3589834f5831388c5cc6b2,1711.53,67.86,6.783122908,54000,54000
e3610fea48d2f03efa070c18819f441a633d65a9,1635.95,64.80,6.491487856,54000,54000
848183d563a79866227aa284b64c4fe194530c37,1693.33,66.90,6.721390129,54000,55000
2cf91a2220f62bc321924e5f293619e6e138906e,1704.02,67.44,6.768695352,54000,54000
ad5211c15cb360584debb757cdb1bf52092f08ec,1661.62,65.66,6.603780183,54000,55000
ac47a7bb114801ce7d57bf1f4e8877b25e10b754,1670.42,65.72,6.640903773,54000,54000
4e956448ecbfe28c36fe8ccd1b96f4d220262eb5,1659.55,65.46,6.597235847,54000,54000
f9a99fc0f5743e1f8027d1a48ee49072aad21e69,1672.71,66.35,6.650345205,54000,54000
b8d2c82649a1a210de7f079babec87c688b851f2,1691.34,67.15,6.725685857,54000,55000
21b22eccdd1252272b7d41f9e2c669c209956fb1,1671.02,66.14,6.636621986,54000,54000
402f88bf4ba79c91411ad90242304973ed4bcb6c,1716.98,68.08,6.809100700,54000,55000
1401205b34a1bce3285f1f10dc2c49208f2dd87c,1655.66,65.86,6.591604451,55000,54000
ca4b9bb3a3e59483e592ce6d65ec048fb6772cb6,1680.17,66.45,6.701507855,55000,54000
50d107d72fead969ca3a311664cd22276db451e7,1707.31,67.71,6.800955441,54000,54000
ca4b9bb3a3e59483e592ce6d65ec048fb6772cb6,1671.24,66.10,6.655713779,55000,54000
39e131ae3a5b0a839c4b920613c1ccb8af0dd40c,1682.54,66.63,6.690363518,55000,54000
50363851973d1c7d7446fcc0b79f7ace70faa58c,1636.43,64.17,6.535581662,54000,54000
71ee78c31d0b3bc7b2340df84acdd63666076ef8,1672.96,65.77,6.673748033,54000,54000
ae035b8c205689da2c8fa581c11f7dacd7485577,1659.64,65.58,6.612959895,54000,54000
1401205b34a1bce3285f1f10dc2c49208f2dd87c,1668.64,65.84,6.657212891,54000,54000
c9ee67545b64f8cb93f1f07bddb1b5d49e874e0b,1640.21,64.68,6.527627527,54000,54000
32d65a379e6178fb4bf265877a60a35dfb4adaf3,1681.86,66.52,6.696285363,55000,54000
2cf91a2220f62bc321924e5f293619e6e138906e,1694.87,67.31,6.731173795,54000,54000
32d65a379e6178fb4bf265877a60a35dfb4adaf3,1697.17,67.00,6.780328692,54000,54000
91fe5f3964f12f8d3b316ec5cfdc37dbe62fd00e,1637.10,64.87,6.517208690,54000,54000
072cc2e5b8a8b8b869ac127d9416c66e6dc28eaa,1663.55,65.60,6.626103478,54000,54000
2cf91a2220f62bc321924e5f293619e6e138906e,1677.50,66.41,6.674669199,54000,54000
eef0beee97f0cffe1abf2a8b74373f524ccd328c,1689.23,66.85,6.714160259,54000,54000
98d3dd3494d848bd0fd12343cf9def6f9949d298,1687.92,66.84,6.736941897,54000,54000
7494827c099fda0e859e2a6e1aa8dd390cf4ff3f,1667.17,66.03,6.644233414,54000,54000
ad5211c15cb360584debb757cdb1bf52092f08ec,1651.47,65.25,6.581803969,54000,54000
2d34c1e348bb25dac1da0a3e5e9cf278cba55ffb,1623.06,64.22,6.470919197,54000,54000
f02831e29c0f7dd49df556c7a17f882ae23a1572,1655.40,65.57,6.589869016,54000,54000
072cc2e5b8a8b8b869ac127d9416c66e6dc28eaa,1656.85,65.62,6.600096313,54000,54000
89add04bf77331af1de4de2281c156645622a231,1670.08,65.91,6.641937121,54000,54000
2bc1fac618de8fcba59edc28a3a83add622633dd,1684.75,66.82,6.705395211,54000,53000
27200258b82132218820505a7d63e6a84b5a6f00,1699.67,67.59,6.759227169,54000,54000
27200258b82132218820505a7d63e6a84b5a6f00,1705.16,67.74,6.764051658,54000,54000
898a4a5669dec0de4e060af19070d8c5037ccfd1,1702.68,67.51,6.766212675,54000,54000
527c27154e74f7c55d719ba9f2b8d430054d9f45,1642.74,64.89,6.536190308,54000,54000
f0fcbd790d322f6e8b827977f8b0b627a0a385b7,1704.18,67.56,6.771892775,54000,54000
072cc2e5b8a8b8b869ac127d9416c66e6dc28eaa,1663.77,66.12,6.622954517,54000,54000
09a4e40df31af3d44220982802016d711ca31749,1696.82,67.75,6.739335875,55000,54000
50d107d72fead969ca3a311664cd22276db451e7,1658.62,65.64,6.595370668,54000,54000
6a9f95cbd0fa2c37113737a879370534be247fed,1681.55,66.61,6.677292553,54000,54000
50d107d72fead969ca3a311664cd22276db451e7,1672.84,66.29,6.651432115,55000,54000
ac631e8a761b5ce0c015ffd1c136352e1e7640bb,1662.87,65.68,6.611511784,54000,54000
e3610fea48d2f03efa070c18819f441a633d65a9,1642.82,64.96,6.528875433,55000,55000
c98bfc0bd754be6fe775135b06cc1db8927c4273,1696.37,67.50,6.730284099,54000,54000
ac631e8a761b5ce0c015ffd1c136352e1e7640bb,1655.32,65.42,6.586258251,54000,55000
2bc1fac618de8fcba59edc28a3a83add622633dd,1657.61,65.29,6.604602564,54000,54000
fdd3469d311a307c1014b2873a0f6a54b178e20d,1661.09,65.87,6.600130865,54000,54000
76866403afa2c89523c24e7bde4e2799f61f9e24,1640.21,64.67,6.537462159,55000,54000
848183d563a79866227aa284b64c4fe194530c37,1667.32,65.62,6.630070132,54000,55000
081f554cf199ea5d25c8675872e490671347ade3,1670.44,65.90,6.638482742,54000,55000
2408c6e4e2d0f2fbce07fa8d8eaf83eeb95c83db,1660.46,66.05,6.585682366,55000,54000
7077b3b1b20a4cdd33fecf596a14144dfe641308,1659.69,65.51,6.601380708,55000,54000
2bc1fac618de8fcba59edc28a3a83add622633dd,1670.24,65.93,6.647574306,54000,54000
081f554cf199ea5d25c8675872e490671347ade3,1690.33,66.79,6.736696089,54000,54000
ddb2c79305bacf54136c120fb6a7fac637a34ccd,1657.22,65.44,6.596128204,54000,54000
7077b3b1b20a4cdd33fecf596a14144dfe641308,1643.92,65.13,6.551757610,54000,54000
a58debdc9b07eba1226d181bca4fdb11991bd020,1616.10,64.11,6.428953595,54000,54000
c98bfc0bd754be6fe775135b06cc1db8927c4273,1677.21,66.39,6.661206572,54000,54000
848183d563a79866227aa284b64c4fe194530c37,1681.89,66.93,6.672611022,54000,54000
ab7bb15901edddd89f30202e96ceeb2a9bfefe4a,1665.54,65.96,6.625786318,54000,54000
09a4e40df31af3d44220982802016d711ca31749,1683.72,66.87,6.678608596,54000,54000
8d07387ff27e9fb2c09812439f1a3e64e64ff05b,1625.99,64.36,6.482793155,54000,54000
27200258b82132218820505a7d63e6a84b5a6f00,1701.71,67.81,6.760304481,54000,54000
32d65a379e6178fb4bf265877a60a35dfb4adaf3,1675.62,66.14,6.661479375,55000,54000
848183d563a79866227aa284b64c4fe194530c37,1686.36,66.74,6.713964182,54000,54000
d69473187071fb357f7d522e66cb70c05c80685b,1650.93,65.25,6.575516558,54000,54000
7f358bd0a952f64d2023b937c4e171dc9b669875,1685.13,66.99,6.710135341,54000,54000
ddb2c79305bacf54136c120fb6a7fac637a34ccd,1652.33,65.26,6.574279204,55000,54000
3277bd3cdfc416fced7a30a6cea5c0ed26be4d9a,1688.76,66.74,6.729103482,54000,54000
fdd3469d311a307c1014b2873a0f6a54b178e20d,1647.76,65.38,6.564249321,53000,54000
c9ee67545b64f8cb93f1f07bddb1b5d49e874e0b,1695.97,67.27,6.745128252,54000,54000
3277bd3cdfc416fced7a30a6cea5c0ed26be4d9a,1668.28,66.01,6.646860375,54000,54000
62063dc12829c07198ac21b88b62b74705ed779e,1700.40,67.37,6.754251675,54000,54000
2d34c1e348bb25dac1da0a3e5e9cf278cba55ffb,1600.40,63.32,6.377474794,54000,54000
227a37483f8743a246649c34e8d7d57e30e23699,1644.81,64.79,6.551256680,54000,54000
527c27154e74f7c55d719ba9f2b8d430054d9f45,1655.65,65.49,6.600215227,54000,54000
fdd3469d311a307c1014b2873a0f6a54b178e20d,1647.26,64.88,6.556030315,54000,54000
072cc2e5b8a8b8b869ac127d9416c66e6dc28eaa,1661.20,65.65,6.619871452,54000,55000
88281eb0a809e4701d8bad279c7b50a348f2ac29,1672.07,66.16,6.650800829,54000,54000
081f554cf199ea5d25c8675872e490671347ade3,1662.62,65.79,6.621400038,54000,54000
402f88bf4ba79c91411ad90242304973ed4bcb6c,1691.67,67.13,6.711791729,54000,54000
ca4b9bb3a3e59483e592ce6d65ec048fb6772cb6,1662.92,65.51,6.623131839,54000,54000
0bcf48bd57a6c463c5fee9aa8f76cfa1d4b42267,1679.73,66.52,6.686209904,54000,54000
848183d563a79866227aa284b64c4fe194530c37,1694.17,67.18,6.750899496,54000,54000
7077b3b1b20a4cdd33fecf596a14144dfe641308,1618.73,63.96,6.449928129,54000,54000
88281eb0a809e4701d8bad279c7b50a348f2ac29,1663.16,65.94,6.619205225,54000,54000
89ae3c04846efe8e05e367b6cbddd3637205175c,1681.88,66.72,6.701248348,54000,55000
4c9cc7aa5040d89ae29cde7372e7fbd97c117eee,1623.11,64.36,6.462002896,54000,54000
86e5898a7ee7efa5647cf32d4b8eb784dd41a330,1651.25,65.30,6.570800627,54000,54000
89ae3c04846efe8e05e367b6cbddd3637205175c,1655.89,65.25,6.595623579,54000,54000
f9a99fc0f5743e1f8027d1a48ee49072aad21e69,1644.75,65.22,6.548968806,54000,54000
50363851973d1c7d7446fcc0b79f7ace70faa58c,1646.92,65.13,6.555494551,54000,54000
b98f3a00a651eacd3d73203acf10cb69b251f56a,1642.08,64.71,6.542661416,54000,54000
eef0beee97f0cffe1abf2a8b74373f524ccd328c,1694.81,67.03,6.743986599,54000,55000
8a4a03b5fe0242fd9334f443a54c9590a08ce969,1650.52,65.55,6.561583167,55000,54000
d37a43562478d4750e0d8a2b5f09f1f1629a50b5,1661.50,65.89,6.619343245,54000,54000
21b22eccdd1252272b7d41f9e2c669c209956fb1,1648.84,65.36,6.553272230,54000,54000
13dac9a8375018b890d545197604007c54fca9cc,1699.89,67.19,6.758494662,55000,55000
2bc1fac618de8fcba59edc28a3a83add622633dd,1633.95,64.31,6.515872278,54000,54000
9ff4a3e91a045b6d950f0bfcd2606a69123ae186,1641.96,64.83,6.528027591,55000,54000
3e733b566cd4036dc2f9fe646e6c1f6e9ffb1bab,1725.67,68.61,6.848513366,54000,55000
527c27154e74f7c55d719ba9f2b8d430054d9f45,1665.54,65.87,6.618293364,54000,54000
f887aa1b16ead18fdfb2644ad69b40858b7c5d8f,1663.97,65.72,6.617595024,54000,54000
86e5898a7ee7efa5647cf32d4b8eb784dd41a330,1635.78,64.22,6.510098168,55000,54000
03334142048678425d3589834f5831388c5cc6b2,1691.26,66.86,6.706652819,54000,54000
402f88bf4ba79c91411ad90242304973ed4bcb6c,1678.96,66.79,6.666955589,54000,54000
898a4a5669dec0de4e060af19070d8c5037ccfd1,1685.13,66.96,6.680148821,54000,54000
21b22eccdd1252272b7d41f9e2c669c209956fb1,1680.42,66.84,6.665352905,55000,54000
27200258b82132218820505a7d63e6a84b5a6f00,1694.62,67.05,6.736048397,54000,54000
ed3f13a22edb9b11073acf69e75245be0e8fedf1,1694.11,67.27,6.704184045,54000,53000
2d685cc116d7abbb5f75b6da3f828f0dc319eac2,1696.61,67.12,6.738164071,54000,54000
527c27154e74f7c55d719ba9f2b8d430054d9f45,1673.47,65.95,6.644505112,54000,54000
7049ba88ab5fce314d33a0da14543d861b31d4f7,1701.15,67.58,6.758393719,54000,54000
2d34c1e348bb25dac1da0a3e5e9cf278cba55ffb,1633.94,64.66,6.497029460,54000,54000
8d07387ff27e9fb2c09812439f1a3e64e64ff05b,1656.59,65.46,6.582349813,54000,54000
a1dbff7275ec8afcc1f4408c45cdffdab35bacde,1666.07,65.69,6.614630477,54000,54000
0bcf48bd57a6c463c5fee9aa8f76cfa1d4b42267,1651.08,65.34,6.558140111,54000,54000
527c27154e74f7c55d719ba9f2b8d430054d9f45,1706.41,67.51,6.778871692,54000,55000
fdd3469d311a307c1014b2873a0f6a54b178e20d,1686.19,66.82,6.698957597,54000,54000
18cd3feef30dc403976e3822c49264054d5e8fdf,1684.07,66.75,6.673335818,54000,54000
b98f3a00a651eacd3d73203acf10cb69b251f56a,1658.95,65.35,6.602861323,54000,54000
072cc2e5b8a8b8b869ac127d9416c66e6dc28eaa,1666.77,66.00,6.619736164,54000,54000
91fe5f3964f12f8d3b316ec5cfdc37dbe62fd00e,1635.33,64.38,6.509550481,54000,54000
d69473187071fb357f7d522e66cb70c05c80685b,1649.04,64.92,6.569620893,54000,54000
13dac9a8375018b890d545197604007c54fca9cc,1689.45,66.70,6.707397369,54000,54000
081f554cf199ea5d25c8675872e490671347ade3,1679.84,66.45,6.679062493,54000,54000
ca4b9bb3a3e59483e592ce6d65ec048fb6772cb6,1657.72,65.64,6.604005534,54000,54000
f887aa1b16ead18fdfb2644ad69b40858b7c5d8f,1669.49,66.18,6.647934855,54000,54000
f10c9ec0110e26211ffc1b59406de947bc035b6f,1655.05,65.26,6.579672937,54000,54000
0bcf48bd57a6c463c5fee9aa8f76cfa1d4b42267,1675.74,66.17,6.663432643,54000,54000
b86cecfc10b5a2874be2e9bfde2ceaf78dd857a9,1650.76,65.31,6.546314337,54000,54000
62063dc12829c07198ac21b88b62b74705ed779e,1703.48,67.56,6.759074412,54000,54000
f10c9ec0110e26211ffc1b59406de947bc035b6f,1648.32,65.10,6.565082598,54000,54000
f0fcbd790d322f6e8b827977f8b0b627a0a385b7,1683.48,66.99,6.688197994,54000,54000
68d5b7e06cd4a7c14f99647af2573244ee7529f7,1684.48,66.52,6.703325000,54000,54000
62063dc12829c07198ac21b88b62b74705ed779e,1709.79,68.13,6.772906371,54000,55000
91fe5f3964f12f8d3b316ec5cfdc37dbe62fd00e,1656.18,65.52,6.590148782,54000,54000
ed3f13a22edb9b11073acf69e75245be0e8fedf1,1695.84,67.32,6.720392107,54000,54000
27200258b82132218820505a7d63e6a84b5a6f00,1690.18,66.97,6.716327987,54000,54000
a60cc642edef9baf81a1ab5422e820b951c64e43,1682.09,66.25,6.689584648,54000,54000
b98f3a00a651eacd3d73203acf10cb69b251f56a,1654.41,65.36,6.577462911,54000,54000
ddb2c79305bacf54136c120fb6a7fac637a34ccd,1665.43,65.92,6.628738705,54000,54000
ab7bb15901edddd89f30202e96ceeb2a9bfefe4a,1668.06,66.08,6.623811961,54000,54000
ed3f13a22edb9b11073acf69e75245be0e8fedf1,1679.62,66.80,6.654639491,54000,54000
081f554cf199ea5d25c8675872e490671347ade3,1665.76,65.60,6.626467826,54000,54000
2408c6e4e2d0f2fbce07fa8d8eaf83eeb95c83db,1659.42,65.58,6.596396470,54000,55000
a1637d262f42b9e2eeca2ed0d52b9f14ff13039e,1678.40,66.87,6.660350919,55000,54000
ac47a7bb114801ce7d57bf1f4e8877b25e10b754,1689.90,66.92,6.714969963,56000,54000
3c0926aabcf7dc60fa1bf6a25ff4a5c45faed2fe,1670.89,65.81,6.634529909,54000,54000
76866403afa2c89523c24e7bde4e2799f61f9e24,1611.24,63.84,6.415395674,54000,54000
1401205b34a1bce3285f1f10dc2c49208f2dd87c,1651.47,65.15,6.567569250,54000,54000
1401205b34a1bce3285f1f10dc2c49208f2dd87c,1665.21,66.12,6.598193334,54000,54000
88281eb0a809e4701d8bad279c7b50a348f2ac29,1660.00,65.51,6.599638879,54000,54000
ca4b9bb3a3e59483e592ce6d65ec048fb6772cb6,1655.75,65.21,6.580890918,54000,54000
081f554cf199ea5d25c8675872e490671347ade3,1673.76,66.23,6.653489371,54000,54000
6a9f95cbd0fa2c37113737a879370534be247fed,1709.42,67.86,6.778159734,54000,54000
4e956448ecbfe28c36fe8ccd1b96f4d220262eb5,1670.98,65.97,6.645759842,54000,54000
0bcf48bd57a6c463c5fee9aa8f76cfa1d4b42267,1652.25,65.45,6.567871068,54000,54000
a828de1fa2145d033f20051f4c2a7328b461ba74,1655.44,65.32,6.587902065,54000,54000
ad5211c15cb360584debb757cdb1bf52092f08ec,1666.29,65.72,6.619940975,54000,54000
b98f3a00a651eacd3d73203acf10cb69b251f56a,1661.23,65.62,6.608743576,55000,54000
1401205b34a1bce3285f1f10dc2c49208f2dd87c,1661.75,65.48,6.619815019,54000,54000
9a0d4afd23642c78acc27e20ec7986b8395bc91a,1659.67,65.29,6.589849365,55000,55000
e6ee80f446e629021763df43f762238bffdb94a3,1675.75,66.18,6.667358998,54000,54000
89ae3c04846efe8e05e367b6cbddd3637205175c,1678.54,66.43,6.669316331,55000,54000
ac47a7bb114801ce7d57bf1f4e8877b25e10b754,1675.08,66.11,6.652155140,54000,54000
0bcf48bd57a6c463c5fee9aa8f76cfa1d4b42267,1656.96,65.50,6.588930560,54000,54000
7077b3b1b20a4cdd33fecf596a14144dfe641308,1639.80,64.49,6.528459087,54000,54000
7049ba88ab5fce314d33a0da14543d861b31d4f7,1675.65,66.18,6.662345470,54000,54000
9a0d4afd23642c78acc27e20ec7986b8395bc91a,1657.12,65.48,6.590298770,55000,53000
178c73e4064a462e324c35147a71d2cfaf590ccf,1689.11,67.05,6.702085701,54000,54000
fdd3469d311a307c1014b2873a0f6a54b178e20d,1663.05,65.97,6.609773804,54000,54000
cf0bbc1ac9189b5c92f56e7200f40ec6c348c13c,1682.34,66.89,6.676763371,54000,54000
6a7a17977e19d52cd4154cd88a4be01e9ac18073,1688.30,67.14,6.698552789,55000,54000
1dda9635523b408aead1c5287c2d5e71ac3c27de,1680.28,66.54,6.675135158,54000,53000
4e956448ecbfe28c36fe8ccd1b96f4d220262eb5,1656.27,65.30,6.588398598,54000,54000
7077b3b1b20a4cdd33fecf596a14144dfe641308,1640.85,64.72,6.527272639,54000,54000
ad5211c15cb360584debb757cdb1bf52092f08ec,1674.10,66.17,6.654627138,54000,54000
fa5de08ae250728c6c30910ca0089257fc506811,1596.93,62.94,6.369473600,54000,54000
3e733b566cd4036dc2f9fe646e6c1f6e9ffb1bab,1675.17,66.04,6.653325005,53000,54000
fdd3469d311a307c1014b2873a0f6a54b178e20d,1651.76,65.15,6.563861936,54000,54000
054100925578c12d46dc37f8bc3af1e9de748ece,1680.73,66.30,6.681857139,54000,54000
7077b3b1b20a4cdd33fecf596a14144dfe641308,1641.13,64.71,6.540578393,54000,54000
7049ba88ab5fce314d33a0da14543d861b31d4f7,1677.03,66.41,6.658376012,54000,53000
80b9cca33c213664269bf748efd90296d39d971b,1650.16,65.19,6.549956478,54000,54000
3277bd3cdfc416fced7a30a6cea5c0ed26be4d9a,1654.73,65.33,6.583591663,54000,54000
03334142048678425d3589834f5831388c5cc6b2,1689.10,66.76,6.718769284,54000,54000
2cf91a2220f62bc321924e5f293619e6e138906e,1687.34,67.05,6.701273744,54000,54000
2cf91a2220f62bc321924e5f293619e6e138906e,1714.48,67.71,6.837168553,54000,54000
80b9cca33c213664269bf748efd90296d39d971b,1644.91,65.18,6.545092506,54000,55000
3e733b566cd4036dc2f9fe646e6c1f6e9ffb1bab,1702.93,67.44,6.753117753,54000,55000
8a4a03b5fe0242fd9334f443a54c9590a08ce969,1660.12,65.76,6.589487267,54000,54000
f7341d42982e71d76378dc0ac95524648fef41d3,1691.62,66.98,6.709092537,54000,54000
f0fcbd790d322f6e8b827977f8b0b627a0a385b7,1700.73,67.39,6.751410936,54000,54000
054100925578c12d46dc37f8bc3af1e9de748ece,1705.30,67.57,6.765351807,55000,54000
4e956448ecbfe28c36fe8ccd1b96f4d220262eb5,1663.88,65.68,6.622226621,55000,55000
e3610fea48d2f03efa070c18819f441a633d65a9,1632.82,64.76,6.481437865,55000,54000
d37a43562478d4750e0d8a2b5f09f1f1629a50b5,1655.97,65.54,6.585976429,54000,54000
3c0926aabcf7dc60fa1bf6a25ff4a5c45faed2fe,1696.76,67.00,6.738362814,55000,54000
1401205b34a1bce3285f1f10dc2c49208f2dd87c,1675.67,66.31,6.666344776,54000,54000
1dda9635523b408aead1c5287c2d5e71ac3c27de,1685.29,66.45,6.681677634,54000,55000
d37a43562478d4750e0d8a2b5f09f1f1629a50b5,1682.72,66.43,6.687314836,55000,55000
ed3f13a22edb9b11073acf69e75245be0e8fedf1,1694.20,67.34,6.709982814,54000,55000
c9ee67545b64f8cb93f1f07bddb1b5d49e874e0b,1694.62,66.94,6.746903187,54000,54000
521b90a772b02a04e6efa1b39cd1be4aca20fd46,1639.76,64.72,6.519533794,55000,54000
f02831e29c0f7dd49df556c7a17f882ae23a1572,1661.08,65.69,6.592498045,55000,54000
76866403afa2c89523c24e7bde4e2799f61f9e24,1649.31,65.00,6.563978574,55000,54000
2408c6e4e2d0f2fbce07fa8d8eaf83eeb95c83db,1649.97,65.02,6.565744406,56000,55000
3277bd3cdfc416fced7a30a6cea5c0ed26be4d9a,1654.28,65.08,6.577691100,55000,55000
18cd3feef30dc403976e3822c49264054d5e8fdf,1703.65,67.61,6.777987233,54000,55000
527c27154e74f7c55d719ba9f2b8d430054d9f45,1700.25,67.02,6.770085669,54000,54000
c4ba528694a07b6b0133fb199bc293364c47b9d8,1696.54,67.09,6.736347137,54000,54000
91fe5f3964f12f8d3b316ec5cfdc37dbe62fd00e,1644.20,64.82,6.534137764,54000,54000
71ee78c31d0b3bc7b2340df84acdd63666076ef8,1671.53,66.11,6.633121184,54000,54000
3e733b566cd4036dc2f9fe646e6c1f6e9ffb1bab,1699.43,67.44,6.744845055,54000,54000
eef0beee97f0cffe1abf2a8b74373f524ccd328c,1675.10,66.36,6.646524978,54000,54000
86e5898a7ee7efa5647cf32d4b8eb784dd41a330,1663.64,65.90,6.620424377,55000,54000
f7341d42982e71d76378dc0ac95524648fef41d3,1684.55,66.97,6.678272177,54000,54000
cf0bbc1ac9189b5c92f56e7200f40ec6c348c13c,1695.02,67.38,6.719623248,55000,55000
6ac9d85afd5891b01fdd3177338c53bc9223f325,1658.36,65.83,6.573467454,54000,55000
521b90a772b02a04e6efa1b39cd1be4aca20fd46,1638.02,64.64,6.521745904,54000,54000
89add04bf77331af1de4de2281c156645622a231,1652.14,65.37,6.575364374,54000,54000
9a0d4afd23642c78acc27e20ec7986b8395bc91a,1638.34,64.61,6.522176001,54000,54000
3c0926aabcf7dc60fa1bf6a25ff4a5c45faed2fe,1673.84,66.07,6.666846010,54000,54000
402f88bf4ba79c91411ad90242304973ed4bcb6c,1690.93,67.22,6.702724654,54000,54000
9a0d4afd23642c78acc27e20ec7986b8395bc91a,1638.41,64.81,6.527189927,55000,55000
d0947553e27b488247c2f26f5397be162a20ff26,1657.34,65.84,6.592174551,54000,54000
f7341d42982e71d76378dc0ac95524648fef41d3,1681.90,66.89,6.672084715,54000,54000
c98bfc0bd754be6fe775135b06cc1db8927c4273,1690.80,67.48,6.717414836,54000,55000
2cf91a2220f62bc321924e5f293619e6e138906e,1676.28,66.22,6.672266858,54000,54000
ae035b8c205689da2c8fa581c11f7dacd7485577,1667.74,66.37,6.637273711,54000,54000
fdd3469d311a307c1014b2873a0f6a54b178e20d,1678.98,66.48,6.669472649,54000,54000
d69473187071fb357f7d522e66cb70c05c80685b,1634.22,64.28,6.520591979,54000,54000
054100925578c12d46dc37f8bc3af1e9de748ece,1688.98,66.97,6.696933594,54000,54000
6a9f95cbd0fa2c37113737a879370534be247fed,1709.61,67.78,6.801269076,54000,54000
2408c6e4e2d0f2fbce07fa8d8eaf83eeb95c83db,1658.05,65.72,6.606085382,54000,54000
39b4760b36ce030ecf55d78d4eddc929ae39d1ab,1668.66,66.01,6.640857669,55000,54000
7077b3b1b20a4cdd33fecf596a14144dfe641308,1634.63,64.49,6.508869068,54000,54000
178c73e4064a462e324c35147a71d2cfaf590ccf,1652.84,65.47,6.570885227,54000,54000
76866403afa2c89523c24e7bde4e2799f61f9e24,1593.56,62.98,6.355435268,54000,54000
a1637d262f42b9e2eeca2ed0d52b9f14ff13039e,1679.43,66.35,6.681833909,54000,54000
89add04bf77331af1de4de2281c156645622a231,1672.99,66.65,6.646911966,54000,54000
2cf91a2220f62bc321924e5f293619e6e138906e,1683.75,66.66,6.706960659,54000,54000
80b9cca33c213664269bf748efd90296d39d971b,1665.44,65.91,6.631541590,54000,54000
27200258b82132218820505a7d63e6a84b5a6f00,1715.65,68.36,6.837705447,54000,54000
848183d563a79866227aa284b64c4fe194530c37,1680.92,66.75,6.677746969,54000,54000
71ee78c31d0b3bc7b2340df84acdd63666076ef8,1654.11,65.79,6.575021711,54000,53000
b1a4e77665a518c784761557fa81840fd8b209ce,1674.13,66.39,6.650176406,54000,54000
d0947553e27b488247c2f26f5397be162a20ff26,1663.46,65.71,6.628487588,54000,54000
f10c9ec0110e26211ffc1b59406de947bc035b6f,1657.77,65.59,6.587911446,54000,54000
e3610fea48d2f03efa070c18819f441a633d65a9,1641.20,65.14,6.519411467,54000,54000
6a9f95cbd0fa2c37113737a879370534be247fed,1689.10,67.03,6.700888410,54000,54000
eaf7a66abd8fe83f1aead448e304dbf53aeefcc2,1675.44,66.51,6.660212059,54000,54000
68d5b7e06cd4a7c14f99647af2573244ee7529f7,1657.37,65.47,6.595818737,54000,54000
cf0bbc1ac9189b5c92f56e7200f40ec6c348c13c,1676.63,66.60,6.660513151,54000,54000
6a7a17977e19d52cd4154cd88a4be01e9ac18073,1698.29,67.09,6.742221138,54000,54000
848183d563a79866227aa284b64c4fe194530c37,1686.36,66.28,6.705877398,54000,54000
89add04bf77331af1de4de2281c156645622a231,1683.91,66.72,6.694152581,54000,53000
1401205b34a1bce3285f1f10dc2c49208f2dd87c,1673.82,66.44,6.652444302,54000,54000
32d65a379e6178fb4bf265877a60a35dfb4adaf3,1682.14,66.05,6.693633558,54000,54000
88281eb0a809e4701d8bad279c7b50a348f2ac29,1671.14,66.13,6.639078342,54000,54000
98d3dd3494d848bd0fd12343cf9def6f9949d298,1642.94,64.45,6.530424162,54000,54000
2d34c1e348bb25dac1da0a3e5e9cf278cba55ffb,1617.98,63.93,6.433702616,54000,54000
98d3dd3494d848bd0fd12343cf9def6f9949d298,1644.11,64.59,6.540761662,54000,54000
13dac9a8375018b890d545197604007c54fca9cc,1686.08,66.55,6.685784731,54000,55000
2d685cc116d7abbb5f75b6da3f828f0dc319eac2,1687.85,66.59,6.690391711,55000,54000
a8bc053eef738529a4cbb77f618b53cb84cfea8e,1669.46,65.58,6.634340048,54000,54000
2cf91a2220f62bc321924e5f293619e6e138906e,1694.98,67.25,6.739769034,54000,54000
d69473187071fb357f7d522e66cb70c05c80685b,1652.32,64.95,6.578759737,54000,54000
ddb2c79305bacf54136c120fb6a7fac637a34ccd,1646.64,64.96,6.538901029,54000,54000
c9ee67545b64f8cb93f1f07bddb1b5d49e874e0b,1658.62,65.23,6.597774088,54000,54000
7494827c099fda0e859e2a6e1aa8dd390cf4ff3f,1669.09,65.82,6.630718316,54000,54000
227a37483f8743a246649c34e8d7d57e30e23699,1673.27,65.56,6.650218011,54000,54000
a828de1fa2145d033f20051f4c2a7328b461ba74,1646.70,64.83,6.552120780,54000,54000
27200258b82132218820505a7d63e6a84b5a6f00,1696.78,66.92,6.740756684,54000,54000
1c70788d63236a7b94abec0f2537e8c680e38583,1649.20,65.21,6.550713034,54000,54000
0bcf48bd57a6c463c5fee9aa8f76cfa1d4b42267,1645.75,64.98,6.546718986,54000,54000
b86cecfc10b5a2874be2e9bfde2ceaf78dd857a9,1655.64,65.57,6.567264524,54000,54000
d37a43562478d4750e0d8a2b5f09f1f1629a50b5,1671.95,65.82,6.651650999,53000,54000
f02831e29c0f7dd49df556c7a17f882ae23a1572,1657.98,65.43,6.579150696,54000,54000
0f3665f7d998d057f02f3dcd241cabf7b323615f,1689.73,66.70,6.703235425,53000,53000
0bcf48bd57a6c463c5fee9aa8f76cfa1d4b42267,1644.86,65.14,6.526994036,54000,54000
91fe5f3964f12f8d3b316ec5cfdc37dbe62fd00e,1642.00,64.99,6.524965059,54000,54000
6a7a17977e19d52cd4154cd88a4be01e9ac18073,1671.56,65.90,6.645422805,54000,53000
b98f3a00a651eacd3d73203acf10cb69b251f56a,1671.45,65.75,6.638436152,54000,54000
3e733b566cd4036dc2f9fe646e6c1f6e9ffb1bab,1695.03,66.90,6.715922469,55000,54000
521b90a772b02a04e6efa1b39cd1be4aca20fd46,1648.29,64.99,6.553005985,54000,54000
c98bfc0bd754be6fe775135b06cc1db8927c4273,1693.99,67.07,6.721594163,54000,55000
91fe5f3964f12f8d3b316ec5cfdc37dbe62fd00e,1650.97,65.22,6.563246577,56000,54000
93c7167419efe66c9dd0e2054055d668c895ac4f,1695.44,66.88,6.740788898,55000,54000
f10c9ec0110e26211ffc1b59406de947bc035b6f,1662.96,65.39,6.607573217,54000,54000
27200258b82132218820505a7d63e6a84b5a6f00,1698.01,66.95,6.747400459,54000,54000
71ee78c31d0b3bc7b2340df84acdd63666076ef8,1666.46,65.94,6.605359892,54000,54000
03334142048678425d3589834f5831388c5cc6b2,1703.33,67.82,6.745498011,54000,54000
d69473187071fb357f7d522e66cb70c05c80685b,1642.99,64.96,6.523221848,54000,54000
62063dc12829c07198ac21b88b62b74705ed779e,1692.18,66.77,6.715295945,54000,54000
13dac9a8375018b890d545197604007c54fca9cc,1667.84,65.94,6.633647661,54000,54000
b8d2c82649a1a210de7f079babec87c688b851f2,1683.84,66.76,6.679867737,55000,54000
f02831e29c0f7dd49df556c7a17f882ae23a1572,1666.19,65.84,6.632730697,54000,54000
fdd3469d311a307c1014b2873a0f6a54b178e20d,1673.19,66.32,6.646609350,54000,54000
89add04bf77331af1de4de2281c156645622a231,1649.00,65.09,6.570045006,54000,54000
98d3dd3494d848bd0fd12343cf9def6f9949d298,1667.99,66.17,6.630084535,54000,55000
e6ee80f446e629021763df43f762238bffdb94a3,1649.68,65.07,6.559809873,54000,54000
a1dbff7275ec8afcc1f4408c45cdffdab35bacde,1696.59,67.01,6.752255101,54000,54000
9a0d4afd23642c78acc27e20ec7986b8395bc91a,1650.85,64.89,6.574332908,54000,55000
1c70788d63236a7b94abec0f2537e8c680e38583,1654.47,65.43,6.584006556,54000,54000
2cf91a2220f62bc321924e5f293619e6e138906e,1663.59,65.75,6.616953685,54000,54000
c4ba528694a07b6b0133fb199bc293364c47b9d8,1700.03,67.47,6.738539339,54000,54000
89ae3c04846efe8e05e367b6cbddd3637205175c,1677.32,66.41,6.659193989,55000,55000
6a7a17977e19d52cd4154cd88a4be01e9ac18073,1681.32,66.51,6.679672599,54000,54000
c9ee67545b64f8cb93f1f07bddb1b5d49e874e0b,1659.28,65.61,6.594544934,54000,53000
178c73e4064a462e324c35147a71d2cfaf590ccf,1656.68,65.60,6.587864944,53000,54000
227a37483f8743a246649c34e8d7d57e30e23699,1657.19,65.27,6.586973885,54000,54000
1834c0f337c95672361f56901e9d60dbb6fc00bb,1656.15,65.40,6.585438551,54000,54000
62063dc12829c07198ac21b88b62b74705ed779e,1712.23,67.75,6.791524372,53000,54000
1401205b34a1bce3285f1f10dc2c49208f2dd87c,1649.49,65.20,6.554242333,54000,54000
178c73e4064a462e324c35147a71d2cfaf590ccf,1665.50,65.66,6.626152505,54000,54000
39b4760b36ce030ecf55d78d4eddc929ae39d1ab,1676.47,66.30,6.664565969,54000,54000
2d685cc116d7abbb5f75b6da3f828f0dc319eac2,1685.79,66.51,6.694313072,54000,54000
527c27154e74f7c55d719ba9f2b8d430054d9f45,1683.95,66.39,6.688587898,54000,54000
44845a7d44536a24f15b1e0c4686cb71e867b513,1659.73,65.20,6.593982313,54000,54000
b8d2c82649a1a210de7f079babec87c688b851f2,1691.35,66.59,6.714673537,53000,54000
fa5de08ae250728c6c30910ca0089257fc506811,1609.58,63.39,6.415113582,54000,55000
7f358bd0a952f64d2023b937c4e171dc9b669875,1703.25,67.58,6.757619405,55000,54000
7f358bd0a952f64d2023b937c4e171dc9b669875,1679.57,66.44,6.657801546,54000,54000
e3610fea48d2f03efa070c18819f441a633d65a9,1627.55,64.45,6.463288662,54000,54000
1401205b34a1bce3285f1f10dc2c49208f2dd87c,1668.57,65.81,6.642642765,54000,55000
80b9cca33c213664269bf748efd90296d39d971b,1661.86,65.61,6.612677545,54000,54000
76866403afa2c89523c24e7bde4e2799f61f9e24,1607.71,63.44,6.391270340,55000,54000
2408c6e4e2d0f2fbce07fa8d8eaf83eeb95c83db,1649.63,65.19,6.550655841,54000,55000
7494827c099fda0e859e2a6e1aa8dd390cf4ff3f,1649.17,65.00,6.557651559,54000,54000
4c9cc7aa5040d89ae29cde7372e7fbd97c117eee,1619.80,64.26,6.452499257,54000,54000
93c7167419efe66c9dd0e2054055d668c895ac4f,1695.80,67.17,6.740083217,54000,54000
b98f3a00a651eacd3d73203acf10cb69b251f56a,1651.98,65.21,6.567463944,54000,54000
a1637d262f42b9e2eeca2ed0d52b9f14ff13039e,1682.66,66.38,6.687643350,54000,54000
c4ba528694a07b6b0133fb199bc293364c47b9d8,1700.66,67.40,6.767738777,54000,54000
b86cecfc10b5a2874be2e9bfde2ceaf78dd857a9,1638.14,65.04,6.510986622,55000,54000
f887aa1b16ead18fdfb2644ad69b40858b7c5d8f,1638.32,64.72,6.535151657,53000,54000
8d07387ff27e9fb2c09812439f1a3e64e64ff05b,1668.62,65.98,6.652579248,54000,54000
521b90a772b02a04e6efa1b39cd1be4aca20fd46,1647.05,65.24,6.556308018,55000,54000
a58debdc9b07eba1226d181bca4fdb11991bd020,1635.38,64.77,6.506868287,55000,54000
a58debdc9b07eba1226d181bca4fdb11991bd020,1610.57,63.42,6.439474674,54000,53000
2408c6e4e2d0f2fbce07fa8d8eaf83eeb95c83db,1654.65,65.48,6.592162659,54000,54000
b1a4e77665a518c784761557fa81840fd8b209ce,1669.70,66.14,6.643219945,54000,54000
fdd3469d311a307c1014b2873a0f6a54b178e20d,1649.17,65.41,6.566689891,54000,54000
7077b3b1b20a4cdd33fecf596a14144dfe641308,1663.75,65.55,6.634923159,53000,54000
89add04bf77331af1de4de2281c156645622a231,1655.54,65.38,6.597858490,54000,54000
b1a4e77665a518c784761557fa81840fd8b209ce,1699.64,66.89,6.763342603,54000,54000
44845a7d44536a24f15b1e0c4686cb71e867b513,1673.14,66.12,6.661868285,55000,54000
c98bfc0bd754be6fe775135b06cc1db8927c4273,1692.67,67.06,6.732213079,55000,54000
80b9cca33c213664269bf748efd90296d39d971b,1673.47,65.94,6.674684729,54000,54000
402f88bf4ba79c91411ad90242304973ed4bcb6c,1687.58,67.06,6.709489620,54000,54000
27200258b82132218820505a7d63e6a84b5a6f00,1679.05,66.44,6.682459815,54000,54000
fdd3469d311a307c1014b2873a0f6a54b178e20d,1665.12,65.85,6.623732593,54000,54000
eef0beee97f0cffe1abf2a8b74373f524ccd328c,1694.82,66.97,6.750693801,54000,54000
b86cecfc10b5a2874be2e9bfde2ceaf78dd857a9,1651.94,65.67,6.557556911,54000,54000
a1dbff7275ec8afcc1f4408c45cdffdab35bacde,1645.99,64.81,6.563598124,55000,54000
50363851973d1c7d7446fcc0b79f7ace70faa58c,1638.89,64.71,6.526320227,54000,53000
7494827c099fda0e859e2a6e1aa8dd390cf4ff3f,1659.01,65.57,6.611309797,54000,53000
eef0beee97f0cffe1abf2a8b74373f524ccd328c,1705.69,67.85,6.777962094,53000,54000
5e3c821533dac57904e1f6c41979949407992337,1646.49,64.98,6.557278161,54000,54000
8d07387ff27e9fb2c09812439f1a3e64e64ff05b,1643.20,64.83,6.548338067,54000,54000
e6ee80f446e629021763df43f762238bffdb94a3,1665.17,66.12,6.620319656,54000,54000
e3610fea48d2f03efa070c18819f441a633d65a9,1641.89,64.85,6.527959179,54000,54000
8a4a03b5fe0242fd9334f443a54c9590a08ce969,1701.11,67.72,6.763708506,54000,54000
2bc1fac618de8fcba59edc28a3a83add622633dd,1645.58,64.92,6.557824174,54000,54000
6a7a17977e19d52cd4154cd88a4be01e9ac18073,1685.51,66.52,6.697770597,54000,53000
a8bc053eef738529a4cbb77f618b53cb84cfea8e,1659.24,65.75,6.605652289,54000,54000
03334142048678425d3589834f5831388c5cc6b2,1674.01,66.55,6.658168956,54000,54000
50363851973d1c7d7446fcc0b79f7ace70faa58c,1662.89,65.74,6.615678259,54000,54000
1dda9635523b408aead1c5287c2d5e71ac3c27de,1673.59,66.03,6.647726877,54000,54000
b8d2c82649a1a210de7f079babec87c688b851f2,1699.56,67.33,6.752345621,53000,54000
1c70788d63236a7b94abec0f2537e8c680e38583,1638.03,64.81,6.504627126,54000,54000
fdd3469d311a307c1014b2873a0f6a54b178e20d,1662.58,65.84,6.608744874,54000,54000
081f554cf199ea5d25c8675872e490671347ade3,1652.37,65.33,6.569306942,54000,54000
89ae3c04846efe8e05e367b6cbddd3637205175c,1660.22,65.73,6.598466420,54000,53000
f887aa1b16ead18fdfb2644ad69b40858b7c5d8f,1647.84,64.98,6.561383808,54000,54000
f887aa1b16ead18fdfb2644ad69b40858b7c5d8f,1652.81,65.24,6.583486880,54000,54000
d0947553e27b488247c2f26f5397be162a20ff26,1661.63,65.52,6.599391211,54000,54000
178c73e4064a462e324c35147a71d2cfaf590ccf,1667.31,65.90,6.633473481,54000,54000
b86cecfc10b5a2874be2e9bfde2ceaf78dd857a9,1654.26,65.48,6.563589017,54000,54000
ca4b9bb3a3e59483e592ce6d65ec048fb6772cb6,1655.96,65.08,6.598890792,54000,54000
d69473187071fb357f7d522e66cb70c05c80685b,1654.54,65.41,6.591103757,54000,54000
2d685cc116d7abbb5f75b6da3f828f0dc319eac2,1653.88,65.10,6.578409516,54000,55000
898a4a5669dec0de4e060af19070d8c5037ccfd1,1702.06,67.45,6.753022942,54000,54000
ddb2c79305bacf54136c120fb6a7fac637a34ccd,1647.68,65.10,6.548543443,54000,54000
a60cc642edef9baf81a1ab5422e820b951c64e43,1684.28,66.58,6.687687256,54000,55000
39e131ae3a5b0a839c4b920613c1ccb8af0dd40c,1659.34,65.71,6.596297828,54000,54000
86e5898a7ee7efa5647cf32d4b8eb784dd41a330,1640.62,64.76,6.531872823,54000,54000
68d5b7e06cd4a7c14f99647af2573244ee7529f7,1653.03,65.06,6.570597807,54000,54000
1dda9635523b408aead1c5287c2d5e71ac3c27de,1681.21,66.82,6.669972426,54000,54000
178c73e4064a462e324c35147a71d2cfaf590ccf,1647.26,64.80,6.548125373,54000,54000
ed3f13a22edb9b11073acf69e75245be0e8fedf1,1680.67,66.69,6.664430695,54000,54000
7077b3b1b20a4cdd33fecf596a14144dfe641308,1645.24,64.79,6.549601246,54000,54000
50363851973d1c7d7446fcc0b79f7ace70faa58c,1646.15,64.82,6.551867938,55000,54000
0bcf48bd57a6c463c5fee9aa8f76cfa1d4b42267,1660.86,65.58,6.618873837,54000,54000
91fe5f3964f12f8d3b316ec5cfdc37dbe62fd00e,1634.70,64.74,6.502203799,54000,54000
cf0bbc1ac9189b5c92f56e7200f40ec6c348c13c,1689.43,66.89,6.714409539,54000,54000
eaf7a66abd8fe83f1aead448e304dbf53aeefcc2,1634.78,64.69,6.508641472,54000,54000
054100925578c12d46dc37f8bc3af1e9de748ece,1698.39,67.27,6.768649981,54000,54000
91fe5f3964f12f8d3b316ec5cfdc37dbe62fd00e,1673.60,66.23,6.667520588,54000,54000
13dac9a8375018b890d545197604007c54fca9cc,1682.20,66.59,6.696358362,54000,54000
f7341d42982e71d76378dc0ac95524648fef41d3,1688.95,67.43,6.711980524,54000,54000
081f554cf199ea5d25c8675872e490671347ade3,1671.76,66.15,6.650480682,54000,54000
0f3665f7d998d057f02f3dcd241cabf7b323615f,1669.24,65.88,6.637187737,55000,54000
1dda9635523b408aead1c5287c2d5e71ac3c27de,1686.59,66.89,6.708111731,54000,54000
a60cc642edef9baf81a1ab5422e820b951c64e43,1714.36,67.70,6.813324485,54000,54000
80b9cca33c213664269bf748efd90296d39d971b,1651.15,65.71,6.571916232,55000,54000
f9a99fc0f5743e1f8027d1a48ee49072aad21e69,1633.44,64.54,6.516220070,54000,54000
6a7a17977e19d52cd4154cd88a4be01e9ac18073,1693.54,66.93,6.758389176,54000,54000
91fe5f3964f12f8d3b316ec5cfdc37dbe62fd00e,1664.40,65.88,6.631807684,53000,54000
a1dbff7275ec8afcc1f4408c45cdffdab35bacde,1682.37,66.37,6.690761669,54000,54000
18cd3feef30dc403976e3822c49264054d5e8fdf,1681.00,66.66,6.684067249,54000,54000
44845a7d44536a24f15b1e0c4686cb71e867b513,1663.72,65.86,6.617459861,55000,54000
ad5211c15cb360584debb757cdb1bf52092f08ec,1667.07,66.07,6.636375460,54000,54000
76866403afa2c89523c24e7bde4e2799f61f9e24,1607.15,63.63,6.400091722,54000,54000
76866403afa2c89523c24e7bde4e2799f61f9e24,1615.17,63.85,6.438831381,54000,54000
68d5b7e06cd4a7c14f99647af2573244ee7529f7,1671.94,65.88,6.674701967,54000,54000
a828de1fa2145d033f20051f4c2a7328b461ba74,1658.91,65.40,6.607779486,54000,54000
8d07387ff27e9fb2c09812439f1a3e64e64ff05b,1636.47,64.68,6.517520156,54000,55000
cf0bbc1ac9189b5c92f56e7200f40ec6c348c13c,1714.53,67.74,6.818172435,54000,54000
2bc1fac618de8fcba59edc28a3a83add622633dd,1643.43,65.02,6.552205681,54000,54000
f02831e29c0f7dd49df556c7a17f882ae23a1572,1697.74,67.16,6.762319099,54000,54000
f0fcbd790d322f6e8b827977f8b0b627a0a385b7,1692.39,67.34,6.715786065,54000,54000
3277bd3cdfc416fced7a30a6cea5c0ed26be4d9a,1660.96,65.48,6.613206271,53000,54000
eaf7a66abd8fe83f1aead448e304dbf53aeefcc2,1647.82,65.18,6.564782482,54000,55000
a8bc053eef738529a4cbb77f618b53cb84cfea8e,1673.03,66.16,6.678705987,54000,54000
178c73e4064a462e324c35147a71d2cfaf590ccf,1653.99,65.37,6.591462023,54000,54000
fdd3469d311a307c1014b2873a0f6a54b178e20d,1653.97,65.49,6.576540817,54000,54000
7077b3b1b20a4cdd33fecf596a14144dfe641308,1654.05,65.27,6.592134434,54000,55000
8a4a03b5fe0242fd9334f443a54c9590a08ce969,1663.07,66.08,6.607273621,54000,54000
a60cc642edef9baf81a1ab5422e820b951c64e43,1725.24,68.20,6.860287215,54000,55000
e3610fea48d2f03efa070c18819f441a633d65a9,1619.73,63.95,6.434690922,55000,54000
ca4b9bb3a3e59483e592ce6d65ec048fb6772cb6,1666.83,65.95,6.628603105,54000,54000
a58debdc9b07eba1226d181bca4fdb11991bd020,1625.45,64.45,6.459132569,55000,55000
f7341d42982e71d76378dc0ac95524648fef41d3,1703.25,67.75,6.740189563,55000,54000
1834c0f337c95672361f56901e9d60dbb6fc00bb,1663.78,65.37,6.610328190,54000,55000
5e3c821533dac57904e1f6c41979949407992337,1634.99,64.52,6.495602632,54000,54000
eef0beee97f0cffe1abf2a8b74373f524ccd328c,1677.28,66.27,6.664131856,54000,54000
27200258b82132218820505a7d63e6a84b5a6f00,1698.00,67.00,6.746750236,54000,54000
848183d563a79866227aa284b64c4fe194530c37,1679.24,66.01,6.678941173,55000,54000
f10c9ec0110e26211ffc1b59406de947bc035b6f,1646.91,64.89,6.559577787,55000,55000
ed3f13a22edb9b11073acf69e75245be0e8fedf1,1690.73,66.96,6.698180554,54000,54000
0f3665f7d998d057f02f3dcd241cabf7b323615f,1694.77,67.01,6.725583810,54000,54000
c9ee67545b64f8cb93f1f07bddb1b5d49e874e0b,1672.63,65.86,6.655899058,55000,54000
d0947553e27b488247c2f26f5397be162a20ff26,1688.74,66.92,6.719298226,54000,54000
0f3665f7d998d057f02f3dcd241cabf7b323615f,1707.92,67.63,6.779662990,54000,54000
f7341d42982e71d76378dc0ac95524648fef41d3,1681.71,66.95,6.670995398,54000,54000
3277bd3cdfc416fced7a30a6cea5c0ed26be4d9a,1657.53,65.49,6.590442988,55000,54000
7049ba88ab5fce314d33a0da14543d861b31d4f7,1679.69,66.74,6.677875803,55000,54000
5e3c821533dac57904e1f6c41979949407992337,1638.40,64.62,6.526367818,54000,54000
cf0bbc1ac9189b5c92f56e7200f40ec6c348c13c,1692.07,67.18,6.723709057,54000,54000
2408c6e4e2d0f2fbce07fa8d8eaf83eeb95c83db,1644.98,65.08,6.545885693,54000,54000
93c7167419efe66c9dd0e2054055d668c895ac4f,1684.81,66.60,6.705913622,54000,54000
18cd3feef30dc403976e3822c49264054d5e8fdf,1672.55,66.28,6.654145341,54000,54000
eaf7a66abd8fe83f1aead448e304dbf53aeefcc2,1628.07,63.94,6.504280847,54000,54000
98d3dd3494d848bd0fd12343cf9def6f9949d298,1658.13,65.57,6.602310572,54000,53000
ac47a7bb114801ce7d57bf1f4e8877b25e10b754,1697.86,67.38,6.761465432,54000,54000
f887aa1b16ead18fdfb2644ad69b40858b7c5d8f,1646.54,65.25,6.560943936,54000,55000
072cc2e5b8a8b8b869ac127d9416c66e6dc28eaa,1655.67,65.19,6.599864957,54000,54000
eef0beee97f0cffe1abf2a8b74373f524ccd328c,1680.85,66.32,6.683402379,54000,54000
b8d2c82649a1a210de7f079babec87c688b851f2,1672.74,66.15,6.652293017,53000,54000
f02831e29c0f7dd49df556c7a17f882ae23a1572,1647.52,65.00,6.550410299,54000,54000
081f554cf199ea5d25c8675872e490671347ade3,1662.40,65.37,6.624639441,54000,54000
50363851973d1c7d7446fcc0b79f7ace70faa58c,1650.81,65.13,6.572742762,53000,54000
cf0bbc1ac9189b5c92f56e7200f40ec6c348c13c,1700.00,67.58,6.758994202,54000,54000
2cf91a2220f62bc321924e5f293619e6e138906e,1685.44,66.37,6.713015924,54000,54000
2d34c1e348bb25dac1da0a3e5e9cf278cba55ffb,1606.20,63.23,6.416757490,54000,54000
f10c9ec0110e26211ffc1b59406de947bc035b6f,1692.80,66.75,6.749997357,54000,54000
21b22eccdd1252272b7d41f9e2c669c209956fb1,1669.05,65.90,6.645556024,54000,54000
f10c9ec0110e26211ffc1b59406de947bc035b6f,1666.77,65.59,6.649024452,54000,54000
402f88bf4ba79c91411ad90242304973ed4bcb6c,1697.58,66.89,6.758654243,54000,54000
0bcf48bd57a6c463c5fee9aa8f76cfa1d4b42267,1669.36,65.89,6.650732237,54000,54000
50363851973d1c7d7446fcc0b79f7ace70faa58c,1646.41,65.02,6.559473417,54000,54000
ae035b8c205689da2c8fa581c11f7dacd7485577,1634.97,64.35,6.525446907,54000,53000
2d34c1e348bb25dac1da0a3e5e9cf278cba55ffb,1607.64,63.76,6.410934683,54000,54000
d0947553e27b488247c2f26f5397be162a20ff26,1666.84,65.94,6.629161213,54000,54000
b8d2c82649a1a210de7f079babec87c688b851f2,1678.82,66.66,6.672498284,54000,54000
89ae3c04846efe8e05e367b6cbddd3637205175c,1644.98,65.05,6.548271948,54000,54000
3277bd3cdfc416fced7a30a6cea5c0ed26be4d9a,1651.73,65.16,6.573532288,54000,54000
2408c6e4e2d0f2fbce07fa8d8eaf83eeb95c83db,1652.48,65.52,6.573145834,54000,54000
09a4e40df31af3d44220982802016d711ca31749,1682.64,66.66,6.684089948,54000,54000
cf0bbc1ac9189b5c92f56e7200f40ec6c348c13c,1688.96,67.32,6.689959504,54000,54000
402f88bf4ba79c91411ad90242304973ed4bcb6c,1701.93,67.37,6.749320052,54000,54000
f887aa1b16ead18fdfb2644ad69b40858b7c5d8f,1644.38,64.91,6.550561858,54000,54000
ca4b9bb3a3e59483e592ce6d65ec048fb6772cb6,1638.86,64.80,6.527625277,54000,54000
13dac9a8375018b890d545197604007c54fca9cc,1697.32,67.19,6.738248509,54000,54000
32d65a379e6178fb4bf265877a60a35dfb4adaf3,1678.04,66.50,6.663367551,54000,54000
a60cc642edef9baf81a1ab5422e820b951c64e43,1695.32,66.93,6.733510315,54000,54000
39b4760b36ce030ecf55d78d4eddc929ae39d1ab,1698.83,66.82,6.754953842,54000,54000
93c7167419efe66c9dd0e2054055d668c895ac4f,1706.41,67.80,6.778667966,54000,54000
ae035b8c205689da2c8fa581c11f7dacd7485577,1651.86,65.21,6.567227178,54000,54000
3c0926aabcf7dc60fa1bf6a25ff4a5c45faed2fe,1670.26,66.01,6.639116647,54000,54000
e6ee80f446e629021763df43f762238bffdb94a3,1667.71,66.09,6.630240060,54000,55000
6ac9d85afd5891b01fdd3177338c53bc9223f325,1643.38,64.88,6.538058530,54000,54000
fdd3469d311a307c1014b2873a0f6a54b178e20d,1673.54,66.24,6.645558058,54000,54000
39b4760b36ce030ecf55d78d4eddc929ae39d1ab,1673.91,65.94,6.652265808,53000,54000
ddb2c79305bacf54136c120fb6a7fac637a34ccd,1670.79,66.22,6.630378262,54000,54000
a8bc053eef738529a4cbb77f618b53cb84cfea8e,1681.81,66.53,6.686267915,54000,55000
b8d2c82649a1a210de7f079babec87c688b851f2,1702.13,67.50,6.745818827,54000,54000
2408c6e4e2d0f2fbce07fa8d8eaf83eeb95c83db,1657.28,65.78,6.583603863,54000,53000
71ee78c31d0b3bc7b2340df84acdd63666076ef8,1671.09,66.07,6.624041149,54000,54000
f10c9ec0110e26211ffc1b59406de947bc035b6f,1661.07,65.45,6.589647492,54000,54000
a58debdc9b07eba1226d181bca4fdb11991bd020,1630.43,64.62,6.473002808,54000,54000
a828de1fa2145d033f20051f4c2a7328b461ba74,1660.40,65.58,6.598934679,54000,54000
a828de1fa2145d033f20051f4c2a7328b461ba74,1659.49,65.75,6.595443255,54000,54000
a60cc642edef9baf81a1ab5422e820b951c64e43,1682.42,66.63,6.679034143,54000,54000
18cd3feef30dc403976e3822c49264054d5e8fdf,1685.22,66.78,6.684074827,54000,54000
2d34c1e348bb25dac1da0a3e5e9cf278cba55ffb,1613.38,63.60,6.424613550,54000,54000
6ac9d85afd5891b01fdd3177338c53bc9223f325,1648.90,64.98,6.558865578,54000,54000
c98bfc0bd754be6fe775135b06cc1db8927c4273,1702.94,67.20,6.772076251,54000,54000
ca4b9bb3a3e59483e592ce6d65ec048fb6772cb6,1687.52,66.94,6.705803324,54000,54000
eef0beee97f0cffe1abf2a8b74373f524ccd328c,1681.12,66.27,6.690382375,54000,54000
2bc1fac618de8fcba59edc28a3a83add622633dd,1652.63,64.96,6.585146079,54000,54000
50363851973d1c7d7446fcc0b79f7ace70faa58c,1667.98,65.74,6.635749613,54000,54000
09a4e40df31af3d44220982802016d711ca31749,1651.14,65.34,6.563387451,54000,54000
7049ba88ab5fce314d33a0da14543d861b31d4f7,1654.11,65.15,6.571909564,54000,54000
f02831e29c0f7dd49df556c7a17f882ae23a1572,1637.60,64.69,6.520251302,54000,53000
f0fcbd790d322f6e8b827977f8b0b627a0a385b7,1706.17,67.94,6.774306736,54000,54000
f887aa1b16ead18fdfb2644ad69b40858b7c5d8f,1658.97,65.53,6.599679194,54000,54000
9a0d4afd23642c78acc27e20ec7986b8395bc91a,1656.38,65.45,6.583670147,54000,54000
0bcf48bd57a6c463c5fee9aa8f76cfa1d4b42267,1652.72,65.42,6.585641469,54000,54000
7f358bd0a952f64d2023b937c4e171dc9b669875,1666.57,66.17,6.621013123,54000,54000
5e3c821533dac57904e1f6c41979949407992337,1631.60,64.56,6.490191494,54000,54000
d0947553e27b488247c2f26f5397be162a20ff26,1675.58,66.56,6.660155973,54000,54000
39b4760b36ce030ecf55d78d4eddc929ae39d1ab,1681.25,66.27,6.683475840,54000,54000
0f3665f7d998d057f02f3dcd241cabf7b323615f,1673.25,66.06,6.649087263,54000,54000
7049ba88ab5fce314d33a0da14543d861b31d4f7,1693.50,67.28,6.733965128,54000,54000
39e131ae3a5b0a839c4b920613c1ccb8af0dd40c,1686.99,66.81,6.705011231,54000,54000
6ac9d85afd5891b01fdd3177338c53bc9223f325,1646.53,65.17,6.544665749,54000,54000
a58debdc9b07eba1226d181bca4fdb11991bd020,1623.00,64.25,6.462620063,54000,54000
39b4760b36ce030ecf55d78d4eddc929ae39d1ab,1699.45,67.20,6.755664707,54000,54000
71ee78c31d0b3bc7b2340df84acdd63666076ef8,1637.82,64.43,6.525332735,54000,54000
b98f3a00a651eacd3d73203acf10cb69b251f56a,1647.78,64.83,6.558247767,54000,53000
80b9cca33c213664269bf748efd90296d39d971b,1650.62,65.01,6.570993173,54000,54000
88281eb0a809e4701d8bad279c7b50a348f2ac29,1670.91,66.07,6.647475755,54000,54000
86e5898a7ee7efa5647cf32d4b8eb784dd41a330,1636.29,64.27,6.511144927,54000,54000
ac631e8a761b5ce0c015ffd1c136352e1e7640bb,1684.19,66.70,6.700991743,54000,54000
8d07387ff27e9fb2c09812439f1a3e64e64ff05b,1649.26,65.01,6.556595631,54000,54000
1c70788d63236a7b94abec0f2537e8c680e38583,1631.97,64.56,6.489382253,54000,54000
c4ba528694a07b6b0133fb199bc293364c47b9d8,1696.06,67.50,6.730463218,54000,54000
d0947553e27b488247c2f26f5397be162a20ff26,1666.67,65.76,6.620825204,54000,54000
6a9f95cbd0fa2c37113737a879370534be247fed,1688.91,66.79,6.716934064,54000,54000
b86cecfc10b5a2874be2e9bfde2ceaf78dd857a9,1662.44,65.69,6.595946757,55000,54000
ab7bb15901edddd89f30202e96ceeb2a9bfefe4a,1658.91,65.22,6.595394906,54000,54000
9ff4a3e91a045b6d950f0bfcd2606a69123ae186,1658.30,65.38,6.589865711,54000,54000
b8d2c82649a1a210de7f079babec87c688b851f2,1691.96,66.83,6.725011492,54000,54000
848183d563a79866227aa284b64c4fe194530c37,1678.38,65.74,6.674242298,55000,54000
03334142048678425d3589834f5831388c5cc6b2,1717.45,68.04,6.802482110,54000,54000
09a4e40df31af3d44220982802016d711ca31749,1692.59,67.15,6.713708206,54000,54000
7494827c099fda0e859e2a6e1aa8dd390cf4ff3f,1666.86,65.26,6.627410229,54000,54000
3e733b566cd4036dc2f9fe646e6c1f6e9ffb1bab,1687.85,66.69,6.699538493,54000,54000
ca4b9bb3a3e59483e592ce6d65ec048fb6772cb6,1636.89,64.45,6.506328506,54000,54000
93c7167419efe66c9dd0e2054055d668c895ac4f,1708.55,67.54,6.785111380,54000,54000
fdd3469d311a307c1014b2873a0f6a54b178e20d,1672.90,66.00,6.650469764,54000,54000
c4ba528694a07b6b0133fb199bc293364c47b9d8,1706.84,67.70,6.764444398,54000,54000
50363851973d1c7d7446fcc0b79f7ace70faa58c,1651.95,65.01,6.561197752,54000,54000
a8bc053eef738529a4cbb77f618b53cb84cfea8e,1687.36,66.54,6.716552703,54000,53000
8d07387ff27e9fb2c09812439f1a3e64e64ff05b,1663.32,65.55,6.623971454,54000,54000
402f88bf4ba79c91411ad90242304973ed4bcb6c,1686.70,66.92,6.677726742,54000,54000
93c7167419efe66c9dd0e2054055d668c895ac4f,1678.38,66.46,6.664953677,54000,54000
5e3c821533dac57904e1f6c41979949407992337,1656.76,65.29,6.600654987,54000,53000
ae035b8c205689da2c8fa581c11f7dacd7485577,1654.11,65.17,6.586663675,54000,54000
c98bfc0bd754be6fe775135b06cc1db8927c4273,1704.68,67.66,6.781210186,54000,54000
527c27154e74f7c55d719ba9f2b8d430054d9f45,1634.04,64.49,6.509952446,54000,53000
50d107d72fead969ca3a311664cd22276db451e7,1676.60,66.38,6.657400001,54000,54000
054100925578c12d46dc37f8bc3af1e9de748ece,1681.93,66.81,6.678890085,54000,55000
081f554cf199ea5d25c8675872e490671347ade3,1671.20,66.14,6.648139397,54000,53000
39b4760b36ce030ecf55d78d4eddc929ae39d1ab,1656.08,65.21,6.603880982,54000,54000
7494827c099fda0e859e2a6e1aa8dd390cf4ff3f,1670.28,65.85,6.661631068,54000,54000
1c70788d63236a7b94abec0f2537e8c680e38583,1659.05,65.83,6.595617406,55000,54000
8d07387ff27e9fb2c09812439f1a3e64e64ff05b,1651.77,65.42,6.579599134,54000,54000
68d5b7e06cd4a7c14f99647af2573244ee7529f7,1667.15,66.08,6.628770192,54000,54000
6a7a17977e19d52cd4154cd88a4be01e9ac18073,1685.36,66.71,6.694108848,54000,54000
ac631e8a761b5ce0c015ffd1c136352e1e7640bb,1640.48,64.59,6.527821318,54000,54000
c4ba528694a07b6b0133fb199bc293364c47b9d8,1685.56,66.74,6.699754416,54000,54000
8a4a03b5fe0242fd9334f443a54c9590a08ce969,1653.08,65.46,6.576306646,54000,54000
2d685cc116d7abbb5f75b6da3f828f0dc319eac2,1669.29,66.22,6.635232418,54000,54000
a60cc642edef9baf81a1ab5422e820b951c64e43,1679.63,66.59,6.671370717,54000,54000
b1a4e77665a518c784761557fa81840fd8b209ce,1693.92,67.16,6.739166717,54000,54000
2408c6e4e2d0f2fbce07fa8d8eaf83eeb95c83db,1651.38,65.22,6.571820854,54000,54000
b98f3a00a651eacd3d73203acf10cb69b251f56a,1639.99,64.71,6.533445495,54000,54000
39e131ae3a5b0a839c4b920613c1ccb8af0dd40c,1676.42,66.46,6.662303691,54000,54000
71ee78c31d0b3bc7b2340df84acdd63666076ef8,1670.23,66.30,6.644545926,54000,54000
6a7a17977e19d52cd4154cd88a4be01e9ac18073,1690.55,66.72,6.732175530,53000,54000
2408c6e4e2d0f2fbce07fa8d8eaf83eeb95c83db,1668.92,66.30,6.633850292,54000,54000
b86cecfc10b5a2874be2e9bfde2ceaf78dd857a9,1645.30,65.25,6.532261952,54000,54000
c9ee67545b64f8cb93f1f07bddb1b5d49e874e0b,1680.80,66.55,6.681900359,54000,54000
8d07387ff27e9fb2c09812439f1a3e64e64ff05b,1631.68,64.27,6.494671518,54000,54000
f0fcbd790d322f6e8b827977f8b0b627a0a385b7,1702.43,67.92,6.754461470,54000,54000
fdd3469d311a307c1014b2873a0f6a54b178e20d,1655.23,65.51,6.578827380,55000,54000
f9a99fc0f5743e1f8027d1a48ee49072aad21e69,1668.24,65.76,6.655928211,54000,54000
f10c9ec0110e26211ffc1b59406de947bc035b6f,1675.14,66.26,6.654838121,55000,54000
521b90a772b02a04e6efa1b39cd1be4aca20fd46,1662.80,66.01,6.615416648,54000,54000
7049ba88ab5fce314d33a0da14543d861b31d4f7,1660.00,65.71,6.602157062,54000,54000
a1dbff7275ec8afcc1f4408c45cdffdab35bacde,1665.87,65.78,6.623491492,54000,54000
072cc2e5b8a8b8b869ac127d9416c66e6dc28eaa,1636.80,64.56,6.516751000,54000,54000
ae035b8c205689da2c8fa581c11f7dacd7485577,1641.30,64.61,6.537695915,54000,54000
527c27154e74f7c55d719ba9f2b8d430054d9f45,1651.65,64.88,6.578424099,54000,54000
ab7bb15901edddd89f30202e96ceeb2a9bfefe4a,1696.46,67.28,6.737372553,54000,54000
fa5de08ae250728c6c30910ca0089257fc506811,1627.99,64.18,6.500323348,54000,54000
0f3665f7d998d057f02f3dcd241cabf7b323615f,1695.49,66.84,6.740207448,54000,54000
ab7bb15901edddd89f30202e96ceeb2a9bfefe4a,1661.93,65.96,6.600962550,54000,54000
402f88bf4ba79c91411ad90242304973ed4bcb6c,1688.67,66.66,6.698915025,53000,54000
c98bfc0bd754be6fe775135b06cc1db8927c4273,1691.68,66.93,6.721439977,54000,54000
898a4a5669dec0de4e060af19070d8c5037ccfd1,1702.14,67.28,6.761761403,54000,54000
ddb2c79305bacf54136c120fb6a7fac637a34ccd,1669.00,66.23,6.621481266,54000,54000
a60cc642edef9baf81a1ab5422e820b951c64e43,1714.69,67.75,6.808785922,54000,54000
03334142048678425d3589834f5831388c5cc6b2,1681.09,66.33,6.677036729,54000,54000
e6ee80f446e629021763df43f762238bffdb94a3,1655.88,65.65,6.580745084,54000,55000
848183d563a79866227aa284b64c4fe194530c37,1669.80,65.86,6.630174314,55000,54000
39e131ae3a5b0a839c4b920613c1ccb8af0dd40c,1664.83,65.71,6.613184968,54000,54000
8d07387ff27e9fb2c09812439f1a3e64e64ff05b,1658.54,65.75,6.594613213,54000,54000
18cd3feef30dc403976e3822c49264054d5e8fdf,1708.38,67.37,6.792839694,54000,54000
fdd3469d311a307c1014b2873a0f6a54b178e20d,1660.16,65.69,6.609549512,54000,53000
072cc2e5b8a8b8b869ac127d9416c66e6dc28eaa,1697.53,67.10,6.739715575,54000,54000
4e956448ecbfe28c36fe8ccd1b96f4d220262eb5,1657.56,65.55,6.595645464,54000,54000
ab7bb15901edddd89f30202e96ceeb2a9bfefe4a,1648.36,65.21,6.546801333,54000,54000
848183d563a79866227aa284b64c4fe194530c37,1689.88,66.73,6.710313604,54000,54000
d69473187071fb357f7d522e66cb70c05c80685b,1637.76,64.48,6.522809145,54000,54000
a1637d262f42b9e2eeca2ed0d52b9f14ff13039e,1696.42,67.36,6.738192395,54000,54000
ed3f13a22edb9b11073acf69e75245be0e8fedf1,1706.18,68.02,6.772555563,54000,54000
7077b3b1b20a4cdd33fecf596a14144dfe641308,1637.97,64.56,6.528515324,53000,54000
5e3c821533dac57904e1f6c41979949407992337,1664.61,65.66,6.635253135,54000,54000
fa5de08ae250728c6c30910ca0089257fc506811,1604.51,63.58,6.383316109,54000,54000
93c7167419efe66c9dd0e2054055d668c895ac4f,1695.99,67.33,6.738556770,54000,54000
ddb2c79305bacf54136c120fb6a7fac637a34ccd,1683.40,66.80,6.722006186,54000,54000
03334142048678425d3589834f5831388c5cc6b2,1706.51,67.53,6.777370192,54000,54000
7049ba88ab5fce314d33a0da14543d861b31d4f7,1682.45,66.76,6.685237317,54000,54000
7049ba88ab5fce314d33a0da14543d861b31d4f7,1662.40,65.82,6.606501275,54000,54000
50363851973d1c7d7446fcc0b79f7ace70faa58c,1635.72,64.39,6.510750614,54000,54000
21b22eccdd1252272b7d41f9e2c669c209956fb1,1673.11,66.28,6.650563428,54000,54000
2cf91a2220f62bc321924e5f293619e6e138906e,1699.17,67.19,6.753511296,54000,54000
9ff4a3e91a045b6d950f0bfcd2606a69123ae186,1678.50,66.21,6.680455320,53000,54000
21b22eccdd1252272b7d41f9e2c669c209956fb1,1682.60,66.47,6.699185732,54000,54000
2d685cc116d7abbb5f75b6da3f828f0dc319eac2,1691.04,66.76,6.727609198,54000,54000
5e3c821533dac57904e1f6c41979949407992337,1651.18,65.07,6.566536351,54000,54000
89ae3c04846efe8e05e367b6cbddd3637205175c,1644.04,65.19,6.540433527,54000,54000
527c27154e74f7c55d719ba9f2b8d430054d9f45,1686.61,66.77,6.722246816,54000,54000
68d5b7e06cd4a7c14f99647af2573244ee7529f7,1647.52,64.96,6.561700658,54000,54000
eef0beee97f0cffe1abf2a8b74373f524ccd328c,1667.52,65.85,6.626903602,54000,54000
80b9cca33c213664269bf748efd90296d39d971b,1644.71,65.09,6.551962320,54000,54000
09a4e40df31af3d44220982802016d711ca31749,1675.19,66.62,6.659231970,54000,54000
ca4b9bb3a3e59483e592ce6d65ec048fb6772cb6,1686.44,66.91,6.714847115,54000,54000
ddb2c79305bacf54136c120fb6a7fac637a34ccd,1656.61,65.60,6.584695054,54000,54000
ae035b8c205689da2c8fa581c11f7dacd7485577,1647.14,65.01,6.560820058,54000,54000
ae035b8c205689da2c8fa581c11f7dacd7485577,1650.16,65.27,6.565497744,54000,53000
2bc1fac618de8fcba59edc28a3a83add622633dd,1674.01,65.97,6.659203210,54000,54000
ad5211c15cb360584debb757cdb1bf52092f08ec,1654.60,65.05,6.599153619,54000,54000
80b9cca33c213664269bf748efd90296d39d971b,1674.42,66.16,6.663746734,54000,54000
7494827c099fda0e859e2a6e1aa8dd390cf4ff3f,1658.33,65.39,6.601089648,54000,54000
fa5de08ae250728c6c30910ca0089257fc506811,1591.44,62.61,6.350937208,54000,54000
3277bd3cdfc416fced7a30a6cea5c0ed26be4d9a,1653.37,65.66,6.562511970,54000,54000
88281eb0a809e4701d8bad279c7b50a348f2ac29,1641.41,64.42,6.531678929,54000,54000
1c70788d63236a7b94abec0f2537e8c680e38583,1636.14,64.53,6.510504042,54000,54000
b1a4e77665a518c784761557fa81840fd8b209ce,1686.67,66.44,6.703821249,54000,54000
ab7bb15901edddd89f30202e96ceeb2a9bfefe4a,1672.05,65.91,6.642893930,54000,54000
39e131ae3a5b0a839c4b920613c1ccb8af0dd40c,1676.95,65.83,6.665600124,54000,54000
ed3f13a22edb9b11073acf69e75245be0e8fedf1,1734.66,69.06,6.862845189,54000,54000
227a37483f8743a246649c34e8d7d57e30e23699,1652.75,65.25,6.576941786,54000,54000
a1637d262f42b9e2eeca2ed0d52b9f14ff13039e,1691.60,66.83,6.727039643,54000,54000
9ff4a3e91a045b6d950f0bfcd2606a69123ae186,1653.36,65.15,6.588472120,54000,54000
9ff4a3e91a045b6d950f0bfcd2606a69123ae186,1661.86,65.58,6.623880644,54000,54000
402f88bf4ba79c91411ad90242304973ed4bcb6c,1689.34,66.76,6.706601155,54000,54000
5e3c821533dac57904e1f6c41979949407992337,1647.09,65.03,6.561026585,54000,54000
a828de1fa2145d033f20051f4c2a7328b461ba74,1651.69,65.00,6.570960912,54000,54000
32d65a379e6178fb4bf265877a60a35dfb4adaf3,1702.14,67.40,6.750202328,54000,54000
71ee78c31d0b3bc7b2340df84acdd63666076ef8,1654.58,65.33,6.581627398,54000,55000
1dda9635523b408aead1c5287c2d5e71ac3c27de,1705.09,67.30,6.765652093,54000,54000
98d3dd3494d848bd0fd12343cf9def6f9949d298,1679.83,66.00,6.691500008,54000,54000
b86cecfc10b5a2874be2e9bfde2ceaf78dd857a9,1663.57,65.72,6.595932205,54000,54000
03334142048678425d3589834f5831388c5cc6b2,1716.45,67.59,6.817480565,54000,54000
09a4e40df31af3d44220982802016d711ca31749,1675.40,65.97,6.653254037,54000,54000
71ee78c31d0b3bc7b2340df84acdd63666076ef8,1677.48,66.21,6.658544667,54000,54000
88281eb0a809e4701d8bad279c7b50a348f2ac29,1671.75,65.84,6.629584698,54000,54000
f9a99fc0f5743e1f8027d1a48ee49072aad21e69,1653.70,65.10,6.569814827,54000,54000
7494827c099fda0e859e2a6e1aa8dd390cf4ff3f,1656.61,65.33,6.584118612,54000,54000
521b90a772b02a04e6efa1b39cd1be4aca20fd46,1641.38,64.82,6.529787919,54000,54000
e6ee80f446e629021763df43f762238bffdb94a3,1663.44,65.40,6.623753902,54000,54000
3e733b566cd4036dc2f9fe646e6c1f6e9ffb1bab,1724.19,68.22,6.840790394,55000,54000
ab7bb15901edddd89f30202e96ceeb2a9bfefe4a,1674.47,66.06,6.664276381,54000,54000
9ff4a3e91a045b6d950f0bfcd2606a69123ae186,1641.85,64.64,6.535593092,54000,54000
89add04bf77331af1de4de2281c156645622a231,1677.68,66.30,6.689043311,54000,54000
a58debdc9b07eba1226d181bca4fdb11991bd020,1660.51,66.11,6.609938046,54000,54000
0bcf48bd57a6c463c5fee9aa8f76cfa1d4b42267,1675.51,66.09,6.679691640,54000,54000
527c27154e74f7c55d719ba9f2b8d430054d9f45,1664.83,65.63,6.638848339,54000,54000
fa5de08ae250728c6c30910ca0089257fc506811,1615.16,63.79,6.445227762,54000,54000
d37a43562478d4750e0d8a2b5f09f1f1629a50b5,1642.18,64.91,6.560555595,53000,54000
ddb2c79305bacf54136c120fb6a7fac637a34ccd,1673.89,66.10,6.665163385,54000,54000
7077b3b1b20a4cdd33fecf596a14144dfe641308,1634.59,64.18,6.525217697,54000,54000
5e3c821533dac57904e1f6c41979949407992337,1649.93,65.11,6.570773044,54000,54000
88281eb0a809e4701d8bad279c7b50a348f2ac29,1676.63,66.37,6.670351621,53000,53000
c98bfc0bd754be6fe775135b06cc1db8927c4273,1679.70,66.38,6.684011875,54000,54000
7049ba88ab5fce314d33a0da14543d861b31d4f7,1704.63,67.40,6.784683990,54000,54000
2bc1fac618de8fcba59edc28a3a83add622633dd,1650.01,65.14,6.573126786,54000,54000
3c0926aabcf7dc60fa1bf6a25ff4a5c45faed2fe,1652.90,65.29,6.580967945,54000,54000
21b22eccdd1252272b7d41f9e2c669c209956fb1,1668.60,66.04,6.640480309,54000,54000
a58debdc9b07eba1226d181bca4fdb11991bd020,1633.49,64.94,6.503835615,53000,54000
f9a99fc0f5743e1f8027d1a48ee49072aad21e69,1643.52,64.90,6.560424469,54000,54000
a1637d262f42b9e2eeca2ed0d52b9f14ff13039e,1673.69,66.00,6.652956721,54000,54000
7494827c099fda0e859e2a6e1aa8dd390cf4ff3f,1636.76,64.50,6.527485050,54000,54000
5e3c821533dac57904e1f6c41979949407992337,1630.67,64.39,6.492053608,54000,54000
1dda9635523b408aead1c5287c2d5e71ac3c27de,1698.53,67.17,6.748658385,54000,54000
f887aa1b16ead18fdfb2644ad69b40858b7c5d8f,1646.23,64.81,6.559522118,54000,54000
89add04bf77331af1de4de2281c156645622a231,1663.60,65.77,6.621277371,54000,54000
ac47a7bb114801ce7d57bf1f4e8877b25e10b754,1694.94,66.98,6.764491019,54000,54000
c9ee67545b64f8cb93f1f07bddb1b5d49e874e0b,1666.39,65.84,6.634268435,54000,54000
f10c9ec0110e26211ffc1b59406de947bc035b6f,1670.44,66.03,6.639973478,54000,53000
39e131ae3a5b0a839c4b920613c1ccb8af0dd40c,1673.89,66.18,6.647647297,54000,54000
68d5b7e06cd4a7c14f99647af2573244ee7529f7,1661.14,65.71,6.628943350,54000,53000
6a9f95cbd0fa2c37113737a879370534be247fed,1667.91,65.80,6.638552331,54000,54000
91fe5f3964f12f8d3b316ec5cfdc37dbe62fd00e,1641.33,64.95,6.542614742,54000,53000
848183d563a79866227aa284b64c4fe194530c37,1678.75,66.35,6.685656687,54000,54000
ac631e8a761b5ce0c015ffd1c136352e1e7640bb,1648.08,65.11,6.572717811,54000,54000
ac47a7bb114801ce7d57bf1f4e8877b25e10b754,1678.33,66.59,6.670428570,54000,54000
0f3665f7d998d057f02f3dcd241cabf7b323615f,1687.13,66.73,6.708662487,54000,54000
7f358bd0a952f64d2023b937c4e171dc9b669875,1676.55,66.36,6.660978550,54000,54000
d69473187071fb357f7d522e66cb70c05c80685b,1628.90,64.10,6.499818483,54000,54000
8d07387ff27e9fb2c09812439f1a3e64e64ff05b,1642.78,64.83,6.541599730,54000,54000
227a37483f8743a246649c34e8d7d57e30e23699,1675.81,66.20,6.676136446,54000,54000
39b4760b36ce030ecf55d78d4eddc929ae39d1ab,1677.45,66.18,6.670703647,53000,55000
a58debdc9b07eba1226d181bca4fdb11991bd020,1617.30,63.57,6.449188183,54000,54000
39b4760b36ce030ecf55d78d4eddc929ae39d1ab,1695.94,67.28,6.737881877,54000,54000
eaf7a66abd8fe83f1aead448e304dbf53aeefcc2,1644.12,64.88,6.550175026,54000,55000
4c9cc7aa5040d89ae29cde7372e7fbd97c117eee,1621.30,64.21,6.458389939,54000,54000
5e3c821533dac57904e1f6c41979949407992337,1660.63,65.87,6.603284736,54000,54000
91fe5f3964f12f8d3b316ec5cfdc37dbe62fd00e,1660.61,65.48,6.605141697,54000,54000
848183d563a79866227aa284b64c4fe194530c37,1675.81,66.21,6.657807075,54000,54000
b86cecfc10b5a2874be2e9bfde2ceaf78dd857a9,1654.08,65.37,6.568319773,54000,54000
f0fcbd790d322f6e8b827977f8b0b627a0a385b7,1695.01,67.33,6.733600933,54000,54000
f7341d42982e71d76378dc0ac95524648fef41d3,1697.60,67.25,6.729765606,54000,54000
f9a99fc0f5743e1f8027d1a48ee49072aad21e69,1665.13,65.54,6.625338999,54000,54000
1c70788d63236a7b94abec0f2537e8c680e38583,1675.93,66.33,6.666634451,54000,54000
f7341d42982e71d76378dc0ac95524648fef41d3,1690.91,66.84,6.710319998,54000,54000
1dda9635523b408aead1c5287c2d5e71ac3c27de,1685.38,66.52,6.689359694,54000,54000
a1dbff7275ec8afcc1f4408c45cdffdab35bacde,1680.13,66.36,6.684790486,54000,54000
39b4760b36ce030ecf55d78d4eddc929ae39d1ab,1698.25,67.14,6.740762357,54000,54000
88281eb0a809e4701d8bad279c7b50a348f2ac29,1654.46,65.60,6.577257402,53000,54000
4e956448ecbfe28c36fe8ccd1b96f4d220262eb5,1656.68,65.49,6.601814429,54000,54000
2d34c1e348bb25dac1da0a3e5e9cf278cba55ffb,1606.64,63.56,6.396233434,54000,54000
18cd3feef30dc403976e3822c49264054d5e8fdf,1671.55,65.83,6.645391935,54000,54000
7494827c099fda0e859e2a6e1aa8dd390cf4ff3f,1652.90,65.10,6.577636793,54000,54000
f0fcbd790d322f6e8b827977f8b0b627a0a385b7,1702.47,67.46,6.761144418,55000,54000
b86cecfc10b5a2874be2e9bfde2ceaf78dd857a9,1668.95,65.95,6.642151959,54000,54000
ac47a7bb114801ce7d57bf1f4e8877b25e10b754,1682.66,66.30,6.682875629,54000,55000
50d107d72fead969ca3a311664cd22276db451e7,1661.28,65.76,6.609041880,54000,54000
13dac9a8375018b890d545197604007c54fca9cc,1691.13,66.85,6.731953319,54000,54000
44845a7d44536a24f15b1e0c4686cb71e867b513,1688.96,66.95,6.717679363,54000,54000
f10c9ec0110e26211ffc1b59406de947bc035b6f,1660.64,65.82,6.607890078,54000,54000
b86cecfc10b5a2874be2e9bfde2ceaf78dd857a9,1646.45,65.08,6.547633664,54000,54000
ac47a7bb114801ce7d57bf1f4e8877b25e10b754,1671.98,65.81,6.655324772,54000,53000
527c27154e74f7c55d719ba9f2b8d430054d9f45,1671.44,65.77,6.655430496,54000,54000
072cc2e5b8a8b8b869ac127d9416c66e6dc28eaa,1669.22,65.78,6.641167854,54000,54000
1401205b34a1bce3285f1f10dc2c49208f2dd87c,1662.64,65.70,6.625624977,54000,54000
ab7bb15901edddd89f30202e96ceeb2a9bfefe4a,1668.67,65.71,6.630947365,54000,54000
98d3dd3494d848bd0fd12343cf9def6f9949d298,1688.53,66.59,6.724620393,54000,54000
054100925578c12d46dc37f8bc3af1e9de748ece,1679.55,66.61,6.672042432,54000,54000
6ac9d85afd5891b01fdd3177338c53bc9223f325,1659.20,65.54,6.598954855,54000,54000
7049ba88ab5fce314d33a0da14543d861b31d4f7,1666.73,66.20,6.626096442,54000,54000
09a4e40df31af3d44220982802016d711ca31749,1662.04,65.97,6.604863207,54000,54000
3277bd3cdfc416fced7a30a6cea5c0ed26be4d9a,1696.39,66.93,6.750326979,54000,54000
44845a7d44536a24f15b1e0c4686cb71e867b513,1700.25,67.05,6.759614540,54000,54000
b86cecfc10b5a2874be2e9bfde2ceaf78dd857a9,1657.27,65.59,6.585002736,54000,54000
1c70788d63236a7b94abec0f2537e8c680e38583,1643.73,64.90,6.531243534,54000,54000
a828de1fa2145d033f20051f4c2a7328b461ba74,1651.23,65.30,6.572561945,54000,54000
ac631e8a761b5ce0c015ffd1c136352e1e7640bb,1657.05,65.47,6.585748409,54000,54000
e3610fea48d2f03efa070c18819f441a633d65a9,1648.16,65.14,6.580643501,54000,54000
b86cecfc10b5a2874be2e9bfde2ceaf78dd857a9,1639.57,64.63,6.524548362,53000,54000
c9ee67545b64f8cb93f1f07bddb1b5d49e874e0b,1645.42,65.15,6.550078940,54000,54000
178c73e4064a462e324c35147a71d2cfaf590ccf,1645.26,64.66,6.555372152,54000,54000
2bc1fac618de8fcba59edc28a3a83add622633dd,1662.74,65.54,6.617051238,54000,54000
8d07387ff27e9fb2c09812439f1a3e64e64ff05b,1640.68,64.75,6.533460511,53000,54000
39e131ae3a5b0a839c4b920613c1ccb8af0dd40c,1681.51,66.08,6.692439819,54000,54000
b8d2c82649a1a210de7f079babec87c688b851f2,1698.31,66.65,6.756089701,54000,54000
3277bd3cdfc416fced7a30a6cea5c0ed26be4d9a,1666.76,65.98,6.614853224,54000,54000
eef0beee97f0cffe1abf2a8b74373f524ccd328c,1692.20,66.60,6.726138734,54000,54000
ed3f13a22edb9b11073acf69e75245be0e8fedf1,1680.49,66.77,6.655038595,54000,54000
93c7167419efe66c9dd0e2054055d668c895ac4f,1669.48,66.01,6.628838880,54000,54000
054100925578c12d46dc37f8bc3af1e9de748ece,1672.22,66.44,6.618338476,54000,54000
62063dc12829c07198ac21b88b62b74705ed779e,1698.72,67.23,6.733637463,54000,54000
21b22eccdd1252272b7d41f9e2c669c209956fb1,1684.43,66.50,6.677724513,54000,54000
eef0beee97f0cffe1abf2a8b74373f524ccd328c,1664.26,65.60,6.601157766,54000,54000
18cd3feef30dc403976e3822c49264054d5e8fdf,1674.17,66.29,6.655986350,54000,54000
521b90a772b02a04e6efa1b39cd1be4aca20fd46,1661.26,65.41,6.615238040,54000,54000
50d107d72fead969ca3a311664cd22276db451e7,1678.30,65.96,6.667926373,54000,54000
898a4a5669dec0de4e060af19070d8c5037ccfd1,1699.49,67.34,6.732509380,54000,53000
62063dc12829c07198ac21b88b62b74705ed779e,1716.63,68.03,6.800107641,53000,54000
a8bc053eef738529a4cbb77f618b53cb84cfea8e,1665.23,65.48,6.632147203,54000,54000
fa5de08ae250728c6c30910ca0089257fc506811,1607.57,63.25,6.397743924,54000,54000
2d34c1e348bb25dac1da0a3e5e9cf278cba55ffb,1606.97,63.58,6.385692786,53000,54000
1834c0f337c95672361f56901e9d60dbb6fc00bb,1654.28,64.85,6.583515614,54000,55000
0f3665f7d998d057f02f3dcd241cabf7b323615f,1683.65,66.65,6.678860683,54000,54000
09a4e40df31af3d44220982802016d711ca31749,1681.77,66.58,6.695549637,54000,54000
4c9cc7aa5040d89ae29cde7372e7fbd97c117eee,1609.66,63.21,6.408145080,54000,54000
cf0bbc1ac9189b5c92f56e7200f40ec6c348c13c,1691.99,67.14,6.708516898,53000,54000
d69473187071fb357f7d522e66cb70c05c80685b,1629.18,63.99,6.493407230,54000,54000
402f88bf4ba79c91411ad90242304973ed4bcb6c,1693.00,66.82,6.721067293,54000,54000
227a37483f8743a246649c34e8d7d57e30e23699,1629.82,64.26,6.485684415,54000,55000
d37a43562478d4750e0d8a2b5f09f1f1629a50b5,1674.76,66.31,6.663895515,54000,55000
b1a4e77665a518c784761557fa81840fd8b209ce,1669.08,65.80,6.633654452,54000,54000
2d685cc116d7abbb5f75b6da3f828f0dc319eac2,1707.30,67.86,6.782320280,54000,54000
27200258b82132218820505a7d63e6a84b5a6f00,1698.40,67.12,6.758473093,54000,54000
054100925578c12d46dc37f8bc3af1e9de748ece,1706.74,67.80,6.782269800,54000,54000
ad5211c15cb360584debb757cdb1bf52092f08ec,1699.40,67.22,6.768434615,54000,54000
f887aa1b16ead18fdfb2644ad69b40858b7c5d8f,1656.00,65.23,6.598137879,54000,54000
b1a4e77665a518c784761557fa81840fd8b209ce,1689.41,66.60,6.723867239,54000,54000
39e131ae3a5b0a839c4b920613c1ccb8af0dd40c,1666.89,65.73,6.628597021,55000,55000
0bcf48bd57a6c463c5fee9aa8f76cfa1d4b42267,1683.16,66.44,6.696096782,54000,54000
898a4a5669dec0de4e060af19070d8c5037ccfd1,1700.53,67.16,6.762955082,54000,54000
e6ee80f446e629021763df43f762238bffdb94a3,1646.36,65.13,6.549820855,54000,54000
21b22eccdd1252272b7d41f9e2c669c209956fb1,1688.62,67.05,6.701583739,54000,54000
e3610fea48d2f03efa070c18819f441a633d65a9,1620.47,64.39,6.442041429,54000,53000
3277bd3cdfc416fced7a30a6cea5c0ed26be4d9a,1644.96,65.03,6.556060576,54000,54000
054100925578c12d46dc37f8bc3af1e9de748ece,1686.09,66.65,6.691825081,55000,55000
0bcf48bd57a6c463c5fee9aa8f76cfa1d4b42267,1662.47,66.06,6.612450171,54000,54000
eef0beee97f0cffe1abf2a8b74373f524ccd328c,1669.37,66.02,6.643592220,54000,54000
f9a99fc0f5743e1f8027d1a48ee49072aad21e69,1646.42,64.95,6.564395100,54000,54000
081f554cf199ea5d25c8675872e490671347ade3,1679.71,66.59,6.685901824,54000,54000
68d5b7e06cd4a7c14f99647af2573244ee7529f7,1660.52,65.25,6.611635592,54000,54000
b1a4e77665a518c784761557fa81840fd8b209ce,1673.38,66.10,6.653034454,54000,54000
3e733b566cd4036dc2f9fe646e6c1f6e9ffb1bab,1682.47,66.42,6.692374603,54000,54000
eef0beee97f0cffe1abf2a8b74373f524ccd328c,1654.85,65.30,6.585803553,54000,54000
848183d563a79866227aa284b64c4fe194530c37,1677.98,66.06,6.673560612,54000,54000
527c27154e74f7c55d719ba9f2b8d430054d9f45,1656.04,65.50,6.592035670,54000,54000
ac631e8a761b5ce0c015ffd1c136352e1e7640bb,1662.73,65.68,6.621813978,54000,54000
50d107d72fead969ca3a311664cd22276db451e7,1669.39,66.09,6.627946570,54000,54000
3e733b566cd4036dc2f9fe646e6c1f6e9ffb1bab,1681.55,66.46,6.685702335,54000,54000
86e5898a7ee7efa5647cf32d4b8eb784dd41a330,1654.84,65.43,6.593399298,54000,54000
93c7167419efe66c9dd0e2054055d668c895ac4f,1688.80,66.49,6.719677452,55000,54000
a58debdc9b07eba1226d181bca4fdb11991bd020,1624.62,63.85,6.473455656,54000,54000
ddb2c79305bacf54136c120fb6a7fac637a34ccd,1660.50,65.64,6.600130531,54000,54000
a8bc053eef738529a4cbb77f618b53cb84cfea8e,1651.93,65.47,6.574104616,54000,54000
6ac9d85afd5891b01fdd3177338c53bc9223f325,1653.03,65.04,6.576474371,54000,54000
d69473187071fb357f7d522e66cb70c05c80685b,1640.70,64.82,6.528245742,54000,54000
fdd3469d311a307c1014b2873a0f6a54b178e20d,1666.72,65.77,6.628954597,54000,54000
178c73e4064a462e324c35147a71d2cfaf590ccf,1680.52,66.38,6.680899769,53000,54000
1834c0f337c95672361f56901e9d60dbb6fc00bb,1656.07,65.24,6.582486195,54000,54000
2408c6e4e2d0f2fbce07fa8d8eaf83eeb95c83db,1650.65,65.21,6.567751640,54000,54000
e6ee80f446e629021763df43f762238bffdb94a3,1671.53,65.83,6.649742963,54000,54000
f10c9ec0110e26211ffc1b59406de947bc035b6f,1673.89,65.88,6.654856797,54000,54000
13dac9a8375018b890d545197604007c54fca9cc,1693.77,66.91,6.720612065,54000,54000
39e131ae3a5b0a839c4b920613c1ccb8af0dd40c,1658.78,65.22,6.595707312,54000,54000
a1637d262f42b9e2eeca2ed0d52b9f14ff13039e,1685.67,66.66,6.693363108,54000,54000
072cc2e5b8a8b8b869ac127d9416c66e6dc28eaa,1680.12,66.44,6.667829170,54000,54000
32d65a379e6178fb4bf265877a60a35dfb4adaf3,1680.99,65.71,6.692205852,54000,54000
b1a4e77665a518c784761557fa81840fd8b209ce,1666.95,65.46,6.644822791,54000,54000
80b9cca33c213664269bf748efd90296d39d971b,1659.33,65.43,6.606669196,54000,54000
b8d2c82649a1a210de7f079babec87c688b851f2,1692.73,66.84,6.721740360,54000,55000
8a4a03b5fe0242fd9334f443a54c9590a08ce969,1649.27,65.08,6.555940067,54000,54000
1834c0f337c95672361f56901e9d60dbb6fc00bb,1645.84,64.84,6.548953183,54000,54000
054100925578c12d46dc37f8bc3af1e9de748ece,1684.09,66.76,6.706491432,54000,54000
3c0926aabcf7dc60fa1bf6a25ff4a5c45faed2fe,1674.47,65.63,6.681501795,53000,54000
054100925578c12d46dc37f8bc3af1e9de748ece,1669.03,65.92,6.622466888,54000,54000
527c27154e74f7c55d719ba9f2b8d430054d9f45,1691.11,66.59,6.742912148,53000,54000
7494827c099fda0e859e2a6e1aa8dd390cf4ff3f,1674.50,65.97,6.675332036,54000,55000
d37a43562478d4750e0d8a2b5f09f1f1629a50b5,1654.31,65.34,6.590272714,54000,54000
402f88bf4ba79c91411ad90242304973ed4bcb6c,1705.33,68.06,6.770395614,54000,54000
e3610fea48d2f03efa070c18819f441a633d65a9,1625.96,64.44,6.479706074,55000,54000
c4ba528694a07b6b0133fb199bc293364c47b9d8,1691.65,67.13,6.722413757,54000,54000
e6ee80f446e629021763df43f762238bffdb94a3,1636.24,64.37,6.527995694,54000,54000
eef0beee97f0cffe1abf2a8b74373f524ccd328c,1682.96,66.67,6.712065186,54000,54000
93c7167419efe66c9dd0e2054055d668c895ac4f,1702.92,67.35,6.778225137,55000,55000
072cc2e5b8a8b8b869ac127d9416c66e6dc28eaa,1666.25,65.60,6.638277087,54000,54000
44845a7d44536a24f15b1e0c4686cb71e867b513,1682.95,66.07,6.711893446,54000,54000
3e733b566cd4036dc2f9fe646e6c1f6e9ffb1bab,1730.24,68.29,6.883081680,55000,54000
a60cc642edef9baf81a1ab5422e820b951c64e43,1701.08,67.23,6.758296083,54000,54000
2408c6e4e2d0f2fbce07fa8d8eaf83eeb95c83db,1682.27,66.81,6.684184432,54000,54000
1c70788d63236a7b94abec0f2537e8c680e38583,1687.43,66.92,6.715028933,54000,54000
898a4a5669dec0de4e060af19070d8c5037ccfd1,1693.17,67.50,6.718688091,54000,54000
f887aa1b16ead18fdfb2644ad69b40858b7c5d8f,1647.45,65.12,6.559118983,53000,54000
527c27154e74f7c55d719ba9f2b8d430054d9f45,1687.53,66.67,6.724933585,54000,54000
7f358bd0a952f64d2023b937c4e171dc9b669875,1682.07,66.45,6.678638034,54000,54000
b86cecfc10b5a2874be2e9bfde2ceaf78dd857a9,1643.89,64.82,6.536117229,54000,54000
521b90a772b02a04e6efa1b39cd1be4aca20fd46,1630.66,64.25,6.496553612,54000,54000
4e956448ecbfe28c36fe8ccd1b96f4d220262eb5,1659.21,65.21,6.608740478,54000,54000
89ae3c04846efe8e05e367b6cbddd3637205175c,1674.53,66.37,6.653149169,54000,54000
ca4b9bb3a3e59483e592ce6d65ec048fb6772cb6,1648.86,64.93,6.557614075,54000,54000
50d107d72fead969ca3a311664cd22276db451e7,1683.62,66.56,6.679551614,54000,54000
a1dbff7275ec8afcc1f4408c45cdffdab35bacde,1656.53,65.48,6.580824066,54000,54000
fa5de08ae250728c6c30910ca0089257fc506811,1604.54,63.01,6.391353055,54000,54000
b8d2c82649a1a210de7f079babec87c688b851f2,1679.78,66.40,6.667598675,54000,54000
227a37483f8743a246649c34e8d7d57e30e23699,1664.97,65.88,6.621652379,54000,54000
ac47a7bb114801ce7d57bf1f4e8877b25e10b754,1672.82,65.88,6.650112151,54000,54000
fdd3469d311a307c1014b2873a0f6a54b178e20d,1684.99,66.62,6.696058339,54000,54000
c9ee67545b64f8cb93f1f07bddb1b5d49e874e0b,1662.11,65.08,6.618725052,54000,54000
7077b3b1b20a4cdd33fecf596a14144dfe641308,1627.83,64.01,6.483937785,54000,54000
5e3c821533dac57904e1f6c41979949407992337,1643.40,64.49,6.531280089,54000,54000
7077b3b1b20a4cdd33fecf596a14144dfe641308,1631.75,63.95,6.502673820,55000,54000
89ae3c04846efe8e05e367b6cbddd3637205175c,1655.96,65.50,6.587874937,54000,54000
89ae3c04846efe8e05e367b6cbddd3637205175c,1682.19,66.56,6.688280054,55000,55000
86e5898a7ee7efa5647cf32d4b8eb784dd41a330,1662.36,65.73,6.601088190,55000,54000
03334142048678425d3589834f5831388c5cc6b2,1683.88,66.32,6.681529419,55000,54000
9ff4a3e91a045b6d950f0bfcd2606a69123ae186,1652.45,65.01,6.570599764,54000,54000
a60cc642edef9baf81a1ab5422e820b951c64e43,1680.99,66.16,6.681891733,54000,54000
0bcf48bd57a6c463c5fee9aa8f76cfa1d4b42267,1652.57,65.07,6.559293688,54000,54000
1834c0f337c95672361f56901e9d60dbb6fc00bb,1637.86,64.59,6.517088700,54000,54000
91fe5f3964f12f8d3b316ec5cfdc37dbe62fd00e,1654.87,65.24,6.580597248,54000,55000
2d34c1e348bb25dac1da0a3e5e9cf278cba55ffb,1634.46,64.97,6.492997008,55000,54000
f02831e29c0f7dd49df556c7a17f882ae23a1572,1645.03,64.94,6.528124751,55000,54000
d37a43562478d4750e0d8a2b5f09f1f1629a50b5,1669.15,65.71,6.634519155,55000,54000
f9a99fc0f5743e1f8027d1a48ee49072aad21e69,1665.15,65.95,6.618895317,55000,55000
7049ba88ab5fce314d33a0da14543d861b31d4f7,1679.89,66.52,6.649967304,54000,54000
9a0d4afd23642c78acc27e20ec7986b8395bc91a,1664.30,65.73,6.609068182,55000,54000
f9a99fc0f5743e1f8027d1a48ee49072aad21e69,1658.87,65.45,6.596241796,53000,54000
521b90a772b02a04e6efa1b39cd1be4aca20fd46,1650.29,64.97,6.560661269,54000,55000
178c73e4064a462e324c35147a71d2cfaf590ccf,1662.68,65.97,6.600153172,55000,54000
ae035b8c205689da2c8fa581c11f7dacd7485577,1655.46,65.45,6.577307820,54000,55000
a58debdc9b07eba1226d181bca4fdb11991bd020,1616.87,63.85,6.437346711,54000,54000
13dac9a8375018b890d545197604007c54fca9cc,1682.95,66.44,6.684493544,54000,54000
b1a4e77665a518c784761557fa81840fd8b209ce,1663.71,65.45,6.615637406,54000,54000
ae035b8c205689da2c8fa581c11f7dacd7485577,1659.38,65.25,6.600171754,54000,54000
2d685cc116d7abbb5f75b6da3f828f0dc319eac2,1697.39,67.07,6.746851729,54000,54000
f10c9ec0110e26211ffc1b59406de947bc035b6f,1660.86,65.59,6.605605059,54000,54000
d0947553e27b488247c2f26f5397be162a20ff26,1679.55,66.40,6.671484182,53000,54000
e3610fea48d2f03efa070c18819f441a633d65a9,1637.69,64.96,6.508454148,54000,54000
2cf91a2220f62bc321924e5f293619e6e138906e,1682.31,66.21,6.686070436,54000,54000
8a4a03b5fe0242fd9334f443a54c9590a08ce969,1650.31,65.07,6.554538239,54000,54000
91fe5f3964f12f8d3b316ec5cfdc37dbe62fd00e,1626.52,64.20,6.475526392,54000,54000
0bcf48bd57a6c463c5fee9aa8f76cfa1d4b42267,1653.08,65.36,6.575487154,54000,54000
1401205b34a1bce3285f1f10dc2c49208f2dd87c,1684.52,66.56,6.693303386,54000,54000
b1a4e77665a518c784761557fa81840fd8b209ce,1687.97,66.93,6.703049990,54000,55000
39b4760b36ce030ecf55d78d4eddc929ae39d1ab,1662.43,65.35,6.612879889,55000,54000
80b9cca33c213664269bf748efd90296d39d971b,1650.24,64.78,6.575293288,55000,54000
93c7167419efe66c9dd0e2054055d668c895ac4f,1704.95,67.57,6.785370327,54000,54000
39b4760b36ce030ecf55d78d4eddc929ae39d1ab,1679.94,66.11,6.683596437,54000,54000
072cc2e5b8a8b8b869ac127d9416c66e6dc28eaa,1667.45,65.53,6.635881040,54000,54000
f0fcbd790d322f6e8b827977f8b0b627a0a385b7,1715.44,68.22,6.816142081,53000,55000
d37a43562478d4750e0d8a2b5f09f1f1629a50b5,1663.63,65.52,6.616360563,54000,54000
f0fcbd790d322f6e8b827977f8b0b627a0a385b7,1691.96,66.87,6.718537549,54000,54000
072cc2e5b8a8b8b869ac127d9416c66e6dc28eaa,1665.15,65.65,6.613192882,54000,54000
e6ee80f446e629021763df43f762238bffdb94a3,1651.90,64.97,6.579468023,54000,54000
d0947553e27b488247c2f26f5397be162a20ff26,1677.12,66.42,6.670336767,54000,54000
7f358bd0a952f64d2023b937c4e171dc9b669875,1679.37,66.41,6.671020321,54000,55000
71ee78c31d0b3bc7b2340df84acdd63666076ef8,1680.03,66.58,6.682471321,54000,55000
50363851973d1c7d7446fcc0b79f7ace70faa58c,1636.02,64.51,6.506146958,54000,54000
5e3c821533dac57904e1f6c41979949407992337,1634.23,64.41,6.491762594,54000,54000
39b4760b36ce030ecf55d78d4eddc929ae39d1ab,1673.24,66.23,6.653228566,54000,54000
ac631e8a761b5ce0c015ffd1c136352e1e7640bb,1656.52,65.41,6.595108370,54000,54000
7049ba88ab5fce314d33a0da14543d861b31d4f7,1660.89,65.56,6.606919575,54000,54000
93c7167419efe66c9dd0e2054055d668c895ac4f,1698.92,67.30,6.756482512,54000,55000
227a37483f8743a246649c34e8d7d57e30e23699,1671.11,66.14,6.647770009,54000,54000
2cf91a2220f62bc321924e5f293619e6e138906e,1695.02,66.79,6.756406703,54000,54000
eef0beee97f0cffe1abf2a8b74373f524ccd328c,1689.62,66.48,6.718572539,54000,54000
072cc2e5b8a8b8b869ac127d9416c66e6dc28eaa,1679.42,66.47,6.677281810,54000,54000
ae035b8c205689da2c8fa581c11f7dacd7485577,1679.10,66.32,6.682229332,54000,54000
18cd3feef30dc403976e3822c49264054d5e8fdf,1699.37,67.44,6.740044417,55000,54000
227a37483f8743a246649c34e8d7d57e30e23699,1650.89,65.12,6.565737877,54000,54000
eaf7a66abd8fe83f1aead448e304dbf53aeefcc2,1638.34,64.23,6.515386612,54000,54000
7f358bd0a952f64d2023b937c4e171dc9b669875,1707.40,67.60,6.767213056,54000,55000
a828de1fa2145d033f20051f4c2a7328b461ba74,1670.66,66.03,6.638711419,54000,54000
5e3c821533dac57904e1f6c41979949407992337,1649.06,65.21,6.543322163,54000,54000
054100925578c12d46dc37f8bc3af1e9de748ece,1708.56,67.37,6.771771810,54000,54000
a60cc642edef9baf81a1ab5422e820b951c64e43,1700.29,67.18,6.741767272,55000,54000
fa5de08ae250728c6c30910ca0089257fc506811,1597.20,62.60,6.359855376,54000,54000
03334142048678425d3589834f5831388c5cc6b2,1740.49,69.33,6.902430452,54000,54000
6a9f95cbd0fa2c37113737a879370534be247fed,1684.55,66.35,6.688328078,54000,54000
fdd3469d311a307c1014b2873a0f6a54b178e20d,1656.52,65.35,6.587621911,54000,54000
ae035b8c205689da2c8fa581c11f7dacd7485577,1660.81,65.58,6.596358400,54000,54000
402f88bf4ba79c91411ad90242304973ed4bcb6c,1699.81,67.26,6.725919822,54000,54000
6a9f95cbd0fa2c37113737a879370534be247fed,1686.16,66.57,6.698747170,54000,54000
ad5211c15cb360584debb757cdb1bf52092f08ec,1656.49,65.22,6.580022114,54000,54000
ddb2c79305bacf54136c120fb6a7fac637a34ccd,1688.68,66.69,6.710505756,55000,54000
ab7bb15901edddd89f30202e96ceeb2a9bfefe4a,1690.82,66.70,6.718742399,54000,54000
2d685cc116d7abbb5f75b6da3f828f0dc319eac2,1676.03,66.01,6.667837933,54000,54000
39b4760b36ce030ecf55d78d4eddc929ae39d1ab,1686.81,66.65,6.711080321,54000,54000
9ff4a3e91a045b6d950f0bfcd2606a69123ae186,1650.77,64.89,6.576694963,55000,55000
521b90a772b02a04e6efa1b39cd1be4aca20fd46,1670.81,66.08,6.655425037,54000,54000
9a0d4afd23642c78acc27e20ec7986b8395bc91a,1684.78,66.44,6.698789727,54000,54000
521b90a772b02a04e6efa1b39cd1be4aca20fd46,1628.51,64.03,6.477842041,54000,54000
ae035b8c205689da2c8fa581c11f7dacd7485577,1644.37,64.82,6.543122685,54000,54000
e3610fea48d2f03efa070c18819f441a633d65a9,1622.34,64.12,6.457177221,54000,54000
1dda9635523b408aead1c5287c2d5e71ac3c27de,1709.44,67.77,6.783694310,54000,54000
44845a7d44536a24f15b1e0c4686cb71e867b513,1707.23,67.69,6.771922654,54000,54000
03334142048678425d3589834f5831388c5cc6b2,1694.43,67.19,6.726697129,54000,54000
178c73e4064a462e324c35147a71d2cfaf590ccf,1684.15,66.60,6.700157567,54000,54000
ed3f13a22edb9b11073acf69e75245be0e8fedf1,1704.05,67.32,6.768093919,54000,54000
eaf7a66abd8fe83f1aead448e304dbf53aeefcc2,1641.56,64.60,6.550512702,54000,54000
13dac9a8375018b890d545197604007c54fca9cc,1692.83,66.75,6.738384658,54000,54000
f10c9ec0110e26211ffc1b59406de947bc035b6f,1669.81,65.82,6.652627987,55000,55000
527c27154e74f7c55d719ba9f2b8d430054d9f45,1653.87,64.97,6.594529562,54000,54000
f0fcbd790d322f6e8b827977f8b0b627a0a385b7,1702.15,67.22,6.766957178,54000,54000
44845a7d44536a24f15b1e0c4686cb71e867b513,1705.68,67.48,6.781987740,54000,54000
a8bc053eef738529a4cbb77f618b53cb84cfea8e,1672.51,65.78,6.658601614,54000,54000
b98f3a00a651eacd3d73203acf10cb69b251f56a,1644.45,64.66,6.547561162,55000,54000
39e131ae3a5b0a839c4b920613c1ccb8af0dd40c,1693.50,66.96,6.726029177,54000,54000
ad5211c15cb360584debb757cdb1bf52092f08ec,1651.40,65.20,6.565632364,54000,54000
e3610fea48d2f03efa070c18819f441a633d65a9,1604.80,63.70,6.380348599,54000,54000
ab7bb15901edddd89f30202e96ceeb2a9bfefe4a,1658.92,65.50,6.624063748,54000,54000
ae035b8c205689da2c8fa581c11f7dacd7485577,1659.35,65.37,6.592875638,54000,54000
072cc2e5b8a8b8b869ac127d9416c66e6dc28eaa,1674.41,65.80,6.657535011,54000,54000
32d65a379e6178fb4bf265877a60a35dfb4adaf3,1681.03,66.08,6.686611973,53000,54000
03334142048678425d3589834f5831388c5cc6b2,1703.16,67.24,6.760497805,54000,54000
848183d563a79866227aa284b64c4fe194530c37,1673.60,65.79,6.649773534,55000,54000
03334142048678425d3589834f5831388c5cc6b2,1695.78,67.06,6.731206004,54000,54000
91fe5f3964f12f8d3b316ec5cfdc37dbe62fd00e,1651.04,65.20,6.565526827,54000,54000
ad5211c15cb360584debb757cdb1bf52092f08ec,1654.42,65.06,6.577974565,54000,54000
7077b3b1b20a4cdd33fecf596a14144dfe641308,1649.24,64.72,6.562390444,54000,54000
f887aa1b16ead18fdfb2644ad69b40858b7c5d8f,1639.55,64.77,6.517910847,54000,54000
072cc2e5b8a8b8b869ac127d9416c66e6dc28eaa,1687.78,66.62,6.698919213,54000,54000
9a0d4afd23642c78acc27e20ec7986b8395bc91a,1672.91,65.87,6.647193995,54000,54000
f887aa1b16ead18fdfb2644ad69b40858b7c5d8f,1635.07,64.32,6.503008849,54000,54000
9a0d4afd23642c78acc27e20ec7986b8395bc91a,1650.53,64.77,6.568210822,55000,54000
50363851973d1c7d7446fcc0b79f7ace70faa58c,1662.03,65.41,6.602517451,55000,54000
4e956448ecbfe28c36fe8ccd1b96f4d220262eb5,1652.18,64.90,6.568719062,54000,54000
c9ee67545b64f8cb93f1f07bddb1b5d49e874e0b,1675.81,66.21,6.652205889,54000,54000
f10c9ec0110e26211ffc1b59406de947bc035b6f,1676.73,65.95,6.661838087,54000,54000
ddb2c79305bacf54136c120fb6a7fac637a34ccd,1658.32,65.33,6.583253912,54000,54000
09a4e40df31af3d44220982802016d711ca31749,1697.75,67.05,6.738092630,54000,55000
13dac9a8375018b890d545197604007c54fca9cc,1703.30,67.26,6.757111837,55000,55000
e6ee80f446e629021763df43f762238bffdb94a3,1659.06,65.41,6.602742132,54000,54000
50d107d72fead969ca3a311664cd22276db451e7,1676.95,66.30,6.667987899,55000,54000
80b9cca33c213664269bf748efd90296d39d971b,1648.97,65.03,6.568607375,54000,54000
f7341d42982e71d76378dc0ac95524648fef41d3,1701.23,67.52,6.753639538,54000,54000
a1637d262f42b9e2eeca2ed0d52b9f14ff13039e,1680.98,66.68,6.672149452,54000,54000
91fe5f3964f12f8d3b316ec5cfdc37dbe62fd00e,1646.74,64.89,6.565970722,54000,55000
7049ba88ab5fce314d33a0da14543d861b31d4f7,1660.30,65.67,6.601958452,55000,54000
71ee78c31d0b3bc7b2340df84acdd63666076ef8,1624.46,64.02,6.484552463,54000,55000
6a9f95cbd0fa2c37113737a879370534be247fed,1672.10,66.34,6.648023873,55000,54000
eaf7a66abd8fe83f1aead448e304dbf53aeefcc2,1636.13,64.57,6.541763433,54000,54000
a58debdc9b07eba1226d181bca4fdb11991bd020,1632.74,64.40,6.514649564,54000,54000
76866403afa2c89523c24e7bde4e2799f61f9e24,1608.74,63.83,6.396003817,53000,54000
d69473187071fb357f7d522e66cb70c05c80685b,1636.36,64.57,6.522636034,53000,54000
a1dbff7275ec8afcc1f4408c45cdffdab35bacde,1687.22,66.77,6.717077821,54000,53000
a1637d262f42b9e2eeca2ed0d52b9f14ff13039e,1656.22,65.62,6.596648438,54000,54000
44845a7d44536a24f15b1e0c4686cb71e867b513,1678.31,66.14,6.686455450,54000,54000
a828de1fa2145d033f20051f4c2a7328b461ba74,1645.20,65.11,6.548249145,54000,54000
fa5de08ae250728c6c30910ca0089257fc506811,1599.47,63.04,6.393980189,54000,54000
072cc2e5b8a8b8b869ac127d9416c66e6dc28eaa,1686.85,66.76,6.735370327,53000,54000
62063dc12829c07198ac21b88b62b74705ed779e,1696.32,66.69,6.754189748,55000,54000
0bcf48bd57a6c463c5fee9aa8f76cfa1d4b42267,1667.13,65.90,6.636953298,54000,54000
c98bfc0bd754be6fe775135b06cc1db8927c4273,1671.37,66.12,6.651727972,54000,54000
527c27154e74f7c55d719ba9f2b8d430054d9f45,1659.62,65.36,6.607497407,54000,54000
ddb2c79305bacf54136c120fb6a7fac637a34ccd,1661.37,65.82,6.618484808,54000,54000
081f554cf199ea5d25c8675872e490671347ade3,1651.50,65.58,6.577973709,54000,54000
2bc1fac618de8fcba59edc28a3a83add622633dd,1645.97,64.55,6.566108952,54000,55000
9ff4a3e91a045b6d950f0bfcd2606a69123ae186,1670.15,66.20,6.661310839,54000,54000
527c27154e74f7c55d719ba9f2b8d430054d9f45,1695.86,67.34,6.744816259,55000,54000
1834c0f337c95672361f56901e9d60dbb6fc00bb,1635.43,64.65,6.514021477,54000,54000
d69473187071fb357f7d522e66cb70c05c80685b,1669.54,65.81,6.652670343,54000,54000
50363851973d1c7d7446fcc0b79f7ace70faa58c,1634.04,64.53,6.510560802,54000,54000
0f3665f7d998d057f02f3dcd241cabf7b323615f,1671.49,66.32,6.639562618,54000,54000
8d07387ff27e9fb2c09812439f1a3e64e64ff05b,1649.85,65.32,6.571825847,54000,54000
86e5898a7ee7efa5647cf32d4b8eb784dd41a330,1659.73,65.36,6.608457634,54000,54000
eef0beee97f0cffe1abf2a8b74373f524ccd328c,1669.23,65.99,6.640722193,53000,54000
2bc1fac618de8fcba59edc28a3a83add622633dd,1636.65,64.54,6.526885827,53000,54000
9ff4a3e91a045b6d950f0bfcd2606a69123ae186,1638.22,64.63,6.520137558,55000,54000
88281eb0a809e4701d8bad279c7b50a348f2ac29,1667.56,65.83,6.639813416,54000,54000
0f3665f7d998d057f02f3dcd241cabf7b323615f,1689.14,66.85,6.715879293,54000,54000
4e956448ecbfe28c36fe8ccd1b96f4d220262eb5,1670.72,66.21,6.643571502,54000,54000
21b22eccdd1252272b7d41f9e2c669c209956fb1,1671.22,66.18,6.641865387,54000,54000
4e956448ecbfe28c36fe8ccd1b96f4d220262eb5,1672.24,65.84,6.652369806,54000,54000
1401205b34a1bce3285f1f10dc2c49208f2dd87c,1671.09,66.22,6.641365948,54000,54000
2d34c1e348bb25dac1da0a3e5e9cf278cba55ffb,1628.46,64.39,6.481631352,55000,54000
2408c6e4e2d0f2fbce07fa8d8eaf83eeb95c83db,1656.49,65.52,6.579373623,54000,54000
227a37483f8743a246649c34e8d7d57e30e23699,1653.22,65.24,6.565765041,54000,54000
c98bfc0bd754be6fe775135b06cc1db8927c4273,1685.92,66.70,6.694665322,54000,54000
4c9cc7aa5040d89ae29cde7372e7fbd97c117eee,1619.29,64.17,6.435351934,54000,54000
1c70788d63236a7b94abec0f2537e8c680e38583,1656.34,65.67,6.578788685,54000,54000
2408c6e4e2d0f2fbce07fa8d8eaf83eeb95c83db,1672.63,66.30,6.648732828,54000,54000
b86cecfc10b5a2874be2e9bfde2ceaf78dd857a9,1643.48,65.27,6.528546206,53000,54000
76866403afa2c89523c24e7bde4e2799f61f9e24,1622.80,64.16,6.487250834,54000,54000
50363851973d1c7d7446fcc0b79f7ace70faa58c,1642.89,64.69,6.539728108,54000,54000
0bcf48bd57a6c463c5fee9aa8f76cfa1d4b42267,1636.93,64.41,6.509757003,54000,54000
6a9f95cbd0fa2c37113737a879370534be247fed,1665.11,65.39,6.627266654,54000,54000
44845a7d44536a24f15b1e0c4686cb71e867b513,1670.01,65.56,6.631122968,54000,54000
3c0926aabcf7dc60fa1bf6a25ff4a5c45faed2fe,1683.48,66.38,6.684453393,54000,54000
13dac9a8375018b890d545197604007c54fca9cc,1678.58,65.98,6.668045387,54000,54000
5e3c821533dac57904e1f6c41979949407992337,1659.08,65.31,6.599402775,54000,54000
86e5898a7ee7efa5647cf32d4b8eb784dd41a330,1642.38,64.79,6.539701175,54000,54000
081f554cf199ea5d25c8675872e490671347ade3,1668.76,65.81,6.640367262,54000,55000
0f3665f7d998d057f02f3dcd241cabf7b323615f,1670.30,66.05,6.635462147,55000,54000
178c73e4064a462e324c35147a71d2cfaf590ccf,1659.51,65.38,6.604428571,54000,55000
7049ba88ab5fce314d33a0da14543d861b31d4f7,1649.80,65.32,6.554127400,54000,54000
a8bc053eef738529a4cbb77f618b53cb84cfea8e,1653.44,65.46,6.582700733,54000,55000
1401205b34a1bce3285f1f10dc2c49208f2dd87c,1660.50,65.73,6.604785509,54000,54000
cf0bbc1ac9189b5c92f56e7200f40ec6c348c13c,1697.73,67.43,6.727876054,55000,55000
ed3f13a22edb9b11073acf69e75245be0e8fedf1,1685.97,66.93,6.675470013,54000,55000
8d07387ff27e9fb2c09812439f1a3e64e64ff05b,1647.34,64.93,6.554187039,54000,54000
3e733b566cd4036dc2f9fe646e6c1f6e9ffb1bab,1719.37,68.00,6.838064208,54000,54000
a1dbff7275ec8afcc1f4408c45cdffdab35bacde,1665.96,65.96,6.606954113,55000,54000
f9a99fc0f5743e1f8027d1a48ee49072aad21e69,1672.07,66.03,6.651442534,54000,54000
178c73e4064a462e324c35147a71d2cfaf590ccf,1659.09,65.60,6.591743249,54000,55000
b220def232cb1ad8bfece2836d947d9b544e99a4,1613.96,64.01,6.464201410,54000,55000
c9622fe0aa69ebd69de8e548574801946bdb97a5,1596.85,63.33,6.392447354,56000,55000
b220def232cb1ad8bfece2836d947d9b544e99a4,1624.72,64.47,6.501493061,55000,56000
cf8dddbf31aab6518641913cd39d38f675b4c52c,1631.42,64.93,6.516040514,56000,56000
3cef59ca4ad4cf2d235729bcf34cd0cba06029c7,1616.97,64.32,6.452595410,56000,56000
0b64e77d3047ad3ef9b24393b1823c616fc74139,1598.80,63.64,6.380876840,56000,56000
056fac843884da0e105abcfc7105e55ea763a7b8,1623.14,64.34,6.479142283,56000,55000
cf8dddbf31aab6518641913cd39d38f675b4c52c,1624.83,64.81,6.475918679,56000,56000
0b64e77d3047ad3ef9b24393b1823c616fc74139,1608.15,63.74,6.416546665,55000,55000
056fac843884da0e105abcfc7105e55ea763a7b8,1627.92,64.58,6.487352093,56000,56000
9a804336b0689ce18a4b18082f03db0bae0c4068,1612.48,63.62,6.433289066,55000,55000
bf2e1402ce85e0b5ae6e31366177786b257a4fc1,1621.79,64.07,6.464893389,56000,56000
9502280efa5a95f5ac368718f89e4870833d0fc4,1612.22,63.65,6.430007840,55000,54000
3cef59ca4ad4cf2d235729bcf34cd0cba06029c7,1635.12,64.84,6.505690291,56000,56000
31d3053f2662864bc7c7a526033a6dd71d8dcd4a,1609.23,63.44,6.411879654,56000,56000
0b64e77d3047ad3ef9b24393b1823c616fc74139,1610.38,63.87,6.408098502,56000,55000
f8c5012c99b8f13872ad910bf15a15cdb6a868cb,1646.19,64.98,6.558506093,54000,55000
31d3053f2662864bc7c7a526033a6dd71d8dcd4a,1606.49,63.47,6.391364363,55000,55000
3cef59ca4ad4cf2d235729bcf34cd0cba06029c7,1652.07,65.47,6.591151645,56000,56000
0b205f61ed5b987405ca7e574bd775a1fb491ee5,1644.10,65.17,6.537168384,56000,56000
5d30a8f23959602f4475a1f74165f06dcc69865e,1617.70,64.30,6.439913760,56000,56000
5c064b1e3dd94b5d44496719729719171b74507b,1598.09,63.12,6.370996106,56000,56000
361b3abed78b25096fcf16eacb57d1c4d00f284d,1625.21,64.57,6.459693445,55000,56000
5d30a8f23959602f4475a1f74165f06dcc69865e,1643.76,65.01,6.532096570,56000,56000
cf8dddbf31aab6518641913cd39d38f675b4c52c,1660.91,65.68,6.608986528,55000,55000
afced838de58bf2af61126a657f92538f8b26ae5,1620.73,63.97,6.457717667,56000,56000
f8c5012c99b8f13872ad910bf15a15cdb6a868cb,1637.31,64.79,6.516628984,55000,56000
bf2e1402ce85e0b5ae6e31366177786b257a4fc1,1627.90,64.47,6.477318510,55000,56000
cf8dddbf31aab6518641913cd39d38f675b4c52c,1663.01,65.86,6.614772735,55000,55000
14401088ad133d327924991522495934d0c89535,1642.36,65.24,6.525461241,55000,56000
c9622fe0aa69ebd69de8e548574801946bdb97a5,1611.70,63.59,6.420679364,56000,56000
0b64e77d3047ad3ef9b24393b1823c616fc74139,1668.82,65.85,6.655403791,55000,55000
0b64e77d3047ad3ef9b24393b1823c616fc74139,1630.70,64.34,6.489812053,56000,56000
cd5b7a171bdc9ed5e93d4bdbcb3779ddf49eb58d,1621.89,64.23,6.454641188,55000,56000
f8c5012c99b8f13872ad910bf15a15cdb6a868cb,1652.87,65.47,6.575226186,55000,56000
31d3053f2662864bc7c7a526033a6dd71d8dcd4a,1599.46,62.96,6.360819877,55000,56000
0b64e77d3047ad3ef9b24393b1823c616fc74139,1615.82,64.20,6.409150738,55000,56000
31d3053f2662864bc7c7a526033a6dd71d8dcd4a,1631.45,64.34,6.478287227,56000,56000
f8c5012c99b8f13872ad910bf15a15cdb6a868cb,1607.77,63.60,6.395583358,55000,56000
361b3abed78b25096fcf16eacb57d1c4d00f284d,1665.56,65.85,6.621409311,55000,55000
5d30a8f23959602f4475a1f74165f06dcc69865e,1613.79,63.64,6.415465168,56000,55000
056fac843884da0e105abcfc7105e55ea763a7b8,1635.19,64.41,6.510990455,56000,55000
7d8cb6625cbbadcf5004c1b58d559d1fa7e05e4e,1636.73,64.78,6.501281097,55000,55000
31d3053f2662864bc7c7a526033a6dd71d8dcd4a,1612.56,63.41,6.422463328,56000,56000
7d8cb6625cbbadcf5004c1b58d559d1fa7e05e4e,1610.14,63.43,6.407638430,56000,55000
14401088ad133d327924991522495934d0c89535,1619.77,64.10,6.435176266,56000,56000
9a804336b0689ce18a4b18082f03db0bae0c4068,1629.84,64.63,6.474302763,56000,55000
6c46313d58d42ef3d9bd7aa798646f9258329ef7,1611.86,63.08,6.425842871,55000,56000
5d30a8f23959602f4475a1f74165f06dcc69865e,1624.34,64.37,6.447592181,56000,55000
afced838de58bf2af61126a657f92538f8b26ae5,1614.33,63.37,6.425644829,55000,55000
6c46313d58d42ef3d9bd7aa798646f9258329ef7,1621.41,63.48,6.463655656,56000,55000
f8c5012c99b8f13872ad910bf15a15cdb6a868cb,1641.99,65.01,6.521525986,56000,56000
361b3abed78b25096fcf16eacb57d1c4d00f284d,1629.97,64.50,6.468445354,55000,56000
bf2e1402ce85e0b5ae6e31366177786b257a4fc1,1631.32,64.72,6.481426229,55000,54000
c9622fe0aa69ebd69de8e548574801946bdb97a5,1637.59,64.70,6.501334801,55000,56000
9502280efa5a95f5ac368718f89e4870833d0fc4,1618.38,63.70,6.449209637,55000,55000
6c46313d58d42ef3d9bd7aa798646f9258329ef7,1608.18,62.92,6.412400423,55000,54000
9502280efa5a95f5ac368718f89e4870833d0fc4,1627.22,63.80,6.490400227,54000,55000
361b3abed78b25096fcf16eacb57d1c4d00f284d,1622.00,63.91,6.448809408,55000,55000
099fcf7c92e122f9a4adc1c1ab0dfe0a3b05a9d1,1630.04,64.51,6.479368971,55000,56000
f8c5012c99b8f13872ad910bf15a15cdb6a868cb,1613.12,63.51,6.424593236,56000,55000
5c064b1e3dd94b5d44496719729719171b74507b,1628.07,64.24,6.484935786,55000,55000
6c46313d58d42ef3d9bd7aa798646f9258329ef7,1629.58,64.01,6.493355717,55000,55000
31d3053f2662864bc7c7a526033a6dd71d8dcd4a,1630.97,64.22,6.499245717,55000,54000
5d30a8f23959602f4475a1f74165f06dcc69865e,1632.73,64.43,6.479443942,55000,55000
01bb3e3539561fecd441b14764b0f0da93952592,1617.68,63.76,6.438671601,54000,56000
6c46313d58d42ef3d9bd7aa798646f9258329ef7,1629.78,63.93,6.497106134,55000,55000
361b3abed78b25096fcf16eacb57d1c4d00f284d,1640.62,64.94,6.507197896,55000,55000
099fcf7c92e122f9a4adc1c1ab0dfe0a3b05a9d1,1625.25,63.99,6.464429400,55000,55000
c9622fe0aa69ebd69de8e548574801946bdb97a5,1610.74,63.31,6.416875196,55000,55000
f8c5012c99b8f13872ad910bf15a15cdb6a868cb,1632.58,64.46,6.489920504,54000,55000
c9622fe0aa69ebd69de8e548574801946bdb97a5,1630.99,64.04,6.497421409,56000,56000
01bb3e3539561fecd441b14764b0f0da93952592,1629.36,64.54,6.473445892,56000,55000
cf8dddbf31aab6518641913cd39d38f675b4c52c,1620.96,63.71,6.453723620,55000,55000
9a804336b0689ce18a4b18082f03db0bae0c4068,1613.09,63.65,6.416557520,55000,56000
cf8dddbf31aab6518641913cd39d38f675b4c52c,1627.40,64.27,6.469236271,55000,54000
0b64e77d3047ad3ef9b24393b1823c616fc74139,1602.74,63.44,6.377890065,55000,55000
14401088ad133d327924991522495934d0c89535,1619.13,64.01,6.435656281,55000,54000
5d30a8f23959602f4475a1f74165f06dcc69865e,1632.62,64.45,6.495316706,54000,55000
5c064b1e3dd94b5d44496719729719171b74507b,1599.01,63.11,6.372817175,55000,54000
7d8cb6625cbbadcf5004c1b58d559d1fa7e05e4e,1626.00,63.99,6.477213593,54000,54000
afced838de58bf2af61126a657f92538f8b26ae5,1650.98,64.93,6.573902152,55000,54000
cd5b7a171bdc9ed5e93d4bdbcb3779ddf49eb58d,1630.93,64.66,6.499249210,54000,54000
5c064b1e3dd94b5d44496719729719171b74507b,1605.03,63.50,6.383661906,54000,54000
01bb3e3539561fecd441b14764b0f0da93952592,1631.25,64.26,6.489777061,55000,55000
9502280efa5a95f5ac368718f89e4870833d0fc4,1607.22,63.31,6.397014725,54000,55000
01bb3e3539561fecd441b14764b0f0da93952592,1620.86,63.95,6.442436198,54000,55000
7d8cb6625cbbadcf5004c1b58d559d1fa7e05e4e,1628.90,64.20,6.483038601,55000,54000
bf2e1402ce85e0b5ae6e31366177786b257a4fc1,1633.61,64.60,6.478962077,55000,54000
e54384d8f5b981cc88c4674253493d2db55e02f3,1639.75,64.75,6.507064006,54000,54000
0b64e77d3047ad3ef9b24393b1823c616fc74139,1615.46,63.71,6.408611819,55000,55000
9a804336b0689ce18a4b18082f03db0bae0c4068,1598.83,62.77,6.359581528,54000,55000
0b64e77d3047ad3ef9b24393b1823c616fc74139,1636.35,64.69,6.488550933,55000,55000
9a804336b0689ce18a4b18082f03db0bae0c4068,1610.67,62.98,6.406174875,54000,54000
f8c5012c99b8f13872ad910bf15a15cdb6a868cb,1642.10,64.60,6.531084144,54000,55000
cd5b7a171bdc9ed5e93d4bdbcb3779ddf49eb58d,1645.06,64.90,6.546586487,56000,55000
14401088ad133d327924991522495934d0c89535,1621.64,64.17,6.440515074,54000,54000
056fac843884da0e105abcfc7105e55ea763a7b8,1642.95,64.75,6.520610871,54000,55000
5c064b1e3dd94b5d44496719729719171b74507b,1648.89,65.21,6.563184504,55000,54000
cd5b7a171bdc9ed5e93d4bdbcb3779ddf49eb58d,1608.24,63.50,6.402321764,54000,56000
14401088ad133d327924991522495934d0c89535,1627.96,64.46,6.452376176,55000,54000
31d3053f2662864bc7c7a526033a6dd71d8dcd4a,1614.27,63.34,6.424737102,54000,54000
6c46313d58d42ef3d9bd7aa798646f9258329ef7,1623.15,63.78,6.469730450,54000,55000
6c46313d58d42ef3d9bd7aa798646f9258329ef7,1626.42,63.96,6.483138836,55000,53000
0b205f61ed5b987405ca7e574bd775a1fb491ee5,1627.72,64.35,6.464155447,54000,55000
7d8cb6625cbbadcf5004c1b58d559d1fa7e05e4e,1625.08,63.92,6.470559250,54000,54000
f8c5012c99b8f13872ad910bf15a15cdb6a868cb,1629.95,64.24,6.477018419,55000,54000
bf2e1402ce85e0b5ae6e31366177786b257a4fc1,1624.52,64.28,6.450321399,55000,55000
9502280efa5a95f5ac368718f89e4870833d0fc4,1612.30,63.18,6.426475859,54000,54000
f8c5012c99b8f13872ad910bf15a15cdb6a868cb,1614.25,63.66,6.416469789,54000,55000
afced838de58bf2af61126a657f92538f8b26ae5,1622.28,63.90,6.456013068,54000,54000
14401088ad133d327924991522495934d0c89535,1639.21,65.17,6.495035315,54000,54000
e54384d8f5b981cc88c4674253493d2db55e02f3,1634.21,64.45,6.490621620,54000,55000
b220def232cb1ad8bfece2836d947d9b544e99a4,1617.16,63.90,6.430447123,54000,55000
b220def232cb1ad8bfece2836d947d9b544e99a4,1643.74,64.72,6.535040668,56000,55000
afced838de58bf2af61126a657f92538f8b26ae5,1629.11,64.14,6.474941014,55000,54000
0b205f61ed5b987405ca7e574bd775a1fb491ee5,1640.23,64.90,6.511322155,54000,55000
14401088ad133d327924991522495934d0c89535,1610.01,63.51,6.404079218,54000,54000
afced838de58bf2af61126a657f92538f8b26ae5,1643.35,64.92,6.543203648,54000,54000
01bb3e3539561fecd441b14764b0f0da93952592,1639.29,64.82,6.514276022,54000,55000
c9622fe0aa69ebd69de8e548574801946bdb97a5,1607.98,63.76,6.395801547,54000,54000
bf2e1402ce85e0b5ae6e31366177786b257a4fc1,1650.01,65.52,6.551003203,55000,55000
0b205f61ed5b987405ca7e574bd775a1fb491ee5,1633.04,64.57,6.488988739,54000,54000
cf8dddbf31aab6518641913cd39d38f675b4c52c,1682.94,66.79,6.678080189,54000,55000
361b3abed78b25096fcf16eacb57d1c4d00f284d,1627.90,64.46,6.463452240,55000,54000
9a804336b0689ce18a4b18082f03db0bae0c4068,1598.93,62.99,6.369198189,54000,54000
0b205f61ed5b987405ca7e574bd775a1fb491ee5,1645.61,65.33,6.527575809,54000,54000
361b3abed78b25096fcf16eacb57d1c4d00f284d,1648.11,65.16,6.559924795,54000,54000
01bb3e3539561fecd441b14764b0f0da93952592,1625.30,64.36,6.474076109,55000,54000
7d8cb6625cbbadcf5004c1b58d559d1fa7e05e4e,1629.85,64.34,6.505409048,54000,54000
5d30a8f23959602f4475a1f74165f06dcc69865e,1632.09,64.84,6.492681263,54000,54000
f8c5012c99b8f13872ad910bf15a15cdb6a868cb,1626.69,64.51,6.473879902,55000,54000
361b3abed78b25096fcf16eacb57d1c4d00f284d,1631.96,64.70,6.488284517,54000,54000
0b64e77d3047ad3ef9b24393b1823c616fc74139,1629.92,64.29,6.509715730,54000,53000
01bb3e3539561fecd441b14764b0f0da93952592,1634.86,64.76,6.500555345,54000,54000
7d8cb6625cbbadcf5004c1b58d559d1fa7e05e4e,1658.50,66.03,6.592488390,54000,54000
afced838de58bf2af61126a657f92538f8b26ae5,1618.64,63.80,6.452627700,55000,55000
7d8cb6625cbbadcf5004c1b58d559d1fa7e05e4e,1626.78,64.58,6.477545630,55000,54000
5c064b1e3dd94b5d44496719729719171b74507b,1603.90,63.50,6.393543148,54000,54000
0b64e77d3047ad3ef9b24393b1823c616fc74139,1620.20,64.02,6.456137687,54000,55000
14401088ad133d327924991522495934d0c89535,1636.99,65.05,6.500176084,55000,54000
cd5b7a171bdc9ed5e93d4bdbcb3779ddf49eb58d,1621.49,64.17,6.453220967,54000,54000
01bb3e3539561fecd441b14764b0f0da93952592,1625.43,64.39,6.459533375,55000,54000
afced838de58bf2af61126a657f92538f8b26ae5,1635.52,64.34,6.516118709,54000,54000
9502280efa5a95f5ac368718f89e4870833d0fc4,1621.73,64.10,6.450363915,55000,55000
361b3abed78b25096fcf16eacb57d1c4d00f284d,1628.55,64.55,6.474385240,55000,54000
0b205f61ed5b987405ca7e574bd775a1fb491ee5,1632.79,64.85,6.486982081,54000,54000
099fcf7c92e122f9a4adc1c1ab0dfe0a3b05a9d1,1620.17,64.09,6.445738447,54000,54000
e54384d8f5b981cc88c4674253493d2db55e02f3,1651.64,65.76,6.553820977,54000,54000
9a804336b0689ce18a4b18082f03db0bae0c4068,1617.03,63.57,6.434402139,54000,54000
099fcf7c92e122f9a4adc1c1ab0dfe0a3b05a9d1,1628.84,64.78,6.473415351,55000,54000
01bb3e3539561fecd441b14764b0f0da93952592,1621.99,64.29,6.433828508,54000,55000
056fac843884da0e105abcfc7105e55ea763a7b8,1626.75,64.31,6.463336848,54000,54000
361b3abed78b25096fcf16eacb57d1c4d00f284d,1654.18,65.32,6.576683085,54000,54000
e54384d8f5b981cc88c4674253493d2db55e02f3,1647.09,65.52,6.537091129,54000,54000
3cef59ca4ad4cf2d235729bcf34cd0cba06029c7,1608.92,63.53,6.387762276,54000,54000
056fac843884da0e105abcfc7105e55ea763a7b8,1623.52,64.12,6.465467220,54000,54000
0b205f61ed5b987405ca7e574bd775a1fb491ee5,1615.48,63.90,6.428715192,54000,54000
9a804336b0689ce18a4b18082f03db0bae0c4068,1625.60,64.09,6.467260298,55000,54000
31d3053f2662864bc7c7a526033a6dd71d8dcd4a,1608.51,63.42,6.402057317,54000,56000
f8c5012c99b8f13872ad910bf15a15cdb6a868cb,1606.01,63.46,6.383287127,55000,54000
e54384d8f5b981cc88c4674253493d2db55e02f3,1628.40,64.60,6.461921716,55000,54000
7d8cb6625cbbadcf5004c1b58d559d1fa7e05e4e,1648.13,65.12,6.556524473,54000,54000
3cef59ca4ad4cf2d235729bcf34cd0cba06029c7,1615.75,63.79,6.417039337,55000,54000
9a804336b0689ce18a4b18082f03db0bae0c4068,1604.42,63.33,6.386844047,54000,54000
cf8dddbf31aab6518641913cd39d38f675b4c52c,1648.12,65.24,6.549820802,54000,54000
9a804336b0689ce18a4b18082f03db0bae0c4068,1618.72,63.71,6.446092617,54000,54000
099fcf7c92e122f9a4adc1c1ab0dfe0a3b05a9d1,1621.14,64.53,6.440973519,54000,54000
14401088ad133d327924991522495934d0c89535,1631.66,64.74,6.482775966,54000,55000
afced838de58bf2af61126a657f92538f8b26ae5,1622.00,64.14,6.452411700,54000,54000
6c46313d58d42ef3d9bd7aa798646f9258329ef7,1620.38,64.24,6.456529486,55000,54000
5d30a8f23959602f4475a1f74165f06dcc69865e,1622.20,64.45,6.449164198,55000,54000
e54384d8f5b981cc88c4674253493d2db55e02f3,1636.41,65.19,6.491022472,54000,54000
14401088ad133d327924991522495934d0c89535,1623.28,64.11,6.458858053,54000,54000
cd5b7a171bdc9ed5e93d4bdbcb3779ddf49eb58d,1615.74,63.96,6.442667059,54000,54000
0b64e77d3047ad3ef9b24393b1823c616fc74139,1606.71,63.80,6.398209327,54000,54000
14401088ad133d327924991522495934d0c89535,1617.57,64.37,6.425425351,54000,55000
3cef59ca4ad4cf2d235729bcf34cd0cba06029c7,1638.09,65.10,6.517018298,55000,54000
e54384d8f5b981cc88c4674253493d2db55e02f3,1627.47,64.33,6.477620202,54000,55000
c9622fe0aa69ebd69de8e548574801946bdb97a5,1633.23,64.56,6.510327870,54000,55000
099fcf7c92e122f9a4adc1c1ab0dfe0a3b05a9d1,1660.51,66.20,6.619432927,54000,54000
6c46313d58d42ef3d9bd7aa798646f9258329ef7,1616.25,63.53,6.453040557,54000,54000
b220def232cb1ad8bfece2836d947d9b544e99a4,1625.10,64.28,6.474395154,54000,55000
0b64e77d3047ad3ef9b24393b1823c616fc74139,1617.13,64.55,6.439330688,55000,54000
5d30a8f23959602f4475a1f74165f06dcc69865e,1643.97,65.36,6.538931314,55000,54000
c9622fe0aa69ebd69de8e548574801946bdb97a5,1616.25,63.80,6.443422811,55000,55000
056fac843884da0e105abcfc7105e55ea763a7b8,1621.97,64.41,6.475295747,54000,54000
5c064b1e3dd94b5d44496719729719171b74507b,1620.10,64.29,6.456070251,54000,54000
5c064b1e3dd94b5d44496719729719171b74507b,1620.30,64.14,6.470925660,54000,54000
0b64e77d3047ad3ef9b24393b1823c616fc74139,1611.99,63.70,6.421543123,55000,54000
5d30a8f23959602f4475a1f74165f06dcc69865e,1620.61,64.28,6.447447226,54000,54000
3cef59ca4ad4cf2d235729bcf34cd0cba06029c7,1619.19,64.40,6.443319015,54000,54000
31d3053f2662864bc7c7a526033a6dd71d8dcd4a,1614.31,63.66,6.435094935,54000,54000
c9622fe0aa69ebd69de8e548574801946bdb97a5,1616.35,63.96,6.442036958,54000,54000
14401088ad133d327924991522495934d0c89535,1623.03,64.67,6.443458744,54000,54000
5d30a8f23959602f4475a1f74165f06dcc69865e,1630.06,64.61,6.494701367,54000,55000
099fcf7c92e122f9a4adc1c1ab0dfe0a3b05a9d1,1606.89,63.46,6.414743957,55000,54000
c9622fe0aa69ebd69de8e548574801946bdb97a5,1625.47,64.20,6.484088662,54000,55000
cd5b7a171bdc9ed5e93d4bdbcb3779ddf49eb58d,1608.46,63.60,6.423766347,55000,54000
31d3053f2662864bc7c7a526033a6dd71d8dcd4a,1597.97,62.97,6.370148251,54000,54000
e54384d8f5b981cc88c4674253493d2db55e02f3,1666.29,66.27,6.619569360,56000,54000
0b64e77d3047ad3ef9b24393b1823c616fc74139,1616.93,64.05,6.427805684,54000,54000
e54384d8f5b981cc88c4674253493d2db55e02f3,1627.05,64.67,6.459373892,54000,54000
e54384d8f5b981cc88c4674253493d2db55e02f3,1634.31,64.92,6.500665419,54000,54000
3cef59ca4ad4cf2d235729bcf34cd0cba06029c7,1637.26,65.05,6.505068056,54000,54000
7d8cb6625cbbadcf5004c1b58d559d1fa7e05e4e,1620.93,64.12,6.468887193,54000,55000
b220def232cb1ad8bfece2836d947d9b544e99a4,1609.77,63.13,6.417079981,55000,54000
6c46313d58d42ef3d9bd7aa798646f9258329ef7,1598.53,62.98,6.385520015,55000,54000
cf8dddbf31aab6518641913cd39d38f675b4c52c,1630.93,64.48,6.494830854,54000,54000
f8c5012c99b8f13872ad910bf15a15cdb6a868cb,1613.38,63.41,6.437249179,54000,54000
f8c5012c99b8f13872ad910bf15a15cdb6a868cb,1654.41,65.78,6.581201503,54000,54000
14401088ad133d327924991522495934d0c89535,1637.62,64.96,6.511804518,54000,54000
361b3abed78b25096fcf16eacb57d1c4d00f284d,1627.42,64.41,6.474943750,54000,54000
3cef59ca4ad4cf2d235729bcf34cd0cba06029c7,1627.37,64.63,6.466193385,54000,54000
3cef59ca4ad4cf2d235729bcf34cd0cba06029c7,1603.30,63.63,6.383898284,54000,54000
099fcf7c92e122f9a4adc1c1ab0dfe0a3b05a9d1,1614.15,64.06,6.426217269,54000,54000
0b205f61ed5b987405ca7e574bd775a1fb491ee5,1626.26,64.72,6.460637236,54000,54000
099fcf7c92e122f9a4adc1c1ab0dfe0a3b05a9d1,1615.52,63.89,6.426431153,54000,54000
6c46313d58d42ef3d9bd7aa798646f9258329ef7,1592.97,62.53,6.354742000,54000,54000
cd5b7a171bdc9ed5e93d4bdbcb3779ddf49eb58d,1609.82,63.41,6.423552337,54000,54000
9502280efa5a95f5ac368718f89e4870833d0fc4,1621.40,63.88,6.454117671,54000,54000
3cef59ca4ad4cf2d235729bcf34cd0cba06029c7,1634.51,64.75,6.499427710,54000,54000
01bb3e3539561fecd441b14764b0f0da93952592,1634.68,64.83,6.509637468,54000,54000
361b3abed78b25096fcf16eacb57d1c4d00f284d,1657.70,65.56,6.589080485,54000,54000
361b3abed78b25096fcf16eacb57d1c4d00f284d,1624.63,64.24,6.453502128,54000,54000
5c064b1e3dd94b5d44496719729719171b74507b,1632.10,64.61,6.496580257,54000,54000
cf8dddbf31aab6518641913cd39d38f675b4c52c,1647.09,65.62,6.538337823,54000,54000
9502280efa5a95f5ac368718f89e4870833d0fc4,1606.50,63.21,6.409427014,54000,54000
e54384d8f5b981cc88c4674253493d2db55e02f3,1651.05,65.62,6.555209398,54000,54000
3cef59ca4ad4cf2d235729bcf34cd0cba06029c7,1626.93,64.39,6.468339637,54000,55000
361b3abed78b25096fcf16eacb57d1c4d00f284d,1637.11,64.90,6.501200523,54000,54000
056fac843884da0e105abcfc7105e55ea763a7b8,1612.02,63.88,6.411102004,54000,54000
cd5b7a171bdc9ed5e93d4bdbcb3779ddf49eb58d,1617.19,64.03,6.444713667,54000,54000
b220def232cb1ad8bfece2836d947d9b544e99a4,1612.38,63.40,6.420488972,54000,54000
056fac843884da0e105abcfc7105e55ea763a7b8,1623.42,63.98,6.452915730,55000,54000
099fcf7c92e122f9a4adc1c1ab0dfe0a3b05a9d1,1625.95,64.43,6.456783462,54000,55000
9502280efa5a95f5ac368718f89e4870833d0fc4,1618.29,63.94,6.460709677,54000,54000
bf2e1402ce85e0b5ae6e31366177786b257a4fc1,1640.62,64.97,6.531662186,54000,54000
f8c5012c99b8f13872ad910bf15a15cdb6a868cb,1647.30,65.42,6.544739152,54000,54000
b220def232cb1ad8bfece2836d947d9b544e99a4,1629.79,64.24,6.494049361,54000,54000
bf2e1402ce85e0b5ae6e31366177786b257a4fc1,1653.86,65.56,6.601156369,54000,54000
9502280efa5a95f5ac368718f89e4870833d0fc4,1610.09,63.48,6.421008232,54000,54000
cd5b7a171bdc9ed5e93d4bdbcb3779ddf49eb58d,1625.07,63.93,6.479484409,54000,54000
361b3abed78b25096fcf16eacb57d1c4d00f284d,1653.21,65.55,6.576430982,54000,54000
f8c5012c99b8f13872ad910bf15a15cdb6a868cb,1615.96,63.74,6.436571944,54000,53000
cf8dddbf31aab6518641913cd39d38f675b4c52c,1628.23,64.46,6.474743176,54000,54000
0b64e77d3047ad3ef9b24393b1823c616fc74139,1633.75,64.87,6.490982633,54000,54000
bf2e1402ce85e0b5ae6e31366177786b257a4fc1,1628.45,64.46,6.499317075,54000,54000
c9622fe0aa69ebd69de8e548574801946bdb97a5,1612.42,63.74,6.427488046,54000,54000
b220def232cb1ad8bfece2836d947d9b544e99a4,1631.85,64.70,6.492554532,54000,54000
afced838de58bf2af61126a657f92538f8b26ae5,1618.27,63.72,6.449391213,54000,54000
01bb3e3539561fecd441b14764b0f0da93952592,1635.84,64.66,6.506079614,54000,54000
14401088ad133d327924991522495934d0c89535,1605.71,63.76,6.385661281,54000,54000
31d3053f2662864bc7c7a526033a6dd71d8dcd4a,1586.75,62.67,6.332073490,54000,54000
056fac843884da0e105abcfc7105e55ea763a7b8,1625.05,64.41,6.461297142,54000,54000
6c46313d58d42ef3d9bd7aa798646f9258329ef7,1629.99,64.20,6.507957272,54000,54000
5d30a8f23959602f4475a1f74165f06dcc69865e,1636.36,64.83,6.501198189,54000,54000
01bb3e3539561fecd441b14764b0f0da93952592,1623.43,64.38,6.450702476,55000,54000
5c064b1e3dd94b5d44496719729719171b74507b,1609.38,63.57,6.406527503,54000,54000
01bb3e3539561fecd441b14764b0f0da93952592,1619.42,64.44,6.425949312,55000,55000
0b64e77d3047ad3ef9b24393b1823c616fc74139,1619.61,63.89,6.439403879,54000,54000
9a804336b0689ce18a4b18082f03db0bae0c4068,1608.44,63.66,6.405448635,55000,55000
bf2e1402ce85e0b5ae6e31366177786b257a4fc1,1617.25,64.17,6.439535091,54000,54000
5c064b1e3dd94b5d44496719729719171b74507b,1627.91,64.56,6.486629604,54000,54000
5c064b1e3dd94b5d44496719729719171b74507b,1606.42,63.42,6.398702794,54000,54000
099fcf7c92e122f9a4adc1c1ab0dfe0a3b05a9d1,1640.44,65.44,6.528699286,54000,54000
056fac843884da0e105abcfc7105e55ea763a7b8,1620.44,64.11,6.444085215,54000,54000
bf2e1402ce85e0b5ae6e31366177786b257a4fc1,1631.51,64.70,6.483740141,54000,54000
7d8cb6625cbbadcf5004c1b58d559d1fa7e05e4e,1618.53,63.98,6.452739043,54000,54000
056fac843884da0e105abcfc7105e55ea763a7b8,1645.44,65.55,6.534580833,54000,54000
e54384d8f5b981cc88c4674253493d2db55e02f3,1652.87,65.70,6.562756118,54000,54000
b220def232cb1ad8bfece2836d947d9b544e99a4,1651.97,65.00,6.592160623,54000,54000
b220def232cb1ad8bfece2836d947d9b544e99a4,1630.49,64.21,6.499375384,54000,55000
9a804336b0689ce18a4b18082f03db0bae0c4068,1612.52,63.45,6.420122698,54000,54000
0b205f61ed5b987405ca7e574bd775a1fb491ee5,1649.44,65.46,6.562536531,55000,54000
bf2e1402ce85e0b5ae6e31366177786b257a4fc1,1636.28,64.88,6.512549360,55000,54000
cf8dddbf31aab6518641913cd39d38f675b4c52c,1638.01,65.18,6.498529257,54000,54000
5c064b1e3dd94b5d44496719729719171b74507b,1593.53,63.19,6.342029661,54000,54000
9502280efa5a95f5ac368718f89e4870833d0fc4,1611.48,63.67,6.415321459,54000,54000
5d30a8f23959602f4475a1f74165f06dcc69865e,1610.65,64.06,6.399979836,54000,54000
c9622fe0aa69ebd69de8e548574801946bdb97a5,1642.52,65.27,6.533140926,54000,54000
3cef59ca4ad4cf2d235729bcf34cd0cba06029c7,1659.00,65.93,6.597132034,55000,54000
14401088ad133d327924991522495934d0c89535,1640.39,65.19,6.514828729,54000,54000
5c064b1e3dd94b5d44496719729719171b74507b,1623.77,64.24,6.507520201,54000,54000
3cef59ca4ad4cf2d235729bcf34cd0cba06029c7,1614.19,64.08,6.426758101,54000,54000
5d30a8f23959602f4475a1f74165f06dcc69865e,1626.97,64.71,6.470059546,54000,54000
31d3053f2662864bc7c7a526033a6dd71d8dcd4a,1601.94,63.43,6.378468139,54000,54000
5d30a8f23959602f4475a1f74165f06dcc69865e,1656.68,65.60,6.606435057,54000,55000
3cef59ca4ad4cf2d235729bcf34cd0cba06029c7,1630.84,64.80,6.487501700,54000,54000
3cef59ca4ad4cf2d235729bcf34cd0cba06029c7,1632.93,64.93,6.494638900,54000,54000
3cef59ca4ad4cf2d235729bcf34cd0cba06029c7,1620.55,64.49,6.451072553,54000,54000
0b64e77d3047ad3ef9b24393b1823c616fc74139,1622.33,64.35,6.461117404,55000,54000
01bb3e3539561fecd441b14764b0f0da93952592,1632.80,64.63,6.500692132,53000,54000
9502280efa5a95f5ac368718f89e4870833d0fc4,1594.19,62.85,6.369384219,54000,54000
7d8cb6625cbbadcf5004c1b58d559d1fa7e05e4e,1614.21,63.59,6.430505812,54000,55000
0b205f61ed5b987405ca7e574bd775a1fb491ee5,1637.42,65.14,6.505930890,55000,54000
cd5b7a171bdc9ed5e93d4bdbcb3779ddf49eb58d,1615.67,64.19,6.432967625,54000,54000
14401088ad133d327924991522495934d0c89535,1618.12,64.36,6.437567021,54000,54000
9502280efa5a95f5ac368718f89e4870833d0fc4,1617.58,64.04,6.448714987,54000,54000
cf8dddbf31aab6518641913cd39d38f675b4c52c,1643.21,65.68,6.529016774,55000,54000
9502280efa5a95f5ac368718f89e4870833d0fc4,1610.09,63.67,6.408471146,54000,55000
5d30a8f23959602f4475a1f74165f06dcc69865e,1627.15,64.71,6.468679855,54000,54000
31d3053f2662864bc7c7a526033a6dd71d8dcd4a,1605.66,63.59,6.385172215,54000,54000
7d8cb6625cbbadcf5004c1b58d559d1fa7e05e4e,1630.79,64.62,6.495243435,54000,54000
6c46313d58d42ef3d9bd7aa798646f9258329ef7,1595.49,62.82,6.364478014,54000,54000
afced838de58bf2af61126a657f92538f8b26ae5,1621.21,64.02,6.469173188,54000,54000
0b205f61ed5b987405ca7e574bd775a1fb491ee5,1624.43,64.46,6.460752637,54000,55000
cf8dddbf31aab6518641913cd39d38f675b4c52c,1626.56,64.65,6.478561445,55000,54000
0b205f61ed5b987405ca7e574bd775a1fb491ee5,1614.70,64.37,6.413599341,54000,54000
cd5b7a171bdc9ed5e93d4bdbcb3779ddf49eb58d,1645.23,65.29,6.553688107,54000,55000
afced838de58bf2af61126a657f92538f8b26ae5,1617.52,63.94,6.448272353,54000,54000
056fac843884da0e105abcfc7105e55ea763a7b8,1625.45,64.69,6.468769159,54000,53000
31d3053f2662864bc7c7a526033a6dd71d8dcd4a,1634.05,64.90,6.494431228,55000,54000
9a804336b0689ce18a4b18082f03db0bae0c4068,1600.75,63.34,6.369481503,54000,54000
361b3abed78b25096fcf16eacb57d1c4d00f284d,1646.73,65.20,6.554945216,54000,54000
9502280efa5a95f5ac368718f89e4870833d0fc4,1594.48,62.90,6.362257795,54000,54000
c9622fe0aa69ebd69de8e548574801946bdb97a5,1625.37,64.37,6.472877774,54000,55000
14401088ad133d327924991522495934d0c89535,1626.04,64.34,6.450580723,55000,55000
cd5b7a171bdc9ed5e93d4bdbcb3779ddf49eb58d,1610.37,63.78,6.417827898,55000,54000
5d30a8f23959602f4475a1f74165f06dcc69865e,1641.60,65.29,6.522846321,54000,54000
6c46313d58d42ef3d9bd7aa798646f9258329ef7,1636.32,64.31,6.546413263,54000,54000
e54384d8f5b981cc88c4674253493d2db55e02f3,1651.77,65.86,6.582737629,54000,54000
3cef59ca4ad4cf2d235729bcf34cd0cba06029c7,1617.90,64.28,6.437534107,54000,54000
c9622fe0aa69ebd69de8e548574801946bdb97a5,1638.22,64.74,6.521401121,54000,54000
bf2e1402ce85e0b5ae6e31366177786b257a4fc1,1606.79,63.58,6.391427912,54000,54000
31d3053f2662864bc7c7a526033a6dd71d8dcd4a,1618.18,63.93,6.443769548,54000,54000
b220def232cb1ad8bfece2836d947d9b544e99a4,1626.82,64.38,6.473011963,54000,54000
31d3053f2662864bc7c7a526033a6dd71d8dcd4a,1588.55,62.61,6.333192232,55000,55000
7d8cb6625cbbadcf5004c1b58d559d1fa7e05e4e,1648.37,65.12,6.558417386,54000,54000
31d3053f2662864bc7c7a526033a6dd71d8dcd4a,1600.67,63.21,6.374948486,54000,55000
5d30a8f23959602f4475a1f74165f06dcc69865e,1625.87,64.59,6.464799657,54000,54000
bf2e1402ce85e0b5ae6e31366177786b257a4fc1,1655.90,65.76,6.591086990,54000,54000
056fac843884da0e105abcfc7105e55ea763a7b8,1615.17,63.89,6.425335874,54000,54000
bf2e1402ce85e0b5ae6e31366177786b257a4fc1,1616.58,64.10,6.430685610,54000,55000
01bb3e3539561fecd441b14764b0f0da93952592,1639.81,65.10,6.517026598,55000,55000
31d3053f2662864bc7c7a526033a6dd71d8dcd4a,1603.32,63.18,6.388167414,55000,54000
14401088ad133d327924991522495934d0c89535,1614.33,63.78,6.422303136,54000,54000
0b205f61ed5b987405ca7e574bd775a1fb491ee5,1607.95,63.89,6.389239273,55000,55000
056fac843884da0e105abcfc7105e55ea763a7b8,1620.01,64.37,6.439581610,54000,54000
361b3abed78b25096fcf16eacb57d1c4d00f284d,1616.61,63.80,6.440526238,54000,54000
c9622fe0aa69ebd69de8e548574801946bdb97a5,1605.69,63.56,6.392737443,54000,53000
e54384d8f5b981cc88c4674253493d2db55e02f3,1630.33,64.85,6.472050355,55000,54000
9502280efa5a95f5ac368718f89e4870833d0fc4,1611.23,63.50,6.423980256,54000,54000
cf8dddbf31aab6518641913cd39d38f675b4c52c,1622.38,64.54,6.441609571,54000,54000
7d8cb6625cbbadcf5004c1b58d559d1fa7e05e4e,1628.67,64.48,6.475989683,55000,55000
f8c5012c99b8f13872ad910bf15a15cdb6a868cb,1598.90,63.17,6.375791487,55000,54000
bf2e1402ce85e0b5ae6e31366177786b257a4fc1,1627.04,64.57,6.465505321,54000,54000
6c46313d58d42ef3d9bd7aa798646f9258329ef7,1604.61,63.17,6.394361704,55000,54000
5c064b1e3dd94b5d44496719729719171b74507b,1611.72,64.09,6.419434164,54000,54000
9502280efa5a95f5ac368718f89e4870833d0fc4,1595.30,63.16,6.360635858,54000,54000
cf8dddbf31aab6518641913cd39d38f675b4c52c,1628.84,64.76,6.467715488,54000,54000
5c064b1e3dd94b5d44496719729719171b74507b,1621.09,63.77,6.456618460,54000,54000
c9622fe0aa69ebd69de8e548574801946bdb97a5,1609.25,63.28,6.411231647,54000,54000
056fac843884da0e105abcfc7105e55ea763a7b8,1654.48,65.60,6.589427059,54000,54000
9a804336b0689ce18a4b18082f03db0bae0c4068,1610.52,63.69,6.405087448,54000,54000
cd5b7a171bdc9ed5e93d4bdbcb3779ddf49eb58d,1631.73,64.48,6.505043851,54000,54000
6c46313d58d42ef3d9bd7aa798646f9258329ef7,1608.45,63.20,6.414424785,54000,54000
9502280efa5a95f5ac368718f89e4870833d0fc4,1619.84,63.98,6.449657164,54000,54000
b220def232cb1ad8bfece2836d947d9b544e99a4,1615.53,64.02,6.433355446,54000,54000
b220def232cb1ad8bfece2836d947d9b544e99a4,1629.65,64.52,6.484199622,54000,54000
afced838de58bf2af61126a657f92538f8b26ae5,1648.42,65.41,6.559154055,54000,54000
e54384d8f5b981cc88c4674253493d2db55e02f3,1614.73,64.14,6.420035009,54000,54000
7d8cb6625cbbadcf5004c1b58d559d1fa7e05e4e,1633.96,64.79,6.508640902,54000,54000
9a804336b0689ce18a4b18082f03db0bae0c4068,1607.75,63.55,6.404843912,54000,54000
afced838de58bf2af61126a657f92538f8b26ae5,1605.15,63.84,6.392364614,55000,54000
e54384d8f5b981cc88c4674253493d2db55e02f3,1647.31,65.69,6.542867409,54000,54000
31d3053f2662864bc7c7a526033a6dd71d8dcd4a,1619.95,64.09,6.450382885,54000,54000
e54384d8f5b981cc88c4674253493d2db55e02f3,1649.03,65.77,6.557917700,54000,54000
6c46313d58d42ef3d9bd7aa798646f9258329ef7,1613.33,63.66,6.430671709,54000,54000
6c46313d58d42ef3d9bd7aa798646f9258329ef7,1602.87,63.27,6.392615391,54000,54000
cd5b7a171bdc9ed5e93d4bdbcb3779ddf49eb58d,1627.82,64.54,6.480907016,54000,54000
e54384d8f5b981cc88c4674253493d2db55e02f3,1632.05,64.98,6.499182254,54000,54000
7d8cb6625cbbadcf5004c1b58d559d1fa7e05e4e,1629.66,64.50,6.485528818,54000,53000
b220def232cb1ad8bfece2836d947d9b544e99a4,1665.92,65.79,6.638296914,54000,54000
0b205f61ed5b987405ca7e574bd775a1fb491ee5,1621.18,64.48,6.444501748,54000,55000
9502280efa5a95f5ac368718f89e4870833d0fc4,1621.79,63.94,6.470040078,54000,54000
9502280efa5a95f5ac368718f89e4870833d0fc4,1615.19,63.83,6.441507248,54000,54000
9a804336b0689ce18a4b18082f03db0bae0c4068,1612.06,63.67,6.421974361,54000,54000
01bb3e3539561fecd441b14764b0f0da93952592,1630.97,64.93,6.468814856,54000,54000
31d3053f2662864bc7c7a526033a6dd71d8dcd4a,1612.36,63.73,6.414700507,54000,55000
6c46313d58d42ef3d9bd7aa798646f9258329ef7,1608.98,63.69,6.410540304,54000,55000
0b64e77d3047ad3ef9b24393b1823c616fc74139,1610.48,64.09,6.395020211,54000,54000
f8c5012c99b8f13872ad910bf15a15cdb6a868cb,1633.77,64.83,6.496465546,54000,54000
cd5b7a171bdc9ed5e93d4bdbcb3779ddf49eb58d,1627.57,64.31,6.471496625,54000,54000
056fac843884da0e105abcfc7105e55ea763a7b8,1626.63,64.17,6.469053981,54000,54000
099fcf7c92e122f9a4adc1c1ab0dfe0a3b05a9d1,1606.94,63.53,6.395246239,54000,54000
9502280efa5a95f5ac368718f89e4870833d0fc4,1601.39,63.26,6.384410055,54000,54000
5d30a8f23959602f4475a1f74165f06dcc69865e,1623.65,64.80,6.443114682,54000,54000
c9622fe0aa69ebd69de8e548574801946bdb97a5,1612.90,63.71,6.419886752,54000,54000
056fac843884da0e105abcfc7105e55ea763a7b8,1639.43,64.70,6.523281261,54000,54000
b220def232cb1ad8bfece2836d947d9b544e99a4,1633.86,64.63,6.499814435,54000,54000
3cef59ca4ad4cf2d235729bcf34cd0cba06029c7,1654.98,65.77,6.574543293,54000,54000
099fcf7c92e122f9a4adc1c1ab0dfe0a3b05a9d1,1640.23,65.18,6.517199135,54000,54000
6c46313d58d42ef3d9bd7aa798646f9258329ef7,1606.97,63.17,6.417378438,54000,54000
5c064b1e3dd94b5d44496719729719171b74507b,1611.58,63.67,6.414131649,55000,54000
099fcf7c92e122f9a4adc1c1ab0dfe0a3b05a9d1,1656.51,65.87,6.598546875,54000,54000
9a804336b0689ce18a4b18082f03db0bae0c4068,1639.07,64.55,6.531993033,54000,54000
31d3053f2662864bc7c7a526033a6dd71d8dcd4a,1615.66,64.04,6.430867454,54000,54000
cd5b7a171bdc9ed5e93d4bdbcb3779ddf49eb58d,1634.39,64.85,6.507835519,54000,54000
0b64e77d3047ad3ef9b24393b1823c616fc74139,1621.32,64.31,6.447060591,55000,54000
31d3053f2662864bc7c7a526033a6dd71d8dcd4a,1603.30,63.50,6.384662887,54000,54000
7d8cb6625cbbadcf5004c1b58d559d1fa7e05e4e,1618.37,64.10,6.446971592,54000,54000
c9622fe0aa69ebd69de8e548574801946bdb97a5,1609.46,64.21,6.394823300,54000,54000
0b64e77d3047ad3ef9b24393b1823c616fc74139,1618.26,64.21,6.444312632,55000,54000
31d3053f2662864bc7c7a526033a6dd71d8dcd4a,1623.52,64.18,6.456852118,54000,54000
cd5b7a171bdc9ed5e93d4bdbcb3779ddf49eb58d,1630.16,64.67,6.498508299,54000,54000
14401088ad133d327924991522495934d0c89535,1634.07,65.14,6.523928686,54000,54000
01bb3e3539561fecd441b14764b0f0da93952592,1615.83,63.83,6.431201452,54000,54000
b220def232cb1ad8bfece2836d947d9b544e99a4,1627.91,64.27,6.485865598,54000,54000
056fac843884da0e105abcfc7105e55ea763a7b8,1653.48,65.58,6.572151861,54000,54000
f8c5012c99b8f13872ad910bf15a15cdb6a868cb,1594.23,62.82,6.361035296,54000,54000
099fcf7c92e122f9a4adc1c1ab0dfe0a3b05a9d1,1623.93,64.68,6.453374953,54000,55000
361b3abed78b25096fcf16eacb57d1c4d00f284d,1633.54,64.57,6.497519820,55000,54000
afced838de58bf2af61126a657f92538f8b26ae5,1627.62,64.47,6.485466044,54000,54000
7d8cb6625cbbadcf5004c1b58d559d1fa7e05e4e,1624.16,64.46,6.457516595,54000,54000
7d8cb6625cbbadcf5004c1b58d559d1fa7e05e4e,1630.72,64.59,6.494195216,54000,54000
5c064b1e3dd94b5d44496719729719171b74507b,1600.16,63.31,6.371378619,55000,54000
f8c5012c99b8f13872ad910bf15a15cdb6a868cb,1634.93,64.84,6.507078517,54000,54000
cd5b7a171bdc9ed5e93d4bdbcb3779ddf49eb58d,1613.18,63.82,6.422057548,54000,54000
056fac843884da0e105abcfc7105e55ea763a7b8,1644.91,65.45,6.540623693,54000,54000
3cef59ca4ad4cf2d235729bcf34cd0cba06029c7,1622.50,64.61,6.436095576,54000,55000
5d30a8f23959602f4475a1f74165f06dcc69865e,1631.42,64.72,6.477329866,54000,55000
0b64e77d3047ad3ef9b24393b1823c616fc74139,1638.45,64.86,6.514786997,55000,54000
cd5b7a171bdc9ed5e93d4bdbcb3779ddf49eb58d,1639.02,64.91,6.514345164,54000,54000
056fac843884da0e105abcfc7105e55ea763a7b8,1636.25,64.97,6.503716622,54000,54000
361b3abed78b25096fcf16eacb57d1c4d00f284d,1660.31,65.73,6.604310622,54000,54000
6c46313d58d42ef3d9bd7aa798646f9258329ef7,1608.39,63.15,6.404736475,55000,54000
f8c5012c99b8f13872ad910bf15a15cdb6a868cb,1628.88,64.36,6.494930276,55000,55000
f8c5012c99b8f13872ad910bf15a15cdb6a868cb,1628.48,64.77,6.511007246,54000,54000
cf8dddbf31aab6518641913cd39d38f675b4c52c,1630.78,64.63,6.488471318,54000,55000
9502280efa5a95f5ac368718f89e4870833d0fc4,1611.48,63.25,6.426486762,54000,54000
099fcf7c92e122f9a4adc1c1ab0dfe0a3b05a9d1,1620.17,64.11,6.442216863,54000,54000
cf8dddbf31aab6518641913cd39d38f675b4c52c,1632.98,64.94,6.485082752,54000,55000
099fcf7c92e122f9a4adc1c1ab0dfe0a3b05a9d1,1660.27,65.79,6.599972343,54000,54000
5c064b1e3dd94b5d44496719729719171b74507b,1596.67,63.10,6.356481277,54000,54000
01bb3e3539561fecd441b14764b0f0da93952592,1636.41,65.06,6.489020811,55000,54000
099fcf7c92e122f9a4adc1c1ab0dfe0a3b05a9d1,1609.87,64.06,6.408085372,54000,54000
cf8dddbf31aab6518641913cd39d38f675b4c52c,1661.45,66.08,6.605250637,54000,54000
3cef59ca4ad4cf2d235729bcf34cd0cba06029c7,1629.76,64.43,6.492406762,54000,54000
5c064b1e3dd94b5d44496719729719171b74507b,1606.01,63.61,6.402956393,54000,55000
5d30a8f23959602f4475a1f74165f06dcc69865e,1606.70,63.79,6.384543120,54000,54000
01bb3e3539561fecd441b14764b0f0da93952592,1635.16,65.14,6.484136803,54000,54000
9a804336b0689ce18a4b18082f03db0bae0c4068,1605.08,63.48,6.391143125,55000,54000
9502280efa5a95f5ac368718f89e4870833d0fc4,1628.55,64.28,6.488145619,54000,54000
cf8dddbf31aab6518641913cd39d38f675b4c52c,1660.39,65.73,6.601088290,54000,55000
5d30a8f23959602f4475a1f74165f06dcc69865e,1645.11,65.71,6.534611519,54000,55000
14401088ad133d327924991522495934d0c89535,1626.38,64.74,6.460589556,54000,54000
afced838de58bf2af61126a657f92538f8b26ae5,1633.32,64.51,6.506312755,55000,54000
bf2e1402ce85e0b5ae6e31366177786b257a4fc1,1636.29,65.01,6.501639646,55000,54000
0b205f61ed5b987405ca7e574bd775a1fb491ee5,1642.17,65.05,6.526562626,55000,54000
6c46313d58d42ef3d9bd7aa798646f9258329ef7,1598.68,62.99,6.374142248,54000,54000
cd5b7a171bdc9ed5e93d4bdbcb3779ddf49eb58d,1613.88,63.67,6.432077207,54000,54000
afced838de58bf2af61126a657f92538f8b26ae5,1633.30,64.65,6.504968825,54000,54000
c9622fe0aa69ebd69de8e548574801946bdb97a5,1612.34,63.92,6.421121148,54000,54000
0b205f61ed5b987405ca7e574bd775a1fb491ee5,1632.73,65.06,6.481521468,54000,54000
6c46313d58d42ef3d9bd7aa798646f9258329ef7,1603.06,63.29,6.376826907,54000,54000
056fac843884da0e105abcfc7105e55ea763a7b8,1632.03,64.53,6.496206234,54000,54000
056fac843884da0e105abcfc7105e55ea763a7b8,1628.30,64.51,6.477223762,54000,54000
099fcf7c92e122f9a4adc1c1ab0dfe0a3b05a9d1,1621.65,64.24,6.458895864,54000,54000
361b3abed78b25096fcf16eacb57d1c4d00f284d,1618.23,64.09,6.428236069,54000,54000
31d3053f2662864bc7c7a526033a6dd71d8dcd4a,1607.61,63.61,6.398687536,54000,54000
b220def232cb1ad8bfece2836d947d9b544e99a4,1631.23,64.94,6.486352616,54000,54000
5d30a8f23959602f4475a1f74165f06dcc69865e,1623.02,64.86,6.441027795,55000,54000
c9622fe0aa69ebd69de8e548574801946bdb97a5,1617.19,64.17,6.435079634,54000,54000
14401088ad133d327924991522495934d0c89535,1629.05,64.52,6.484190853,54000,55000
3cef59ca4ad4cf2d235729bcf34cd0cba06029c7,1638.43,65.17,6.504324538,54000,54000
5d30a8f23959602f4475a1f74165f06dcc69865e,1642.79,65.36,6.524410733,54000,54000
f8c5012c99b8f13872ad910bf15a15cdb6a868cb,1636.80,64.81,6.519237562,54000,54000
0b205f61ed5b987405ca7e574bd775a1fb491ee5,1619.46,64.38,6.434750021,55000,55000
9a804336b0689ce18a4b18082f03db0bae0c4068,1624.40,63.93,6.481301192,54000,54000
b220def232cb1ad8bfece2836d947d9b544e99a4,1654.29,65.52,6.584456312,55000,54000
3cef59ca4ad4cf2d235729bcf34cd0cba06029c7,1648.38,65.25,6.563860386,54000,54000
099fcf7c92e122f9a4adc1c1ab0dfe0a3b05a9d1,1626.76,64.45,6.473628877,54000,54000
6c46313d58d42ef3d9bd7aa798646f9258329ef7,1602.11,63.30,6.377318797,54000,54000
7d8cb6625cbbadcf5004c1b58d559d1fa7e05e4e,1615.23,64.03,6.428365234,54000,54000
5c064b1e3dd94b5d44496719729719171b74507b,1602.78,63.21,6.390558353,54000,54000
bf2e1402ce85e0b5ae6e31366177786b257a4fc1,1620.26,64.18,6.447237989,54000,54000
0b205f61ed5b987405ca7e574bd775a1fb491ee5,1612.07,64.38,6.398669937,54000,54000
099fcf7c92e122f9a4adc1c1ab0dfe0a3b05a9d1,1644.38,65.68,6.531150128,54000,54000
31d3053f2662864bc7c7a526033a6dd71d8dcd4a,1633.38,64.60,6.504448826,54000,54000
e54384d8f5b981cc88c4674253493d2db55e02f3,1634.00,65.03,6.493349423,54000,54000
cf8dddbf31aab6518641913cd39d38f675b4c52c,1635.27,65.03,6.502195104,54000,54000
3cef59ca4ad4cf2d235729bcf34cd0cba06029c7,1629.76,64.86,6.484148360,55000,54000
056fac843884da0e105abcfc7105e55ea763a7b8,1619.47,64.49,6.433460840,54000,54000
056fac843884da0e105abcfc7105e55ea763a7b8,1619.57,64.07,6.427027920,54000,55000
9502280efa5a95f5ac368718f89e4870833d0fc4,1631.66,64.40,6.508299206,54000,54000
14401088ad133d327924991522495934d0c89535,1651.25,65.76,6.556423029,54000,54000
afced838de58bf2af61126a657f92538f8b26ae5,1637.05,64.80,6.506121546,54000,54000
14401088ad133d327924991522495934d0c89535,1614.85,64.00,6.419210437,54000,54000
0b205f61ed5b987405ca7e574bd775a1fb491ee5,1622.05,64.48,6.444357309,54000,54000
0b205f61ed5b987405ca7e574bd775a1fb491ee5,1606.88,63.75,6.394304778,54000,54000
f8c5012c99b8f13872ad910bf15a15cdb6a868cb,1617.88,64.11,6.434291680,54000,54000
c9622fe0aa69ebd69de8e548574801946bdb97a5,1608.93,63.67,6.399275296,54000,54000
bf2e1402ce85e0b5ae6e31366177786b257a4fc1,1617.34,63.87,6.438258646,54000,55000
e54384d8f5b981cc88c4674253493d2db55e02f3,1640.15,65.31,6.497107365,54000,54000
bf2e1402ce85e0b5ae6e31366177786b257a4fc1,1624.02,64.25,6.453256864,54000,53000
9a804336b0689ce18a4b18082f03db0bae0c4068,1599.06,62.92,6.361025287,54000,54000
14401088ad133d327924991522495934d0c89535,1637.68,65.19,6.501542973,54000,54000
c9622fe0aa69ebd69de8e548574801946bdb97a5,1609.07,63.49,6.412431490,54000,54000
afced838de58bf2af61126a657f92538f8b26ae5,1606.20,63.49,6.403403936,54000,54000
099fcf7c92e122f9a4adc1c1ab0dfe0a3b05a9d1,1604.02,63.51,6.381240265,54000,54000
361b3abed78b25096fcf16eacb57d1c4d00f284d,1622.91,64.14,6.458834519,54000,54000
bf2e1402ce85e0b5ae6e31366177786b257a4fc1,1615.25,63.95,6.423086592,54000,54000
099fcf7c92e122f9a4adc1c1ab0dfe0a3b05a9d1,1641.92,65.08,6.529712329,54000,54000
afced838de58bf2af61126a657f92538f8b26ae5,1619.11,63.96,6.446099908,54000,54000
7d8cb6625cbbadcf5004c1b58d559d1fa7e05e4e,1654.61,65.33,6.594428712,54000,54000
f8c5012c99b8f13872ad910bf15a15cdb6a868cb,1612.95,63.91,6.415032588,54000,54000
0b64e77d3047ad3ef9b24393b1823c616fc74139,1634.89,64.55,6.515787047,54000,54000
9502280efa5a95f5ac368718f89e4870833d0fc4,1607.46,63.65,6.404229397,54000,54000
5c064b1e3dd94b5d44496719729719171b74507b,1606.57,63.68,6.385970342,54000,54000
bf2e1402ce85e0b5ae6e31366177786b257a4fc1,1638.46,64.87,6.522362136,54000,54000
9a804336b0689ce18a4b18082f03db0bae0c4068,1614.31,64.04,6.430535181,54000,54000
9502280efa5a95f5ac368718f89e4870833d0fc4,1615.07,63.74,6.443261485,54000,54000
7d8cb6625cbbadcf5004c1b58d559d1fa7e05e4e,1615.40,63.63,6.436606998,54000,54000
099fcf7c92e122f9a4adc1c1ab0dfe0a3b05a9d1,1613.54,63.97,6.419070051,54000,54000
c9622fe0aa69ebd69de8e548574801946bdb97a5,1609.32,63.68,6.411367345,54000,54000
e54384d8f5b981cc88c4674253493d2db55e02f3,1620.00,64.48,6.439434383,54000,54000
cf8dddbf31aab6518641913cd39d38f675b4c52c,1634.60,64.83,6.497256289,54000,54000
361b3abed78b25096fcf16eacb57d1c4d00f284d,1613.23,64.00,6.422197965,54000,54000
5c064b1e3dd94b5d44496719729719171b74507b,1614.11,63.76,6.426733968,54000,54000
7d8cb6625cbbadcf5004c1b58d559d1fa7e05e4e,1622.52,64.63,6.453093040,54000,55000
0b64e77d3047ad3ef9b24393b1823c616fc74139,1596.04,62.99,6.355212748,54000,55000
9a804336b0689ce18a4b18082f03db0bae0c4068,1604.81,63.17,6.393098136,54000,54000
0b205f61ed5b987405ca7e574bd775a1fb491ee5,1639.03,65.17,6.511212056,54000,54000
c9622fe0aa69ebd69de8e548574801946bdb97a5,1625.88,64.71,6.477096930,54000,54000
c9622fe0aa69ebd69de8e548574801946bdb97a5,1616.57,63.88,6.449655591,54000,54000
b220def232cb1ad8bfece2836d947d9b544e99a4,1628.68,64.11,6.492020976,54000,54000
e54384d8f5b981cc88c4674253493d2db55e02f3,1649.38,65.54,6.559412499,54000,54000
c9622fe0aa69ebd69de8e548574801946bdb97a5,1620.02,63.99,6.448823223,54000,54000
bf2e1402ce85e0b5ae6e31366177786b257a4fc1,1649.80,65.78,6.545627931,54000,54000
7d8cb6625cbbadcf5004c1b58d559d1fa7e05e4e,1615.14,63.55,6.443912490,54000,55000
01bb3e3539561fecd441b14764b0f0da93952592,1632.09,64.69,6.491585778,54000,54000
c9622fe0aa69ebd69de8e548574801946bdb97a5,1605.15,63.45,6.396531112,54000,54000
9a804336b0689ce18a4b18082f03db0bae0c4068,1610.35,63.77,6.403444076,54000,54000
c9622fe0aa69ebd69de8e548574801946bdb97a5,1633.19,64.45,6.511023775,54000,54000
e54384d8f5b981cc88c4674253493d2db55e02f3,1622.89,64.55,6.449124315,54000,54000
5c064b1e3dd94b5d44496719729719171b74507b,1615.33,64.50,6.425804268,54000,54000
e54384d8f5b981cc88c4674253493d2db55e02f3,1635.07,64.84,6.494566884,54000,54000
0b205f61ed5b987405ca7e574bd775a1fb491ee5,1622.09,64.55,6.444893170,54000,54000
c9622fe0aa69ebd69de8e548574801946bdb97a5,1623.06,64.07,6.472839019,54000,54000
e54384d8f5b981cc88c4674253493d2db55e02f3,1635.43,64.99,6.512724772,54000,55000
b220def232cb1ad8bfece2836d947d9b544e99a4,1617.39,63.77,6.441837245,54000,55000
099fcf7c92e122f9a4adc1c1ab0dfe0a3b05a9d1,1606.63,63.43,6.400113547,54000,54000
0b64e77d3047ad3ef9b24393b1823c616fc74139,1621.89,64.12,6.451555525,54000,54000
5c064b1e3dd94b5d44496719729719171b74507b,1608.17,63.82,6.403550670,54000,54000
056fac843884da0e105abcfc7105e55ea763a7b8,1617.11,64.05,6.436219931,55000,55000
bf2e1402ce85e0b5ae6e31366177786b257a4fc1,1617.04,64.28,6.422904306,54000,54000
9a804336b0689ce18a4b18082f03db0bae0c4068,1615.08,63.65,6.432789701,54000,54000
e54384d8f5b981cc88c4674253493d2db55e02f3,1628.74,64.93,6.467667051,54000,54000
afced838de58bf2af61126a657f92538f8b26ae5,1613.55,63.91,6.416849909,54000,54000
cf8dddbf31aab6518641913cd39d38f675b4c52c,1624.70,64.36,6.454104876,55000,54000
361b3abed78b25096fcf16eacb57d1c4d00f284d,1630.89,64.58,6.480431625,54000,54000
5d30a8f23959602f4475a1f74165f06dcc69865e,1626.18,64.70,6.465190978,54000,54000
14401088ad133d327924991522495934d0c89535,1629.87,64.67,6.472266321,54000,54000
7d8cb6625cbbadcf5004c1b58d559d1fa7e05e4e,1624.35,64.25,6.468115740,53000,54000
01bb3e3539561fecd441b14764b0f0da93952592,1637.04,64.86,6.509950706,54000,54000
9a804336b0689ce18a4b18082f03db0bae0c4068,1602.83,63.21,6.377720335,54000,55000
cf8dddbf31aab6518641913cd39d38f675b4c52c,1638.87,64.89,6.513525518,54000,54000
bf2e1402ce85e0b5ae6e31366177786b257a4fc1,1620.56,64.31,6.431029118,54000,54000
b220def232cb1ad8bfece2836d947d9b544e99a4,1621.82,64.18,6.447499306,54000,54000
7d8cb6625cbbadcf5004c1b58d559d1fa7e05e4e,1631.79,64.33,6.498593644,54000,54000
01bb3e3539561fecd441b14764b0f0da93952592,1625.03,64.55,6.465267387,54000,54000
099fcf7c92e122f9a4adc1c1ab0dfe0a3b05a9d1,1647.28,65.63,6.548300780,54000,54000
e54384d8f5b981cc88c4674253493d2db55e02f3,1629.77,64.79,6.477643951,54000,54000
0b64e77d3047ad3ef9b24393b1823c616fc74139,1624.49,64.20,6.455223191,54000,54000
bf2e1402ce85e0b5ae6e31366177786b257a4fc1,1613.78,63.75,6.429791642,54000,55000
9502280efa5a95f5ac368718f89e4870833d0fc4,1617.10,63.89,6.449086582,54000,54000
f8c5012c99b8f13872ad910bf15a15cdb6a868cb,1634.05,64.56,6.505766076,54000,54000
9a804336b0689ce18a4b18082f03db0bae0c4068,1615.01,63.75,6.431596152,54000,54000
0b205f61ed5b987405ca7e574bd775a1fb491ee5,1644.15,65.28,6.528790764,54000,54000
cd5b7a171bdc9ed5e93d4bdbcb3779ddf49eb58d,1615.13,63.71,6.436061492,54000,54000
3cef59ca4ad4cf2d235729bcf34cd0cba06029c7,1647.83,65.47,6.542423928,54000,54000
099fcf7c92e122f9a4adc1c1ab0dfe0a3b05a9d1,1657.12,65.62,6.589674324,54000,54000
31d3053f2662864bc7c7a526033a6dd71d8dcd4a,1610.01,63.30,6.421001560,54000,54000
b220def232cb1ad8bfece2836d947d9b544e99a4,1628.28,64.60,6.468671241,54000,54000
3cef59ca4ad4cf2d235729bcf34cd0cba06029c7,1609.19,63.69,6.408159561,54000,53000
3cef59ca4ad4cf2d235729bcf34cd0cba06029c7,1620.63,64.30,6.430149466,54000,54000
afced838de58bf2af61126a657f92538f8b26ae5,1622.76,63.99,6.471340951,54000,54000
afced838de58bf2af61126a657f92538f8b26ae5,1631.13,64.53,6.490541997,54000,54000
5d30a8f23959602f4475a1f74165f06dcc69865e,1620.30,64.46,6.439336148,54000,54000
bf2e1402ce85e0b5ae6e31366177786b257a4fc1,1619.47,64.15,6.447045160,54000,54000
cf8dddbf31aab6518641913cd39d38f675b4c52c,1648.13,65.90,6.544698698,54000,54000
01bb3e3539561fecd441b14764b0f0da93952592,1611.09,63.76,6.410637979,54000,54000
cd5b7a171bdc9ed5e93d4bdbcb3779ddf49eb58d,1612.52,64.12,6.416644280,54000,54000
099fcf7c92e122f9a4adc1c1ab0dfe0a3b05a9d1,1628.17,64.76,6.471509055,54000,55000
361b3abed78b25096fcf16eacb57d1c4d00f284d,1630.83,64.49,6.489820286,54000,53000
5d30a8f23959602f4475a1f74165f06dcc69865e,1628.18,64.49,6.476301313,54000,54000
31d3053f2662864bc7c7a526033a6dd71d8dcd4a,1631.70,64.41,6.507339067,54000,54000
5c064b1e3dd94b5d44496719729719171b74507b,1611.30,63.91,6.423496295,54000,54000
0b205f61ed5b987405ca7e574bd775a1fb491ee5,1621.52,64.10,6.454065779,54000,54000
5d30a8f23959602f4475a1f74165f06dcc69865e,1633.69,64.85,6.495112430,54000,54000
afced838de58bf2af61126a657f92538f8b26ae5,1599.09,63.01,6.376659849,54000,54000
b220def232cb1ad8bfece2836d947d9b544e99a4,1625.50,64.07,6.469872448,54000,54000
01bb3e3539561fecd441b14764b0f0da93952592,1617.42,64.12,6.433246759,54000,54000
31d3053f2662864bc7c7a526033a6dd71d8dcd4a,1642.77,65.23,6.538089643,54000,54000
14401088ad133d327924991522495934d0c89535,1630.79,64.81,6.465201670,54000,54000
6c46313d58d42ef3d9bd7aa798646f9258329ef7,1613.97,63.54,6.440209591,54000,54000
bf2e1402ce85e0b5ae6e31366177786b257a4fc1,1615.11,63.74,6.426165604,54000,54000
cf8dddbf31aab6518641913cd39d38f675b4c52c,1648.46,64.93,6.559394037,54000,54000
5c064b1e3dd94b5d44496719729719171b74507b,1607.42,63.77,6.402253287,54000,54000
9a804336b0689ce18a4b18082f03db0bae0c4068,1609.60,63.78,6.405471226,53000,54000
f8c5012c99b8f13872ad910bf15a15cdb6a868cb,1625.24,64.64,6.471828945,54000,54000
cf8dddbf31aab6518641913cd39d38f675b4c52c,1634.71,65.10,6.495977151,54000,54000
0b205f61ed5b987405ca7e574bd775a1fb491ee5,1624.38,65.02,6.446184040,54000,54000
361b3abed78b25096fcf16eacb57d1c4d00f284d,1623.01,64.31,6.455485496,54000,54000
5d30a8f23959602f4475a1f74165f06dcc69865e,1635.01,64.90,6.503682058,54000,53000
01bb3e3539561fecd441b14764b0f0da93952592,1620.23,64.37,6.431272793,54000,53000
0b64e77d3047ad3ef9b24393b1823c616fc74139,1648.56,65.41,6.549723343,54000,53000
0b205f61ed5b987405ca7e574bd775a1fb491ee5,1620.83,64.15,6.438372294,54000,54000
0b64e77d3047ad3ef9b24393b1823c616fc74139,1643.08,65.00,6.524532331,54000,54000
6c46313d58d42ef3d9bd7aa798646f9258329ef7,1607.11,63.37,6.390397989,54000,54000
3cef59ca4ad4cf2d235729bcf34cd0cba06029c7,1625.14,64.59,6.453777374,54000,54000
afced838de58bf2af61126a657f92538f8b26ae5,1634.44,64.50,6.502019762,54000,54000
3cef59ca4ad4cf2d235729bcf34cd0cba06029c7,1615.52,64.02,6.419378050,54000,54000
cd5b7a171bdc9ed5e93d4bdbcb3779ddf49eb58d,1634.53,64.68,6.504421570,54000,54000
cd5b7a171bdc9ed5e93d4bdbcb3779ddf49eb58d,1616.21,64.11,6.422740999,54000,54000
cf8dddbf31aab6518641913cd39d38f675b4c52c,1624.86,64.42,6.447314546,54000,54000
cd5b7a171bdc9ed5e93d4bdbcb3779ddf49eb58d,1611.96,63.95,6.408217102,54000,54000
0b205f61ed5b987405ca7e574bd775a1fb491ee5,1601.54,63.19,6.369122218,54000,54000
cd5b7a171bdc9ed5e93d4bdbcb3779ddf49eb58d,1610.42,63.29,6.417350347,54000,54000
14401088ad133d327924991522495934d0c89535,1630.13,64.49,6.478602450,54000,54000
361b3abed78b25096fcf16eacb57d1c4d00f284d,1650.49,65.11,6.565587362,54000,54000
afced838de58bf2af61126a657f92538f8b26ae5,1599.32,63.17,6.368220563,54000,54000
c9622fe0aa69ebd69de8e548574801946bdb97a5,1614.09,63.44,6.426425096,54000,54000
01bb3e3539561fecd441b14764b0f0da93952592,1620.49,64.28,6.439665632,54000,54000
14401088ad133d327924991522495934d0c89535,1626.59,64.40,6.464904428,54000,54000
bf2e1402ce85e0b5ae6e31366177786b257a4fc1,1630.79,64.72,6.479347908,53000,54000
361b3abed78b25096fcf16eacb57d1c4d00f284d,1630.80,63.95,6.501691014,53000,54000
31d3053f2662864bc7c7a526033a6dd71d8dcd4a,1614.73,64.03,6.422363441,54000,53000
9a804336b0689ce18a4b18082f03db0bae0c4068,1634.22,64.41,6.520870528,54000,54000
f8c5012c99b8f13872ad910bf15a15cdb6a868cb,1615.01,64.20,6.420619138,54000,54000
01bb3e3539561fecd441b14764b0f0da93952592,1634.91,64.74,6.510382679,54000,54000
5c064b1e3dd94b5d44496719729719171b74507b,1626.34,64.52,6.487639107,54000,54000
cf8dddbf31aab6518641913cd39d38f675b4c52c,1633.37,64.92,6.488399015,54000,54000
cd5b7a171bdc9ed5e93d4bdbcb3779ddf49eb58d,1611.81,63.60,6.418288410,54000,55000
01bb3e3539561fecd441b14764b0f0da93952592,1629.03,64.25,6.471551470,54000,54000
0b205f61ed5b987405ca7e574bd775a1fb491ee5,1633.28,64.72,6.497371030,54000,54000
6c46313d58d42ef3d9bd7aa798646f9258329ef7,1608.45,63.41,6.416588919,54000,54000
afced838de58bf2af61126a657f92538f8b26ae5,1604.33,63.57,6.391266341,54000,54000
9502280efa5a95f5ac368718f89e4870833d0fc4,1611.38,63.70,6.428987345,54000,54000
6c46313d58d42ef3d9bd7aa798646f9258329ef7,1609.07,63.70,6.407435100,54000,54000
0b205f61ed5b987405ca7e574bd775a1fb491ee5,1625.30,64.50,6.464387099,54000,53000
5c064b1e3dd94b5d44496719729719171b74507b,1611.04,63.89,6.411238104,54000,54000
5c064b1e3dd94b5d44496719729719171b74507b,1628.30,64.26,6.490179818,54000,55000
14401088ad133d327924991522495934d0c89535,1638.65,64.80,6.524559802,54000,54000
5d30a8f23959602f4475a1f74165f06dcc69865e,1631.59,65.09,6.483838103,53000,54000
3cef59ca4ad4cf2d235729bcf34cd0cba06029c7,1619.92,64.47,6.442235814,54000,55000
f8c5012c99b8f13872ad910bf15a15cdb6a868cb,1619.64,64.35,6.458043749,54000,54000
f8c5012c99b8f13872ad910bf15a15cdb6a868cb,1626.33,64.74,6.467196969,54000,54000
0b205f61ed5b987405ca7e574bd775a1fb491ee5,1621.31,64.63,6.447168122,54000,54000
9a804336b0689ce18a4b18082f03db0bae0c4068,1605.09,63.40,6.391631533,54000,54000
6c46313d58d42ef3d9bd7aa798646f9258329ef7,1608.34,63.60,6.406893280,55000,53000
b220def232cb1ad8bfece2836d947d9b544e99a4,1625.78,64.30,6.479435056,54000,54000
056fac843884da0e105abcfc7105e55ea763a7b8,1623.00,64.30,6.447477446,54000,55000
01bb3e3539561fecd441b14764b0f0da93952592,1636.58,64.79,6.509599308,54000,54000
056fac843884da0e105abcfc7105e55ea763a7b8,1647.10,65.21,6.581384383,54000,54000
7d8cb6625cbbadcf5004c1b58d559d1fa7e05e4e,1632.26,64.67,6.493187770,54000,54000
e54384d8f5b981cc88c4674253493d2db55e02f3,1629.69,64.61,6.476946390,54000,53000
361b3abed78b25096fcf16eacb57d1c4d00f284d,1619.14,63.91,6.444860886,54000,54000
9502280efa5a95f5ac368718f89e4870833d0fc4,1626.05,64.35,6.470298393,54000,54000
b220def232cb1ad8bfece2836d947d9b544e99a4,1632.30,64.69,6.497878307,54000,54000
099fcf7c92e122f9a4adc1c1ab0dfe0a3b05a9d1,1636.44,64.86,6.511845515,54000,54000
361b3abed78b25096fcf16eacb57d1c4d00f284d,1632.33,64.80,6.482843594,54000,54000
afced838de58bf2af61126a657f92538f8b26ae5,1616.65,63.92,6.427460803,54000,54000
afced838de58bf2af61126a657f92538f8b26ae5,1609.87,63.60,6.418524072,54000,54000
cd5b7a171bdc9ed5e93d4bdbcb3779ddf49eb58d,1615.63,63.84,6.436567890,54000,54000
7d8cb6625cbbadcf5004c1b58d559d1fa7e05e4e,1634.25,64.38,6.515435862,54000,53000
0b64e77d3047ad3ef9b24393b1823c616fc74139,1628.21,64.56,6.469334015,54000,54000
e54384d8f5b981cc88c4674253493d2db55e02f3,1669.14,66.35,6.635863881,54000,54000
31d3053f2662864bc7c7a526033a6dd71d8dcd4a,1607.88,63.51,6.409790778,54000,54000
b220def232cb1ad8bfece2836d947d9b544e99a4,1623.33,64.18,6.462916163,54000,53000
9502280efa5a95f5ac368718f89e4870833d0fc4,1626.40,64.38,6.470529127,54000,54000
afced838de58bf2af61126a657f92538f8b26ae5,1619.65,64.26,6.452928455,54000,54000
7d8cb6625cbbadcf5004c1b58d559d1fa7e05e4e,1604.58,63.60,6.392815879,54000,53000
b220def232cb1ad8bfece2836d947d9b544e99a4,1620.96,63.77,6.462408308,54000,54000
01bb3e3539561fecd441b14764b0f0da93952592,1614.87,64.01,6.418418396,54000,54000
9a804336b0689ce18a4b18082f03db0bae0c4068,1606.88,63.51,6.397503375,54000,54000
e54384d8f5b981cc88c4674253493d2db55e02f3,1665.36,66.41,6.610774419,54000,54000
361b3abed78b25096fcf16eacb57d1c4d00f284d,1629.29,64.57,6.480071780,55000,54000
056fac843884da0e105abcfc7105e55ea763a7b8,1613.00,64.14,6.407434691,54000,54000
b220def232cb1ad8bfece2836d947d9b544e99a4,1623.55,64.20,6.466030827,54000,54000
6c46313d58d42ef3d9bd7aa798646f9258329ef7,1627.60,64.16,6.501292039,54000,54000
0b64e77d3047ad3ef9b24393b1823c616fc74139,1634.76,64.92,6.505096017,54000,54000
056fac843884da0e105abcfc7105e55ea763a7b8,1631.66,64.69,6.489076748,54000,54000
099fcf7c92e122f9a4adc1c1ab0dfe0a3b05a9d1,1601.46,63.27,6.385372207,54000,54000
b220def232cb1ad8bfece2836d947d9b544e99a4,1628.06,63.95,6.482055843,54000,54000
bf2e1402ce85e0b5ae6e31366177786b257a4fc1,1619.52,64.20,6.448397698,54000,54000
cf8dddbf31aab6518641913cd39d38f675b4c52c,1616.61,63.97,6.428634829,54000,54000
cd5b7a171bdc9ed5e93d4bdbcb3779ddf49eb58d,1624.59,63.98,6.475652786,54000,54000
14401088ad133d327924991522495934d0c89535,1605.36,63.69,6.388664965,54000,54000
