commit,energy-pkg,energy-ram,seconds,temp_before,temp_after
7a4785c0e918410f8e19293e9e1543a25490902e,1554.65,60.48,6.276509716,55000,54000
7a4785c0e918410f8e19293e9e1543a25490902e,1540.33,59.65,6.243953322,55000,55000
7a4785c0e918410f8e19293e9e1543a25490902e,1543.58,59.73,6.263852851,55000,54000
7a4785c0e918410f8e19293e9e1543a25490902e,1551.46,60.43,6.280233683,54000,54000
7a4785c0e918410f8e19293e9e1543a25490902e,1568.93,60.67,6.365710891,54000,55000
7a4785c0e918410f8e19293e9e1543a25490902e,1527.42,59.43,6.200324327,54000,54000
7a4785c0e918410f8e19293e9e1543a25490902e,1566.38,60.73,6.333474614,54000,54000
7a4785c0e918410f8e19293e9e1543a25490902e,1528.02,59.26,6.183259612,54000,54000
7a4785c0e918410f8e19293e9e1543a25490902e,1556.78,60.29,6.297635245,53000,54000
7a4785c0e918410f8e19293e9e1543a25490902e,1560.28,60.18,6.342859455,54000,54000
7a4785c0e918410f8e19293e9e1543a25490902e,1547.77,59.76,6.277622234,54000,54000
7a4785c0e918410f8e19293e9e1543a25490902e,1557.47,60.49,6.318035936,54000,54000
7a4785c0e918410f8e19293e9e1543a25490902e,1543.34,59.61,6.248935148,54000,54000
7a4785c0e918410f8e19293e9e1543a25490902e,1541.43,59.82,6.239593858,54000,54000
7a4785c0e918410f8e19293e9e1543a25490902e,1559.50,60.46,6.311592364,55000,55000
7a4785c0e918410f8e19293e9e1543a25490902e,1536.17,59.36,6.214519808,55000,54000
7a4785c0e918410f8e19293e9e1543a25490902e,1561.17,60.79,6.313683928,54000,54000
7a4785c0e918410f8e19293e9e1543a25490902e,1540.27,59.73,6.245379444,54000,54000
7a4785c0e918410f8e19293e9e1543a25490902e,1553.08,60.26,6.297841016,55000,54000
7a4785c0e918410f8e19293e9e1543a25490902e,1551.88,60.11,6.273797070,54000,54000
7a4785c0e918410f8e19293e9e1543a25490902e,1541.35,59.76,6.239378863,54000,54000
7a4785c0e918410f8e19293e9e1543a25490902e,1559.22,60.45,6.325271172,54000,55000
7a4785c0e918410f8e19293e9e1543a25490902e,1557.91,60.22,6.320215148,54000,54000
7a4785c0e918410f8e19293e9e1543a25490902e,1556.70,60.40,6.319848345,54000,54000
7a4785c0e918410f8e19293e9e1543a25490902e,1541.24,59.64,6.256561047,54000,54000
7a4785c0e918410f8e19293e9e1543a25490902e,1537.67,59.81,6.221958022,54000,54000
7a4785c0e918410f8e19293e9e1543a25490902e,1536.80,59.56,6.232034244,55000,54000
7a4785c0e918410f8e19293e9e1543a25490902e,1541.30,59.87,6.243859770,54000,54000
7a4785c0e918410f8e19293e9e1543a25490902e,1545.33,59.88,6.250541722,54000,54000
7a4785c0e918410f8e19293e9e1543a25490902e,1571.70,60.88,6.384036623,55000,54000
a8d5a91974ce86d70af87d2aafea2ac214e8c25c,1542.86,59.86,6.248526828,55000,55000
a8d5a91974ce86d70af87d2aafea2ac214e8c25c,1546.95,59.97,6.270145434,54000,54000
a8d5a91974ce86d70af87d2aafea2ac214e8c25c,1549.06,60.07,6.275519483,54000,54000
a8d5a91974ce86d70af87d2aafea2ac214e8c25c,1511.30,58.48,6.135937958,54000,54000
a8d5a91974ce86d70af87d2aafea2ac214e8c25c,1514.00,58.81,6.142973594,54000,54000
a8d5a91974ce86d70af87d2aafea2ac214e8c25c,1556.03,60.54,6.289979701,54000,54000
a8d5a91974ce86d70af87d2aafea2ac214e8c25c,1574.87,60.94,6.401335989,54000,54000
a8d5a91974ce86d70af87d2aafea2ac214e8c25c,1555.97,60.09,6.324043312,54000,54000
a8d5a91974ce86d70af87d2aafea2ac214e8c25c,1534.03,59.37,6.238973715,54000,54000
a8d5a91974ce86d70af87d2aafea2ac214e8c25c,1566.44,60.50,6.361976243,54000,54000
a8d5a91974ce86d70af87d2aafea2ac214e8c25c,1548.53,60.39,6.268625815,54000,54000
a8d5a91974ce86d70af87d2aafea2ac214e8c25c,1540.22,59.76,6.231877986,54000,54000
a8d5a91974ce86d70af87d2aafea2ac214e8c25c,1539.41,59.77,6.234562739,54000,54000
a8d5a91974ce86d70af87d2aafea2ac214e8c25c,1535.70,59.28,6.239695053,55000,54000
a8d5a91974ce86d70af87d2aafea2ac214e8c25c,1518.78,58.91,6.164127524,55000,54000
a8d5a91974ce86d70af87d2aafea2ac214e8c25c,1550.77,60.31,6.276920541,54000,54000
a8d5a91974ce86d70af87d2aafea2ac214e8c25c,1559.41,60.54,6.328297146,54000,54000
a8d5a91974ce86d70af87d2aafea2ac214e8c25c,1548.34,59.89,6.287575690,54000,54000
a8d5a91974ce86d70af87d2aafea2ac214e8c25c,1540.78,59.91,6.264396741,54000,55000
a8d5a91974ce86d70af87d2aafea2ac214e8c25c,1572.43,60.78,6.388598634,54000,54000
a8d5a91974ce86d70af87d2aafea2ac214e8c25c,1571.54,60.86,6.369328677,54000,54000
a8d5a91974ce86d70af87d2aafea2ac214e8c25c,1560.21,60.57,6.308492168,54000,54000
a8d5a91974ce86d70af87d2aafea2ac214e8c25c,1572.72,60.82,6.382773353,54000,54000
a8d5a91974ce86d70af87d2aafea2ac214e8c25c,1543.30,59.90,6.252822149,54000,53000
a8d5a91974ce86d70af87d2aafea2ac214e8c25c,1561.85,60.54,6.328220930,54000,54000
a8d5a91974ce86d70af87d2aafea2ac214e8c25c,1563.42,60.42,6.336481218,54000,54000
a8d5a91974ce86d70af87d2aafea2ac214e8c25c,1551.00,59.94,6.295103282,54000,55000
a8d5a91974ce86d70af87d2aafea2ac214e8c25c,1533.45,59.26,6.209333437,54000,54000
a8d5a91974ce86d70af87d2aafea2ac214e8c25c,1553.08,60.22,6.277944754,54000,54000
a8d5a91974ce86d70af87d2aafea2ac214e8c25c,1540.14,59.68,6.231952693,54000,54000
953f9be1670fdd140200465831bb5920abd5142a,1541.98,59.92,6.246262016,55000,55000
953f9be1670fdd140200465831bb5920abd5142a,1564.90,60.71,6.337508847,54000,55000
953f9be1670fdd140200465831bb5920abd5142a,1536.28,59.55,6.217173304,54000,54000
953f9be1670fdd140200465831bb5920abd5142a,1542.65,59.93,6.246764496,55000,55000
953f9be1670fdd140200465831bb5920abd5142a,1556.77,60.45,6.304343864,54000,54000
953f9be1670fdd140200465831bb5920abd5142a,1542.63,59.74,6.262312473,54000,54000
953f9be1670fdd140200465831bb5920abd5142a,1553.40,60.40,6.288444261,54000,54000
953f9be1670fdd140200465831bb5920abd5142a,1540.10,59.90,6.241125405,54000,54000
953f9be1670fdd140200465831bb5920abd5142a,1558.73,60.54,6.324262581,54000,54000
953f9be1670fdd140200465831bb5920abd5142a,1539.73,59.56,6.248783744,54000,54000
953f9be1670fdd140200465831bb5920abd5142a,1538.67,59.42,6.243602942,54000,54000
953f9be1670fdd140200465831bb5920abd5142a,1551.93,60.05,6.307186396,54000,54000
953f9be1670fdd140200465831bb5920abd5142a,1562.46,60.37,6.328709747,54000,54000
953f9be1670fdd140200465831bb5920abd5142a,1543.75,59.83,6.246526318,54000,54000
953f9be1670fdd140200465831bb5920abd5142a,1553.96,60.13,6.296002901,54000,54000
953f9be1670fdd140200465831bb5920abd5142a,1561.12,60.59,6.329649508,54000,54000
953f9be1670fdd140200465831bb5920abd5142a,1569.36,61.00,6.363772881,54000,54000
953f9be1670fdd140200465831bb5920abd5142a,1563.80,60.85,6.346281104,54000,54000
953f9be1670fdd140200465831bb5920abd5142a,1561.32,60.91,6.315131562,54000,54000
953f9be1670fdd140200465831bb5920abd5142a,1568.09,60.56,6.379454596,54000,54000
953f9be1670fdd140200465831bb5920abd5142a,1549.93,60.08,6.280485324,54000,54000
953f9be1670fdd140200465831bb5920abd5142a,1553.61,60.38,6.290620223,54000,54000
953f9be1670fdd140200465831bb5920abd5142a,1540.44,59.70,6.243327760,54000,54000
953f9be1670fdd140200465831bb5920abd5142a,1562.93,60.78,6.325952954,54000,55000
953f9be1670fdd140200465831bb5920abd5142a,1556.19,60.24,6.308343193,54000,54000
953f9be1670fdd140200465831bb5920abd5142a,1539.17,59.79,6.231369045,54000,54000
953f9be1670fdd140200465831bb5920abd5142a,1550.17,59.95,6.277644887,54000,54000
953f9be1670fdd140200465831bb5920abd5142a,1544.47,60.10,6.239683267,55000,55000
953f9be1670fdd140200465831bb5920abd5142a,1572.52,60.91,6.370874724,55000,55000
953f9be1670fdd140200465831bb5920abd5142a,1568.13,60.88,6.357315517,55000,54000
9fc67503fc7ed1c5f996fec890402aa9ec124eb7,1533.26,59.28,6.208894025,54000,54000
9fc67503fc7ed1c5f996fec890402aa9ec124eb7,1545.86,59.84,6.262492409,54000,54000
9fc67503fc7ed1c5f996fec890402aa9ec124eb7,1520.89,58.95,6.152751435,55000,54000
9fc67503fc7ed1c5f996fec890402aa9ec124eb7,1559.40,60.28,6.317755381,54000,54000
9fc67503fc7ed1c5f996fec890402aa9ec124eb7,1555.45,60.06,6.298317546,54000,54000
9fc67503fc7ed1c5f996fec890402aa9ec124eb7,1527.45,59.25,6.189922285,54000,54000
9fc67503fc7ed1c5f996fec890402aa9ec124eb7,1529.85,59.21,6.192116297,54000,54000
9fc67503fc7ed1c5f996fec890402aa9ec124eb7,1546.41,60.04,6.275086244,54000,54000
9fc67503fc7ed1c5f996fec890402aa9ec124eb7,1545.36,60.13,6.260274888,54000,54000
9fc67503fc7ed1c5f996fec890402aa9ec124eb7,1532.66,59.41,6.223445009,54000,54000
9fc67503fc7ed1c5f996fec890402aa9ec124eb7,1567.63,60.79,6.372269703,54000,53000
9fc67503fc7ed1c5f996fec890402aa9ec124eb7,1552.53,60.14,6.300354049,54000,54000
9fc67503fc7ed1c5f996fec890402aa9ec124eb7,1537.86,59.46,6.229049539,54000,54000
9fc67503fc7ed1c5f996fec890402aa9ec124eb7,1545.51,59.80,6.261835673,54000,54000
9fc67503fc7ed1c5f996fec890402aa9ec124eb7,1550.87,60.16,6.291187754,54000,54000
9fc67503fc7ed1c5f996fec890402aa9ec124eb7,1544.24,59.73,6.256822046,54000,54000
9fc67503fc7ed1c5f996fec890402aa9ec124eb7,1539.59,59.52,6.240920880,54000,54000
9fc67503fc7ed1c5f996fec890402aa9ec124eb7,1556.51,60.22,6.303330799,54000,54000
9fc67503fc7ed1c5f996fec890402aa9ec124eb7,1552.81,60.37,6.298124270,54000,54000
9fc67503fc7ed1c5f996fec890402aa9ec124eb7,1520.30,59.07,6.172442889,54000,54000
9fc67503fc7ed1c5f996fec890402aa9ec124eb7,1549.98,60.25,6.270906500,54000,54000
9fc67503fc7ed1c5f996fec890402aa9ec124eb7,1571.00,60.95,6.377514445,54000,55000
9fc67503fc7ed1c5f996fec890402aa9ec124eb7,1549.80,60.24,6.276818448,54000,54000
9fc67503fc7ed1c5f996fec890402aa9ec124eb7,1578.52,61.37,6.401355936,54000,54000
9fc67503fc7ed1c5f996fec890402aa9ec124eb7,1556.88,60.47,6.296800917,54000,54000
9fc67503fc7ed1c5f996fec890402aa9ec124eb7,1543.59,60.01,6.249704986,54000,54000
9fc67503fc7ed1c5f996fec890402aa9ec124eb7,1578.02,60.85,6.396516012,54000,55000
9fc67503fc7ed1c5f996fec890402aa9ec124eb7,1573.47,61.05,6.383433484,55000,56000
9fc67503fc7ed1c5f996fec890402aa9ec124eb7,1518.17,58.83,6.163904277,54000,55000
9fc67503fc7ed1c5f996fec890402aa9ec124eb7,1523.95,58.86,6.185936914,55000,55000
a9a20568270c347da7fe939da53d0600b985f3ec,1575.69,61.17,6.389370496,55000,55000
a9a20568270c347da7fe939da53d0600b985f3ec,1535.61,59.51,6.212543764,56000,55000
a9a20568270c347da7fe939da53d0600b985f3ec,1546.39,60.03,6.249838894,54000,54000
a9a20568270c347da7fe939da53d0600b985f3ec,1560.86,60.70,6.309556442,54000,54000
a9a20568270c347da7fe939da53d0600b985f3ec,1535.18,59.56,6.229361209,54000,55000
a9a20568270c347da7fe939da53d0600b985f3ec,1540.61,59.85,6.256860494,54000,54000
a9a20568270c347da7fe939da53d0600b985f3ec,1545.66,60.07,6.247078106,55000,55000
a9a20568270c347da7fe939da53d0600b985f3ec,1552.31,60.47,6.274074871,54000,54000
a9a20568270c347da7fe939da53d0600b985f3ec,1562.04,60.34,6.339374116,54000,54000
a9a20568270c347da7fe939da53d0600b985f3ec,1552.59,60.34,6.289675280,54000,54000
a9a20568270c347da7fe939da53d0600b985f3ec,1558.88,60.17,6.323990440,55000,54000
a9a20568270c347da7fe939da53d0600b985f3ec,1533.78,59.52,6.209591404,54000,54000
a9a20568270c347da7fe939da53d0600b985f3ec,1538.47,59.87,6.238919333,54000,54000
a9a20568270c347da7fe939da53d0600b985f3ec,1544.26,59.76,6.256178969,55000,54000
a9a20568270c347da7fe939da53d0600b985f3ec,1570.73,60.70,6.380814256,54000,54000
a9a20568270c347da7fe939da53d0600b985f3ec,1526.89,59.06,6.197320073,54000,54000
a9a20568270c347da7fe939da53d0600b985f3ec,1536.89,59.32,6.225795237,54000,54000
a9a20568270c347da7fe939da53d0600b985f3ec,1555.49,60.19,6.302182039,54000,54000
a9a20568270c347da7fe939da53d0600b985f3ec,1547.99,60.12,6.267497766,54000,54000
a9a20568270c347da7fe939da53d0600b985f3ec,1554.81,60.17,6.315423397,54000,54000
a9a20568270c347da7fe939da53d0600b985f3ec,1558.56,60.56,6.314888874,54000,54000
a9a20568270c347da7fe939da53d0600b985f3ec,1545.59,60.13,6.253595986,54000,54000
a9a20568270c347da7fe939da53d0600b985f3ec,1558.04,60.53,6.308048070,54000,54000
a9a20568270c347da7fe939da53d0600b985f3ec,1542.03,59.74,6.237583100,54000,54000
a9a20568270c347da7fe939da53d0600b985f3ec,1561.50,60.54,6.327012082,54000,54000
a9a20568270c347da7fe939da53d0600b985f3ec,1558.35,60.23,6.312210390,54000,54000
a9a20568270c347da7fe939da53d0600b985f3ec,1545.76,59.93,6.238649200,54000,54000
a9a20568270c347da7fe939da53d0600b985f3ec,1545.22,59.72,6.267966295,54000,54000
a9a20568270c347da7fe939da53d0600b985f3ec,1576.63,61.27,6.410317972,54000,54000
a9a20568270c347da7fe939da53d0600b985f3ec,1545.72,59.89,6.256845432,55000,54000
c162c333d1ed9bf56ddbbe940aa47b24928e1188,1549.64,60.01,6.300602351,54000,54000
c162c333d1ed9bf56ddbbe940aa47b24928e1188,1553.77,60.34,6.260558627,55000,55000
c162c333d1ed9bf56ddbbe940aa47b24928e1188,1536.37,59.49,6.219700547,55000,56000
c162c333d1ed9bf56ddbbe940aa47b24928e1188,1551.92,60.11,6.282762713,56000,54000
c162c333d1ed9bf56ddbbe940aa47b24928e1188,1576.43,61.07,6.377555396,54000,55000
c162c333d1ed9bf56ddbbe940aa47b24928e1188,1554.68,60.30,6.309842168,54000,54000
c162c333d1ed9bf56ddbbe940aa47b24928e1188,1566.60,60.86,6.357664791,54000,55000
c162c333d1ed9bf56ddbbe940aa47b24928e1188,1545.96,59.74,6.276827165,54000,54000
c162c333d1ed9bf56ddbbe940aa47b24928e1188,1550.66,60.15,6.276726815,54000,54000
c162c333d1ed9bf56ddbbe940aa47b24928e1188,1551.75,60.07,6.296840607,54000,54000
c162c333d1ed9bf56ddbbe940aa47b24928e1188,1534.46,59.63,6.210435392,55000,54000
c162c333d1ed9bf56ddbbe940aa47b24928e1188,1550.36,60.06,6.284477658,54000,53000
c162c333d1ed9bf56ddbbe940aa47b24928e1188,1541.54,59.52,6.249016678,54000,54000
c162c333d1ed9bf56ddbbe940aa47b24928e1188,1541.43,59.90,6.246465598,54000,54000
c162c333d1ed9bf56ddbbe940aa47b24928e1188,1548.36,60.07,6.263100373,54000,54000
c162c333d1ed9bf56ddbbe940aa47b24928e1188,1556.37,60.25,6.310488106,54000,54000
c162c333d1ed9bf56ddbbe940aa47b24928e1188,1551.37,60.15,6.279588047,54000,54000
c162c333d1ed9bf56ddbbe940aa47b24928e1188,1556.82,60.23,6.299181244,54000,54000
c162c333d1ed9bf56ddbbe940aa47b24928e1188,1539.09,59.89,6.231978290,54000,55000
c162c333d1ed9bf56ddbbe940aa47b24928e1188,1545.47,59.79,6.255058553,55000,54000
c162c333d1ed9bf56ddbbe940aa47b24928e1188,1554.13,60.21,6.293229252,54000,54000
c162c333d1ed9bf56ddbbe940aa47b24928e1188,1560.90,60.56,6.336085210,54000,54000
c162c333d1ed9bf56ddbbe940aa47b24928e1188,1554.32,60.41,6.298040100,54000,54000
c162c333d1ed9bf56ddbbe940aa47b24928e1188,1533.03,59.50,6.209554108,54000,54000
c162c333d1ed9bf56ddbbe940aa47b24928e1188,1539.72,59.66,6.240223521,54000,54000
c162c333d1ed9bf56ddbbe940aa47b24928e1188,1528.49,59.21,6.192043322,54000,54000
c162c333d1ed9bf56ddbbe940aa47b24928e1188,1538.64,59.64,6.228437681,54000,54000
c162c333d1ed9bf56ddbbe940aa47b24928e1188,1568.33,60.57,6.377700552,54000,55000
c162c333d1ed9bf56ddbbe940aa47b24928e1188,1547.54,59.92,6.279876949,55000,54000
c162c333d1ed9bf56ddbbe940aa47b24928e1188,1535.57,59.50,6.213852830,54000,54000
e5d17a12ae5af7e80b172a86e9cd462cf9ca748d,1586.71,61.60,6.426560084,55000,55000
e5d17a12ae5af7e80b172a86e9cd462cf9ca748d,1561.75,60.49,6.316322152,54000,54000
e5d17a12ae5af7e80b172a86e9cd462cf9ca748d,1577.36,60.92,6.370242486,55000,55000
e5d17a12ae5af7e80b172a86e9cd462cf9ca748d,1548.27,60.10,6.263262284,55000,55000
e5d17a12ae5af7e80b172a86e9cd462cf9ca748d,1536.13,59.44,6.215824271,55000,54000
e5d17a12ae5af7e80b172a86e9cd462cf9ca748d,1543.94,59.51,6.260322579,55000,54000
e5d17a12ae5af7e80b172a86e9cd462cf9ca748d,1547.05,59.83,6.273887878,54000,54000
e5d17a12ae5af7e80b172a86e9cd462cf9ca748d,1520.06,58.93,6.154124315,54000,54000
e5d17a12ae5af7e80b172a86e9cd462cf9ca748d,1563.27,60.84,6.340626599,54000,54000
e5d17a12ae5af7e80b172a86e9cd462cf9ca748d,1527.37,58.94,6.192277790,55000,55000
e5d17a12ae5af7e80b172a86e9cd462cf9ca748d,1544.41,59.82,6.262787204,54000,54000
e5d17a12ae5af7e80b172a86e9cd462cf9ca748d,1553.59,60.16,6.303763634,54000,54000
e5d17a12ae5af7e80b172a86e9cd462cf9ca748d,1548.55,60.16,6.272359356,54000,54000
e5d17a12ae5af7e80b172a86e9cd462cf9ca748d,1573.00,60.76,6.389710864,54000,54000
e5d17a12ae5af7e80b172a86e9cd462cf9ca748d,1543.55,59.68,6.260317189,53000,54000
e5d17a12ae5af7e80b172a86e9cd462cf9ca748d,1549.24,60.06,6.269503994,54000,54000
e5d17a12ae5af7e80b172a86e9cd462cf9ca748d,1546.56,59.91,6.276892491,54000,54000
e5d17a12ae5af7e80b172a86e9cd462cf9ca748d,1552.42,60.05,6.279395379,54000,54000
e5d17a12ae5af7e80b172a86e9cd462cf9ca748d,1576.20,61.09,6.397574942,54000,54000
e5d17a12ae5af7e80b172a86e9cd462cf9ca748d,1512.67,58.54,6.134903703,54000,54000
e5d17a12ae5af7e80b172a86e9cd462cf9ca748d,1554.93,60.16,6.300427976,54000,54000
e5d17a12ae5af7e80b172a86e9cd462cf9ca748d,1557.81,60.64,6.310788113,54000,54000
e5d17a12ae5af7e80b172a86e9cd462cf9ca748d,1549.61,60.12,6.272527241,54000,54000
e5d17a12ae5af7e80b172a86e9cd462cf9ca748d,1549.73,60.15,6.274043810,54000,54000
e5d17a12ae5af7e80b172a86e9cd462cf9ca748d,1556.90,60.61,6.307673159,54000,54000
e5d17a12ae5af7e80b172a86e9cd462cf9ca748d,1546.99,59.96,6.269100860,54000,54000
e5d17a12ae5af7e80b172a86e9cd462cf9ca748d,1578.86,61.21,6.413740967,55000,54000
e5d17a12ae5af7e80b172a86e9cd462cf9ca748d,1549.42,59.95,6.293379834,54000,54000
e5d17a12ae5af7e80b172a86e9cd462cf9ca748d,1551.97,59.95,6.290179213,54000,54000
e5d17a12ae5af7e80b172a86e9cd462cf9ca748d,1554.84,60.42,6.298136543,54000,53000
81709c3a3ba89ce8796c91b876a284a062eb763f,1543.88,59.80,6.272702061,53000,54000
81709c3a3ba89ce8796c91b876a284a062eb763f,1574.57,61.10,6.371188906,55000,56000
81709c3a3ba89ce8796c91b876a284a062eb763f,1563.27,60.32,6.329759993,55000,54000
81709c3a3ba89ce8796c91b876a284a062eb763f,1566.09,60.53,6.341835022,55000,55000
81709c3a3ba89ce8796c91b876a284a062eb763f,1538.34,59.77,6.243555980,54000,54000
81709c3a3ba89ce8796c91b876a284a062eb763f,1554.24,60.32,6.292100663,55000,54000
81709c3a3ba89ce8796c91b876a284a062eb763f,1542.29,59.75,6.245405938,54000,54000
81709c3a3ba89ce8796c91b876a284a062eb763f,1565.09,61.02,6.344829178,54000,54000
81709c3a3ba89ce8796c91b876a284a062eb763f,1565.40,60.61,6.347779312,54000,55000
81709c3a3ba89ce8796c91b876a284a062eb763f,1572.85,60.84,6.378827910,54000,54000
81709c3a3ba89ce8796c91b876a284a062eb763f,1549.53,60.19,6.279932381,54000,54000
81709c3a3ba89ce8796c91b876a284a062eb763f,1558.21,60.41,6.316469060,54000,54000
81709c3a3ba89ce8796c91b876a284a062eb763f,1549.46,59.77,6.271799489,55000,54000
81709c3a3ba89ce8796c91b876a284a062eb763f,1554.43,60.32,6.299812039,55000,54000
81709c3a3ba89ce8796c91b876a284a062eb763f,1539.06,59.57,6.238538859,55000,54000
81709c3a3ba89ce8796c91b876a284a062eb763f,1553.33,59.97,6.296681082,54000,54000
81709c3a3ba89ce8796c91b876a284a062eb763f,1553.94,60.27,6.302850988,54000,54000
81709c3a3ba89ce8796c91b876a284a062eb763f,1547.64,60.10,6.264054252,54000,54000
81709c3a3ba89ce8796c91b876a284a062eb763f,1548.62,60.06,6.273091632,54000,54000
81709c3a3ba89ce8796c91b876a284a062eb763f,1553.35,60.40,6.305020317,54000,54000
81709c3a3ba89ce8796c91b876a284a062eb763f,1538.20,59.65,6.231100919,54000,54000
81709c3a3ba89ce8796c91b876a284a062eb763f,1533.77,59.56,6.220625168,54000,54000
81709c3a3ba89ce8796c91b876a284a062eb763f,1580.14,61.24,6.399180363,54000,54000
81709c3a3ba89ce8796c91b876a284a062eb763f,1546.76,59.92,6.267036999,54000,54000
81709c3a3ba89ce8796c91b876a284a062eb763f,1563.79,60.53,6.337817059,54000,54000
81709c3a3ba89ce8796c91b876a284a062eb763f,1551.01,60.19,6.268729357,55000,55000
81709c3a3ba89ce8796c91b876a284a062eb763f,1573.54,61.27,6.378436240,54000,54000
81709c3a3ba89ce8796c91b876a284a062eb763f,1545.18,59.89,6.255336921,54000,54000
81709c3a3ba89ce8796c91b876a284a062eb763f,1554.85,60.26,6.314228917,56000,54000
81709c3a3ba89ce8796c91b876a284a062eb763f,1555.49,60.36,6.306887164,55000,54000
3a7d98e5ec177a6030635f55c9d51600de0b91dc,1161.03,44.74,4.731657057,54000,54000
3a7d98e5ec177a6030635f55c9d51600de0b91dc,1201.15,46.22,4.892783097,54000,55000
3a7d98e5ec177a6030635f55c9d51600de0b91dc,1177.04,45.33,4.795767469,54000,55000
3a7d98e5ec177a6030635f55c9d51600de0b91dc,1177.17,45.40,4.792776872,54000,54000
3a7d98e5ec177a6030635f55c9d51600de0b91dc,1182.72,45.57,4.817462404,54000,54000
3a7d98e5ec177a6030635f55c9d51600de0b91dc,1173.04,45.35,4.780717962,54000,54000
3a7d98e5ec177a6030635f55c9d51600de0b91dc,1154.09,44.62,4.713489635,54000,55000
3a7d98e5ec177a6030635f55c9d51600de0b91dc,1173.25,45.13,4.787349003,54000,54000
3a7d98e5ec177a6030635f55c9d51600de0b91dc,1157.50,44.66,4.727735293,54000,54000
3a7d98e5ec177a6030635f55c9d51600de0b91dc,1157.43,44.61,4.721553075,55000,54000
3a7d98e5ec177a6030635f55c9d51600de0b91dc,1167.39,44.90,4.768141201,54000,54000
3a7d98e5ec177a6030635f55c9d51600de0b91dc,1160.96,44.62,4.748176353,54000,54000
3a7d98e5ec177a6030635f55c9d51600de0b91dc,1166.93,45.18,4.771452759,54000,54000
3a7d98e5ec177a6030635f55c9d51600de0b91dc,1197.28,46.14,4.888601663,54000,54000
3a7d98e5ec177a6030635f55c9d51600de0b91dc,1163.84,44.85,4.746227012,54000,54000
3a7d98e5ec177a6030635f55c9d51600de0b91dc,1170.78,45.11,4.772095644,54000,54000
3a7d98e5ec177a6030635f55c9d51600de0b91dc,1166.90,44.89,4.768958923,54000,55000
3a7d98e5ec177a6030635f55c9d51600de0b91dc,1164.15,44.93,4.757365895,54000,54000
3a7d98e5ec177a6030635f55c9d51600de0b91dc,1161.36,44.72,4.748849859,54000,54000
3a7d98e5ec177a6030635f55c9d51600de0b91dc,1176.10,45.23,4.797685796,54000,55000
3a7d98e5ec177a6030635f55c9d51600de0b91dc,1164.63,44.81,4.759097491,54000,54000
3a7d98e5ec177a6030635f55c9d51600de0b91dc,1147.07,44.04,4.689929776,54000,54000
3a7d98e5ec177a6030635f55c9d51600de0b91dc,1148.92,44.37,4.685109515,54000,54000
3a7d98e5ec177a6030635f55c9d51600de0b91dc,1169.62,45.30,4.767426683,54000,54000
3a7d98e5ec177a6030635f55c9d51600de0b91dc,1178.29,45.36,4.818520578,54000,54000
3a7d98e5ec177a6030635f55c9d51600de0b91dc,1158.32,44.51,4.730855826,54000,54000
3a7d98e5ec177a6030635f55c9d51600de0b91dc,1192.82,45.83,4.876540768,54000,54000
3a7d98e5ec177a6030635f55c9d51600de0b91dc,1165.24,44.64,4.763964453,54000,55000
3a7d98e5ec177a6030635f55c9d51600de0b91dc,1168.31,45.16,4.757900536,54000,54000
3a7d98e5ec177a6030635f55c9d51600de0b91dc,1164.08,44.70,4.751254959,55000,55000
5d29845a4eae6e81bc7f8b31b071ca30beef7705,1254.42,48.57,5.108257711,54000,54000
5d29845a4eae6e81bc7f8b31b071ca30beef7705,1272.59,49.27,5.159665896,54000,54000
5d29845a4eae6e81bc7f8b31b071ca30beef7705,1270.98,49.31,5.160752829,56000,54000
5d29845a4eae6e81bc7f8b31b071ca30beef7705,1244.53,48.04,5.064684507,55000,54000
5d29845a4eae6e81bc7f8b31b071ca30beef7705,1266.77,48.95,5.145319788,54000,54000
5d29845a4eae6e81bc7f8b31b071ca30beef7705,1260.53,48.99,5.117795240,54000,54000
5d29845a4eae6e81bc7f8b31b071ca30beef7705,1270.74,49.16,5.162481278,54000,54000
5d29845a4eae6e81bc7f8b31b071ca30beef7705,1282.05,49.69,5.200154603,54000,54000
5d29845a4eae6e81bc7f8b31b071ca30beef7705,1249.22,48.31,5.083991927,54000,54000
5d29845a4eae6e81bc7f8b31b071ca30beef7705,1288.28,49.94,5.228414045,55000,54000
5d29845a4eae6e81bc7f8b31b071ca30beef7705,1267.05,49.12,5.139302093,54000,54000
5d29845a4eae6e81bc7f8b31b071ca30beef7705,1286.17,49.84,5.222826461,54000,54000
5d29845a4eae6e81bc7f8b31b071ca30beef7705,1263.99,48.84,5.136835694,54000,54000
5d29845a4eae6e81bc7f8b31b071ca30beef7705,1249.56,48.37,5.086937767,54000,54000
5d29845a4eae6e81bc7f8b31b071ca30beef7705,1268.46,48.93,5.156322663,54000,54000
5d29845a4eae6e81bc7f8b31b071ca30beef7705,1264.08,48.98,5.132228363,54000,55000
5d29845a4eae6e81bc7f8b31b071ca30beef7705,1258.57,48.50,5.105663857,54000,54000
5d29845a4eae6e81bc7f8b31b071ca30beef7705,1270.88,49.23,5.151775867,54000,53000
5d29845a4eae6e81bc7f8b31b071ca30beef7705,1268.90,48.92,5.167802159,54000,54000
5d29845a4eae6e81bc7f8b31b071ca30beef7705,1262.09,48.88,5.126034491,54000,54000
5d29845a4eae6e81bc7f8b31b071ca30beef7705,1248.88,48.38,5.067536930,54000,54000
5d29845a4eae6e81bc7f8b31b071ca30beef7705,1258.68,48.47,5.117836271,53000,54000
5d29845a4eae6e81bc7f8b31b071ca30beef7705,1255.16,48.51,5.100577008,54000,54000
5d29845a4eae6e81bc7f8b31b071ca30beef7705,1247.71,48.18,5.062327174,54000,55000
5d29845a4eae6e81bc7f8b31b071ca30beef7705,1269.12,49.00,5.148482155,54000,54000
5d29845a4eae6e81bc7f8b31b071ca30beef7705,1269.09,49.03,5.144939580,54000,55000
5d29845a4eae6e81bc7f8b31b071ca30beef7705,1254.60,48.40,5.098293600,55000,54000
5d29845a4eae6e81bc7f8b31b071ca30beef7705,1275.37,49.43,5.176370768,55000,54000
5d29845a4eae6e81bc7f8b31b071ca30beef7705,1286.31,49.82,5.228796502,54000,54000
5d29845a4eae6e81bc7f8b31b071ca30beef7705,1250.57,48.43,5.074251789,54000,54000
a6ee0737b95d9ba16a2a433a515100499ce8b69c,1178.15,45.29,4.798847401,54000,53000
a6ee0737b95d9ba16a2a433a515100499ce8b69c,1188.60,45.67,4.848482023,54000,54000
a6ee0737b95d9ba16a2a433a515100499ce8b69c,1157.84,44.50,4.719974161,55000,55000
a6ee0737b95d9ba16a2a433a515100499ce8b69c,1170.19,45.04,4.762502890,54000,54000
a6ee0737b95d9ba16a2a433a515100499ce8b69c,1171.26,45.14,4.787896537,54000,54000
a6ee0737b95d9ba16a2a433a515100499ce8b69c,1166.99,45.04,4.745372048,54000,54000
a6ee0737b95d9ba16a2a433a515100499ce8b69c,1186.48,45.92,4.840697583,54000,54000
a6ee0737b95d9ba16a2a433a515100499ce8b69c,1198.21,46.18,4.892799452,55000,54000
a6ee0737b95d9ba16a2a433a515100499ce8b69c,1162.45,44.82,4.738247785,54000,54000
a6ee0737b95d9ba16a2a433a515100499ce8b69c,1160.57,44.91,4.734512589,54000,54000
a6ee0737b95d9ba16a2a433a515100499ce8b69c,1165.04,44.76,4.760925639,54000,54000
a6ee0737b95d9ba16a2a433a515100499ce8b69c,1184.89,45.78,4.831443053,54000,54000
a6ee0737b95d9ba16a2a433a515100499ce8b69c,1158.19,44.70,4.708570098,54000,54000
a6ee0737b95d9ba16a2a433a515100499ce8b69c,1160.69,44.49,4.739230528,54000,54000
a6ee0737b95d9ba16a2a433a515100499ce8b69c,1168.84,45.03,4.769063885,54000,54000
a6ee0737b95d9ba16a2a433a515100499ce8b69c,1171.55,45.12,4.778462674,54000,54000
a6ee0737b95d9ba16a2a433a515100499ce8b69c,1153.39,44.44,4.706594560,53000,54000
a6ee0737b95d9ba16a2a433a515100499ce8b69c,1157.76,44.43,4.731900734,55000,54000
a6ee0737b95d9ba16a2a433a515100499ce8b69c,1166.83,44.93,4.756105648,54000,54000
a6ee0737b95d9ba16a2a433a515100499ce8b69c,1160.18,44.56,4.728931934,54000,54000
a6ee0737b95d9ba16a2a433a515100499ce8b69c,1176.70,45.20,4.808908985,54000,54000
a6ee0737b95d9ba16a2a433a515100499ce8b69c,1168.74,45.30,4.758321271,54000,54000
a6ee0737b95d9ba16a2a433a515100499ce8b69c,1187.21,45.49,4.847071551,54000,54000
a6ee0737b95d9ba16a2a433a515100499ce8b69c,1178.15,45.40,4.811320644,54000,54000
a6ee0737b95d9ba16a2a433a515100499ce8b69c,1170.51,45.06,4.781180809,55000,55000
a6ee0737b95d9ba16a2a433a515100499ce8b69c,1179.82,45.46,4.803490829,55000,55000
a6ee0737b95d9ba16a2a433a515100499ce8b69c,1165.64,44.84,4.747024554,54000,54000
a6ee0737b95d9ba16a2a433a515100499ce8b69c,1148.61,44.30,4.684136685,54000,54000
a6ee0737b95d9ba16a2a433a515100499ce8b69c,1178.21,45.41,4.791734782,55000,54000
a6ee0737b95d9ba16a2a433a515100499ce8b69c,1167.95,45.16,4.755873092,54000,54000
dd16aba8f40865b1835bd0891aa856d3d095fea3,1166.06,45.08,4.736974264,54000,54000
dd16aba8f40865b1835bd0891aa856d3d095fea3,1187.94,45.66,4.846757792,54000,55000
dd16aba8f40865b1835bd0891aa856d3d095fea3,1152.53,44.41,4.700764794,54000,54000
dd16aba8f40865b1835bd0891aa856d3d095fea3,1172.89,45.09,4.781425631,54000,54000
dd16aba8f40865b1835bd0891aa856d3d095fea3,1161.58,44.66,4.734492290,54000,54000
dd16aba8f40865b1835bd0891aa856d3d095fea3,1175.40,45.51,4.794615911,54000,54000
dd16aba8f40865b1835bd0891aa856d3d095fea3,1181.02,45.42,4.816730850,54000,54000
dd16aba8f40865b1835bd0891aa856d3d095fea3,1159.96,44.84,4.727657060,54000,54000
dd16aba8f40865b1835bd0891aa856d3d095fea3,1187.80,45.67,4.851619131,54000,54000
dd16aba8f40865b1835bd0891aa856d3d095fea3,1164.89,44.84,4.739537504,54000,54000
dd16aba8f40865b1835bd0891aa856d3d095fea3,1149.78,44.19,4.692419106,54000,54000
dd16aba8f40865b1835bd0891aa856d3d095fea3,1168.34,44.78,4.765103363,54000,54000
dd16aba8f40865b1835bd0891aa856d3d095fea3,1183.25,45.59,4.834279509,54000,54000
dd16aba8f40865b1835bd0891aa856d3d095fea3,1162.10,44.79,4.742960106,54000,54000
dd16aba8f40865b1835bd0891aa856d3d095fea3,1187.66,45.65,4.850005698,54000,54000
dd16aba8f40865b1835bd0891aa856d3d095fea3,1165.65,45.06,4.753488809,54000,54000
dd16aba8f40865b1835bd0891aa856d3d095fea3,1157.84,44.71,4.715944857,54000,54000
dd16aba8f40865b1835bd0891aa856d3d095fea3,1144.01,44.10,4.675734803,54000,54000
dd16aba8f40865b1835bd0891aa856d3d095fea3,1168.81,45.03,4.761614074,54000,54000
dd16aba8f40865b1835bd0891aa856d3d095fea3,1181.54,45.68,4.828861436,54000,54000
dd16aba8f40865b1835bd0891aa856d3d095fea3,1152.02,44.35,4.693968900,54000,54000
dd16aba8f40865b1835bd0891aa856d3d095fea3,1200.57,46.23,4.899311946,54000,54000
dd16aba8f40865b1835bd0891aa856d3d095fea3,1181.55,45.51,4.817608741,54000,54000
dd16aba8f40865b1835bd0891aa856d3d095fea3,1174.48,45.10,4.799709685,54000,54000
dd16aba8f40865b1835bd0891aa856d3d095fea3,1156.87,44.47,4.717664447,54000,54000
dd16aba8f40865b1835bd0891aa856d3d095fea3,1145.78,44.17,4.668349138,54000,54000
dd16aba8f40865b1835bd0891aa856d3d095fea3,1152.39,44.40,4.692709087,54000,55000
dd16aba8f40865b1835bd0891aa856d3d095fea3,1154.81,44.47,4.704368276,55000,55000
dd16aba8f40865b1835bd0891aa856d3d095fea3,1162.31,44.72,4.753676008,55000,54000
dd16aba8f40865b1835bd0891aa856d3d095fea3,1189.18,45.74,4.854153407,55000,54000
f1acbcd1358915ca0b9dbb11da4e89a986fce219,1159.73,44.79,4.738082522,54000,54000
f1acbcd1358915ca0b9dbb11da4e89a986fce219,1173.07,45.09,4.776525258,55000,54000
f1acbcd1358915ca0b9dbb11da4e89a986fce219,1153.53,44.49,4.691992886,54000,54000
f1acbcd1358915ca0b9dbb11da4e89a986fce219,1185.29,45.58,4.821407222,54000,55000
f1acbcd1358915ca0b9dbb11da4e89a986fce219,1152.79,44.39,4.698388478,55000,55000
f1acbcd1358915ca0b9dbb11da4e89a986fce219,1164.34,44.97,4.732837266,54000,54000
f1acbcd1358915ca0b9dbb11da4e89a986fce219,1162.03,44.85,4.727681409,54000,55000
f1acbcd1358915ca0b9dbb11da4e89a986fce219,1158.64,44.56,4.733449101,54000,54000
f1acbcd1358915ca0b9dbb11da4e89a986fce219,1158.67,44.72,4.734086359,54000,54000
f1acbcd1358915ca0b9dbb11da4e89a986fce219,1185.58,45.86,4.839399527,54000,54000
f1acbcd1358915ca0b9dbb11da4e89a986fce219,1159.88,44.61,4.739979237,53000,54000
f1acbcd1358915ca0b9dbb11da4e89a986fce219,1175.49,45.11,4.803295453,54000,54000
f1acbcd1358915ca0b9dbb11da4e89a986fce219,1170.58,44.90,4.772003060,54000,54000
f1acbcd1358915ca0b9dbb11da4e89a986fce219,1172.12,45.13,4.779451021,54000,54000
f1acbcd1358915ca0b9dbb11da4e89a986fce219,1186.35,45.61,4.846186576,55000,54000
f1acbcd1358915ca0b9dbb11da4e89a986fce219,1155.64,44.51,4.705411932,54000,55000
f1acbcd1358915ca0b9dbb11da4e89a986fce219,1178.35,45.50,4.803104546,54000,54000
f1acbcd1358915ca0b9dbb11da4e89a986fce219,1162.30,44.68,4.730547062,54000,54000
f1acbcd1358915ca0b9dbb11da4e89a986fce219,1167.24,45.25,4.755867033,54000,54000
f1acbcd1358915ca0b9dbb11da4e89a986fce219,1162.55,44.88,4.744927611,55000,54000
f1acbcd1358915ca0b9dbb11da4e89a986fce219,1165.90,44.81,4.753637003,54000,54000
f1acbcd1358915ca0b9dbb11da4e89a986fce219,1175.64,45.20,4.786873530,54000,54000
f1acbcd1358915ca0b9dbb11da4e89a986fce219,1152.89,44.31,4.700709922,54000,54000
f1acbcd1358915ca0b9dbb11da4e89a986fce219,1181.62,45.54,4.818375985,54000,55000
f1acbcd1358915ca0b9dbb11da4e89a986fce219,1185.71,45.43,4.843482662,55000,54000
f1acbcd1358915ca0b9dbb11da4e89a986fce219,1158.42,44.87,4.722171653,55000,54000
f1acbcd1358915ca0b9dbb11da4e89a986fce219,1168.04,45.17,4.758999133,54000,54000
f1acbcd1358915ca0b9dbb11da4e89a986fce219,1175.01,45.24,4.785081626,54000,55000
f1acbcd1358915ca0b9dbb11da4e89a986fce219,1167.72,44.94,4.758838296,54000,54000
f1acbcd1358915ca0b9dbb11da4e89a986fce219,1157.25,44.49,4.724507734,54000,54000
38f3ec7058c26e775cd0cb1b96840ff1d566f10e,1165.56,44.79,4.764292564,54000,54000
38f3ec7058c26e775cd0cb1b96840ff1d566f10e,1150.62,44.26,4.686994459,54000,54000
38f3ec7058c26e775cd0cb1b96840ff1d566f10e,1198.60,46.11,4.876001425,54000,55000
38f3ec7058c26e775cd0cb1b96840ff1d566f10e,1159.77,44.67,4.734968922,54000,55000
38f3ec7058c26e775cd0cb1b96840ff1d566f10e,1158.75,44.53,4.725025118,55000,55000
38f3ec7058c26e775cd0cb1b96840ff1d566f10e,1145.86,44.12,4.664279441,54000,54000
38f3ec7058c26e775cd0cb1b96840ff1d566f10e,1171.42,45.18,4.782908188,54000,54000
38f3ec7058c26e775cd0cb1b96840ff1d566f10e,1171.18,45.25,4.773872127,55000,54000
38f3ec7058c26e775cd0cb1b96840ff1d566f10e,1190.49,45.88,4.855362377,54000,55000
38f3ec7058c26e775cd0cb1b96840ff1d566f10e,1151.14,44.49,4.693670844,54000,54000
38f3ec7058c26e775cd0cb1b96840ff1d566f10e,1149.01,44.22,4.686353835,54000,54000
38f3ec7058c26e775cd0cb1b96840ff1d566f10e,1170.25,45.17,4.769023156,54000,54000
38f3ec7058c26e775cd0cb1b96840ff1d566f10e,1167.50,44.82,4.760808032,54000,54000
38f3ec7058c26e775cd0cb1b96840ff1d566f10e,1154.02,44.60,4.705904749,54000,54000
38f3ec7058c26e775cd0cb1b96840ff1d566f10e,1165.68,44.85,4.754429775,55000,54000
38f3ec7058c26e775cd0cb1b96840ff1d566f10e,1165.68,44.90,4.749970728,54000,54000
38f3ec7058c26e775cd0cb1b96840ff1d566f10e,1155.86,44.41,4.718279559,54000,54000
38f3ec7058c26e775cd0cb1b96840ff1d566f10e,1161.32,44.86,4.737766099,55000,54000
38f3ec7058c26e775cd0cb1b96840ff1d566f10e,1153.62,44.34,4.710018750,54000,54000
38f3ec7058c26e775cd0cb1b96840ff1d566f10e,1174.19,45.27,4.786881772,54000,54000
38f3ec7058c26e775cd0cb1b96840ff1d566f10e,1156.51,44.75,4.719984698,54000,54000
38f3ec7058c26e775cd0cb1b96840ff1d566f10e,1173.63,45.28,4.768695542,54000,54000
38f3ec7058c26e775cd0cb1b96840ff1d566f10e,1160.51,44.73,4.723323421,54000,54000
38f3ec7058c26e775cd0cb1b96840ff1d566f10e,1170.13,45.11,4.774481908,54000,54000
38f3ec7058c26e775cd0cb1b96840ff1d566f10e,1171.38,45.06,4.786396305,54000,54000
38f3ec7058c26e775cd0cb1b96840ff1d566f10e,1170.63,45.10,4.762778352,54000,54000
38f3ec7058c26e775cd0cb1b96840ff1d566f10e,1171.77,45.08,4.777119751,55000,54000
38f3ec7058c26e775cd0cb1b96840ff1d566f10e,1184.00,45.54,4.827535379,54000,54000
38f3ec7058c26e775cd0cb1b96840ff1d566f10e,1155.60,44.47,4.709043748,54000,54000
38f3ec7058c26e775cd0cb1b96840ff1d566f10e,1177.94,45.36,4.808349190,54000,54000
7a8ec4ce48874a7afdc9c9236c8282f735da5d76,1175.17,45.51,4.776318646,54000,54000
7a8ec4ce48874a7afdc9c9236c8282f735da5d76,1172.08,45.23,4.765101671,55000,54000
7a8ec4ce48874a7afdc9c9236c8282f735da5d76,1184.13,45.60,4.839480895,54000,55000
7a8ec4ce48874a7afdc9c9236c8282f735da5d76,1148.49,44.09,4.684080208,54000,55000
7a8ec4ce48874a7afdc9c9236c8282f735da5d76,1161.48,44.89,4.729263601,54000,54000
7a8ec4ce48874a7afdc9c9236c8282f735da5d76,1167.05,44.99,4.758126293,54000,54000
7a8ec4ce48874a7afdc9c9236c8282f735da5d76,1195.55,46.20,4.878934593,54000,54000
7a8ec4ce48874a7afdc9c9236c8282f735da5d76,1157.08,44.59,4.714633656,54000,54000
7a8ec4ce48874a7afdc9c9236c8282f735da5d76,1174.69,45.34,4.802945016,53000,53000
7a8ec4ce48874a7afdc9c9236c8282f735da5d76,1187.32,45.74,4.843438095,54000,54000
7a8ec4ce48874a7afdc9c9236c8282f735da5d76,1191.21,45.77,4.863403315,54000,54000
7a8ec4ce48874a7afdc9c9236c8282f735da5d76,1154.71,44.28,4.720699662,54000,54000
7a8ec4ce48874a7afdc9c9236c8282f735da5d76,1142.23,43.92,4.658700937,54000,54000
7a8ec4ce48874a7afdc9c9236c8282f735da5d76,1161.91,44.68,4.734998026,54000,55000
7a8ec4ce48874a7afdc9c9236c8282f735da5d76,1158.86,44.63,4.727054786,54000,54000
7a8ec4ce48874a7afdc9c9236c8282f735da5d76,1160.68,44.73,4.731276071,54000,54000
7a8ec4ce48874a7afdc9c9236c8282f735da5d76,1161.21,44.88,4.731267682,54000,54000
7a8ec4ce48874a7afdc9c9236c8282f735da5d76,1177.32,45.22,4.800664174,54000,54000
7a8ec4ce48874a7afdc9c9236c8282f735da5d76,1183.33,45.48,4.837866219,55000,54000
7a8ec4ce48874a7afdc9c9236c8282f735da5d76,1162.52,44.92,4.750328423,54000,54000
7a8ec4ce48874a7afdc9c9236c8282f735da5d76,1185.15,45.95,4.834669051,55000,54000
7a8ec4ce48874a7afdc9c9236c8282f735da5d76,1164.50,44.78,4.756204107,54000,54000
7a8ec4ce48874a7afdc9c9236c8282f735da5d76,1160.81,44.74,4.735289380,54000,54000
7a8ec4ce48874a7afdc9c9236c8282f735da5d76,1176.97,45.32,4.818002739,54000,54000
7a8ec4ce48874a7afdc9c9236c8282f735da5d76,1166.04,44.78,4.748502214,55000,55000
7a8ec4ce48874a7afdc9c9236c8282f735da5d76,1176.06,45.19,4.795774659,54000,54000
7a8ec4ce48874a7afdc9c9236c8282f735da5d76,1171.44,45.19,4.763572221,54000,54000
7a8ec4ce48874a7afdc9c9236c8282f735da5d76,1180.81,45.49,4.811701373,54000,54000
7a8ec4ce48874a7afdc9c9236c8282f735da5d76,1160.48,44.64,4.723530528,55000,54000
7a8ec4ce48874a7afdc9c9236c8282f735da5d76,1159.63,44.68,4.723362769,54000,55000
966e31057201b2ba5d2112b3a281325f972e156c,1149.51,44.15,4.706365078,54000,53000
966e31057201b2ba5d2112b3a281325f972e156c,1168.04,44.86,4.753570130,55000,54000
966e31057201b2ba5d2112b3a281325f972e156c,1158.39,44.59,4.709908880,55000,55000
966e31057201b2ba5d2112b3a281325f972e156c,1159.71,44.54,4.722408707,55000,56000
966e31057201b2ba5d2112b3a281325f972e156c,1157.19,44.57,4.701361128,56000,54000
966e31057201b2ba5d2112b3a281325f972e156c,1158.64,44.46,4.726020980,55000,54000
966e31057201b2ba5d2112b3a281325f972e156c,1148.53,44.12,4.682690348,54000,54000
966e31057201b2ba5d2112b3a281325f972e156c,1198.95,46.29,4.898266566,54000,55000
966e31057201b2ba5d2112b3a281325f972e156c,1161.90,44.72,4.740105960,54000,54000
966e31057201b2ba5d2112b3a281325f972e156c,1178.92,45.30,4.811212813,54000,54000
966e31057201b2ba5d2112b3a281325f972e156c,1162.18,44.73,4.739943777,54000,54000
966e31057201b2ba5d2112b3a281325f972e156c,1178.65,45.45,4.808312337,54000,54000
966e31057201b2ba5d2112b3a281325f972e156c,1191.34,45.92,4.849821463,54000,54000
966e31057201b2ba5d2112b3a281325f972e156c,1165.57,44.93,4.753330372,54000,54000
966e31057201b2ba5d2112b3a281325f972e156c,1162.31,44.83,4.748086517,54000,54000
966e31057201b2ba5d2112b3a281325f972e156c,1157.13,44.73,4.707935917,54000,54000
966e31057201b2ba5d2112b3a281325f972e156c,1159.76,44.64,4.727075033,54000,54000
966e31057201b2ba5d2112b3a281325f972e156c,1177.47,45.28,4.811584018,54000,54000
966e31057201b2ba5d2112b3a281325f972e156c,1163.67,44.82,4.750099375,54000,54000
966e31057201b2ba5d2112b3a281325f972e156c,1164.87,44.87,4.749235976,55000,54000
966e31057201b2ba5d2112b3a281325f972e156c,1160.39,44.81,4.726474967,54000,54000
966e31057201b2ba5d2112b3a281325f972e156c,1168.13,45.01,4.761291703,54000,54000
966e31057201b2ba5d2112b3a281325f972e156c,1168.21,45.04,4.757787758,54000,54000
966e31057201b2ba5d2112b3a281325f972e156c,1166.70,44.84,4.764173074,54000,54000
966e31057201b2ba5d2112b3a281325f972e156c,1189.54,45.79,4.853617942,54000,55000
966e31057201b2ba5d2112b3a281325f972e156c,1155.50,44.49,4.710013578,54000,53000
966e31057201b2ba5d2112b3a281325f972e156c,1180.75,45.71,4.797197667,54000,54000
966e31057201b2ba5d2112b3a281325f972e156c,1162.73,44.74,4.745609235,54000,54000
966e31057201b2ba5d2112b3a281325f972e156c,1164.95,44.89,4.751912596,54000,54000
966e31057201b2ba5d2112b3a281325f972e156c,1183.63,45.70,4.824625925,54000,54000
483b2e416e8cb5770aa18ee401d9cfe8262d08de,1163.54,44.93,4.762258573,54000,54000
483b2e416e8cb5770aa18ee401d9cfe8262d08de,1140.99,43.87,4.664581399,54000,54000
483b2e416e8cb5770aa18ee401d9cfe8262d08de,1147.56,44.19,4.689757273,52000,54000
483b2e416e8cb5770aa18ee401d9cfe8262d08de,1168.93,44.93,4.761676357,54000,54000
483b2e416e8cb5770aa18ee401d9cfe8262d08de,1170.95,45.15,4.765225244,55000,55000
483b2e416e8cb5770aa18ee401d9cfe8262d08de,1155.26,44.54,4.711490944,55000,55000
483b2e416e8cb5770aa18ee401d9cfe8262d08de,1166.09,44.95,4.757481176,54000,54000
483b2e416e8cb5770aa18ee401d9cfe8262d08de,1171.58,45.17,4.777867995,54000,54000
483b2e416e8cb5770aa18ee401d9cfe8262d08de,1170.24,45.04,4.769601253,54000,53000
483b2e416e8cb5770aa18ee401d9cfe8262d08de,1168.13,44.99,4.763074674,54000,55000
483b2e416e8cb5770aa18ee401d9cfe8262d08de,1184.82,45.53,4.841878411,54000,54000
483b2e416e8cb5770aa18ee401d9cfe8262d08de,1178.45,45.57,4.814750618,54000,54000
483b2e416e8cb5770aa18ee401d9cfe8262d08de,1157.17,44.54,4.714647059,54000,54000
483b2e416e8cb5770aa18ee401d9cfe8262d08de,1192.90,45.84,4.871478779,54000,54000
483b2e416e8cb5770aa18ee401d9cfe8262d08de,1176.94,45.34,4.797165833,55000,54000
483b2e416e8cb5770aa18ee401d9cfe8262d08de,1160.43,44.84,4.730119830,54000,54000
483b2e416e8cb5770aa18ee401d9cfe8262d08de,1163.84,44.87,4.742338987,54000,54000
483b2e416e8cb5770aa18ee401d9cfe8262d08de,1164.25,44.86,4.746171936,54000,54000
483b2e416e8cb5770aa18ee401d9cfe8262d08de,1169.07,45.15,4.768049475,54000,54000
483b2e416e8cb5770aa18ee401d9cfe8262d08de,1165.80,44.85,4.756498492,55000,54000
483b2e416e8cb5770aa18ee401d9cfe8262d08de,1160.65,44.65,4.733132765,54000,54000
483b2e416e8cb5770aa18ee401d9cfe8262d08de,1179.79,45.53,4.803420921,54000,55000
483b2e416e8cb5770aa18ee401d9cfe8262d08de,1159.72,44.68,4.731225710,54000,54000
483b2e416e8cb5770aa18ee401d9cfe8262d08de,1149.88,44.38,4.692670721,54000,54000
483b2e416e8cb5770aa18ee401d9cfe8262d08de,1178.61,45.33,4.809327208,54000,54000
483b2e416e8cb5770aa18ee401d9cfe8262d08de,1175.06,45.26,4.788953067,55000,54000
483b2e416e8cb5770aa18ee401d9cfe8262d08de,1190.02,45.74,4.851663535,55000,55000
483b2e416e8cb5770aa18ee401d9cfe8262d08de,1185.21,45.78,4.835989178,54000,55000
483b2e416e8cb5770aa18ee401d9cfe8262d08de,1154.97,44.45,4.704506577,55000,54000
483b2e416e8cb5770aa18ee401d9cfe8262d08de,1160.23,44.78,4.732801128,54000,54000
708904a3c8b72917b30237ad9935d38dc0ab3810,1173.40,45.21,4.776018101,54000,54000
708904a3c8b72917b30237ad9935d38dc0ab3810,1171.72,45.13,4.769207043,54000,54000
708904a3c8b72917b30237ad9935d38dc0ab3810,1160.75,44.72,4.731689554,54000,54000
708904a3c8b72917b30237ad9935d38dc0ab3810,1156.65,44.46,4.720065488,55000,54000
708904a3c8b72917b30237ad9935d38dc0ab3810,1160.75,44.76,4.744323281,54000,55000
708904a3c8b72917b30237ad9935d38dc0ab3810,1169.09,45.08,4.758496956,55000,55000
708904a3c8b72917b30237ad9935d38dc0ab3810,1184.96,45.50,4.834789889,54000,54000
708904a3c8b72917b30237ad9935d38dc0ab3810,1176.31,45.54,4.787287429,54000,54000
708904a3c8b72917b30237ad9935d38dc0ab3810,1155.51,44.61,4.716798118,54000,54000
708904a3c8b72917b30237ad9935d38dc0ab3810,1170.62,45.17,4.775017916,55000,54000
708904a3c8b72917b30237ad9935d38dc0ab3810,1174.30,45.31,4.785897063,54000,54000
708904a3c8b72917b30237ad9935d38dc0ab3810,1163.00,44.87,4.742414541,54000,54000
708904a3c8b72917b30237ad9935d38dc0ab3810,1164.09,44.85,4.743310695,54000,54000
708904a3c8b72917b30237ad9935d38dc0ab3810,1167.82,44.90,4.762447291,54000,54000
708904a3c8b72917b30237ad9935d38dc0ab3810,1153.52,44.37,4.708671049,54000,54000
708904a3c8b72917b30237ad9935d38dc0ab3810,1196.03,45.95,4.883667848,54000,55000
708904a3c8b72917b30237ad9935d38dc0ab3810,1169.77,44.92,4.776728581,54000,54000
708904a3c8b72917b30237ad9935d38dc0ab3810,1145.70,44.21,4.667218409,54000,53000
708904a3c8b72917b30237ad9935d38dc0ab3810,1162.13,44.75,4.744498392,54000,54000
708904a3c8b72917b30237ad9935d38dc0ab3810,1165.68,44.75,4.773060056,54000,54000
708904a3c8b72917b30237ad9935d38dc0ab3810,1162.18,44.59,4.752560686,54000,54000
708904a3c8b72917b30237ad9935d38dc0ab3810,1155.76,44.56,4.709114516,54000,54000
708904a3c8b72917b30237ad9935d38dc0ab3810,1174.04,45.21,4.794560022,54000,54000
708904a3c8b72917b30237ad9935d38dc0ab3810,1179.17,45.68,4.799694737,54000,54000
708904a3c8b72917b30237ad9935d38dc0ab3810,1169.48,45.16,4.769099160,54000,54000
708904a3c8b72917b30237ad9935d38dc0ab3810,1194.30,46.06,4.874644362,54000,54000
708904a3c8b72917b30237ad9935d38dc0ab3810,1167.54,45.06,4.766906247,54000,54000
708904a3c8b72917b30237ad9935d38dc0ab3810,1168.06,44.94,4.760556578,54000,54000
708904a3c8b72917b30237ad9935d38dc0ab3810,1167.46,44.95,4.761727436,54000,54000
708904a3c8b72917b30237ad9935d38dc0ab3810,1171.53,45.15,4.776468054,54000,54000
c229b4a8253aa2df10edbe815c329ac2e56a5861,1171.78,45.11,4.767060062,55000,54000
c229b4a8253aa2df10edbe815c329ac2e56a5861,1164.09,44.80,4.739662823,55000,55000
c229b4a8253aa2df10edbe815c329ac2e56a5861,1177.96,45.47,4.787406807,55000,55000
c229b4a8253aa2df10edbe815c329ac2e56a5861,1191.82,45.90,4.855583265,55000,56000
c229b4a8253aa2df10edbe815c329ac2e56a5861,1173.53,45.39,4.778565994,54000,55000
c229b4a8253aa2df10edbe815c329ac2e56a5861,1152.46,44.36,4.697836889,54000,54000
c229b4a8253aa2df10edbe815c329ac2e56a5861,1175.39,45.34,4.801658861,54000,54000
c229b4a8253aa2df10edbe815c329ac2e56a5861,1173.90,45.34,4.781327179,54000,54000
c229b4a8253aa2df10edbe815c329ac2e56a5861,1170.88,45.20,4.777455278,54000,54000
c229b4a8253aa2df10edbe815c329ac2e56a5861,1154.70,44.45,4.710065246,54000,54000
c229b4a8253aa2df10edbe815c329ac2e56a5861,1183.21,45.82,4.828361780,54000,54000
c229b4a8253aa2df10edbe815c329ac2e56a5861,1184.73,45.66,4.835181511,54000,54000
c229b4a8253aa2df10edbe815c329ac2e56a5861,1186.22,45.48,4.850275409,54000,54000
c229b4a8253aa2df10edbe815c329ac2e56a5861,1162.47,44.81,4.741376523,55000,55000
c229b4a8253aa2df10edbe815c329ac2e56a5861,1185.54,45.60,4.847775343,54000,54000
c229b4a8253aa2df10edbe815c329ac2e56a5861,1145.42,44.07,4.677769361,54000,54000
c229b4a8253aa2df10edbe815c329ac2e56a5861,1167.72,44.96,4.760303957,54000,55000
c229b4a8253aa2df10edbe815c329ac2e56a5861,1152.25,44.25,4.695773737,54000,54000
c229b4a8253aa2df10edbe815c329ac2e56a5861,1177.64,45.65,4.803098014,54000,54000
c229b4a8253aa2df10edbe815c329ac2e56a5861,1164.51,44.96,4.745866543,54000,54000
c229b4a8253aa2df10edbe815c329ac2e56a5861,1169.98,45.09,4.781168652,55000,54000
c229b4a8253aa2df10edbe815c329ac2e56a5861,1186.83,45.58,4.843136502,55000,54000
c229b4a8253aa2df10edbe815c329ac2e56a5861,1188.94,45.57,4.857195054,54000,54000
c229b4a8253aa2df10edbe815c329ac2e56a5861,1171.41,45.15,4.779700192,54000,54000
c229b4a8253aa2df10edbe815c329ac2e56a5861,1167.23,44.87,4.753251330,54000,54000
c229b4a8253aa2df10edbe815c329ac2e56a5861,1152.99,44.49,4.703476277,54000,54000
c229b4a8253aa2df10edbe815c329ac2e56a5861,1171.34,45.07,4.773834980,55000,54000
c229b4a8253aa2df10edbe815c329ac2e56a5861,1194.71,46.19,4.876832369,54000,54000
c229b4a8253aa2df10edbe815c329ac2e56a5861,1160.29,44.68,4.733746818,54000,54000
c229b4a8253aa2df10edbe815c329ac2e56a5861,1171.88,45.10,4.771070739,55000,54000
03cb646b335ed829e1c66daccb9c1711988e3c0e,1164.91,44.79,4.748543747,55000,55000
03cb646b335ed829e1c66daccb9c1711988e3c0e,1168.93,45.14,4.773214148,55000,54000
03cb646b335ed829e1c66daccb9c1711988e3c0e,1185.73,45.67,4.833056563,55000,54000
03cb646b335ed829e1c66daccb9c1711988e3c0e,1158.67,44.65,4.738327471,54000,54000
03cb646b335ed829e1c66daccb9c1711988e3c0e,1209.96,46.47,4.945335558,54000,55000
03cb646b335ed829e1c66daccb9c1711988e3c0e,1181.44,45.74,4.820018032,54000,54000
03cb646b335ed829e1c66daccb9c1711988e3c0e,1180.11,45.39,4.816333511,54000,54000
03cb646b335ed829e1c66daccb9c1711988e3c0e,1177.81,45.18,4.814935892,54000,54000
03cb646b335ed829e1c66daccb9c1711988e3c0e,1170.33,44.95,4.781937730,54000,54000
03cb646b335ed829e1c66daccb9c1711988e3c0e,1201.97,46.18,4.911993731,54000,54000
03cb646b335ed829e1c66daccb9c1711988e3c0e,1184.63,45.43,4.833067704,54000,54000
03cb646b335ed829e1c66daccb9c1711988e3c0e,1178.60,45.37,4.801235509,54000,54000
03cb646b335ed829e1c66daccb9c1711988e3c0e,1188.51,45.77,4.844874373,54000,54000
03cb646b335ed829e1c66daccb9c1711988e3c0e,1184.27,45.67,4.832425068,54000,54000
03cb646b335ed829e1c66daccb9c1711988e3c0e,1179.97,45.45,4.802005574,54000,54000
03cb646b335ed829e1c66daccb9c1711988e3c0e,1186.98,45.83,4.840774936,54000,54000
03cb646b335ed829e1c66daccb9c1711988e3c0e,1198.49,46.15,4.892841009,54000,54000
03cb646b335ed829e1c66daccb9c1711988e3c0e,1182.51,45.68,4.820713002,54000,54000
03cb646b335ed829e1c66daccb9c1711988e3c0e,1183.90,45.69,4.828738942,54000,54000
03cb646b335ed829e1c66daccb9c1711988e3c0e,1199.00,46.09,4.892815746,54000,54000
03cb646b335ed829e1c66daccb9c1711988e3c0e,1166.55,44.92,4.762688206,54000,54000
03cb646b335ed829e1c66daccb9c1711988e3c0e,1188.13,45.71,4.842245936,54000,53000
03cb646b335ed829e1c66daccb9c1711988e3c0e,1175.92,45.22,4.792511207,54000,54000
03cb646b335ed829e1c66daccb9c1711988e3c0e,1171.25,45.11,4.780518050,54000,54000
03cb646b335ed829e1c66daccb9c1711988e3c0e,1192.18,46.13,4.857031524,54000,54000
03cb646b335ed829e1c66daccb9c1711988e3c0e,1195.17,45.95,4.890748491,54000,54000
03cb646b335ed829e1c66daccb9c1711988e3c0e,1177.45,45.42,4.796818641,55000,55000
03cb646b335ed829e1c66daccb9c1711988e3c0e,1207.91,46.42,4.934440462,54000,54000
03cb646b335ed829e1c66daccb9c1711988e3c0e,1192.84,45.92,4.884188712,54000,54000
03cb646b335ed829e1c66daccb9c1711988e3c0e,1178.63,45.54,4.807746155,55000,54000
2dbe7cac7e40d34780c0b50aeb9ca48a14ad7799,1187.44,45.77,4.850528153,54000,54000
2dbe7cac7e40d34780c0b50aeb9ca48a14ad7799,1182.57,45.62,4.810129471,54000,55000
2dbe7cac7e40d34780c0b50aeb9ca48a14ad7799,1201.72,46.39,4.897724493,54000,55000
2dbe7cac7e40d34780c0b50aeb9ca48a14ad7799,1170.21,45.04,4.774160159,54000,54000
2dbe7cac7e40d34780c0b50aeb9ca48a14ad7799,1197.30,46.21,4.882985002,55000,54000
2dbe7cac7e40d34780c0b50aeb9ca48a14ad7799,1170.61,45.18,4.771738282,54000,55000
2dbe7cac7e40d34780c0b50aeb9ca48a14ad7799,1174.21,45.29,4.793057557,54000,54000
2dbe7cac7e40d34780c0b50aeb9ca48a14ad7799,1172.11,45.35,4.785494469,54000,54000
2dbe7cac7e40d34780c0b50aeb9ca48a14ad7799,1170.51,45.23,4.776532275,54000,54000
2dbe7cac7e40d34780c0b50aeb9ca48a14ad7799,1178.25,45.46,4.800987592,54000,54000
2dbe7cac7e40d34780c0b50aeb9ca48a14ad7799,1172.90,45.19,4.778919435,55000,55000
2dbe7cac7e40d34780c0b50aeb9ca48a14ad7799,1182.86,45.60,4.823539608,54000,54000
2dbe7cac7e40d34780c0b50aeb9ca48a14ad7799,1169.87,45.00,4.777060057,54000,54000
2dbe7cac7e40d34780c0b50aeb9ca48a14ad7799,1173.79,45.24,4.794060066,54000,54000
2dbe7cac7e40d34780c0b50aeb9ca48a14ad7799,1196.83,46.13,4.869651669,54000,54000
2dbe7cac7e40d34780c0b50aeb9ca48a14ad7799,1188.42,45.80,4.840498190,54000,54000
2dbe7cac7e40d34780c0b50aeb9ca48a14ad7799,1179.91,45.29,4.804219630,54000,54000
2dbe7cac7e40d34780c0b50aeb9ca48a14ad7799,1180.67,45.52,4.819302966,54000,54000
2dbe7cac7e40d34780c0b50aeb9ca48a14ad7799,1174.95,45.33,4.790855296,55000,54000
2dbe7cac7e40d34780c0b50aeb9ca48a14ad7799,1185.71,45.78,4.833245028,54000,54000
2dbe7cac7e40d34780c0b50aeb9ca48a14ad7799,1215.24,46.90,4.964401889,54000,55000
2dbe7cac7e40d34780c0b50aeb9ca48a14ad7799,1180.09,45.39,4.830858352,54000,54000
2dbe7cac7e40d34780c0b50aeb9ca48a14ad7799,1193.37,46.06,4.868660037,54000,54000
2dbe7cac7e40d34780c0b50aeb9ca48a14ad7799,1176.14,45.15,4.803043977,54000,54000
2dbe7cac7e40d34780c0b50aeb9ca48a14ad7799,1208.59,46.61,4.933652938,54000,54000
2dbe7cac7e40d34780c0b50aeb9ca48a14ad7799,1186.21,45.88,4.827699801,54000,54000
2dbe7cac7e40d34780c0b50aeb9ca48a14ad7799,1177.14,45.11,4.806004855,55000,54000
2dbe7cac7e40d34780c0b50aeb9ca48a14ad7799,1179.81,45.21,4.812160455,54000,54000
2dbe7cac7e40d34780c0b50aeb9ca48a14ad7799,1209.77,46.44,4.934971146,54000,54000
2dbe7cac7e40d34780c0b50aeb9ca48a14ad7799,1193.39,45.73,4.875080020,54000,55000
e49a77475628405cdee19941155fc1ce0eba9888,1192.01,45.93,4.854338470,54000,54000
e49a77475628405cdee19941155fc1ce0eba9888,1197.65,46.11,4.899518011,54000,54000
e49a77475628405cdee19941155fc1ce0eba9888,1196.39,46.10,4.872881506,55000,55000
e49a77475628405cdee19941155fc1ce0eba9888,1192.18,46.11,4.856762872,54000,55000
e49a77475628405cdee19941155fc1ce0eba9888,1175.98,45.30,4.793532637,54000,54000
e49a77475628405cdee19941155fc1ce0eba9888,1218.05,46.82,4.975448147,54000,54000
e49a77475628405cdee19941155fc1ce0eba9888,1183.57,45.56,4.825107030,54000,54000
e49a77475628405cdee19941155fc1ce0eba9888,1179.60,45.48,4.813623539,54000,54000
e49a77475628405cdee19941155fc1ce0eba9888,1183.96,45.65,4.821759849,54000,54000
e49a77475628405cdee19941155fc1ce0eba9888,1159.92,44.56,4.733221983,54000,54000
e49a77475628405cdee19941155fc1ce0eba9888,1218.40,47.01,4.985000562,54000,54000
e49a77475628405cdee19941155fc1ce0eba9888,1185.77,45.75,4.838367310,54000,54000
e49a77475628405cdee19941155fc1ce0eba9888,1180.54,45.38,4.821038604,54000,54000
e49a77475628405cdee19941155fc1ce0eba9888,1186.58,45.76,4.831316107,54000,54000
e49a77475628405cdee19941155fc1ce0eba9888,1197.48,46.07,4.891337452,54000,54000
e49a77475628405cdee19941155fc1ce0eba9888,1179.57,45.37,4.821279251,55000,55000
e49a77475628405cdee19941155fc1ce0eba9888,1194.85,45.87,4.886697523,54000,54000
e49a77475628405cdee19941155fc1ce0eba9888,1165.66,44.85,4.770566208,54000,54000
e49a77475628405cdee19941155fc1ce0eba9888,1201.53,46.18,4.914499276,54000,54000
e49a77475628405cdee19941155fc1ce0eba9888,1193.25,45.97,4.868171237,54000,55000
e49a77475628405cdee19941155fc1ce0eba9888,1201.15,46.20,4.909643443,54000,54000
e49a77475628405cdee19941155fc1ce0eba9888,1183.93,45.55,4.836405615,54000,54000
e49a77475628405cdee19941155fc1ce0eba9888,1176.22,45.27,4.805421002,54000,54000
e49a77475628405cdee19941155fc1ce0eba9888,1178.76,45.24,4.814616367,54000,54000
e49a77475628405cdee19941155fc1ce0eba9888,1183.46,45.63,4.833533538,54000,54000
e49a77475628405cdee19941155fc1ce0eba9888,1187.57,45.71,4.831438901,55000,54000
e49a77475628405cdee19941155fc1ce0eba9888,1192.26,45.93,4.863735573,54000,54000
e49a77475628405cdee19941155fc1ce0eba9888,1214.37,46.82,4.953958556,54000,55000
e49a77475628405cdee19941155fc1ce0eba9888,1183.05,45.54,4.818606531,54000,54000
e49a77475628405cdee19941155fc1ce0eba9888,1177.81,45.52,4.790835252,54000,54000
963e520c3d472223bf1a3126236eb8beeada4962,1178.17,45.38,4.835088756,54000,53000
963e520c3d472223bf1a3126236eb8beeada4962,1181.12,45.68,4.835235577,53000,54000
963e520c3d472223bf1a3126236eb8beeada4962,1168.91,45.06,4.770422648,54000,54000
963e520c3d472223bf1a3126236eb8beeada4962,1204.28,46.38,4.910959561,54000,54000
963e520c3d472223bf1a3126236eb8beeada4962,1167.06,44.92,4.748440610,55000,55000
963e520c3d472223bf1a3126236eb8beeada4962,1210.94,46.49,4.945121951,54000,55000
963e520c3d472223bf1a3126236eb8beeada4962,1185.67,45.74,4.824017949,54000,55000
963e520c3d472223bf1a3126236eb8beeada4962,1183.39,45.65,4.816423967,56000,56000
963e520c3d472223bf1a3126236eb8beeada4962,1186.83,45.65,4.827254284,55000,55000
963e520c3d472223bf1a3126236eb8beeada4962,1185.33,45.68,4.833838034,55000,54000
963e520c3d472223bf1a3126236eb8beeada4962,1194.00,46.03,4.877140445,54000,54000
963e520c3d472223bf1a3126236eb8beeada4962,1197.81,46.22,4.878959502,54000,54000
963e520c3d472223bf1a3126236eb8beeada4962,1188.03,45.83,4.859339702,55000,54000
963e520c3d472223bf1a3126236eb8beeada4962,1191.73,45.84,4.873025947,54000,54000
963e520c3d472223bf1a3126236eb8beeada4962,1190.11,45.92,4.853682835,54000,54000
963e520c3d472223bf1a3126236eb8beeada4962,1213.94,46.59,4.961658461,54000,53000
963e520c3d472223bf1a3126236eb8beeada4962,1194.61,45.81,4.889541967,54000,54000
963e520c3d472223bf1a3126236eb8beeada4962,1176.22,45.40,4.797572398,54000,55000
963e520c3d472223bf1a3126236eb8beeada4962,1194.56,45.93,4.888533722,54000,54000
963e520c3d472223bf1a3126236eb8beeada4962,1163.14,44.74,4.753719678,54000,54000
963e520c3d472223bf1a3126236eb8beeada4962,1178.49,45.47,4.806203978,54000,54000
963e520c3d472223bf1a3126236eb8beeada4962,1174.81,45.33,4.786907497,54000,54000
963e520c3d472223bf1a3126236eb8beeada4962,1178.49,45.41,4.805059973,54000,54000
963e520c3d472223bf1a3126236eb8beeada4962,1193.33,45.94,4.876899740,54000,54000
963e520c3d472223bf1a3126236eb8beeada4962,1188.23,45.83,4.848167353,54000,55000
963e520c3d472223bf1a3126236eb8beeada4962,1197.57,46.32,4.894653359,54000,55000
963e520c3d472223bf1a3126236eb8beeada4962,1204.37,46.55,4.903219113,54000,54000
963e520c3d472223bf1a3126236eb8beeada4962,1212.02,46.55,4.953370604,54000,54000
963e520c3d472223bf1a3126236eb8beeada4962,1209.12,46.41,4.937040120,55000,54000
963e520c3d472223bf1a3126236eb8beeada4962,1173.61,45.10,4.793027248,54000,54000
e780411c2adf319fb64f002a1b301af7124c9469,1179.76,45.33,4.806287189,54000,55000
e780411c2adf319fb64f002a1b301af7124c9469,1193.36,46.05,4.862647761,55000,54000
e780411c2adf319fb64f002a1b301af7124c9469,1171.15,45.15,4.784864146,54000,54000
e780411c2adf319fb64f002a1b301af7124c9469,1205.39,46.40,4.925289425,54000,54000
e780411c2adf319fb64f002a1b301af7124c9469,1178.03,45.56,4.809061071,54000,54000
e780411c2adf319fb64f002a1b301af7124c9469,1196.95,46.28,4.882307407,54000,54000
e780411c2adf319fb64f002a1b301af7124c9469,1172.00,45.31,4.783047828,54000,54000
e780411c2adf319fb64f002a1b301af7124c9469,1182.00,45.51,4.820031282,54000,54000
e780411c2adf319fb64f002a1b301af7124c9469,1203.79,46.27,4.923703747,54000,54000
e780411c2adf319fb64f002a1b301af7124c9469,1180.72,45.42,4.809970541,54000,54000
e780411c2adf319fb64f002a1b301af7124c9469,1185.70,45.72,4.841139813,53000,54000
e780411c2adf319fb64f002a1b301af7124c9469,1183.48,45.54,4.828502956,54000,54000
e780411c2adf319fb64f002a1b301af7124c9469,1174.31,45.03,4.806708803,54000,54000
e780411c2adf319fb64f002a1b301af7124c9469,1184.56,45.41,4.843198799,54000,54000
e780411c2adf319fb64f002a1b301af7124c9469,1196.33,45.97,4.885179416,54000,54000
e780411c2adf319fb64f002a1b301af7124c9469,1164.57,44.78,4.747459083,54000,54000
e780411c2adf319fb64f002a1b301af7124c9469,1193.55,46.15,4.864553204,54000,54000
e780411c2adf319fb64f002a1b301af7124c9469,1180.11,45.53,4.819047243,54000,54000
e780411c2adf319fb64f002a1b301af7124c9469,1190.85,45.89,4.855974484,54000,54000
e780411c2adf319fb64f002a1b301af7124c9469,1222.32,47.08,4.993957111,54000,54000
e780411c2adf319fb64f002a1b301af7124c9469,1168.17,44.93,4.769809390,54000,54000
e780411c2adf319fb64f002a1b301af7124c9469,1176.12,45.27,4.791847622,55000,54000
e780411c2adf319fb64f002a1b301af7124c9469,1196.12,46.10,4.890249229,54000,55000
e780411c2adf319fb64f002a1b301af7124c9469,1206.87,46.49,4.929996457,54000,54000
e780411c2adf319fb64f002a1b301af7124c9469,1190.92,45.69,4.870538341,54000,53000
e780411c2adf319fb64f002a1b301af7124c9469,1184.22,45.53,4.827397092,54000,54000
e780411c2adf319fb64f002a1b301af7124c9469,1174.80,45.17,4.801577865,54000,54000
e780411c2adf319fb64f002a1b301af7124c9469,1192.30,45.92,4.865070968,54000,55000
e780411c2adf319fb64f002a1b301af7124c9469,1175.38,45.34,4.800135505,54000,54000
e780411c2adf319fb64f002a1b301af7124c9469,1184.48,45.55,4.826652406,54000,54000
f10cc5622be29b643baf311f57cfa68d958f67a4,1534.27,59.78,6.247703244,54000,53000
f10cc5622be29b643baf311f57cfa68d958f67a4,1540.59,60.07,6.225326039,54000,54000
f10cc5622be29b643baf311f57cfa68d958f67a4,1535.57,59.56,6.223203714,56000,55000
f10cc5622be29b643baf311f57cfa68d958f67a4,1564.73,60.74,6.341212775,55000,55000
f10cc5622be29b643baf311f57cfa68d958f67a4,1576.47,61.37,6.383114458,54000,54000
f10cc5622be29b643baf311f57cfa68d958f67a4,1544.39,60.01,6.262680306,54000,54000
f10cc5622be29b643baf311f57cfa68d958f67a4,1576.90,61.22,6.393316884,54000,54000
f10cc5622be29b643baf311f57cfa68d958f67a4,1559.02,60.50,6.326439676,54000,54000
f10cc5622be29b643baf311f57cfa68d958f67a4,1549.77,60.19,6.271367920,54000,54000
f10cc5622be29b643baf311f57cfa68d958f67a4,1533.16,59.51,6.217275145,54000,54000
f10cc5622be29b643baf311f57cfa68d958f67a4,1549.63,60.26,6.279003372,54000,54000
f10cc5622be29b643baf311f57cfa68d958f67a4,1553.57,60.47,6.290960951,54000,54000
f10cc5622be29b643baf311f57cfa68d958f67a4,1559.76,60.35,6.331573257,54000,54000
f10cc5622be29b643baf311f57cfa68d958f67a4,1522.41,58.92,6.180692914,53000,54000
f10cc5622be29b643baf311f57cfa68d958f67a4,1578.57,60.99,6.410950767,55000,55000
f10cc5622be29b643baf311f57cfa68d958f67a4,1527.85,59.15,6.187844766,54000,54000
f10cc5622be29b643baf311f57cfa68d958f67a4,1527.35,59.31,6.188621868,54000,54000
f10cc5622be29b643baf311f57cfa68d958f67a4,1575.51,61.03,6.388248100,54000,55000
f10cc5622be29b643baf311f57cfa68d958f67a4,1557.72,60.52,6.327076694,54000,54000
f10cc5622be29b643baf311f57cfa68d958f67a4,1564.09,60.82,6.328672013,54000,54000
f10cc5622be29b643baf311f57cfa68d958f67a4,1545.21,60.09,6.264509211,54000,54000
f10cc5622be29b643baf311f57cfa68d958f67a4,1520.57,59.11,6.170904133,54000,54000
f10cc5622be29b643baf311f57cfa68d958f67a4,1545.22,60.11,6.270214748,54000,54000
f10cc5622be29b643baf311f57cfa68d958f67a4,1546.36,60.12,6.275543860,54000,54000
f10cc5622be29b643baf311f57cfa68d958f67a4,1543.62,59.83,6.254836372,54000,55000
f10cc5622be29b643baf311f57cfa68d958f67a4,1545.88,59.97,6.271376157,55000,54000
f10cc5622be29b643baf311f57cfa68d958f67a4,1575.89,60.80,6.397360562,54000,54000
f10cc5622be29b643baf311f57cfa68d958f67a4,1529.46,59.50,6.198573049,54000,55000
f10cc5622be29b643baf311f57cfa68d958f67a4,1543.90,60.02,6.260545501,54000,54000
f10cc5622be29b643baf311f57cfa68d958f67a4,1516.02,58.94,6.147869107,54000,54000
36e6b4b09f48c07b0c941a4df4bcf3e90e14e67a,1568.09,61.10,6.356873101,54000,54000
36e6b4b09f48c07b0c941a4df4bcf3e90e14e67a,1532.32,59.38,6.200437454,54000,54000
36e6b4b09f48c07b0c941a4df4bcf3e90e14e67a,1559.58,60.43,6.307489509,55000,55000
36e6b4b09f48c07b0c941a4df4bcf3e90e14e67a,1549.54,60.28,6.272659525,55000,54000
36e6b4b09f48c07b0c941a4df4bcf3e90e14e67a,1578.17,61.37,6.412547088,54000,55000
36e6b4b09f48c07b0c941a4df4bcf3e90e14e67a,1581.13,61.33,6.422587997,54000,54000
36e6b4b09f48c07b0c941a4df4bcf3e90e14e67a,1562.69,60.75,6.328929888,54000,54000
36e6b4b09f48c07b0c941a4df4bcf3e90e14e67a,1530.03,59.62,6.205790302,54000,54000
36e6b4b09f48c07b0c941a4df4bcf3e90e14e67a,1554.11,60.19,6.300809201,54000,54000
36e6b4b09f48c07b0c941a4df4bcf3e90e14e67a,1527.50,59.05,6.212517156,54000,54000
36e6b4b09f48c07b0c941a4df4bcf3e90e14e67a,1578.61,61.26,6.410434636,53000,54000
36e6b4b09f48c07b0c941a4df4bcf3e90e14e67a,1544.75,59.92,6.274796370,54000,54000
36e6b4b09f48c07b0c941a4df4bcf3e90e14e67a,1533.97,59.51,6.230270039,53000,54000
36e6b4b09f48c07b0c941a4df4bcf3e90e14e67a,1568.90,60.90,6.362669725,54000,54000
36e6b4b09f48c07b0c941a4df4bcf3e90e14e67a,1558.75,60.54,6.320479965,54000,54000
36e6b4b09f48c07b0c941a4df4bcf3e90e14e67a,1519.88,59.01,6.156601440,54000,54000
36e6b4b09f48c07b0c941a4df4bcf3e90e14e67a,1555.36,60.41,6.313168099,55000,55000
36e6b4b09f48c07b0c941a4df4bcf3e90e14e67a,1549.46,60.08,6.291811459,54000,54000
36e6b4b09f48c07b0c941a4df4bcf3e90e14e67a,1534.47,59.59,6.209489505,54000,54000
36e6b4b09f48c07b0c941a4df4bcf3e90e14e67a,1532.83,59.60,6.214750960,54000,54000
36e6b4b09f48c07b0c941a4df4bcf3e90e14e67a,1565.31,60.64,6.345368553,54000,54000
36e6b4b09f48c07b0c941a4df4bcf3e90e14e67a,1560.24,60.44,6.318607655,54000,54000
36e6b4b09f48c07b0c941a4df4bcf3e90e14e67a,1554.62,60.37,6.295030771,54000,54000
36e6b4b09f48c07b0c941a4df4bcf3e90e14e67a,1555.05,60.36,6.298911502,54000,54000
36e6b4b09f48c07b0c941a4df4bcf3e90e14e67a,1576.67,61.21,6.386829946,54000,54000
36e6b4b09f48c07b0c941a4df4bcf3e90e14e67a,1559.66,60.35,6.336761919,54000,54000
36e6b4b09f48c07b0c941a4df4bcf3e90e14e67a,1557.72,60.45,6.320227731,54000,54000
36e6b4b09f48c07b0c941a4df4bcf3e90e14e67a,1546.68,60.10,6.266506820,54000,54000
36e6b4b09f48c07b0c941a4df4bcf3e90e14e67a,1544.80,60.13,6.257148999,54000,54000
36e6b4b09f48c07b0c941a4df4bcf3e90e14e67a,1570.18,60.82,6.358986003,54000,54000
9f5acc8dcc4de9b88e02c08dd9eede4ab38cb1a0,1541.40,59.84,6.234418506,55000,55000
9f5acc8dcc4de9b88e02c08dd9eede4ab38cb1a0,1549.04,60.14,6.282152140,54000,54000
9f5acc8dcc4de9b88e02c08dd9eede4ab38cb1a0,1534.64,59.40,6.228178093,56000,55000
9f5acc8dcc4de9b88e02c08dd9eede4ab38cb1a0,1546.40,59.87,6.276633349,55000,54000
9f5acc8dcc4de9b88e02c08dd9eede4ab38cb1a0,1550.07,60.02,6.275454074,54000,54000
9f5acc8dcc4de9b88e02c08dd9eede4ab38cb1a0,1538.51,59.87,6.241461200,54000,54000
9f5acc8dcc4de9b88e02c08dd9eede4ab38cb1a0,1542.04,59.90,6.253196622,54000,54000
9f5acc8dcc4de9b88e02c08dd9eede4ab38cb1a0,1548.76,60.20,6.274969587,54000,54000
9f5acc8dcc4de9b88e02c08dd9eede4ab38cb1a0,1579.73,61.28,6.415043967,54000,55000
9f5acc8dcc4de9b88e02c08dd9eede4ab38cb1a0,1548.58,59.90,6.283182002,54000,55000
9f5acc8dcc4de9b88e02c08dd9eede4ab38cb1a0,1566.39,60.72,6.352025602,54000,54000
9f5acc8dcc4de9b88e02c08dd9eede4ab38cb1a0,1546.83,59.80,6.277665300,54000,54000
9f5acc8dcc4de9b88e02c08dd9eede4ab38cb1a0,1553.07,60.10,6.292858992,54000,54000
9f5acc8dcc4de9b88e02c08dd9eede4ab38cb1a0,1558.08,60.42,6.337566156,54000,54000
9f5acc8dcc4de9b88e02c08dd9eede4ab38cb1a0,1559.94,60.30,6.339828227,55000,54000
9f5acc8dcc4de9b88e02c08dd9eede4ab38cb1a0,1548.02,60.06,6.280352667,54000,54000
9f5acc8dcc4de9b88e02c08dd9eede4ab38cb1a0,1543.50,59.80,6.258488860,54000,54000
9f5acc8dcc4de9b88e02c08dd9eede4ab38cb1a0,1525.61,59.11,6.178549692,53000,54000
9f5acc8dcc4de9b88e02c08dd9eede4ab38cb1a0,1538.94,59.81,6.245276431,54000,54000
9f5acc8dcc4de9b88e02c08dd9eede4ab38cb1a0,1558.41,60.38,6.325206819,54000,54000
9f5acc8dcc4de9b88e02c08dd9eede4ab38cb1a0,1554.90,60.36,6.308512056,54000,54000
9f5acc8dcc4de9b88e02c08dd9eede4ab38cb1a0,1576.26,61.00,6.379128025,54000,55000
9f5acc8dcc4de9b88e02c08dd9eede4ab38cb1a0,1576.54,61.14,6.395413056,54000,54000
9f5acc8dcc4de9b88e02c08dd9eede4ab38cb1a0,1550.14,60.27,6.278395288,54000,55000
9f5acc8dcc4de9b88e02c08dd9eede4ab38cb1a0,1539.54,59.57,6.238143696,54000,55000
9f5acc8dcc4de9b88e02c08dd9eede4ab38cb1a0,1578.15,61.57,6.390727270,54000,54000
9f5acc8dcc4de9b88e02c08dd9eede4ab38cb1a0,1553.86,60.55,6.295483396,54000,54000
9f5acc8dcc4de9b88e02c08dd9eede4ab38cb1a0,1547.54,59.93,6.278078236,54000,55000
9f5acc8dcc4de9b88e02c08dd9eede4ab38cb1a0,1556.79,60.47,6.305751745,54000,56000
9f5acc8dcc4de9b88e02c08dd9eede4ab38cb1a0,1569.76,60.93,6.377276185,54000,54000
9e15ade065d2058255e75c4680cb49b72872c812,1554.17,60.20,6.290569491,54000,54000
9e15ade065d2058255e75c4680cb49b72872c812,1579.34,61.04,6.411580773,54000,54000
9e15ade065d2058255e75c4680cb49b72872c812,1541.47,59.91,6.231622031,54000,55000
9e15ade065d2058255e75c4680cb49b72872c812,1558.22,60.39,6.322001097,56000,55000
9e15ade065d2058255e75c4680cb49b72872c812,1580.06,61.25,6.429240920,56000,55000
9e15ade065d2058255e75c4680cb49b72872c812,1527.99,59.37,6.182650455,54000,55000
9e15ade065d2058255e75c4680cb49b72872c812,1538.67,59.74,6.240678582,54000,54000
9e15ade065d2058255e75c4680cb49b72872c812,1572.37,60.83,6.387077071,55000,55000
9e15ade065d2058255e75c4680cb49b72872c812,1592.10,61.95,6.459002825,54000,54000
9e15ade065d2058255e75c4680cb49b72872c812,1557.36,60.41,6.316967507,54000,54000
9e15ade065d2058255e75c4680cb49b72872c812,1522.76,58.98,6.186952174,54000,54000
9e15ade065d2058255e75c4680cb49b72872c812,1557.46,60.48,6.324285284,54000,54000
9e15ade065d2058255e75c4680cb49b72872c812,1557.57,60.28,6.314924044,54000,55000
9e15ade065d2058255e75c4680cb49b72872c812,1563.31,60.65,6.340188065,54000,54000
9e15ade065d2058255e75c4680cb49b72872c812,1560.65,60.35,6.341484961,54000,54000
9e15ade065d2058255e75c4680cb49b72872c812,1528.81,59.31,6.201747115,54000,54000
9e15ade065d2058255e75c4680cb49b72872c812,1534.13,59.66,6.221303656,54000,54000
9e15ade065d2058255e75c4680cb49b72872c812,1535.62,59.64,6.227837058,54000,54000
9e15ade065d2058255e75c4680cb49b72872c812,1544.30,59.79,6.256868446,54000,55000
9e15ade065d2058255e75c4680cb49b72872c812,1564.93,60.71,6.343462844,54000,54000
9e15ade065d2058255e75c4680cb49b72872c812,1540.53,59.75,6.238024621,54000,54000
9e15ade065d2058255e75c4680cb49b72872c812,1575.27,61.22,6.389307227,54000,54000
9e15ade065d2058255e75c4680cb49b72872c812,1563.52,60.75,6.337634490,54000,55000
9e15ade065d2058255e75c4680cb49b72872c812,1552.71,60.43,6.300486808,54000,54000
9e15ade065d2058255e75c4680cb49b72872c812,1547.24,60.18,6.269706286,54000,54000
9e15ade065d2058255e75c4680cb49b72872c812,1545.99,60.18,6.263478241,54000,54000
9e15ade065d2058255e75c4680cb49b72872c812,1543.55,59.92,6.252667919,55000,54000
9e15ade065d2058255e75c4680cb49b72872c812,1528.45,59.16,6.179298793,55000,53000
9e15ade065d2058255e75c4680cb49b72872c812,1563.70,60.60,6.333203552,54000,54000
9e15ade065d2058255e75c4680cb49b72872c812,1551.11,60.24,6.302273308,54000,54000
d8e9a7a234f155c9b5f350257775bd2ffc1571b5,1559.56,60.68,6.293662423,55000,55000
d8e9a7a234f155c9b5f350257775bd2ffc1571b5,1553.84,60.36,6.281048707,55000,54000
d8e9a7a234f155c9b5f350257775bd2ffc1571b5,1524.70,59.04,6.174166377,54000,55000
d8e9a7a234f155c9b5f350257775bd2ffc1571b5,1532.50,59.31,6.203782957,55000,55000
d8e9a7a234f155c9b5f350257775bd2ffc1571b5,1594.62,61.86,6.467994691,55000,54000
d8e9a7a234f155c9b5f350257775bd2ffc1571b5,1575.03,60.97,6.408764840,54000,54000
d8e9a7a234f155c9b5f350257775bd2ffc1571b5,1568.42,60.66,6.368207187,54000,54000
d8e9a7a234f155c9b5f350257775bd2ffc1571b5,1552.09,60.21,6.304584354,54000,54000
d8e9a7a234f155c9b5f350257775bd2ffc1571b5,1543.61,59.87,6.258438993,54000,54000
d8e9a7a234f155c9b5f350257775bd2ffc1571b5,1550.42,60.21,6.285629604,54000,54000
d8e9a7a234f155c9b5f350257775bd2ffc1571b5,1541.02,60.07,6.238871216,54000,54000
d8e9a7a234f155c9b5f350257775bd2ffc1571b5,1532.57,59.53,6.222326618,54000,54000
d8e9a7a234f155c9b5f350257775bd2ffc1571b5,1541.58,59.86,6.249685922,54000,55000
d8e9a7a234f155c9b5f350257775bd2ffc1571b5,1556.26,60.53,6.313291537,54000,54000
d8e9a7a234f155c9b5f350257775bd2ffc1571b5,1525.38,59.08,6.187744449,54000,54000
d8e9a7a234f155c9b5f350257775bd2ffc1571b5,1578.60,61.08,6.418176554,54000,53000
d8e9a7a234f155c9b5f350257775bd2ffc1571b5,1545.17,60.08,6.262718255,54000,54000
d8e9a7a234f155c9b5f350257775bd2ffc1571b5,1534.93,59.70,6.219169378,54000,54000
d8e9a7a234f155c9b5f350257775bd2ffc1571b5,1518.67,58.70,6.163059448,54000,54000
d8e9a7a234f155c9b5f350257775bd2ffc1571b5,1587.92,61.47,6.455553958,54000,54000
d8e9a7a234f155c9b5f350257775bd2ffc1571b5,1553.45,60.66,6.284509285,54000,54000
d8e9a7a234f155c9b5f350257775bd2ffc1571b5,1569.99,60.69,6.371915863,54000,54000
d8e9a7a234f155c9b5f350257775bd2ffc1571b5,1521.16,58.73,6.178659112,54000,54000
d8e9a7a234f155c9b5f350257775bd2ffc1571b5,1557.17,60.50,6.302344692,54000,54000
d8e9a7a234f155c9b5f350257775bd2ffc1571b5,1545.76,59.84,6.266284164,54000,54000
d8e9a7a234f155c9b5f350257775bd2ffc1571b5,1530.57,59.58,6.201599053,54000,54000
d8e9a7a234f155c9b5f350257775bd2ffc1571b5,1504.94,58.35,6.096827315,54000,54000
d8e9a7a234f155c9b5f350257775bd2ffc1571b5,1555.83,60.47,6.300363282,54000,54000
d8e9a7a234f155c9b5f350257775bd2ffc1571b5,1557.44,60.39,6.318794648,54000,55000
d8e9a7a234f155c9b5f350257775bd2ffc1571b5,1571.62,60.97,6.385455227,55000,54000
89203b3dae6dc1377e7d63f5ce6ef89c36345ee0,1739.45,67.72,7.020629701,54000,54000
89203b3dae6dc1377e7d63f5ce6ef89c36345ee0,1745.07,67.90,7.059774547,54000,55000
89203b3dae6dc1377e7d63f5ce6ef89c36345ee0,1766.76,68.49,7.137739745,55000,55000
89203b3dae6dc1377e7d63f5ce6ef89c36345ee0,1751.97,68.15,7.102189172,55000,55000
89203b3dae6dc1377e7d63f5ce6ef89c36345ee0,1731.18,67.45,6.999100420,54000,55000
89203b3dae6dc1377e7d63f5ce6ef89c36345ee0,1738.57,67.61,7.046317273,56000,54000
89203b3dae6dc1377e7d63f5ce6ef89c36345ee0,1740.02,67.56,7.048058784,54000,54000
89203b3dae6dc1377e7d63f5ce6ef89c36345ee0,1764.43,69.15,7.128198405,54000,55000
89203b3dae6dc1377e7d63f5ce6ef89c36345ee0,1740.59,67.84,7.039982841,55000,54000
89203b3dae6dc1377e7d63f5ce6ef89c36345ee0,1749.50,68.09,7.089613238,54000,54000
89203b3dae6dc1377e7d63f5ce6ef89c36345ee0,1759.14,68.78,7.114759807,54000,54000
89203b3dae6dc1377e7d63f5ce6ef89c36345ee0,1746.17,67.57,7.089995799,54000,54000
89203b3dae6dc1377e7d63f5ce6ef89c36345ee0,1747.43,68.30,7.068913424,54000,54000
89203b3dae6dc1377e7d63f5ce6ef89c36345ee0,1725.90,67.14,6.979825480,55000,54000
89203b3dae6dc1377e7d63f5ce6ef89c36345ee0,1725.60,67.15,6.988199199,54000,54000
89203b3dae6dc1377e7d63f5ce6ef89c36345ee0,1746.51,68.01,7.078725397,54000,55000
89203b3dae6dc1377e7d63f5ce6ef89c36345ee0,1755.63,68.26,7.120118912,54000,54000
89203b3dae6dc1377e7d63f5ce6ef89c36345ee0,1728.68,66.92,7.005383949,54000,54000
89203b3dae6dc1377e7d63f5ce6ef89c36345ee0,1745.47,67.69,7.071593153,54000,54000
89203b3dae6dc1377e7d63f5ce6ef89c36345ee0,1754.83,68.61,7.086754006,54000,55000
89203b3dae6dc1377e7d63f5ce6ef89c36345ee0,1759.93,68.55,7.124327593,54000,54000
89203b3dae6dc1377e7d63f5ce6ef89c36345ee0,1753.36,68.04,7.116894904,54000,54000
89203b3dae6dc1377e7d63f5ce6ef89c36345ee0,1768.39,68.95,7.158143024,54000,54000
89203b3dae6dc1377e7d63f5ce6ef89c36345ee0,1763.54,68.70,7.153342867,54000,54000
89203b3dae6dc1377e7d63f5ce6ef89c36345ee0,1755.41,68.45,7.103972627,54000,54000
89203b3dae6dc1377e7d63f5ce6ef89c36345ee0,1769.45,69.01,7.177727406,54000,54000
89203b3dae6dc1377e7d63f5ce6ef89c36345ee0,1751.58,68.03,7.096928007,54000,54000
89203b3dae6dc1377e7d63f5ce6ef89c36345ee0,1766.34,68.99,7.153258921,55000,54000
89203b3dae6dc1377e7d63f5ce6ef89c36345ee0,1750.76,68.10,7.083809793,54000,55000
89203b3dae6dc1377e7d63f5ce6ef89c36345ee0,1745.40,67.82,7.070722185,54000,54000
021bd6b995a19f816fddda80df54278c5cd94cfe,1713.25,66.69,6.917697861,55000,54000
021bd6b995a19f816fddda80df54278c5cd94cfe,1726.88,67.33,6.981036696,54000,55000
021bd6b995a19f816fddda80df54278c5cd94cfe,1719.29,67.26,6.916442750,54000,55000
021bd6b995a19f816fddda80df54278c5cd94cfe,1715.46,66.84,6.940901518,54000,56000
021bd6b995a19f816fddda80df54278c5cd94cfe,1723.88,67.36,6.958426482,54000,55000
021bd6b995a19f816fddda80df54278c5cd94cfe,1721.71,66.99,6.955134245,55000,56000
021bd6b995a19f816fddda80df54278c5cd94cfe,1736.69,67.82,7.029878834,55000,55000
021bd6b995a19f816fddda80df54278c5cd94cfe,1706.73,66.72,6.911326775,54000,54000
021bd6b995a19f816fddda80df54278c5cd94cfe,1720.78,66.97,6.963035516,54000,54000
021bd6b995a19f816fddda80df54278c5cd94cfe,1693.07,65.89,6.881283503,55000,55000
021bd6b995a19f816fddda80df54278c5cd94cfe,1736.67,67.87,7.032037047,54000,54000
021bd6b995a19f816fddda80df54278c5cd94cfe,1731.51,67.41,7.011845864,54000,54000
021bd6b995a19f816fddda80df54278c5cd94cfe,1713.83,67.05,6.914209490,54000,54000
021bd6b995a19f816fddda80df54278c5cd94cfe,1726.79,67.13,6.994993046,54000,54000
021bd6b995a19f816fddda80df54278c5cd94cfe,1698.46,66.32,6.881511927,54000,54000
021bd6b995a19f816fddda80df54278c5cd94cfe,1724.43,67.47,6.985577975,54000,54000
021bd6b995a19f816fddda80df54278c5cd94cfe,1729.82,67.13,7.014138974,54000,54000
021bd6b995a19f816fddda80df54278c5cd94cfe,1713.46,66.73,6.937153623,54000,54000
021bd6b995a19f816fddda80df54278c5cd94cfe,1719.76,67.47,6.943925131,54000,54000
021bd6b995a19f816fddda80df54278c5cd94cfe,1721.93,67.03,6.951927355,54000,55000
021bd6b995a19f816fddda80df54278c5cd94cfe,1696.04,66.34,6.863597589,54000,55000
021bd6b995a19f816fddda80df54278c5cd94cfe,1724.75,67.35,6.988808686,54000,54000
021bd6b995a19f816fddda80df54278c5cd94cfe,1731.43,67.58,6.994596972,54000,54000
021bd6b995a19f816fddda80df54278c5cd94cfe,1711.12,66.83,6.923793404,54000,54000
021bd6b995a19f816fddda80df54278c5cd94cfe,1750.21,68.53,7.088975212,54000,54000
021bd6b995a19f816fddda80df54278c5cd94cfe,1723.25,67.34,6.970975663,53000,54000
021bd6b995a19f816fddda80df54278c5cd94cfe,1731.30,67.65,7.004850402,54000,55000
021bd6b995a19f816fddda80df54278c5cd94cfe,1715.59,66.87,6.935950628,54000,55000
021bd6b995a19f816fddda80df54278c5cd94cfe,1722.64,66.99,6.986978738,54000,54000
021bd6b995a19f816fddda80df54278c5cd94cfe,1725.68,67.36,6.976299974,54000,54000
1bb8b3bd33c75a38a34877ca4cf8ce916a9dd1b4,1701.87,65.99,6.883033064,55000,55000
1bb8b3bd33c75a38a34877ca4cf8ce916a9dd1b4,1715.25,66.94,6.939217743,55000,55000
1bb8b3bd33c75a38a34877ca4cf8ce916a9dd1b4,1719.53,67.10,6.968009036,54000,54000
1bb8b3bd33c75a38a34877ca4cf8ce916a9dd1b4,1718.48,67.20,6.947262388,54000,54000
1bb8b3bd33c75a38a34877ca4cf8ce916a9dd1b4,1756.01,68.74,7.112968352,54000,54000
1bb8b3bd33c75a38a34877ca4cf8ce916a9dd1b4,1732.90,67.64,6.997526368,54000,55000
1bb8b3bd33c75a38a34877ca4cf8ce916a9dd1b4,1713.64,66.87,6.927255402,54000,54000
1bb8b3bd33c75a38a34877ca4cf8ce916a9dd1b4,1713.64,66.91,6.947843874,54000,54000
1bb8b3bd33c75a38a34877ca4cf8ce916a9dd1b4,1731.84,67.67,7.015250282,54000,54000
1bb8b3bd33c75a38a34877ca4cf8ce916a9dd1b4,1712.06,66.68,6.924948208,54000,53000
1bb8b3bd33c75a38a34877ca4cf8ce916a9dd1b4,1708.92,66.56,6.927189213,54000,54000
1bb8b3bd33c75a38a34877ca4cf8ce916a9dd1b4,1721.25,66.99,6.960236987,54000,54000
1bb8b3bd33c75a38a34877ca4cf8ce916a9dd1b4,1728.55,67.11,7.011655515,54000,54000
1bb8b3bd33c75a38a34877ca4cf8ce916a9dd1b4,1727.31,67.41,6.994969275,54000,54000
1bb8b3bd33c75a38a34877ca4cf8ce916a9dd1b4,1692.94,65.89,6.860118676,54000,54000
1bb8b3bd33c75a38a34877ca4cf8ce916a9dd1b4,1732.56,67.52,7.029363482,54000,54000
1bb8b3bd33c75a38a34877ca4cf8ce916a9dd1b4,1749.14,68.21,7.085172492,54000,54000
1bb8b3bd33c75a38a34877ca4cf8ce916a9dd1b4,1703.49,66.54,6.879409443,54000,54000
1bb8b3bd33c75a38a34877ca4cf8ce916a9dd1b4,1725.98,67.43,6.972429744,53000,54000
1bb8b3bd33c75a38a34877ca4cf8ce916a9dd1b4,1727.90,67.68,6.994896182,54000,54000
1bb8b3bd33c75a38a34877ca4cf8ce916a9dd1b4,1715.73,66.85,6.942636440,54000,54000
1bb8b3bd33c75a38a34877ca4cf8ce916a9dd1b4,1720.99,67.06,6.963767575,54000,54000
1bb8b3bd33c75a38a34877ca4cf8ce916a9dd1b4,1719.97,67.15,6.952166300,54000,54000
1bb8b3bd33c75a38a34877ca4cf8ce916a9dd1b4,1723.41,67.63,6.944270467,55000,55000
1bb8b3bd33c75a38a34877ca4cf8ce916a9dd1b4,1721.01,67.16,6.974884650,54000,54000
1bb8b3bd33c75a38a34877ca4cf8ce916a9dd1b4,1738.17,67.72,7.041869864,54000,55000
1bb8b3bd33c75a38a34877ca4cf8ce916a9dd1b4,1716.69,66.98,6.943417588,54000,55000
1bb8b3bd33c75a38a34877ca4cf8ce916a9dd1b4,1713.48,66.76,6.925960729,55000,54000
1bb8b3bd33c75a38a34877ca4cf8ce916a9dd1b4,1714.44,66.71,6.957891916,54000,55000
1bb8b3bd33c75a38a34877ca4cf8ce916a9dd1b4,1712.02,66.80,6.925366367,54000,55000
e0e86c59e5d8bafec11ce2228444df45ce5632ec,1730.64,67.25,6.996888412,54000,54000
e0e86c59e5d8bafec11ce2228444df45ce5632ec,1709.42,66.71,6.905154745,55000,54000
e0e86c59e5d8bafec11ce2228444df45ce5632ec,1724.45,67.08,6.971470128,54000,55000
e0e86c59e5d8bafec11ce2228444df45ce5632ec,1722.65,67.29,6.963083834,55000,55000
e0e86c59e5d8bafec11ce2228444df45ce5632ec,1735.29,67.79,7.007079640,55000,55000
e0e86c59e5d8bafec11ce2228444df45ce5632ec,1708.10,66.91,6.897369374,54000,56000
e0e86c59e5d8bafec11ce2228444df45ce5632ec,1715.13,66.78,6.959392217,55000,56000
e0e86c59e5d8bafec11ce2228444df45ce5632ec,1723.82,67.23,6.981768236,54000,54000
e0e86c59e5d8bafec11ce2228444df45ce5632ec,1711.09,66.82,6.899709059,54000,54000
e0e86c59e5d8bafec11ce2228444df45ce5632ec,1693.14,65.85,6.867462661,54000,54000
e0e86c59e5d8bafec11ce2228444df45ce5632ec,1722.77,67.09,6.975848373,53000,54000
e0e86c59e5d8bafec11ce2228444df45ce5632ec,1690.51,66.08,6.846733076,54000,55000
e0e86c59e5d8bafec11ce2228444df45ce5632ec,1711.90,66.70,6.934621651,54000,55000
e0e86c59e5d8bafec11ce2228444df45ce5632ec,1740.20,67.99,7.032864076,54000,55000
e0e86c59e5d8bafec11ce2228444df45ce5632ec,1749.79,68.28,7.092477779,54000,54000
e0e86c59e5d8bafec11ce2228444df45ce5632ec,1749.04,68.15,7.069778288,54000,55000
e0e86c59e5d8bafec11ce2228444df45ce5632ec,1757.86,68.86,7.114422167,54000,54000
e0e86c59e5d8bafec11ce2228444df45ce5632ec,1702.16,66.31,6.880492414,54000,54000
e0e86c59e5d8bafec11ce2228444df45ce5632ec,1710.96,66.81,6.917330572,54000,54000
e0e86c59e5d8bafec11ce2228444df45ce5632ec,1741.85,68.31,7.037706990,54000,54000
e0e86c59e5d8bafec11ce2228444df45ce5632ec,1725.77,67.57,6.975096624,54000,54000
e0e86c59e5d8bafec11ce2228444df45ce5632ec,1710.81,66.47,6.947013736,55000,55000
e0e86c59e5d8bafec11ce2228444df45ce5632ec,1708.97,66.36,6.907642635,55000,54000
e0e86c59e5d8bafec11ce2228444df45ce5632ec,1732.90,67.72,7.001044496,54000,54000
e0e86c59e5d8bafec11ce2228444df45ce5632ec,1714.69,66.79,6.930892763,54000,55000
e0e86c59e5d8bafec11ce2228444df45ce5632ec,1755.55,68.45,7.104453423,54000,54000
e0e86c59e5d8bafec11ce2228444df45ce5632ec,1738.82,67.57,7.045751734,54000,54000
e0e86c59e5d8bafec11ce2228444df45ce5632ec,1708.04,66.82,6.898015398,54000,54000
e0e86c59e5d8bafec11ce2228444df45ce5632ec,1706.69,66.61,6.915249237,54000,54000
e0e86c59e5d8bafec11ce2228444df45ce5632ec,1692.39,65.91,6.841012383,55000,55000
d0cb0a840fe1df7d7253e63a55056786116840b2,1708.90,66.64,6.928679205,54000,54000
d0cb0a840fe1df7d7253e63a55056786116840b2,1728.62,67.27,6.983393484,55000,54000
d0cb0a840fe1df7d7253e63a55056786116840b2,1725.88,67.56,6.980987292,54000,54000
d0cb0a840fe1df7d7253e63a55056786116840b2,1734.08,67.68,7.020411356,54000,54000
d0cb0a840fe1df7d7253e63a55056786116840b2,1753.60,68.41,7.117001509,54000,55000
d0cb0a840fe1df7d7253e63a55056786116840b2,1707.07,66.60,6.911778817,54000,54000
d0cb0a840fe1df7d7253e63a55056786116840b2,1696.92,66.29,6.872626111,54000,54000
d0cb0a840fe1df7d7253e63a55056786116840b2,1703.60,66.65,6.878381187,54000,54000
d0cb0a840fe1df7d7253e63a55056786116840b2,1704.51,66.64,6.887633914,54000,54000
d0cb0a840fe1df7d7253e63a55056786116840b2,1726.11,67.34,6.982784369,54000,54000
d0cb0a840fe1df7d7253e63a55056786116840b2,1700.27,66.28,6.878324470,54000,54000
d0cb0a840fe1df7d7253e63a55056786116840b2,1721.76,67.34,6.952653191,55000,55000
d0cb0a840fe1df7d7253e63a55056786116840b2,1704.85,66.34,6.909837794,54000,55000
d0cb0a840fe1df7d7253e63a55056786116840b2,1741.95,67.73,7.045158550,53000,54000
d0cb0a840fe1df7d7253e63a55056786116840b2,1737.16,67.66,7.026148212,54000,54000
d0cb0a840fe1df7d7253e63a55056786116840b2,1745.63,67.97,7.068530503,54000,54000
d0cb0a840fe1df7d7253e63a55056786116840b2,1745.27,67.94,7.068460274,54000,54000
d0cb0a840fe1df7d7253e63a55056786116840b2,1717.31,67.01,6.951517856,54000,54000
d0cb0a840fe1df7d7253e63a55056786116840b2,1685.99,65.62,6.831755281,54000,54000
d0cb0a840fe1df7d7253e63a55056786116840b2,1738.44,67.75,7.039194603,54000,54000
d0cb0a840fe1df7d7253e63a55056786116840b2,1730.43,67.47,7.006256642,54000,54000
d0cb0a840fe1df7d7253e63a55056786116840b2,1715.36,66.80,6.963011788,54000,54000
d0cb0a840fe1df7d7253e63a55056786116840b2,1714.89,66.80,6.939299012,54000,54000
d0cb0a840fe1df7d7253e63a55056786116840b2,1722.46,67.00,6.967477751,54000,55000
d0cb0a840fe1df7d7253e63a55056786116840b2,1738.40,67.66,7.047112913,54000,54000
d0cb0a840fe1df7d7253e63a55056786116840b2,1748.41,68.11,7.068685674,54000,54000
d0cb0a840fe1df7d7253e63a55056786116840b2,1705.55,66.22,6.901032245,54000,55000
d0cb0a840fe1df7d7253e63a55056786116840b2,1726.22,67.41,6.982702286,54000,54000
d0cb0a840fe1df7d7253e63a55056786116840b2,1738.97,67.55,7.056747431,54000,54000
d0cb0a840fe1df7d7253e63a55056786116840b2,1743.19,68.14,7.054785759,54000,55000
ce4f4b4cf7bf94195a3461ca57e320d094da3a09,1725.32,67.07,7.003804710,54000,53000
ce4f4b4cf7bf94195a3461ca57e320d094da3a09,1744.44,67.97,7.034092442,54000,55000
ce4f4b4cf7bf94195a3461ca57e320d094da3a09,1709.30,66.76,6.908254288,54000,54000
ce4f4b4cf7bf94195a3461ca57e320d094da3a09,1738.13,67.92,7.010271145,55000,55000
ce4f4b4cf7bf94195a3461ca57e320d094da3a09,1722.18,66.94,6.947863210,54000,55000
ce4f4b4cf7bf94195a3461ca57e320d094da3a09,1703.18,66.15,6.888635778,54000,55000
ce4f4b4cf7bf94195a3461ca57e320d094da3a09,1731.82,67.76,6.996251870,54000,55000
ce4f4b4cf7bf94195a3461ca57e320d094da3a09,1711.42,66.55,6.939585169,55000,54000
ce4f4b4cf7bf94195a3461ca57e320d094da3a09,1735.97,67.81,7.041976539,54000,54000
ce4f4b4cf7bf94195a3461ca57e320d094da3a09,1717.39,67.00,6.953272943,54000,54000
ce4f4b4cf7bf94195a3461ca57e320d094da3a09,1705.78,66.64,6.898740474,54000,54000
ce4f4b4cf7bf94195a3461ca57e320d094da3a09,1741.33,67.84,7.057258559,54000,54000
ce4f4b4cf7bf94195a3461ca57e320d094da3a09,1712.39,67.09,6.923602000,54000,55000
ce4f4b4cf7bf94195a3461ca57e320d094da3a09,1721.70,67.24,6.954419914,54000,54000
ce4f4b4cf7bf94195a3461ca57e320d094da3a09,1718.53,67.29,6.959670959,54000,54000
ce4f4b4cf7bf94195a3461ca57e320d094da3a09,1711.98,66.58,6.941829551,54000,54000
ce4f4b4cf7bf94195a3461ca57e320d094da3a09,1718.15,67.09,6.960937075,54000,54000
ce4f4b4cf7bf94195a3461ca57e320d094da3a09,1700.73,65.98,6.879172987,54000,54000
ce4f4b4cf7bf94195a3461ca57e320d094da3a09,1740.24,67.79,7.046883906,54000,55000
ce4f4b4cf7bf94195a3461ca57e320d094da3a09,1712.68,66.79,6.940376590,54000,54000
ce4f4b4cf7bf94195a3461ca57e320d094da3a09,1716.57,67.14,6.930888921,54000,54000
ce4f4b4cf7bf94195a3461ca57e320d094da3a09,1728.19,67.27,6.998534966,55000,54000
ce4f4b4cf7bf94195a3461ca57e320d094da3a09,1722.70,67.23,6.974531620,54000,55000
ce4f4b4cf7bf94195a3461ca57e320d094da3a09,1714.92,67.12,6.928531314,54000,54000
ce4f4b4cf7bf94195a3461ca57e320d094da3a09,1743.42,67.88,7.061029696,53000,54000
ce4f4b4cf7bf94195a3461ca57e320d094da3a09,1717.38,66.64,6.944911601,54000,54000
ce4f4b4cf7bf94195a3461ca57e320d094da3a09,1726.30,67.14,6.987656818,54000,54000
ce4f4b4cf7bf94195a3461ca57e320d094da3a09,1713.17,67.14,6.915633225,54000,54000
ce4f4b4cf7bf94195a3461ca57e320d094da3a09,1726.79,67.53,6.979135446,54000,54000
ce4f4b4cf7bf94195a3461ca57e320d094da3a09,1746.50,67.93,7.074950736,55000,54000
cb9aaf1673848379e88d3de5d4fe635f7ef4d93a,1721.82,67.04,6.969641041,53000,54000
cb9aaf1673848379e88d3de5d4fe635f7ef4d93a,1717.75,66.90,6.939168521,54000,54000
cb9aaf1673848379e88d3de5d4fe635f7ef4d93a,1750.46,68.29,7.065956023,54000,55000
cb9aaf1673848379e88d3de5d4fe635f7ef4d93a,1719.33,66.96,6.942598375,54000,56000
cb9aaf1673848379e88d3de5d4fe635f7ef4d93a,1746.66,68.27,7.059830442,54000,56000
cb9aaf1673848379e88d3de5d4fe635f7ef4d93a,1731.51,67.66,6.992291726,54000,54000
cb9aaf1673848379e88d3de5d4fe635f7ef4d93a,1722.81,67.03,6.958661399,54000,55000
cb9aaf1673848379e88d3de5d4fe635f7ef4d93a,1709.37,66.86,6.912265006,54000,54000
cb9aaf1673848379e88d3de5d4fe635f7ef4d93a,1714.75,67.09,6.922534979,54000,54000
cb9aaf1673848379e88d3de5d4fe635f7ef4d93a,1716.23,67.15,6.942318196,54000,54000
cb9aaf1673848379e88d3de5d4fe635f7ef4d93a,1708.96,66.32,6.933729226,54000,54000
cb9aaf1673848379e88d3de5d4fe635f7ef4d93a,1736.73,68.07,7.021000277,54000,54000
cb9aaf1673848379e88d3de5d4fe635f7ef4d93a,1697.91,66.08,6.871567680,54000,54000
cb9aaf1673848379e88d3de5d4fe635f7ef4d93a,1715.54,66.77,6.954050953,54000,54000
cb9aaf1673848379e88d3de5d4fe635f7ef4d93a,1723.51,67.27,6.954767454,54000,54000
cb9aaf1673848379e88d3de5d4fe635f7ef4d93a,1717.21,66.62,6.952908955,54000,55000
cb9aaf1673848379e88d3de5d4fe635f7ef4d93a,1715.21,66.74,6.945616694,54000,54000
cb9aaf1673848379e88d3de5d4fe635f7ef4d93a,1729.32,67.86,7.000412073,54000,54000
cb9aaf1673848379e88d3de5d4fe635f7ef4d93a,1724.34,67.38,6.978425674,54000,53000
cb9aaf1673848379e88d3de5d4fe635f7ef4d93a,1715.72,66.82,6.937986376,54000,54000
cb9aaf1673848379e88d3de5d4fe635f7ef4d93a,1707.47,66.54,6.917782493,54000,54000
cb9aaf1673848379e88d3de5d4fe635f7ef4d93a,1723.45,67.28,6.969299117,54000,54000
cb9aaf1673848379e88d3de5d4fe635f7ef4d93a,1713.00,66.75,6.921007403,54000,54000
cb9aaf1673848379e88d3de5d4fe635f7ef4d93a,1731.29,67.41,7.006157533,54000,54000
cb9aaf1673848379e88d3de5d4fe635f7ef4d93a,1721.97,67.30,6.947843279,54000,55000
cb9aaf1673848379e88d3de5d4fe635f7ef4d93a,1733.29,67.76,6.995248515,54000,54000
cb9aaf1673848379e88d3de5d4fe635f7ef4d93a,1717.89,66.84,6.960659347,54000,55000
cb9aaf1673848379e88d3de5d4fe635f7ef4d93a,1730.57,67.51,7.004024292,54000,54000
cb9aaf1673848379e88d3de5d4fe635f7ef4d93a,1726.93,67.63,6.980895364,54000,54000
cb9aaf1673848379e88d3de5d4fe635f7ef4d93a,1714.73,66.53,6.965488106,54000,54000
02bc3981d4bb56b21cd249ed35dc071bf6ac9cf0,1736.19,67.84,7.003722524,54000,55000
02bc3981d4bb56b21cd249ed35dc071bf6ac9cf0,1747.44,68.37,7.054751744,54000,55000
02bc3981d4bb56b21cd249ed35dc071bf6ac9cf0,1712.61,66.96,6.929503992,54000,55000
02bc3981d4bb56b21cd249ed35dc071bf6ac9cf0,1732.86,67.23,7.034597233,54000,54000
02bc3981d4bb56b21cd249ed35dc071bf6ac9cf0,1706.01,66.28,6.926414130,54000,54000
02bc3981d4bb56b21cd249ed35dc071bf6ac9cf0,1724.00,67.16,6.987312050,54000,54000
02bc3981d4bb56b21cd249ed35dc071bf6ac9cf0,1710.70,66.57,6.921851453,54000,54000
02bc3981d4bb56b21cd249ed35dc071bf6ac9cf0,1740.81,67.90,7.045962654,53000,54000
02bc3981d4bb56b21cd249ed35dc071bf6ac9cf0,1695.30,66.12,6.859027147,54000,54000
02bc3981d4bb56b21cd249ed35dc071bf6ac9cf0,1698.38,66.18,6.872671369,54000,54000
02bc3981d4bb56b21cd249ed35dc071bf6ac9cf0,1719.23,66.83,6.966423019,54000,54000
02bc3981d4bb56b21cd249ed35dc071bf6ac9cf0,1704.56,66.51,6.905068867,54000,54000
02bc3981d4bb56b21cd249ed35dc071bf6ac9cf0,1695.62,66.07,6.859385657,54000,54000
02bc3981d4bb56b21cd249ed35dc071bf6ac9cf0,1708.71,66.96,6.903394206,54000,54000
02bc3981d4bb56b21cd249ed35dc071bf6ac9cf0,1701.67,66.33,6.881420668,54000,54000
02bc3981d4bb56b21cd249ed35dc071bf6ac9cf0,1733.67,67.77,6.995977186,54000,53000
02bc3981d4bb56b21cd249ed35dc071bf6ac9cf0,1713.94,66.88,6.940946548,54000,54000
02bc3981d4bb56b21cd249ed35dc071bf6ac9cf0,1707.30,66.57,6.899699226,54000,54000
02bc3981d4bb56b21cd249ed35dc071bf6ac9cf0,1727.38,67.17,7.000959200,54000,54000
02bc3981d4bb56b21cd249ed35dc071bf6ac9cf0,1742.47,68.19,7.037353782,54000,54000
02bc3981d4bb56b21cd249ed35dc071bf6ac9cf0,1732.74,67.75,6.998429948,54000,54000
02bc3981d4bb56b21cd249ed35dc071bf6ac9cf0,1743.95,68.13,7.057773438,54000,54000
02bc3981d4bb56b21cd249ed35dc071bf6ac9cf0,1722.29,67.14,6.961613533,55000,55000
02bc3981d4bb56b21cd249ed35dc071bf6ac9cf0,1733.57,67.52,6.999402052,55000,54000
02bc3981d4bb56b21cd249ed35dc071bf6ac9cf0,1731.69,67.53,7.007019748,54000,54000
02bc3981d4bb56b21cd249ed35dc071bf6ac9cf0,1725.49,67.29,6.961626599,54000,54000
02bc3981d4bb56b21cd249ed35dc071bf6ac9cf0,1737.27,67.74,7.032897049,54000,54000
02bc3981d4bb56b21cd249ed35dc071bf6ac9cf0,1732.33,67.64,7.010527740,54000,54000
02bc3981d4bb56b21cd249ed35dc071bf6ac9cf0,1727.50,67.52,6.997860712,54000,54000
02bc3981d4bb56b21cd249ed35dc071bf6ac9cf0,1715.01,66.74,6.962306014,54000,54000
6db4057e4cc302b851aa5b3f8df1473302bac1ba,1753.26,68.25,7.103165831,54000,54000
6db4057e4cc302b851aa5b3f8df1473302bac1ba,1743.12,67.96,7.053463241,54000,54000
6db4057e4cc302b851aa5b3f8df1473302bac1ba,1716.12,66.75,6.940847199,54000,54000
6db4057e4cc302b851aa5b3f8df1473302bac1ba,1734.52,67.56,7.002449014,55000,54000
6db4057e4cc302b851aa5b3f8df1473302bac1ba,1742.83,67.76,7.043259614,54000,55000
6db4057e4cc302b851aa5b3f8df1473302bac1ba,1735.20,67.94,7.015380729,55000,54000
6db4057e4cc302b851aa5b3f8df1473302bac1ba,1755.23,68.35,7.108577888,55000,54000
6db4057e4cc302b851aa5b3f8df1473302bac1ba,1726.72,67.18,6.995196695,54000,55000
6db4057e4cc302b851aa5b3f8df1473302bac1ba,1766.06,69.13,7.156720753,54000,54000
6db4057e4cc302b851aa5b3f8df1473302bac1ba,1707.60,66.44,6.914929543,54000,54000
6db4057e4cc302b851aa5b3f8df1473302bac1ba,1719.06,66.86,6.972965671,54000,54000
6db4057e4cc302b851aa5b3f8df1473302bac1ba,1755.41,68.19,7.126460468,54000,54000
6db4057e4cc302b851aa5b3f8df1473302bac1ba,1726.77,67.49,6.986990922,54000,54000
6db4057e4cc302b851aa5b3f8df1473302bac1ba,1723.60,66.75,6.989912117,54000,54000
6db4057e4cc302b851aa5b3f8df1473302bac1ba,1723.59,66.90,6.974863541,54000,54000
6db4057e4cc302b851aa5b3f8df1473302bac1ba,1735.69,67.74,7.029322513,54000,54000
6db4057e4cc302b851aa5b3f8df1473302bac1ba,1752.99,68.58,7.090017012,54000,54000
6db4057e4cc302b851aa5b3f8df1473302bac1ba,1726.97,67.24,7.008682695,54000,54000
6db4057e4cc302b851aa5b3f8df1473302bac1ba,1748.90,67.98,7.086699793,55000,54000
6db4057e4cc302b851aa5b3f8df1473302bac1ba,1764.70,68.55,7.163084671,54000,55000
6db4057e4cc302b851aa5b3f8df1473302bac1ba,1723.26,66.81,6.989018346,54000,54000
6db4057e4cc302b851aa5b3f8df1473302bac1ba,1740.61,67.77,7.036854472,54000,55000
6db4057e4cc302b851aa5b3f8df1473302bac1ba,1731.42,67.45,6.999463233,54000,55000
6db4057e4cc302b851aa5b3f8df1473302bac1ba,1720.90,66.63,6.975526219,53000,54000
6db4057e4cc302b851aa5b3f8df1473302bac1ba,1722.42,66.96,6.975334454,54000,54000
6db4057e4cc302b851aa5b3f8df1473302bac1ba,1761.91,68.52,7.151103253,54000,54000
6db4057e4cc302b851aa5b3f8df1473302bac1ba,1728.89,67.19,7.003699281,54000,54000
6db4057e4cc302b851aa5b3f8df1473302bac1ba,1756.00,68.10,7.125541971,55000,54000
6db4057e4cc302b851aa5b3f8df1473302bac1ba,1744.59,67.99,7.041121555,54000,55000
6db4057e4cc302b851aa5b3f8df1473302bac1ba,1727.47,67.36,6.994785956,54000,55000
45c8293bf454eba0390a244f2f1d16ad2e175256,1733.50,67.61,7.015226220,54000,54000
45c8293bf454eba0390a244f2f1d16ad2e175256,1735.14,67.44,7.002329944,54000,55000
45c8293bf454eba0390a244f2f1d16ad2e175256,1746.29,67.60,7.077792857,55000,54000
45c8293bf454eba0390a244f2f1d16ad2e175256,1748.65,68.17,7.074357158,55000,55000
45c8293bf454eba0390a244f2f1d16ad2e175256,1763.61,68.90,7.126019881,54000,54000
45c8293bf454eba0390a244f2f1d16ad2e175256,1737.31,67.34,7.029064687,55000,55000
45c8293bf454eba0390a244f2f1d16ad2e175256,1742.87,67.84,7.025171287,55000,54000
45c8293bf454eba0390a244f2f1d16ad2e175256,1737.71,67.89,7.028212848,54000,54000
45c8293bf454eba0390a244f2f1d16ad2e175256,1724.59,67.28,6.981805038,54000,54000
45c8293bf454eba0390a244f2f1d16ad2e175256,1741.06,67.98,7.053083600,54000,54000
45c8293bf454eba0390a244f2f1d16ad2e175256,1736.34,67.65,7.015164684,54000,54000
45c8293bf454eba0390a244f2f1d16ad2e175256,1747.68,68.21,7.069102117,54000,54000
45c8293bf454eba0390a244f2f1d16ad2e175256,1738.54,67.81,7.041413715,54000,55000
45c8293bf454eba0390a244f2f1d16ad2e175256,1742.72,68.14,7.066718656,55000,54000
45c8293bf454eba0390a244f2f1d16ad2e175256,1727.29,67.23,6.998338026,54000,54000
45c8293bf454eba0390a244f2f1d16ad2e175256,1723.59,67.24,6.970749133,54000,54000
45c8293bf454eba0390a244f2f1d16ad2e175256,1735.86,67.72,7.038060918,54000,54000
45c8293bf454eba0390a244f2f1d16ad2e175256,1749.40,67.90,7.088985267,54000,55000
45c8293bf454eba0390a244f2f1d16ad2e175256,1725.62,67.65,6.993661237,54000,55000
45c8293bf454eba0390a244f2f1d16ad2e175256,1750.34,68.50,7.086503526,54000,54000
45c8293bf454eba0390a244f2f1d16ad2e175256,1765.48,68.75,7.158351876,54000,54000
45c8293bf454eba0390a244f2f1d16ad2e175256,1746.68,67.85,7.091117091,54000,54000
45c8293bf454eba0390a244f2f1d16ad2e175256,1722.38,67.05,6.963486433,53000,54000
45c8293bf454eba0390a244f2f1d16ad2e175256,1725.39,67.11,7.001105703,54000,54000
45c8293bf454eba0390a244f2f1d16ad2e175256,1718.43,66.49,6.972692178,54000,54000
45c8293bf454eba0390a244f2f1d16ad2e175256,1721.12,66.79,6.990000028,54000,54000
45c8293bf454eba0390a244f2f1d16ad2e175256,1770.02,68.91,7.182566494,54000,54000
45c8293bf454eba0390a244f2f1d16ad2e175256,1743.94,68.20,7.047256576,54000,54000
45c8293bf454eba0390a244f2f1d16ad2e175256,1746.73,67.93,7.088614197,54000,54000
45c8293bf454eba0390a244f2f1d16ad2e175256,1714.40,66.88,6.934701165,54000,55000
27bede624d3f6bed282c53a68b0a00482a87d4aa,1699.73,66.57,6.915133715,53000,53000
27bede624d3f6bed282c53a68b0a00482a87d4aa,1739.10,67.71,7.035338194,54000,55000
27bede624d3f6bed282c53a68b0a00482a87d4aa,1737.35,67.96,7.006847385,54000,56000
27bede624d3f6bed282c53a68b0a00482a87d4aa,1735.43,67.42,7.040323036,54000,55000
27bede624d3f6bed282c53a68b0a00482a87d4aa,1751.09,68.20,7.101508760,55000,55000
27bede624d3f6bed282c53a68b0a00482a87d4aa,1710.76,66.51,6.918400936,54000,55000
27bede624d3f6bed282c53a68b0a00482a87d4aa,1726.38,67.12,6.997898967,54000,54000
27bede624d3f6bed282c53a68b0a00482a87d4aa,1733.29,67.52,7.035962266,54000,55000
27bede624d3f6bed282c53a68b0a00482a87d4aa,1752.33,68.17,7.106796951,54000,54000
27bede624d3f6bed282c53a68b0a00482a87d4aa,1729.35,67.67,6.986392474,54000,54000
27bede624d3f6bed282c53a68b0a00482a87d4aa,1741.09,67.70,7.040789302,54000,54000
27bede624d3f6bed282c53a68b0a00482a87d4aa,1739.21,67.48,7.058140078,54000,54000
27bede624d3f6bed282c53a68b0a00482a87d4aa,1755.24,68.24,7.118313173,54000,54000
27bede624d3f6bed282c53a68b0a00482a87d4aa,1724.53,67.35,6.984291975,54000,54000
27bede624d3f6bed282c53a68b0a00482a87d4aa,1737.15,67.78,7.025254277,54000,54000
27bede624d3f6bed282c53a68b0a00482a87d4aa,1730.90,67.46,7.005181332,53000,54000
27bede624d3f6bed282c53a68b0a00482a87d4aa,1722.14,67.24,6.962733093,54000,54000
27bede624d3f6bed282c53a68b0a00482a87d4aa,1740.63,67.79,7.060861273,54000,55000
27bede624d3f6bed282c53a68b0a00482a87d4aa,1719.96,67.13,6.967947280,54000,54000
27bede624d3f6bed282c53a68b0a00482a87d4aa,1750.17,68.31,7.087729754,54000,54000
27bede624d3f6bed282c53a68b0a00482a87d4aa,1737.81,67.76,7.041119720,54000,54000
27bede624d3f6bed282c53a68b0a00482a87d4aa,1735.98,67.65,7.032576395,54000,55000
27bede624d3f6bed282c53a68b0a00482a87d4aa,1729.45,67.40,7.005357077,54000,54000
27bede624d3f6bed282c53a68b0a00482a87d4aa,1753.08,67.96,7.113904648,55000,54000
27bede624d3f6bed282c53a68b0a00482a87d4aa,1751.95,68.38,7.092208285,54000,54000
27bede624d3f6bed282c53a68b0a00482a87d4aa,1748.79,67.75,7.096294431,54000,54000
27bede624d3f6bed282c53a68b0a00482a87d4aa,1750.15,68.01,7.091220205,54000,54000
27bede624d3f6bed282c53a68b0a00482a87d4aa,1733.47,67.50,7.029198237,54000,54000
27bede624d3f6bed282c53a68b0a00482a87d4aa,1727.93,67.37,6.973017035,54000,54000
27bede624d3f6bed282c53a68b0a00482a87d4aa,1769.79,68.94,7.167260987,54000,56000
caee30f1e4085cfcdb59f893bd58173108db6152,1741.41,67.97,7.028454696,54000,54000
caee30f1e4085cfcdb59f893bd58173108db6152,1755.65,68.63,7.095377194,54000,55000
caee30f1e4085cfcdb59f893bd58173108db6152,1749.42,68.22,7.072142435,54000,56000
caee30f1e4085cfcdb59f893bd58173108db6152,1725.03,67.22,6.970559896,55000,55000
caee30f1e4085cfcdb59f893bd58173108db6152,1715.53,66.78,6.940752849,55000,54000
caee30f1e4085cfcdb59f893bd58173108db6152,1730.22,67.45,6.997791894,55000,54000
caee30f1e4085cfcdb59f893bd58173108db6152,1732.01,67.65,6.986754123,55000,54000
caee30f1e4085cfcdb59f893bd58173108db6152,1738.05,67.67,7.058232530,54000,54000
caee30f1e4085cfcdb59f893bd58173108db6152,1729.02,67.37,7.006536502,54000,54000
caee30f1e4085cfcdb59f893bd58173108db6152,1726.29,67.52,6.972290051,54000,54000
caee30f1e4085cfcdb59f893bd58173108db6152,1740.39,68.21,7.029794400,54000,54000
caee30f1e4085cfcdb59f893bd58173108db6152,1716.73,66.82,6.947462332,54000,54000
caee30f1e4085cfcdb59f893bd58173108db6152,1747.14,67.68,7.093604510,54000,54000
caee30f1e4085cfcdb59f893bd58173108db6152,1741.40,67.90,7.039510584,55000,54000
caee30f1e4085cfcdb59f893bd58173108db6152,1738.94,67.73,7.048826601,54000,54000
caee30f1e4085cfcdb59f893bd58173108db6152,1727.44,67.24,6.998377246,54000,54000
caee30f1e4085cfcdb59f893bd58173108db6152,1760.68,68.38,7.142560227,54000,54000
caee30f1e4085cfcdb59f893bd58173108db6152,1727.41,66.94,7.006401048,55000,54000
caee30f1e4085cfcdb59f893bd58173108db6152,1746.48,67.91,7.098936789,54000,55000
caee30f1e4085cfcdb59f893bd58173108db6152,1730.77,67.53,7.022956076,54000,54000
caee30f1e4085cfcdb59f893bd58173108db6152,1736.76,67.37,7.055924354,54000,54000
caee30f1e4085cfcdb59f893bd58173108db6152,1733.15,67.56,7.022999695,54000,53000
caee30f1e4085cfcdb59f893bd58173108db6152,1746.56,67.98,7.061815629,54000,54000
caee30f1e4085cfcdb59f893bd58173108db6152,1719.84,66.91,6.960256149,54000,53000
caee30f1e4085cfcdb59f893bd58173108db6152,1744.11,67.98,7.075220156,53000,54000
caee30f1e4085cfcdb59f893bd58173108db6152,1727.20,67.45,6.978489360,55000,55000
caee30f1e4085cfcdb59f893bd58173108db6152,1718.41,67.26,6.953718805,54000,54000
caee30f1e4085cfcdb59f893bd58173108db6152,1751.87,68.32,7.096742740,54000,54000
caee30f1e4085cfcdb59f893bd58173108db6152,1753.01,68.66,7.080311413,54000,54000
caee30f1e4085cfcdb59f893bd58173108db6152,1741.33,68.25,7.041166556,54000,54000
8e79d80eea1786c02b3ec1661a7fcaf68ebe76d3,1741.44,67.90,7.053322521,54000,54000
8e79d80eea1786c02b3ec1661a7fcaf68ebe76d3,1761.59,68.76,7.116923507,55000,55000
8e79d80eea1786c02b3ec1661a7fcaf68ebe76d3,1756.82,68.27,7.101043371,55000,54000
8e79d80eea1786c02b3ec1661a7fcaf68ebe76d3,1720.04,66.67,6.964670469,53000,54000
8e79d80eea1786c02b3ec1661a7fcaf68ebe76d3,1746.41,68.01,7.065929136,54000,54000
8e79d80eea1786c02b3ec1661a7fcaf68ebe76d3,1759.58,68.23,7.132942824,54000,54000
8e79d80eea1786c02b3ec1661a7fcaf68ebe76d3,1743.03,67.85,7.067250750,54000,54000
8e79d80eea1786c02b3ec1661a7fcaf68ebe76d3,1746.02,68.30,7.072586735,54000,56000
8e79d80eea1786c02b3ec1661a7fcaf68ebe76d3,1748.40,67.97,7.106125060,54000,54000
8e79d80eea1786c02b3ec1661a7fcaf68ebe76d3,1752.20,67.87,7.098925984,54000,54000
8e79d80eea1786c02b3ec1661a7fcaf68ebe76d3,1768.43,68.61,7.169805771,54000,54000
8e79d80eea1786c02b3ec1661a7fcaf68ebe76d3,1761.06,68.67,7.142332855,54000,54000
8e79d80eea1786c02b3ec1661a7fcaf68ebe76d3,1756.78,68.12,7.129470234,54000,54000
8e79d80eea1786c02b3ec1661a7fcaf68ebe76d3,1743.55,67.78,7.070742047,55000,54000
8e79d80eea1786c02b3ec1661a7fcaf68ebe76d3,1734.60,67.28,7.040410007,54000,54000
8e79d80eea1786c02b3ec1661a7fcaf68ebe76d3,1760.85,68.41,7.137302638,55000,54000
8e79d80eea1786c02b3ec1661a7fcaf68ebe76d3,1732.16,67.45,7.027472997,54000,54000
8e79d80eea1786c02b3ec1661a7fcaf68ebe76d3,1752.36,68.05,7.100851881,54000,55000
8e79d80eea1786c02b3ec1661a7fcaf68ebe76d3,1753.28,68.39,7.089632521,53000,54000
8e79d80eea1786c02b3ec1661a7fcaf68ebe76d3,1746.83,68.17,7.076221127,55000,54000
8e79d80eea1786c02b3ec1661a7fcaf68ebe76d3,1753.61,68.07,7.099587414,54000,54000
8e79d80eea1786c02b3ec1661a7fcaf68ebe76d3,1741.59,67.66,7.042203225,54000,54000
8e79d80eea1786c02b3ec1661a7fcaf68ebe76d3,1738.15,67.46,7.056508455,54000,54000
8e79d80eea1786c02b3ec1661a7fcaf68ebe76d3,1770.44,69.19,7.162967763,54000,54000
8e79d80eea1786c02b3ec1661a7fcaf68ebe76d3,1762.18,68.39,7.160548119,54000,54000
8e79d80eea1786c02b3ec1661a7fcaf68ebe76d3,1757.06,68.33,7.116133844,54000,54000
8e79d80eea1786c02b3ec1661a7fcaf68ebe76d3,1743.54,67.90,7.058044262,54000,54000
8e79d80eea1786c02b3ec1661a7fcaf68ebe76d3,1762.84,68.42,7.149099213,54000,54000
8e79d80eea1786c02b3ec1661a7fcaf68ebe76d3,1762.90,68.90,7.119134953,54000,55000
8e79d80eea1786c02b3ec1661a7fcaf68ebe76d3,1741.36,67.61,7.048874346,54000,55000
db4387c3ed8f8ac09d6583910e82aff8d9dad278,1741.39,67.62,7.026408931,54000,55000
db4387c3ed8f8ac09d6583910e82aff8d9dad278,1719.99,66.87,6.967895902,54000,55000
db4387c3ed8f8ac09d6583910e82aff8d9dad278,1752.12,68.04,7.100726911,55000,55000
db4387c3ed8f8ac09d6583910e82aff8d9dad278,1765.96,68.33,7.158130823,55000,54000
db4387c3ed8f8ac09d6583910e82aff8d9dad278,1734.45,67.19,7.042300718,55000,54000
db4387c3ed8f8ac09d6583910e82aff8d9dad278,1781.64,69.08,7.223881841,55000,54000
db4387c3ed8f8ac09d6583910e82aff8d9dad278,1764.35,68.48,7.154989019,54000,54000
db4387c3ed8f8ac09d6583910e82aff8d9dad278,1781.81,69.52,7.220780646,54000,54000
db4387c3ed8f8ac09d6583910e82aff8d9dad278,1754.48,68.17,7.115020770,55000,54000
db4387c3ed8f8ac09d6583910e82aff8d9dad278,1774.75,68.90,7.197157655,53000,54000
db4387c3ed8f8ac09d6583910e82aff8d9dad278,1745.65,67.73,7.062963397,54000,54000
db4387c3ed8f8ac09d6583910e82aff8d9dad278,1769.33,68.77,7.166112256,54000,54000
db4387c3ed8f8ac09d6583910e82aff8d9dad278,1755.58,68.22,7.113956486,54000,54000
db4387c3ed8f8ac09d6583910e82aff8d9dad278,1749.79,67.99,7.096880369,54000,54000
db4387c3ed8f8ac09d6583910e82aff8d9dad278,1752.17,68.02,7.111285747,54000,55000
db4387c3ed8f8ac09d6583910e82aff8d9dad278,1755.95,68.28,7.118516584,54000,55000
db4387c3ed8f8ac09d6583910e82aff8d9dad278,1743.29,67.94,7.048462685,54000,54000
db4387c3ed8f8ac09d6583910e82aff8d9dad278,1733.69,67.56,7.019232491,54000,55000
db4387c3ed8f8ac09d6583910e82aff8d9dad278,1747.76,67.80,7.101341647,54000,54000
db4387c3ed8f8ac09d6583910e82aff8d9dad278,1776.76,69.40,7.201273612,54000,54000
db4387c3ed8f8ac09d6583910e82aff8d9dad278,1740.25,67.41,7.059919888,54000,54000
db4387c3ed8f8ac09d6583910e82aff8d9dad278,1805.44,70.39,7.325602498,54000,54000
db4387c3ed8f8ac09d6583910e82aff8d9dad278,1746.15,67.69,7.074436004,54000,55000
db4387c3ed8f8ac09d6583910e82aff8d9dad278,1726.68,67.24,6.986641968,54000,54000
db4387c3ed8f8ac09d6583910e82aff8d9dad278,1765.22,68.75,7.156665525,54000,54000
db4387c3ed8f8ac09d6583910e82aff8d9dad278,1760.48,68.23,7.148750481,54000,55000
db4387c3ed8f8ac09d6583910e82aff8d9dad278,1748.36,67.91,7.083624706,54000,54000
db4387c3ed8f8ac09d6583910e82aff8d9dad278,1769.31,68.83,7.175919038,54000,54000
db4387c3ed8f8ac09d6583910e82aff8d9dad278,1777.32,69.28,7.202960259,54000,55000
db4387c3ed8f8ac09d6583910e82aff8d9dad278,1739.48,67.89,7.030289744,54000,54000
8bdb2b0fb63263bca9763e403326260cadb9369a,1765.95,68.41,7.159082507,54000,54000
8bdb2b0fb63263bca9763e403326260cadb9369a,1759.06,68.73,7.102870547,54000,54000
8bdb2b0fb63263bca9763e403326260cadb9369a,1726.63,66.94,6.991295635,54000,54000
8bdb2b0fb63263bca9763e403326260cadb9369a,1766.18,68.80,7.137234027,54000,54000
8bdb2b0fb63263bca9763e403326260cadb9369a,1748.28,68.19,7.055546544,54000,54000
8bdb2b0fb63263bca9763e403326260cadb9369a,1763.04,68.74,7.128743009,54000,54000
8bdb2b0fb63263bca9763e403326260cadb9369a,1766.43,69.06,7.139482135,53000,53000
8bdb2b0fb63263bca9763e403326260cadb9369a,1726.49,67.05,6.988707842,53000,54000
8bdb2b0fb63263bca9763e403326260cadb9369a,1763.18,68.62,7.145312016,53000,54000
8bdb2b0fb63263bca9763e403326260cadb9369a,1739.17,67.53,7.037803425,54000,54000
8bdb2b0fb63263bca9763e403326260cadb9369a,1773.13,68.87,7.164236782,54000,54000
8bdb2b0fb63263bca9763e403326260cadb9369a,1748.11,67.68,7.087102100,54000,54000
8bdb2b0fb63263bca9763e403326260cadb9369a,1744.32,67.87,7.061155395,54000,55000
8bdb2b0fb63263bca9763e403326260cadb9369a,1738.01,67.67,7.033849967,55000,54000
8bdb2b0fb63263bca9763e403326260cadb9369a,1752.94,68.13,7.088944902,54000,54000
8bdb2b0fb63263bca9763e403326260cadb9369a,1780.92,69.26,7.211609152,54000,54000
8bdb2b0fb63263bca9763e403326260cadb9369a,1735.61,67.60,7.008339268,55000,54000
8bdb2b0fb63263bca9763e403326260cadb9369a,1746.56,68.01,7.068038158,54000,54000
8bdb2b0fb63263bca9763e403326260cadb9369a,1731.63,67.31,7.011599880,54000,54000
8bdb2b0fb63263bca9763e403326260cadb9369a,1747.05,67.66,7.072550380,54000,54000
8bdb2b0fb63263bca9763e403326260cadb9369a,1759.02,68.27,7.125663039,54000,54000
8bdb2b0fb63263bca9763e403326260cadb9369a,1761.80,68.42,7.124196303,55000,54000
8bdb2b0fb63263bca9763e403326260cadb9369a,1750.82,68.03,7.089391468,54000,53000
8bdb2b0fb63263bca9763e403326260cadb9369a,1757.42,68.25,7.101609740,54000,54000
8bdb2b0fb63263bca9763e403326260cadb9369a,1762.53,68.72,7.143412287,54000,53000
8bdb2b0fb63263bca9763e403326260cadb9369a,1769.60,68.74,7.174105073,53000,54000
8bdb2b0fb63263bca9763e403326260cadb9369a,1765.58,68.74,7.130237322,54000,55000
8bdb2b0fb63263bca9763e403326260cadb9369a,1743.02,67.70,7.061984178,54000,54000
8bdb2b0fb63263bca9763e403326260cadb9369a,1743.49,67.94,7.067317830,54000,55000
8bdb2b0fb63263bca9763e403326260cadb9369a,1739.76,67.85,7.033780012,55000,54000
48c822c08251b8b3d2c6142ea5e9bfc4e5ded71d,1734.03,67.60,7.010774568,55000,55000
48c822c08251b8b3d2c6142ea5e9bfc4e5ded71d,1762.79,68.52,7.140457575,55000,55000
48c822c08251b8b3d2c6142ea5e9bfc4e5ded71d,1774.96,69.16,7.192719567,54000,55000
48c822c08251b8b3d2c6142ea5e9bfc4e5ded71d,1741.76,67.53,7.062712911,55000,54000
48c822c08251b8b3d2c6142ea5e9bfc4e5ded71d,1753.23,68.38,7.102252786,54000,54000
48c822c08251b8b3d2c6142ea5e9bfc4e5ded71d,1741.52,68.00,7.045376811,55000,54000
48c822c08251b8b3d2c6142ea5e9bfc4e5ded71d,1778.77,69.25,7.206234057,54000,54000
48c822c08251b8b3d2c6142ea5e9bfc4e5ded71d,1753.51,68.33,7.104329968,54000,54000
48c822c08251b8b3d2c6142ea5e9bfc4e5ded71d,1745.73,68.11,7.072734912,54000,54000
48c822c08251b8b3d2c6142ea5e9bfc4e5ded71d,1738.36,67.56,7.037918050,54000,54000
48c822c08251b8b3d2c6142ea5e9bfc4e5ded71d,1764.39,68.56,7.159653188,54000,54000
48c822c08251b8b3d2c6142ea5e9bfc4e5ded71d,1774.18,69.07,7.179426778,54000,54000
48c822c08251b8b3d2c6142ea5e9bfc4e5ded71d,1730.19,67.34,6.997060381,54000,54000
48c822c08251b8b3d2c6142ea5e9bfc4e5ded71d,1753.99,67.96,7.107581354,54000,53000
48c822c08251b8b3d2c6142ea5e9bfc4e5ded71d,1758.53,68.46,7.108316608,54000,54000
48c822c08251b8b3d2c6142ea5e9bfc4e5ded71d,1752.63,68.43,7.090844176,54000,54000
48c822c08251b8b3d2c6142ea5e9bfc4e5ded71d,1734.08,67.49,7.018002853,54000,54000
48c822c08251b8b3d2c6142ea5e9bfc4e5ded71d,1746.04,68.01,7.049094054,54000,54000
48c822c08251b8b3d2c6142ea5e9bfc4e5ded71d,1785.08,69.59,7.228861911,54000,55000
48c822c08251b8b3d2c6142ea5e9bfc4e5ded71d,1752.07,68.18,7.091515782,54000,54000
48c822c08251b8b3d2c6142ea5e9bfc4e5ded71d,1745.78,67.95,7.075350561,54000,54000
48c822c08251b8b3d2c6142ea5e9bfc4e5ded71d,1744.50,67.68,7.071268262,54000,54000
48c822c08251b8b3d2c6142ea5e9bfc4e5ded71d,1740.10,67.95,7.036833286,54000,54000
48c822c08251b8b3d2c6142ea5e9bfc4e5ded71d,1737.00,67.48,7.050025058,56000,54000
48c822c08251b8b3d2c6142ea5e9bfc4e5ded71d,1746.38,68.07,7.052551884,54000,53000
48c822c08251b8b3d2c6142ea5e9bfc4e5ded71d,1744.76,67.77,7.058626776,54000,53000
48c822c08251b8b3d2c6142ea5e9bfc4e5ded71d,1766.91,69.02,7.149983042,54000,54000
48c822c08251b8b3d2c6142ea5e9bfc4e5ded71d,1754.81,68.51,7.106225999,54000,55000
48c822c08251b8b3d2c6142ea5e9bfc4e5ded71d,1730.77,67.36,7.011624256,54000,54000
48c822c08251b8b3d2c6142ea5e9bfc4e5ded71d,1763.57,68.42,7.146847997,54000,55000
9e34dda3eaef2f3a902094ceb1f80178daa07f68,1747.55,68.08,7.058348622,54000,55000
9e34dda3eaef2f3a902094ceb1f80178daa07f68,1752.44,68.10,7.087141923,55000,54000
9e34dda3eaef2f3a902094ceb1f80178daa07f68,1752.17,68.15,7.088760045,54000,54000
9e34dda3eaef2f3a902094ceb1f80178daa07f68,1761.34,68.52,7.140812361,54000,54000
9e34dda3eaef2f3a902094ceb1f80178daa07f68,1746.33,68.02,7.083858441,54000,54000
9e34dda3eaef2f3a902094ceb1f80178daa07f68,1748.60,68.13,7.076741678,54000,54000
9e34dda3eaef2f3a902094ceb1f80178daa07f68,1746.21,68.01,7.061060448,54000,54000
9e34dda3eaef2f3a902094ceb1f80178daa07f68,1757.54,68.44,7.091176943,54000,54000
9e34dda3eaef2f3a902094ceb1f80178daa07f68,1753.53,67.84,7.105128978,54000,54000
9e34dda3eaef2f3a902094ceb1f80178daa07f68,1717.34,66.70,6.971077355,54000,54000
9e34dda3eaef2f3a902094ceb1f80178daa07f68,1741.42,67.55,7.061126730,54000,54000
9e34dda3eaef2f3a902094ceb1f80178daa07f68,1774.47,68.82,7.216798061,54000,54000
9e34dda3eaef2f3a902094ceb1f80178daa07f68,1744.06,67.76,7.073590069,54000,54000
9e34dda3eaef2f3a902094ceb1f80178daa07f68,1776.63,68.87,7.212554689,54000,54000
9e34dda3eaef2f3a902094ceb1f80178daa07f68,1743.08,67.96,7.053806787,54000,54000
9e34dda3eaef2f3a902094ceb1f80178daa07f68,1746.49,68.05,7.049473602,54000,55000
9e34dda3eaef2f3a902094ceb1f80178daa07f68,1749.46,68.05,7.095318612,55000,55000
9e34dda3eaef2f3a902094ceb1f80178daa07f68,1760.04,68.68,7.127628122,54000,54000
9e34dda3eaef2f3a902094ceb1f80178daa07f68,1780.48,69.23,7.222420064,54000,53000
9e34dda3eaef2f3a902094ceb1f80178daa07f68,1769.86,68.91,7.173743911,54000,54000
9e34dda3eaef2f3a902094ceb1f80178daa07f68,1774.32,68.99,7.199487861,54000,55000
9e34dda3eaef2f3a902094ceb1f80178daa07f68,1736.63,67.94,7.015086379,55000,54000
9e34dda3eaef2f3a902094ceb1f80178daa07f68,1760.16,68.43,7.126846280,54000,54000
9e34dda3eaef2f3a902094ceb1f80178daa07f68,1788.00,69.23,7.256306870,54000,54000
9e34dda3eaef2f3a902094ceb1f80178daa07f68,1737.67,67.79,7.026143017,54000,55000
9e34dda3eaef2f3a902094ceb1f80178daa07f68,1740.27,67.80,7.054434655,54000,54000
9e34dda3eaef2f3a902094ceb1f80178daa07f68,1767.16,68.98,7.154751845,54000,55000
9e34dda3eaef2f3a902094ceb1f80178daa07f68,1756.01,68.44,7.111578066,55000,54000
9e34dda3eaef2f3a902094ceb1f80178daa07f68,1748.32,68.13,7.079095094,54000,54000
9e34dda3eaef2f3a902094ceb1f80178daa07f68,1745.37,67.82,7.075966630,54000,55000
227b345a98e9909c0ced8f94086a3c1667bea67d,1754.77,68.32,7.107662466,54000,54000
227b345a98e9909c0ced8f94086a3c1667bea67d,1792.03,69.99,7.242005010,54000,54000
227b345a98e9909c0ced8f94086a3c1667bea67d,1725.46,66.93,6.980265608,55000,55000
227b345a98e9909c0ced8f94086a3c1667bea67d,1781.76,69.09,7.225475909,55000,54000
227b345a98e9909c0ced8f94086a3c1667bea67d,1753.38,68.20,7.102164767,54000,54000
227b345a98e9909c0ced8f94086a3c1667bea67d,1770.01,68.87,7.169981059,54000,54000
227b345a98e9909c0ced8f94086a3c1667bea67d,1755.10,68.16,7.118367133,54000,54000
227b345a98e9909c0ced8f94086a3c1667bea67d,1744.67,67.87,7.061698325,54000,54000
227b345a98e9909c0ced8f94086a3c1667bea67d,1754.58,68.62,7.094679973,54000,54000
227b345a98e9909c0ced8f94086a3c1667bea67d,1742.70,68.00,7.053001062,54000,54000
227b345a98e9909c0ced8f94086a3c1667bea67d,1748.68,68.06,7.072500195,54000,54000
227b345a98e9909c0ced8f94086a3c1667bea67d,1738.75,67.57,7.036234658,55000,54000
227b345a98e9909c0ced8f94086a3c1667bea67d,1763.40,68.42,7.143901217,54000,53000
227b345a98e9909c0ced8f94086a3c1667bea67d,1782.88,69.27,7.226135569,54000,54000
227b345a98e9909c0ced8f94086a3c1667bea67d,1761.57,68.48,7.133799112,55000,54000
227b345a98e9909c0ced8f94086a3c1667bea67d,1753.13,68.12,7.111199182,54000,54000
227b345a98e9909c0ced8f94086a3c1667bea67d,1753.81,68.13,7.105240286,54000,54000
227b345a98e9909c0ced8f94086a3c1667bea67d,1753.39,68.19,7.126864850,54000,55000
227b345a98e9909c0ced8f94086a3c1667bea67d,1736.35,67.54,7.026644255,54000,54000
227b345a98e9909c0ced8f94086a3c1667bea67d,1757.27,68.50,7.098279709,54000,54000
227b345a98e9909c0ced8f94086a3c1667bea67d,1755.14,68.37,7.105840102,54000,54000
227b345a98e9909c0ced8f94086a3c1667bea67d,1754.81,68.54,7.090924330,54000,54000
227b345a98e9909c0ced8f94086a3c1667bea67d,1746.11,67.90,7.059771170,54000,54000
227b345a98e9909c0ced8f94086a3c1667bea67d,1780.23,69.27,7.198024316,54000,54000
227b345a98e9909c0ced8f94086a3c1667bea67d,1801.57,70.07,7.301454539,54000,54000
227b345a98e9909c0ced8f94086a3c1667bea67d,1773.07,69.00,7.184008517,54000,54000
227b345a98e9909c0ced8f94086a3c1667bea67d,1745.16,67.97,7.050229322,54000,54000
227b345a98e9909c0ced8f94086a3c1667bea67d,1740.99,67.72,7.062161838,54000,55000
227b345a98e9909c0ced8f94086a3c1667bea67d,1769.47,68.94,7.173275563,54000,54000
227b345a98e9909c0ced8f94086a3c1667bea67d,1762.29,68.70,7.135415370,54000,54000
d87b9aa06210a0cee6a4feb44e68cf33ae453485,1782.62,69.38,7.215927838,54000,54000
d87b9aa06210a0cee6a4feb44e68cf33ae453485,1764.86,68.79,7.152603973,54000,54000
d87b9aa06210a0cee6a4feb44e68cf33ae453485,1763.90,68.55,7.135325710,54000,54000
d87b9aa06210a0cee6a4feb44e68cf33ae453485,1755.95,68.41,7.107677809,56000,54000
d87b9aa06210a0cee6a4feb44e68cf33ae453485,1752.68,68.25,7.079836339,54000,56000
d87b9aa06210a0cee6a4feb44e68cf33ae453485,1742.57,67.64,7.038525798,55000,55000
d87b9aa06210a0cee6a4feb44e68cf33ae453485,1755.70,67.91,7.101446458,54000,55000
d87b9aa06210a0cee6a4feb44e68cf33ae453485,1762.21,68.79,7.136077512,54000,54000
d87b9aa06210a0cee6a4feb44e68cf33ae453485,1739.16,67.62,7.051424116,54000,54000
d87b9aa06210a0cee6a4feb44e68cf33ae453485,1731.28,67.23,7.014105457,54000,54000
d87b9aa06210a0cee6a4feb44e68cf33ae453485,1738.09,67.77,7.039637661,55000,54000
d87b9aa06210a0cee6a4feb44e68cf33ae453485,1773.82,69.31,7.192666942,54000,54000
d87b9aa06210a0cee6a4feb44e68cf33ae453485,1723.33,66.84,6.981212661,54000,54000
d87b9aa06210a0cee6a4feb44e68cf33ae453485,1762.50,68.32,7.154409735,54000,54000
d87b9aa06210a0cee6a4feb44e68cf33ae453485,1752.15,68.31,7.083726968,54000,54000
d87b9aa06210a0cee6a4feb44e68cf33ae453485,1733.99,67.63,7.027415841,54000,54000
d87b9aa06210a0cee6a4feb44e68cf33ae453485,1741.49,67.72,7.041313029,54000,54000
d87b9aa06210a0cee6a4feb44e68cf33ae453485,1754.24,68.04,7.116661109,54000,54000
d87b9aa06210a0cee6a4feb44e68cf33ae453485,1765.40,68.67,7.145271398,55000,54000
d87b9aa06210a0cee6a4feb44e68cf33ae453485,1741.18,67.82,7.056952179,54000,54000
d87b9aa06210a0cee6a4feb44e68cf33ae453485,1744.71,68.01,7.056986606,54000,54000
d87b9aa06210a0cee6a4feb44e68cf33ae453485,1734.44,67.68,7.021536492,54000,54000
d87b9aa06210a0cee6a4feb44e68cf33ae453485,1762.83,68.78,7.119110046,54000,54000
d87b9aa06210a0cee6a4feb44e68cf33ae453485,1725.48,67.12,6.980384644,54000,54000
d87b9aa06210a0cee6a4feb44e68cf33ae453485,1765.00,68.70,7.149947950,54000,54000
d87b9aa06210a0cee6a4feb44e68cf33ae453485,1743.53,67.91,7.063929410,54000,54000
d87b9aa06210a0cee6a4feb44e68cf33ae453485,1749.94,68.01,7.091083949,54000,54000
d87b9aa06210a0cee6a4feb44e68cf33ae453485,1739.54,67.64,7.042519134,55000,54000
d87b9aa06210a0cee6a4feb44e68cf33ae453485,1750.56,67.95,7.078703385,54000,55000
d87b9aa06210a0cee6a4feb44e68cf33ae453485,1755.68,68.04,7.128867725,54000,54000
6fd7d29f0708c80ef8f75775b445562f80ed14b1,1758.64,68.51,7.124206494,56000,54000
6fd7d29f0708c80ef8f75775b445562f80ed14b1,1758.71,68.61,7.105919007,54000,54000
6fd7d29f0708c80ef8f75775b445562f80ed14b1,1741.87,67.89,7.029047937,54000,54000
6fd7d29f0708c80ef8f75775b445562f80ed14b1,1758.17,68.21,7.108466007,54000,54000
6fd7d29f0708c80ef8f75775b445562f80ed14b1,1779.09,69.23,7.190654435,55000,55000
6fd7d29f0708c80ef8f75775b445562f80ed14b1,1756.81,68.45,7.122733463,55000,54000
6fd7d29f0708c80ef8f75775b445562f80ed14b1,1783.38,69.64,7.212605055,55000,54000
6fd7d29f0708c80ef8f75775b445562f80ed14b1,1729.19,67.19,7.003639079,54000,54000
6fd7d29f0708c80ef8f75775b445562f80ed14b1,1744.10,67.72,7.065676127,54000,55000
6fd7d29f0708c80ef8f75775b445562f80ed14b1,1732.72,67.09,7.030400943,55000,54000
6fd7d29f0708c80ef8f75775b445562f80ed14b1,1756.74,68.55,7.109778672,54000,54000
6fd7d29f0708c80ef8f75775b445562f80ed14b1,1750.00,67.72,7.108149714,54000,54000
6fd7d29f0708c80ef8f75775b445562f80ed14b1,1774.54,69.17,7.191290284,54000,54000
6fd7d29f0708c80ef8f75775b445562f80ed14b1,1745.13,67.73,7.070923089,54000,54000
6fd7d29f0708c80ef8f75775b445562f80ed14b1,1744.03,67.77,7.060172332,54000,54000
6fd7d29f0708c80ef8f75775b445562f80ed14b1,1756.43,68.50,7.119079798,54000,54000
6fd7d29f0708c80ef8f75775b445562f80ed14b1,1777.81,69.24,7.190408163,54000,54000
6fd7d29f0708c80ef8f75775b445562f80ed14b1,1725.17,66.83,6.982223044,54000,54000
6fd7d29f0708c80ef8f75775b445562f80ed14b1,1747.65,67.94,7.079774314,54000,54000
6fd7d29f0708c80ef8f75775b445562f80ed14b1,1745.77,67.93,7.071804600,54000,54000
6fd7d29f0708c80ef8f75775b445562f80ed14b1,1759.03,68.53,7.119196615,54000,54000
6fd7d29f0708c80ef8f75775b445562f80ed14b1,1755.06,68.04,7.103766070,54000,54000
6fd7d29f0708c80ef8f75775b445562f80ed14b1,1769.24,68.65,7.176740294,54000,54000
6fd7d29f0708c80ef8f75775b445562f80ed14b1,1753.82,67.76,7.107444307,54000,54000
6fd7d29f0708c80ef8f75775b445562f80ed14b1,1760.93,68.63,7.119391644,54000,54000
6fd7d29f0708c80ef8f75775b445562f80ed14b1,1781.34,69.52,7.205688019,54000,54000
6fd7d29f0708c80ef8f75775b445562f80ed14b1,1771.65,69.17,7.168741496,54000,54000
6fd7d29f0708c80ef8f75775b445562f80ed14b1,1752.92,68.72,7.082723510,55000,55000
6fd7d29f0708c80ef8f75775b445562f80ed14b1,1770.85,69.01,7.181042415,54000,54000
6fd7d29f0708c80ef8f75775b445562f80ed14b1,1760.64,68.60,7.137226884,55000,55000
71cad06ee71120e3e91d33703ea196b366c502fb,1750.72,68.16,7.080437615,54000,55000
71cad06ee71120e3e91d33703ea196b366c502fb,1735.18,67.20,7.015963368,54000,54000
71cad06ee71120e3e91d33703ea196b366c502fb,1746.47,68.21,7.048892178,55000,54000
71cad06ee71120e3e91d33703ea196b366c502fb,1759.69,68.62,7.098067575,55000,54000
71cad06ee71120e3e91d33703ea196b366c502fb,1790.54,69.94,7.227170021,54000,54000
71cad06ee71120e3e91d33703ea196b366c502fb,1748.61,68.01,7.075537811,55000,55000
71cad06ee71120e3e91d33703ea196b366c502fb,1758.46,68.68,7.112084493,54000,54000
71cad06ee71120e3e91d33703ea196b366c502fb,1746.82,67.88,7.077578935,54000,54000
71cad06ee71120e3e91d33703ea196b366c502fb,1756.71,68.22,7.130554702,54000,54000
71cad06ee71120e3e91d33703ea196b366c502fb,1749.62,68.24,7.066682247,54000,54000
71cad06ee71120e3e91d33703ea196b366c502fb,1764.46,68.44,7.173620203,54000,54000
71cad06ee71120e3e91d33703ea196b366c502fb,1737.18,67.91,7.019279363,54000,54000
71cad06ee71120e3e91d33703ea196b366c502fb,1769.47,69.04,7.172962482,54000,54000
71cad06ee71120e3e91d33703ea196b366c502fb,1737.60,67.74,7.028319403,54000,54000
71cad06ee71120e3e91d33703ea196b366c502fb,1786.45,69.38,7.238557075,54000,54000
71cad06ee71120e3e91d33703ea196b366c502fb,1772.99,68.90,7.175440767,54000,54000
71cad06ee71120e3e91d33703ea196b366c502fb,1760.26,68.14,7.124579899,54000,54000
71cad06ee71120e3e91d33703ea196b366c502fb,1768.47,68.67,7.163170437,54000,55000
71cad06ee71120e3e91d33703ea196b366c502fb,1754.33,68.08,7.114996700,54000,54000
71cad06ee71120e3e91d33703ea196b366c502fb,1773.29,69.12,7.182139776,54000,55000
71cad06ee71120e3e91d33703ea196b366c502fb,1802.43,70.33,7.293001921,54000,54000
71cad06ee71120e3e91d33703ea196b366c502fb,1760.11,68.80,7.114448662,55000,55000
71cad06ee71120e3e91d33703ea196b366c502fb,1753.46,68.26,7.098634421,54000,54000
71cad06ee71120e3e91d33703ea196b366c502fb,1772.44,68.74,7.174166208,55000,54000
71cad06ee71120e3e91d33703ea196b366c502fb,1761.39,68.69,7.109557701,54000,54000
71cad06ee71120e3e91d33703ea196b366c502fb,1762.61,68.45,7.126628058,54000,54000
71cad06ee71120e3e91d33703ea196b366c502fb,1760.20,68.22,7.129450500,54000,55000
71cad06ee71120e3e91d33703ea196b366c502fb,1758.67,68.49,7.117258684,55000,54000
71cad06ee71120e3e91d33703ea196b366c502fb,1774.68,68.87,7.197314326,53000,54000
71cad06ee71120e3e91d33703ea196b366c502fb,1763.54,68.61,7.139721159,55000,54000
e2e995d93d53f8f9e09bb51ddb1ee4ee3afcd8f2,1745.04,68.09,7.060338938,54000,54000
e2e995d93d53f8f9e09bb51ddb1ee4ee3afcd8f2,1742.84,67.96,7.032073991,55000,55000
e2e995d93d53f8f9e09bb51ddb1ee4ee3afcd8f2,1757.73,68.37,7.121776845,55000,55000
e2e995d93d53f8f9e09bb51ddb1ee4ee3afcd8f2,1753.27,68.22,7.107874540,55000,55000
e2e995d93d53f8f9e09bb51ddb1ee4ee3afcd8f2,1754.02,68.18,7.095344017,55000,55000
e2e995d93d53f8f9e09bb51ddb1ee4ee3afcd8f2,1751.78,68.06,7.082291368,55000,54000
e2e995d93d53f8f9e09bb51ddb1ee4ee3afcd8f2,1750.24,68.22,7.077442532,54000,54000
e2e995d93d53f8f9e09bb51ddb1ee4ee3afcd8f2,1738.81,67.63,7.032036412,54000,55000
e2e995d93d53f8f9e09bb51ddb1ee4ee3afcd8f2,1752.09,68.23,7.096437034,54000,54000
e2e995d93d53f8f9e09bb51ddb1ee4ee3afcd8f2,1747.18,67.95,7.085329035,54000,53000
e2e995d93d53f8f9e09bb51ddb1ee4ee3afcd8f2,1748.57,67.91,7.088462878,54000,54000
e2e995d93d53f8f9e09bb51ddb1ee4ee3afcd8f2,1745.10,67.68,7.080080358,54000,54000
e2e995d93d53f8f9e09bb51ddb1ee4ee3afcd8f2,1767.29,68.63,7.166490812,54000,54000
e2e995d93d53f8f9e09bb51ddb1ee4ee3afcd8f2,1740.55,67.74,7.049137943,54000,54000
e2e995d93d53f8f9e09bb51ddb1ee4ee3afcd8f2,1771.58,68.62,7.201316392,54000,53000
e2e995d93d53f8f9e09bb51ddb1ee4ee3afcd8f2,1757.49,68.51,7.111331019,54000,54000
e2e995d93d53f8f9e09bb51ddb1ee4ee3afcd8f2,1774.19,68.90,7.197845025,54000,54000
e2e995d93d53f8f9e09bb51ddb1ee4ee3afcd8f2,1731.61,67.10,7.032867018,54000,54000
e2e995d93d53f8f9e09bb51ddb1ee4ee3afcd8f2,1750.08,67.80,7.087116900,54000,54000
e2e995d93d53f8f9e09bb51ddb1ee4ee3afcd8f2,1739.95,67.70,7.065491119,54000,54000
e2e995d93d53f8f9e09bb51ddb1ee4ee3afcd8f2,1792.53,70.09,7.267927383,54000,54000
e2e995d93d53f8f9e09bb51ddb1ee4ee3afcd8f2,1759.77,68.48,7.126042291,54000,54000
e2e995d93d53f8f9e09bb51ddb1ee4ee3afcd8f2,1766.08,68.90,7.153004821,54000,54000
e2e995d93d53f8f9e09bb51ddb1ee4ee3afcd8f2,1751.42,68.34,7.078629444,54000,54000
e2e995d93d53f8f9e09bb51ddb1ee4ee3afcd8f2,1735.24,67.28,7.032431793,54000,54000
e2e995d93d53f8f9e09bb51ddb1ee4ee3afcd8f2,1757.17,68.27,7.125776081,54000,54000
e2e995d93d53f8f9e09bb51ddb1ee4ee3afcd8f2,1755.80,68.34,7.088236529,54000,54000
e2e995d93d53f8f9e09bb51ddb1ee4ee3afcd8f2,1734.85,67.58,7.020770699,55000,54000
e2e995d93d53f8f9e09bb51ddb1ee4ee3afcd8f2,1760.87,68.65,7.134341594,54000,54000
e2e995d93d53f8f9e09bb51ddb1ee4ee3afcd8f2,1738.15,67.90,7.032851122,54000,54000
ba1e53074759a5180df193078ece06922d09d454,1801.50,70.06,7.301629522,54000,54000
ba1e53074759a5180df193078ece06922d09d454,1796.69,69.85,7.271226788,54000,54000
ba1e53074759a5180df193078ece06922d09d454,1815.71,70.69,7.348114813,54000,54000
ba1e53074759a5180df193078ece06922d09d454,1801.58,69.90,7.286685944,54000,55000
ba1e53074759a5180df193078ece06922d09d454,1849.82,71.79,7.481186633,55000,56000
ba1e53074759a5180df193078ece06922d09d454,1823.31,71.25,7.360102791,55000,55000
ba1e53074759a5180df193078ece06922d09d454,1772.95,68.81,7.187601168,54000,54000
ba1e53074759a5180df193078ece06922d09d454,1823.22,70.91,7.386490717,54000,54000
ba1e53074759a5180df193078ece06922d09d454,1816.68,70.57,7.365083761,54000,54000
ba1e53074759a5180df193078ece06922d09d454,1803.41,69.91,7.319176156,54000,54000
ba1e53074759a5180df193078ece06922d09d454,1799.68,69.97,7.292275123,54000,54000
ba1e53074759a5180df193078ece06922d09d454,1778.13,69.05,7.211411399,54000,54000
ba1e53074759a5180df193078ece06922d09d454,1807.34,70.28,7.322622758,54000,54000
ba1e53074759a5180df193078ece06922d09d454,1786.44,69.66,7.230308251,54000,54000
ba1e53074759a5180df193078ece06922d09d454,1810.44,70.70,7.321012395,54000,55000
ba1e53074759a5180df193078ece06922d09d454,1802.33,70.20,7.305446553,54000,54000
ba1e53074759a5180df193078ece06922d09d454,1813.78,70.53,7.341479995,54000,54000
ba1e53074759a5180df193078ece06922d09d454,1792.25,69.94,7.254946884,54000,54000
ba1e53074759a5180df193078ece06922d09d454,1808.50,70.62,7.298996601,54000,54000
ba1e53074759a5180df193078ece06922d09d454,1792.09,69.66,7.250614126,54000,54000
ba1e53074759a5180df193078ece06922d09d454,1810.01,70.28,7.341670846,54000,54000
ba1e53074759a5180df193078ece06922d09d454,1813.80,70.54,7.355203410,54000,54000
ba1e53074759a5180df193078ece06922d09d454,1806.64,70.42,7.315025611,54000,54000
ba1e53074759a5180df193078ece06922d09d454,1796.24,69.64,7.283606183,54000,54000
ba1e53074759a5180df193078ece06922d09d454,1813.48,70.51,7.347177912,54000,54000
ba1e53074759a5180df193078ece06922d09d454,1801.22,69.93,7.312768730,54000,54000
ba1e53074759a5180df193078ece06922d09d454,1826.25,70.77,7.394475518,54000,54000
ba1e53074759a5180df193078ece06922d09d454,1818.66,70.79,7.372177373,54000,54000
ba1e53074759a5180df193078ece06922d09d454,1822.59,71.06,7.397953798,55000,54000
ba1e53074759a5180df193078ece06922d09d454,1804.92,70.25,7.304631766,54000,55000
e4e5ba69fd4b77630b07f3822ec695cae712a32d,1808.75,70.64,7.351137583,54000,54000
e4e5ba69fd4b77630b07f3822ec695cae712a32d,1787.89,69.44,7.241979155,54000,54000
e4e5ba69fd4b77630b07f3822ec695cae712a32d,1804.13,69.83,7.289602957,54000,55000
e4e5ba69fd4b77630b07f3822ec695cae712a32d,1802.87,70.13,7.302508918,55000,54000
e4e5ba69fd4b77630b07f3822ec695cae712a32d,1784.21,69.30,7.219717357,54000,55000
e4e5ba69fd4b77630b07f3822ec695cae712a32d,1802.55,70.17,7.299793962,54000,54000
e4e5ba69fd4b77630b07f3822ec695cae712a32d,1810.62,70.53,7.336376604,54000,55000
e4e5ba69fd4b77630b07f3822ec695cae712a32d,1818.04,71.20,7.340878023,55000,54000
e4e5ba69fd4b77630b07f3822ec695cae712a32d,1812.52,70.53,7.346077776,54000,54000
e4e5ba69fd4b77630b07f3822ec695cae712a32d,1797.05,69.73,7.290155499,54000,53000
e4e5ba69fd4b77630b07f3822ec695cae712a32d,1795.72,70.23,7.265712306,54000,54000
e4e5ba69fd4b77630b07f3822ec695cae712a32d,1802.70,70.50,7.281882220,54000,54000
e4e5ba69fd4b77630b07f3822ec695cae712a32d,1800.40,69.73,7.308512749,55000,54000
e4e5ba69fd4b77630b07f3822ec695cae712a32d,1819.30,70.66,7.371329176,54000,54000
e4e5ba69fd4b77630b07f3822ec695cae712a32d,1807.22,70.34,7.330408602,54000,54000
e4e5ba69fd4b77630b07f3822ec695cae712a32d,1799.91,69.57,7.315796997,54000,54000
e4e5ba69fd4b77630b07f3822ec695cae712a32d,1780.99,69.09,7.216061785,54000,54000
e4e5ba69fd4b77630b07f3822ec695cae712a32d,1831.18,71.14,7.437695606,54000,54000
e4e5ba69fd4b77630b07f3822ec695cae712a32d,1813.72,70.78,7.341780993,54000,54000
e4e5ba69fd4b77630b07f3822ec695cae712a32d,1815.43,70.67,7.356223729,54000,54000
e4e5ba69fd4b77630b07f3822ec695cae712a32d,1805.02,70.18,7.313225388,54000,54000
e4e5ba69fd4b77630b07f3822ec695cae712a32d,1833.49,71.39,7.432382061,56000,54000
e4e5ba69fd4b77630b07f3822ec695cae712a32d,1779.29,69.01,7.214846288,54000,55000
e4e5ba69fd4b77630b07f3822ec695cae712a32d,1801.92,70.04,7.304430956,54000,54000
e4e5ba69fd4b77630b07f3822ec695cae712a32d,1801.13,70.00,7.288028165,54000,54000
e4e5ba69fd4b77630b07f3822ec695cae712a32d,1787.57,69.50,7.252314915,55000,54000
e4e5ba69fd4b77630b07f3822ec695cae712a32d,1814.99,70.39,7.363173619,54000,54000
e4e5ba69fd4b77630b07f3822ec695cae712a32d,1778.57,69.09,7.186785620,54000,54000
e4e5ba69fd4b77630b07f3822ec695cae712a32d,1790.98,69.71,7.244149589,54000,54000
e4e5ba69fd4b77630b07f3822ec695cae712a32d,1790.68,69.60,7.241584758,54000,55000
00ddffbed56a0ebaf9455f861a4d04168dac95fa,1791.82,69.37,7.280991145,54000,54000
00ddffbed56a0ebaf9455f861a4d04168dac95fa,1778.53,69.21,7.214611550,55000,54000
00ddffbed56a0ebaf9455f861a4d04168dac95fa,1809.56,70.28,7.322252089,55000,54000
00ddffbed56a0ebaf9455f861a4d04168dac95fa,1803.35,69.96,7.287058988,55000,55000
00ddffbed56a0ebaf9455f861a4d04168dac95fa,1807.94,70.51,7.307098777,54000,55000
00ddffbed56a0ebaf9455f861a4d04168dac95fa,1811.72,70.16,7.361465034,54000,54000
00ddffbed56a0ebaf9455f861a4d04168dac95fa,1770.69,68.69,7.191877647,54000,55000
00ddffbed56a0ebaf9455f861a4d04168dac95fa,1812.34,70.47,7.369739514,54000,54000
00ddffbed56a0ebaf9455f861a4d04168dac95fa,1800.12,70.07,7.300755608,54000,54000
00ddffbed56a0ebaf9455f861a4d04168dac95fa,1823.40,70.93,7.386137125,54000,54000
00ddffbed56a0ebaf9455f861a4d04168dac95fa,1822.97,71.05,7.384503764,54000,54000
00ddffbed56a0ebaf9455f861a4d04168dac95fa,1781.25,68.91,7.227634965,54000,53000
00ddffbed56a0ebaf9455f861a4d04168dac95fa,1813.04,70.52,7.342957261,54000,54000
00ddffbed56a0ebaf9455f861a4d04168dac95fa,1794.59,69.37,7.285028732,54000,54000
00ddffbed56a0ebaf9455f861a4d04168dac95fa,1807.69,70.22,7.322462654,54000,54000
00ddffbed56a0ebaf9455f861a4d04168dac95fa,1783.77,69.27,7.241386078,54000,54000
00ddffbed56a0ebaf9455f861a4d04168dac95fa,1801.19,70.14,7.295653812,54000,54000
00ddffbed56a0ebaf9455f861a4d04168dac95fa,1825.81,71.04,7.407197989,54000,54000
00ddffbed56a0ebaf9455f861a4d04168dac95fa,1815.50,70.26,7.382182927,54000,54000
00ddffbed56a0ebaf9455f861a4d04168dac95fa,1793.05,69.99,7.270484239,54000,54000
00ddffbed56a0ebaf9455f861a4d04168dac95fa,1849.86,72.02,7.500781786,54000,54000
00ddffbed56a0ebaf9455f861a4d04168dac95fa,1797.69,69.83,7.308234400,54000,54000
00ddffbed56a0ebaf9455f861a4d04168dac95fa,1816.47,70.68,7.354922494,54000,54000
00ddffbed56a0ebaf9455f861a4d04168dac95fa,1810.66,70.27,7.339899282,54000,54000
00ddffbed56a0ebaf9455f861a4d04168dac95fa,1779.24,68.90,7.216922452,54000,54000
00ddffbed56a0ebaf9455f861a4d04168dac95fa,1807.66,70.35,7.304818052,54000,54000
00ddffbed56a0ebaf9455f861a4d04168dac95fa,1786.93,69.51,7.227234219,54000,54000
00ddffbed56a0ebaf9455f861a4d04168dac95fa,1807.60,69.96,7.330243607,54000,55000
00ddffbed56a0ebaf9455f861a4d04168dac95fa,1801.18,69.92,7.299350898,54000,54000
00ddffbed56a0ebaf9455f861a4d04168dac95fa,1801.31,70.30,7.282922574,54000,54000
aa8b8ac2621e71af8d70256ba91974b8d3c99cb2,1801.77,70.24,7.289790112,54000,54000
aa8b8ac2621e71af8d70256ba91974b8d3c99cb2,1780.70,69.10,7.212256879,54000,54000
aa8b8ac2621e71af8d70256ba91974b8d3c99cb2,1837.32,71.55,7.424807395,55000,54000
aa8b8ac2621e71af8d70256ba91974b8d3c99cb2,1795.44,69.84,7.263993003,55000,55000
aa8b8ac2621e71af8d70256ba91974b8d3c99cb2,1802.11,69.94,7.287708047,55000,56000
aa8b8ac2621e71af8d70256ba91974b8d3c99cb2,1793.20,69.48,7.269883602,54000,54000
aa8b8ac2621e71af8d70256ba91974b8d3c99cb2,1804.53,70.32,7.309804686,54000,55000
aa8b8ac2621e71af8d70256ba91974b8d3c99cb2,1801.10,70.24,7.310599957,54000,54000
aa8b8ac2621e71af8d70256ba91974b8d3c99cb2,1812.46,70.55,7.347782113,54000,54000
aa8b8ac2621e71af8d70256ba91974b8d3c99cb2,1810.91,70.54,7.338799969,54000,54000
aa8b8ac2621e71af8d70256ba91974b8d3c99cb2,1789.85,69.38,7.262504099,54000,54000
aa8b8ac2621e71af8d70256ba91974b8d3c99cb2,1794.67,69.84,7.273185350,54000,54000
aa8b8ac2621e71af8d70256ba91974b8d3c99cb2,1804.74,69.66,7.333472103,54000,54000
aa8b8ac2621e71af8d70256ba91974b8d3c99cb2,1834.70,71.29,7.438974546,54000,54000
aa8b8ac2621e71af8d70256ba91974b8d3c99cb2,1842.53,71.60,7.483841404,54000,54000
aa8b8ac2621e71af8d70256ba91974b8d3c99cb2,1806.34,70.15,7.339466802,54000,54000
aa8b8ac2621e71af8d70256ba91974b8d3c99cb2,1837.19,71.36,7.460910202,54000,55000
aa8b8ac2621e71af8d70256ba91974b8d3c99cb2,1834.01,71.42,7.425458135,54000,55000
aa8b8ac2621e71af8d70256ba91974b8d3c99cb2,1791.95,69.22,7.285591658,54000,54000
aa8b8ac2621e71af8d70256ba91974b8d3c99cb2,1817.70,70.59,7.366672724,55000,54000
aa8b8ac2621e71af8d70256ba91974b8d3c99cb2,1854.50,72.38,7.515689816,54000,54000
aa8b8ac2621e71af8d70256ba91974b8d3c99cb2,1820.95,71.08,7.377640046,54000,54000
aa8b8ac2621e71af8d70256ba91974b8d3c99cb2,1805.23,70.36,7.302254898,54000,54000
aa8b8ac2621e71af8d70256ba91974b8d3c99cb2,1806.24,70.27,7.325545344,54000,54000
aa8b8ac2621e71af8d70256ba91974b8d3c99cb2,1795.11,69.89,7.250855450,54000,54000
aa8b8ac2621e71af8d70256ba91974b8d3c99cb2,1810.26,70.26,7.354699689,54000,54000
aa8b8ac2621e71af8d70256ba91974b8d3c99cb2,1795.42,69.63,7.275209552,54000,54000
aa8b8ac2621e71af8d70256ba91974b8d3c99cb2,1825.06,70.80,7.401611601,54000,54000
aa8b8ac2621e71af8d70256ba91974b8d3c99cb2,1839.25,71.40,7.444685349,54000,54000
aa8b8ac2621e71af8d70256ba91974b8d3c99cb2,1791.66,69.61,7.263118784,54000,54000
a495073adf9183ef2ff4161c952e67074d2da770,1792.87,69.39,7.275144964,54000,54000
a495073adf9183ef2ff4161c952e67074d2da770,1801.80,69.99,7.274552142,54000,54000
a495073adf9183ef2ff4161c952e67074d2da770,1798.39,69.84,7.291141483,55000,55000
a495073adf9183ef2ff4161c952e67074d2da770,1802.83,70.30,7.287531226,54000,55000
a495073adf9183ef2ff4161c952e67074d2da770,1805.17,69.80,7.318535746,55000,54000
a495073adf9183ef2ff4161c952e67074d2da770,1825.58,70.86,7.411328899,55000,54000
a495073adf9183ef2ff4161c952e67074d2da770,1812.07,70.18,7.356439826,54000,54000
a495073adf9183ef2ff4161c952e67074d2da770,1805.16,70.40,7.307549767,54000,54000
a495073adf9183ef2ff4161c952e67074d2da770,1808.65,70.56,7.321972645,54000,54000
a495073adf9183ef2ff4161c952e67074d2da770,1809.99,70.53,7.328758233,53000,54000
a495073adf9183ef2ff4161c952e67074d2da770,1808.67,70.34,7.337854986,53000,55000
a495073adf9183ef2ff4161c952e67074d2da770,1792.56,69.87,7.269597688,54000,54000
a495073adf9183ef2ff4161c952e67074d2da770,1779.95,69.19,7.209427395,54000,54000
a495073adf9183ef2ff4161c952e67074d2da770,1807.75,70.31,7.307008737,54000,55000
a495073adf9183ef2ff4161c952e67074d2da770,1810.09,70.36,7.330813314,54000,54000
a495073adf9183ef2ff4161c952e67074d2da770,1787.57,69.38,7.251685498,54000,54000
a495073adf9183ef2ff4161c952e67074d2da770,1790.76,69.49,7.258707453,54000,54000
a495073adf9183ef2ff4161c952e67074d2da770,1791.60,69.69,7.258173578,54000,55000
a495073adf9183ef2ff4161c952e67074d2da770,1791.87,69.59,7.263574071,54000,54000
a495073adf9183ef2ff4161c952e67074d2da770,1779.96,69.33,7.202511699,54000,54000
a495073adf9183ef2ff4161c952e67074d2da770,1822.53,70.69,7.380237567,55000,55000
a495073adf9183ef2ff4161c952e67074d2da770,1797.61,69.79,7.307393049,54000,55000
a495073adf9183ef2ff4161c952e67074d2da770,1814.36,70.77,7.343608902,54000,55000
a495073adf9183ef2ff4161c952e67074d2da770,1805.85,70.13,7.326909277,54000,54000
a495073adf9183ef2ff4161c952e67074d2da770,1809.03,70.14,7.331203120,54000,54000
a495073adf9183ef2ff4161c952e67074d2da770,1822.42,71.01,7.395723867,55000,55000
a495073adf9183ef2ff4161c952e67074d2da770,1800.40,70.21,7.284953067,55000,55000
a495073adf9183ef2ff4161c952e67074d2da770,1786.04,69.61,7.237417519,55000,54000
a495073adf9183ef2ff4161c952e67074d2da770,1784.31,69.47,7.233343463,54000,54000
a495073adf9183ef2ff4161c952e67074d2da770,1797.43,69.78,7.286872709,55000,54000
dd56055b3042960e8375a55e764679b7f606f3b6,1792.79,69.67,7.269664543,54000,54000
dd56055b3042960e8375a55e764679b7f606f3b6,1815.52,70.69,7.338955217,54000,54000
dd56055b3042960e8375a55e764679b7f606f3b6,1810.24,70.30,7.316558640,55000,56000
dd56055b3042960e8375a55e764679b7f606f3b6,1802.23,69.95,7.321418916,55000,54000
dd56055b3042960e8375a55e764679b7f606f3b6,1821.82,70.65,7.398147692,55000,55000
dd56055b3042960e8375a55e764679b7f606f3b6,1790.45,69.48,7.253533985,54000,54000
dd56055b3042960e8375a55e764679b7f606f3b6,1793.74,69.61,7.263244002,54000,54000
dd56055b3042960e8375a55e764679b7f606f3b6,1827.79,71.09,7.417633101,54000,54000
dd56055b3042960e8375a55e764679b7f606f3b6,1803.43,70.57,7.290446773,54000,54000
dd56055b3042960e8375a55e764679b7f606f3b6,1821.35,70.74,7.394733602,54000,54000
dd56055b3042960e8375a55e764679b7f606f3b6,1820.36,70.95,7.381263005,54000,54000
dd56055b3042960e8375a55e764679b7f606f3b6,1802.51,70.09,7.311641824,54000,54000
dd56055b3042960e8375a55e764679b7f606f3b6,1815.40,70.40,7.372944817,54000,54000
dd56055b3042960e8375a55e764679b7f606f3b6,1810.96,70.49,7.337550620,54000,54000
dd56055b3042960e8375a55e764679b7f606f3b6,1804.24,70.48,7.297292469,54000,54000
dd56055b3042960e8375a55e764679b7f606f3b6,1804.78,70.31,7.306253765,54000,54000
dd56055b3042960e8375a55e764679b7f606f3b6,1811.05,70.41,7.345405947,54000,54000
dd56055b3042960e8375a55e764679b7f606f3b6,1817.86,71.01,7.356929178,54000,54000
dd56055b3042960e8375a55e764679b7f606f3b6,1823.03,71.09,7.375112485,54000,54000
dd56055b3042960e8375a55e764679b7f606f3b6,1841.68,71.88,7.464471938,54000,54000
dd56055b3042960e8375a55e764679b7f606f3b6,1799.65,69.69,7.310583442,54000,54000
dd56055b3042960e8375a55e764679b7f606f3b6,1816.29,70.59,7.367540133,54000,55000
dd56055b3042960e8375a55e764679b7f606f3b6,1827.83,71.07,7.425833572,55000,54000
dd56055b3042960e8375a55e764679b7f606f3b6,1787.16,69.76,7.228539795,54000,54000
dd56055b3042960e8375a55e764679b7f606f3b6,1796.37,69.93,7.274463539,54000,54000
dd56055b3042960e8375a55e764679b7f606f3b6,1828.12,70.90,7.419012213,54000,55000
dd56055b3042960e8375a55e764679b7f606f3b6,1843.36,71.56,7.455704817,54000,54000
dd56055b3042960e8375a55e764679b7f606f3b6,1790.25,69.41,7.269337366,54000,54000
dd56055b3042960e8375a55e764679b7f606f3b6,1791.70,69.67,7.256896108,54000,54000
dd56055b3042960e8375a55e764679b7f606f3b6,1800.89,69.91,7.300654096,55000,55000
6237aa773c88f92ab5c7defe64c803ffd665de00,1789.37,69.42,7.253296807,54000,54000
6237aa773c88f92ab5c7defe64c803ffd665de00,1800.85,69.99,7.291102428,54000,54000
6237aa773c88f92ab5c7defe64c803ffd665de00,1801.18,69.79,7.301424285,55000,54000
6237aa773c88f92ab5c7defe64c803ffd665de00,1833.60,71.33,7.434659839,55000,54000
6237aa773c88f92ab5c7defe64c803ffd665de00,1805.82,70.05,7.298558710,54000,54000
6237aa773c88f92ab5c7defe64c803ffd665de00,1801.33,70.05,7.307053129,54000,54000
6237aa773c88f92ab5c7defe64c803ffd665de00,1767.64,68.69,7.172870409,55000,55000
6237aa773c88f92ab5c7defe64c803ffd665de00,1809.14,70.60,7.307725804,54000,54000
6237aa773c88f92ab5c7defe64c803ffd665de00,1811.08,70.48,7.339727835,54000,54000
6237aa773c88f92ab5c7defe64c803ffd665de00,1808.10,70.34,7.318887126,54000,54000
6237aa773c88f92ab5c7defe64c803ffd665de00,1812.52,70.56,7.330255084,54000,55000
6237aa773c88f92ab5c7defe64c803ffd665de00,1807.77,70.44,7.332463747,54000,54000
6237aa773c88f92ab5c7defe64c803ffd665de00,1797.47,69.94,7.278976904,54000,54000
6237aa773c88f92ab5c7defe64c803ffd665de00,1795.91,69.77,7.273153808,55000,54000
6237aa773c88f92ab5c7defe64c803ffd665de00,1826.58,71.18,7.395589588,54000,54000
6237aa773c88f92ab5c7defe64c803ffd665de00,1796.36,69.94,7.264689902,54000,54000
6237aa773c88f92ab5c7defe64c803ffd665de00,1813.16,70.51,7.359948958,54000,54000
6237aa773c88f92ab5c7defe64c803ffd665de00,1812.70,70.48,7.338573745,54000,54000
6237aa773c88f92ab5c7defe64c803ffd665de00,1809.25,70.19,7.329364687,54000,55000
6237aa773c88f92ab5c7defe64c803ffd665de00,1803.91,70.56,7.294860382,54000,54000
6237aa773c88f92ab5c7defe64c803ffd665de00,1799.25,70.05,7.299899989,54000,54000
6237aa773c88f92ab5c7defe64c803ffd665de00,1810.61,70.49,7.335831064,54000,54000
6237aa773c88f92ab5c7defe64c803ffd665de00,1807.53,70.36,7.316859187,54000,54000
6237aa773c88f92ab5c7defe64c803ffd665de00,1789.04,69.51,7.254300934,54000,54000
6237aa773c88f92ab5c7defe64c803ffd665de00,1782.50,69.05,7.228007951,54000,54000
6237aa773c88f92ab5c7defe64c803ffd665de00,1817.71,70.59,7.361163694,54000,54000
6237aa773c88f92ab5c7defe64c803ffd665de00,1804.35,69.91,7.311755218,54000,54000
6237aa773c88f92ab5c7defe64c803ffd665de00,1821.37,70.88,7.360905187,54000,54000
6237aa773c88f92ab5c7defe64c803ffd665de00,1812.94,70.18,7.359826050,54000,54000
6237aa773c88f92ab5c7defe64c803ffd665de00,1812.02,70.17,7.340773529,54000,54000
fe360e8f66c1e9a8ac41f01076848b6cf316241a,1799.17,69.61,7.293654265,54000,54000
fe360e8f66c1e9a8ac41f01076848b6cf316241a,1794.10,69.80,7.245762055,55000,55000
fe360e8f66c1e9a8ac41f01076848b6cf316241a,1778.52,68.87,7.213783735,55000,55000
fe360e8f66c1e9a8ac41f01076848b6cf316241a,1801.87,70.07,7.293098433,56000,55000
fe360e8f66c1e9a8ac41f01076848b6cf316241a,1806.51,70.10,7.321757360,56000,55000
fe360e8f66c1e9a8ac41f01076848b6cf316241a,1800.84,70.22,7.292002559,55000,55000
fe360e8f66c1e9a8ac41f01076848b6cf316241a,1807.84,69.97,7.353906380,54000,55000
fe360e8f66c1e9a8ac41f01076848b6cf316241a,1809.11,70.31,7.337846323,54000,54000
fe360e8f66c1e9a8ac41f01076848b6cf316241a,1827.55,71.07,7.415257662,54000,54000
fe360e8f66c1e9a8ac41f01076848b6cf316241a,1802.67,70.23,7.281855334,54000,54000
fe360e8f66c1e9a8ac41f01076848b6cf316241a,1807.52,70.36,7.315548519,54000,54000
fe360e8f66c1e9a8ac41f01076848b6cf316241a,1812.70,70.29,7.352026338,54000,54000
fe360e8f66c1e9a8ac41f01076848b6cf316241a,1811.86,70.71,7.328100447,54000,54000
fe360e8f66c1e9a8ac41f01076848b6cf316241a,1825.10,71.37,7.376148175,54000,54000
fe360e8f66c1e9a8ac41f01076848b6cf316241a,1789.72,69.54,7.262274938,54000,54000
fe360e8f66c1e9a8ac41f01076848b6cf316241a,1827.85,71.05,7.393676036,54000,54000
fe360e8f66c1e9a8ac41f01076848b6cf316241a,1796.26,69.72,7.276879130,54000,54000
fe360e8f66c1e9a8ac41f01076848b6cf316241a,1812.10,70.62,7.337260175,54000,54000
fe360e8f66c1e9a8ac41f01076848b6cf316241a,1807.93,70.36,7.328786320,54000,55000
fe360e8f66c1e9a8ac41f01076848b6cf316241a,1801.10,69.92,7.304998048,54000,54000
fe360e8f66c1e9a8ac41f01076848b6cf316241a,1797.67,69.70,7.288807746,54000,54000
fe360e8f66c1e9a8ac41f01076848b6cf316241a,1808.19,70.69,7.316631088,54000,54000
fe360e8f66c1e9a8ac41f01076848b6cf316241a,1805.34,70.40,7.300785260,54000,54000
fe360e8f66c1e9a8ac41f01076848b6cf316241a,1810.06,70.38,7.318892939,54000,54000
fe360e8f66c1e9a8ac41f01076848b6cf316241a,1808.26,70.05,7.323583600,54000,54000
fe360e8f66c1e9a8ac41f01076848b6cf316241a,1792.94,69.53,7.258771242,54000,54000
fe360e8f66c1e9a8ac41f01076848b6cf316241a,1780.13,69.13,7.218723169,54000,54000
fe360e8f66c1e9a8ac41f01076848b6cf316241a,1802.90,70.29,7.292250347,54000,54000
fe360e8f66c1e9a8ac41f01076848b6cf316241a,1814.18,70.54,7.358164957,54000,54000
fe360e8f66c1e9a8ac41f01076848b6cf316241a,1813.77,70.60,7.345732755,54000,54000
b47aabb22b9ecccf9b95cafa12e383856ea00472,1793.40,69.87,7.268531533,56000,55000
b47aabb22b9ecccf9b95cafa12e383856ea00472,1799.48,70.00,7.258643677,55000,55000
b47aabb22b9ecccf9b95cafa12e383856ea00472,1826.18,70.96,7.397157834,55000,54000
b47aabb22b9ecccf9b95cafa12e383856ea00472,1792.69,69.77,7.278170449,55000,54000
b47aabb22b9ecccf9b95cafa12e383856ea00472,1805.87,70.18,7.325244899,54000,54000
b47aabb22b9ecccf9b95cafa12e383856ea00472,1812.60,70.53,7.326531055,54000,54000
b47aabb22b9ecccf9b95cafa12e383856ea00472,1815.14,70.64,7.363805587,54000,54000
b47aabb22b9ecccf9b95cafa12e383856ea00472,1818.55,70.88,7.354831414,54000,54000
b47aabb22b9ecccf9b95cafa12e383856ea00472,1776.46,69.11,7.198243868,54000,54000
b47aabb22b9ecccf9b95cafa12e383856ea00472,1817.88,70.66,7.370206628,54000,54000
b47aabb22b9ecccf9b95cafa12e383856ea00472,1803.99,70.16,7.295834402,54000,55000
b47aabb22b9ecccf9b95cafa12e383856ea00472,1800.99,70.29,7.279099015,55000,55000
b47aabb22b9ecccf9b95cafa12e383856ea00472,1811.77,70.38,7.337360926,54000,54000
b47aabb22b9ecccf9b95cafa12e383856ea00472,1822.43,70.80,7.400482221,54000,54000
b47aabb22b9ecccf9b95cafa12e383856ea00472,1811.96,70.51,7.330259377,55000,54000
b47aabb22b9ecccf9b95cafa12e383856ea00472,1795.16,70.21,7.252820174,54000,54000
b47aabb22b9ecccf9b95cafa12e383856ea00472,1799.67,69.94,7.288235323,54000,54000
b47aabb22b9ecccf9b95cafa12e383856ea00472,1825.91,71.09,7.396350606,55000,54000
b47aabb22b9ecccf9b95cafa12e383856ea00472,1806.07,69.97,7.313180436,54000,54000
b47aabb22b9ecccf9b95cafa12e383856ea00472,1815.99,70.92,7.335248235,54000,54000
b47aabb22b9ecccf9b95cafa12e383856ea00472,1788.69,69.53,7.251202237,54000,54000
b47aabb22b9ecccf9b95cafa12e383856ea00472,1801.31,70.10,7.279242226,54000,54000
b47aabb22b9ecccf9b95cafa12e383856ea00472,1822.08,70.77,7.389641086,54000,55000
b47aabb22b9ecccf9b95cafa12e383856ea00472,1794.64,69.39,7.286445043,54000,54000
b47aabb22b9ecccf9b95cafa12e383856ea00472,1793.57,69.87,7.261216210,54000,54000
b47aabb22b9ecccf9b95cafa12e383856ea00472,1801.96,70.26,7.292899521,54000,54000
b47aabb22b9ecccf9b95cafa12e383856ea00472,1792.66,69.64,7.260465949,54000,54000
b47aabb22b9ecccf9b95cafa12e383856ea00472,1802.70,70.14,7.298442549,53000,54000
b47aabb22b9ecccf9b95cafa12e383856ea00472,1808.17,70.59,7.320755994,54000,54000
b47aabb22b9ecccf9b95cafa12e383856ea00472,1791.42,69.51,7.266018609,55000,54000
3c66dbd6730a4f3574f04c33d8f7c28bb18c5b51,1790.11,69.31,7.260772398,54000,55000
3c66dbd6730a4f3574f04c33d8f7c28bb18c5b51,1807.61,70.48,7.301183258,55000,54000
3c66dbd6730a4f3574f04c33d8f7c28bb18c5b51,1811.16,70.61,7.325264266,54000,54000
3c66dbd6730a4f3574f04c33d8f7c28bb18c5b51,1806.16,69.92,7.328244059,55000,54000
3c66dbd6730a4f3574f04c33d8f7c28bb18c5b51,1801.67,70.01,7.306039178,54000,54000
3c66dbd6730a4f3574f04c33d8f7c28bb18c5b51,1772.83,68.93,7.182306853,54000,54000
3c66dbd6730a4f3574f04c33d8f7c28bb18c5b51,1795.69,69.93,7.271888307,54000,54000
3c66dbd6730a4f3574f04c33d8f7c28bb18c5b51,1807.04,70.18,7.312161492,54000,54000
3c66dbd6730a4f3574f04c33d8f7c28bb18c5b51,1785.15,69.28,7.233774124,54000,54000
3c66dbd6730a4f3574f04c33d8f7c28bb18c5b51,1793.69,69.44,7.285152785,54000,54000
3c66dbd6730a4f3574f04c33d8f7c28bb18c5b51,1802.48,70.06,7.306553498,55000,54000
3c66dbd6730a4f3574f04c33d8f7c28bb18c5b51,1783.97,69.05,7.240047702,54000,55000
3c66dbd6730a4f3574f04c33d8f7c28bb18c5b51,1791.64,69.39,7.272935871,54000,54000
3c66dbd6730a4f3574f04c33d8f7c28bb18c5b51,1812.27,70.56,7.335054185,54000,54000
3c66dbd6730a4f3574f04c33d8f7c28bb18c5b51,1815.06,70.43,7.372676727,55000,54000
3c66dbd6730a4f3574f04c33d8f7c28bb18c5b51,1803.09,70.14,7.288849060,54000,54000
3c66dbd6730a4f3574f04c33d8f7c28bb18c5b51,1842.78,71.79,7.463280347,54000,54000
3c66dbd6730a4f3574f04c33d8f7c28bb18c5b51,1811.15,70.85,7.324266768,54000,54000
3c66dbd6730a4f3574f04c33d8f7c28bb18c5b51,1817.45,70.97,7.358478316,54000,54000
3c66dbd6730a4f3574f04c33d8f7c28bb18c5b51,1824.47,70.79,7.394132186,54000,54000
3c66dbd6730a4f3574f04c33d8f7c28bb18c5b51,1800.82,69.96,7.308450558,54000,54000
3c66dbd6730a4f3574f04c33d8f7c28bb18c5b51,1789.01,69.49,7.246183855,54000,55000
3c66dbd6730a4f3574f04c33d8f7c28bb18c5b51,1797.00,69.77,7.287437126,54000,54000
3c66dbd6730a4f3574f04c33d8f7c28bb18c5b51,1830.78,71.05,7.410737437,54000,54000
3c66dbd6730a4f3574f04c33d8f7c28bb18c5b51,1795.78,69.54,7.273749793,54000,54000
3c66dbd6730a4f3574f04c33d8f7c28bb18c5b51,1805.88,70.32,7.309246101,54000,55000
3c66dbd6730a4f3574f04c33d8f7c28bb18c5b51,1810.46,70.25,7.337215481,54000,54000
3c66dbd6730a4f3574f04c33d8f7c28bb18c5b51,1798.81,70.13,7.275096118,54000,54000
3c66dbd6730a4f3574f04c33d8f7c28bb18c5b51,1786.29,69.23,7.242262673,55000,55000
3c66dbd6730a4f3574f04c33d8f7c28bb18c5b51,1818.91,70.63,7.376486225,55000,55000
0e2169ced443db8ac4095e4fc8ab82a3c85ba8c0,1817.07,70.78,7.351361700,55000,54000
0e2169ced443db8ac4095e4fc8ab82a3c85ba8c0,1809.00,70.60,7.292633895,54000,55000
0e2169ced443db8ac4095e4fc8ab82a3c85ba8c0,1800.91,70.07,7.287771763,54000,55000
0e2169ced443db8ac4095e4fc8ab82a3c85ba8c0,1789.64,69.42,7.272454322,54000,54000
0e2169ced443db8ac4095e4fc8ab82a3c85ba8c0,1793.66,69.92,7.270266206,54000,54000
0e2169ced443db8ac4095e4fc8ab82a3c85ba8c0,1813.61,70.49,7.365218047,54000,54000
0e2169ced443db8ac4095e4fc8ab82a3c85ba8c0,1811.57,70.42,7.342638013,54000,54000
0e2169ced443db8ac4095e4fc8ab82a3c85ba8c0,1816.44,70.76,7.342119634,54000,54000
0e2169ced443db8ac4095e4fc8ab82a3c85ba8c0,1808.10,70.20,7.329449463,54000,54000
0e2169ced443db8ac4095e4fc8ab82a3c85ba8c0,1792.63,69.23,7.278612727,54000,54000
0e2169ced443db8ac4095e4fc8ab82a3c85ba8c0,1842.45,71.89,7.452566211,54000,54000
0e2169ced443db8ac4095e4fc8ab82a3c85ba8c0,1829.15,71.05,7.420024618,54000,54000
0e2169ced443db8ac4095e4fc8ab82a3c85ba8c0,1830.10,70.90,7.436106557,54000,55000
0e2169ced443db8ac4095e4fc8ab82a3c85ba8c0,1810.86,70.16,7.352408321,55000,54000
0e2169ced443db8ac4095e4fc8ab82a3c85ba8c0,1785.27,69.35,7.217563809,54000,54000
0e2169ced443db8ac4095e4fc8ab82a3c85ba8c0,1799.40,70.29,7.268900156,54000,54000
0e2169ced443db8ac4095e4fc8ab82a3c85ba8c0,1811.75,70.62,7.337500386,54000,54000
0e2169ced443db8ac4095e4fc8ab82a3c85ba8c0,1831.53,71.36,7.422681531,54000,54000
0e2169ced443db8ac4095e4fc8ab82a3c85ba8c0,1794.33,69.75,7.267836453,54000,54000
0e2169ced443db8ac4095e4fc8ab82a3c85ba8c0,1819.22,70.78,7.371101864,54000,54000
0e2169ced443db8ac4095e4fc8ab82a3c85ba8c0,1811.13,70.54,7.325266196,54000,55000
0e2169ced443db8ac4095e4fc8ab82a3c85ba8c0,1768.93,68.61,7.176641190,54000,54000
0e2169ced443db8ac4095e4fc8ab82a3c85ba8c0,1807.30,70.26,7.326189478,54000,54000
0e2169ced443db8ac4095e4fc8ab82a3c85ba8c0,1771.80,68.78,7.184925220,53000,54000
0e2169ced443db8ac4095e4fc8ab82a3c85ba8c0,1812.86,70.34,7.365798258,53000,54000
0e2169ced443db8ac4095e4fc8ab82a3c85ba8c0,1790.13,69.41,7.251502023,54000,54000
0e2169ced443db8ac4095e4fc8ab82a3c85ba8c0,1829.75,71.24,7.414788415,54000,54000
0e2169ced443db8ac4095e4fc8ab82a3c85ba8c0,1790.76,69.60,7.257156684,54000,54000
0e2169ced443db8ac4095e4fc8ab82a3c85ba8c0,1843.68,71.82,7.477759003,54000,54000
0e2169ced443db8ac4095e4fc8ab82a3c85ba8c0,1819.27,70.97,7.358458874,55000,54000
2e80d4a5a10b3a52c732070240bea510297f8e89,1795.80,69.88,7.285759171,53000,54000
2e80d4a5a10b3a52c732070240bea510297f8e89,1819.14,70.43,7.376914129,55000,54000
2e80d4a5a10b3a52c732070240bea510297f8e89,1802.31,69.94,7.289588192,55000,54000
2e80d4a5a10b3a52c732070240bea510297f8e89,1786.45,69.67,7.224485705,55000,55000
2e80d4a5a10b3a52c732070240bea510297f8e89,1787.29,69.36,7.248149392,54000,55000
2e80d4a5a10b3a52c732070240bea510297f8e89,1812.04,70.38,7.328759729,54000,54000
2e80d4a5a10b3a52c732070240bea510297f8e89,1788.22,69.49,7.237964994,54000,54000
2e80d4a5a10b3a52c732070240bea510297f8e89,1784.84,69.01,7.245404822,54000,54000
2e80d4a5a10b3a52c732070240bea510297f8e89,1780.84,69.23,7.213074866,54000,54000
2e80d4a5a10b3a52c732070240bea510297f8e89,1801.52,69.93,7.307617003,54000,54000
2e80d4a5a10b3a52c732070240bea510297f8e89,1813.83,70.46,7.343175126,54000,54000
2e80d4a5a10b3a52c732070240bea510297f8e89,1809.27,70.34,7.324975669,54000,54000
2e80d4a5a10b3a52c732070240bea510297f8e89,1776.18,69.07,7.197458414,54000,54000
2e80d4a5a10b3a52c732070240bea510297f8e89,1810.48,70.37,7.340756814,54000,54000
2e80d4a5a10b3a52c732070240bea510297f8e89,1803.57,69.75,7.315556668,54000,54000
2e80d4a5a10b3a52c732070240bea510297f8e89,1838.01,71.48,7.449041630,54000,54000
2e80d4a5a10b3a52c732070240bea510297f8e89,1809.23,70.25,7.324268127,54000,54000
2e80d4a5a10b3a52c732070240bea510297f8e89,1804.65,70.48,7.308573529,54000,54000
2e80d4a5a10b3a52c732070240bea510297f8e89,1809.41,70.62,7.328958008,54000,54000
2e80d4a5a10b3a52c732070240bea510297f8e89,1792.75,69.68,7.255438168,55000,55000
2e80d4a5a10b3a52c732070240bea510297f8e89,1802.57,70.35,7.304184651,54000,54000
2e80d4a5a10b3a52c732070240bea510297f8e89,1825.64,71.10,7.388994602,55000,54000
2e80d4a5a10b3a52c732070240bea510297f8e89,1802.59,70.00,7.310963493,54000,54000
2e80d4a5a10b3a52c732070240bea510297f8e89,1825.15,70.99,7.388459528,54000,54000
2e80d4a5a10b3a52c732070240bea510297f8e89,1811.67,70.46,7.341226552,55000,54000
2e80d4a5a10b3a52c732070240bea510297f8e89,1819.72,70.88,7.364190682,54000,55000
2e80d4a5a10b3a52c732070240bea510297f8e89,1807.36,70.05,7.333796080,54000,54000
2e80d4a5a10b3a52c732070240bea510297f8e89,1801.71,70.03,7.291877623,54000,54000
2e80d4a5a10b3a52c732070240bea510297f8e89,1786.96,69.61,7.237777185,54000,55000
2e80d4a5a10b3a52c732070240bea510297f8e89,1815.22,70.61,7.360577250,54000,54000
1420883ecfba005f391141506f514600c6f9e88a,1788.22,69.41,7.233914915,54000,54000
1420883ecfba005f391141506f514600c6f9e88a,1790.89,69.62,7.240652522,54000,54000
1420883ecfba005f391141506f514600c6f9e88a,1817.83,70.35,7.364711882,54000,54000
1420883ecfba005f391141506f514600c6f9e88a,1804.48,70.30,7.294699645,55000,55000
1420883ecfba005f391141506f514600c6f9e88a,1810.63,70.33,7.324387801,54000,54000
1420883ecfba005f391141506f514600c6f9e88a,1802.13,69.92,7.290964192,55000,55000
1420883ecfba005f391141506f514600c6f9e88a,1809.74,70.88,7.306265525,54000,54000
1420883ecfba005f391141506f514600c6f9e88a,1793.56,69.36,7.291008152,54000,54000
1420883ecfba005f391141506f514600c6f9e88a,1803.45,70.00,7.313109031,54000,55000
1420883ecfba005f391141506f514600c6f9e88a,1791.73,69.42,7.263062285,54000,54000
1420883ecfba005f391141506f514600c6f9e88a,1785.88,69.45,7.253175403,54000,54000
1420883ecfba005f391141506f514600c6f9e88a,1800.75,69.66,7.306807844,54000,54000
1420883ecfba005f391141506f514600c6f9e88a,1785.94,69.26,7.240893368,54000,54000
1420883ecfba005f391141506f514600c6f9e88a,1810.10,69.86,7.346610594,54000,54000
1420883ecfba005f391141506f514600c6f9e88a,1815.93,70.81,7.349468771,54000,55000
1420883ecfba005f391141506f514600c6f9e88a,1823.84,70.87,7.401430625,54000,54000
1420883ecfba005f391141506f514600c6f9e88a,1830.21,71.01,7.414786776,54000,54000
1420883ecfba005f391141506f514600c6f9e88a,1789.84,69.42,7.271783817,54000,54000
1420883ecfba005f391141506f514600c6f9e88a,1834.74,71.66,7.430664226,54000,54000
1420883ecfba005f391141506f514600c6f9e88a,1798.30,70.18,7.272411596,54000,54000
1420883ecfba005f391141506f514600c6f9e88a,1853.46,72.10,7.518206326,54000,54000
1420883ecfba005f391141506f514600c6f9e88a,1811.31,70.48,7.330344255,54000,54000
1420883ecfba005f391141506f514600c6f9e88a,1802.20,70.15,7.309133788,54000,54000
1420883ecfba005f391141506f514600c6f9e88a,1795.73,69.96,7.261829516,54000,55000
1420883ecfba005f391141506f514600c6f9e88a,1807.16,69.91,7.336635177,54000,53000
1420883ecfba005f391141506f514600c6f9e88a,1803.82,69.93,7.309703049,54000,55000
1420883ecfba005f391141506f514600c6f9e88a,1801.00,70.12,7.292014685,54000,54000
1420883ecfba005f391141506f514600c6f9e88a,1786.19,69.53,7.231514921,54000,54000
1420883ecfba005f391141506f514600c6f9e88a,1799.67,69.99,7.291765571,55000,55000
1420883ecfba005f391141506f514600c6f9e88a,1794.71,69.84,7.269119438,54000,54000
7333ec6985a4c31e2648a2a026a3e02ffaf7316c,1822.65,70.99,7.389829765,54000,54000
7333ec6985a4c31e2648a2a026a3e02ffaf7316c,1823.97,70.96,7.385858928,54000,55000
7333ec6985a4c31e2648a2a026a3e02ffaf7316c,1813.18,70.21,7.342039681,55000,55000
7333ec6985a4c31e2648a2a026a3e02ffaf7316c,1803.09,70.32,7.306661518,54000,54000
7333ec6985a4c31e2648a2a026a3e02ffaf7316c,1817.59,70.68,7.362356389,54000,54000
7333ec6985a4c31e2648a2a026a3e02ffaf7316c,1835.30,71.47,7.447217172,54000,54000
7333ec6985a4c31e2648a2a026a3e02ffaf7316c,1836.24,71.58,7.451941966,54000,54000
7333ec6985a4c31e2648a2a026a3e02ffaf7316c,1801.33,70.05,7.305907459,54000,54000
7333ec6985a4c31e2648a2a026a3e02ffaf7316c,1785.36,69.43,7.236705087,55000,54000
7333ec6985a4c31e2648a2a026a3e02ffaf7316c,1791.68,69.11,7.281438834,54000,54000
7333ec6985a4c31e2648a2a026a3e02ffaf7316c,1808.48,70.34,7.321651201,54000,54000
7333ec6985a4c31e2648a2a026a3e02ffaf7316c,1799.63,69.75,7.291615317,54000,54000
7333ec6985a4c31e2648a2a026a3e02ffaf7316c,1803.71,70.02,7.313862459,54000,54000
7333ec6985a4c31e2648a2a026a3e02ffaf7316c,1837.80,71.53,7.429640322,54000,54000
7333ec6985a4c31e2648a2a026a3e02ffaf7316c,1817.13,71.01,7.365644547,54000,54000
7333ec6985a4c31e2648a2a026a3e02ffaf7316c,1831.34,71.34,7.425344961,55000,54000
7333ec6985a4c31e2648a2a026a3e02ffaf7316c,1818.73,70.64,7.381877951,54000,54000
7333ec6985a4c31e2648a2a026a3e02ffaf7316c,1814.49,70.49,7.349452587,55000,54000
7333ec6985a4c31e2648a2a026a3e02ffaf7316c,1793.52,69.58,7.269523955,54000,54000
7333ec6985a4c31e2648a2a026a3e02ffaf7316c,1811.07,70.61,7.331178040,54000,54000
7333ec6985a4c31e2648a2a026a3e02ffaf7316c,1798.60,69.74,7.308228919,54000,55000
7333ec6985a4c31e2648a2a026a3e02ffaf7316c,1807.48,70.12,7.332520400,54000,54000
7333ec6985a4c31e2648a2a026a3e02ffaf7316c,1815.39,70.78,7.354189620,54000,55000
7333ec6985a4c31e2648a2a026a3e02ffaf7316c,1835.32,71.57,7.425496353,54000,55000
7333ec6985a4c31e2648a2a026a3e02ffaf7316c,1789.97,69.67,7.251303446,54000,54000
7333ec6985a4c31e2648a2a026a3e02ffaf7316c,1801.89,70.44,7.301310757,54000,54000
7333ec6985a4c31e2648a2a026a3e02ffaf7316c,1800.73,70.05,7.291247749,54000,54000
7333ec6985a4c31e2648a2a026a3e02ffaf7316c,1816.82,70.31,7.368201231,54000,54000
7333ec6985a4c31e2648a2a026a3e02ffaf7316c,1810.10,70.48,7.325661416,54000,54000
7333ec6985a4c31e2648a2a026a3e02ffaf7316c,1795.34,69.62,7.301257271,54000,54000
49cc78e48b4a595c7b2a372662c3a8bb2fadf971,1805.79,70.13,7.321775825,54000,54000
49cc78e48b4a595c7b2a372662c3a8bb2fadf971,1831.90,71.31,7.417554591,55000,55000
49cc78e48b4a595c7b2a372662c3a8bb2fadf971,1801.57,70.27,7.300565730,54000,55000
49cc78e48b4a595c7b2a372662c3a8bb2fadf971,1813.74,70.64,7.354943741,54000,54000
49cc78e48b4a595c7b2a372662c3a8bb2fadf971,1793.82,69.88,7.257067852,54000,54000
49cc78e48b4a595c7b2a372662c3a8bb2fadf971,1814.43,70.67,7.333693772,55000,54000
49cc78e48b4a595c7b2a372662c3a8bb2fadf971,1834.13,71.81,7.412848236,54000,54000
49cc78e48b4a595c7b2a372662c3a8bb2fadf971,1801.78,69.78,7.323586357,54000,54000
49cc78e48b4a595c7b2a372662c3a8bb2fadf971,1783.61,69.42,7.216022833,54000,54000
49cc78e48b4a595c7b2a372662c3a8bb2fadf971,1785.25,69.25,7.239905727,54000,54000
49cc78e48b4a595c7b2a372662c3a8bb2fadf971,1797.94,69.81,7.285097805,54000,54000
49cc78e48b4a595c7b2a372662c3a8bb2fadf971,1783.29,69.02,7.242801546,54000,54000
49cc78e48b4a595c7b2a372662c3a8bb2fadf971,1801.66,69.96,7.303124704,54000,53000
49cc78e48b4a595c7b2a372662c3a8bb2fadf971,1817.04,70.38,7.373440690,54000,54000
49cc78e48b4a595c7b2a372662c3a8bb2fadf971,1804.81,70.24,7.308342412,54000,54000
49cc78e48b4a595c7b2a372662c3a8bb2fadf971,1821.15,70.73,7.389135520,54000,54000
49cc78e48b4a595c7b2a372662c3a8bb2fadf971,1800.34,69.90,7.311968166,54000,56000
49cc78e48b4a595c7b2a372662c3a8bb2fadf971,1847.53,71.96,7.489357884,54000,55000
49cc78e48b4a595c7b2a372662c3a8bb2fadf971,1800.87,69.96,7.304291542,54000,54000
49cc78e48b4a595c7b2a372662c3a8bb2fadf971,1797.71,70.03,7.285537208,54000,54000
49cc78e48b4a595c7b2a372662c3a8bb2fadf971,1835.88,71.43,7.432349995,54000,54000
49cc78e48b4a595c7b2a372662c3a8bb2fadf971,1800.19,69.83,7.290501580,54000,55000
49cc78e48b4a595c7b2a372662c3a8bb2fadf971,1838.67,71.30,7.467777386,54000,54000
49cc78e48b4a595c7b2a372662c3a8bb2fadf971,1832.51,71.08,7.437354153,55000,54000
49cc78e48b4a595c7b2a372662c3a8bb2fadf971,1800.52,69.76,7.317384159,54000,54000
49cc78e48b4a595c7b2a372662c3a8bb2fadf971,1805.47,70.19,7.306113615,54000,54000
49cc78e48b4a595c7b2a372662c3a8bb2fadf971,1817.47,70.60,7.356501571,54000,54000
49cc78e48b4a595c7b2a372662c3a8bb2fadf971,1823.93,70.54,7.404366785,54000,54000
49cc78e48b4a595c7b2a372662c3a8bb2fadf971,1793.38,69.49,7.261643805,54000,54000
49cc78e48b4a595c7b2a372662c3a8bb2fadf971,1821.36,71.14,7.363571895,55000,54000
db118beab88b333e4c02b09ace3b4030016afa82,1801.50,70.06,7.348478545,54000,53000
db118beab88b333e4c02b09ace3b4030016afa82,1823.81,70.62,7.385094028,55000,55000
db118beab88b333e4c02b09ace3b4030016afa82,1817.50,70.84,7.325112247,56000,54000
db118beab88b333e4c02b09ace3b4030016afa82,1799.89,70.23,7.291563117,54000,55000
db118beab88b333e4c02b09ace3b4030016afa82,1832.07,71.43,7.416160061,55000,55000
db118beab88b333e4c02b09ace3b4030016afa82,1848.07,71.68,7.504656752,54000,54000
db118beab88b333e4c02b09ace3b4030016afa82,1813.04,70.37,7.349311174,54000,54000
db118beab88b333e4c02b09ace3b4030016afa82,1797.59,69.97,7.275918437,54000,53000
db118beab88b333e4c02b09ace3b4030016afa82,1812.38,70.54,7.343742663,54000,54000
db118beab88b333e4c02b09ace3b4030016afa82,1831.54,71.37,7.421935660,54000,54000
db118beab88b333e4c02b09ace3b4030016afa82,1797.63,69.89,7.277121820,54000,54000
db118beab88b333e4c02b09ace3b4030016afa82,1827.10,71.21,7.415260820,54000,54000
db118beab88b333e4c02b09ace3b4030016afa82,1784.07,69.22,7.238563557,54000,54000
db118beab88b333e4c02b09ace3b4030016afa82,1799.90,70.02,7.295380923,54000,54000
db118beab88b333e4c02b09ace3b4030016afa82,1795.14,69.77,7.279279832,54000,54000
db118beab88b333e4c02b09ace3b4030016afa82,1806.76,70.22,7.324562741,54000,54000
db118beab88b333e4c02b09ace3b4030016afa82,1781.87,69.17,7.211188325,54000,54000
db118beab88b333e4c02b09ace3b4030016afa82,1814.03,70.43,7.345821240,54000,55000
db118beab88b333e4c02b09ace3b4030016afa82,1804.90,70.26,7.299470768,54000,54000
db118beab88b333e4c02b09ace3b4030016afa82,1770.96,68.60,7.198112448,54000,54000
db118beab88b333e4c02b09ace3b4030016afa82,1822.00,70.83,7.400405175,54000,54000
db118beab88b333e4c02b09ace3b4030016afa82,1845.17,71.96,7.465959187,54000,54000
db118beab88b333e4c02b09ace3b4030016afa82,1820.08,70.62,7.382943502,54000,54000
db118beab88b333e4c02b09ace3b4030016afa82,1811.76,70.16,7.350751229,54000,54000
db118beab88b333e4c02b09ace3b4030016afa82,1799.61,69.81,7.299763374,54000,54000
db118beab88b333e4c02b09ace3b4030016afa82,1784.74,69.47,7.243613118,54000,54000
db118beab88b333e4c02b09ace3b4030016afa82,1838.46,71.43,7.475139811,54000,54000
db118beab88b333e4c02b09ace3b4030016afa82,1787.17,69.17,7.235041476,54000,54000
db118beab88b333e4c02b09ace3b4030016afa82,1841.47,71.71,7.450050672,54000,54000
db118beab88b333e4c02b09ace3b4030016afa82,1804.07,69.98,7.320478594,55000,54000
0477d30738a801b403ac16f0035ff6e99be9d2c7,1788.20,69.45,7.266326585,54000,54000
0477d30738a801b403ac16f0035ff6e99be9d2c7,1796.54,69.79,7.270686071,54000,54000
0477d30738a801b403ac16f0035ff6e99be9d2c7,1831.20,71.18,7.409180731,55000,55000
0477d30738a801b403ac16f0035ff6e99be9d2c7,1797.56,69.75,7.289076164,54000,55000
0477d30738a801b403ac16f0035ff6e99be9d2c7,1803.90,69.88,7.327232763,55000,55000
0477d30738a801b403ac16f0035ff6e99be9d2c7,1788.18,69.68,7.233161734,54000,54000
0477d30738a801b403ac16f0035ff6e99be9d2c7,1777.57,68.93,7.221462748,54000,54000
0477d30738a801b403ac16f0035ff6e99be9d2c7,1809.87,70.22,7.326430171,54000,54000
0477d30738a801b403ac16f0035ff6e99be9d2c7,1783.95,69.32,7.244479166,54000,54000
0477d30738a801b403ac16f0035ff6e99be9d2c7,1793.18,69.25,7.287097477,54000,54000
0477d30738a801b403ac16f0035ff6e99be9d2c7,1784.28,69.18,7.244530125,55000,54000
0477d30738a801b403ac16f0035ff6e99be9d2c7,1798.73,70.04,7.280494954,54000,55000
0477d30738a801b403ac16f0035ff6e99be9d2c7,1788.91,69.28,7.249265187,54000,54000
0477d30738a801b403ac16f0035ff6e99be9d2c7,1809.27,70.56,7.324470343,54000,54000
0477d30738a801b403ac16f0035ff6e99be9d2c7,1778.82,69.31,7.220751927,54000,54000
0477d30738a801b403ac16f0035ff6e99be9d2c7,1794.57,69.91,7.256610210,54000,54000
0477d30738a801b403ac16f0035ff6e99be9d2c7,1819.29,70.61,7.398417740,54000,54000
0477d30738a801b403ac16f0035ff6e99be9d2c7,1821.21,70.68,7.376951918,54000,54000
0477d30738a801b403ac16f0035ff6e99be9d2c7,1802.26,69.95,7.312374016,54000,54000
0477d30738a801b403ac16f0035ff6e99be9d2c7,1798.91,70.16,7.301503945,54000,53000
0477d30738a801b403ac16f0035ff6e99be9d2c7,1784.74,69.39,7.231422461,54000,54000
0477d30738a801b403ac16f0035ff6e99be9d2c7,1791.74,69.58,7.271830946,54000,54000
0477d30738a801b403ac16f0035ff6e99be9d2c7,1796.07,69.92,7.260028901,54000,54000
0477d30738a801b403ac16f0035ff6e99be9d2c7,1805.31,70.00,7.298803457,54000,54000
0477d30738a801b403ac16f0035ff6e99be9d2c7,1795.38,69.71,7.257247882,54000,54000
0477d30738a801b403ac16f0035ff6e99be9d2c7,1812.22,70.40,7.355820672,54000,54000
0477d30738a801b403ac16f0035ff6e99be9d2c7,1847.69,71.86,7.471546915,55000,54000
0477d30738a801b403ac16f0035ff6e99be9d2c7,1831.52,71.31,7.417313316,54000,54000
0477d30738a801b403ac16f0035ff6e99be9d2c7,1804.15,70.52,7.299025141,54000,55000
0477d30738a801b403ac16f0035ff6e99be9d2c7,1790.19,69.84,7.230431346,54000,56000
61c56f06c20ab06ce9d1ef3f0bc7b4f71b917e1f,1835.34,71.21,7.442246231,54000,54000
61c56f06c20ab06ce9d1ef3f0bc7b4f71b917e1f,1783.71,69.15,7.230157129,54000,55000
61c56f06c20ab06ce9d1ef3f0bc7b4f71b917e1f,1823.55,70.93,7.380537539,54000,55000
61c56f06c20ab06ce9d1ef3f0bc7b4f71b917e1f,1809.95,70.38,7.333497123,55000,55000
61c56f06c20ab06ce9d1ef3f0bc7b4f71b917e1f,1789.86,69.57,7.259637564,54000,55000
61c56f06c20ab06ce9d1ef3f0bc7b4f71b917e1f,1802.98,69.93,7.329622628,54000,55000
61c56f06c20ab06ce9d1ef3f0bc7b4f71b917e1f,1792.73,69.64,7.258286267,54000,54000
61c56f06c20ab06ce9d1ef3f0bc7b4f71b917e1f,1830.88,71.30,7.423838724,54000,54000
61c56f06c20ab06ce9d1ef3f0bc7b4f71b917e1f,1835.75,71.61,7.433791177,54000,54000
61c56f06c20ab06ce9d1ef3f0bc7b4f71b917e1f,1796.35,69.86,7.296809933,54000,54000
61c56f06c20ab06ce9d1ef3f0bc7b4f71b917e1f,1825.11,71.05,7.387106173,54000,54000
61c56f06c20ab06ce9d1ef3f0bc7b4f71b917e1f,1793.39,69.63,7.278063316,54000,54000
61c56f06c20ab06ce9d1ef3f0bc7b4f71b917e1f,1792.86,69.68,7.260352154,54000,55000
61c56f06c20ab06ce9d1ef3f0bc7b4f71b917e1f,1806.22,70.32,7.325044140,54000,54000
61c56f06c20ab06ce9d1ef3f0bc7b4f71b917e1f,1789.50,69.30,7.259571381,55000,54000
61c56f06c20ab06ce9d1ef3f0bc7b4f71b917e1f,1828.52,70.91,7.432307677,54000,54000
61c56f06c20ab06ce9d1ef3f0bc7b4f71b917e1f,1793.28,69.72,7.269504905,54000,54000
61c56f06c20ab06ce9d1ef3f0bc7b4f71b917e1f,1787.88,69.53,7.249269406,54000,54000
61c56f06c20ab06ce9d1ef3f0bc7b4f71b917e1f,1803.31,70.15,7.309081739,55000,55000
61c56f06c20ab06ce9d1ef3f0bc7b4f71b917e1f,1806.25,70.24,7.324947336,53000,55000
61c56f06c20ab06ce9d1ef3f0bc7b4f71b917e1f,1806.52,70.36,7.318742867,55000,54000
61c56f06c20ab06ce9d1ef3f0bc7b4f71b917e1f,1817.15,70.64,7.360515956,53000,55000
61c56f06c20ab06ce9d1ef3f0bc7b4f71b917e1f,1817.82,70.55,7.383904434,54000,54000
61c56f06c20ab06ce9d1ef3f0bc7b4f71b917e1f,1807.92,70.29,7.336907410,54000,54000
61c56f06c20ab06ce9d1ef3f0bc7b4f71b917e1f,1813.50,70.71,7.346167305,54000,54000
61c56f06c20ab06ce9d1ef3f0bc7b4f71b917e1f,1783.31,69.33,7.214417494,54000,56000
61c56f06c20ab06ce9d1ef3f0bc7b4f71b917e1f,1790.73,69.73,7.253109458,54000,54000
61c56f06c20ab06ce9d1ef3f0bc7b4f71b917e1f,1812.07,70.44,7.351680188,54000,55000
61c56f06c20ab06ce9d1ef3f0bc7b4f71b917e1f,1797.14,69.82,7.270562058,55000,55000
61c56f06c20ab06ce9d1ef3f0bc7b4f71b917e1f,1830.52,71.23,7.422368465,54000,55000
bf62564b0edf59792b9e3e8fabec0b6f17e880d4,1825.01,70.95,7.384354270,54000,55000
bf62564b0edf59792b9e3e8fabec0b6f17e880d4,1787.89,69.50,7.237520036,55000,54000
bf62564b0edf59792b9e3e8fabec0b6f17e880d4,1804.18,70.27,7.312421876,54000,54000
bf62564b0edf59792b9e3e8fabec0b6f17e880d4,1841.05,71.58,7.455506131,54000,54000
bf62564b0edf59792b9e3e8fabec0b6f17e880d4,1785.46,69.45,7.224116551,54000,54000
bf62564b0edf59792b9e3e8fabec0b6f17e880d4,1821.83,70.87,7.387310960,56000,54000
bf62564b0edf59792b9e3e8fabec0b6f17e880d4,1800.56,70.05,7.287908584,54000,54000
bf62564b0edf59792b9e3e8fabec0b6f17e880d4,1784.32,69.25,7.246562091,54000,54000
bf62564b0edf59792b9e3e8fabec0b6f17e880d4,1822.28,70.90,7.397143482,54000,55000
bf62564b0edf59792b9e3e8fabec0b6f17e880d4,1826.77,71.09,7.414350226,54000,54000
bf62564b0edf59792b9e3e8fabec0b6f17e880d4,1802.96,70.28,7.313469605,54000,54000
bf62564b0edf59792b9e3e8fabec0b6f17e880d4,1781.61,69.32,7.215458537,54000,54000
bf62564b0edf59792b9e3e8fabec0b6f17e880d4,1791.70,69.48,7.279889425,54000,54000
bf62564b0edf59792b9e3e8fabec0b6f17e880d4,1788.57,69.30,7.245821934,54000,54000
bf62564b0edf59792b9e3e8fabec0b6f17e880d4,1805.42,69.86,7.332752066,54000,54000
bf62564b0edf59792b9e3e8fabec0b6f17e880d4,1799.17,70.03,7.273862555,54000,54000
bf62564b0edf59792b9e3e8fabec0b6f17e880d4,1808.57,70.35,7.335011953,54000,54000
bf62564b0edf59792b9e3e8fabec0b6f17e880d4,1814.67,70.31,7.360127524,54000,55000
bf62564b0edf59792b9e3e8fabec0b6f17e880d4,1809.85,69.88,7.347657254,54000,54000
bf62564b0edf59792b9e3e8fabec0b6f17e880d4,1828.55,71.33,7.403143285,55000,54000
bf62564b0edf59792b9e3e8fabec0b6f17e880d4,1809.05,70.42,7.345252799,54000,54000
bf62564b0edf59792b9e3e8fabec0b6f17e880d4,1796.93,69.86,7.284405442,54000,54000
bf62564b0edf59792b9e3e8fabec0b6f17e880d4,1823.87,71.17,7.393117000,54000,54000
bf62564b0edf59792b9e3e8fabec0b6f17e880d4,1799.68,69.89,7.312908301,54000,54000
bf62564b0edf59792b9e3e8fabec0b6f17e880d4,1804.27,69.91,7.314622563,54000,54000
bf62564b0edf59792b9e3e8fabec0b6f17e880d4,1812.32,70.52,7.333986226,54000,54000
bf62564b0edf59792b9e3e8fabec0b6f17e880d4,1838.03,71.50,7.463381679,54000,54000
bf62564b0edf59792b9e3e8fabec0b6f17e880d4,1799.16,69.63,7.304581722,55000,54000
bf62564b0edf59792b9e3e8fabec0b6f17e880d4,1794.58,69.57,7.272193977,54000,54000
bf62564b0edf59792b9e3e8fabec0b6f17e880d4,1821.85,70.71,7.403992448,54000,56000
ec260000d26e80789d13912bbbf0845c4e2c753c,1804.27,70.15,7.334733349,54000,54000
ec260000d26e80789d13912bbbf0845c4e2c753c,1805.03,69.91,7.301466316,54000,55000
ec260000d26e80789d13912bbbf0845c4e2c753c,1816.69,70.59,7.361524952,55000,55000
ec260000d26e80789d13912bbbf0845c4e2c753c,1804.99,70.16,7.319355058,54000,54000
ec260000d26e80789d13912bbbf0845c4e2c753c,1794.23,69.89,7.266506376,53000,54000
ec260000d26e80789d13912bbbf0845c4e2c753c,1807.66,70.53,7.317943672,54000,54000
ec260000d26e80789d13912bbbf0845c4e2c753c,1813.23,70.71,7.333768839,54000,54000
ec260000d26e80789d13912bbbf0845c4e2c753c,1816.35,70.45,7.362939819,54000,54000
ec260000d26e80789d13912bbbf0845c4e2c753c,1796.30,69.99,7.277024502,54000,54000
ec260000d26e80789d13912bbbf0845c4e2c753c,1819.65,70.65,7.378340885,55000,54000
ec260000d26e80789d13912bbbf0845c4e2c753c,1795.86,69.66,7.270117464,54000,54000
ec260000d26e80789d13912bbbf0845c4e2c753c,1815.18,70.85,7.355773878,54000,54000
ec260000d26e80789d13912bbbf0845c4e2c753c,1829.69,70.93,7.440402094,54000,54000
ec260000d26e80789d13912bbbf0845c4e2c753c,1814.62,70.53,7.363285685,54000,54000
ec260000d26e80789d13912bbbf0845c4e2c753c,1797.30,69.57,7.289326787,54000,55000
ec260000d26e80789d13912bbbf0845c4e2c753c,1797.39,69.84,7.280352453,55000,54000
ec260000d26e80789d13912bbbf0845c4e2c753c,1785.74,69.50,7.224058711,55000,54000
ec260000d26e80789d13912bbbf0845c4e2c753c,1815.70,70.57,7.353795780,54000,54000
ec260000d26e80789d13912bbbf0845c4e2c753c,1783.02,69.28,7.224042567,54000,54000
ec260000d26e80789d13912bbbf0845c4e2c753c,1821.26,70.63,7.402760292,54000,54000
ec260000d26e80789d13912bbbf0845c4e2c753c,1793.46,69.70,7.269723856,54000,54000
ec260000d26e80789d13912bbbf0845c4e2c753c,1798.49,69.80,7.279870303,54000,54000
ec260000d26e80789d13912bbbf0845c4e2c753c,1800.76,69.93,7.301185194,54000,54000
ec260000d26e80789d13912bbbf0845c4e2c753c,1784.12,69.06,7.234316186,54000,54000
ec260000d26e80789d13912bbbf0845c4e2c753c,1815.09,70.37,7.362976846,54000,54000
ec260000d26e80789d13912bbbf0845c4e2c753c,1781.37,68.94,7.234555458,54000,54000
ec260000d26e80789d13912bbbf0845c4e2c753c,1802.54,70.63,7.279045983,54000,54000
ec260000d26e80789d13912bbbf0845c4e2c753c,1800.03,69.78,7.296357562,55000,54000
ec260000d26e80789d13912bbbf0845c4e2c753c,1803.22,70.06,7.310536946,54000,55000
ec260000d26e80789d13912bbbf0845c4e2c753c,1807.26,70.14,7.320262323,55000,54000
29ceb2203b3bcae0817d035de77e14cda59d4e94,1811.05,70.25,7.349198086,54000,56000
29ceb2203b3bcae0817d035de77e14cda59d4e94,1807.57,70.07,7.317806896,56000,56000
29ceb2203b3bcae0817d035de77e14cda59d4e94,1800.96,69.84,7.277723609,55000,55000
29ceb2203b3bcae0817d035de77e14cda59d4e94,1807.12,70.61,7.314836991,56000,55000
29ceb2203b3bcae0817d035de77e14cda59d4e94,1815.01,70.68,7.361197646,55000,54000
29ceb2203b3bcae0817d035de77e14cda59d4e94,1813.73,70.56,7.349457392,55000,54000
29ceb2203b3bcae0817d035de77e14cda59d4e94,1805.70,70.27,7.319864131,54000,54000
29ceb2203b3bcae0817d035de77e14cda59d4e94,1789.72,69.91,7.237956788,55000,55000
29ceb2203b3bcae0817d035de77e14cda59d4e94,1810.10,70.68,7.333354951,54000,55000
29ceb2203b3bcae0817d035de77e14cda59d4e94,1815.96,70.69,7.349437606,54000,54000
29ceb2203b3bcae0817d035de77e14cda59d4e94,1786.75,69.35,7.266450833,54000,54000
29ceb2203b3bcae0817d035de77e14cda59d4e94,1842.27,71.81,7.469340343,54000,54000
29ceb2203b3bcae0817d035de77e14cda59d4e94,1813.13,70.63,7.344444953,53000,54000
29ceb2203b3bcae0817d035de77e14cda59d4e94,1804.70,70.20,7.303640136,54000,54000
29ceb2203b3bcae0817d035de77e14cda59d4e94,1801.16,70.06,7.286109630,53000,54000
29ceb2203b3bcae0817d035de77e14cda59d4e94,1793.97,69.64,7.280946726,54000,54000
29ceb2203b3bcae0817d035de77e14cda59d4e94,1813.76,70.54,7.350026055,54000,54000
29ceb2203b3bcae0817d035de77e14cda59d4e94,1811.04,70.29,7.337609062,54000,53000
29ceb2203b3bcae0817d035de77e14cda59d4e94,1810.15,70.39,7.328432862,54000,54000
29ceb2203b3bcae0817d035de77e14cda59d4e94,1786.02,69.37,7.233254234,54000,54000
29ceb2203b3bcae0817d035de77e14cda59d4e94,1793.90,69.95,7.256131832,54000,54000
29ceb2203b3bcae0817d035de77e14cda59d4e94,1791.69,69.84,7.254980683,54000,54000
29ceb2203b3bcae0817d035de77e14cda59d4e94,1799.79,70.07,7.288243772,54000,54000
29ceb2203b3bcae0817d035de77e14cda59d4e94,1814.34,70.40,7.367187858,54000,54000
29ceb2203b3bcae0817d035de77e14cda59d4e94,1799.66,69.71,7.289772380,54000,54000
29ceb2203b3bcae0817d035de77e14cda59d4e94,1793.02,69.44,7.273500179,54000,54000
29ceb2203b3bcae0817d035de77e14cda59d4e94,1786.01,69.26,7.243373195,55000,54000
29ceb2203b3bcae0817d035de77e14cda59d4e94,1794.81,69.55,7.274499153,54000,54000
29ceb2203b3bcae0817d035de77e14cda59d4e94,1813.27,70.49,7.354833710,54000,54000
29ceb2203b3bcae0817d035de77e14cda59d4e94,1804.37,70.22,7.310419081,54000,55000
bba9c6446bdea3dfc00ddc560e8fb692f1fce260,1823.66,70.62,7.382197142,55000,55000
bba9c6446bdea3dfc00ddc560e8fb692f1fce260,1801.19,69.93,7.290055022,54000,55000
bba9c6446bdea3dfc00ddc560e8fb692f1fce260,1817.54,70.77,7.340264487,54000,54000
bba9c6446bdea3dfc00ddc560e8fb692f1fce260,1805.29,70.12,7.300269851,54000,54000
bba9c6446bdea3dfc00ddc560e8fb692f1fce260,1812.12,70.41,7.347249931,55000,54000
bba9c6446bdea3dfc00ddc560e8fb692f1fce260,1788.67,69.50,7.250043675,54000,54000
bba9c6446bdea3dfc00ddc560e8fb692f1fce260,1799.88,69.82,7.290097046,54000,55000
bba9c6446bdea3dfc00ddc560e8fb692f1fce260,1824.52,70.95,7.391441661,54000,54000
bba9c6446bdea3dfc00ddc560e8fb692f1fce260,1810.21,70.84,7.316427144,54000,54000
bba9c6446bdea3dfc00ddc560e8fb692f1fce260,1814.04,70.39,7.371113268,54000,54000
bba9c6446bdea3dfc00ddc560e8fb692f1fce260,1809.81,70.15,7.346418042,54000,54000
bba9c6446bdea3dfc00ddc560e8fb692f1fce260,1794.05,69.72,7.265210710,54000,54000
bba9c6446bdea3dfc00ddc560e8fb692f1fce260,1778.48,69.08,7.196455728,54000,54000
bba9c6446bdea3dfc00ddc560e8fb692f1fce260,1775.61,68.74,7.210743922,54000,54000
bba9c6446bdea3dfc00ddc560e8fb692f1fce260,1779.81,69.03,7.221264796,54000,54000
bba9c6446bdea3dfc00ddc560e8fb692f1fce260,1817.95,70.87,7.362400603,54000,54000
bba9c6446bdea3dfc00ddc560e8fb692f1fce260,1800.99,70.22,7.292465482,54000,54000
bba9c6446bdea3dfc00ddc560e8fb692f1fce260,1798.09,69.73,7.302646464,54000,54000
bba9c6446bdea3dfc00ddc560e8fb692f1fce260,1821.64,70.70,7.383760359,54000,54000
bba9c6446bdea3dfc00ddc560e8fb692f1fce260,1772.84,68.87,7.203204700,54000,54000
bba9c6446bdea3dfc00ddc560e8fb692f1fce260,1812.78,70.43,7.339958422,54000,54000
bba9c6446bdea3dfc00ddc560e8fb692f1fce260,1805.02,70.00,7.327572235,54000,54000
bba9c6446bdea3dfc00ddc560e8fb692f1fce260,1807.11,70.30,7.306964700,54000,55000
bba9c6446bdea3dfc00ddc560e8fb692f1fce260,1820.30,71.03,7.372761567,54000,54000
bba9c6446bdea3dfc00ddc560e8fb692f1fce260,1827.54,71.07,7.410206950,54000,54000
bba9c6446bdea3dfc00ddc560e8fb692f1fce260,1814.15,70.87,7.334020301,55000,54000
bba9c6446bdea3dfc00ddc560e8fb692f1fce260,1806.15,70.05,7.323424656,54000,54000
bba9c6446bdea3dfc00ddc560e8fb692f1fce260,1794.86,69.78,7.264830243,55000,54000
bba9c6446bdea3dfc00ddc560e8fb692f1fce260,1791.58,69.69,7.254673233,54000,54000
bba9c6446bdea3dfc00ddc560e8fb692f1fce260,1806.51,70.65,7.307844966,54000,54000
6f3c94bd149b8fa3062bc359613784d27f0c533f,1820.03,70.91,7.377210957,54000,55000
6f3c94bd149b8fa3062bc359613784d27f0c533f,1794.67,69.38,7.292372220,54000,54000
6f3c94bd149b8fa3062bc359613784d27f0c533f,1812.87,70.51,7.325892189,55000,55000
6f3c94bd149b8fa3062bc359613784d27f0c533f,1826.42,71.08,7.368686771,54000,54000
6f3c94bd149b8fa3062bc359613784d27f0c533f,1816.28,70.66,7.349504590,54000,54000
6f3c94bd149b8fa3062bc359613784d27f0c533f,1801.39,70.03,7.288394161,55000,54000
6f3c94bd149b8fa3062bc359613784d27f0c533f,1812.35,70.48,7.356947616,54000,54000
6f3c94bd149b8fa3062bc359613784d27f0c533f,1800.25,69.79,7.307704923,54000,53000
6f3c94bd149b8fa3062bc359613784d27f0c533f,1821.51,71.19,7.387031205,53000,54000
6f3c94bd149b8fa3062bc359613784d27f0c533f,1809.07,70.19,7.326575825,54000,54000
6f3c94bd149b8fa3062bc359613784d27f0c533f,1784.10,69.44,7.230628677,54000,54000
6f3c94bd149b8fa3062bc359613784d27f0c533f,1808.90,70.35,7.332514809,55000,54000
6f3c94bd149b8fa3062bc359613784d27f0c533f,1776.08,68.71,7.211906811,54000,54000
6f3c94bd149b8fa3062bc359613784d27f0c533f,1817.06,70.52,7.361651138,55000,54000
6f3c94bd149b8fa3062bc359613784d27f0c533f,1810.70,70.30,7.337426873,54000,54000
6f3c94bd149b8fa3062bc359613784d27f0c533f,1792.39,70.11,7.257589859,54000,54000
6f3c94bd149b8fa3062bc359613784d27f0c533f,1811.47,70.31,7.334505643,54000,55000
6f3c94bd149b8fa3062bc359613784d27f0c533f,1828.97,71.24,7.401849125,54000,55000
6f3c94bd149b8fa3062bc359613784d27f0c533f,1819.18,70.98,7.362734857,54000,54000
6f3c94bd149b8fa3062bc359613784d27f0c533f,1795.62,69.70,7.272524172,54000,54000
6f3c94bd149b8fa3062bc359613784d27f0c533f,1795.65,69.61,7.277335228,54000,55000
6f3c94bd149b8fa3062bc359613784d27f0c533f,1821.86,70.93,7.389612161,54000,54000
6f3c94bd149b8fa3062bc359613784d27f0c533f,1816.48,70.81,7.350525989,55000,54000
6f3c94bd149b8fa3062bc359613784d27f0c533f,1805.10,70.27,7.330102217,54000,54000
6f3c94bd149b8fa3062bc359613784d27f0c533f,1814.67,70.47,7.375336602,54000,54000
6f3c94bd149b8fa3062bc359613784d27f0c533f,1804.76,70.31,7.320764582,54000,54000
6f3c94bd149b8fa3062bc359613784d27f0c533f,1804.59,70.12,7.290377096,54000,54000
6f3c94bd149b8fa3062bc359613784d27f0c533f,1830.07,70.72,7.417175603,54000,55000
6f3c94bd149b8fa3062bc359613784d27f0c533f,1795.34,69.63,7.285489345,54000,54000
6f3c94bd149b8fa3062bc359613784d27f0c533f,1805.97,70.39,7.308648227,54000,54000
7de066c906cb8c088cb0b5c69bdec427787b0968,1803.71,70.27,7.303871507,54000,54000
7de066c906cb8c088cb0b5c69bdec427787b0968,1810.55,70.49,7.314178042,56000,55000
7de066c906cb8c088cb0b5c69bdec427787b0968,1800.08,69.72,7.296243550,54000,54000
7de066c906cb8c088cb0b5c69bdec427787b0968,1821.01,70.60,7.414470671,54000,55000
7de066c906cb8c088cb0b5c69bdec427787b0968,1806.42,70.01,7.304581553,54000,54000
7de066c906cb8c088cb0b5c69bdec427787b0968,1799.20,69.86,7.306821516,54000,54000
7de066c906cb8c088cb0b5c69bdec427787b0968,1817.09,70.96,7.368290243,54000,54000
7de066c906cb8c088cb0b5c69bdec427787b0968,1809.65,70.57,7.319751937,54000,54000
7de066c906cb8c088cb0b5c69bdec427787b0968,1841.12,71.52,7.458792507,54000,54000
7de066c906cb8c088cb0b5c69bdec427787b0968,1815.69,70.60,7.356465038,54000,53000
7de066c906cb8c088cb0b5c69bdec427787b0968,1819.55,70.90,7.352403152,54000,54000
7de066c906cb8c088cb0b5c69bdec427787b0968,1786.58,69.33,7.242511499,55000,55000
7de066c906cb8c088cb0b5c69bdec427787b0968,1840.54,71.31,7.465776299,54000,54000
7de066c906cb8c088cb0b5c69bdec427787b0968,1845.86,71.68,7.482657772,54000,55000
7de066c906cb8c088cb0b5c69bdec427787b0968,1805.43,70.01,7.312270484,54000,54000
7de066c906cb8c088cb0b5c69bdec427787b0968,1797.53,70.04,7.270164209,54000,54000
7de066c906cb8c088cb0b5c69bdec427787b0968,1826.85,70.84,7.417096565,54000,54000
7de066c906cb8c088cb0b5c69bdec427787b0968,1816.18,70.47,7.371965691,55000,54000
7de066c906cb8c088cb0b5c69bdec427787b0968,1835.82,71.46,7.448910342,54000,53000
7de066c906cb8c088cb0b5c69bdec427787b0968,1805.60,70.39,7.302347846,54000,54000
7de066c906cb8c088cb0b5c69bdec427787b0968,1800.21,69.73,7.306210853,54000,54000
7de066c906cb8c088cb0b5c69bdec427787b0968,1830.83,71.20,7.431066738,54000,54000
7de066c906cb8c088cb0b5c69bdec427787b0968,1811.75,70.71,7.323687680,55000,54000
7de066c906cb8c088cb0b5c69bdec427787b0968,1810.08,70.57,7.340100738,55000,54000
7de066c906cb8c088cb0b5c69bdec427787b0968,1835.43,71.01,7.447605295,55000,54000
7de066c906cb8c088cb0b5c69bdec427787b0968,1823.27,71.02,7.386104809,54000,54000
7de066c906cb8c088cb0b5c69bdec427787b0968,1831.18,71.28,7.418971131,54000,54000
7de066c906cb8c088cb0b5c69bdec427787b0968,1803.68,69.79,7.327755341,54000,54000
7de066c906cb8c088cb0b5c69bdec427787b0968,1833.76,71.28,7.427775711,55000,54000
7de066c906cb8c088cb0b5c69bdec427787b0968,1795.74,70.14,7.280889360,55000,54000
a25ed08da4e6991c4f512ce208712c67b5160b27,1800.22,69.96,7.295574440,54000,54000
a25ed08da4e6991c4f512ce208712c67b5160b27,1786.31,69.40,7.245602005,55000,55000
a25ed08da4e6991c4f512ce208712c67b5160b27,1810.24,70.25,7.324599817,55000,54000
a25ed08da4e6991c4f512ce208712c67b5160b27,1841.99,71.87,7.439374020,54000,55000
a25ed08da4e6991c4f512ce208712c67b5160b27,1799.89,70.00,7.302325527,55000,56000
a25ed08da4e6991c4f512ce208712c67b5160b27,1798.91,70.16,7.272048031,54000,54000
a25ed08da4e6991c4f512ce208712c67b5160b27,1818.21,70.88,7.360904276,54000,55000
a25ed08da4e6991c4f512ce208712c67b5160b27,1793.59,69.84,7.285252091,54000,54000
a25ed08da4e6991c4f512ce208712c67b5160b27,1837.08,71.48,7.444582333,54000,54000
a25ed08da4e6991c4f512ce208712c67b5160b27,1803.63,70.32,7.303426931,54000,54000
a25ed08da4e6991c4f512ce208712c67b5160b27,1822.66,70.66,7.385710148,54000,54000
a25ed08da4e6991c4f512ce208712c67b5160b27,1811.17,70.20,7.344725975,54000,54000
a25ed08da4e6991c4f512ce208712c67b5160b27,1824.56,70.91,7.378957214,54000,54000
a25ed08da4e6991c4f512ce208712c67b5160b27,1797.27,70.01,7.280452331,54000,55000
a25ed08da4e6991c4f512ce208712c67b5160b27,1828.61,71.37,7.394663003,54000,54000
a25ed08da4e6991c4f512ce208712c67b5160b27,1827.08,71.38,7.406626345,53000,54000
a25ed08da4e6991c4f512ce208712c67b5160b27,1797.95,70.17,7.293533634,54000,54000
a25ed08da4e6991c4f512ce208712c67b5160b27,1790.50,69.71,7.262102345,55000,54000
a25ed08da4e6991c4f512ce208712c67b5160b27,1803.23,70.38,7.300935696,54000,54000
a25ed08da4e6991c4f512ce208712c67b5160b27,1789.81,69.73,7.223382441,54000,54000
a25ed08da4e6991c4f512ce208712c67b5160b27,1826.02,71.02,7.391632185,54000,54000
a25ed08da4e6991c4f512ce208712c67b5160b27,1804.65,69.84,7.319848384,54000,54000
a25ed08da4e6991c4f512ce208712c67b5160b27,1799.79,69.84,7.306231434,54000,54000
a25ed08da4e6991c4f512ce208712c67b5160b27,1784.28,69.23,7.229518511,55000,54000
a25ed08da4e6991c4f512ce208712c67b5160b27,1811.36,70.27,7.349265653,54000,54000
a25ed08da4e6991c4f512ce208712c67b5160b27,1825.57,70.99,7.398747222,54000,54000
a25ed08da4e6991c4f512ce208712c67b5160b27,1809.56,70.58,7.335187418,54000,54000
a25ed08da4e6991c4f512ce208712c67b5160b27,1809.83,70.23,7.311090889,54000,54000
a25ed08da4e6991c4f512ce208712c67b5160b27,1780.82,69.16,7.215088507,54000,53000
a25ed08da4e6991c4f512ce208712c67b5160b27,1807.29,70.48,7.333417471,54000,54000
0d9741cf552e324e015aa0146389352afa899f96,1825.21,71.29,7.378126000,54000,54000
0d9741cf552e324e015aa0146389352afa899f96,1789.87,69.66,7.237156961,55000,56000
0d9741cf552e324e015aa0146389352afa899f96,1796.12,69.95,7.264506954,55000,55000
0d9741cf552e324e015aa0146389352afa899f96,1820.59,71.06,7.365828830,54000,55000
0d9741cf552e324e015aa0146389352afa899f96,1807.95,70.27,7.339919135,54000,54000
0d9741cf552e324e015aa0146389352afa899f96,1833.00,71.48,7.414516136,54000,55000
0d9741cf552e324e015aa0146389352afa899f96,1795.15,69.71,7.283330195,54000,55000
0d9741cf552e324e015aa0146389352afa899f96,1818.29,71.01,7.364306089,54000,54000
0d9741cf552e324e015aa0146389352afa899f96,1786.08,69.63,7.238410848,54000,54000
0d9741cf552e324e015aa0146389352afa899f96,1797.78,69.87,7.281083965,54000,54000
0d9741cf552e324e015aa0146389352afa899f96,1789.86,69.53,7.243813639,53000,54000
0d9741cf552e324e015aa0146389352afa899f96,1816.65,70.54,7.353421630,54000,54000
0d9741cf552e324e015aa0146389352afa899f96,1796.55,69.93,7.275805261,54000,55000
0d9741cf552e324e015aa0146389352afa899f96,1793.09,69.64,7.271710853,54000,54000
0d9741cf552e324e015aa0146389352afa899f96,1806.83,70.26,7.329435743,54000,54000
0d9741cf552e324e015aa0146389352afa899f96,1806.59,70.32,7.322645616,54000,54000
0d9741cf552e324e015aa0146389352afa899f96,1819.17,70.95,7.370272191,54000,54000
0d9741cf552e324e015aa0146389352afa899f96,1806.30,70.16,7.326208561,54000,54000
0d9741cf552e324e015aa0146389352afa899f96,1796.73,69.76,7.267674906,54000,54000
0d9741cf552e324e015aa0146389352afa899f96,1812.10,70.62,7.339003797,54000,54000
0d9741cf552e324e015aa0146389352afa899f96,1793.03,69.53,7.280342788,54000,54000
0d9741cf552e324e015aa0146389352afa899f96,1782.52,68.93,7.232122378,54000,54000
0d9741cf552e324e015aa0146389352afa899f96,1816.59,70.69,7.362348368,54000,54000
0d9741cf552e324e015aa0146389352afa899f96,1814.91,70.94,7.318632610,53000,55000
0d9741cf552e324e015aa0146389352afa899f96,1825.89,70.95,7.393623928,55000,54000
0d9741cf552e324e015aa0146389352afa899f96,1836.06,71.76,7.428663319,54000,54000
0d9741cf552e324e015aa0146389352afa899f96,1804.59,69.96,7.298729401,55000,55000
0d9741cf552e324e015aa0146389352afa899f96,1803.02,69.90,7.302377668,54000,54000
0d9741cf552e324e015aa0146389352afa899f96,1825.69,71.26,7.400496501,55000,54000
0d9741cf552e324e015aa0146389352afa899f96,1809.18,70.43,7.326392186,54000,54000
9c861cd61afafd4da01a5a452205bf20d8ce5b44,1805.89,70.33,7.312027308,54000,54000
9c861cd61afafd4da01a5a452205bf20d8ce5b44,1783.83,69.24,7.241431072,54000,54000
9c861cd61afafd4da01a5a452205bf20d8ce5b44,1811.24,70.40,7.346430529,54000,54000
9c861cd61afafd4da01a5a452205bf20d8ce5b44,1811.28,70.52,7.346864488,54000,55000
9c861cd61afafd4da01a5a452205bf20d8ce5b44,1794.79,69.86,7.261606744,54000,54000
9c861cd61afafd4da01a5a452205bf20d8ce5b44,1796.80,69.72,7.285721504,54000,54000
9c861cd61afafd4da01a5a452205bf20d8ce5b44,1809.36,70.63,7.332483760,54000,54000
9c861cd61afafd4da01a5a452205bf20d8ce5b44,1806.28,70.17,7.326672433,54000,54000
9c861cd61afafd4da01a5a452205bf20d8ce5b44,1823.39,70.88,7.394868200,54000,54000
9c861cd61afafd4da01a5a452205bf20d8ce5b44,1797.45,69.91,7.265459065,54000,54000
9c861cd61afafd4da01a5a452205bf20d8ce5b44,1808.28,70.63,7.328615990,54000,54000
9c861cd61afafd4da01a5a452205bf20d8ce5b44,1799.25,69.81,7.305990390,55000,55000
9c861cd61afafd4da01a5a452205bf20d8ce5b44,1789.67,69.65,7.257166326,54000,54000
9c861cd61afafd4da01a5a452205bf20d8ce5b44,1808.96,70.24,7.325755051,55000,54000
9c861cd61afafd4da01a5a452205bf20d8ce5b44,1810.23,70.51,7.314291941,55000,54000
9c861cd61afafd4da01a5a452205bf20d8ce5b44,1836.32,71.57,7.438075745,54000,54000
9c861cd61afafd4da01a5a452205bf20d8ce5b44,1816.78,70.82,7.337315048,54000,54000
9c861cd61afafd4da01a5a452205bf20d8ce5b44,1814.55,70.54,7.339649668,55000,54000
9c861cd61afafd4da01a5a452205bf20d8ce5b44,1806.71,70.38,7.327015716,54000,54000
9c861cd61afafd4da01a5a452205bf20d8ce5b44,1805.84,70.57,7.303267019,55000,54000
9c861cd61afafd4da01a5a452205bf20d8ce5b44,1797.78,69.80,7.292818396,54000,54000
9c861cd61afafd4da01a5a452205bf20d8ce5b44,1810.46,70.82,7.315255744,55000,54000
9c861cd61afafd4da01a5a452205bf20d8ce5b44,1786.13,69.60,7.234821473,54000,55000
9c861cd61afafd4da01a5a452205bf20d8ce5b44,1804.96,70.38,7.318233225,55000,55000
9c861cd61afafd4da01a5a452205bf20d8ce5b44,1813.90,70.36,7.356168924,54000,55000
9c861cd61afafd4da01a5a452205bf20d8ce5b44,1798.74,70.12,7.276041938,55000,54000
9c861cd61afafd4da01a5a452205bf20d8ce5b44,1807.94,70.04,7.327029846,55000,55000
9c861cd61afafd4da01a5a452205bf20d8ce5b44,1828.59,71.07,7.425823107,54000,54000
9c861cd61afafd4da01a5a452205bf20d8ce5b44,1786.87,69.10,7.261823951,54000,55000
9c861cd61afafd4da01a5a452205bf20d8ce5b44,1811.70,70.38,7.368441169,54000,54000
1c0dbc010c793a1bc71c2776e96ddac9bcf1333c,1807.09,70.51,7.306295843,53000,54000
1c0dbc010c793a1bc71c2776e96ddac9bcf1333c,1816.06,70.85,7.386394134,54000,54000
1c0dbc010c793a1bc71c2776e96ddac9bcf1333c,1815.46,70.62,7.372343008,54000,54000
1c0dbc010c793a1bc71c2776e96ddac9bcf1333c,1830.10,71.20,7.415371872,54000,54000
1c0dbc010c793a1bc71c2776e96ddac9bcf1333c,1791.23,69.64,7.278483221,54000,55000
1c0dbc010c793a1bc71c2776e96ddac9bcf1333c,1796.79,69.85,7.293393563,54000,54000
1c0dbc010c793a1bc71c2776e96ddac9bcf1333c,1801.71,70.33,7.290102989,53000,54000
1c0dbc010c793a1bc71c2776e96ddac9bcf1333c,1795.69,69.73,7.279093008,54000,54000
1c0dbc010c793a1bc71c2776e96ddac9bcf1333c,1805.25,70.63,7.313113836,54000,54000
1c0dbc010c793a1bc71c2776e96ddac9bcf1333c,1823.03,70.82,7.383791444,55000,54000
1c0dbc010c793a1bc71c2776e96ddac9bcf1333c,1815.75,70.71,7.351419955,54000,54000
1c0dbc010c793a1bc71c2776e96ddac9bcf1333c,1782.84,69.21,7.227814740,55000,54000
1c0dbc010c793a1bc71c2776e96ddac9bcf1333c,1819.26,70.62,7.375229908,54000,54000
1c0dbc010c793a1bc71c2776e96ddac9bcf1333c,1813.43,70.92,7.327672027,54000,56000
1c0dbc010c793a1bc71c2776e96ddac9bcf1333c,1801.89,69.98,7.300983363,54000,54000
1c0dbc010c793a1bc71c2776e96ddac9bcf1333c,1791.67,69.90,7.263041507,54000,54000
1c0dbc010c793a1bc71c2776e96ddac9bcf1333c,1805.51,70.58,7.291939378,54000,55000
1c0dbc010c793a1bc71c2776e96ddac9bcf1333c,1800.56,70.22,7.314066722,55000,55000
1c0dbc010c793a1bc71c2776e96ddac9bcf1333c,1810.38,70.69,7.324459794,54000,54000
1c0dbc010c793a1bc71c2776e96ddac9bcf1333c,1802.56,70.49,7.286821368,55000,54000
1c0dbc010c793a1bc71c2776e96ddac9bcf1333c,1818.54,70.93,7.356239403,54000,54000
1c0dbc010c793a1bc71c2776e96ddac9bcf1333c,1816.14,70.95,7.349312095,55000,54000
1c0dbc010c793a1bc71c2776e96ddac9bcf1333c,1811.23,70.53,7.342150751,54000,54000
1c0dbc010c793a1bc71c2776e96ddac9bcf1333c,1817.73,71.14,7.356020893,54000,54000
1c0dbc010c793a1bc71c2776e96ddac9bcf1333c,1799.37,70.29,7.275655261,54000,55000
1c0dbc010c793a1bc71c2776e96ddac9bcf1333c,1830.46,71.18,7.438989290,55000,54000
1c0dbc010c793a1bc71c2776e96ddac9bcf1333c,1806.92,70.29,7.316217794,54000,54000
1c0dbc010c793a1bc71c2776e96ddac9bcf1333c,1804.71,70.40,7.308738296,54000,54000
1c0dbc010c793a1bc71c2776e96ddac9bcf1333c,1800.16,70.26,7.278235928,55000,54000
1c0dbc010c793a1bc71c2776e96ddac9bcf1333c,1816.77,70.79,7.356555188,54000,55000
0b5ff74da0223f36df750fbd6d036f677da234d6,1790.16,69.48,7.253105402,54000,54000
0b5ff74da0223f36df750fbd6d036f677da234d6,1795.04,70.23,7.259325149,54000,54000
0b5ff74da0223f36df750fbd6d036f677da234d6,1790.43,69.57,7.244205245,55000,55000
0b5ff74da0223f36df750fbd6d036f677da234d6,1831.14,71.78,7.394957698,54000,54000
0b5ff74da0223f36df750fbd6d036f677da234d6,1809.73,70.57,7.331959435,54000,54000
0b5ff74da0223f36df750fbd6d036f677da234d6,1790.51,69.69,7.261873463,54000,54000
0b5ff74da0223f36df750fbd6d036f677da234d6,1826.65,71.50,7.389622252,54000,54000
0b5ff74da0223f36df750fbd6d036f677da234d6,1813.78,70.64,7.354782175,54000,53000
0b5ff74da0223f36df750fbd6d036f677da234d6,1825.52,71.02,7.399869312,54000,54000
0b5ff74da0223f36df750fbd6d036f677da234d6,1822.59,70.95,7.389603113,53000,54000
0b5ff74da0223f36df750fbd6d036f677da234d6,1816.85,70.66,7.335899447,55000,55000
0b5ff74da0223f36df750fbd6d036f677da234d6,1830.25,71.15,7.430561194,54000,54000
0b5ff74da0223f36df750fbd6d036f677da234d6,1799.50,70.00,7.285309607,54000,54000
0b5ff74da0223f36df750fbd6d036f677da234d6,1826.11,71.12,7.404303778,54000,54000
0b5ff74da0223f36df750fbd6d036f677da234d6,1804.37,70.14,7.314438934,54000,54000
0b5ff74da0223f36df750fbd6d036f677da234d6,1803.31,70.02,7.314600438,55000,55000
0b5ff74da0223f36df750fbd6d036f677da234d6,1810.25,70.55,7.318023588,53000,54000
0b5ff74da0223f36df750fbd6d036f677da234d6,1801.03,70.08,7.308392595,54000,55000
0b5ff74da0223f36df750fbd6d036f677da234d6,1826.43,71.02,7.409553600,54000,55000
0b5ff74da0223f36df750fbd6d036f677da234d6,1830.55,71.13,7.435116243,54000,54000
0b5ff74da0223f36df750fbd6d036f677da234d6,1800.81,70.00,7.319291352,54000,55000
0b5ff74da0223f36df750fbd6d036f677da234d6,1808.89,70.44,7.332794716,54000,54000
0b5ff74da0223f36df750fbd6d036f677da234d6,1810.40,70.47,7.339595532,54000,55000
0b5ff74da0223f36df750fbd6d036f677da234d6,1809.70,70.19,7.347017507,55000,54000
0b5ff74da0223f36df750fbd6d036f677da234d6,1786.02,69.55,7.235185139,54000,54000
0b5ff74da0223f36df750fbd6d036f677da234d6,1823.61,70.90,7.379198021,54000,54000
0b5ff74da0223f36df750fbd6d036f677da234d6,1797.12,70.30,7.267536498,54000,54000
0b5ff74da0223f36df750fbd6d036f677da234d6,1849.49,72.14,7.485525730,54000,54000
0b5ff74da0223f36df750fbd6d036f677da234d6,1795.84,69.78,7.274472562,54000,54000
0b5ff74da0223f36df750fbd6d036f677da234d6,1814.50,70.57,7.344824343,54000,55000
9ca9aa3732ba7356ba4406d16a92a41df79163b6,1787.99,69.53,7.254296452,55000,54000
9ca9aa3732ba7356ba4406d16a92a41df79163b6,1796.10,69.86,7.290632256,53000,54000
9ca9aa3732ba7356ba4406d16a92a41df79163b6,1801.90,69.83,7.310455210,55000,55000
9ca9aa3732ba7356ba4406d16a92a41df79163b6,1807.28,70.45,7.315933045,55000,54000
9ca9aa3732ba7356ba4406d16a92a41df79163b6,1811.62,70.71,7.326856881,54000,54000
9ca9aa3732ba7356ba4406d16a92a41df79163b6,1816.16,70.61,7.350090589,54000,54000
9ca9aa3732ba7356ba4406d16a92a41df79163b6,1801.94,70.13,7.297703866,54000,55000
9ca9aa3732ba7356ba4406d16a92a41df79163b6,1813.84,70.65,7.354354609,54000,54000
9ca9aa3732ba7356ba4406d16a92a41df79163b6,1819.12,70.99,7.371116518,54000,54000
9ca9aa3732ba7356ba4406d16a92a41df79163b6,1809.33,70.26,7.334945842,54000,54000
9ca9aa3732ba7356ba4406d16a92a41df79163b6,1799.62,70.09,7.281051319,55000,54000
9ca9aa3732ba7356ba4406d16a92a41df79163b6,1804.99,70.18,7.311316157,55000,54000
9ca9aa3732ba7356ba4406d16a92a41df79163b6,1805.74,69.99,7.325990034,54000,54000
9ca9aa3732ba7356ba4406d16a92a41df79163b6,1824.65,71.20,7.402873402,54000,54000
9ca9aa3732ba7356ba4406d16a92a41df79163b6,1815.11,70.60,7.356387768,54000,54000
9ca9aa3732ba7356ba4406d16a92a41df79163b6,1804.38,70.28,7.323894582,54000,54000
9ca9aa3732ba7356ba4406d16a92a41df79163b6,1814.61,70.99,7.355337661,54000,54000
9ca9aa3732ba7356ba4406d16a92a41df79163b6,1806.57,70.42,7.334628175,55000,54000
9ca9aa3732ba7356ba4406d16a92a41df79163b6,1821.96,70.91,7.383999452,54000,56000
9ca9aa3732ba7356ba4406d16a92a41df79163b6,1787.48,69.21,7.266060846,53000,54000
9ca9aa3732ba7356ba4406d16a92a41df79163b6,1803.44,70.32,7.286144035,54000,55000
9ca9aa3732ba7356ba4406d16a92a41df79163b6,1782.13,69.35,7.227726171,54000,54000
9ca9aa3732ba7356ba4406d16a92a41df79163b6,1831.63,71.41,7.415172403,54000,55000
9ca9aa3732ba7356ba4406d16a92a41df79163b6,1799.74,70.16,7.280436994,55000,55000
9ca9aa3732ba7356ba4406d16a92a41df79163b6,1805.86,70.03,7.320355068,55000,55000
9ca9aa3732ba7356ba4406d16a92a41df79163b6,1805.50,70.10,7.326433701,54000,54000
9ca9aa3732ba7356ba4406d16a92a41df79163b6,1842.39,72.08,7.468504956,55000,54000
9ca9aa3732ba7356ba4406d16a92a41df79163b6,1787.06,69.25,7.260024065,55000,55000
9ca9aa3732ba7356ba4406d16a92a41df79163b6,1811.56,70.56,7.337131020,55000,54000
9ca9aa3732ba7356ba4406d16a92a41df79163b6,1820.05,71.11,7.362781780,55000,55000
50a6f8d6a9d9b53333480e6aaf59f480a7b26632,1801.16,70.17,7.281510951,54000,53000
50a6f8d6a9d9b53333480e6aaf59f480a7b26632,1794.23,69.84,7.282795368,54000,54000
50a6f8d6a9d9b53333480e6aaf59f480a7b26632,1813.80,70.68,7.331375391,54000,54000
50a6f8d6a9d9b53333480e6aaf59f480a7b26632,1809.27,70.44,7.320198746,54000,54000
50a6f8d6a9d9b53333480e6aaf59f480a7b26632,1813.59,70.91,7.331590440,55000,54000
50a6f8d6a9d9b53333480e6aaf59f480a7b26632,1834.00,71.56,7.425779058,54000,55000
50a6f8d6a9d9b53333480e6aaf59f480a7b26632,1809.58,70.35,7.320046273,54000,53000
50a6f8d6a9d9b53333480e6aaf59f480a7b26632,1794.92,69.90,7.277644602,54000,54000
50a6f8d6a9d9b53333480e6aaf59f480a7b26632,1809.24,70.52,7.320559270,54000,54000
50a6f8d6a9d9b53333480e6aaf59f480a7b26632,1823.27,70.65,7.407688978,54000,54000
50a6f8d6a9d9b53333480e6aaf59f480a7b26632,1811.35,70.51,7.358190432,54000,54000
50a6f8d6a9d9b53333480e6aaf59f480a7b26632,1797.68,70.13,7.276503482,54000,54000
50a6f8d6a9d9b53333480e6aaf59f480a7b26632,1811.83,70.50,7.343129250,54000,54000
50a6f8d6a9d9b53333480e6aaf59f480a7b26632,1815.08,70.66,7.357231549,54000,54000
50a6f8d6a9d9b53333480e6aaf59f480a7b26632,1800.34,70.04,7.289655556,54000,54000
50a6f8d6a9d9b53333480e6aaf59f480a7b26632,1800.06,69.99,7.294228486,54000,54000
50a6f8d6a9d9b53333480e6aaf59f480a7b26632,1828.78,71.19,7.395345270,54000,54000
50a6f8d6a9d9b53333480e6aaf59f480a7b26632,1837.25,71.94,7.418020146,54000,55000
50a6f8d6a9d9b53333480e6aaf59f480a7b26632,1809.32,70.33,7.323132535,56000,54000
50a6f8d6a9d9b53333480e6aaf59f480a7b26632,1825.61,71.62,7.372868745,54000,54000
50a6f8d6a9d9b53333480e6aaf59f480a7b26632,1815.85,70.87,7.370296267,54000,54000
50a6f8d6a9d9b53333480e6aaf59f480a7b26632,1826.08,71.28,7.399765675,53000,54000
50a6f8d6a9d9b53333480e6aaf59f480a7b26632,1822.01,71.32,7.363079812,55000,54000
50a6f8d6a9d9b53333480e6aaf59f480a7b26632,1826.93,71.01,7.414666018,54000,54000
50a6f8d6a9d9b53333480e6aaf59f480a7b26632,1788.57,69.56,7.259963565,55000,55000
50a6f8d6a9d9b53333480e6aaf59f480a7b26632,1813.50,70.33,7.359166745,54000,54000
50a6f8d6a9d9b53333480e6aaf59f480a7b26632,1820.44,71.06,7.371078374,55000,54000
50a6f8d6a9d9b53333480e6aaf59f480a7b26632,1827.17,71.19,7.404888934,55000,55000
50a6f8d6a9d9b53333480e6aaf59f480a7b26632,1807.76,70.48,7.315862210,55000,54000
50a6f8d6a9d9b53333480e6aaf59f480a7b26632,1800.91,69.92,7.303494484,54000,54000
16f05a9282a18b521ea4715839ad6e2ccb0ddf54,1789.71,69.50,7.288198811,54000,54000
16f05a9282a18b521ea4715839ad6e2ccb0ddf54,1813.30,70.49,7.355995967,54000,54000
16f05a9282a18b521ea4715839ad6e2ccb0ddf54,1800.02,70.27,7.281063319,54000,54000
16f05a9282a18b521ea4715839ad6e2ccb0ddf54,1806.08,70.28,7.316301445,54000,55000
16f05a9282a18b521ea4715839ad6e2ccb0ddf54,1823.42,71.31,7.362603588,54000,54000
16f05a9282a18b521ea4715839ad6e2ccb0ddf54,1799.24,70.07,7.292123011,54000,54000
16f05a9282a18b521ea4715839ad6e2ccb0ddf54,1800.72,70.18,7.288281707,54000,54000
16f05a9282a18b521ea4715839ad6e2ccb0ddf54,1846.53,71.92,7.483418457,54000,54000
16f05a9282a18b521ea4715839ad6e2ccb0ddf54,1809.74,70.32,7.342849588,54000,54000
16f05a9282a18b521ea4715839ad6e2ccb0ddf54,1805.28,70.37,7.302960828,54000,54000
16f05a9282a18b521ea4715839ad6e2ccb0ddf54,1820.07,70.67,7.367321373,55000,54000
16f05a9282a18b521ea4715839ad6e2ccb0ddf54,1811.64,70.46,7.327279802,54000,54000
16f05a9282a18b521ea4715839ad6e2ccb0ddf54,1815.62,70.87,7.358257231,54000,54000
16f05a9282a18b521ea4715839ad6e2ccb0ddf54,1807.17,70.50,7.323933181,54000,54000
16f05a9282a18b521ea4715839ad6e2ccb0ddf54,1834.02,71.72,7.427445006,54000,55000
16f05a9282a18b521ea4715839ad6e2ccb0ddf54,1804.82,70.58,7.317660681,54000,55000
16f05a9282a18b521ea4715839ad6e2ccb0ddf54,1833.53,71.59,7.430850564,54000,55000
16f05a9282a18b521ea4715839ad6e2ccb0ddf54,1777.38,69.03,7.213871329,54000,54000
16f05a9282a18b521ea4715839ad6e2ccb0ddf54,1815.60,70.78,7.346207238,54000,54000
16f05a9282a18b521ea4715839ad6e2ccb0ddf54,1792.98,69.91,7.272956102,55000,54000
16f05a9282a18b521ea4715839ad6e2ccb0ddf54,1815.20,70.48,7.370919644,54000,55000
16f05a9282a18b521ea4715839ad6e2ccb0ddf54,1787.76,69.44,7.229936200,55000,54000
16f05a9282a18b521ea4715839ad6e2ccb0ddf54,1810.92,70.21,7.348306752,54000,55000
16f05a9282a18b521ea4715839ad6e2ccb0ddf54,1812.27,70.58,7.335859746,54000,55000
16f05a9282a18b521ea4715839ad6e2ccb0ddf54,1819.32,70.65,7.383247979,54000,54000
16f05a9282a18b521ea4715839ad6e2ccb0ddf54,1811.52,70.71,7.324505436,54000,54000
16f05a9282a18b521ea4715839ad6e2ccb0ddf54,1788.14,69.44,7.242934291,54000,54000
16f05a9282a18b521ea4715839ad6e2ccb0ddf54,1801.28,70.16,7.290900177,55000,55000
16f05a9282a18b521ea4715839ad6e2ccb0ddf54,1787.39,69.35,7.254823942,54000,54000
16f05a9282a18b521ea4715839ad6e2ccb0ddf54,1805.46,70.09,7.313583697,54000,54000
385f462f1ba602a222507807cb18d8ac87c36c48,1818.91,70.90,7.400184929,54000,54000
385f462f1ba602a222507807cb18d8ac87c36c48,1858.46,72.62,7.529172850,54000,55000
385f462f1ba602a222507807cb18d8ac87c36c48,1851.80,71.92,7.514161144,54000,54000
385f462f1ba602a222507807cb18d8ac87c36c48,1793.52,69.63,7.262594118,54000,54000
385f462f1ba602a222507807cb18d8ac87c36c48,1835.84,71.41,7.441885047,54000,54000
385f462f1ba602a222507807cb18d8ac87c36c48,1807.25,70.34,7.323351846,54000,54000
385f462f1ba602a222507807cb18d8ac87c36c48,1815.11,70.82,7.347001627,54000,54000
385f462f1ba602a222507807cb18d8ac87c36c48,1818.89,70.74,7.369188098,54000,54000
385f462f1ba602a222507807cb18d8ac87c36c48,1819.42,70.64,7.388190089,55000,54000
385f462f1ba602a222507807cb18d8ac87c36c48,1824.85,70.69,7.410487057,54000,54000
385f462f1ba602a222507807cb18d8ac87c36c48,1817.78,70.71,7.380411270,54000,54000
385f462f1ba602a222507807cb18d8ac87c36c48,1801.41,70.00,7.308224322,54000,54000
385f462f1ba602a222507807cb18d8ac87c36c48,1842.08,71.76,7.474744908,54000,54000
385f462f1ba602a222507807cb18d8ac87c36c48,1814.85,70.43,7.359568661,54000,54000
385f462f1ba602a222507807cb18d8ac87c36c48,1812.86,70.68,7.338839185,54000,54000
385f462f1ba602a222507807cb18d8ac87c36c48,1796.71,69.83,7.283848690,55000,54000
385f462f1ba602a222507807cb18d8ac87c36c48,1811.37,70.59,7.350426356,55000,54000
385f462f1ba602a222507807cb18d8ac87c36c48,1840.05,71.73,7.469162917,54000,54000
385f462f1ba602a222507807cb18d8ac87c36c48,1845.81,72.49,7.473021545,54000,55000
385f462f1ba602a222507807cb18d8ac87c36c48,1799.06,70.13,7.288304607,55000,54000
385f462f1ba602a222507807cb18d8ac87c36c48,1810.70,70.54,7.351532649,54000,55000
385f462f1ba602a222507807cb18d8ac87c36c48,1822.25,71.23,7.365752720,55000,55000
385f462f1ba602a222507807cb18d8ac87c36c48,1823.19,70.92,7.390347219,54000,54000
385f462f1ba602a222507807cb18d8ac87c36c48,1809.06,70.55,7.324421945,54000,55000
385f462f1ba602a222507807cb18d8ac87c36c48,1823.76,71.17,7.370614889,55000,55000
385f462f1ba602a222507807cb18d8ac87c36c48,1835.42,71.44,7.446993604,54000,55000
385f462f1ba602a222507807cb18d8ac87c36c48,1824.93,71.18,7.379836486,55000,54000
385f462f1ba602a222507807cb18d8ac87c36c48,1840.49,71.55,7.462453192,54000,55000
385f462f1ba602a222507807cb18d8ac87c36c48,1815.47,70.46,7.365194677,54000,55000
385f462f1ba602a222507807cb18d8ac87c36c48,1827.46,71.11,7.417857891,55000,55000
4e055187e4d3ecbb71ffca0588ca7cd3ae11a2ef,1815.68,70.73,7.375092238,54000,54000
4e055187e4d3ecbb71ffca0588ca7cd3ae11a2ef,1811.50,70.61,7.328224438,54000,54000
4e055187e4d3ecbb71ffca0588ca7cd3ae11a2ef,1827.73,71.15,7.405770119,55000,55000
4e055187e4d3ecbb71ffca0588ca7cd3ae11a2ef,1821.07,70.74,7.379647493,54000,54000
4e055187e4d3ecbb71ffca0588ca7cd3ae11a2ef,1828.59,70.82,7.422931615,54000,54000
4e055187e4d3ecbb71ffca0588ca7cd3ae11a2ef,1825.10,70.91,7.404191555,55000,54000
4e055187e4d3ecbb71ffca0588ca7cd3ae11a2ef,1845.74,71.72,7.487143575,55000,54000
4e055187e4d3ecbb71ffca0588ca7cd3ae11a2ef,1806.24,70.20,7.325987302,54000,54000
4e055187e4d3ecbb71ffca0588ca7cd3ae11a2ef,1825.29,71.14,7.399792778,54000,54000
4e055187e4d3ecbb71ffca0588ca7cd3ae11a2ef,1835.42,71.46,7.443905767,54000,54000
4e055187e4d3ecbb71ffca0588ca7cd3ae11a2ef,1815.42,70.82,7.358993219,54000,54000
4e055187e4d3ecbb71ffca0588ca7cd3ae11a2ef,1835.08,71.35,7.449382558,53000,54000
4e055187e4d3ecbb71ffca0588ca7cd3ae11a2ef,1844.80,71.68,7.499036481,54000,54000
4e055187e4d3ecbb71ffca0588ca7cd3ae11a2ef,1824.15,71.14,7.374890334,54000,54000
4e055187e4d3ecbb71ffca0588ca7cd3ae11a2ef,1837.27,71.42,7.448897450,54000,54000
4e055187e4d3ecbb71ffca0588ca7cd3ae11a2ef,1813.82,70.59,7.343237028,54000,54000
4e055187e4d3ecbb71ffca0588ca7cd3ae11a2ef,1818.76,71.21,7.365205466,54000,54000
4e055187e4d3ecbb71ffca0588ca7cd3ae11a2ef,1844.13,72.08,7.472180702,54000,54000
4e055187e4d3ecbb71ffca0588ca7cd3ae11a2ef,1832.33,71.49,7.425710795,55000,54000
4e055187e4d3ecbb71ffca0588ca7cd3ae11a2ef,1824.97,71.07,7.418138927,54000,54000
4e055187e4d3ecbb71ffca0588ca7cd3ae11a2ef,1829.81,71.70,7.374954747,54000,54000
4e055187e4d3ecbb71ffca0588ca7cd3ae11a2ef,1817.10,70.83,7.358975383,56000,55000
4e055187e4d3ecbb71ffca0588ca7cd3ae11a2ef,1842.74,71.78,7.456105226,54000,55000
4e055187e4d3ecbb71ffca0588ca7cd3ae11a2ef,1795.87,69.86,7.280333733,54000,54000
4e055187e4d3ecbb71ffca0588ca7cd3ae11a2ef,1814.28,70.63,7.348685778,55000,54000
4e055187e4d3ecbb71ffca0588ca7cd3ae11a2ef,1820.83,70.52,7.388521306,54000,54000
4e055187e4d3ecbb71ffca0588ca7cd3ae11a2ef,1817.59,70.40,7.385831582,54000,54000
4e055187e4d3ecbb71ffca0588ca7cd3ae11a2ef,1825.95,70.91,7.414599010,54000,55000
4e055187e4d3ecbb71ffca0588ca7cd3ae11a2ef,1792.03,69.68,7.253710254,54000,54000
4e055187e4d3ecbb71ffca0588ca7cd3ae11a2ef,1823.69,71.12,7.372041572,54000,55000
13e885041a25e81bb3d8a2106bf5a3a31712c7dc,1786.82,69.81,7.246491757,54000,54000
13e885041a25e81bb3d8a2106bf5a3a31712c7dc,1820.20,70.84,7.385440070,54000,55000
13e885041a25e81bb3d8a2106bf5a3a31712c7dc,1811.84,70.53,7.353033359,55000,55000
13e885041a25e81bb3d8a2106bf5a3a31712c7dc,1832.66,71.34,7.442028767,54000,54000
13e885041a25e81bb3d8a2106bf5a3a31712c7dc,1818.76,70.70,7.374358426,54000,54000
13e885041a25e81bb3d8a2106bf5a3a31712c7dc,1817.48,70.86,7.356478159,54000,54000
13e885041a25e81bb3d8a2106bf5a3a31712c7dc,1812.85,70.45,7.345841770,54000,54000
13e885041a25e81bb3d8a2106bf5a3a31712c7dc,1838.18,71.44,7.459005376,54000,54000
13e885041a25e81bb3d8a2106bf5a3a31712c7dc,1828.97,70.99,7.416633251,54000,54000
13e885041a25e81bb3d8a2106bf5a3a31712c7dc,1821.29,70.82,7.386422832,54000,54000
13e885041a25e81bb3d8a2106bf5a3a31712c7dc,1812.03,70.55,7.341863190,54000,54000
13e885041a25e81bb3d8a2106bf5a3a31712c7dc,1813.35,70.43,7.352204831,54000,54000
13e885041a25e81bb3d8a2106bf5a3a31712c7dc,1823.28,71.13,7.374588155,54000,54000
13e885041a25e81bb3d8a2106bf5a3a31712c7dc,1849.05,72.00,7.483242557,54000,54000
13e885041a25e81bb3d8a2106bf5a3a31712c7dc,1796.28,69.95,7.275440436,54000,54000
13e885041a25e81bb3d8a2106bf5a3a31712c7dc,1830.39,71.05,7.428565795,54000,55000
13e885041a25e81bb3d8a2106bf5a3a31712c7dc,1842.13,71.54,7.476123271,54000,54000
13e885041a25e81bb3d8a2106bf5a3a31712c7dc,1844.56,71.96,7.468647044,54000,55000
13e885041a25e81bb3d8a2106bf5a3a31712c7dc,1838.50,71.73,7.471663895,54000,54000
13e885041a25e81bb3d8a2106bf5a3a31712c7dc,1841.35,71.94,7.460481230,54000,54000
13e885041a25e81bb3d8a2106bf5a3a31712c7dc,1819.33,71.12,7.374288856,55000,54000
13e885041a25e81bb3d8a2106bf5a3a31712c7dc,1832.18,71.42,7.420100084,54000,54000
13e885041a25e81bb3d8a2106bf5a3a31712c7dc,1825.73,71.07,7.424513033,55000,55000
13e885041a25e81bb3d8a2106bf5a3a31712c7dc,1815.02,70.42,7.370797884,56000,55000
13e885041a25e81bb3d8a2106bf5a3a31712c7dc,1816.19,70.70,7.349421748,54000,55000
13e885041a25e81bb3d8a2106bf5a3a31712c7dc,1840.68,71.74,7.446562352,54000,54000
13e885041a25e81bb3d8a2106bf5a3a31712c7dc,1809.56,70.33,7.342021353,54000,54000
13e885041a25e81bb3d8a2106bf5a3a31712c7dc,1844.15,72.19,7.480333060,54000,54000
13e885041a25e81bb3d8a2106bf5a3a31712c7dc,1800.48,70.29,7.284527768,54000,55000
13e885041a25e81bb3d8a2106bf5a3a31712c7dc,1808.79,70.56,7.324524681,54000,55000
d11c5d38734b5f6fefc919e1777e66777e464b7a,1817.19,70.69,7.362695761,54000,54000
d11c5d38734b5f6fefc919e1777e66777e464b7a,1850.10,72.08,7.485312684,54000,54000
d11c5d38734b5f6fefc919e1777e66777e464b7a,1815.32,70.69,7.344171908,54000,54000
d11c5d38734b5f6fefc919e1777e66777e464b7a,1825.44,70.92,7.417711255,54000,54000
d11c5d38734b5f6fefc919e1777e66777e464b7a,1826.30,71.10,7.400280270,54000,55000
d11c5d38734b5f6fefc919e1777e66777e464b7a,1819.35,70.61,7.383087535,54000,54000
d11c5d38734b5f6fefc919e1777e66777e464b7a,1835.59,71.28,7.438337350,54000,54000
d11c5d38734b5f6fefc919e1777e66777e464b7a,1827.36,71.14,7.415762785,55000,54000
d11c5d38734b5f6fefc919e1777e66777e464b7a,1818.38,70.88,7.379192125,54000,54000
d11c5d38734b5f6fefc919e1777e66777e464b7a,1803.77,70.11,7.327629016,54000,54000
d11c5d38734b5f6fefc919e1777e66777e464b7a,1798.80,69.35,7.321904549,54000,54000
d11c5d38734b5f6fefc919e1777e66777e464b7a,1805.74,70.12,7.328090975,54000,54000
d11c5d38734b5f6fefc919e1777e66777e464b7a,1808.31,70.54,7.324938665,55000,54000
d11c5d38734b5f6fefc919e1777e66777e464b7a,1823.43,70.92,7.384979169,54000,54000
d11c5d38734b5f6fefc919e1777e66777e464b7a,1806.21,70.24,7.321352777,54000,54000
d11c5d38734b5f6fefc919e1777e66777e464b7a,1841.38,71.72,7.479700512,54000,54000
d11c5d38734b5f6fefc919e1777e66777e464b7a,1810.78,70.46,7.352986996,55000,54000
d11c5d38734b5f6fefc919e1777e66777e464b7a,1791.26,69.80,7.260357614,54000,54000
d11c5d38734b5f6fefc919e1777e66777e464b7a,1827.71,71.11,7.421665415,54000,54000
d11c5d38734b5f6fefc919e1777e66777e464b7a,1821.60,71.03,7.358972285,54000,54000
d11c5d38734b5f6fefc919e1777e66777e464b7a,1841.10,72.05,7.446927629,55000,54000
d11c5d38734b5f6fefc919e1777e66777e464b7a,1820.84,70.77,7.388008714,54000,55000
d11c5d38734b5f6fefc919e1777e66777e464b7a,1818.92,70.95,7.362205098,54000,54000
d11c5d38734b5f6fefc919e1777e66777e464b7a,1818.13,70.81,7.375272374,55000,56000
d11c5d38734b5f6fefc919e1777e66777e464b7a,1828.66,71.28,7.429325847,54000,54000
d11c5d38734b5f6fefc919e1777e66777e464b7a,1805.12,70.75,7.305952753,54000,55000
d11c5d38734b5f6fefc919e1777e66777e464b7a,1831.57,71.69,7.420492216,54000,54000
d11c5d38734b5f6fefc919e1777e66777e464b7a,1844.49,71.84,7.472801654,54000,54000
d11c5d38734b5f6fefc919e1777e66777e464b7a,1818.99,70.73,7.363273140,55000,54000
d11c5d38734b5f6fefc919e1777e66777e464b7a,1839.92,71.66,7.455649342,54000,54000
cfa86a96ef8e2da25d1bc46441383c79995b75b8,1804.07,70.08,7.319524167,54000,54000
cfa86a96ef8e2da25d1bc46441383c79995b75b8,1810.13,70.32,7.347656849,54000,54000
cfa86a96ef8e2da25d1bc46441383c79995b75b8,1801.91,70.28,7.310279370,54000,54000
cfa86a96ef8e2da25d1bc46441383c79995b75b8,1811.28,70.79,7.335353638,54000,54000
cfa86a96ef8e2da25d1bc46441383c79995b75b8,1836.41,71.53,7.446064582,54000,54000
cfa86a96ef8e2da25d1bc46441383c79995b75b8,1834.09,71.56,7.425692475,54000,54000
cfa86a96ef8e2da25d1bc46441383c79995b75b8,1827.60,71.01,7.416456214,54000,54000
cfa86a96ef8e2da25d1bc46441383c79995b75b8,1816.62,70.97,7.357604796,54000,54000
cfa86a96ef8e2da25d1bc46441383c79995b75b8,1844.80,71.98,7.468797316,54000,54000
cfa86a96ef8e2da25d1bc46441383c79995b75b8,1829.71,71.19,7.420483389,54000,54000
cfa86a96ef8e2da25d1bc46441383c79995b75b8,1827.76,71.32,7.424333313,54000,54000
cfa86a96ef8e2da25d1bc46441383c79995b75b8,1799.11,70.11,7.285307719,54000,55000
cfa86a96ef8e2da25d1bc46441383c79995b75b8,1808.02,70.19,7.328898496,54000,54000
cfa86a96ef8e2da25d1bc46441383c79995b75b8,1861.72,72.71,7.528797579,54000,54000
cfa86a96ef8e2da25d1bc46441383c79995b75b8,1830.67,71.23,7.410546617,55000,55000
cfa86a96ef8e2da25d1bc46441383c79995b75b8,1805.14,70.69,7.297310189,54000,54000
cfa86a96ef8e2da25d1bc46441383c79995b75b8,1819.56,71.17,7.373231701,54000,54000
cfa86a96ef8e2da25d1bc46441383c79995b75b8,1823.07,71.26,7.386266157,54000,54000
cfa86a96ef8e2da25d1bc46441383c79995b75b8,1826.90,71.28,7.415888718,54000,55000
cfa86a96ef8e2da25d1bc46441383c79995b75b8,1832.00,71.54,7.425415067,54000,55000
cfa86a96ef8e2da25d1bc46441383c79995b75b8,1820.45,70.84,7.380561259,54000,54000
cfa86a96ef8e2da25d1bc46441383c79995b75b8,1815.45,70.66,7.353208573,54000,54000
cfa86a96ef8e2da25d1bc46441383c79995b75b8,1838.69,71.65,7.447793765,54000,55000
cfa86a96ef8e2da25d1bc46441383c79995b75b8,1832.32,71.38,7.437935064,54000,54000
cfa86a96ef8e2da25d1bc46441383c79995b75b8,1838.09,71.51,7.431331301,55000,54000
cfa86a96ef8e2da25d1bc46441383c79995b75b8,1822.02,70.90,7.393061897,55000,54000
cfa86a96ef8e2da25d1bc46441383c79995b75b8,1833.46,71.44,7.450404248,54000,54000
cfa86a96ef8e2da25d1bc46441383c79995b75b8,1807.12,70.32,7.316867796,54000,54000
cfa86a96ef8e2da25d1bc46441383c79995b75b8,1806.78,70.15,7.326607689,54000,54000
cfa86a96ef8e2da25d1bc46441383c79995b75b8,1805.78,69.89,7.333200477,55000,54000
1bbc221474b84766030eadc567a0bce8cb06bd01,1826.43,71.25,7.427834082,54000,54000
1bbc221474b84766030eadc567a0bce8cb06bd01,1822.40,70.94,7.398306109,54000,54000
1bbc221474b84766030eadc567a0bce8cb06bd01,1806.26,70.19,7.323869204,54000,54000
1bbc221474b84766030eadc567a0bce8cb06bd01,1794.09,69.69,7.267468526,54000,54000
1bbc221474b84766030eadc567a0bce8cb06bd01,1834.18,71.48,7.426646041,54000,54000
1bbc221474b84766030eadc567a0bce8cb06bd01,1839.28,71.64,7.457315945,54000,55000
1bbc221474b84766030eadc567a0bce8cb06bd01,1821.32,70.92,7.388709108,54000,53000
1bbc221474b84766030eadc567a0bce8cb06bd01,1805.83,70.43,7.309761569,54000,54000
1bbc221474b84766030eadc567a0bce8cb06bd01,1825.62,70.98,7.424594549,54000,54000
1bbc221474b84766030eadc567a0bce8cb06bd01,1808.55,70.38,7.316564350,54000,54000
1bbc221474b84766030eadc567a0bce8cb06bd01,1803.67,70.33,7.316052257,54000,54000
1bbc221474b84766030eadc567a0bce8cb06bd01,1823.72,71.42,7.373624383,54000,54000
1bbc221474b84766030eadc567a0bce8cb06bd01,1838.20,71.83,7.439959048,54000,54000
1bbc221474b84766030eadc567a0bce8cb06bd01,1833.67,71.39,7.428188506,55000,54000
1bbc221474b84766030eadc567a0bce8cb06bd01,1832.42,71.40,7.435025009,54000,54000
1bbc221474b84766030eadc567a0bce8cb06bd01,1820.97,70.80,7.393116717,54000,55000
1bbc221474b84766030eadc567a0bce8cb06bd01,1815.33,70.81,7.358135948,54000,54000
1bbc221474b84766030eadc567a0bce8cb06bd01,1816.01,70.74,7.357110321,54000,54000
1bbc221474b84766030eadc567a0bce8cb06bd01,1818.51,70.79,7.369514581,54000,54000
1bbc221474b84766030eadc567a0bce8cb06bd01,1836.63,71.64,7.453002123,54000,54000
1bbc221474b84766030eadc567a0bce8cb06bd01,1802.44,70.44,7.304685986,54000,53000
1bbc221474b84766030eadc567a0bce8cb06bd01,1812.74,70.45,7.350068461,54000,55000
1bbc221474b84766030eadc567a0bce8cb06bd01,1835.15,71.54,7.438206007,55000,54000
1bbc221474b84766030eadc567a0bce8cb06bd01,1826.02,71.14,7.390392758,54000,54000
1bbc221474b84766030eadc567a0bce8cb06bd01,1818.25,70.86,7.361854626,56000,54000
1bbc221474b84766030eadc567a0bce8cb06bd01,1835.46,71.23,7.441132756,54000,54000
1bbc221474b84766030eadc567a0bce8cb06bd01,1835.28,71.44,7.435346374,54000,54000
1bbc221474b84766030eadc567a0bce8cb06bd01,1816.65,71.15,7.338369813,55000,55000
1bbc221474b84766030eadc567a0bce8cb06bd01,1815.53,71.06,7.338305796,55000,55000
1bbc221474b84766030eadc567a0bce8cb06bd01,1828.48,70.98,7.407966492,54000,54000
c3484e064ea3378cb1e3fff88a9d43235a501103,1819.09,70.85,7.375417722,54000,54000
c3484e064ea3378cb1e3fff88a9d43235a501103,1857.51,72.52,7.525114020,54000,54000
c3484e064ea3378cb1e3fff88a9d43235a501103,1811.30,70.50,7.339736501,54000,54000
c3484e064ea3378cb1e3fff88a9d43235a501103,1826.00,70.90,7.403817848,54000,54000
c3484e064ea3378cb1e3fff88a9d43235a501103,1827.28,71.45,7.407060256,54000,54000
c3484e064ea3378cb1e3fff88a9d43235a501103,1835.94,71.40,7.435745833,54000,54000
c3484e064ea3378cb1e3fff88a9d43235a501103,1810.23,70.17,7.351274417,55000,55000
c3484e064ea3378cb1e3fff88a9d43235a501103,1796.11,70.12,7.278950073,55000,54000
c3484e064ea3378cb1e3fff88a9d43235a501103,1839.19,71.45,7.473234514,55000,54000
c3484e064ea3378cb1e3fff88a9d43235a501103,1809.71,70.36,7.332738421,55000,55000
c3484e064ea3378cb1e3fff88a9d43235a501103,1805.64,70.28,7.309033507,54000,55000
c3484e064ea3378cb1e3fff88a9d43235a501103,1820.45,70.48,7.405255555,54000,54000
c3484e064ea3378cb1e3fff88a9d43235a501103,1820.70,71.05,7.346033524,54000,54000
c3484e064ea3378cb1e3fff88a9d43235a501103,1819.22,70.87,7.362613809,54000,55000
c3484e064ea3378cb1e3fff88a9d43235a501103,1841.18,71.70,7.462577517,53000,54000
c3484e064ea3378cb1e3fff88a9d43235a501103,1815.31,70.81,7.350549027,54000,54000
c3484e064ea3378cb1e3fff88a9d43235a501103,1800.20,70.30,7.299746675,54000,55000
c3484e064ea3378cb1e3fff88a9d43235a501103,1803.29,70.36,7.315521641,54000,54000
c3484e064ea3378cb1e3fff88a9d43235a501103,1814.26,70.48,7.351497085,54000,54000
c3484e064ea3378cb1e3fff88a9d43235a501103,1840.52,71.50,7.469310502,55000,55000
c3484e064ea3378cb1e3fff88a9d43235a501103,1803.69,70.33,7.308225416,54000,54000
c3484e064ea3378cb1e3fff88a9d43235a501103,1816.11,71.07,7.341132214,55000,55000
c3484e064ea3378cb1e3fff88a9d43235a501103,1821.10,70.84,7.399761678,55000,55000
c3484e064ea3378cb1e3fff88a9d43235a501103,1849.27,72.27,7.489049291,55000,54000
c3484e064ea3378cb1e3fff88a9d43235a501103,1832.78,71.48,7.412490582,54000,54000
c3484e064ea3378cb1e3fff88a9d43235a501103,1821.61,70.85,7.385253541,54000,55000
c3484e064ea3378cb1e3fff88a9d43235a501103,1830.31,71.17,7.400673651,54000,54000
c3484e064ea3378cb1e3fff88a9d43235a501103,1809.66,70.37,7.342259132,54000,55000
c3484e064ea3378cb1e3fff88a9d43235a501103,1798.59,69.96,7.274950344,55000,54000
c3484e064ea3378cb1e3fff88a9d43235a501103,1803.75,70.22,7.319947905,54000,54000
a16bd132b293889761c27de872af50adc8d60923,1825.07,71.26,7.398789538,54000,53000
a16bd132b293889761c27de872af50adc8d60923,1807.19,70.27,7.333218826,54000,54000
a16bd132b293889761c27de872af50adc8d60923,1804.32,70.04,7.319125100,55000,54000
a16bd132b293889761c27de872af50adc8d60923,1823.73,71.12,7.398435281,54000,54000
a16bd132b293889761c27de872af50adc8d60923,1825.47,71.08,7.407515936,54000,54000
a16bd132b293889761c27de872af50adc8d60923,1816.40,70.92,7.368577448,54000,54000
a16bd132b293889761c27de872af50adc8d60923,1823.11,70.87,7.391625797,54000,55000
a16bd132b293889761c27de872af50adc8d60923,1798.18,70.32,7.287311416,54000,54000
a16bd132b293889761c27de872af50adc8d60923,1820.72,70.99,7.388949975,54000,54000
a16bd132b293889761c27de872af50adc8d60923,1834.65,71.68,7.425677814,54000,54000
a16bd132b293889761c27de872af50adc8d60923,1811.48,70.74,7.329382504,55000,54000
a16bd132b293889761c27de872af50adc8d60923,1817.64,70.62,7.369029547,55000,54000
a16bd132b293889761c27de872af50adc8d60923,1808.63,70.64,7.337068941,54000,54000
a16bd132b293889761c27de872af50adc8d60923,1814.67,70.62,7.354469439,55000,56000
a16bd132b293889761c27de872af50adc8d60923,1846.69,72.09,7.485256443,54000,54000
a16bd132b293889761c27de872af50adc8d60923,1832.87,71.09,7.449614198,54000,54000
a16bd132b293889761c27de872af50adc8d60923,1812.65,70.78,7.330539151,54000,54000
a16bd132b293889761c27de872af50adc8d60923,1825.97,71.08,7.408694646,54000,55000
a16bd132b293889761c27de872af50adc8d60923,1813.20,70.67,7.352614681,55000,54000
a16bd132b293889761c27de872af50adc8d60923,1814.94,70.82,7.360209842,54000,54000
a16bd132b293889761c27de872af50adc8d60923,1825.64,71.22,7.380924160,54000,55000
a16bd132b293889761c27de872af50adc8d60923,1806.16,70.58,7.314845126,54000,54000
a16bd132b293889761c27de872af50adc8d60923,1811.12,70.48,7.339415849,54000,54000
a16bd132b293889761c27de872af50adc8d60923,1836.29,71.63,7.424025880,54000,54000
a16bd132b293889761c27de872af50adc8d60923,1840.63,71.84,7.447347781,54000,54000
a16bd132b293889761c27de872af50adc8d60923,1810.61,70.54,7.310161065,54000,54000
a16bd132b293889761c27de872af50adc8d60923,1805.86,70.13,7.313816272,54000,54000
a16bd132b293889761c27de872af50adc8d60923,1809.70,70.32,7.334920211,54000,54000
a16bd132b293889761c27de872af50adc8d60923,1824.74,71.06,7.403681659,55000,54000
a16bd132b293889761c27de872af50adc8d60923,1822.76,71.05,7.375316116,55000,54000
45b6155960cf47612338e8173d97c059db6df62c,1836.35,71.33,7.436269281,54000,54000
45b6155960cf47612338e8173d97c059db6df62c,1824.47,70.99,7.399451499,53000,54000
45b6155960cf47612338e8173d97c059db6df62c,1825.25,71.46,7.391577968,54000,54000
45b6155960cf47612338e8173d97c059db6df62c,1802.63,69.87,7.315668924,55000,55000
45b6155960cf47612338e8173d97c059db6df62c,1806.48,70.22,7.324554424,55000,54000
45b6155960cf47612338e8173d97c059db6df62c,1797.46,69.98,7.283279083,54000,54000
45b6155960cf47612338e8173d97c059db6df62c,1807.27,70.45,7.331536241,54000,54000
45b6155960cf47612338e8173d97c059db6df62c,1788.96,69.19,7.255526654,54000,54000
45b6155960cf47612338e8173d97c059db6df62c,1813.72,70.55,7.353650616,54000,54000
45b6155960cf47612338e8173d97c059db6df62c,1844.12,71.89,7.457550150,54000,54000
45b6155960cf47612338e8173d97c059db6df62c,1828.13,71.22,7.406978067,54000,54000
45b6155960cf47612338e8173d97c059db6df62c,1825.28,71.47,7.394407518,54000,54000
45b6155960cf47612338e8173d97c059db6df62c,1799.90,70.05,7.309283219,54000,55000
45b6155960cf47612338e8173d97c059db6df62c,1815.24,70.79,7.361238249,54000,54000
45b6155960cf47612338e8173d97c059db6df62c,1802.82,70.22,7.291522285,54000,54000
45b6155960cf47612338e8173d97c059db6df62c,1820.95,70.90,7.374406274,54000,55000
45b6155960cf47612338e8173d97c059db6df62c,1798.60,70.06,7.282061482,54000,55000
45b6155960cf47612338e8173d97c059db6df62c,1800.60,70.01,7.305595617,54000,54000
45b6155960cf47612338e8173d97c059db6df62c,1808.58,70.45,7.330021111,54000,56000
45b6155960cf47612338e8173d97c059db6df62c,1821.76,70.81,7.394931896,55000,54000
45b6155960cf47612338e8173d97c059db6df62c,1799.06,70.30,7.309074001,54000,54000
45b6155960cf47612338e8173d97c059db6df62c,1815.19,70.84,7.357805569,55000,54000
45b6155960cf47612338e8173d97c059db6df62c,1821.09,70.94,7.376015815,54000,55000
45b6155960cf47612338e8173d97c059db6df62c,1808.16,70.19,7.339355434,54000,54000
45b6155960cf47612338e8173d97c059db6df62c,1842.41,71.68,7.470504073,55000,54000
45b6155960cf47612338e8173d97c059db6df62c,1837.33,71.86,7.432857522,54000,54000
45b6155960cf47612338e8173d97c059db6df62c,1819.98,70.95,7.373765581,55000,55000
45b6155960cf47612338e8173d97c059db6df62c,1807.51,70.14,7.325122713,55000,54000
45b6155960cf47612338e8173d97c059db6df62c,1822.82,70.88,7.390447008,54000,55000
45b6155960cf47612338e8173d97c059db6df62c,1809.96,70.26,7.353216584,54000,54000
9ca56a271687228226806ba1808f0b80cbce7db4,1831.80,71.39,7.418033466,54000,54000
9ca56a271687228226806ba1808f0b80cbce7db4,1810.80,70.35,7.341765272,54000,53000
9ca56a271687228226806ba1808f0b80cbce7db4,1800.50,70.15,7.296417381,54000,54000
9ca56a271687228226806ba1808f0b80cbce7db4,1824.48,70.95,7.407456211,54000,54000
9ca56a271687228226806ba1808f0b80cbce7db4,1859.04,72.54,7.537226455,54000,54000
9ca56a271687228226806ba1808f0b80cbce7db4,1798.24,69.98,7.286209821,54000,54000
9ca56a271687228226806ba1808f0b80cbce7db4,1845.09,71.62,7.490128428,55000,54000
9ca56a271687228226806ba1808f0b80cbce7db4,1831.33,71.40,7.415241160,54000,54000
9ca56a271687228226806ba1808f0b80cbce7db4,1814.23,70.61,7.354991645,54000,54000
9ca56a271687228226806ba1808f0b80cbce7db4,1823.23,70.72,7.395956517,54000,55000
9ca56a271687228226806ba1808f0b80cbce7db4,1815.47,70.64,7.364979237,54000,54000
9ca56a271687228226806ba1808f0b80cbce7db4,1816.39,70.62,7.341344404,54000,54000
9ca56a271687228226806ba1808f0b80cbce7db4,1820.96,70.83,7.386526585,55000,54000
9ca56a271687228226806ba1808f0b80cbce7db4,1825.83,71.03,7.375058610,55000,55000
9ca56a271687228226806ba1808f0b80cbce7db4,1814.26,70.59,7.365069968,55000,54000
9ca56a271687228226806ba1808f0b80cbce7db4,1795.29,70.02,7.267877306,54000,55000
9ca56a271687228226806ba1808f0b80cbce7db4,1809.62,70.11,7.351579274,54000,55000
9ca56a271687228226806ba1808f0b80cbce7db4,1827.17,71.35,7.420071274,55000,54000
9ca56a271687228226806ba1808f0b80cbce7db4,1800.01,69.80,7.292427099,55000,55000
9ca56a271687228226806ba1808f0b80cbce7db4,1791.19,69.59,7.272806930,54000,54000
9ca56a271687228226806ba1808f0b80cbce7db4,1831.43,71.22,7.425742779,55000,55000
9ca56a271687228226806ba1808f0b80cbce7db4,1821.34,71.18,7.369973226,54000,54000
9ca56a271687228226806ba1808f0b80cbce7db4,1814.66,70.97,7.334436936,54000,54000
9ca56a271687228226806ba1808f0b80cbce7db4,1820.68,71.22,7.373945476,54000,55000
9ca56a271687228226806ba1808f0b80cbce7db4,1831.20,71.49,7.421547558,55000,54000
9ca56a271687228226806ba1808f0b80cbce7db4,1816.21,70.87,7.336912924,54000,54000
9ca56a271687228226806ba1808f0b80cbce7db4,1822.23,70.77,7.365479398,54000,54000
9ca56a271687228226806ba1808f0b80cbce7db4,1816.33,70.74,7.374318302,54000,54000
9ca56a271687228226806ba1808f0b80cbce7db4,1833.30,71.19,7.431889818,55000,54000
9ca56a271687228226806ba1808f0b80cbce7db4,1807.48,70.32,7.337781870,55000,54000
536a0c33d2be5a6fb31affcf1d2dc84cff2daafc,1842.09,72.15,7.490483933,54000,54000
536a0c33d2be5a6fb31affcf1d2dc84cff2daafc,1816.63,70.78,7.397064095,54000,55000
536a0c33d2be5a6fb31affcf1d2dc84cff2daafc,1813.25,70.94,7.381413224,54000,54000
536a0c33d2be5a6fb31affcf1d2dc84cff2daafc,1816.43,70.68,7.373547590,54000,54000
536a0c33d2be5a6fb31affcf1d2dc84cff2daafc,1816.45,70.44,7.366069210,54000,54000
536a0c33d2be5a6fb31affcf1d2dc84cff2daafc,1826.66,71.08,7.413339580,54000,54000
536a0c33d2be5a6fb31affcf1d2dc84cff2daafc,1816.68,70.82,7.359737780,54000,55000
536a0c33d2be5a6fb31affcf1d2dc84cff2daafc,1815.81,70.34,7.378523345,54000,54000
536a0c33d2be5a6fb31affcf1d2dc84cff2daafc,1821.40,71.10,7.378456136,54000,54000
536a0c33d2be5a6fb31affcf1d2dc84cff2daafc,1811.95,70.35,7.357554641,53000,53000
536a0c33d2be5a6fb31affcf1d2dc84cff2daafc,1804.33,70.17,7.313092875,54000,54000
536a0c33d2be5a6fb31affcf1d2dc84cff2daafc,1846.16,71.69,7.499146029,54000,54000
536a0c33d2be5a6fb31affcf1d2dc84cff2daafc,1805.75,70.39,7.314969599,54000,54000
536a0c33d2be5a6fb31affcf1d2dc84cff2daafc,1820.03,70.73,7.383497195,54000,54000
536a0c33d2be5a6fb31affcf1d2dc84cff2daafc,1838.37,71.43,7.461114228,54000,55000
536a0c33d2be5a6fb31affcf1d2dc84cff2daafc,1815.02,70.40,7.361974766,54000,54000
536a0c33d2be5a6fb31affcf1d2dc84cff2daafc,1784.77,69.38,7.237750825,54000,54000
536a0c33d2be5a6fb31affcf1d2dc84cff2daafc,1812.79,70.56,7.349816887,55000,54000
536a0c33d2be5a6fb31affcf1d2dc84cff2daafc,1802.67,70.19,7.309125191,54000,54000
536a0c33d2be5a6fb31affcf1d2dc84cff2daafc,1816.33,71.00,7.358181520,56000,55000
536a0c33d2be5a6fb31affcf1d2dc84cff2daafc,1807.01,70.44,7.307024649,54000,54000
536a0c33d2be5a6fb31affcf1d2dc84cff2daafc,1824.42,71.25,7.390072540,55000,54000
536a0c33d2be5a6fb31affcf1d2dc84cff2daafc,1822.87,70.84,7.394101141,55000,54000
536a0c33d2be5a6fb31affcf1d2dc84cff2daafc,1845.19,72.04,7.485149913,55000,54000
536a0c33d2be5a6fb31affcf1d2dc84cff2daafc,1830.61,71.14,7.417398355,55000,54000
536a0c33d2be5a6fb31affcf1d2dc84cff2daafc,1819.22,71.03,7.362061619,54000,54000
536a0c33d2be5a6fb31affcf1d2dc84cff2daafc,1812.58,70.45,7.350812675,56000,54000
536a0c33d2be5a6fb31affcf1d2dc84cff2daafc,1822.76,70.94,7.385405752,54000,54000
536a0c33d2be5a6fb31affcf1d2dc84cff2daafc,1802.73,70.35,7.300644934,54000,54000
536a0c33d2be5a6fb31affcf1d2dc84cff2daafc,1820.87,71.02,7.361691594,54000,54000
d954db59a10d12b8f2d81ca4dd7ba90f314f00ae,1794.86,69.95,7.290091039,54000,54000
d954db59a10d12b8f2d81ca4dd7ba90f314f00ae,1799.98,69.92,7.311320521,54000,54000
d954db59a10d12b8f2d81ca4dd7ba90f314f00ae,1796.17,69.83,7.279936667,54000,54000
d954db59a10d12b8f2d81ca4dd7ba90f314f00ae,1799.49,70.01,7.291093370,54000,54000
d954db59a10d12b8f2d81ca4dd7ba90f314f00ae,1800.04,69.93,7.299601089,55000,54000
d954db59a10d12b8f2d81ca4dd7ba90f314f00ae,1808.54,70.36,7.342530189,54000,54000
d954db59a10d12b8f2d81ca4dd7ba90f314f00ae,1806.68,70.19,7.331876386,54000,54000
d954db59a10d12b8f2d81ca4dd7ba90f314f00ae,1824.84,70.89,7.416282109,54000,54000
d954db59a10d12b8f2d81ca4dd7ba90f314f00ae,1815.54,70.78,7.344828513,54000,55000
d954db59a10d12b8f2d81ca4dd7ba90f314f00ae,1798.42,70.10,7.295720985,54000,54000
d954db59a10d12b8f2d81ca4dd7ba90f314f00ae,1795.83,69.58,7.296956744,54000,54000
d954db59a10d12b8f2d81ca4dd7ba90f314f00ae,1791.36,69.83,7.253032253,54000,55000
d954db59a10d12b8f2d81ca4dd7ba90f314f00ae,1798.83,70.07,7.291540312,54000,54000
d954db59a10d12b8f2d81ca4dd7ba90f314f00ae,1819.40,70.39,7.389813082,55000,54000
d954db59a10d12b8f2d81ca4dd7ba90f314f00ae,1802.10,70.10,7.304327137,54000,54000
d954db59a10d12b8f2d81ca4dd7ba90f314f00ae,1851.99,71.98,7.511775101,54000,54000
d954db59a10d12b8f2d81ca4dd7ba90f314f00ae,1816.76,70.80,7.364195161,54000,54000
d954db59a10d12b8f2d81ca4dd7ba90f314f00ae,1803.92,70.23,7.299146715,55000,55000
d954db59a10d12b8f2d81ca4dd7ba90f314f00ae,1823.21,70.83,7.395759781,54000,54000
d954db59a10d12b8f2d81ca4dd7ba90f314f00ae,1839.88,71.71,7.484375443,54000,55000
d954db59a10d12b8f2d81ca4dd7ba90f314f00ae,1794.90,70.21,7.277832183,54000,54000
d954db59a10d12b8f2d81ca4dd7ba90f314f00ae,1795.81,69.86,7.293413293,54000,54000
d954db59a10d12b8f2d81ca4dd7ba90f314f00ae,1814.09,70.40,7.370485732,54000,54000
d954db59a10d12b8f2d81ca4dd7ba90f314f00ae,1794.52,69.73,7.295246460,54000,54000
d954db59a10d12b8f2d81ca4dd7ba90f314f00ae,1816.07,70.88,7.352230275,54000,54000
d954db59a10d12b8f2d81ca4dd7ba90f314f00ae,1807.89,70.43,7.332023876,55000,54000
d954db59a10d12b8f2d81ca4dd7ba90f314f00ae,1823.49,71.26,7.368798424,54000,54000
d954db59a10d12b8f2d81ca4dd7ba90f314f00ae,1815.05,70.67,7.364507578,54000,54000
d954db59a10d12b8f2d81ca4dd7ba90f314f00ae,1798.25,69.88,7.292124337,54000,54000
d954db59a10d12b8f2d81ca4dd7ba90f314f00ae,1820.27,70.66,7.381984480,54000,54000
19844ce716f4ec5ed68b3e3ffe6851a437c6ff5f,1785.48,69.64,7.276520736,54000,55000
19844ce716f4ec5ed68b3e3ffe6851a437c6ff5f,1811.74,70.42,7.366453329,54000,54000
19844ce716f4ec5ed68b3e3ffe6851a437c6ff5f,1818.25,71.05,7.362649887,54000,54000
19844ce716f4ec5ed68b3e3ffe6851a437c6ff5f,1840.61,71.71,7.447186624,54000,54000
19844ce716f4ec5ed68b3e3ffe6851a437c6ff5f,1812.18,70.42,7.346801333,54000,54000
19844ce716f4ec5ed68b3e3ffe6851a437c6ff5f,1814.13,70.46,7.368672711,54000,54000
19844ce716f4ec5ed68b3e3ffe6851a437c6ff5f,1807.31,70.01,7.352677994,54000,54000
19844ce716f4ec5ed68b3e3ffe6851a437c6ff5f,1799.28,70.22,7.283507145,54000,54000
19844ce716f4ec5ed68b3e3ffe6851a437c6ff5f,1804.92,70.09,7.320381217,54000,54000
19844ce716f4ec5ed68b3e3ffe6851a437c6ff5f,1825.16,71.01,7.396401726,54000,54000
19844ce716f4ec5ed68b3e3ffe6851a437c6ff5f,1841.78,71.51,7.486722114,54000,54000
19844ce716f4ec5ed68b3e3ffe6851a437c6ff5f,1818.97,70.99,7.381900622,54000,54000
19844ce716f4ec5ed68b3e3ffe6851a437c6ff5f,1818.18,70.65,7.384131132,55000,55000
19844ce716f4ec5ed68b3e3ffe6851a437c6ff5f,1835.57,71.59,7.441733655,54000,54000
19844ce716f4ec5ed68b3e3ffe6851a437c6ff5f,1828.55,71.35,7.414463767,54000,54000
19844ce716f4ec5ed68b3e3ffe6851a437c6ff5f,1804.62,70.10,7.318175053,54000,55000
19844ce716f4ec5ed68b3e3ffe6851a437c6ff5f,1852.25,72.32,7.491903283,54000,54000
19844ce716f4ec5ed68b3e3ffe6851a437c6ff5f,1804.57,70.10,7.315133659,54000,54000
19844ce716f4ec5ed68b3e3ffe6851a437c6ff5f,1818.22,70.73,7.368108043,54000,54000
19844ce716f4ec5ed68b3e3ffe6851a437c6ff5f,1811.45,70.71,7.345298353,54000,55000
19844ce716f4ec5ed68b3e3ffe6851a437c6ff5f,1815.02,70.82,7.362628749,54000,54000
19844ce716f4ec5ed68b3e3ffe6851a437c6ff5f,1818.94,71.01,7.365983253,54000,54000
19844ce716f4ec5ed68b3e3ffe6851a437c6ff5f,1805.08,70.34,7.315012231,54000,54000
19844ce716f4ec5ed68b3e3ffe6851a437c6ff5f,1825.97,70.84,7.409601195,54000,55000
19844ce716f4ec5ed68b3e3ffe6851a437c6ff5f,1824.36,71.11,7.391962004,54000,55000
19844ce716f4ec5ed68b3e3ffe6851a437c6ff5f,1800.59,70.22,7.303023374,54000,54000
19844ce716f4ec5ed68b3e3ffe6851a437c6ff5f,1811.16,70.62,7.323814293,54000,54000
19844ce716f4ec5ed68b3e3ffe6851a437c6ff5f,1817.01,71.09,7.345656773,54000,55000
19844ce716f4ec5ed68b3e3ffe6851a437c6ff5f,1819.79,70.87,7.378679538,54000,54000
19844ce716f4ec5ed68b3e3ffe6851a437c6ff5f,1797.06,70.13,7.280238624,54000,54000
7eaadacd9788f31fdf2a954899a93f5d7a4944e7,1827.09,71.30,7.415797856,54000,54000
7eaadacd9788f31fdf2a954899a93f5d7a4944e7,1823.68,70.95,7.409621545,54000,54000
7eaadacd9788f31fdf2a954899a93f5d7a4944e7,1807.91,70.31,7.338872743,54000,54000
7eaadacd9788f31fdf2a954899a93f5d7a4944e7,1816.93,70.69,7.375725337,54000,54000
7eaadacd9788f31fdf2a954899a93f5d7a4944e7,1822.40,71.16,7.392039859,54000,54000
7eaadacd9788f31fdf2a954899a93f5d7a4944e7,1806.62,70.10,7.331940363,54000,54000
7eaadacd9788f31fdf2a954899a93f5d7a4944e7,1805.38,70.47,7.310404950,54000,54000
7eaadacd9788f31fdf2a954899a93f5d7a4944e7,1813.01,70.38,7.360233659,54000,55000
7eaadacd9788f31fdf2a954899a93f5d7a4944e7,1807.52,70.37,7.347910789,54000,55000
7eaadacd9788f31fdf2a954899a93f5d7a4944e7,1826.99,71.46,7.376859829,54000,54000
7eaadacd9788f31fdf2a954899a93f5d7a4944e7,1843.56,72.01,7.462518731,55000,55000
7eaadacd9788f31fdf2a954899a93f5d7a4944e7,1804.12,70.32,7.300637171,54000,55000
7eaadacd9788f31fdf2a954899a93f5d7a4944e7,1808.72,70.36,7.328609472,54000,54000
7eaadacd9788f31fdf2a954899a93f5d7a4944e7,1806.31,70.08,7.338401754,54000,54000
7eaadacd9788f31fdf2a954899a93f5d7a4944e7,1824.79,70.91,7.397638163,55000,54000
7eaadacd9788f31fdf2a954899a93f5d7a4944e7,1805.50,70.37,7.328773987,54000,54000
7eaadacd9788f31fdf2a954899a93f5d7a4944e7,1819.63,70.50,7.388803847,54000,54000
7eaadacd9788f31fdf2a954899a93f5d7a4944e7,1841.08,71.46,7.479560067,54000,54000
7eaadacd9788f31fdf2a954899a93f5d7a4944e7,1807.68,70.33,7.314001199,54000,54000
7eaadacd9788f31fdf2a954899a93f5d7a4944e7,1830.87,71.49,7.417341662,54000,54000
7eaadacd9788f31fdf2a954899a93f5d7a4944e7,1843.74,72.00,7.461944519,54000,54000
7eaadacd9788f31fdf2a954899a93f5d7a4944e7,1796.12,69.82,7.281787847,55000,54000
7eaadacd9788f31fdf2a954899a93f5d7a4944e7,1832.79,71.79,7.436681159,54000,55000
7eaadacd9788f31fdf2a954899a93f5d7a4944e7,1821.36,71.24,7.384138664,54000,54000
7eaadacd9788f31fdf2a954899a93f5d7a4944e7,1806.50,70.34,7.338080386,54000,54000
7eaadacd9788f31fdf2a954899a93f5d7a4944e7,1832.80,71.56,7.434372108,54000,54000
7eaadacd9788f31fdf2a954899a93f5d7a4944e7,1810.81,70.74,7.331083358,55000,54000
7eaadacd9788f31fdf2a954899a93f5d7a4944e7,1798.91,69.54,7.303131933,56000,55000
7eaadacd9788f31fdf2a954899a93f5d7a4944e7,1828.10,71.00,7.420162735,55000,54000
7eaadacd9788f31fdf2a954899a93f5d7a4944e7,1800.72,70.08,7.279305886,55000,55000
443dea14157945848c719422ffc550baf72cb5b1,1838.77,71.52,7.453391832,53000,54000
443dea14157945848c719422ffc550baf72cb5b1,1814.34,70.74,7.370872117,54000,54000
443dea14157945848c719422ffc550baf72cb5b1,1821.06,70.71,7.399346234,54000,54000
443dea14157945848c719422ffc550baf72cb5b1,1804.57,70.10,7.320399764,54000,54000
443dea14157945848c719422ffc550baf72cb5b1,1808.38,70.50,7.335150234,54000,54000
443dea14157945848c719422ffc550baf72cb5b1,1796.80,69.98,7.300402726,55000,54000
443dea14157945848c719422ffc550baf72cb5b1,1804.38,70.29,7.332209012,54000,54000
443dea14157945848c719422ffc550baf72cb5b1,1832.96,71.47,7.426572529,54000,54000
443dea14157945848c719422ffc550baf72cb5b1,1801.67,70.16,7.305136884,54000,54000
443dea14157945848c719422ffc550baf72cb5b1,1822.47,70.98,7.399525361,54000,55000
443dea14157945848c719422ffc550baf72cb5b1,1839.83,71.62,7.462028322,55000,55000
443dea14157945848c719422ffc550baf72cb5b1,1819.85,70.82,7.367316043,54000,55000
443dea14157945848c719422ffc550baf72cb5b1,1781.68,68.95,7.242836869,54000,54000
443dea14157945848c719422ffc550baf72cb5b1,1827.22,71.35,7.389657759,54000,54000
443dea14157945848c719422ffc550baf72cb5b1,1800.22,70.18,7.302964236,54000,54000
443dea14157945848c719422ffc550baf72cb5b1,1809.23,70.14,7.342529584,54000,55000
443dea14157945848c719422ffc550baf72cb5b1,1813.18,70.49,7.359939213,54000,54000
443dea14157945848c719422ffc550baf72cb5b1,1806.64,70.29,7.334161338,53000,54000
443dea14157945848c719422ffc550baf72cb5b1,1804.03,70.02,7.290583828,54000,54000
443dea14157945848c719422ffc550baf72cb5b1,1813.47,70.65,7.359834702,54000,54000
443dea14157945848c719422ffc550baf72cb5b1,1798.26,69.74,7.303243167,54000,54000
443dea14157945848c719422ffc550baf72cb5b1,1827.18,71.34,7.388083246,54000,54000
443dea14157945848c719422ffc550baf72cb5b1,1801.37,70.18,7.304546749,54000,55000
443dea14157945848c719422ffc550baf72cb5b1,1789.78,69.53,7.267227763,54000,54000
443dea14157945848c719422ffc550baf72cb5b1,1813.39,70.68,7.356174953,54000,54000
443dea14157945848c719422ffc550baf72cb5b1,1831.98,71.37,7.420682887,54000,54000
443dea14157945848c719422ffc550baf72cb5b1,1813.23,70.55,7.361184079,54000,54000
443dea14157945848c719422ffc550baf72cb5b1,1808.99,70.14,7.326285684,54000,55000
443dea14157945848c719422ffc550baf72cb5b1,1809.55,70.15,7.362648718,54000,54000
443dea14157945848c719422ffc550baf72cb5b1,1793.38,69.85,7.269193757,54000,54000
0df31945d4161969cbaae8495ffa9466ce090e66,1805.08,70.28,7.328375249,54000,54000
0df31945d4161969cbaae8495ffa9466ce090e66,1826.11,70.90,7.406907954,54000,54000
0df31945d4161969cbaae8495ffa9466ce090e66,1853.54,72.03,7.523847033,54000,54000
0df31945d4161969cbaae8495ffa9466ce090e66,1814.59,70.55,7.361878271,54000,54000
0df31945d4161969cbaae8495ffa9466ce090e66,1808.67,70.41,7.331704106,54000,54000
0df31945d4161969cbaae8495ffa9466ce090e66,1800.38,69.96,7.317596338,54000,54000
0df31945d4161969cbaae8495ffa9466ce090e66,1847.40,72.09,7.487620905,54000,54000
0df31945d4161969cbaae8495ffa9466ce090e66,1809.27,70.46,7.327653481,54000,55000
0df31945d4161969cbaae8495ffa9466ce090e66,1810.09,70.49,7.319296258,54000,54000
0df31945d4161969cbaae8495ffa9466ce090e66,1801.92,70.26,7.299781691,54000,54000
0df31945d4161969cbaae8495ffa9466ce090e66,1837.68,71.57,7.448091673,54000,54000
0df31945d4161969cbaae8495ffa9466ce090e66,1794.10,69.98,7.259302973,54000,54000
0df31945d4161969cbaae8495ffa9466ce090e66,1839.28,71.65,7.439663500,55000,55000
0df31945d4161969cbaae8495ffa9466ce090e66,1826.48,71.15,7.394636777,54000,54000
0df31945d4161969cbaae8495ffa9466ce090e66,1809.61,70.37,7.313388390,54000,54000
0df31945d4161969cbaae8495ffa9466ce090e66,1805.75,70.29,7.319781276,54000,54000
0df31945d4161969cbaae8495ffa9466ce090e66,1777.26,69.29,7.193481626,54000,54000
0df31945d4161969cbaae8495ffa9466ce090e66,1817.40,71.02,7.370365785,55000,54000
0df31945d4161969cbaae8495ffa9466ce090e66,1812.29,70.94,7.331382591,54000,54000
0df31945d4161969cbaae8495ffa9466ce090e66,1824.31,70.88,7.409670019,54000,55000
0df31945d4161969cbaae8495ffa9466ce090e66,1789.68,69.96,7.240882425,55000,55000
0df31945d4161969cbaae8495ffa9466ce090e66,1845.29,72.09,7.480143604,55000,54000
0df31945d4161969cbaae8495ffa9466ce090e66,1821.86,70.87,7.389226547,55000,54000
0df31945d4161969cbaae8495ffa9466ce090e66,1827.45,71.13,7.410084136,54000,55000
0df31945d4161969cbaae8495ffa9466ce090e66,1824.76,70.80,7.404627152,54000,54000
0df31945d4161969cbaae8495ffa9466ce090e66,1805.03,70.16,7.303773650,54000,54000
0df31945d4161969cbaae8495ffa9466ce090e66,1819.42,70.83,7.352550120,55000,54000
0df31945d4161969cbaae8495ffa9466ce090e66,1794.08,69.94,7.262598040,54000,55000
0df31945d4161969cbaae8495ffa9466ce090e66,1825.38,71.09,7.402136280,54000,55000
0df31945d4161969cbaae8495ffa9466ce090e66,1816.54,70.73,7.356328949,54000,54000
f8e89237474d8bf2ac5bf4f2d6c502386693facd,1825.55,71.19,7.412194554,54000,54000
f8e89237474d8bf2ac5bf4f2d6c502386693facd,1812.12,70.30,7.342464417,54000,54000
f8e89237474d8bf2ac5bf4f2d6c502386693facd,1815.94,70.59,7.364153383,53000,54000
f8e89237474d8bf2ac5bf4f2d6c502386693facd,1814.06,70.81,7.339455879,54000,54000
f8e89237474d8bf2ac5bf4f2d6c502386693facd,1804.06,70.15,7.305598171,55000,55000
f8e89237474d8bf2ac5bf4f2d6c502386693facd,1813.99,70.52,7.349618048,54000,54000
f8e89237474d8bf2ac5bf4f2d6c502386693facd,1802.60,70.30,7.294785485,54000,54000
f8e89237474d8bf2ac5bf4f2d6c502386693facd,1806.38,70.27,7.315293639,54000,54000
f8e89237474d8bf2ac5bf4f2d6c502386693facd,1796.69,69.83,7.280882413,55000,55000
f8e89237474d8bf2ac5bf4f2d6c502386693facd,1803.69,70.26,7.327977721,54000,54000
f8e89237474d8bf2ac5bf4f2d6c502386693facd,1789.07,69.46,7.260329819,54000,54000
f8e89237474d8bf2ac5bf4f2d6c502386693facd,1800.27,70.12,7.290861282,55000,54000
f8e89237474d8bf2ac5bf4f2d6c502386693facd,1810.81,70.12,7.347706302,54000,54000
f8e89237474d8bf2ac5bf4f2d6c502386693facd,1828.99,71.14,7.427212953,54000,55000
f8e89237474d8bf2ac5bf4f2d6c502386693facd,1833.05,71.44,7.432690213,54000,54000
f8e89237474d8bf2ac5bf4f2d6c502386693facd,1797.13,69.85,7.282852626,54000,54000
f8e89237474d8bf2ac5bf4f2d6c502386693facd,1820.85,71.19,7.358399456,54000,55000
f8e89237474d8bf2ac5bf4f2d6c502386693facd,1804.49,70.09,7.325004954,55000,54000
f8e89237474d8bf2ac5bf4f2d6c502386693facd,1832.53,71.22,7.427155623,54000,54000
f8e89237474d8bf2ac5bf4f2d6c502386693facd,1788.61,69.52,7.253955237,55000,55000
f8e89237474d8bf2ac5bf4f2d6c502386693facd,1793.92,69.85,7.281794851,54000,54000
f8e89237474d8bf2ac5bf4f2d6c502386693facd,1808.36,70.44,7.326532048,55000,54000
f8e89237474d8bf2ac5bf4f2d6c502386693facd,1825.74,71.14,7.394066224,54000,55000
f8e89237474d8bf2ac5bf4f2d6c502386693facd,1808.55,70.42,7.321967402,54000,54000
f8e89237474d8bf2ac5bf4f2d6c502386693facd,1801.72,70.19,7.293815073,54000,55000
f8e89237474d8bf2ac5bf4f2d6c502386693facd,1804.83,70.11,7.321856169,54000,55000
f8e89237474d8bf2ac5bf4f2d6c502386693facd,1804.26,70.06,7.323402198,54000,54000
f8e89237474d8bf2ac5bf4f2d6c502386693facd,1845.13,71.52,7.475333884,54000,54000
f8e89237474d8bf2ac5bf4f2d6c502386693facd,1821.30,70.86,7.395124747,55000,54000
f8e89237474d8bf2ac5bf4f2d6c502386693facd,1801.63,69.77,7.297294496,55000,54000
374db0a9689de36c8bdb63f339b035e8c8d94a7f,1786.11,69.73,7.244328760,53000,54000
374db0a9689de36c8bdb63f339b035e8c8d94a7f,1807.18,70.58,7.318679332,54000,54000
374db0a9689de36c8bdb63f339b035e8c8d94a7f,1801.35,70.17,7.302828494,54000,54000
374db0a9689de36c8bdb63f339b035e8c8d94a7f,1829.82,71.32,7.409786816,54000,54000
374db0a9689de36c8bdb63f339b035e8c8d94a7f,1820.65,71.03,7.366426478,54000,54000
374db0a9689de36c8bdb63f339b035e8c8d94a7f,1782.93,69.31,7.240904140,53000,54000
374db0a9689de36c8bdb63f339b035e8c8d94a7f,1803.21,70.22,7.301668338,54000,54000
374db0a9689de36c8bdb63f339b035e8c8d94a7f,1815.02,70.94,7.355122576,54000,54000
374db0a9689de36c8bdb63f339b035e8c8d94a7f,1805.38,70.30,7.313822303,54000,54000
374db0a9689de36c8bdb63f339b035e8c8d94a7f,1826.59,71.38,7.393910966,54000,54000
374db0a9689de36c8bdb63f339b035e8c8d94a7f,1806.23,70.12,7.318524249,54000,55000
374db0a9689de36c8bdb63f339b035e8c8d94a7f,1803.98,70.33,7.301337225,54000,55000
374db0a9689de36c8bdb63f339b035e8c8d94a7f,1797.74,70.20,7.279655181,54000,54000
374db0a9689de36c8bdb63f339b035e8c8d94a7f,1816.61,70.73,7.352611090,54000,54000
374db0a9689de36c8bdb63f339b035e8c8d94a7f,1786.46,69.33,7.230366057,54000,54000
374db0a9689de36c8bdb63f339b035e8c8d94a7f,1796.61,70.00,7.292382214,55000,54000
374db0a9689de36c8bdb63f339b035e8c8d94a7f,1778.42,69.30,7.217104189,55000,55000
374db0a9689de36c8bdb63f339b035e8c8d94a7f,1821.70,70.75,7.392008290,54000,55000
374db0a9689de36c8bdb63f339b035e8c8d94a7f,1811.38,70.47,7.344383163,54000,54000
374db0a9689de36c8bdb63f339b035e8c8d94a7f,1800.36,70.22,7.282634512,55000,55000
374db0a9689de36c8bdb63f339b035e8c8d94a7f,1814.32,70.74,7.375005709,54000,54000
374db0a9689de36c8bdb63f339b035e8c8d94a7f,1816.29,71.07,7.331980903,54000,54000
374db0a9689de36c8bdb63f339b035e8c8d94a7f,1829.11,71.35,7.408959284,54000,54000
374db0a9689de36c8bdb63f339b035e8c8d94a7f,1819.92,70.81,7.372791203,54000,55000
374db0a9689de36c8bdb63f339b035e8c8d94a7f,1807.97,70.69,7.322260443,54000,54000
374db0a9689de36c8bdb63f339b035e8c8d94a7f,1797.31,70.09,7.278666558,54000,54000
374db0a9689de36c8bdb63f339b035e8c8d94a7f,1804.86,70.57,7.283787597,55000,54000
374db0a9689de36c8bdb63f339b035e8c8d94a7f,1824.86,70.85,7.385443293,54000,54000
374db0a9689de36c8bdb63f339b035e8c8d94a7f,1818.18,70.88,7.362801999,54000,54000
374db0a9689de36c8bdb63f339b035e8c8d94a7f,1814.71,70.66,7.355319584,55000,54000
4c78f0d974dafcefd44c1a9294ba993addfeb753,1801.01,70.33,7.349830066,54000,54000
4c78f0d974dafcefd44c1a9294ba993addfeb753,1809.93,70.91,7.320629968,54000,54000
4c78f0d974dafcefd44c1a9294ba993addfeb753,1832.93,71.15,7.440181340,54000,54000
4c78f0d974dafcefd44c1a9294ba993addfeb753,1790.29,69.71,7.251646130,54000,53000
4c78f0d974dafcefd44c1a9294ba993addfeb753,1788.68,69.34,7.256834441,54000,54000
4c78f0d974dafcefd44c1a9294ba993addfeb753,1798.24,70.01,7.286106136,54000,54000
4c78f0d974dafcefd44c1a9294ba993addfeb753,1804.23,70.11,7.316428924,54000,55000
4c78f0d974dafcefd44c1a9294ba993addfeb753,1789.79,70.08,7.250612067,54000,54000
4c78f0d974dafcefd44c1a9294ba993addfeb753,1797.39,70.24,7.269421849,54000,54000
4c78f0d974dafcefd44c1a9294ba993addfeb753,1812.19,70.84,7.322365581,54000,54000
4c78f0d974dafcefd44c1a9294ba993addfeb753,1801.14,70.27,7.301973700,54000,54000
4c78f0d974dafcefd44c1a9294ba993addfeb753,1806.05,70.30,7.304196335,54000,54000
4c78f0d974dafcefd44c1a9294ba993addfeb753,1791.90,69.51,7.274454010,54000,54000
4c78f0d974dafcefd44c1a9294ba993addfeb753,1797.79,70.01,7.277218809,55000,54000
4c78f0d974dafcefd44c1a9294ba993addfeb753,1807.49,70.30,7.323324900,54000,54000
4c78f0d974dafcefd44c1a9294ba993addfeb753,1798.66,70.11,7.254949016,54000,54000
4c78f0d974dafcefd44c1a9294ba993addfeb753,1803.66,70.20,7.312422448,55000,54000
4c78f0d974dafcefd44c1a9294ba993addfeb753,1795.61,70.22,7.267857916,54000,54000
4c78f0d974dafcefd44c1a9294ba993addfeb753,1823.16,71.04,7.391416310,54000,54000
4c78f0d974dafcefd44c1a9294ba993addfeb753,1807.52,70.77,7.317410360,55000,54000
4c78f0d974dafcefd44c1a9294ba993addfeb753,1823.47,71.33,7.371194603,54000,54000
4c78f0d974dafcefd44c1a9294ba993addfeb753,1806.83,70.70,7.321896535,55000,54000
4c78f0d974dafcefd44c1a9294ba993addfeb753,1812.89,70.99,7.325116009,54000,55000
4c78f0d974dafcefd44c1a9294ba993addfeb753,1808.64,70.25,7.333372129,54000,55000
4c78f0d974dafcefd44c1a9294ba993addfeb753,1817.27,70.96,7.332065707,54000,55000
4c78f0d974dafcefd44c1a9294ba993addfeb753,1793.74,69.89,7.253312465,54000,54000
4c78f0d974dafcefd44c1a9294ba993addfeb753,1811.39,70.57,7.332297775,54000,55000
4c78f0d974dafcefd44c1a9294ba993addfeb753,1785.27,69.39,7.232834182,54000,54000
4c78f0d974dafcefd44c1a9294ba993addfeb753,1790.12,69.48,7.267072071,54000,54000
4c78f0d974dafcefd44c1a9294ba993addfeb753,1814.81,70.58,7.361784177,54000,54000
e1ca88f80a58fd777744eb29753b3fa0c02882f4,1819.91,71.12,7.359590696,54000,54000
e1ca88f80a58fd777744eb29753b3fa0c02882f4,1799.73,69.92,7.294689036,54000,54000
e1ca88f80a58fd777744eb29753b3fa0c02882f4,1839.75,71.70,7.440301490,54000,54000
e1ca88f80a58fd777744eb29753b3fa0c02882f4,1838.24,71.45,7.448317318,54000,55000
e1ca88f80a58fd777744eb29753b3fa0c02882f4,1844.08,72.00,7.476021470,54000,54000
e1ca88f80a58fd777744eb29753b3fa0c02882f4,1820.04,70.95,7.376205815,54000,54000
e1ca88f80a58fd777744eb29753b3fa0c02882f4,1801.38,70.20,7.310023740,54000,54000
e1ca88f80a58fd777744eb29753b3fa0c02882f4,1816.69,70.73,7.374967900,54000,54000
e1ca88f80a58fd777744eb29753b3fa0c02882f4,1812.54,70.55,7.366824460,54000,54000
e1ca88f80a58fd777744eb29753b3fa0c02882f4,1803.13,69.80,7.323955682,54000,54000
e1ca88f80a58fd777744eb29753b3fa0c02882f4,1833.86,71.40,7.440438140,54000,54000
e1ca88f80a58fd777744eb29753b3fa0c02882f4,1798.82,69.78,7.291340398,54000,54000
e1ca88f80a58fd777744eb29753b3fa0c02882f4,1830.57,71.39,7.416691527,53000,54000
e1ca88f80a58fd777744eb29753b3fa0c02882f4,1810.41,70.32,7.351686861,54000,54000
e1ca88f80a58fd777744eb29753b3fa0c02882f4,1832.37,71.29,7.426883098,54000,54000
e1ca88f80a58fd777744eb29753b3fa0c02882f4,1828.65,71.34,7.405315128,55000,54000
e1ca88f80a58fd777744eb29753b3fa0c02882f4,1806.02,70.06,7.334078803,54000,55000
e1ca88f80a58fd777744eb29753b3fa0c02882f4,1823.50,71.18,7.386402808,54000,54000
e1ca88f80a58fd777744eb29753b3fa0c02882f4,1814.62,70.70,7.368044879,54000,54000
e1ca88f80a58fd777744eb29753b3fa0c02882f4,1818.95,70.85,7.374402621,55000,54000
e1ca88f80a58fd777744eb29753b3fa0c02882f4,1805.01,70.19,7.313745227,55000,55000
e1ca88f80a58fd777744eb29753b3fa0c02882f4,1825.01,71.33,7.406817095,54000,56000
e1ca88f80a58fd777744eb29753b3fa0c02882f4,1822.91,70.96,7.388267272,54000,54000
e1ca88f80a58fd777744eb29753b3fa0c02882f4,1815.68,70.75,7.371277237,55000,54000
e1ca88f80a58fd777744eb29753b3fa0c02882f4,1828.12,70.78,7.435670986,54000,54000
e1ca88f80a58fd777744eb29753b3fa0c02882f4,1810.66,70.47,7.357066054,54000,54000
e1ca88f80a58fd777744eb29753b3fa0c02882f4,1794.97,69.92,7.269918456,55000,54000
e1ca88f80a58fd777744eb29753b3fa0c02882f4,1803.71,69.95,7.305655756,54000,55000
e1ca88f80a58fd777744eb29753b3fa0c02882f4,1784.23,69.08,7.253723335,54000,55000
e1ca88f80a58fd777744eb29753b3fa0c02882f4,1858.00,72.59,7.525599074,54000,55000
8a7e9a65f62f04e931968db8a7050fe66b05e4eb,1798.09,69.80,7.280137748,54000,54000
8a7e9a65f62f04e931968db8a7050fe66b05e4eb,1805.85,70.27,7.322094413,54000,54000
8a7e9a65f62f04e931968db8a7050fe66b05e4eb,1812.37,70.75,7.341221937,54000,54000
8a7e9a65f62f04e931968db8a7050fe66b05e4eb,1811.78,70.48,7.361503525,54000,54000
8a7e9a65f62f04e931968db8a7050fe66b05e4eb,1812.60,70.35,7.350764453,55000,54000
8a7e9a65f62f04e931968db8a7050fe66b05e4eb,1805.03,70.16,7.306905545,54000,54000
8a7e9a65f62f04e931968db8a7050fe66b05e4eb,1821.86,71.24,7.375749345,54000,54000
8a7e9a65f62f04e931968db8a7050fe66b05e4eb,1805.37,70.26,7.330081042,54000,54000
8a7e9a65f62f04e931968db8a7050fe66b05e4eb,1810.13,70.58,7.324062242,54000,54000
8a7e9a65f62f04e931968db8a7050fe66b05e4eb,1810.49,70.20,7.347395024,54000,54000
8a7e9a65f62f04e931968db8a7050fe66b05e4eb,1799.23,70.32,7.290391388,54000,54000
8a7e9a65f62f04e931968db8a7050fe66b05e4eb,1792.23,69.84,7.259986002,54000,54000
8a7e9a65f62f04e931968db8a7050fe66b05e4eb,1815.25,70.77,7.333932933,55000,54000
8a7e9a65f62f04e931968db8a7050fe66b05e4eb,1800.30,70.04,7.290321889,55000,54000
8a7e9a65f62f04e931968db8a7050fe66b05e4eb,1781.26,69.10,7.241345922,54000,54000
8a7e9a65f62f04e931968db8a7050fe66b05e4eb,1825.89,71.13,7.387248706,54000,54000
8a7e9a65f62f04e931968db8a7050fe66b05e4eb,1817.74,70.92,7.355491586,54000,54000
8a7e9a65f62f04e931968db8a7050fe66b05e4eb,1818.65,70.86,7.371539564,54000,54000
8a7e9a65f62f04e931968db8a7050fe66b05e4eb,1805.11,70.56,7.298956454,54000,54000
8a7e9a65f62f04e931968db8a7050fe66b05e4eb,1796.45,69.91,7.284271204,56000,54000
8a7e9a65f62f04e931968db8a7050fe66b05e4eb,1811.63,70.80,7.316909369,54000,54000
8a7e9a65f62f04e931968db8a7050fe66b05e4eb,1800.07,70.26,7.281803584,54000,54000
8a7e9a65f62f04e931968db8a7050fe66b05e4eb,1810.97,70.96,7.308411301,54000,54000
8a7e9a65f62f04e931968db8a7050fe66b05e4eb,1818.10,70.86,7.379302691,54000,54000
8a7e9a65f62f04e931968db8a7050fe66b05e4eb,1805.00,70.32,7.331729802,54000,54000
8a7e9a65f62f04e931968db8a7050fe66b05e4eb,1786.39,69.59,7.235222731,54000,54000
8a7e9a65f62f04e931968db8a7050fe66b05e4eb,1825.05,71.41,7.392450695,54000,55000
8a7e9a65f62f04e931968db8a7050fe66b05e4eb,1840.76,71.77,7.455057566,55000,55000
8a7e9a65f62f04e931968db8a7050fe66b05e4eb,1850.21,71.89,7.495668301,54000,54000
8a7e9a65f62f04e931968db8a7050fe66b05e4eb,1798.90,70.00,7.280891241,55000,54000
b731d6ed025728371c3d539dbfaaf647e69d17dd,1813.63,70.61,7.340318035,54000,54000
b731d6ed025728371c3d539dbfaaf647e69d17dd,1790.74,69.48,7.265224830,54000,54000
b731d6ed025728371c3d539dbfaaf647e69d17dd,1853.75,72.45,7.501456055,54000,54000
b731d6ed025728371c3d539dbfaaf647e69d17dd,1834.51,71.62,7.418249686,55000,54000
b731d6ed025728371c3d539dbfaaf647e69d17dd,1805.72,70.22,7.320963508,54000,54000
b731d6ed025728371c3d539dbfaaf647e69d17dd,1797.58,69.90,7.290960132,53000,54000
b731d6ed025728371c3d539dbfaaf647e69d17dd,1808.97,70.38,7.339089615,54000,54000
b731d6ed025728371c3d539dbfaaf647e69d17dd,1810.02,70.27,7.349104437,55000,55000
b731d6ed025728371c3d539dbfaaf647e69d17dd,1801.28,70.15,7.297118834,54000,54000
b731d6ed025728371c3d539dbfaaf647e69d17dd,1822.59,71.20,7.369564194,54000,54000
b731d6ed025728371c3d539dbfaaf647e69d17dd,1792.93,69.49,7.265704936,54000,54000
b731d6ed025728371c3d539dbfaaf647e69d17dd,1826.62,70.85,7.400079416,54000,54000
b731d6ed025728371c3d539dbfaaf647e69d17dd,1815.11,70.83,7.351796807,54000,54000
b731d6ed025728371c3d539dbfaaf647e69d17dd,1813.30,70.54,7.361157601,54000,54000
b731d6ed025728371c3d539dbfaaf647e69d17dd,1806.86,70.51,7.307478737,54000,54000
b731d6ed025728371c3d539dbfaaf647e69d17dd,1792.29,69.66,7.260070519,54000,54000
b731d6ed025728371c3d539dbfaaf647e69d17dd,1802.62,70.17,7.282938868,55000,54000
b731d6ed025728371c3d539dbfaaf647e69d17dd,1816.40,70.85,7.370075849,55000,54000
b731d6ed025728371c3d539dbfaaf647e69d17dd,1819.59,71.31,7.352344042,54000,54000
b731d6ed025728371c3d539dbfaaf647e69d17dd,1801.40,70.42,7.301150456,54000,55000
b731d6ed025728371c3d539dbfaaf647e69d17dd,1831.47,71.74,7.428140000,55000,55000
b731d6ed025728371c3d539dbfaaf647e69d17dd,1799.86,69.99,7.311469674,54000,54000
b731d6ed025728371c3d539dbfaaf647e69d17dd,1802.37,69.90,7.320210506,54000,54000
b731d6ed025728371c3d539dbfaaf647e69d17dd,1792.43,70.08,7.263238330,54000,55000
b731d6ed025728371c3d539dbfaaf647e69d17dd,1812.08,70.30,7.361423092,54000,54000
b731d6ed025728371c3d539dbfaaf647e69d17dd,1804.23,70.11,7.319740555,54000,54000
b731d6ed025728371c3d539dbfaaf647e69d17dd,1812.79,70.88,7.330070484,54000,53000
b731d6ed025728371c3d539dbfaaf647e69d17dd,1826.69,71.16,7.403118806,54000,54000
b731d6ed025728371c3d539dbfaaf647e69d17dd,1824.87,71.14,7.387670749,55000,54000
b731d6ed025728371c3d539dbfaaf647e69d17dd,1815.09,70.74,7.347955546,55000,55000
4df6fd47fa82107d58b20666f2691d1a7b26f178,1811.81,70.51,7.383771851,54000,54000
4df6fd47fa82107d58b20666f2691d1a7b26f178,1801.99,70.11,7.300107151,54000,54000
4df6fd47fa82107d58b20666f2691d1a7b26f178,1827.35,70.95,7.418339745,54000,54000
4df6fd47fa82107d58b20666f2691d1a7b26f178,1826.27,70.85,7.423304370,54000,54000
4df6fd47fa82107d58b20666f2691d1a7b26f178,1804.32,70.18,7.314648793,54000,55000
4df6fd47fa82107d58b20666f2691d1a7b26f178,1791.02,69.91,7.226587972,54000,55000
4df6fd47fa82107d58b20666f2691d1a7b26f178,1803.66,70.16,7.305775274,54000,54000
4df6fd47fa82107d58b20666f2691d1a7b26f178,1801.42,69.94,7.288080428,54000,54000
4df6fd47fa82107d58b20666f2691d1a7b26f178,1797.79,69.87,7.288645240,54000,54000
4df6fd47fa82107d58b20666f2691d1a7b26f178,1804.99,70.33,7.326693598,55000,54000
4df6fd47fa82107d58b20666f2691d1a7b26f178,1802.93,70.06,7.309310952,53000,54000
4df6fd47fa82107d58b20666f2691d1a7b26f178,1816.35,70.37,7.381106294,54000,54000
4df6fd47fa82107d58b20666f2691d1a7b26f178,1791.83,69.89,7.267473087,54000,53000
4df6fd47fa82107d58b20666f2691d1a7b26f178,1821.86,70.98,7.378731115,54000,54000
4df6fd47fa82107d58b20666f2691d1a7b26f178,1844.44,71.64,7.496669881,54000,54000
4df6fd47fa82107d58b20666f2691d1a7b26f178,1807.69,70.18,7.335710404,54000,54000
4df6fd47fa82107d58b20666f2691d1a7b26f178,1828.74,71.64,7.408436604,55000,54000
4df6fd47fa82107d58b20666f2691d1a7b26f178,1871.59,73.11,7.598782863,55000,54000
4df6fd47fa82107d58b20666f2691d1a7b26f178,1821.61,71.07,7.378652089,54000,54000
4df6fd47fa82107d58b20666f2691d1a7b26f178,1834.99,71.70,7.419522480,55000,54000
4df6fd47fa82107d58b20666f2691d1a7b26f178,1792.05,69.87,7.281630855,54000,54000
4df6fd47fa82107d58b20666f2691d1a7b26f178,1806.07,70.32,7.340876858,54000,55000
4df6fd47fa82107d58b20666f2691d1a7b26f178,1805.92,70.33,7.300135605,54000,55000
4df6fd47fa82107d58b20666f2691d1a7b26f178,1804.13,70.04,7.323344228,55000,55000
4df6fd47fa82107d58b20666f2691d1a7b26f178,1792.68,69.63,7.275740027,54000,55000
4df6fd47fa82107d58b20666f2691d1a7b26f178,1780.24,69.18,7.224864179,55000,54000
4df6fd47fa82107d58b20666f2691d1a7b26f178,1801.72,69.98,7.299129360,55000,55000
4df6fd47fa82107d58b20666f2691d1a7b26f178,1795.41,69.77,7.270815716,55000,54000
4df6fd47fa82107d58b20666f2691d1a7b26f178,1815.11,71.09,7.337516849,54000,54000
4df6fd47fa82107d58b20666f2691d1a7b26f178,1801.81,70.19,7.308304237,54000,54000
1d215f8cb45bb4c3b0bb04c27f0b33ea6c8cb3e6,1795.44,69.71,7.308279540,54000,54000
1d215f8cb45bb4c3b0bb04c27f0b33ea6c8cb3e6,1811.25,70.58,7.332963316,54000,54000
1d215f8cb45bb4c3b0bb04c27f0b33ea6c8cb3e6,1813.12,70.68,7.353993392,54000,54000
1d215f8cb45bb4c3b0bb04c27f0b33ea6c8cb3e6,1831.63,71.45,7.424090540,54000,54000
1d215f8cb45bb4c3b0bb04c27f0b33ea6c8cb3e6,1786.88,69.62,7.250299836,54000,53000
1d215f8cb45bb4c3b0bb04c27f0b33ea6c8cb3e6,1829.34,71.12,7.418776334,54000,54000
1d215f8cb45bb4c3b0bb04c27f0b33ea6c8cb3e6,1832.09,71.40,7.410457094,54000,55000
1d215f8cb45bb4c3b0bb04c27f0b33ea6c8cb3e6,1825.27,70.99,7.405006263,54000,54000
1d215f8cb45bb4c3b0bb04c27f0b33ea6c8cb3e6,1818.58,70.57,7.375063799,54000,55000
1d215f8cb45bb4c3b0bb04c27f0b33ea6c8cb3e6,1821.16,70.73,7.379162743,54000,54000
1d215f8cb45bb4c3b0bb04c27f0b33ea6c8cb3e6,1821.14,70.85,7.385587381,54000,54000
1d215f8cb45bb4c3b0bb04c27f0b33ea6c8cb3e6,1794.81,69.54,7.291933440,54000,54000
1d215f8cb45bb4c3b0bb04c27f0b33ea6c8cb3e6,1800.94,70.06,7.293446401,55000,53000
1d215f8cb45bb4c3b0bb04c27f0b33ea6c8cb3e6,1841.69,71.97,7.463983589,54000,55000
1d215f8cb45bb4c3b0bb04c27f0b33ea6c8cb3e6,1814.06,70.80,7.335121467,54000,54000
1d215f8cb45bb4c3b0bb04c27f0b33ea6c8cb3e6,1817.17,70.74,7.368233803,55000,54000
1d215f8cb45bb4c3b0bb04c27f0b33ea6c8cb3e6,1800.17,70.40,7.284687272,54000,55000
1d215f8cb45bb4c3b0bb04c27f0b33ea6c8cb3e6,1801.29,70.01,7.310922367,54000,54000
1d215f8cb45bb4c3b0bb04c27f0b33ea6c8cb3e6,1819.48,71.03,7.374727668,54000,54000
1d215f8cb45bb4c3b0bb04c27f0b33ea6c8cb3e6,1793.36,69.78,7.271831899,54000,54000
1d215f8cb45bb4c3b0bb04c27f0b33ea6c8cb3e6,1793.18,69.45,7.282897876,55000,54000
1d215f8cb45bb4c3b0bb04c27f0b33ea6c8cb3e6,1807.72,70.52,7.328983198,54000,55000
1d215f8cb45bb4c3b0bb04c27f0b33ea6c8cb3e6,1809.84,70.63,7.326904598,54000,54000
1d215f8cb45bb4c3b0bb04c27f0b33ea6c8cb3e6,1793.98,69.84,7.269374488,54000,55000
1d215f8cb45bb4c3b0bb04c27f0b33ea6c8cb3e6,1821.32,70.84,7.387722665,55000,54000
1d215f8cb45bb4c3b0bb04c27f0b33ea6c8cb3e6,1820.85,71.19,7.380167295,54000,54000
1d215f8cb45bb4c3b0bb04c27f0b33ea6c8cb3e6,1804.23,70.39,7.312258693,54000,54000
1d215f8cb45bb4c3b0bb04c27f0b33ea6c8cb3e6,1806.04,70.32,7.292952144,55000,54000
1d215f8cb45bb4c3b0bb04c27f0b33ea6c8cb3e6,1840.27,71.55,7.435303637,54000,54000
1d215f8cb45bb4c3b0bb04c27f0b33ea6c8cb3e6,1828.29,71.17,7.414710564,54000,54000
c52440477fb4414e68a3d5b36a8612d60d7c3354,1840.47,71.59,7.484697826,54000,54000
c52440477fb4414e68a3d5b36a8612d60d7c3354,1798.27,70.09,7.279649246,54000,54000
c52440477fb4414e68a3d5b36a8612d60d7c3354,1786.77,69.65,7.238926723,54000,54000
c52440477fb4414e68a3d5b36a8612d60d7c3354,1801.30,70.17,7.291764087,54000,54000
c52440477fb4414e68a3d5b36a8612d60d7c3354,1806.88,70.32,7.321114636,54000,54000
c52440477fb4414e68a3d5b36a8612d60d7c3354,1802.26,69.96,7.312969461,55000,55000
c52440477fb4414e68a3d5b36a8612d60d7c3354,1809.64,70.40,7.344599743,54000,54000
c52440477fb4414e68a3d5b36a8612d60d7c3354,1821.49,70.98,7.364178903,54000,55000
c52440477fb4414e68a3d5b36a8612d60d7c3354,1816.04,70.60,7.377093277,54000,54000
c52440477fb4414e68a3d5b36a8612d60d7c3354,1782.25,69.63,7.229921985,54000,53000
c52440477fb4414e68a3d5b36a8612d60d7c3354,1794.69,69.72,7.280843666,54000,53000
c52440477fb4414e68a3d5b36a8612d60d7c3354,1792.53,69.83,7.265550854,54000,53000
c52440477fb4414e68a3d5b36a8612d60d7c3354,1792.46,69.67,7.262872952,54000,54000
c52440477fb4414e68a3d5b36a8612d60d7c3354,1773.49,69.17,7.192631092,54000,54000
c52440477fb4414e68a3d5b36a8612d60d7c3354,1788.51,69.79,7.243937805,54000,54000
c52440477fb4414e68a3d5b36a8612d60d7c3354,1803.14,70.03,7.320324787,54000,54000
c52440477fb4414e68a3d5b36a8612d60d7c3354,1793.40,69.64,7.267969098,55000,55000
c52440477fb4414e68a3d5b36a8612d60d7c3354,1796.28,70.02,7.258250471,54000,55000
c52440477fb4414e68a3d5b36a8612d60d7c3354,1790.08,69.81,7.248341669,54000,54000
c52440477fb4414e68a3d5b36a8612d60d7c3354,1786.78,69.95,7.229174806,55000,54000
c52440477fb4414e68a3d5b36a8612d60d7c3354,1804.94,70.26,7.319907026,55000,55000
c52440477fb4414e68a3d5b36a8612d60d7c3354,1821.82,71.13,7.380028802,55000,54000
c52440477fb4414e68a3d5b36a8612d60d7c3354,1806.26,70.29,7.330964383,55000,54000
c52440477fb4414e68a3d5b36a8612d60d7c3354,1805.00,70.08,7.318040306,54000,54000
c52440477fb4414e68a3d5b36a8612d60d7c3354,1807.16,70.81,7.310784877,54000,54000
c52440477fb4414e68a3d5b36a8612d60d7c3354,1798.52,69.90,7.287373324,55000,54000
c52440477fb4414e68a3d5b36a8612d60d7c3354,1796.58,70.00,7.275947479,54000,55000
c52440477fb4414e68a3d5b36a8612d60d7c3354,1813.86,70.88,7.340075226,55000,55000
c52440477fb4414e68a3d5b36a8612d60d7c3354,1781.67,69.30,7.222146277,54000,55000
c52440477fb4414e68a3d5b36a8612d60d7c3354,1803.26,70.32,7.303570622,54000,54000
835999905ddb7b78e6ba69a98194ea1e5b90bb79,1784.43,69.34,7.244138205,54000,54000
835999905ddb7b78e6ba69a98194ea1e5b90bb79,1821.01,71.35,7.376494430,54000,54000
835999905ddb7b78e6ba69a98194ea1e5b90bb79,1805.12,70.09,7.309252565,54000,56000
835999905ddb7b78e6ba69a98194ea1e5b90bb79,1811.74,70.59,7.352407576,54000,54000
835999905ddb7b78e6ba69a98194ea1e5b90bb79,1810.20,70.54,7.336216831,54000,55000
835999905ddb7b78e6ba69a98194ea1e5b90bb79,1810.19,70.62,7.328501962,54000,54000
835999905ddb7b78e6ba69a98194ea1e5b90bb79,1824.86,71.18,7.389394456,54000,54000
835999905ddb7b78e6ba69a98194ea1e5b90bb79,1790.86,69.82,7.255154093,54000,54000
835999905ddb7b78e6ba69a98194ea1e5b90bb79,1829.05,71.52,7.399848191,54000,54000
835999905ddb7b78e6ba69a98194ea1e5b90bb79,1796.34,69.93,7.273879852,54000,55000
835999905ddb7b78e6ba69a98194ea1e5b90bb79,1801.99,70.07,7.309684239,54000,54000
835999905ddb7b78e6ba69a98194ea1e5b90bb79,1780.85,69.17,7.236516506,55000,54000
835999905ddb7b78e6ba69a98194ea1e5b90bb79,1796.01,70.33,7.263472556,54000,54000
835999905ddb7b78e6ba69a98194ea1e5b90bb79,1835.72,71.56,7.422308390,54000,54000
835999905ddb7b78e6ba69a98194ea1e5b90bb79,1789.45,69.81,7.238391091,54000,54000
835999905ddb7b78e6ba69a98194ea1e5b90bb79,1803.24,70.41,7.294600108,54000,54000
835999905ddb7b78e6ba69a98194ea1e5b90bb79,1808.68,70.72,7.298429516,55000,54000
835999905ddb7b78e6ba69a98194ea1e5b90bb79,1793.97,69.92,7.273352973,55000,54000
835999905ddb7b78e6ba69a98194ea1e5b90bb79,1806.88,70.41,7.316717407,55000,54000
835999905ddb7b78e6ba69a98194ea1e5b90bb79,1787.06,69.83,7.245617533,55000,54000
835999905ddb7b78e6ba69a98194ea1e5b90bb79,1801.93,70.61,7.298020533,54000,54000
835999905ddb7b78e6ba69a98194ea1e5b90bb79,1811.99,70.72,7.334650578,54000,54000
835999905ddb7b78e6ba69a98194ea1e5b90bb79,1814.05,70.85,7.350491638,54000,55000
835999905ddb7b78e6ba69a98194ea1e5b90bb79,1819.75,71.08,7.369345829,55000,54000
835999905ddb7b78e6ba69a98194ea1e5b90bb79,1798.26,70.43,7.276363274,55000,55000
835999905ddb7b78e6ba69a98194ea1e5b90bb79,1819.42,71.18,7.356741897,55000,56000
835999905ddb7b78e6ba69a98194ea1e5b90bb79,1827.30,71.29,7.409053384,54000,55000
835999905ddb7b78e6ba69a98194ea1e5b90bb79,1814.19,70.43,7.364537356,54000,54000
835999905ddb7b78e6ba69a98194ea1e5b90bb79,1803.77,70.13,7.311534993,54000,54000
835999905ddb7b78e6ba69a98194ea1e5b90bb79,1810.66,70.40,7.343078138,54000,54000
d897f0a4807620c9041e95acfbc261457cf795e4,1776.89,69.08,7.212638960,54000,54000
d897f0a4807620c9041e95acfbc261457cf795e4,1803.16,70.41,7.300903982,54000,54000
d897f0a4807620c9041e95acfbc261457cf795e4,1806.52,70.68,7.309201215,54000,54000
d897f0a4807620c9041e95acfbc261457cf795e4,1778.93,69.06,7.225269040,53000,53000
d897f0a4807620c9041e95acfbc261457cf795e4,1798.21,69.80,7.292421162,54000,54000
d897f0a4807620c9041e95acfbc261457cf795e4,1804.58,70.51,7.311104996,54000,54000
d897f0a4807620c9041e95acfbc261457cf795e4,1803.88,70.41,7.302613400,54000,54000
d897f0a4807620c9041e95acfbc261457cf795e4,1817.67,71.00,7.364166878,54000,54000
d897f0a4807620c9041e95acfbc261457cf795e4,1788.48,69.71,7.250149378,54000,54000
d897f0a4807620c9041e95acfbc261457cf795e4,1830.21,71.48,7.420570392,54000,54000
d897f0a4807620c9041e95acfbc261457cf795e4,1802.19,69.90,7.308053260,54000,54000
d897f0a4807620c9041e95acfbc261457cf795e4,1787.69,69.63,7.237053037,54000,54000
d897f0a4807620c9041e95acfbc261457cf795e4,1796.45,70.15,7.260569540,54000,54000
d897f0a4807620c9041e95acfbc261457cf795e4,1788.92,69.55,7.269565037,54000,55000
d897f0a4807620c9041e95acfbc261457cf795e4,1824.41,71.18,7.403623657,56000,55000
d897f0a4807620c9041e95acfbc261457cf795e4,1795.77,69.81,7.292722369,55000,54000
d897f0a4807620c9041e95acfbc261457cf795e4,1836.24,71.86,7.452696567,55000,54000
d897f0a4807620c9041e95acfbc261457cf795e4,1820.54,71.43,7.362051696,54000,54000
d897f0a4807620c9041e95acfbc261457cf795e4,1797.88,70.10,7.289086498,54000,54000
d897f0a4807620c9041e95acfbc261457cf795e4,1796.75,70.31,7.258481532,55000,54000
d897f0a4807620c9041e95acfbc261457cf795e4,1798.14,69.88,7.300632871,55000,54000
d897f0a4807620c9041e95acfbc261457cf795e4,1795.39,69.95,7.263397288,55000,54000
d897f0a4807620c9041e95acfbc261457cf795e4,1827.27,71.03,7.412106648,55000,55000
d897f0a4807620c9041e95acfbc261457cf795e4,1797.22,69.95,7.272274390,55000,54000
d897f0a4807620c9041e95acfbc261457cf795e4,1801.67,70.36,7.275787044,54000,54000
d897f0a4807620c9041e95acfbc261457cf795e4,1800.18,70.18,7.272349067,54000,54000
d897f0a4807620c9041e95acfbc261457cf795e4,1796.12,70.03,7.281657502,54000,54000
d897f0a4807620c9041e95acfbc261457cf795e4,1793.54,69.94,7.271213033,54000,54000
d897f0a4807620c9041e95acfbc261457cf795e4,1827.86,71.12,7.414744618,55000,55000
d897f0a4807620c9041e95acfbc261457cf795e4,1817.74,71.01,7.335616800,55000,54000
ee44c3843250f8ced7682abe324b0c280824fb2f,1822.47,71.13,7.386182567,53000,54000
ee44c3843250f8ced7682abe324b0c280824fb2f,1794.20,69.93,7.264270605,54000,54000
ee44c3843250f8ced7682abe324b0c280824fb2f,1808.06,70.06,7.338813205,55000,55000
ee44c3843250f8ced7682abe324b0c280824fb2f,1822.09,70.83,7.400801288,54000,54000
ee44c3843250f8ced7682abe324b0c280824fb2f,1787.53,69.72,7.240577659,54000,54000
ee44c3843250f8ced7682abe324b0c280824fb2f,1795.07,69.88,7.292951120,54000,54000
ee44c3843250f8ced7682abe324b0c280824fb2f,1794.13,69.69,7.271295431,54000,54000
ee44c3843250f8ced7682abe324b0c280824fb2f,1818.07,71.04,7.339269019,54000,54000
ee44c3843250f8ced7682abe324b0c280824fb2f,1802.03,70.06,7.305196571,54000,53000
ee44c3843250f8ced7682abe324b0c280824fb2f,1817.25,70.97,7.360411268,54000,55000
ee44c3843250f8ced7682abe324b0c280824fb2f,1826.25,71.03,7.411261729,55000,55000
ee44c3843250f8ced7682abe324b0c280824fb2f,1804.99,70.23,7.322425363,54000,54000
ee44c3843250f8ced7682abe324b0c280824fb2f,1794.92,70.06,7.265201034,54000,54000
ee44c3843250f8ced7682abe324b0c280824fb2f,1802.44,70.19,7.296285260,54000,54000
ee44c3843250f8ced7682abe324b0c280824fb2f,1813.74,70.83,7.313376552,54000,54000
ee44c3843250f8ced7682abe324b0c280824fb2f,1811.56,70.42,7.325104623,54000,54000
ee44c3843250f8ced7682abe324b0c280824fb2f,1820.82,70.92,7.381758819,54000,54000
ee44c3843250f8ced7682abe324b0c280824fb2f,1811.26,70.71,7.324989656,55000,54000
ee44c3843250f8ced7682abe324b0c280824fb2f,1789.18,69.83,7.236570640,54000,54000
ee44c3843250f8ced7682abe324b0c280824fb2f,1813.99,71.15,7.335900961,54000,54000
ee44c3843250f8ced7682abe324b0c280824fb2f,1813.29,70.69,7.333355911,54000,54000
ee44c3843250f8ced7682abe324b0c280824fb2f,1817.84,71.15,7.350029950,54000,54000
ee44c3843250f8ced7682abe324b0c280824fb2f,1783.63,69.32,7.227747494,54000,55000
ee44c3843250f8ced7682abe324b0c280824fb2f,1805.24,70.57,7.294965806,55000,55000
ee44c3843250f8ced7682abe324b0c280824fb2f,1832.95,71.55,7.427279363,54000,54000
ee44c3843250f8ced7682abe324b0c280824fb2f,1804.29,70.09,7.322127176,54000,54000
ee44c3843250f8ced7682abe324b0c280824fb2f,1807.67,70.68,7.323141831,54000,54000
ee44c3843250f8ced7682abe324b0c280824fb2f,1802.53,70.29,7.305748140,54000,54000
ee44c3843250f8ced7682abe324b0c280824fb2f,1803.51,70.42,7.307392003,55000,54000
ee44c3843250f8ced7682abe324b0c280824fb2f,1795.01,70.17,7.248539999,55000,55000
848d1b5c90727bf829baf668fe38819b8687a52c,1794.05,70.36,7.293766299,54000,54000
848d1b5c90727bf829baf668fe38819b8687a52c,1818.54,71.17,7.366619921,54000,54000
848d1b5c90727bf829baf668fe38819b8687a52c,1799.24,70.03,7.301280700,54000,54000
848d1b5c90727bf829baf668fe38819b8687a52c,1789.01,69.99,7.226120060,54000,54000
848d1b5c90727bf829baf668fe38819b8687a52c,1830.08,71.36,7.426007823,54000,54000
848d1b5c90727bf829baf668fe38819b8687a52c,1803.56,70.59,7.301953198,54000,54000
848d1b5c90727bf829baf668fe38819b8687a52c,1798.55,69.73,7.320775296,54000,54000
848d1b5c90727bf829baf668fe38819b8687a52c,1798.13,70.02,7.279786645,55000,54000
848d1b5c90727bf829baf668fe38819b8687a52c,1787.72,69.52,7.249292775,54000,54000
848d1b5c90727bf829baf668fe38819b8687a52c,1800.36,70.35,7.303004518,53000,53000
848d1b5c90727bf829baf668fe38819b8687a52c,1778.43,69.17,7.211856063,54000,54000
848d1b5c90727bf829baf668fe38819b8687a52c,1802.31,70.00,7.307594641,54000,54000
848d1b5c90727bf829baf668fe38819b8687a52c,1808.01,70.47,7.343421380,54000,54000
848d1b5c90727bf829baf668fe38819b8687a52c,1785.70,69.50,7.240771460,54000,54000
848d1b5c90727bf829baf668fe38819b8687a52c,1830.49,71.28,7.418915266,54000,55000
848d1b5c90727bf829baf668fe38819b8687a52c,1795.36,69.82,7.271427153,54000,54000
848d1b5c90727bf829baf668fe38819b8687a52c,1816.09,70.68,7.373542698,54000,54000
848d1b5c90727bf829baf668fe38819b8687a52c,1806.51,70.54,7.303402687,55000,54000
848d1b5c90727bf829baf668fe38819b8687a52c,1795.76,69.76,7.276336950,54000,55000
848d1b5c90727bf829baf668fe38819b8687a52c,1796.55,70.02,7.271261713,54000,54000
848d1b5c90727bf829baf668fe38819b8687a52c,1781.07,69.36,7.214189223,54000,54000
848d1b5c90727bf829baf668fe38819b8687a52c,1806.63,70.26,7.316063219,54000,55000
848d1b5c90727bf829baf668fe38819b8687a52c,1811.68,70.56,7.333079901,54000,54000
848d1b5c90727bf829baf668fe38819b8687a52c,1790.17,69.78,7.260600382,54000,55000
848d1b5c90727bf829baf668fe38819b8687a52c,1785.65,69.53,7.226952573,55000,55000
848d1b5c90727bf829baf668fe38819b8687a52c,1779.70,69.19,7.219571121,54000,55000
848d1b5c90727bf829baf668fe38819b8687a52c,1826.02,71.20,7.404176620,54000,54000
848d1b5c90727bf829baf668fe38819b8687a52c,1797.28,70.35,7.268001156,54000,54000
848d1b5c90727bf829baf668fe38819b8687a52c,1809.68,70.47,7.328249131,55000,55000
848d1b5c90727bf829baf668fe38819b8687a52c,1791.89,69.81,7.246172748,54000,55000
ae1afa98ec888a6b5add1eb6fb0101929c1c4efe,1826.51,71.16,7.414461826,53000,54000
ae1afa98ec888a6b5add1eb6fb0101929c1c4efe,1808.20,70.81,7.318652936,54000,54000
ae1afa98ec888a6b5add1eb6fb0101929c1c4efe,1808.07,70.45,7.325511179,54000,55000
ae1afa98ec888a6b5add1eb6fb0101929c1c4efe,1810.11,70.76,7.326145618,54000,54000
ae1afa98ec888a6b5add1eb6fb0101929c1c4efe,1791.35,69.50,7.260938842,54000,54000
ae1afa98ec888a6b5add1eb6fb0101929c1c4efe,1819.53,70.74,7.385269383,55000,54000
ae1afa98ec888a6b5add1eb6fb0101929c1c4efe,1801.17,70.04,7.297518471,54000,54000
ae1afa98ec888a6b5add1eb6fb0101929c1c4efe,1813.63,70.61,7.351251007,55000,54000
ae1afa98ec888a6b5add1eb6fb0101929c1c4efe,1825.66,70.90,7.429084985,55000,54000
ae1afa98ec888a6b5add1eb6fb0101929c1c4efe,1811.45,70.56,7.348246698,54000,55000
ae1afa98ec888a6b5add1eb6fb0101929c1c4efe,1796.80,69.92,7.287690969,54000,54000
ae1afa98ec888a6b5add1eb6fb0101929c1c4efe,1831.61,71.04,7.449596771,54000,54000
ae1afa98ec888a6b5add1eb6fb0101929c1c4efe,1797.73,70.25,7.276521242,54000,54000
ae1afa98ec888a6b5add1eb6fb0101929c1c4efe,1808.75,70.51,7.325501312,54000,54000
ae1afa98ec888a6b5add1eb6fb0101929c1c4efe,1791.99,69.62,7.245150197,54000,54000
ae1afa98ec888a6b5add1eb6fb0101929c1c4efe,1799.75,70.39,7.290394412,54000,54000
ae1afa98ec888a6b5add1eb6fb0101929c1c4efe,1799.11,69.98,7.294104868,54000,54000
ae1afa98ec888a6b5add1eb6fb0101929c1c4efe,1790.66,69.68,7.244741404,55000,54000
ae1afa98ec888a6b5add1eb6fb0101929c1c4efe,1786.72,69.73,7.233494878,54000,54000
ae1afa98ec888a6b5add1eb6fb0101929c1c4efe,1796.32,70.11,7.271027251,54000,55000
ae1afa98ec888a6b5add1eb6fb0101929c1c4efe,1790.82,69.71,7.266445589,54000,54000
ae1afa98ec888a6b5add1eb6fb0101929c1c4efe,1800.95,70.23,7.299003912,54000,55000
ae1afa98ec888a6b5add1eb6fb0101929c1c4efe,1786.68,69.45,7.236111184,55000,54000
ae1afa98ec888a6b5add1eb6fb0101929c1c4efe,1805.73,70.40,7.317376435,54000,56000
ae1afa98ec888a6b5add1eb6fb0101929c1c4efe,1804.10,70.58,7.285144296,55000,55000
ae1afa98ec888a6b5add1eb6fb0101929c1c4efe,1791.48,69.90,7.258841946,54000,54000
ae1afa98ec888a6b5add1eb6fb0101929c1c4efe,1790.16,69.54,7.242540674,54000,55000
ae1afa98ec888a6b5add1eb6fb0101929c1c4efe,1819.82,71.18,7.360746821,55000,54000
ae1afa98ec888a6b5add1eb6fb0101929c1c4efe,1797.73,70.01,7.278313872,54000,54000
ae1afa98ec888a6b5add1eb6fb0101929c1c4efe,1796.52,69.89,7.278639725,54000,54000
5bc64a65322366285a4204e3892f38d50daa9e0f,1797.02,70.16,7.280293057,55000,54000
5bc64a65322366285a4204e3892f38d50daa9e0f,1786.37,69.48,7.233983374,54000,53000
5bc64a65322366285a4204e3892f38d50daa9e0f,1802.71,70.17,7.305597629,54000,54000
5bc64a65322366285a4204e3892f38d50daa9e0f,1817.98,70.98,7.366095366,53000,54000
5bc64a65322366285a4204e3892f38d50daa9e0f,1822.68,71.09,7.383936889,54000,54000
5bc64a65322366285a4204e3892f38d50daa9e0f,1799.44,69.92,7.293976265,54000,54000
5bc64a65322366285a4204e3892f38d50daa9e0f,1807.62,70.36,7.314473924,54000,54000
5bc64a65322366285a4204e3892f38d50daa9e0f,1818.05,70.82,7.375660942,54000,54000
5bc64a65322366285a4204e3892f38d50daa9e0f,1796.70,69.74,7.289568644,54000,54000
5bc64a65322366285a4204e3892f38d50daa9e0f,1818.42,70.83,7.367869206,54000,54000
5bc64a65322366285a4204e3892f38d50daa9e0f,1799.87,70.08,7.275117234,54000,54000
5bc64a65322366285a4204e3892f38d50daa9e0f,1799.45,69.94,7.302484099,54000,54000
5bc64a65322366285a4204e3892f38d50daa9e0f,1801.05,70.17,7.286640990,54000,54000
5bc64a65322366285a4204e3892f38d50daa9e0f,1802.72,70.40,7.280517024,55000,55000
5bc64a65322366285a4204e3892f38d50daa9e0f,1788.74,69.85,7.257675207,54000,54000
5bc64a65322366285a4204e3892f38d50daa9e0f,1787.02,69.75,7.241339029,55000,54000
5bc64a65322366285a4204e3892f38d50daa9e0f,1821.92,71.29,7.390202530,55000,54000
5bc64a65322366285a4204e3892f38d50daa9e0f,1808.99,70.65,7.326004868,54000,54000
5bc64a65322366285a4204e3892f38d50daa9e0f,1819.91,70.82,7.372564637,54000,55000
5bc64a65322366285a4204e3892f38d50daa9e0f,1816.41,71.18,7.350311575,54000,55000
5bc64a65322366285a4204e3892f38d50daa9e0f,1796.99,70.10,7.264753980,54000,54000
5bc64a65322366285a4204e3892f38d50daa9e0f,1788.68,69.48,7.253852411,54000,54000
5bc64a65322366285a4204e3892f38d50daa9e0f,1829.99,71.44,7.397806474,55000,55000
5bc64a65322366285a4204e3892f38d50daa9e0f,1802.04,70.21,7.296971655,55000,55000
5bc64a65322366285a4204e3892f38d50daa9e0f,1800.74,70.32,7.285221998,55000,54000
5bc64a65322366285a4204e3892f38d50daa9e0f,1797.86,69.94,7.285830724,54000,55000
5bc64a65322366285a4204e3892f38d50daa9e0f,1779.92,69.16,7.216789871,55000,54000
5bc64a65322366285a4204e3892f38d50daa9e0f,1808.94,70.71,7.320171907,54000,53000
5bc64a65322366285a4204e3892f38d50daa9e0f,1797.45,69.89,7.280825166,54000,54000
5bc64a65322366285a4204e3892f38d50daa9e0f,1795.11,69.94,7.278499610,54000,54000
f4c2e8bdd5f2ee06640029d0d6fddfe72cfa2715,1811.75,70.54,7.345211444,54000,54000
f4c2e8bdd5f2ee06640029d0d6fddfe72cfa2715,1792.90,69.94,7.271714713,54000,54000
f4c2e8bdd5f2ee06640029d0d6fddfe72cfa2715,1832.86,71.27,7.420130553,53000,54000
f4c2e8bdd5f2ee06640029d0d6fddfe72cfa2715,1827.05,71.04,7.409735027,55000,54000
f4c2e8bdd5f2ee06640029d0d6fddfe72cfa2715,1824.18,71.14,7.399604587,54000,54000
f4c2e8bdd5f2ee06640029d0d6fddfe72cfa2715,1801.47,70.32,7.298791094,54000,54000
f4c2e8bdd5f2ee06640029d0d6fddfe72cfa2715,1764.60,68.30,7.154600041,55000,54000
f4c2e8bdd5f2ee06640029d0d6fddfe72cfa2715,1777.29,69.06,7.205774934,54000,54000
f4c2e8bdd5f2ee06640029d0d6fddfe72cfa2715,1810.24,70.43,7.332334002,54000,54000
f4c2e8bdd5f2ee06640029d0d6fddfe72cfa2715,1815.24,71.01,7.352736109,54000,54000
f4c2e8bdd5f2ee06640029d0d6fddfe72cfa2715,1799.06,69.98,7.275923153,54000,54000
f4c2e8bdd5f2ee06640029d0d6fddfe72cfa2715,1811.54,70.91,7.341616126,54000,54000
f4c2e8bdd5f2ee06640029d0d6fddfe72cfa2715,1799.08,70.04,7.283033360,54000,54000
f4c2e8bdd5f2ee06640029d0d6fddfe72cfa2715,1787.24,69.69,7.233819754,54000,54000
f4c2e8bdd5f2ee06640029d0d6fddfe72cfa2715,1804.61,70.36,7.306671014,54000,54000
f4c2e8bdd5f2ee06640029d0d6fddfe72cfa2715,1806.32,70.42,7.303074803,54000,55000
f4c2e8bdd5f2ee06640029d0d6fddfe72cfa2715,1781.53,69.13,7.221632044,54000,54000
f4c2e8bdd5f2ee06640029d0d6fddfe72cfa2715,1800.56,70.15,7.309787868,55000,54000
f4c2e8bdd5f2ee06640029d0d6fddfe72cfa2715,1824.88,70.99,7.411095056,54000,54000
f4c2e8bdd5f2ee06640029d0d6fddfe72cfa2715,1817.87,70.76,7.372656060,54000,54000
f4c2e8bdd5f2ee06640029d0d6fddfe72cfa2715,1799.55,70.50,7.290826577,55000,55000
f4c2e8bdd5f2ee06640029d0d6fddfe72cfa2715,1810.34,71.06,7.330445608,55000,55000
f4c2e8bdd5f2ee06640029d0d6fddfe72cfa2715,1782.22,69.52,7.224659916,55000,55000
f4c2e8bdd5f2ee06640029d0d6fddfe72cfa2715,1791.75,69.87,7.275394033,54000,54000
f4c2e8bdd5f2ee06640029d0d6fddfe72cfa2715,1816.85,70.69,7.355343697,55000,54000
f4c2e8bdd5f2ee06640029d0d6fddfe72cfa2715,1800.56,69.92,7.313538437,54000,54000
f4c2e8bdd5f2ee06640029d0d6fddfe72cfa2715,1794.20,70.16,7.239932556,54000,56000
f4c2e8bdd5f2ee06640029d0d6fddfe72cfa2715,1801.43,70.05,7.301709397,54000,54000
f4c2e8bdd5f2ee06640029d0d6fddfe72cfa2715,1819.07,70.90,7.355875014,55000,54000
f4c2e8bdd5f2ee06640029d0d6fddfe72cfa2715,1801.85,70.05,7.300346787,55000,55000
497d89bee728b14f2aed4f5a63d339135837e1e3,1802.11,70.05,7.320170571,53000,53000
497d89bee728b14f2aed4f5a63d339135837e1e3,1809.63,70.58,7.328698092,53000,54000
497d89bee728b14f2aed4f5a63d339135837e1e3,1809.56,70.73,7.315330922,54000,53000
497d89bee728b14f2aed4f5a63d339135837e1e3,1794.19,69.75,7.262235019,54000,54000
497d89bee728b14f2aed4f5a63d339135837e1e3,1787.68,69.33,7.251678867,55000,54000
497d89bee728b14f2aed4f5a63d339135837e1e3,1784.00,69.45,7.252208728,54000,54000
497d89bee728b14f2aed4f5a63d339135837e1e3,1788.96,69.59,7.242507292,54000,55000
497d89bee728b14f2aed4f5a63d339135837e1e3,1805.12,70.48,7.308835264,54000,55000
497d89bee728b14f2aed4f5a63d339135837e1e3,1797.89,69.78,7.304813652,54000,55000
497d89bee728b14f2aed4f5a63d339135837e1e3,1806.71,70.15,7.328770413,54000,54000
497d89bee728b14f2aed4f5a63d339135837e1e3,1805.46,70.53,7.300073422,54000,54000
497d89bee728b14f2aed4f5a63d339135837e1e3,1785.51,69.45,7.232329510,54000,54000
497d89bee728b14f2aed4f5a63d339135837e1e3,1820.99,71.04,7.368141910,54000,54000
497d89bee728b14f2aed4f5a63d339135837e1e3,1794.63,69.76,7.272029103,55000,54000
497d89bee728b14f2aed4f5a63d339135837e1e3,1810.48,70.73,7.308680591,54000,54000
497d89bee728b14f2aed4f5a63d339135837e1e3,1799.60,70.04,7.273557363,54000,55000
497d89bee728b14f2aed4f5a63d339135837e1e3,1800.67,70.23,7.270235862,54000,54000
497d89bee728b14f2aed4f5a63d339135837e1e3,1803.98,70.42,7.308937863,55000,54000
497d89bee728b14f2aed4f5a63d339135837e1e3,1823.08,71.35,7.361207358,54000,55000
497d89bee728b14f2aed4f5a63d339135837e1e3,1815.19,70.72,7.365505558,55000,54000
497d89bee728b14f2aed4f5a63d339135837e1e3,1799.74,70.08,7.286797911,55000,54000
497d89bee728b14f2aed4f5a63d339135837e1e3,1794.67,69.98,7.266094984,54000,54000
497d89bee728b14f2aed4f5a63d339135837e1e3,1812.45,70.66,7.345669639,55000,54000
497d89bee728b14f2aed4f5a63d339135837e1e3,1813.46,70.75,7.354799306,54000,54000
497d89bee728b14f2aed4f5a63d339135837e1e3,1813.57,70.61,7.362015196,54000,54000
497d89bee728b14f2aed4f5a63d339135837e1e3,1797.85,69.75,7.292990760,54000,54000
497d89bee728b14f2aed4f5a63d339135837e1e3,1802.03,70.27,7.284272237,54000,55000
497d89bee728b14f2aed4f5a63d339135837e1e3,1803.81,70.12,7.298071744,55000,55000
497d89bee728b14f2aed4f5a63d339135837e1e3,1820.84,70.87,7.377365214,54000,54000
497d89bee728b14f2aed4f5a63d339135837e1e3,1811.58,70.67,7.324223597,54000,55000
2ce5a9baf68cf77e71232408ab3771f96e95360c,1799.41,70.23,7.282234884,54000,54000
2ce5a9baf68cf77e71232408ab3771f96e95360c,1807.28,70.38,7.323856878,54000,54000
2ce5a9baf68cf77e71232408ab3771f96e95360c,1796.94,69.79,7.288554859,54000,54000
2ce5a9baf68cf77e71232408ab3771f96e95360c,1810.99,70.83,7.325323015,54000,54000
2ce5a9baf68cf77e71232408ab3771f96e95360c,1803.38,70.40,7.303477597,54000,54000
2ce5a9baf68cf77e71232408ab3771f96e95360c,1785.95,69.56,7.242676494,54000,54000
2ce5a9baf68cf77e71232408ab3771f96e95360c,1822.67,70.70,7.397766609,54000,54000
2ce5a9baf68cf77e71232408ab3771f96e95360c,1832.87,71.16,7.430254728,55000,54000
2ce5a9baf68cf77e71232408ab3771f96e95360c,1805.95,70.34,7.320433902,54000,55000
2ce5a9baf68cf77e71232408ab3771f96e95360c,1802.16,70.19,7.301246465,54000,54000
2ce5a9baf68cf77e71232408ab3771f96e95360c,1804.70,70.07,7.311602528,55000,54000
2ce5a9baf68cf77e71232408ab3771f96e95360c,1803.17,70.19,7.309177441,54000,54000
2ce5a9baf68cf77e71232408ab3771f96e95360c,1821.76,70.80,7.405181545,54000,54000
2ce5a9baf68cf77e71232408ab3771f96e95360c,1816.78,70.82,7.352171607,54000,54000
2ce5a9baf68cf77e71232408ab3771f96e95360c,1807.53,70.55,7.310145265,56000,55000
2ce5a9baf68cf77e71232408ab3771f96e95360c,1842.04,71.74,7.466007567,54000,55000
2ce5a9baf68cf77e71232408ab3771f96e95360c,1817.11,70.88,7.364997216,54000,54000
2ce5a9baf68cf77e71232408ab3771f96e95360c,1803.79,70.56,7.301756528,54000,54000
2ce5a9baf68cf77e71232408ab3771f96e95360c,1820.70,71.11,7.381978233,54000,54000
2ce5a9baf68cf77e71232408ab3771f96e95360c,1780.00,69.32,7.231484893,54000,54000
2ce5a9baf68cf77e71232408ab3771f96e95360c,1806.25,70.26,7.327830114,55000,55000
2ce5a9baf68cf77e71232408ab3771f96e95360c,1795.58,69.82,7.291074412,54000,54000
2ce5a9baf68cf77e71232408ab3771f96e95360c,1803.63,70.64,7.297176737,55000,54000
2ce5a9baf68cf77e71232408ab3771f96e95360c,1785.56,69.47,7.249318353,54000,55000
2ce5a9baf68cf77e71232408ab3771f96e95360c,1813.16,70.76,7.341493063,55000,54000
2ce5a9baf68cf77e71232408ab3771f96e95360c,1796.93,70.07,7.290697989,54000,54000
2ce5a9baf68cf77e71232408ab3771f96e95360c,1812.05,70.45,7.348322619,54000,54000
2ce5a9baf68cf77e71232408ab3771f96e95360c,1802.77,70.35,7.290527437,55000,54000
2ce5a9baf68cf77e71232408ab3771f96e95360c,1817.59,70.40,7.375194316,54000,55000
2ce5a9baf68cf77e71232408ab3771f96e95360c,1821.41,70.86,7.393753925,54000,54000
9ecae334b978bbec016831be03a574c107c0dbab,1786.65,69.24,7.257918626,54000,54000
9ecae334b978bbec016831be03a574c107c0dbab,1810.01,70.39,7.333671892,54000,54000
9ecae334b978bbec016831be03a574c107c0dbab,1807.07,70.52,7.312754569,54000,55000
9ecae334b978bbec016831be03a574c107c0dbab,1818.90,70.92,7.371636691,54000,54000
9ecae334b978bbec016831be03a574c107c0dbab,1820.83,70.92,7.393667637,54000,54000
9ecae334b978bbec016831be03a574c107c0dbab,1794.77,69.85,7.282248904,55000,54000
9ecae334b978bbec016831be03a574c107c0dbab,1813.63,70.54,7.362206013,54000,54000
9ecae334b978bbec016831be03a574c107c0dbab,1799.59,70.07,7.284167809,54000,54000
9ecae334b978bbec016831be03a574c107c0dbab,1796.11,69.93,7.263647659,54000,54000
9ecae334b978bbec016831be03a574c107c0dbab,1796.52,70.07,7.283874872,54000,54000
9ecae334b978bbec016831be03a574c107c0dbab,1796.17,70.13,7.262007427,54000,54000
9ecae334b978bbec016831be03a574c107c0dbab,1798.86,70.61,7.274489400,55000,55000
9ecae334b978bbec016831be03a574c107c0dbab,1807.59,70.52,7.295881464,54000,55000
9ecae334b978bbec016831be03a574c107c0dbab,1797.53,70.04,7.277230178,54000,54000
9ecae334b978bbec016831be03a574c107c0dbab,1818.58,71.22,7.333151299,55000,55000
9ecae334b978bbec016831be03a574c107c0dbab,1787.24,69.75,7.247911084,54000,55000
9ecae334b978bbec016831be03a574c107c0dbab,1798.01,70.19,7.292804500,54000,54000
9ecae334b978bbec016831be03a574c107c0dbab,1817.05,70.92,7.353145011,54000,54000
9ecae334b978bbec016831be03a574c107c0dbab,1785.55,69.71,7.218918892,54000,54000
9ecae334b978bbec016831be03a574c107c0dbab,1799.33,70.02,7.285716787,54000,54000
9ecae334b978bbec016831be03a574c107c0dbab,1818.27,71.13,7.356934434,55000,55000
9ecae334b978bbec016831be03a574c107c0dbab,1804.81,70.66,7.309650170,54000,54000
9ecae334b978bbec016831be03a574c107c0dbab,1807.74,70.51,7.325077556,54000,54000
9ecae334b978bbec016831be03a574c107c0dbab,1796.44,69.87,7.283899966,54000,54000
9ecae334b978bbec016831be03a574c107c0dbab,1795.44,69.88,7.263722289,55000,56000
9ecae334b978bbec016831be03a574c107c0dbab,1815.43,70.56,7.357398907,55000,55000
9ecae334b978bbec016831be03a574c107c0dbab,1807.89,70.55,7.309969139,55000,54000
9ecae334b978bbec016831be03a574c107c0dbab,1804.74,70.34,7.315473230,54000,55000
9ecae334b978bbec016831be03a574c107c0dbab,1790.86,69.84,7.242237606,56000,54000
9ecae334b978bbec016831be03a574c107c0dbab,1803.26,70.53,7.293263394,54000,55000
fb1a45c07e883aa894b64157a6b55fe7c1c706c3,1832.88,71.16,7.435424385,54000,54000
fb1a45c07e883aa894b64157a6b55fe7c1c706c3,1782.03,69.20,7.229511419,54000,54000
fb1a45c07e883aa894b64157a6b55fe7c1c706c3,1824.82,71.07,7.395437790,54000,54000
fb1a45c07e883aa894b64157a6b55fe7c1c706c3,1800.28,70.05,7.304514748,54000,54000
fb1a45c07e883aa894b64157a6b55fe7c1c706c3,1819.34,70.89,7.379472471,54000,54000
fb1a45c07e883aa894b64157a6b55fe7c1c706c3,1818.66,70.80,7.371355395,54000,54000
fb1a45c07e883aa894b64157a6b55fe7c1c706c3,1819.93,70.57,7.374044836,54000,55000
fb1a45c07e883aa894b64157a6b55fe7c1c706c3,1788.38,69.19,7.264866566,54000,54000
fb1a45c07e883aa894b64157a6b55fe7c1c706c3,1766.56,68.40,7.171342096,54000,54000
fb1a45c07e883aa894b64157a6b55fe7c1c706c3,1812.46,70.82,7.338526191,54000,54000
fb1a45c07e883aa894b64157a6b55fe7c1c706c3,1804.39,70.30,7.315871609,54000,55000
fb1a45c07e883aa894b64157a6b55fe7c1c706c3,1808.78,70.28,7.335987110,54000,54000
fb1a45c07e883aa894b64157a6b55fe7c1c706c3,1805.43,70.34,7.304287260,54000,54000
fb1a45c07e883aa894b64157a6b55fe7c1c706c3,1816.66,70.79,7.361800031,54000,54000
fb1a45c07e883aa894b64157a6b55fe7c1c706c3,1827.88,71.35,7.392277066,54000,55000
fb1a45c07e883aa894b64157a6b55fe7c1c706c3,1847.33,72.20,7.469910065,54000,54000
fb1a45c07e883aa894b64157a6b55fe7c1c706c3,1798.51,70.00,7.301476980,54000,54000
fb1a45c07e883aa894b64157a6b55fe7c1c706c3,1818.25,70.87,7.378259247,54000,54000
fb1a45c07e883aa894b64157a6b55fe7c1c706c3,1806.93,70.56,7.311543739,54000,55000
fb1a45c07e883aa894b64157a6b55fe7c1c706c3,1841.71,72.21,7.459726995,55000,54000
fb1a45c07e883aa894b64157a6b55fe7c1c706c3,1793.02,70.20,7.253581856,54000,54000
fb1a45c07e883aa894b64157a6b55fe7c1c706c3,1808.30,70.57,7.326607362,55000,54000
fb1a45c07e883aa894b64157a6b55fe7c1c706c3,1790.50,69.58,7.266792559,54000,54000
fb1a45c07e883aa894b64157a6b55fe7c1c706c3,1822.78,70.83,7.400209671,54000,54000
fb1a45c07e883aa894b64157a6b55fe7c1c706c3,1809.16,70.52,7.339396181,54000,54000
fb1a45c07e883aa894b64157a6b55fe7c1c706c3,1794.72,69.97,7.280295747,55000,55000
fb1a45c07e883aa894b64157a6b55fe7c1c706c3,1803.64,70.07,7.297290961,55000,54000
fb1a45c07e883aa894b64157a6b55fe7c1c706c3,1796.43,69.88,7.281713538,55000,54000
fb1a45c07e883aa894b64157a6b55fe7c1c706c3,1787.98,69.29,7.260648056,54000,54000
fb1a45c07e883aa894b64157a6b55fe7c1c706c3,1823.80,71.14,7.395847567,54000,55000
b553ab5d176ad1f528442cb4edfba79dece9e78c,1818.60,71.13,7.365353825,54000,54000
b553ab5d176ad1f528442cb4edfba79dece9e78c,1798.36,70.22,7.297153960,54000,54000
b553ab5d176ad1f528442cb4edfba79dece9e78c,1807.41,70.42,7.334169215,54000,54000
b553ab5d176ad1f528442cb4edfba79dece9e78c,1792.56,70.16,7.254441253,54000,54000
b553ab5d176ad1f528442cb4edfba79dece9e78c,1787.03,69.27,7.252706813,53000,54000
b553ab5d176ad1f528442cb4edfba79dece9e78c,1806.03,70.22,7.333369426,54000,54000
b553ab5d176ad1f528442cb4edfba79dece9e78c,1794.12,70.27,7.259222283,54000,54000
b553ab5d176ad1f528442cb4edfba79dece9e78c,1811.68,70.26,7.347739656,54000,55000
b553ab5d176ad1f528442cb4edfba79dece9e78c,1838.25,71.73,7.437690554,54000,54000
b553ab5d176ad1f528442cb4edfba79dece9e78c,1812.16,70.72,7.346775766,54000,55000
b553ab5d176ad1f528442cb4edfba79dece9e78c,1797.19,70.15,7.279692918,55000,54000
b553ab5d176ad1f528442cb4edfba79dece9e78c,1785.56,69.44,7.226403623,54000,54000
b553ab5d176ad1f528442cb4edfba79dece9e78c,1794.67,69.69,7.286011821,54000,54000
b553ab5d176ad1f528442cb4edfba79dece9e78c,1821.58,70.90,7.375350325,54000,54000
b553ab5d176ad1f528442cb4edfba79dece9e78c,1799.95,70.40,7.275378455,54000,54000
b553ab5d176ad1f528442cb4edfba79dece9e78c,1813.09,70.35,7.342920732,54000,55000
b553ab5d176ad1f528442cb4edfba79dece9e78c,1805.54,70.27,7.319225280,55000,54000
b553ab5d176ad1f528442cb4edfba79dece9e78c,1810.78,70.55,7.316304113,54000,54000
b553ab5d176ad1f528442cb4edfba79dece9e78c,1813.34,70.85,7.326911924,55000,54000
b553ab5d176ad1f528442cb4edfba79dece9e78c,1804.84,70.16,7.309842713,55000,55000
b553ab5d176ad1f528442cb4edfba79dece9e78c,1795.32,69.97,7.273942196,54000,54000
b553ab5d176ad1f528442cb4edfba79dece9e78c,1812.21,70.77,7.351726660,54000,54000
b553ab5d176ad1f528442cb4edfba79dece9e78c,1802.89,70.06,7.332184043,54000,54000
b553ab5d176ad1f528442cb4edfba79dece9e78c,1807.87,70.43,7.305161105,55000,55000
b553ab5d176ad1f528442cb4edfba79dece9e78c,1772.91,69.07,7.186715291,54000,54000
b553ab5d176ad1f528442cb4edfba79dece9e78c,1821.32,70.70,7.384412692,55000,54000
b553ab5d176ad1f528442cb4edfba79dece9e78c,1800.89,70.14,7.293755724,54000,54000
b553ab5d176ad1f528442cb4edfba79dece9e78c,1819.21,70.90,7.359136795,54000,55000
b553ab5d176ad1f528442cb4edfba79dece9e78c,1806.32,70.17,7.330083496,54000,56000
b553ab5d176ad1f528442cb4edfba79dece9e78c,1809.37,70.22,7.344370592,54000,54000
bac3158fd8dba37b7178514bf724b056fde63428,1775.28,69.44,7.226499645,54000,54000
bac3158fd8dba37b7178514bf724b056fde63428,1794.60,70.01,7.268635871,54000,53000
bac3158fd8dba37b7178514bf724b056fde63428,1796.50,70.08,7.282807204,54000,54000
bac3158fd8dba37b7178514bf724b056fde63428,1817.69,70.73,7.380652599,55000,54000
bac3158fd8dba37b7178514bf724b056fde63428,1848.11,72.05,7.497106711,55000,55000
bac3158fd8dba37b7178514bf724b056fde63428,1794.35,69.74,7.277669204,54000,54000
bac3158fd8dba37b7178514bf724b056fde63428,1809.93,70.17,7.328746441,54000,54000
bac3158fd8dba37b7178514bf724b056fde63428,1810.82,70.40,7.336903148,54000,54000
bac3158fd8dba37b7178514bf724b056fde63428,1809.25,70.84,7.328077222,54000,54000
bac3158fd8dba37b7178514bf724b056fde63428,1796.57,69.67,7.278835350,55000,54000
bac3158fd8dba37b7178514bf724b056fde63428,1839.29,71.74,7.445121472,54000,54000
bac3158fd8dba37b7178514bf724b056fde63428,1821.41,70.71,7.400398286,54000,53000
bac3158fd8dba37b7178514bf724b056fde63428,1813.97,70.87,7.336584042,54000,54000
bac3158fd8dba37b7178514bf724b056fde63428,1819.75,71.12,7.365294315,55000,54000
bac3158fd8dba37b7178514bf724b056fde63428,1813.34,70.61,7.346870111,55000,54000
bac3158fd8dba37b7178514bf724b056fde63428,1803.91,70.02,7.322039506,54000,54000
bac3158fd8dba37b7178514bf724b056fde63428,1802.14,70.22,7.290101634,54000,55000
bac3158fd8dba37b7178514bf724b056fde63428,1786.14,69.47,7.224975609,55000,54000
bac3158fd8dba37b7178514bf724b056fde63428,1811.64,70.88,7.312277814,55000,54000
bac3158fd8dba37b7178514bf724b056fde63428,1816.27,70.37,7.375005794,54000,54000
bac3158fd8dba37b7178514bf724b056fde63428,1808.00,70.46,7.310367746,54000,54000
bac3158fd8dba37b7178514bf724b056fde63428,1815.44,70.85,7.355315045,55000,55000
bac3158fd8dba37b7178514bf724b056fde63428,1803.28,70.57,7.287497124,54000,54000
bac3158fd8dba37b7178514bf724b056fde63428,1802.28,70.02,7.316172707,55000,55000
bac3158fd8dba37b7178514bf724b056fde63428,1793.89,69.78,7.269897160,54000,54000
bac3158fd8dba37b7178514bf724b056fde63428,1810.09,70.82,7.322639742,54000,55000
bac3158fd8dba37b7178514bf724b056fde63428,1799.49,70.31,7.286982674,54000,54000
bac3158fd8dba37b7178514bf724b056fde63428,1814.81,70.70,7.358159472,55000,54000
bac3158fd8dba37b7178514bf724b056fde63428,1831.71,71.58,7.429517839,54000,54000
bac3158fd8dba37b7178514bf724b056fde63428,1798.45,70.03,7.277642420,54000,54000
1daf208e9f2651f9970744b34b567102def38631,1801.49,70.29,7.314630564,54000,54000
1daf208e9f2651f9970744b34b567102def38631,1817.63,70.56,7.379226720,54000,54000
1daf208e9f2651f9970744b34b567102def38631,1793.66,69.74,7.275522142,54000,54000
1daf208e9f2651f9970744b34b567102def38631,1804.52,70.44,7.313989908,55000,54000
1daf208e9f2651f9970744b34b567102def38631,1808.17,70.50,7.310870302,54000,54000
1daf208e9f2651f9970744b34b567102def38631,1839.83,71.69,7.448546768,54000,54000
1daf208e9f2651f9970744b34b567102def38631,1806.37,70.29,7.312030945,54000,54000
1daf208e9f2651f9970744b34b567102def38631,1801.65,70.22,7.297716845,54000,54000
1daf208e9f2651f9970744b34b567102def38631,1801.05,69.78,7.315757660,54000,54000
1daf208e9f2651f9970744b34b567102def38631,1816.33,70.75,7.351407541,54000,55000
1daf208e9f2651f9970744b34b567102def38631,1812.71,70.76,7.330513879,54000,54000
1daf208e9f2651f9970744b34b567102def38631,1800.86,70.13,7.288947808,54000,54000
1daf208e9f2651f9970744b34b567102def38631,1841.98,71.89,7.453549325,54000,54000
1daf208e9f2651f9970744b34b567102def38631,1810.79,70.45,7.348851198,54000,54000
1daf208e9f2651f9970744b34b567102def38631,1785.91,69.07,7.248702940,54000,54000
1daf208e9f2651f9970744b34b567102def38631,1810.14,70.40,7.338047632,54000,54000
1daf208e9f2651f9970744b34b567102def38631,1804.80,70.30,7.308076252,54000,55000
1daf208e9f2651f9970744b34b567102def38631,1814.13,70.90,7.335206719,54000,54000
1daf208e9f2651f9970744b34b567102def38631,1791.78,69.85,7.264247850,54000,54000
1daf208e9f2651f9970744b34b567102def38631,1810.02,70.74,7.332268916,55000,54000
1daf208e9f2651f9970744b34b567102def38631,1808.33,70.74,7.326606574,54000,54000
1daf208e9f2651f9970744b34b567102def38631,1811.12,70.58,7.324649219,54000,54000
1daf208e9f2651f9970744b34b567102def38631,1805.63,70.56,7.297708484,54000,54000
1daf208e9f2651f9970744b34b567102def38631,1831.44,71.58,7.413885186,54000,55000
1daf208e9f2651f9970744b34b567102def38631,1808.46,70.65,7.315541339,54000,55000
1daf208e9f2651f9970744b34b567102def38631,1792.56,69.75,7.270413113,54000,54000
1daf208e9f2651f9970744b34b567102def38631,1811.82,70.71,7.333049031,54000,54000
1daf208e9f2651f9970744b34b567102def38631,1804.27,70.42,7.300281900,54000,54000
1daf208e9f2651f9970744b34b567102def38631,1810.00,70.87,7.319343595,54000,54000
1daf208e9f2651f9970744b34b567102def38631,1838.88,72.17,7.429806809,55000,55000
ff0e825c4b9f57d0eda81a72eccd56ae62fe5fbc,1784.36,69.88,7.267935362,54000,54000
ff0e825c4b9f57d0eda81a72eccd56ae62fe5fbc,1809.51,70.43,7.323364382,54000,54000
ff0e825c4b9f57d0eda81a72eccd56ae62fe5fbc,1825.15,71.09,7.407523090,54000,54000
ff0e825c4b9f57d0eda81a72eccd56ae62fe5fbc,1791.47,69.57,7.270184786,54000,54000
ff0e825c4b9f57d0eda81a72eccd56ae62fe5fbc,1806.49,70.34,7.318348013,54000,54000
ff0e825c4b9f57d0eda81a72eccd56ae62fe5fbc,1819.26,71.19,7.359869615,54000,54000
ff0e825c4b9f57d0eda81a72eccd56ae62fe5fbc,1804.25,70.28,7.288971366,54000,54000
ff0e825c4b9f57d0eda81a72eccd56ae62fe5fbc,1810.02,70.51,7.341185783,54000,54000
ff0e825c4b9f57d0eda81a72eccd56ae62fe5fbc,1820.91,70.65,7.369392884,54000,55000
ff0e825c4b9f57d0eda81a72eccd56ae62fe5fbc,1795.37,69.81,7.279534883,54000,54000
ff0e825c4b9f57d0eda81a72eccd56ae62fe5fbc,1813.72,70.68,7.348599639,55000,54000
ff0e825c4b9f57d0eda81a72eccd56ae62fe5fbc,1806.11,70.43,7.306458550,55000,54000
ff0e825c4b9f57d0eda81a72eccd56ae62fe5fbc,1824.07,71.19,7.401792758,55000,54000
ff0e825c4b9f57d0eda81a72eccd56ae62fe5fbc,1801.47,70.06,7.307726068,54000,54000
ff0e825c4b9f57d0eda81a72eccd56ae62fe5fbc,1807.20,70.33,7.334130430,54000,54000
ff0e825c4b9f57d0eda81a72eccd56ae62fe5fbc,1821.56,71.29,7.383372850,54000,54000
ff0e825c4b9f57d0eda81a72eccd56ae62fe5fbc,1815.47,70.88,7.347437857,55000,54000
ff0e825c4b9f57d0eda81a72eccd56ae62fe5fbc,1809.92,70.76,7.314548985,54000,54000
ff0e825c4b9f57d0eda81a72eccd56ae62fe5fbc,1802.64,69.99,7.294095386,54000,55000
ff0e825c4b9f57d0eda81a72eccd56ae62fe5fbc,1813.54,70.97,7.318287068,55000,55000
ff0e825c4b9f57d0eda81a72eccd56ae62fe5fbc,1811.01,70.64,7.346495339,54000,55000
ff0e825c4b9f57d0eda81a72eccd56ae62fe5fbc,1809.02,70.54,7.318879164,54000,55000
ff0e825c4b9f57d0eda81a72eccd56ae62fe5fbc,1830.20,71.52,7.395532673,54000,56000
ff0e825c4b9f57d0eda81a72eccd56ae62fe5fbc,1822.17,71.00,7.374102176,54000,56000
ff0e825c4b9f57d0eda81a72eccd56ae62fe5fbc,1811.38,70.51,7.332455234,55000,54000
ff0e825c4b9f57d0eda81a72eccd56ae62fe5fbc,1841.18,72.01,7.450594354,54000,54000
ff0e825c4b9f57d0eda81a72eccd56ae62fe5fbc,1789.69,69.73,7.239358876,54000,54000
ff0e825c4b9f57d0eda81a72eccd56ae62fe5fbc,1796.75,70.06,7.283298509,54000,54000
ff0e825c4b9f57d0eda81a72eccd56ae62fe5fbc,1793.16,69.72,7.251316273,54000,54000
ff0e825c4b9f57d0eda81a72eccd56ae62fe5fbc,1806.55,70.26,7.317202943,55000,55000
6f4b2041a9f841c6b3db0732086115af89161531,1819.57,70.95,7.377132827,54000,54000
6f4b2041a9f841c6b3db0732086115af89161531,1788.10,69.40,7.270296802,54000,54000
6f4b2041a9f841c6b3db0732086115af89161531,1798.17,70.10,7.289951630,54000,54000
6f4b2041a9f841c6b3db0732086115af89161531,1802.82,70.09,7.315912026,54000,54000
6f4b2041a9f841c6b3db0732086115af89161531,1786.58,69.78,7.236466519,54000,53000
6f4b2041a9f841c6b3db0732086115af89161531,1820.46,70.72,7.389349282,54000,53000
6f4b2041a9f841c6b3db0732086115af89161531,1809.35,70.46,7.314156376,54000,54000
6f4b2041a9f841c6b3db0732086115af89161531,1812.23,70.47,7.339948578,54000,54000
6f4b2041a9f841c6b3db0732086115af89161531,1820.32,70.83,7.375161256,54000,54000
6f4b2041a9f841c6b3db0732086115af89161531,1811.32,70.34,7.342289403,55000,55000
6f4b2041a9f841c6b3db0732086115af89161531,1781.86,69.43,7.212611111,55000,54000
6f4b2041a9f841c6b3db0732086115af89161531,1815.19,70.68,7.361826211,56000,54000
6f4b2041a9f841c6b3db0732086115af89161531,1795.39,69.59,7.275547132,54000,54000
6f4b2041a9f841c6b3db0732086115af89161531,1785.81,69.57,7.222773373,54000,54000
6f4b2041a9f841c6b3db0732086115af89161531,1810.80,70.63,7.339101703,54000,54000
6f4b2041a9f841c6b3db0732086115af89161531,1812.46,70.64,7.340671330,54000,54000
6f4b2041a9f841c6b3db0732086115af89161531,1818.16,71.07,7.363308518,54000,54000
6f4b2041a9f841c6b3db0732086115af89161531,1804.21,70.31,7.318074685,54000,54000
6f4b2041a9f841c6b3db0732086115af89161531,1796.62,70.01,7.265167700,54000,54000
6f4b2041a9f841c6b3db0732086115af89161531,1806.18,70.27,7.315819322,55000,54000
6f4b2041a9f841c6b3db0732086115af89161531,1811.87,70.53,7.348320241,54000,54000
6f4b2041a9f841c6b3db0732086115af89161531,1823.10,71.17,7.373125282,54000,55000
6f4b2041a9f841c6b3db0732086115af89161531,1780.15,69.33,7.200534577,55000,54000
6f4b2041a9f841c6b3db0732086115af89161531,1808.15,70.38,7.331843791,54000,54000
6f4b2041a9f841c6b3db0732086115af89161531,1809.93,70.30,7.357910656,55000,54000
6f4b2041a9f841c6b3db0732086115af89161531,1813.00,70.53,7.359401132,54000,54000
6f4b2041a9f841c6b3db0732086115af89161531,1819.07,70.72,7.372245258,55000,54000
6f4b2041a9f841c6b3db0732086115af89161531,1805.64,70.55,7.313558007,55000,54000
6f4b2041a9f841c6b3db0732086115af89161531,1816.26,70.52,7.349389083,54000,55000
6f4b2041a9f841c6b3db0732086115af89161531,1797.76,69.77,7.286611051,55000,54000
ad754547a531a923aae92ee68363edf8af683ff3,1825.33,71.38,7.395259852,54000,54000
ad754547a531a923aae92ee68363edf8af683ff3,1816.04,70.69,7.357532179,54000,54000
ad754547a531a923aae92ee68363edf8af683ff3,1807.03,70.20,7.316405263,54000,55000
ad754547a531a923aae92ee68363edf8af683ff3,1789.57,69.64,7.256746374,54000,54000
ad754547a531a923aae92ee68363edf8af683ff3,1804.10,70.65,7.310444718,54000,54000
ad754547a531a923aae92ee68363edf8af683ff3,1806.09,70.51,7.322436066,54000,54000
ad754547a531a923aae92ee68363edf8af683ff3,1801.31,70.07,7.297526285,54000,54000
ad754547a531a923aae92ee68363edf8af683ff3,1810.68,70.43,7.348131762,54000,54000
ad754547a531a923aae92ee68363edf8af683ff3,1815.26,70.92,7.345995369,54000,54000
ad754547a531a923aae92ee68363edf8af683ff3,1812.12,70.46,7.344583574,54000,54000
ad754547a531a923aae92ee68363edf8af683ff3,1818.57,70.59,7.352737048,54000,55000
ad754547a531a923aae92ee68363edf8af683ff3,1831.82,71.51,7.424747936,54000,54000
ad754547a531a923aae92ee68363edf8af683ff3,1810.93,70.57,7.327297066,54000,54000
ad754547a531a923aae92ee68363edf8af683ff3,1809.27,70.25,7.340505066,54000,54000
ad754547a531a923aae92ee68363edf8af683ff3,1797.49,69.86,7.279527940,54000,54000
ad754547a531a923aae92ee68363edf8af683ff3,1790.46,69.72,7.242096637,54000,54000
ad754547a531a923aae92ee68363edf8af683ff3,1812.32,70.71,7.323564842,54000,54000
ad754547a531a923aae92ee68363edf8af683ff3,1792.68,69.72,7.261273330,54000,55000
ad754547a531a923aae92ee68363edf8af683ff3,1807.83,70.76,7.321428478,54000,54000
ad754547a531a923aae92ee68363edf8af683ff3,1815.99,70.42,7.358254642,54000,55000
ad754547a531a923aae92ee68363edf8af683ff3,1820.93,70.76,7.373680542,54000,55000
ad754547a531a923aae92ee68363edf8af683ff3,1796.64,70.02,7.269087123,54000,54000
ad754547a531a923aae92ee68363edf8af683ff3,1833.43,71.71,7.412079718,54000,54000
ad754547a531a923aae92ee68363edf8af683ff3,1806.77,70.51,7.317869853,55000,55000
ad754547a531a923aae92ee68363edf8af683ff3,1810.64,70.37,7.333549109,55000,55000
ad754547a531a923aae92ee68363edf8af683ff3,1825.95,70.94,7.407301270,55000,54000
ad754547a531a923aae92ee68363edf8af683ff3,1813.67,70.50,7.352562701,54000,54000
ad754547a531a923aae92ee68363edf8af683ff3,1817.79,70.70,7.367063638,54000,55000
ad754547a531a923aae92ee68363edf8af683ff3,1805.62,70.08,7.323052988,54000,55000
ad754547a531a923aae92ee68363edf8af683ff3,1802.54,70.25,7.290230077,55000,56000
b8eee608a8e2f29e38b0db7c53e21b448cbffb56,1785.56,69.76,7.233118867,54000,54000
b8eee608a8e2f29e38b0db7c53e21b448cbffb56,1801.18,70.20,7.299954167,54000,54000
b8eee608a8e2f29e38b0db7c53e21b448cbffb56,1837.67,71.93,7.429148079,54000,54000
b8eee608a8e2f29e38b0db7c53e21b448cbffb56,1814.26,70.81,7.349297449,54000,54000
b8eee608a8e2f29e38b0db7c53e21b448cbffb56,1803.77,70.26,7.310573358,54000,54000
b8eee608a8e2f29e38b0db7c53e21b448cbffb56,1794.85,69.56,7.273579622,54000,54000
b8eee608a8e2f29e38b0db7c53e21b448cbffb56,1810.19,70.33,7.333246114,54000,54000
b8eee608a8e2f29e38b0db7c53e21b448cbffb56,1823.52,71.09,7.383581157,55000,54000
b8eee608a8e2f29e38b0db7c53e21b448cbffb56,1805.24,70.17,7.337340898,54000,54000
b8eee608a8e2f29e38b0db7c53e21b448cbffb56,1823.88,70.89,7.402647339,54000,54000
b8eee608a8e2f29e38b0db7c53e21b448cbffb56,1803.67,70.41,7.293457050,54000,56000
b8eee608a8e2f29e38b0db7c53e21b448cbffb56,1809.23,70.35,7.339652607,54000,54000
b8eee608a8e2f29e38b0db7c53e21b448cbffb56,1784.78,69.24,7.226834028,54000,54000
b8eee608a8e2f29e38b0db7c53e21b448cbffb56,1804.12,70.24,7.301857123,54000,54000
b8eee608a8e2f29e38b0db7c53e21b448cbffb56,1812.21,70.65,7.353451693,54000,54000
b8eee608a8e2f29e38b0db7c53e21b448cbffb56,1810.08,70.92,7.309981211,54000,54000
b8eee608a8e2f29e38b0db7c53e21b448cbffb56,1808.47,71.01,7.307752732,54000,54000
b8eee608a8e2f29e38b0db7c53e21b448cbffb56,1826.34,71.27,7.381705986,54000,54000
b8eee608a8e2f29e38b0db7c53e21b448cbffb56,1844.05,72.08,7.452315545,54000,54000
b8eee608a8e2f29e38b0db7c53e21b448cbffb56,1822.56,71.03,7.384992662,54000,54000
b8eee608a8e2f29e38b0db7c53e21b448cbffb56,1786.42,69.64,7.224829948,55000,54000
b8eee608a8e2f29e38b0db7c53e21b448cbffb56,1817.26,71.12,7.341340452,54000,54000
b8eee608a8e2f29e38b0db7c53e21b448cbffb56,1800.23,70.32,7.306383670,54000,54000
b8eee608a8e2f29e38b0db7c53e21b448cbffb56,1809.44,70.49,7.335742989,54000,54000
b8eee608a8e2f29e38b0db7c53e21b448cbffb56,1800.00,70.09,7.283587939,54000,54000
b8eee608a8e2f29e38b0db7c53e21b448cbffb56,1814.05,70.91,7.343927123,54000,55000
b8eee608a8e2f29e38b0db7c53e21b448cbffb56,1817.52,70.57,7.367246087,54000,54000
b8eee608a8e2f29e38b0db7c53e21b448cbffb56,1802.53,70.11,7.306041437,54000,54000
b8eee608a8e2f29e38b0db7c53e21b448cbffb56,1820.80,70.87,7.375422906,54000,54000
b8eee608a8e2f29e38b0db7c53e21b448cbffb56,1797.37,70.00,7.279548531,54000,54000
facf70e64ade3be0cf43f624bf535de063bf52f8,1677.22,65.16,6.824584975,54000,54000
facf70e64ade3be0cf43f624bf535de063bf52f8,1690.52,65.69,6.889798312,54000,54000
facf70e64ade3be0cf43f624bf535de063bf52f8,1691.34,65.70,6.866622485,54000,54000
facf70e64ade3be0cf43f624bf535de063bf52f8,1716.28,66.62,6.952068349,55000,54000
facf70e64ade3be0cf43f624bf535de063bf52f8,1686.46,65.56,6.835800206,54000,54000
facf70e64ade3be0cf43f624bf535de063bf52f8,1695.54,65.67,6.900509999,54000,54000
facf70e64ade3be0cf43f624bf535de063bf52f8,1671.65,64.64,6.802161788,54000,54000
facf70e64ade3be0cf43f624bf535de063bf52f8,1697.39,66.21,6.890153114,55000,54000
facf70e64ade3be0cf43f624bf535de063bf52f8,1686.76,65.80,6.856165787,53000,54000
facf70e64ade3be0cf43f624bf535de063bf52f8,1709.03,66.42,6.945037337,54000,54000
facf70e64ade3be0cf43f624bf535de063bf52f8,1697.76,65.89,6.903093155,55000,55000
facf70e64ade3be0cf43f624bf535de063bf52f8,1685.54,65.45,6.857447091,55000,53000
facf70e64ade3be0cf43f624bf535de063bf52f8,1675.70,64.79,6.829959373,54000,54000
facf70e64ade3be0cf43f624bf535de063bf52f8,1695.95,66.00,6.888265235,54000,54000
facf70e64ade3be0cf43f624bf535de063bf52f8,1689.77,65.51,6.877976095,54000,54000
facf70e64ade3be0cf43f624bf535de063bf52f8,1700.04,66.06,6.886770688,55000,54000
facf70e64ade3be0cf43f624bf535de063bf52f8,1687.77,65.61,6.848604338,55000,54000
facf70e64ade3be0cf43f624bf535de063bf52f8,1686.07,65.77,6.854048360,54000,56000
facf70e64ade3be0cf43f624bf535de063bf52f8,1682.69,65.66,6.848791819,55000,54000
facf70e64ade3be0cf43f624bf535de063bf52f8,1692.27,66.09,6.881827918,54000,54000
facf70e64ade3be0cf43f624bf535de063bf52f8,1685.47,65.35,6.844612313,54000,55000
facf70e64ade3be0cf43f624bf535de063bf52f8,1681.61,65.52,6.838991450,54000,54000
facf70e64ade3be0cf43f624bf535de063bf52f8,1691.14,65.80,6.855447667,54000,54000
facf70e64ade3be0cf43f624bf535de063bf52f8,1689.56,65.67,6.870953971,54000,54000
facf70e64ade3be0cf43f624bf535de063bf52f8,1674.58,65.16,6.804277497,54000,54000
facf70e64ade3be0cf43f624bf535de063bf52f8,1679.59,65.41,6.814910323,54000,54000
facf70e64ade3be0cf43f624bf535de063bf52f8,1665.84,64.58,6.764421145,54000,54000
facf70e64ade3be0cf43f624bf535de063bf52f8,1688.88,65.72,6.855451344,54000,54000
facf70e64ade3be0cf43f624bf535de063bf52f8,1687.19,65.26,6.863732850,55000,55000
facf70e64ade3be0cf43f624bf535de063bf52f8,1691.36,65.84,6.856867511,55000,55000
df22f8762aea9ce390d9f72993c17afa3ccfe0d7,1699.44,65.99,6.904987000,54000,54000
df22f8762aea9ce390d9f72993c17afa3ccfe0d7,1686.53,65.62,6.859283686,54000,54000
df22f8762aea9ce390d9f72993c17afa3ccfe0d7,1684.57,65.38,6.852027685,54000,54000
df22f8762aea9ce390d9f72993c17afa3ccfe0d7,1693.57,65.95,6.876661771,54000,54000
df22f8762aea9ce390d9f72993c17afa3ccfe0d7,1671.81,64.93,6.786097175,53000,54000
df22f8762aea9ce390d9f72993c17afa3ccfe0d7,1681.58,65.25,6.837982439,54000,55000
df22f8762aea9ce390d9f72993c17afa3ccfe0d7,1714.90,66.77,6.967236121,54000,54000
df22f8762aea9ce390d9f72993c17afa3ccfe0d7,1693.61,65.54,6.896824324,55000,54000
df22f8762aea9ce390d9f72993c17afa3ccfe0d7,1672.54,64.88,6.794607627,54000,54000
df22f8762aea9ce390d9f72993c17afa3ccfe0d7,1707.09,66.61,6.935312993,54000,55000
df22f8762aea9ce390d9f72993c17afa3ccfe0d7,1690.89,65.65,6.850518007,54000,54000
df22f8762aea9ce390d9f72993c17afa3ccfe0d7,1676.85,64.91,6.812703360,54000,54000
df22f8762aea9ce390d9f72993c17afa3ccfe0d7,1690.25,65.51,6.866714633,54000,54000
df22f8762aea9ce390d9f72993c17afa3ccfe0d7,1696.80,66.00,6.902478060,54000,54000
df22f8762aea9ce390d9f72993c17afa3ccfe0d7,1695.60,65.86,6.896576003,54000,54000
df22f8762aea9ce390d9f72993c17afa3ccfe0d7,1671.18,64.78,6.796797824,55000,54000
df22f8762aea9ce390d9f72993c17afa3ccfe0d7,1691.04,65.72,6.878693769,54000,54000
df22f8762aea9ce390d9f72993c17afa3ccfe0d7,1697.49,65.86,6.887392210,54000,54000
df22f8762aea9ce390d9f72993c17afa3ccfe0d7,1679.54,65.41,6.816312083,54000,54000
df22f8762aea9ce390d9f72993c17afa3ccfe0d7,1694.34,66.02,6.866894215,54000,54000
df22f8762aea9ce390d9f72993c17afa3ccfe0d7,1691.59,65.74,6.880451031,54000,54000
df22f8762aea9ce390d9f72993c17afa3ccfe0d7,1688.77,65.47,6.859725116,55000,55000
df22f8762aea9ce390d9f72993c17afa3ccfe0d7,1706.14,66.46,6.943736039,55000,54000
df22f8762aea9ce390d9f72993c17afa3ccfe0d7,1697.37,66.11,6.879751882,55000,55000
df22f8762aea9ce390d9f72993c17afa3ccfe0d7,1721.16,67.03,6.990071959,55000,54000
df22f8762aea9ce390d9f72993c17afa3ccfe0d7,1699.52,65.74,6.917877359,54000,54000
df22f8762aea9ce390d9f72993c17afa3ccfe0d7,1678.30,65.20,6.819269540,54000,54000
df22f8762aea9ce390d9f72993c17afa3ccfe0d7,1672.82,64.99,6.792514376,54000,55000
df22f8762aea9ce390d9f72993c17afa3ccfe0d7,1734.27,67.54,7.049834106,54000,54000
df22f8762aea9ce390d9f72993c17afa3ccfe0d7,1685.86,65.48,6.854457273,54000,54000
1086eafaa34dc2cfed6db51c8524ad60b17a7ed8,1672.16,65.05,6.793555077,54000,54000
1086eafaa34dc2cfed6db51c8524ad60b17a7ed8,1688.17,65.77,6.867960737,54000,54000
1086eafaa34dc2cfed6db51c8524ad60b17a7ed8,1678.15,65.17,6.821533621,54000,54000
1086eafaa34dc2cfed6db51c8524ad60b17a7ed8,1685.32,65.45,6.861054999,54000,54000
1086eafaa34dc2cfed6db51c8524ad60b17a7ed8,1685.95,65.28,6.862332378,54000,54000
1086eafaa34dc2cfed6db51c8524ad60b17a7ed8,1716.55,66.91,6.968807896,54000,54000
1086eafaa34dc2cfed6db51c8524ad60b17a7ed8,1685.62,65.61,6.841791245,54000,54000
1086eafaa34dc2cfed6db51c8524ad60b17a7ed8,1679.96,65.15,6.830507494,54000,55000
1086eafaa34dc2cfed6db51c8524ad60b17a7ed8,1682.51,65.31,6.845851419,54000,54000
1086eafaa34dc2cfed6db51c8524ad60b17a7ed8,1682.42,65.48,6.842038215,54000,54000
1086eafaa34dc2cfed6db51c8524ad60b17a7ed8,1697.80,66.04,6.884974379,54000,54000
1086eafaa34dc2cfed6db51c8524ad60b17a7ed8,1693.02,65.86,6.878125570,55000,54000
1086eafaa34dc2cfed6db51c8524ad60b17a7ed8,1687.52,65.51,6.870672480,54000,54000
1086eafaa34dc2cfed6db51c8524ad60b17a7ed8,1694.14,65.80,6.893047915,54000,54000
1086eafaa34dc2cfed6db51c8524ad60b17a7ed8,1688.39,65.62,6.859830562,54000,54000
1086eafaa34dc2cfed6db51c8524ad60b17a7ed8,1692.28,65.92,6.870295926,54000,55000
1086eafaa34dc2cfed6db51c8524ad60b17a7ed8,1692.38,65.75,6.887921767,54000,54000
1086eafaa34dc2cfed6db51c8524ad60b17a7ed8,1692.49,65.69,6.885479427,54000,55000
1086eafaa34dc2cfed6db51c8524ad60b17a7ed8,1706.71,66.25,6.945275890,54000,54000
1086eafaa34dc2cfed6db51c8524ad60b17a7ed8,1686.54,65.40,6.866383590,54000,54000
1086eafaa34dc2cfed6db51c8524ad60b17a7ed8,1701.58,65.88,6.918485553,55000,54000
1086eafaa34dc2cfed6db51c8524ad60b17a7ed8,1703.43,66.03,6.925480747,54000,55000
1086eafaa34dc2cfed6db51c8524ad60b17a7ed8,1685.02,65.46,6.849361054,55000,54000
1086eafaa34dc2cfed6db51c8524ad60b17a7ed8,1722.80,66.90,7.002685502,55000,54000
1086eafaa34dc2cfed6db51c8524ad60b17a7ed8,1669.85,64.61,6.796626265,55000,55000
1086eafaa34dc2cfed6db51c8524ad60b17a7ed8,1690.03,65.93,6.868647348,54000,55000
1086eafaa34dc2cfed6db51c8524ad60b17a7ed8,1690.05,65.68,6.852766424,54000,55000
1086eafaa34dc2cfed6db51c8524ad60b17a7ed8,1697.18,65.85,6.900802515,56000,55000
1086eafaa34dc2cfed6db51c8524ad60b17a7ed8,1704.03,66.25,6.939362866,55000,55000
1086eafaa34dc2cfed6db51c8524ad60b17a7ed8,1694.67,65.93,6.879767477,54000,54000
2f5e4b70fe51e05a18eeb9ab603017137c7b1899,1718.81,67.12,6.997286051,54000,54000
2f5e4b70fe51e05a18eeb9ab603017137c7b1899,1702.75,66.01,6.926354393,54000,54000
2f5e4b70fe51e05a18eeb9ab603017137c7b1899,1706.29,66.36,6.928047146,54000,54000
2f5e4b70fe51e05a18eeb9ab603017137c7b1899,1690.15,65.51,6.882637830,54000,54000
2f5e4b70fe51e05a18eeb9ab603017137c7b1899,1680.22,65.20,6.821658749,54000,54000
2f5e4b70fe51e05a18eeb9ab603017137c7b1899,1700.72,66.33,6.899350158,54000,54000
2f5e4b70fe51e05a18eeb9ab603017137c7b1899,1696.25,65.99,6.901046282,54000,54000
2f5e4b70fe51e05a18eeb9ab603017137c7b1899,1685.02,65.34,6.844321961,54000,54000
2f5e4b70fe51e05a18eeb9ab603017137c7b1899,1684.98,65.24,6.857011141,54000,54000
2f5e4b70fe51e05a18eeb9ab603017137c7b1899,1671.56,64.63,6.799330984,54000,54000
2f5e4b70fe51e05a18eeb9ab603017137c7b1899,1680.05,64.88,6.835207438,54000,55000
2f5e4b70fe51e05a18eeb9ab603017137c7b1899,1694.54,66.12,6.881153529,54000,54000
2f5e4b70fe51e05a18eeb9ab603017137c7b1899,1684.21,65.35,6.838473056,55000,54000
2f5e4b70fe51e05a18eeb9ab603017137c7b1899,1700.22,66.04,6.903072604,54000,54000
2f5e4b70fe51e05a18eeb9ab603017137c7b1899,1704.63,66.01,6.943602307,54000,54000
2f5e4b70fe51e05a18eeb9ab603017137c7b1899,1684.23,65.14,6.850075213,55000,54000
2f5e4b70fe51e05a18eeb9ab603017137c7b1899,1691.19,65.62,6.874888163,54000,54000
2f5e4b70fe51e05a18eeb9ab603017137c7b1899,1702.32,66.32,6.910136639,54000,54000
2f5e4b70fe51e05a18eeb9ab603017137c7b1899,1676.78,65.26,6.819832144,54000,54000
2f5e4b70fe51e05a18eeb9ab603017137c7b1899,1676.67,65.23,6.811329998,54000,55000
2f5e4b70fe51e05a18eeb9ab603017137c7b1899,1688.90,65.46,6.870581943,54000,54000
2f5e4b70fe51e05a18eeb9ab603017137c7b1899,1703.78,66.22,6.926823716,55000,55000
2f5e4b70fe51e05a18eeb9ab603017137c7b1899,1691.25,65.33,6.890473333,55000,55000
2f5e4b70fe51e05a18eeb9ab603017137c7b1899,1708.31,66.54,6.933478845,54000,54000
2f5e4b70fe51e05a18eeb9ab603017137c7b1899,1677.08,64.92,6.815857592,54000,54000
2f5e4b70fe51e05a18eeb9ab603017137c7b1899,1701.75,66.35,6.907391998,54000,54000
2f5e4b70fe51e05a18eeb9ab603017137c7b1899,1686.04,65.34,6.843626602,54000,54000
2f5e4b70fe51e05a18eeb9ab603017137c7b1899,1671.25,64.66,6.788124109,55000,54000
2f5e4b70fe51e05a18eeb9ab603017137c7b1899,1681.67,65.20,6.827673349,55000,55000
2f5e4b70fe51e05a18eeb9ab603017137c7b1899,1677.14,65.06,6.810318723,55000,55000
92982a411209dff848d526df7d6b639e58a83b1f,1705.55,66.11,6.951965514,54000,54000
92982a411209dff848d526df7d6b639e58a83b1f,1679.28,65.02,6.825134594,54000,54000
92982a411209dff848d526df7d6b639e58a83b1f,1690.24,65.90,6.866634319,55000,54000
92982a411209dff848d526df7d6b639e58a83b1f,1705.80,66.63,6.928163871,54000,54000
92982a411209dff848d526df7d6b639e58a83b1f,1685.80,65.63,6.846716267,55000,54000
92982a411209dff848d526df7d6b639e58a83b1f,1693.66,65.64,6.887335647,54000,54000
92982a411209dff848d526df7d6b639e58a83b1f,1714.84,66.92,6.967576772,54000,54000
92982a411209dff848d526df7d6b639e58a83b1f,1665.23,64.52,6.781734836,55000,54000
92982a411209dff848d526df7d6b639e58a83b1f,1688.76,65.60,6.850832681,54000,55000
92982a411209dff848d526df7d6b639e58a83b1f,1690.19,65.65,6.861253590,54000,53000
92982a411209dff848d526df7d6b639e58a83b1f,1703.98,65.96,6.925235554,54000,54000
92982a411209dff848d526df7d6b639e58a83b1f,1680.75,65.53,6.824189049,55000,54000
92982a411209dff848d526df7d6b639e58a83b1f,1695.43,65.83,6.881627259,54000,54000
92982a411209dff848d526df7d6b639e58a83b1f,1687.65,65.65,6.854087062,55000,54000
92982a411209dff848d526df7d6b639e58a83b1f,1668.17,64.74,6.787927756,54000,54000
92982a411209dff848d526df7d6b639e58a83b1f,1687.64,65.66,6.850026150,54000,54000
92982a411209dff848d526df7d6b639e58a83b1f,1721.59,67.18,7.017286531,54000,54000
92982a411209dff848d526df7d6b639e58a83b1f,1687.09,65.45,6.866747009,54000,54000
92982a411209dff848d526df7d6b639e58a83b1f,1690.26,65.99,6.874801301,54000,54000
92982a411209dff848d526df7d6b639e58a83b1f,1699.48,66.19,6.909208494,54000,55000
92982a411209dff848d526df7d6b639e58a83b1f,1706.26,66.41,6.920632250,54000,55000
92982a411209dff848d526df7d6b639e58a83b1f,1692.35,65.47,6.901259113,54000,55000
92982a411209dff848d526df7d6b639e58a83b1f,1700.28,66.00,6.921121930,54000,54000
92982a411209dff848d526df7d6b639e58a83b1f,1686.76,65.42,6.848074735,54000,54000
92982a411209dff848d526df7d6b639e58a83b1f,1690.85,65.80,6.861495525,54000,54000
92982a411209dff848d526df7d6b639e58a83b1f,1693.28,65.40,6.885864687,54000,54000
92982a411209dff848d526df7d6b639e58a83b1f,1684.02,65.38,6.843258766,55000,54000
92982a411209dff848d526df7d6b639e58a83b1f,1689.00,65.61,6.857761350,54000,54000
92982a411209dff848d526df7d6b639e58a83b1f,1684.98,65.42,6.833572840,54000,54000
92982a411209dff848d526df7d6b639e58a83b1f,1696.45,65.69,6.897622311,54000,54000
e798a5331fc117164979042343f655217658bb0f,1677.45,65.04,6.814304237,54000,54000
e798a5331fc117164979042343f655217658bb0f,1695.53,65.80,6.882951393,55000,54000
e798a5331fc117164979042343f655217658bb0f,1696.32,65.94,6.889406133,54000,54000
e798a5331fc117164979042343f655217658bb0f,1668.12,64.32,6.781040075,53000,54000
e798a5331fc117164979042343f655217658bb0f,1669.01,64.83,6.794725973,54000,54000
e798a5331fc117164979042343f655217658bb0f,1704.03,66.12,6.913383073,54000,54000
e798a5331fc117164979042343f655217658bb0f,1703.69,66.23,6.922527625,54000,55000
e798a5331fc117164979042343f655217658bb0f,1688.34,65.43,6.860109211,54000,54000
e798a5331fc117164979042343f655217658bb0f,1704.58,66.03,6.931944783,54000,55000
e798a5331fc117164979042343f655217658bb0f,1703.18,66.19,6.930936798,55000,54000
e798a5331fc117164979042343f655217658bb0f,1669.25,64.88,6.786383759,53000,54000
e798a5331fc117164979042343f655217658bb0f,1685.46,65.32,6.861792527,54000,54000
e798a5331fc117164979042343f655217658bb0f,1698.38,65.96,6.904332692,53000,54000
e798a5331fc117164979042343f655217658bb0f,1714.26,66.59,6.976315675,54000,54000
e798a5331fc117164979042343f655217658bb0f,1687.81,65.46,6.853114873,54000,55000
e798a5331fc117164979042343f655217658bb0f,1698.18,66.29,6.894508308,55000,55000
e798a5331fc117164979042343f655217658bb0f,1690.61,65.66,6.872683773,54000,54000
e798a5331fc117164979042343f655217658bb0f,1687.25,65.66,6.868228733,54000,54000
e798a5331fc117164979042343f655217658bb0f,1708.33,66.46,6.938698792,55000,54000
e798a5331fc117164979042343f655217658bb0f,1699.60,65.96,6.912097807,54000,55000
e798a5331fc117164979042343f655217658bb0f,1720.19,67.11,6.982748455,54000,56000
e798a5331fc117164979042343f655217658bb0f,1689.52,65.53,6.870930589,55000,54000
e798a5331fc117164979042343f655217658bb0f,1691.56,65.70,6.874560910,54000,54000
e798a5331fc117164979042343f655217658bb0f,1684.63,65.44,6.841443029,54000,55000
e798a5331fc117164979042343f655217658bb0f,1677.85,65.11,6.826829898,54000,54000
e798a5331fc117164979042343f655217658bb0f,1700.42,66.10,6.908232929,55000,54000
e798a5331fc117164979042343f655217658bb0f,1685.06,65.24,6.852497827,54000,54000
e798a5331fc117164979042343f655217658bb0f,1696.04,65.87,6.907277706,54000,54000
e798a5331fc117164979042343f655217658bb0f,1717.50,66.57,6.985180037,55000,55000
e798a5331fc117164979042343f655217658bb0f,1708.27,66.37,6.939150739,55000,54000
6e3e501aa9cfe48a4cea29723917da5e3959f572,1704.44,66.33,6.911641841,54000,54000
6e3e501aa9cfe48a4cea29723917da5e3959f572,1671.75,64.94,6.789054978,54000,54000
6e3e501aa9cfe48a4cea29723917da5e3959f572,1666.98,64.56,6.786479296,54000,54000
6e3e501aa9cfe48a4cea29723917da5e3959f572,1679.85,65.21,6.829996668,54000,54000
6e3e501aa9cfe48a4cea29723917da5e3959f572,1674.68,64.79,6.797924429,55000,54000
6e3e501aa9cfe48a4cea29723917da5e3959f572,1677.73,65.09,6.823565089,54000,54000
6e3e501aa9cfe48a4cea29723917da5e3959f572,1694.17,66.00,6.874051773,54000,54000
6e3e501aa9cfe48a4cea29723917da5e3959f572,1689.54,65.48,6.870716380,54000,54000
6e3e501aa9cfe48a4cea29723917da5e3959f572,1698.27,65.97,6.907879940,54000,54000
6e3e501aa9cfe48a4cea29723917da5e3959f572,1690.56,65.42,6.872427804,54000,54000
6e3e501aa9cfe48a4cea29723917da5e3959f572,1675.52,64.98,6.815457254,54000,54000
6e3e501aa9cfe48a4cea29723917da5e3959f572,1689.37,65.82,6.882607242,54000,54000
6e3e501aa9cfe48a4cea29723917da5e3959f572,1682.00,65.31,6.835989013,54000,54000
6e3e501aa9cfe48a4cea29723917da5e3959f572,1677.59,64.97,6.830742409,54000,55000
6e3e501aa9cfe48a4cea29723917da5e3959f572,1692.22,65.81,6.877409938,54000,54000
6e3e501aa9cfe48a4cea29723917da5e3959f572,1693.75,65.70,6.872848258,54000,54000
6e3e501aa9cfe48a4cea29723917da5e3959f572,1676.86,65.03,6.815324625,54000,54000
6e3e501aa9cfe48a4cea29723917da5e3959f572,1693.86,66.08,6.865938351,54000,54000
6e3e501aa9cfe48a4cea29723917da5e3959f572,1699.71,65.99,6.921660042,54000,55000
6e3e501aa9cfe48a4cea29723917da5e3959f572,1687.12,65.57,6.854538073,54000,55000
6e3e501aa9cfe48a4cea29723917da5e3959f572,1673.34,65.15,6.796789022,54000,54000
6e3e501aa9cfe48a4cea29723917da5e3959f572,1694.06,65.88,6.882037401,54000,54000
6e3e501aa9cfe48a4cea29723917da5e3959f572,1678.83,65.38,6.810134655,54000,54000
6e3e501aa9cfe48a4cea29723917da5e3959f572,1711.91,66.43,6.975868134,54000,55000
6e3e501aa9cfe48a4cea29723917da5e3959f572,1684.87,65.24,6.851827601,55000,54000
6e3e501aa9cfe48a4cea29723917da5e3959f572,1704.54,66.29,6.922652574,54000,56000
6e3e501aa9cfe48a4cea29723917da5e3959f572,1684.48,65.68,6.826828067,54000,55000
6e3e501aa9cfe48a4cea29723917da5e3959f572,1672.63,65.12,6.800041015,54000,54000
6e3e501aa9cfe48a4cea29723917da5e3959f572,1685.71,65.48,6.833980702,54000,55000
6e3e501aa9cfe48a4cea29723917da5e3959f572,1681.00,65.28,6.818069674,55000,54000
95c10d5405e82fb021d00f1b7ce2fbade911d01c,1684.31,65.41,6.872972929,53000,54000
95c10d5405e82fb021d00f1b7ce2fbade911d01c,1695.81,65.86,6.893552412,54000,54000
95c10d5405e82fb021d00f1b7ce2fbade911d01c,1671.19,64.80,6.784751433,54000,54000
95c10d5405e82fb021d00f1b7ce2fbade911d01c,1681.49,65.36,6.836909240,54000,54000
95c10d5405e82fb021d00f1b7ce2fbade911d01c,1684.11,65.53,6.835500187,54000,54000
95c10d5405e82fb021d00f1b7ce2fbade911d01c,1680.95,65.05,6.828242933,55000,54000
95c10d5405e82fb021d00f1b7ce2fbade911d01c,1708.85,66.47,6.955222582,55000,54000
95c10d5405e82fb021d00f1b7ce2fbade911d01c,1685.37,65.47,6.844177096,55000,54000
95c10d5405e82fb021d00f1b7ce2fbade911d01c,1697.61,65.75,6.905623493,54000,54000
95c10d5405e82fb021d00f1b7ce2fbade911d01c,1693.51,65.95,6.870671156,54000,54000
95c10d5405e82fb021d00f1b7ce2fbade911d01c,1679.74,65.10,6.821960998,54000,54000
95c10d5405e82fb021d00f1b7ce2fbade911d01c,1682.21,65.34,6.829080037,54000,54000
95c10d5405e82fb021d00f1b7ce2fbade911d01c,1672.39,64.75,6.804526331,54000,54000
95c10d5405e82fb021d00f1b7ce2fbade911d01c,1689.83,65.38,6.872837568,54000,54000
95c10d5405e82fb021d00f1b7ce2fbade911d01c,1682.93,65.36,6.819997003,54000,54000
95c10d5405e82fb021d00f1b7ce2fbade911d01c,1687.47,65.48,6.861762660,54000,54000
95c10d5405e82fb021d00f1b7ce2fbade911d01c,1680.49,65.46,6.825482716,54000,54000
95c10d5405e82fb021d00f1b7ce2fbade911d01c,1679.07,65.13,6.812351294,54000,54000
95c10d5405e82fb021d00f1b7ce2fbade911d01c,1698.13,65.95,6.898236534,54000,54000
95c10d5405e82fb021d00f1b7ce2fbade911d01c,1686.49,65.34,6.850986598,54000,55000
95c10d5405e82fb021d00f1b7ce2fbade911d01c,1684.01,65.16,6.845394450,55000,54000
95c10d5405e82fb021d00f1b7ce2fbade911d01c,1689.27,65.67,6.871606014,54000,54000
95c10d5405e82fb021d00f1b7ce2fbade911d01c,1681.39,65.30,6.832614612,54000,55000
95c10d5405e82fb021d00f1b7ce2fbade911d01c,1701.07,66.01,6.919100706,55000,55000
95c10d5405e82fb021d00f1b7ce2fbade911d01c,1685.21,65.43,6.849386662,55000,54000
95c10d5405e82fb021d00f1b7ce2fbade911d01c,1664.08,64.55,6.778223017,54000,54000
95c10d5405e82fb021d00f1b7ce2fbade911d01c,1695.00,65.93,6.874986261,54000,54000
95c10d5405e82fb021d00f1b7ce2fbade911d01c,1693.91,65.68,6.895983282,54000,54000
95c10d5405e82fb021d00f1b7ce2fbade911d01c,1706.30,66.26,6.924342994,54000,54000
95c10d5405e82fb021d00f1b7ce2fbade911d01c,1690.32,65.30,6.890959835,54000,55000
d4a2e1c84c231104b0030ff37094ababccca9a3e,1691.59,65.66,6.885167674,54000,54000
d4a2e1c84c231104b0030ff37094ababccca9a3e,1671.13,64.55,6.797976689,54000,53000
d4a2e1c84c231104b0030ff37094ababccca9a3e,1710.70,66.47,6.942844707,54000,54000
d4a2e1c84c231104b0030ff37094ababccca9a3e,1720.09,66.92,6.990686217,54000,54000
d4a2e1c84c231104b0030ff37094ababccca9a3e,1672.30,64.82,6.793987869,55000,54000
d4a2e1c84c231104b0030ff37094ababccca9a3e,1711.08,66.63,6.962083656,55000,53000
d4a2e1c84c231104b0030ff37094ababccca9a3e,1688.13,65.29,6.880798983,54000,54000
d4a2e1c84c231104b0030ff37094ababccca9a3e,1672.61,64.73,6.798588887,54000,55000
d4a2e1c84c231104b0030ff37094ababccca9a3e,1728.64,67.20,7.023942942,54000,54000
d4a2e1c84c231104b0030ff37094ababccca9a3e,1669.13,64.55,6.792598222,54000,54000
d4a2e1c84c231104b0030ff37094ababccca9a3e,1696.88,66.22,6.880084311,53000,54000
d4a2e1c84c231104b0030ff37094ababccca9a3e,1711.98,66.50,6.950797128,54000,55000
d4a2e1c84c231104b0030ff37094ababccca9a3e,1663.49,64.49,6.756072275,54000,54000
d4a2e1c84c231104b0030ff37094ababccca9a3e,1698.37,65.99,6.915014610,54000,54000
d4a2e1c84c231104b0030ff37094ababccca9a3e,1689.74,65.87,6.859143644,55000,55000
d4a2e1c84c231104b0030ff37094ababccca9a3e,1685.15,65.39,6.839791366,55000,54000
d4a2e1c84c231104b0030ff37094ababccca9a3e,1705.48,66.52,6.925032496,55000,54000
d4a2e1c84c231104b0030ff37094ababccca9a3e,1690.57,65.75,6.867487848,55000,54000
d4a2e1c84c231104b0030ff37094ababccca9a3e,1699.36,66.45,6.892732127,54000,54000
d4a2e1c84c231104b0030ff37094ababccca9a3e,1689.95,65.88,6.880266063,55000,55000
d4a2e1c84c231104b0030ff37094ababccca9a3e,1685.71,65.49,6.860495952,54000,54000
d4a2e1c84c231104b0030ff37094ababccca9a3e,1698.26,65.96,6.911408081,54000,54000
d4a2e1c84c231104b0030ff37094ababccca9a3e,1712.78,66.85,6.958012464,54000,54000
d4a2e1c84c231104b0030ff37094ababccca9a3e,1697.69,65.87,6.895968052,54000,54000
d4a2e1c84c231104b0030ff37094ababccca9a3e,1707.01,66.75,6.919986312,54000,54000
d4a2e1c84c231104b0030ff37094ababccca9a3e,1689.11,65.77,6.859588990,54000,55000
d4a2e1c84c231104b0030ff37094ababccca9a3e,1710.17,66.79,6.952613809,54000,55000
d4a2e1c84c231104b0030ff37094ababccca9a3e,1693.69,65.68,6.877072132,54000,54000
d4a2e1c84c231104b0030ff37094ababccca9a3e,1683.99,65.30,6.861698427,55000,55000
d4a2e1c84c231104b0030ff37094ababccca9a3e,1678.93,65.33,6.816418569,55000,54000
a4d9514a1dfd0d9036221e542861a7b448443b35,1699.57,66.44,6.934495727,54000,55000
a4d9514a1dfd0d9036221e542861a7b448443b35,1694.62,65.82,6.911424185,54000,54000
a4d9514a1dfd0d9036221e542861a7b448443b35,1682.05,65.36,6.840095711,54000,54000
a4d9514a1dfd0d9036221e542861a7b448443b35,1697.53,65.95,6.907900192,54000,54000
a4d9514a1dfd0d9036221e542861a7b448443b35,1676.26,64.86,6.825657670,54000,55000
a4d9514a1dfd0d9036221e542861a7b448443b35,1678.78,65.03,6.825901557,55000,54000
a4d9514a1dfd0d9036221e542861a7b448443b35,1668.41,64.73,6.785090310,54000,54000
a4d9514a1dfd0d9036221e542861a7b448443b35,1690.43,65.54,6.867374274,55000,54000
a4d9514a1dfd0d9036221e542861a7b448443b35,1691.28,65.73,6.875357800,54000,54000
a4d9514a1dfd0d9036221e542861a7b448443b35,1677.63,64.91,6.825691779,54000,54000
a4d9514a1dfd0d9036221e542861a7b448443b35,1680.12,64.90,6.839114894,54000,54000
a4d9514a1dfd0d9036221e542861a7b448443b35,1695.88,65.68,6.874032177,54000,54000
a4d9514a1dfd0d9036221e542861a7b448443b35,1697.31,65.58,6.912249991,54000,54000
a4d9514a1dfd0d9036221e542861a7b448443b35,1689.82,65.62,6.865077465,55000,54000
a4d9514a1dfd0d9036221e542861a7b448443b35,1703.03,66.49,6.907484776,53000,54000
a4d9514a1dfd0d9036221e542861a7b448443b35,1693.32,65.93,6.887728167,54000,54000
a4d9514a1dfd0d9036221e542861a7b448443b35,1679.66,65.21,6.828733441,54000,54000
a4d9514a1dfd0d9036221e542861a7b448443b35,1691.98,65.93,6.862781494,54000,55000
a4d9514a1dfd0d9036221e542861a7b448443b35,1689.62,65.93,6.852406468,55000,54000
a4d9514a1dfd0d9036221e542861a7b448443b35,1691.75,65.73,6.886653557,55000,55000
a4d9514a1dfd0d9036221e542861a7b448443b35,1682.21,65.53,6.838339322,54000,55000
a4d9514a1dfd0d9036221e542861a7b448443b35,1695.49,66.06,6.901308828,54000,54000
a4d9514a1dfd0d9036221e542861a7b448443b35,1680.19,65.35,6.837747488,53000,54000
a4d9514a1dfd0d9036221e542861a7b448443b35,1685.56,65.31,6.869811036,54000,55000
a4d9514a1dfd0d9036221e542861a7b448443b35,1680.91,65.31,6.849795806,54000,54000
a4d9514a1dfd0d9036221e542861a7b448443b35,1700.39,65.90,6.906579028,54000,54000
a4d9514a1dfd0d9036221e542861a7b448443b35,1686.51,65.65,6.837709442,54000,54000
a4d9514a1dfd0d9036221e542861a7b448443b35,1701.78,66.18,6.921738658,54000,55000
a4d9514a1dfd0d9036221e542861a7b448443b35,1693.27,65.78,6.878060892,55000,54000
a4d9514a1dfd0d9036221e542861a7b448443b35,1698.75,66.03,6.905792514,54000,54000
9eca3de9f4c1c3bac724f8696bb065002cb7e347,1680.30,65.10,6.830537497,54000,54000
9eca3de9f4c1c3bac724f8696bb065002cb7e347,1677.20,65.09,6.827482062,55000,55000
9eca3de9f4c1c3bac724f8696bb065002cb7e347,1685.58,65.26,6.855082799,54000,54000
9eca3de9f4c1c3bac724f8696bb065002cb7e347,1677.70,65.15,6.815493903,54000,54000
9eca3de9f4c1c3bac724f8696bb065002cb7e347,1679.98,64.94,6.823607816,54000,54000
9eca3de9f4c1c3bac724f8696bb065002cb7e347,1700.24,65.93,6.918732933,54000,55000
9eca3de9f4c1c3bac724f8696bb065002cb7e347,1695.75,65.64,6.892473830,55000,54000
9eca3de9f4c1c3bac724f8696bb065002cb7e347,1688.41,65.44,6.855633052,54000,54000
9eca3de9f4c1c3bac724f8696bb065002cb7e347,1695.49,65.98,6.884322398,54000,55000
9eca3de9f4c1c3bac724f8696bb065002cb7e347,1676.48,65.33,6.805758546,54000,55000
9eca3de9f4c1c3bac724f8696bb065002cb7e347,1689.23,65.77,6.864011653,54000,54000
9eca3de9f4c1c3bac724f8696bb065002cb7e347,1673.53,64.76,6.819272690,54000,54000
9eca3de9f4c1c3bac724f8696bb065002cb7e347,1683.76,65.30,6.843928475,54000,54000
9eca3de9f4c1c3bac724f8696bb065002cb7e347,1696.65,65.83,6.896155833,54000,54000
9eca3de9f4c1c3bac724f8696bb065002cb7e347,1691.00,65.60,6.866822024,55000,54000
9eca3de9f4c1c3bac724f8696bb065002cb7e347,1699.28,65.64,6.917873150,54000,54000
9eca3de9f4c1c3bac724f8696bb065002cb7e347,1693.95,65.75,6.875795821,54000,54000
9eca3de9f4c1c3bac724f8696bb065002cb7e347,1694.18,65.79,6.883001143,55000,55000
9eca3de9f4c1c3bac724f8696bb065002cb7e347,1685.32,65.58,6.841283417,55000,55000
9eca3de9f4c1c3bac724f8696bb065002cb7e347,1716.38,66.63,6.984865694,54000,54000
9eca3de9f4c1c3bac724f8696bb065002cb7e347,1676.10,65.16,6.830367880,54000,54000
9eca3de9f4c1c3bac724f8696bb065002cb7e347,1685.64,65.80,6.837996249,55000,55000
9eca3de9f4c1c3bac724f8696bb065002cb7e347,1678.21,65.15,6.812373923,55000,54000
9eca3de9f4c1c3bac724f8696bb065002cb7e347,1694.62,65.87,6.878799623,55000,54000
9eca3de9f4c1c3bac724f8696bb065002cb7e347,1682.17,65.30,6.850427529,54000,54000
9eca3de9f4c1c3bac724f8696bb065002cb7e347,1698.46,65.85,6.900807312,55000,54000
9eca3de9f4c1c3bac724f8696bb065002cb7e347,1696.33,65.91,6.888090050,55000,54000
9eca3de9f4c1c3bac724f8696bb065002cb7e347,1691.72,65.94,6.870634571,55000,54000
9eca3de9f4c1c3bac724f8696bb065002cb7e347,1704.56,66.41,6.929958345,54000,54000
9eca3de9f4c1c3bac724f8696bb065002cb7e347,1687.52,65.62,6.854758826,55000,54000
a5c4de75f8aac4eb70a5147686f82ce6b0eb212b,1668.17,64.74,6.776867527,54000,54000
a5c4de75f8aac4eb70a5147686f82ce6b0eb212b,1692.24,65.50,6.895226009,54000,54000
a5c4de75f8aac4eb70a5147686f82ce6b0eb212b,1697.42,65.77,6.896217379,54000,54000
a5c4de75f8aac4eb70a5147686f82ce6b0eb212b,1672.84,64.70,6.804662459,54000,54000
a5c4de75f8aac4eb70a5147686f82ce6b0eb212b,1679.47,64.97,6.831962525,54000,54000
a5c4de75f8aac4eb70a5147686f82ce6b0eb212b,1684.48,65.22,6.850240628,55000,54000
a5c4de75f8aac4eb70a5147686f82ce6b0eb212b,1681.31,65.00,6.839650738,55000,54000
a5c4de75f8aac4eb70a5147686f82ce6b0eb212b,1699.26,65.81,6.928766267,54000,53000
a5c4de75f8aac4eb70a5147686f82ce6b0eb212b,1671.93,64.61,6.804382779,54000,54000
a5c4de75f8aac4eb70a5147686f82ce6b0eb212b,1702.32,66.24,6.914620575,55000,54000
a5c4de75f8aac4eb70a5147686f82ce6b0eb212b,1697.84,65.94,6.908185015,54000,54000
a5c4de75f8aac4eb70a5147686f82ce6b0eb212b,1692.77,65.81,6.870266724,54000,54000
a5c4de75f8aac4eb70a5147686f82ce6b0eb212b,1674.81,65.20,6.796310120,54000,54000
a5c4de75f8aac4eb70a5147686f82ce6b0eb212b,1690.29,65.68,6.875560634,55000,55000
a5c4de75f8aac4eb70a5147686f82ce6b0eb212b,1691.69,65.91,6.865796904,54000,55000
a5c4de75f8aac4eb70a5147686f82ce6b0eb212b,1671.43,65.00,6.804665018,54000,54000
a5c4de75f8aac4eb70a5147686f82ce6b0eb212b,1682.07,65.63,6.839250446,54000,54000
a5c4de75f8aac4eb70a5147686f82ce6b0eb212b,1666.67,64.69,6.766965195,55000,54000
a5c4de75f8aac4eb70a5147686f82ce6b0eb212b,1682.76,65.29,6.855364576,55000,55000
a5c4de75f8aac4eb70a5147686f82ce6b0eb212b,1682.63,65.20,6.846941761,55000,54000
a5c4de75f8aac4eb70a5147686f82ce6b0eb212b,1715.56,66.75,6.973158091,54000,54000
a5c4de75f8aac4eb70a5147686f82ce6b0eb212b,1691.21,65.48,6.874089887,55000,54000
a5c4de75f8aac4eb70a5147686f82ce6b0eb212b,1694.94,66.19,6.863731151,54000,55000
a5c4de75f8aac4eb70a5147686f82ce6b0eb212b,1683.80,65.65,6.848005829,54000,54000
a5c4de75f8aac4eb70a5147686f82ce6b0eb212b,1680.43,65.18,6.821016791,54000,54000
a5c4de75f8aac4eb70a5147686f82ce6b0eb212b,1681.27,65.44,6.838657082,55000,54000
a5c4de75f8aac4eb70a5147686f82ce6b0eb212b,1674.06,64.96,6.792180950,54000,54000
a5c4de75f8aac4eb70a5147686f82ce6b0eb212b,1695.05,65.98,6.880396235,55000,55000
a5c4de75f8aac4eb70a5147686f82ce6b0eb212b,1662.36,64.24,6.769878996,54000,54000
a5c4de75f8aac4eb70a5147686f82ce6b0eb212b,1691.50,65.73,6.857060082,55000,54000
343e23979a23a33ce88ee525965ce3b53f653a12,1704.22,66.44,6.933359797,54000,54000
343e23979a23a33ce88ee525965ce3b53f653a12,1681.63,65.29,6.851299707,54000,54000
343e23979a23a33ce88ee525965ce3b53f653a12,1695.85,65.89,6.900825895,54000,55000
343e23979a23a33ce88ee525965ce3b53f653a12,1674.53,64.93,6.809262455,54000,54000
343e23979a23a33ce88ee525965ce3b53f653a12,1677.65,65.40,6.813366450,54000,54000
343e23979a23a33ce88ee525965ce3b53f653a12,1700.18,65.90,6.907369099,54000,54000
343e23979a23a33ce88ee525965ce3b53f653a12,1700.08,65.87,6.903681340,54000,55000
343e23979a23a33ce88ee525965ce3b53f653a12,1707.98,66.31,6.946879422,55000,54000
343e23979a23a33ce88ee525965ce3b53f653a12,1699.63,66.01,6.900285017,54000,54000
343e23979a23a33ce88ee525965ce3b53f653a12,1683.62,65.02,6.848778434,55000,54000
343e23979a23a33ce88ee525965ce3b53f653a12,1697.73,65.91,6.911097758,54000,54000
343e23979a23a33ce88ee525965ce3b53f653a12,1702.45,66.42,6.920348899,54000,54000
343e23979a23a33ce88ee525965ce3b53f653a12,1689.60,65.33,6.862638216,54000,54000
343e23979a23a33ce88ee525965ce3b53f653a12,1670.91,64.90,6.792006879,54000,54000
343e23979a23a33ce88ee525965ce3b53f653a12,1703.40,65.91,6.938503049,54000,54000
343e23979a23a33ce88ee525965ce3b53f653a12,1682.32,65.47,6.840964332,54000,54000
343e23979a23a33ce88ee525965ce3b53f653a12,1681.80,65.21,6.849631885,54000,55000
343e23979a23a33ce88ee525965ce3b53f653a12,1680.57,65.44,6.830708670,54000,54000
343e23979a23a33ce88ee525965ce3b53f653a12,1688.19,65.69,6.874626332,54000,54000
343e23979a23a33ce88ee525965ce3b53f653a12,1713.01,66.70,6.973442509,54000,54000
343e23979a23a33ce88ee525965ce3b53f653a12,1676.79,65.05,6.830499067,54000,55000
343e23979a23a33ce88ee525965ce3b53f653a12,1673.53,65.16,6.799236998,54000,54000
343e23979a23a33ce88ee525965ce3b53f653a12,1694.72,65.67,6.903587757,54000,54000
343e23979a23a33ce88ee525965ce3b53f653a12,1703.32,65.98,6.926209900,54000,54000
343e23979a23a33ce88ee525965ce3b53f653a12,1708.22,66.34,6.940768920,54000,54000
343e23979a23a33ce88ee525965ce3b53f653a12,1685.33,65.35,6.853975952,54000,54000
343e23979a23a33ce88ee525965ce3b53f653a12,1698.95,65.95,6.902991805,54000,55000
343e23979a23a33ce88ee525965ce3b53f653a12,1696.95,65.79,6.905509853,54000,54000
343e23979a23a33ce88ee525965ce3b53f653a12,1673.70,64.90,6.810563561,54000,54000
343e23979a23a33ce88ee525965ce3b53f653a12,1706.67,66.35,6.932473252,54000,54000
4d28a6eab450b25dddf7a817ec11074f672e6406,1676.24,65.42,6.850447276,54000,54000
4d28a6eab450b25dddf7a817ec11074f672e6406,1677.37,65.29,6.838112681,54000,54000
4d28a6eab450b25dddf7a817ec11074f672e6406,1671.84,64.95,6.820258157,54000,54000
4d28a6eab450b25dddf7a817ec11074f672e6406,1699.00,66.36,6.897701472,54000,54000
4d28a6eab450b25dddf7a817ec11074f672e6406,1675.51,65.00,6.799602210,54000,54000
4d28a6eab450b25dddf7a817ec11074f672e6406,1685.29,65.45,6.851455636,54000,54000
4d28a6eab450b25dddf7a817ec11074f672e6406,1689.63,65.67,6.882029320,54000,54000
4d28a6eab450b25dddf7a817ec11074f672e6406,1688.12,65.61,6.867275819,55000,54000
4d28a6eab450b25dddf7a817ec11074f672e6406,1673.42,64.66,6.804263663,54000,54000
4d28a6eab450b25dddf7a817ec11074f672e6406,1716.05,66.72,6.972659598,55000,55000
4d28a6eab450b25dddf7a817ec11074f672e6406,1688.18,65.71,6.863777741,55000,54000
4d28a6eab450b25dddf7a817ec11074f672e6406,1706.34,66.12,6.932341070,54000,54000
4d28a6eab450b25dddf7a817ec11074f672e6406,1698.66,65.69,6.910345209,55000,54000
4d28a6eab450b25dddf7a817ec11074f672e6406,1698.61,65.85,6.911211484,55000,54000
4d28a6eab450b25dddf7a817ec11074f672e6406,1694.82,65.71,6.879922356,55000,54000
4d28a6eab450b25dddf7a817ec11074f672e6406,1662.29,64.57,6.759792790,54000,54000
4d28a6eab450b25dddf7a817ec11074f672e6406,1681.67,65.51,6.827763638,55000,54000
4d28a6eab450b25dddf7a817ec11074f672e6406,1679.74,65.14,6.827830768,54000,54000
4d28a6eab450b25dddf7a817ec11074f672e6406,1694.85,66.05,6.873323356,54000,55000
4d28a6eab450b25dddf7a817ec11074f672e6406,1702.50,66.37,6.926588645,54000,54000
4d28a6eab450b25dddf7a817ec11074f672e6406,1685.44,65.58,6.854209241,55000,54000
4d28a6eab450b25dddf7a817ec11074f672e6406,1672.57,65.12,6.800884816,54000,55000
4d28a6eab450b25dddf7a817ec11074f672e6406,1691.69,65.89,6.880158208,54000,54000
4d28a6eab450b25dddf7a817ec11074f672e6406,1700.29,66.22,6.905414550,54000,54000
4d28a6eab450b25dddf7a817ec11074f672e6406,1687.81,65.66,6.845505150,54000,55000
4d28a6eab450b25dddf7a817ec11074f672e6406,1684.85,65.34,6.848802784,55000,54000
4d28a6eab450b25dddf7a817ec11074f672e6406,1697.16,65.62,6.920297357,55000,54000
4d28a6eab450b25dddf7a817ec11074f672e6406,1675.53,64.92,6.804055214,54000,54000
4d28a6eab450b25dddf7a817ec11074f672e6406,1710.85,66.51,6.954916730,54000,54000
4d28a6eab450b25dddf7a817ec11074f672e6406,1699.07,65.81,6.905396060,54000,54000
09ab2b24e3b7bf156cc915559766194c56b88a56,1678.13,65.40,6.812199522,54000,54000
09ab2b24e3b7bf156cc915559766194c56b88a56,1689.14,65.82,6.864968824,54000,54000
09ab2b24e3b7bf156cc915559766194c56b88a56,1684.11,65.13,6.843503448,54000,54000
09ab2b24e3b7bf156cc915559766194c56b88a56,1701.57,65.98,6.919737682,55000,54000
09ab2b24e3b7bf156cc915559766194c56b88a56,1709.16,66.38,6.933577411,55000,54000
09ab2b24e3b7bf156cc915559766194c56b88a56,1701.39,66.05,6.904359752,54000,54000
09ab2b24e3b7bf156cc915559766194c56b88a56,1678.22,64.93,6.834046005,54000,55000
09ab2b24e3b7bf156cc915559766194c56b88a56,1702.72,66.01,6.927297313,54000,55000
09ab2b24e3b7bf156cc915559766194c56b88a56,1683.52,65.25,6.848150452,54000,54000
09ab2b24e3b7bf156cc915559766194c56b88a56,1694.28,65.76,6.873602108,54000,54000
09ab2b24e3b7bf156cc915559766194c56b88a56,1674.36,65.13,6.806063990,54000,54000
09ab2b24e3b7bf156cc915559766194c56b88a56,1686.29,65.65,6.851925363,54000,54000
09ab2b24e3b7bf156cc915559766194c56b88a56,1672.17,64.90,6.789147479,54000,54000
09ab2b24e3b7bf156cc915559766194c56b88a56,1691.26,65.51,6.863907380,54000,54000
09ab2b24e3b7bf156cc915559766194c56b88a56,1713.55,66.39,6.958665062,54000,54000
09ab2b24e3b7bf156cc915559766194c56b88a56,1680.35,65.12,6.816495389,55000,54000
09ab2b24e3b7bf156cc915559766194c56b88a56,1677.34,65.08,6.814027506,54000,55000
09ab2b24e3b7bf156cc915559766194c56b88a56,1689.69,65.87,6.862789955,55000,54000
09ab2b24e3b7bf156cc915559766194c56b88a56,1686.51,65.38,6.872059492,54000,55000
09ab2b24e3b7bf156cc915559766194c56b88a56,1672.68,65.03,6.801195114,54000,54000
09ab2b24e3b7bf156cc915559766194c56b88a56,1684.13,65.37,6.843312894,54000,55000
09ab2b24e3b7bf156cc915559766194c56b88a56,1692.97,66.19,6.880955272,54000,54000
09ab2b24e3b7bf156cc915559766194c56b88a56,1681.91,65.38,6.850024647,54000,54000
09ab2b24e3b7bf156cc915559766194c56b88a56,1698.97,66.18,6.884849514,54000,54000
09ab2b24e3b7bf156cc915559766194c56b88a56,1682.39,65.46,6.830283421,55000,55000
09ab2b24e3b7bf156cc915559766194c56b88a56,1699.46,65.58,6.913470342,54000,54000
09ab2b24e3b7bf156cc915559766194c56b88a56,1698.77,66.06,6.894947353,55000,54000
09ab2b24e3b7bf156cc915559766194c56b88a56,1698.07,66.15,6.896244555,55000,54000
09ab2b24e3b7bf156cc915559766194c56b88a56,1698.24,66.19,6.891522633,55000,55000
09ab2b24e3b7bf156cc915559766194c56b88a56,1691.95,66.05,6.871947219,55000,55000
92a1c0e052d92f40d027147bc791689d23ec88e1,1685.97,65.37,6.852345153,54000,54000
92a1c0e052d92f40d027147bc791689d23ec88e1,1681.90,65.12,6.840992221,54000,54000
92a1c0e052d92f40d027147bc791689d23ec88e1,1707.69,66.35,6.926394070,54000,54000
92a1c0e052d92f40d027147bc791689d23ec88e1,1685.75,65.31,6.861028494,54000,54000
92a1c0e052d92f40d027147bc791689d23ec88e1,1716.12,66.33,6.985296978,54000,54000
92a1c0e052d92f40d027147bc791689d23ec88e1,1692.48,65.65,6.876317654,54000,54000
92a1c0e052d92f40d027147bc791689d23ec88e1,1691.70,65.40,6.889386466,54000,54000
92a1c0e052d92f40d027147bc791689d23ec88e1,1696.78,66.11,6.892055681,54000,54000
92a1c0e052d92f40d027147bc791689d23ec88e1,1691.60,65.74,6.870663970,54000,54000
92a1c0e052d92f40d027147bc791689d23ec88e1,1705.14,66.18,6.935279486,55000,54000
92a1c0e052d92f40d027147bc791689d23ec88e1,1702.61,66.37,6.904728236,54000,54000
92a1c0e052d92f40d027147bc791689d23ec88e1,1700.66,65.85,6.921928258,54000,54000
92a1c0e052d92f40d027147bc791689d23ec88e1,1680.56,65.28,6.819668003,55000,54000
92a1c0e052d92f40d027147bc791689d23ec88e1,1681.36,65.09,6.832903816,54000,54000
92a1c0e052d92f40d027147bc791689d23ec88e1,1699.23,65.97,6.897262187,54000,54000
92a1c0e052d92f40d027147bc791689d23ec88e1,1668.37,64.51,6.780407653,54000,54000
92a1c0e052d92f40d027147bc791689d23ec88e1,1670.29,64.68,6.785178186,54000,54000
92a1c0e052d92f40d027147bc791689d23ec88e1,1714.27,66.59,6.983073411,54000,54000
92a1c0e052d92f40d027147bc791689d23ec88e1,1699.13,66.02,6.916378621,54000,54000
92a1c0e052d92f40d027147bc791689d23ec88e1,1683.50,65.77,6.828715977,54000,54000
92a1c0e052d92f40d027147bc791689d23ec88e1,1699.14,66.14,6.904069964,54000,54000
92a1c0e052d92f40d027147bc791689d23ec88e1,1702.06,66.30,6.925981140,54000,55000
92a1c0e052d92f40d027147bc791689d23ec88e1,1709.48,66.89,6.925211859,54000,55000
92a1c0e052d92f40d027147bc791689d23ec88e1,1682.24,65.39,6.844311064,54000,54000
92a1c0e052d92f40d027147bc791689d23ec88e1,1681.64,65.10,6.833448920,54000,54000
92a1c0e052d92f40d027147bc791689d23ec88e1,1717.06,66.83,6.980160784,54000,54000
92a1c0e052d92f40d027147bc791689d23ec88e1,1703.27,66.19,6.922775202,54000,55000
92a1c0e052d92f40d027147bc791689d23ec88e1,1680.01,65.08,6.832192380,55000,55000
92a1c0e052d92f40d027147bc791689d23ec88e1,1696.63,65.83,6.895378067,55000,55000
92a1c0e052d92f40d027147bc791689d23ec88e1,1691.86,65.63,6.878896376,55000,55000
6ff3d59d3cc16930cc8edecf53605c02a8b88a76,1683.40,65.10,6.854786001,54000,54000
6ff3d59d3cc16930cc8edecf53605c02a8b88a76,1692.16,65.78,6.868145925,54000,54000
6ff3d59d3cc16930cc8edecf53605c02a8b88a76,1687.16,65.53,6.863454470,54000,54000
6ff3d59d3cc16930cc8edecf53605c02a8b88a76,1706.32,66.24,6.929232419,54000,54000
6ff3d59d3cc16930cc8edecf53605c02a8b88a76,1690.43,65.32,6.883958027,54000,55000
6ff3d59d3cc16930cc8edecf53605c02a8b88a76,1696.49,65.70,6.895219825,54000,54000
6ff3d59d3cc16930cc8edecf53605c02a8b88a76,1686.59,65.31,6.852592882,54000,54000
6ff3d59d3cc16930cc8edecf53605c02a8b88a76,1683.01,65.32,6.854144662,55000,54000
6ff3d59d3cc16930cc8edecf53605c02a8b88a76,1687.11,65.45,6.846924189,54000,54000
6ff3d59d3cc16930cc8edecf53605c02a8b88a76,1687.20,65.22,6.859763751,55000,55000
6ff3d59d3cc16930cc8edecf53605c02a8b88a76,1679.96,65.19,6.829043899,54000,54000
6ff3d59d3cc16930cc8edecf53605c02a8b88a76,1697.35,65.68,6.908323877,54000,54000
6ff3d59d3cc16930cc8edecf53605c02a8b88a76,1717.75,66.78,6.985807025,55000,54000
6ff3d59d3cc16930cc8edecf53605c02a8b88a76,1704.07,66.44,6.916385222,55000,54000
6ff3d59d3cc16930cc8edecf53605c02a8b88a76,1693.84,65.79,6.878053422,54000,55000
6ff3d59d3cc16930cc8edecf53605c02a8b88a76,1708.36,66.66,6.912468198,54000,54000
6ff3d59d3cc16930cc8edecf53605c02a8b88a76,1685.17,65.37,6.844630918,54000,54000
6ff3d59d3cc16930cc8edecf53605c02a8b88a76,1702.69,66.37,6.905842538,54000,54000
6ff3d59d3cc16930cc8edecf53605c02a8b88a76,1688.89,65.69,6.885375723,55000,55000
6ff3d59d3cc16930cc8edecf53605c02a8b88a76,1698.57,66.06,6.897583364,54000,54000
6ff3d59d3cc16930cc8edecf53605c02a8b88a76,1709.97,66.57,6.948096226,55000,54000
6ff3d59d3cc16930cc8edecf53605c02a8b88a76,1688.17,65.36,6.863135356,54000,54000
6ff3d59d3cc16930cc8edecf53605c02a8b88a76,1692.48,65.69,6.868334511,54000,54000
6ff3d59d3cc16930cc8edecf53605c02a8b88a76,1701.77,65.95,6.912425516,54000,54000
6ff3d59d3cc16930cc8edecf53605c02a8b88a76,1704.02,66.15,6.922436136,54000,54000
6ff3d59d3cc16930cc8edecf53605c02a8b88a76,1704.42,65.99,6.954198431,54000,55000
6ff3d59d3cc16930cc8edecf53605c02a8b88a76,1697.69,66.31,6.893039099,54000,54000
6ff3d59d3cc16930cc8edecf53605c02a8b88a76,1704.21,66.11,6.920479304,54000,54000
6ff3d59d3cc16930cc8edecf53605c02a8b88a76,1708.99,66.24,6.936154859,55000,54000
6ff3d59d3cc16930cc8edecf53605c02a8b88a76,1691.20,65.63,6.873862837,54000,54000
7570dcefe454337f667e0835bd8c85000cfbeb34,1691.78,66.01,6.925429406,54000,54000
7570dcefe454337f667e0835bd8c85000cfbeb34,1668.81,64.71,6.791102489,54000,54000
7570dcefe454337f667e0835bd8c85000cfbeb34,1692.13,65.97,6.877973311,54000,54000
7570dcefe454337f667e0835bd8c85000cfbeb34,1692.62,65.75,6.892606477,54000,54000
7570dcefe454337f667e0835bd8c85000cfbeb34,1686.89,65.31,6.862790744,54000,54000
7570dcefe454337f667e0835bd8c85000cfbeb34,1680.82,65.52,6.826396944,54000,54000
7570dcefe454337f667e0835bd8c85000cfbeb34,1692.57,65.47,6.883414303,54000,54000
7570dcefe454337f667e0835bd8c85000cfbeb34,1684.79,65.47,6.829113726,54000,53000
7570dcefe454337f667e0835bd8c85000cfbeb34,1684.22,65.65,6.829775837,55000,54000
7570dcefe454337f667e0835bd8c85000cfbeb34,1674.25,64.96,6.811795554,54000,54000
7570dcefe454337f667e0835bd8c85000cfbeb34,1693.91,65.66,6.888522066,54000,54000
7570dcefe454337f667e0835bd8c85000cfbeb34,1697.22,65.75,6.896268706,54000,54000
7570dcefe454337f667e0835bd8c85000cfbeb34,1686.25,65.44,6.852722976,54000,54000
7570dcefe454337f667e0835bd8c85000cfbeb34,1716.16,66.77,6.967582390,54000,54000
7570dcefe454337f667e0835bd8c85000cfbeb34,1690.48,65.63,6.882212556,54000,53000
7570dcefe454337f667e0835bd8c85000cfbeb34,1713.60,66.40,6.970740842,54000,54000
7570dcefe454337f667e0835bd8c85000cfbeb34,1710.54,66.44,6.934906955,54000,54000
7570dcefe454337f667e0835bd8c85000cfbeb34,1694.19,65.79,6.892199928,54000,54000
7570dcefe454337f667e0835bd8c85000cfbeb34,1702.18,66.27,6.923875367,54000,54000
7570dcefe454337f667e0835bd8c85000cfbeb34,1703.67,66.32,6.907890360,54000,54000
7570dcefe454337f667e0835bd8c85000cfbeb34,1693.55,65.94,6.895548542,54000,54000
7570dcefe454337f667e0835bd8c85000cfbeb34,1701.45,66.11,6.905912133,54000,54000
7570dcefe454337f667e0835bd8c85000cfbeb34,1701.42,66.05,6.913859049,54000,55000
7570dcefe454337f667e0835bd8c85000cfbeb34,1702.32,66.03,6.925215207,54000,54000
7570dcefe454337f667e0835bd8c85000cfbeb34,1671.93,64.70,6.800182684,54000,54000
7570dcefe454337f667e0835bd8c85000cfbeb34,1696.07,66.10,6.884723441,54000,54000
7570dcefe454337f667e0835bd8c85000cfbeb34,1694.25,65.76,6.871152018,54000,55000
7570dcefe454337f667e0835bd8c85000cfbeb34,1712.95,66.61,6.956726334,55000,54000
7570dcefe454337f667e0835bd8c85000cfbeb34,1702.49,66.36,6.899537598,54000,54000
7570dcefe454337f667e0835bd8c85000cfbeb34,1682.76,65.11,6.844474593,55000,54000
3d8ae3ae7a195a6ad8b5da65f98658707ced85db,1670.64,64.70,6.805524374,54000,53000
3d8ae3ae7a195a6ad8b5da65f98658707ced85db,1712.07,66.38,6.950407736,54000,54000
3d8ae3ae7a195a6ad8b5da65f98658707ced85db,1697.31,65.76,6.905572040,54000,54000
3d8ae3ae7a195a6ad8b5da65f98658707ced85db,1681.12,65.11,6.834980670,54000,54000
3d8ae3ae7a195a6ad8b5da65f98658707ced85db,1680.21,64.92,6.834682188,54000,54000
3d8ae3ae7a195a6ad8b5da65f98658707ced85db,1693.94,65.71,6.889851064,54000,54000
3d8ae3ae7a195a6ad8b5da65f98658707ced85db,1698.50,66.14,6.896087319,54000,54000
3d8ae3ae7a195a6ad8b5da65f98658707ced85db,1682.91,65.40,6.831578338,54000,54000
3d8ae3ae7a195a6ad8b5da65f98658707ced85db,1708.06,66.20,6.946733725,54000,54000
3d8ae3ae7a195a6ad8b5da65f98658707ced85db,1685.29,65.45,6.845769862,54000,54000
3d8ae3ae7a195a6ad8b5da65f98658707ced85db,1699.72,66.13,6.896537038,54000,55000
3d8ae3ae7a195a6ad8b5da65f98658707ced85db,1690.77,65.92,6.856171917,54000,54000
3d8ae3ae7a195a6ad8b5da65f98658707ced85db,1675.92,64.82,6.816773078,54000,54000
3d8ae3ae7a195a6ad8b5da65f98658707ced85db,1690.08,65.61,6.870878187,54000,54000
3d8ae3ae7a195a6ad8b5da65f98658707ced85db,1705.54,66.26,6.929357700,54000,55000
3d8ae3ae7a195a6ad8b5da65f98658707ced85db,1700.03,65.70,6.919927303,54000,54000
3d8ae3ae7a195a6ad8b5da65f98658707ced85db,1699.35,66.16,6.896301304,54000,54000
3d8ae3ae7a195a6ad8b5da65f98658707ced85db,1689.14,65.56,6.867100621,54000,54000
3d8ae3ae7a195a6ad8b5da65f98658707ced85db,1707.90,66.61,6.924561769,54000,54000
3d8ae3ae7a195a6ad8b5da65f98658707ced85db,1694.75,65.92,6.868003591,54000,54000
3d8ae3ae7a195a6ad8b5da65f98658707ced85db,1708.42,66.30,6.953928410,55000,55000
3d8ae3ae7a195a6ad8b5da65f98658707ced85db,1692.49,65.67,6.887195930,54000,54000
3d8ae3ae7a195a6ad8b5da65f98658707ced85db,1695.65,65.91,6.887421726,54000,55000
3d8ae3ae7a195a6ad8b5da65f98658707ced85db,1692.92,65.89,6.898250798,54000,54000
3d8ae3ae7a195a6ad8b5da65f98658707ced85db,1704.00,66.40,6.927841264,55000,54000
3d8ae3ae7a195a6ad8b5da65f98658707ced85db,1680.11,65.37,6.826935079,54000,54000
3d8ae3ae7a195a6ad8b5da65f98658707ced85db,1714.19,66.65,6.966771177,54000,55000
3d8ae3ae7a195a6ad8b5da65f98658707ced85db,1689.28,65.81,6.861430788,55000,54000
3d8ae3ae7a195a6ad8b5da65f98658707ced85db,1695.62,65.72,6.882975668,55000,54000
3d8ae3ae7a195a6ad8b5da65f98658707ced85db,1696.21,65.72,6.879306810,55000,54000
f39b2445c05f127d706df241744367c39de65f3d,1706.84,66.50,6.942875350,54000,54000
f39b2445c05f127d706df241744367c39de65f3d,1698.36,65.79,6.913599514,54000,54000
f39b2445c05f127d706df241744367c39de65f3d,1684.30,65.39,6.843567874,54000,54000
f39b2445c05f127d706df241744367c39de65f3d,1700.21,65.84,6.904478246,54000,54000
f39b2445c05f127d706df241744367c39de65f3d,1690.01,65.59,6.879533359,55000,54000
f39b2445c05f127d706df241744367c39de65f3d,1683.82,65.52,6.845983501,54000,54000
f39b2445c05f127d706df241744367c39de65f3d,1703.62,66.19,6.924379307,54000,54000
f39b2445c05f127d706df241744367c39de65f3d,1715.92,66.57,6.980192842,54000,54000
f39b2445c05f127d706df241744367c39de65f3d,1682.64,65.41,6.825892472,54000,54000
f39b2445c05f127d706df241744367c39de65f3d,1678.29,65.07,6.820490559,54000,54000
f39b2445c05f127d706df241744367c39de65f3d,1706.73,66.36,6.949596898,54000,54000
f39b2445c05f127d706df241744367c39de65f3d,1678.54,65.19,6.825692567,55000,54000
f39b2445c05f127d706df241744367c39de65f3d,1690.37,66.01,6.858595093,54000,54000
f39b2445c05f127d706df241744367c39de65f3d,1696.39,66.11,6.898468798,54000,54000
f39b2445c05f127d706df241744367c39de65f3d,1701.88,65.92,6.915213750,54000,54000
f39b2445c05f127d706df241744367c39de65f3d,1687.32,65.52,6.849641258,54000,54000
f39b2445c05f127d706df241744367c39de65f3d,1708.15,66.36,6.937734263,54000,54000
f39b2445c05f127d706df241744367c39de65f3d,1698.44,66.28,6.902886675,54000,54000
f39b2445c05f127d706df241744367c39de65f3d,1701.74,66.40,6.920959329,54000,54000
f39b2445c05f127d706df241744367c39de65f3d,1700.63,66.41,6.914648437,54000,54000
f39b2445c05f127d706df241744367c39de65f3d,1711.13,66.43,6.949760376,55000,54000
f39b2445c05f127d706df241744367c39de65f3d,1694.77,66.08,6.876370046,55000,54000
f39b2445c05f127d706df241744367c39de65f3d,1710.92,66.53,6.954869211,55000,55000
f39b2445c05f127d706df241744367c39de65f3d,1691.13,65.87,6.875599800,54000,55000
f39b2445c05f127d706df241744367c39de65f3d,1693.79,65.83,6.877522920,55000,54000
f39b2445c05f127d706df241744367c39de65f3d,1692.40,65.65,6.871812520,54000,54000
f39b2445c05f127d706df241744367c39de65f3d,1679.08,65.21,6.805371065,55000,54000
f39b2445c05f127d706df241744367c39de65f3d,1692.89,65.42,6.890768914,54000,55000
f39b2445c05f127d706df241744367c39de65f3d,1690.67,65.58,6.889715676,55000,55000
f39b2445c05f127d706df241744367c39de65f3d,1722.04,67.05,6.987818935,54000,55000
e144d5c5e1c842d7b23cb36a4d574ec1b52a4ba2,1700.35,66.25,6.906446165,54000,54000
e144d5c5e1c842d7b23cb36a4d574ec1b52a4ba2,1709.69,66.50,6.955953786,54000,54000
e144d5c5e1c842d7b23cb36a4d574ec1b52a4ba2,1693.21,65.73,6.864112982,54000,54000
e144d5c5e1c842d7b23cb36a4d574ec1b52a4ba2,1708.80,66.48,6.918704949,54000,54000
e144d5c5e1c842d7b23cb36a4d574ec1b52a4ba2,1691.17,65.67,6.860594091,54000,54000
e144d5c5e1c842d7b23cb36a4d574ec1b52a4ba2,1741.42,67.81,7.064878799,54000,54000
e144d5c5e1c842d7b23cb36a4d574ec1b52a4ba2,1709.60,66.55,6.926875120,54000,54000
e144d5c5e1c842d7b23cb36a4d574ec1b52a4ba2,1718.68,66.90,6.959277200,55000,54000
e144d5c5e1c842d7b23cb36a4d574ec1b52a4ba2,1698.43,65.98,6.894571893,54000,54000
e144d5c5e1c842d7b23cb36a4d574ec1b52a4ba2,1697.15,66.06,6.881645297,54000,54000
e144d5c5e1c842d7b23cb36a4d574ec1b52a4ba2,1727.96,67.13,7.021987124,53000,54000
e144d5c5e1c842d7b23cb36a4d574ec1b52a4ba2,1691.69,65.78,6.869713934,54000,54000
e144d5c5e1c842d7b23cb36a4d574ec1b52a4ba2,1710.86,66.80,6.932879137,54000,54000
e144d5c5e1c842d7b23cb36a4d574ec1b52a4ba2,1734.72,67.58,7.052764606,54000,54000
e144d5c5e1c842d7b23cb36a4d574ec1b52a4ba2,1706.82,66.43,6.930600669,55000,55000
e144d5c5e1c842d7b23cb36a4d574ec1b52a4ba2,1718.74,67.13,6.970803870,55000,54000
e144d5c5e1c842d7b23cb36a4d574ec1b52a4ba2,1708.89,66.65,6.925083859,55000,55000
e144d5c5e1c842d7b23cb36a4d574ec1b52a4ba2,1701.40,66.19,6.927639761,54000,54000
e144d5c5e1c842d7b23cb36a4d574ec1b52a4ba2,1702.06,66.02,6.923732694,54000,54000
e144d5c5e1c842d7b23cb36a4d574ec1b52a4ba2,1712.64,66.73,6.946943176,54000,54000
e144d5c5e1c842d7b23cb36a4d574ec1b52a4ba2,1724.76,67.17,7.005809613,54000,54000
e144d5c5e1c842d7b23cb36a4d574ec1b52a4ba2,1712.80,66.75,6.952119159,54000,54000
e144d5c5e1c842d7b23cb36a4d574ec1b52a4ba2,1709.81,66.51,6.943728567,55000,54000
e144d5c5e1c842d7b23cb36a4d574ec1b52a4ba2,1700.01,66.15,6.905640325,54000,54000
e144d5c5e1c842d7b23cb36a4d574ec1b52a4ba2,1706.20,66.30,6.927369865,54000,54000
e144d5c5e1c842d7b23cb36a4d574ec1b52a4ba2,1702.39,66.06,6.914263812,54000,54000
e144d5c5e1c842d7b23cb36a4d574ec1b52a4ba2,1709.29,66.61,6.940326909,54000,54000
e144d5c5e1c842d7b23cb36a4d574ec1b52a4ba2,1718.96,66.91,6.968651912,54000,54000
e144d5c5e1c842d7b23cb36a4d574ec1b52a4ba2,1713.91,66.43,6.952200051,54000,54000
e144d5c5e1c842d7b23cb36a4d574ec1b52a4ba2,1704.08,66.21,6.910773661,54000,55000
bb273b3cf690ea9c1342f422d1b4aff1a3c06108,1697.16,65.81,6.891996608,53000,54000
bb273b3cf690ea9c1342f422d1b4aff1a3c06108,1697.68,65.78,6.904518572,54000,54000
bb273b3cf690ea9c1342f422d1b4aff1a3c06108,1713.64,66.65,6.962277811,54000,54000
bb273b3cf690ea9c1342f422d1b4aff1a3c06108,1706.49,66.32,6.931853267,54000,54000
bb273b3cf690ea9c1342f422d1b4aff1a3c06108,1705.99,66.27,6.921186401,54000,54000
bb273b3cf690ea9c1342f422d1b4aff1a3c06108,1718.52,66.76,6.970363703,54000,55000
bb273b3cf690ea9c1342f422d1b4aff1a3c06108,1693.03,65.65,6.882307604,54000,55000
bb273b3cf690ea9c1342f422d1b4aff1a3c06108,1721.64,67.03,6.976699432,54000,54000
bb273b3cf690ea9c1342f422d1b4aff1a3c06108,1703.16,66.20,6.917549854,54000,54000
bb273b3cf690ea9c1342f422d1b4aff1a3c06108,1709.28,66.42,6.937314036,54000,54000
bb273b3cf690ea9c1342f422d1b4aff1a3c06108,1712.88,66.46,6.948524320,54000,54000
bb273b3cf690ea9c1342f422d1b4aff1a3c06108,1714.86,66.80,6.960684052,55000,54000
bb273b3cf690ea9c1342f422d1b4aff1a3c06108,1700.02,65.96,6.919148074,54000,54000
bb273b3cf690ea9c1342f422d1b4aff1a3c06108,1717.95,66.78,6.967134529,54000,54000
bb273b3cf690ea9c1342f422d1b4aff1a3c06108,1709.11,66.17,6.956592583,54000,54000
bb273b3cf690ea9c1342f422d1b4aff1a3c06108,1712.72,66.86,6.945520287,54000,54000
bb273b3cf690ea9c1342f422d1b4aff1a3c06108,1717.75,66.79,6.970303723,54000,54000
bb273b3cf690ea9c1342f422d1b4aff1a3c06108,1726.83,67.25,7.011448069,54000,54000
bb273b3cf690ea9c1342f422d1b4aff1a3c06108,1699.67,66.21,6.899879632,55000,54000
bb273b3cf690ea9c1342f422d1b4aff1a3c06108,1703.20,66.33,6.924288745,54000,55000
bb273b3cf690ea9c1342f422d1b4aff1a3c06108,1703.69,66.53,6.916469206,54000,55000
bb273b3cf690ea9c1342f422d1b4aff1a3c06108,1735.16,67.70,7.046893425,54000,55000
bb273b3cf690ea9c1342f422d1b4aff1a3c06108,1707.87,66.92,6.937679910,55000,55000
bb273b3cf690ea9c1342f422d1b4aff1a3c06108,1712.99,66.68,6.968619919,54000,54000
bb273b3cf690ea9c1342f422d1b4aff1a3c06108,1697.40,65.84,6.898319281,54000,54000
bb273b3cf690ea9c1342f422d1b4aff1a3c06108,1713.29,66.63,6.974641500,55000,54000
bb273b3cf690ea9c1342f422d1b4aff1a3c06108,1699.10,66.09,6.905000213,54000,54000
bb273b3cf690ea9c1342f422d1b4aff1a3c06108,1692.80,65.61,6.885381920,54000,55000
bb273b3cf690ea9c1342f422d1b4aff1a3c06108,1726.94,67.18,6.997415451,54000,54000
bb273b3cf690ea9c1342f422d1b4aff1a3c06108,1704.39,66.00,6.931327518,54000,54000
3fb41e90730aa37118af6ce15ccc280ecc5b5e0d,1731.86,67.32,7.053186149,54000,54000
3fb41e90730aa37118af6ce15ccc280ecc5b5e0d,1708.07,66.03,6.957437957,54000,55000
3fb41e90730aa37118af6ce15ccc280ecc5b5e0d,1718.81,66.71,6.981105851,54000,54000
3fb41e90730aa37118af6ce15ccc280ecc5b5e0d,1706.90,66.64,6.920799494,55000,54000
3fb41e90730aa37118af6ce15ccc280ecc5b5e0d,1716.80,66.51,6.972788467,54000,54000
3fb41e90730aa37118af6ce15ccc280ecc5b5e0d,1709.59,66.11,6.948133233,54000,54000
3fb41e90730aa37118af6ce15ccc280ecc5b5e0d,1703.64,66.10,6.932916849,54000,54000
3fb41e90730aa37118af6ce15ccc280ecc5b5e0d,1693.65,65.48,6.897678716,54000,55000
3fb41e90730aa37118af6ce15ccc280ecc5b5e0d,1735.85,67.49,7.065646688,55000,54000
3fb41e90730aa37118af6ce15ccc280ecc5b5e0d,1713.32,66.44,6.957578653,54000,55000
3fb41e90730aa37118af6ce15ccc280ecc5b5e0d,1703.45,66.00,6.919013513,54000,54000
3fb41e90730aa37118af6ce15ccc280ecc5b5e0d,1708.77,66.17,6.947255516,54000,55000
3fb41e90730aa37118af6ce15ccc280ecc5b5e0d,1706.14,66.00,6.931751806,54000,54000
3fb41e90730aa37118af6ce15ccc280ecc5b5e0d,1704.30,66.08,6.929242105,55000,55000
3fb41e90730aa37118af6ce15ccc280ecc5b5e0d,1722.91,67.08,6.997768003,54000,55000
3fb41e90730aa37118af6ce15ccc280ecc5b5e0d,1750.11,67.87,7.138097786,54000,54000
3fb41e90730aa37118af6ce15ccc280ecc5b5e0d,1701.63,66.03,6.921257937,55000,54000
3fb41e90730aa37118af6ce15ccc280ecc5b5e0d,1698.56,65.85,6.910117457,54000,54000
3fb41e90730aa37118af6ce15ccc280ecc5b5e0d,1711.31,66.60,6.942529077,55000,54000
3fb41e90730aa37118af6ce15ccc280ecc5b5e0d,1713.19,66.64,6.949718321,54000,55000
3fb41e90730aa37118af6ce15ccc280ecc5b5e0d,1707.86,66.64,6.941722976,54000,54000
3fb41e90730aa37118af6ce15ccc280ecc5b5e0d,1710.72,66.66,6.943502658,54000,55000
3fb41e90730aa37118af6ce15ccc280ecc5b5e0d,1732.97,67.79,7.036882405,55000,55000
3fb41e90730aa37118af6ce15ccc280ecc5b5e0d,1706.55,66.24,6.932898368,54000,54000
3fb41e90730aa37118af6ce15ccc280ecc5b5e0d,1716.88,66.88,6.967287853,54000,54000
3fb41e90730aa37118af6ce15ccc280ecc5b5e0d,1704.59,66.17,6.943806940,55000,55000
3fb41e90730aa37118af6ce15ccc280ecc5b5e0d,1755.54,68.38,7.127398102,55000,55000
3fb41e90730aa37118af6ce15ccc280ecc5b5e0d,1718.49,66.90,6.975184253,55000,54000
3fb41e90730aa37118af6ce15ccc280ecc5b5e0d,1704.97,66.38,6.910791194,54000,55000
3fb41e90730aa37118af6ce15ccc280ecc5b5e0d,1706.48,66.20,6.927764286,54000,55000
743ae0f4703f9644e3efb748c7937f1b99766ee8,1708.77,66.60,6.949362315,54000,54000
743ae0f4703f9644e3efb748c7937f1b99766ee8,1698.95,65.92,6.906467246,54000,54000
743ae0f4703f9644e3efb748c7937f1b99766ee8,1713.27,66.72,6.961046327,53000,54000
743ae0f4703f9644e3efb748c7937f1b99766ee8,1708.28,66.13,6.953894376,54000,54000
743ae0f4703f9644e3efb748c7937f1b99766ee8,1715.72,66.82,6.978416851,54000,54000
743ae0f4703f9644e3efb748c7937f1b99766ee8,1717.79,66.66,6.981811871,54000,54000
743ae0f4703f9644e3efb748c7937f1b99766ee8,1717.42,66.56,6.977478664,54000,54000
743ae0f4703f9644e3efb748c7937f1b99766ee8,1715.02,66.42,6.964179798,54000,54000
743ae0f4703f9644e3efb748c7937f1b99766ee8,1736.14,67.43,7.050599889,54000,54000
743ae0f4703f9644e3efb748c7937f1b99766ee8,1698.25,65.93,6.901872129,54000,54000
743ae0f4703f9644e3efb748c7937f1b99766ee8,1697.59,65.98,6.917380488,54000,54000
743ae0f4703f9644e3efb748c7937f1b99766ee8,1709.26,66.23,6.952474106,55000,54000
743ae0f4703f9644e3efb748c7937f1b99766ee8,1723.92,67.13,7.002862443,55000,54000
743ae0f4703f9644e3efb748c7937f1b99766ee8,1714.56,66.50,6.977522290,54000,54000
743ae0f4703f9644e3efb748c7937f1b99766ee8,1729.94,67.16,7.028092988,54000,54000
743ae0f4703f9644e3efb748c7937f1b99766ee8,1706.49,66.14,6.953026565,54000,54000
743ae0f4703f9644e3efb748c7937f1b99766ee8,1712.85,66.61,6.955116049,54000,54000
743ae0f4703f9644e3efb748c7937f1b99766ee8,1710.81,66.45,6.956562946,54000,54000
743ae0f4703f9644e3efb748c7937f1b99766ee8,1709.89,66.10,6.965632305,54000,55000
743ae0f4703f9644e3efb748c7937f1b99766ee8,1700.77,66.08,6.907708852,55000,55000
743ae0f4703f9644e3efb748c7937f1b99766ee8,1704.91,66.15,6.928627069,54000,54000
743ae0f4703f9644e3efb748c7937f1b99766ee8,1707.11,66.54,6.933288854,54000,54000
743ae0f4703f9644e3efb748c7937f1b99766ee8,1697.54,66.11,6.895124738,54000,54000
743ae0f4703f9644e3efb748c7937f1b99766ee8,1699.00,65.89,6.904336014,55000,54000
743ae0f4703f9644e3efb748c7937f1b99766ee8,1705.89,66.34,6.924369561,54000,55000
743ae0f4703f9644e3efb748c7937f1b99766ee8,1694.81,65.85,6.885738127,55000,54000
743ae0f4703f9644e3efb748c7937f1b99766ee8,1712.47,66.55,6.951226102,54000,55000
743ae0f4703f9644e3efb748c7937f1b99766ee8,1724.49,66.81,7.008070386,55000,55000
743ae0f4703f9644e3efb748c7937f1b99766ee8,1717.00,66.60,6.966034342,54000,54000
743ae0f4703f9644e3efb748c7937f1b99766ee8,1752.84,68.52,7.107480324,54000,54000
28fc4138269ea3797ddecd45f58a2dbf22cf2e54,1746.36,67.87,7.083587852,54000,53000
28fc4138269ea3797ddecd45f58a2dbf22cf2e54,1723.23,67.03,6.991902838,54000,54000
28fc4138269ea3797ddecd45f58a2dbf22cf2e54,1721.64,66.95,6.991682853,54000,54000
28fc4138269ea3797ddecd45f58a2dbf22cf2e54,1701.34,65.98,6.914594988,55000,54000
28fc4138269ea3797ddecd45f58a2dbf22cf2e54,1704.22,66.00,6.928700423,54000,54000
28fc4138269ea3797ddecd45f58a2dbf22cf2e54,1735.30,67.55,7.049167697,54000,54000
28fc4138269ea3797ddecd45f58a2dbf22cf2e54,1714.88,66.80,6.960159913,54000,54000
28fc4138269ea3797ddecd45f58a2dbf22cf2e54,1736.57,67.70,7.045533316,54000,53000
28fc4138269ea3797ddecd45f58a2dbf22cf2e54,1734.97,67.51,7.041564183,54000,54000
28fc4138269ea3797ddecd45f58a2dbf22cf2e54,1719.83,66.92,6.976318961,54000,55000
28fc4138269ea3797ddecd45f58a2dbf22cf2e54,1715.29,66.64,6.962032519,54000,54000
28fc4138269ea3797ddecd45f58a2dbf22cf2e54,1733.85,67.19,7.057205312,54000,54000
28fc4138269ea3797ddecd45f58a2dbf22cf2e54,1733.84,67.20,7.041739859,55000,54000
28fc4138269ea3797ddecd45f58a2dbf22cf2e54,1712.82,66.42,6.955095549,54000,54000
28fc4138269ea3797ddecd45f58a2dbf22cf2e54,1737.00,67.58,7.054299402,54000,54000
28fc4138269ea3797ddecd45f58a2dbf22cf2e54,1712.78,66.75,6.956708559,54000,54000
28fc4138269ea3797ddecd45f58a2dbf22cf2e54,1739.57,67.99,7.046097837,54000,54000
28fc4138269ea3797ddecd45f58a2dbf22cf2e54,1717.93,66.56,6.975684257,54000,54000
28fc4138269ea3797ddecd45f58a2dbf22cf2e54,1735.16,67.13,7.064001064,54000,54000
28fc4138269ea3797ddecd45f58a2dbf22cf2e54,1724.75,66.73,7.017117625,54000,54000
28fc4138269ea3797ddecd45f58a2dbf22cf2e54,1710.49,66.49,6.945010913,55000,54000
28fc4138269ea3797ddecd45f58a2dbf22cf2e54,1713.83,66.93,6.950978905,54000,54000
28fc4138269ea3797ddecd45f58a2dbf22cf2e54,1732.30,67.48,7.053758466,54000,54000
28fc4138269ea3797ddecd45f58a2dbf22cf2e54,1721.50,67.31,6.980023272,54000,54000
28fc4138269ea3797ddecd45f58a2dbf22cf2e54,1697.90,66.03,6.900163792,55000,54000
28fc4138269ea3797ddecd45f58a2dbf22cf2e54,1718.34,66.72,6.990219966,54000,54000
28fc4138269ea3797ddecd45f58a2dbf22cf2e54,1733.62,67.52,7.023178265,55000,55000
28fc4138269ea3797ddecd45f58a2dbf22cf2e54,1723.56,67.07,7.007559145,54000,54000
28fc4138269ea3797ddecd45f58a2dbf22cf2e54,1705.30,66.41,6.909806446,54000,55000
28fc4138269ea3797ddecd45f58a2dbf22cf2e54,1752.25,68.33,7.101274202,55000,55000
8011594ad63737a688a1d98377e279e296bb301c,1698.25,66.14,6.941491910,54000,54000
8011594ad63737a688a1d98377e279e296bb301c,1709.23,66.21,6.960840328,54000,54000
8011594ad63737a688a1d98377e279e296bb301c,1714.05,66.69,6.965615997,54000,54000
8011594ad63737a688a1d98377e279e296bb301c,1721.07,66.67,7.008652195,53000,54000
8011594ad63737a688a1d98377e279e296bb301c,1706.40,66.25,6.929711357,54000,54000
8011594ad63737a688a1d98377e279e296bb301c,1721.00,66.89,6.985793265,54000,54000
8011594ad63737a688a1d98377e279e296bb301c,1704.58,66.20,6.925730630,54000,54000
8011594ad63737a688a1d98377e279e296bb301c,1703.58,66.16,6.924320228,54000,54000
8011594ad63737a688a1d98377e279e296bb301c,1701.47,66.18,6.907898258,54000,54000
8011594ad63737a688a1d98377e279e296bb301c,1720.02,66.61,6.991856138,54000,54000
8011594ad63737a688a1d98377e279e296bb301c,1702.85,66.27,6.921635261,54000,54000
8011594ad63737a688a1d98377e279e296bb301c,1738.02,67.71,7.050257980,54000,53000
8011594ad63737a688a1d98377e279e296bb301c,1725.42,67.20,7.006931665,54000,54000
8011594ad63737a688a1d98377e279e296bb301c,1711.70,66.46,6.952019545,54000,54000
8011594ad63737a688a1d98377e279e296bb301c,1714.65,66.39,6.967844134,54000,54000
8011594ad63737a688a1d98377e279e296bb301c,1701.10,66.25,6.905593203,55000,54000
8011594ad63737a688a1d98377e279e296bb301c,1712.72,66.52,6.946708302,54000,55000
8011594ad63737a688a1d98377e279e296bb301c,1703.36,66.03,6.941489763,54000,54000
8011594ad63737a688a1d98377e279e296bb301c,1695.08,65.93,6.889042260,54000,54000
8011594ad63737a688a1d98377e279e296bb301c,1703.86,66.18,6.936168957,55000,54000
8011594ad63737a688a1d98377e279e296bb301c,1689.30,65.55,6.870666381,54000,54000
8011594ad63737a688a1d98377e279e296bb301c,1703.40,66.43,6.918006538,54000,54000
8011594ad63737a688a1d98377e279e296bb301c,1711.07,66.79,6.953273788,54000,55000
8011594ad63737a688a1d98377e279e296bb301c,1716.53,66.76,6.982074541,54000,54000
8011594ad63737a688a1d98377e279e296bb301c,1698.62,66.00,6.901684982,54000,54000
8011594ad63737a688a1d98377e279e296bb301c,1723.87,67.01,6.999942800,55000,54000
8011594ad63737a688a1d98377e279e296bb301c,1708.43,66.21,6.947950537,54000,54000
8011594ad63737a688a1d98377e279e296bb301c,1710.65,66.52,6.947448328,54000,54000
8011594ad63737a688a1d98377e279e296bb301c,1732.57,67.35,7.035553882,54000,54000
8011594ad63737a688a1d98377e279e296bb301c,1704.45,66.23,6.916428400,54000,54000
6841a47bb02fc47a616b62c33aea7828e4fc7743,1686.04,66.06,6.883276235,54000,54000
6841a47bb02fc47a616b62c33aea7828e4fc7743,1702.21,65.79,6.927884144,54000,54000
6841a47bb02fc47a616b62c33aea7828e4fc7743,1727.37,67.16,7.010953861,54000,54000
6841a47bb02fc47a616b62c33aea7828e4fc7743,1705.92,66.40,6.934112380,54000,54000
6841a47bb02fc47a616b62c33aea7828e4fc7743,1709.27,66.39,6.939693495,54000,54000
6841a47bb02fc47a616b62c33aea7828e4fc7743,1722.80,66.86,7.009604516,54000,54000
6841a47bb02fc47a616b62c33aea7828e4fc7743,1714.30,66.60,6.961709816,54000,54000
6841a47bb02fc47a616b62c33aea7828e4fc7743,1718.12,66.42,6.986333585,54000,54000
6841a47bb02fc47a616b62c33aea7828e4fc7743,1713.49,66.82,6.949695524,54000,54000
6841a47bb02fc47a616b62c33aea7828e4fc7743,1713.92,66.47,6.962181889,54000,55000
6841a47bb02fc47a616b62c33aea7828e4fc7743,1704.41,66.04,6.924819802,54000,54000
6841a47bb02fc47a616b62c33aea7828e4fc7743,1708.59,66.26,6.959097970,54000,54000
6841a47bb02fc47a616b62c33aea7828e4fc7743,1732.46,67.17,7.046172430,54000,54000
6841a47bb02fc47a616b62c33aea7828e4fc7743,1710.66,66.14,6.946082935,54000,54000
6841a47bb02fc47a616b62c33aea7828e4fc7743,1705.55,66.23,6.931384900,54000,54000
6841a47bb02fc47a616b62c33aea7828e4fc7743,1711.31,66.65,6.949119730,54000,54000
6841a47bb02fc47a616b62c33aea7828e4fc7743,1723.14,66.70,7.009272445,54000,54000
6841a47bb02fc47a616b62c33aea7828e4fc7743,1705.99,66.19,6.935978022,54000,54000
6841a47bb02fc47a616b62c33aea7828e4fc7743,1716.55,66.64,6.968676178,55000,54000
6841a47bb02fc47a616b62c33aea7828e4fc7743,1732.94,67.29,7.060934147,54000,54000
6841a47bb02fc47a616b62c33aea7828e4fc7743,1708.52,66.38,6.946367663,54000,55000
6841a47bb02fc47a616b62c33aea7828e4fc7743,1689.63,65.64,6.863223312,55000,55000
6841a47bb02fc47a616b62c33aea7828e4fc7743,1724.76,66.92,7.016658475,55000,55000
6841a47bb02fc47a616b62c33aea7828e4fc7743,1713.77,66.60,6.957913777,55000,54000
6841a47bb02fc47a616b62c33aea7828e4fc7743,1699.15,66.03,6.890862564,54000,54000
6841a47bb02fc47a616b62c33aea7828e4fc7743,1739.94,67.47,7.068764416,55000,54000
6841a47bb02fc47a616b62c33aea7828e4fc7743,1722.57,67.01,6.996197998,54000,54000
6841a47bb02fc47a616b62c33aea7828e4fc7743,1715.83,66.75,6.981094313,54000,54000
6841a47bb02fc47a616b62c33aea7828e4fc7743,1704.59,66.21,6.923695194,54000,55000
6841a47bb02fc47a616b62c33aea7828e4fc7743,1713.60,66.32,6.963068386,55000,54000
2bcab7cd5b186b36cc429c1815063479238188bd,1700.88,65.98,6.921899276,54000,54000
2bcab7cd5b186b36cc429c1815063479238188bd,1718.81,66.79,6.989277776,54000,54000
2bcab7cd5b186b36cc429c1815063479238188bd,1701.74,66.28,6.926331099,54000,54000
2bcab7cd5b186b36cc429c1815063479238188bd,1701.63,66.30,6.901536447,54000,54000
2bcab7cd5b186b36cc429c1815063479238188bd,1708.30,66.29,6.945161083,54000,54000
2bcab7cd5b186b36cc429c1815063479238188bd,1712.97,66.42,6.948243598,54000,54000
2bcab7cd5b186b36cc429c1815063479238188bd,1706.88,66.16,6.933950752,54000,54000
2bcab7cd5b186b36cc429c1815063479238188bd,1706.56,66.06,6.934324496,54000,54000
2bcab7cd5b186b36cc429c1815063479238188bd,1721.78,66.90,6.992740638,54000,54000
2bcab7cd5b186b36cc429c1815063479238188bd,1706.94,66.02,6.954616136,54000,54000
2bcab7cd5b186b36cc429c1815063479238188bd,1716.72,66.88,6.984253984,54000,54000
2bcab7cd5b186b36cc429c1815063479238188bd,1709.03,66.54,6.947733014,54000,54000
2bcab7cd5b186b36cc429c1815063479238188bd,1724.81,67.02,7.016104805,54000,54000
2bcab7cd5b186b36cc429c1815063479238188bd,1702.79,66.06,6.917382322,54000,55000
2bcab7cd5b186b36cc429c1815063479238188bd,1724.86,66.54,7.023315176,54000,55000
2bcab7cd5b186b36cc429c1815063479238188bd,1698.98,66.01,6.900177661,54000,54000
2bcab7cd5b186b36cc429c1815063479238188bd,1716.54,66.68,6.966547401,54000,54000
2bcab7cd5b186b36cc429c1815063479238188bd,1708.24,66.51,6.930156400,54000,54000
2bcab7cd5b186b36cc429c1815063479238188bd,1692.38,65.90,6.878891585,54000,54000
2bcab7cd5b186b36cc429c1815063479238188bd,1743.34,68.00,7.079957456,54000,54000
2bcab7cd5b186b36cc429c1815063479238188bd,1708.92,66.48,6.938443561,54000,54000
2bcab7cd5b186b36cc429c1815063479238188bd,1722.17,67.01,6.988480970,55000,54000
2bcab7cd5b186b36cc429c1815063479238188bd,1715.20,66.80,6.970534042,55000,55000
2bcab7cd5b186b36cc429c1815063479238188bd,1731.16,67.31,7.043611259,54000,54000
2bcab7cd5b186b36cc429c1815063479238188bd,1719.62,66.89,6.979922660,54000,54000
2bcab7cd5b186b36cc429c1815063479238188bd,1730.12,67.36,7.040217644,54000,55000
2bcab7cd5b186b36cc429c1815063479238188bd,1722.76,67.06,6.994777378,54000,55000
2bcab7cd5b186b36cc429c1815063479238188bd,1730.82,67.13,7.048737535,54000,54000
2bcab7cd5b186b36cc429c1815063479238188bd,1713.35,66.46,6.959753325,54000,54000
2bcab7cd5b186b36cc429c1815063479238188bd,1713.52,66.15,6.955192128,55000,55000
694b1a4a837d083f2f8ddc4d6a10be433d7a6d59,1708.32,66.26,6.948867895,55000,54000
694b1a4a837d083f2f8ddc4d6a10be433d7a6d59,1709.87,66.12,6.966410809,54000,54000
694b1a4a837d083f2f8ddc4d6a10be433d7a6d59,1728.22,67.14,7.018334223,54000,54000
694b1a4a837d083f2f8ddc4d6a10be433d7a6d59,1737.79,67.59,7.064266500,54000,54000
694b1a4a837d083f2f8ddc4d6a10be433d7a6d59,1748.82,68.06,7.113683924,54000,54000
694b1a4a837d083f2f8ddc4d6a10be433d7a6d59,1733.94,67.48,7.030468355,54000,54000
694b1a4a837d083f2f8ddc4d6a10be433d7a6d59,1710.56,66.32,6.946175866,54000,54000
694b1a4a837d083f2f8ddc4d6a10be433d7a6d59,1720.92,66.71,6.992816302,54000,54000
694b1a4a837d083f2f8ddc4d6a10be433d7a6d59,1720.97,66.84,6.994554729,54000,55000
694b1a4a837d083f2f8ddc4d6a10be433d7a6d59,1734.72,67.46,7.038896673,54000,54000
694b1a4a837d083f2f8ddc4d6a10be433d7a6d59,1748.95,67.68,7.110964842,54000,53000
694b1a4a837d083f2f8ddc4d6a10be433d7a6d59,1752.97,68.23,7.123381812,54000,54000
694b1a4a837d083f2f8ddc4d6a10be433d7a6d59,1706.30,66.32,6.928912979,54000,55000
694b1a4a837d083f2f8ddc4d6a10be433d7a6d59,1734.51,67.54,7.030571482,54000,54000
694b1a4a837d083f2f8ddc4d6a10be433d7a6d59,1728.75,67.29,7.012205589,54000,55000
694b1a4a837d083f2f8ddc4d6a10be433d7a6d59,1735.91,67.60,7.054964337,54000,54000
694b1a4a837d083f2f8ddc4d6a10be433d7a6d59,1727.74,66.84,7.020886949,54000,54000
694b1a4a837d083f2f8ddc4d6a10be433d7a6d59,1725.21,67.23,6.991982629,55000,54000
694b1a4a837d083f2f8ddc4d6a10be433d7a6d59,1722.31,66.79,6.984218343,55000,54000
694b1a4a837d083f2f8ddc4d6a10be433d7a6d59,1709.89,66.52,6.953281431,54000,54000
694b1a4a837d083f2f8ddc4d6a10be433d7a6d59,1719.92,66.74,7.004200611,54000,54000
694b1a4a837d083f2f8ddc4d6a10be433d7a6d59,1735.42,67.51,7.052755885,55000,55000
694b1a4a837d083f2f8ddc4d6a10be433d7a6d59,1705.99,65.95,6.943533751,54000,54000
694b1a4a837d083f2f8ddc4d6a10be433d7a6d59,1717.84,66.82,6.970402389,54000,55000
694b1a4a837d083f2f8ddc4d6a10be433d7a6d59,1717.71,66.67,6.976783433,54000,54000
694b1a4a837d083f2f8ddc4d6a10be433d7a6d59,1728.59,67.26,7.013201669,54000,54000
694b1a4a837d083f2f8ddc4d6a10be433d7a6d59,1723.80,67.25,6.988534375,55000,54000
694b1a4a837d083f2f8ddc4d6a10be433d7a6d59,1736.59,67.79,7.035269122,54000,54000
694b1a4a837d083f2f8ddc4d6a10be433d7a6d59,1720.97,67.13,6.978116447,55000,55000
694b1a4a837d083f2f8ddc4d6a10be433d7a6d59,1714.23,66.83,6.953626909,54000,54000
38ba59e85b12a9ebe448f40307c3129af35502ea,1724.30,66.88,7.010395494,54000,54000
38ba59e85b12a9ebe448f40307c3129af35502ea,1710.22,66.22,6.948266893,54000,54000
38ba59e85b12a9ebe448f40307c3129af35502ea,1710.99,66.52,6.957650675,54000,54000
38ba59e85b12a9ebe448f40307c3129af35502ea,1735.40,67.62,7.054512406,54000,54000
38ba59e85b12a9ebe448f40307c3129af35502ea,1716.52,66.80,6.980503392,54000,54000
38ba59e85b12a9ebe448f40307c3129af35502ea,1720.00,66.82,6.978979596,54000,54000
38ba59e85b12a9ebe448f40307c3129af35502ea,1730.77,67.45,7.041352299,54000,54000
38ba59e85b12a9ebe448f40307c3129af35502ea,1717.32,66.69,6.974857156,54000,54000
38ba59e85b12a9ebe448f40307c3129af35502ea,1724.91,67.06,7.003068753,54000,54000
38ba59e85b12a9ebe448f40307c3129af35502ea,1727.77,67.07,7.020517685,54000,54000
38ba59e85b12a9ebe448f40307c3129af35502ea,1721.86,66.63,6.998473313,54000,54000
38ba59e85b12a9ebe448f40307c3129af35502ea,1725.53,66.88,7.001272778,54000,54000
38ba59e85b12a9ebe448f40307c3129af35502ea,1706.95,66.30,6.934437110,55000,54000
38ba59e85b12a9ebe448f40307c3129af35502ea,1751.43,67.89,7.103978846,54000,54000
38ba59e85b12a9ebe448f40307c3129af35502ea,1745.17,67.91,7.088819988,54000,54000
38ba59e85b12a9ebe448f40307c3129af35502ea,1721.12,66.73,6.987760048,54000,55000
38ba59e85b12a9ebe448f40307c3129af35502ea,1698.61,65.75,6.902857117,54000,54000
38ba59e85b12a9ebe448f40307c3129af35502ea,1727.38,67.12,6.995689918,55000,54000
38ba59e85b12a9ebe448f40307c3129af35502ea,1724.45,67.08,6.998910955,54000,54000
38ba59e85b12a9ebe448f40307c3129af35502ea,1755.26,68.52,7.147538581,54000,54000
38ba59e85b12a9ebe448f40307c3129af35502ea,1730.82,67.35,7.033167978,54000,54000
38ba59e85b12a9ebe448f40307c3129af35502ea,1739.29,67.84,7.054995826,54000,54000
38ba59e85b12a9ebe448f40307c3129af35502ea,1710.38,66.46,6.948142435,54000,55000
38ba59e85b12a9ebe448f40307c3129af35502ea,1722.56,67.07,6.990577497,54000,54000
38ba59e85b12a9ebe448f40307c3129af35502ea,1713.16,66.64,6.955568059,54000,56000
38ba59e85b12a9ebe448f40307c3129af35502ea,1725.07,67.12,6.995364304,55000,54000
38ba59e85b12a9ebe448f40307c3129af35502ea,1744.38,67.85,7.074771953,54000,55000
38ba59e85b12a9ebe448f40307c3129af35502ea,1731.41,67.17,7.031695175,55000,54000
38ba59e85b12a9ebe448f40307c3129af35502ea,1728.58,66.94,7.020028300,54000,54000
38ba59e85b12a9ebe448f40307c3129af35502ea,1735.55,67.62,7.043509377,54000,55000
f693d73d53188e2a60da16f74b6e50326f68669b,1726.97,67.24,6.993578261,54000,54000
f693d73d53188e2a60da16f74b6e50326f68669b,1721.01,66.79,6.980522817,54000,54000
f693d73d53188e2a60da16f74b6e50326f68669b,1736.70,67.64,7.045167662,54000,54000
f693d73d53188e2a60da16f74b6e50326f68669b,1727.80,67.39,7.012566005,54000,54000
f693d73d53188e2a60da16f74b6e50326f68669b,1721.44,67.03,6.984448969,54000,54000
f693d73d53188e2a60da16f74b6e50326f68669b,1721.03,67.02,6.978910023,54000,54000
f693d73d53188e2a60da16f74b6e50326f68669b,1725.94,67.15,6.994349097,54000,53000
f693d73d53188e2a60da16f74b6e50326f68669b,1715.01,66.84,6.976680114,54000,54000
f693d73d53188e2a60da16f74b6e50326f68669b,1732.61,67.52,7.029352185,54000,54000
f693d73d53188e2a60da16f74b6e50326f68669b,1734.74,67.35,7.034351499,54000,54000
f693d73d53188e2a60da16f74b6e50326f68669b,1721.91,66.93,6.991397140,54000,54000
f693d73d53188e2a60da16f74b6e50326f68669b,1716.69,66.58,6.989088534,54000,54000
f693d73d53188e2a60da16f74b6e50326f68669b,1715.48,66.85,6.958124403,54000,54000
f693d73d53188e2a60da16f74b6e50326f68669b,1729.42,67.34,7.014590564,54000,54000
f693d73d53188e2a60da16f74b6e50326f68669b,1742.73,68.01,7.075693929,54000,55000
f693d73d53188e2a60da16f74b6e50326f68669b,1722.69,66.86,7.013035850,54000,55000
f693d73d53188e2a60da16f74b6e50326f68669b,1735.43,67.82,7.038269543,55000,54000
f693d73d53188e2a60da16f74b6e50326f68669b,1706.88,66.67,6.924975855,54000,54000
f693d73d53188e2a60da16f74b6e50326f68669b,1723.08,67.12,6.987415059,54000,54000
f693d73d53188e2a60da16f74b6e50326f68669b,1725.70,67.34,7.001406454,54000,54000
f693d73d53188e2a60da16f74b6e50326f68669b,1722.74,67.11,6.988231255,55000,55000
f693d73d53188e2a60da16f74b6e50326f68669b,1718.68,66.75,6.982309269,54000,54000
f693d73d53188e2a60da16f74b6e50326f68669b,1722.02,67.02,6.989774703,54000,54000
f693d73d53188e2a60da16f74b6e50326f68669b,1715.47,66.47,6.974113770,54000,54000
f693d73d53188e2a60da16f74b6e50326f68669b,1708.26,66.09,6.956726001,54000,54000
f693d73d53188e2a60da16f74b6e50326f68669b,1726.24,67.02,7.004628097,54000,55000
f693d73d53188e2a60da16f74b6e50326f68669b,1728.79,67.07,7.022913404,54000,54000
f693d73d53188e2a60da16f74b6e50326f68669b,1726.07,67.14,7.002921815,55000,55000
f693d73d53188e2a60da16f74b6e50326f68669b,1730.44,67.41,7.015385095,55000,55000
f693d73d53188e2a60da16f74b6e50326f68669b,1726.64,67.08,7.007347758,55000,54000
8ff15ef4e6b50a279a5edfb22aa6a24aa6fa634c,1729.21,67.64,7.064653054,54000,54000
8ff15ef4e6b50a279a5edfb22aa6a24aa6fa634c,1712.49,66.64,6.956527402,54000,53000
8ff15ef4e6b50a279a5edfb22aa6a24aa6fa634c,1736.90,67.64,7.057181456,55000,55000
8ff15ef4e6b50a279a5edfb22aa6a24aa6fa634c,1716.86,66.80,6.960751618,54000,54000
8ff15ef4e6b50a279a5edfb22aa6a24aa6fa634c,1711.75,66.70,6.955837820,54000,54000
8ff15ef4e6b50a279a5edfb22aa6a24aa6fa634c,1745.87,67.77,7.078451131,54000,54000
8ff15ef4e6b50a279a5edfb22aa6a24aa6fa634c,1731.66,67.39,7.012448724,54000,54000
8ff15ef4e6b50a279a5edfb22aa6a24aa6fa634c,1707.16,66.39,6.934509007,55000,54000
8ff15ef4e6b50a279a5edfb22aa6a24aa6fa634c,1728.42,67.02,7.010361358,54000,54000
8ff15ef4e6b50a279a5edfb22aa6a24aa6fa634c,1726.60,66.91,6.994295408,54000,54000
8ff15ef4e6b50a279a5edfb22aa6a24aa6fa634c,1712.47,66.63,6.957628063,54000,54000
8ff15ef4e6b50a279a5edfb22aa6a24aa6fa634c,1737.17,67.60,7.050044194,54000,54000
8ff15ef4e6b50a279a5edfb22aa6a24aa6fa634c,1726.67,67.36,6.999625935,54000,54000
8ff15ef4e6b50a279a5edfb22aa6a24aa6fa634c,1739.24,67.44,7.066978494,54000,54000
8ff15ef4e6b50a279a5edfb22aa6a24aa6fa634c,1747.52,67.97,7.087556359,54000,54000
8ff15ef4e6b50a279a5edfb22aa6a24aa6fa634c,1730.61,67.58,7.009354827,54000,54000
8ff15ef4e6b50a279a5edfb22aa6a24aa6fa634c,1729.01,67.18,7.040891478,54000,54000
8ff15ef4e6b50a279a5edfb22aa6a24aa6fa634c,1721.31,66.95,6.976125578,54000,54000
8ff15ef4e6b50a279a5edfb22aa6a24aa6fa634c,1738.65,67.50,7.073458688,54000,55000
8ff15ef4e6b50a279a5edfb22aa6a24aa6fa634c,1713.93,67.10,6.948671078,54000,54000
8ff15ef4e6b50a279a5edfb22aa6a24aa6fa634c,1719.86,66.68,6.993382255,54000,54000
8ff15ef4e6b50a279a5edfb22aa6a24aa6fa634c,1724.90,66.99,6.999889000,54000,54000
8ff15ef4e6b50a279a5edfb22aa6a24aa6fa634c,1706.97,66.19,6.933874882,54000,55000
8ff15ef4e6b50a279a5edfb22aa6a24aa6fa634c,1737.47,67.67,7.053550898,54000,54000
8ff15ef4e6b50a279a5edfb22aa6a24aa6fa634c,1718.80,66.69,6.996291141,54000,54000
8ff15ef4e6b50a279a5edfb22aa6a24aa6fa634c,1723.15,66.85,6.991056892,54000,54000
8ff15ef4e6b50a279a5edfb22aa6a24aa6fa634c,1732.88,67.20,7.037483089,54000,54000
8ff15ef4e6b50a279a5edfb22aa6a24aa6fa634c,1721.16,66.90,6.993943214,55000,55000
8ff15ef4e6b50a279a5edfb22aa6a24aa6fa634c,1737.33,67.70,7.075098643,55000,54000
8ff15ef4e6b50a279a5edfb22aa6a24aa6fa634c,1713.35,66.54,6.945710334,54000,54000
057fdf1ecbd300f00043d1662a425c4c58ceafd9,1728.38,67.51,7.061147781,55000,54000
057fdf1ecbd300f00043d1662a425c4c58ceafd9,1711.76,66.58,6.939023405,54000,54000
057fdf1ecbd300f00043d1662a425c4c58ceafd9,1730.20,67.32,7.021933059,54000,54000
057fdf1ecbd300f00043d1662a425c4c58ceafd9,1716.96,66.83,6.970179229,54000,54000
057fdf1ecbd300f00043d1662a425c4c58ceafd9,1729.77,67.26,7.028259610,54000,54000
057fdf1ecbd300f00043d1662a425c4c58ceafd9,1699.64,65.95,6.905396792,54000,54000
057fdf1ecbd300f00043d1662a425c4c58ceafd9,1745.01,68.08,7.087514081,54000,54000
057fdf1ecbd300f00043d1662a425c4c58ceafd9,1728.62,67.25,7.008872504,54000,54000
057fdf1ecbd300f00043d1662a425c4c58ceafd9,1739.40,67.57,7.049261916,54000,54000
057fdf1ecbd300f00043d1662a425c4c58ceafd9,1725.81,66.98,7.002285867,54000,54000
057fdf1ecbd300f00043d1662a425c4c58ceafd9,1732.14,67.14,7.032794177,54000,54000
057fdf1ecbd300f00043d1662a425c4c58ceafd9,1728.52,67.29,7.009941870,54000,54000
057fdf1ecbd300f00043d1662a425c4c58ceafd9,1709.10,66.31,6.941372041,54000,55000
057fdf1ecbd300f00043d1662a425c4c58ceafd9,1741.84,67.53,7.075449032,55000,55000
057fdf1ecbd300f00043d1662a425c4c58ceafd9,1728.72,67.34,7.009971572,54000,55000
057fdf1ecbd300f00043d1662a425c4c58ceafd9,1734.01,67.38,7.030151941,54000,54000
057fdf1ecbd300f00043d1662a425c4c58ceafd9,1710.57,66.47,6.936214093,54000,54000
057fdf1ecbd300f00043d1662a425c4c58ceafd9,1735.33,67.57,7.043909750,54000,55000
057fdf1ecbd300f00043d1662a425c4c58ceafd9,1737.84,67.76,7.064272257,54000,54000
057fdf1ecbd300f00043d1662a425c4c58ceafd9,1711.76,66.57,6.950868825,54000,54000
057fdf1ecbd300f00043d1662a425c4c58ceafd9,1734.74,67.61,7.042543751,54000,54000
057fdf1ecbd300f00043d1662a425c4c58ceafd9,1721.03,67.19,6.983702653,54000,54000
057fdf1ecbd300f00043d1662a425c4c58ceafd9,1707.56,66.64,6.933216486,54000,54000
057fdf1ecbd300f00043d1662a425c4c58ceafd9,1707.35,66.43,6.935897125,54000,54000
057fdf1ecbd300f00043d1662a425c4c58ceafd9,1732.33,67.30,7.033688419,54000,55000
057fdf1ecbd300f00043d1662a425c4c58ceafd9,1742.37,67.70,7.073801200,54000,55000
057fdf1ecbd300f00043d1662a425c4c58ceafd9,1733.42,67.44,7.042922089,55000,55000
057fdf1ecbd300f00043d1662a425c4c58ceafd9,1713.33,66.60,6.958411252,54000,55000
057fdf1ecbd300f00043d1662a425c4c58ceafd9,1736.92,67.67,7.045544033,54000,54000
057fdf1ecbd300f00043d1662a425c4c58ceafd9,1738.28,67.50,7.062278153,54000,54000
7cbe7635a11b6ad5d074dcf7c5406731e7f834e3,1725.40,67.55,7.033489249,54000,54000
7cbe7635a11b6ad5d074dcf7c5406731e7f834e3,1719.07,66.66,6.993131770,54000,55000
7cbe7635a11b6ad5d074dcf7c5406731e7f834e3,1739.47,67.75,7.061579238,54000,54000
7cbe7635a11b6ad5d074dcf7c5406731e7f834e3,1722.65,67.12,6.997909021,54000,54000
7cbe7635a11b6ad5d074dcf7c5406731e7f834e3,1720.25,67.01,6.975112191,54000,54000
7cbe7635a11b6ad5d074dcf7c5406731e7f834e3,1711.40,66.27,6.946464299,54000,54000
7cbe7635a11b6ad5d074dcf7c5406731e7f834e3,1709.89,66.35,6.947054663,54000,54000
7cbe7635a11b6ad5d074dcf7c5406731e7f834e3,1713.57,66.64,6.956104089,54000,55000
7cbe7635a11b6ad5d074dcf7c5406731e7f834e3,1718.79,66.62,6.974265587,54000,54000
7cbe7635a11b6ad5d074dcf7c5406731e7f834e3,1724.72,66.95,7.004375699,54000,54000
7cbe7635a11b6ad5d074dcf7c5406731e7f834e3,1750.85,68.02,7.115223346,54000,54000
7cbe7635a11b6ad5d074dcf7c5406731e7f834e3,1718.79,66.72,6.985230753,55000,54000
7cbe7635a11b6ad5d074dcf7c5406731e7f834e3,1698.87,66.07,6.909524876,54000,54000
7cbe7635a11b6ad5d074dcf7c5406731e7f834e3,1747.69,68.10,7.084769471,54000,54000
7cbe7635a11b6ad5d074dcf7c5406731e7f834e3,1745.91,68.05,7.087113996,54000,54000
7cbe7635a11b6ad5d074dcf7c5406731e7f834e3,1722.36,66.97,6.996819608,55000,54000
7cbe7635a11b6ad5d074dcf7c5406731e7f834e3,1730.42,67.45,7.015451811,54000,54000
7cbe7635a11b6ad5d074dcf7c5406731e7f834e3,1732.11,67.53,7.020265776,54000,56000
7cbe7635a11b6ad5d074dcf7c5406731e7f834e3,1717.08,66.75,6.952445195,54000,54000
7cbe7635a11b6ad5d074dcf7c5406731e7f834e3,1731.30,67.25,7.026922612,54000,54000
7cbe7635a11b6ad5d074dcf7c5406731e7f834e3,1722.13,67.06,7.007727375,55000,54000
7cbe7635a11b6ad5d074dcf7c5406731e7f834e3,1735.16,67.85,7.047614062,54000,54000
7cbe7635a11b6ad5d074dcf7c5406731e7f834e3,1720.82,67.05,6.994639826,55000,55000
7cbe7635a11b6ad5d074dcf7c5406731e7f834e3,1739.67,67.96,7.056247774,54000,54000
7cbe7635a11b6ad5d074dcf7c5406731e7f834e3,1739.12,67.68,7.062339655,54000,55000
7cbe7635a11b6ad5d074dcf7c5406731e7f834e3,1721.92,66.79,7.003208290,54000,54000
7cbe7635a11b6ad5d074dcf7c5406731e7f834e3,1719.43,66.80,6.977708665,55000,54000
7cbe7635a11b6ad5d074dcf7c5406731e7f834e3,1705.84,66.58,6.934370352,54000,54000
7cbe7635a11b6ad5d074dcf7c5406731e7f834e3,1708.42,66.36,6.938894134,54000,54000
7cbe7635a11b6ad5d074dcf7c5406731e7f834e3,1720.62,66.90,6.974403799,55000,54000
66ceb710fbabc6f34399467b90aa7dd27f755ae4,1715.14,66.86,6.969146345,54000,53000
66ceb710fbabc6f34399467b90aa7dd27f755ae4,1726.92,67.22,7.015253324,54000,54000
66ceb710fbabc6f34399467b90aa7dd27f755ae4,1735.59,67.32,7.062687971,55000,54000
66ceb710fbabc6f34399467b90aa7dd27f755ae4,1740.31,67.33,7.092430805,54000,54000
66ceb710fbabc6f34399467b90aa7dd27f755ae4,1737.29,67.94,7.038174109,54000,54000
66ceb710fbabc6f34399467b90aa7dd27f755ae4,1711.25,66.42,6.947330882,54000,54000
66ceb710fbabc6f34399467b90aa7dd27f755ae4,1709.82,66.35,6.957199667,54000,54000
66ceb710fbabc6f34399467b90aa7dd27f755ae4,1714.09,66.72,6.952474729,55000,54000
66ceb710fbabc6f34399467b90aa7dd27f755ae4,1720.60,66.65,7.024732584,54000,55000
66ceb710fbabc6f34399467b90aa7dd27f755ae4,1711.20,66.80,6.947742227,54000,54000
66ceb710fbabc6f34399467b90aa7dd27f755ae4,1719.45,66.73,6.985152022,54000,54000
66ceb710fbabc6f34399467b90aa7dd27f755ae4,1743.11,67.66,7.088360827,54000,55000
66ceb710fbabc6f34399467b90aa7dd27f755ae4,1723.46,67.02,6.982869738,54000,54000
66ceb710fbabc6f34399467b90aa7dd27f755ae4,1733.51,67.45,7.030791270,54000,54000
66ceb710fbabc6f34399467b90aa7dd27f755ae4,1734.85,67.52,7.032206748,54000,54000
66ceb710fbabc6f34399467b90aa7dd27f755ae4,1726.21,67.18,6.999824622,54000,54000
66ceb710fbabc6f34399467b90aa7dd27f755ae4,1722.38,67.10,7.005095106,54000,55000
66ceb710fbabc6f34399467b90aa7dd27f755ae4,1735.77,67.86,7.046147361,54000,55000
66ceb710fbabc6f34399467b90aa7dd27f755ae4,1727.89,67.50,7.011283229,54000,55000
66ceb710fbabc6f34399467b90aa7dd27f755ae4,1742.53,67.88,7.076337681,55000,54000
66ceb710fbabc6f34399467b90aa7dd27f755ae4,1724.97,67.20,7.001517980,54000,55000
66ceb710fbabc6f34399467b90aa7dd27f755ae4,1724.45,67.32,6.979317793,54000,55000
66ceb710fbabc6f34399467b90aa7dd27f755ae4,1717.50,66.80,6.972051499,54000,54000
66ceb710fbabc6f34399467b90aa7dd27f755ae4,1719.17,66.71,6.970056535,54000,55000
66ceb710fbabc6f34399467b90aa7dd27f755ae4,1736.52,67.79,7.050527345,54000,54000
66ceb710fbabc6f34399467b90aa7dd27f755ae4,1738.65,67.60,7.054374990,54000,54000
66ceb710fbabc6f34399467b90aa7dd27f755ae4,1736.68,67.23,7.056458921,55000,54000
66ceb710fbabc6f34399467b90aa7dd27f755ae4,1758.37,68.42,7.139778689,54000,54000
66ceb710fbabc6f34399467b90aa7dd27f755ae4,1723.22,67.06,6.987777473,55000,54000
66ceb710fbabc6f34399467b90aa7dd27f755ae4,1718.88,66.88,6.979277311,54000,55000
245c0b6f94127c2d144f10913b45a149daf8e504,1714.62,66.96,7.002975413,54000,54000
245c0b6f94127c2d144f10913b45a149daf8e504,1732.01,67.48,7.037320508,54000,54000
245c0b6f94127c2d144f10913b45a149daf8e504,1710.23,66.54,6.946824554,54000,54000
245c0b6f94127c2d144f10913b45a149daf8e504,1736.61,67.71,7.047550397,54000,54000
245c0b6f94127c2d144f10913b45a149daf8e504,1725.41,67.16,6.995283585,54000,54000
245c0b6f94127c2d144f10913b45a149daf8e504,1716.94,66.77,6.978747048,54000,54000
245c0b6f94127c2d144f10913b45a149daf8e504,1726.96,67.22,7.015620220,54000,54000
245c0b6f94127c2d144f10913b45a149daf8e504,1729.95,67.18,7.017271166,54000,54000
245c0b6f94127c2d144f10913b45a149daf8e504,1746.85,67.90,7.092292847,54000,55000
245c0b6f94127c2d144f10913b45a149daf8e504,1722.96,66.82,6.997433097,54000,54000
245c0b6f94127c2d144f10913b45a149daf8e504,1725.29,66.95,7.005552902,54000,54000
245c0b6f94127c2d144f10913b45a149daf8e504,1744.81,68.05,7.084099648,55000,54000
245c0b6f94127c2d144f10913b45a149daf8e504,1734.82,67.39,7.028799854,53000,54000
245c0b6f94127c2d144f10913b45a149daf8e504,1727.62,67.26,7.014271449,54000,54000
245c0b6f94127c2d144f10913b45a149daf8e504,1735.67,67.63,7.044152062,55000,55000
245c0b6f94127c2d144f10913b45a149daf8e504,1750.77,68.08,7.112411205,55000,54000
245c0b6f94127c2d144f10913b45a149daf8e504,1725.00,67.39,6.996949282,54000,54000
245c0b6f94127c2d144f10913b45a149daf8e504,1743.28,67.93,7.071065903,54000,55000
245c0b6f94127c2d144f10913b45a149daf8e504,1733.03,67.74,7.020286282,55000,54000
245c0b6f94127c2d144f10913b45a149daf8e504,1732.98,67.61,7.028082321,54000,54000
245c0b6f94127c2d144f10913b45a149daf8e504,1721.40,67.02,6.994685120,55000,54000
245c0b6f94127c2d144f10913b45a149daf8e504,1742.36,67.95,7.090794300,54000,54000
245c0b6f94127c2d144f10913b45a149daf8e504,1743.13,68.14,7.064205149,54000,55000
245c0b6f94127c2d144f10913b45a149daf8e504,1735.98,67.65,7.046426671,54000,54000
245c0b6f94127c2d144f10913b45a149daf8e504,1730.20,67.48,7.005834265,54000,54000
245c0b6f94127c2d144f10913b45a149daf8e504,1731.86,67.52,7.037103430,54000,55000
245c0b6f94127c2d144f10913b45a149daf8e504,1739.22,67.69,7.061529400,54000,54000
245c0b6f94127c2d144f10913b45a149daf8e504,1701.21,65.87,6.916037976,55000,54000
245c0b6f94127c2d144f10913b45a149daf8e504,1700.74,66.08,6.909546750,54000,54000
245c0b6f94127c2d144f10913b45a149daf8e504,1772.87,69.08,7.198813241,54000,54000
bb5a57c295120714eec863b3fc2ddd5c4ca0a335,1730.60,67.36,7.011654409,54000,53000
bb5a57c295120714eec863b3fc2ddd5c4ca0a335,1719.36,66.80,6.998307776,54000,54000
bb5a57c295120714eec863b3fc2ddd5c4ca0a335,1715.57,66.85,6.960170538,54000,54000
bb5a57c295120714eec863b3fc2ddd5c4ca0a335,1733.34,67.67,7.046955717,54000,54000
bb5a57c295120714eec863b3fc2ddd5c4ca0a335,1724.84,67.22,6.986587767,55000,55000
bb5a57c295120714eec863b3fc2ddd5c4ca0a335,1743.36,68.03,7.064799003,54000,54000
bb5a57c295120714eec863b3fc2ddd5c4ca0a335,1715.40,66.52,6.962104407,53000,54000
bb5a57c295120714eec863b3fc2ddd5c4ca0a335,1745.15,67.96,7.079171165,54000,54000
bb5a57c295120714eec863b3fc2ddd5c4ca0a335,1734.70,67.32,7.044880002,54000,54000
bb5a57c295120714eec863b3fc2ddd5c4ca0a335,1734.96,67.78,7.024330805,54000,54000
bb5a57c295120714eec863b3fc2ddd5c4ca0a335,1725.02,67.12,7.007896484,56000,55000
bb5a57c295120714eec863b3fc2ddd5c4ca0a335,1749.06,67.87,7.108597020,55000,54000
bb5a57c295120714eec863b3fc2ddd5c4ca0a335,1723.79,67.23,6.979222485,54000,54000
bb5a57c295120714eec863b3fc2ddd5c4ca0a335,1717.71,66.83,6.971487848,54000,54000
bb5a57c295120714eec863b3fc2ddd5c4ca0a335,1731.08,67.37,7.033255745,55000,54000
bb5a57c295120714eec863b3fc2ddd5c4ca0a335,1734.00,67.43,7.042865616,54000,54000
bb5a57c295120714eec863b3fc2ddd5c4ca0a335,1719.62,67.04,6.969603585,54000,55000
bb5a57c295120714eec863b3fc2ddd5c4ca0a335,1721.60,67.07,6.989719550,54000,54000
bb5a57c295120714eec863b3fc2ddd5c4ca0a335,1711.30,66.56,6.950913806,55000,54000
bb5a57c295120714eec863b3fc2ddd5c4ca0a335,1742.86,67.90,7.052861501,54000,54000
bb5a57c295120714eec863b3fc2ddd5c4ca0a335,1714.49,66.63,6.960807271,54000,54000
bb5a57c295120714eec863b3fc2ddd5c4ca0a335,1720.17,67.24,6.971917649,54000,55000
bb5a57c295120714eec863b3fc2ddd5c4ca0a335,1728.20,67.21,7.006298911,54000,54000
bb5a57c295120714eec863b3fc2ddd5c4ca0a335,1735.59,67.61,7.058025240,54000,54000
bb5a57c295120714eec863b3fc2ddd5c4ca0a335,1742.85,68.02,7.065483216,55000,55000
bb5a57c295120714eec863b3fc2ddd5c4ca0a335,1723.32,67.09,6.992594830,54000,55000
bb5a57c295120714eec863b3fc2ddd5c4ca0a335,1728.00,67.06,7.003788803,54000,55000
bb5a57c295120714eec863b3fc2ddd5c4ca0a335,1715.91,66.68,6.974747357,55000,55000
bb5a57c295120714eec863b3fc2ddd5c4ca0a335,1717.99,67.11,6.990334997,54000,54000
bb5a57c295120714eec863b3fc2ddd5c4ca0a335,1745.97,67.99,7.077598337,54000,55000
0479d2a43cdb58d4313dc9324da93db292275a8a,1732.69,67.14,7.050227706,54000,54000
0479d2a43cdb58d4313dc9324da93db292275a8a,1717.55,66.72,6.995856949,55000,55000
0479d2a43cdb58d4313dc9324da93db292275a8a,1748.13,68.14,7.101971340,55000,54000
0479d2a43cdb58d4313dc9324da93db292275a8a,1728.35,66.92,7.017250353,55000,54000
0479d2a43cdb58d4313dc9324da93db292275a8a,1734.68,67.49,7.031619561,54000,54000
0479d2a43cdb58d4313dc9324da93db292275a8a,1721.20,66.73,6.982166772,54000,54000
0479d2a43cdb58d4313dc9324da93db292275a8a,1708.34,66.44,6.936808208,54000,55000
0479d2a43cdb58d4313dc9324da93db292275a8a,1715.17,66.59,6.961336198,54000,55000
0479d2a43cdb58d4313dc9324da93db292275a8a,1718.51,66.58,6.986326953,55000,54000
0479d2a43cdb58d4313dc9324da93db292275a8a,1719.70,66.68,6.974934474,54000,54000
0479d2a43cdb58d4313dc9324da93db292275a8a,1736.94,67.92,7.044195324,54000,54000
0479d2a43cdb58d4313dc9324da93db292275a8a,1700.89,65.83,6.926482293,54000,54000
0479d2a43cdb58d4313dc9324da93db292275a8a,1710.92,66.80,6.941144851,54000,54000
0479d2a43cdb58d4313dc9324da93db292275a8a,1720.33,66.92,6.984162852,55000,55000
0479d2a43cdb58d4313dc9324da93db292275a8a,1723.10,67.24,6.976489947,55000,54000
0479d2a43cdb58d4313dc9324da93db292275a8a,1722.59,66.84,7.008664542,55000,54000
0479d2a43cdb58d4313dc9324da93db292275a8a,1722.88,67.17,6.993030960,54000,54000
0479d2a43cdb58d4313dc9324da93db292275a8a,1721.47,67.02,6.982696977,54000,54000
0479d2a43cdb58d4313dc9324da93db292275a8a,1723.38,67.08,7.007847167,54000,54000
0479d2a43cdb58d4313dc9324da93db292275a8a,1729.68,67.22,7.015548396,54000,54000
0479d2a43cdb58d4313dc9324da93db292275a8a,1731.60,67.63,7.015488520,55000,54000
0479d2a43cdb58d4313dc9324da93db292275a8a,1745.94,68.21,7.079354016,54000,54000
0479d2a43cdb58d4313dc9324da93db292275a8a,1707.94,66.54,6.941935384,54000,54000
0479d2a43cdb58d4313dc9324da93db292275a8a,1723.67,67.22,6.996652469,54000,54000
0479d2a43cdb58d4313dc9324da93db292275a8a,1717.43,66.60,6.979248571,54000,54000
0479d2a43cdb58d4313dc9324da93db292275a8a,1718.53,66.95,6.972508440,55000,55000
0479d2a43cdb58d4313dc9324da93db292275a8a,1730.68,67.13,7.029959611,55000,54000
0479d2a43cdb58d4313dc9324da93db292275a8a,1734.53,67.72,7.027052717,54000,55000
0479d2a43cdb58d4313dc9324da93db292275a8a,1750.18,68.15,7.095369901,55000,55000
0479d2a43cdb58d4313dc9324da93db292275a8a,1746.63,68.05,7.078990633,54000,55000
bf4f5c6a2b9d0673b16375601b771d29f843232f,1726.37,66.87,7.031111957,54000,54000
bf4f5c6a2b9d0673b16375601b771d29f843232f,1737.70,67.81,7.039412072,54000,54000
bf4f5c6a2b9d0673b16375601b771d29f843232f,1735.61,67.65,7.050365260,54000,54000
bf4f5c6a2b9d0673b16375601b771d29f843232f,1717.36,66.75,6.981093414,54000,54000
bf4f5c6a2b9d0673b16375601b771d29f843232f,1731.56,67.21,7.026289228,54000,54000
bf4f5c6a2b9d0673b16375601b771d29f843232f,1737.17,67.44,7.065567757,54000,54000
bf4f5c6a2b9d0673b16375601b771d29f843232f,1740.92,67.77,7.070944999,54000,54000
bf4f5c6a2b9d0673b16375601b771d29f843232f,1734.71,67.77,7.038799061,54000,54000
bf4f5c6a2b9d0673b16375601b771d29f843232f,1725.16,67.19,7.000086271,54000,54000
bf4f5c6a2b9d0673b16375601b771d29f843232f,1738.06,67.64,7.052819074,54000,55000
bf4f5c6a2b9d0673b16375601b771d29f843232f,1729.92,67.15,7.025992409,56000,54000
bf4f5c6a2b9d0673b16375601b771d29f843232f,1733.74,67.62,7.038529703,54000,54000
bf4f5c6a2b9d0673b16375601b771d29f843232f,1737.02,67.62,7.066091148,54000,54000
bf4f5c6a2b9d0673b16375601b771d29f843232f,1707.99,66.37,6.941611633,54000,54000
bf4f5c6a2b9d0673b16375601b771d29f843232f,1717.76,66.55,6.975614148,54000,54000
bf4f5c6a2b9d0673b16375601b771d29f843232f,1745.47,68.14,7.073588054,54000,54000
bf4f5c6a2b9d0673b16375601b771d29f843232f,1719.22,66.85,6.969812130,54000,54000
bf4f5c6a2b9d0673b16375601b771d29f843232f,1727.60,66.97,7.015056515,55000,55000
bf4f5c6a2b9d0673b16375601b771d29f843232f,1729.73,67.27,7.016895257,54000,54000
bf4f5c6a2b9d0673b16375601b771d29f843232f,1720.37,67.18,6.969029429,55000,55000
bf4f5c6a2b9d0673b16375601b771d29f843232f,1747.56,68.21,7.094072274,54000,54000
bf4f5c6a2b9d0673b16375601b771d29f843232f,1693.55,65.73,6.876332497,54000,54000
bf4f5c6a2b9d0673b16375601b771d29f843232f,1736.78,67.79,7.036474101,54000,55000
bf4f5c6a2b9d0673b16375601b771d29f843232f,1738.56,67.74,7.072378914,54000,54000
bf4f5c6a2b9d0673b16375601b771d29f843232f,1724.16,66.91,7.017520439,54000,55000
bf4f5c6a2b9d0673b16375601b771d29f843232f,1719.99,66.57,6.988804436,55000,55000
bf4f5c6a2b9d0673b16375601b771d29f843232f,1728.38,67.25,7.010905881,54000,54000
bf4f5c6a2b9d0673b16375601b771d29f843232f,1734.41,67.11,7.051990809,54000,54000
bf4f5c6a2b9d0673b16375601b771d29f843232f,1710.78,66.43,6.941051458,54000,55000
bf4f5c6a2b9d0673b16375601b771d29f843232f,1711.87,66.66,6.953820368,55000,54000
3ef8046bff247a2b7f7b5ee7ffdc0f08d423df47,1743.18,67.56,7.081442683,54000,54000
3ef8046bff247a2b7f7b5ee7ffdc0f08d423df47,1742.04,67.84,7.059293953,54000,54000
3ef8046bff247a2b7f7b5ee7ffdc0f08d423df47,1749.38,67.77,7.119226821,54000,54000
3ef8046bff247a2b7f7b5ee7ffdc0f08d423df47,1729.35,67.52,7.010443585,54000,54000
3ef8046bff247a2b7f7b5ee7ffdc0f08d423df47,1712.67,66.69,6.955015027,54000,54000
3ef8046bff247a2b7f7b5ee7ffdc0f08d423df47,1740.53,67.77,7.063861562,53000,54000
3ef8046bff247a2b7f7b5ee7ffdc0f08d423df47,1721.03,66.97,6.988923341,54000,54000
3ef8046bff247a2b7f7b5ee7ffdc0f08d423df47,1754.84,68.25,7.144212588,54000,54000
3ef8046bff247a2b7f7b5ee7ffdc0f08d423df47,1724.68,67.07,6.998215107,54000,55000
3ef8046bff247a2b7f7b5ee7ffdc0f08d423df47,1724.22,67.38,6.982055782,55000,55000
3ef8046bff247a2b7f7b5ee7ffdc0f08d423df47,1741.50,67.87,7.067109729,54000,54000
3ef8046bff247a2b7f7b5ee7ffdc0f08d423df47,1765.36,68.45,7.182424919,54000,54000
3ef8046bff247a2b7f7b5ee7ffdc0f08d423df47,1737.86,67.65,7.045898033,54000,54000
3ef8046bff247a2b7f7b5ee7ffdc0f08d423df47,1729.84,67.36,7.023782590,54000,54000
3ef8046bff247a2b7f7b5ee7ffdc0f08d423df47,1718.24,67.06,6.966997574,54000,54000
3ef8046bff247a2b7f7b5ee7ffdc0f08d423df47,1724.08,67.12,7.001226148,54000,54000
3ef8046bff247a2b7f7b5ee7ffdc0f08d423df47,1733.44,67.51,7.040589111,55000,55000
3ef8046bff247a2b7f7b5ee7ffdc0f08d423df47,1721.70,67.29,6.990662811,55000,54000
3ef8046bff247a2b7f7b5ee7ffdc0f08d423df47,1720.97,67.09,6.987605560,54000,54000
3ef8046bff247a2b7f7b5ee7ffdc0f08d423df47,1728.76,67.84,6.999845618,55000,54000
3ef8046bff247a2b7f7b5ee7ffdc0f08d423df47,1756.27,68.28,7.148966541,55000,54000
3ef8046bff247a2b7f7b5ee7ffdc0f08d423df47,1743.47,68.09,7.064587400,54000,54000
3ef8046bff247a2b7f7b5ee7ffdc0f08d423df47,1741.93,67.68,7.067248258,55000,54000
3ef8046bff247a2b7f7b5ee7ffdc0f08d423df47,1729.72,67.20,7.037965056,54000,54000
3ef8046bff247a2b7f7b5ee7ffdc0f08d423df47,1709.99,66.38,6.941857036,54000,54000
3ef8046bff247a2b7f7b5ee7ffdc0f08d423df47,1727.65,67.28,7.018906613,54000,54000
3ef8046bff247a2b7f7b5ee7ffdc0f08d423df47,1718.76,67.05,6.969059146,54000,54000
3ef8046bff247a2b7f7b5ee7ffdc0f08d423df47,1744.66,68.06,7.080666346,54000,54000
3ef8046bff247a2b7f7b5ee7ffdc0f08d423df47,1720.20,66.82,6.994701954,54000,55000
3ef8046bff247a2b7f7b5ee7ffdc0f08d423df47,1728.28,67.07,7.010262134,55000,54000
0170212c7b067e2fa37a0a32c18b0fd0abcfca0e,1722.62,66.99,7.006809026,55000,54000
0170212c7b067e2fa37a0a32c18b0fd0abcfca0e,1736.51,67.58,7.074586257,54000,53000
0170212c7b067e2fa37a0a32c18b0fd0abcfca0e,1733.93,67.43,7.060534028,53000,54000
0170212c7b067e2fa37a0a32c18b0fd0abcfca0e,1744.67,67.85,7.089822037,54000,54000
0170212c7b067e2fa37a0a32c18b0fd0abcfca0e,1716.33,66.82,6.958457758,54000,54000
0170212c7b067e2fa37a0a32c18b0fd0abcfca0e,1726.24,67.33,7.005818974,54000,54000
0170212c7b067e2fa37a0a32c18b0fd0abcfca0e,1716.07,66.64,6.963599841,54000,54000
0170212c7b067e2fa37a0a32c18b0fd0abcfca0e,1748.58,68.11,7.109089316,54000,54000
0170212c7b067e2fa37a0a32c18b0fd0abcfca0e,1742.87,67.97,7.060544912,54000,54000
0170212c7b067e2fa37a0a32c18b0fd0abcfca0e,1728.52,67.12,6.999548985,54000,54000
0170212c7b067e2fa37a0a32c18b0fd0abcfca0e,1749.87,68.05,7.104400793,54000,54000
0170212c7b067e2fa37a0a32c18b0fd0abcfca0e,1745.98,67.95,7.092449242,54000,54000
0170212c7b067e2fa37a0a32c18b0fd0abcfca0e,1734.57,67.56,7.025363201,54000,54000
0170212c7b067e2fa37a0a32c18b0fd0abcfca0e,1742.43,67.82,7.076996014,54000,54000
0170212c7b067e2fa37a0a32c18b0fd0abcfca0e,1760.27,68.64,7.140950794,54000,54000
0170212c7b067e2fa37a0a32c18b0fd0abcfca0e,1746.14,68.01,7.081446255,54000,55000
0170212c7b067e2fa37a0a32c18b0fd0abcfca0e,1730.49,67.32,7.013203436,54000,54000
0170212c7b067e2fa37a0a32c18b0fd0abcfca0e,1741.94,67.79,7.082531983,54000,54000
0170212c7b067e2fa37a0a32c18b0fd0abcfca0e,1747.22,68.37,7.083720342,55000,55000
0170212c7b067e2fa37a0a32c18b0fd0abcfca0e,1720.31,66.96,6.974694021,55000,54000
0170212c7b067e2fa37a0a32c18b0fd0abcfca0e,1728.80,67.08,7.022983913,54000,55000
0170212c7b067e2fa37a0a32c18b0fd0abcfca0e,1721.02,66.94,6.986442672,54000,54000
0170212c7b067e2fa37a0a32c18b0fd0abcfca0e,1735.35,67.15,7.044032199,54000,54000
0170212c7b067e2fa37a0a32c18b0fd0abcfca0e,1718.07,66.75,6.989800743,54000,54000
0170212c7b067e2fa37a0a32c18b0fd0abcfca0e,1728.25,67.14,7.008950746,54000,54000
0170212c7b067e2fa37a0a32c18b0fd0abcfca0e,1711.51,66.59,6.945294001,54000,54000
0170212c7b067e2fa37a0a32c18b0fd0abcfca0e,1757.74,68.53,7.130601027,54000,54000
0170212c7b067e2fa37a0a32c18b0fd0abcfca0e,1729.72,67.21,7.025312817,55000,55000
0170212c7b067e2fa37a0a32c18b0fd0abcfca0e,1711.98,66.41,6.949105904,55000,54000
0170212c7b067e2fa37a0a32c18b0fd0abcfca0e,1717.59,66.75,6.975085657,55000,55000
d6e9016cfa207d9687fe2173f2cd75016d1c5011,1743.13,68.01,7.081100456,54000,53000
d6e9016cfa207d9687fe2173f2cd75016d1c5011,1748.74,67.96,7.099217345,54000,54000
d6e9016cfa207d9687fe2173f2cd75016d1c5011,1729.44,67.35,7.023220782,54000,54000
d6e9016cfa207d9687fe2173f2cd75016d1c5011,1747.20,68.02,7.082461160,54000,53000
d6e9016cfa207d9687fe2173f2cd75016d1c5011,1730.58,67.30,7.009028345,54000,54000
d6e9016cfa207d9687fe2173f2cd75016d1c5011,1718.55,66.89,6.968724595,54000,54000
d6e9016cfa207d9687fe2173f2cd75016d1c5011,1727.80,67.35,7.015880471,54000,54000
d6e9016cfa207d9687fe2173f2cd75016d1c5011,1716.24,66.73,6.962980637,54000,54000
d6e9016cfa207d9687fe2173f2cd75016d1c5011,1713.52,66.65,6.957544336,54000,54000
d6e9016cfa207d9687fe2173f2cd75016d1c5011,1757.77,68.43,7.143069769,54000,54000
d6e9016cfa207d9687fe2173f2cd75016d1c5011,1718.70,66.53,6.981365441,54000,54000
d6e9016cfa207d9687fe2173f2cd75016d1c5011,1721.87,67.17,6.981147275,55000,54000
d6e9016cfa207d9687fe2173f2cd75016d1c5011,1733.39,67.45,7.033742207,54000,54000
d6e9016cfa207d9687fe2173f2cd75016d1c5011,1743.97,67.96,7.066933919,54000,54000
d6e9016cfa207d9687fe2173f2cd75016d1c5011,1725.12,67.27,6.998322749,54000,54000
d6e9016cfa207d9687fe2173f2cd75016d1c5011,1736.53,67.62,7.051880202,54000,54000
d6e9016cfa207d9687fe2173f2cd75016d1c5011,1705.14,66.17,6.931498882,54000,55000
d6e9016cfa207d9687fe2173f2cd75016d1c5011,1714.32,66.58,6.970087298,54000,54000
d6e9016cfa207d9687fe2173f2cd75016d1c5011,1760.61,68.61,7.156592800,54000,53000
d6e9016cfa207d9687fe2173f2cd75016d1c5011,1751.85,68.32,7.110998339,54000,54000
d6e9016cfa207d9687fe2173f2cd75016d1c5011,1733.42,67.38,7.035830414,54000,55000
d6e9016cfa207d9687fe2173f2cd75016d1c5011,1747.21,67.97,7.093736433,54000,54000
d6e9016cfa207d9687fe2173f2cd75016d1c5011,1703.38,66.21,6.928202650,55000,55000
d6e9016cfa207d9687fe2173f2cd75016d1c5011,1721.41,66.97,7.000233259,54000,54000
d6e9016cfa207d9687fe2173f2cd75016d1c5011,1746.54,68.06,7.082571345,54000,54000
d6e9016cfa207d9687fe2173f2cd75016d1c5011,1727.19,67.32,7.016287998,55000,54000
d6e9016cfa207d9687fe2173f2cd75016d1c5011,1741.50,67.77,7.082702093,55000,54000
d6e9016cfa207d9687fe2173f2cd75016d1c5011,1734.05,67.39,7.043184838,55000,55000
d6e9016cfa207d9687fe2173f2cd75016d1c5011,1756.46,68.10,7.143295727,55000,55000
d6e9016cfa207d9687fe2173f2cd75016d1c5011,1717.76,66.82,6.971591835,54000,54000
afc4d8656ac1fb9434875bf2b24b0c3e79b4e776,1718.07,66.82,6.968126231,54000,54000
afc4d8656ac1fb9434875bf2b24b0c3e79b4e776,1734.55,67.49,7.048446829,54000,54000
afc4d8656ac1fb9434875bf2b24b0c3e79b4e776,1706.08,66.52,6.919965642,54000,54000
afc4d8656ac1fb9434875bf2b24b0c3e79b4e776,1726.25,66.95,7.016196513,54000,53000
afc4d8656ac1fb9434875bf2b24b0c3e79b4e776,1726.10,67.12,7.002575924,54000,54000
afc4d8656ac1fb9434875bf2b24b0c3e79b4e776,1739.68,67.79,7.063500222,54000,54000
afc4d8656ac1fb9434875bf2b24b0c3e79b4e776,1724.66,67.22,6.984843935,54000,54000
afc4d8656ac1fb9434875bf2b24b0c3e79b4e776,1714.20,66.63,6.957744337,54000,54000
afc4d8656ac1fb9434875bf2b24b0c3e79b4e776,1716.05,66.62,6.965929512,54000,54000
afc4d8656ac1fb9434875bf2b24b0c3e79b4e776,1716.27,66.55,6.972212712,55000,54000
afc4d8656ac1fb9434875bf2b24b0c3e79b4e776,1731.09,67.23,7.032850989,54000,54000
afc4d8656ac1fb9434875bf2b24b0c3e79b4e776,1717.54,66.48,6.976601636,54000,54000
afc4d8656ac1fb9434875bf2b24b0c3e79b4e776,1704.97,66.09,6.944924115,54000,54000
afc4d8656ac1fb9434875bf2b24b0c3e79b4e776,1709.76,66.33,6.946092086,54000,54000
afc4d8656ac1fb9434875bf2b24b0c3e79b4e776,1736.66,67.56,7.042897255,54000,54000
afc4d8656ac1fb9434875bf2b24b0c3e79b4e776,1754.96,68.43,7.116298709,55000,55000
afc4d8656ac1fb9434875bf2b24b0c3e79b4e776,1729.92,67.01,7.020298005,54000,54000
afc4d8656ac1fb9434875bf2b24b0c3e79b4e776,1719.82,66.68,6.976750935,54000,54000
afc4d8656ac1fb9434875bf2b24b0c3e79b4e776,1735.02,67.42,7.031640616,54000,55000
afc4d8656ac1fb9434875bf2b24b0c3e79b4e776,1721.16,66.91,7.001900376,55000,54000
afc4d8656ac1fb9434875bf2b24b0c3e79b4e776,1744.19,68.02,7.077210665,54000,54000
afc4d8656ac1fb9434875bf2b24b0c3e79b4e776,1734.03,67.78,7.032218564,54000,55000
afc4d8656ac1fb9434875bf2b24b0c3e79b4e776,1739.09,67.70,7.045522593,54000,54000
afc4d8656ac1fb9434875bf2b24b0c3e79b4e776,1739.68,67.83,7.053564876,54000,54000
afc4d8656ac1fb9434875bf2b24b0c3e79b4e776,1746.89,67.77,7.089908743,55000,54000
afc4d8656ac1fb9434875bf2b24b0c3e79b4e776,1707.41,66.18,6.941975509,55000,54000
afc4d8656ac1fb9434875bf2b24b0c3e79b4e776,1745.59,68.10,7.078931105,54000,54000
afc4d8656ac1fb9434875bf2b24b0c3e79b4e776,1723.70,66.97,6.991446824,54000,54000
afc4d8656ac1fb9434875bf2b24b0c3e79b4e776,1729.28,67.17,7.035340960,54000,55000
afc4d8656ac1fb9434875bf2b24b0c3e79b4e776,1744.93,67.96,7.093485712,54000,54000
724fcd5023bc58ac5f1d74043e1827dbf2071e87,1747.10,67.91,7.103613887,54000,55000
724fcd5023bc58ac5f1d74043e1827dbf2071e87,1720.67,67.00,6.978561023,54000,54000
724fcd5023bc58ac5f1d74043e1827dbf2071e87,1715.05,66.64,6.957755072,54000,54000
724fcd5023bc58ac5f1d74043e1827dbf2071e87,1719.88,66.76,6.973394542,54000,54000
724fcd5023bc58ac5f1d74043e1827dbf2071e87,1718.61,66.94,6.962082424,54000,54000
724fcd5023bc58ac5f1d74043e1827dbf2071e87,1735.28,67.57,7.037522261,54000,54000
724fcd5023bc58ac5f1d74043e1827dbf2071e87,1761.26,68.46,7.164052013,54000,54000
724fcd5023bc58ac5f1d74043e1827dbf2071e87,1743.73,67.90,7.069596366,54000,54000
724fcd5023bc58ac5f1d74043e1827dbf2071e87,1724.77,66.98,7.011160604,54000,54000
724fcd5023bc58ac5f1d74043e1827dbf2071e87,1731.04,67.22,7.017647642,54000,54000
724fcd5023bc58ac5f1d74043e1827dbf2071e87,1740.75,67.78,7.053676552,54000,54000
724fcd5023bc58ac5f1d74043e1827dbf2071e87,1737.45,67.34,7.056662249,54000,54000
724fcd5023bc58ac5f1d74043e1827dbf2071e87,1731.33,67.55,7.016212301,54000,54000
724fcd5023bc58ac5f1d74043e1827dbf2071e87,1756.77,68.41,7.132732717,54000,54000
724fcd5023bc58ac5f1d74043e1827dbf2071e87,1741.00,67.71,7.085098984,55000,54000
724fcd5023bc58ac5f1d74043e1827dbf2071e87,1729.73,67.21,7.014146178,54000,55000
724fcd5023bc58ac5f1d74043e1827dbf2071e87,1710.72,66.70,6.943077116,55000,54000
724fcd5023bc58ac5f1d74043e1827dbf2071e87,1721.11,67.32,6.984609118,54000,55000
724fcd5023bc58ac5f1d74043e1827dbf2071e87,1733.18,67.44,7.030748280,55000,54000
724fcd5023bc58ac5f1d74043e1827dbf2071e87,1754.64,68.35,7.129341777,54000,55000
724fcd5023bc58ac5f1d74043e1827dbf2071e87,1726.79,67.33,7.007333229,55000,54000
724fcd5023bc58ac5f1d74043e1827dbf2071e87,1732.12,67.65,7.034717770,54000,54000
724fcd5023bc58ac5f1d74043e1827dbf2071e87,1739.11,67.95,7.051892263,54000,55000
724fcd5023bc58ac5f1d74043e1827dbf2071e87,1719.61,66.98,6.977197771,54000,54000
724fcd5023bc58ac5f1d74043e1827dbf2071e87,1731.13,67.25,7.026970024,55000,56000
724fcd5023bc58ac5f1d74043e1827dbf2071e87,1768.17,68.65,7.181996833,54000,55000
724fcd5023bc58ac5f1d74043e1827dbf2071e87,1719.27,67.14,6.967499255,54000,54000
724fcd5023bc58ac5f1d74043e1827dbf2071e87,1742.32,67.66,7.083245780,55000,54000
724fcd5023bc58ac5f1d74043e1827dbf2071e87,1719.43,66.68,6.989704539,54000,54000
724fcd5023bc58ac5f1d74043e1827dbf2071e87,1741.97,67.71,7.063438297,55000,54000
7a58a51e566aeb04f718eb76eac387db16b5de24,1700.60,66.42,6.915449569,54000,54000
7a58a51e566aeb04f718eb76eac387db16b5de24,1709.43,66.54,6.954422855,54000,54000
7a58a51e566aeb04f718eb76eac387db16b5de24,1705.11,66.28,6.931108749,55000,55000
7a58a51e566aeb04f718eb76eac387db16b5de24,1711.93,66.55,7.001611478,54000,54000
7a58a51e566aeb04f718eb76eac387db16b5de24,1704.42,66.43,6.931319955,55000,54000
7a58a51e566aeb04f718eb76eac387db16b5de24,1725.42,67.35,7.030401397,54000,55000
7a58a51e566aeb04f718eb76eac387db16b5de24,1747.68,67.90,7.121773530,54000,54000
7a58a51e566aeb04f718eb76eac387db16b5de24,1706.28,66.35,6.937217593,54000,54000
7a58a51e566aeb04f718eb76eac387db16b5de24,1703.20,66.40,6.941434050,54000,55000
7a58a51e566aeb04f718eb76eac387db16b5de24,1708.64,66.17,6.986052721,54000,54000
7a58a51e566aeb04f718eb76eac387db16b5de24,1705.30,66.35,6.954607620,54000,54000
7a58a51e566aeb04f718eb76eac387db16b5de24,1701.98,65.79,6.944395011,54000,54000
7a58a51e566aeb04f718eb76eac387db16b5de24,1712.94,66.69,6.967969692,54000,54000
7a58a51e566aeb04f718eb76eac387db16b5de24,1700.39,66.03,6.934796637,54000,55000
7a58a51e566aeb04f718eb76eac387db16b5de24,1710.52,66.53,6.962353117,54000,54000
7a58a51e566aeb04f718eb76eac387db16b5de24,1701.71,65.87,6.943268674,54000,54000
7a58a51e566aeb04f718eb76eac387db16b5de24,1707.47,66.26,6.958374419,54000,54000
7a58a51e566aeb04f718eb76eac387db16b5de24,1697.49,65.79,6.908704687,55000,54000
7a58a51e566aeb04f718eb76eac387db16b5de24,1742.26,67.75,7.104483052,55000,54000
7a58a51e566aeb04f718eb76eac387db16b5de24,1681.90,64.88,6.854685036,54000,54000
7a58a51e566aeb04f718eb76eac387db16b5de24,1717.26,66.27,6.999275554,54000,54000
7a58a51e566aeb04f718eb76eac387db16b5de24,1706.21,66.27,6.930684622,54000,54000
7a58a51e566aeb04f718eb76eac387db16b5de24,1692.87,65.77,6.885211023,55000,54000
7a58a51e566aeb04f718eb76eac387db16b5de24,1689.63,65.90,6.889224775,55000,55000
7a58a51e566aeb04f718eb76eac387db16b5de24,1688.73,65.48,6.890180223,54000,54000
7a58a51e566aeb04f718eb76eac387db16b5de24,1716.63,66.88,6.980096342,54000,54000
7a58a51e566aeb04f718eb76eac387db16b5de24,1705.17,66.07,6.947274522,54000,54000
7a58a51e566aeb04f718eb76eac387db16b5de24,1714.29,66.67,6.989707066,54000,54000
7a58a51e566aeb04f718eb76eac387db16b5de24,1704.02,66.41,6.923260264,54000,54000
7a58a51e566aeb04f718eb76eac387db16b5de24,1713.73,66.43,6.980356110,55000,55000
a1502e63ccc7ea7be4c54d8cc94854b02a580848,1705.39,66.60,6.951321831,54000,54000
a1502e63ccc7ea7be4c54d8cc94854b02a580848,1709.08,66.37,6.976637813,54000,54000
a1502e63ccc7ea7be4c54d8cc94854b02a580848,1698.07,66.19,6.939571832,54000,54000
a1502e63ccc7ea7be4c54d8cc94854b02a580848,1695.99,66.07,6.901934679,55000,54000
a1502e63ccc7ea7be4c54d8cc94854b02a580848,1721.47,66.65,7.011778874,54000,54000
a1502e63ccc7ea7be4c54d8cc94854b02a580848,1706.57,66.55,6.940583163,54000,54000
a1502e63ccc7ea7be4c54d8cc94854b02a580848,1700.79,65.83,6.940490580,54000,55000
a1502e63ccc7ea7be4c54d8cc94854b02a580848,1716.10,66.81,6.988133803,54000,54000
a1502e63ccc7ea7be4c54d8cc94854b02a580848,1715.42,67.08,6.967832735,54000,54000
a1502e63ccc7ea7be4c54d8cc94854b02a580848,1713.24,66.63,6.975779287,54000,54000
a1502e63ccc7ea7be4c54d8cc94854b02a580848,1704.36,65.80,6.946293645,54000,53000
a1502e63ccc7ea7be4c54d8cc94854b02a580848,1700.39,66.02,6.919933602,54000,54000
a1502e63ccc7ea7be4c54d8cc94854b02a580848,1716.59,66.92,6.969580463,54000,54000
a1502e63ccc7ea7be4c54d8cc94854b02a580848,1718.56,66.81,6.999968479,54000,54000
a1502e63ccc7ea7be4c54d8cc94854b02a580848,1705.00,66.12,6.942261144,54000,54000
a1502e63ccc7ea7be4c54d8cc94854b02a580848,1723.15,66.96,7.014914576,54000,54000
a1502e63ccc7ea7be4c54d8cc94854b02a580848,1685.32,65.47,6.857456779,55000,54000
a1502e63ccc7ea7be4c54d8cc94854b02a580848,1694.63,65.64,6.907965908,54000,54000
a1502e63ccc7ea7be4c54d8cc94854b02a580848,1700.77,66.10,6.924918066,54000,54000
a1502e63ccc7ea7be4c54d8cc94854b02a580848,1690.34,65.66,6.883283376,55000,54000
a1502e63ccc7ea7be4c54d8cc94854b02a580848,1700.08,66.27,6.908155615,55000,54000
a1502e63ccc7ea7be4c54d8cc94854b02a580848,1707.64,66.28,6.942515247,55000,54000
a1502e63ccc7ea7be4c54d8cc94854b02a580848,1706.47,66.05,6.956476659,54000,55000
a1502e63ccc7ea7be4c54d8cc94854b02a580848,1698.97,65.72,6.917967934,54000,54000
a1502e63ccc7ea7be4c54d8cc94854b02a580848,1691.86,65.60,6.885815560,54000,54000
a1502e63ccc7ea7be4c54d8cc94854b02a580848,1680.58,65.10,6.853026460,55000,54000
a1502e63ccc7ea7be4c54d8cc94854b02a580848,1714.56,66.71,6.977762947,54000,54000
a1502e63ccc7ea7be4c54d8cc94854b02a580848,1723.20,66.92,7.036747745,54000,54000
a1502e63ccc7ea7be4c54d8cc94854b02a580848,1703.08,65.87,6.946405026,55000,54000
a1502e63ccc7ea7be4c54d8cc94854b02a580848,1691.83,65.74,6.890357898,55000,55000
3efb9bb1d69748688c8d7eedd8d2ed785d984dbe,1722.81,67.13,7.010643391,55000,54000
3efb9bb1d69748688c8d7eedd8d2ed785d984dbe,1712.24,66.82,6.955756214,54000,54000
3efb9bb1d69748688c8d7eedd8d2ed785d984dbe,1719.30,66.89,6.984666127,54000,54000
3efb9bb1d69748688c8d7eedd8d2ed785d984dbe,1706.68,66.35,6.963635260,55000,54000
3efb9bb1d69748688c8d7eedd8d2ed785d984dbe,1719.11,66.38,7.008216308,54000,54000
3efb9bb1d69748688c8d7eedd8d2ed785d984dbe,1719.34,67.24,6.993990617,54000,54000
3efb9bb1d69748688c8d7eedd8d2ed785d984dbe,1722.19,66.72,7.021603387,54000,54000
3efb9bb1d69748688c8d7eedd8d2ed785d984dbe,1740.81,67.56,7.082401138,54000,55000
3efb9bb1d69748688c8d7eedd8d2ed785d984dbe,1701.34,65.88,6.922409501,54000,54000
3efb9bb1d69748688c8d7eedd8d2ed785d984dbe,1714.84,66.30,6.978522167,54000,54000
3efb9bb1d69748688c8d7eedd8d2ed785d984dbe,1745.40,68.32,7.082543999,54000,54000
3efb9bb1d69748688c8d7eedd8d2ed785d984dbe,1728.52,67.36,7.045474854,55000,56000
3efb9bb1d69748688c8d7eedd8d2ed785d984dbe,1722.14,67.02,7.006121158,54000,54000
3efb9bb1d69748688c8d7eedd8d2ed785d984dbe,1746.14,67.90,7.097719028,56000,54000
3efb9bb1d69748688c8d7eedd8d2ed785d984dbe,1731.49,67.64,7.042276419,54000,55000
3efb9bb1d69748688c8d7eedd8d2ed785d984dbe,1746.45,67.93,7.104867103,54000,54000
3efb9bb1d69748688c8d7eedd8d2ed785d984dbe,1732.53,67.63,7.053488987,54000,54000
3efb9bb1d69748688c8d7eedd8d2ed785d984dbe,1738.02,67.69,7.078119052,54000,55000
3efb9bb1d69748688c8d7eedd8d2ed785d984dbe,1709.10,66.36,6.954629311,54000,54000
3efb9bb1d69748688c8d7eedd8d2ed785d984dbe,1723.31,66.81,7.011391860,54000,55000
3efb9bb1d69748688c8d7eedd8d2ed785d984dbe,1714.31,66.61,6.976989117,54000,54000
3efb9bb1d69748688c8d7eedd8d2ed785d984dbe,1734.86,67.12,7.075419572,54000,55000
3efb9bb1d69748688c8d7eedd8d2ed785d984dbe,1713.39,66.60,6.988441576,55000,54000
3efb9bb1d69748688c8d7eedd8d2ed785d984dbe,1739.59,67.64,7.078933181,54000,54000
3efb9bb1d69748688c8d7eedd8d2ed785d984dbe,1737.54,67.44,7.060062586,54000,54000
3efb9bb1d69748688c8d7eedd8d2ed785d984dbe,1720.03,66.86,6.977548524,54000,54000
3efb9bb1d69748688c8d7eedd8d2ed785d984dbe,1706.68,66.41,6.948380234,55000,55000
3efb9bb1d69748688c8d7eedd8d2ed785d984dbe,1728.06,67.41,7.024437433,54000,54000
3efb9bb1d69748688c8d7eedd8d2ed785d984dbe,1711.42,66.89,6.967606240,54000,55000
3efb9bb1d69748688c8d7eedd8d2ed785d984dbe,1733.93,67.11,7.079960808,55000,54000
1340d7ecd997c127d98dde341c5cd01a3fcc07d4,1737.15,67.89,7.056938447,53000,54000
1340d7ecd997c127d98dde341c5cd01a3fcc07d4,1707.16,66.64,6.956115630,54000,54000
1340d7ecd997c127d98dde341c5cd01a3fcc07d4,1729.44,67.39,7.037873520,54000,54000
1340d7ecd997c127d98dde341c5cd01a3fcc07d4,1713.26,66.92,6.979090633,55000,55000
1340d7ecd997c127d98dde341c5cd01a3fcc07d4,1737.50,67.67,7.076009871,54000,54000
1340d7ecd997c127d98dde341c5cd01a3fcc07d4,1716.55,66.77,6.990712792,54000,54000
1340d7ecd997c127d98dde341c5cd01a3fcc07d4,1725.65,67.05,7.010183370,54000,54000
1340d7ecd997c127d98dde341c5cd01a3fcc07d4,1736.27,67.54,7.066528570,55000,55000
1340d7ecd997c127d98dde341c5cd01a3fcc07d4,1722.92,66.68,7.008633696,54000,55000
1340d7ecd997c127d98dde341c5cd01a3fcc07d4,1724.02,67.08,7.020793846,54000,54000
1340d7ecd997c127d98dde341c5cd01a3fcc07d4,1723.65,67.33,7.017945061,54000,54000
1340d7ecd997c127d98dde341c5cd01a3fcc07d4,1738.03,67.47,7.095951487,54000,55000
1340d7ecd997c127d98dde341c5cd01a3fcc07d4,1731.91,67.05,7.055957863,53000,54000
1340d7ecd997c127d98dde341c5cd01a3fcc07d4,1726.57,67.22,7.021317934,54000,54000
1340d7ecd997c127d98dde341c5cd01a3fcc07d4,1716.76,66.87,6.977521598,54000,54000
1340d7ecd997c127d98dde341c5cd01a3fcc07d4,1727.45,66.90,7.040238819,55000,54000
1340d7ecd997c127d98dde341c5cd01a3fcc07d4,1755.55,68.46,7.135709135,54000,54000
1340d7ecd997c127d98dde341c5cd01a3fcc07d4,1725.03,67.03,7.017651361,55000,55000
1340d7ecd997c127d98dde341c5cd01a3fcc07d4,1722.46,66.83,7.018661338,54000,54000
1340d7ecd997c127d98dde341c5cd01a3fcc07d4,1727.27,67.11,7.021537197,54000,54000
1340d7ecd997c127d98dde341c5cd01a3fcc07d4,1722.41,67.06,7.009207597,54000,54000
1340d7ecd997c127d98dde341c5cd01a3fcc07d4,1722.46,67.27,6.994231543,54000,54000
1340d7ecd997c127d98dde341c5cd01a3fcc07d4,1721.06,67.05,7.013719910,55000,55000
1340d7ecd997c127d98dde341c5cd01a3fcc07d4,1712.59,66.83,6.976652837,54000,54000
1340d7ecd997c127d98dde341c5cd01a3fcc07d4,1711.76,66.64,6.973768686,54000,54000
1340d7ecd997c127d98dde341c5cd01a3fcc07d4,1713.56,66.59,6.972079901,55000,54000
1340d7ecd997c127d98dde341c5cd01a3fcc07d4,1731.03,67.80,7.028284643,54000,55000
1340d7ecd997c127d98dde341c5cd01a3fcc07d4,1721.17,67.04,7.003001408,54000,55000
1340d7ecd997c127d98dde341c5cd01a3fcc07d4,1729.31,67.22,7.050761692,54000,54000
1340d7ecd997c127d98dde341c5cd01a3fcc07d4,1731.80,67.52,7.034450963,55000,54000
804bafdadd79256c5d0e6c12b160bb3ecacfe147,1709.71,66.53,6.956742996,54000,55000
804bafdadd79256c5d0e6c12b160bb3ecacfe147,1725.78,67.36,7.031926290,54000,54000
804bafdadd79256c5d0e6c12b160bb3ecacfe147,1734.06,67.54,7.061746587,54000,54000
804bafdadd79256c5d0e6c12b160bb3ecacfe147,1710.93,66.85,6.952703172,54000,54000
804bafdadd79256c5d0e6c12b160bb3ecacfe147,1712.98,66.58,6.973737438,54000,53000
804bafdadd79256c5d0e6c12b160bb3ecacfe147,1733.74,67.64,7.050558654,54000,55000
804bafdadd79256c5d0e6c12b160bb3ecacfe147,1734.74,67.44,7.068427835,54000,54000
804bafdadd79256c5d0e6c12b160bb3ecacfe147,1717.56,67.18,6.996877585,53000,54000
804bafdadd79256c5d0e6c12b160bb3ecacfe147,1716.24,66.57,6.995409323,54000,54000
804bafdadd79256c5d0e6c12b160bb3ecacfe147,1716.31,66.80,6.974189165,55000,54000
804bafdadd79256c5d0e6c12b160bb3ecacfe147,1711.36,66.19,6.982492834,54000,54000
804bafdadd79256c5d0e6c12b160bb3ecacfe147,1722.38,66.63,7.023799021,55000,54000
804bafdadd79256c5d0e6c12b160bb3ecacfe147,1707.79,66.47,6.962086993,54000,54000
804bafdadd79256c5d0e6c12b160bb3ecacfe147,1708.53,66.67,6.958003900,55000,54000
804bafdadd79256c5d0e6c12b160bb3ecacfe147,1714.86,66.30,6.985186417,54000,54000
804bafdadd79256c5d0e6c12b160bb3ecacfe147,1741.03,67.80,7.086905105,54000,54000
804bafdadd79256c5d0e6c12b160bb3ecacfe147,1742.51,67.76,7.083920494,54000,54000
804bafdadd79256c5d0e6c12b160bb3ecacfe147,1714.51,66.61,6.973351153,55000,54000
804bafdadd79256c5d0e6c12b160bb3ecacfe147,1731.66,67.06,7.057481178,54000,54000
804bafdadd79256c5d0e6c12b160bb3ecacfe147,1719.51,67.20,6.996026941,55000,54000
804bafdadd79256c5d0e6c12b160bb3ecacfe147,1705.17,66.51,6.932985709,54000,55000
804bafdadd79256c5d0e6c12b160bb3ecacfe147,1706.46,66.26,6.941934631,54000,54000
804bafdadd79256c5d0e6c12b160bb3ecacfe147,1716.10,66.62,6.992391317,54000,55000
804bafdadd79256c5d0e6c12b160bb3ecacfe147,1718.11,66.85,6.996627429,54000,54000
804bafdadd79256c5d0e6c12b160bb3ecacfe147,1727.83,67.02,7.027362139,54000,54000
804bafdadd79256c5d0e6c12b160bb3ecacfe147,1684.33,65.46,6.865779727,54000,54000
804bafdadd79256c5d0e6c12b160bb3ecacfe147,1708.26,66.48,6.955265672,55000,54000
804bafdadd79256c5d0e6c12b160bb3ecacfe147,1776.34,69.26,7.238118722,54000,55000
804bafdadd79256c5d0e6c12b160bb3ecacfe147,1727.40,67.08,7.024874461,54000,54000
804bafdadd79256c5d0e6c12b160bb3ecacfe147,1721.52,67.12,7.003453056,54000,54000
66fe6de48bc659434fe82f60c448ae21f8c98c08,1703.77,66.35,6.943851253,55000,55000
66fe6de48bc659434fe82f60c448ae21f8c98c08,1730.51,67.71,7.046220633,54000,55000
66fe6de48bc659434fe82f60c448ae21f8c98c08,1738.54,67.63,7.072665062,54000,54000
66fe6de48bc659434fe82f60c448ae21f8c98c08,1708.95,66.39,6.945412056,54000,55000
66fe6de48bc659434fe82f60c448ae21f8c98c08,1718.89,66.74,6.998677806,54000,54000
66fe6de48bc659434fe82f60c448ae21f8c98c08,1730.76,67.17,7.022650919,54000,55000
66fe6de48bc659434fe82f60c448ae21f8c98c08,1713.27,66.72,6.979410142,54000,55000
66fe6de48bc659434fe82f60c448ae21f8c98c08,1726.76,67.31,7.026999448,54000,55000
66fe6de48bc659434fe82f60c448ae21f8c98c08,1731.26,67.31,7.052622628,54000,54000
66fe6de48bc659434fe82f60c448ae21f8c98c08,1732.75,67.75,7.040742770,54000,54000
66fe6de48bc659434fe82f60c448ae21f8c98c08,1704.35,66.82,6.937252355,53000,54000
66fe6de48bc659434fe82f60c448ae21f8c98c08,1732.66,66.97,7.051523736,54000,54000
66fe6de48bc659434fe82f60c448ae21f8c98c08,1725.70,67.31,7.018913822,55000,54000
66fe6de48bc659434fe82f60c448ae21f8c98c08,1729.03,67.42,7.030932963,54000,55000
66fe6de48bc659434fe82f60c448ae21f8c98c08,1714.60,66.83,6.980959548,54000,54000
66fe6de48bc659434fe82f60c448ae21f8c98c08,1711.80,66.34,6.973798456,54000,54000
66fe6de48bc659434fe82f60c448ae21f8c98c08,1706.14,66.10,6.957349119,54000,54000
66fe6de48bc659434fe82f60c448ae21f8c98c08,1726.04,66.95,7.021178127,54000,55000
66fe6de48bc659434fe82f60c448ae21f8c98c08,1720.30,66.70,6.991209801,54000,54000
66fe6de48bc659434fe82f60c448ae21f8c98c08,1744.04,67.80,7.093310547,54000,55000
66fe6de48bc659434fe82f60c448ae21f8c98c08,1705.24,66.12,6.942155024,54000,55000
66fe6de48bc659434fe82f60c448ae21f8c98c08,1727.61,67.20,7.041970094,54000,54000
66fe6de48bc659434fe82f60c448ae21f8c98c08,1711.75,66.76,6.966686442,55000,54000
66fe6de48bc659434fe82f60c448ae21f8c98c08,1723.14,67.01,7.024344461,54000,54000
66fe6de48bc659434fe82f60c448ae21f8c98c08,1716.90,66.84,6.993334023,53000,54000
66fe6de48bc659434fe82f60c448ae21f8c98c08,1733.18,67.49,7.065731189,54000,54000
66fe6de48bc659434fe82f60c448ae21f8c98c08,1728.35,67.12,7.032338597,54000,54000
66fe6de48bc659434fe82f60c448ae21f8c98c08,1721.35,67.11,7.001687167,54000,54000
66fe6de48bc659434fe82f60c448ae21f8c98c08,1736.05,67.47,7.055534407,54000,54000
66fe6de48bc659434fe82f60c448ae21f8c98c08,1727.34,66.91,7.037274975,54000,56000
43c816d911dc34892e19b1a069c1f0ebbab485a1,1729.35,67.45,7.034966868,54000,54000
43c816d911dc34892e19b1a069c1f0ebbab485a1,1729.93,67.51,7.036244111,54000,54000
43c816d911dc34892e19b1a069c1f0ebbab485a1,1728.24,67.23,7.036521667,54000,54000
43c816d911dc34892e19b1a069c1f0ebbab485a1,1737.66,67.58,7.083034107,54000,54000
43c816d911dc34892e19b1a069c1f0ebbab485a1,1715.64,66.83,6.983586550,55000,54000
43c816d911dc34892e19b1a069c1f0ebbab485a1,1711.46,66.43,6.966815417,55000,55000
43c816d911dc34892e19b1a069c1f0ebbab485a1,1715.56,66.31,6.980755625,54000,55000
43c816d911dc34892e19b1a069c1f0ebbab485a1,1712.61,66.52,6.974463737,54000,54000
43c816d911dc34892e19b1a069c1f0ebbab485a1,1733.77,67.29,7.043598327,54000,54000
43c816d911dc34892e19b1a069c1f0ebbab485a1,1722.23,67.01,7.001841336,56000,54000
43c816d911dc34892e19b1a069c1f0ebbab485a1,1726.96,67.45,7.024351760,54000,54000
43c816d911dc34892e19b1a069c1f0ebbab485a1,1716.86,66.74,6.982218180,54000,54000
43c816d911dc34892e19b1a069c1f0ebbab485a1,1714.94,66.34,6.975056788,54000,54000
43c816d911dc34892e19b1a069c1f0ebbab485a1,1721.06,67.26,6.997176734,54000,55000
43c816d911dc34892e19b1a069c1f0ebbab485a1,1710.59,66.25,6.981532734,53000,54000
43c816d911dc34892e19b1a069c1f0ebbab485a1,1713.36,66.83,6.970517464,54000,54000
43c816d911dc34892e19b1a069c1f0ebbab485a1,1712.16,66.75,6.976265714,54000,54000
43c816d911dc34892e19b1a069c1f0ebbab485a1,1754.96,68.30,7.160032834,54000,54000
43c816d911dc34892e19b1a069c1f0ebbab485a1,1727.82,67.32,7.028150001,54000,54000
43c816d911dc34892e19b1a069c1f0ebbab485a1,1716.76,66.92,6.999655825,54000,54000
43c816d911dc34892e19b1a069c1f0ebbab485a1,1710.58,66.45,6.965573102,54000,54000
43c816d911dc34892e19b1a069c1f0ebbab485a1,1737.75,67.43,7.074454470,55000,54000
43c816d911dc34892e19b1a069c1f0ebbab485a1,1714.78,66.70,6.980140073,54000,55000
43c816d911dc34892e19b1a069c1f0ebbab485a1,1722.65,66.62,7.004587948,54000,54000
43c816d911dc34892e19b1a069c1f0ebbab485a1,1723.93,66.65,7.011634920,54000,54000
43c816d911dc34892e19b1a069c1f0ebbab485a1,1705.43,66.09,6.936664974,56000,54000
43c816d911dc34892e19b1a069c1f0ebbab485a1,1735.50,67.56,7.058336583,54000,54000
43c816d911dc34892e19b1a069c1f0ebbab485a1,1748.93,67.95,7.133873819,54000,55000
43c816d911dc34892e19b1a069c1f0ebbab485a1,1721.32,66.90,7.003441561,54000,54000
43c816d911dc34892e19b1a069c1f0ebbab485a1,1729.62,67.42,7.040846964,54000,54000
8c4b687ca4a1990d11805669c1b84379ac6d7a7a,1714.56,66.66,6.967402057,54000,54000
8c4b687ca4a1990d11805669c1b84379ac6d7a7a,1730.46,67.33,7.040462273,54000,54000
8c4b687ca4a1990d11805669c1b84379ac6d7a7a,1716.50,66.60,6.974441746,54000,55000
8c4b687ca4a1990d11805669c1b84379ac6d7a7a,1752.07,68.01,7.147925976,54000,55000
8c4b687ca4a1990d11805669c1b84379ac6d7a7a,1731.94,67.32,7.048880485,54000,54000
8c4b687ca4a1990d11805669c1b84379ac6d7a7a,1716.48,66.74,6.985849812,54000,54000
8c4b687ca4a1990d11805669c1b84379ac6d7a7a,1736.39,67.32,7.067245780,54000,54000
8c4b687ca4a1990d11805669c1b84379ac6d7a7a,1749.18,68.06,7.134365104,54000,54000
8c4b687ca4a1990d11805669c1b84379ac6d7a7a,1710.03,66.27,6.965262615,54000,54000
8c4b687ca4a1990d11805669c1b84379ac6d7a7a,1723.25,67.23,7.017384402,54000,54000
8c4b687ca4a1990d11805669c1b84379ac6d7a7a,1717.83,66.68,6.995127132,55000,54000
8c4b687ca4a1990d11805669c1b84379ac6d7a7a,1694.75,65.63,6.904774859,54000,54000
8c4b687ca4a1990d11805669c1b84379ac6d7a7a,1727.38,67.27,7.028982998,54000,54000
8c4b687ca4a1990d11805669c1b84379ac6d7a7a,1711.72,66.49,6.958990356,54000,54000
8c4b687ca4a1990d11805669c1b84379ac6d7a7a,1745.15,68.15,7.102613976,54000,54000
8c4b687ca4a1990d11805669c1b84379ac6d7a7a,1729.73,67.21,7.034852260,54000,54000
8c4b687ca4a1990d11805669c1b84379ac6d7a7a,1724.26,67.16,7.015700754,54000,54000
8c4b687ca4a1990d11805669c1b84379ac6d7a7a,1720.81,66.61,6.994165452,54000,55000
8c4b687ca4a1990d11805669c1b84379ac6d7a7a,1730.67,67.09,7.053983496,54000,54000
8c4b687ca4a1990d11805669c1b84379ac6d7a7a,1733.68,67.62,7.054878359,54000,54000
8c4b687ca4a1990d11805669c1b84379ac6d7a7a,1736.60,67.58,7.078416784,54000,55000
8c4b687ca4a1990d11805669c1b84379ac6d7a7a,1727.73,67.34,7.031542260,54000,54000
8c4b687ca4a1990d11805669c1b84379ac6d7a7a,1712.58,66.58,6.980850239,54000,54000
8c4b687ca4a1990d11805669c1b84379ac6d7a7a,1716.13,66.44,6.986906346,54000,54000
8c4b687ca4a1990d11805669c1b84379ac6d7a7a,1723.31,66.63,7.021166601,54000,55000
8c4b687ca4a1990d11805669c1b84379ac6d7a7a,1706.06,66.36,6.942094019,54000,54000
8c4b687ca4a1990d11805669c1b84379ac6d7a7a,1713.01,66.37,6.981182240,54000,54000
8c4b687ca4a1990d11805669c1b84379ac6d7a7a,1723.10,67.16,7.009656500,54000,54000
8c4b687ca4a1990d11805669c1b84379ac6d7a7a,1713.81,66.45,6.975621190,55000,54000
8c4b687ca4a1990d11805669c1b84379ac6d7a7a,1709.40,66.41,6.953781894,54000,55000
e99f524c4bc4c76fbaeb9d886e38e73d647baf13,1728.02,67.27,7.049465247,54000,54000
e99f524c4bc4c76fbaeb9d886e38e73d647baf13,1730.32,67.43,7.051913333,54000,54000
e99f524c4bc4c76fbaeb9d886e38e73d647baf13,1714.11,66.84,6.983359917,54000,55000
e99f524c4bc4c76fbaeb9d886e38e73d647baf13,1712.68,66.44,6.984439663,54000,55000
e99f524c4bc4c76fbaeb9d886e38e73d647baf13,1705.24,66.41,6.942114883,54000,55000
e99f524c4bc4c76fbaeb9d886e38e73d647baf13,1721.46,66.84,7.002437585,54000,55000
e99f524c4bc4c76fbaeb9d886e38e73d647baf13,1749.99,68.00,7.136560709,55000,55000
e99f524c4bc4c76fbaeb9d886e38e73d647baf13,1724.48,67.40,7.029034138,54000,54000
e99f524c4bc4c76fbaeb9d886e38e73d647baf13,1737.54,67.26,7.080607114,54000,54000
e99f524c4bc4c76fbaeb9d886e38e73d647baf13,1720.52,66.69,7.034256218,54000,54000
e99f524c4bc4c76fbaeb9d886e38e73d647baf13,1717.70,67.00,7.003540161,54000,54000
e99f524c4bc4c76fbaeb9d886e38e73d647baf13,1710.77,66.46,6.965823867,54000,54000
e99f524c4bc4c76fbaeb9d886e38e73d647baf13,1713.68,66.79,6.984447702,53000,54000
e99f524c4bc4c76fbaeb9d886e38e73d647baf13,1744.77,67.75,7.104459476,54000,54000
e99f524c4bc4c76fbaeb9d886e38e73d647baf13,1715.40,66.80,6.981939108,54000,54000
e99f524c4bc4c76fbaeb9d886e38e73d647baf13,1716.51,66.69,6.998762634,54000,54000
e99f524c4bc4c76fbaeb9d886e38e73d647baf13,1728.58,67.25,7.019835044,54000,54000
e99f524c4bc4c76fbaeb9d886e38e73d647baf13,1707.58,66.03,6.966390217,54000,54000
e99f524c4bc4c76fbaeb9d886e38e73d647baf13,1716.66,66.91,6.979128665,54000,55000
e99f524c4bc4c76fbaeb9d886e38e73d647baf13,1726.28,67.45,7.025434249,54000,54000
e99f524c4bc4c76fbaeb9d886e38e73d647baf13,1728.15,67.22,7.039783535,55000,55000
e99f524c4bc4c76fbaeb9d886e38e73d647baf13,1711.96,66.74,6.965665956,54000,54000
e99f524c4bc4c76fbaeb9d886e38e73d647baf13,1728.79,67.02,7.044005606,54000,55000
e99f524c4bc4c76fbaeb9d886e38e73d647baf13,1701.66,66.27,6.913261019,54000,55000
e99f524c4bc4c76fbaeb9d886e38e73d647baf13,1717.44,66.99,6.994347975,55000,54000
e99f524c4bc4c76fbaeb9d886e38e73d647baf13,1720.66,66.94,7.015645175,54000,55000
e99f524c4bc4c76fbaeb9d886e38e73d647baf13,1724.54,66.98,7.012699852,54000,54000
e99f524c4bc4c76fbaeb9d886e38e73d647baf13,1727.93,67.15,7.030310408,54000,54000
e99f524c4bc4c76fbaeb9d886e38e73d647baf13,1726.33,67.20,7.027956216,54000,54000
e99f524c4bc4c76fbaeb9d886e38e73d647baf13,1718.90,66.68,7.008373736,55000,54000
189caa09767a3849f1183f26347e6103eecdcfb7,1712.45,66.47,6.971020673,55000,54000
189caa09767a3849f1183f26347e6103eecdcfb7,1725.66,66.86,7.029254263,55000,54000
189caa09767a3849f1183f26347e6103eecdcfb7,1723.51,66.99,7.032581797,55000,55000
189caa09767a3849f1183f26347e6103eecdcfb7,1717.80,67.10,7.004028005,55000,55000
189caa09767a3849f1183f26347e6103eecdcfb7,1722.50,67.24,7.005447311,54000,54000
189caa09767a3849f1183f26347e6103eecdcfb7,1737.58,67.69,7.077233504,54000,54000
189caa09767a3849f1183f26347e6103eecdcfb7,1744.99,67.89,7.106509184,55000,54000
189caa09767a3849f1183f26347e6103eecdcfb7,1716.73,66.70,7.008638541,55000,54000
189caa09767a3849f1183f26347e6103eecdcfb7,1700.72,66.04,6.928137786,54000,55000
189caa09767a3849f1183f26347e6103eecdcfb7,1733.33,67.40,7.070050969,55000,54000
189caa09767a3849f1183f26347e6103eecdcfb7,1722.87,67.22,7.025598278,55000,55000
189caa09767a3849f1183f26347e6103eecdcfb7,1703.19,66.09,6.931409062,54000,54000
189caa09767a3849f1183f26347e6103eecdcfb7,1700.49,66.36,6.922459448,54000,54000
189caa09767a3849f1183f26347e6103eecdcfb7,1701.79,66.37,6.935380968,54000,54000
189caa09767a3849f1183f26347e6103eecdcfb7,1740.42,67.59,7.102368243,54000,55000
189caa09767a3849f1183f26347e6103eecdcfb7,1725.92,67.22,7.020193736,54000,54000
189caa09767a3849f1183f26347e6103eecdcfb7,1705.26,65.93,6.947557143,54000,54000
189caa09767a3849f1183f26347e6103eecdcfb7,1733.04,67.43,7.054750072,54000,54000
189caa09767a3849f1183f26347e6103eecdcfb7,1733.44,67.40,7.056984336,54000,54000
189caa09767a3849f1183f26347e6103eecdcfb7,1732.85,67.28,7.062953481,54000,54000
189caa09767a3849f1183f26347e6103eecdcfb7,1710.37,66.43,6.969812235,54000,54000
189caa09767a3849f1183f26347e6103eecdcfb7,1727.44,67.28,7.035482270,54000,54000
189caa09767a3849f1183f26347e6103eecdcfb7,1722.20,66.79,7.007916216,54000,54000
189caa09767a3849f1183f26347e6103eecdcfb7,1709.13,66.15,6.962879163,54000,54000
189caa09767a3849f1183f26347e6103eecdcfb7,1720.82,67.26,6.996625948,54000,54000
189caa09767a3849f1183f26347e6103eecdcfb7,1698.80,65.70,6.927947444,54000,54000
189caa09767a3849f1183f26347e6103eecdcfb7,1721.50,66.95,7.010696248,54000,54000
189caa09767a3849f1183f26347e6103eecdcfb7,1722.11,66.88,7.007547493,54000,54000
189caa09767a3849f1183f26347e6103eecdcfb7,1715.43,66.95,6.971594640,55000,55000
189caa09767a3849f1183f26347e6103eecdcfb7,1726.63,67.09,7.027213044,54000,54000
d315f71f6d28e36720dca37d04b280c5dcbab944,1714.30,67.11,6.984968101,55000,55000
d315f71f6d28e36720dca37d04b280c5dcbab944,1702.56,66.17,6.943531342,54000,54000
d315f71f6d28e36720dca37d04b280c5dcbab944,1712.95,66.30,6.966260451,54000,54000
d315f71f6d28e36720dca37d04b280c5dcbab944,1712.97,66.96,6.970845840,54000,55000
d315f71f6d28e36720dca37d04b280c5dcbab944,1717.68,66.59,6.971693014,55000,56000
d315f71f6d28e36720dca37d04b280c5dcbab944,1728.40,66.98,7.021264112,55000,55000
d315f71f6d28e36720dca37d04b280c5dcbab944,1714.46,66.66,6.979721679,55000,54000
d315f71f6d28e36720dca37d04b280c5dcbab944,1718.41,66.98,6.994945167,55000,54000
d315f71f6d28e36720dca37d04b280c5dcbab944,1723.18,67.25,7.026542486,54000,54000
d315f71f6d28e36720dca37d04b280c5dcbab944,1718.01,67.20,6.984210118,54000,54000
d315f71f6d28e36720dca37d04b280c5dcbab944,1721.87,67.16,7.007668055,55000,55000
d315f71f6d28e36720dca37d04b280c5dcbab944,1713.88,67.10,6.975135689,54000,54000
d315f71f6d28e36720dca37d04b280c5dcbab944,1725.64,66.98,7.040091842,54000,54000
d315f71f6d28e36720dca37d04b280c5dcbab944,1723.11,66.86,7.022056785,54000,55000
d315f71f6d28e36720dca37d04b280c5dcbab944,1722.45,66.95,7.021172112,54000,54000
d315f71f6d28e36720dca37d04b280c5dcbab944,1710.69,66.62,6.970289670,55000,54000
d315f71f6d28e36720dca37d04b280c5dcbab944,1720.13,66.84,7.013290881,55000,54000
d315f71f6d28e36720dca37d04b280c5dcbab944,1726.57,67.11,7.036738319,55000,54000
d315f71f6d28e36720dca37d04b280c5dcbab944,1725.79,66.95,7.015651443,54000,55000
d315f71f6d28e36720dca37d04b280c5dcbab944,1716.71,67.12,6.986146068,55000,54000
d315f71f6d28e36720dca37d04b280c5dcbab944,1734.41,67.34,7.056869324,56000,54000
d315f71f6d28e36720dca37d04b280c5dcbab944,1732.15,67.41,7.053115818,54000,54000
d315f71f6d28e36720dca37d04b280c5dcbab944,1711.66,66.48,6.962427965,55000,54000
d315f71f6d28e36720dca37d04b280c5dcbab944,1726.11,67.20,7.017253890,54000,54000
d315f71f6d28e36720dca37d04b280c5dcbab944,1710.13,66.48,6.968978456,54000,55000
d315f71f6d28e36720dca37d04b280c5dcbab944,1725.02,66.94,7.029047517,54000,54000
d315f71f6d28e36720dca37d04b280c5dcbab944,1726.23,67.32,7.011845441,54000,54000
d315f71f6d28e36720dca37d04b280c5dcbab944,1754.27,69.00,7.081203819,54000,54000
d315f71f6d28e36720dca37d04b280c5dcbab944,1724.87,67.09,7.026128607,54000,54000
d315f71f6d28e36720dca37d04b280c5dcbab944,1737.92,67.39,7.096602924,54000,54000
70307eeef5bfc65c8c4228f0d75ea70c822b7595,1739.55,68.05,7.083164581,55000,54000
70307eeef5bfc65c8c4228f0d75ea70c822b7595,1728.81,67.47,7.019552267,54000,54000
70307eeef5bfc65c8c4228f0d75ea70c822b7595,1711.62,66.48,6.982179960,54000,54000
70307eeef5bfc65c8c4228f0d75ea70c822b7595,1726.89,67.15,7.032660339,56000,54000
70307eeef5bfc65c8c4228f0d75ea70c822b7595,1719.22,66.85,7.009375698,54000,54000
70307eeef5bfc65c8c4228f0d75ea70c822b7595,1708.37,66.62,6.962993169,54000,54000
70307eeef5bfc65c8c4228f0d75ea70c822b7595,1710.17,66.24,6.956258292,55000,54000
70307eeef5bfc65c8c4228f0d75ea70c822b7595,1734.46,67.22,7.066820361,54000,54000
70307eeef5bfc65c8c4228f0d75ea70c822b7595,1732.25,66.99,7.041402753,54000,54000
70307eeef5bfc65c8c4228f0d75ea70c822b7595,1722.44,67.10,7.006169704,55000,54000
70307eeef5bfc65c8c4228f0d75ea70c822b7595,1716.69,66.82,6.992363557,54000,54000
70307eeef5bfc65c8c4228f0d75ea70c822b7595,1712.62,66.41,6.984178307,55000,55000
70307eeef5bfc65c8c4228f0d75ea70c822b7595,1722.03,67.07,7.008294338,54000,55000
70307eeef5bfc65c8c4228f0d75ea70c822b7595,1724.92,67.17,7.022365935,54000,55000
70307eeef5bfc65c8c4228f0d75ea70c822b7595,1713.80,66.43,6.992860443,54000,54000
70307eeef5bfc65c8c4228f0d75ea70c822b7595,1743.31,67.94,7.100275016,54000,54000
70307eeef5bfc65c8c4228f0d75ea70c822b7595,1726.26,67.10,7.028050837,54000,54000
70307eeef5bfc65c8c4228f0d75ea70c822b7595,1729.55,67.23,7.021910012,54000,53000
70307eeef5bfc65c8c4228f0d75ea70c822b7595,1716.49,66.45,6.992255464,54000,54000
70307eeef5bfc65c8c4228f0d75ea70c822b7595,1687.27,65.55,6.871143824,54000,55000
70307eeef5bfc65c8c4228f0d75ea70c822b7595,1716.52,66.76,6.991598505,54000,54000
70307eeef5bfc65c8c4228f0d75ea70c822b7595,1718.96,66.68,6.995778241,54000,54000
70307eeef5bfc65c8c4228f0d75ea70c822b7595,1733.39,67.45,7.050438035,54000,55000
70307eeef5bfc65c8c4228f0d75ea70c822b7595,1733.66,67.43,7.062474233,54000,54000
70307eeef5bfc65c8c4228f0d75ea70c822b7595,1723.17,67.03,7.014320155,54000,54000
70307eeef5bfc65c8c4228f0d75ea70c822b7595,1713.87,66.70,6.969636919,54000,54000
70307eeef5bfc65c8c4228f0d75ea70c822b7595,1727.89,67.00,7.050803404,53000,54000
70307eeef5bfc65c8c4228f0d75ea70c822b7595,1734.59,67.62,7.054813524,54000,54000
70307eeef5bfc65c8c4228f0d75ea70c822b7595,1735.47,67.49,7.061847783,55000,55000
70307eeef5bfc65c8c4228f0d75ea70c822b7595,1724.25,67.13,7.021180230,54000,54000
a337919be5de3731ace984e21b9cb25f80804d8f,1721.76,67.33,7.012332614,54000,54000
a337919be5de3731ace984e21b9cb25f80804d8f,1740.36,67.74,7.089811650,54000,54000
a337919be5de3731ace984e21b9cb25f80804d8f,1720.59,66.95,6.996324841,54000,54000
a337919be5de3731ace984e21b9cb25f80804d8f,1724.80,67.11,7.015078796,54000,54000
a337919be5de3731ace984e21b9cb25f80804d8f,1727.92,67.38,7.031742328,54000,54000
a337919be5de3731ace984e21b9cb25f80804d8f,1724.18,67.18,7.011383032,56000,54000
a337919be5de3731ace984e21b9cb25f80804d8f,1706.17,66.40,6.956055238,54000,54000
a337919be5de3731ace984e21b9cb25f80804d8f,1718.12,66.89,7.002685783,54000,54000
a337919be5de3731ace984e21b9cb25f80804d8f,1731.59,67.44,7.037395608,54000,54000
a337919be5de3731ace984e21b9cb25f80804d8f,1762.91,68.74,7.176059031,54000,55000
a337919be5de3731ace984e21b9cb25f80804d8f,1724.30,66.87,7.009778686,54000,54000
a337919be5de3731ace984e21b9cb25f80804d8f,1728.96,67.49,7.041447023,54000,55000
a337919be5de3731ace984e21b9cb25f80804d8f,1724.87,66.99,7.023128812,54000,54000
a337919be5de3731ace984e21b9cb25f80804d8f,1712.72,66.34,6.981253249,54000,54000
a337919be5de3731ace984e21b9cb25f80804d8f,1730.35,67.30,7.029022139,54000,54000
a337919be5de3731ace984e21b9cb25f80804d8f,1733.87,67.47,7.062096938,54000,54000
a337919be5de3731ace984e21b9cb25f80804d8f,1726.24,66.82,7.050847934,54000,54000
a337919be5de3731ace984e21b9cb25f80804d8f,1753.80,68.20,7.146112024,54000,54000
a337919be5de3731ace984e21b9cb25f80804d8f,1715.94,66.46,6.997602891,55000,55000
a337919be5de3731ace984e21b9cb25f80804d8f,1725.29,67.00,7.026830372,54000,54000
a337919be5de3731ace984e21b9cb25f80804d8f,1719.25,66.74,6.992316539,54000,54000
a337919be5de3731ace984e21b9cb25f80804d8f,1732.74,67.35,7.048943268,54000,55000
a337919be5de3731ace984e21b9cb25f80804d8f,1701.55,66.26,6.931608256,55000,54000
a337919be5de3731ace984e21b9cb25f80804d8f,1739.67,67.78,7.077103245,54000,54000
a337919be5de3731ace984e21b9cb25f80804d8f,1715.81,66.46,6.985808115,54000,54000
a337919be5de3731ace984e21b9cb25f80804d8f,1751.73,68.43,7.116560525,54000,54000
a337919be5de3731ace984e21b9cb25f80804d8f,1702.49,66.37,6.928172726,54000,54000
a337919be5de3731ace984e21b9cb25f80804d8f,1730.53,67.42,7.046172000,54000,54000
a337919be5de3731ace984e21b9cb25f80804d8f,1697.78,66.00,6.911686305,54000,54000
a337919be5de3731ace984e21b9cb25f80804d8f,1726.80,66.99,7.028267167,54000,54000
d7adc98b85f8a653143c4f9362a5282ab8180516,1711.83,66.56,6.976077682,54000,54000
d7adc98b85f8a653143c4f9362a5282ab8180516,1735.27,67.71,7.075959831,54000,54000
d7adc98b85f8a653143c4f9362a5282ab8180516,1723.46,66.89,7.028104125,54000,54000
d7adc98b85f8a653143c4f9362a5282ab8180516,1717.57,66.91,7.001801391,54000,54000
d7adc98b85f8a653143c4f9362a5282ab8180516,1701.45,66.01,6.937014127,54000,54000
d7adc98b85f8a653143c4f9362a5282ab8180516,1727.57,67.03,7.033341562,54000,54000
d7adc98b85f8a653143c4f9362a5282ab8180516,1696.07,65.56,6.914662910,55000,54000
d7adc98b85f8a653143c4f9362a5282ab8180516,1740.41,67.66,7.077352424,54000,54000
d7adc98b85f8a653143c4f9362a5282ab8180516,1711.39,66.71,6.979430390,54000,55000
d7adc98b85f8a653143c4f9362a5282ab8180516,1714.24,66.52,6.990456253,55000,54000
d7adc98b85f8a653143c4f9362a5282ab8180516,1709.64,66.32,6.980302263,54000,54000
d7adc98b85f8a653143c4f9362a5282ab8180516,1714.27,66.67,6.974935407,54000,55000
d7adc98b85f8a653143c4f9362a5282ab8180516,1707.47,66.30,6.944945207,54000,54000
d7adc98b85f8a653143c4f9362a5282ab8180516,1722.02,66.81,7.024907905,54000,54000
d7adc98b85f8a653143c4f9362a5282ab8180516,1736.20,67.26,7.072829746,54000,54000
d7adc98b85f8a653143c4f9362a5282ab8180516,1733.57,67.53,7.071422469,54000,54000
d7adc98b85f8a653143c4f9362a5282ab8180516,1735.51,67.56,7.060198422,54000,54000
d7adc98b85f8a653143c4f9362a5282ab8180516,1721.30,66.80,7.010938673,54000,54000
d7adc98b85f8a653143c4f9362a5282ab8180516,1762.63,68.28,7.200415178,54000,54000
d7adc98b85f8a653143c4f9362a5282ab8180516,1708.59,66.15,6.949491829,54000,54000
d7adc98b85f8a653143c4f9362a5282ab8180516,1727.10,67.03,7.023682384,54000,53000
d7adc98b85f8a653143c4f9362a5282ab8180516,1742.31,67.85,7.086391262,54000,53000
d7adc98b85f8a653143c4f9362a5282ab8180516,1742.35,67.37,7.107741139,55000,54000
d7adc98b85f8a653143c4f9362a5282ab8180516,1725.25,66.91,7.037911664,54000,54000
d7adc98b85f8a653143c4f9362a5282ab8180516,1721.93,66.54,7.010400367,55000,54000
d7adc98b85f8a653143c4f9362a5282ab8180516,1705.69,66.31,6.941927798,54000,54000
d7adc98b85f8a653143c4f9362a5282ab8180516,1718.85,66.99,6.993912229,54000,54000
d7adc98b85f8a653143c4f9362a5282ab8180516,1719.93,66.54,7.036429223,54000,53000
d7adc98b85f8a653143c4f9362a5282ab8180516,1709.18,66.25,6.959268370,54000,54000
d7adc98b85f8a653143c4f9362a5282ab8180516,1700.31,66.11,6.929061489,54000,54000
cde150d8918ce8482e4f6269889ccae715127163,1713.80,66.76,6.974405018,54000,54000
cde150d8918ce8482e4f6269889ccae715127163,1710.31,66.42,6.980525169,54000,54000
cde150d8918ce8482e4f6269889ccae715127163,1729.25,67.73,7.049655903,54000,54000
cde150d8918ce8482e4f6269889ccae715127163,1706.36,66.53,6.949047325,54000,54000
cde150d8918ce8482e4f6269889ccae715127163,1709.04,66.47,6.967989000,54000,54000
cde150d8918ce8482e4f6269889ccae715127163,1710.05,66.21,6.970781280,54000,54000
cde150d8918ce8482e4f6269889ccae715127163,1716.14,66.73,6.992754423,54000,54000
cde150d8918ce8482e4f6269889ccae715127163,1752.69,68.22,7.129645755,54000,54000
cde150d8918ce8482e4f6269889ccae715127163,1714.09,66.54,6.976177402,54000,54000
cde150d8918ce8482e4f6269889ccae715127163,1706.21,66.31,6.950647329,54000,55000
cde150d8918ce8482e4f6269889ccae715127163,1706.46,66.21,6.955261723,54000,54000
cde150d8918ce8482e4f6269889ccae715127163,1728.37,66.87,7.048070938,55000,54000
cde150d8918ce8482e4f6269889ccae715127163,1722.48,67.08,7.015694241,55000,54000
cde150d8918ce8482e4f6269889ccae715127163,1717.18,66.74,6.991331953,54000,54000
cde150d8918ce8482e4f6269889ccae715127163,1718.35,66.83,6.999277462,54000,54000
cde150d8918ce8482e4f6269889ccae715127163,1747.38,67.78,7.117576105,54000,54000
cde150d8918ce8482e4f6269889ccae715127163,1731.63,67.44,7.042050367,54000,54000
cde150d8918ce8482e4f6269889ccae715127163,1727.96,67.13,7.025325034,54000,54000
cde150d8918ce8482e4f6269889ccae715127163,1697.37,65.94,6.922226595,54000,54000
cde150d8918ce8482e4f6269889ccae715127163,1722.30,66.93,7.017720254,54000,54000
cde150d8918ce8482e4f6269889ccae715127163,1715.69,66.83,6.999230423,55000,54000
cde150d8918ce8482e4f6269889ccae715127163,1719.87,66.78,7.004134985,54000,54000
cde150d8918ce8482e4f6269889ccae715127163,1728.37,67.38,7.036132136,54000,54000
cde150d8918ce8482e4f6269889ccae715127163,1733.10,67.66,7.038993227,54000,54000
cde150d8918ce8482e4f6269889ccae715127163,1736.91,67.66,7.057209501,54000,54000
cde150d8918ce8482e4f6269889ccae715127163,1728.21,67.14,7.033684192,55000,55000
cde150d8918ce8482e4f6269889ccae715127163,1722.34,67.04,7.008010142,54000,54000
cde150d8918ce8482e4f6269889ccae715127163,1722.36,67.01,7.031160921,54000,54000
cde150d8918ce8482e4f6269889ccae715127163,1732.91,67.33,7.071438095,54000,55000
cde150d8918ce8482e4f6269889ccae715127163,1724.33,66.91,7.037542851,54000,54000
a0cec4ac7034650d2d5e619b593f76ac966354f3,1719.94,66.72,7.005657922,54000,54000
a0cec4ac7034650d2d5e619b593f76ac966354f3,1748.57,67.88,7.127923573,54000,55000
a0cec4ac7034650d2d5e619b593f76ac966354f3,1726.00,67.30,7.031978166,54000,54000
a0cec4ac7034650d2d5e619b593f76ac966354f3,1702.13,66.28,6.930109339,55000,54000
a0cec4ac7034650d2d5e619b593f76ac966354f3,1704.34,66.44,6.938889590,54000,54000
a0cec4ac7034650d2d5e619b593f76ac966354f3,1728.30,67.36,7.021354474,54000,54000
a0cec4ac7034650d2d5e619b593f76ac966354f3,1725.42,67.19,7.026856442,54000,54000
a0cec4ac7034650d2d5e619b593f76ac966354f3,1707.79,66.56,6.972674718,55000,55000
a0cec4ac7034650d2d5e619b593f76ac966354f3,1719.15,67.08,6.996109883,54000,54000
a0cec4ac7034650d2d5e619b593f76ac966354f3,1719.63,67.03,7.002466401,54000,54000
a0cec4ac7034650d2d5e619b593f76ac966354f3,1733.10,67.43,7.058421173,54000,55000
a0cec4ac7034650d2d5e619b593f76ac966354f3,1706.59,66.32,6.950323654,54000,54000
a0cec4ac7034650d2d5e619b593f76ac966354f3,1711.12,66.59,6.966131643,54000,54000
a0cec4ac7034650d2d5e619b593f76ac966354f3,1754.00,68.42,7.137630400,54000,54000
a0cec4ac7034650d2d5e619b593f76ac966354f3,1711.23,66.50,6.977751072,54000,54000
a0cec4ac7034650d2d5e619b593f76ac966354f3,1726.52,66.83,7.021286026,54000,54000
a0cec4ac7034650d2d5e619b593f76ac966354f3,1724.41,67.17,7.017475484,54000,54000
a0cec4ac7034650d2d5e619b593f76ac966354f3,1748.82,68.02,7.123192910,54000,54000
a0cec4ac7034650d2d5e619b593f76ac966354f3,1709.26,66.40,6.961085636,55000,55000
a0cec4ac7034650d2d5e619b593f76ac966354f3,1705.57,66.28,6.964881618,55000,55000
a0cec4ac7034650d2d5e619b593f76ac966354f3,1718.75,66.29,6.999051888,55000,54000
a0cec4ac7034650d2d5e619b593f76ac966354f3,1721.85,67.16,7.015082789,54000,54000
a0cec4ac7034650d2d5e619b593f76ac966354f3,1755.49,68.15,7.130358110,54000,54000
a0cec4ac7034650d2d5e619b593f76ac966354f3,1732.07,67.21,7.053955224,54000,54000
a0cec4ac7034650d2d5e619b593f76ac966354f3,1715.28,66.85,6.982935457,54000,54000
a0cec4ac7034650d2d5e619b593f76ac966354f3,1746.19,67.88,7.097685469,54000,54000
a0cec4ac7034650d2d5e619b593f76ac966354f3,1714.74,66.41,6.989948148,54000,53000
a0cec4ac7034650d2d5e619b593f76ac966354f3,1740.49,67.64,7.094662379,54000,54000
a0cec4ac7034650d2d5e619b593f76ac966354f3,1719.35,66.93,6.990690466,54000,54000
a0cec4ac7034650d2d5e619b593f76ac966354f3,1721.02,66.86,7.013195817,54000,54000
cf459aa18e41d5744664e334c8081e862efc0d73,1732.57,66.83,7.051230788,54000,54000
cf459aa18e41d5744664e334c8081e862efc0d73,1733.49,67.43,7.070727893,53000,54000
cf459aa18e41d5744664e334c8081e862efc0d73,1734.96,67.36,7.078134192,54000,54000
cf459aa18e41d5744664e334c8081e862efc0d73,1723.31,66.87,7.036831631,55000,54000
cf459aa18e41d5744664e334c8081e862efc0d73,1721.27,67.10,7.012337260,54000,54000
cf459aa18e41d5744664e334c8081e862efc0d73,1732.77,67.59,7.062212180,54000,54000
cf459aa18e41d5744664e334c8081e862efc0d73,1722.66,66.98,7.020772076,54000,54000
cf459aa18e41d5744664e334c8081e862efc0d73,1717.58,66.81,6.986506160,55000,54000
cf459aa18e41d5744664e334c8081e862efc0d73,1720.62,67.00,7.008249404,54000,55000
cf459aa18e41d5744664e334c8081e862efc0d73,1718.59,66.96,6.994963201,54000,54000
cf459aa18e41d5744664e334c8081e862efc0d73,1752.41,68.47,7.134336416,55000,55000
cf459aa18e41d5744664e334c8081e862efc0d73,1711.40,66.92,6.957816985,54000,55000
cf459aa18e41d5744664e334c8081e862efc0d73,1732.71,67.40,7.062439471,54000,55000
cf459aa18e41d5744664e334c8081e862efc0d73,1703.16,66.28,6.929402777,55000,54000
cf459aa18e41d5744664e334c8081e862efc0d73,1720.53,66.60,7.017259235,54000,54000
cf459aa18e41d5744664e334c8081e862efc0d73,1714.43,66.48,6.979607842,54000,54000
cf459aa18e41d5744664e334c8081e862efc0d73,1718.09,67.08,7.002318271,54000,54000
cf459aa18e41d5744664e334c8081e862efc0d73,1725.71,66.79,7.017609947,54000,55000
cf459aa18e41d5744664e334c8081e862efc0d73,1730.49,67.01,7.063743718,54000,54000
cf459aa18e41d5744664e334c8081e862efc0d73,1726.45,67.03,7.028221911,54000,54000
cf459aa18e41d5744664e334c8081e862efc0d73,1727.72,67.27,7.028422436,54000,54000
cf459aa18e41d5744664e334c8081e862efc0d73,1724.65,66.91,7.008644737,54000,54000
cf459aa18e41d5744664e334c8081e862efc0d73,1718.69,66.81,6.992691653,54000,54000
cf459aa18e41d5744664e334c8081e862efc0d73,1727.64,67.09,7.025252011,54000,54000
cf459aa18e41d5744664e334c8081e862efc0d73,1732.41,67.39,7.058828846,54000,54000
cf459aa18e41d5744664e334c8081e862efc0d73,1720.38,66.98,6.986866488,55000,54000
cf459aa18e41d5744664e334c8081e862efc0d73,1712.43,66.63,6.964308362,55000,54000
cf459aa18e41d5744664e334c8081e862efc0d73,1710.86,66.62,6.974760019,54000,54000
cf459aa18e41d5744664e334c8081e862efc0d73,1742.05,67.78,7.093433032,54000,54000
cf459aa18e41d5744664e334c8081e862efc0d73,1718.28,67.19,6.987490104,54000,54000
d75365b833a30ea755c4f077a170c854ff206ee1,1699.41,66.28,6.933669835,54000,55000
d75365b833a30ea755c4f077a170c854ff206ee1,1715.01,66.49,6.985503280,54000,54000
d75365b833a30ea755c4f077a170c854ff206ee1,1734.32,67.69,7.063786058,54000,54000
d75365b833a30ea755c4f077a170c854ff206ee1,1729.69,67.23,7.048321404,54000,54000
d75365b833a30ea755c4f077a170c854ff206ee1,1747.30,68.14,7.119855250,55000,54000
d75365b833a30ea755c4f077a170c854ff206ee1,1702.89,65.94,6.940754053,54000,54000
d75365b833a30ea755c4f077a170c854ff206ee1,1718.82,66.59,6.981583122,54000,54000
d75365b833a30ea755c4f077a170c854ff206ee1,1725.02,67.16,7.005448031,54000,55000
d75365b833a30ea755c4f077a170c854ff206ee1,1710.53,66.57,6.957166380,54000,54000
d75365b833a30ea755c4f077a170c854ff206ee1,1711.43,66.73,6.989651665,55000,54000
d75365b833a30ea755c4f077a170c854ff206ee1,1739.11,67.57,7.085775715,54000,54000
d75365b833a30ea755c4f077a170c854ff206ee1,1720.90,66.84,6.994651364,55000,54000
d75365b833a30ea755c4f077a170c854ff206ee1,1715.58,66.97,6.989112266,54000,54000
d75365b833a30ea755c4f077a170c854ff206ee1,1702.46,66.22,6.945507208,54000,54000
d75365b833a30ea755c4f077a170c854ff206ee1,1719.37,66.59,7.019552103,54000,54000
d75365b833a30ea755c4f077a170c854ff206ee1,1734.67,67.70,7.048410125,53000,54000
d75365b833a30ea755c4f077a170c854ff206ee1,1714.01,66.59,6.985998598,54000,54000
d75365b833a30ea755c4f077a170c854ff206ee1,1712.12,66.64,6.969588280,54000,54000
d75365b833a30ea755c4f077a170c854ff206ee1,1705.83,66.48,6.955098198,55000,55000
d75365b833a30ea755c4f077a170c854ff206ee1,1727.16,67.08,7.031194114,55000,54000
d75365b833a30ea755c4f077a170c854ff206ee1,1703.24,66.36,6.937951533,54000,54000
d75365b833a30ea755c4f077a170c854ff206ee1,1742.79,67.96,7.096012526,54000,54000
d75365b833a30ea755c4f077a170c854ff206ee1,1740.45,67.47,7.085033525,54000,54000
d75365b833a30ea755c4f077a170c854ff206ee1,1715.43,66.68,6.980404649,55000,54000
d75365b833a30ea755c4f077a170c854ff206ee1,1714.37,66.69,6.992282707,54000,55000
d75365b833a30ea755c4f077a170c854ff206ee1,1721.33,67.06,7.013351375,54000,54000
d75365b833a30ea755c4f077a170c854ff206ee1,1723.48,66.92,7.031656158,54000,54000
d75365b833a30ea755c4f077a170c854ff206ee1,1733.42,67.47,7.039779280,54000,54000
d75365b833a30ea755c4f077a170c854ff206ee1,1706.77,66.52,6.942179103,54000,54000
d75365b833a30ea755c4f077a170c854ff206ee1,1710.57,66.65,6.968277831,54000,54000
61edd45cbde317f37cd9d59c6c1ae20e049c1c0b,1717.73,66.87,6.995239919,55000,54000
61edd45cbde317f37cd9d59c6c1ae20e049c1c0b,1722.89,67.19,7.024394875,54000,55000
61edd45cbde317f37cd9d59c6c1ae20e049c1c0b,1721.46,67.39,7.003392919,54000,54000
61edd45cbde317f37cd9d59c6c1ae20e049c1c0b,1715.37,66.70,6.989491460,54000,54000
61edd45cbde317f37cd9d59c6c1ae20e049c1c0b,1721.41,66.85,7.013488576,55000,54000
61edd45cbde317f37cd9d59c6c1ae20e049c1c0b,1722.43,66.84,7.015149382,54000,54000
61edd45cbde317f37cd9d59c6c1ae20e049c1c0b,1720.69,67.29,7.001932354,54000,54000
61edd45cbde317f37cd9d59c6c1ae20e049c1c0b,1732.97,67.26,7.072937962,54000,54000
61edd45cbde317f37cd9d59c6c1ae20e049c1c0b,1718.34,66.92,7.005540443,55000,54000
61edd45cbde317f37cd9d59c6c1ae20e049c1c0b,1773.45,68.92,7.238227502,54000,55000
61edd45cbde317f37cd9d59c6c1ae20e049c1c0b,1742.78,67.48,7.122748189,55000,55000
61edd45cbde317f37cd9d59c6c1ae20e049c1c0b,1731.80,67.31,7.056612654,54000,55000
61edd45cbde317f37cd9d59c6c1ae20e049c1c0b,1711.44,66.54,6.971509108,54000,54000
61edd45cbde317f37cd9d59c6c1ae20e049c1c0b,1718.54,66.89,7.015767388,54000,54000
61edd45cbde317f37cd9d59c6c1ae20e049c1c0b,1746.10,67.93,7.102735438,54000,55000
61edd45cbde317f37cd9d59c6c1ae20e049c1c0b,1694.79,65.96,6.902352277,54000,54000
61edd45cbde317f37cd9d59c6c1ae20e049c1c0b,1729.85,67.10,7.031432717,54000,54000
61edd45cbde317f37cd9d59c6c1ae20e049c1c0b,1711.69,66.71,6.969422900,54000,54000
61edd45cbde317f37cd9d59c6c1ae20e049c1c0b,1738.41,67.48,7.094354136,54000,55000
61edd45cbde317f37cd9d59c6c1ae20e049c1c0b,1723.24,67.18,7.002478755,54000,54000
61edd45cbde317f37cd9d59c6c1ae20e049c1c0b,1760.77,68.88,7.151042943,54000,54000
61edd45cbde317f37cd9d59c6c1ae20e049c1c0b,1716.28,66.74,6.988224473,54000,54000
61edd45cbde317f37cd9d59c6c1ae20e049c1c0b,1719.34,66.57,7.003954829,54000,54000
61edd45cbde317f37cd9d59c6c1ae20e049c1c0b,1709.69,66.41,6.944880645,54000,55000
61edd45cbde317f37cd9d59c6c1ae20e049c1c0b,1734.97,67.07,7.057963945,54000,55000
61edd45cbde317f37cd9d59c6c1ae20e049c1c0b,1721.90,66.82,7.006581907,54000,54000
61edd45cbde317f37cd9d59c6c1ae20e049c1c0b,1723.03,67.19,7.023056703,54000,54000
61edd45cbde317f37cd9d59c6c1ae20e049c1c0b,1728.98,67.30,7.028102165,54000,54000
61edd45cbde317f37cd9d59c6c1ae20e049c1c0b,1734.78,67.30,7.064181106,54000,54000
61edd45cbde317f37cd9d59c6c1ae20e049c1c0b,1732.74,67.69,7.042906138,55000,54000
7d7e5339f30199351a9b8808a5ec645381911e97,1757.01,68.35,7.150907274,54000,54000
7d7e5339f30199351a9b8808a5ec645381911e97,1738.77,67.59,7.083989303,54000,54000
7d7e5339f30199351a9b8808a5ec645381911e97,1736.69,67.50,7.084747840,54000,54000
7d7e5339f30199351a9b8808a5ec645381911e97,1717.20,66.86,6.986815510,54000,54000
7d7e5339f30199351a9b8808a5ec645381911e97,1718.91,66.97,7.002673360,54000,55000
7d7e5339f30199351a9b8808a5ec645381911e97,1718.97,67.16,6.983434867,54000,54000
7d7e5339f30199351a9b8808a5ec645381911e97,1729.17,66.95,7.038542633,55000,54000
7d7e5339f30199351a9b8808a5ec645381911e97,1733.49,67.34,7.043515750,55000,54000
7d7e5339f30199351a9b8808a5ec645381911e97,1753.69,68.34,7.161733832,54000,54000
7d7e5339f30199351a9b8808a5ec645381911e97,1725.81,67.47,7.016546426,54000,54000
7d7e5339f30199351a9b8808a5ec645381911e97,1721.91,66.87,7.010352156,55000,54000
7d7e5339f30199351a9b8808a5ec645381911e97,1708.66,66.45,6.954077510,54000,54000
7d7e5339f30199351a9b8808a5ec645381911e97,1753.00,68.06,7.149907156,54000,54000
7d7e5339f30199351a9b8808a5ec645381911e97,1726.92,67.21,7.039771449,54000,55000
7d7e5339f30199351a9b8808a5ec645381911e97,1719.43,66.65,7.004951277,54000,55000
7d7e5339f30199351a9b8808a5ec645381911e97,1718.08,66.85,7.000306936,54000,54000
7d7e5339f30199351a9b8808a5ec645381911e97,1726.67,67.14,7.016494600,54000,55000
7d7e5339f30199351a9b8808a5ec645381911e97,1716.36,66.87,6.988805077,54000,54000
7d7e5339f30199351a9b8808a5ec645381911e97,1721.20,66.93,7.000715900,54000,54000
7d7e5339f30199351a9b8808a5ec645381911e97,1723.44,67.14,7.003113313,54000,54000
7d7e5339f30199351a9b8808a5ec645381911e97,1710.30,66.34,6.960045200,54000,54000
7d7e5339f30199351a9b8808a5ec645381911e97,1717.36,66.70,6.968236084,54000,54000
7d7e5339f30199351a9b8808a5ec645381911e97,1740.54,67.80,7.083783079,54000,54000
7d7e5339f30199351a9b8808a5ec645381911e97,1729.70,67.27,7.031029982,54000,54000
7d7e5339f30199351a9b8808a5ec645381911e97,1726.75,67.34,7.029851066,54000,54000
7d7e5339f30199351a9b8808a5ec645381911e97,1734.71,67.42,7.073977263,54000,54000
7d7e5339f30199351a9b8808a5ec645381911e97,1695.32,65.62,6.917728996,54000,54000
7d7e5339f30199351a9b8808a5ec645381911e97,1717.80,66.94,6.973877783,54000,54000
7d7e5339f30199351a9b8808a5ec645381911e97,1712.11,66.50,6.973986976,54000,54000
7d7e5339f30199351a9b8808a5ec645381911e97,1722.42,67.23,7.010620541,54000,54000
d8a5247897308d7d06cad85760f1d3e9187e6bfb,1730.59,67.17,7.035846092,55000,55000
d8a5247897308d7d06cad85760f1d3e9187e6bfb,1706.30,66.74,6.962387656,54000,54000
d8a5247897308d7d06cad85760f1d3e9187e6bfb,1698.12,65.88,6.920689047,54000,55000
d8a5247897308d7d06cad85760f1d3e9187e6bfb,1742.45,67.90,7.090441634,54000,55000
d8a5247897308d7d06cad85760f1d3e9187e6bfb,1737.28,67.44,7.076205670,54000,54000
d8a5247897308d7d06cad85760f1d3e9187e6bfb,1725.89,67.13,7.036596584,55000,55000
d8a5247897308d7d06cad85760f1d3e9187e6bfb,1716.62,66.94,6.992855560,55000,54000
d8a5247897308d7d06cad85760f1d3e9187e6bfb,1748.85,68.25,7.122435419,54000,54000
d8a5247897308d7d06cad85760f1d3e9187e6bfb,1708.96,66.39,6.968353548,55000,54000
d8a5247897308d7d06cad85760f1d3e9187e6bfb,1713.70,66.75,6.984139619,54000,54000
d8a5247897308d7d06cad85760f1d3e9187e6bfb,1751.23,67.99,7.145684827,54000,54000
d8a5247897308d7d06cad85760f1d3e9187e6bfb,1716.84,66.30,6.981401887,54000,54000
d8a5247897308d7d06cad85760f1d3e9187e6bfb,1727.00,67.21,7.030804188,54000,54000
d8a5247897308d7d06cad85760f1d3e9187e6bfb,1722.26,67.05,7.012223664,54000,54000
d8a5247897308d7d06cad85760f1d3e9187e6bfb,1719.92,66.94,7.015299097,54000,54000
d8a5247897308d7d06cad85760f1d3e9187e6bfb,1718.91,66.96,7.002996762,54000,54000
d8a5247897308d7d06cad85760f1d3e9187e6bfb,1700.86,66.26,6.911209753,55000,54000
d8a5247897308d7d06cad85760f1d3e9187e6bfb,1753.80,68.30,7.123220356,54000,55000
d8a5247897308d7d06cad85760f1d3e9187e6bfb,1717.04,66.74,6.975147974,54000,54000
d8a5247897308d7d06cad85760f1d3e9187e6bfb,1743.11,67.87,7.099707170,54000,54000
d8a5247897308d7d06cad85760f1d3e9187e6bfb,1743.68,68.03,7.098543348,54000,55000
d8a5247897308d7d06cad85760f1d3e9187e6bfb,1727.75,66.99,7.043900586,54000,54000
d8a5247897308d7d06cad85760f1d3e9187e6bfb,1727.64,67.19,7.027868763,55000,54000
d8a5247897308d7d06cad85760f1d3e9187e6bfb,1707.11,66.40,6.944059155,54000,54000
d8a5247897308d7d06cad85760f1d3e9187e6bfb,1706.79,66.20,6.952363098,54000,54000
d8a5247897308d7d06cad85760f1d3e9187e6bfb,1725.10,67.00,7.011183379,54000,54000
d8a5247897308d7d06cad85760f1d3e9187e6bfb,1749.94,67.77,7.114500857,54000,54000
d8a5247897308d7d06cad85760f1d3e9187e6bfb,1711.67,66.73,6.957815944,54000,54000
d8a5247897308d7d06cad85760f1d3e9187e6bfb,1716.91,66.82,6.982626721,54000,54000
d8a5247897308d7d06cad85760f1d3e9187e6bfb,1723.85,67.28,7.014711124,56000,55000
e5e6d3f83f95eafc4e5a0bb03015e5edcde37d28,1728.93,67.45,7.023317521,55000,54000
e5e6d3f83f95eafc4e5a0bb03015e5edcde37d28,1719.90,67.13,7.004594091,54000,54000
e5e6d3f83f95eafc4e5a0bb03015e5edcde37d28,1735.66,67.81,7.058582520,54000,54000
e5e6d3f83f95eafc4e5a0bb03015e5edcde37d28,1719.59,66.99,7.012555776,54000,54000
e5e6d3f83f95eafc4e5a0bb03015e5edcde37d28,1713.01,66.59,6.984391212,55000,54000
e5e6d3f83f95eafc4e5a0bb03015e5edcde37d28,1714.60,67.06,6.992002672,54000,54000
e5e6d3f83f95eafc4e5a0bb03015e5edcde37d28,1708.26,66.52,6.956015657,55000,54000
e5e6d3f83f95eafc4e5a0bb03015e5edcde37d28,1722.44,66.88,7.007901413,54000,54000
e5e6d3f83f95eafc4e5a0bb03015e5edcde37d28,1727.52,67.11,7.032292570,54000,54000
e5e6d3f83f95eafc4e5a0bb03015e5edcde37d28,1721.68,66.71,7.010721722,54000,54000
e5e6d3f83f95eafc4e5a0bb03015e5edcde37d28,1726.39,67.39,7.030829686,54000,54000
e5e6d3f83f95eafc4e5a0bb03015e5edcde37d28,1712.08,66.45,6.962321293,54000,54000
e5e6d3f83f95eafc4e5a0bb03015e5edcde37d28,1719.68,66.97,6.984592069,54000,54000
e5e6d3f83f95eafc4e5a0bb03015e5edcde37d28,1730.08,67.28,7.044576898,54000,54000
e5e6d3f83f95eafc4e5a0bb03015e5edcde37d28,1716.50,66.68,6.996617194,54000,54000
e5e6d3f83f95eafc4e5a0bb03015e5edcde37d28,1741.07,67.79,7.082037891,54000,55000
e5e6d3f83f95eafc4e5a0bb03015e5edcde37d28,1719.29,66.56,6.992550102,54000,54000
e5e6d3f83f95eafc4e5a0bb03015e5edcde37d28,1723.30,67.03,7.014681938,54000,54000
e5e6d3f83f95eafc4e5a0bb03015e5edcde37d28,1714.84,66.57,6.987897603,55000,55000
e5e6d3f83f95eafc4e5a0bb03015e5edcde37d28,1733.27,67.37,7.052094929,54000,54000
e5e6d3f83f95eafc4e5a0bb03015e5edcde37d28,1725.60,67.04,7.019214088,54000,55000
e5e6d3f83f95eafc4e5a0bb03015e5edcde37d28,1722.19,66.99,6.993275938,54000,55000
e5e6d3f83f95eafc4e5a0bb03015e5edcde37d28,1723.62,66.92,7.032301849,54000,54000
e5e6d3f83f95eafc4e5a0bb03015e5edcde37d28,1711.90,66.39,6.974170339,54000,55000
e5e6d3f83f95eafc4e5a0bb03015e5edcde37d28,1728.82,67.23,7.037130725,54000,55000
e5e6d3f83f95eafc4e5a0bb03015e5edcde37d28,1746.66,67.59,7.132828094,54000,54000
e5e6d3f83f95eafc4e5a0bb03015e5edcde37d28,1743.38,67.75,7.081068381,54000,54000
e5e6d3f83f95eafc4e5a0bb03015e5edcde37d28,1732.94,67.69,7.045658092,55000,54000
e5e6d3f83f95eafc4e5a0bb03015e5edcde37d28,1713.39,66.28,6.976587078,55000,55000
e5e6d3f83f95eafc4e5a0bb03015e5edcde37d28,1734.24,67.59,7.049396146,55000,54000
681e4eb04e4ea046e3be67bbcbbbc2d1712c24e4,1725.43,67.27,7.012573767,55000,54000
681e4eb04e4ea046e3be67bbcbbbc2d1712c24e4,1709.44,66.73,6.968840478,54000,54000
681e4eb04e4ea046e3be67bbcbbbc2d1712c24e4,1718.03,66.88,7.000560244,54000,54000
681e4eb04e4ea046e3be67bbcbbbc2d1712c24e4,1721.37,66.64,7.011920555,54000,54000
681e4eb04e4ea046e3be67bbcbbbc2d1712c24e4,1740.72,67.83,7.072397527,55000,55000
681e4eb04e4ea046e3be67bbcbbbc2d1712c24e4,1714.11,66.60,6.964964329,54000,54000
681e4eb04e4ea046e3be67bbcbbbc2d1712c24e4,1728.04,67.61,7.020202956,55000,55000
681e4eb04e4ea046e3be67bbcbbbc2d1712c24e4,1717.79,66.60,6.994792378,54000,54000
681e4eb04e4ea046e3be67bbcbbbc2d1712c24e4,1750.54,68.01,7.124307900,54000,54000
681e4eb04e4ea046e3be67bbcbbbc2d1712c24e4,1719.44,66.79,7.002682128,55000,55000
681e4eb04e4ea046e3be67bbcbbbc2d1712c24e4,1723.80,67.05,7.002868371,54000,54000
681e4eb04e4ea046e3be67bbcbbbc2d1712c24e4,1730.96,67.35,7.041531707,55000,54000
681e4eb04e4ea046e3be67bbcbbbc2d1712c24e4,1729.85,67.16,7.033209572,54000,54000
681e4eb04e4ea046e3be67bbcbbbc2d1712c24e4,1726.75,66.97,7.029337522,54000,54000
681e4eb04e4ea046e3be67bbcbbbc2d1712c24e4,1763.17,68.49,7.182175872,54000,54000
681e4eb04e4ea046e3be67bbcbbbc2d1712c24e4,1733.40,67.44,7.040527226,54000,54000
681e4eb04e4ea046e3be67bbcbbbc2d1712c24e4,1721.66,67.24,7.013803483,54000,54000
681e4eb04e4ea046e3be67bbcbbbc2d1712c24e4,1725.60,67.13,7.011412349,54000,54000
681e4eb04e4ea046e3be67bbcbbbc2d1712c24e4,1725.07,66.97,7.011034186,54000,54000
681e4eb04e4ea046e3be67bbcbbbc2d1712c24e4,1719.55,66.84,6.994566776,55000,55000
681e4eb04e4ea046e3be67bbcbbbc2d1712c24e4,1706.76,66.34,6.943178693,55000,55000
681e4eb04e4ea046e3be67bbcbbbc2d1712c24e4,1710.54,66.35,6.946249166,54000,54000
681e4eb04e4ea046e3be67bbcbbbc2d1712c24e4,1722.88,67.09,6.992626475,55000,54000
681e4eb04e4ea046e3be67bbcbbbc2d1712c24e4,1708.02,66.27,6.974453906,54000,54000
681e4eb04e4ea046e3be67bbcbbbc2d1712c24e4,1728.20,67.22,7.027281753,54000,54000
681e4eb04e4ea046e3be67bbcbbbc2d1712c24e4,1727.85,67.03,7.028587217,54000,54000
681e4eb04e4ea046e3be67bbcbbbc2d1712c24e4,1748.48,68.08,7.115282633,54000,54000
681e4eb04e4ea046e3be67bbcbbbc2d1712c24e4,1711.56,66.75,6.956256391,54000,54000
681e4eb04e4ea046e3be67bbcbbbc2d1712c24e4,1743.44,67.62,7.120332026,54000,54000
681e4eb04e4ea046e3be67bbcbbbc2d1712c24e4,1729.94,67.45,7.047129206,55000,54000
58b67e5a07614354006880ae4b8cb1a16db15c87,1712.34,66.58,6.981277701,55000,54000
58b67e5a07614354006880ae4b8cb1a16db15c87,1729.45,67.40,7.031542294,54000,54000
58b67e5a07614354006880ae4b8cb1a16db15c87,1716.09,66.77,6.999830209,54000,55000
58b67e5a07614354006880ae4b8cb1a16db15c87,1716.36,66.57,7.005835502,54000,54000
58b67e5a07614354006880ae4b8cb1a16db15c87,1718.48,67.13,6.980472085,54000,54000
58b67e5a07614354006880ae4b8cb1a16db15c87,1721.31,66.99,7.015764579,54000,54000
58b67e5a07614354006880ae4b8cb1a16db15c87,1722.88,66.95,7.017424356,54000,54000
58b67e5a07614354006880ae4b8cb1a16db15c87,1723.88,66.91,7.013745708,55000,54000
58b67e5a07614354006880ae4b8cb1a16db15c87,1729.27,67.26,7.031830099,54000,54000
58b67e5a07614354006880ae4b8cb1a16db15c87,1703.43,66.00,6.938465393,54000,54000
58b67e5a07614354006880ae4b8cb1a16db15c87,1726.17,67.34,7.023688499,54000,54000
58b67e5a07614354006880ae4b8cb1a16db15c87,1716.15,66.74,6.994608569,54000,54000
58b67e5a07614354006880ae4b8cb1a16db15c87,1727.12,67.17,7.006033813,54000,55000
58b67e5a07614354006880ae4b8cb1a16db15c87,1706.13,66.50,6.929956998,54000,55000
58b67e5a07614354006880ae4b8cb1a16db15c87,1721.32,66.80,7.021751227,56000,55000
58b67e5a07614354006880ae4b8cb1a16db15c87,1717.63,66.84,6.984206802,55000,54000
58b67e5a07614354006880ae4b8cb1a16db15c87,1735.93,67.68,7.059815024,54000,54000
58b67e5a07614354006880ae4b8cb1a16db15c87,1729.09,67.46,7.050311835,54000,54000
58b67e5a07614354006880ae4b8cb1a16db15c87,1712.79,66.52,6.975752608,54000,54000
58b67e5a07614354006880ae4b8cb1a16db15c87,1719.44,66.67,7.017079578,54000,54000
58b67e5a07614354006880ae4b8cb1a16db15c87,1753.85,68.05,7.136865736,54000,54000
58b67e5a07614354006880ae4b8cb1a16db15c87,1722.30,66.95,6.989439246,55000,54000
58b67e5a07614354006880ae4b8cb1a16db15c87,1731.61,67.75,7.040906229,54000,54000
58b67e5a07614354006880ae4b8cb1a16db15c87,1719.54,66.99,6.997688438,54000,54000
58b67e5a07614354006880ae4b8cb1a16db15c87,1717.23,66.71,6.975300675,54000,54000
58b67e5a07614354006880ae4b8cb1a16db15c87,1728.50,67.39,7.024871719,54000,54000
58b67e5a07614354006880ae4b8cb1a16db15c87,1717.52,66.58,6.983578024,54000,54000
58b67e5a07614354006880ae4b8cb1a16db15c87,1724.44,67.06,7.013342871,55000,54000
58b67e5a07614354006880ae4b8cb1a16db15c87,1702.33,66.46,6.943185115,55000,54000
58b67e5a07614354006880ae4b8cb1a16db15c87,1747.86,68.34,7.066838469,54000,54000
8ee671c4dd81d3d109a3adda8053479c4ede9881,1705.19,66.29,6.939078216,54000,54000
8ee671c4dd81d3d109a3adda8053479c4ede9881,1705.35,66.35,6.940368528,54000,54000
8ee671c4dd81d3d109a3adda8053479c4ede9881,1733.90,67.34,7.074079581,55000,55000
8ee671c4dd81d3d109a3adda8053479c4ede9881,1723.49,67.42,7.011846785,54000,54000
8ee671c4dd81d3d109a3adda8053479c4ede9881,1717.55,67.02,6.983912413,54000,54000
8ee671c4dd81d3d109a3adda8053479c4ede9881,1721.42,66.92,6.992619620,55000,55000
8ee671c4dd81d3d109a3adda8053479c4ede9881,1752.63,68.33,7.143021150,53000,54000
8ee671c4dd81d3d109a3adda8053479c4ede9881,1757.60,68.44,7.159940418,54000,54000
8ee671c4dd81d3d109a3adda8053479c4ede9881,1737.46,67.46,7.086742148,54000,54000
8ee671c4dd81d3d109a3adda8053479c4ede9881,1721.11,66.61,7.001661539,54000,54000
8ee671c4dd81d3d109a3adda8053479c4ede9881,1712.49,66.94,6.971615557,54000,54000
8ee671c4dd81d3d109a3adda8053479c4ede9881,1734.71,67.46,7.072011763,55000,54000
8ee671c4dd81d3d109a3adda8053479c4ede9881,1716.96,67.04,6.995105248,54000,54000
8ee671c4dd81d3d109a3adda8053479c4ede9881,1727.82,67.33,7.019831839,54000,54000
8ee671c4dd81d3d109a3adda8053479c4ede9881,1738.30,67.63,7.085593266,54000,55000
8ee671c4dd81d3d109a3adda8053479c4ede9881,1706.62,66.15,6.953290224,54000,55000
8ee671c4dd81d3d109a3adda8053479c4ede9881,1727.56,67.50,7.018419041,54000,54000
8ee671c4dd81d3d109a3adda8053479c4ede9881,1727.26,67.16,7.021783956,55000,54000
8ee671c4dd81d3d109a3adda8053479c4ede9881,1728.04,67.28,7.027323193,54000,54000
8ee671c4dd81d3d109a3adda8053479c4ede9881,1720.91,66.78,7.011240814,55000,54000
8ee671c4dd81d3d109a3adda8053479c4ede9881,1748.91,68.09,7.131321911,55000,54000
8ee671c4dd81d3d109a3adda8053479c4ede9881,1722.42,66.87,7.015889794,54000,54000
8ee671c4dd81d3d109a3adda8053479c4ede9881,1728.79,66.94,7.049720011,54000,54000
8ee671c4dd81d3d109a3adda8053479c4ede9881,1695.18,65.83,6.903425665,54000,54000
8ee671c4dd81d3d109a3adda8053479c4ede9881,1728.18,67.17,7.020052240,54000,54000
8ee671c4dd81d3d109a3adda8053479c4ede9881,1731.18,67.34,7.040722318,54000,54000
8ee671c4dd81d3d109a3adda8053479c4ede9881,1757.76,68.56,7.162717095,54000,54000
8ee671c4dd81d3d109a3adda8053479c4ede9881,1730.08,67.32,7.040048327,54000,55000
8ee671c4dd81d3d109a3adda8053479c4ede9881,1738.66,67.86,7.069868080,54000,54000
8ee671c4dd81d3d109a3adda8053479c4ede9881,1723.78,67.18,7.007074437,55000,54000
ca99f001f1ec22971d716d4177613f3dc19664cb,1736.05,67.33,7.081867017,55000,55000
ca99f001f1ec22971d716d4177613f3dc19664cb,1711.19,66.77,6.979308679,54000,54000
ca99f001f1ec22971d716d4177613f3dc19664cb,1742.14,68.32,7.097677720,54000,54000
ca99f001f1ec22971d716d4177613f3dc19664cb,1716.39,67.12,6.991588571,54000,55000
ca99f001f1ec22971d716d4177613f3dc19664cb,1729.67,67.49,7.036542287,54000,53000
ca99f001f1ec22971d716d4177613f3dc19664cb,1709.36,66.27,6.984088249,55000,54000
ca99f001f1ec22971d716d4177613f3dc19664cb,1715.88,66.77,6.983648419,54000,54000
ca99f001f1ec22971d716d4177613f3dc19664cb,1741.13,67.75,7.066628621,54000,54000
ca99f001f1ec22971d716d4177613f3dc19664cb,1732.46,67.40,7.056582551,55000,54000
ca99f001f1ec22971d716d4177613f3dc19664cb,1726.15,67.32,7.036994145,54000,54000
ca99f001f1ec22971d716d4177613f3dc19664cb,1719.25,66.77,6.994277393,55000,54000
ca99f001f1ec22971d716d4177613f3dc19664cb,1734.32,67.44,7.076766095,54000,55000
ca99f001f1ec22971d716d4177613f3dc19664cb,1711.08,66.70,6.972423673,54000,54000
ca99f001f1ec22971d716d4177613f3dc19664cb,1751.80,68.55,7.134210483,54000,54000
ca99f001f1ec22971d716d4177613f3dc19664cb,1708.60,66.47,6.970483854,54000,54000
ca99f001f1ec22971d716d4177613f3dc19664cb,1734.21,67.56,7.067629320,54000,54000
ca99f001f1ec22971d716d4177613f3dc19664cb,1730.66,67.23,7.043874169,54000,54000
ca99f001f1ec22971d716d4177613f3dc19664cb,1720.76,67.04,7.023949857,54000,54000
ca99f001f1ec22971d716d4177613f3dc19664cb,1726.50,67.35,7.028528555,54000,55000
ca99f001f1ec22971d716d4177613f3dc19664cb,1722.36,66.76,7.014144992,54000,54000
ca99f001f1ec22971d716d4177613f3dc19664cb,1692.43,65.84,6.891676725,54000,54000
ca99f001f1ec22971d716d4177613f3dc19664cb,1724.45,66.81,7.048394131,54000,55000
ca99f001f1ec22971d716d4177613f3dc19664cb,1732.22,67.41,7.052231013,55000,54000
ca99f001f1ec22971d716d4177613f3dc19664cb,1726.61,66.89,7.025474209,54000,54000
ca99f001f1ec22971d716d4177613f3dc19664cb,1731.11,67.30,7.042353473,54000,54000
ca99f001f1ec22971d716d4177613f3dc19664cb,1728.11,67.24,7.015910032,54000,54000
ca99f001f1ec22971d716d4177613f3dc19664cb,1704.82,66.26,6.956800949,54000,54000
ca99f001f1ec22971d716d4177613f3dc19664cb,1712.31,66.78,6.947871450,54000,54000
ca99f001f1ec22971d716d4177613f3dc19664cb,1720.30,67.07,6.994173661,54000,54000
ca99f001f1ec22971d716d4177613f3dc19664cb,1707.99,66.51,6.957589669,54000,54000
b7995f126fcf73b49cd149f921ccb1ff59ef1c06,1724.15,67.08,7.014519119,54000,55000
b7995f126fcf73b49cd149f921ccb1ff59ef1c06,1737.34,67.75,7.069926779,54000,54000
b7995f126fcf73b49cd149f921ccb1ff59ef1c06,1698.57,65.96,6.939744062,54000,54000
b7995f126fcf73b49cd149f921ccb1ff59ef1c06,1714.16,66.65,6.983149680,54000,54000
b7995f126fcf73b49cd149f921ccb1ff59ef1c06,1750.56,68.26,7.114242284,55000,55000
b7995f126fcf73b49cd149f921ccb1ff59ef1c06,1706.16,66.25,6.943628416,54000,54000
b7995f126fcf73b49cd149f921ccb1ff59ef1c06,1711.40,66.49,6.973951961,54000,54000
b7995f126fcf73b49cd149f921ccb1ff59ef1c06,1706.06,66.45,6.953495762,54000,55000
b7995f126fcf73b49cd149f921ccb1ff59ef1c06,1721.73,66.93,7.018172142,54000,54000
b7995f126fcf73b49cd149f921ccb1ff59ef1c06,1728.76,67.01,7.008167777,54000,55000
b7995f126fcf73b49cd149f921ccb1ff59ef1c06,1728.44,67.13,7.017148970,54000,55000
b7995f126fcf73b49cd149f921ccb1ff59ef1c06,1725.60,66.69,7.026164445,54000,54000
b7995f126fcf73b49cd149f921ccb1ff59ef1c06,1698.32,66.04,6.908785504,54000,54000
b7995f126fcf73b49cd149f921ccb1ff59ef1c06,1731.10,67.11,7.052560939,54000,55000
b7995f126fcf73b49cd149f921ccb1ff59ef1c06,1707.54,66.37,6.949797677,54000,54000
b7995f126fcf73b49cd149f921ccb1ff59ef1c06,1762.71,68.54,7.169597172,54000,54000
b7995f126fcf73b49cd149f921ccb1ff59ef1c06,1734.90,67.30,7.076222251,54000,54000
b7995f126fcf73b49cd149f921ccb1ff59ef1c06,1743.01,68.08,7.098207943,54000,54000
b7995f126fcf73b49cd149f921ccb1ff59ef1c06,1712.39,66.79,6.967809792,55000,54000
b7995f126fcf73b49cd149f921ccb1ff59ef1c06,1735.09,67.56,7.060234630,54000,54000
b7995f126fcf73b49cd149f921ccb1ff59ef1c06,1707.56,66.59,6.952368641,54000,54000
b7995f126fcf73b49cd149f921ccb1ff59ef1c06,1704.95,66.23,6.943715920,55000,54000
b7995f126fcf73b49cd149f921ccb1ff59ef1c06,1742.27,67.86,7.065328343,54000,54000
b7995f126fcf73b49cd149f921ccb1ff59ef1c06,1722.77,66.93,7.006297911,54000,55000
b7995f126fcf73b49cd149f921ccb1ff59ef1c06,1735.15,67.31,7.088138258,54000,54000
b7995f126fcf73b49cd149f921ccb1ff59ef1c06,1751.47,68.10,7.130149990,54000,54000
b7995f126fcf73b49cd149f921ccb1ff59ef1c06,1732.83,67.40,7.045681682,54000,54000
b7995f126fcf73b49cd149f921ccb1ff59ef1c06,1732.50,67.28,7.052856208,54000,54000
b7995f126fcf73b49cd149f921ccb1ff59ef1c06,1712.65,66.84,6.973349120,54000,54000
b7995f126fcf73b49cd149f921ccb1ff59ef1c06,1741.83,67.71,7.082090680,54000,54000
e88e2671831c6b634e067a5e346e8ffdb09d05b1,1713.87,66.88,6.977367300,55000,54000
e88e2671831c6b634e067a5e346e8ffdb09d05b1,1736.69,67.74,7.055611287,54000,56000
e88e2671831c6b634e067a5e346e8ffdb09d05b1,1720.81,67.10,7.001220687,54000,54000
e88e2671831c6b634e067a5e346e8ffdb09d05b1,1729.28,67.17,7.036305977,55000,54000
e88e2671831c6b634e067a5e346e8ffdb09d05b1,1749.85,67.90,7.134921138,55000,54000
e88e2671831c6b634e067a5e346e8ffdb09d05b1,1722.93,67.07,7.017225122,53000,54000
e88e2671831c6b634e067a5e346e8ffdb09d05b1,1730.59,67.39,7.047160680,55000,54000
e88e2671831c6b634e067a5e346e8ffdb09d05b1,1719.07,66.81,6.997256283,54000,53000
e88e2671831c6b634e067a5e346e8ffdb09d05b1,1713.51,66.39,6.975516806,54000,55000
e88e2671831c6b634e067a5e346e8ffdb09d05b1,1720.02,66.83,7.014834567,54000,54000
e88e2671831c6b634e067a5e346e8ffdb09d05b1,1710.50,66.44,6.966140377,54000,54000
e88e2671831c6b634e067a5e346e8ffdb09d05b1,1714.76,66.52,7.003628818,54000,54000
e88e2671831c6b634e067a5e346e8ffdb09d05b1,1713.19,66.66,6.984679000,54000,54000
e88e2671831c6b634e067a5e346e8ffdb09d05b1,1734.71,67.81,7.048055260,54000,54000
e88e2671831c6b634e067a5e346e8ffdb09d05b1,1736.36,67.15,7.079863009,54000,54000
e88e2671831c6b634e067a5e346e8ffdb09d05b1,1722.51,67.17,7.000512056,55000,54000
e88e2671831c6b634e067a5e346e8ffdb09d05b1,1738.29,67.37,7.099394623,54000,54000
e88e2671831c6b634e067a5e346e8ffdb09d05b1,1729.20,67.26,7.036632493,54000,54000
e88e2671831c6b634e067a5e346e8ffdb09d05b1,1707.97,66.62,6.959397805,54000,54000
e88e2671831c6b634e067a5e346e8ffdb09d05b1,1717.04,66.88,6.989989735,54000,54000
e88e2671831c6b634e067a5e346e8ffdb09d05b1,1718.79,66.45,6.997234018,54000,54000
e88e2671831c6b634e067a5e346e8ffdb09d05b1,1733.56,67.08,7.048476638,54000,54000
e88e2671831c6b634e067a5e346e8ffdb09d05b1,1735.94,67.69,7.061871300,54000,56000
e88e2671831c6b634e067a5e346e8ffdb09d05b1,1717.03,66.63,6.993150426,54000,55000
e88e2671831c6b634e067a5e346e8ffdb09d05b1,1715.87,66.62,6.982266389,54000,54000
e88e2671831c6b634e067a5e346e8ffdb09d05b1,1725.29,67.18,7.010217245,54000,55000
e88e2671831c6b634e067a5e346e8ffdb09d05b1,1734.97,67.39,7.067131597,54000,54000
e88e2671831c6b634e067a5e346e8ffdb09d05b1,1737.36,67.80,7.060791956,54000,54000
e88e2671831c6b634e067a5e346e8ffdb09d05b1,1716.97,66.94,6.984320717,54000,54000
e88e2671831c6b634e067a5e346e8ffdb09d05b1,1694.63,65.75,6.914145113,54000,54000
ff855df514cdec5c3c5cbe65f80214e77c2f9366,1707.85,66.42,6.952277057,55000,54000
ff855df514cdec5c3c5cbe65f80214e77c2f9366,1724.38,67.35,7.024986790,54000,55000
ff855df514cdec5c3c5cbe65f80214e77c2f9366,1706.24,66.56,6.958617727,55000,54000
ff855df514cdec5c3c5cbe65f80214e77c2f9366,1736.63,67.70,7.074651761,54000,54000
ff855df514cdec5c3c5cbe65f80214e77c2f9366,1746.09,68.22,7.104926180,55000,54000
ff855df514cdec5c3c5cbe65f80214e77c2f9366,1716.67,66.63,7.015257167,54000,54000
ff855df514cdec5c3c5cbe65f80214e77c2f9366,1719.10,66.73,7.012584373,54000,55000
ff855df514cdec5c3c5cbe65f80214e77c2f9366,1718.93,66.95,7.001029348,54000,55000
ff855df514cdec5c3c5cbe65f80214e77c2f9366,1724.25,67.38,7.026319216,54000,54000
ff855df514cdec5c3c5cbe65f80214e77c2f9366,1717.72,66.80,6.987268712,55000,55000
ff855df514cdec5c3c5cbe65f80214e77c2f9366,1740.14,68.12,7.089047130,55000,55000
ff855df514cdec5c3c5cbe65f80214e77c2f9366,1726.64,67.40,7.035991728,55000,56000
ff855df514cdec5c3c5cbe65f80214e77c2f9366,1723.96,67.04,7.035652854,54000,54000
ff855df514cdec5c3c5cbe65f80214e77c2f9366,1727.80,67.00,7.047095827,54000,54000
ff855df514cdec5c3c5cbe65f80214e77c2f9366,1716.74,66.81,6.995735965,54000,54000
ff855df514cdec5c3c5cbe65f80214e77c2f9366,1736.56,67.61,7.057845550,54000,54000
ff855df514cdec5c3c5cbe65f80214e77c2f9366,1736.31,67.72,7.045222033,54000,54000
ff855df514cdec5c3c5cbe65f80214e77c2f9366,1720.12,66.65,7.018300108,55000,55000
ff855df514cdec5c3c5cbe65f80214e77c2f9366,1721.47,67.10,7.008376362,54000,54000
ff855df514cdec5c3c5cbe65f80214e77c2f9366,1704.24,66.29,6.948525308,55000,54000
ff855df514cdec5c3c5cbe65f80214e77c2f9366,1737.32,67.38,7.078747020,54000,54000
ff855df514cdec5c3c5cbe65f80214e77c2f9366,1735.73,67.57,7.057079282,54000,54000
ff855df514cdec5c3c5cbe65f80214e77c2f9366,1735.39,67.58,7.060742970,54000,54000
ff855df514cdec5c3c5cbe65f80214e77c2f9366,1717.46,66.58,6.995643349,54000,54000
ff855df514cdec5c3c5cbe65f80214e77c2f9366,1752.33,68.07,7.143553902,54000,54000
ff855df514cdec5c3c5cbe65f80214e77c2f9366,1726.84,66.99,7.036467312,55000,54000
ff855df514cdec5c3c5cbe65f80214e77c2f9366,1729.59,67.09,7.029851972,54000,54000
ff855df514cdec5c3c5cbe65f80214e77c2f9366,1742.90,67.49,7.093136689,54000,54000
ff855df514cdec5c3c5cbe65f80214e77c2f9366,1744.12,67.61,7.102087514,54000,54000
ff855df514cdec5c3c5cbe65f80214e77c2f9366,1741.11,68.03,7.088909394,54000,54000
1473872dda3b8e8585518ed95534b5cf8d7a34a8,1734.05,67.72,7.067127833,54000,55000
1473872dda3b8e8585518ed95534b5cf8d7a34a8,1720.46,66.98,6.998448899,54000,54000
1473872dda3b8e8585518ed95534b5cf8d7a34a8,1727.66,67.32,7.033506599,55000,55000
1473872dda3b8e8585518ed95534b5cf8d7a34a8,1718.36,67.05,6.984323574,54000,54000
1473872dda3b8e8585518ed95534b5cf8d7a34a8,1738.83,67.81,7.083377512,54000,54000
1473872dda3b8e8585518ed95534b5cf8d7a34a8,1728.55,67.42,7.036286333,54000,54000
1473872dda3b8e8585518ed95534b5cf8d7a34a8,1730.55,67.27,7.051035431,55000,54000
1473872dda3b8e8585518ed95534b5cf8d7a34a8,1719.71,67.02,6.992212993,54000,54000
1473872dda3b8e8585518ed95534b5cf8d7a34a8,1703.23,66.17,6.931248958,53000,54000
1473872dda3b8e8585518ed95534b5cf8d7a34a8,1729.32,67.19,7.030935365,54000,54000
1473872dda3b8e8585518ed95534b5cf8d7a34a8,1735.21,67.59,7.060689259,55000,54000
1473872dda3b8e8585518ed95534b5cf8d7a34a8,1725.73,66.96,7.021305095,55000,54000
1473872dda3b8e8585518ed95534b5cf8d7a34a8,1708.06,66.27,6.960676331,55000,54000
1473872dda3b8e8585518ed95534b5cf8d7a34a8,1733.43,67.34,7.047907348,54000,54000
1473872dda3b8e8585518ed95534b5cf8d7a34a8,1732.57,67.59,7.054090114,54000,54000
1473872dda3b8e8585518ed95534b5cf8d7a34a8,1726.87,67.44,7.014732387,54000,54000
1473872dda3b8e8585518ed95534b5cf8d7a34a8,1712.62,66.58,6.963783728,54000,54000
1473872dda3b8e8585518ed95534b5cf8d7a34a8,1729.43,67.41,7.048288851,54000,54000
1473872dda3b8e8585518ed95534b5cf8d7a34a8,1719.02,66.85,6.989320775,54000,54000
1473872dda3b8e8585518ed95534b5cf8d7a34a8,1716.41,66.80,6.986256667,55000,54000
1473872dda3b8e8585518ed95534b5cf8d7a34a8,1723.78,67.55,6.999390660,54000,54000
1473872dda3b8e8585518ed95534b5cf8d7a34a8,1731.73,67.25,7.039698018,54000,53000
1473872dda3b8e8585518ed95534b5cf8d7a34a8,1733.72,67.35,7.061682347,55000,54000
1473872dda3b8e8585518ed95534b5cf8d7a34a8,1718.55,66.66,7.009449564,54000,55000
1473872dda3b8e8585518ed95534b5cf8d7a34a8,1727.17,67.14,7.015368840,54000,54000
1473872dda3b8e8585518ed95534b5cf8d7a34a8,1710.59,66.37,6.974517153,54000,54000
1473872dda3b8e8585518ed95534b5cf8d7a34a8,1723.13,66.92,7.012028874,55000,55000
1473872dda3b8e8585518ed95534b5cf8d7a34a8,1717.34,66.61,6.985742698,54000,54000
1473872dda3b8e8585518ed95534b5cf8d7a34a8,1721.45,67.22,7.004248970,54000,54000
1473872dda3b8e8585518ed95534b5cf8d7a34a8,1731.45,67.52,7.040078242,54000,54000
51e199adaf52b1470c436a1c590b231cc2b4ca3e,1721.25,67.22,6.992752610,54000,55000
51e199adaf52b1470c436a1c590b231cc2b4ca3e,1702.67,66.22,6.942553185,54000,54000
51e199adaf52b1470c436a1c590b231cc2b4ca3e,1708.07,66.53,6.953490115,54000,54000
51e199adaf52b1470c436a1c590b231cc2b4ca3e,1708.79,66.41,6.958267028,54000,54000
51e199adaf52b1470c436a1c590b231cc2b4ca3e,1701.57,66.18,6.926678875,54000,54000
51e199adaf52b1470c436a1c590b231cc2b4ca3e,1727.11,67.18,7.021879829,54000,54000
51e199adaf52b1470c436a1c590b231cc2b4ca3e,1747.25,67.89,7.107679270,55000,54000
51e199adaf52b1470c436a1c590b231cc2b4ca3e,1736.19,67.80,7.063905185,55000,54000
51e199adaf52b1470c436a1c590b231cc2b4ca3e,1734.04,67.24,7.076649077,54000,54000
51e199adaf52b1470c436a1c590b231cc2b4ca3e,1733.54,67.43,7.060552656,55000,54000
51e199adaf52b1470c436a1c590b231cc2b4ca3e,1725.59,67.03,7.020148891,54000,55000
51e199adaf52b1470c436a1c590b231cc2b4ca3e,1716.85,67.02,6.989962827,54000,54000
51e199adaf52b1470c436a1c590b231cc2b4ca3e,1720.88,67.14,7.006904412,54000,54000
51e199adaf52b1470c436a1c590b231cc2b4ca3e,1727.94,67.00,7.036527974,54000,54000
51e199adaf52b1470c436a1c590b231cc2b4ca3e,1748.96,68.15,7.111834813,54000,55000
51e199adaf52b1470c436a1c590b231cc2b4ca3e,1734.10,67.71,7.055982413,54000,54000
51e199adaf52b1470c436a1c590b231cc2b4ca3e,1718.56,67.27,7.004616373,54000,54000
51e199adaf52b1470c436a1c590b231cc2b4ca3e,1722.73,66.98,7.032489655,54000,53000
51e199adaf52b1470c436a1c590b231cc2b4ca3e,1700.15,66.16,6.929950159,54000,54000
51e199adaf52b1470c436a1c590b231cc2b4ca3e,1723.44,67.03,7.023764676,54000,54000
51e199adaf52b1470c436a1c590b231cc2b4ca3e,1729.13,66.91,7.030041458,54000,54000
51e199adaf52b1470c436a1c590b231cc2b4ca3e,1734.79,67.47,7.063493347,55000,54000
51e199adaf52b1470c436a1c590b231cc2b4ca3e,1730.36,67.45,7.032206885,54000,55000
51e199adaf52b1470c436a1c590b231cc2b4ca3e,1703.17,66.17,6.937085113,54000,54000
51e199adaf52b1470c436a1c590b231cc2b4ca3e,1742.68,67.94,7.090654396,54000,54000
51e199adaf52b1470c436a1c590b231cc2b4ca3e,1734.41,67.62,7.057058359,54000,54000
51e199adaf52b1470c436a1c590b231cc2b4ca3e,1742.36,67.78,7.089111890,54000,54000
51e199adaf52b1470c436a1c590b231cc2b4ca3e,1711.25,66.57,6.953055110,54000,54000
51e199adaf52b1470c436a1c590b231cc2b4ca3e,1718.07,66.90,6.989469227,55000,54000
51e199adaf52b1470c436a1c590b231cc2b4ca3e,1740.22,67.84,7.068542874,54000,54000
850c290d7a5f1d17d23ac9e111170d8f664cdcce,1742.87,68.04,7.077415544,54000,55000
850c290d7a5f1d17d23ac9e111170d8f664cdcce,1719.31,66.98,7.003298276,54000,54000
850c290d7a5f1d17d23ac9e111170d8f664cdcce,1735.09,67.64,7.065496959,54000,54000
850c290d7a5f1d17d23ac9e111170d8f664cdcce,1723.87,67.26,7.027431129,54000,54000
850c290d7a5f1d17d23ac9e111170d8f664cdcce,1730.40,67.14,7.023632386,54000,54000
850c290d7a5f1d17d23ac9e111170d8f664cdcce,1721.56,67.35,7.012998775,54000,55000
850c290d7a5f1d17d23ac9e111170d8f664cdcce,1740.16,67.82,7.065195732,55000,54000
850c290d7a5f1d17d23ac9e111170d8f664cdcce,1725.05,67.26,7.029302553,53000,54000
850c290d7a5f1d17d23ac9e111170d8f664cdcce,1730.20,67.33,7.057279459,55000,54000
850c290d7a5f1d17d23ac9e111170d8f664cdcce,1740.88,67.82,7.100101457,54000,54000
850c290d7a5f1d17d23ac9e111170d8f664cdcce,1715.20,66.57,6.987888444,54000,55000
850c290d7a5f1d17d23ac9e111170d8f664cdcce,1728.57,67.61,7.026345435,54000,55000
850c290d7a5f1d17d23ac9e111170d8f664cdcce,1721.23,67.24,7.006788080,55000,55000
850c290d7a5f1d17d23ac9e111170d8f664cdcce,1748.47,68.22,7.111598820,54000,54000
850c290d7a5f1d17d23ac9e111170d8f664cdcce,1728.62,67.43,7.023409207,54000,54000
850c290d7a5f1d17d23ac9e111170d8f664cdcce,1718.82,66.75,6.993218199,54000,55000
850c290d7a5f1d17d23ac9e111170d8f664cdcce,1733.12,67.52,7.054860067,54000,55000
850c290d7a5f1d17d23ac9e111170d8f664cdcce,1723.14,67.00,7.002083291,54000,54000
850c290d7a5f1d17d23ac9e111170d8f664cdcce,1722.40,67.26,6.999918101,54000,54000
850c290d7a5f1d17d23ac9e111170d8f664cdcce,1737.88,67.40,7.053627481,54000,55000
850c290d7a5f1d17d23ac9e111170d8f664cdcce,1742.14,67.53,7.076623762,54000,55000
850c290d7a5f1d17d23ac9e111170d8f664cdcce,1754.99,68.26,7.142011740,55000,55000
850c290d7a5f1d17d23ac9e111170d8f664cdcce,1738.86,67.81,7.070681300,56000,54000
850c290d7a5f1d17d23ac9e111170d8f664cdcce,1733.18,67.55,7.044783726,54000,54000
850c290d7a5f1d17d23ac9e111170d8f664cdcce,1714.13,66.53,6.975577441,55000,54000
850c290d7a5f1d17d23ac9e111170d8f664cdcce,1730.05,67.27,7.015898265,54000,54000
850c290d7a5f1d17d23ac9e111170d8f664cdcce,1727.61,67.51,7.030251897,54000,54000
850c290d7a5f1d17d23ac9e111170d8f664cdcce,1762.88,68.89,7.176526026,54000,54000
850c290d7a5f1d17d23ac9e111170d8f664cdcce,1728.97,67.40,7.034068589,55000,54000
850c290d7a5f1d17d23ac9e111170d8f664cdcce,1739.94,67.95,7.080300368,54000,54000
ded5549b0f8120e7080ddd4080250d6d531bb7b2,1728.77,67.31,7.040199711,54000,55000
ded5549b0f8120e7080ddd4080250d6d531bb7b2,1738.51,67.64,7.068920347,54000,54000
ded5549b0f8120e7080ddd4080250d6d531bb7b2,1717.91,67.34,6.988326354,54000,54000
ded5549b0f8120e7080ddd4080250d6d531bb7b2,1725.93,66.94,7.045627516,54000,55000
ded5549b0f8120e7080ddd4080250d6d531bb7b2,1716.85,66.73,6.997550061,54000,54000
ded5549b0f8120e7080ddd4080250d6d531bb7b2,1715.53,66.97,6.979273989,54000,54000
ded5549b0f8120e7080ddd4080250d6d531bb7b2,1721.45,66.90,7.007049149,55000,54000
ded5549b0f8120e7080ddd4080250d6d531bb7b2,1733.92,67.52,7.052464779,54000,54000
ded5549b0f8120e7080ddd4080250d6d531bb7b2,1741.92,67.62,7.087318960,54000,54000
ded5549b0f8120e7080ddd4080250d6d531bb7b2,1736.88,67.75,7.055522556,54000,54000
ded5549b0f8120e7080ddd4080250d6d531bb7b2,1741.41,67.66,7.096112014,54000,54000
ded5549b0f8120e7080ddd4080250d6d531bb7b2,1728.26,67.46,7.025596419,54000,54000
ded5549b0f8120e7080ddd4080250d6d531bb7b2,1727.17,67.05,7.024179623,54000,54000
ded5549b0f8120e7080ddd4080250d6d531bb7b2,1730.43,67.41,7.032757943,54000,55000
ded5549b0f8120e7080ddd4080250d6d531bb7b2,1712.80,66.40,6.977476527,54000,54000
ded5549b0f8120e7080ddd4080250d6d531bb7b2,1731.35,67.38,7.046167859,54000,54000
ded5549b0f8120e7080ddd4080250d6d531bb7b2,1708.54,66.41,6.961587322,54000,54000
ded5549b0f8120e7080ddd4080250d6d531bb7b2,1716.73,66.91,6.992072872,54000,54000
ded5549b0f8120e7080ddd4080250d6d531bb7b2,1742.75,67.46,7.121562070,54000,55000
ded5549b0f8120e7080ddd4080250d6d531bb7b2,1723.03,67.06,7.010267135,54000,54000
ded5549b0f8120e7080ddd4080250d6d531bb7b2,1704.44,66.42,6.926396708,54000,54000
ded5549b0f8120e7080ddd4080250d6d531bb7b2,1745.80,68.05,7.103797738,54000,54000
ded5549b0f8120e7080ddd4080250d6d531bb7b2,1707.84,66.44,6.956335310,54000,54000
ded5549b0f8120e7080ddd4080250d6d531bb7b2,1741.36,67.95,7.068294325,54000,54000
ded5549b0f8120e7080ddd4080250d6d531bb7b2,1733.20,67.30,7.051847582,54000,54000
ded5549b0f8120e7080ddd4080250d6d531bb7b2,1731.22,67.50,7.038971552,54000,54000
ded5549b0f8120e7080ddd4080250d6d531bb7b2,1736.70,67.55,7.065662121,54000,54000
ded5549b0f8120e7080ddd4080250d6d531bb7b2,1722.02,67.04,7.004970560,54000,54000
ded5549b0f8120e7080ddd4080250d6d531bb7b2,1738.15,67.39,7.074511015,54000,53000
ded5549b0f8120e7080ddd4080250d6d531bb7b2,1725.98,67.27,7.017582498,54000,54000
b6ebd74500dd582156a8438288b0db2389243e7e,1726.31,67.35,7.031724002,54000,54000
b6ebd74500dd582156a8438288b0db2389243e7e,1730.89,67.53,7.058614278,54000,54000
b6ebd74500dd582156a8438288b0db2389243e7e,1711.01,66.46,6.965290333,54000,54000
b6ebd74500dd582156a8438288b0db2389243e7e,1749.11,68.14,7.116748620,54000,54000
b6ebd74500dd582156a8438288b0db2389243e7e,1712.68,66.55,6.979031261,54000,54000
b6ebd74500dd582156a8438288b0db2389243e7e,1729.65,67.49,7.031242377,55000,54000
b6ebd74500dd582156a8438288b0db2389243e7e,1748.84,68.06,7.110882911,54000,55000
b6ebd74500dd582156a8438288b0db2389243e7e,1713.65,66.67,6.976587655,54000,54000
b6ebd74500dd582156a8438288b0db2389243e7e,1738.44,67.82,7.056020705,54000,54000
b6ebd74500dd582156a8438288b0db2389243e7e,1725.68,67.40,7.031394915,54000,54000
b6ebd74500dd582156a8438288b0db2389243e7e,1728.85,67.26,7.034033790,54000,54000
b6ebd74500dd582156a8438288b0db2389243e7e,1747.57,67.77,7.108875746,54000,54000
b6ebd74500dd582156a8438288b0db2389243e7e,1721.93,67.24,6.994984764,54000,55000
b6ebd74500dd582156a8438288b0db2389243e7e,1737.16,67.76,7.066641404,55000,55000
b6ebd74500dd582156a8438288b0db2389243e7e,1750.58,68.30,7.132067118,54000,54000
b6ebd74500dd582156a8438288b0db2389243e7e,1720.56,66.85,7.005314375,54000,54000
b6ebd74500dd582156a8438288b0db2389243e7e,1711.84,66.55,6.964405879,54000,54000
b6ebd74500dd582156a8438288b0db2389243e7e,1733.41,67.35,7.050653818,54000,54000
b6ebd74500dd582156a8438288b0db2389243e7e,1724.26,67.13,7.022148362,54000,54000
b6ebd74500dd582156a8438288b0db2389243e7e,1715.07,66.83,6.983910593,54000,54000
b6ebd74500dd582156a8438288b0db2389243e7e,1724.56,66.99,7.022916641,54000,54000
b6ebd74500dd582156a8438288b0db2389243e7e,1756.93,68.63,7.167427571,54000,54000
b6ebd74500dd582156a8438288b0db2389243e7e,1733.76,67.84,7.050299547,54000,54000
b6ebd74500dd582156a8438288b0db2389243e7e,1730.82,67.22,7.038266442,54000,54000
b6ebd74500dd582156a8438288b0db2389243e7e,1734.92,67.43,7.059458686,54000,54000
b6ebd74500dd582156a8438288b0db2389243e7e,1720.21,66.73,6.998842950,54000,54000
b6ebd74500dd582156a8438288b0db2389243e7e,1722.76,67.25,6.998500936,54000,54000
b6ebd74500dd582156a8438288b0db2389243e7e,1743.70,67.76,7.105900400,54000,54000
b6ebd74500dd582156a8438288b0db2389243e7e,1726.66,67.35,7.021560138,54000,55000
b6ebd74500dd582156a8438288b0db2389243e7e,1740.82,67.87,7.079027929,55000,55000
3fb49182d8a158aee9017781a2c796429a71ad8f,1723.53,67.47,7.015889001,54000,54000
3fb49182d8a158aee9017781a2c796429a71ad8f,1735.93,67.43,7.080440021,55000,54000
3fb49182d8a158aee9017781a2c796429a71ad8f,1693.28,65.97,6.887922980,55000,54000
3fb49182d8a158aee9017781a2c796429a71ad8f,1733.05,67.36,7.051640154,54000,54000
3fb49182d8a158aee9017781a2c796429a71ad8f,1737.47,67.44,7.074548417,54000,54000
3fb49182d8a158aee9017781a2c796429a71ad8f,1719.47,66.72,7.010297672,54000,54000
3fb49182d8a158aee9017781a2c796429a71ad8f,1736.20,67.44,7.062524768,54000,54000
3fb49182d8a158aee9017781a2c796429a71ad8f,1757.79,68.36,7.157931847,54000,55000
3fb49182d8a158aee9017781a2c796429a71ad8f,1722.90,67.03,7.026065937,54000,55000
3fb49182d8a158aee9017781a2c796429a71ad8f,1704.15,66.53,6.947242091,54000,54000
3fb49182d8a158aee9017781a2c796429a71ad8f,1736.91,67.55,7.073786307,54000,54000
3fb49182d8a158aee9017781a2c796429a71ad8f,1741.56,68.14,7.069954747,54000,54000
3fb49182d8a158aee9017781a2c796429a71ad8f,1736.97,67.78,7.064308306,54000,54000
3fb49182d8a158aee9017781a2c796429a71ad8f,1722.75,67.25,7.002404663,54000,55000
3fb49182d8a158aee9017781a2c796429a71ad8f,1728.80,67.02,7.034157803,54000,54000
3fb49182d8a158aee9017781a2c796429a71ad8f,1745.01,68.17,7.091979676,54000,54000
3fb49182d8a158aee9017781a2c796429a71ad8f,1724.56,67.24,7.018592028,54000,54000
3fb49182d8a158aee9017781a2c796429a71ad8f,1736.34,67.28,7.057092518,54000,54000
3fb49182d8a158aee9017781a2c796429a71ad8f,1725.32,67.10,7.025039171,54000,53000
3fb49182d8a158aee9017781a2c796429a71ad8f,1727.20,67.59,7.038498878,54000,54000
3fb49182d8a158aee9017781a2c796429a71ad8f,1745.16,68.01,7.102172530,54000,54000
3fb49182d8a158aee9017781a2c796429a71ad8f,1758.59,68.43,7.157164615,55000,55000
3fb49182d8a158aee9017781a2c796429a71ad8f,1735.56,67.45,7.062515839,55000,54000
3fb49182d8a158aee9017781a2c796429a71ad8f,1733.58,67.57,7.064908952,55000,54000
3fb49182d8a158aee9017781a2c796429a71ad8f,1735.17,67.91,7.055989339,54000,54000
3fb49182d8a158aee9017781a2c796429a71ad8f,1723.48,67.31,7.014054854,54000,54000
3fb49182d8a158aee9017781a2c796429a71ad8f,1720.55,66.84,7.008837653,54000,54000
3fb49182d8a158aee9017781a2c796429a71ad8f,1726.99,67.35,7.031318692,54000,55000
3fb49182d8a158aee9017781a2c796429a71ad8f,1724.09,67.01,7.010634286,54000,54000
3fb49182d8a158aee9017781a2c796429a71ad8f,1724.59,67.20,7.016343938,55000,54000
da5dde05ff7d37738e3694649da95a15549b0c40,1734.40,67.48,7.054224431,54000,55000
da5dde05ff7d37738e3694649da95a15549b0c40,1726.15,67.12,7.021957041,54000,54000
da5dde05ff7d37738e3694649da95a15549b0c40,1724.58,67.41,7.012746246,54000,54000
da5dde05ff7d37738e3694649da95a15549b0c40,1715.49,66.69,6.982402067,54000,54000
da5dde05ff7d37738e3694649da95a15549b0c40,1710.19,66.59,6.958805712,54000,55000
da5dde05ff7d37738e3694649da95a15549b0c40,1711.90,66.48,6.971022987,54000,54000
da5dde05ff7d37738e3694649da95a15549b0c40,1734.63,67.57,7.062355740,54000,55000
da5dde05ff7d37738e3694649da95a15549b0c40,1718.16,66.92,6.992516476,54000,55000
da5dde05ff7d37738e3694649da95a15549b0c40,1730.18,67.57,7.035277282,54000,55000
da5dde05ff7d37738e3694649da95a15549b0c40,1744.64,68.07,7.102540267,54000,54000
da5dde05ff7d37738e3694649da95a15549b0c40,1728.28,67.47,7.027708653,54000,54000
da5dde05ff7d37738e3694649da95a15549b0c40,1701.36,66.20,6.930911214,54000,54000
da5dde05ff7d37738e3694649da95a15549b0c40,1731.84,66.99,7.043449263,54000,54000
da5dde05ff7d37738e3694649da95a15549b0c40,1709.79,66.82,6.950308735,54000,54000
da5dde05ff7d37738e3694649da95a15549b0c40,1741.06,67.68,7.092776368,55000,55000
da5dde05ff7d37738e3694649da95a15549b0c40,1725.50,67.17,7.036839421,55000,55000
da5dde05ff7d37738e3694649da95a15549b0c40,1732.49,67.44,7.039638322,55000,54000
da5dde05ff7d37738e3694649da95a15549b0c40,1732.51,67.36,7.063538585,55000,54000
da5dde05ff7d37738e3694649da95a15549b0c40,1739.97,67.81,7.088900187,54000,54000
da5dde05ff7d37738e3694649da95a15549b0c40,1737.97,67.38,7.071982598,54000,54000
da5dde05ff7d37738e3694649da95a15549b0c40,1736.46,67.56,7.051274832,54000,54000
da5dde05ff7d37738e3694649da95a15549b0c40,1735.00,67.55,7.069469486,54000,54000
da5dde05ff7d37738e3694649da95a15549b0c40,1731.90,67.75,7.046403302,54000,54000
da5dde05ff7d37738e3694649da95a15549b0c40,1738.50,67.51,7.090440795,54000,54000
da5dde05ff7d37738e3694649da95a15549b0c40,1739.74,67.77,7.068086401,54000,54000
da5dde05ff7d37738e3694649da95a15549b0c40,1718.16,66.76,7.014857678,54000,54000
da5dde05ff7d37738e3694649da95a15549b0c40,1725.06,67.18,7.009870406,54000,54000
da5dde05ff7d37738e3694649da95a15549b0c40,1737.59,67.57,7.084479951,54000,54000
da5dde05ff7d37738e3694649da95a15549b0c40,1725.31,66.99,7.019469614,54000,54000
da5dde05ff7d37738e3694649da95a15549b0c40,1733.35,67.37,7.068869149,54000,54000
4baee932c5809bc3b7c6b2f2c486f7330be76778,1726.08,67.25,7.023164486,55000,54000
4baee932c5809bc3b7c6b2f2c486f7330be76778,1719.55,67.12,7.002398041,54000,54000
4baee932c5809bc3b7c6b2f2c486f7330be76778,1724.56,67.39,7.020899850,54000,54000
4baee932c5809bc3b7c6b2f2c486f7330be76778,1727.10,67.14,7.025999972,55000,55000
4baee932c5809bc3b7c6b2f2c486f7330be76778,1739.61,67.91,7.077159022,54000,54000
4baee932c5809bc3b7c6b2f2c486f7330be76778,1725.56,67.06,7.015291647,54000,54000
4baee932c5809bc3b7c6b2f2c486f7330be76778,1732.20,67.49,7.057130693,56000,54000
4baee932c5809bc3b7c6b2f2c486f7330be76778,1730.36,67.40,7.043241482,54000,54000
4baee932c5809bc3b7c6b2f2c486f7330be76778,1749.49,68.12,7.114966901,54000,55000
4baee932c5809bc3b7c6b2f2c486f7330be76778,1743.80,67.83,7.096976956,54000,54000
4baee932c5809bc3b7c6b2f2c486f7330be76778,1735.09,67.59,7.055175923,54000,54000
4baee932c5809bc3b7c6b2f2c486f7330be76778,1748.32,68.26,7.121833901,54000,54000
4baee932c5809bc3b7c6b2f2c486f7330be76778,1723.36,67.02,7.000342378,54000,54000
4baee932c5809bc3b7c6b2f2c486f7330be76778,1754.49,68.53,7.142555143,54000,54000
4baee932c5809bc3b7c6b2f2c486f7330be76778,1716.30,66.80,6.989465557,54000,55000
4baee932c5809bc3b7c6b2f2c486f7330be76778,1713.61,66.65,6.978955690,54000,54000
4baee932c5809bc3b7c6b2f2c486f7330be76778,1718.78,66.92,6.992617795,54000,54000
4baee932c5809bc3b7c6b2f2c486f7330be76778,1743.05,67.70,7.101736847,55000,54000
4baee932c5809bc3b7c6b2f2c486f7330be76778,1726.18,67.16,7.025107274,54000,55000
4baee932c5809bc3b7c6b2f2c486f7330be76778,1745.40,67.96,7.087213455,54000,54000
4baee932c5809bc3b7c6b2f2c486f7330be76778,1716.53,67.06,6.982830333,54000,54000
4baee932c5809bc3b7c6b2f2c486f7330be76778,1736.52,67.74,7.071826317,54000,54000
4baee932c5809bc3b7c6b2f2c486f7330be76778,1725.40,67.40,7.004896237,54000,54000
4baee932c5809bc3b7c6b2f2c486f7330be76778,1723.36,67.33,7.005071966,54000,54000
4baee932c5809bc3b7c6b2f2c486f7330be76778,1736.57,67.74,7.065777977,54000,54000
4baee932c5809bc3b7c6b2f2c486f7330be76778,1740.52,67.84,7.073689045,55000,54000
4baee932c5809bc3b7c6b2f2c486f7330be76778,1721.70,66.91,7.005997918,54000,54000
4baee932c5809bc3b7c6b2f2c486f7330be76778,1716.99,66.76,6.992711831,54000,54000
4baee932c5809bc3b7c6b2f2c486f7330be76778,1714.54,66.76,6.970637445,54000,54000
4baee932c5809bc3b7c6b2f2c486f7330be76778,1732.66,67.41,7.049375425,55000,54000
7ff33f11e6cabc77fc15befa274b8b72cc5c7a47,1715.59,66.90,6.967278889,54000,54000
7ff33f11e6cabc77fc15befa274b8b72cc5c7a47,1711.63,66.66,6.957895661,55000,54000
7ff33f11e6cabc77fc15befa274b8b72cc5c7a47,1741.14,67.73,7.086816299,54000,54000
7ff33f11e6cabc77fc15befa274b8b72cc5c7a47,1745.42,68.01,7.099068164,54000,54000
7ff33f11e6cabc77fc15befa274b8b72cc5c7a47,1712.53,66.87,6.962102389,54000,54000
7ff33f11e6cabc77fc15befa274b8b72cc5c7a47,1717.72,67.00,6.998165138,54000,54000
7ff33f11e6cabc77fc15befa274b8b72cc5c7a47,1750.71,68.18,7.120611995,54000,54000
7ff33f11e6cabc77fc15befa274b8b72cc5c7a47,1712.43,66.81,6.961139525,55000,54000
7ff33f11e6cabc77fc15befa274b8b72cc5c7a47,1718.54,67.13,6.995347192,54000,54000
7ff33f11e6cabc77fc15befa274b8b72cc5c7a47,1742.09,67.85,7.086835039,54000,54000
7ff33f11e6cabc77fc15befa274b8b72cc5c7a47,1742.86,67.72,7.107794643,54000,55000
7ff33f11e6cabc77fc15befa274b8b72cc5c7a47,1729.76,67.42,7.051444703,56000,54000
7ff33f11e6cabc77fc15befa274b8b72cc5c7a47,1728.77,67.48,7.015101967,56000,55000
7ff33f11e6cabc77fc15befa274b8b72cc5c7a47,1732.84,67.41,7.047261587,54000,54000
7ff33f11e6cabc77fc15befa274b8b72cc5c7a47,1728.69,67.02,7.041353525,54000,55000
7ff33f11e6cabc77fc15befa274b8b72cc5c7a47,1724.33,66.97,7.035518775,54000,54000
7ff33f11e6cabc77fc15befa274b8b72cc5c7a47,1717.81,66.89,6.970752236,55000,55000
7ff33f11e6cabc77fc15befa274b8b72cc5c7a47,1764.81,68.76,7.187267214,55000,55000
7ff33f11e6cabc77fc15befa274b8b72cc5c7a47,1741.37,67.91,7.079287667,54000,54000
7ff33f11e6cabc77fc15befa274b8b72cc5c7a47,1721.57,66.99,7.016359724,54000,53000
7ff33f11e6cabc77fc15befa274b8b72cc5c7a47,1727.41,67.29,7.028573524,54000,56000
7ff33f11e6cabc77fc15befa274b8b72cc5c7a47,1724.47,67.14,7.014634476,54000,54000
7ff33f11e6cabc77fc15befa274b8b72cc5c7a47,1747.55,67.86,7.110682240,54000,54000
7ff33f11e6cabc77fc15befa274b8b72cc5c7a47,1730.06,67.38,7.029558722,54000,54000
7ff33f11e6cabc77fc15befa274b8b72cc5c7a47,1733.63,67.53,7.041659831,54000,54000
7ff33f11e6cabc77fc15befa274b8b72cc5c7a47,1715.91,66.72,6.985955563,54000,54000
7ff33f11e6cabc77fc15befa274b8b72cc5c7a47,1741.88,67.61,7.108418747,54000,54000
7ff33f11e6cabc77fc15befa274b8b72cc5c7a47,1709.47,66.09,6.972133881,54000,54000
7ff33f11e6cabc77fc15befa274b8b72cc5c7a47,1743.74,67.93,7.090407922,54000,54000
7ff33f11e6cabc77fc15befa274b8b72cc5c7a47,1714.45,66.65,6.982587777,55000,54000
64cabcbc20f52be61375ff24df6f2bf47eae69e7,1735.38,67.55,7.052312555,54000,55000
64cabcbc20f52be61375ff24df6f2bf47eae69e7,1726.92,67.15,7.033158220,54000,54000
64cabcbc20f52be61375ff24df6f2bf47eae69e7,1734.40,67.55,7.061587589,54000,54000
64cabcbc20f52be61375ff24df6f2bf47eae69e7,1732.62,67.57,7.063682344,54000,55000
64cabcbc20f52be61375ff24df6f2bf47eae69e7,1733.61,67.67,7.054227097,54000,55000
64cabcbc20f52be61375ff24df6f2bf47eae69e7,1723.75,67.22,7.014759808,54000,55000
64cabcbc20f52be61375ff24df6f2bf47eae69e7,1719.40,66.89,7.008793992,54000,55000
64cabcbc20f52be61375ff24df6f2bf47eae69e7,1726.43,67.33,7.005374831,54000,54000
64cabcbc20f52be61375ff24df6f2bf47eae69e7,1744.42,67.61,7.109805915,54000,54000
64cabcbc20f52be61375ff24df6f2bf47eae69e7,1736.90,67.44,7.069947635,54000,54000
64cabcbc20f52be61375ff24df6f2bf47eae69e7,1727.35,67.15,7.029541603,54000,54000
64cabcbc20f52be61375ff24df6f2bf47eae69e7,1740.59,68.03,7.073833816,54000,55000
64cabcbc20f52be61375ff24df6f2bf47eae69e7,1739.11,67.73,7.069156220,54000,54000
64cabcbc20f52be61375ff24df6f2bf47eae69e7,1727.99,67.31,7.036656248,54000,54000
64cabcbc20f52be61375ff24df6f2bf47eae69e7,1729.19,67.33,7.024667757,54000,54000
64cabcbc20f52be61375ff24df6f2bf47eae69e7,1728.49,67.39,7.028401228,54000,54000
64cabcbc20f52be61375ff24df6f2bf47eae69e7,1739.89,67.54,7.069833756,53000,54000
64cabcbc20f52be61375ff24df6f2bf47eae69e7,1724.45,67.13,7.027170750,54000,54000
64cabcbc20f52be61375ff24df6f2bf47eae69e7,1724.83,66.83,7.012912208,54000,54000
64cabcbc20f52be61375ff24df6f2bf47eae69e7,1737.04,67.40,7.078461617,54000,54000
64cabcbc20f52be61375ff24df6f2bf47eae69e7,1724.90,67.07,7.032326231,54000,54000
64cabcbc20f52be61375ff24df6f2bf47eae69e7,1744.71,67.75,7.097778404,54000,55000
64cabcbc20f52be61375ff24df6f2bf47eae69e7,1727.13,67.29,7.033402159,55000,54000
64cabcbc20f52be61375ff24df6f2bf47eae69e7,1728.21,67.26,7.023095998,54000,55000
64cabcbc20f52be61375ff24df6f2bf47eae69e7,1741.98,67.91,7.084728456,54000,56000
64cabcbc20f52be61375ff24df6f2bf47eae69e7,1721.36,66.80,7.014213696,54000,54000
64cabcbc20f52be61375ff24df6f2bf47eae69e7,1741.19,67.88,7.074977026,55000,55000
64cabcbc20f52be61375ff24df6f2bf47eae69e7,1719.83,66.85,7.006804648,55000,54000
64cabcbc20f52be61375ff24df6f2bf47eae69e7,1712.96,66.62,6.969768663,54000,54000
64cabcbc20f52be61375ff24df6f2bf47eae69e7,1718.42,66.86,6.990787440,54000,54000
3b89ff68c70c4fb9bce5aaf169198ac1dd41a010,1725.50,67.30,7.018406490,54000,54000
3b89ff68c70c4fb9bce5aaf169198ac1dd41a010,1728.92,67.17,7.049949325,54000,54000
3b89ff68c70c4fb9bce5aaf169198ac1dd41a010,1712.29,66.93,6.978944462,54000,54000
3b89ff68c70c4fb9bce5aaf169198ac1dd41a010,1730.16,67.36,7.031888659,55000,54000
3b89ff68c70c4fb9bce5aaf169198ac1dd41a010,1717.37,66.94,6.991270064,54000,54000
3b89ff68c70c4fb9bce5aaf169198ac1dd41a010,1708.06,66.45,6.958548785,54000,54000
3b89ff68c70c4fb9bce5aaf169198ac1dd41a010,1732.51,67.27,7.053150052,55000,54000
3b89ff68c70c4fb9bce5aaf169198ac1dd41a010,1720.73,66.90,7.000530870,54000,54000
3b89ff68c70c4fb9bce5aaf169198ac1dd41a010,1737.45,68.09,7.072711462,55000,54000
3b89ff68c70c4fb9bce5aaf169198ac1dd41a010,1730.49,67.07,7.040733163,54000,54000
3b89ff68c70c4fb9bce5aaf169198ac1dd41a010,1721.60,66.77,6.994736322,55000,54000
3b89ff68c70c4fb9bce5aaf169198ac1dd41a010,1733.10,67.52,7.064180790,54000,54000
3b89ff68c70c4fb9bce5aaf169198ac1dd41a010,1751.99,68.07,7.120253716,54000,55000
3b89ff68c70c4fb9bce5aaf169198ac1dd41a010,1706.08,66.22,6.930231045,54000,55000
3b89ff68c70c4fb9bce5aaf169198ac1dd41a010,1743.27,68.15,7.095155253,54000,54000
3b89ff68c70c4fb9bce5aaf169198ac1dd41a010,1724.19,67.34,7.025183824,54000,54000
3b89ff68c70c4fb9bce5aaf169198ac1dd41a010,1733.66,67.31,7.059888585,54000,54000
3b89ff68c70c4fb9bce5aaf169198ac1dd41a010,1753.55,68.32,7.134734140,55000,54000
3b89ff68c70c4fb9bce5aaf169198ac1dd41a010,1725.84,67.08,7.020604675,54000,54000
3b89ff68c70c4fb9bce5aaf169198ac1dd41a010,1748.97,68.14,7.113094872,53000,54000
3b89ff68c70c4fb9bce5aaf169198ac1dd41a010,1725.93,67.02,7.026483401,54000,54000
3b89ff68c70c4fb9bce5aaf169198ac1dd41a010,1739.10,67.57,7.082122944,54000,54000
3b89ff68c70c4fb9bce5aaf169198ac1dd41a010,1718.80,66.91,6.998216901,55000,54000
3b89ff68c70c4fb9bce5aaf169198ac1dd41a010,1752.16,68.03,7.141467587,54000,55000
3b89ff68c70c4fb9bce5aaf169198ac1dd41a010,1713.98,66.95,6.987890194,54000,55000
3b89ff68c70c4fb9bce5aaf169198ac1dd41a010,1741.56,67.72,7.077524887,54000,54000
3b89ff68c70c4fb9bce5aaf169198ac1dd41a010,1733.86,67.70,7.057384665,54000,55000
3b89ff68c70c4fb9bce5aaf169198ac1dd41a010,1727.35,66.91,7.029521014,54000,54000
3b89ff68c70c4fb9bce5aaf169198ac1dd41a010,1738.01,67.66,7.069534657,54000,54000
3b89ff68c70c4fb9bce5aaf169198ac1dd41a010,1724.48,66.97,7.012125821,54000,54000
d8ba9db08e9572384037d602e9124741af0bbf83,1732.23,67.62,7.046109554,54000,55000
d8ba9db08e9572384037d602e9124741af0bbf83,1746.43,68.12,7.108512905,54000,54000
d8ba9db08e9572384037d602e9124741af0bbf83,1736.69,67.69,7.068418143,53000,54000
d8ba9db08e9572384037d602e9124741af0bbf83,1741.36,68.07,7.097411248,55000,54000
d8ba9db08e9572384037d602e9124741af0bbf83,1722.49,67.04,7.018151499,54000,54000
d8ba9db08e9572384037d602e9124741af0bbf83,1726.65,67.12,7.037709046,54000,55000
d8ba9db08e9572384037d602e9124741af0bbf83,1723.77,67.29,7.010067192,54000,55000
d8ba9db08e9572384037d602e9124741af0bbf83,1744.95,67.85,7.082065170,54000,55000
d8ba9db08e9572384037d602e9124741af0bbf83,1739.30,67.87,7.059972604,54000,54000
d8ba9db08e9572384037d602e9124741af0bbf83,1720.89,66.98,7.026174030,54000,55000
d8ba9db08e9572384037d602e9124741af0bbf83,1729.12,67.59,7.023706010,54000,55000
d8ba9db08e9572384037d602e9124741af0bbf83,1720.14,66.79,7.017300349,54000,54000
d8ba9db08e9572384037d602e9124741af0bbf83,1730.25,67.00,7.057791376,54000,54000
d8ba9db08e9572384037d602e9124741af0bbf83,1704.63,66.13,6.947774948,54000,54000
d8ba9db08e9572384037d602e9124741af0bbf83,1737.40,67.51,7.054678466,54000,54000
d8ba9db08e9572384037d602e9124741af0bbf83,1735.56,67.43,7.040508718,55000,55000
d8ba9db08e9572384037d602e9124741af0bbf83,1764.10,68.69,7.177105910,54000,54000
d8ba9db08e9572384037d602e9124741af0bbf83,1720.97,66.76,7.004613668,54000,55000
d8ba9db08e9572384037d602e9124741af0bbf83,1748.38,68.29,7.104215171,54000,54000
d8ba9db08e9572384037d602e9124741af0bbf83,1719.01,67.13,6.995876818,54000,54000
d8ba9db08e9572384037d602e9124741af0bbf83,1718.57,67.00,7.002163553,54000,54000
d8ba9db08e9572384037d602e9124741af0bbf83,1721.25,66.77,7.014226970,54000,54000
d8ba9db08e9572384037d602e9124741af0bbf83,1737.54,67.60,7.070499318,54000,54000
d8ba9db08e9572384037d602e9124741af0bbf83,1733.16,67.54,7.057036699,54000,54000
d8ba9db08e9572384037d602e9124741af0bbf83,1725.05,67.40,6.997690244,54000,54000
d8ba9db08e9572384037d602e9124741af0bbf83,1728.58,67.27,7.019758771,54000,54000
d8ba9db08e9572384037d602e9124741af0bbf83,1733.44,67.42,7.060376654,54000,54000
d8ba9db08e9572384037d602e9124741af0bbf83,1720.23,67.00,7.003958332,54000,55000
d8ba9db08e9572384037d602e9124741af0bbf83,1734.45,67.39,7.060237887,54000,54000
d8ba9db08e9572384037d602e9124741af0bbf83,1731.64,67.17,7.064086330,54000,54000
8b269fb2ac77b8a2666c03ac1998c5c7312c154a,1736.63,67.89,7.060643758,54000,54000
8b269fb2ac77b8a2666c03ac1998c5c7312c154a,1738.61,67.67,7.086408423,54000,54000
8b269fb2ac77b8a2666c03ac1998c5c7312c154a,1755.25,68.55,7.143957880,54000,54000
8b269fb2ac77b8a2666c03ac1998c5c7312c154a,1714.34,66.86,6.979393482,54000,54000
8b269fb2ac77b8a2666c03ac1998c5c7312c154a,1728.81,67.36,7.055276486,54000,54000
8b269fb2ac77b8a2666c03ac1998c5c7312c154a,1716.59,67.06,6.997298699,55000,54000
8b269fb2ac77b8a2666c03ac1998c5c7312c154a,1731.02,67.15,7.054936898,54000,55000
8b269fb2ac77b8a2666c03ac1998c5c7312c154a,1722.15,67.29,7.014533923,54000,54000
8b269fb2ac77b8a2666c03ac1998c5c7312c154a,1730.41,67.49,7.032334761,54000,55000
8b269fb2ac77b8a2666c03ac1998c5c7312c154a,1728.82,67.18,7.049656319,54000,54000
8b269fb2ac77b8a2666c03ac1998c5c7312c154a,1727.00,67.55,7.026230887,55000,54000
8b269fb2ac77b8a2666c03ac1998c5c7312c154a,1732.71,67.50,7.036263914,54000,55000
8b269fb2ac77b8a2666c03ac1998c5c7312c154a,1736.01,67.55,7.060385193,54000,54000
8b269fb2ac77b8a2666c03ac1998c5c7312c154a,1745.35,67.97,7.090745562,54000,53000
8b269fb2ac77b8a2666c03ac1998c5c7312c154a,1719.24,67.12,7.003655908,54000,54000
8b269fb2ac77b8a2666c03ac1998c5c7312c154a,1716.98,66.79,6.974459944,54000,54000
8b269fb2ac77b8a2666c03ac1998c5c7312c154a,1754.75,68.27,7.151527642,54000,55000
8b269fb2ac77b8a2666c03ac1998c5c7312c154a,1728.82,67.15,7.034059131,54000,54000
8b269fb2ac77b8a2666c03ac1998c5c7312c154a,1742.37,67.66,7.078004964,54000,54000
8b269fb2ac77b8a2666c03ac1998c5c7312c154a,1710.26,66.22,6.972688477,54000,54000
8b269fb2ac77b8a2666c03ac1998c5c7312c154a,1762.76,68.81,7.168057820,55000,54000
8b269fb2ac77b8a2666c03ac1998c5c7312c154a,1732.92,67.32,7.049115413,54000,54000
8b269fb2ac77b8a2666c03ac1998c5c7312c154a,1728.60,67.12,7.029521840,54000,54000
8b269fb2ac77b8a2666c03ac1998c5c7312c154a,1736.04,67.67,7.056322275,54000,54000
8b269fb2ac77b8a2666c03ac1998c5c7312c154a,1736.69,67.46,7.070938769,54000,54000
8b269fb2ac77b8a2666c03ac1998c5c7312c154a,1724.82,67.14,7.015556012,54000,55000
8b269fb2ac77b8a2666c03ac1998c5c7312c154a,1727.33,67.53,7.029276249,54000,54000
8b269fb2ac77b8a2666c03ac1998c5c7312c154a,1753.15,68.13,7.134660019,54000,54000
8b269fb2ac77b8a2666c03ac1998c5c7312c154a,1720.79,66.93,7.009003724,54000,54000
8b269fb2ac77b8a2666c03ac1998c5c7312c154a,1723.08,66.93,7.017244337,54000,54000
00e1132799cad2884a6fab80fa84459abcacd2af,1722.24,67.14,7.008557715,54000,54000
00e1132799cad2884a6fab80fa84459abcacd2af,1732.04,67.33,7.047605883,54000,54000
00e1132799cad2884a6fab80fa84459abcacd2af,1748.96,68.11,7.125839364,54000,54000
00e1132799cad2884a6fab80fa84459abcacd2af,1742.75,67.77,7.100695252,54000,54000
00e1132799cad2884a6fab80fa84459abcacd2af,1720.40,67.05,7.012944552,54000,54000
00e1132799cad2884a6fab80fa84459abcacd2af,1733.68,67.46,7.066783925,54000,54000
00e1132799cad2884a6fab80fa84459abcacd2af,1728.81,67.24,7.036123187,54000,54000
00e1132799cad2884a6fab80fa84459abcacd2af,1717.09,66.81,6.998672664,54000,54000
00e1132799cad2884a6fab80fa84459abcacd2af,1722.71,67.23,7.024899961,54000,54000
00e1132799cad2884a6fab80fa84459abcacd2af,1735.84,67.50,7.068102081,55000,56000
00e1132799cad2884a6fab80fa84459abcacd2af,1747.94,68.16,7.101116602,54000,54000
00e1132799cad2884a6fab80fa84459abcacd2af,1737.93,67.76,7.058865928,54000,54000
00e1132799cad2884a6fab80fa84459abcacd2af,1747.95,68.04,7.110747724,54000,54000
00e1132799cad2884a6fab80fa84459abcacd2af,1711.50,66.51,6.962337856,54000,54000
00e1132799cad2884a6fab80fa84459abcacd2af,1732.53,67.47,7.041912776,54000,54000
00e1132799cad2884a6fab80fa84459abcacd2af,1746.66,67.98,7.111912474,54000,54000
00e1132799cad2884a6fab80fa84459abcacd2af,1748.63,67.98,7.117762949,54000,54000
00e1132799cad2884a6fab80fa84459abcacd2af,1742.29,68.16,7.078536329,54000,54000
00e1132799cad2884a6fab80fa84459abcacd2af,1733.62,67.47,7.049893282,54000,55000
00e1132799cad2884a6fab80fa84459abcacd2af,1728.01,66.87,7.021230548,54000,54000
00e1132799cad2884a6fab80fa84459abcacd2af,1718.17,66.72,6.988796997,54000,54000
00e1132799cad2884a6fab80fa84459abcacd2af,1724.14,67.03,7.009932765,54000,54000
00e1132799cad2884a6fab80fa84459abcacd2af,1727.42,67.51,7.035769302,54000,54000
00e1132799cad2884a6fab80fa84459abcacd2af,1725.23,67.45,7.022701843,55000,54000
00e1132799cad2884a6fab80fa84459abcacd2af,1734.12,67.64,7.051801788,55000,54000
00e1132799cad2884a6fab80fa84459abcacd2af,1731.43,67.31,7.052010293,54000,54000
00e1132799cad2884a6fab80fa84459abcacd2af,1734.15,67.51,7.046548329,55000,54000
00e1132799cad2884a6fab80fa84459abcacd2af,1742.67,67.96,7.086456942,54000,54000
00e1132799cad2884a6fab80fa84459abcacd2af,1734.25,67.57,7.063615726,55000,55000
00e1132799cad2884a6fab80fa84459abcacd2af,1745.76,68.07,7.096982683,54000,54000
380dabfaae03b7024838faa506c70d2b08b685ba,1753.80,68.53,7.143328693,54000,54000
380dabfaae03b7024838faa506c70d2b08b685ba,1750.16,68.33,7.145157156,54000,54000
380dabfaae03b7024838faa506c70d2b08b685ba,1739.69,67.76,7.068921013,55000,54000
380dabfaae03b7024838faa506c70d2b08b685ba,1724.33,66.90,7.026343825,54000,55000
380dabfaae03b7024838faa506c70d2b08b685ba,1734.03,67.28,7.057737355,54000,54000
380dabfaae03b7024838faa506c70d2b08b685ba,1719.34,66.66,6.984634413,55000,54000
380dabfaae03b7024838faa506c70d2b08b685ba,1737.50,67.41,7.077340051,54000,54000
380dabfaae03b7024838faa506c70d2b08b685ba,1725.10,67.09,7.021835460,54000,54000
380dabfaae03b7024838faa506c70d2b08b685ba,1727.19,67.34,7.026409418,54000,55000
380dabfaae03b7024838faa506c70d2b08b685ba,1731.86,67.56,7.059381256,54000,54000
380dabfaae03b7024838faa506c70d2b08b685ba,1751.67,68.25,7.121426914,54000,54000
380dabfaae03b7024838faa506c70d2b08b685ba,1722.00,66.97,7.002029278,54000,54000
380dabfaae03b7024838faa506c70d2b08b685ba,1723.03,67.11,7.008306123,54000,54000
380dabfaae03b7024838faa506c70d2b08b685ba,1721.79,67.07,7.000264772,55000,55000
380dabfaae03b7024838faa506c70d2b08b685ba,1743.93,67.93,7.096890624,54000,54000
380dabfaae03b7024838faa506c70d2b08b685ba,1730.41,67.48,7.040129402,54000,54000
380dabfaae03b7024838faa506c70d2b08b685ba,1744.33,68.18,7.074661262,54000,54000
380dabfaae03b7024838faa506c70d2b08b685ba,1745.03,67.67,7.106692257,54000,55000
380dabfaae03b7024838faa506c70d2b08b685ba,1721.81,66.95,7.009338291,55000,54000
380dabfaae03b7024838faa506c70d2b08b685ba,1743.09,67.70,7.098918805,55000,54000
380dabfaae03b7024838faa506c70d2b08b685ba,1763.78,68.78,7.163716580,55000,55000
380dabfaae03b7024838faa506c70d2b08b685ba,1753.36,68.35,7.133213033,54000,54000
380dabfaae03b7024838faa506c70d2b08b685ba,1727.87,67.39,7.039838418,54000,54000
380dabfaae03b7024838faa506c70d2b08b685ba,1731.06,67.73,7.039842643,54000,55000
380dabfaae03b7024838faa506c70d2b08b685ba,1739.64,67.48,7.071755259,54000,54000
380dabfaae03b7024838faa506c70d2b08b685ba,1732.34,67.37,7.042066153,55000,54000
380dabfaae03b7024838faa506c70d2b08b685ba,1737.58,67.86,7.059320294,54000,54000
380dabfaae03b7024838faa506c70d2b08b685ba,1716.42,66.74,6.992120932,54000,54000
380dabfaae03b7024838faa506c70d2b08b685ba,1748.83,68.11,7.116338665,54000,54000
380dabfaae03b7024838faa506c70d2b08b685ba,1747.44,68.21,7.101645324,54000,55000
08fee44f007846e7686f5eae83a0b13f349ba156,1718.83,66.96,6.991800097,55000,54000
08fee44f007846e7686f5eae83a0b13f349ba156,1731.29,67.21,7.039321933,54000,54000
08fee44f007846e7686f5eae83a0b13f349ba156,1747.08,68.19,7.110657404,56000,54000
08fee44f007846e7686f5eae83a0b13f349ba156,1717.63,66.79,7.009909438,54000,54000
08fee44f007846e7686f5eae83a0b13f349ba156,1749.27,68.12,7.123790258,54000,55000
08fee44f007846e7686f5eae83a0b13f349ba156,1726.57,67.21,7.024753084,55000,54000
08fee44f007846e7686f5eae83a0b13f349ba156,1733.26,67.36,7.052475469,54000,54000
08fee44f007846e7686f5eae83a0b13f349ba156,1736.03,67.63,7.069621430,54000,55000
08fee44f007846e7686f5eae83a0b13f349ba156,1730.19,67.45,7.039751804,55000,54000
08fee44f007846e7686f5eae83a0b13f349ba156,1732.58,67.72,7.044308198,55000,54000
08fee44f007846e7686f5eae83a0b13f349ba156,1730.25,67.24,7.036462374,54000,55000
08fee44f007846e7686f5eae83a0b13f349ba156,1726.21,67.22,7.018489567,55000,55000
08fee44f007846e7686f5eae83a0b13f349ba156,1742.28,68.22,7.089329386,54000,54000
08fee44f007846e7686f5eae83a0b13f349ba156,1714.29,66.74,6.971770650,56000,55000
08fee44f007846e7686f5eae83a0b13f349ba156,1744.55,68.22,7.086725299,55000,55000
08fee44f007846e7686f5eae83a0b13f349ba156,1758.33,68.61,7.165670635,56000,54000
08fee44f007846e7686f5eae83a0b13f349ba156,1743.00,67.81,7.085034161,54000,54000
08fee44f007846e7686f5eae83a0b13f349ba156,1726.27,67.35,7.023151209,54000,54000
08fee44f007846e7686f5eae83a0b13f349ba156,1724.00,67.13,7.019657141,54000,54000
08fee44f007846e7686f5eae83a0b13f349ba156,1730.45,67.47,7.034270613,55000,54000
08fee44f007846e7686f5eae83a0b13f349ba156,1724.56,67.08,7.013257390,55000,54000
08fee44f007846e7686f5eae83a0b13f349ba156,1734.95,67.45,7.060880437,54000,54000
08fee44f007846e7686f5eae83a0b13f349ba156,1751.73,67.99,7.122572747,54000,55000
08fee44f007846e7686f5eae83a0b13f349ba156,1734.95,67.26,7.067709118,54000,54000
08fee44f007846e7686f5eae83a0b13f349ba156,1714.91,66.62,6.972838106,54000,54000
08fee44f007846e7686f5eae83a0b13f349ba156,1717.24,66.63,6.982754839,54000,54000
08fee44f007846e7686f5eae83a0b13f349ba156,1743.18,67.63,7.080424351,54000,54000
08fee44f007846e7686f5eae83a0b13f349ba156,1759.51,68.64,7.157617074,54000,54000
08fee44f007846e7686f5eae83a0b13f349ba156,1717.33,66.87,6.985984387,55000,55000
08fee44f007846e7686f5eae83a0b13f349ba156,1732.58,67.60,7.046172800,54000,55000
df6ef42281a16cb0807cf5ebc71e5a19ee4898c0,1733.62,67.57,7.047063929,55000,54000
df6ef42281a16cb0807cf5ebc71e5a19ee4898c0,1752.81,68.32,7.116133858,54000,54000
df6ef42281a16cb0807cf5ebc71e5a19ee4898c0,1725.28,67.28,7.021189233,54000,54000
df6ef42281a16cb0807cf5ebc71e5a19ee4898c0,1716.18,66.80,6.994449695,54000,54000
df6ef42281a16cb0807cf5ebc71e5a19ee4898c0,1714.98,67.02,6.985896815,53000,54000
df6ef42281a16cb0807cf5ebc71e5a19ee4898c0,1715.74,66.77,6.990153317,54000,54000
df6ef42281a16cb0807cf5ebc71e5a19ee4898c0,1715.72,66.81,6.985482696,54000,55000
df6ef42281a16cb0807cf5ebc71e5a19ee4898c0,1723.61,67.31,7.010543467,56000,54000
df6ef42281a16cb0807cf5ebc71e5a19ee4898c0,1722.52,67.18,7.014594889,54000,54000
df6ef42281a16cb0807cf5ebc71e5a19ee4898c0,1721.66,66.80,6.996646357,54000,54000
df6ef42281a16cb0807cf5ebc71e5a19ee4898c0,1734.12,67.53,7.048982850,55000,54000
df6ef42281a16cb0807cf5ebc71e5a19ee4898c0,1709.77,66.41,6.956504884,54000,55000
df6ef42281a16cb0807cf5ebc71e5a19ee4898c0,1719.26,66.52,7.020739823,54000,55000
df6ef42281a16cb0807cf5ebc71e5a19ee4898c0,1735.53,67.58,7.069145531,54000,55000
df6ef42281a16cb0807cf5ebc71e5a19ee4898c0,1757.91,68.61,7.165458021,55000,54000
df6ef42281a16cb0807cf5ebc71e5a19ee4898c0,1732.12,67.42,7.067257953,55000,54000
df6ef42281a16cb0807cf5ebc71e5a19ee4898c0,1734.17,67.08,7.055562650,54000,55000
df6ef42281a16cb0807cf5ebc71e5a19ee4898c0,1722.29,66.69,7.007030073,54000,54000
df6ef42281a16cb0807cf5ebc71e5a19ee4898c0,1753.59,68.10,7.129289885,54000,54000
df6ef42281a16cb0807cf5ebc71e5a19ee4898c0,1725.26,66.91,7.016054036,54000,54000
df6ef42281a16cb0807cf5ebc71e5a19ee4898c0,1731.61,67.24,7.043730189,54000,54000
df6ef42281a16cb0807cf5ebc71e5a19ee4898c0,1731.59,67.81,7.027706946,55000,54000
df6ef42281a16cb0807cf5ebc71e5a19ee4898c0,1730.27,67.28,7.043236743,54000,54000
df6ef42281a16cb0807cf5ebc71e5a19ee4898c0,1708.94,66.18,6.968910958,54000,54000
df6ef42281a16cb0807cf5ebc71e5a19ee4898c0,1731.36,67.28,7.044412242,54000,54000
df6ef42281a16cb0807cf5ebc71e5a19ee4898c0,1734.75,67.32,7.065631984,54000,54000
df6ef42281a16cb0807cf5ebc71e5a19ee4898c0,1720.51,67.31,7.003877463,54000,54000
df6ef42281a16cb0807cf5ebc71e5a19ee4898c0,1732.73,67.17,7.061553858,54000,54000
df6ef42281a16cb0807cf5ebc71e5a19ee4898c0,1722.10,67.11,7.005799006,54000,54000
df6ef42281a16cb0807cf5ebc71e5a19ee4898c0,1729.15,67.36,7.039461164,54000,54000
92f2d046ce9cd0a7db2d580d445c0dc14e5d5007,1723.49,66.93,7.014131835,55000,55000
92f2d046ce9cd0a7db2d580d445c0dc14e5d5007,1729.26,67.52,7.031624007,54000,54000
92f2d046ce9cd0a7db2d580d445c0dc14e5d5007,1727.97,67.51,7.029673858,54000,54000
92f2d046ce9cd0a7db2d580d445c0dc14e5d5007,1743.87,67.84,7.111733401,54000,54000
92f2d046ce9cd0a7db2d580d445c0dc14e5d5007,1713.65,66.71,6.959767462,55000,54000
92f2d046ce9cd0a7db2d580d445c0dc14e5d5007,1726.61,67.19,7.036822851,54000,55000
92f2d046ce9cd0a7db2d580d445c0dc14e5d5007,1735.38,67.78,7.073613239,54000,54000
92f2d046ce9cd0a7db2d580d445c0dc14e5d5007,1711.93,66.69,6.957322034,55000,55000
92f2d046ce9cd0a7db2d580d445c0dc14e5d5007,1735.22,67.30,7.066136409,54000,54000
92f2d046ce9cd0a7db2d580d445c0dc14e5d5007,1756.33,68.16,7.171761983,54000,54000
92f2d046ce9cd0a7db2d580d445c0dc14e5d5007,1720.69,67.05,7.012453056,54000,54000
92f2d046ce9cd0a7db2d580d445c0dc14e5d5007,1710.51,66.54,6.970676822,55000,54000
92f2d046ce9cd0a7db2d580d445c0dc14e5d5007,1724.85,67.06,7.034472713,54000,53000
92f2d046ce9cd0a7db2d580d445c0dc14e5d5007,1740.19,67.98,7.077211483,54000,53000
92f2d046ce9cd0a7db2d580d445c0dc14e5d5007,1741.97,67.91,7.077655983,55000,54000
92f2d046ce9cd0a7db2d580d445c0dc14e5d5007,1728.15,67.24,7.028884013,54000,54000
92f2d046ce9cd0a7db2d580d445c0dc14e5d5007,1736.56,67.62,7.059770633,54000,54000
92f2d046ce9cd0a7db2d580d445c0dc14e5d5007,1723.56,66.88,7.025394726,55000,54000
92f2d046ce9cd0a7db2d580d445c0dc14e5d5007,1742.83,68.22,7.074075135,54000,54000
92f2d046ce9cd0a7db2d580d445c0dc14e5d5007,1728.92,67.20,7.029797300,54000,54000
92f2d046ce9cd0a7db2d580d445c0dc14e5d5007,1741.93,67.73,7.071834493,54000,54000
92f2d046ce9cd0a7db2d580d445c0dc14e5d5007,1743.14,67.57,7.091480913,54000,54000
92f2d046ce9cd0a7db2d580d445c0dc14e5d5007,1737.11,67.30,7.059406506,54000,54000
92f2d046ce9cd0a7db2d580d445c0dc14e5d5007,1730.33,67.09,7.032150328,54000,54000
92f2d046ce9cd0a7db2d580d445c0dc14e5d5007,1735.33,67.75,7.050948704,54000,54000
92f2d046ce9cd0a7db2d580d445c0dc14e5d5007,1725.08,67.06,7.014649300,54000,54000
92f2d046ce9cd0a7db2d580d445c0dc14e5d5007,1751.08,68.38,7.098090295,55000,54000
92f2d046ce9cd0a7db2d580d445c0dc14e5d5007,1721.15,66.76,7.009715980,54000,54000
92f2d046ce9cd0a7db2d580d445c0dc14e5d5007,1732.49,67.11,7.043387233,54000,54000
92f2d046ce9cd0a7db2d580d445c0dc14e5d5007,1743.13,67.39,7.116792892,54000,54000
b7224bd88baee6ccc731274b11081a0265b7984c,1753.53,68.50,7.131425699,54000,54000
b7224bd88baee6ccc731274b11081a0265b7984c,1719.95,67.07,6.998637269,54000,54000
b7224bd88baee6ccc731274b11081a0265b7984c,1712.49,66.64,6.961942440,54000,54000
b7224bd88baee6ccc731274b11081a0265b7984c,1735.19,67.56,7.065519538,54000,54000
b7224bd88baee6ccc731274b11081a0265b7984c,1750.22,68.32,7.111463713,55000,55000
b7224bd88baee6ccc731274b11081a0265b7984c,1720.04,67.01,7.000416030,55000,54000
b7224bd88baee6ccc731274b11081a0265b7984c,1748.79,67.93,7.119157924,54000,54000
b7224bd88baee6ccc731274b11081a0265b7984c,1711.42,66.58,6.967539293,55000,54000
b7224bd88baee6ccc731274b11081a0265b7984c,1751.50,68.15,7.138326555,54000,55000
b7224bd88baee6ccc731274b11081a0265b7984c,1744.92,67.79,7.104506824,54000,54000
b7224bd88baee6ccc731274b11081a0265b7984c,1740.11,67.31,7.065000878,54000,55000
b7224bd88baee6ccc731274b11081a0265b7984c,1763.87,68.81,7.162679343,54000,54000
b7224bd88baee6ccc731274b11081a0265b7984c,1722.54,66.88,7.011112575,54000,54000
b7224bd88baee6ccc731274b11081a0265b7984c,1739.06,67.84,7.080894205,54000,54000
b7224bd88baee6ccc731274b11081a0265b7984c,1723.00,66.82,7.017722355,54000,55000
b7224bd88baee6ccc731274b11081a0265b7984c,1732.84,67.26,7.075770213,54000,54000
b7224bd88baee6ccc731274b11081a0265b7984c,1735.50,67.68,7.064690243,55000,54000
b7224bd88baee6ccc731274b11081a0265b7984c,1746.62,68.20,7.107529562,54000,54000
b7224bd88baee6ccc731274b11081a0265b7984c,1756.58,68.28,7.145766676,54000,54000
b7224bd88baee6ccc731274b11081a0265b7984c,1716.53,66.70,6.983631521,54000,54000
b7224bd88baee6ccc731274b11081a0265b7984c,1732.05,67.48,7.047540267,54000,54000
b7224bd88baee6ccc731274b11081a0265b7984c,1720.99,66.95,7.011995217,54000,55000
b7224bd88baee6ccc731274b11081a0265b7984c,1737.01,67.63,7.053239274,54000,54000
b7224bd88baee6ccc731274b11081a0265b7984c,1718.87,67.00,6.989053118,55000,54000
b7224bd88baee6ccc731274b11081a0265b7984c,1745.36,67.73,7.102521806,55000,55000
b7224bd88baee6ccc731274b11081a0265b7984c,1729.24,67.52,7.038683243,54000,54000
b7224bd88baee6ccc731274b11081a0265b7984c,1730.80,67.24,7.039980963,54000,54000
b7224bd88baee6ccc731274b11081a0265b7984c,1735.29,67.43,7.074998849,55000,54000
b7224bd88baee6ccc731274b11081a0265b7984c,1741.27,67.88,7.074705472,54000,54000
b7224bd88baee6ccc731274b11081a0265b7984c,1730.03,67.31,7.036105065,54000,55000
99f9dff840dd220db89122c00b567e10295e0a20,1735.77,67.80,7.050820827,54000,54000
99f9dff840dd220db89122c00b567e10295e0a20,1730.40,67.21,7.055816168,54000,54000
99f9dff840dd220db89122c00b567e10295e0a20,1724.40,67.30,7.023870022,54000,54000
99f9dff840dd220db89122c00b567e10295e0a20,1720.40,67.00,7.008404200,54000,54000
99f9dff840dd220db89122c00b567e10295e0a20,1725.74,67.26,7.030660917,54000,54000
99f9dff840dd220db89122c00b567e10295e0a20,1734.62,67.56,7.052229972,54000,54000
99f9dff840dd220db89122c00b567e10295e0a20,1731.51,67.48,7.034796251,55000,55000
99f9dff840dd220db89122c00b567e10295e0a20,1731.08,67.44,7.052088250,54000,54000
99f9dff840dd220db89122c00b567e10295e0a20,1736.23,67.45,7.059232442,54000,54000
99f9dff840dd220db89122c00b567e10295e0a20,1737.61,67.94,7.083487405,54000,54000
99f9dff840dd220db89122c00b567e10295e0a20,1738.55,67.51,7.077961830,54000,54000
99f9dff840dd220db89122c00b567e10295e0a20,1732.34,67.53,7.036337840,54000,54000
99f9dff840dd220db89122c00b567e10295e0a20,1725.34,67.53,7.009397867,54000,54000
99f9dff840dd220db89122c00b567e10295e0a20,1723.20,67.13,7.025595201,54000,54000
99f9dff840dd220db89122c00b567e10295e0a20,1721.63,67.05,7.010847027,54000,54000
99f9dff840dd220db89122c00b567e10295e0a20,1754.79,68.28,7.147243811,54000,54000
99f9dff840dd220db89122c00b567e10295e0a20,1733.78,67.51,7.048935069,55000,55000
99f9dff840dd220db89122c00b567e10295e0a20,1714.99,66.68,6.979162457,54000,54000
99f9dff840dd220db89122c00b567e10295e0a20,1749.17,67.90,7.104805647,54000,54000
99f9dff840dd220db89122c00b567e10295e0a20,1743.20,67.96,7.064560758,55000,54000
99f9dff840dd220db89122c00b567e10295e0a20,1738.66,67.71,7.064553249,55000,54000
99f9dff840dd220db89122c00b567e10295e0a20,1748.47,67.91,7.105600126,54000,54000
99f9dff840dd220db89122c00b567e10295e0a20,1744.76,67.63,7.106562431,55000,55000
99f9dff840dd220db89122c00b567e10295e0a20,1749.65,68.30,7.110062931,54000,54000
99f9dff840dd220db89122c00b567e10295e0a20,1728.39,67.10,7.041310107,54000,54000
99f9dff840dd220db89122c00b567e10295e0a20,1719.69,66.75,6.987078685,55000,54000
99f9dff840dd220db89122c00b567e10295e0a20,1710.27,66.52,6.952125638,54000,54000
99f9dff840dd220db89122c00b567e10295e0a20,1728.52,67.21,7.024268565,54000,54000
99f9dff840dd220db89122c00b567e10295e0a20,1737.24,67.47,7.068567575,54000,55000
99f9dff840dd220db89122c00b567e10295e0a20,1753.43,68.38,7.127558333,54000,55000
f3ccae86f06b3f2724bfe61a5c56c6908dac613c,1672.54,65.38,6.801659215,54000,55000
f3ccae86f06b3f2724bfe61a5c56c6908dac613c,1699.79,66.21,6.929897735,54000,54000
f3ccae86f06b3f2724bfe61a5c56c6908dac613c,1700.84,66.42,6.914555504,55000,55000
f3ccae86f06b3f2724bfe61a5c56c6908dac613c,1692.53,66.04,6.881169125,54000,55000
f3ccae86f06b3f2724bfe61a5c56c6908dac613c,1694.32,66.28,6.884248940,54000,54000
f3ccae86f06b3f2724bfe61a5c56c6908dac613c,1684.15,65.54,6.851349077,54000,54000
f3ccae86f06b3f2724bfe61a5c56c6908dac613c,1673.20,65.36,6.800285867,54000,54000
f3ccae86f06b3f2724bfe61a5c56c6908dac613c,1683.92,65.61,6.851382443,54000,54000
f3ccae86f06b3f2724bfe61a5c56c6908dac613c,1676.60,65.49,6.826908360,54000,55000
f3ccae86f06b3f2724bfe61a5c56c6908dac613c,1672.23,65.26,6.803736705,54000,54000
f3ccae86f06b3f2724bfe61a5c56c6908dac613c,1694.59,66.36,6.868826476,55000,54000
f3ccae86f06b3f2724bfe61a5c56c6908dac613c,1708.66,66.59,6.948779786,54000,54000
f3ccae86f06b3f2724bfe61a5c56c6908dac613c,1696.79,66.07,6.913067808,54000,54000
f3ccae86f06b3f2724bfe61a5c56c6908dac613c,1681.37,65.49,6.813779510,54000,54000
f3ccae86f06b3f2724bfe61a5c56c6908dac613c,1699.02,65.82,6.913058675,54000,55000
f3ccae86f06b3f2724bfe61a5c56c6908dac613c,1703.16,66.17,6.926766300,54000,54000
f3ccae86f06b3f2724bfe61a5c56c6908dac613c,1695.29,66.13,6.887773734,54000,54000
f3ccae86f06b3f2724bfe61a5c56c6908dac613c,1670.88,65.10,6.793514404,54000,54000
f3ccae86f06b3f2724bfe61a5c56c6908dac613c,1672.42,65.21,6.796010541,54000,54000
f3ccae86f06b3f2724bfe61a5c56c6908dac613c,1697.95,66.27,6.895444280,54000,54000
f3ccae86f06b3f2724bfe61a5c56c6908dac613c,1705.44,66.66,6.925330134,54000,54000
f3ccae86f06b3f2724bfe61a5c56c6908dac613c,1690.55,65.94,6.857696285,55000,54000
f3ccae86f06b3f2724bfe61a5c56c6908dac613c,1685.64,65.93,6.847867141,55000,55000
f3ccae86f06b3f2724bfe61a5c56c6908dac613c,1676.17,65.46,6.813074466,54000,54000
f3ccae86f06b3f2724bfe61a5c56c6908dac613c,1692.95,65.93,6.881238262,54000,54000
f3ccae86f06b3f2724bfe61a5c56c6908dac613c,1683.34,65.82,6.851506461,55000,55000
f3ccae86f06b3f2724bfe61a5c56c6908dac613c,1687.92,65.81,6.856681564,54000,54000
f3ccae86f06b3f2724bfe61a5c56c6908dac613c,1666.31,65.23,6.769979148,54000,54000
f3ccae86f06b3f2724bfe61a5c56c6908dac613c,1678.57,65.68,6.816738084,54000,53000
f3ccae86f06b3f2724bfe61a5c56c6908dac613c,1697.25,66.79,6.891282701,54000,55000
dad58a05eb5578df97674eb06e9700e85dce1de3,3640.26,139.61,15.236801810,55000,55000
dad58a05eb5578df97674eb06e9700e85dce1de3,3640.34,139.64,15.220641313,54000,55000
dad58a05eb5578df97674eb06e9700e85dce1de3,3642.70,139.31,15.218636302,54000,54000
dad58a05eb5578df97674eb06e9700e85dce1de3,3673.44,140.74,15.369684268,53000,54000
dad58a05eb5578df97674eb06e9700e85dce1de3,3639.52,139.16,15.209350589,54000,54000
dad58a05eb5578df97674eb06e9700e85dce1de3,3645.47,139.13,15.249633135,54000,54000
dad58a05eb5578df97674eb06e9700e85dce1de3,3632.44,139.07,15.201760901,54000,54000
dad58a05eb5578df97674eb06e9700e85dce1de3,3641.39,139.11,15.227741094,56000,54000
dad58a05eb5578df97674eb06e9700e85dce1de3,3646.42,139.73,15.244288487,54000,54000
dad58a05eb5578df97674eb06e9700e85dce1de3,3647.14,139.17,15.253392822,55000,54000
dad58a05eb5578df97674eb06e9700e85dce1de3,3634.53,138.75,15.191969117,54000,54000
dad58a05eb5578df97674eb06e9700e85dce1de3,3645.72,138.85,15.243254157,54000,54000
dad58a05eb5578df97674eb06e9700e85dce1de3,3669.60,139.98,15.324459210,55000,55000
dad58a05eb5578df97674eb06e9700e85dce1de3,3652.69,140.32,15.261318859,55000,55000
dad58a05eb5578df97674eb06e9700e85dce1de3,3639.86,139.12,15.216523128,54000,54000
dad58a05eb5578df97674eb06e9700e85dce1de3,3636.24,139.62,15.191742239,54000,54000
dad58a05eb5578df97674eb06e9700e85dce1de3,3652.35,138.83,15.269597607,54000,54000
dad58a05eb5578df97674eb06e9700e85dce1de3,3639.50,138.89,15.197663632,54000,54000
dad58a05eb5578df97674eb06e9700e85dce1de3,3649.13,139.58,15.249962350,54000,54000
dad58a05eb5578df97674eb06e9700e85dce1de3,3648.09,139.39,15.236843357,55000,54000
dad58a05eb5578df97674eb06e9700e85dce1de3,3632.14,138.97,15.178809992,54000,54000
dad58a05eb5578df97674eb06e9700e85dce1de3,3647.84,139.41,15.243488713,54000,54000
dad58a05eb5578df97674eb06e9700e85dce1de3,3647.72,139.73,15.251536160,54000,54000
dad58a05eb5578df97674eb06e9700e85dce1de3,3622.27,138.06,15.155239430,54000,55000
dad58a05eb5578df97674eb06e9700e85dce1de3,3655.15,139.89,15.255343384,54000,55000
dad58a05eb5578df97674eb06e9700e85dce1de3,3677.77,140.79,15.363560670,55000,54000
dad58a05eb5578df97674eb06e9700e85dce1de3,3637.68,138.80,15.210878424,54000,54000
dad58a05eb5578df97674eb06e9700e85dce1de3,3650.46,139.53,15.248106798,55000,54000
dad58a05eb5578df97674eb06e9700e85dce1de3,3632.87,139.08,15.180643650,54000,54000
dad58a05eb5578df97674eb06e9700e85dce1de3,3644.51,139.54,15.214512342,55000,55000
87df2cef0930b70ec768530bca9b5c864733296f,3641.26,139.27,15.229856184,54000,54000
87df2cef0930b70ec768530bca9b5c864733296f,3645.53,139.70,15.224254867,54000,55000
87df2cef0930b70ec768530bca9b5c864733296f,3621.67,138.68,15.148959703,54000,54000
87df2cef0930b70ec768530bca9b5c864733296f,3647.18,139.95,15.243562897,54000,55000
87df2cef0930b70ec768530bca9b5c864733296f,3656.47,140.32,15.275345542,54000,56000
87df2cef0930b70ec768530bca9b5c864733296f,3630.92,138.51,15.179694856,53000,54000
87df2cef0930b70ec768530bca9b5c864733296f,3635.64,138.74,15.191424130,54000,54000
87df2cef0930b70ec768530bca9b5c864733296f,3637.38,139.08,15.200127090,54000,54000
87df2cef0930b70ec768530bca9b5c864733296f,3645.87,139.32,15.234854454,54000,54000
87df2cef0930b70ec768530bca9b5c864733296f,3645.82,139.43,15.228038600,54000,54000
87df2cef0930b70ec768530bca9b5c864733296f,3644.25,139.35,15.219620433,54000,54000
87df2cef0930b70ec768530bca9b5c864733296f,3646.74,139.43,15.236279253,54000,54000
87df2cef0930b70ec768530bca9b5c864733296f,3648.01,139.14,15.241610200,54000,54000
87df2cef0930b70ec768530bca9b5c864733296f,3680.27,140.50,15.354955750,54000,54000
87df2cef0930b70ec768530bca9b5c864733296f,3660.00,139.43,15.287091239,54000,54000
87df2cef0930b70ec768530bca9b5c864733296f,3652.42,139.34,15.262910674,54000,54000
87df2cef0930b70ec768530bca9b5c864733296f,3637.38,138.73,15.200574226,55000,54000
87df2cef0930b70ec768530bca9b5c864733296f,3673.74,140.38,15.327554510,54000,54000
87df2cef0930b70ec768530bca9b5c864733296f,3657.37,139.57,15.273512923,54000,54000
87df2cef0930b70ec768530bca9b5c864733296f,3656.08,140.07,15.291720984,54000,54000
87df2cef0930b70ec768530bca9b5c864733296f,3666.86,140.50,15.333258351,54000,54000
87df2cef0930b70ec768530bca9b5c864733296f,3663.28,140.29,15.319272766,54000,54000
87df2cef0930b70ec768530bca9b5c864733296f,3667.33,140.14,15.335310199,54000,54000
87df2cef0930b70ec768530bca9b5c864733296f,3652.77,139.76,15.241427126,55000,55000
87df2cef0930b70ec768530bca9b5c864733296f,3653.26,139.81,15.271603035,54000,54000
87df2cef0930b70ec768530bca9b5c864733296f,3654.64,139.54,15.286337940,54000,54000
87df2cef0930b70ec768530bca9b5c864733296f,3641.64,139.22,15.205978337,54000,54000
87df2cef0930b70ec768530bca9b5c864733296f,3640.89,139.25,15.213669057,54000,54000
87df2cef0930b70ec768530bca9b5c864733296f,3643.84,139.23,15.220030844,54000,54000
87df2cef0930b70ec768530bca9b5c864733296f,3619.17,138.00,15.138536044,54000,55000
c8d98dcb3ed65054cb9814f272b5027ea4a8fc54,3671.91,141.23,15.338888869,54000,54000
c8d98dcb3ed65054cb9814f272b5027ea4a8fc54,3651.58,139.70,15.255450265,54000,54000
c8d98dcb3ed65054cb9814f272b5027ea4a8fc54,3652.06,139.86,15.258347821,54000,54000
c8d98dcb3ed65054cb9814f272b5027ea4a8fc54,3652.21,140.21,15.262385014,54000,54000
c8d98dcb3ed65054cb9814f272b5027ea4a8fc54,3683.65,140.67,15.403206966,54000,54000
c8d98dcb3ed65054cb9814f272b5027ea4a8fc54,3648.85,139.89,15.246959709,54000,54000
c8d98dcb3ed65054cb9814f272b5027ea4a8fc54,3644.79,139.02,15.228325159,54000,54000
c8d98dcb3ed65054cb9814f272b5027ea4a8fc54,3637.98,138.54,15.219973876,54000,54000
c8d98dcb3ed65054cb9814f272b5027ea4a8fc54,3654.20,139.70,15.256020052,55000,55000
c8d98dcb3ed65054cb9814f272b5027ea4a8fc54,3657.41,139.82,15.300682407,54000,54000
c8d98dcb3ed65054cb9814f272b5027ea4a8fc54,3639.57,138.54,15.206184703,55000,53000
c8d98dcb3ed65054cb9814f272b5027ea4a8fc54,3654.19,139.85,15.287416413,55000,55000
c8d98dcb3ed65054cb9814f272b5027ea4a8fc54,3670.97,140.33,15.343379402,54000,55000
c8d98dcb3ed65054cb9814f272b5027ea4a8fc54,3663.67,140.32,15.304411620,54000,54000
c8d98dcb3ed65054cb9814f272b5027ea4a8fc54,3648.53,139.75,15.257250880,54000,54000
c8d98dcb3ed65054cb9814f272b5027ea4a8fc54,3681.78,140.74,15.400708587,54000,54000
c8d98dcb3ed65054cb9814f272b5027ea4a8fc54,3654.14,139.69,15.270162867,54000,55000
c8d98dcb3ed65054cb9814f272b5027ea4a8fc54,3631.26,138.85,15.190282971,54000,54000
c8d98dcb3ed65054cb9814f272b5027ea4a8fc54,3667.81,139.62,15.340575669,54000,54000
c8d98dcb3ed65054cb9814f272b5027ea4a8fc54,3655.97,139.89,15.256185484,54000,54000
c8d98dcb3ed65054cb9814f272b5027ea4a8fc54,3639.39,138.73,15.187622524,54000,54000
c8d98dcb3ed65054cb9814f272b5027ea4a8fc54,3657.08,139.64,15.270971509,54000,55000
c8d98dcb3ed65054cb9814f272b5027ea4a8fc54,3635.76,138.90,15.189873727,54000,54000
c8d98dcb3ed65054cb9814f272b5027ea4a8fc54,3656.31,139.79,15.267877842,54000,54000
c8d98dcb3ed65054cb9814f272b5027ea4a8fc54,3645.46,139.38,15.241913193,54000,54000
c8d98dcb3ed65054cb9814f272b5027ea4a8fc54,3651.94,139.65,15.252598105,54000,54000
c8d98dcb3ed65054cb9814f272b5027ea4a8fc54,3643.29,139.29,15.217143564,54000,54000
c8d98dcb3ed65054cb9814f272b5027ea4a8fc54,3639.35,139.29,15.215842624,54000,54000
c8d98dcb3ed65054cb9814f272b5027ea4a8fc54,3657.09,140.35,15.270644437,55000,55000
c8d98dcb3ed65054cb9814f272b5027ea4a8fc54,3644.83,139.62,15.217926974,54000,54000
7bc6273f4d59b7981df8b64d49a7fbdad0b47442,3634.82,139.18,15.186583435,54000,54000
7bc6273f4d59b7981df8b64d49a7fbdad0b47442,3646.21,139.56,15.242534170,54000,55000
7bc6273f4d59b7981df8b64d49a7fbdad0b47442,3638.66,139.90,15.215531325,54000,54000
7bc6273f4d59b7981df8b64d49a7fbdad0b47442,3657.16,139.53,15.294843693,54000,54000
7bc6273f4d59b7981df8b64d49a7fbdad0b47442,3644.24,139.88,15.230303137,55000,54000
7bc6273f4d59b7981df8b64d49a7fbdad0b47442,3659.06,139.84,15.291832556,54000,54000
7bc6273f4d59b7981df8b64d49a7fbdad0b47442,3655.74,139.89,15.266249253,55000,55000
7bc6273f4d59b7981df8b64d49a7fbdad0b47442,3652.87,139.67,15.284063330,55000,54000
7bc6273f4d59b7981df8b64d49a7fbdad0b47442,3660.13,140.00,15.295526849,54000,54000
7bc6273f4d59b7981df8b64d49a7fbdad0b47442,3652.69,139.63,15.274505534,54000,54000
7bc6273f4d59b7981df8b64d49a7fbdad0b47442,3665.84,139.91,15.331392342,55000,54000
7bc6273f4d59b7981df8b64d49a7fbdad0b47442,3653.21,139.30,15.266228313,54000,54000
7bc6273f4d59b7981df8b64d49a7fbdad0b47442,3679.61,140.62,15.369488703,55000,55000
7bc6273f4d59b7981df8b64d49a7fbdad0b47442,3643.97,138.88,15.236947731,54000,54000
7bc6273f4d59b7981df8b64d49a7fbdad0b47442,3649.45,139.43,15.242806582,54000,54000
7bc6273f4d59b7981df8b64d49a7fbdad0b47442,3644.49,139.28,15.230890332,56000,54000
7bc6273f4d59b7981df8b64d49a7fbdad0b47442,3651.45,139.78,15.237240537,54000,53000
7bc6273f4d59b7981df8b64d49a7fbdad0b47442,3635.64,139.29,15.194847720,53000,54000
7bc6273f4d59b7981df8b64d49a7fbdad0b47442,3639.66,139.05,15.217239023,54000,55000
7bc6273f4d59b7981df8b64d49a7fbdad0b47442,3667.41,139.83,15.309663835,54000,54000
7bc6273f4d59b7981df8b64d49a7fbdad0b47442,3664.73,140.37,15.316164596,54000,54000
7bc6273f4d59b7981df8b64d49a7fbdad0b47442,3626.43,138.48,15.166323775,54000,54000
7bc6273f4d59b7981df8b64d49a7fbdad0b47442,3665.35,140.01,15.311288462,54000,54000
7bc6273f4d59b7981df8b64d49a7fbdad0b47442,3635.48,138.83,15.185063631,54000,54000
7bc6273f4d59b7981df8b64d49a7fbdad0b47442,3666.08,140.31,15.310847161,54000,54000
7bc6273f4d59b7981df8b64d49a7fbdad0b47442,3655.86,139.28,15.273703582,54000,54000
7bc6273f4d59b7981df8b64d49a7fbdad0b47442,3663.62,139.92,15.310381584,54000,55000
7bc6273f4d59b7981df8b64d49a7fbdad0b47442,3659.43,140.09,15.279465338,54000,54000
7bc6273f4d59b7981df8b64d49a7fbdad0b47442,3653.45,139.27,15.253637248,55000,54000
7bc6273f4d59b7981df8b64d49a7fbdad0b47442,3643.24,139.36,15.211432469,55000,54000
b90aaa22c46e73fb0596ffa754dbf260c3c7ae14,3645.90,139.62,15.239708727,54000,54000
b90aaa22c46e73fb0596ffa754dbf260c3c7ae14,3643.97,139.50,15.226540041,54000,53000
b90aaa22c46e73fb0596ffa754dbf260c3c7ae14,3624.95,138.83,15.167430773,54000,54000
b90aaa22c46e73fb0596ffa754dbf260c3c7ae14,3690.73,140.55,15.438495742,54000,55000
b90aaa22c46e73fb0596ffa754dbf260c3c7ae14,3644.03,139.12,15.217554265,54000,55000
b90aaa22c46e73fb0596ffa754dbf260c3c7ae14,3659.51,140.33,15.283157315,54000,55000
b90aaa22c46e73fb0596ffa754dbf260c3c7ae14,3639.03,139.36,15.210909021,54000,54000
b90aaa22c46e73fb0596ffa754dbf260c3c7ae14,3628.54,138.88,15.161313645,55000,54000
b90aaa22c46e73fb0596ffa754dbf260c3c7ae14,3641.22,138.94,15.217440096,55000,54000
b90aaa22c46e73fb0596ffa754dbf260c3c7ae14,3644.49,139.58,15.216421754,55000,56000
b90aaa22c46e73fb0596ffa754dbf260c3c7ae14,3661.46,139.96,15.318748410,54000,54000
b90aaa22c46e73fb0596ffa754dbf260c3c7ae14,3654.49,139.99,15.283027464,53000,54000
b90aaa22c46e73fb0596ffa754dbf260c3c7ae14,3624.73,138.69,15.163205888,54000,55000
b90aaa22c46e73fb0596ffa754dbf260c3c7ae14,3644.95,139.40,15.215172151,53000,54000
b90aaa22c46e73fb0596ffa754dbf260c3c7ae14,3650.01,139.86,15.243635788,54000,54000
b90aaa22c46e73fb0596ffa754dbf260c3c7ae14,3658.31,139.83,15.282199052,54000,54000
b90aaa22c46e73fb0596ffa754dbf260c3c7ae14,3665.45,139.87,15.321148409,54000,54000
b90aaa22c46e73fb0596ffa754dbf260c3c7ae14,3651.44,139.53,15.253613411,54000,54000
b90aaa22c46e73fb0596ffa754dbf260c3c7ae14,3680.76,140.96,15.392439780,54000,54000
b90aaa22c46e73fb0596ffa754dbf260c3c7ae14,3644.18,139.70,15.227428273,54000,54000
b90aaa22c46e73fb0596ffa754dbf260c3c7ae14,3660.30,139.37,15.290583044,54000,54000
b90aaa22c46e73fb0596ffa754dbf260c3c7ae14,3631.56,138.50,15.185145684,54000,54000
b90aaa22c46e73fb0596ffa754dbf260c3c7ae14,3651.00,139.88,15.257011558,54000,54000
b90aaa22c46e73fb0596ffa754dbf260c3c7ae14,3649.87,139.39,15.262825005,54000,55000
b90aaa22c46e73fb0596ffa754dbf260c3c7ae14,3662.88,139.72,15.321814086,54000,55000
b90aaa22c46e73fb0596ffa754dbf260c3c7ae14,3641.80,139.11,15.233482176,54000,53000
b90aaa22c46e73fb0596ffa754dbf260c3c7ae14,3641.18,138.88,15.224855788,54000,54000
b90aaa22c46e73fb0596ffa754dbf260c3c7ae14,3650.38,139.66,15.263190787,55000,54000
b90aaa22c46e73fb0596ffa754dbf260c3c7ae14,3657.35,140.22,15.291210184,54000,54000
b90aaa22c46e73fb0596ffa754dbf260c3c7ae14,3649.16,139.83,15.242568876,54000,54000
defed737f4416af8031294ab2d829157abf6013d,3655.73,139.72,15.289669431,55000,55000
defed737f4416af8031294ab2d829157abf6013d,3643.30,139.53,15.241645570,54000,54000
defed737f4416af8031294ab2d829157abf6013d,3627.40,138.24,15.177865792,54000,54000
defed737f4416af8031294ab2d829157abf6013d,3661.58,139.90,15.307289906,55000,54000
defed737f4416af8031294ab2d829157abf6013d,3660.82,139.60,15.310508064,54000,55000
defed737f4416af8031294ab2d829157abf6013d,3629.97,138.40,15.155526472,55000,54000
defed737f4416af8031294ab2d829157abf6013d,3634.04,138.48,15.193691926,54000,54000
defed737f4416af8031294ab2d829157abf6013d,3638.42,138.94,15.211280779,54000,54000
defed737f4416af8031294ab2d829157abf6013d,3642.46,139.31,15.220532852,55000,55000
defed737f4416af8031294ab2d829157abf6013d,3650.65,139.38,15.246517584,54000,54000
defed737f4416af8031294ab2d829157abf6013d,3644.91,139.53,15.225083092,54000,54000
defed737f4416af8031294ab2d829157abf6013d,3640.70,139.43,15.200843646,54000,54000
defed737f4416af8031294ab2d829157abf6013d,3647.86,139.67,15.245594040,55000,53000
defed737f4416af8031294ab2d829157abf6013d,3640.39,138.59,15.218615977,54000,54000
defed737f4416af8031294ab2d829157abf6013d,3665.53,140.20,15.331436002,55000,54000
defed737f4416af8031294ab2d829157abf6013d,3677.40,140.46,15.356557173,54000,54000
defed737f4416af8031294ab2d829157abf6013d,3639.44,138.94,15.205420519,54000,54000
defed737f4416af8031294ab2d829157abf6013d,3648.57,139.20,15.256100150,54000,54000
defed737f4416af8031294ab2d829157abf6013d,3695.28,141.24,15.443062647,54000,54000
defed737f4416af8031294ab2d829157abf6013d,3651.38,139.69,15.256322697,54000,54000
defed737f4416af8031294ab2d829157abf6013d,3668.32,140.39,15.330306280,54000,54000
defed737f4416af8031294ab2d829157abf6013d,3655.58,139.75,15.271681482,54000,54000
defed737f4416af8031294ab2d829157abf6013d,3657.67,139.19,15.277158012,54000,54000
defed737f4416af8031294ab2d829157abf6013d,3631.69,138.65,15.178914041,54000,54000
defed737f4416af8031294ab2d829157abf6013d,3647.10,139.11,15.234418722,54000,54000
defed737f4416af8031294ab2d829157abf6013d,3637.34,139.38,15.188902957,55000,54000
defed737f4416af8031294ab2d829157abf6013d,3681.29,141.45,15.364201204,54000,54000
defed737f4416af8031294ab2d829157abf6013d,3634.43,138.99,15.197698621,54000,54000
defed737f4416af8031294ab2d829157abf6013d,3637.67,139.40,15.203556582,55000,54000
defed737f4416af8031294ab2d829157abf6013d,3640.56,139.11,15.219991368,54000,54000
99cfd71854b8ad7351e749575831ddcdf7e28173,3628.14,138.44,15.161448578,54000,54000
99cfd71854b8ad7351e749575831ddcdf7e28173,3682.66,140.67,15.394227455,54000,55000
99cfd71854b8ad7351e749575831ddcdf7e28173,3639.62,139.37,15.214490863,54000,54000
99cfd71854b8ad7351e749575831ddcdf7e28173,3649.72,139.75,15.270573359,54000,54000
99cfd71854b8ad7351e749575831ddcdf7e28173,3639.47,138.77,15.238938090,55000,54000
99cfd71854b8ad7351e749575831ddcdf7e28173,3661.83,139.94,15.296844058,54000,54000
99cfd71854b8ad7351e749575831ddcdf7e28173,3658.28,139.62,15.270100182,54000,54000
99cfd71854b8ad7351e749575831ddcdf7e28173,3653.79,139.48,15.272870014,54000,54000
99cfd71854b8ad7351e749575831ddcdf7e28173,3661.40,139.93,15.324941063,54000,54000
99cfd71854b8ad7351e749575831ddcdf7e28173,3674.89,140.02,15.362870509,54000,54000
99cfd71854b8ad7351e749575831ddcdf7e28173,3657.30,139.77,15.267364153,55000,54000
99cfd71854b8ad7351e749575831ddcdf7e28173,3647.80,139.52,15.236146671,55000,54000
99cfd71854b8ad7351e749575831ddcdf7e28173,3658.23,139.73,15.277087164,54000,54000
99cfd71854b8ad7351e749575831ddcdf7e28173,3648.47,139.59,15.229536892,55000,54000
99cfd71854b8ad7351e749575831ddcdf7e28173,3645.72,139.33,15.228244743,55000,54000
99cfd71854b8ad7351e749575831ddcdf7e28173,3657.78,139.80,15.294028766,54000,55000
99cfd71854b8ad7351e749575831ddcdf7e28173,3635.01,138.95,15.197443940,55000,54000
99cfd71854b8ad7351e749575831ddcdf7e28173,3673.85,140.46,15.351927927,55000,54000
99cfd71854b8ad7351e749575831ddcdf7e28173,3670.78,140.77,15.339813691,55000,55000
99cfd71854b8ad7351e749575831ddcdf7e28173,3666.61,139.96,15.321441626,54000,54000
99cfd71854b8ad7351e749575831ddcdf7e28173,3684.95,140.83,15.389067712,53000,54000
99cfd71854b8ad7351e749575831ddcdf7e28173,3654.36,139.55,15.274951491,55000,54000
99cfd71854b8ad7351e749575831ddcdf7e28173,3650.13,139.24,15.231703980,54000,54000
99cfd71854b8ad7351e749575831ddcdf7e28173,3638.52,139.31,15.216292403,54000,54000
99cfd71854b8ad7351e749575831ddcdf7e28173,3657.12,139.18,15.282179663,55000,54000
99cfd71854b8ad7351e749575831ddcdf7e28173,3641.70,138.87,15.212714829,55000,54000
99cfd71854b8ad7351e749575831ddcdf7e28173,3644.61,139.45,15.225783196,55000,54000
99cfd71854b8ad7351e749575831ddcdf7e28173,3659.31,139.85,15.298398490,55000,54000
99cfd71854b8ad7351e749575831ddcdf7e28173,3665.22,140.40,15.313859555,54000,54000
99cfd71854b8ad7351e749575831ddcdf7e28173,3643.23,139.37,15.222048583,54000,54000
cd3f1cc1271d5df2bd4dea2c8684a01ee06f0ef4,3653.14,139.82,15.269374665,55000,55000
cd3f1cc1271d5df2bd4dea2c8684a01ee06f0ef4,3661.38,140.61,15.291625030,56000,55000
cd3f1cc1271d5df2bd4dea2c8684a01ee06f0ef4,3654.12,139.69,15.265808608,55000,54000
cd3f1cc1271d5df2bd4dea2c8684a01ee06f0ef4,3636.11,139.31,15.189724737,54000,54000
cd3f1cc1271d5df2bd4dea2c8684a01ee06f0ef4,3628.54,139.26,15.168142846,54000,55000
cd3f1cc1271d5df2bd4dea2c8684a01ee06f0ef4,3657.50,140.09,15.284539043,54000,54000
cd3f1cc1271d5df2bd4dea2c8684a01ee06f0ef4,3643.14,139.37,15.219366249,54000,54000
cd3f1cc1271d5df2bd4dea2c8684a01ee06f0ef4,3645.80,139.56,15.246382591,54000,55000
cd3f1cc1271d5df2bd4dea2c8684a01ee06f0ef4,3651.07,139.26,15.241768353,54000,54000
cd3f1cc1271d5df2bd4dea2c8684a01ee06f0ef4,3638.08,139.25,15.222144678,54000,54000
cd3f1cc1271d5df2bd4dea2c8684a01ee06f0ef4,3647.86,139.11,15.245120840,54000,55000
cd3f1cc1271d5df2bd4dea2c8684a01ee06f0ef4,3649.39,139.67,15.249337114,54000,55000
cd3f1cc1271d5df2bd4dea2c8684a01ee06f0ef4,3647.20,139.31,15.244424447,54000,55000
cd3f1cc1271d5df2bd4dea2c8684a01ee06f0ef4,3646.02,139.38,15.233064707,55000,53000
cd3f1cc1271d5df2bd4dea2c8684a01ee06f0ef4,3656.83,140.01,15.280010562,54000,54000
cd3f1cc1271d5df2bd4dea2c8684a01ee06f0ef4,3658.20,140.15,15.274674177,55000,54000
cd3f1cc1271d5df2bd4dea2c8684a01ee06f0ef4,3657.26,140.02,15.278291923,54000,54000
cd3f1cc1271d5df2bd4dea2c8684a01ee06f0ef4,3640.00,139.25,15.201257052,54000,54000
cd3f1cc1271d5df2bd4dea2c8684a01ee06f0ef4,3653.65,138.74,15.261846021,54000,54000
cd3f1cc1271d5df2bd4dea2c8684a01ee06f0ef4,3659.50,139.42,15.299156181,55000,55000
cd3f1cc1271d5df2bd4dea2c8684a01ee06f0ef4,3648.36,139.23,15.248352012,54000,54000
cd3f1cc1271d5df2bd4dea2c8684a01ee06f0ef4,3651.94,139.74,15.248270470,54000,54000
cd3f1cc1271d5df2bd4dea2c8684a01ee06f0ef4,3640.90,139.46,15.222187303,54000,54000
cd3f1cc1271d5df2bd4dea2c8684a01ee06f0ef4,3658.45,139.97,15.303437876,54000,54000
cd3f1cc1271d5df2bd4dea2c8684a01ee06f0ef4,3674.71,140.10,15.340497030,54000,54000
cd3f1cc1271d5df2bd4dea2c8684a01ee06f0ef4,3648.56,139.20,15.227576531,54000,54000
cd3f1cc1271d5df2bd4dea2c8684a01ee06f0ef4,3667.38,140.11,15.316042554,55000,54000
cd3f1cc1271d5df2bd4dea2c8684a01ee06f0ef4,3649.71,139.44,15.234218946,54000,55000
cd3f1cc1271d5df2bd4dea2c8684a01ee06f0ef4,3645.06,139.34,15.232667201,54000,54000
cd3f1cc1271d5df2bd4dea2c8684a01ee06f0ef4,3644.53,139.64,15.233358855,54000,54000
f18b9b593522f79258607781c2bc40fdc54ee0da,3653.87,140.14,15.266480587,54000,54000
f18b9b593522f79258607781c2bc40fdc54ee0da,3638.93,139.48,15.183118021,54000,54000
f18b9b593522f79258607781c2bc40fdc54ee0da,3625.48,139.29,15.173701887,55000,54000
f18b9b593522f79258607781c2bc40fdc54ee0da,3645.94,139.71,15.222981733,54000,54000
f18b9b593522f79258607781c2bc40fdc54ee0da,3638.03,139.27,15.200618527,54000,54000
f18b9b593522f79258607781c2bc40fdc54ee0da,3651.74,139.97,15.252404455,54000,54000
f18b9b593522f79258607781c2bc40fdc54ee0da,3649.35,139.39,15.257908409,54000,54000
f18b9b593522f79258607781c2bc40fdc54ee0da,3653.97,139.15,15.274009927,54000,54000
f18b9b593522f79258607781c2bc40fdc54ee0da,3635.41,138.87,15.184445612,54000,54000
f18b9b593522f79258607781c2bc40fdc54ee0da,3656.23,139.94,15.271571328,54000,55000
f18b9b593522f79258607781c2bc40fdc54ee0da,3651.66,139.74,15.252707855,54000,54000
f18b9b593522f79258607781c2bc40fdc54ee0da,3643.19,139.58,15.217203331,54000,54000
f18b9b593522f79258607781c2bc40fdc54ee0da,3651.53,139.64,15.268703926,53000,54000
f18b9b593522f79258607781c2bc40fdc54ee0da,3650.62,139.26,15.250040619,54000,54000
f18b9b593522f79258607781c2bc40fdc54ee0da,3641.86,139.31,15.230565679,54000,54000
f18b9b593522f79258607781c2bc40fdc54ee0da,3645.15,139.69,15.222337520,53000,54000
f18b9b593522f79258607781c2bc40fdc54ee0da,3667.78,140.37,15.333231439,54000,54000
f18b9b593522f79258607781c2bc40fdc54ee0da,3651.45,139.31,15.251235492,54000,55000
f18b9b593522f79258607781c2bc40fdc54ee0da,3670.82,140.08,15.350530230,55000,54000
f18b9b593522f79258607781c2bc40fdc54ee0da,3659.92,139.88,15.301445001,54000,54000
f18b9b593522f79258607781c2bc40fdc54ee0da,3649.19,139.76,15.256819291,55000,54000
f18b9b593522f79258607781c2bc40fdc54ee0da,3654.12,139.92,15.259907023,55000,55000
f18b9b593522f79258607781c2bc40fdc54ee0da,3653.11,139.50,15.257128626,55000,54000
f18b9b593522f79258607781c2bc40fdc54ee0da,3666.61,139.81,15.339664484,54000,54000
f18b9b593522f79258607781c2bc40fdc54ee0da,3666.26,140.13,15.304139307,54000,54000
f18b9b593522f79258607781c2bc40fdc54ee0da,3648.89,139.32,15.230202799,55000,55000
f18b9b593522f79258607781c2bc40fdc54ee0da,3680.36,140.48,15.385612533,54000,55000
f18b9b593522f79258607781c2bc40fdc54ee0da,3645.60,139.07,15.239626936,55000,54000
f18b9b593522f79258607781c2bc40fdc54ee0da,3676.43,140.34,15.362397847,54000,54000
f18b9b593522f79258607781c2bc40fdc54ee0da,3685.55,140.49,15.422319016,54000,54000
ef1c2273f6bb0acc25caaabf9fcb9ebba452a068,3630.48,138.91,15.172707675,54000,54000
ef1c2273f6bb0acc25caaabf9fcb9ebba452a068,3634.30,138.95,15.191686456,54000,54000
ef1c2273f6bb0acc25caaabf9fcb9ebba452a068,3654.11,139.63,15.258655339,54000,54000
ef1c2273f6bb0acc25caaabf9fcb9ebba452a068,3677.64,141.10,15.361008882,54000,54000
ef1c2273f6bb0acc25caaabf9fcb9ebba452a068,3649.56,140.07,15.265353514,53000,54000
ef1c2273f6bb0acc25caaabf9fcb9ebba452a068,3646.62,139.96,15.261528475,54000,54000
ef1c2273f6bb0acc25caaabf9fcb9ebba452a068,3636.32,139.32,15.213693699,55000,54000
ef1c2273f6bb0acc25caaabf9fcb9ebba452a068,3643.39,138.38,15.238513445,54000,54000
ef1c2273f6bb0acc25caaabf9fcb9ebba452a068,3649.32,139.54,15.239910325,55000,54000
ef1c2273f6bb0acc25caaabf9fcb9ebba452a068,3657.40,139.52,15.307456963,54000,54000
ef1c2273f6bb0acc25caaabf9fcb9ebba452a068,3660.01,140.41,15.286890008,54000,54000
ef1c2273f6bb0acc25caaabf9fcb9ebba452a068,3649.93,139.30,15.261618244,55000,54000
ef1c2273f6bb0acc25caaabf9fcb9ebba452a068,3666.30,139.77,15.323725948,55000,55000
ef1c2273f6bb0acc25caaabf9fcb9ebba452a068,3676.68,140.50,15.372431250,54000,54000
ef1c2273f6bb0acc25caaabf9fcb9ebba452a068,3633.64,139.02,15.208153916,54000,54000
ef1c2273f6bb0acc25caaabf9fcb9ebba452a068,3648.16,139.15,15.238388010,54000,55000
ef1c2273f6bb0acc25caaabf9fcb9ebba452a068,3637.19,138.79,15.196808194,55000,54000
ef1c2273f6bb0acc25caaabf9fcb9ebba452a068,3666.51,140.20,15.334968333,54000,55000
ef1c2273f6bb0acc25caaabf9fcb9ebba452a068,3645.73,139.65,15.236866913,54000,54000
ef1c2273f6bb0acc25caaabf9fcb9ebba452a068,3646.42,139.13,15.253837349,54000,54000
ef1c2273f6bb0acc25caaabf9fcb9ebba452a068,3662.14,139.83,15.287813294,54000,54000
ef1c2273f6bb0acc25caaabf9fcb9ebba452a068,3644.44,139.08,15.223773615,54000,54000
ef1c2273f6bb0acc25caaabf9fcb9ebba452a068,3643.14,139.39,15.242796242,54000,54000
ef1c2273f6bb0acc25caaabf9fcb9ebba452a068,3660.27,139.94,15.312328043,54000,54000
ef1c2273f6bb0acc25caaabf9fcb9ebba452a068,3669.02,140.42,15.339182832,54000,54000
ef1c2273f6bb0acc25caaabf9fcb9ebba452a068,3641.39,138.94,15.204852524,55000,54000
ef1c2273f6bb0acc25caaabf9fcb9ebba452a068,3644.20,139.11,15.243697126,54000,54000
ef1c2273f6bb0acc25caaabf9fcb9ebba452a068,3637.65,138.92,15.216568312,54000,54000
ef1c2273f6bb0acc25caaabf9fcb9ebba452a068,3656.84,139.99,15.269004610,54000,55000
ef1c2273f6bb0acc25caaabf9fcb9ebba452a068,3664.26,140.12,15.321913478,55000,55000
5a2ffaec0392aa18320a5f4099d28bb0fef297ab,3638.87,139.70,15.225835224,54000,54000
5a2ffaec0392aa18320a5f4099d28bb0fef297ab,3649.84,139.43,15.253726337,54000,54000
5a2ffaec0392aa18320a5f4099d28bb0fef297ab,3703.96,142.51,15.478068652,54000,54000
5a2ffaec0392aa18320a5f4099d28bb0fef297ab,3654.49,139.79,15.284180302,55000,55000
5a2ffaec0392aa18320a5f4099d28bb0fef297ab,3657.07,139.87,15.307044374,55000,54000
5a2ffaec0392aa18320a5f4099d28bb0fef297ab,3641.30,139.25,15.238974590,54000,54000
5a2ffaec0392aa18320a5f4099d28bb0fef297ab,3653.45,139.82,15.261243725,55000,54000
5a2ffaec0392aa18320a5f4099d28bb0fef297ab,3652.19,139.83,15.276178847,54000,54000
5a2ffaec0392aa18320a5f4099d28bb0fef297ab,3637.54,139.01,15.204982812,54000,54000
5a2ffaec0392aa18320a5f4099d28bb0fef297ab,3636.44,138.84,15.201338894,54000,54000
5a2ffaec0392aa18320a5f4099d28bb0fef297ab,3669.20,140.07,15.351182272,54000,54000
5a2ffaec0392aa18320a5f4099d28bb0fef297ab,3653.02,139.22,15.272751694,55000,54000
5a2ffaec0392aa18320a5f4099d28bb0fef297ab,3696.61,141.74,15.450246367,54000,54000
5a2ffaec0392aa18320a5f4099d28bb0fef297ab,3656.74,139.05,15.298794738,54000,54000
5a2ffaec0392aa18320a5f4099d28bb0fef297ab,3639.66,138.88,15.226849825,54000,55000
5a2ffaec0392aa18320a5f4099d28bb0fef297ab,3650.60,139.49,15.255170876,54000,54000
5a2ffaec0392aa18320a5f4099d28bb0fef297ab,3648.07,139.04,15.238443068,54000,54000
5a2ffaec0392aa18320a5f4099d28bb0fef297ab,3633.54,138.70,15.181396689,54000,55000
5a2ffaec0392aa18320a5f4099d28bb0fef297ab,3666.16,139.97,15.314031009,54000,55000
5a2ffaec0392aa18320a5f4099d28bb0fef297ab,3636.10,139.26,15.184642905,54000,54000
5a2ffaec0392aa18320a5f4099d28bb0fef297ab,3656.40,139.88,15.256260434,54000,54000
5a2ffaec0392aa18320a5f4099d28bb0fef297ab,3643.58,139.26,15.221352353,54000,54000
5a2ffaec0392aa18320a5f4099d28bb0fef297ab,3629.24,138.52,15.176408812,55000,54000
5a2ffaec0392aa18320a5f4099d28bb0fef297ab,3628.57,138.86,15.155111100,55000,54000
5a2ffaec0392aa18320a5f4099d28bb0fef297ab,3626.14,138.52,15.147608111,54000,54000
5a2ffaec0392aa18320a5f4099d28bb0fef297ab,3648.98,139.49,15.249663847,54000,54000
5a2ffaec0392aa18320a5f4099d28bb0fef297ab,3641.43,139.22,15.205971677,54000,54000
5a2ffaec0392aa18320a5f4099d28bb0fef297ab,3671.44,140.50,15.355791677,54000,54000
5a2ffaec0392aa18320a5f4099d28bb0fef297ab,3666.48,140.26,15.304412145,54000,54000
5a2ffaec0392aa18320a5f4099d28bb0fef297ab,3647.92,139.66,15.235569196,55000,54000
9ef13475510a73e53baa8571346b79d07163252d,3664.67,140.93,15.302761799,54000,54000
9ef13475510a73e53baa8571346b79d07163252d,3641.39,139.44,15.226720929,54000,55000
9ef13475510a73e53baa8571346b79d07163252d,3653.11,139.83,15.261128359,54000,54000
9ef13475510a73e53baa8571346b79d07163252d,3634.97,139.32,15.196009457,54000,54000
9ef13475510a73e53baa8571346b79d07163252d,3653.44,140.55,15.262913808,54000,54000
9ef13475510a73e53baa8571346b79d07163252d,3648.27,140.04,15.256691566,54000,54000
9ef13475510a73e53baa8571346b79d07163252d,3646.50,139.63,15.258258813,54000,54000
9ef13475510a73e53baa8571346b79d07163252d,3663.76,140.15,15.319084919,54000,54000
9ef13475510a73e53baa8571346b79d07163252d,3635.39,138.86,15.204474921,54000,54000
9ef13475510a73e53baa8571346b79d07163252d,3674.86,140.41,15.359096755,54000,54000
9ef13475510a73e53baa8571346b79d07163252d,3643.13,139.06,15.211713693,54000,54000
9ef13475510a73e53baa8571346b79d07163252d,3662.71,140.42,15.315359970,54000,56000
9ef13475510a73e53baa8571346b79d07163252d,3651.78,139.45,15.253914295,55000,54000
9ef13475510a73e53baa8571346b79d07163252d,3637.75,139.04,15.198768682,54000,55000
9ef13475510a73e53baa8571346b79d07163252d,3644.25,139.78,15.240738328,55000,54000
9ef13475510a73e53baa8571346b79d07163252d,3665.46,140.00,15.310498750,55000,54000
9ef13475510a73e53baa8571346b79d07163252d,3641.71,139.05,15.216642512,54000,54000
9ef13475510a73e53baa8571346b79d07163252d,3655.80,139.36,15.282322039,54000,55000
9ef13475510a73e53baa8571346b79d07163252d,3639.81,139.32,15.217285446,54000,54000
9ef13475510a73e53baa8571346b79d07163252d,3659.64,139.56,15.284844227,54000,54000
9ef13475510a73e53baa8571346b79d07163252d,3651.97,139.19,15.254111033,54000,55000
9ef13475510a73e53baa8571346b79d07163252d,3684.57,140.69,15.409340992,54000,54000
9ef13475510a73e53baa8571346b79d07163252d,3673.36,140.05,15.331015129,54000,54000
9ef13475510a73e53baa8571346b79d07163252d,3663.87,140.04,15.310443586,54000,54000
9ef13475510a73e53baa8571346b79d07163252d,3653.50,139.17,15.278891908,54000,53000
9ef13475510a73e53baa8571346b79d07163252d,3658.38,140.04,15.297948967,54000,54000
9ef13475510a73e53baa8571346b79d07163252d,3625.97,138.43,15.151242689,54000,54000
9ef13475510a73e53baa8571346b79d07163252d,3659.95,140.16,15.285506967,54000,55000
9ef13475510a73e53baa8571346b79d07163252d,3664.26,140.55,15.310693379,54000,54000
9ef13475510a73e53baa8571346b79d07163252d,3663.78,139.91,15.296707665,54000,54000
fcf6c5a1776fd9dfe3c8367871d15e5f70ca10ec,3635.94,139.50,15.193925920,54000,55000
fcf6c5a1776fd9dfe3c8367871d15e5f70ca10ec,3654.72,139.93,15.280656663,54000,54000
fcf6c5a1776fd9dfe3c8367871d15e5f70ca10ec,3638.67,139.54,15.226814459,54000,55000
fcf6c5a1776fd9dfe3c8367871d15e5f70ca10ec,3650.92,140.14,15.242963086,54000,54000
fcf6c5a1776fd9dfe3c8367871d15e5f70ca10ec,3664.11,139.96,15.313301806,54000,54000
fcf6c5a1776fd9dfe3c8367871d15e5f70ca10ec,3655.18,139.50,15.305238099,54000,55000
fcf6c5a1776fd9dfe3c8367871d15e5f70ca10ec,3632.73,138.81,15.187634479,55000,54000
fcf6c5a1776fd9dfe3c8367871d15e5f70ca10ec,3658.21,139.86,15.291375518,54000,54000
fcf6c5a1776fd9dfe3c8367871d15e5f70ca10ec,3650.48,139.78,15.243616825,54000,55000
fcf6c5a1776fd9dfe3c8367871d15e5f70ca10ec,3665.13,140.17,15.307138281,54000,54000
fcf6c5a1776fd9dfe3c8367871d15e5f70ca10ec,3650.35,138.93,15.270012476,54000,54000
fcf6c5a1776fd9dfe3c8367871d15e5f70ca10ec,3645.33,139.88,15.237950767,55000,54000
fcf6c5a1776fd9dfe3c8367871d15e5f70ca10ec,3678.40,140.96,15.369370223,56000,55000
fcf6c5a1776fd9dfe3c8367871d15e5f70ca10ec,3687.09,140.99,15.417612003,55000,54000
fcf6c5a1776fd9dfe3c8367871d15e5f70ca10ec,3658.24,140.00,15.282927082,54000,54000
fcf6c5a1776fd9dfe3c8367871d15e5f70ca10ec,3657.55,139.44,15.293015350,54000,54000
fcf6c5a1776fd9dfe3c8367871d15e5f70ca10ec,3646.20,139.01,15.225300504,54000,54000
fcf6c5a1776fd9dfe3c8367871d15e5f70ca10ec,3657.87,139.72,15.278891392,54000,54000
fcf6c5a1776fd9dfe3c8367871d15e5f70ca10ec,3640.54,138.66,15.230933934,54000,54000
fcf6c5a1776fd9dfe3c8367871d15e5f70ca10ec,3643.03,139.57,15.223678398,54000,54000
fcf6c5a1776fd9dfe3c8367871d15e5f70ca10ec,3644.67,138.99,15.216327655,54000,54000
fcf6c5a1776fd9dfe3c8367871d15e5f70ca10ec,3652.18,139.66,15.260096755,55000,54000
fcf6c5a1776fd9dfe3c8367871d15e5f70ca10ec,3691.95,141.25,15.431165034,54000,55000
fcf6c5a1776fd9dfe3c8367871d15e5f70ca10ec,3651.64,139.29,15.256892810,54000,54000
fcf6c5a1776fd9dfe3c8367871d15e5f70ca10ec,3655.34,139.38,15.274866673,54000,54000
fcf6c5a1776fd9dfe3c8367871d15e5f70ca10ec,3633.49,138.31,15.193771929,54000,55000
fcf6c5a1776fd9dfe3c8367871d15e5f70ca10ec,3640.14,138.96,15.209983970,54000,54000
fcf6c5a1776fd9dfe3c8367871d15e5f70ca10ec,3659.92,139.95,15.287354070,54000,54000
fcf6c5a1776fd9dfe3c8367871d15e5f70ca10ec,3657.35,140.31,15.264945143,54000,54000
fcf6c5a1776fd9dfe3c8367871d15e5f70ca10ec,3633.91,139.22,15.174939801,54000,55000
e2d29871b957e38145b105bd54d0d4529bd07da9,3649.84,139.60,15.264167659,54000,54000
e2d29871b957e38145b105bd54d0d4529bd07da9,3643.08,139.50,15.221193532,54000,54000
e2d29871b957e38145b105bd54d0d4529bd07da9,3662.62,140.19,15.290655132,54000,54000
e2d29871b957e38145b105bd54d0d4529bd07da9,3665.65,140.00,15.336347667,54000,54000
e2d29871b957e38145b105bd54d0d4529bd07da9,3643.96,139.23,15.217217647,54000,54000
e2d29871b957e38145b105bd54d0d4529bd07da9,3667.64,140.14,15.330122786,54000,54000
e2d29871b957e38145b105bd54d0d4529bd07da9,3644.55,138.63,15.239566536,54000,55000
e2d29871b957e38145b105bd54d0d4529bd07da9,3654.02,139.33,15.286487156,54000,54000
e2d29871b957e38145b105bd54d0d4529bd07da9,3637.26,138.71,15.220959337,54000,54000
e2d29871b957e38145b105bd54d0d4529bd07da9,3651.09,139.63,15.261904401,55000,54000
e2d29871b957e38145b105bd54d0d4529bd07da9,3663.49,139.99,15.307431155,54000,54000
e2d29871b957e38145b105bd54d0d4529bd07da9,3648.00,138.92,15.246590065,54000,54000
e2d29871b957e38145b105bd54d0d4529bd07da9,3652.53,139.40,15.259272570,54000,55000
e2d29871b957e38145b105bd54d0d4529bd07da9,3649.87,139.50,15.243325600,54000,54000
e2d29871b957e38145b105bd54d0d4529bd07da9,3649.61,139.64,15.231538645,54000,54000
e2d29871b957e38145b105bd54d0d4529bd07da9,3665.15,139.87,15.312398055,54000,54000
e2d29871b957e38145b105bd54d0d4529bd07da9,3655.11,138.73,15.291265751,54000,55000
e2d29871b957e38145b105bd54d0d4529bd07da9,3653.78,139.39,15.271941240,54000,54000
e2d29871b957e38145b105bd54d0d4529bd07da9,3642.87,139.26,15.226981236,54000,55000
e2d29871b957e38145b105bd54d0d4529bd07da9,3676.33,140.71,15.371101874,54000,54000
e2d29871b957e38145b105bd54d0d4529bd07da9,3651.46,139.54,15.266156655,54000,54000
e2d29871b957e38145b105bd54d0d4529bd07da9,3643.65,139.13,15.218437689,54000,55000
e2d29871b957e38145b105bd54d0d4529bd07da9,3634.37,138.96,15.205163988,54000,54000
e2d29871b957e38145b105bd54d0d4529bd07da9,3639.81,139.06,15.207128739,54000,54000
e2d29871b957e38145b105bd54d0d4529bd07da9,3680.76,140.72,15.385545907,54000,54000
e2d29871b957e38145b105bd54d0d4529bd07da9,3655.40,139.33,15.269468524,54000,54000
e2d29871b957e38145b105bd54d0d4529bd07da9,3642.85,139.15,15.234690203,54000,54000
e2d29871b957e38145b105bd54d0d4529bd07da9,3641.26,139.34,15.208154941,54000,54000
e2d29871b957e38145b105bd54d0d4529bd07da9,3651.31,139.54,15.252122960,54000,54000
e2d29871b957e38145b105bd54d0d4529bd07da9,3652.81,139.35,15.253688432,54000,54000
32c15ac93a1c665f91b104c5b537fd1161a044bb,3635.05,139.14,15.206737554,55000,54000
32c15ac93a1c665f91b104c5b537fd1161a044bb,3659.84,140.19,15.306993844,54000,54000
32c15ac93a1c665f91b104c5b537fd1161a044bb,3623.53,138.33,15.162839768,54000,54000
32c15ac93a1c665f91b104c5b537fd1161a044bb,3625.05,138.38,15.163463362,54000,54000
32c15ac93a1c665f91b104c5b537fd1161a044bb,3634.51,139.61,15.195315469,53000,54000
32c15ac93a1c665f91b104c5b537fd1161a044bb,3650.57,140.07,15.274615324,54000,54000
32c15ac93a1c665f91b104c5b537fd1161a044bb,3637.94,139.29,15.212803406,54000,55000
32c15ac93a1c665f91b104c5b537fd1161a044bb,3642.24,138.78,15.223469599,54000,54000
32c15ac93a1c665f91b104c5b537fd1161a044bb,3637.40,138.71,15.221313508,54000,54000
32c15ac93a1c665f91b104c5b537fd1161a044bb,3634.69,138.89,15.207511387,55000,55000
32c15ac93a1c665f91b104c5b537fd1161a044bb,3633.05,138.62,15.189398600,54000,54000
32c15ac93a1c665f91b104c5b537fd1161a044bb,3642.58,138.89,15.224148165,54000,54000
32c15ac93a1c665f91b104c5b537fd1161a044bb,3629.48,138.47,15.176098516,54000,54000
32c15ac93a1c665f91b104c5b537fd1161a044bb,3642.00,139.16,15.210573843,54000,54000
32c15ac93a1c665f91b104c5b537fd1161a044bb,3633.84,138.65,15.186498116,55000,55000
32c15ac93a1c665f91b104c5b537fd1161a044bb,3659.66,139.85,15.286355081,54000,54000
32c15ac93a1c665f91b104c5b537fd1161a044bb,3621.52,138.29,15.141229348,54000,54000
32c15ac93a1c665f91b104c5b537fd1161a044bb,3655.25,140.28,15.278685959,54000,54000
32c15ac93a1c665f91b104c5b537fd1161a044bb,3642.37,138.73,15.230877019,55000,54000
32c15ac93a1c665f91b104c5b537fd1161a044bb,3659.26,139.53,15.308234670,54000,54000
32c15ac93a1c665f91b104c5b537fd1161a044bb,3646.42,139.44,15.219787727,54000,54000
32c15ac93a1c665f91b104c5b537fd1161a044bb,3659.80,139.97,15.298923286,54000,54000
32c15ac93a1c665f91b104c5b537fd1161a044bb,3651.15,139.06,15.264851795,54000,54000
32c15ac93a1c665f91b104c5b537fd1161a044bb,3632.74,138.47,15.204195822,54000,54000
32c15ac93a1c665f91b104c5b537fd1161a044bb,3657.67,139.95,15.294889777,54000,55000
32c15ac93a1c665f91b104c5b537fd1161a044bb,3641.59,139.67,15.204158411,54000,54000
32c15ac93a1c665f91b104c5b537fd1161a044bb,3630.37,138.90,15.174286212,54000,54000
32c15ac93a1c665f91b104c5b537fd1161a044bb,3641.96,139.63,15.216066012,54000,54000
32c15ac93a1c665f91b104c5b537fd1161a044bb,3641.60,139.60,15.224099772,54000,55000
32c15ac93a1c665f91b104c5b537fd1161a044bb,3635.23,138.59,15.193940703,54000,54000
f59fbba7be29ef66a5d43f4d6314244f640e72e6,3627.22,138.93,15.165935718,54000,55000
f59fbba7be29ef66a5d43f4d6314244f640e72e6,3613.97,137.98,15.110732585,54000,54000
f59fbba7be29ef66a5d43f4d6314244f640e72e6,3634.27,139.08,15.198931030,54000,54000
f59fbba7be29ef66a5d43f4d6314244f640e72e6,3659.97,139.93,15.297489670,54000,54000
f59fbba7be29ef66a5d43f4d6314244f640e72e6,3628.07,138.88,15.177974454,55000,54000
f59fbba7be29ef66a5d43f4d6314244f640e72e6,3650.53,139.71,15.248101679,54000,54000
f59fbba7be29ef66a5d43f4d6314244f640e72e6,3626.01,138.63,15.164568188,54000,55000
f59fbba7be29ef66a5d43f4d6314244f640e72e6,3637.56,138.79,15.209846705,55000,54000
f59fbba7be29ef66a5d43f4d6314244f640e72e6,3634.72,138.54,15.196128260,54000,54000
f59fbba7be29ef66a5d43f4d6314244f640e72e6,3646.33,139.50,15.249583316,54000,54000
f59fbba7be29ef66a5d43f4d6314244f640e72e6,3635.13,138.99,15.188211998,54000,55000
f59fbba7be29ef66a5d43f4d6314244f640e72e6,3628.14,138.56,15.181085653,53000,54000
f59fbba7be29ef66a5d43f4d6314244f640e72e6,3651.97,139.70,15.263655792,54000,54000
f59fbba7be29ef66a5d43f4d6314244f640e72e6,3643.59,138.98,15.242030509,54000,54000
f59fbba7be29ef66a5d43f4d6314244f640e72e6,3636.19,139.09,15.187632172,54000,55000
f59fbba7be29ef66a5d43f4d6314244f640e72e6,3645.48,139.10,15.228884214,54000,55000
f59fbba7be29ef66a5d43f4d6314244f640e72e6,3656.05,139.38,15.283943311,54000,54000
f59fbba7be29ef66a5d43f4d6314244f640e72e6,3644.37,139.36,15.229782649,54000,54000
f59fbba7be29ef66a5d43f4d6314244f640e72e6,3650.28,139.81,15.257724635,54000,54000
f59fbba7be29ef66a5d43f4d6314244f640e72e6,3632.88,139.03,15.184133733,54000,54000
f59fbba7be29ef66a5d43f4d6314244f640e72e6,3627.35,138.64,15.187941543,54000,54000
f59fbba7be29ef66a5d43f4d6314244f640e72e6,3638.68,138.67,15.209363931,54000,54000
f59fbba7be29ef66a5d43f4d6314244f640e72e6,3624.57,138.60,15.158596326,54000,54000
f59fbba7be29ef66a5d43f4d6314244f640e72e6,3631.21,138.64,15.183964153,54000,54000
f59fbba7be29ef66a5d43f4d6314244f640e72e6,3629.99,138.81,15.173121308,54000,55000
f59fbba7be29ef66a5d43f4d6314244f640e72e6,3636.56,138.83,15.189252432,54000,54000
f59fbba7be29ef66a5d43f4d6314244f640e72e6,3650.12,139.50,15.260717058,54000,54000
f59fbba7be29ef66a5d43f4d6314244f640e72e6,3641.95,139.65,15.214402976,54000,54000
f59fbba7be29ef66a5d43f4d6314244f640e72e6,3628.98,138.34,15.164754838,54000,54000
f59fbba7be29ef66a5d43f4d6314244f640e72e6,3634.25,139.21,15.197846287,54000,54000
e4b7555f6dbbca28c5e352c3d30ffc844abdb1ba,3635.85,139.53,15.191824854,54000,54000
e4b7555f6dbbca28c5e352c3d30ffc844abdb1ba,3647.44,139.41,15.237239509,54000,54000
e4b7555f6dbbca28c5e352c3d30ffc844abdb1ba,3613.49,137.43,15.132209331,54000,54000
e4b7555f6dbbca28c5e352c3d30ffc844abdb1ba,3657.51,139.62,15.292131128,55000,54000
e4b7555f6dbbca28c5e352c3d30ffc844abdb1ba,3621.93,137.88,15.146932085,54000,54000
e4b7555f6dbbca28c5e352c3d30ffc844abdb1ba,3647.85,139.22,15.250012993,54000,54000
e4b7555f6dbbca28c5e352c3d30ffc844abdb1ba,3640.49,138.93,15.216705591,54000,54000
e4b7555f6dbbca28c5e352c3d30ffc844abdb1ba,3624.54,137.87,15.162892930,54000,56000
e4b7555f6dbbca28c5e352c3d30ffc844abdb1ba,3623.76,138.15,15.135090859,55000,55000
e4b7555f6dbbca28c5e352c3d30ffc844abdb1ba,3631.04,138.75,15.179932865,54000,55000
e4b7555f6dbbca28c5e352c3d30ffc844abdb1ba,3645.18,139.41,15.233307847,54000,55000
e4b7555f6dbbca28c5e352c3d30ffc844abdb1ba,3638.11,139.42,15.185320937,54000,54000
e4b7555f6dbbca28c5e352c3d30ffc844abdb1ba,3650.34,139.83,15.246948694,54000,53000
e4b7555f6dbbca28c5e352c3d30ffc844abdb1ba,3641.10,139.48,15.222356921,54000,54000
e4b7555f6dbbca28c5e352c3d30ffc844abdb1ba,3622.96,138.67,15.154525598,54000,54000
e4b7555f6dbbca28c5e352c3d30ffc844abdb1ba,3666.46,140.58,15.333874193,54000,54000
e4b7555f6dbbca28c5e352c3d30ffc844abdb1ba,3637.33,138.82,15.230037727,54000,54000
e4b7555f6dbbca28c5e352c3d30ffc844abdb1ba,3626.52,139.16,15.170851703,54000,54000
e4b7555f6dbbca28c5e352c3d30ffc844abdb1ba,3640.79,139.23,15.212864973,54000,54000
e4b7555f6dbbca28c5e352c3d30ffc844abdb1ba,3637.41,138.66,15.201276635,54000,54000
e4b7555f6dbbca28c5e352c3d30ffc844abdb1ba,3634.41,139.00,15.180979045,54000,53000
e4b7555f6dbbca28c5e352c3d30ffc844abdb1ba,3631.85,138.30,15.198150931,54000,55000
e4b7555f6dbbca28c5e352c3d30ffc844abdb1ba,3632.33,138.62,15.181922031,54000,54000
e4b7555f6dbbca28c5e352c3d30ffc844abdb1ba,3634.66,138.84,15.191274980,54000,54000
e4b7555f6dbbca28c5e352c3d30ffc844abdb1ba,3629.80,139.05,15.178398685,54000,54000
e4b7555f6dbbca28c5e352c3d30ffc844abdb1ba,3632.89,138.65,15.171603920,54000,54000
e4b7555f6dbbca28c5e352c3d30ffc844abdb1ba,3644.02,139.07,15.229598149,54000,54000
e4b7555f6dbbca28c5e352c3d30ffc844abdb1ba,3629.26,138.74,15.163140509,55000,55000
e4b7555f6dbbca28c5e352c3d30ffc844abdb1ba,3629.21,138.88,15.166931422,54000,54000
e4b7555f6dbbca28c5e352c3d30ffc844abdb1ba,3642.63,139.46,15.231263587,55000,55000
90a95f0f09958791e478c81c0d786fd604ad00b2,3629.12,139.05,15.180513132,54000,54000
90a95f0f09958791e478c81c0d786fd604ad00b2,3631.98,139.08,15.184993324,54000,54000
90a95f0f09958791e478c81c0d786fd604ad00b2,3644.13,139.62,15.232465368,55000,55000
90a95f0f09958791e478c81c0d786fd604ad00b2,3624.79,138.28,15.167540879,54000,54000
90a95f0f09958791e478c81c0d786fd604ad00b2,3625.09,139.09,15.149481986,54000,55000
90a95f0f09958791e478c81c0d786fd604ad00b2,3621.93,138.94,15.141197189,55000,55000
90a95f0f09958791e478c81c0d786fd604ad00b2,3642.73,139.03,15.223543533,55000,54000
90a95f0f09958791e478c81c0d786fd604ad00b2,3674.91,139.91,15.376010294,55000,54000
90a95f0f09958791e478c81c0d786fd604ad00b2,3643.81,138.88,15.223377635,54000,54000
90a95f0f09958791e478c81c0d786fd604ad00b2,3632.79,138.79,15.180693434,55000,54000
90a95f0f09958791e478c81c0d786fd604ad00b2,3627.50,139.35,15.179627365,55000,54000
90a95f0f09958791e478c81c0d786fd604ad00b2,3635.27,139.10,15.192457576,54000,54000
90a95f0f09958791e478c81c0d786fd604ad00b2,3617.94,138.44,15.130963172,55000,54000
90a95f0f09958791e478c81c0d786fd604ad00b2,3639.12,139.05,15.213882055,54000,54000
90a95f0f09958791e478c81c0d786fd604ad00b2,3640.98,139.16,15.206732072,54000,54000
90a95f0f09958791e478c81c0d786fd604ad00b2,3649.20,139.36,15.252598053,54000,54000
90a95f0f09958791e478c81c0d786fd604ad00b2,3621.92,138.41,15.132839403,54000,54000
90a95f0f09958791e478c81c0d786fd604ad00b2,3636.18,138.62,15.199141567,54000,54000
90a95f0f09958791e478c81c0d786fd604ad00b2,3643.47,139.08,15.225897703,54000,54000
90a95f0f09958791e478c81c0d786fd604ad00b2,3632.93,138.85,15.191961923,54000,55000
90a95f0f09958791e478c81c0d786fd604ad00b2,3640.87,139.20,15.197972113,55000,54000
90a95f0f09958791e478c81c0d786fd604ad00b2,3640.48,139.06,15.216692921,55000,55000
90a95f0f09958791e478c81c0d786fd604ad00b2,3672.26,140.24,15.346859072,54000,54000
90a95f0f09958791e478c81c0d786fd604ad00b2,3648.35,139.49,15.238133594,53000,54000
90a95f0f09958791e478c81c0d786fd604ad00b2,3634.87,138.75,15.202674093,54000,54000
90a95f0f09958791e478c81c0d786fd604ad00b2,3656.35,141.36,15.178415559,54000,54000
90a95f0f09958791e478c81c0d786fd604ad00b2,3639.43,139.68,15.195430834,54000,54000
90a95f0f09958791e478c81c0d786fd604ad00b2,3641.90,139.14,15.209197397,54000,54000
90a95f0f09958791e478c81c0d786fd604ad00b2,3633.42,138.60,15.188110183,54000,54000
90a95f0f09958791e478c81c0d786fd604ad00b2,3638.32,138.81,15.213918911,55000,55000
5d9a1ff49ef99a65d3bcbf59927b6449844b8908,3643.03,139.76,15.223351075,54000,54000
5d9a1ff49ef99a65d3bcbf59927b6449844b8908,3646.29,139.41,15.246947648,55000,54000
5d9a1ff49ef99a65d3bcbf59927b6449844b8908,3621.37,138.67,15.157517012,54000,55000
5d9a1ff49ef99a65d3bcbf59927b6449844b8908,3645.67,139.47,15.246246429,55000,55000
5d9a1ff49ef99a65d3bcbf59927b6449844b8908,3651.48,139.45,15.245330740,54000,54000
5d9a1ff49ef99a65d3bcbf59927b6449844b8908,3636.81,139.05,15.194717361,54000,54000
5d9a1ff49ef99a65d3bcbf59927b6449844b8908,3629.01,139.08,15.166722103,54000,54000
5d9a1ff49ef99a65d3bcbf59927b6449844b8908,3637.71,138.54,15.179537640,54000,54000
5d9a1ff49ef99a65d3bcbf59927b6449844b8908,3629.64,138.38,15.172133917,55000,54000
5d9a1ff49ef99a65d3bcbf59927b6449844b8908,3671.55,140.90,15.297830655,54000,54000
5d9a1ff49ef99a65d3bcbf59927b6449844b8908,3653.98,140.17,15.256437727,54000,54000
5d9a1ff49ef99a65d3bcbf59927b6449844b8908,3632.54,138.58,15.185537021,53000,54000
5d9a1ff49ef99a65d3bcbf59927b6449844b8908,3639.42,139.24,15.216814044,54000,54000
5d9a1ff49ef99a65d3bcbf59927b6449844b8908,3621.01,138.21,15.137724085,54000,54000
5d9a1ff49ef99a65d3bcbf59927b6449844b8908,3631.84,138.82,15.183233940,54000,54000
5d9a1ff49ef99a65d3bcbf59927b6449844b8908,3624.22,138.55,15.158632459,54000,54000
5d9a1ff49ef99a65d3bcbf59927b6449844b8908,3654.73,139.23,15.273162157,54000,54000
5d9a1ff49ef99a65d3bcbf59927b6449844b8908,3640.16,138.90,15.225187356,54000,53000
5d9a1ff49ef99a65d3bcbf59927b6449844b8908,3620.51,138.23,15.130159031,54000,54000
5d9a1ff49ef99a65d3bcbf59927b6449844b8908,3657.47,139.93,15.289562604,55000,54000
5d9a1ff49ef99a65d3bcbf59927b6449844b8908,3626.63,138.31,15.192443336,54000,54000
5d9a1ff49ef99a65d3bcbf59927b6449844b8908,3639.94,139.14,15.216381053,54000,54000
5d9a1ff49ef99a65d3bcbf59927b6449844b8908,3616.65,138.00,15.120268377,55000,54000
5d9a1ff49ef99a65d3bcbf59927b6449844b8908,3647.84,139.21,15.231771772,54000,55000
5d9a1ff49ef99a65d3bcbf59927b6449844b8908,3627.47,138.45,15.158260079,54000,54000
5d9a1ff49ef99a65d3bcbf59927b6449844b8908,3634.31,138.76,15.201206677,54000,54000
5d9a1ff49ef99a65d3bcbf59927b6449844b8908,3619.36,138.22,15.136896953,54000,54000
5d9a1ff49ef99a65d3bcbf59927b6449844b8908,3637.66,138.85,15.227340314,54000,54000
5d9a1ff49ef99a65d3bcbf59927b6449844b8908,3651.32,139.63,15.269808124,54000,54000
5d9a1ff49ef99a65d3bcbf59927b6449844b8908,3639.57,138.82,15.217809933,54000,55000
b0facc54d7b5bfd48da5912914e4202b251b9190,3629.64,138.90,15.178429196,54000,54000
b0facc54d7b5bfd48da5912914e4202b251b9190,3644.34,139.34,15.218712675,54000,54000
b0facc54d7b5bfd48da5912914e4202b251b9190,3644.95,139.46,15.235364050,54000,54000
b0facc54d7b5bfd48da5912914e4202b251b9190,3636.35,138.84,15.210700184,54000,54000
b0facc54d7b5bfd48da5912914e4202b251b9190,3693.22,141.22,15.405881749,54000,54000
b0facc54d7b5bfd48da5912914e4202b251b9190,3681.32,140.29,15.387645927,54000,54000
b0facc54d7b5bfd48da5912914e4202b251b9190,3652.61,139.63,15.257913579,54000,55000
b0facc54d7b5bfd48da5912914e4202b251b9190,3631.92,138.68,15.178394591,54000,54000
b0facc54d7b5bfd48da5912914e4202b251b9190,3610.22,137.76,15.113672161,55000,54000
b0facc54d7b5bfd48da5912914e4202b251b9190,3646.13,139.79,15.252501672,54000,54000
b0facc54d7b5bfd48da5912914e4202b251b9190,3652.72,140.42,15.249345111,54000,54000
b0facc54d7b5bfd48da5912914e4202b251b9190,3650.78,139.54,15.277741763,54000,55000
b0facc54d7b5bfd48da5912914e4202b251b9190,3641.85,139.12,15.224033979,54000,54000
b0facc54d7b5bfd48da5912914e4202b251b9190,3627.75,138.30,15.139318418,53000,54000
b0facc54d7b5bfd48da5912914e4202b251b9190,3630.42,138.51,15.173515165,54000,54000
b0facc54d7b5bfd48da5912914e4202b251b9190,3637.99,138.91,15.206821567,54000,54000
b0facc54d7b5bfd48da5912914e4202b251b9190,3658.92,139.75,15.276370310,54000,54000
b0facc54d7b5bfd48da5912914e4202b251b9190,3650.88,139.46,15.254576969,54000,55000
b0facc54d7b5bfd48da5912914e4202b251b9190,3644.35,139.56,15.235515402,54000,54000
b0facc54d7b5bfd48da5912914e4202b251b9190,3676.04,141.10,15.354498800,54000,54000
b0facc54d7b5bfd48da5912914e4202b251b9190,3651.02,139.44,15.267141135,55000,54000
b0facc54d7b5bfd48da5912914e4202b251b9190,3632.55,138.76,15.185802781,54000,55000
b0facc54d7b5bfd48da5912914e4202b251b9190,3645.74,139.13,15.250597234,54000,54000
b0facc54d7b5bfd48da5912914e4202b251b9190,3644.43,139.47,15.230840116,55000,54000
b0facc54d7b5bfd48da5912914e4202b251b9190,3657.54,139.41,15.279422619,55000,55000
b0facc54d7b5bfd48da5912914e4202b251b9190,3637.00,139.14,15.186586392,54000,54000
b0facc54d7b5bfd48da5912914e4202b251b9190,3635.10,138.93,15.225116100,54000,55000
b0facc54d7b5bfd48da5912914e4202b251b9190,3654.55,139.37,15.263082282,54000,54000
b0facc54d7b5bfd48da5912914e4202b251b9190,3632.54,138.50,15.196367479,54000,54000
b0facc54d7b5bfd48da5912914e4202b251b9190,3637.93,139.51,15.198901353,54000,54000
8beed569558d4b6520cf5b5447de2b4cf6ff15ef,3633.87,138.83,15.172033291,54000,55000
8beed569558d4b6520cf5b5447de2b4cf6ff15ef,3648.27,139.37,15.260543731,54000,55000
8beed569558d4b6520cf5b5447de2b4cf6ff15ef,3635.45,139.22,15.214273306,55000,54000
8beed569558d4b6520cf5b5447de2b4cf6ff15ef,3642.24,139.29,15.208615380,54000,54000
8beed569558d4b6520cf5b5447de2b4cf6ff15ef,3649.19,139.37,15.263038464,54000,55000
8beed569558d4b6520cf5b5447de2b4cf6ff15ef,3644.14,139.39,15.243592928,54000,54000
8beed569558d4b6520cf5b5447de2b4cf6ff15ef,3661.51,139.84,15.279458118,54000,55000
8beed569558d4b6520cf5b5447de2b4cf6ff15ef,3630.84,138.64,15.172149740,54000,55000
8beed569558d4b6520cf5b5447de2b4cf6ff15ef,3658.98,140.01,15.302977754,55000,55000
8beed569558d4b6520cf5b5447de2b4cf6ff15ef,3636.96,139.12,15.192394772,54000,54000
8beed569558d4b6520cf5b5447de2b4cf6ff15ef,3649.25,139.92,15.245196752,55000,54000
8beed569558d4b6520cf5b5447de2b4cf6ff15ef,3646.57,139.62,15.239269332,54000,54000
8beed569558d4b6520cf5b5447de2b4cf6ff15ef,3645.35,139.57,15.210187090,54000,54000
8beed569558d4b6520cf5b5447de2b4cf6ff15ef,3663.56,139.95,15.297737843,54000,55000
8beed569558d4b6520cf5b5447de2b4cf6ff15ef,3652.76,139.63,15.247313789,54000,54000
8beed569558d4b6520cf5b5447de2b4cf6ff15ef,3653.24,139.47,15.245648022,54000,54000
8beed569558d4b6520cf5b5447de2b4cf6ff15ef,3649.51,139.88,15.251114340,54000,54000
8beed569558d4b6520cf5b5447de2b4cf6ff15ef,3664.97,140.06,15.310418110,54000,54000
8beed569558d4b6520cf5b5447de2b4cf6ff15ef,3631.03,138.75,15.169158998,54000,54000
8beed569558d4b6520cf5b5447de2b4cf6ff15ef,3625.50,138.34,15.155046607,54000,54000
8beed569558d4b6520cf5b5447de2b4cf6ff15ef,3653.02,139.36,15.254692395,55000,54000
8beed569558d4b6520cf5b5447de2b4cf6ff15ef,3640.95,138.76,15.226640759,55000,55000
8beed569558d4b6520cf5b5447de2b4cf6ff15ef,3665.83,139.80,15.325125926,54000,55000
8beed569558d4b6520cf5b5447de2b4cf6ff15ef,3648.74,139.67,15.240946532,54000,54000
8beed569558d4b6520cf5b5447de2b4cf6ff15ef,3655.10,139.85,15.255945880,54000,54000
8beed569558d4b6520cf5b5447de2b4cf6ff15ef,3631.79,138.91,15.177910929,54000,54000
8beed569558d4b6520cf5b5447de2b4cf6ff15ef,3637.96,139.01,15.213852011,54000,54000
8beed569558d4b6520cf5b5447de2b4cf6ff15ef,3639.88,139.10,15.224880528,54000,55000
8beed569558d4b6520cf5b5447de2b4cf6ff15ef,3648.60,139.86,15.235958432,54000,54000
8beed569558d4b6520cf5b5447de2b4cf6ff15ef,3628.88,138.67,15.159519588,54000,54000
daf249f4c8055ea27e0b1b67d85a52eab120004a,3624.49,138.84,15.149065101,54000,54000
daf249f4c8055ea27e0b1b67d85a52eab120004a,3664.53,141.06,15.290283953,54000,54000
daf249f4c8055ea27e0b1b67d85a52eab120004a,3639.05,139.69,15.210810638,54000,54000
daf249f4c8055ea27e0b1b67d85a52eab120004a,3639.64,139.73,15.209855078,54000,54000
daf249f4c8055ea27e0b1b67d85a52eab120004a,3644.83,139.38,15.242960414,55000,55000
daf249f4c8055ea27e0b1b67d85a52eab120004a,3642.55,138.76,15.223075851,55000,54000
daf249f4c8055ea27e0b1b67d85a52eab120004a,3646.12,139.27,15.241746453,55000,54000
daf249f4c8055ea27e0b1b67d85a52eab120004a,3650.96,139.59,15.249202258,54000,54000
daf249f4c8055ea27e0b1b67d85a52eab120004a,3651.19,139.83,15.269156683,54000,54000
daf249f4c8055ea27e0b1b67d85a52eab120004a,3659.47,139.74,15.293322814,54000,54000
daf249f4c8055ea27e0b1b67d85a52eab120004a,3644.68,139.20,15.225551447,54000,54000
daf249f4c8055ea27e0b1b67d85a52eab120004a,3633.57,138.68,15.176894350,54000,54000
daf249f4c8055ea27e0b1b67d85a52eab120004a,3643.82,138.55,15.219439053,54000,54000
daf249f4c8055ea27e0b1b67d85a52eab120004a,3647.98,139.20,15.243211435,54000,54000
daf249f4c8055ea27e0b1b67d85a52eab120004a,3646.67,139.26,15.229499099,54000,54000
daf249f4c8055ea27e0b1b67d85a52eab120004a,3653.14,139.44,15.270720770,54000,54000
daf249f4c8055ea27e0b1b67d85a52eab120004a,3644.77,138.78,15.228154614,54000,54000
daf249f4c8055ea27e0b1b67d85a52eab120004a,3645.77,139.70,15.224485161,54000,55000
daf249f4c8055ea27e0b1b67d85a52eab120004a,3647.94,139.40,15.228432804,55000,54000
daf249f4c8055ea27e0b1b67d85a52eab120004a,3632.05,138.64,15.188641415,54000,54000
daf249f4c8055ea27e0b1b67d85a52eab120004a,3629.36,139.19,15.159772998,54000,54000
daf249f4c8055ea27e0b1b67d85a52eab120004a,3640.60,139.29,15.215350864,54000,54000
daf249f4c8055ea27e0b1b67d85a52eab120004a,3663.09,139.81,15.306991619,55000,55000
daf249f4c8055ea27e0b1b67d85a52eab120004a,3629.30,138.84,15.172318219,54000,54000
daf249f4c8055ea27e0b1b67d85a52eab120004a,3654.54,139.42,15.247883824,54000,54000
daf249f4c8055ea27e0b1b67d85a52eab120004a,3649.26,139.58,15.262102264,55000,55000
daf249f4c8055ea27e0b1b67d85a52eab120004a,3635.63,138.77,15.194612862,54000,54000
daf249f4c8055ea27e0b1b67d85a52eab120004a,3631.45,138.26,15.166575476,54000,54000
daf249f4c8055ea27e0b1b67d85a52eab120004a,3659.22,140.00,15.281171916,54000,54000
daf249f4c8055ea27e0b1b67d85a52eab120004a,3645.78,139.42,15.236258015,54000,54000
0948fc6dd869a1b6fa5301aec29bb8ef90d229cf,3630.50,138.82,15.162127698,54000,54000
0948fc6dd869a1b6fa5301aec29bb8ef90d229cf,3633.05,139.14,15.170887338,54000,55000
0948fc6dd869a1b6fa5301aec29bb8ef90d229cf,3615.29,138.55,15.118852702,54000,54000
0948fc6dd869a1b6fa5301aec29bb8ef90d229cf,3628.42,138.88,15.163972206,53000,54000
0948fc6dd869a1b6fa5301aec29bb8ef90d229cf,3652.67,139.51,15.267576780,54000,55000
0948fc6dd869a1b6fa5301aec29bb8ef90d229cf,3627.09,138.16,15.159300781,54000,54000
0948fc6dd869a1b6fa5301aec29bb8ef90d229cf,3634.52,138.96,15.198339249,54000,54000
0948fc6dd869a1b6fa5301aec29bb8ef90d229cf,3620.19,137.87,15.138470340,54000,54000
0948fc6dd869a1b6fa5301aec29bb8ef90d229cf,3658.73,139.71,15.290681436,54000,54000
0948fc6dd869a1b6fa5301aec29bb8ef90d229cf,3649.26,139.55,15.253755414,54000,55000
0948fc6dd869a1b6fa5301aec29bb8ef90d229cf,3659.28,139.60,15.294836956,54000,54000
0948fc6dd869a1b6fa5301aec29bb8ef90d229cf,3631.98,138.79,15.162021605,54000,54000
0948fc6dd869a1b6fa5301aec29bb8ef90d229cf,3618.54,138.22,15.139396730,54000,54000
0948fc6dd869a1b6fa5301aec29bb8ef90d229cf,3641.58,138.84,15.228123483,54000,54000
0948fc6dd869a1b6fa5301aec29bb8ef90d229cf,3664.78,140.67,15.296302953,55000,55000
0948fc6dd869a1b6fa5301aec29bb8ef90d229cf,3649.53,139.92,15.252012185,54000,54000
0948fc6dd869a1b6fa5301aec29bb8ef90d229cf,3631.05,139.43,15.178748828,54000,54000
0948fc6dd869a1b6fa5301aec29bb8ef90d229cf,3667.60,140.39,15.337804134,55000,54000
0948fc6dd869a1b6fa5301aec29bb8ef90d229cf,3671.53,140.18,15.352724991,54000,54000
0948fc6dd869a1b6fa5301aec29bb8ef90d229cf,3639.28,139.49,15.214997267,54000,54000
0948fc6dd869a1b6fa5301aec29bb8ef90d229cf,3660.78,140.44,15.297644440,54000,54000
0948fc6dd869a1b6fa5301aec29bb8ef90d229cf,3640.72,139.27,15.217601273,54000,54000
0948fc6dd869a1b6fa5301aec29bb8ef90d229cf,3629.88,138.39,15.155810189,54000,54000
0948fc6dd869a1b6fa5301aec29bb8ef90d229cf,3620.00,138.08,15.124085385,55000,54000
0948fc6dd869a1b6fa5301aec29bb8ef90d229cf,3657.38,139.62,15.271464316,54000,53000
0948fc6dd869a1b6fa5301aec29bb8ef90d229cf,3645.57,139.45,15.256074555,54000,54000
0948fc6dd869a1b6fa5301aec29bb8ef90d229cf,3648.00,139.31,15.229137780,54000,54000
0948fc6dd869a1b6fa5301aec29bb8ef90d229cf,3669.02,140.28,15.325032451,54000,54000
0948fc6dd869a1b6fa5301aec29bb8ef90d229cf,3621.67,138.62,15.140525810,54000,54000
0948fc6dd869a1b6fa5301aec29bb8ef90d229cf,3645.06,139.75,15.239352590,54000,54000
a126e8daa78acdf03c4e33665437523d16f5f8ac,3636.60,139.46,15.207129560,55000,55000
a126e8daa78acdf03c4e33665437523d16f5f8ac,3661.18,140.22,15.292284819,54000,54000
a126e8daa78acdf03c4e33665437523d16f5f8ac,3645.45,139.52,15.245905756,54000,54000
a126e8daa78acdf03c4e33665437523d16f5f8ac,3650.45,139.95,15.266924556,54000,54000
a126e8daa78acdf03c4e33665437523d16f5f8ac,3667.99,140.38,15.350526623,55000,54000
a126e8daa78acdf03c4e33665437523d16f5f8ac,3629.91,138.73,15.173317541,54000,54000
a126e8daa78acdf03c4e33665437523d16f5f8ac,3633.88,139.25,15.196922765,55000,54000
a126e8daa78acdf03c4e33665437523d16f5f8ac,3648.03,139.09,15.262407608,54000,54000
a126e8daa78acdf03c4e33665437523d16f5f8ac,3643.19,139.36,15.228207929,54000,56000
a126e8daa78acdf03c4e33665437523d16f5f8ac,3664.20,140.65,15.316826482,55000,54000
a126e8daa78acdf03c4e33665437523d16f5f8ac,3657.19,139.89,15.282691163,55000,54000
a126e8daa78acdf03c4e33665437523d16f5f8ac,3657.36,140.36,15.279394915,54000,54000
a126e8daa78acdf03c4e33665437523d16f5f8ac,3643.56,139.62,15.218912734,54000,54000
a126e8daa78acdf03c4e33665437523d16f5f8ac,3650.61,139.40,15.243328053,54000,54000
a126e8daa78acdf03c4e33665437523d16f5f8ac,3640.18,138.71,15.206750594,54000,54000
a126e8daa78acdf03c4e33665437523d16f5f8ac,3653.36,139.66,15.263431682,54000,53000
a126e8daa78acdf03c4e33665437523d16f5f8ac,3639.52,138.97,15.215504620,54000,54000
a126e8daa78acdf03c4e33665437523d16f5f8ac,3648.37,139.28,15.244105688,54000,54000
a126e8daa78acdf03c4e33665437523d16f5f8ac,3650.61,139.89,15.255943505,54000,54000
a126e8daa78acdf03c4e33665437523d16f5f8ac,3629.27,138.82,15.168498555,54000,54000
a126e8daa78acdf03c4e33665437523d16f5f8ac,3674.83,140.23,15.373294741,54000,54000
a126e8daa78acdf03c4e33665437523d16f5f8ac,3679.67,140.58,15.362727759,55000,54000
a126e8daa78acdf03c4e33665437523d16f5f8ac,3649.36,139.15,15.251374122,54000,55000
a126e8daa78acdf03c4e33665437523d16f5f8ac,3633.23,138.96,15.178233501,54000,54000
a126e8daa78acdf03c4e33665437523d16f5f8ac,3639.64,139.51,15.215825017,54000,54000
a126e8daa78acdf03c4e33665437523d16f5f8ac,3641.70,139.20,15.219750897,54000,54000
a126e8daa78acdf03c4e33665437523d16f5f8ac,3644.10,139.45,15.232585033,54000,55000
a126e8daa78acdf03c4e33665437523d16f5f8ac,3637.11,139.13,15.190545557,54000,55000
a126e8daa78acdf03c4e33665437523d16f5f8ac,3626.67,138.71,15.161662870,54000,54000
a126e8daa78acdf03c4e33665437523d16f5f8ac,3654.51,139.25,15.255874397,54000,55000
cda9fb5d2a0e41309851a23db8cdd1b620fde3e8,3627.19,138.91,15.160627607,54000,54000
cda9fb5d2a0e41309851a23db8cdd1b620fde3e8,3671.37,140.84,15.330586353,54000,54000
cda9fb5d2a0e41309851a23db8cdd1b620fde3e8,3633.52,138.39,15.209185357,54000,54000
cda9fb5d2a0e41309851a23db8cdd1b620fde3e8,3641.86,139.48,15.211467547,55000,54000
cda9fb5d2a0e41309851a23db8cdd1b620fde3e8,3659.62,140.07,15.294871446,54000,55000
cda9fb5d2a0e41309851a23db8cdd1b620fde3e8,3640.69,138.75,15.226607956,55000,54000
cda9fb5d2a0e41309851a23db8cdd1b620fde3e8,3648.97,139.79,15.253721104,54000,54000
cda9fb5d2a0e41309851a23db8cdd1b620fde3e8,3640.73,138.87,15.237967985,55000,54000
cda9fb5d2a0e41309851a23db8cdd1b620fde3e8,3652.23,139.93,15.267088076,55000,55000
cda9fb5d2a0e41309851a23db8cdd1b620fde3e8,3653.66,139.50,15.255433748,54000,54000
cda9fb5d2a0e41309851a23db8cdd1b620fde3e8,3627.15,138.08,15.166035745,54000,54000
cda9fb5d2a0e41309851a23db8cdd1b620fde3e8,3643.04,139.12,15.227493270,55000,55000
cda9fb5d2a0e41309851a23db8cdd1b620fde3e8,3653.83,139.44,15.265712649,54000,54000
cda9fb5d2a0e41309851a23db8cdd1b620fde3e8,3666.98,140.27,15.322978352,55000,55000
cda9fb5d2a0e41309851a23db8cdd1b620fde3e8,3668.33,140.15,15.325805166,54000,55000
cda9fb5d2a0e41309851a23db8cdd1b620fde3e8,3647.33,139.24,15.234213151,54000,54000
cda9fb5d2a0e41309851a23db8cdd1b620fde3e8,3642.28,139.15,15.224216473,54000,54000
cda9fb5d2a0e41309851a23db8cdd1b620fde3e8,3658.81,139.57,15.282201484,54000,55000
cda9fb5d2a0e41309851a23db8cdd1b620fde3e8,3619.83,137.45,15.139044525,54000,55000
cda9fb5d2a0e41309851a23db8cdd1b620fde3e8,3641.12,138.97,15.220562256,54000,55000
cda9fb5d2a0e41309851a23db8cdd1b620fde3e8,3654.53,139.90,15.267872898,54000,54000
cda9fb5d2a0e41309851a23db8cdd1b620fde3e8,3640.16,138.80,15.227386870,54000,54000
cda9fb5d2a0e41309851a23db8cdd1b620fde3e8,3628.20,139.26,15.161469015,55000,54000
cda9fb5d2a0e41309851a23db8cdd1b620fde3e8,3637.67,138.81,15.205485090,54000,54000
cda9fb5d2a0e41309851a23db8cdd1b620fde3e8,3637.62,138.84,15.204850903,55000,54000
cda9fb5d2a0e41309851a23db8cdd1b620fde3e8,3653.38,139.18,15.252244743,55000,55000
cda9fb5d2a0e41309851a23db8cdd1b620fde3e8,3649.60,139.30,15.247806890,55000,54000
cda9fb5d2a0e41309851a23db8cdd1b620fde3e8,3643.54,139.01,15.243072214,55000,54000
cda9fb5d2a0e41309851a23db8cdd1b620fde3e8,3632.84,139.14,15.176076963,55000,54000
cda9fb5d2a0e41309851a23db8cdd1b620fde3e8,3630.86,138.67,15.188314358,54000,54000
5539c994db242bee87c58de79400a8416ffccdc3,3664.30,140.07,15.301018710,54000,54000
5539c994db242bee87c58de79400a8416ffccdc3,3656.90,139.81,15.274183984,54000,54000
5539c994db242bee87c58de79400a8416ffccdc3,3662.29,140.19,15.324574497,54000,55000
5539c994db242bee87c58de79400a8416ffccdc3,3652.70,139.87,15.279434317,54000,54000
5539c994db242bee87c58de79400a8416ffccdc3,3664.08,140.71,15.308951937,53000,54000
5539c994db242bee87c58de79400a8416ffccdc3,3645.12,139.48,15.235478112,55000,55000
5539c994db242bee87c58de79400a8416ffccdc3,3660.37,139.87,15.322643877,54000,54000
5539c994db242bee87c58de79400a8416ffccdc3,3623.42,138.44,15.157346504,54000,54000
5539c994db242bee87c58de79400a8416ffccdc3,3630.27,138.68,15.160651316,54000,54000
5539c994db242bee87c58de79400a8416ffccdc3,3687.02,140.96,15.393915548,54000,55000
5539c994db242bee87c58de79400a8416ffccdc3,3662.11,140.86,15.296412648,54000,54000
5539c994db242bee87c58de79400a8416ffccdc3,3671.61,140.50,15.347743482,55000,54000
5539c994db242bee87c58de79400a8416ffccdc3,3650.63,139.72,15.264465101,54000,54000
5539c994db242bee87c58de79400a8416ffccdc3,3639.24,139.24,15.212251168,54000,54000
5539c994db242bee87c58de79400a8416ffccdc3,3631.94,139.12,15.192906301,54000,54000
5539c994db242bee87c58de79400a8416ffccdc3,3659.75,139.70,15.285971168,54000,54000
5539c994db242bee87c58de79400a8416ffccdc3,3665.34,139.91,15.310576556,54000,54000
5539c994db242bee87c58de79400a8416ffccdc3,3645.87,139.31,15.238802835,53000,54000
5539c994db242bee87c58de79400a8416ffccdc3,3642.29,139.27,15.203815622,55000,54000
5539c994db242bee87c58de79400a8416ffccdc3,3648.68,139.87,15.233906105,54000,54000
5539c994db242bee87c58de79400a8416ffccdc3,3628.09,138.78,15.172059550,54000,54000
5539c994db242bee87c58de79400a8416ffccdc3,3653.29,139.74,15.255152628,54000,54000
5539c994db242bee87c58de79400a8416ffccdc3,3647.88,139.54,15.239657735,55000,54000
5539c994db242bee87c58de79400a8416ffccdc3,3652.96,139.58,15.262914493,55000,55000
5539c994db242bee87c58de79400a8416ffccdc3,3664.51,140.22,15.316966293,54000,54000
5539c994db242bee87c58de79400a8416ffccdc3,3640.79,139.37,15.213829740,54000,54000
5539c994db242bee87c58de79400a8416ffccdc3,3675.62,140.77,15.364579258,54000,54000
5539c994db242bee87c58de79400a8416ffccdc3,3648.76,140.00,15.237486172,54000,54000
5539c994db242bee87c58de79400a8416ffccdc3,3636.73,139.19,15.194497609,54000,54000
5539c994db242bee87c58de79400a8416ffccdc3,3639.53,139.10,15.218194790,54000,55000
046a6bfaa6a67b9e6739df65aae336b2a5155823,3629.06,138.79,15.157521996,54000,54000
046a6bfaa6a67b9e6739df65aae336b2a5155823,3679.69,141.61,15.376969495,54000,54000
046a6bfaa6a67b9e6739df65aae336b2a5155823,3661.40,139.94,15.293223148,55000,54000
046a6bfaa6a67b9e6739df65aae336b2a5155823,3661.11,140.24,15.300926531,55000,54000
046a6bfaa6a67b9e6739df65aae336b2a5155823,3636.17,139.42,15.196978013,54000,54000
046a6bfaa6a67b9e6739df65aae336b2a5155823,3644.84,138.94,15.220353251,55000,54000
046a6bfaa6a67b9e6739df65aae336b2a5155823,3641.07,138.95,15.215155190,55000,55000
046a6bfaa6a67b9e6739df65aae336b2a5155823,3655.25,138.95,15.291337172,54000,54000
046a6bfaa6a67b9e6739df65aae336b2a5155823,3644.92,139.00,15.230106231,55000,54000
046a6bfaa6a67b9e6739df65aae336b2a5155823,3644.62,139.43,15.226080415,54000,54000
046a6bfaa6a67b9e6739df65aae336b2a5155823,3650.67,139.32,15.256121527,55000,55000
046a6bfaa6a67b9e6739df65aae336b2a5155823,3663.51,139.70,15.316775730,54000,54000
046a6bfaa6a67b9e6739df65aae336b2a5155823,3659.12,139.97,15.267909813,54000,54000
046a6bfaa6a67b9e6739df65aae336b2a5155823,3660.91,139.75,15.296329194,54000,55000
046a6bfaa6a67b9e6739df65aae336b2a5155823,3644.24,139.10,15.236628723,54000,54000
046a6bfaa6a67b9e6739df65aae336b2a5155823,3659.62,140.31,15.280371690,54000,54000
046a6bfaa6a67b9e6739df65aae336b2a5155823,3640.69,139.04,15.227284274,54000,54000
046a6bfaa6a67b9e6739df65aae336b2a5155823,3644.28,139.70,15.236888262,54000,54000
046a6bfaa6a67b9e6739df65aae336b2a5155823,3648.84,139.15,15.252733033,54000,54000
046a6bfaa6a67b9e6739df65aae336b2a5155823,3648.04,139.57,15.236024382,54000,54000
046a6bfaa6a67b9e6739df65aae336b2a5155823,3649.10,139.21,15.256804700,54000,55000
046a6bfaa6a67b9e6739df65aae336b2a5155823,3657.55,139.87,15.281313195,55000,55000
046a6bfaa6a67b9e6739df65aae336b2a5155823,3675.72,140.41,15.341004283,54000,55000
046a6bfaa6a67b9e6739df65aae336b2a5155823,3660.44,140.11,15.299999189,54000,55000
046a6bfaa6a67b9e6739df65aae336b2a5155823,3656.86,139.72,15.271312715,54000,54000
046a6bfaa6a67b9e6739df65aae336b2a5155823,3649.85,139.40,15.248126645,54000,54000
046a6bfaa6a67b9e6739df65aae336b2a5155823,3660.65,140.34,15.300804526,54000,54000
046a6bfaa6a67b9e6739df65aae336b2a5155823,3645.51,139.28,15.249658993,54000,54000
046a6bfaa6a67b9e6739df65aae336b2a5155823,3645.71,138.85,15.234691217,54000,54000
046a6bfaa6a67b9e6739df65aae336b2a5155823,3644.48,139.13,15.217850686,54000,54000
ee6501aef92fb1b6a32f0afa473ce100ac07c225,3643.96,139.42,15.235632321,54000,54000
ee6501aef92fb1b6a32f0afa473ce100ac07c225,3620.27,138.53,15.139926054,54000,55000
ee6501aef92fb1b6a32f0afa473ce100ac07c225,3637.28,139.01,15.191062898,54000,55000
ee6501aef92fb1b6a32f0afa473ce100ac07c225,3645.60,139.44,15.240897834,53000,54000
ee6501aef92fb1b6a32f0afa473ce100ac07c225,3653.57,140.38,15.260076551,54000,54000
ee6501aef92fb1b6a32f0afa473ce100ac07c225,3652.80,139.88,15.269078196,54000,55000
ee6501aef92fb1b6a32f0afa473ce100ac07c225,3663.65,139.54,15.313115409,54000,54000
ee6501aef92fb1b6a32f0afa473ce100ac07c225,3649.48,139.54,15.252442388,54000,54000
ee6501aef92fb1b6a32f0afa473ce100ac07c225,3650.36,140.02,15.249525197,56000,54000
ee6501aef92fb1b6a32f0afa473ce100ac07c225,3651.36,139.88,15.260217488,54000,55000
ee6501aef92fb1b6a32f0afa473ce100ac07c225,3665.41,140.22,15.304951058,54000,54000
ee6501aef92fb1b6a32f0afa473ce100ac07c225,3652.18,139.46,15.288552297,55000,54000
ee6501aef92fb1b6a32f0afa473ce100ac07c225,3629.28,139.35,15.182032016,54000,55000
ee6501aef92fb1b6a32f0afa473ce100ac07c225,3634.36,138.81,15.184089013,54000,54000
ee6501aef92fb1b6a32f0afa473ce100ac07c225,3623.56,137.80,15.158116117,54000,54000
ee6501aef92fb1b6a32f0afa473ce100ac07c225,3675.49,140.65,15.357578425,54000,54000
ee6501aef92fb1b6a32f0afa473ce100ac07c225,3633.54,138.88,15.186407578,54000,54000
ee6501aef92fb1b6a32f0afa473ce100ac07c225,3652.49,139.69,15.259788206,54000,54000
ee6501aef92fb1b6a32f0afa473ce100ac07c225,3646.08,139.58,15.241106644,54000,54000
ee6501aef92fb1b6a32f0afa473ce100ac07c225,3668.99,140.27,15.329299490,54000,54000
ee6501aef92fb1b6a32f0afa473ce100ac07c225,3697.76,141.46,15.443907816,54000,54000
ee6501aef92fb1b6a32f0afa473ce100ac07c225,3640.80,139.39,15.219019012,54000,54000
ee6501aef92fb1b6a32f0afa473ce100ac07c225,3643.90,138.99,15.248353305,54000,54000
ee6501aef92fb1b6a32f0afa473ce100ac07c225,3668.54,140.39,15.337529300,54000,54000
ee6501aef92fb1b6a32f0afa473ce100ac07c225,3644.81,139.88,15.242108760,53000,54000
ee6501aef92fb1b6a32f0afa473ce100ac07c225,3678.58,140.71,15.359503224,54000,54000
ee6501aef92fb1b6a32f0afa473ce100ac07c225,3666.59,140.49,15.314633665,54000,54000
ee6501aef92fb1b6a32f0afa473ce100ac07c225,3665.43,139.96,15.332146282,55000,54000
ee6501aef92fb1b6a32f0afa473ce100ac07c225,3643.91,139.35,15.229597543,54000,54000
ee6501aef92fb1b6a32f0afa473ce100ac07c225,3646.74,139.15,15.240396119,54000,54000
4a55d52107c603f142e40c24d373a2ed5acdb2c9,3640.92,139.63,15.228946608,55000,55000
4a55d52107c603f142e40c24d373a2ed5acdb2c9,3639.85,139.17,15.222207484,54000,54000
4a55d52107c603f142e40c24d373a2ed5acdb2c9,3633.45,138.90,15.184271402,54000,54000
4a55d52107c603f142e40c24d373a2ed5acdb2c9,3662.66,140.44,15.307565152,54000,54000
4a55d52107c603f142e40c24d373a2ed5acdb2c9,3643.86,139.62,15.223693410,54000,56000
4a55d52107c603f142e40c24d373a2ed5acdb2c9,3656.94,139.80,15.279760669,54000,54000
4a55d52107c603f142e40c24d373a2ed5acdb2c9,3647.23,139.09,15.248571462,54000,55000
4a55d52107c603f142e40c24d373a2ed5acdb2c9,3670.07,139.90,15.330793661,54000,54000
4a55d52107c603f142e40c24d373a2ed5acdb2c9,3645.78,139.67,15.241942593,54000,55000
4a55d52107c603f142e40c24d373a2ed5acdb2c9,3673.32,139.80,15.356525966,55000,54000
4a55d52107c603f142e40c24d373a2ed5acdb2c9,3675.30,140.06,15.350413850,54000,55000
4a55d52107c603f142e40c24d373a2ed5acdb2c9,3643.61,138.97,15.231682173,54000,54000
4a55d52107c603f142e40c24d373a2ed5acdb2c9,3656.40,139.52,15.297230163,54000,54000
4a55d52107c603f142e40c24d373a2ed5acdb2c9,3657.67,139.37,15.270226076,54000,54000
4a55d52107c603f142e40c24d373a2ed5acdb2c9,3651.67,139.45,15.247566744,54000,56000
4a55d52107c603f142e40c24d373a2ed5acdb2c9,3662.33,139.84,15.302204137,54000,54000
4a55d52107c603f142e40c24d373a2ed5acdb2c9,3661.75,139.92,15.312798982,54000,54000
4a55d52107c603f142e40c24d373a2ed5acdb2c9,3634.96,138.79,15.190856987,54000,54000
4a55d52107c603f142e40c24d373a2ed5acdb2c9,3672.60,140.91,15.342322209,54000,55000
4a55d52107c603f142e40c24d373a2ed5acdb2c9,3640.47,138.79,15.224921840,55000,54000
4a55d52107c603f142e40c24d373a2ed5acdb2c9,3663.81,139.97,15.312997886,55000,54000
4a55d52107c603f142e40c24d373a2ed5acdb2c9,3651.97,139.35,15.287097581,55000,54000
4a55d52107c603f142e40c24d373a2ed5acdb2c9,3649.21,139.44,15.244750349,54000,54000
4a55d52107c603f142e40c24d373a2ed5acdb2c9,3685.20,141.22,15.374292816,54000,54000
4a55d52107c603f142e40c24d373a2ed5acdb2c9,3639.89,139.17,15.207508010,55000,55000
4a55d52107c603f142e40c24d373a2ed5acdb2c9,3654.23,139.76,15.280404706,54000,54000
4a55d52107c603f142e40c24d373a2ed5acdb2c9,3654.28,140.05,15.260498068,54000,54000
4a55d52107c603f142e40c24d373a2ed5acdb2c9,3656.17,140.06,15.268549742,54000,54000
4a55d52107c603f142e40c24d373a2ed5acdb2c9,3663.86,140.47,15.306277094,54000,55000
4a55d52107c603f142e40c24d373a2ed5acdb2c9,3649.18,139.98,15.246372708,55000,55000
2667c1f83a85cdfa96a652b939e9d9d8da21de42,3655.59,139.80,15.281758925,54000,54000
2667c1f83a85cdfa96a652b939e9d9d8da21de42,3674.30,141.18,15.368513041,54000,54000
2667c1f83a85cdfa96a652b939e9d9d8da21de42,3637.20,139.36,15.206190212,54000,54000
2667c1f83a85cdfa96a652b939e9d9d8da21de42,3653.13,139.37,15.279742683,54000,55000
2667c1f83a85cdfa96a652b939e9d9d8da21de42,3678.34,140.84,15.377301865,54000,54000
2667c1f83a85cdfa96a652b939e9d9d8da21de42,3667.69,140.76,15.324404075,54000,54000
2667c1f83a85cdfa96a652b939e9d9d8da21de42,3647.49,139.95,15.235240635,54000,54000
2667c1f83a85cdfa96a652b939e9d9d8da21de42,3637.96,138.92,15.206102363,54000,54000
2667c1f83a85cdfa96a652b939e9d9d8da21de42,3669.94,140.22,15.344945054,55000,54000
2667c1f83a85cdfa96a652b939e9d9d8da21de42,3634.61,138.53,15.203432959,55000,54000
2667c1f83a85cdfa96a652b939e9d9d8da21de42,3654.05,139.12,15.244198428,54000,55000
2667c1f83a85cdfa96a652b939e9d9d8da21de42,3644.87,139.62,15.237380978,54000,54000
2667c1f83a85cdfa96a652b939e9d9d8da21de42,3648.96,140.21,15.236366292,55000,54000
2667c1f83a85cdfa96a652b939e9d9d8da21de42,3636.43,139.06,15.209632933,53000,54000
2667c1f83a85cdfa96a652b939e9d9d8da21de42,3654.24,139.33,15.275051643,54000,54000
2667c1f83a85cdfa96a652b939e9d9d8da21de42,3647.84,139.22,15.270873084,54000,54000
2667c1f83a85cdfa96a652b939e9d9d8da21de42,3645.28,139.06,15.230680754,54000,54000
2667c1f83a85cdfa96a652b939e9d9d8da21de42,3673.57,140.28,15.361933179,54000,54000
2667c1f83a85cdfa96a652b939e9d9d8da21de42,3649.08,139.96,15.245136155,54000,54000
2667c1f83a85cdfa96a652b939e9d9d8da21de42,3646.52,139.20,15.233077218,54000,54000
2667c1f83a85cdfa96a652b939e9d9d8da21de42,3641.20,139.30,15.217240427,54000,54000
2667c1f83a85cdfa96a652b939e9d9d8da21de42,3648.24,139.41,15.248182131,54000,54000
2667c1f83a85cdfa96a652b939e9d9d8da21de42,3662.93,140.18,15.308099647,55000,54000
2667c1f83a85cdfa96a652b939e9d9d8da21de42,3657.91,140.02,15.266169022,55000,54000
2667c1f83a85cdfa96a652b939e9d9d8da21de42,3685.76,140.80,15.403076810,54000,54000
2667c1f83a85cdfa96a652b939e9d9d8da21de42,3640.40,139.04,15.202167867,54000,54000
2667c1f83a85cdfa96a652b939e9d9d8da21de42,3631.28,138.34,15.209584259,54000,55000
2667c1f83a85cdfa96a652b939e9d9d8da21de42,3649.33,139.24,15.253567391,55000,55000
2667c1f83a85cdfa96a652b939e9d9d8da21de42,3666.14,140.33,15.302371027,54000,55000
2667c1f83a85cdfa96a652b939e9d9d8da21de42,3653.05,140.11,15.255797817,54000,54000
5db4c2c4b7ce5bf5269ff9eb704ba6c631ec1e82,3651.63,139.47,15.243356913,54000,54000
5db4c2c4b7ce5bf5269ff9eb704ba6c631ec1e82,3639.38,139.61,15.221892537,54000,55000
5db4c2c4b7ce5bf5269ff9eb704ba6c631ec1e82,3673.37,140.56,15.353123753,54000,54000
5db4c2c4b7ce5bf5269ff9eb704ba6c631ec1e82,3661.47,140.25,15.286449516,54000,54000
5db4c2c4b7ce5bf5269ff9eb704ba6c631ec1e82,3669.72,140.44,15.342732327,54000,55000
5db4c2c4b7ce5bf5269ff9eb704ba6c631ec1e82,3627.95,138.63,15.177912999,54000,54000
5db4c2c4b7ce5bf5269ff9eb704ba6c631ec1e82,3642.57,139.27,15.236674535,54000,54000
5db4c2c4b7ce5bf5269ff9eb704ba6c631ec1e82,3640.03,139.86,15.218455027,54000,54000
5db4c2c4b7ce5bf5269ff9eb704ba6c631ec1e82,3652.50,139.60,15.277090812,55000,55000
5db4c2c4b7ce5bf5269ff9eb704ba6c631ec1e82,3649.73,139.62,15.262777006,54000,54000
5db4c2c4b7ce5bf5269ff9eb704ba6c631ec1e82,3649.14,139.51,15.260508658,54000,54000
5db4c2c4b7ce5bf5269ff9eb704ba6c631ec1e82,3644.42,139.23,15.237396261,55000,55000
5db4c2c4b7ce5bf5269ff9eb704ba6c631ec1e82,3657.77,139.00,15.297471564,54000,54000
5db4c2c4b7ce5bf5269ff9eb704ba6c631ec1e82,3659.34,139.52,15.297733206,54000,55000
5db4c2c4b7ce5bf5269ff9eb704ba6c631ec1e82,3665.07,140.33,15.320150439,54000,54000
5db4c2c4b7ce5bf5269ff9eb704ba6c631ec1e82,3624.34,138.37,15.150086616,54000,54000
5db4c2c4b7ce5bf5269ff9eb704ba6c631ec1e82,3661.05,139.76,15.302264960,54000,54000
5db4c2c4b7ce5bf5269ff9eb704ba6c631ec1e82,3641.63,139.53,15.226518374,54000,54000
5db4c2c4b7ce5bf5269ff9eb704ba6c631ec1e82,3673.27,140.44,15.356002074,55000,54000
5db4c2c4b7ce5bf5269ff9eb704ba6c631ec1e82,3660.21,139.84,15.300289952,54000,54000
5db4c2c4b7ce5bf5269ff9eb704ba6c631ec1e82,3642.93,138.57,15.219620255,54000,54000
5db4c2c4b7ce5bf5269ff9eb704ba6c631ec1e82,3660.22,139.78,15.297185021,54000,54000
5db4c2c4b7ce5bf5269ff9eb704ba6c631ec1e82,3661.19,140.13,15.299636838,54000,54000
5db4c2c4b7ce5bf5269ff9eb704ba6c631ec1e82,3653.70,139.66,15.265879227,54000,54000
5db4c2c4b7ce5bf5269ff9eb704ba6c631ec1e82,3626.92,138.61,15.174891502,54000,53000
5db4c2c4b7ce5bf5269ff9eb704ba6c631ec1e82,3668.39,140.06,15.340343869,55000,55000
5db4c2c4b7ce5bf5269ff9eb704ba6c631ec1e82,3658.96,140.09,15.293475266,54000,54000
5db4c2c4b7ce5bf5269ff9eb704ba6c631ec1e82,3654.12,140.20,15.261274738,54000,54000
5db4c2c4b7ce5bf5269ff9eb704ba6c631ec1e82,3679.58,140.85,15.369642939,54000,54000
5db4c2c4b7ce5bf5269ff9eb704ba6c631ec1e82,3639.55,139.27,15.229413797,54000,54000
064c11baade05531f530feffa2377e652bedc3b6,3652.61,139.91,15.263676185,54000,54000
064c11baade05531f530feffa2377e652bedc3b6,3650.77,140.04,15.265364041,54000,54000
064c11baade05531f530feffa2377e652bedc3b6,3642.38,139.50,15.218043085,54000,54000
064c11baade05531f530feffa2377e652bedc3b6,3657.26,140.02,15.285959668,54000,54000
064c11baade05531f530feffa2377e652bedc3b6,3648.70,139.63,15.233025372,55000,54000
064c11baade05531f530feffa2377e652bedc3b6,3643.46,138.96,15.216608981,54000,54000
064c11baade05531f530feffa2377e652bedc3b6,3644.11,139.19,15.227422812,54000,54000
064c11baade05531f530feffa2377e652bedc3b6,3647.87,139.39,15.245038885,54000,54000
064c11baade05531f530feffa2377e652bedc3b6,3634.17,138.90,15.188494184,54000,54000
064c11baade05531f530feffa2377e652bedc3b6,3657.88,139.78,15.278063775,54000,54000
064c11baade05531f530feffa2377e652bedc3b6,3653.84,139.74,15.266280256,54000,55000
064c11baade05531f530feffa2377e652bedc3b6,3650.83,139.78,15.248396936,56000,55000
064c11baade05531f530feffa2377e652bedc3b6,3638.85,139.13,15.203256395,55000,54000
064c11baade05531f530feffa2377e652bedc3b6,3662.70,139.91,15.299188484,54000,55000
064c11baade05531f530feffa2377e652bedc3b6,3642.10,139.02,15.218389007,55000,54000
064c11baade05531f530feffa2377e652bedc3b6,3645.84,139.60,15.252282451,55000,54000
064c11baade05531f530feffa2377e652bedc3b6,3669.12,140.51,15.331151070,55000,54000
064c11baade05531f530feffa2377e652bedc3b6,3646.15,139.12,15.242166897,54000,54000
064c11baade05531f530feffa2377e652bedc3b6,3645.02,139.53,15.224642599,54000,54000
064c11baade05531f530feffa2377e652bedc3b6,3641.92,139.18,15.205672669,54000,54000
064c11baade05531f530feffa2377e652bedc3b6,3663.21,139.72,15.320454912,54000,54000
064c11baade05531f530feffa2377e652bedc3b6,3664.25,140.17,15.307730196,55000,54000
064c11baade05531f530feffa2377e652bedc3b6,3665.99,140.18,15.336568168,54000,54000
064c11baade05531f530feffa2377e652bedc3b6,3653.74,139.76,15.263876959,54000,54000
064c11baade05531f530feffa2377e652bedc3b6,3681.89,140.96,15.401712383,54000,54000
064c11baade05531f530feffa2377e652bedc3b6,3661.23,139.95,15.286598569,54000,54000
064c11baade05531f530feffa2377e652bedc3b6,3630.26,138.01,15.179824678,54000,54000
064c11baade05531f530feffa2377e652bedc3b6,3654.92,139.73,15.256866466,54000,54000
064c11baade05531f530feffa2377e652bedc3b6,3654.71,140.34,15.253541588,54000,55000
064c11baade05531f530feffa2377e652bedc3b6,3656.66,139.92,15.258820169,54000,55000
231a5eafbe19f197bd8d861be0bb446b9dcfb38e,3648.10,139.57,15.232230767,54000,56000
231a5eafbe19f197bd8d861be0bb446b9dcfb38e,3661.72,140.15,15.299352830,54000,54000
231a5eafbe19f197bd8d861be0bb446b9dcfb38e,3645.18,139.90,15.216273362,54000,54000
231a5eafbe19f197bd8d861be0bb446b9dcfb38e,3654.46,140.28,15.258891564,54000,54000
231a5eafbe19f197bd8d861be0bb446b9dcfb38e,3696.79,141.79,15.450535773,54000,54000
231a5eafbe19f197bd8d861be0bb446b9dcfb38e,3662.57,140.69,15.301931126,54000,54000
231a5eafbe19f197bd8d861be0bb446b9dcfb38e,3657.14,139.84,15.290650166,54000,55000
231a5eafbe19f197bd8d861be0bb446b9dcfb38e,3651.21,139.58,15.265005569,54000,54000
231a5eafbe19f197bd8d861be0bb446b9dcfb38e,3654.14,139.65,15.264783286,54000,55000
231a5eafbe19f197bd8d861be0bb446b9dcfb38e,3658.79,139.74,15.280074953,54000,55000
231a5eafbe19f197bd8d861be0bb446b9dcfb38e,3681.51,140.75,15.384944709,54000,54000
231a5eafbe19f197bd8d861be0bb446b9dcfb38e,3673.48,140.67,15.346710364,55000,55000
231a5eafbe19f197bd8d861be0bb446b9dcfb38e,3649.37,139.93,15.254834890,54000,54000
231a5eafbe19f197bd8d861be0bb446b9dcfb38e,3682.69,140.94,15.386412841,54000,54000
231a5eafbe19f197bd8d861be0bb446b9dcfb38e,3662.43,139.92,15.302413457,55000,54000
231a5eafbe19f197bd8d861be0bb446b9dcfb38e,3678.42,140.67,15.375011624,55000,54000
231a5eafbe19f197bd8d861be0bb446b9dcfb38e,3658.59,140.27,15.286328697,54000,54000
231a5eafbe19f197bd8d861be0bb446b9dcfb38e,3663.42,139.96,15.299432421,54000,55000
231a5eafbe19f197bd8d861be0bb446b9dcfb38e,3644.68,139.17,15.220980008,54000,55000
231a5eafbe19f197bd8d861be0bb446b9dcfb38e,3669.84,140.28,15.331899521,54000,55000
231a5eafbe19f197bd8d861be0bb446b9dcfb38e,3668.82,140.05,15.303971048,54000,55000
231a5eafbe19f197bd8d861be0bb446b9dcfb38e,3661.37,139.82,15.283709019,55000,54000
231a5eafbe19f197bd8d861be0bb446b9dcfb38e,3641.99,139.16,15.211907816,54000,54000
231a5eafbe19f197bd8d861be0bb446b9dcfb38e,3660.66,140.36,15.282070661,54000,55000
231a5eafbe19f197bd8d861be0bb446b9dcfb38e,3650.38,139.85,15.228668605,55000,54000
231a5eafbe19f197bd8d861be0bb446b9dcfb38e,3671.54,140.39,15.343757099,54000,54000
231a5eafbe19f197bd8d861be0bb446b9dcfb38e,3670.74,140.26,15.342143137,55000,54000
231a5eafbe19f197bd8d861be0bb446b9dcfb38e,3680.21,140.94,15.369780126,54000,54000
231a5eafbe19f197bd8d861be0bb446b9dcfb38e,3662.54,139.67,15.286976184,56000,55000
231a5eafbe19f197bd8d861be0bb446b9dcfb38e,3676.56,140.56,15.349918908,55000,55000
4590b04bba1aad94c52b288ddd14cc4fe49982df,3637.25,139.37,15.194938528,55000,54000
4590b04bba1aad94c52b288ddd14cc4fe49982df,3665.72,140.22,15.309861858,54000,55000
4590b04bba1aad94c52b288ddd14cc4fe49982df,3642.42,139.64,15.220440811,54000,54000
4590b04bba1aad94c52b288ddd14cc4fe49982df,3652.54,139.69,15.268319455,55000,55000
4590b04bba1aad94c52b288ddd14cc4fe49982df,3645.57,139.65,15.223882206,54000,54000
4590b04bba1aad94c52b288ddd14cc4fe49982df,3648.04,139.38,15.248651844,54000,55000
4590b04bba1aad94c52b288ddd14cc4fe49982df,3648.92,139.23,15.237177122,54000,54000
4590b04bba1aad94c52b288ddd14cc4fe49982df,3648.20,139.89,15.245694481,55000,55000
4590b04bba1aad94c52b288ddd14cc4fe49982df,3640.49,139.43,15.209820455,55000,54000
4590b04bba1aad94c52b288ddd14cc4fe49982df,3654.21,140.31,15.196477128,54000,54000
4590b04bba1aad94c52b288ddd14cc4fe49982df,3655.06,139.73,15.281975275,54000,54000
4590b04bba1aad94c52b288ddd14cc4fe49982df,3655.48,139.56,15.253074311,54000,54000
4590b04bba1aad94c52b288ddd14cc4fe49982df,3638.22,139.04,15.226312013,54000,54000
4590b04bba1aad94c52b288ddd14cc4fe49982df,3651.87,139.50,15.253514749,54000,54000
4590b04bba1aad94c52b288ddd14cc4fe49982df,3653.47,139.77,15.278376590,54000,54000
4590b04bba1aad94c52b288ddd14cc4fe49982df,3664.71,140.41,15.317680120,54000,54000
4590b04bba1aad94c52b288ddd14cc4fe49982df,3645.08,140.09,15.223059766,54000,54000
4590b04bba1aad94c52b288ddd14cc4fe49982df,3662.09,140.08,15.298074927,54000,54000
4590b04bba1aad94c52b288ddd14cc4fe49982df,3636.45,138.80,15.202534119,54000,54000
4590b04bba1aad94c52b288ddd14cc4fe49982df,3637.56,139.20,15.201886212,54000,55000
4590b04bba1aad94c52b288ddd14cc4fe49982df,3678.24,140.51,15.365991235,54000,55000
4590b04bba1aad94c52b288ddd14cc4fe49982df,3660.49,140.03,15.304283586,54000,54000
4590b04bba1aad94c52b288ddd14cc4fe49982df,3671.96,140.38,15.319226043,54000,54000
4590b04bba1aad94c52b288ddd14cc4fe49982df,3647.71,139.15,15.219608455,54000,54000
4590b04bba1aad94c52b288ddd14cc4fe49982df,3651.34,139.43,15.244425606,54000,54000
4590b04bba1aad94c52b288ddd14cc4fe49982df,3652.21,139.68,15.256904323,54000,54000
4590b04bba1aad94c52b288ddd14cc4fe49982df,3641.91,139.34,15.213639640,54000,55000
4590b04bba1aad94c52b288ddd14cc4fe49982df,3658.27,140.19,15.292830382,54000,54000
4590b04bba1aad94c52b288ddd14cc4fe49982df,3644.22,139.34,15.227208839,54000,54000
4590b04bba1aad94c52b288ddd14cc4fe49982df,3648.86,139.96,15.258610046,55000,55000
4421489c88ade67bdeab8a0c44cec7d7122d8d20,3640.76,139.93,15.216746382,55000,55000
4421489c88ade67bdeab8a0c44cec7d7122d8d20,3636.38,138.95,15.203834730,54000,54000
4421489c88ade67bdeab8a0c44cec7d7122d8d20,3611.49,138.40,15.103854918,54000,56000
4421489c88ade67bdeab8a0c44cec7d7122d8d20,3634.29,139.03,15.207668537,54000,54000
4421489c88ade67bdeab8a0c44cec7d7122d8d20,3641.26,139.55,15.207231856,54000,54000
4421489c88ade67bdeab8a0c44cec7d7122d8d20,3650.31,140.20,15.249386923,54000,54000
4421489c88ade67bdeab8a0c44cec7d7122d8d20,3642.77,139.53,15.223819033,54000,54000
4421489c88ade67bdeab8a0c44cec7d7122d8d20,3635.19,138.95,15.198899510,54000,54000
4421489c88ade67bdeab8a0c44cec7d7122d8d20,3643.15,139.56,15.231298285,54000,54000
4421489c88ade67bdeab8a0c44cec7d7122d8d20,3663.97,140.44,15.307906763,54000,55000
4421489c88ade67bdeab8a0c44cec7d7122d8d20,3640.45,139.65,15.208709947,54000,55000
4421489c88ade67bdeab8a0c44cec7d7122d8d20,3648.02,139.23,15.254070748,55000,55000
4421489c88ade67bdeab8a0c44cec7d7122d8d20,3644.05,139.42,15.223624435,54000,54000
4421489c88ade67bdeab8a0c44cec7d7122d8d20,3673.30,140.38,15.349555282,54000,54000
4421489c88ade67bdeab8a0c44cec7d7122d8d20,3648.19,139.62,15.246043792,54000,54000
4421489c88ade67bdeab8a0c44cec7d7122d8d20,3640.05,139.41,15.203162469,54000,55000
4421489c88ade67bdeab8a0c44cec7d7122d8d20,3626.35,138.46,15.155426540,54000,54000
4421489c88ade67bdeab8a0c44cec7d7122d8d20,3668.50,140.95,15.334984330,55000,55000
4421489c88ade67bdeab8a0c44cec7d7122d8d20,3635.38,139.30,15.199255794,54000,55000
4421489c88ade67bdeab8a0c44cec7d7122d8d20,3651.43,139.61,15.234723450,54000,54000
4421489c88ade67bdeab8a0c44cec7d7122d8d20,3654.15,139.78,15.273102479,55000,54000
4421489c88ade67bdeab8a0c44cec7d7122d8d20,3636.02,138.44,15.190062295,54000,54000
4421489c88ade67bdeab8a0c44cec7d7122d8d20,3655.64,139.92,15.263702955,54000,54000
4421489c88ade67bdeab8a0c44cec7d7122d8d20,3654.60,139.89,15.241016754,54000,54000
4421489c88ade67bdeab8a0c44cec7d7122d8d20,3680.20,140.84,15.368398104,54000,54000
4421489c88ade67bdeab8a0c44cec7d7122d8d20,3654.16,139.58,15.261060114,55000,54000
4421489c88ade67bdeab8a0c44cec7d7122d8d20,3655.16,139.93,15.259924608,54000,54000
4421489c88ade67bdeab8a0c44cec7d7122d8d20,3652.82,140.12,15.267147479,54000,54000
4421489c88ade67bdeab8a0c44cec7d7122d8d20,3648.21,139.64,15.227178383,54000,54000
4421489c88ade67bdeab8a0c44cec7d7122d8d20,3643.97,139.95,15.218097665,54000,54000
f8b29c95f9668a19243945c7e12d7aeeb6d92c8d,3681.55,141.11,15.383076413,54000,55000
f8b29c95f9668a19243945c7e12d7aeeb6d92c8d,3690.57,141.63,15.432528200,54000,54000
f8b29c95f9668a19243945c7e12d7aeeb6d92c8d,3645.11,139.60,15.242034030,54000,54000
f8b29c95f9668a19243945c7e12d7aeeb6d92c8d,3648.09,139.73,15.245733926,54000,56000
f8b29c95f9668a19243945c7e12d7aeeb6d92c8d,3660.03,139.97,15.306622643,55000,54000
f8b29c95f9668a19243945c7e12d7aeeb6d92c8d,3664.91,140.20,15.309406320,54000,54000
f8b29c95f9668a19243945c7e12d7aeeb6d92c8d,3642.09,139.78,15.224699788,54000,55000
f8b29c95f9668a19243945c7e12d7aeeb6d92c8d,3656.19,139.65,15.263975273,54000,54000
f8b29c95f9668a19243945c7e12d7aeeb6d92c8d,3634.49,138.89,15.179873923,54000,55000
f8b29c95f9668a19243945c7e12d7aeeb6d92c8d,3625.28,138.62,15.159032799,55000,54000
f8b29c95f9668a19243945c7e12d7aeeb6d92c8d,3625.27,138.68,15.148085085,54000,54000
f8b29c95f9668a19243945c7e12d7aeeb6d92c8d,3656.63,140.00,15.276355635,55000,54000
f8b29c95f9668a19243945c7e12d7aeeb6d92c8d,3623.09,138.34,15.158190442,54000,54000
f8b29c95f9668a19243945c7e12d7aeeb6d92c8d,3651.15,140.12,15.264174629,55000,55000
f8b29c95f9668a19243945c7e12d7aeeb6d92c8d,3650.44,139.46,15.244628634,54000,54000
f8b29c95f9668a19243945c7e12d7aeeb6d92c8d,3631.59,138.27,15.187879812,54000,54000
f8b29c95f9668a19243945c7e12d7aeeb6d92c8d,3659.48,140.03,15.273092306,54000,54000
f8b29c95f9668a19243945c7e12d7aeeb6d92c8d,3662.82,139.78,15.299230803,54000,54000
f8b29c95f9668a19243945c7e12d7aeeb6d92c8d,3637.65,138.83,15.192946859,54000,55000
f8b29c95f9668a19243945c7e12d7aeeb6d92c8d,3656.42,140.03,15.268465777,54000,54000
f8b29c95f9668a19243945c7e12d7aeeb6d92c8d,3666.39,140.27,15.321855724,54000,54000
f8b29c95f9668a19243945c7e12d7aeeb6d92c8d,3658.33,139.64,15.280857482,54000,54000
f8b29c95f9668a19243945c7e12d7aeeb6d92c8d,3654.79,140.16,15.256167015,54000,54000
f8b29c95f9668a19243945c7e12d7aeeb6d92c8d,3656.12,139.93,15.269148539,54000,55000
f8b29c95f9668a19243945c7e12d7aeeb6d92c8d,3649.26,139.79,15.250700331,54000,54000
f8b29c95f9668a19243945c7e12d7aeeb6d92c8d,3650.81,139.77,15.249623291,55000,54000
f8b29c95f9668a19243945c7e12d7aeeb6d92c8d,3648.39,140.06,15.248974892,54000,54000
f8b29c95f9668a19243945c7e12d7aeeb6d92c8d,3649.26,139.38,15.242819525,54000,55000
f8b29c95f9668a19243945c7e12d7aeeb6d92c8d,3642.67,139.38,15.218634234,54000,54000
f8b29c95f9668a19243945c7e12d7aeeb6d92c8d,3658.52,140.29,15.283470587,54000,54000
ccd4df76a897971f9aa14b42279eba46eb89d8cc,3651.80,139.88,15.248899374,54000,54000
ccd4df76a897971f9aa14b42279eba46eb89d8cc,3617.45,139.03,15.121226029,55000,54000
ccd4df76a897971f9aa14b42279eba46eb89d8cc,3635.93,139.22,15.191592980,54000,54000
ccd4df76a897971f9aa14b42279eba46eb89d8cc,3668.12,140.57,15.318341768,54000,54000
ccd4df76a897971f9aa14b42279eba46eb89d8cc,3651.31,139.90,15.246378692,54000,53000
ccd4df76a897971f9aa14b42279eba46eb89d8cc,3661.43,140.23,15.294726104,54000,54000
ccd4df76a897971f9aa14b42279eba46eb89d8cc,3641.80,139.66,15.214597352,54000,54000
ccd4df76a897971f9aa14b42279eba46eb89d8cc,3633.87,139.13,15.206242463,54000,54000
ccd4df76a897971f9aa14b42279eba46eb89d8cc,3643.34,138.80,15.241279839,54000,55000
ccd4df76a897971f9aa14b42279eba46eb89d8cc,3672.04,140.51,15.346230978,55000,54000
ccd4df76a897971f9aa14b42279eba46eb89d8cc,3635.44,139.29,15.188476103,54000,55000
ccd4df76a897971f9aa14b42279eba46eb89d8cc,3637.44,139.05,15.211429536,54000,55000
ccd4df76a897971f9aa14b42279eba46eb89d8cc,3655.71,139.93,15.277457843,54000,54000
ccd4df76a897971f9aa14b42279eba46eb89d8cc,3673.56,140.40,15.336860994,54000,54000
ccd4df76a897971f9aa14b42279eba46eb89d8cc,3655.49,140.14,15.278643522,54000,55000
ccd4df76a897971f9aa14b42279eba46eb89d8cc,3652.81,139.99,15.267852797,54000,54000
ccd4df76a897971f9aa14b42279eba46eb89d8cc,3633.66,139.23,15.184203583,54000,54000
ccd4df76a897971f9aa14b42279eba46eb89d8cc,3638.72,138.74,15.207961906,54000,54000
ccd4df76a897971f9aa14b42279eba46eb89d8cc,3657.09,140.00,15.268755811,54000,54000
ccd4df76a897971f9aa14b42279eba46eb89d8cc,3636.88,139.40,15.188079096,54000,55000
ccd4df76a897971f9aa14b42279eba46eb89d8cc,3637.43,138.95,15.186055334,54000,54000
ccd4df76a897971f9aa14b42279eba46eb89d8cc,3670.27,140.19,15.352569555,54000,54000
ccd4df76a897971f9aa14b42279eba46eb89d8cc,3669.60,140.73,15.308515494,54000,54000
ccd4df76a897971f9aa14b42279eba46eb89d8cc,3640.87,139.22,15.200488469,55000,55000
ccd4df76a897971f9aa14b42279eba46eb89d8cc,3649.84,139.37,15.224184577,55000,54000
ccd4df76a897971f9aa14b42279eba46eb89d8cc,3640.11,139.38,15.202422653,54000,54000
ccd4df76a897971f9aa14b42279eba46eb89d8cc,3671.07,140.48,15.341088381,55000,54000
ccd4df76a897971f9aa14b42279eba46eb89d8cc,3681.00,140.92,15.384731197,54000,55000
ccd4df76a897971f9aa14b42279eba46eb89d8cc,3654.37,139.82,15.280783531,54000,54000
ccd4df76a897971f9aa14b42279eba46eb89d8cc,3630.72,138.92,15.169205992,54000,54000
2b44e55621c194cdb3abcdbfe4579d3e76421f00,3641.60,139.17,15.209702540,54000,54000
2b44e55621c194cdb3abcdbfe4579d3e76421f00,3671.51,140.64,15.333782918,54000,54000
2b44e55621c194cdb3abcdbfe4579d3e76421f00,3655.34,140.11,15.275923483,54000,55000
2b44e55621c194cdb3abcdbfe4579d3e76421f00,3657.27,140.17,15.294334477,55000,54000
2b44e55621c194cdb3abcdbfe4579d3e76421f00,3654.84,139.57,15.270093637,54000,55000
2b44e55621c194cdb3abcdbfe4579d3e76421f00,3653.32,139.34,15.270008962,54000,54000
2b44e55621c194cdb3abcdbfe4579d3e76421f00,3658.83,139.88,15.306444145,54000,54000
2b44e55621c194cdb3abcdbfe4579d3e76421f00,3645.86,139.28,15.242765996,54000,54000
2b44e55621c194cdb3abcdbfe4579d3e76421f00,3658.05,139.91,15.301908315,54000,55000
2b44e55621c194cdb3abcdbfe4579d3e76421f00,3647.16,139.88,15.242617764,55000,54000
2b44e55621c194cdb3abcdbfe4579d3e76421f00,3638.97,138.90,15.215362770,54000,54000
2b44e55621c194cdb3abcdbfe4579d3e76421f00,3637.29,138.98,15.207293851,54000,54000
2b44e55621c194cdb3abcdbfe4579d3e76421f00,3654.68,139.20,15.258994799,54000,54000
2b44e55621c194cdb3abcdbfe4579d3e76421f00,3643.31,138.98,15.213817165,54000,54000
2b44e55621c194cdb3abcdbfe4579d3e76421f00,3638.46,138.71,15.212214316,54000,54000
2b44e55621c194cdb3abcdbfe4579d3e76421f00,3659.24,139.63,15.282132762,55000,54000
2b44e55621c194cdb3abcdbfe4579d3e76421f00,3636.98,138.82,15.191151219,54000,55000
2b44e55621c194cdb3abcdbfe4579d3e76421f00,3654.47,139.68,15.274625374,54000,54000
2b44e55621c194cdb3abcdbfe4579d3e76421f00,3634.56,139.00,15.184132313,54000,54000
2b44e55621c194cdb3abcdbfe4579d3e76421f00,3655.18,139.74,15.282111622,54000,54000
2b44e55621c194cdb3abcdbfe4579d3e76421f00,3648.54,139.88,15.242446829,54000,54000
2b44e55621c194cdb3abcdbfe4579d3e76421f00,3646.61,139.41,15.243784240,54000,54000
2b44e55621c194cdb3abcdbfe4579d3e76421f00,3653.03,139.76,15.266769164,54000,54000
2b44e55621c194cdb3abcdbfe4579d3e76421f00,3645.23,139.70,15.214413352,55000,54000
2b44e55621c194cdb3abcdbfe4579d3e76421f00,3617.27,138.25,15.139769737,54000,54000
2b44e55621c194cdb3abcdbfe4579d3e76421f00,3650.20,139.12,15.266952197,54000,54000
2b44e55621c194cdb3abcdbfe4579d3e76421f00,3658.76,139.98,15.277966131,55000,54000
2b44e55621c194cdb3abcdbfe4579d3e76421f00,3636.72,139.45,15.195648354,54000,54000
2b44e55621c194cdb3abcdbfe4579d3e76421f00,3638.32,139.18,15.211406912,54000,54000
2b44e55621c194cdb3abcdbfe4579d3e76421f00,3650.82,139.46,15.252944969,55000,54000
62b80a388778c5f4da55d708837769f53ab5f1d5,3642.02,139.73,15.216807828,54000,54000
62b80a388778c5f4da55d708837769f53ab5f1d5,3640.09,139.70,15.213033299,54000,54000
62b80a388778c5f4da55d708837769f53ab5f1d5,3660.38,140.27,15.322590863,54000,54000
62b80a388778c5f4da55d708837769f53ab5f1d5,3668.55,140.48,15.357608692,54000,54000
62b80a388778c5f4da55d708837769f53ab5f1d5,3650.48,139.54,15.272558067,54000,55000
62b80a388778c5f4da55d708837769f53ab5f1d5,3622.80,138.19,15.143317622,54000,54000
62b80a388778c5f4da55d708837769f53ab5f1d5,3658.94,140.13,15.293466831,54000,54000
62b80a388778c5f4da55d708837769f53ab5f1d5,3647.58,138.83,15.237555363,54000,54000
62b80a388778c5f4da55d708837769f53ab5f1d5,3646.81,138.72,15.271061245,54000,54000
62b80a388778c5f4da55d708837769f53ab5f1d5,3637.11,138.95,15.212580752,55000,54000
62b80a388778c5f4da55d708837769f53ab5f1d5,3643.87,139.51,15.236687460,54000,54000
62b80a388778c5f4da55d708837769f53ab5f1d5,3667.35,140.37,15.316590039,54000,54000
62b80a388778c5f4da55d708837769f53ab5f1d5,3640.10,139.32,15.199135281,54000,54000
62b80a388778c5f4da55d708837769f53ab5f1d5,3645.55,138.91,15.234953359,54000,54000
62b80a388778c5f4da55d708837769f53ab5f1d5,3660.65,140.43,15.309902574,55000,54000
62b80a388778c5f4da55d708837769f53ab5f1d5,3666.89,140.14,15.306987660,54000,54000
62b80a388778c5f4da55d708837769f53ab5f1d5,3667.72,140.05,15.319544758,54000,54000
62b80a388778c5f4da55d708837769f53ab5f1d5,3661.62,139.42,15.319122773,54000,55000
62b80a388778c5f4da55d708837769f53ab5f1d5,3663.46,139.64,15.316043407,55000,54000
62b80a388778c5f4da55d708837769f53ab5f1d5,3675.46,140.12,15.354639414,55000,54000
62b80a388778c5f4da55d708837769f53ab5f1d5,3644.73,139.19,15.230155765,54000,54000
62b80a388778c5f4da55d708837769f53ab5f1d5,3657.41,139.60,15.282563497,55000,54000
62b80a388778c5f4da55d708837769f53ab5f1d5,3653.32,139.66,15.249666309,54000,55000
62b80a388778c5f4da55d708837769f53ab5f1d5,3674.09,140.50,15.350720047,54000,54000
62b80a388778c5f4da55d708837769f53ab5f1d5,3636.30,139.30,15.189005190,54000,54000
62b80a388778c5f4da55d708837769f53ab5f1d5,3635.58,138.81,15.198189745,54000,54000
62b80a388778c5f4da55d708837769f53ab5f1d5,3634.48,138.89,15.194322925,54000,54000
62b80a388778c5f4da55d708837769f53ab5f1d5,3658.63,140.02,15.284103466,54000,54000
62b80a388778c5f4da55d708837769f53ab5f1d5,3644.09,139.36,15.226546784,55000,54000
62b80a388778c5f4da55d708837769f53ab5f1d5,3655.13,139.68,15.270403410,54000,54000
0c7f74d32c7dcae8286cf2535468bf3e6bb5f362,3646.14,139.93,15.226964347,55000,54000
0c7f74d32c7dcae8286cf2535468bf3e6bb5f362,3690.37,141.11,15.396589368,54000,55000
0c7f74d32c7dcae8286cf2535468bf3e6bb5f362,3643.37,139.70,15.225975419,55000,55000
0c7f74d32c7dcae8286cf2535468bf3e6bb5f362,3643.68,138.99,15.226525027,54000,55000
0c7f74d32c7dcae8286cf2535468bf3e6bb5f362,3665.82,140.30,15.298554990,54000,54000
0c7f74d32c7dcae8286cf2535468bf3e6bb5f362,3642.96,139.00,15.220022900,54000,54000
0c7f74d32c7dcae8286cf2535468bf3e6bb5f362,3655.37,139.81,15.268773856,55000,54000
0c7f74d32c7dcae8286cf2535468bf3e6bb5f362,3640.64,139.08,15.217896858,55000,55000
0c7f74d32c7dcae8286cf2535468bf3e6bb5f362,3636.71,139.14,15.207240914,55000,54000
0c7f74d32c7dcae8286cf2535468bf3e6bb5f362,3642.04,139.61,15.232954664,55000,54000
0c7f74d32c7dcae8286cf2535468bf3e6bb5f362,3645.20,139.51,15.234755991,54000,54000
0c7f74d32c7dcae8286cf2535468bf3e6bb5f362,3655.48,139.70,15.269636511,55000,55000
0c7f74d32c7dcae8286cf2535468bf3e6bb5f362,3642.05,138.93,15.221421733,56000,55000
0c7f74d32c7dcae8286cf2535468bf3e6bb5f362,3644.52,139.32,15.243058506,54000,54000
0c7f74d32c7dcae8286cf2535468bf3e6bb5f362,3632.67,138.80,15.182066021,54000,54000
0c7f74d32c7dcae8286cf2535468bf3e6bb5f362,3634.93,138.76,15.200678693,53000,54000
0c7f74d32c7dcae8286cf2535468bf3e6bb5f362,3646.20,139.36,15.246665165,54000,53000
0c7f74d32c7dcae8286cf2535468bf3e6bb5f362,3638.43,139.05,15.212342044,55000,54000
0c7f74d32c7dcae8286cf2535468bf3e6bb5f362,3661.43,139.83,15.301971441,54000,55000
0c7f74d32c7dcae8286cf2535468bf3e6bb5f362,3625.65,138.29,15.164618673,55000,54000
0c7f74d32c7dcae8286cf2535468bf3e6bb5f362,3649.32,139.42,15.242528122,54000,54000
0c7f74d32c7dcae8286cf2535468bf3e6bb5f362,3645.25,139.34,15.230665918,54000,54000
0c7f74d32c7dcae8286cf2535468bf3e6bb5f362,3640.32,138.66,15.200528900,54000,54000
0c7f74d32c7dcae8286cf2535468bf3e6bb5f362,3646.02,139.25,15.231544587,55000,54000
0c7f74d32c7dcae8286cf2535468bf3e6bb5f362,3653.58,139.28,15.245843550,55000,54000
0c7f74d32c7dcae8286cf2535468bf3e6bb5f362,3661.95,140.22,15.288667597,54000,54000
0c7f74d32c7dcae8286cf2535468bf3e6bb5f362,3640.49,138.86,15.221359199,54000,54000
0c7f74d32c7dcae8286cf2535468bf3e6bb5f362,3668.51,140.19,15.330785812,55000,54000
0c7f74d32c7dcae8286cf2535468bf3e6bb5f362,3643.03,138.75,15.228819915,54000,55000
0c7f74d32c7dcae8286cf2535468bf3e6bb5f362,3646.20,139.69,15.230736572,54000,54000
44cd3eb3f2324490eccf6181fcb9b6f6ccdd7228,3643.94,139.85,15.238874039,55000,54000
44cd3eb3f2324490eccf6181fcb9b6f6ccdd7228,3643.28,139.59,15.244030668,54000,54000
44cd3eb3f2324490eccf6181fcb9b6f6ccdd7228,3642.77,139.41,15.227275154,54000,54000
44cd3eb3f2324490eccf6181fcb9b6f6ccdd7228,3650.81,139.58,15.248120711,54000,55000
44cd3eb3f2324490eccf6181fcb9b6f6ccdd7228,3671.60,140.60,15.335975085,54000,54000
44cd3eb3f2324490eccf6181fcb9b6f6ccdd7228,3637.02,139.26,15.212938534,54000,55000
44cd3eb3f2324490eccf6181fcb9b6f6ccdd7228,3642.19,139.32,15.238978370,54000,54000
44cd3eb3f2324490eccf6181fcb9b6f6ccdd7228,3665.64,140.31,15.310332034,54000,55000
44cd3eb3f2324490eccf6181fcb9b6f6ccdd7228,3646.05,139.33,15.241468224,54000,54000
44cd3eb3f2324490eccf6181fcb9b6f6ccdd7228,3653.92,139.28,15.280640566,54000,54000
44cd3eb3f2324490eccf6181fcb9b6f6ccdd7228,3651.55,139.66,15.249871075,55000,55000
44cd3eb3f2324490eccf6181fcb9b6f6ccdd7228,3655.93,139.51,15.273052541,55000,54000
44cd3eb3f2324490eccf6181fcb9b6f6ccdd7228,3646.01,139.72,15.240542498,54000,54000
44cd3eb3f2324490eccf6181fcb9b6f6ccdd7228,3666.96,140.44,15.325240902,55000,54000
44cd3eb3f2324490eccf6181fcb9b6f6ccdd7228,3642.92,138.99,15.225232406,54000,54000
44cd3eb3f2324490eccf6181fcb9b6f6ccdd7228,3650.56,139.70,15.260308992,56000,55000
44cd3eb3f2324490eccf6181fcb9b6f6ccdd7228,3658.17,139.62,15.280499583,55000,54000
44cd3eb3f2324490eccf6181fcb9b6f6ccdd7228,3651.91,139.84,15.259449067,54000,54000
44cd3eb3f2324490eccf6181fcb9b6f6ccdd7228,3665.76,140.20,15.313850427,55000,54000
44cd3eb3f2324490eccf6181fcb9b6f6ccdd7228,3641.95,138.78,15.225051900,54000,55000
44cd3eb3f2324490eccf6181fcb9b6f6ccdd7228,3648.15,139.28,15.252909017,54000,54000
44cd3eb3f2324490eccf6181fcb9b6f6ccdd7228,3673.17,140.75,15.348022390,54000,54000
44cd3eb3f2324490eccf6181fcb9b6f6ccdd7228,3641.08,139.55,15.226552154,53000,54000
44cd3eb3f2324490eccf6181fcb9b6f6ccdd7228,3648.14,139.31,15.243769784,54000,54000
44cd3eb3f2324490eccf6181fcb9b6f6ccdd7228,3684.56,141.18,15.397128148,54000,54000
44cd3eb3f2324490eccf6181fcb9b6f6ccdd7228,3646.45,139.58,15.252443304,54000,54000
44cd3eb3f2324490eccf6181fcb9b6f6ccdd7228,3646.12,139.08,15.232917238,54000,54000
44cd3eb3f2324490eccf6181fcb9b6f6ccdd7228,3652.09,139.71,15.241117065,54000,54000
44cd3eb3f2324490eccf6181fcb9b6f6ccdd7228,3641.28,139.06,15.227972825,55000,54000
44cd3eb3f2324490eccf6181fcb9b6f6ccdd7228,3651.60,139.62,15.260126167,54000,55000
ee2505941ccfaa05f25d313c6ebe66babed5c2c8,3649.33,139.40,15.235965777,54000,54000
ee2505941ccfaa05f25d313c6ebe66babed5c2c8,3640.37,139.61,15.230017911,54000,54000
ee2505941ccfaa05f25d313c6ebe66babed5c2c8,3665.69,140.24,15.312090552,54000,54000
ee2505941ccfaa05f25d313c6ebe66babed5c2c8,3641.16,139.70,15.228192714,55000,55000
ee2505941ccfaa05f25d313c6ebe66babed5c2c8,3648.70,139.11,15.254232020,54000,54000
ee2505941ccfaa05f25d313c6ebe66babed5c2c8,3645.21,139.26,15.240522698,54000,54000
ee2505941ccfaa05f25d313c6ebe66babed5c2c8,3648.56,139.08,15.249152986,54000,54000
ee2505941ccfaa05f25d313c6ebe66babed5c2c8,3659.55,139.69,15.293717619,54000,54000
ee2505941ccfaa05f25d313c6ebe66babed5c2c8,3661.01,139.88,15.304746218,55000,54000
ee2505941ccfaa05f25d313c6ebe66babed5c2c8,3652.15,140.02,15.255814301,54000,54000
ee2505941ccfaa05f25d313c6ebe66babed5c2c8,3646.75,139.67,15.233116540,54000,54000
ee2505941ccfaa05f25d313c6ebe66babed5c2c8,3655.97,139.86,15.268940996,54000,55000
ee2505941ccfaa05f25d313c6ebe66babed5c2c8,3666.97,140.16,15.319513217,54000,54000
ee2505941ccfaa05f25d313c6ebe66babed5c2c8,3640.84,139.31,15.216957477,54000,54000
ee2505941ccfaa05f25d313c6ebe66babed5c2c8,3639.15,139.16,15.214614234,54000,54000
ee2505941ccfaa05f25d313c6ebe66babed5c2c8,3657.67,140.05,15.272005119,54000,54000
ee2505941ccfaa05f25d313c6ebe66babed5c2c8,3653.10,139.46,15.246600539,54000,55000
ee2505941ccfaa05f25d313c6ebe66babed5c2c8,3652.38,140.03,15.242670323,54000,54000
ee2505941ccfaa05f25d313c6ebe66babed5c2c8,3636.86,139.03,15.192643486,54000,54000
ee2505941ccfaa05f25d313c6ebe66babed5c2c8,3673.97,140.73,15.348808710,55000,55000
ee2505941ccfaa05f25d313c6ebe66babed5c2c8,3643.77,139.51,15.223812943,54000,54000
ee2505941ccfaa05f25d313c6ebe66babed5c2c8,3650.77,139.34,15.254781308,54000,54000
ee2505941ccfaa05f25d313c6ebe66babed5c2c8,3685.77,140.72,15.416762058,54000,54000
ee2505941ccfaa05f25d313c6ebe66babed5c2c8,3637.14,138.55,15.200830824,54000,54000
ee2505941ccfaa05f25d313c6ebe66babed5c2c8,3668.61,139.97,15.311316194,54000,54000
ee2505941ccfaa05f25d313c6ebe66babed5c2c8,3660.83,140.10,15.291675431,54000,54000
ee2505941ccfaa05f25d313c6ebe66babed5c2c8,3659.95,139.56,15.306818934,54000,54000
ee2505941ccfaa05f25d313c6ebe66babed5c2c8,3669.80,140.49,15.338476848,54000,54000
ee2505941ccfaa05f25d313c6ebe66babed5c2c8,3633.85,139.00,15.199725777,54000,54000
ee2505941ccfaa05f25d313c6ebe66babed5c2c8,3647.09,139.42,15.225312432,54000,54000
e5ea840f08253453f3cb9c55f7cf30d3ae025f87,3651.64,140.09,15.265255424,54000,55000
e5ea840f08253453f3cb9c55f7cf30d3ae025f87,3687.40,141.74,15.402641041,55000,54000
e5ea840f08253453f3cb9c55f7cf30d3ae025f87,3652.45,140.58,15.272676065,55000,55000
e5ea840f08253453f3cb9c55f7cf30d3ae025f87,3661.35,140.60,15.298780204,54000,54000
e5ea840f08253453f3cb9c55f7cf30d3ae025f87,3642.11,139.53,15.217707803,54000,55000
e5ea840f08253453f3cb9c55f7cf30d3ae025f87,3653.69,139.65,15.278496043,54000,54000
e5ea840f08253453f3cb9c55f7cf30d3ae025f87,3636.49,139.24,15.212305749,54000,54000
e5ea840f08253453f3cb9c55f7cf30d3ae025f87,3652.97,139.71,15.263072047,54000,55000
e5ea840f08253453f3cb9c55f7cf30d3ae025f87,3638.02,138.73,15.199470677,54000,54000
e5ea840f08253453f3cb9c55f7cf30d3ae025f87,3667.10,139.78,15.330518506,55000,55000
e5ea840f08253453f3cb9c55f7cf30d3ae025f87,3649.23,139.47,15.250695927,55000,54000
e5ea840f08253453f3cb9c55f7cf30d3ae025f87,3674.62,140.31,15.362564187,54000,54000
e5ea840f08253453f3cb9c55f7cf30d3ae025f87,3656.69,139.32,15.273512109,54000,55000
e5ea840f08253453f3cb9c55f7cf30d3ae025f87,3672.49,140.45,15.334920416,54000,54000
e5ea840f08253453f3cb9c55f7cf30d3ae025f87,3630.52,138.86,15.180183147,54000,54000
e5ea840f08253453f3cb9c55f7cf30d3ae025f87,3632.77,139.27,15.196868276,54000,54000
e5ea840f08253453f3cb9c55f7cf30d3ae025f87,3660.58,139.98,15.287683642,54000,54000
e5ea840f08253453f3cb9c55f7cf30d3ae025f87,3651.59,139.60,15.252320590,54000,54000
e5ea840f08253453f3cb9c55f7cf30d3ae025f87,3660.80,140.41,15.297026120,54000,54000
e5ea840f08253453f3cb9c55f7cf30d3ae025f87,3639.27,138.58,15.211789447,54000,54000
e5ea840f08253453f3cb9c55f7cf30d3ae025f87,3659.05,140.07,15.294650096,54000,54000
e5ea840f08253453f3cb9c55f7cf30d3ae025f87,3644.92,139.02,15.238567658,54000,55000
e5ea840f08253453f3cb9c55f7cf30d3ae025f87,3652.15,139.56,15.252257762,54000,54000
e5ea840f08253453f3cb9c55f7cf30d3ae025f87,3649.10,139.08,15.233793052,54000,54000
e5ea840f08253453f3cb9c55f7cf30d3ae025f87,3685.91,140.73,15.399927653,54000,54000
e5ea840f08253453f3cb9c55f7cf30d3ae025f87,3660.22,139.84,15.289308540,55000,54000
e5ea840f08253453f3cb9c55f7cf30d3ae025f87,3644.55,139.31,15.226561082,55000,55000
e5ea840f08253453f3cb9c55f7cf30d3ae025f87,3654.81,139.64,15.280313432,55000,54000
e5ea840f08253453f3cb9c55f7cf30d3ae025f87,3640.64,138.90,15.211071347,54000,54000
e5ea840f08253453f3cb9c55f7cf30d3ae025f87,3664.25,139.84,15.323673613,54000,54000
77f5100016b2117a7a8a633c2397476c10a84e2e,3637.38,139.28,15.214375738,54000,54000
77f5100016b2117a7a8a633c2397476c10a84e2e,3704.14,142.09,15.499455208,55000,54000
77f5100016b2117a7a8a633c2397476c10a84e2e,3658.70,140.51,15.295063459,55000,55000
77f5100016b2117a7a8a633c2397476c10a84e2e,3663.26,140.40,15.314409802,55000,55000
77f5100016b2117a7a8a633c2397476c10a84e2e,3660.84,140.63,15.309276544,54000,55000
77f5100016b2117a7a8a633c2397476c10a84e2e,3643.28,139.18,15.233846971,54000,55000
77f5100016b2117a7a8a633c2397476c10a84e2e,3636.47,139.03,15.223354684,54000,54000
77f5100016b2117a7a8a633c2397476c10a84e2e,3654.38,140.05,15.276595500,54000,54000
77f5100016b2117a7a8a633c2397476c10a84e2e,3675.91,140.68,15.379652179,55000,54000
77f5100016b2117a7a8a633c2397476c10a84e2e,3613.14,138.19,15.118970104,55000,55000
77f5100016b2117a7a8a633c2397476c10a84e2e,3651.72,139.62,15.274146757,54000,55000
77f5100016b2117a7a8a633c2397476c10a84e2e,3661.29,139.88,15.329502497,55000,55000
77f5100016b2117a7a8a633c2397476c10a84e2e,3645.62,140.54,15.264350537,54000,54000
77f5100016b2117a7a8a633c2397476c10a84e2e,3639.16,139.80,15.267582960,54000,54000
77f5100016b2117a7a8a633c2397476c10a84e2e,3655.51,141.09,15.320634329,53000,54000
77f5100016b2117a7a8a633c2397476c10a84e2e,3620.32,139.34,15.182402321,54000,54000
77f5100016b2117a7a8a633c2397476c10a84e2e,3651.36,139.64,15.317905963,54000,54000
77f5100016b2117a7a8a633c2397476c10a84e2e,3666.58,140.82,15.359003428,54000,54000
77f5100016b2117a7a8a633c2397476c10a84e2e,3652.15,140.36,15.272025143,54000,55000
77f5100016b2117a7a8a633c2397476c10a84e2e,3655.24,140.46,15.296476125,54000,54000
77f5100016b2117a7a8a633c2397476c10a84e2e,3664.47,140.72,15.346601397,54000,54000
77f5100016b2117a7a8a633c2397476c10a84e2e,3651.07,140.51,15.280949079,54000,54000
77f5100016b2117a7a8a633c2397476c10a84e2e,3657.18,140.50,15.311820352,54000,54000
77f5100016b2117a7a8a633c2397476c10a84e2e,3644.48,140.42,15.253507408,54000,54000
77f5100016b2117a7a8a633c2397476c10a84e2e,3659.51,141.12,15.321144900,54000,54000
77f5100016b2117a7a8a633c2397476c10a84e2e,3671.72,141.04,15.345882874,54000,55000
77f5100016b2117a7a8a633c2397476c10a84e2e,3637.06,139.83,15.218280860,54000,54000
77f5100016b2117a7a8a633c2397476c10a84e2e,3657.56,140.59,15.302544169,54000,54000
77f5100016b2117a7a8a633c2397476c10a84e2e,3664.04,141.25,15.348560937,54000,55000
77f5100016b2117a7a8a633c2397476c10a84e2e,3640.35,139.44,15.224082633,54000,54000
2f75e608f16e9768e23d2858838ab48e11046750,3638.69,138.94,15.233814501,54000,54000
2f75e608f16e9768e23d2858838ab48e11046750,3646.24,139.59,15.247517520,55000,55000
2f75e608f16e9768e23d2858838ab48e11046750,3688.75,141.29,15.416893047,54000,54000
2f75e608f16e9768e23d2858838ab48e11046750,3643.09,139.56,15.243499251,54000,54000
2f75e608f16e9768e23d2858838ab48e11046750,3655.15,140.23,15.275050662,54000,54000
2f75e608f16e9768e23d2858838ab48e11046750,3678.06,140.98,15.383244964,55000,54000
2f75e608f16e9768e23d2858838ab48e11046750,3674.32,140.75,15.374594128,54000,54000
2f75e608f16e9768e23d2858838ab48e11046750,3649.19,139.37,15.272569354,54000,54000
2f75e608f16e9768e23d2858838ab48e11046750,3634.77,138.81,15.188876726,55000,55000
2f75e608f16e9768e23d2858838ab48e11046750,3678.23,140.95,15.389234131,55000,55000
2f75e608f16e9768e23d2858838ab48e11046750,3657.83,140.12,15.286271696,56000,55000
2f75e608f16e9768e23d2858838ab48e11046750,3660.27,139.93,15.314089977,54000,55000
2f75e608f16e9768e23d2858838ab48e11046750,3635.62,139.34,15.248535192,54000,54000
2f75e608f16e9768e23d2858838ab48e11046750,3632.47,139.57,15.223935963,54000,54000
2f75e608f16e9768e23d2858838ab48e11046750,3651.83,140.88,15.323032304,53000,54000
2f75e608f16e9768e23d2858838ab48e11046750,3638.82,140.25,15.250789915,53000,54000
2f75e608f16e9768e23d2858838ab48e11046750,3650.41,140.47,15.286923684,54000,54000
2f75e608f16e9768e23d2858838ab48e11046750,3645.95,140.19,15.267517487,54000,53000
2f75e608f16e9768e23d2858838ab48e11046750,3674.29,141.25,15.363358728,54000,55000
2f75e608f16e9768e23d2858838ab48e11046750,3663.39,140.91,15.336980669,53000,54000
2f75e608f16e9768e23d2858838ab48e11046750,3649.62,140.67,15.267396092,54000,54000
2f75e608f16e9768e23d2858838ab48e11046750,3656.63,141.34,15.286301355,56000,54000
2f75e608f16e9768e23d2858838ab48e11046750,3639.71,139.80,15.251268523,54000,55000
2f75e608f16e9768e23d2858838ab48e11046750,3680.21,141.92,15.382274583,54000,55000
2f75e608f16e9768e23d2858838ab48e11046750,3635.90,139.93,15.213075435,54000,54000
2f75e608f16e9768e23d2858838ab48e11046750,3648.39,140.18,15.274169423,54000,54000
2f75e608f16e9768e23d2858838ab48e11046750,3637.58,139.85,15.220028422,54000,55000
2f75e608f16e9768e23d2858838ab48e11046750,3671.19,141.47,15.348725191,55000,54000
2f75e608f16e9768e23d2858838ab48e11046750,3650.71,140.67,15.286169021,54000,54000
2f75e608f16e9768e23d2858838ab48e11046750,3662.67,140.58,15.316000962,54000,54000
4aced43f54f535b08cb951119d8b6a73bec87501,3657.34,139.89,15.294151885,54000,54000
4aced43f54f535b08cb951119d8b6a73bec87501,3660.79,140.11,15.299359561,55000,55000
4aced43f54f535b08cb951119d8b6a73bec87501,3646.42,139.41,15.230735353,55000,55000
4aced43f54f535b08cb951119d8b6a73bec87501,3660.79,140.50,15.309350617,54000,55000
4aced43f54f535b08cb951119d8b6a73bec87501,3631.23,139.11,15.195354801,55000,55000
4aced43f54f535b08cb951119d8b6a73bec87501,3652.67,139.82,15.281873923,55000,56000
4aced43f54f535b08cb951119d8b6a73bec87501,3678.51,141.76,15.450346935,53000,54000
4aced43f54f535b08cb951119d8b6a73bec87501,3638.72,139.67,15.232542425,53000,54000
4aced43f54f535b08cb951119d8b6a73bec87501,3651.55,140.60,15.299049025,54000,54000
4aced43f54f535b08cb951119d8b6a73bec87501,3660.63,140.55,15.331779102,54000,54000
4aced43f54f535b08cb951119d8b6a73bec87501,3681.62,141.59,15.457066578,54000,54000
4aced43f54f535b08cb951119d8b6a73bec87501,3636.79,139.78,15.255227124,54000,54000
4aced43f54f535b08cb951119d8b6a73bec87501,3643.11,140.58,15.278500363,54000,54000
4aced43f54f535b08cb951119d8b6a73bec87501,3661.68,140.96,15.343701557,53000,54000
4aced43f54f535b08cb951119d8b6a73bec87501,3645.59,140.08,15.276316816,54000,54000
4aced43f54f535b08cb951119d8b6a73bec87501,3627.21,139.78,15.188166244,54000,54000
4aced43f54f535b08cb951119d8b6a73bec87501,3665.79,141.21,15.333039456,54000,54000
4aced43f54f535b08cb951119d8b6a73bec87501,3671.74,141.50,15.342841123,54000,54000
4aced43f54f535b08cb951119d8b6a73bec87501,3651.65,140.40,15.285438583,54000,55000
4aced43f54f535b08cb951119d8b6a73bec87501,3664.25,140.78,15.339426611,54000,54000
4aced43f54f535b08cb951119d8b6a73bec87501,3648.87,139.99,15.288881746,54000,54000
4aced43f54f535b08cb951119d8b6a73bec87501,3637.81,140.12,15.218318383,54000,54000
4aced43f54f535b08cb951119d8b6a73bec87501,3626.86,139.78,15.184979928,55000,55000
4aced43f54f535b08cb951119d8b6a73bec87501,3674.05,141.80,15.368072142,55000,54000
4aced43f54f535b08cb951119d8b6a73bec87501,3669.18,141.51,15.351480249,54000,55000
4aced43f54f535b08cb951119d8b6a73bec87501,3691.85,142.51,15.435840256,54000,54000
4aced43f54f535b08cb951119d8b6a73bec87501,3660.96,141.62,15.332468142,54000,54000
4aced43f54f535b08cb951119d8b6a73bec87501,3645.28,139.93,15.228912550,54000,54000
4aced43f54f535b08cb951119d8b6a73bec87501,3676.65,141.34,15.361786182,54000,54000
4aced43f54f535b08cb951119d8b6a73bec87501,3660.01,140.51,15.305288663,55000,54000
2cdf5a0cd8c730fc5fbc9e4b24f065f8ef411b4d,3657.77,140.20,15.302374363,54000,55000
2cdf5a0cd8c730fc5fbc9e4b24f065f8ef411b4d,3681.62,140.86,15.408073357,55000,54000
2cdf5a0cd8c730fc5fbc9e4b24f065f8ef411b4d,3654.27,139.95,15.262951478,55000,55000
2cdf5a0cd8c730fc5fbc9e4b24f065f8ef411b4d,3649.16,139.60,15.275968409,54000,55000
2cdf5a0cd8c730fc5fbc9e4b24f065f8ef411b4d,3642.56,140.07,15.237226464,54000,54000
2cdf5a0cd8c730fc5fbc9e4b24f065f8ef411b4d,3644.65,139.80,15.240175373,54000,55000
2cdf5a0cd8c730fc5fbc9e4b24f065f8ef411b4d,3648.02,139.85,15.260112448,55000,54000
2cdf5a0cd8c730fc5fbc9e4b24f065f8ef411b4d,3676.85,140.96,15.366181640,54000,54000
2cdf5a0cd8c730fc5fbc9e4b24f065f8ef411b4d,3663.63,140.12,15.327515692,55000,55000
2cdf5a0cd8c730fc5fbc9e4b24f065f8ef411b4d,3636.29,139.20,15.211019929,55000,55000
2cdf5a0cd8c730fc5fbc9e4b24f065f8ef411b4d,3642.38,139.73,15.228287223,55000,55000
2cdf5a0cd8c730fc5fbc9e4b24f065f8ef411b4d,3675.05,140.51,15.361261404,55000,55000
2cdf5a0cd8c730fc5fbc9e4b24f065f8ef411b4d,3639.41,139.69,15.248544958,54000,54000
2cdf5a0cd8c730fc5fbc9e4b24f065f8ef411b4d,3649.52,140.78,15.280153482,54000,55000
2cdf5a0cd8c730fc5fbc9e4b24f065f8ef411b4d,3655.04,140.17,15.313346013,54000,54000
2cdf5a0cd8c730fc5fbc9e4b24f065f8ef411b4d,3671.70,141.25,15.381039849,54000,54000
2cdf5a0cd8c730fc5fbc9e4b24f065f8ef411b4d,3653.55,140.45,15.306580829,54000,54000
2cdf5a0cd8c730fc5fbc9e4b24f065f8ef411b4d,3660.75,140.24,15.353643525,54000,54000
2cdf5a0cd8c730fc5fbc9e4b24f065f8ef411b4d,3659.81,140.87,15.319220225,55000,56000
2cdf5a0cd8c730fc5fbc9e4b24f065f8ef411b4d,3681.89,141.87,15.391860798,54000,54000
2cdf5a0cd8c730fc5fbc9e4b24f065f8ef411b4d,3669.71,141.54,15.369245938,54000,54000
2cdf5a0cd8c730fc5fbc9e4b24f065f8ef411b4d,3652.03,139.81,15.259347489,54000,54000
2cdf5a0cd8c730fc5fbc9e4b24f065f8ef411b4d,3668.36,141.16,15.336470400,54000,54000
2cdf5a0cd8c730fc5fbc9e4b24f065f8ef411b4d,3645.36,140.13,15.252989772,54000,54000
2cdf5a0cd8c730fc5fbc9e4b24f065f8ef411b4d,3656.85,140.45,15.292158238,54000,53000
2cdf5a0cd8c730fc5fbc9e4b24f065f8ef411b4d,3649.19,139.76,15.275830606,54000,54000
2cdf5a0cd8c730fc5fbc9e4b24f065f8ef411b4d,3669.07,140.55,15.351055550,54000,54000
2cdf5a0cd8c730fc5fbc9e4b24f065f8ef411b4d,3668.76,140.84,15.340171532,54000,54000
2cdf5a0cd8c730fc5fbc9e4b24f065f8ef411b4d,3635.92,139.67,15.210379066,54000,54000
2cdf5a0cd8c730fc5fbc9e4b24f065f8ef411b4d,3669.28,140.65,15.350827567,54000,54000
a53da42ac5c6572e4ff6aa081d3184d6b73c5ca3,3650.35,139.72,15.263386634,54000,54000
a53da42ac5c6572e4ff6aa081d3184d6b73c5ca3,3657.38,140.36,15.297304291,54000,55000
a53da42ac5c6572e4ff6aa081d3184d6b73c5ca3,3643.06,139.51,15.241891347,55000,55000
a53da42ac5c6572e4ff6aa081d3184d6b73c5ca3,3669.19,140.75,15.339159895,54000,54000
a53da42ac5c6572e4ff6aa081d3184d6b73c5ca3,3649.96,139.59,15.276278510,54000,55000
a53da42ac5c6572e4ff6aa081d3184d6b73c5ca3,3654.75,139.78,15.282156949,55000,55000
a53da42ac5c6572e4ff6aa081d3184d6b73c5ca3,3674.86,140.96,15.371347802,55000,54000
a53da42ac5c6572e4ff6aa081d3184d6b73c5ca3,3673.15,140.93,15.365039290,54000,54000
a53da42ac5c6572e4ff6aa081d3184d6b73c5ca3,3658.55,140.06,15.318011547,54000,54000
a53da42ac5c6572e4ff6aa081d3184d6b73c5ca3,3618.38,139.36,15.177541974,54000,54000
a53da42ac5c6572e4ff6aa081d3184d6b73c5ca3,3642.07,139.55,15.245931858,54000,54000
a53da42ac5c6572e4ff6aa081d3184d6b73c5ca3,3638.30,139.61,15.242668802,54000,54000
a53da42ac5c6572e4ff6aa081d3184d6b73c5ca3,3665.59,140.62,15.350315495,54000,54000
a53da42ac5c6572e4ff6aa081d3184d6b73c5ca3,3649.84,140.24,15.287334231,54000,54000
a53da42ac5c6572e4ff6aa081d3184d6b73c5ca3,3660.64,141.14,15.328914825,54000,54000
a53da42ac5c6572e4ff6aa081d3184d6b73c5ca3,3627.43,139.18,15.198656619,54000,54000
a53da42ac5c6572e4ff6aa081d3184d6b73c5ca3,3635.26,139.98,15.244679333,54000,54000
a53da42ac5c6572e4ff6aa081d3184d6b73c5ca3,3643.65,140.29,15.263833702,55000,54000
a53da42ac5c6572e4ff6aa081d3184d6b73c5ca3,3651.97,140.82,15.303704382,54000,54000
a53da42ac5c6572e4ff6aa081d3184d6b73c5ca3,3673.34,141.78,15.369327563,55000,54000
a53da42ac5c6572e4ff6aa081d3184d6b73c5ca3,3651.61,140.19,15.296580698,54000,54000
a53da42ac5c6572e4ff6aa081d3184d6b73c5ca3,3656.26,140.95,15.343835177,54000,54000
a53da42ac5c6572e4ff6aa081d3184d6b73c5ca3,3678.59,142.00,15.407929221,54000,54000
a53da42ac5c6572e4ff6aa081d3184d6b73c5ca3,3636.63,139.98,15.221843922,54000,54000
a53da42ac5c6572e4ff6aa081d3184d6b73c5ca3,3654.86,141.06,15.304658656,54000,54000
a53da42ac5c6572e4ff6aa081d3184d6b73c5ca3,3644.18,140.01,15.262335762,53000,54000
a53da42ac5c6572e4ff6aa081d3184d6b73c5ca3,3641.53,140.17,15.252058546,54000,55000
a53da42ac5c6572e4ff6aa081d3184d6b73c5ca3,3658.24,140.93,15.344421833,54000,54000
a53da42ac5c6572e4ff6aa081d3184d6b73c5ca3,3681.87,141.64,15.401425464,54000,54000
a53da42ac5c6572e4ff6aa081d3184d6b73c5ca3,3671.74,140.74,15.363407946,54000,54000
f46c7c19185afbe23e4e0a0cc2636a4b04ef7409,3643.37,139.94,15.232868151,54000,55000
f46c7c19185afbe23e4e0a0cc2636a4b04ef7409,3659.52,140.76,15.292995935,55000,55000
f46c7c19185afbe23e4e0a0cc2636a4b04ef7409,3654.79,140.35,15.262358459,54000,54000
f46c7c19185afbe23e4e0a0cc2636a4b04ef7409,3639.44,139.60,15.218329397,54000,54000
f46c7c19185afbe23e4e0a0cc2636a4b04ef7409,3661.55,140.39,15.303141945,54000,55000
f46c7c19185afbe23e4e0a0cc2636a4b04ef7409,3675.86,140.88,15.364415699,55000,55000
f46c7c19185afbe23e4e0a0cc2636a4b04ef7409,3666.61,140.54,15.322732557,54000,56000
f46c7c19185afbe23e4e0a0cc2636a4b04ef7409,3660.03,140.32,15.286065790,55000,55000
f46c7c19185afbe23e4e0a0cc2636a4b04ef7409,3671.25,140.32,15.365643463,54000,54000
f46c7c19185afbe23e4e0a0cc2636a4b04ef7409,3674.10,140.32,15.368922082,54000,54000
f46c7c19185afbe23e4e0a0cc2636a4b04ef7409,3662.79,139.97,15.330354258,55000,56000
f46c7c19185afbe23e4e0a0cc2636a4b04ef7409,3645.16,139.85,15.278853528,54000,54000
f46c7c19185afbe23e4e0a0cc2636a4b04ef7409,3642.00,139.93,15.275462315,54000,54000
f46c7c19185afbe23e4e0a0cc2636a4b04ef7409,3656.23,141.07,15.312309203,54000,54000
f46c7c19185afbe23e4e0a0cc2636a4b04ef7409,3643.62,140.34,15.270006405,54000,54000
f46c7c19185afbe23e4e0a0cc2636a4b04ef7409,3660.58,140.56,15.335776376,54000,54000
f46c7c19185afbe23e4e0a0cc2636a4b04ef7409,3654.23,141.10,15.298200635,54000,55000
f46c7c19185afbe23e4e0a0cc2636a4b04ef7409,3622.72,139.47,15.176545596,54000,54000
f46c7c19185afbe23e4e0a0cc2636a4b04ef7409,3655.58,139.87,15.324734664,54000,54000
f46c7c19185afbe23e4e0a0cc2636a4b04ef7409,3628.98,139.80,15.219351683,54000,54000
f46c7c19185afbe23e4e0a0cc2636a4b04ef7409,3660.51,140.95,15.342559277,54000,53000
f46c7c19185afbe23e4e0a0cc2636a4b04ef7409,3662.26,140.36,15.343965135,54000,54000
f46c7c19185afbe23e4e0a0cc2636a4b04ef7409,3644.56,140.73,15.251587718,54000,54000
f46c7c19185afbe23e4e0a0cc2636a4b04ef7409,3644.50,140.26,15.260637529,54000,54000
f46c7c19185afbe23e4e0a0cc2636a4b04ef7409,3655.93,140.78,15.304001542,54000,55000
f46c7c19185afbe23e4e0a0cc2636a4b04ef7409,3644.16,140.21,15.250255373,55000,54000
f46c7c19185afbe23e4e0a0cc2636a4b04ef7409,3666.09,140.79,15.326645363,54000,54000
f46c7c19185afbe23e4e0a0cc2636a4b04ef7409,3637.12,139.41,15.210565637,54000,54000
f46c7c19185afbe23e4e0a0cc2636a4b04ef7409,3633.23,139.44,15.188255516,54000,54000
f46c7c19185afbe23e4e0a0cc2636a4b04ef7409,3669.66,141.06,15.352614840,54000,54000
6556b5cca52b7345b9268ee310e8c3f2445b5e9b,3681.56,141.17,15.384251034,54000,54000
6556b5cca52b7345b9268ee310e8c3f2445b5e9b,3666.94,140.32,15.342024953,54000,54000
6556b5cca52b7345b9268ee310e8c3f2445b5e9b,3663.72,140.41,15.322287817,56000,54000
6556b5cca52b7345b9268ee310e8c3f2445b5e9b,3666.71,140.63,15.320122335,54000,54000
6556b5cca52b7345b9268ee310e8c3f2445b5e9b,3670.21,140.59,15.340383853,54000,54000
6556b5cca52b7345b9268ee310e8c3f2445b5e9b,3672.44,140.90,15.358176031,55000,54000
6556b5cca52b7345b9268ee310e8c3f2445b5e9b,3665.20,140.37,15.327162942,54000,54000
6556b5cca52b7345b9268ee310e8c3f2445b5e9b,3646.48,139.35,15.234243777,54000,54000
6556b5cca52b7345b9268ee310e8c3f2445b5e9b,3669.01,140.86,15.341321733,55000,54000
6556b5cca52b7345b9268ee310e8c3f2445b5e9b,3684.61,141.35,15.399935972,54000,55000
6556b5cca52b7345b9268ee310e8c3f2445b5e9b,3698.58,141.92,15.457336632,55000,54000
6556b5cca52b7345b9268ee310e8c3f2445b5e9b,3686.53,140.62,15.395739045,54000,55000
6556b5cca52b7345b9268ee310e8c3f2445b5e9b,3655.56,140.25,15.308338255,54000,54000
6556b5cca52b7345b9268ee310e8c3f2445b5e9b,3643.52,140.14,15.254382845,54000,54000
6556b5cca52b7345b9268ee310e8c3f2445b5e9b,3673.43,141.62,15.394256255,54000,53000
6556b5cca52b7345b9268ee310e8c3f2445b5e9b,3652.03,140.34,15.316772279,53000,53000
6556b5cca52b7345b9268ee310e8c3f2445b5e9b,3660.42,140.96,15.333638181,53000,54000
6556b5cca52b7345b9268ee310e8c3f2445b5e9b,3660.30,140.57,15.334935687,54000,54000
6556b5cca52b7345b9268ee310e8c3f2445b5e9b,3688.03,141.75,15.448625596,54000,54000
6556b5cca52b7345b9268ee310e8c3f2445b5e9b,3668.11,140.97,15.360698207,54000,53000
6556b5cca52b7345b9268ee310e8c3f2445b5e9b,3666.80,141.02,15.372023418,53000,54000
6556b5cca52b7345b9268ee310e8c3f2445b5e9b,3662.90,140.82,15.342000432,54000,54000
6556b5cca52b7345b9268ee310e8c3f2445b5e9b,3650.79,140.40,15.295667893,54000,53000
6556b5cca52b7345b9268ee310e8c3f2445b5e9b,3664.44,140.91,15.333249497,54000,54000
6556b5cca52b7345b9268ee310e8c3f2445b5e9b,3682.29,142.38,15.409208670,54000,54000
6556b5cca52b7345b9268ee310e8c3f2445b5e9b,3650.97,140.33,15.306816874,54000,55000
6556b5cca52b7345b9268ee310e8c3f2445b5e9b,3666.27,141.09,15.335362742,54000,54000
6556b5cca52b7345b9268ee310e8c3f2445b5e9b,3685.90,142.03,15.439249005,54000,54000
6556b5cca52b7345b9268ee310e8c3f2445b5e9b,3676.58,141.81,15.371222246,55000,55000
6556b5cca52b7345b9268ee310e8c3f2445b5e9b,3686.57,141.52,15.417107571,54000,54000
87c578b45b9e3cdb5255eeb32a2d989ac8e45f09,3674.50,140.44,15.380524601,54000,54000
87c578b45b9e3cdb5255eeb32a2d989ac8e45f09,3678.58,140.96,15.379892371,54000,54000
87c578b45b9e3cdb5255eeb32a2d989ac8e45f09,3664.03,140.62,15.318481530,55000,55000
87c578b45b9e3cdb5255eeb32a2d989ac8e45f09,3692.35,141.32,15.427754679,55000,54000
87c578b45b9e3cdb5255eeb32a2d989ac8e45f09,3681.54,141.18,15.387090331,55000,54000
87c578b45b9e3cdb5255eeb32a2d989ac8e45f09,3668.60,140.90,15.334173778,54000,55000
87c578b45b9e3cdb5255eeb32a2d989ac8e45f09,3650.78,139.19,15.274230554,54000,54000
87c578b45b9e3cdb5255eeb32a2d989ac8e45f09,3662.21,139.94,15.304418311,55000,55000
87c578b45b9e3cdb5255eeb32a2d989ac8e45f09,3658.39,140.30,15.282770984,54000,55000
87c578b45b9e3cdb5255eeb32a2d989ac8e45f09,3654.23,140.25,15.292214460,54000,54000
87c578b45b9e3cdb5255eeb32a2d989ac8e45f09,3696.23,141.71,15.492738839,54000,54000
87c578b45b9e3cdb5255eeb32a2d989ac8e45f09,3674.74,141.00,15.406077116,53000,53000
87c578b45b9e3cdb5255eeb32a2d989ac8e45f09,3679.72,140.84,15.419911512,54000,54000
87c578b45b9e3cdb5255eeb32a2d989ac8e45f09,3673.12,141.41,15.392140753,52000,54000
87c578b45b9e3cdb5255eeb32a2d989ac8e45f09,3661.21,140.69,15.327371204,54000,54000
87c578b45b9e3cdb5255eeb32a2d989ac8e45f09,3649.22,140.05,15.298554841,54000,54000
87c578b45b9e3cdb5255eeb32a2d989ac8e45f09,3658.28,140.62,15.324465116,54000,54000
87c578b45b9e3cdb5255eeb32a2d989ac8e45f09,3698.21,142.66,15.473216145,54000,54000
87c578b45b9e3cdb5255eeb32a2d989ac8e45f09,3668.50,140.78,15.371427571,54000,54000
87c578b45b9e3cdb5255eeb32a2d989ac8e45f09,3668.11,140.92,15.354106407,54000,55000
87c578b45b9e3cdb5255eeb32a2d989ac8e45f09,3711.95,143.26,15.535147804,54000,54000
87c578b45b9e3cdb5255eeb32a2d989ac8e45f09,3677.65,141.66,15.406032307,54000,55000
87c578b45b9e3cdb5255eeb32a2d989ac8e45f09,3667.38,140.87,15.352471798,54000,54000
87c578b45b9e3cdb5255eeb32a2d989ac8e45f09,3670.42,141.17,15.341294031,54000,54000
87c578b45b9e3cdb5255eeb32a2d989ac8e45f09,3669.52,141.53,15.356162667,54000,54000
87c578b45b9e3cdb5255eeb32a2d989ac8e45f09,3664.78,141.52,15.321505482,54000,54000
87c578b45b9e3cdb5255eeb32a2d989ac8e45f09,3653.95,140.76,15.329069221,54000,54000
87c578b45b9e3cdb5255eeb32a2d989ac8e45f09,3668.24,140.88,15.357318577,54000,54000
87c578b45b9e3cdb5255eeb32a2d989ac8e45f09,3693.62,142.08,15.471322382,54000,54000
87c578b45b9e3cdb5255eeb32a2d989ac8e45f09,3674.56,141.25,15.384030862,54000,54000
d7620436d9c14a91836631adc241d775f442ec94,3672.88,140.73,15.354759208,54000,54000
d7620436d9c14a91836631adc241d775f442ec94,3665.76,140.59,15.325658525,54000,55000
d7620436d9c14a91836631adc241d775f442ec94,3680.31,141.29,15.374133108,55000,55000
d7620436d9c14a91836631adc241d775f442ec94,3681.45,141.53,15.390556845,55000,56000
d7620436d9c14a91836631adc241d775f442ec94,3645.36,139.22,15.240119371,56000,55000
d7620436d9c14a91836631adc241d775f442ec94,3660.36,140.84,15.301918954,54000,54000
d7620436d9c14a91836631adc241d775f442ec94,3666.15,140.80,15.333025881,55000,55000
d7620436d9c14a91836631adc241d775f442ec94,3666.85,140.63,15.346683338,55000,54000
d7620436d9c14a91836631adc241d775f442ec94,3668.83,140.76,15.331477218,54000,54000
d7620436d9c14a91836631adc241d775f442ec94,3688.12,141.11,15.439523107,54000,54000
d7620436d9c14a91836631adc241d775f442ec94,3700.88,141.62,15.475777750,54000,54000
d7620436d9c14a91836631adc241d775f442ec94,3652.17,139.54,15.271424186,54000,55000
d7620436d9c14a91836631adc241d775f442ec94,3674.73,140.66,15.354497207,55000,54000
d7620436d9c14a91836631adc241d775f442ec94,3669.59,140.21,15.334571164,54000,54000
d7620436d9c14a91836631adc241d775f442ec94,3680.99,140.93,15.383771149,55000,54000
d7620436d9c14a91836631adc241d775f442ec94,3647.28,139.85,15.269281732,54000,54000
d7620436d9c14a91836631adc241d775f442ec94,3675.63,141.24,15.395606056,55000,54000
d7620436d9c14a91836631adc241d775f442ec94,3642.77,140.35,15.276710548,54000,54000
d7620436d9c14a91836631adc241d775f442ec94,3653.99,140.67,15.298365884,55000,54000
d7620436d9c14a91836631adc241d775f442ec94,3652.70,140.34,15.303802413,54000,54000
d7620436d9c14a91836631adc241d775f442ec94,3653.63,139.94,15.292737840,54000,54000
d7620436d9c14a91836631adc241d775f442ec94,3685.90,141.59,15.407740718,54000,54000
d7620436d9c14a91836631adc241d775f442ec94,3670.26,141.11,15.377325782,54000,54000
d7620436d9c14a91836631adc241d775f442ec94,3663.67,140.62,15.356226921,54000,54000
d7620436d9c14a91836631adc241d775f442ec94,3671.39,141.79,15.342553275,54000,54000
d7620436d9c14a91836631adc241d775f442ec94,3649.74,140.43,15.279547934,54000,54000
d7620436d9c14a91836631adc241d775f442ec94,3657.94,140.39,15.313003054,55000,54000
d7620436d9c14a91836631adc241d775f442ec94,3672.11,141.68,15.361189813,54000,55000
d7620436d9c14a91836631adc241d775f442ec94,3679.51,141.23,15.384580162,54000,54000
d7620436d9c14a91836631adc241d775f442ec94,3677.92,141.01,15.374181141,54000,54000
f4b78c1223ece13c1f80e894753dbb34686986ba,3659.93,140.17,15.316845752,54000,54000
f4b78c1223ece13c1f80e894753dbb34686986ba,3681.22,141.44,15.386104308,54000,54000
f4b78c1223ece13c1f80e894753dbb34686986ba,3682.55,141.13,15.400360020,56000,54000
f4b78c1223ece13c1f80e894753dbb34686986ba,3702.43,141.76,15.514533908,53000,54000
f4b78c1223ece13c1f80e894753dbb34686986ba,3691.86,141.53,15.440674330,55000,54000
f4b78c1223ece13c1f80e894753dbb34686986ba,3674.38,140.74,15.356521873,55000,55000
f4b78c1223ece13c1f80e894753dbb34686986ba,3655.21,140.11,15.285118166,54000,54000
f4b78c1223ece13c1f80e894753dbb34686986ba,3722.59,142.33,15.549505543,55000,55000
f4b78c1223ece13c1f80e894753dbb34686986ba,3670.11,140.77,15.349300207,54000,55000
f4b78c1223ece13c1f80e894753dbb34686986ba,3676.72,141.24,15.400843227,54000,54000
f4b78c1223ece13c1f80e894753dbb34686986ba,3654.22,140.28,15.309215861,53000,54000
f4b78c1223ece13c1f80e894753dbb34686986ba,3690.97,141.85,15.448524122,54000,54000
f4b78c1223ece13c1f80e894753dbb34686986ba,3651.29,139.89,15.304597816,54000,54000
f4b78c1223ece13c1f80e894753dbb34686986ba,3661.88,140.94,15.348458519,54000,53000
f4b78c1223ece13c1f80e894753dbb34686986ba,3685.85,141.82,15.437187152,54000,54000
f4b78c1223ece13c1f80e894753dbb34686986ba,3656.16,140.70,15.319740359,54000,54000
f4b78c1223ece13c1f80e894753dbb34686986ba,3665.52,140.90,15.351360166,54000,54000
f4b78c1223ece13c1f80e894753dbb34686986ba,3669.67,140.79,15.378494620,54000,54000
f4b78c1223ece13c1f80e894753dbb34686986ba,3663.47,140.66,15.345248398,55000,54000
f4b78c1223ece13c1f80e894753dbb34686986ba,3671.19,141.37,15.377438249,54000,54000
f4b78c1223ece13c1f80e894753dbb34686986ba,3683.45,141.84,15.421005288,54000,54000
f4b78c1223ece13c1f80e894753dbb34686986ba,3684.52,142.09,15.400260046,55000,55000
f4b78c1223ece13c1f80e894753dbb34686986ba,3647.56,140.93,15.263718809,54000,54000
f4b78c1223ece13c1f80e894753dbb34686986ba,3638.81,140.58,15.244109208,55000,54000
f4b78c1223ece13c1f80e894753dbb34686986ba,3666.29,141.11,15.340997246,54000,54000
f4b78c1223ece13c1f80e894753dbb34686986ba,3664.96,141.30,15.339531934,54000,54000
f4b78c1223ece13c1f80e894753dbb34686986ba,3684.57,141.44,15.412485447,54000,54000
f4b78c1223ece13c1f80e894753dbb34686986ba,3656.14,140.29,15.287383333,54000,54000
f4b78c1223ece13c1f80e894753dbb34686986ba,3686.06,141.28,15.397799921,54000,54000
f4b78c1223ece13c1f80e894753dbb34686986ba,3674.35,140.86,15.381553570,54000,54000
ead4737b70aa6a4d59916106fb1b5a8878e27513,3695.82,141.99,15.426680825,55000,54000
ead4737b70aa6a4d59916106fb1b5a8878e27513,3665.54,140.50,15.320759767,56000,55000
ead4737b70aa6a4d59916106fb1b5a8878e27513,3666.80,140.75,15.324906759,54000,56000
ead4737b70aa6a4d59916106fb1b5a8878e27513,3701.71,141.69,15.473849658,55000,54000
ead4737b70aa6a4d59916106fb1b5a8878e27513,3681.07,141.50,15.389035319,54000,54000
ead4737b70aa6a4d59916106fb1b5a8878e27513,3657.27,140.19,15.287670912,54000,55000
ead4737b70aa6a4d59916106fb1b5a8878e27513,3696.97,141.67,15.453279225,54000,54000
ead4737b70aa6a4d59916106fb1b5a8878e27513,3654.36,139.43,15.267417410,55000,55000
ead4737b70aa6a4d59916106fb1b5a8878e27513,3659.51,140.41,15.312450062,55000,55000
ead4737b70aa6a4d59916106fb1b5a8878e27513,3692.98,141.38,15.439284101,55000,55000
ead4737b70aa6a4d59916106fb1b5a8878e27513,3712.31,142.32,15.515168197,55000,55000
ead4737b70aa6a4d59916106fb1b5a8878e27513,3674.49,140.52,15.366113614,54000,56000
ead4737b70aa6a4d59916106fb1b5a8878e27513,3665.32,140.62,15.350492138,54000,53000
ead4737b70aa6a4d59916106fb1b5a8878e27513,3673.23,140.85,15.371605136,54000,54000
ead4737b70aa6a4d59916106fb1b5a8878e27513,3662.31,140.42,15.335252552,53000,54000
ead4737b70aa6a4d59916106fb1b5a8878e27513,3654.57,140.61,15.312270149,53000,54000
ead4737b70aa6a4d59916106fb1b5a8878e27513,3662.75,140.81,15.364113578,54000,53000
ead4737b70aa6a4d59916106fb1b5a8878e27513,3675.66,141.39,15.409154420,54000,53000
ead4737b70aa6a4d59916106fb1b5a8878e27513,3660.37,140.98,15.325425231,54000,54000
ead4737b70aa6a4d59916106fb1b5a8878e27513,3680.82,141.96,15.402126131,54000,54000
ead4737b70aa6a4d59916106fb1b5a8878e27513,3677.68,141.50,15.405047627,54000,54000
ead4737b70aa6a4d59916106fb1b5a8878e27513,3662.15,141.31,15.331318218,54000,54000
ead4737b70aa6a4d59916106fb1b5a8878e27513,3677.66,140.92,15.392289403,54000,54000
ead4737b70aa6a4d59916106fb1b5a8878e27513,3661.77,140.82,15.320599581,55000,54000
ead4737b70aa6a4d59916106fb1b5a8878e27513,3661.97,141.67,15.336482856,54000,54000
ead4737b70aa6a4d59916106fb1b5a8878e27513,3694.78,142.17,15.450973881,54000,54000
ead4737b70aa6a4d59916106fb1b5a8878e27513,3670.71,141.75,15.361183030,54000,53000
ead4737b70aa6a4d59916106fb1b5a8878e27513,3680.51,141.62,15.399151558,55000,54000
ead4737b70aa6a4d59916106fb1b5a8878e27513,3693.26,141.81,15.434258880,54000,54000
ead4737b70aa6a4d59916106fb1b5a8878e27513,3695.99,141.84,15.452027631,54000,54000
3ce516e601aadfbdb4ac958f225bfae3089e464d,3690.99,141.29,15.424966534,56000,55000
3ce516e601aadfbdb4ac958f225bfae3089e464d,3667.27,140.53,15.325323881,54000,54000
3ce516e601aadfbdb4ac958f225bfae3089e464d,3675.83,141.41,15.354438251,55000,54000
3ce516e601aadfbdb4ac958f225bfae3089e464d,3668.93,140.55,15.351455033,54000,54000
3ce516e601aadfbdb4ac958f225bfae3089e464d,3650.65,139.65,15.256981265,54000,55000
3ce516e601aadfbdb4ac958f225bfae3089e464d,3677.40,140.51,15.392588763,54000,54000
3ce516e601aadfbdb4ac958f225bfae3089e464d,3665.32,140.20,15.311533778,54000,55000
3ce516e601aadfbdb4ac958f225bfae3089e464d,3656.99,139.71,15.294826330,55000,56000
3ce516e601aadfbdb4ac958f225bfae3089e464d,3660.00,140.14,15.307707014,55000,55000
3ce516e601aadfbdb4ac958f225bfae3089e464d,3679.95,141.10,15.398310238,55000,54000
3ce516e601aadfbdb4ac958f225bfae3089e464d,3659.89,141.04,15.300422989,54000,54000
3ce516e601aadfbdb4ac958f225bfae3089e464d,3655.75,140.63,15.312893619,54000,54000
3ce516e601aadfbdb4ac958f225bfae3089e464d,3675.74,141.73,15.398933287,54000,54000
3ce516e601aadfbdb4ac958f225bfae3089e464d,3665.43,140.93,15.343360505,54000,53000
3ce516e601aadfbdb4ac958f225bfae3089e464d,3662.01,140.73,15.331735973,54000,54000
3ce516e601aadfbdb4ac958f225bfae3089e464d,3720.51,142.91,15.577073505,53000,54000
3ce516e601aadfbdb4ac958f225bfae3089e464d,3673.20,140.92,15.374688503,54000,54000
3ce516e601aadfbdb4ac958f225bfae3089e464d,3639.01,139.75,15.262053056,54000,54000
3ce516e601aadfbdb4ac958f225bfae3089e464d,3654.93,140.57,15.300958683,54000,53000
3ce516e601aadfbdb4ac958f225bfae3089e464d,3667.87,141.08,15.364307071,54000,54000
3ce516e601aadfbdb4ac958f225bfae3089e464d,3683.18,141.98,15.401610876,54000,54000
3ce516e601aadfbdb4ac958f225bfae3089e464d,3664.41,140.74,15.332141561,54000,54000
3ce516e601aadfbdb4ac958f225bfae3089e464d,3662.50,141.58,15.333724102,54000,55000
3ce516e601aadfbdb4ac958f225bfae3089e464d,3683.47,141.73,15.397571831,54000,54000
3ce516e601aadfbdb4ac958f225bfae3089e464d,3660.28,140.83,15.308061807,54000,54000
3ce516e601aadfbdb4ac958f225bfae3089e464d,3674.43,141.12,15.363868147,54000,54000
3ce516e601aadfbdb4ac958f225bfae3089e464d,3665.27,140.70,15.317063983,54000,54000
3ce516e601aadfbdb4ac958f225bfae3089e464d,3708.67,142.29,15.500958735,54000,54000
3ce516e601aadfbdb4ac958f225bfae3089e464d,3692.42,141.61,15.430285653,54000,55000
3ce516e601aadfbdb4ac958f225bfae3089e464d,3677.91,141.06,15.395074233,54000,54000
6d84d68985a3694a418bc46040fcd0f08123bb06,3666.31,140.78,15.327705728,54000,54000
6d84d68985a3694a418bc46040fcd0f08123bb06,3682.81,141.28,15.394719238,55000,55000
6d84d68985a3694a418bc46040fcd0f08123bb06,3650.63,139.76,15.260909489,54000,56000
6d84d68985a3694a418bc46040fcd0f08123bb06,3705.53,142.29,15.472418628,55000,55000
6d84d68985a3694a418bc46040fcd0f08123bb06,3665.13,140.64,15.344037524,55000,55000
6d84d68985a3694a418bc46040fcd0f08123bb06,3669.67,140.80,15.334909803,54000,53000
6d84d68985a3694a418bc46040fcd0f08123bb06,3697.20,142.02,15.458121820,54000,54000
6d84d68985a3694a418bc46040fcd0f08123bb06,3666.99,140.29,15.335256223,54000,54000
6d84d68985a3694a418bc46040fcd0f08123bb06,3676.43,140.45,15.387143974,54000,54000
6d84d68985a3694a418bc46040fcd0f08123bb06,3740.15,143.20,15.640975258,55000,55000
6d84d68985a3694a418bc46040fcd0f08123bb06,3678.56,140.87,15.369782649,54000,55000
6d84d68985a3694a418bc46040fcd0f08123bb06,3700.06,141.73,15.472482222,56000,55000
6d84d68985a3694a418bc46040fcd0f08123bb06,3682.80,141.22,15.437364094,54000,54000
6d84d68985a3694a418bc46040fcd0f08123bb06,3681.27,141.93,15.427906850,54000,54000
6d84d68985a3694a418bc46040fcd0f08123bb06,3666.65,141.35,15.350348289,53000,53000
6d84d68985a3694a418bc46040fcd0f08123bb06,3680.58,141.48,15.426411562,54000,54000
6d84d68985a3694a418bc46040fcd0f08123bb06,3653.96,140.80,15.292633958,53000,54000
6d84d68985a3694a418bc46040fcd0f08123bb06,3681.26,140.90,15.387696085,54000,55000
6d84d68985a3694a418bc46040fcd0f08123bb06,3685.05,140.59,15.414800275,54000,54000
6d84d68985a3694a418bc46040fcd0f08123bb06,3663.72,140.67,15.355027963,54000,55000
6d84d68985a3694a418bc46040fcd0f08123bb06,3680.41,141.54,15.413418448,54000,54000
6d84d68985a3694a418bc46040fcd0f08123bb06,3677.75,141.94,15.390912673,54000,54000
6d84d68985a3694a418bc46040fcd0f08123bb06,3660.36,140.78,15.326562864,54000,54000
6d84d68985a3694a418bc46040fcd0f08123bb06,3689.34,142.13,15.431930941,55000,54000
6d84d68985a3694a418bc46040fcd0f08123bb06,3671.58,141.59,15.387602518,55000,54000
6d84d68985a3694a418bc46040fcd0f08123bb06,3669.87,141.02,15.352595265,54000,54000
6d84d68985a3694a418bc46040fcd0f08123bb06,3678.78,141.47,15.378047971,54000,54000
6d84d68985a3694a418bc46040fcd0f08123bb06,3672.99,141.16,15.357721785,54000,54000
6d84d68985a3694a418bc46040fcd0f08123bb06,3663.15,140.60,15.315170238,54000,54000
6d84d68985a3694a418bc46040fcd0f08123bb06,3663.19,140.30,15.320002325,54000,54000
fbf8bdbd83bc1b09e3988dca700b7215e87a7bfe,3677.43,141.30,15.362472993,54000,55000
fbf8bdbd83bc1b09e3988dca700b7215e87a7bfe,3680.67,141.40,15.375780387,55000,55000
fbf8bdbd83bc1b09e3988dca700b7215e87a7bfe,3684.95,141.52,15.391234792,56000,54000
fbf8bdbd83bc1b09e3988dca700b7215e87a7bfe,3686.75,141.58,15.418005314,54000,54000
fbf8bdbd83bc1b09e3988dca700b7215e87a7bfe,3681.87,141.21,15.396308777,55000,55000
fbf8bdbd83bc1b09e3988dca700b7215e87a7bfe,3673.24,141.16,15.353689569,54000,54000
fbf8bdbd83bc1b09e3988dca700b7215e87a7bfe,3705.21,141.65,15.508464146,55000,54000
fbf8bdbd83bc1b09e3988dca700b7215e87a7bfe,3675.61,140.75,15.358417411,55000,56000
fbf8bdbd83bc1b09e3988dca700b7215e87a7bfe,3684.19,140.98,15.417158093,54000,54000
fbf8bdbd83bc1b09e3988dca700b7215e87a7bfe,3664.37,140.69,15.370648715,54000,53000
fbf8bdbd83bc1b09e3988dca700b7215e87a7bfe,3677.23,141.58,15.418653644,54000,54000
fbf8bdbd83bc1b09e3988dca700b7215e87a7bfe,3650.94,140.02,15.289284150,54000,54000
fbf8bdbd83bc1b09e3988dca700b7215e87a7bfe,3656.44,140.42,15.318402548,54000,54000
fbf8bdbd83bc1b09e3988dca700b7215e87a7bfe,3654.17,140.11,15.305093567,54000,54000
fbf8bdbd83bc1b09e3988dca700b7215e87a7bfe,3683.90,141.29,15.414278742,54000,54000
fbf8bdbd83bc1b09e3988dca700b7215e87a7bfe,3643.65,139.87,15.272410968,54000,54000
fbf8bdbd83bc1b09e3988dca700b7215e87a7bfe,3662.15,140.73,15.328212451,54000,54000
fbf8bdbd83bc1b09e3988dca700b7215e87a7bfe,3660.44,140.79,15.357618246,53000,54000
fbf8bdbd83bc1b09e3988dca700b7215e87a7bfe,3657.67,140.85,15.313399742,54000,54000
fbf8bdbd83bc1b09e3988dca700b7215e87a7bfe,3679.79,141.78,15.391187937,54000,54000
fbf8bdbd83bc1b09e3988dca700b7215e87a7bfe,3647.14,140.53,15.265509701,54000,54000
fbf8bdbd83bc1b09e3988dca700b7215e87a7bfe,3686.40,142.08,15.431285300,54000,54000
fbf8bdbd83bc1b09e3988dca700b7215e87a7bfe,3669.78,140.95,15.369256845,54000,55000
fbf8bdbd83bc1b09e3988dca700b7215e87a7bfe,3675.98,141.58,15.380568749,55000,55000
fbf8bdbd83bc1b09e3988dca700b7215e87a7bfe,3673.67,141.30,15.360407462,54000,55000
fbf8bdbd83bc1b09e3988dca700b7215e87a7bfe,3672.04,141.34,15.374811348,54000,55000
fbf8bdbd83bc1b09e3988dca700b7215e87a7bfe,3651.39,140.77,15.313158153,54000,54000
fbf8bdbd83bc1b09e3988dca700b7215e87a7bfe,3676.58,141.63,15.374116016,54000,54000
fbf8bdbd83bc1b09e3988dca700b7215e87a7bfe,3680.97,141.34,15.396027068,54000,54000
fbf8bdbd83bc1b09e3988dca700b7215e87a7bfe,3684.64,140.96,15.411759206,54000,54000
3a82eb4cc3bf941755af4e7f4b0bf78790049e4f,3672.76,140.44,15.365014143,54000,54000
3a82eb4cc3bf941755af4e7f4b0bf78790049e4f,3688.50,141.30,15.410757413,54000,55000
3a82eb4cc3bf941755af4e7f4b0bf78790049e4f,3675.36,141.12,15.367722241,55000,55000
3a82eb4cc3bf941755af4e7f4b0bf78790049e4f,3675.58,140.64,15.362373934,54000,54000
3a82eb4cc3bf941755af4e7f4b0bf78790049e4f,3673.85,141.10,15.358665491,54000,54000
3a82eb4cc3bf941755af4e7f4b0bf78790049e4f,3689.21,141.53,15.409608747,55000,54000
3a82eb4cc3bf941755af4e7f4b0bf78790049e4f,3676.75,140.74,15.386689265,56000,55000
3a82eb4cc3bf941755af4e7f4b0bf78790049e4f,3682.34,140.98,15.387115960,55000,54000
3a82eb4cc3bf941755af4e7f4b0bf78790049e4f,3664.93,139.99,15.340045842,55000,54000
3a82eb4cc3bf941755af4e7f4b0bf78790049e4f,3678.24,141.24,15.381558243,54000,54000
3a82eb4cc3bf941755af4e7f4b0bf78790049e4f,3654.51,139.71,15.275704887,55000,55000
3a82eb4cc3bf941755af4e7f4b0bf78790049e4f,3666.51,140.75,15.369671667,53000,54000
3a82eb4cc3bf941755af4e7f4b0bf78790049e4f,3654.47,140.33,15.326340467,54000,53000
3a82eb4cc3bf941755af4e7f4b0bf78790049e4f,3672.98,141.16,15.383470447,54000,53000
3a82eb4cc3bf941755af4e7f4b0bf78790049e4f,3670.37,141.35,15.391818845,54000,54000
3a82eb4cc3bf941755af4e7f4b0bf78790049e4f,3669.52,140.80,15.370977822,54000,54000
3a82eb4cc3bf941755af4e7f4b0bf78790049e4f,3705.68,142.64,15.523251020,54000,54000
3a82eb4cc3bf941755af4e7f4b0bf78790049e4f,3636.47,139.57,15.243886766,54000,54000
3a82eb4cc3bf941755af4e7f4b0bf78790049e4f,3663.85,140.87,15.346682182,54000,54000
3a82eb4cc3bf941755af4e7f4b0bf78790049e4f,3688.18,141.50,15.452414977,54000,54000
3a82eb4cc3bf941755af4e7f4b0bf78790049e4f,3674.18,141.98,15.391409880,54000,54000
3a82eb4cc3bf941755af4e7f4b0bf78790049e4f,3684.31,141.37,15.430778669,54000,54000
3a82eb4cc3bf941755af4e7f4b0bf78790049e4f,3676.23,141.99,15.380014433,54000,54000
3a82eb4cc3bf941755af4e7f4b0bf78790049e4f,3664.51,141.61,15.351296742,54000,54000
3a82eb4cc3bf941755af4e7f4b0bf78790049e4f,3705.49,142.54,15.522800705,54000,55000
3a82eb4cc3bf941755af4e7f4b0bf78790049e4f,3669.60,141.49,15.383589865,54000,54000
3a82eb4cc3bf941755af4e7f4b0bf78790049e4f,3673.14,141.48,15.368010687,54000,54000
3a82eb4cc3bf941755af4e7f4b0bf78790049e4f,3680.66,141.50,15.388711228,54000,54000
3a82eb4cc3bf941755af4e7f4b0bf78790049e4f,3687.73,142.07,15.417179956,54000,54000
3a82eb4cc3bf941755af4e7f4b0bf78790049e4f,3677.20,141.06,15.367653912,54000,54000
063f6d5798207fd3bc6e3f87144bc78efee7c5eb,3657.92,140.32,15.302453747,55000,54000
063f6d5798207fd3bc6e3f87144bc78efee7c5eb,3674.35,140.77,15.365014976,55000,54000
063f6d5798207fd3bc6e3f87144bc78efee7c5eb,3676.53,140.50,15.392062090,54000,55000
063f6d5798207fd3bc6e3f87144bc78efee7c5eb,3679.62,141.38,15.397079167,55000,55000
063f6d5798207fd3bc6e3f87144bc78efee7c5eb,3664.31,140.72,15.314675042,54000,55000
063f6d5798207fd3bc6e3f87144bc78efee7c5eb,3673.09,140.69,15.374785547,54000,54000
063f6d5798207fd3bc6e3f87144bc78efee7c5eb,3667.35,140.81,15.346688530,55000,54000
063f6d5798207fd3bc6e3f87144bc78efee7c5eb,3662.57,140.45,15.314295919,54000,55000
063f6d5798207fd3bc6e3f87144bc78efee7c5eb,3688.91,141.37,15.429229025,54000,54000
063f6d5798207fd3bc6e3f87144bc78efee7c5eb,3686.42,141.36,15.406508643,54000,54000
063f6d5798207fd3bc6e3f87144bc78efee7c5eb,3672.11,139.83,15.360423539,55000,54000
063f6d5798207fd3bc6e3f87144bc78efee7c5eb,3659.59,140.29,15.308409423,55000,54000
063f6d5798207fd3bc6e3f87144bc78efee7c5eb,3656.55,140.73,15.290538704,54000,54000
063f6d5798207fd3bc6e3f87144bc78efee7c5eb,3676.31,140.51,15.398150106,55000,55000
063f6d5798207fd3bc6e3f87144bc78efee7c5eb,3662.95,139.92,15.317055144,55000,55000
063f6d5798207fd3bc6e3f87144bc78efee7c5eb,3688.21,142.22,15.448077296,54000,54000
063f6d5798207fd3bc6e3f87144bc78efee7c5eb,3635.90,140.23,15.251174604,54000,53000
063f6d5798207fd3bc6e3f87144bc78efee7c5eb,3672.52,141.06,15.397212283,54000,54000
063f6d5798207fd3bc6e3f87144bc78efee7c5eb,3665.81,140.94,15.379377158,54000,53000
063f6d5798207fd3bc6e3f87144bc78efee7c5eb,3665.28,141.22,15.368161669,54000,54000
063f6d5798207fd3bc6e3f87144bc78efee7c5eb,3666.78,140.78,15.360435525,54000,54000
063f6d5798207fd3bc6e3f87144bc78efee7c5eb,3659.40,140.49,15.318305040,54000,54000
063f6d5798207fd3bc6e3f87144bc78efee7c5eb,3669.57,141.32,15.375175263,54000,54000
063f6d5798207fd3bc6e3f87144bc78efee7c5eb,3658.85,140.87,15.319251943,54000,55000
063f6d5798207fd3bc6e3f87144bc78efee7c5eb,3682.95,141.71,15.393127113,54000,54000
063f6d5798207fd3bc6e3f87144bc78efee7c5eb,3657.63,141.03,15.342271375,54000,54000
063f6d5798207fd3bc6e3f87144bc78efee7c5eb,3698.41,142.29,15.478426558,54000,54000
063f6d5798207fd3bc6e3f87144bc78efee7c5eb,3675.23,140.92,15.363435750,54000,54000
063f6d5798207fd3bc6e3f87144bc78efee7c5eb,3671.07,140.55,15.370948225,54000,54000
063f6d5798207fd3bc6e3f87144bc78efee7c5eb,3660.05,139.96,15.314903769,54000,54000
de562791ab3c5e39676f16cdeae72dc6070890d5,3659.40,140.62,15.302478114,54000,55000
de562791ab3c5e39676f16cdeae72dc6070890d5,3661.33,140.65,15.311563833,55000,55000
de562791ab3c5e39676f16cdeae72dc6070890d5,3661.23,140.21,15.310367110,55000,55000
de562791ab3c5e39676f16cdeae72dc6070890d5,3668.79,140.94,15.325240771,55000,55000
de562791ab3c5e39676f16cdeae72dc6070890d5,3680.19,140.80,15.383057456,54000,54000
de562791ab3c5e39676f16cdeae72dc6070890d5,3647.41,139.70,15.258889701,55000,55000
de562791ab3c5e39676f16cdeae72dc6070890d5,3687.18,140.82,15.432724179,55000,55000
de562791ab3c5e39676f16cdeae72dc6070890d5,3680.08,141.10,15.375834537,55000,54000
de562791ab3c5e39676f16cdeae72dc6070890d5,3630.81,139.23,15.230160015,54000,54000
de562791ab3c5e39676f16cdeae72dc6070890d5,3655.16,140.51,15.333953666,53000,54000
de562791ab3c5e39676f16cdeae72dc6070890d5,3688.03,141.79,15.434950299,54000,54000
de562791ab3c5e39676f16cdeae72dc6070890d5,3671.36,141.38,15.364043770,54000,54000
de562791ab3c5e39676f16cdeae72dc6070890d5,3658.57,141.01,15.324741806,54000,54000
de562791ab3c5e39676f16cdeae72dc6070890d5,3682.41,141.74,15.414104241,54000,54000
de562791ab3c5e39676f16cdeae72dc6070890d5,3663.20,140.58,15.337418464,54000,54000
de562791ab3c5e39676f16cdeae72dc6070890d5,3663.36,141.26,15.350321438,54000,54000
de562791ab3c5e39676f16cdeae72dc6070890d5,3676.98,141.64,15.398060818,54000,54000
de562791ab3c5e39676f16cdeae72dc6070890d5,3659.65,140.67,15.315938484,54000,54000
de562791ab3c5e39676f16cdeae72dc6070890d5,3657.50,140.48,15.309569478,54000,54000
de562791ab3c5e39676f16cdeae72dc6070890d5,3697.92,142.13,15.482216858,55000,54000
de562791ab3c5e39676f16cdeae72dc6070890d5,3690.64,142.19,15.476615603,54000,54000
de562791ab3c5e39676f16cdeae72dc6070890d5,3695.01,142.71,15.463369874,54000,55000
de562791ab3c5e39676f16cdeae72dc6070890d5,3676.43,141.84,15.375036653,55000,54000
de562791ab3c5e39676f16cdeae72dc6070890d5,3667.99,141.68,15.351234504,54000,55000
de562791ab3c5e39676f16cdeae72dc6070890d5,3672.81,141.25,15.347704261,54000,54000
de562791ab3c5e39676f16cdeae72dc6070890d5,3666.79,141.00,15.340646944,54000,54000
de562791ab3c5e39676f16cdeae72dc6070890d5,3675.11,140.89,15.392887081,54000,54000
de562791ab3c5e39676f16cdeae72dc6070890d5,3663.86,141.01,15.326444950,54000,54000
de562791ab3c5e39676f16cdeae72dc6070890d5,3662.09,140.53,15.302227368,55000,54000
de562791ab3c5e39676f16cdeae72dc6070890d5,3654.89,140.10,15.290496136,54000,55000
49d1168440c0fab846f78ac57191520f71d8f633,3689.03,141.63,15.449720805,54000,54000
49d1168440c0fab846f78ac57191520f71d8f633,3658.18,140.03,15.302224447,54000,54000
49d1168440c0fab846f78ac57191520f71d8f633,3677.00,141.00,15.368024147,55000,55000
49d1168440c0fab846f78ac57191520f71d8f633,3688.33,141.21,15.413770797,55000,54000
49d1168440c0fab846f78ac57191520f71d8f633,3661.20,140.52,15.297752811,54000,56000
49d1168440c0fab846f78ac57191520f71d8f633,3677.03,141.17,15.378161746,55000,55000
49d1168440c0fab846f78ac57191520f71d8f633,3671.19,140.70,15.348458125,56000,54000
49d1168440c0fab846f78ac57191520f71d8f633,3688.29,141.43,15.416231426,54000,54000
49d1168440c0fab846f78ac57191520f71d8f633,3666.44,140.54,15.316342516,55000,55000
49d1168440c0fab846f78ac57191520f71d8f633,3669.04,140.09,15.349288676,55000,55000
49d1168440c0fab846f78ac57191520f71d8f633,3663.77,140.76,15.346882072,54000,54000
49d1168440c0fab846f78ac57191520f71d8f633,3656.93,140.38,15.324595653,54000,54000
49d1168440c0fab846f78ac57191520f71d8f633,3650.59,140.46,15.290778232,54000,53000
49d1168440c0fab846f78ac57191520f71d8f633,3650.18,140.43,15.310992672,54000,54000
49d1168440c0fab846f78ac57191520f71d8f633,3666.84,140.51,15.390833492,54000,53000
49d1168440c0fab846f78ac57191520f71d8f633,3700.36,142.18,15.500490664,54000,54000
49d1168440c0fab846f78ac57191520f71d8f633,3666.22,140.96,15.349668994,53000,54000
49d1168440c0fab846f78ac57191520f71d8f633,3649.49,140.48,15.295076570,54000,54000
49d1168440c0fab846f78ac57191520f71d8f633,3652.54,140.47,15.302299864,53000,53000
49d1168440c0fab846f78ac57191520f71d8f633,3666.63,141.29,15.342985259,54000,54000
49d1168440c0fab846f78ac57191520f71d8f633,3647.65,140.32,15.290340064,55000,54000
49d1168440c0fab846f78ac57191520f71d8f633,3674.90,141.10,15.383489390,54000,54000
49d1168440c0fab846f78ac57191520f71d8f633,3653.58,140.27,15.286009771,54000,54000
49d1168440c0fab846f78ac57191520f71d8f633,3663.08,140.53,15.342956729,54000,54000
49d1168440c0fab846f78ac57191520f71d8f633,3661.58,140.39,15.333164447,54000,54000
49d1168440c0fab846f78ac57191520f71d8f633,3664.53,141.43,15.339643000,55000,54000
49d1168440c0fab846f78ac57191520f71d8f633,3650.60,140.92,15.281458563,54000,54000
49d1168440c0fab846f78ac57191520f71d8f633,3660.48,141.12,15.315977708,55000,54000
49d1168440c0fab846f78ac57191520f71d8f633,3680.77,141.20,15.392252200,54000,54000
49d1168440c0fab846f78ac57191520f71d8f633,3671.07,141.23,15.344606974,54000,54000
6012175da981bba159c86910458b786c8fabaa86,3675.98,141.26,15.380949763,55000,54000
6012175da981bba159c86910458b786c8fabaa86,3642.99,139.43,15.247278121,54000,55000
6012175da981bba159c86910458b786c8fabaa86,3667.62,140.72,15.338567816,54000,54000
6012175da981bba159c86910458b786c8fabaa86,3664.92,140.83,15.310171063,56000,55000
6012175da981bba159c86910458b786c8fabaa86,3678.34,141.08,15.372140237,54000,55000
6012175da981bba159c86910458b786c8fabaa86,3675.65,141.11,15.365306483,54000,54000
6012175da981bba159c86910458b786c8fabaa86,3680.13,140.89,15.411505661,55000,55000
6012175da981bba159c86910458b786c8fabaa86,3686.80,140.88,15.426298796,55000,54000
6012175da981bba159c86910458b786c8fabaa86,3691.04,141.04,15.437796495,54000,54000
6012175da981bba159c86910458b786c8fabaa86,3648.82,140.74,15.287304252,54000,54000
6012175da981bba159c86910458b786c8fabaa86,3665.37,140.78,15.345173361,54000,54000
6012175da981bba159c86910458b786c8fabaa86,3662.54,140.92,15.357209283,54000,54000
6012175da981bba159c86910458b786c8fabaa86,3659.82,140.64,15.320381834,54000,54000
6012175da981bba159c86910458b786c8fabaa86,3659.63,140.88,15.351707010,53000,53000
6012175da981bba159c86910458b786c8fabaa86,3674.76,141.56,15.401895826,54000,54000
6012175da981bba159c86910458b786c8fabaa86,3667.59,141.26,15.370203283,54000,54000
6012175da981bba159c86910458b786c8fabaa86,3656.52,140.34,15.320558060,54000,54000
6012175da981bba159c86910458b786c8fabaa86,3685.58,141.77,15.451993556,54000,54000
6012175da981bba159c86910458b786c8fabaa86,3663.51,140.86,15.337467823,54000,54000
6012175da981bba159c86910458b786c8fabaa86,3672.29,141.55,15.368727390,54000,54000
6012175da981bba159c86910458b786c8fabaa86,3689.33,141.90,15.431964917,54000,54000
6012175da981bba159c86910458b786c8fabaa86,3685.54,141.47,15.438136551,54000,53000
6012175da981bba159c86910458b786c8fabaa86,3665.57,141.06,15.366501342,54000,54000
6012175da981bba159c86910458b786c8fabaa86,3661.81,141.01,15.327493391,54000,54000
6012175da981bba159c86910458b786c8fabaa86,3643.18,140.39,15.250807255,54000,55000
6012175da981bba159c86910458b786c8fabaa86,3673.57,141.58,15.379671059,55000,55000
6012175da981bba159c86910458b786c8fabaa86,3663.72,141.14,15.330011250,54000,54000
6012175da981bba159c86910458b786c8fabaa86,3658.14,140.76,15.314564429,54000,54000
6012175da981bba159c86910458b786c8fabaa86,3688.85,141.98,15.427650120,54000,54000
6012175da981bba159c86910458b786c8fabaa86,3670.84,140.77,15.353576734,54000,54000
5bcbdc820d13da5b66092c3504dab5638220888a,3674.04,140.90,15.367906287,54000,54000
5bcbdc820d13da5b66092c3504dab5638220888a,3655.15,139.86,15.279881830,54000,54000
5bcbdc820d13da5b66092c3504dab5638220888a,3665.86,140.28,15.315451238,54000,55000
5bcbdc820d13da5b66092c3504dab5638220888a,3726.03,142.84,15.582939243,55000,54000
5bcbdc820d13da5b66092c3504dab5638220888a,3659.76,140.16,15.303613408,55000,55000
5bcbdc820d13da5b66092c3504dab5638220888a,3668.12,141.04,15.335430994,55000,56000
5bcbdc820d13da5b66092c3504dab5638220888a,3708.67,142.52,15.503466254,54000,54000
5bcbdc820d13da5b66092c3504dab5638220888a,3654.18,139.88,15.275976690,55000,55000
5bcbdc820d13da5b66092c3504dab5638220888a,3693.89,141.49,15.455777387,54000,54000
5bcbdc820d13da5b66092c3504dab5638220888a,3672.92,141.22,15.370097754,54000,55000
5bcbdc820d13da5b66092c3504dab5638220888a,3649.29,140.10,15.257626986,54000,55000
5bcbdc820d13da5b66092c3504dab5638220888a,3657.34,140.19,15.297455640,54000,54000
5bcbdc820d13da5b66092c3504dab5638220888a,3681.77,140.47,15.399858582,55000,54000
5bcbdc820d13da5b66092c3504dab5638220888a,3657.75,139.96,15.296659180,54000,54000
5bcbdc820d13da5b66092c3504dab5638220888a,3648.73,139.59,15.251880612,56000,55000
5bcbdc820d13da5b66092c3504dab5638220888a,3669.55,141.28,15.383140772,54000,54000
5bcbdc820d13da5b66092c3504dab5638220888a,3657.14,140.45,15.323000967,53000,54000
5bcbdc820d13da5b66092c3504dab5638220888a,3652.51,140.54,15.292658503,54000,54000
5bcbdc820d13da5b66092c3504dab5638220888a,3662.91,140.87,15.359241259,54000,53000
5bcbdc820d13da5b66092c3504dab5638220888a,3692.31,142.07,15.466590640,54000,54000
5bcbdc820d13da5b66092c3504dab5638220888a,3644.38,140.76,15.274445431,54000,54000
5bcbdc820d13da5b66092c3504dab5638220888a,3654.56,140.76,15.294897083,54000,54000
5bcbdc820d13da5b66092c3504dab5638220888a,3670.38,141.00,15.370430663,54000,54000
5bcbdc820d13da5b66092c3504dab5638220888a,3657.63,140.55,15.324201297,54000,54000
5bcbdc820d13da5b66092c3504dab5638220888a,3649.18,140.66,15.293257687,54000,54000
5bcbdc820d13da5b66092c3504dab5638220888a,3668.42,141.30,15.363838201,54000,54000
5bcbdc820d13da5b66092c3504dab5638220888a,3658.90,140.96,15.314795547,54000,54000
5bcbdc820d13da5b66092c3504dab5638220888a,3702.69,142.28,15.492765883,54000,54000
5bcbdc820d13da5b66092c3504dab5638220888a,3659.21,140.25,15.321169585,54000,54000
5bcbdc820d13da5b66092c3504dab5638220888a,3682.38,141.74,15.397678083,54000,54000
a92671de6a5132535713982717aeb63a73527ad7,3653.80,140.17,15.302052427,54000,55000
a92671de6a5132535713982717aeb63a73527ad7,3663.46,140.35,15.323765747,54000,54000
a92671de6a5132535713982717aeb63a73527ad7,3641.78,139.63,15.224375417,54000,55000
a92671de6a5132535713982717aeb63a73527ad7,3662.55,140.21,15.302862032,55000,55000
a92671de6a5132535713982717aeb63a73527ad7,3678.45,140.89,15.382463598,55000,54000
a92671de6a5132535713982717aeb63a73527ad7,3675.03,140.93,15.363954918,54000,54000
a92671de6a5132535713982717aeb63a73527ad7,3672.99,140.60,15.356541624,55000,54000
a92671de6a5132535713982717aeb63a73527ad7,3670.40,141.15,15.365412924,55000,54000
a92671de6a5132535713982717aeb63a73527ad7,3659.58,140.96,15.328159500,54000,53000
a92671de6a5132535713982717aeb63a73527ad7,3661.54,140.92,15.330579683,53000,53000
a92671de6a5132535713982717aeb63a73527ad7,3662.70,140.82,15.350946900,54000,54000
a92671de6a5132535713982717aeb63a73527ad7,3657.09,140.60,15.314410646,54000,53000
a92671de6a5132535713982717aeb63a73527ad7,3663.37,140.44,15.352240074,54000,54000
a92671de6a5132535713982717aeb63a73527ad7,3679.16,141.35,15.431091917,54000,54000
a92671de6a5132535713982717aeb63a73527ad7,3661.57,141.05,15.349816923,54000,54000
a92671de6a5132535713982717aeb63a73527ad7,3673.70,140.93,15.399508997,54000,54000
a92671de6a5132535713982717aeb63a73527ad7,3647.69,139.94,15.270587744,54000,54000
a92671de6a5132535713982717aeb63a73527ad7,3655.12,140.89,15.308903529,54000,54000
a92671de6a5132535713982717aeb63a73527ad7,3641.87,140.14,15.275546234,53000,54000
a92671de6a5132535713982717aeb63a73527ad7,3658.65,141.05,15.318315855,54000,54000
a92671de6a5132535713982717aeb63a73527ad7,3651.72,140.29,15.292559199,54000,54000
a92671de6a5132535713982717aeb63a73527ad7,3653.72,140.57,15.279550982,54000,54000
a92671de6a5132535713982717aeb63a73527ad7,3669.70,140.73,15.381174350,54000,55000
a92671de6a5132535713982717aeb63a73527ad7,3672.46,141.27,15.375015836,54000,54000
a92671de6a5132535713982717aeb63a73527ad7,3641.65,139.61,15.251652371,54000,54000
a92671de6a5132535713982717aeb63a73527ad7,3647.86,140.28,15.287211640,54000,54000
a92671de6a5132535713982717aeb63a73527ad7,3657.09,141.09,15.313442305,54000,55000
a92671de6a5132535713982717aeb63a73527ad7,3677.65,141.49,15.377451848,54000,54000
a92671de6a5132535713982717aeb63a73527ad7,3678.19,141.32,15.376677594,54000,54000
a92671de6a5132535713982717aeb63a73527ad7,3666.75,140.43,15.354386785,54000,54000
b1277511aa9ddc43857595c54b71669a87fbc33b,3667.19,140.37,15.338431807,53000,53000
b1277511aa9ddc43857595c54b71669a87fbc33b,3663.19,140.85,15.312826983,55000,55000
b1277511aa9ddc43857595c54b71669a87fbc33b,3653.55,140.47,15.276861603,54000,55000
b1277511aa9ddc43857595c54b71669a87fbc33b,3640.29,139.64,15.230799631,54000,55000
b1277511aa9ddc43857595c54b71669a87fbc33b,3650.62,140.12,15.268225383,54000,54000
b1277511aa9ddc43857595c54b71669a87fbc33b,3701.06,142.11,15.468279959,54000,54000
b1277511aa9ddc43857595c54b71669a87fbc33b,3667.33,140.28,15.341340161,54000,54000
b1277511aa9ddc43857595c54b71669a87fbc33b,3665.17,140.32,15.324102256,55000,55000
b1277511aa9ddc43857595c54b71669a87fbc33b,3668.79,140.94,15.342719415,54000,55000
b1277511aa9ddc43857595c54b71669a87fbc33b,3678.88,141.33,15.414259109,54000,54000
b1277511aa9ddc43857595c54b71669a87fbc33b,3650.66,140.03,15.294181189,53000,53000
b1277511aa9ddc43857595c54b71669a87fbc33b,3669.75,140.46,15.375823909,54000,54000
b1277511aa9ddc43857595c54b71669a87fbc33b,3682.13,141.53,15.427253820,54000,54000
b1277511aa9ddc43857595c54b71669a87fbc33b,3638.47,140.13,15.249991562,54000,54000
b1277511aa9ddc43857595c54b71669a87fbc33b,3650.96,140.05,15.298935594,54000,54000
b1277511aa9ddc43857595c54b71669a87fbc33b,3651.61,140.19,15.307928480,54000,54000
b1277511aa9ddc43857595c54b71669a87fbc33b,3643.43,140.41,15.262195945,54000,54000
b1277511aa9ddc43857595c54b71669a87fbc33b,3671.37,141.62,15.376586804,54000,54000
b1277511aa9ddc43857595c54b71669a87fbc33b,3646.41,140.07,15.269996223,55000,54000
b1277511aa9ddc43857595c54b71669a87fbc33b,3655.87,140.31,15.320008824,54000,54000
b1277511aa9ddc43857595c54b71669a87fbc33b,3658.93,141.06,15.329481554,54000,53000
b1277511aa9ddc43857595c54b71669a87fbc33b,3716.18,143.40,15.544012747,54000,54000
b1277511aa9ddc43857595c54b71669a87fbc33b,3660.12,141.03,15.321384324,54000,55000
b1277511aa9ddc43857595c54b71669a87fbc33b,3655.40,141.12,15.287839264,54000,54000
b1277511aa9ddc43857595c54b71669a87fbc33b,3703.11,142.79,15.496913142,55000,55000
b1277511aa9ddc43857595c54b71669a87fbc33b,3654.41,140.49,15.294980162,54000,55000
b1277511aa9ddc43857595c54b71669a87fbc33b,3670.08,141.40,15.378497204,54000,54000
b1277511aa9ddc43857595c54b71669a87fbc33b,3677.04,141.73,15.362392476,54000,54000
b1277511aa9ddc43857595c54b71669a87fbc33b,3660.66,140.34,15.309676997,54000,54000
b1277511aa9ddc43857595c54b71669a87fbc33b,3663.18,140.64,15.320043940,55000,55000
584ca5a4699aaaebd71fca0390726cfe4a9441a2,3789.68,145.54,15.851880875,56000,55000
584ca5a4699aaaebd71fca0390726cfe4a9441a2,3781.63,144.96,15.810454661,55000,54000
584ca5a4699aaaebd71fca0390726cfe4a9441a2,3806.85,146.38,15.912599821,54000,54000
584ca5a4699aaaebd71fca0390726cfe4a9441a2,3799.80,145.71,15.899531817,54000,54000
584ca5a4699aaaebd71fca0390726cfe4a9441a2,3786.38,145.36,15.842072763,53000,55000
584ca5a4699aaaebd71fca0390726cfe4a9441a2,3786.24,145.34,15.835569586,55000,54000
584ca5a4699aaaebd71fca0390726cfe4a9441a2,3778.75,144.89,15.791238251,55000,55000
584ca5a4699aaaebd71fca0390726cfe4a9441a2,3794.84,145.67,15.869014701,56000,56000
584ca5a4699aaaebd71fca0390726cfe4a9441a2,3800.73,145.61,15.904292947,55000,55000
584ca5a4699aaaebd71fca0390726cfe4a9441a2,3793.05,145.91,15.880948782,54000,54000
584ca5a4699aaaebd71fca0390726cfe4a9441a2,3778.92,145.73,15.835258865,54000,54000
584ca5a4699aaaebd71fca0390726cfe4a9441a2,3784.88,144.99,15.868688417,54000,55000
584ca5a4699aaaebd71fca0390726cfe4a9441a2,3779.60,145.25,15.874434237,54000,53000
584ca5a4699aaaebd71fca0390726cfe4a9441a2,3758.35,144.28,15.775294142,54000,54000
584ca5a4699aaaebd71fca0390726cfe4a9441a2,3783.25,145.44,15.857311385,54000,54000
584ca5a4699aaaebd71fca0390726cfe4a9441a2,3770.68,145.05,15.798890122,54000,54000
584ca5a4699aaaebd71fca0390726cfe4a9441a2,3756.85,144.89,15.760448366,53000,54000
584ca5a4699aaaebd71fca0390726cfe4a9441a2,3772.49,144.72,15.824047644,54000,54000
584ca5a4699aaaebd71fca0390726cfe4a9441a2,3769.07,144.98,15.797641266,54000,54000
584ca5a4699aaaebd71fca0390726cfe4a9441a2,3777.11,145.43,15.835708288,55000,54000
584ca5a4699aaaebd71fca0390726cfe4a9441a2,3820.08,147.14,16.003230454,54000,54000
584ca5a4699aaaebd71fca0390726cfe4a9441a2,3787.43,145.78,15.877493142,54000,54000
584ca5a4699aaaebd71fca0390726cfe4a9441a2,3775.26,145.20,15.798334138,54000,54000
584ca5a4699aaaebd71fca0390726cfe4a9441a2,3805.08,146.72,15.930253521,54000,54000
584ca5a4699aaaebd71fca0390726cfe4a9441a2,3791.56,146.57,15.881941221,55000,54000
584ca5a4699aaaebd71fca0390726cfe4a9441a2,3792.43,146.47,15.865662414,55000,55000
584ca5a4699aaaebd71fca0390726cfe4a9441a2,3782.11,146.18,15.834808780,54000,55000
584ca5a4699aaaebd71fca0390726cfe4a9441a2,3781.33,145.86,15.832726877,54000,54000
584ca5a4699aaaebd71fca0390726cfe4a9441a2,3761.16,144.35,15.744796705,54000,54000
584ca5a4699aaaebd71fca0390726cfe4a9441a2,3783.49,145.62,15.818890587,54000,54000
dc0292ba0f7d30146f90eb7ae3c342b9d4cb57e2,3806.90,145.75,15.924701138,54000,54000
dc0292ba0f7d30146f90eb7ae3c342b9d4cb57e2,3830.70,147.33,16.004652797,55000,54000
dc0292ba0f7d30146f90eb7ae3c342b9d4cb57e2,3807.92,146.04,15.937960662,55000,54000
dc0292ba0f7d30146f90eb7ae3c342b9d4cb57e2,3801.10,145.99,15.889777129,55000,55000
dc0292ba0f7d30146f90eb7ae3c342b9d4cb57e2,3787.71,145.07,15.850567538,54000,54000
dc0292ba0f7d30146f90eb7ae3c342b9d4cb57e2,3784.44,145.46,15.833341560,54000,54000
dc0292ba0f7d30146f90eb7ae3c342b9d4cb57e2,3768.94,144.41,15.772335381,54000,55000
dc0292ba0f7d30146f90eb7ae3c342b9d4cb57e2,3794.32,145.82,15.860710336,55000,54000
dc0292ba0f7d30146f90eb7ae3c342b9d4cb57e2,3781.78,145.09,15.843789114,54000,54000
dc0292ba0f7d30146f90eb7ae3c342b9d4cb57e2,3794.69,145.43,15.911061932,53000,54000
dc0292ba0f7d30146f90eb7ae3c342b9d4cb57e2,3799.54,146.09,15.956586603,54000,54000
dc0292ba0f7d30146f90eb7ae3c342b9d4cb57e2,3779.30,145.26,15.823829152,54000,53000
dc0292ba0f7d30146f90eb7ae3c342b9d4cb57e2,3773.63,145.29,15.824263417,54000,54000
dc0292ba0f7d30146f90eb7ae3c342b9d4cb57e2,3778.10,145.58,15.824319976,54000,54000
dc0292ba0f7d30146f90eb7ae3c342b9d4cb57e2,3801.77,146.34,15.921750230,54000,54000
dc0292ba0f7d30146f90eb7ae3c342b9d4cb57e2,3810.53,146.96,15.991568258,54000,54000
dc0292ba0f7d30146f90eb7ae3c342b9d4cb57e2,3795.70,146.07,15.886811195,54000,55000
dc0292ba0f7d30146f90eb7ae3c342b9d4cb57e2,3775.85,144.63,15.813889279,54000,54000
dc0292ba0f7d30146f90eb7ae3c342b9d4cb57e2,3789.25,145.41,15.843542286,54000,54000
dc0292ba0f7d30146f90eb7ae3c342b9d4cb57e2,3789.28,145.65,15.870474025,54000,55000
dc0292ba0f7d30146f90eb7ae3c342b9d4cb57e2,3773.13,144.93,15.808562948,54000,54000
dc0292ba0f7d30146f90eb7ae3c342b9d4cb57e2,3761.58,145.23,15.768209448,54000,54000
dc0292ba0f7d30146f90eb7ae3c342b9d4cb57e2,3770.63,145.08,15.799171287,54000,54000
dc0292ba0f7d30146f90eb7ae3c342b9d4cb57e2,3794.15,145.84,15.902176281,54000,54000
dc0292ba0f7d30146f90eb7ae3c342b9d4cb57e2,3800.96,146.57,15.899442778,54000,55000
dc0292ba0f7d30146f90eb7ae3c342b9d4cb57e2,3780.83,145.33,15.827241484,55000,54000
dc0292ba0f7d30146f90eb7ae3c342b9d4cb57e2,3786.75,146.03,15.865164003,54000,54000
dc0292ba0f7d30146f90eb7ae3c342b9d4cb57e2,3794.93,146.81,15.881926489,54000,54000
dc0292ba0f7d30146f90eb7ae3c342b9d4cb57e2,3797.93,146.04,15.882386410,54000,54000
dc0292ba0f7d30146f90eb7ae3c342b9d4cb57e2,3776.57,144.85,15.798049277,55000,54000
437f75f8dbf35b825f0a89d67ed6fa9f9a30a4d2,3786.88,145.37,15.850935078,54000,54000
437f75f8dbf35b825f0a89d67ed6fa9f9a30a4d2,3773.45,145.50,15.765398541,54000,54000
437f75f8dbf35b825f0a89d67ed6fa9f9a30a4d2,3783.65,145.21,15.827932539,56000,55000
437f75f8dbf35b825f0a89d67ed6fa9f9a30a4d2,3806.99,146.49,15.921358951,56000,56000
437f75f8dbf35b825f0a89d67ed6fa9f9a30a4d2,3780.17,145.24,15.823438972,54000,54000
437f75f8dbf35b825f0a89d67ed6fa9f9a30a4d2,3823.04,146.78,15.988739904,55000,54000
437f75f8dbf35b825f0a89d67ed6fa9f9a30a4d2,3775.72,144.61,15.785894911,54000,55000
437f75f8dbf35b825f0a89d67ed6fa9f9a30a4d2,3799.57,145.54,15.890570274,55000,55000
437f75f8dbf35b825f0a89d67ed6fa9f9a30a4d2,3802.47,145.64,15.921937464,54000,55000
437f75f8dbf35b825f0a89d67ed6fa9f9a30a4d2,3804.65,145.36,15.916696531,54000,56000
437f75f8dbf35b825f0a89d67ed6fa9f9a30a4d2,3787.78,144.74,15.855232059,54000,55000
437f75f8dbf35b825f0a89d67ed6fa9f9a30a4d2,3815.16,146.62,15.974817842,54000,54000
437f75f8dbf35b825f0a89d67ed6fa9f9a30a4d2,3783.64,145.56,15.857111903,54000,54000
437f75f8dbf35b825f0a89d67ed6fa9f9a30a4d2,3784.79,145.48,15.844939344,54000,53000
437f75f8dbf35b825f0a89d67ed6fa9f9a30a4d2,3788.81,145.56,15.871060117,54000,53000
437f75f8dbf35b825f0a89d67ed6fa9f9a30a4d2,3782.81,145.39,15.862502847,54000,54000
437f75f8dbf35b825f0a89d67ed6fa9f9a30a4d2,3775.46,145.70,15.804908621,53000,53000
437f75f8dbf35b825f0a89d67ed6fa9f9a30a4d2,3779.65,145.62,15.827973069,54000,54000
437f75f8dbf35b825f0a89d67ed6fa9f9a30a4d2,3797.59,146.05,15.900615012,54000,54000
437f75f8dbf35b825f0a89d67ed6fa9f9a30a4d2,3834.92,147.69,16.086246875,54000,54000
437f75f8dbf35b825f0a89d67ed6fa9f9a30a4d2,3780.74,145.61,15.851436852,54000,54000
437f75f8dbf35b825f0a89d67ed6fa9f9a30a4d2,3768.03,145.27,15.794451978,54000,54000
437f75f8dbf35b825f0a89d67ed6fa9f9a30a4d2,3794.36,145.89,15.914745693,54000,54000
437f75f8dbf35b825f0a89d67ed6fa9f9a30a4d2,3784.53,146.55,15.833126866,54000,54000
437f75f8dbf35b825f0a89d67ed6fa9f9a30a4d2,3788.03,146.40,15.840281618,54000,54000
437f75f8dbf35b825f0a89d67ed6fa9f9a30a4d2,3804.52,146.64,15.929992396,55000,55000
437f75f8dbf35b825f0a89d67ed6fa9f9a30a4d2,3803.99,147.04,15.935383722,54000,54000
437f75f8dbf35b825f0a89d67ed6fa9f9a30a4d2,3791.30,146.28,15.913158652,54000,54000
437f75f8dbf35b825f0a89d67ed6fa9f9a30a4d2,3815.48,146.89,15.941917089,54000,54000
437f75f8dbf35b825f0a89d67ed6fa9f9a30a4d2,3795.94,145.90,15.874310979,54000,54000
7692bdc9107c9d8d8c76fde96604191acbeb08f6,3769.61,144.59,15.769958872,55000,55000
7692bdc9107c9d8d8c76fde96604191acbeb08f6,3811.83,145.55,15.972305214,55000,55000
7692bdc9107c9d8d8c76fde96604191acbeb08f6,3788.85,145.84,15.829369024,54000,54000
7692bdc9107c9d8d8c76fde96604191acbeb08f6,3817.81,146.65,15.982020208,55000,54000
7692bdc9107c9d8d8c76fde96604191acbeb08f6,3761.59,144.39,15.733160293,54000,54000
7692bdc9107c9d8d8c76fde96604191acbeb08f6,3759.67,144.24,15.713526290,55000,54000
7692bdc9107c9d8d8c76fde96604191acbeb08f6,3770.50,144.57,15.763361434,54000,55000
7692bdc9107c9d8d8c76fde96604191acbeb08f6,3780.98,144.91,15.816510043,54000,54000
7692bdc9107c9d8d8c76fde96604191acbeb08f6,3825.10,146.78,15.998049603,55000,55000
7692bdc9107c9d8d8c76fde96604191acbeb08f6,3801.93,146.28,15.912785658,55000,55000
7692bdc9107c9d8d8c76fde96604191acbeb08f6,3804.02,145.65,15.918846156,54000,55000
7692bdc9107c9d8d8c76fde96604191acbeb08f6,3837.38,147.90,16.099049080,53000,54000
7692bdc9107c9d8d8c76fde96604191acbeb08f6,3755.01,143.91,15.762008257,54000,53000
7692bdc9107c9d8d8c76fde96604191acbeb08f6,3830.70,147.42,16.071894503,54000,54000
7692bdc9107c9d8d8c76fde96604191acbeb08f6,3785.98,145.54,15.849305870,54000,54000
7692bdc9107c9d8d8c76fde96604191acbeb08f6,3779.81,145.62,15.850879676,54000,54000
7692bdc9107c9d8d8c76fde96604191acbeb08f6,3784.77,146.00,15.876100729,54000,54000
7692bdc9107c9d8d8c76fde96604191acbeb08f6,3808.28,146.83,15.946705578,54000,54000
7692bdc9107c9d8d8c76fde96604191acbeb08f6,3787.85,145.39,15.867490746,55000,55000
7692bdc9107c9d8d8c76fde96604191acbeb08f6,3809.48,146.50,15.950597369,54000,55000
7692bdc9107c9d8d8c76fde96604191acbeb08f6,3788.92,146.16,15.865540772,55000,54000
7692bdc9107c9d8d8c76fde96604191acbeb08f6,3776.81,145.27,15.820567235,55000,54000
7692bdc9107c9d8d8c76fde96604191acbeb08f6,3781.50,145.38,15.851784520,54000,54000
7692bdc9107c9d8d8c76fde96604191acbeb08f6,3805.08,146.71,15.931285737,54000,54000
7692bdc9107c9d8d8c76fde96604191acbeb08f6,3785.07,145.71,15.845175014,54000,54000
7692bdc9107c9d8d8c76fde96604191acbeb08f6,3774.12,145.83,15.795403946,54000,53000
7692bdc9107c9d8d8c76fde96604191acbeb08f6,3772.36,145.53,15.800899574,54000,54000
7692bdc9107c9d8d8c76fde96604191acbeb08f6,3780.56,145.21,15.825089331,54000,54000
7692bdc9107c9d8d8c76fde96604191acbeb08f6,3790.53,145.25,15.859059300,55000,54000
7692bdc9107c9d8d8c76fde96604191acbeb08f6,3776.83,144.63,15.793995835,54000,54000
4163b8d140c454a7402856433414c06fea3cd497,3810.95,146.07,15.933730107,54000,55000
4163b8d140c454a7402856433414c06fea3cd497,3814.12,146.41,15.938450637,54000,56000
4163b8d140c454a7402856433414c06fea3cd497,3828.95,146.70,16.031061628,55000,56000
4163b8d140c454a7402856433414c06fea3cd497,3812.15,146.01,15.961739827,54000,55000
4163b8d140c454a7402856433414c06fea3cd497,3797.84,145.26,15.901792397,54000,55000
4163b8d140c454a7402856433414c06fea3cd497,3823.33,146.66,15.976049026,54000,54000
4163b8d140c454a7402856433414c06fea3cd497,3823.45,146.38,15.992969490,55000,54000
4163b8d140c454a7402856433414c06fea3cd497,3860.17,148.13,16.152794220,55000,55000
4163b8d140c454a7402856433414c06fea3cd497,3834.70,146.78,16.027797492,54000,55000
4163b8d140c454a7402856433414c06fea3cd497,3829.89,146.97,16.008705979,55000,54000
4163b8d140c454a7402856433414c06fea3cd497,3809.78,146.45,15.953098191,53000,54000
4163b8d140c454a7402856433414c06fea3cd497,3817.72,146.92,15.991787483,53000,54000
4163b8d140c454a7402856433414c06fea3cd497,3805.98,146.17,15.953283627,53000,54000
4163b8d140c454a7402856433414c06fea3cd497,3806.46,146.12,15.913514520,54000,53000
4163b8d140c454a7402856433414c06fea3cd497,3823.20,147.15,16.016343460,53000,54000
4163b8d140c454a7402856433414c06fea3cd497,3839.81,148.01,16.066576529,54000,55000
4163b8d140c454a7402856433414c06fea3cd497,3802.96,146.11,15.965599720,54000,54000
4163b8d140c454a7402856433414c06fea3cd497,3792.09,146.04,15.892680480,54000,54000
4163b8d140c454a7402856433414c06fea3cd497,3806.28,146.73,15.930749905,54000,54000
4163b8d140c454a7402856433414c06fea3cd497,3818.80,146.16,15.953340104,54000,54000
4163b8d140c454a7402856433414c06fea3cd497,3793.43,146.06,15.868201020,54000,54000
4163b8d140c454a7402856433414c06fea3cd497,3825.69,146.85,16.028913547,54000,55000
4163b8d140c454a7402856433414c06fea3cd497,3822.71,147.24,16.019544140,54000,54000
4163b8d140c454a7402856433414c06fea3cd497,3810.96,146.49,15.967476579,54000,54000
4163b8d140c454a7402856433414c06fea3cd497,3807.83,146.90,15.943247914,54000,54000
4163b8d140c454a7402856433414c06fea3cd497,3849.87,148.24,16.115953124,55000,55000
4163b8d140c454a7402856433414c06fea3cd497,3815.61,147.01,15.981752917,54000,54000
4163b8d140c454a7402856433414c06fea3cd497,3805.19,146.81,15.930914113,54000,54000
4163b8d140c454a7402856433414c06fea3cd497,3822.82,146.96,15.997069996,54000,54000
4163b8d140c454a7402856433414c06fea3cd497,3807.83,146.05,15.907091301,54000,54000
7f95c7b661b5b622fb703c6602aaa1eb19d32090,3825.92,147.06,15.999622887,54000,54000
7f95c7b661b5b622fb703c6602aaa1eb19d32090,3804.33,145.88,15.924036315,55000,55000
7f95c7b661b5b622fb703c6602aaa1eb19d32090,3820.22,146.54,15.985152011,54000,54000
7f95c7b661b5b622fb703c6602aaa1eb19d32090,3800.15,145.57,15.899254207,55000,54000
7f95c7b661b5b622fb703c6602aaa1eb19d32090,3815.57,146.45,15.951197565,54000,54000
7f95c7b661b5b622fb703c6602aaa1eb19d32090,3850.08,147.61,16.082686051,55000,55000
7f95c7b661b5b622fb703c6602aaa1eb19d32090,3821.98,146.58,15.969079926,55000,55000
7f95c7b661b5b622fb703c6602aaa1eb19d32090,3789.92,144.86,15.854330253,54000,54000
7f95c7b661b5b622fb703c6602aaa1eb19d32090,3793.51,145.36,15.856087864,56000,54000
7f95c7b661b5b622fb703c6602aaa1eb19d32090,3799.15,146.37,15.913311106,54000,54000
7f95c7b661b5b622fb703c6602aaa1eb19d32090,3828.71,147.25,16.019404253,54000,54000
7f95c7b661b5b622fb703c6602aaa1eb19d32090,3836.17,147.89,16.068313069,52000,54000
7f95c7b661b5b622fb703c6602aaa1eb19d32090,3800.73,146.09,15.953380431,53000,53000
7f95c7b661b5b622fb703c6602aaa1eb19d32090,3796.48,145.61,15.902582197,54000,54000
7f95c7b661b5b622fb703c6602aaa1eb19d32090,3798.99,145.64,15.912471181,53000,54000
7f95c7b661b5b622fb703c6602aaa1eb19d32090,3813.20,146.56,15.997928830,54000,54000
7f95c7b661b5b622fb703c6602aaa1eb19d32090,3806.99,146.60,15.942238754,54000,54000
7f95c7b661b5b622fb703c6602aaa1eb19d32090,3825.27,147.44,16.024350101,54000,54000
7f95c7b661b5b622fb703c6602aaa1eb19d32090,3819.90,147.29,15.987542280,54000,54000
7f95c7b661b5b622fb703c6602aaa1eb19d32090,3803.33,145.82,15.913266593,55000,54000
7f95c7b661b5b622fb703c6602aaa1eb19d32090,3835.35,147.38,16.051423593,55000,55000
7f95c7b661b5b622fb703c6602aaa1eb19d32090,3819.21,147.08,15.990240950,54000,55000
7f95c7b661b5b622fb703c6602aaa1eb19d32090,3798.49,145.94,15.920586587,54000,54000
7f95c7b661b5b622fb703c6602aaa1eb19d32090,3816.51,146.82,15.975879994,55000,54000
7f95c7b661b5b622fb703c6602aaa1eb19d32090,3819.92,147.23,16.007951560,54000,54000
7f95c7b661b5b622fb703c6602aaa1eb19d32090,3798.79,146.32,15.902443065,54000,54000
7f95c7b661b5b622fb703c6602aaa1eb19d32090,3820.95,146.98,15.987781735,54000,54000
7f95c7b661b5b622fb703c6602aaa1eb19d32090,3830.82,147.16,16.025724958,54000,54000
7f95c7b661b5b622fb703c6602aaa1eb19d32090,3827.61,147.26,16.009715446,54000,54000
7f95c7b661b5b622fb703c6602aaa1eb19d32090,3798.59,145.50,15.889902526,54000,54000
b7800bf7c373d09e5e9f9ba250fec5589174fd6d,3829.80,146.75,16.016093432,54000,54000
b7800bf7c373d09e5e9f9ba250fec5589174fd6d,3857.56,148.23,16.142000274,54000,54000
b7800bf7c373d09e5e9f9ba250fec5589174fd6d,3805.56,145.79,15.911957317,54000,55000
b7800bf7c373d09e5e9f9ba250fec5589174fd6d,3841.11,147.32,16.049785164,54000,55000
b7800bf7c373d09e5e9f9ba250fec5589174fd6d,3803.65,145.31,15.900310148,55000,55000
b7800bf7c373d09e5e9f9ba250fec5589174fd6d,3804.76,145.50,15.922709271,55000,56000
b7800bf7c373d09e5e9f9ba250fec5589174fd6d,3797.20,145.76,15.905452211,55000,54000
b7800bf7c373d09e5e9f9ba250fec5589174fd6d,3797.14,145.78,15.917408046,53000,54000
b7800bf7c373d09e5e9f9ba250fec5589174fd6d,3817.27,146.21,15.990514502,54000,53000
b7800bf7c373d09e5e9f9ba250fec5589174fd6d,3825.63,147.03,16.022752362,54000,54000
b7800bf7c373d09e5e9f9ba250fec5589174fd6d,3785.19,145.54,15.858836963,54000,54000
b7800bf7c373d09e5e9f9ba250fec5589174fd6d,3814.81,147.24,15.994505529,53000,54000
b7800bf7c373d09e5e9f9ba250fec5589174fd6d,3839.06,148.16,16.077249165,54000,53000
b7800bf7c373d09e5e9f9ba250fec5589174fd6d,3797.01,145.61,15.901994651,54000,54000
b7800bf7c373d09e5e9f9ba250fec5589174fd6d,3815.51,146.68,15.972225136,55000,54000
b7800bf7c373d09e5e9f9ba250fec5589174fd6d,3833.81,147.24,16.048228106,54000,54000
b7800bf7c373d09e5e9f9ba250fec5589174fd6d,3810.66,147.23,15.972940333,54000,54000
b7800bf7c373d09e5e9f9ba250fec5589174fd6d,3827.51,147.07,16.022768393,54000,54000
b7800bf7c373d09e5e9f9ba250fec5589174fd6d,3797.78,145.56,15.903557834,54000,54000
b7800bf7c373d09e5e9f9ba250fec5589174fd6d,3819.36,147.25,15.955262823,54000,54000
b7800bf7c373d09e5e9f9ba250fec5589174fd6d,3828.60,147.45,16.029828416,54000,54000
b7800bf7c373d09e5e9f9ba250fec5589174fd6d,3803.16,146.35,15.920995913,55000,53000
b7800bf7c373d09e5e9f9ba250fec5589174fd6d,3809.88,146.97,15.959902993,54000,54000
b7800bf7c373d09e5e9f9ba250fec5589174fd6d,3831.95,147.70,16.065009863,54000,54000
b7800bf7c373d09e5e9f9ba250fec5589174fd6d,3843.33,148.13,16.106747936,54000,54000
b7800bf7c373d09e5e9f9ba250fec5589174fd6d,3833.26,148.03,16.030350502,54000,54000
b7800bf7c373d09e5e9f9ba250fec5589174fd6d,3801.36,146.28,15.919641832,55000,54000
b7800bf7c373d09e5e9f9ba250fec5589174fd6d,3804.77,146.13,15.920525764,54000,54000
b7800bf7c373d09e5e9f9ba250fec5589174fd6d,3825.16,146.48,16.012089362,54000,54000
b7800bf7c373d09e5e9f9ba250fec5589174fd6d,3814.43,146.52,15.946610650,54000,54000
2cef25aa5a5c81641a74917a133c8ef09a79b82c,3820.53,146.74,15.981917629,54000,54000
2cef25aa5a5c81641a74917a133c8ef09a79b82c,3817.31,145.81,15.964790004,54000,54000
2cef25aa5a5c81641a74917a133c8ef09a79b82c,3818.15,146.77,15.973703750,55000,55000
2cef25aa5a5c81641a74917a133c8ef09a79b82c,3843.89,147.56,16.077456843,54000,55000
2cef25aa5a5c81641a74917a133c8ef09a79b82c,3782.02,144.90,15.802500001,56000,55000
2cef25aa5a5c81641a74917a133c8ef09a79b82c,3810.88,146.36,15.938095753,54000,55000
2cef25aa5a5c81641a74917a133c8ef09a79b82c,3810.42,145.78,15.953386934,54000,54000
2cef25aa5a5c81641a74917a133c8ef09a79b82c,3831.74,146.85,16.029091366,54000,54000
2cef25aa5a5c81641a74917a133c8ef09a79b82c,3805.41,145.78,15.916254980,55000,54000
2cef25aa5a5c81641a74917a133c8ef09a79b82c,3803.77,146.30,15.945605368,54000,54000
2cef25aa5a5c81641a74917a133c8ef09a79b82c,3771.91,144.89,15.827841273,53000,54000
2cef25aa5a5c81641a74917a133c8ef09a79b82c,3827.21,147.67,16.031900029,54000,54000
2cef25aa5a5c81641a74917a133c8ef09a79b82c,3799.98,146.38,15.927745633,54000,54000
2cef25aa5a5c81641a74917a133c8ef09a79b82c,3795.19,146.51,15.904387039,54000,54000
2cef25aa5a5c81641a74917a133c8ef09a79b82c,3823.02,147.26,16.029999342,54000,54000
2cef25aa5a5c81641a74917a133c8ef09a79b82c,3800.60,145.90,15.918252120,54000,53000
2cef25aa5a5c81641a74917a133c8ef09a79b82c,3815.77,147.11,16.004202142,54000,53000
2cef25aa5a5c81641a74917a133c8ef09a79b82c,3801.35,146.26,15.909850989,54000,54000
2cef25aa5a5c81641a74917a133c8ef09a79b82c,3802.55,146.22,15.928815695,54000,54000
2cef25aa5a5c81641a74917a133c8ef09a79b82c,3797.48,145.99,15.915337244,54000,54000
2cef25aa5a5c81641a74917a133c8ef09a79b82c,3809.10,146.52,15.946345742,54000,54000
2cef25aa5a5c81641a74917a133c8ef09a79b82c,3798.36,145.78,15.912650814,54000,54000
2cef25aa5a5c81641a74917a133c8ef09a79b82c,3840.04,148.10,16.074747069,54000,54000
2cef25aa5a5c81641a74917a133c8ef09a79b82c,3808.12,146.04,15.951130085,53000,54000
2cef25aa5a5c81641a74917a133c8ef09a79b82c,3853.45,148.86,16.112585824,54000,55000
2cef25aa5a5c81641a74917a133c8ef09a79b82c,3834.52,147.54,16.047093357,56000,54000
2cef25aa5a5c81641a74917a133c8ef09a79b82c,3793.88,146.14,15.887340052,54000,54000
2cef25aa5a5c81641a74917a133c8ef09a79b82c,3807.81,147.07,15.954273192,54000,54000
2cef25aa5a5c81641a74917a133c8ef09a79b82c,3818.97,147.21,16.024655848,54000,54000
2cef25aa5a5c81641a74917a133c8ef09a79b82c,3845.45,148.13,16.100456674,54000,54000
4ba09ee29398645ae3375d354925b7a2ecbcc9b4,3805.86,146.13,15.915969051,54000,54000
4ba09ee29398645ae3375d354925b7a2ecbcc9b4,3804.63,146.31,15.900752135,55000,56000
4ba09ee29398645ae3375d354925b7a2ecbcc9b4,3817.39,146.31,15.963947255,55000,56000
4ba09ee29398645ae3375d354925b7a2ecbcc9b4,3812.49,145.90,15.943182304,54000,55000
4ba09ee29398645ae3375d354925b7a2ecbcc9b4,3795.72,145.42,15.889273987,54000,54000
4ba09ee29398645ae3375d354925b7a2ecbcc9b4,3811.60,146.15,15.940315627,54000,54000
4ba09ee29398645ae3375d354925b7a2ecbcc9b4,3816.16,146.35,15.962858086,54000,54000
4ba09ee29398645ae3375d354925b7a2ecbcc9b4,3805.33,145.66,15.910049776,54000,55000
4ba09ee29398645ae3375d354925b7a2ecbcc9b4,3834.94,146.57,16.031058659,56000,55000
4ba09ee29398645ae3375d354925b7a2ecbcc9b4,3802.64,146.69,15.912862963,54000,54000
4ba09ee29398645ae3375d354925b7a2ecbcc9b4,3794.36,145.84,15.888360426,54000,54000
4ba09ee29398645ae3375d354925b7a2ecbcc9b4,3797.02,145.81,15.891901390,53000,53000
4ba09ee29398645ae3375d354925b7a2ecbcc9b4,3796.74,145.94,15.918094839,54000,54000
4ba09ee29398645ae3375d354925b7a2ecbcc9b4,3817.68,146.29,15.993416731,54000,53000
4ba09ee29398645ae3375d354925b7a2ecbcc9b4,3833.93,147.19,16.060204831,54000,54000
4ba09ee29398645ae3375d354925b7a2ecbcc9b4,3821.51,147.16,16.040573399,54000,54000
4ba09ee29398645ae3375d354925b7a2ecbcc9b4,3795.08,146.04,15.896410395,54000,54000
4ba09ee29398645ae3375d354925b7a2ecbcc9b4,3873.03,149.10,16.227066371,54000,54000
4ba09ee29398645ae3375d354925b7a2ecbcc9b4,3843.90,148.31,16.092290807,54000,54000
4ba09ee29398645ae3375d354925b7a2ecbcc9b4,3817.85,147.48,15.998840245,54000,54000
4ba09ee29398645ae3375d354925b7a2ecbcc9b4,3801.39,146.24,15.935343605,54000,55000
4ba09ee29398645ae3375d354925b7a2ecbcc9b4,3797.77,145.72,15.908666364,54000,54000
4ba09ee29398645ae3375d354925b7a2ecbcc9b4,3808.61,146.36,15.946435912,54000,54000
4ba09ee29398645ae3375d354925b7a2ecbcc9b4,3824.64,147.40,16.012405685,54000,54000
4ba09ee29398645ae3375d354925b7a2ecbcc9b4,3807.78,147.36,15.922377827,54000,54000
4ba09ee29398645ae3375d354925b7a2ecbcc9b4,3798.56,146.77,15.913529006,54000,55000
4ba09ee29398645ae3375d354925b7a2ecbcc9b4,3806.22,146.95,15.946955781,55000,55000
4ba09ee29398645ae3375d354925b7a2ecbcc9b4,3812.35,146.99,15.975269496,54000,54000
4ba09ee29398645ae3375d354925b7a2ecbcc9b4,3827.38,146.80,16.005157487,54000,54000
4ba09ee29398645ae3375d354925b7a2ecbcc9b4,3813.77,146.16,15.950769350,54000,54000
9a937fee40c6ad8608cf2671b06c5d236df0ece0,3821.35,146.62,15.955373489,54000,54000
9a937fee40c6ad8608cf2671b06c5d236df0ece0,3840.48,147.36,16.071292171,54000,54000
9a937fee40c6ad8608cf2671b06c5d236df0ece0,3843.28,147.41,16.052672490,55000,55000
9a937fee40c6ad8608cf2671b06c5d236df0ece0,3801.37,145.83,15.912759739,54000,55000
9a937fee40c6ad8608cf2671b06c5d236df0ece0,3820.54,146.32,15.987245926,54000,54000
9a937fee40c6ad8608cf2671b06c5d236df0ece0,3796.24,145.24,15.879542297,54000,55000
9a937fee40c6ad8608cf2671b06c5d236df0ece0,3800.35,145.39,15.905668805,55000,55000
9a937fee40c6ad8608cf2671b06c5d236df0ece0,3807.21,146.05,15.920835252,55000,54000
9a937fee40c6ad8608cf2671b06c5d236df0ece0,3802.11,146.04,15.943651991,53000,53000
9a937fee40c6ad8608cf2671b06c5d236df0ece0,3818.06,146.67,15.999411228,54000,54000
9a937fee40c6ad8608cf2671b06c5d236df0ece0,3821.09,147.01,16.011406894,54000,54000
9a937fee40c6ad8608cf2671b06c5d236df0ece0,3825.34,147.20,16.025993308,54000,54000
9a937fee40c6ad8608cf2671b06c5d236df0ece0,3849.83,148.06,16.115944973,54000,54000
9a937fee40c6ad8608cf2671b06c5d236df0ece0,3810.10,146.73,15.967617600,54000,54000
9a937fee40c6ad8608cf2671b06c5d236df0ece0,3802.57,145.89,15.919461820,55000,54000
9a937fee40c6ad8608cf2671b06c5d236df0ece0,3802.36,145.81,15.937547745,54000,54000
9a937fee40c6ad8608cf2671b06c5d236df0ece0,3799.28,146.04,15.917166967,54000,54000
9a937fee40c6ad8608cf2671b06c5d236df0ece0,3815.13,146.51,15.988401296,54000,54000
9a937fee40c6ad8608cf2671b06c5d236df0ece0,3813.75,146.20,15.980226479,54000,54000
9a937fee40c6ad8608cf2671b06c5d236df0ece0,3817.45,147.33,15.966309607,54000,54000
9a937fee40c6ad8608cf2671b06c5d236df0ece0,3821.93,147.44,15.989605851,55000,54000
9a937fee40c6ad8608cf2671b06c5d236df0ece0,3844.82,148.66,16.086986904,54000,55000
9a937fee40c6ad8608cf2671b06c5d236df0ece0,3817.39,146.94,15.984951772,54000,54000
9a937fee40c6ad8608cf2671b06c5d236df0ece0,3820.88,147.17,15.988632537,54000,54000
9a937fee40c6ad8608cf2671b06c5d236df0ece0,3825.77,147.51,16.003699189,54000,54000
9a937fee40c6ad8608cf2671b06c5d236df0ece0,3821.72,146.95,15.981273912,54000,54000
9a937fee40c6ad8608cf2671b06c5d236df0ece0,3827.87,147.22,16.001376817,54000,54000
9a937fee40c6ad8608cf2671b06c5d236df0ece0,3825.04,147.18,15.998627045,55000,54000
9a937fee40c6ad8608cf2671b06c5d236df0ece0,3830.36,146.96,16.029220382,54000,54000
9a937fee40c6ad8608cf2671b06c5d236df0ece0,3808.51,145.78,15.929486279,54000,54000
0a5b163f50d784f4fb9046388271f26d2327ec71,3866.59,147.97,16.185635158,53000,54000
0a5b163f50d784f4fb9046388271f26d2327ec71,3848.77,147.78,16.096152738,54000,54000
0a5b163f50d784f4fb9046388271f26d2327ec71,3813.54,146.30,15.946362067,54000,55000
0a5b163f50d784f4fb9046388271f26d2327ec71,3816.18,146.41,15.946291394,56000,55000
0a5b163f50d784f4fb9046388271f26d2327ec71,3823.59,146.61,15.984189181,54000,54000
0a5b163f50d784f4fb9046388271f26d2327ec71,3831.51,146.69,16.009747290,54000,54000
0a5b163f50d784f4fb9046388271f26d2327ec71,3815.58,146.40,15.942533856,56000,55000
0a5b163f50d784f4fb9046388271f26d2327ec71,3794.98,145.90,15.899737518,54000,54000
0a5b163f50d784f4fb9046388271f26d2327ec71,3806.42,146.52,15.945254298,54000,54000
0a5b163f50d784f4fb9046388271f26d2327ec71,3791.37,145.77,15.894004055,52000,54000
0a5b163f50d784f4fb9046388271f26d2327ec71,3815.37,146.69,15.998444956,53000,53000
0a5b163f50d784f4fb9046388271f26d2327ec71,3810.57,146.78,15.955023315,55000,54000
0a5b163f50d784f4fb9046388271f26d2327ec71,3809.39,146.48,15.950375648,53000,54000
0a5b163f50d784f4fb9046388271f26d2327ec71,3806.88,146.20,15.973951939,54000,54000
0a5b163f50d784f4fb9046388271f26d2327ec71,3813.01,146.53,15.962351438,54000,55000
0a5b163f50d784f4fb9046388271f26d2327ec71,3825.57,147.53,16.024327183,54000,54000
0a5b163f50d784f4fb9046388271f26d2327ec71,3798.38,146.65,15.907294539,54000,54000
0a5b163f50d784f4fb9046388271f26d2327ec71,3795.90,146.14,15.882244983,54000,54000
0a5b163f50d784f4fb9046388271f26d2327ec71,3795.58,145.74,15.893152821,54000,55000
0a5b163f50d784f4fb9046388271f26d2327ec71,3793.87,146.10,15.894082955,54000,54000
0a5b163f50d784f4fb9046388271f26d2327ec71,3809.55,146.65,15.959548088,53000,54000
0a5b163f50d784f4fb9046388271f26d2327ec71,3818.06,147.04,15.988224968,54000,54000
0a5b163f50d784f4fb9046388271f26d2327ec71,3873.26,149.49,16.205918047,54000,56000
0a5b163f50d784f4fb9046388271f26d2327ec71,3815.94,147.18,15.992994207,54000,54000
0a5b163f50d784f4fb9046388271f26d2327ec71,3803.18,146.54,15.929359612,54000,54000
0a5b163f50d784f4fb9046388271f26d2327ec71,3807.38,146.59,15.944605834,54000,54000
0a5b163f50d784f4fb9046388271f26d2327ec71,3825.84,146.90,16.006944351,54000,53000
0a5b163f50d784f4fb9046388271f26d2327ec71,3804.92,146.36,15.915315054,54000,54000
0a5b163f50d784f4fb9046388271f26d2327ec71,3821.24,146.28,16.006628784,54000,53000
0a5b163f50d784f4fb9046388271f26d2327ec71,3796.64,145.34,15.900146472,54000,54000
4f007cca51c75f255dc7539fa80303ee883952ee,3847.70,147.22,16.114139881,54000,55000
4f007cca51c75f255dc7539fa80303ee883952ee,3822.26,146.47,15.972859354,55000,55000
4f007cca51c75f255dc7539fa80303ee883952ee,3818.19,146.27,15.965153271,55000,54000
4f007cca51c75f255dc7539fa80303ee883952ee,3786.26,145.13,15.848967200,54000,54000
4f007cca51c75f255dc7539fa80303ee883952ee,3805.12,146.04,15.911848121,55000,54000
4f007cca51c75f255dc7539fa80303ee883952ee,3838.63,147.11,16.044580332,54000,55000
4f007cca51c75f255dc7539fa80303ee883952ee,3827.30,146.62,16.005888486,54000,54000
4f007cca51c75f255dc7539fa80303ee883952ee,3812.41,146.44,15.949399494,54000,54000
4f007cca51c75f255dc7539fa80303ee883952ee,3802.84,145.36,15.898999166,55000,55000
4f007cca51c75f255dc7539fa80303ee883952ee,3823.67,146.18,15.999455003,55000,56000
4f007cca51c75f255dc7539fa80303ee883952ee,3812.48,146.64,15.969366872,53000,53000
4f007cca51c75f255dc7539fa80303ee883952ee,3816.46,146.98,15.992276514,54000,54000
4f007cca51c75f255dc7539fa80303ee883952ee,3827.00,146.89,16.025260711,54000,53000
4f007cca51c75f255dc7539fa80303ee883952ee,3821.29,146.90,16.013060575,54000,54000
4f007cca51c75f255dc7539fa80303ee883952ee,3830.51,147.31,16.047244081,53000,54000
4f007cca51c75f255dc7539fa80303ee883952ee,3812.61,146.29,15.998535376,54000,54000
4f007cca51c75f255dc7539fa80303ee883952ee,3838.94,147.82,16.098554688,53000,54000
4f007cca51c75f255dc7539fa80303ee883952ee,3821.93,146.98,16.010710475,53000,54000
4f007cca51c75f255dc7539fa80303ee883952ee,3793.78,146.10,15.885734551,54000,53000
4f007cca51c75f255dc7539fa80303ee883952ee,3808.90,146.65,15.945048240,54000,54000
4f007cca51c75f255dc7539fa80303ee883952ee,3802.51,146.35,15.913433071,55000,54000
4f007cca51c75f255dc7539fa80303ee883952ee,3821.89,146.68,16.002680853,54000,54000
4f007cca51c75f255dc7539fa80303ee883952ee,3817.33,146.93,15.970934922,54000,54000
4f007cca51c75f255dc7539fa80303ee883952ee,3822.62,146.80,16.008295279,54000,54000
4f007cca51c75f255dc7539fa80303ee883952ee,3861.50,148.74,16.146054990,54000,54000
4f007cca51c75f255dc7539fa80303ee883952ee,3803.59,146.53,15.914377488,54000,55000
4f007cca51c75f255dc7539fa80303ee883952ee,3828.58,147.22,16.030680166,54000,54000
4f007cca51c75f255dc7539fa80303ee883952ee,3803.81,145.95,15.911436534,54000,54000
4f007cca51c75f255dc7539fa80303ee883952ee,3871.43,148.87,16.216470525,54000,54000
4f007cca51c75f255dc7539fa80303ee883952ee,3787.18,145.63,15.840917548,54000,54000
8c46ce7bef6c946a18f6a94fb10fee16792e4da5,3806.25,145.71,15.916889976,54000,53000
8c46ce7bef6c946a18f6a94fb10fee16792e4da5,3831.62,146.80,16.015060260,53000,54000
8c46ce7bef6c946a18f6a94fb10fee16792e4da5,3834.81,146.98,16.052532938,54000,54000
8c46ce7bef6c946a18f6a94fb10fee16792e4da5,3803.19,146.22,15.907909198,54000,56000
8c46ce7bef6c946a18f6a94fb10fee16792e4da5,3816.31,146.28,15.959495477,55000,55000
8c46ce7bef6c946a18f6a94fb10fee16792e4da5,3797.98,145.54,15.901167965,54000,54000
8c46ce7bef6c946a18f6a94fb10fee16792e4da5,3828.05,147.17,16.016966908,54000,54000
8c46ce7bef6c946a18f6a94fb10fee16792e4da5,3825.53,146.95,16.003223843,55000,54000
8c46ce7bef6c946a18f6a94fb10fee16792e4da5,3810.53,146.08,15.933163057,55000,54000
8c46ce7bef6c946a18f6a94fb10fee16792e4da5,3836.06,147.00,16.023586289,54000,55000
8c46ce7bef6c946a18f6a94fb10fee16792e4da5,3805.09,145.87,15.912993597,54000,55000
8c46ce7bef6c946a18f6a94fb10fee16792e4da5,3809.64,145.61,15.941323870,55000,55000
8c46ce7bef6c946a18f6a94fb10fee16792e4da5,3793.52,145.85,15.884203345,54000,54000
8c46ce7bef6c946a18f6a94fb10fee16792e4da5,3804.46,145.81,15.928895376,55000,54000
8c46ce7bef6c946a18f6a94fb10fee16792e4da5,3834.93,147.42,16.052730041,54000,54000
8c46ce7bef6c946a18f6a94fb10fee16792e4da5,3806.02,146.21,15.948004120,52000,54000
8c46ce7bef6c946a18f6a94fb10fee16792e4da5,3819.08,146.74,15.999542804,54000,54000
8c46ce7bef6c946a18f6a94fb10fee16792e4da5,3827.81,146.93,16.013639853,54000,54000
8c46ce7bef6c946a18f6a94fb10fee16792e4da5,3835.93,147.70,16.081677333,53000,54000
8c46ce7bef6c946a18f6a94fb10fee16792e4da5,3855.13,148.29,16.164956867,54000,54000
8c46ce7bef6c946a18f6a94fb10fee16792e4da5,3805.35,146.86,15.948175854,54000,54000
8c46ce7bef6c946a18f6a94fb10fee16792e4da5,3816.38,147.07,15.986800655,54000,54000
8c46ce7bef6c946a18f6a94fb10fee16792e4da5,3842.81,147.69,16.083108116,54000,53000
8c46ce7bef6c946a18f6a94fb10fee16792e4da5,3801.98,147.13,15.916153697,54000,54000
8c46ce7bef6c946a18f6a94fb10fee16792e4da5,3825.06,148.06,15.989491185,55000,55000
8c46ce7bef6c946a18f6a94fb10fee16792e4da5,3846.05,147.97,16.108368012,55000,54000
8c46ce7bef6c946a18f6a94fb10fee16792e4da5,3808.60,146.67,15.952039131,54000,54000
8c46ce7bef6c946a18f6a94fb10fee16792e4da5,3804.15,146.13,15.948359672,54000,54000
8c46ce7bef6c946a18f6a94fb10fee16792e4da5,3816.86,146.57,15.961603930,54000,54000
8c46ce7bef6c946a18f6a94fb10fee16792e4da5,3821.77,146.68,15.984266860,54000,55000
25fdead5c8778cecf4e0581b4760708b120831fd,3815.41,146.55,15.957800630,54000,54000
25fdead5c8778cecf4e0581b4760708b120831fd,3826.07,146.81,15.997341669,55000,54000
25fdead5c8778cecf4e0581b4760708b120831fd,3817.16,146.45,15.965281147,55000,55000
25fdead5c8778cecf4e0581b4760708b120831fd,3828.32,146.68,16.004502866,55000,55000
25fdead5c8778cecf4e0581b4760708b120831fd,3808.99,145.85,15.925670960,55000,55000
25fdead5c8778cecf4e0581b4760708b120831fd,3805.93,145.97,15.918667587,54000,54000
25fdead5c8778cecf4e0581b4760708b120831fd,3810.23,145.80,15.936957370,54000,55000
25fdead5c8778cecf4e0581b4760708b120831fd,3816.36,146.56,15.949326632,55000,54000
25fdead5c8778cecf4e0581b4760708b120831fd,3818.75,146.32,15.983275075,55000,54000
25fdead5c8778cecf4e0581b4760708b120831fd,3825.01,146.66,15.985209546,55000,55000
25fdead5c8778cecf4e0581b4760708b120831fd,3814.75,146.11,15.937905733,55000,55000
25fdead5c8778cecf4e0581b4760708b120831fd,3836.07,146.86,16.032695556,55000,55000
25fdead5c8778cecf4e0581b4760708b120831fd,3822.68,147.00,16.007672082,53000,54000
25fdead5c8778cecf4e0581b4760708b120831fd,3811.36,146.65,15.989777565,54000,54000
25fdead5c8778cecf4e0581b4760708b120831fd,3828.83,147.42,16.027946455,54000,54000
25fdead5c8778cecf4e0581b4760708b120831fd,3832.03,147.34,16.045040001,54000,54000
25fdead5c8778cecf4e0581b4760708b120831fd,3793.07,145.94,15.911401888,54000,54000
25fdead5c8778cecf4e0581b4760708b120831fd,3819.46,146.49,15.996648417,54000,54000
25fdead5c8778cecf4e0581b4760708b120831fd,3816.82,147.38,15.972520278,54000,54000
25fdead5c8778cecf4e0581b4760708b120831fd,3850.08,147.98,16.112140357,54000,54000
25fdead5c8778cecf4e0581b4760708b120831fd,3821.01,146.84,15.993535710,54000,54000
25fdead5c8778cecf4e0581b4760708b120831fd,3801.73,146.10,15.925327601,54000,54000
25fdead5c8778cecf4e0581b4760708b120831fd,3813.07,146.89,15.957358648,54000,54000
25fdead5c8778cecf4e0581b4760708b120831fd,3827.30,148.06,15.994385524,54000,54000
25fdead5c8778cecf4e0581b4760708b120831fd,3796.95,146.77,15.908113346,54000,54000
25fdead5c8778cecf4e0581b4760708b120831fd,3827.29,148.18,16.002842128,54000,55000
25fdead5c8778cecf4e0581b4760708b120831fd,3826.83,147.67,16.023440652,54000,54000
25fdead5c8778cecf4e0581b4760708b120831fd,3794.82,146.01,15.872855359,55000,54000
25fdead5c8778cecf4e0581b4760708b120831fd,3810.43,146.18,15.943438364,54000,54000
25fdead5c8778cecf4e0581b4760708b120831fd,3817.09,146.87,15.953151319,54000,54000
edf5f0d487c87a99e3ab0542fa10d1cf60e676b7,3810.67,146.23,15.939129123,54000,54000
edf5f0d487c87a99e3ab0542fa10d1cf60e676b7,3822.17,146.40,15.965051875,55000,54000
edf5f0d487c87a99e3ab0542fa10d1cf60e676b7,3846.16,147.25,16.089423440,55000,56000
edf5f0d487c87a99e3ab0542fa10d1cf60e676b7,3815.80,146.02,15.967471066,55000,55000
edf5f0d487c87a99e3ab0542fa10d1cf60e676b7,3820.49,146.38,15.977374226,55000,55000
edf5f0d487c87a99e3ab0542fa10d1cf60e676b7,3817.13,146.43,15.947236826,55000,54000
edf5f0d487c87a99e3ab0542fa10d1cf60e676b7,3811.56,145.95,15.942163184,56000,54000
edf5f0d487c87a99e3ab0542fa10d1cf60e676b7,3801.26,145.82,15.913087113,54000,54000
edf5f0d487c87a99e3ab0542fa10d1cf60e676b7,3808.00,146.50,15.946846828,54000,54000
edf5f0d487c87a99e3ab0542fa10d1cf60e676b7,3837.01,147.41,16.071590792,54000,54000
edf5f0d487c87a99e3ab0542fa10d1cf60e676b7,3795.18,146.25,15.931700342,53000,53000
edf5f0d487c87a99e3ab0542fa10d1cf60e676b7,3831.92,147.05,16.035723281,54000,54000
edf5f0d487c87a99e3ab0542fa10d1cf60e676b7,3821.12,146.50,15.998440521,54000,54000
edf5f0d487c87a99e3ab0542fa10d1cf60e676b7,3826.61,147.66,16.025756523,54000,54000
edf5f0d487c87a99e3ab0542fa10d1cf60e676b7,3820.36,147.37,15.982554730,54000,54000
edf5f0d487c87a99e3ab0542fa10d1cf60e676b7,3818.38,146.58,15.978817332,54000,54000
edf5f0d487c87a99e3ab0542fa10d1cf60e676b7,3847.17,148.09,16.096520962,54000,54000
edf5f0d487c87a99e3ab0542fa10d1cf60e676b7,3811.33,146.21,15.956119946,54000,54000
edf5f0d487c87a99e3ab0542fa10d1cf60e676b7,3808.34,146.39,15.961033784,54000,54000
edf5f0d487c87a99e3ab0542fa10d1cf60e676b7,3821.34,146.59,16.008256643,54000,54000
edf5f0d487c87a99e3ab0542fa10d1cf60e676b7,3799.48,146.38,15.923418380,54000,54000
edf5f0d487c87a99e3ab0542fa10d1cf60e676b7,3790.05,145.50,15.881463301,54000,55000
edf5f0d487c87a99e3ab0542fa10d1cf60e676b7,3808.80,146.21,15.957957439,54000,53000
edf5f0d487c87a99e3ab0542fa10d1cf60e676b7,3802.05,146.27,15.913959820,54000,54000
edf5f0d487c87a99e3ab0542fa10d1cf60e676b7,3827.52,147.80,16.074995733,54000,54000
edf5f0d487c87a99e3ab0542fa10d1cf60e676b7,3866.67,149.15,16.172613146,54000,55000
edf5f0d487c87a99e3ab0542fa10d1cf60e676b7,3816.48,147.37,15.967804807,55000,54000
edf5f0d487c87a99e3ab0542fa10d1cf60e676b7,3823.63,147.60,16.001201525,54000,54000
edf5f0d487c87a99e3ab0542fa10d1cf60e676b7,3824.19,147.52,16.026341755,54000,54000
edf5f0d487c87a99e3ab0542fa10d1cf60e676b7,3821.44,146.92,15.975767534,54000,54000
536f1bf1eb6f2f8c0c434fd0c554e6070a7e32e9,3850.08,147.02,16.143653247,54000,54000
536f1bf1eb6f2f8c0c434fd0c554e6070a7e32e9,3871.89,148.08,16.235256997,56000,56000
536f1bf1eb6f2f8c0c434fd0c554e6070a7e32e9,3864.82,147.85,16.205845390,55000,54000
536f1bf1eb6f2f8c0c434fd0c554e6070a7e32e9,3881.11,148.20,16.255352950,56000,54000
536f1bf1eb6f2f8c0c434fd0c554e6070a7e32e9,3853.67,147.18,16.144355260,54000,55000
536f1bf1eb6f2f8c0c434fd0c554e6070a7e32e9,3874.29,147.84,16.239745187,55000,54000
536f1bf1eb6f2f8c0c434fd0c554e6070a7e32e9,3886.40,149.00,16.271825141,55000,56000
536f1bf1eb6f2f8c0c434fd0c554e6070a7e32e9,3868.22,147.12,16.196508168,54000,54000
536f1bf1eb6f2f8c0c434fd0c554e6070a7e32e9,3838.74,146.02,16.084425791,55000,55000
536f1bf1eb6f2f8c0c434fd0c554e6070a7e32e9,3845.73,147.19,16.125070097,53000,54000
536f1bf1eb6f2f8c0c434fd0c554e6070a7e32e9,3875.02,148.09,16.258872128,54000,54000
536f1bf1eb6f2f8c0c434fd0c554e6070a7e32e9,3874.80,148.27,16.265027205,54000,54000
536f1bf1eb6f2f8c0c434fd0c554e6070a7e32e9,3879.90,148.43,16.284809920,53000,53000
536f1bf1eb6f2f8c0c434fd0c554e6070a7e32e9,3856.15,147.84,16.184027701,54000,54000
536f1bf1eb6f2f8c0c434fd0c554e6070a7e32e9,3856.50,148.05,16.195993042,54000,54000
536f1bf1eb6f2f8c0c434fd0c554e6070a7e32e9,3863.34,148.07,16.212173563,54000,54000
536f1bf1eb6f2f8c0c434fd0c554e6070a7e32e9,3832.64,146.94,16.113878791,54000,54000
536f1bf1eb6f2f8c0c434fd0c554e6070a7e32e9,3832.93,146.35,16.080807286,54000,54000
536f1bf1eb6f2f8c0c434fd0c554e6070a7e32e9,3876.13,148.20,16.253813143,54000,54000
536f1bf1eb6f2f8c0c434fd0c554e6070a7e32e9,3855.89,148.18,16.172550593,54000,54000
536f1bf1eb6f2f8c0c434fd0c554e6070a7e32e9,3859.78,148.01,16.159357494,55000,54000
536f1bf1eb6f2f8c0c434fd0c554e6070a7e32e9,3862.43,147.80,16.207317659,54000,54000
536f1bf1eb6f2f8c0c434fd0c554e6070a7e32e9,3864.28,148.20,16.201041107,54000,54000
536f1bf1eb6f2f8c0c434fd0c554e6070a7e32e9,3879.18,148.95,16.300975385,54000,53000
536f1bf1eb6f2f8c0c434fd0c554e6070a7e32e9,3856.95,148.03,16.190878967,54000,54000
536f1bf1eb6f2f8c0c434fd0c554e6070a7e32e9,3843.02,147.79,16.114781041,54000,54000
536f1bf1eb6f2f8c0c434fd0c554e6070a7e32e9,3867.28,148.96,16.208430129,54000,55000
536f1bf1eb6f2f8c0c434fd0c554e6070a7e32e9,3847.63,147.86,16.136114500,54000,54000
536f1bf1eb6f2f8c0c434fd0c554e6070a7e32e9,3877.02,148.31,16.238892499,54000,54000
536f1bf1eb6f2f8c0c434fd0c554e6070a7e32e9,3862.82,147.92,16.180414811,54000,54000
4d4b3f2001fda466b7a1de9ee00957a12ab14819,3841.43,147.06,16.107302169,54000,55000
4d4b3f2001fda466b7a1de9ee00957a12ab14819,3861.62,147.61,16.190881781,54000,54000
4d4b3f2001fda466b7a1de9ee00957a12ab14819,3851.47,147.83,16.141168757,55000,55000
4d4b3f2001fda466b7a1de9ee00957a12ab14819,3820.04,145.86,16.026630697,55000,54000
4d4b3f2001fda466b7a1de9ee00957a12ab14819,3855.59,147.09,16.151865797,54000,54000
4d4b3f2001fda466b7a1de9ee00957a12ab14819,3869.70,148.25,16.208903824,54000,54000
4d4b3f2001fda466b7a1de9ee00957a12ab14819,3849.06,147.34,16.114094531,54000,54000
4d4b3f2001fda466b7a1de9ee00957a12ab14819,3875.33,148.09,16.233114995,55000,55000
4d4b3f2001fda466b7a1de9ee00957a12ab14819,3846.57,147.55,16.081269411,55000,55000
4d4b3f2001fda466b7a1de9ee00957a12ab14819,3890.56,148.72,16.290631741,54000,54000
4d4b3f2001fda466b7a1de9ee00957a12ab14819,3867.94,147.85,16.194054379,55000,55000
4d4b3f2001fda466b7a1de9ee00957a12ab14819,3861.41,148.00,16.182174284,54000,54000
4d4b3f2001fda466b7a1de9ee00957a12ab14819,3839.28,146.87,16.120927372,54000,54000
4d4b3f2001fda466b7a1de9ee00957a12ab14819,3881.16,148.73,16.274052016,54000,54000
4d4b3f2001fda466b7a1de9ee00957a12ab14819,3850.82,147.79,16.173868208,53000,54000
4d4b3f2001fda466b7a1de9ee00957a12ab14819,3855.46,147.55,16.179888827,54000,54000
4d4b3f2001fda466b7a1de9ee00957a12ab14819,3851.16,147.98,16.176341583,54000,53000
4d4b3f2001fda466b7a1de9ee00957a12ab14819,3867.41,148.02,16.235386760,54000,54000
4d4b3f2001fda466b7a1de9ee00957a12ab14819,3850.68,147.91,16.196516575,53000,54000
4d4b3f2001fda466b7a1de9ee00957a12ab14819,3847.35,147.74,16.151638750,54000,54000
4d4b3f2001fda466b7a1de9ee00957a12ab14819,3840.02,147.34,16.110833318,54000,54000
4d4b3f2001fda466b7a1de9ee00957a12ab14819,3858.13,147.92,16.201568910,53000,54000
4d4b3f2001fda466b7a1de9ee00957a12ab14819,3847.64,147.72,16.167130950,54000,54000
4d4b3f2001fda466b7a1de9ee00957a12ab14819,3853.86,147.51,16.158587645,54000,53000
4d4b3f2001fda466b7a1de9ee00957a12ab14819,3880.97,149.09,16.294539763,54000,53000
4d4b3f2001fda466b7a1de9ee00957a12ab14819,3877.03,149.37,16.232247275,54000,54000
4d4b3f2001fda466b7a1de9ee00957a12ab14819,3838.48,147.12,16.108883329,54000,55000
4d4b3f2001fda466b7a1de9ee00957a12ab14819,3874.83,148.78,16.251674852,54000,54000
4d4b3f2001fda466b7a1de9ee00957a12ab14819,3870.50,148.25,16.213553685,54000,54000
4d4b3f2001fda466b7a1de9ee00957a12ab14819,3848.35,147.41,16.138020081,54000,54000
6b72b8cde5cf0c2c79995bf1de89ba267d3c3570,3876.79,148.17,16.257273194,54000,54000
6b72b8cde5cf0c2c79995bf1de89ba267d3c3570,3858.06,147.15,16.172694960,54000,55000
6b72b8cde5cf0c2c79995bf1de89ba267d3c3570,3872.67,148.37,16.232730826,54000,54000
6b72b8cde5cf0c2c79995bf1de89ba267d3c3570,3874.98,147.69,16.237420903,54000,54000
6b72b8cde5cf0c2c79995bf1de89ba267d3c3570,3855.80,147.37,16.151200291,54000,54000
6b72b8cde5cf0c2c79995bf1de89ba267d3c3570,3890.62,148.67,16.280117880,55000,54000
6b72b8cde5cf0c2c79995bf1de89ba267d3c3570,3880.09,148.04,16.245776576,54000,55000
6b72b8cde5cf0c2c79995bf1de89ba267d3c3570,3889.41,148.69,16.299773104,54000,54000
6b72b8cde5cf0c2c79995bf1de89ba267d3c3570,3891.61,149.02,16.290861688,54000,54000
6b72b8cde5cf0c2c79995bf1de89ba267d3c3570,3905.11,149.29,16.368350599,55000,54000
6b72b8cde5cf0c2c79995bf1de89ba267d3c3570,3862.55,147.85,16.169192849,55000,55000
6b72b8cde5cf0c2c79995bf1de89ba267d3c3570,3853.28,147.20,16.156079665,55000,55000
6b72b8cde5cf0c2c79995bf1de89ba267d3c3570,3852.19,147.88,16.166532796,54000,54000
6b72b8cde5cf0c2c79995bf1de89ba267d3c3570,3880.75,149.04,16.271560954,54000,54000
6b72b8cde5cf0c2c79995bf1de89ba267d3c3570,3887.45,148.81,16.338029545,54000,53000
6b72b8cde5cf0c2c79995bf1de89ba267d3c3570,3889.24,149.20,16.332493476,53000,54000
6b72b8cde5cf0c2c79995bf1de89ba267d3c3570,3850.20,147.95,16.163014358,54000,54000
6b72b8cde5cf0c2c79995bf1de89ba267d3c3570,3851.40,147.59,16.179711200,54000,53000
6b72b8cde5cf0c2c79995bf1de89ba267d3c3570,3831.76,146.76,16.084381709,54000,53000
6b72b8cde5cf0c2c79995bf1de89ba267d3c3570,3876.35,148.68,16.255175674,54000,54000
6b72b8cde5cf0c2c79995bf1de89ba267d3c3570,3862.29,148.18,16.223819856,54000,54000
6b72b8cde5cf0c2c79995bf1de89ba267d3c3570,3885.16,149.35,16.321252112,54000,54000
6b72b8cde5cf0c2c79995bf1de89ba267d3c3570,3853.25,147.46,16.191309202,54000,54000
6b72b8cde5cf0c2c79995bf1de89ba267d3c3570,3861.97,148.09,16.199037545,54000,54000
6b72b8cde5cf0c2c79995bf1de89ba267d3c3570,3887.79,149.31,16.316219340,55000,55000
6b72b8cde5cf0c2c79995bf1de89ba267d3c3570,3858.02,148.19,16.171175354,54000,54000
6b72b8cde5cf0c2c79995bf1de89ba267d3c3570,3854.56,148.19,16.162028891,54000,54000
6b72b8cde5cf0c2c79995bf1de89ba267d3c3570,3852.86,147.45,16.152742897,54000,54000
6b72b8cde5cf0c2c79995bf1de89ba267d3c3570,3886.45,148.86,16.288636878,54000,54000
6b72b8cde5cf0c2c79995bf1de89ba267d3c3570,3857.22,147.99,16.159550857,54000,54000
c1df0def5498a5e4d698fe2e21cdd0b980eadd94,3917.88,150.39,16.417077625,55000,55000
c1df0def5498a5e4d698fe2e21cdd0b980eadd94,3880.03,148.31,16.255816645,54000,55000
c1df0def5498a5e4d698fe2e21cdd0b980eadd94,3860.74,147.46,16.183376366,54000,55000
c1df0def5498a5e4d698fe2e21cdd0b980eadd94,3897.43,148.92,16.320870518,54000,55000
c1df0def5498a5e4d698fe2e21cdd0b980eadd94,3848.53,146.90,16.120792883,55000,54000
c1df0def5498a5e4d698fe2e21cdd0b980eadd94,3866.70,147.87,16.196895424,55000,54000
c1df0def5498a5e4d698fe2e21cdd0b980eadd94,3885.27,148.52,16.271505705,55000,55000
c1df0def5498a5e4d698fe2e21cdd0b980eadd94,3847.54,147.69,16.142108873,54000,54000
c1df0def5498a5e4d698fe2e21cdd0b980eadd94,3879.79,148.98,16.264511660,54000,54000
c1df0def5498a5e4d698fe2e21cdd0b980eadd94,3859.82,147.72,16.205888997,53000,53000
c1df0def5498a5e4d698fe2e21cdd0b980eadd94,3854.71,147.85,16.187276015,53000,54000
c1df0def5498a5e4d698fe2e21cdd0b980eadd94,3849.70,147.85,16.181114008,54000,54000
c1df0def5498a5e4d698fe2e21cdd0b980eadd94,3823.57,146.56,16.063156748,54000,54000
c1df0def5498a5e4d698fe2e21cdd0b980eadd94,3856.54,148.46,16.189011208,54000,54000
c1df0def5498a5e4d698fe2e21cdd0b980eadd94,3850.26,148.10,16.176629793,54000,54000
c1df0def5498a5e4d698fe2e21cdd0b980eadd94,3873.02,148.63,16.255943106,54000,54000
c1df0def5498a5e4d698fe2e21cdd0b980eadd94,3845.84,147.26,16.137901741,54000,54000
c1df0def5498a5e4d698fe2e21cdd0b980eadd94,3864.25,148.10,16.215837375,54000,54000
c1df0def5498a5e4d698fe2e21cdd0b980eadd94,3863.41,147.67,16.208570993,54000,54000
c1df0def5498a5e4d698fe2e21cdd0b980eadd94,3858.86,148.01,16.221838076,54000,54000
c1df0def5498a5e4d698fe2e21cdd0b980eadd94,3861.51,148.46,16.196463548,54000,54000
c1df0def5498a5e4d698fe2e21cdd0b980eadd94,3889.74,148.84,16.335500485,54000,54000
c1df0def5498a5e4d698fe2e21cdd0b980eadd94,3873.64,148.56,16.270178237,54000,55000
c1df0def5498a5e4d698fe2e21cdd0b980eadd94,3842.44,147.60,16.138093304,54000,54000
c1df0def5498a5e4d698fe2e21cdd0b980eadd94,3860.03,148.26,16.191667998,54000,54000
c1df0def5498a5e4d698fe2e21cdd0b980eadd94,3834.12,147.59,16.083107281,54000,54000
c1df0def5498a5e4d698fe2e21cdd0b980eadd94,3887.58,149.56,16.292639243,54000,55000
c1df0def5498a5e4d698fe2e21cdd0b980eadd94,3887.31,149.63,16.295552452,54000,54000
c1df0def5498a5e4d698fe2e21cdd0b980eadd94,3861.94,148.18,16.198189483,54000,54000
c1df0def5498a5e4d698fe2e21cdd0b980eadd94,3875.24,148.48,16.238138472,54000,54000
c7dcb58488a51fd1da5b99a3afcd0496d67f5bc2,3900.66,149.39,16.342623933,55000,54000
c7dcb58488a51fd1da5b99a3afcd0496d67f5bc2,3851.34,147.43,16.133824895,55000,55000
c7dcb58488a51fd1da5b99a3afcd0496d67f5bc2,3890.34,149.38,16.288498124,55000,54000
c7dcb58488a51fd1da5b99a3afcd0496d67f5bc2,3876.78,148.42,16.238610504,54000,55000
c7dcb58488a51fd1da5b99a3afcd0496d67f5bc2,3873.39,148.61,16.236737174,54000,55000
c7dcb58488a51fd1da5b99a3afcd0496d67f5bc2,3881.63,148.35,16.254145953,54000,54000
c7dcb58488a51fd1da5b99a3afcd0496d67f5bc2,3868.65,147.53,16.205114707,54000,54000
c7dcb58488a51fd1da5b99a3afcd0496d67f5bc2,3856.54,146.75,16.173194163,56000,56000
c7dcb58488a51fd1da5b99a3afcd0496d67f5bc2,3885.39,148.47,16.265367265,55000,55000
c7dcb58488a51fd1da5b99a3afcd0496d67f5bc2,3871.65,147.34,16.216943126,55000,54000
c7dcb58488a51fd1da5b99a3afcd0496d67f5bc2,3855.77,148.10,16.200036624,54000,54000
c7dcb58488a51fd1da5b99a3afcd0496d67f5bc2,3838.12,147.63,16.131236152,54000,54000
c7dcb58488a51fd1da5b99a3afcd0496d67f5bc2,3855.82,147.59,16.180180841,54000,54000
c7dcb58488a51fd1da5b99a3afcd0496d67f5bc2,3867.06,148.17,16.211438334,54000,54000
c7dcb58488a51fd1da5b99a3afcd0496d67f5bc2,3860.81,148.43,16.217523772,54000,54000
c7dcb58488a51fd1da5b99a3afcd0496d67f5bc2,3861.87,148.19,16.209142336,54000,54000
c7dcb58488a51fd1da5b99a3afcd0496d67f5bc2,3859.86,148.36,16.173450135,54000,54000
c7dcb58488a51fd1da5b99a3afcd0496d67f5bc2,3847.37,147.27,16.118809739,54000,55000
c7dcb58488a51fd1da5b99a3afcd0496d67f5bc2,3873.79,148.87,16.270895863,54000,53000
c7dcb58488a51fd1da5b99a3afcd0496d67f5bc2,3861.00,147.76,16.200328538,54000,54000
c7dcb58488a51fd1da5b99a3afcd0496d67f5bc2,3866.50,148.64,16.204714858,54000,54000
c7dcb58488a51fd1da5b99a3afcd0496d67f5bc2,3884.27,149.35,16.271179339,54000,54000
c7dcb58488a51fd1da5b99a3afcd0496d67f5bc2,3910.67,150.40,16.399824509,54000,54000
c7dcb58488a51fd1da5b99a3afcd0496d67f5bc2,3861.15,148.61,16.241361539,54000,54000
c7dcb58488a51fd1da5b99a3afcd0496d67f5bc2,3911.35,150.36,16.421468102,54000,54000
c7dcb58488a51fd1da5b99a3afcd0496d67f5bc2,3892.14,149.30,16.314267045,54000,55000
c7dcb58488a51fd1da5b99a3afcd0496d67f5bc2,3862.21,148.05,16.181946883,54000,54000
c7dcb58488a51fd1da5b99a3afcd0496d67f5bc2,3893.37,149.08,16.319591738,54000,54000
c7dcb58488a51fd1da5b99a3afcd0496d67f5bc2,3858.61,147.04,16.171282937,54000,54000
c7dcb58488a51fd1da5b99a3afcd0496d67f5bc2,3889.00,148.47,16.297639059,54000,55000
5b5ed4836b30721a6829aed7a588333af1c0b394,3865.64,147.54,16.202051019,55000,54000
5b5ed4836b30721a6829aed7a588333af1c0b394,3858.08,147.71,16.169038407,54000,55000
5b5ed4836b30721a6829aed7a588333af1c0b394,3898.86,149.28,16.322910573,55000,54000
5b5ed4836b30721a6829aed7a588333af1c0b394,3850.49,147.21,16.127087601,55000,55000
5b5ed4836b30721a6829aed7a588333af1c0b394,3849.23,147.22,16.120876711,54000,54000
5b5ed4836b30721a6829aed7a588333af1c0b394,3886.65,148.49,16.279532739,55000,55000
5b5ed4836b30721a6829aed7a588333af1c0b394,3890.81,148.97,16.307264525,55000,54000
5b5ed4836b30721a6829aed7a588333af1c0b394,3863.98,147.71,16.202927594,54000,54000
5b5ed4836b30721a6829aed7a588333af1c0b394,3872.69,148.03,16.226202964,55000,55000
5b5ed4836b30721a6829aed7a588333af1c0b394,3872.86,148.11,16.231612232,55000,54000
5b5ed4836b30721a6829aed7a588333af1c0b394,3850.69,147.49,16.173556762,54000,54000
5b5ed4836b30721a6829aed7a588333af1c0b394,3854.44,148.09,16.166867586,54000,54000
5b5ed4836b30721a6829aed7a588333af1c0b394,3857.09,148.58,16.197291850,54000,54000
5b5ed4836b30721a6829aed7a588333af1c0b394,3883.91,149.16,16.300438977,53000,54000
5b5ed4836b30721a6829aed7a588333af1c0b394,3874.21,148.66,16.263577596,54000,54000
5b5ed4836b30721a6829aed7a588333af1c0b394,3879.01,148.59,16.281647428,54000,54000
5b5ed4836b30721a6829aed7a588333af1c0b394,3846.73,147.74,16.181099894,54000,55000
5b5ed4836b30721a6829aed7a588333af1c0b394,3882.25,149.33,16.304771282,54000,53000
5b5ed4836b30721a6829aed7a588333af1c0b394,3880.19,148.62,16.263500471,55000,55000
5b5ed4836b30721a6829aed7a588333af1c0b394,3879.63,148.63,16.277973885,54000,54000
5b5ed4836b30721a6829aed7a588333af1c0b394,3869.37,148.34,16.232110808,54000,54000
5b5ed4836b30721a6829aed7a588333af1c0b394,3876.41,148.87,16.268007884,54000,52000
5b5ed4836b30721a6829aed7a588333af1c0b394,3892.45,149.71,16.311726731,54000,54000
5b5ed4836b30721a6829aed7a588333af1c0b394,3849.07,148.05,16.132537210,54000,54000
5b5ed4836b30721a6829aed7a588333af1c0b394,3878.49,149.43,16.258206113,54000,55000
5b5ed4836b30721a6829aed7a588333af1c0b394,3854.45,148.29,16.198438106,54000,54000
5b5ed4836b30721a6829aed7a588333af1c0b394,3889.23,148.86,16.282502606,55000,54000
5b5ed4836b30721a6829aed7a588333af1c0b394,3883.69,149.08,16.283905274,54000,54000
5b5ed4836b30721a6829aed7a588333af1c0b394,3859.19,147.77,16.174184956,54000,54000
5b5ed4836b30721a6829aed7a588333af1c0b394,3854.97,147.78,16.166028976,54000,54000
8a891b2c058c39bd822f71be4199baf1b01fccf8,3841.86,146.62,16.095258385,54000,53000
8a891b2c058c39bd822f71be4199baf1b01fccf8,3851.02,147.69,16.138870854,55000,54000
8a891b2c058c39bd822f71be4199baf1b01fccf8,3877.45,148.39,16.234249439,54000,55000
8a891b2c058c39bd822f71be4199baf1b01fccf8,3892.45,149.19,16.311368449,54000,55000
8a891b2c058c39bd822f71be4199baf1b01fccf8,3876.56,148.45,16.246469662,54000,55000
8a891b2c058c39bd822f71be4199baf1b01fccf8,3861.67,147.48,16.182042559,54000,54000
8a891b2c058c39bd822f71be4199baf1b01fccf8,3887.11,148.65,16.273971683,54000,55000
8a891b2c058c39bd822f71be4199baf1b01fccf8,3867.26,147.68,16.210032620,54000,54000
8a891b2c058c39bd822f71be4199baf1b01fccf8,3862.68,147.54,16.185618157,56000,55000
8a891b2c058c39bd822f71be4199baf1b01fccf8,3885.91,148.58,16.281063569,55000,55000
8a891b2c058c39bd822f71be4199baf1b01fccf8,3859.51,146.84,16.182035713,55000,55000
8a891b2c058c39bd822f71be4199baf1b01fccf8,3869.14,148.12,16.236018785,54000,53000
8a891b2c058c39bd822f71be4199baf1b01fccf8,3864.40,148.55,16.236554781,54000,54000
8a891b2c058c39bd822f71be4199baf1b01fccf8,3893.13,148.81,16.339412960,54000,54000
8a891b2c058c39bd822f71be4199baf1b01fccf8,3844.30,147.03,16.176394973,53000,54000
8a891b2c058c39bd822f71be4199baf1b01fccf8,3879.37,148.80,16.271218034,54000,54000
8a891b2c058c39bd822f71be4199baf1b01fccf8,3860.64,148.15,16.232071902,54000,54000
8a891b2c058c39bd822f71be4199baf1b01fccf8,3855.98,148.19,16.192470592,54000,54000
8a891b2c058c39bd822f71be4199baf1b01fccf8,3879.36,148.78,16.277385351,53000,54000
8a891b2c058c39bd822f71be4199baf1b01fccf8,3870.94,148.45,16.241012505,54000,54000
8a891b2c058c39bd822f71be4199baf1b01fccf8,3906.64,149.71,16.378917573,54000,54000
8a891b2c058c39bd822f71be4199baf1b01fccf8,3881.91,148.17,16.253543620,54000,54000
8a891b2c058c39bd822f71be4199baf1b01fccf8,3880.68,149.01,16.269993367,54000,54000
8a891b2c058c39bd822f71be4199baf1b01fccf8,3858.90,148.78,16.151521413,55000,55000
8a891b2c058c39bd822f71be4199baf1b01fccf8,3882.36,149.62,16.266103307,55000,54000
8a891b2c058c39bd822f71be4199baf1b01fccf8,3860.86,148.82,16.196733422,54000,54000
8a891b2c058c39bd822f71be4199baf1b01fccf8,3859.25,148.50,16.200892446,53000,54000
8a891b2c058c39bd822f71be4199baf1b01fccf8,3861.88,147.98,16.195920947,54000,54000
8a891b2c058c39bd822f71be4199baf1b01fccf8,3862.76,147.66,16.188712638,54000,54000
8a891b2c058c39bd822f71be4199baf1b01fccf8,3882.53,149.03,16.255026619,54000,54000
9325b2461cd09c3a68fb7b2eedc3caf1f3997559,3884.63,148.25,16.270641405,55000,54000
9325b2461cd09c3a68fb7b2eedc3caf1f3997559,3846.41,146.82,16.115589881,55000,54000
9325b2461cd09c3a68fb7b2eedc3caf1f3997559,3886.29,149.07,16.281189014,55000,55000
9325b2461cd09c3a68fb7b2eedc3caf1f3997559,3868.99,147.94,16.223266338,54000,54000
9325b2461cd09c3a68fb7b2eedc3caf1f3997559,3867.10,147.61,16.211528344,54000,55000
9325b2461cd09c3a68fb7b2eedc3caf1f3997559,3863.70,147.63,16.189135317,55000,54000
9325b2461cd09c3a68fb7b2eedc3caf1f3997559,3859.29,147.31,16.180498342,54000,54000
9325b2461cd09c3a68fb7b2eedc3caf1f3997559,3870.22,147.52,16.218834286,54000,55000
9325b2461cd09c3a68fb7b2eedc3caf1f3997559,3877.50,147.98,16.252574699,54000,54000
9325b2461cd09c3a68fb7b2eedc3caf1f3997559,3859.63,147.41,16.165526387,54000,54000
9325b2461cd09c3a68fb7b2eedc3caf1f3997559,3903.90,149.32,16.369024809,55000,55000
9325b2461cd09c3a68fb7b2eedc3caf1f3997559,3892.90,148.88,16.297573617,55000,55000
9325b2461cd09c3a68fb7b2eedc3caf1f3997559,3880.80,148.72,16.268902609,54000,54000
9325b2461cd09c3a68fb7b2eedc3caf1f3997559,3872.15,148.26,16.253429455,53000,54000
9325b2461cd09c3a68fb7b2eedc3caf1f3997559,3842.09,147.32,16.143632002,54000,54000
9325b2461cd09c3a68fb7b2eedc3caf1f3997559,3858.79,148.40,16.207174821,54000,53000
9325b2461cd09c3a68fb7b2eedc3caf1f3997559,3881.68,149.03,16.300342483,54000,54000
9325b2461cd09c3a68fb7b2eedc3caf1f3997559,3868.18,148.34,16.233396866,54000,54000
9325b2461cd09c3a68fb7b2eedc3caf1f3997559,3888.67,149.04,16.331602364,54000,54000
9325b2461cd09c3a68fb7b2eedc3caf1f3997559,3872.96,148.70,16.237615300,54000,54000
9325b2461cd09c3a68fb7b2eedc3caf1f3997559,3902.77,149.73,16.369429032,54000,55000
9325b2461cd09c3a68fb7b2eedc3caf1f3997559,3868.92,148.20,16.239352706,54000,54000
9325b2461cd09c3a68fb7b2eedc3caf1f3997559,3873.43,148.92,16.245931745,54000,55000
9325b2461cd09c3a68fb7b2eedc3caf1f3997559,3878.21,148.87,16.262704481,54000,54000
9325b2461cd09c3a68fb7b2eedc3caf1f3997559,3871.81,148.47,16.233849877,54000,54000
9325b2461cd09c3a68fb7b2eedc3caf1f3997559,3859.67,148.24,16.181925963,55000,54000
9325b2461cd09c3a68fb7b2eedc3caf1f3997559,3874.61,148.69,16.223851051,54000,54000
9325b2461cd09c3a68fb7b2eedc3caf1f3997559,3882.24,148.97,16.257747148,54000,54000
9325b2461cd09c3a68fb7b2eedc3caf1f3997559,3871.91,148.35,16.226924754,54000,54000
9325b2461cd09c3a68fb7b2eedc3caf1f3997559,3876.05,148.43,16.241422100,54000,54000
065bf67454fb758f27db615a3a250d139ec3e10e,3868.22,148.15,16.211033003,54000,54000
065bf67454fb758f27db615a3a250d139ec3e10e,3861.30,147.72,16.185237787,56000,54000
065bf67454fb758f27db615a3a250d139ec3e10e,3860.86,147.78,16.197988183,54000,54000
065bf67454fb758f27db615a3a250d139ec3e10e,3895.38,148.65,16.317454434,54000,54000
065bf67454fb758f27db615a3a250d139ec3e10e,3862.46,147.91,16.191840428,55000,54000
065bf67454fb758f27db615a3a250d139ec3e10e,3870.09,148.57,16.203099123,54000,54000
065bf67454fb758f27db615a3a250d139ec3e10e,3869.43,147.50,16.210582377,55000,55000
065bf67454fb758f27db615a3a250d139ec3e10e,3861.83,147.32,16.207041505,54000,53000
065bf67454fb758f27db615a3a250d139ec3e10e,3852.37,147.81,16.181824920,54000,54000
065bf67454fb758f27db615a3a250d139ec3e10e,3882.38,148.92,16.300750979,54000,53000
065bf67454fb758f27db615a3a250d139ec3e10e,3859.31,147.68,16.210238055,54000,54000
065bf67454fb758f27db615a3a250d139ec3e10e,3858.80,148.04,16.219239415,54000,54000
065bf67454fb758f27db615a3a250d139ec3e10e,3843.83,147.59,16.132276431,53000,54000
065bf67454fb758f27db615a3a250d139ec3e10e,3861.69,148.21,16.221111407,54000,53000
065bf67454fb758f27db615a3a250d139ec3e10e,3869.44,148.01,16.250538450,54000,53000
065bf67454fb758f27db615a3a250d139ec3e10e,3857.87,147.11,16.209163050,54000,55000
065bf67454fb758f27db615a3a250d139ec3e10e,3890.86,149.48,16.325717655,54000,54000
065bf67454fb758f27db615a3a250d139ec3e10e,3862.56,147.92,16.199992667,54000,54000
065bf67454fb758f27db615a3a250d139ec3e10e,3862.99,147.89,16.202847518,55000,54000
065bf67454fb758f27db615a3a250d139ec3e10e,3890.69,149.07,16.315881919,54000,54000
065bf67454fb758f27db615a3a250d139ec3e10e,3878.56,148.84,16.279096308,54000,54000
065bf67454fb758f27db615a3a250d139ec3e10e,3856.48,148.56,16.182824087,54000,54000
065bf67454fb758f27db615a3a250d139ec3e10e,3857.20,148.59,16.152452095,54000,54000
065bf67454fb758f27db615a3a250d139ec3e10e,3890.92,149.62,16.312701657,54000,55000
065bf67454fb758f27db615a3a250d139ec3e10e,3854.50,148.57,16.172400148,54000,54000
065bf67454fb758f27db615a3a250d139ec3e10e,3880.33,148.84,16.259710122,54000,54000
065bf67454fb758f27db615a3a250d139ec3e10e,3860.13,148.14,16.179733548,54000,54000
065bf67454fb758f27db615a3a250d139ec3e10e,3877.83,148.67,16.239835245,54000,54000
065bf67454fb758f27db615a3a250d139ec3e10e,3844.28,147.79,16.111974323,54000,54000
065bf67454fb758f27db615a3a250d139ec3e10e,3853.44,147.43,16.151201168,54000,54000
e3b5a83ee967d196169b346d96c5c332f3ae8071,3886.89,148.86,16.288741181,55000,54000
e3b5a83ee967d196169b346d96c5c332f3ae8071,3858.69,147.90,16.170556167,54000,55000
e3b5a83ee967d196169b346d96c5c332f3ae8071,3896.96,148.77,16.315456757,55000,55000
e3b5a83ee967d196169b346d96c5c332f3ae8071,3880.79,148.27,16.285369478,54000,54000
e3b5a83ee967d196169b346d96c5c332f3ae8071,3889.10,148.62,16.324381633,55000,54000
e3b5a83ee967d196169b346d96c5c332f3ae8071,3894.08,148.55,16.336782293,54000,55000
e3b5a83ee967d196169b346d96c5c332f3ae8071,3882.13,148.06,16.269531328,54000,54000
e3b5a83ee967d196169b346d96c5c332f3ae8071,3878.87,148.51,16.249728773,55000,55000
e3b5a83ee967d196169b346d96c5c332f3ae8071,3878.61,148.49,16.255508357,54000,54000
e3b5a83ee967d196169b346d96c5c332f3ae8071,3865.94,148.17,16.216137122,54000,54000
e3b5a83ee967d196169b346d96c5c332f3ae8071,3868.25,148.00,16.246472446,54000,54000
e3b5a83ee967d196169b346d96c5c332f3ae8071,3872.35,148.25,16.261631685,54000,54000
e3b5a83ee967d196169b346d96c5c332f3ae8071,3862.34,148.22,16.209068457,55000,55000
e3b5a83ee967d196169b346d96c5c332f3ae8071,3871.24,148.67,16.250388460,54000,54000
e3b5a83ee967d196169b346d96c5c332f3ae8071,3830.23,147.22,16.097065138,54000,53000
e3b5a83ee967d196169b346d96c5c332f3ae8071,3863.96,148.07,16.224748290,54000,54000
e3b5a83ee967d196169b346d96c5c332f3ae8071,3854.05,148.09,16.167646857,54000,54000
e3b5a83ee967d196169b346d96c5c332f3ae8071,3846.45,147.08,16.138410048,55000,54000
e3b5a83ee967d196169b346d96c5c332f3ae8071,3863.90,147.93,16.205973666,54000,54000
e3b5a83ee967d196169b346d96c5c332f3ae8071,3867.54,148.28,16.235139257,54000,55000
e3b5a83ee967d196169b346d96c5c332f3ae8071,3869.35,148.38,16.225210831,54000,54000
e3b5a83ee967d196169b346d96c5c332f3ae8071,3842.94,147.43,16.119105446,54000,54000
e3b5a83ee967d196169b346d96c5c332f3ae8071,3875.23,148.44,16.250791895,55000,54000
e3b5a83ee967d196169b346d96c5c332f3ae8071,3872.96,148.99,16.250478434,54000,54000
e3b5a83ee967d196169b346d96c5c332f3ae8071,3889.79,149.63,16.337104746,54000,55000
e3b5a83ee967d196169b346d96c5c332f3ae8071,3861.59,147.96,16.208766393,54000,54000
e3b5a83ee967d196169b346d96c5c332f3ae8071,3869.79,148.64,16.237069343,54000,54000
e3b5a83ee967d196169b346d96c5c332f3ae8071,3882.07,149.04,16.259433979,54000,54000
e3b5a83ee967d196169b346d96c5c332f3ae8071,3855.36,147.28,16.163212298,54000,54000
e3b5a83ee967d196169b346d96c5c332f3ae8071,3872.77,148.60,16.216161339,54000,54000
091d6e463d04f2da52bd4352b5ed14160a0fe2b9,3888.58,148.26,16.281791373,54000,55000
091d6e463d04f2da52bd4352b5ed14160a0fe2b9,3862.06,147.75,16.181956808,54000,56000
091d6e463d04f2da52bd4352b5ed14160a0fe2b9,3886.43,148.99,16.284347147,54000,54000
091d6e463d04f2da52bd4352b5ed14160a0fe2b9,3888.25,148.93,16.301102388,54000,54000
091d6e463d04f2da52bd4352b5ed14160a0fe2b9,3866.13,147.68,16.204564394,55000,54000
091d6e463d04f2da52bd4352b5ed14160a0fe2b9,3870.92,148.04,16.214954215,55000,54000
091d6e463d04f2da52bd4352b5ed14160a0fe2b9,3864.09,147.49,16.172502866,55000,55000
091d6e463d04f2da52bd4352b5ed14160a0fe2b9,3874.13,147.98,16.247256909,54000,54000
091d6e463d04f2da52bd4352b5ed14160a0fe2b9,3848.09,146.72,16.124509619,55000,54000
091d6e463d04f2da52bd4352b5ed14160a0fe2b9,3880.32,148.01,16.272849300,55000,54000
091d6e463d04f2da52bd4352b5ed14160a0fe2b9,3880.12,148.20,16.260693399,56000,54000
091d6e463d04f2da52bd4352b5ed14160a0fe2b9,3875.35,148.06,16.234856153,54000,54000
091d6e463d04f2da52bd4352b5ed14160a0fe2b9,3844.69,147.02,16.126378745,54000,55000
091d6e463d04f2da52bd4352b5ed14160a0fe2b9,3865.13,148.41,16.225664415,54000,53000
091d6e463d04f2da52bd4352b5ed14160a0fe2b9,3876.79,148.45,16.261298891,53000,54000
091d6e463d04f2da52bd4352b5ed14160a0fe2b9,3867.43,148.31,16.251231450,54000,54000
091d6e463d04f2da52bd4352b5ed14160a0fe2b9,3851.72,147.60,16.159242603,54000,54000
091d6e463d04f2da52bd4352b5ed14160a0fe2b9,3854.71,147.95,16.198334970,54000,54000
091d6e463d04f2da52bd4352b5ed14160a0fe2b9,3866.05,147.35,16.187479156,55000,54000
091d6e463d04f2da52bd4352b5ed14160a0fe2b9,3832.79,146.80,16.113240911,54000,54000
091d6e463d04f2da52bd4352b5ed14160a0fe2b9,3868.62,148.12,16.238440756,54000,54000
091d6e463d04f2da52bd4352b5ed14160a0fe2b9,3845.00,147.55,16.160673063,54000,54000
091d6e463d04f2da52bd4352b5ed14160a0fe2b9,3847.10,147.48,16.160579289,54000,54000
091d6e463d04f2da52bd4352b5ed14160a0fe2b9,3871.55,149.47,16.225471016,53000,54000
091d6e463d04f2da52bd4352b5ed14160a0fe2b9,3855.45,148.08,16.154190840,54000,54000
091d6e463d04f2da52bd4352b5ed14160a0fe2b9,3897.21,149.44,16.318609408,54000,54000
091d6e463d04f2da52bd4352b5ed14160a0fe2b9,3879.83,149.35,16.285654061,54000,54000
091d6e463d04f2da52bd4352b5ed14160a0fe2b9,3874.76,148.37,16.242573161,54000,54000
091d6e463d04f2da52bd4352b5ed14160a0fe2b9,3888.72,149.07,16.290104116,54000,54000
091d6e463d04f2da52bd4352b5ed14160a0fe2b9,3867.48,148.11,16.214673103,54000,54000
b0754712c43b7d454899cba911925cec9aac44dd,3894.94,148.75,16.345106242,56000,55000
b0754712c43b7d454899cba911925cec9aac44dd,3865.91,147.82,16.209554192,54000,54000
b0754712c43b7d454899cba911925cec9aac44dd,3852.35,147.68,16.151212077,54000,54000
b0754712c43b7d454899cba911925cec9aac44dd,3878.82,148.29,16.244781266,55000,54000
b0754712c43b7d454899cba911925cec9aac44dd,3852.51,147.12,16.151331601,55000,55000
b0754712c43b7d454899cba911925cec9aac44dd,3862.26,147.42,16.209958785,54000,54000
b0754712c43b7d454899cba911925cec9aac44dd,3856.47,147.76,16.179790395,54000,54000
b0754712c43b7d454899cba911925cec9aac44dd,3858.19,147.83,16.195759256,54000,54000
b0754712c43b7d454899cba911925cec9aac44dd,3872.85,148.33,16.272134996,54000,54000
b0754712c43b7d454899cba911925cec9aac44dd,3846.08,147.22,16.143438781,54000,54000
b0754712c43b7d454899cba911925cec9aac44dd,3886.45,149.44,16.324249077,54000,54000
b0754712c43b7d454899cba911925cec9aac44dd,3874.05,148.30,16.252983602,55000,54000
b0754712c43b7d454899cba911925cec9aac44dd,3881.09,148.68,16.288912657,55000,54000
b0754712c43b7d454899cba911925cec9aac44dd,3872.89,148.58,16.260643021,54000,54000
b0754712c43b7d454899cba911925cec9aac44dd,3866.49,148.13,16.211814107,54000,55000
b0754712c43b7d454899cba911925cec9aac44dd,3873.17,148.35,16.254437915,53000,54000
b0754712c43b7d454899cba911925cec9aac44dd,3860.20,148.16,16.194768030,54000,53000
b0754712c43b7d454899cba911925cec9aac44dd,3860.94,148.34,16.199342522,54000,55000
b0754712c43b7d454899cba911925cec9aac44dd,3821.08,146.98,16.041477886,54000,55000
b0754712c43b7d454899cba911925cec9aac44dd,3913.04,150.41,16.412756344,54000,55000
b0754712c43b7d454899cba911925cec9aac44dd,3886.34,148.84,16.307195789,54000,54000
b0754712c43b7d454899cba911925cec9aac44dd,3843.52,147.63,16.125351670,54000,54000
b0754712c43b7d454899cba911925cec9aac44dd,3871.33,148.57,16.213928492,55000,55000
b0754712c43b7d454899cba911925cec9aac44dd,3854.82,148.15,16.172782514,55000,54000
b0754712c43b7d454899cba911925cec9aac44dd,3873.28,149.23,16.258611365,55000,54000
b0754712c43b7d454899cba911925cec9aac44dd,3843.34,147.40,16.120317058,54000,54000
b0754712c43b7d454899cba911925cec9aac44dd,3861.86,148.40,16.187948037,54000,54000
b0754712c43b7d454899cba911925cec9aac44dd,3885.60,148.48,16.294327974,54000,54000
b0754712c43b7d454899cba911925cec9aac44dd,3867.79,148.15,16.222327608,54000,54000
b0754712c43b7d454899cba911925cec9aac44dd,3866.39,148.04,16.204804405,54000,54000
dcf815d5defb7fe5572867d5b7a8a59201bf64a7,3895.92,149.10,16.324599040,54000,54000
dcf815d5defb7fe5572867d5b7a8a59201bf64a7,3889.42,148.93,16.297301370,54000,54000
dcf815d5defb7fe5572867d5b7a8a59201bf64a7,3868.77,147.75,16.200864884,55000,55000
dcf815d5defb7fe5572867d5b7a8a59201bf64a7,3876.90,148.20,16.230330934,54000,54000
dcf815d5defb7fe5572867d5b7a8a59201bf64a7,3862.15,147.42,16.194349901,54000,55000
dcf815d5defb7fe5572867d5b7a8a59201bf64a7,3870.05,148.34,16.251613900,54000,54000
dcf815d5defb7fe5572867d5b7a8a59201bf64a7,3848.45,147.43,16.164570687,54000,54000
dcf815d5defb7fe5572867d5b7a8a59201bf64a7,3873.91,148.48,16.252928519,54000,54000
dcf815d5defb7fe5572867d5b7a8a59201bf64a7,3852.39,147.65,16.206488497,54000,54000
dcf815d5defb7fe5572867d5b7a8a59201bf64a7,3866.05,147.97,16.228517382,54000,54000
dcf815d5defb7fe5572867d5b7a8a59201bf64a7,3851.06,147.43,16.167659408,54000,53000
dcf815d5defb7fe5572867d5b7a8a59201bf64a7,3866.93,148.51,16.245111913,54000,53000
dcf815d5defb7fe5572867d5b7a8a59201bf64a7,3857.85,148.06,16.220968727,54000,53000
dcf815d5defb7fe5572867d5b7a8a59201bf64a7,3865.06,148.31,16.228078900,54000,54000
dcf815d5defb7fe5572867d5b7a8a59201bf64a7,3873.09,148.26,16.232881571,55000,54000
dcf815d5defb7fe5572867d5b7a8a59201bf64a7,3877.89,149.09,16.263785103,54000,54000
dcf815d5defb7fe5572867d5b7a8a59201bf64a7,3889.46,149.55,16.321461099,54000,54000
dcf815d5defb7fe5572867d5b7a8a59201bf64a7,3858.74,148.20,16.182101728,54000,54000
dcf815d5defb7fe5572867d5b7a8a59201bf64a7,3867.75,148.58,16.202713613,55000,54000
dcf815d5defb7fe5572867d5b7a8a59201bf64a7,3877.81,148.91,16.267854418,54000,54000
dcf815d5defb7fe5572867d5b7a8a59201bf64a7,3872.54,148.14,16.258093070,54000,54000
dcf815d5defb7fe5572867d5b7a8a59201bf64a7,3842.37,147.53,16.150015871,54000,54000
dcf815d5defb7fe5572867d5b7a8a59201bf64a7,3856.20,147.83,16.188130722,54000,53000
dcf815d5defb7fe5572867d5b7a8a59201bf64a7,3861.64,148.05,16.212918635,54000,54000
dcf815d5defb7fe5572867d5b7a8a59201bf64a7,3860.27,148.40,16.224714345,54000,54000
dcf815d5defb7fe5572867d5b7a8a59201bf64a7,3869.73,148.52,16.229281820,54000,54000
dcf815d5defb7fe5572867d5b7a8a59201bf64a7,3868.16,148.05,16.242625107,54000,54000
dcf815d5defb7fe5572867d5b7a8a59201bf64a7,3887.58,149.19,16.298556146,54000,54000
dcf815d5defb7fe5572867d5b7a8a59201bf64a7,3858.29,147.76,16.178440858,55000,54000
dcf815d5defb7fe5572867d5b7a8a59201bf64a7,3876.16,148.51,16.239697204,54000,54000
e32b72804f732f9354df7227aee7b3d29683ec12,3824.65,145.82,16.044011828,54000,54000
e32b72804f732f9354df7227aee7b3d29683ec12,3848.51,146.92,16.145217982,55000,55000
e32b72804f732f9354df7227aee7b3d29683ec12,3890.12,148.45,16.303228117,55000,55000
e32b72804f732f9354df7227aee7b3d29683ec12,3866.31,147.75,16.209772097,54000,55000
e32b72804f732f9354df7227aee7b3d29683ec12,3843.83,146.71,16.114602823,55000,54000
e32b72804f732f9354df7227aee7b3d29683ec12,3847.50,147.03,16.120834660,55000,55000
e32b72804f732f9354df7227aee7b3d29683ec12,3865.19,147.59,16.192787779,54000,55000
e32b72804f732f9354df7227aee7b3d29683ec12,3872.23,147.76,16.213103844,55000,54000
e32b72804f732f9354df7227aee7b3d29683ec12,3861.13,147.49,16.186181998,54000,55000
e32b72804f732f9354df7227aee7b3d29683ec12,3894.41,148.70,16.311228755,55000,55000
e32b72804f732f9354df7227aee7b3d29683ec12,3877.15,147.96,16.254739200,55000,55000
e32b72804f732f9354df7227aee7b3d29683ec12,3859.53,147.32,16.196712537,54000,54000
e32b72804f732f9354df7227aee7b3d29683ec12,3846.01,147.40,16.132923988,54000,54000
e32b72804f732f9354df7227aee7b3d29683ec12,3854.91,148.20,16.197031292,54000,54000
e32b72804f732f9354df7227aee7b3d29683ec12,3865.06,148.45,16.228387925,54000,54000
e32b72804f732f9354df7227aee7b3d29683ec12,3877.74,148.75,16.297388031,54000,54000
e32b72804f732f9354df7227aee7b3d29683ec12,3869.30,148.38,16.245781251,53000,53000
e32b72804f732f9354df7227aee7b3d29683ec12,3879.38,148.84,16.280258786,54000,54000
e32b72804f732f9354df7227aee7b3d29683ec12,3865.89,148.55,16.230389775,54000,54000
e32b72804f732f9354df7227aee7b3d29683ec12,3889.57,149.02,16.340214372,54000,54000
e32b72804f732f9354df7227aee7b3d29683ec12,3878.55,148.66,16.285984744,54000,54000
e32b72804f732f9354df7227aee7b3d29683ec12,3878.70,148.38,16.287492663,54000,54000
e32b72804f732f9354df7227aee7b3d29683ec12,3882.84,148.32,16.310975816,54000,54000
e32b72804f732f9354df7227aee7b3d29683ec12,3885.42,149.12,16.290641431,54000,53000
e32b72804f732f9354df7227aee7b3d29683ec12,3873.52,148.91,16.235003982,55000,55000
e32b72804f732f9354df7227aee7b3d29683ec12,3848.32,147.83,16.164540758,54000,54000
e32b72804f732f9354df7227aee7b3d29683ec12,3872.64,149.23,16.255681558,54000,55000
e32b72804f732f9354df7227aee7b3d29683ec12,3869.66,148.93,16.237012676,54000,55000
e32b72804f732f9354df7227aee7b3d29683ec12,3867.53,148.24,16.217516081,54000,54000
e32b72804f732f9354df7227aee7b3d29683ec12,3860.37,147.77,16.212839804,54000,54000
e46911c1be681edeec3d23578d3d613860660631,3856.39,147.48,16.173402300,54000,54000
e46911c1be681edeec3d23578d3d613860660631,3878.45,148.32,16.260887298,54000,54000
e46911c1be681edeec3d23578d3d613860660631,3875.87,147.73,16.261132688,54000,54000
e46911c1be681edeec3d23578d3d613860660631,3857.73,147.49,16.168584074,54000,54000
e46911c1be681edeec3d23578d3d613860660631,3862.72,147.68,16.178422082,54000,55000
e46911c1be681edeec3d23578d3d613860660631,3869.32,148.04,16.221086797,54000,54000
e46911c1be681edeec3d23578d3d613860660631,3851.59,146.99,16.136428173,55000,55000
e46911c1be681edeec3d23578d3d613860660631,3861.91,148.37,16.241159083,53000,54000
e46911c1be681edeec3d23578d3d613860660631,3858.91,148.10,16.203075866,54000,53000
e46911c1be681edeec3d23578d3d613860660631,3847.31,147.60,16.175705194,54000,54000
e46911c1be681edeec3d23578d3d613860660631,3863.74,147.77,16.224972890,54000,54000
e46911c1be681edeec3d23578d3d613860660631,3847.39,147.45,16.174682297,54000,54000
e46911c1be681edeec3d23578d3d613860660631,3854.86,147.85,16.202554419,54000,54000
e46911c1be681edeec3d23578d3d613860660631,3847.72,147.56,16.195666741,54000,54000
e46911c1be681edeec3d23578d3d613860660631,3876.13,149.01,16.268108978,54000,54000
e46911c1be681edeec3d23578d3d613860660631,3868.48,148.62,16.236075740,54000,54000
e46911c1be681edeec3d23578d3d613860660631,3897.15,149.78,16.378058501,54000,54000
e46911c1be681edeec3d23578d3d613860660631,3877.86,148.46,16.280520173,54000,53000
e46911c1be681edeec3d23578d3d613860660631,3865.31,147.60,16.224032970,54000,54000
e46911c1be681edeec3d23578d3d613860660631,3834.00,146.66,16.097145087,54000,55000
e46911c1be681edeec3d23578d3d613860660631,3851.42,147.54,16.152690499,54000,54000
e46911c1be681edeec3d23578d3d613860660631,3868.58,148.34,16.217532920,54000,54000
e46911c1be681edeec3d23578d3d613860660631,3860.29,147.69,16.215635487,54000,54000
e46911c1be681edeec3d23578d3d613860660631,3873.09,149.24,16.227016282,54000,54000
e46911c1be681edeec3d23578d3d613860660631,3857.82,148.40,16.172153107,54000,54000
e46911c1be681edeec3d23578d3d613860660631,3899.44,149.75,16.352930260,55000,55000
e46911c1be681edeec3d23578d3d613860660631,3867.33,148.40,16.219597143,54000,54000
e46911c1be681edeec3d23578d3d613860660631,3911.83,149.53,16.398293283,54000,54000
e46911c1be681edeec3d23578d3d613860660631,3881.51,148.64,16.268141712,54000,54000
e46911c1be681edeec3d23578d3d613860660631,3902.00,149.34,16.363037782,54000,54000
95279e638e8f17e90ebf4356b94c1cc0ad7ceec6,3866.24,147.77,16.201736471,54000,55000
95279e638e8f17e90ebf4356b94c1cc0ad7ceec6,3866.47,147.91,16.207608861,55000,54000
95279e638e8f17e90ebf4356b94c1cc0ad7ceec6,3885.05,148.77,16.283241685,55000,54000
95279e638e8f17e90ebf4356b94c1cc0ad7ceec6,3887.72,148.43,16.306892794,55000,54000
95279e638e8f17e90ebf4356b94c1cc0ad7ceec6,3871.99,147.69,16.218496483,54000,55000
95279e638e8f17e90ebf4356b94c1cc0ad7ceec6,3877.09,147.78,16.254257597,55000,54000
95279e638e8f17e90ebf4356b94c1cc0ad7ceec6,3902.98,149.38,16.358811874,54000,54000
95279e638e8f17e90ebf4356b94c1cc0ad7ceec6,3859.46,147.36,16.172784026,54000,55000
95279e638e8f17e90ebf4356b94c1cc0ad7ceec6,3872.75,148.44,16.218042558,54000,54000
95279e638e8f17e90ebf4356b94c1cc0ad7ceec6,3885.16,148.93,16.272462163,55000,54000
95279e638e8f17e90ebf4356b94c1cc0ad7ceec6,3882.77,148.57,16.260658522,54000,54000
95279e638e8f17e90ebf4356b94c1cc0ad7ceec6,3873.45,147.97,16.218594061,55000,55000
95279e638e8f17e90ebf4356b94c1cc0ad7ceec6,3896.29,148.49,16.344470130,55000,55000
95279e638e8f17e90ebf4356b94c1cc0ad7ceec6,3853.80,148.05,16.180299033,54000,53000
95279e638e8f17e90ebf4356b94c1cc0ad7ceec6,3869.84,148.20,16.254366573,53000,54000
95279e638e8f17e90ebf4356b94c1cc0ad7ceec6,3868.86,148.24,16.264127286,54000,54000
95279e638e8f17e90ebf4356b94c1cc0ad7ceec6,3904.30,149.81,16.364675416,54000,54000
95279e638e8f17e90ebf4356b94c1cc0ad7ceec6,3847.42,146.77,16.109978246,54000,55000
95279e638e8f17e90ebf4356b94c1cc0ad7ceec6,3850.13,147.37,16.173318605,55000,54000
95279e638e8f17e90ebf4356b94c1cc0ad7ceec6,3850.02,147.45,16.159535074,54000,54000
95279e638e8f17e90ebf4356b94c1cc0ad7ceec6,3874.39,148.64,16.271253235,54000,53000
95279e638e8f17e90ebf4356b94c1cc0ad7ceec6,3861.01,147.86,16.216224949,54000,54000
95279e638e8f17e90ebf4356b94c1cc0ad7ceec6,3885.39,149.55,16.294525827,54000,53000
95279e638e8f17e90ebf4356b94c1cc0ad7ceec6,3858.31,148.89,16.164665324,54000,54000
95279e638e8f17e90ebf4356b94c1cc0ad7ceec6,3883.65,149.60,16.292839222,55000,55000
95279e638e8f17e90ebf4356b94c1cc0ad7ceec6,3864.87,148.76,16.225813490,54000,55000
95279e638e8f17e90ebf4356b94c1cc0ad7ceec6,3865.99,148.78,16.252548492,54000,54000
95279e638e8f17e90ebf4356b94c1cc0ad7ceec6,3856.23,148.44,16.201360690,54000,54000
95279e638e8f17e90ebf4356b94c1cc0ad7ceec6,3874.91,148.55,16.247528353,54000,54000
95279e638e8f17e90ebf4356b94c1cc0ad7ceec6,3840.18,147.37,16.112042631,54000,54000
b74ce2a9d74c7cd712509243ed0a952f40b16e1b,3893.34,149.57,16.295123138,54000,55000
b74ce2a9d74c7cd712509243ed0a952f40b16e1b,3847.59,146.61,16.138727741,56000,55000
b74ce2a9d74c7cd712509243ed0a952f40b16e1b,3860.10,147.48,16.176959741,54000,54000
b74ce2a9d74c7cd712509243ed0a952f40b16e1b,3859.23,147.05,16.171438983,55000,55000
b74ce2a9d74c7cd712509243ed0a952f40b16e1b,3867.52,147.94,16.195814564,55000,54000
b74ce2a9d74c7cd712509243ed0a952f40b16e1b,3880.53,147.75,16.260257643,54000,54000
b74ce2a9d74c7cd712509243ed0a952f40b16e1b,3855.54,147.31,16.165130365,54000,54000
b74ce2a9d74c7cd712509243ed0a952f40b16e1b,3860.72,147.76,16.176055860,55000,55000
b74ce2a9d74c7cd712509243ed0a952f40b16e1b,3867.52,147.75,16.192736144,56000,55000
b74ce2a9d74c7cd712509243ed0a952f40b16e1b,3882.15,148.02,16.270853341,55000,55000
b74ce2a9d74c7cd712509243ed0a952f40b16e1b,3870.73,148.09,16.227380828,55000,54000
b74ce2a9d74c7cd712509243ed0a952f40b16e1b,3834.79,146.65,16.111184081,54000,54000
b74ce2a9d74c7cd712509243ed0a952f40b16e1b,3868.29,148.10,16.233755715,54000,53000
b74ce2a9d74c7cd712509243ed0a952f40b16e1b,3860.16,148.25,16.217034932,53000,54000
b74ce2a9d74c7cd712509243ed0a952f40b16e1b,3845.10,147.08,16.154903297,53000,53000
b74ce2a9d74c7cd712509243ed0a952f40b16e1b,3886.97,148.32,16.328265416,54000,54000
b74ce2a9d74c7cd712509243ed0a952f40b16e1b,3870.18,148.24,16.235991270,53000,53000
b74ce2a9d74c7cd712509243ed0a952f40b16e1b,3829.07,146.43,16.092508403,54000,54000
b74ce2a9d74c7cd712509243ed0a952f40b16e1b,3865.40,148.26,16.268351979,54000,54000
b74ce2a9d74c7cd712509243ed0a952f40b16e1b,3873.34,148.73,16.272953205,54000,54000
b74ce2a9d74c7cd712509243ed0a952f40b16e1b,3919.15,149.77,16.448113953,54000,54000
b74ce2a9d74c7cd712509243ed0a952f40b16e1b,3872.35,147.97,16.249062735,54000,54000
b74ce2a9d74c7cd712509243ed0a952f40b16e1b,3842.52,147.26,16.112757390,55000,54000
b74ce2a9d74c7cd712509243ed0a952f40b16e1b,3874.24,149.17,16.237376980,54000,54000
b74ce2a9d74c7cd712509243ed0a952f40b16e1b,3864.22,148.52,16.222354691,54000,55000
b74ce2a9d74c7cd712509243ed0a952f40b16e1b,3878.26,149.24,16.255143091,54000,54000
b74ce2a9d74c7cd712509243ed0a952f40b16e1b,3845.09,147.57,16.140617833,54000,54000
b74ce2a9d74c7cd712509243ed0a952f40b16e1b,3862.74,147.85,16.201712097,54000,54000
b74ce2a9d74c7cd712509243ed0a952f40b16e1b,3887.93,148.95,16.316031749,54000,53000
b74ce2a9d74c7cd712509243ed0a952f40b16e1b,3877.63,148.08,16.245208906,54000,54000
02408d2f8ffa710ac56aa4ce398f9892cb69458f,3878.07,148.21,16.256483374,54000,54000
02408d2f8ffa710ac56aa4ce398f9892cb69458f,3885.61,148.66,16.266232482,54000,54000
02408d2f8ffa710ac56aa4ce398f9892cb69458f,3901.27,149.15,16.347533091,54000,54000
02408d2f8ffa710ac56aa4ce398f9892cb69458f,3846.34,147.55,16.091664181,55000,55000
02408d2f8ffa710ac56aa4ce398f9892cb69458f,3912.34,149.41,16.391894318,56000,55000
02408d2f8ffa710ac56aa4ce398f9892cb69458f,3871.74,148.09,16.221010941,54000,54000
02408d2f8ffa710ac56aa4ce398f9892cb69458f,3880.60,149.04,16.246340931,55000,55000
02408d2f8ffa710ac56aa4ce398f9892cb69458f,3884.03,148.55,16.253626690,55000,55000
02408d2f8ffa710ac56aa4ce398f9892cb69458f,3884.66,148.78,16.266126258,55000,54000
02408d2f8ffa710ac56aa4ce398f9892cb69458f,3866.81,148.21,16.188838960,56000,55000
02408d2f8ffa710ac56aa4ce398f9892cb69458f,3901.87,149.58,16.327124998,55000,55000
02408d2f8ffa710ac56aa4ce398f9892cb69458f,3910.49,149.48,16.389940503,55000,54000
02408d2f8ffa710ac56aa4ce398f9892cb69458f,3861.57,148.46,16.210687639,54000,54000
02408d2f8ffa710ac56aa4ce398f9892cb69458f,3858.07,148.07,16.194288061,54000,54000
02408d2f8ffa710ac56aa4ce398f9892cb69458f,3895.36,149.61,16.350092492,53000,54000
02408d2f8ffa710ac56aa4ce398f9892cb69458f,3928.30,150.65,16.498096357,54000,54000
02408d2f8ffa710ac56aa4ce398f9892cb69458f,3878.95,149.15,16.287023132,54000,54000
02408d2f8ffa710ac56aa4ce398f9892cb69458f,3871.15,148.33,16.242702376,54000,54000
02408d2f8ffa710ac56aa4ce398f9892cb69458f,3881.67,148.79,16.291194291,54000,55000
02408d2f8ffa710ac56aa4ce398f9892cb69458f,3864.80,148.06,16.199543692,54000,54000
02408d2f8ffa710ac56aa4ce398f9892cb69458f,3919.05,150.02,16.429559869,55000,54000
02408d2f8ffa710ac56aa4ce398f9892cb69458f,3891.20,149.70,16.319538850,54000,54000
02408d2f8ffa710ac56aa4ce398f9892cb69458f,3876.69,148.80,16.254170990,54000,54000
02408d2f8ffa710ac56aa4ce398f9892cb69458f,3896.72,149.68,16.361494582,54000,54000
02408d2f8ffa710ac56aa4ce398f9892cb69458f,3847.92,147.69,16.149176762,54000,54000
02408d2f8ffa710ac56aa4ce398f9892cb69458f,3877.37,148.71,16.270500325,54000,53000
02408d2f8ffa710ac56aa4ce398f9892cb69458f,3861.95,148.84,16.178827936,54000,54000
02408d2f8ffa710ac56aa4ce398f9892cb69458f,3905.87,150.32,16.381161115,55000,54000
02408d2f8ffa710ac56aa4ce398f9892cb69458f,3889.58,149.51,16.290940688,54000,54000
02408d2f8ffa710ac56aa4ce398f9892cb69458f,3864.37,148.58,16.186595540,53000,54000
f339f9ac92a268ad7cc9d42b3f861af98a4d81b8,3865.38,147.93,16.211186106,55000,54000
f339f9ac92a268ad7cc9d42b3f861af98a4d81b8,3865.57,147.49,16.200188852,54000,54000
f339f9ac92a268ad7cc9d42b3f861af98a4d81b8,3885.17,148.80,16.254162614,54000,55000
f339f9ac92a268ad7cc9d42b3f861af98a4d81b8,3854.79,147.13,16.147476423,56000,55000
f339f9ac92a268ad7cc9d42b3f861af98a4d81b8,3873.56,148.21,16.234953948,54000,54000
f339f9ac92a268ad7cc9d42b3f861af98a4d81b8,3883.43,148.64,16.263217659,54000,54000
f339f9ac92a268ad7cc9d42b3f861af98a4d81b8,3855.72,147.78,16.147757823,54000,55000
f339f9ac92a268ad7cc9d42b3f861af98a4d81b8,3891.34,148.28,16.286944352,54000,54000
f339f9ac92a268ad7cc9d42b3f861af98a4d81b8,3879.78,148.27,16.239152660,54000,54000
f339f9ac92a268ad7cc9d42b3f861af98a4d81b8,3895.51,149.34,16.303627931,54000,54000
f339f9ac92a268ad7cc9d42b3f861af98a4d81b8,3880.35,148.12,16.251356797,56000,56000
f339f9ac92a268ad7cc9d42b3f861af98a4d81b8,3872.87,147.53,16.211126647,55000,55000
f339f9ac92a268ad7cc9d42b3f861af98a4d81b8,3896.07,148.94,16.344248396,54000,54000
f339f9ac92a268ad7cc9d42b3f861af98a4d81b8,3887.74,148.77,16.309356732,53000,54000
f339f9ac92a268ad7cc9d42b3f861af98a4d81b8,3891.15,149.36,16.320676939,54000,54000
f339f9ac92a268ad7cc9d42b3f861af98a4d81b8,3858.65,148.08,16.218265341,54000,54000
f339f9ac92a268ad7cc9d42b3f861af98a4d81b8,3864.84,148.48,16.244118392,54000,54000
f339f9ac92a268ad7cc9d42b3f861af98a4d81b8,3854.59,148.12,16.194267706,54000,54000
f339f9ac92a268ad7cc9d42b3f861af98a4d81b8,3871.24,148.43,16.241473661,54000,54000
f339f9ac92a268ad7cc9d42b3f861af98a4d81b8,3872.63,148.39,16.247544642,54000,54000
f339f9ac92a268ad7cc9d42b3f861af98a4d81b8,3865.72,147.84,16.214825743,54000,54000
f339f9ac92a268ad7cc9d42b3f861af98a4d81b8,3884.53,148.78,16.316426955,54000,54000
f339f9ac92a268ad7cc9d42b3f861af98a4d81b8,3859.57,148.35,16.188060293,54000,54000
f339f9ac92a268ad7cc9d42b3f861af98a4d81b8,3913.24,150.87,16.386356869,53000,54000
f339f9ac92a268ad7cc9d42b3f861af98a4d81b8,3889.84,149.78,16.293802265,54000,54000
f339f9ac92a268ad7cc9d42b3f861af98a4d81b8,3872.92,148.81,16.239210737,55000,54000
f339f9ac92a268ad7cc9d42b3f861af98a4d81b8,3867.70,148.07,16.184655460,54000,54000
f339f9ac92a268ad7cc9d42b3f861af98a4d81b8,3895.91,150.30,16.359147923,54000,54000
f339f9ac92a268ad7cc9d42b3f861af98a4d81b8,3866.19,148.27,16.181046618,54000,54000
f339f9ac92a268ad7cc9d42b3f861af98a4d81b8,3895.81,149.09,16.311951192,55000,55000
037789510430278659cb943d00f2f52d4f74c8ac,3873.95,148.47,16.222987627,54000,54000
037789510430278659cb943d00f2f52d4f74c8ac,3874.57,148.12,16.232716278,55000,54000
037789510430278659cb943d00f2f52d4f74c8ac,3871.10,148.68,16.208762523,54000,54000
037789510430278659cb943d00f2f52d4f74c8ac,3905.49,149.54,16.350059749,55000,54000
037789510430278659cb943d00f2f52d4f74c8ac,3890.17,148.90,16.288342933,55000,55000
037789510430278659cb943d00f2f52d4f74c8ac,3855.14,147.61,16.139864084,55000,55000
037789510430278659cb943d00f2f52d4f74c8ac,3878.50,148.48,16.240910436,54000,54000
037789510430278659cb943d00f2f52d4f74c8ac,3912.34,149.50,16.369235675,55000,55000
037789510430278659cb943d00f2f52d4f74c8ac,3879.01,148.63,16.258053186,55000,55000
037789510430278659cb943d00f2f52d4f74c8ac,3895.77,149.40,16.336973731,54000,54000
037789510430278659cb943d00f2f52d4f74c8ac,3900.69,150.02,16.392817066,54000,54000
037789510430278659cb943d00f2f52d4f74c8ac,3858.81,147.70,16.180403403,53000,54000
037789510430278659cb943d00f2f52d4f74c8ac,3904.55,149.86,16.373182708,54000,54000
037789510430278659cb943d00f2f52d4f74c8ac,3889.47,148.88,16.319797986,54000,54000
037789510430278659cb943d00f2f52d4f74c8ac,3885.40,149.80,16.306868381,54000,54000
037789510430278659cb943d00f2f52d4f74c8ac,3881.84,149.26,16.257722899,54000,54000
037789510430278659cb943d00f2f52d4f74c8ac,3859.88,147.76,16.196330386,54000,54000
037789510430278659cb943d00f2f52d4f74c8ac,3862.57,148.46,16.197313039,54000,54000
037789510430278659cb943d00f2f52d4f74c8ac,3859.19,147.68,16.185199524,54000,54000
037789510430278659cb943d00f2f52d4f74c8ac,3869.04,148.97,16.200389283,54000,55000
037789510430278659cb943d00f2f52d4f74c8ac,3863.27,147.92,16.200569057,54000,54000
037789510430278659cb943d00f2f52d4f74c8ac,3891.80,148.80,16.306102138,54000,55000
037789510430278659cb943d00f2f52d4f74c8ac,3889.70,149.59,16.314133990,54000,54000
037789510430278659cb943d00f2f52d4f74c8ac,3889.59,150.03,16.294621165,54000,54000
037789510430278659cb943d00f2f52d4f74c8ac,3918.55,150.74,16.396687311,54000,54000
037789510430278659cb943d00f2f52d4f74c8ac,3885.95,149.92,16.286689567,55000,55000
037789510430278659cb943d00f2f52d4f74c8ac,3855.64,148.02,16.186237300,54000,54000
037789510430278659cb943d00f2f52d4f74c8ac,3868.97,148.19,16.211604557,54000,54000
037789510430278659cb943d00f2f52d4f74c8ac,3928.81,150.22,16.455653350,54000,54000
037789510430278659cb943d00f2f52d4f74c8ac,3901.89,149.13,16.366320379,54000,54000
268aeb90f993612b3e48e18ac9e161b56b18bc0b,3931.13,150.40,16.448690088,54000,54000
268aeb90f993612b3e48e18ac9e161b56b18bc0b,3954.80,151.70,16.527537165,54000,54000
268aeb90f993612b3e48e18ac9e161b56b18bc0b,3916.61,149.91,16.368514730,54000,55000
268aeb90f993612b3e48e18ac9e161b56b18bc0b,3954.53,152.10,16.530192352,54000,54000
268aeb90f993612b3e48e18ac9e161b56b18bc0b,3915.32,150.16,16.379817283,55000,54000
268aeb90f993612b3e48e18ac9e161b56b18bc0b,3953.67,151.57,16.534097419,54000,54000
268aeb90f993612b3e48e18ac9e161b56b18bc0b,3935.41,150.38,16.472320446,55000,54000
268aeb90f993612b3e48e18ac9e161b56b18bc0b,3934.39,151.08,16.490805600,54000,54000
268aeb90f993612b3e48e18ac9e161b56b18bc0b,3909.87,149.68,16.397333081,54000,54000
268aeb90f993612b3e48e18ac9e161b56b18bc0b,3909.55,150.00,16.389865646,53000,53000
268aeb90f993612b3e48e18ac9e161b56b18bc0b,3907.93,149.94,16.356293356,54000,54000
268aeb90f993612b3e48e18ac9e161b56b18bc0b,3949.04,151.32,16.567065257,54000,53000
268aeb90f993612b3e48e18ac9e161b56b18bc0b,3957.54,152.41,16.564775407,54000,54000
268aeb90f993612b3e48e18ac9e161b56b18bc0b,3901.70,149.72,16.355866222,54000,54000
268aeb90f993612b3e48e18ac9e161b56b18bc0b,3930.84,151.10,16.506727034,54000,54000
268aeb90f993612b3e48e18ac9e161b56b18bc0b,3934.56,151.08,16.509705746,54000,54000
268aeb90f993612b3e48e18ac9e161b56b18bc0b,3943.66,151.47,16.495886496,54000,54000
268aeb90f993612b3e48e18ac9e161b56b18bc0b,3935.55,151.72,16.472747693,54000,54000
268aeb90f993612b3e48e18ac9e161b56b18bc0b,3918.08,151.03,16.424594803,54000,54000
268aeb90f993612b3e48e18ac9e161b56b18bc0b,3960.59,152.39,16.576529328,54000,54000
268aeb90f993612b3e48e18ac9e161b56b18bc0b,3934.44,151.24,16.462712931,54000,54000
268aeb90f993612b3e48e18ac9e161b56b18bc0b,3920.02,150.83,16.395088652,55000,55000
268aeb90f993612b3e48e18ac9e161b56b18bc0b,3946.09,152.09,16.504104526,54000,55000
268aeb90f993612b3e48e18ac9e161b56b18bc0b,3901.44,150.15,16.318620307,54000,54000
268aeb90f993612b3e48e18ac9e161b56b18bc0b,3911.82,150.46,16.378545858,55000,54000
268aeb90f993612b3e48e18ac9e161b56b18bc0b,3929.96,151.58,16.465507546,55000,54000
268aeb90f993612b3e48e18ac9e161b56b18bc0b,3925.51,150.40,16.439963454,54000,54000
268aeb90f993612b3e48e18ac9e161b56b18bc0b,3939.72,152.18,16.449684162,54000,54000
268aeb90f993612b3e48e18ac9e161b56b18bc0b,3921.27,150.76,16.407511088,54000,54000
268aeb90f993612b3e48e18ac9e161b56b18bc0b,3952.78,151.61,16.519254893,54000,54000
e95901173d145c0ffc21bd43262337f552d908cd,3944.31,151.51,16.468721935,54000,56000
e95901173d145c0ffc21bd43262337f552d908cd,3940.17,151.35,16.463858150,55000,55000
e95901173d145c0ffc21bd43262337f552d908cd,3938.34,150.84,16.451261186,55000,55000
e95901173d145c0ffc21bd43262337f552d908cd,3930.25,151.08,16.433510964,55000,54000
e95901173d145c0ffc21bd43262337f552d908cd,3940.50,150.78,16.478085836,55000,54000
e95901173d145c0ffc21bd43262337f552d908cd,3977.32,152.09,16.650827703,54000,55000
e95901173d145c0ffc21bd43262337f552d908cd,3950.92,151.13,16.517101653,54000,55000
e95901173d145c0ffc21bd43262337f552d908cd,3915.68,150.14,16.393955363,54000,54000
e95901173d145c0ffc21bd43262337f552d908cd,3900.16,149.97,16.338283236,53000,53000
e95901173d145c0ffc21bd43262337f552d908cd,3915.32,150.54,16.415363176,54000,54000
e95901173d145c0ffc21bd43262337f552d908cd,3951.79,152.06,16.554715080,54000,54000
e95901173d145c0ffc21bd43262337f552d908cd,3900.88,149.35,16.352126242,54000,54000
e95901173d145c0ffc21bd43262337f552d908cd,3929.41,150.62,16.451245762,54000,54000
e95901173d145c0ffc21bd43262337f552d908cd,3941.81,151.48,16.511372707,54000,54000
e95901173d145c0ffc21bd43262337f552d908cd,3922.58,150.27,16.386478437,55000,55000
e95901173d145c0ffc21bd43262337f552d908cd,3931.69,150.90,16.458129288,54000,54000
e95901173d145c0ffc21bd43262337f552d908cd,3915.15,150.38,16.397184554,54000,54000
e95901173d145c0ffc21bd43262337f552d908cd,3893.24,149.23,16.304236821,54000,54000
e95901173d145c0ffc21bd43262337f552d908cd,3912.46,150.19,16.386570093,54000,54000
e95901173d145c0ffc21bd43262337f552d908cd,3942.68,152.03,16.463274679,55000,54000
e95901173d145c0ffc21bd43262337f552d908cd,3924.28,151.14,16.410291236,55000,55000
e95901173d145c0ffc21bd43262337f552d908cd,3940.96,151.65,16.498628567,54000,54000
e95901173d145c0ffc21bd43262337f552d908cd,3926.32,150.44,16.435476643,55000,54000
e95901173d145c0ffc21bd43262337f552d908cd,3913.97,150.55,16.413570617,55000,54000
e95901173d145c0ffc21bd43262337f552d908cd,3929.05,151.55,16.437712841,54000,54000
e95901173d145c0ffc21bd43262337f552d908cd,3916.78,149.89,16.392722782,54000,54000
e95901173d145c0ffc21bd43262337f552d908cd,3933.79,151.41,16.430199394,54000,54000
e95901173d145c0ffc21bd43262337f552d908cd,3951.61,151.44,16.530782080,55000,54000
e95901173d145c0ffc21bd43262337f552d908cd,3921.77,150.71,16.410734440,54000,54000
e95901173d145c0ffc21bd43262337f552d908cd,3933.49,150.79,16.449815632,54000,54000
14f804a623e539cd289916d3beaccfe9940b3d50,3939.49,151.06,16.487288984,54000,54000
14f804a623e539cd289916d3beaccfe9940b3d50,3935.82,150.83,16.454826636,55000,54000
14f804a623e539cd289916d3beaccfe9940b3d50,3956.02,151.16,16.535417347,54000,54000
14f804a623e539cd289916d3beaccfe9940b3d50,3947.56,151.76,16.509022892,55000,55000
14f804a623e539cd289916d3beaccfe9940b3d50,3926.30,149.88,16.442903180,54000,54000
14f804a623e539cd289916d3beaccfe9940b3d50,3967.79,151.84,16.595017743,55000,54000
14f804a623e539cd289916d3beaccfe9940b3d50,3919.44,149.56,16.386006421,54000,54000
14f804a623e539cd289916d3beaccfe9940b3d50,3930.53,150.38,16.431714711,55000,54000
14f804a623e539cd289916d3beaccfe9940b3d50,3952.57,151.31,16.524618250,56000,55000
14f804a623e539cd289916d3beaccfe9940b3d50,3944.58,151.57,16.482108412,54000,55000
14f804a623e539cd289916d3beaccfe9940b3d50,3924.21,150.46,16.443952805,54000,54000
14f804a623e539cd289916d3beaccfe9940b3d50,3931.89,151.38,16.482011286,53000,53000
14f804a623e539cd289916d3beaccfe9940b3d50,3920.70,151.33,16.417886753,54000,54000
14f804a623e539cd289916d3beaccfe9940b3d50,3922.56,150.77,16.445897313,53000,54000
14f804a623e539cd289916d3beaccfe9940b3d50,3939.22,151.91,16.507632900,54000,55000
14f804a623e539cd289916d3beaccfe9940b3d50,3917.76,150.74,16.387379450,54000,54000
14f804a623e539cd289916d3beaccfe9940b3d50,3910.40,150.28,16.372019014,54000,54000
14f804a623e539cd289916d3beaccfe9940b3d50,3912.47,150.17,16.400665662,54000,54000
14f804a623e539cd289916d3beaccfe9940b3d50,3950.01,151.80,16.574405409,54000,54000
14f804a623e539cd289916d3beaccfe9940b3d50,3922.27,150.03,16.414141079,54000,54000
14f804a623e539cd289916d3beaccfe9940b3d50,3913.05,150.46,16.369279466,54000,55000
14f804a623e539cd289916d3beaccfe9940b3d50,3929.90,151.43,16.468638843,54000,54000
14f804a623e539cd289916d3beaccfe9940b3d50,3899.10,149.74,16.360903077,54000,54000
14f804a623e539cd289916d3beaccfe9940b3d50,3903.38,150.51,16.335039335,55000,54000
14f804a623e539cd289916d3beaccfe9940b3d50,3913.97,151.12,16.376216893,54000,54000
14f804a623e539cd289916d3beaccfe9940b3d50,3937.22,151.00,16.488656621,54000,54000
14f804a623e539cd289916d3beaccfe9940b3d50,3942.04,150.62,16.500412814,54000,55000
14f804a623e539cd289916d3beaccfe9940b3d50,3955.25,151.33,16.534331212,53000,54000
14f804a623e539cd289916d3beaccfe9940b3d50,3920.07,150.19,16.406436621,54000,54000
14f804a623e539cd289916d3beaccfe9940b3d50,3939.47,151.08,16.493974334,54000,54000
22465afd4c6de43495e5e59e56f5bb7771963651,3920.82,150.36,16.401229891,54000,55000
22465afd4c6de43495e5e59e56f5bb7771963651,3957.32,151.47,16.580760814,54000,54000
22465afd4c6de43495e5e59e56f5bb7771963651,3911.71,150.16,16.363049237,54000,54000
22465afd4c6de43495e5e59e56f5bb7771963651,3919.30,150.96,16.360625031,55000,54000
22465afd4c6de43495e5e59e56f5bb7771963651,3945.97,151.08,16.520106410,54000,55000
22465afd4c6de43495e5e59e56f5bb7771963651,3919.16,149.78,16.397301308,54000,55000
22465afd4c6de43495e5e59e56f5bb7771963651,3921.50,150.30,16.406136388,55000,54000
22465afd4c6de43495e5e59e56f5bb7771963651,3958.77,151.45,16.549892834,54000,56000
22465afd4c6de43495e5e59e56f5bb7771963651,3929.63,150.58,16.434563146,54000,55000
22465afd4c6de43495e5e59e56f5bb7771963651,3937.56,150.93,16.446145823,54000,54000
22465afd4c6de43495e5e59e56f5bb7771963651,3961.42,151.45,16.558163858,54000,55000
22465afd4c6de43495e5e59e56f5bb7771963651,3918.73,149.65,16.400666299,55000,54000
22465afd4c6de43495e5e59e56f5bb7771963651,3924.63,150.45,16.430823480,55000,55000
22465afd4c6de43495e5e59e56f5bb7771963651,3913.21,149.71,16.382608879,54000,54000
22465afd4c6de43495e5e59e56f5bb7771963651,3948.36,151.70,16.538332141,54000,54000
22465afd4c6de43495e5e59e56f5bb7771963651,3904.70,150.05,16.363430831,52000,54000
22465afd4c6de43495e5e59e56f5bb7771963651,3949.64,151.59,16.554664846,53000,54000
22465afd4c6de43495e5e59e56f5bb7771963651,3897.61,150.15,16.331114971,54000,53000
22465afd4c6de43495e5e59e56f5bb7771963651,3956.34,151.90,16.579147886,54000,54000
22465afd4c6de43495e5e59e56f5bb7771963651,3943.81,151.39,16.531816542,54000,54000
22465afd4c6de43495e5e59e56f5bb7771963651,3944.23,151.38,16.501465627,54000,55000
22465afd4c6de43495e5e59e56f5bb7771963651,3941.73,150.93,16.504679502,54000,54000
22465afd4c6de43495e5e59e56f5bb7771963651,3937.70,151.97,16.465960463,55000,54000
22465afd4c6de43495e5e59e56f5bb7771963651,3956.05,152.60,16.542394861,54000,54000
22465afd4c6de43495e5e59e56f5bb7771963651,3933.49,150.98,16.478481065,54000,54000
22465afd4c6de43495e5e59e56f5bb7771963651,3959.13,151.92,16.564574220,55000,54000
22465afd4c6de43495e5e59e56f5bb7771963651,3923.58,151.20,16.437111114,54000,54000
22465afd4c6de43495e5e59e56f5bb7771963651,3919.14,151.13,16.400491562,54000,54000
22465afd4c6de43495e5e59e56f5bb7771963651,3957.40,152.32,16.524241010,54000,54000
22465afd4c6de43495e5e59e56f5bb7771963651,3938.90,151.12,16.483607883,54000,54000
b48e656501c191251023af25b0fc64a519b1dd31,3959.69,151.66,16.571837779,54000,54000
b48e656501c191251023af25b0fc64a519b1dd31,3914.34,149.91,16.367905185,54000,54000
b48e656501c191251023af25b0fc64a519b1dd31,3944.30,150.98,16.487921867,55000,55000
b48e656501c191251023af25b0fc64a519b1dd31,3916.25,150.20,16.387802424,54000,54000
b48e656501c191251023af25b0fc64a519b1dd31,3939.81,150.72,16.473214148,54000,55000
b48e656501c191251023af25b0fc64a519b1dd31,3918.92,149.60,16.404692048,54000,55000
b48e656501c191251023af25b0fc64a519b1dd31,3953.65,151.05,16.546819583,54000,55000
b48e656501c191251023af25b0fc64a519b1dd31,3915.86,149.76,16.388273051,54000,54000
b48e656501c191251023af25b0fc64a519b1dd31,3943.54,150.73,16.477469936,54000,54000
b48e656501c191251023af25b0fc64a519b1dd31,3908.57,149.58,16.336536666,54000,54000
b48e656501c191251023af25b0fc64a519b1dd31,3925.00,150.69,16.456674794,54000,54000
b48e656501c191251023af25b0fc64a519b1dd31,3929.90,150.66,16.462477373,54000,54000
b48e656501c191251023af25b0fc64a519b1dd31,3940.53,151.26,16.517299941,54000,54000
b48e656501c191251023af25b0fc64a519b1dd31,3919.32,149.81,16.406738620,54000,54000
b48e656501c191251023af25b0fc64a519b1dd31,3900.17,149.82,16.324114956,54000,54000
b48e656501c191251023af25b0fc64a519b1dd31,3916.96,150.27,16.415308949,54000,54000
b48e656501c191251023af25b0fc64a519b1dd31,3935.82,151.34,16.480094193,54000,54000
b48e656501c191251023af25b0fc64a519b1dd31,3921.28,150.84,16.424308430,54000,54000
b48e656501c191251023af25b0fc64a519b1dd31,3893.28,149.61,16.297076912,54000,55000
b48e656501c191251023af25b0fc64a519b1dd31,3951.42,151.87,16.549808411,54000,54000
b48e656501c191251023af25b0fc64a519b1dd31,3954.98,152.15,16.570499059,54000,55000
b48e656501c191251023af25b0fc64a519b1dd31,3921.28,150.62,16.422953566,54000,54000
b48e656501c191251023af25b0fc64a519b1dd31,3922.38,150.36,16.415108448,54000,54000
b48e656501c191251023af25b0fc64a519b1dd31,3957.41,152.17,16.571010047,54000,54000
b48e656501c191251023af25b0fc64a519b1dd31,3895.79,150.11,16.319290963,56000,55000
b48e656501c191251023af25b0fc64a519b1dd31,3950.37,151.81,16.534586569,54000,54000
b48e656501c191251023af25b0fc64a519b1dd31,3955.57,152.15,16.569431309,54000,54000
b48e656501c191251023af25b0fc64a519b1dd31,3911.69,150.54,16.351951131,54000,54000
b48e656501c191251023af25b0fc64a519b1dd31,3922.73,150.12,16.414310968,54000,54000
b48e656501c191251023af25b0fc64a519b1dd31,3964.98,152.11,16.569590606,54000,54000
c8795039f275eab9233a960b68be79c0adaf5dca,3894.67,148.85,16.300139281,54000,54000
c8795039f275eab9233a960b68be79c0adaf5dca,3935.52,151.26,16.430260814,55000,56000
c8795039f275eab9233a960b68be79c0adaf5dca,3943.60,151.48,16.474496034,54000,55000
c8795039f275eab9233a960b68be79c0adaf5dca,3960.43,151.94,16.557115966,55000,54000
c8795039f275eab9233a960b68be79c0adaf5dca,3934.83,150.45,16.464304556,55000,55000
c8795039f275eab9233a960b68be79c0adaf5dca,3962.32,152.41,16.570011376,55000,55000
c8795039f275eab9233a960b68be79c0adaf5dca,3927.27,150.74,16.432838776,55000,54000
c8795039f275eab9233a960b68be79c0adaf5dca,3951.81,151.01,16.516687516,55000,54000
c8795039f275eab9233a960b68be79c0adaf5dca,3950.57,151.18,16.522016433,54000,54000
c8795039f275eab9233a960b68be79c0adaf5dca,3972.37,151.65,16.615788548,55000,54000
c8795039f275eab9233a960b68be79c0adaf5dca,3928.51,150.22,16.442998141,54000,55000
c8795039f275eab9233a960b68be79c0adaf5dca,3894.31,149.86,16.294123089,54000,54000
c8795039f275eab9233a960b68be79c0adaf5dca,3902.64,150.20,16.351918925,54000,53000
c8795039f275eab9233a960b68be79c0adaf5dca,3953.09,152.19,16.554846882,54000,54000
c8795039f275eab9233a960b68be79c0adaf5dca,3903.91,149.81,16.344042787,54000,53000
c8795039f275eab9233a960b68be79c0adaf5dca,3962.16,151.92,16.608467398,54000,54000
c8795039f275eab9233a960b68be79c0adaf5dca,3915.80,150.45,16.378154754,55000,54000
c8795039f275eab9233a960b68be79c0adaf5dca,3942.44,151.15,16.504922292,54000,54000
c8795039f275eab9233a960b68be79c0adaf5dca,3934.45,150.86,16.482584355,54000,54000
c8795039f275eab9233a960b68be79c0adaf5dca,3918.89,150.89,16.439588027,54000,54000
c8795039f275eab9233a960b68be79c0adaf5dca,3915.94,151.12,16.363358220,54000,54000
c8795039f275eab9233a960b68be79c0adaf5dca,3923.46,151.17,16.410223156,54000,55000
c8795039f275eab9233a960b68be79c0adaf5dca,3966.27,153.03,16.611460954,54000,54000
c8795039f275eab9233a960b68be79c0adaf5dca,3924.60,150.91,16.410898219,54000,54000
c8795039f275eab9233a960b68be79c0adaf5dca,3938.47,152.19,16.491135438,54000,54000
c8795039f275eab9233a960b68be79c0adaf5dca,3903.96,149.88,16.342989507,54000,55000
c8795039f275eab9233a960b68be79c0adaf5dca,3908.28,149.79,16.361746793,54000,54000
c8795039f275eab9233a960b68be79c0adaf5dca,3913.88,149.97,16.375409676,54000,55000
c8795039f275eab9233a960b68be79c0adaf5dca,3963.23,151.94,16.566128679,54000,54000
c8795039f275eab9233a960b68be79c0adaf5dca,3940.04,150.69,16.494088410,54000,54000
2822a17bb158305b17963dddd10f4d8fdcb636c7,3926.08,150.24,16.447594734,54000,54000
2822a17bb158305b17963dddd10f4d8fdcb636c7,3908.69,149.58,16.359568608,55000,54000
2822a17bb158305b17963dddd10f4d8fdcb636c7,3932.45,150.63,16.457127641,54000,54000
2822a17bb158305b17963dddd10f4d8fdcb636c7,3944.22,150.94,16.497885500,55000,54000
2822a17bb158305b17963dddd10f4d8fdcb636c7,3954.16,151.49,16.536924247,54000,55000
2822a17bb158305b17963dddd10f4d8fdcb636c7,3936.22,150.45,16.454880563,56000,54000
2822a17bb158305b17963dddd10f4d8fdcb636c7,3921.42,149.63,16.396924523,55000,55000
2822a17bb158305b17963dddd10f4d8fdcb636c7,3964.38,151.90,16.579221782,54000,55000
2822a17bb158305b17963dddd10f4d8fdcb636c7,3943.92,150.63,16.486492807,55000,54000
2822a17bb158305b17963dddd10f4d8fdcb636c7,3915.62,149.84,16.365116620,54000,54000
2822a17bb158305b17963dddd10f4d8fdcb636c7,3937.38,150.62,16.453839331,56000,55000
2822a17bb158305b17963dddd10f4d8fdcb636c7,3942.01,151.78,16.525887236,54000,52000
2822a17bb158305b17963dddd10f4d8fdcb636c7,3921.43,150.68,16.455104759,54000,54000
2822a17bb158305b17963dddd10f4d8fdcb636c7,3971.46,152.59,16.629470909,53000,54000
2822a17bb158305b17963dddd10f4d8fdcb636c7,3939.48,151.41,16.498926282,54000,54000
2822a17bb158305b17963dddd10f4d8fdcb636c7,3920.24,150.14,16.410532076,54000,54000
2822a17bb158305b17963dddd10f4d8fdcb636c7,3934.00,150.90,16.476417823,55000,54000
2822a17bb158305b17963dddd10f4d8fdcb636c7,3932.68,150.99,16.475442221,54000,54000
2822a17bb158305b17963dddd10f4d8fdcb636c7,3948.19,151.60,16.531743379,54000,54000
2822a17bb158305b17963dddd10f4d8fdcb636c7,3935.55,151.65,16.465644084,55000,54000
2822a17bb158305b17963dddd10f4d8fdcb636c7,3903.26,150.83,16.343707956,54000,54000
2822a17bb158305b17963dddd10f4d8fdcb636c7,3915.43,150.84,16.372168811,54000,54000
2822a17bb158305b17963dddd10f4d8fdcb636c7,3965.48,152.72,16.605524792,54000,54000
2822a17bb158305b17963dddd10f4d8fdcb636c7,3905.81,151.10,16.344913183,54000,54000
2822a17bb158305b17963dddd10f4d8fdcb636c7,3936.52,151.58,16.517379347,55000,55000
2822a17bb158305b17963dddd10f4d8fdcb636c7,3939.24,151.49,16.493978279,54000,54000
2822a17bb158305b17963dddd10f4d8fdcb636c7,3919.65,150.70,16.390854018,54000,54000
2822a17bb158305b17963dddd10f4d8fdcb636c7,3910.23,150.11,16.354234436,54000,54000
2822a17bb158305b17963dddd10f4d8fdcb636c7,3952.54,151.89,16.516070701,54000,54000
2822a17bb158305b17963dddd10f4d8fdcb636c7,3948.53,151.28,16.519862259,55000,55000
8a077679aa9843bf064a0cd04d4402c34062ae88,3939.90,150.80,16.485369570,54000,54000
8a077679aa9843bf064a0cd04d4402c34062ae88,3954.73,151.08,16.543656811,54000,54000
8a077679aa9843bf064a0cd04d4402c34062ae88,3960.13,152.00,16.556202820,55000,55000
8a077679aa9843bf064a0cd04d4402c34062ae88,3942.97,151.53,16.483362445,55000,55000
8a077679aa9843bf064a0cd04d4402c34062ae88,3944.04,151.06,16.506070058,55000,54000
8a077679aa9843bf064a0cd04d4402c34062ae88,3947.69,151.21,16.490980053,54000,55000
8a077679aa9843bf064a0cd04d4402c34062ae88,3928.57,150.84,16.415351594,54000,56000
8a077679aa9843bf064a0cd04d4402c34062ae88,3938.26,150.58,16.464389759,54000,54000
8a077679aa9843bf064a0cd04d4402c34062ae88,3930.09,150.00,16.429892174,55000,55000
8a077679aa9843bf064a0cd04d4402c34062ae88,3961.88,151.13,16.576253634,56000,54000
8a077679aa9843bf064a0cd04d4402c34062ae88,3952.88,151.22,16.543922246,55000,54000
8a077679aa9843bf064a0cd04d4402c34062ae88,3945.40,151.33,16.509222512,54000,54000
8a077679aa9843bf064a0cd04d4402c34062ae88,3930.99,150.56,16.462887289,54000,53000
8a077679aa9843bf064a0cd04d4402c34062ae88,3897.96,150.16,16.352360110,54000,54000
8a077679aa9843bf064a0cd04d4402c34062ae88,3946.06,151.21,16.539209771,53000,54000
8a077679aa9843bf064a0cd04d4402c34062ae88,3926.16,151.08,16.450995490,54000,54000
8a077679aa9843bf064a0cd04d4402c34062ae88,3954.91,152.30,16.556184383,54000,55000
8a077679aa9843bf064a0cd04d4402c34062ae88,3949.42,151.98,16.517998704,54000,54000
8a077679aa9843bf064a0cd04d4402c34062ae88,3930.74,151.29,16.469941822,54000,54000
8a077679aa9843bf064a0cd04d4402c34062ae88,3945.62,152.15,16.490448479,54000,54000
8a077679aa9843bf064a0cd04d4402c34062ae88,3939.04,152.16,16.462637229,55000,54000
8a077679aa9843bf064a0cd04d4402c34062ae88,3901.73,150.57,16.314929672,55000,55000
8a077679aa9843bf064a0cd04d4402c34062ae88,3956.73,152.29,16.543885543,54000,54000
8a077679aa9843bf064a0cd04d4402c34062ae88,3931.14,151.27,16.423781967,54000,54000
8a077679aa9843bf064a0cd04d4402c34062ae88,3949.50,151.84,16.550170392,55000,54000
8a077679aa9843bf064a0cd04d4402c34062ae88,3957.58,151.81,16.559704288,54000,54000
8a077679aa9843bf064a0cd04d4402c34062ae88,3939.62,151.43,16.472336607,54000,54000
8a077679aa9843bf064a0cd04d4402c34062ae88,3941.99,151.04,16.499119573,54000,54000
8a077679aa9843bf064a0cd04d4402c34062ae88,3946.71,151.65,16.493265122,54000,54000
8a077679aa9843bf064a0cd04d4402c34062ae88,3914.21,149.98,16.373520521,54000,54000
2f4e43c878212550f6c36d49a5cc199ad876dbea,3975.30,152.29,16.626853775,54000,54000
2f4e43c878212550f6c36d49a5cc199ad876dbea,3970.69,152.34,16.598293056,54000,55000
2f4e43c878212550f6c36d49a5cc199ad876dbea,3942.09,150.93,16.492168105,54000,55000
2f4e43c878212550f6c36d49a5cc199ad876dbea,3932.87,150.50,16.461567012,55000,55000
2f4e43c878212550f6c36d49a5cc199ad876dbea,3937.01,150.85,16.441702688,54000,54000
2f4e43c878212550f6c36d49a5cc199ad876dbea,3936.98,150.89,16.446258142,54000,54000
2f4e43c878212550f6c36d49a5cc199ad876dbea,3948.52,151.55,16.493191018,54000,55000
2f4e43c878212550f6c36d49a5cc199ad876dbea,3966.04,152.10,16.613399971,54000,54000
2f4e43c878212550f6c36d49a5cc199ad876dbea,3927.89,151.15,16.436716487,54000,54000
2f4e43c878212550f6c36d49a5cc199ad876dbea,3891.50,149.60,16.295721596,53000,54000
2f4e43c878212550f6c36d49a5cc199ad876dbea,3932.01,150.72,16.484600100,54000,54000
2f4e43c878212550f6c36d49a5cc199ad876dbea,3931.96,150.89,16.484734051,54000,54000
2f4e43c878212550f6c36d49a5cc199ad876dbea,3909.75,149.98,16.404237403,54000,54000
2f4e43c878212550f6c36d49a5cc199ad876dbea,3955.43,152.19,16.565017403,54000,53000
2f4e43c878212550f6c36d49a5cc199ad876dbea,3924.61,150.73,16.443696480,54000,54000
2f4e43c878212550f6c36d49a5cc199ad876dbea,3901.01,150.37,16.334488273,52000,53000
2f4e43c878212550f6c36d49a5cc199ad876dbea,3947.09,151.94,16.533109093,53000,54000
2f4e43c878212550f6c36d49a5cc199ad876dbea,3896.27,148.72,16.336721664,55000,55000
2f4e43c878212550f6c36d49a5cc199ad876dbea,3936.35,151.57,16.485140774,54000,54000
2f4e43c878212550f6c36d49a5cc199ad876dbea,3920.21,151.17,16.394145925,54000,54000
2f4e43c878212550f6c36d49a5cc199ad876dbea,3914.65,150.59,16.383884483,55000,54000
2f4e43c878212550f6c36d49a5cc199ad876dbea,3918.50,150.97,16.391139579,55000,55000
2f4e43c878212550f6c36d49a5cc199ad876dbea,3924.71,150.97,16.461171822,54000,54000
2f4e43c878212550f6c36d49a5cc199ad876dbea,3933.50,151.41,16.468744024,54000,54000
2f4e43c878212550f6c36d49a5cc199ad876dbea,3945.84,151.84,16.491536993,54000,54000
2f4e43c878212550f6c36d49a5cc199ad876dbea,3927.73,151.00,16.429914209,54000,54000
2f4e43c878212550f6c36d49a5cc199ad876dbea,3908.69,150.31,16.341652480,54000,54000
2f4e43c878212550f6c36d49a5cc199ad876dbea,3963.08,152.40,16.578932461,54000,54000
2f4e43c878212550f6c36d49a5cc199ad876dbea,3935.08,151.17,16.442431780,54000,54000
2f4e43c878212550f6c36d49a5cc199ad876dbea,3920.94,149.81,16.399819408,54000,54000
74b2f4160e5a71d1fca01fb6cdd22b4be7b9c9d4,3929.15,150.31,16.441663042,54000,54000
74b2f4160e5a71d1fca01fb6cdd22b4be7b9c9d4,3931.05,150.81,16.415877733,56000,55000
74b2f4160e5a71d1fca01fb6cdd22b4be7b9c9d4,3939.67,150.98,16.466015281,55000,55000
74b2f4160e5a71d1fca01fb6cdd22b4be7b9c9d4,3934.80,150.62,16.449806267,54000,55000
74b2f4160e5a71d1fca01fb6cdd22b4be7b9c9d4,3945.58,150.94,16.504070352,54000,54000
74b2f4160e5a71d1fca01fb6cdd22b4be7b9c9d4,3936.15,150.59,16.483117094,54000,54000
74b2f4160e5a71d1fca01fb6cdd22b4be7b9c9d4,3936.81,151.46,16.461950215,54000,55000
74b2f4160e5a71d1fca01fb6cdd22b4be7b9c9d4,3926.67,150.31,16.441185258,56000,55000
74b2f4160e5a71d1fca01fb6cdd22b4be7b9c9d4,3952.00,151.66,16.525217752,55000,56000
74b2f4160e5a71d1fca01fb6cdd22b4be7b9c9d4,3939.63,151.63,16.502084333,54000,54000
74b2f4160e5a71d1fca01fb6cdd22b4be7b9c9d4,3952.12,152.13,16.572464976,54000,54000
74b2f4160e5a71d1fca01fb6cdd22b4be7b9c9d4,3926.02,150.60,16.432541303,54000,54000
74b2f4160e5a71d1fca01fb6cdd22b4be7b9c9d4,3916.45,150.49,16.404678407,54000,54000
74b2f4160e5a71d1fca01fb6cdd22b4be7b9c9d4,3945.67,151.69,16.556525152,54000,54000
74b2f4160e5a71d1fca01fb6cdd22b4be7b9c9d4,3915.02,150.40,16.396528656,53000,53000
74b2f4160e5a71d1fca01fb6cdd22b4be7b9c9d4,3949.28,152.39,16.540321206,53000,54000
74b2f4160e5a71d1fca01fb6cdd22b4be7b9c9d4,3935.14,150.97,16.489314739,53000,54000
74b2f4160e5a71d1fca01fb6cdd22b4be7b9c9d4,3910.86,150.20,16.429437246,54000,54000
74b2f4160e5a71d1fca01fb6cdd22b4be7b9c9d4,3909.54,150.26,16.386480270,54000,54000
74b2f4160e5a71d1fca01fb6cdd22b4be7b9c9d4,3930.09,150.94,16.479520428,54000,55000
74b2f4160e5a71d1fca01fb6cdd22b4be7b9c9d4,3958.34,152.31,16.565047172,54000,54000
74b2f4160e5a71d1fca01fb6cdd22b4be7b9c9d4,3969.85,152.97,16.634119917,54000,54000
74b2f4160e5a71d1fca01fb6cdd22b4be7b9c9d4,3911.82,149.82,16.358623628,54000,54000
74b2f4160e5a71d1fca01fb6cdd22b4be7b9c9d4,3971.31,152.79,16.595826302,54000,54000
74b2f4160e5a71d1fca01fb6cdd22b4be7b9c9d4,3938.28,151.73,16.487263575,56000,55000
74b2f4160e5a71d1fca01fb6cdd22b4be7b9c9d4,3948.64,151.77,16.531993783,54000,54000
74b2f4160e5a71d1fca01fb6cdd22b4be7b9c9d4,3936.72,152.17,16.443408783,55000,54000
74b2f4160e5a71d1fca01fb6cdd22b4be7b9c9d4,3957.25,152.01,16.559438998,54000,54000
74b2f4160e5a71d1fca01fb6cdd22b4be7b9c9d4,3939.94,151.13,16.468231087,54000,54000
74b2f4160e5a71d1fca01fb6cdd22b4be7b9c9d4,3950.46,151.85,16.512061783,55000,55000
6da7ef6a385b0fb5eb860a3c2dad6be3f89764e9,3956.10,151.74,16.534533870,54000,54000
6da7ef6a385b0fb5eb860a3c2dad6be3f89764e9,3938.78,151.07,16.480222308,55000,55000
6da7ef6a385b0fb5eb860a3c2dad6be3f89764e9,3933.84,150.50,16.469100455,55000,54000
6da7ef6a385b0fb5eb860a3c2dad6be3f89764e9,3947.43,151.37,16.519276309,54000,54000
6da7ef6a385b0fb5eb860a3c2dad6be3f89764e9,3916.09,150.27,16.385379004,54000,54000
6da7ef6a385b0fb5eb860a3c2dad6be3f89764e9,3972.26,152.37,16.615808341,55000,55000
6da7ef6a385b0fb5eb860a3c2dad6be3f89764e9,3949.45,150.70,16.527188721,55000,56000
6da7ef6a385b0fb5eb860a3c2dad6be3f89764e9,3930.32,150.27,16.441474143,55000,54000
6da7ef6a385b0fb5eb860a3c2dad6be3f89764e9,3924.15,149.90,16.424089136,54000,55000
6da7ef6a385b0fb5eb860a3c2dad6be3f89764e9,3968.30,151.30,16.614020405,55000,55000
6da7ef6a385b0fb5eb860a3c2dad6be3f89764e9,3906.52,149.38,16.375743743,54000,54000
6da7ef6a385b0fb5eb860a3c2dad6be3f89764e9,3934.77,150.95,16.485267748,54000,53000
6da7ef6a385b0fb5eb860a3c2dad6be3f89764e9,3914.68,150.54,16.406871113,54000,54000
6da7ef6a385b0fb5eb860a3c2dad6be3f89764e9,3914.95,150.51,16.422300271,54000,54000
6da7ef6a385b0fb5eb860a3c2dad6be3f89764e9,3907.23,149.57,16.410783576,54000,54000
6da7ef6a385b0fb5eb860a3c2dad6be3f89764e9,3923.65,151.29,16.442700307,54000,54000
6da7ef6a385b0fb5eb860a3c2dad6be3f89764e9,3936.59,151.25,16.488581905,54000,54000
6da7ef6a385b0fb5eb860a3c2dad6be3f89764e9,3912.04,150.46,16.374248658,54000,54000
6da7ef6a385b0fb5eb860a3c2dad6be3f89764e9,3924.97,150.51,16.442668112,54000,54000
6da7ef6a385b0fb5eb860a3c2dad6be3f89764e9,3931.04,150.57,16.469699372,54000,54000
6da7ef6a385b0fb5eb860a3c2dad6be3f89764e9,3904.16,149.68,16.360785168,55000,54000
6da7ef6a385b0fb5eb860a3c2dad6be3f89764e9,3950.83,152.22,16.562560952,54000,54000
6da7ef6a385b0fb5eb860a3c2dad6be3f89764e9,3942.92,151.00,16.508540512,54000,54000
6da7ef6a385b0fb5eb860a3c2dad6be3f89764e9,3938.55,151.02,16.483559671,54000,54000
6da7ef6a385b0fb5eb860a3c2dad6be3f89764e9,3899.66,149.88,16.313924022,54000,54000
6da7ef6a385b0fb5eb860a3c2dad6be3f89764e9,3918.25,150.72,16.402754543,54000,54000
6da7ef6a385b0fb5eb860a3c2dad6be3f89764e9,3909.17,150.04,16.374182736,54000,54000
6da7ef6a385b0fb5eb860a3c2dad6be3f89764e9,3934.92,151.48,16.491721642,55000,54000
6da7ef6a385b0fb5eb860a3c2dad6be3f89764e9,3925.45,151.38,16.438861667,55000,55000
6da7ef6a385b0fb5eb860a3c2dad6be3f89764e9,3913.19,150.26,16.371829162,55000,54000
d9b3c75f169d088ea636c25aae3f2fc7071fcd5e,3899.09,149.03,16.322868530,55000,54000
d9b3c75f169d088ea636c25aae3f2fc7071fcd5e,3914.08,150.03,16.377711425,55000,54000
d9b3c75f169d088ea636c25aae3f2fc7071fcd5e,3932.72,150.59,16.446488260,56000,55000
d9b3c75f169d088ea636c25aae3f2fc7071fcd5e,3915.20,149.72,16.381584624,54000,55000
d9b3c75f169d088ea636c25aae3f2fc7071fcd5e,3911.11,149.57,16.377422871,54000,55000
d9b3c75f169d088ea636c25aae3f2fc7071fcd5e,3946.41,151.24,16.533741813,54000,54000
d9b3c75f169d088ea636c25aae3f2fc7071fcd5e,3944.39,151.11,16.509508803,54000,55000
d9b3c75f169d088ea636c25aae3f2fc7071fcd5e,3924.07,150.06,16.403203092,54000,55000
d9b3c75f169d088ea636c25aae3f2fc7071fcd5e,3958.61,151.34,16.557769081,54000,54000
d9b3c75f169d088ea636c25aae3f2fc7071fcd5e,3936.81,150.79,16.498649756,54000,54000
d9b3c75f169d088ea636c25aae3f2fc7071fcd5e,3927.87,151.40,16.484584482,54000,54000
d9b3c75f169d088ea636c25aae3f2fc7071fcd5e,3891.53,149.12,16.317041205,53000,54000
d9b3c75f169d088ea636c25aae3f2fc7071fcd5e,3925.76,150.87,16.461154348,53000,54000
d9b3c75f169d088ea636c25aae3f2fc7071fcd5e,3940.92,151.18,16.519624370,54000,54000
d9b3c75f169d088ea636c25aae3f2fc7071fcd5e,3906.99,149.80,16.376578254,55000,54000
d9b3c75f169d088ea636c25aae3f2fc7071fcd5e,3935.24,151.79,16.494973124,54000,54000
d9b3c75f169d088ea636c25aae3f2fc7071fcd5e,3960.16,152.74,16.601788546,54000,54000
d9b3c75f169d088ea636c25aae3f2fc7071fcd5e,3912.26,149.98,16.389862202,54000,54000
d9b3c75f169d088ea636c25aae3f2fc7071fcd5e,3919.25,150.92,16.419027460,54000,54000
d9b3c75f169d088ea636c25aae3f2fc7071fcd5e,3915.30,150.82,16.391941216,54000,54000
d9b3c75f169d088ea636c25aae3f2fc7071fcd5e,3926.46,150.29,16.451415365,54000,53000
d9b3c75f169d088ea636c25aae3f2fc7071fcd5e,3930.21,150.79,16.451054980,54000,55000
d9b3c75f169d088ea636c25aae3f2fc7071fcd5e,3922.95,151.01,16.434888779,54000,54000
d9b3c75f169d088ea636c25aae3f2fc7071fcd5e,3933.08,151.72,16.454610909,54000,54000
d9b3c75f169d088ea636c25aae3f2fc7071fcd5e,3909.98,150.87,16.376832997,54000,54000
d9b3c75f169d088ea636c25aae3f2fc7071fcd5e,3922.07,151.09,16.426988808,54000,54000
d9b3c75f169d088ea636c25aae3f2fc7071fcd5e,3918.71,151.12,16.435486499,54000,54000
d9b3c75f169d088ea636c25aae3f2fc7071fcd5e,3909.69,150.63,16.390147313,54000,54000
d9b3c75f169d088ea636c25aae3f2fc7071fcd5e,3919.44,151.07,16.414181377,54000,54000
d9b3c75f169d088ea636c25aae3f2fc7071fcd5e,3940.70,150.75,16.507587958,54000,54000
ff0c73d66d1db53721a5942126979eb341d98909,3876.31,148.33,16.213458275,55000,55000
ff0c73d66d1db53721a5942126979eb341d98909,3879.47,148.85,16.218731069,55000,55000
ff0c73d66d1db53721a5942126979eb341d98909,3839.43,147.03,16.052103302,54000,55000
ff0c73d66d1db53721a5942126979eb341d98909,3832.91,146.58,16.042180031,54000,55000
ff0c73d66d1db53721a5942126979eb341d98909,3839.05,146.85,16.070631704,55000,55000
ff0c73d66d1db53721a5942126979eb341d98909,3842.33,147.02,16.063954358,54000,54000
ff0c73d66d1db53721a5942126979eb341d98909,3890.66,148.81,16.283067259,54000,54000
ff0c73d66d1db53721a5942126979eb341d98909,3827.79,146.69,16.041661882,54000,54000
ff0c73d66d1db53721a5942126979eb341d98909,3848.57,147.67,16.146282875,53000,54000
ff0c73d66d1db53721a5942126979eb341d98909,3864.61,148.87,16.162791150,53000,54000
ff0c73d66d1db53721a5942126979eb341d98909,3866.71,147.95,16.206600834,54000,54000
ff0c73d66d1db53721a5942126979eb341d98909,3829.30,147.31,16.077780737,54000,54000
ff0c73d66d1db53721a5942126979eb341d98909,3829.60,146.98,16.061250508,54000,55000
ff0c73d66d1db53721a5942126979eb341d98909,3835.91,147.82,16.110065219,54000,54000
ff0c73d66d1db53721a5942126979eb341d98909,3875.08,148.94,16.277825222,54000,54000
ff0c73d66d1db53721a5942126979eb341d98909,3851.01,148.01,16.145353342,55000,54000
ff0c73d66d1db53721a5942126979eb341d98909,3881.74,148.97,16.252912285,54000,54000
ff0c73d66d1db53721a5942126979eb341d98909,3893.73,149.67,16.330302465,54000,54000
ff0c73d66d1db53721a5942126979eb341d98909,3844.05,148.10,16.103717393,54000,54000
ff0c73d66d1db53721a5942126979eb341d98909,3833.43,147.03,16.054233590,54000,54000
ff0c73d66d1db53721a5942126979eb341d98909,3844.90,147.23,16.132143013,54000,54000
ff0c73d66d1db53721a5942126979eb341d98909,3863.38,148.37,16.181817511,54000,54000
ff0c73d66d1db53721a5942126979eb341d98909,3853.47,147.77,16.147062053,54000,54000
ff0c73d66d1db53721a5942126979eb341d98909,3871.07,148.81,16.231196180,54000,54000
ff0c73d66d1db53721a5942126979eb341d98909,3837.55,146.99,16.092329147,54000,54000
ff0c73d66d1db53721a5942126979eb341d98909,3836.86,147.76,16.054101300,54000,54000
ff0c73d66d1db53721a5942126979eb341d98909,3858.30,148.71,16.179588742,54000,54000
ff0c73d66d1db53721a5942126979eb341d98909,3892.52,150.00,16.291730020,55000,54000
ff0c73d66d1db53721a5942126979eb341d98909,3844.95,147.90,16.113747295,54000,54000
ff0c73d66d1db53721a5942126979eb341d98909,3874.90,148.70,16.209232082,54000,54000
54c376e43038022c4e9c49eba64374f2d6296632,3841.73,147.28,16.065814774,54000,54000
54c376e43038022c4e9c49eba64374f2d6296632,3874.94,148.37,16.207053140,54000,56000
54c376e43038022c4e9c49eba64374f2d6296632,3883.42,148.83,16.235433726,55000,54000
54c376e43038022c4e9c49eba64374f2d6296632,3858.38,147.65,16.124928558,55000,55000
54c376e43038022c4e9c49eba64374f2d6296632,3870.42,148.54,16.185915556,54000,55000
54c376e43038022c4e9c49eba64374f2d6296632,3921.38,150.10,16.409368921,55000,54000
54c376e43038022c4e9c49eba64374f2d6296632,3884.99,149.01,16.241314807,55000,54000
54c376e43038022c4e9c49eba64374f2d6296632,3880.92,148.69,16.247354650,55000,54000
54c376e43038022c4e9c49eba64374f2d6296632,3845.58,146.82,16.103570699,55000,55000
54c376e43038022c4e9c49eba64374f2d6296632,3887.89,148.62,16.257431845,54000,55000
54c376e43038022c4e9c49eba64374f2d6296632,3855.06,147.85,16.137915917,54000,55000
54c376e43038022c4e9c49eba64374f2d6296632,3839.55,146.92,16.093203706,54000,54000
54c376e43038022c4e9c49eba64374f2d6296632,3841.85,147.72,16.108929925,53000,54000
54c376e43038022c4e9c49eba64374f2d6296632,3861.09,147.96,16.173718823,54000,54000
54c376e43038022c4e9c49eba64374f2d6296632,3865.01,147.93,16.201005319,54000,54000
54c376e43038022c4e9c49eba64374f2d6296632,3853.41,147.29,16.140491148,54000,54000
54c376e43038022c4e9c49eba64374f2d6296632,3855.73,148.74,16.139355464,54000,55000
54c376e43038022c4e9c49eba64374f2d6296632,3824.18,146.88,16.047966281,54000,54000
54c376e43038022c4e9c49eba64374f2d6296632,3844.19,147.49,16.105034304,53000,54000
54c376e43038022c4e9c49eba64374f2d6296632,3842.21,147.83,16.080618158,54000,54000
54c376e43038022c4e9c49eba64374f2d6296632,3858.16,148.75,16.122332894,55000,54000
54c376e43038022c4e9c49eba64374f2d6296632,3880.37,149.60,16.239192966,54000,55000
54c376e43038022c4e9c49eba64374f2d6296632,3837.39,147.97,16.068251536,55000,54000
54c376e43038022c4e9c49eba64374f2d6296632,3868.31,148.91,16.206649426,54000,54000
54c376e43038022c4e9c49eba64374f2d6296632,3870.23,148.96,16.206429737,55000,55000
54c376e43038022c4e9c49eba64374f2d6296632,3870.44,148.89,16.216174397,54000,54000
54c376e43038022c4e9c49eba64374f2d6296632,3862.96,148.56,16.155831474,54000,55000
54c376e43038022c4e9c49eba64374f2d6296632,3845.51,148.15,16.102659201,54000,54000
54c376e43038022c4e9c49eba64374f2d6296632,3870.33,148.19,16.198599980,54000,54000
54c376e43038022c4e9c49eba64374f2d6296632,3904.29,150.01,16.317894674,54000,53000
2c1ce52a60224f14cd7424c976b84e553fe1fae6,3862.30,147.38,16.168681079,54000,54000
2c1ce52a60224f14cd7424c976b84e553fe1fae6,3870.25,148.58,16.179608926,54000,54000
2c1ce52a60224f14cd7424c976b84e553fe1fae6,3874.09,148.26,16.219341117,54000,54000
2c1ce52a60224f14cd7424c976b84e553fe1fae6,3872.88,148.25,16.200182192,54000,55000
2c1ce52a60224f14cd7424c976b84e553fe1fae6,3835.49,147.18,16.052330334,54000,54000
2c1ce52a60224f14cd7424c976b84e553fe1fae6,3854.45,147.59,16.122659086,54000,55000
2c1ce52a60224f14cd7424c976b84e553fe1fae6,3860.40,147.54,16.142005397,55000,56000
2c1ce52a60224f14cd7424c976b84e553fe1fae6,3854.72,147.83,16.110011987,55000,56000
2c1ce52a60224f14cd7424c976b84e553fe1fae6,3863.03,148.28,16.155233039,54000,56000
2c1ce52a60224f14cd7424c976b84e553fe1fae6,3903.91,148.87,16.338789807,54000,55000
2c1ce52a60224f14cd7424c976b84e553fe1fae6,3873.71,148.13,16.212261161,55000,55000
2c1ce52a60224f14cd7424c976b84e553fe1fae6,3839.17,147.21,16.094780116,54000,54000
2c1ce52a60224f14cd7424c976b84e553fe1fae6,3858.30,147.89,16.153612320,54000,54000
2c1ce52a60224f14cd7424c976b84e553fe1fae6,3867.91,148.17,16.212387999,53000,54000
2c1ce52a60224f14cd7424c976b84e553fe1fae6,3843.44,147.68,16.142006075,54000,54000
2c1ce52a60224f14cd7424c976b84e553fe1fae6,3868.35,148.45,16.207864097,54000,54000
2c1ce52a60224f14cd7424c976b84e553fe1fae6,3848.32,147.56,16.125903588,54000,54000
2c1ce52a60224f14cd7424c976b84e553fe1fae6,3840.19,147.44,16.102579309,54000,54000
2c1ce52a60224f14cd7424c976b84e553fe1fae6,3833.11,147.28,16.081381200,54000,54000
2c1ce52a60224f14cd7424c976b84e553fe1fae6,3869.15,148.90,16.223835946,54000,54000
2c1ce52a60224f14cd7424c976b84e553fe1fae6,3867.32,148.77,16.208899868,54000,53000
2c1ce52a60224f14cd7424c976b84e553fe1fae6,3874.44,149.21,16.239792817,54000,54000
2c1ce52a60224f14cd7424c976b84e553fe1fae6,3830.81,147.32,16.053168489,54000,54000
2c1ce52a60224f14cd7424c976b84e553fe1fae6,3849.88,147.93,16.147610823,54000,54000
2c1ce52a60224f14cd7424c976b84e553fe1fae6,3869.80,148.98,16.197607368,54000,54000
2c1ce52a60224f14cd7424c976b84e553fe1fae6,3873.98,149.14,16.222403090,54000,54000
2c1ce52a60224f14cd7424c976b84e553fe1fae6,3850.28,148.04,16.127140745,54000,54000
2c1ce52a60224f14cd7424c976b84e553fe1fae6,3865.30,148.84,16.213778265,54000,53000
2c1ce52a60224f14cd7424c976b84e553fe1fae6,3872.04,148.98,16.200871934,54000,54000
2c1ce52a60224f14cd7424c976b84e553fe1fae6,3856.41,147.16,16.130857883,54000,54000
829e9cffe73831964353c6313c937547cda2c9ff,3863.87,147.98,16.165370686,54000,54000
829e9cffe73831964353c6313c937547cda2c9ff,3906.90,150.17,16.337202551,55000,54000
829e9cffe73831964353c6313c937547cda2c9ff,3869.23,147.78,16.191241939,55000,55000
829e9cffe73831964353c6313c937547cda2c9ff,3864.62,148.11,16.160796041,54000,55000
829e9cffe73831964353c6313c937547cda2c9ff,3860.37,147.95,16.152506759,54000,54000
829e9cffe73831964353c6313c937547cda2c9ff,3894.09,149.12,16.286289310,54000,54000
829e9cffe73831964353c6313c937547cda2c9ff,3879.63,147.81,16.229284594,56000,55000
829e9cffe73831964353c6313c937547cda2c9ff,3844.17,146.90,16.081923407,55000,54000
829e9cffe73831964353c6313c937547cda2c9ff,3884.16,148.01,16.257350115,54000,55000
829e9cffe73831964353c6313c937547cda2c9ff,3840.03,146.07,16.093313752,54000,55000
829e9cffe73831964353c6313c937547cda2c9ff,3858.26,148.26,16.168991158,54000,54000
829e9cffe73831964353c6313c937547cda2c9ff,3814.24,146.58,16.000608371,53000,53000
829e9cffe73831964353c6313c937547cda2c9ff,3852.41,147.92,16.139597913,54000,54000
829e9cffe73831964353c6313c937547cda2c9ff,3857.53,147.53,16.175883556,55000,54000
829e9cffe73831964353c6313c937547cda2c9ff,3863.48,148.65,16.227327153,54000,54000
829e9cffe73831964353c6313c937547cda2c9ff,3823.37,146.49,16.029144455,53000,53000
829e9cffe73831964353c6313c937547cda2c9ff,3860.77,148.29,16.170811616,54000,54000
829e9cffe73831964353c6313c937547cda2c9ff,3873.23,148.68,16.231144817,53000,54000
829e9cffe73831964353c6313c937547cda2c9ff,3834.41,147.35,16.076116991,55000,55000
829e9cffe73831964353c6313c937547cda2c9ff,3829.84,146.86,16.061275348,54000,54000
829e9cffe73831964353c6313c937547cda2c9ff,3833.55,147.27,16.067360992,55000,54000
829e9cffe73831964353c6313c937547cda2c9ff,3844.09,147.27,16.095166098,54000,54000
829e9cffe73831964353c6313c937547cda2c9ff,3872.61,148.48,16.242808714,54000,54000
829e9cffe73831964353c6313c937547cda2c9ff,3850.17,148.06,16.125270887,54000,54000
829e9cffe73831964353c6313c937547cda2c9ff,3864.82,148.70,16.166682390,54000,54000
829e9cffe73831964353c6313c937547cda2c9ff,3836.05,147.16,16.075371996,54000,54000
829e9cffe73831964353c6313c937547cda2c9ff,3865.94,148.91,16.186500816,54000,55000
829e9cffe73831964353c6313c937547cda2c9ff,3861.42,148.75,16.181231852,54000,55000
829e9cffe73831964353c6313c937547cda2c9ff,3811.99,146.19,15.964559155,54000,54000
829e9cffe73831964353c6313c937547cda2c9ff,3873.97,148.31,16.211161831,54000,54000
8253d82c0c6e75a00002cbce8a20313137c97655,3856.38,147.44,16.122853132,55000,56000
8253d82c0c6e75a00002cbce8a20313137c97655,3833.70,147.01,16.050657388,55000,55000
8253d82c0c6e75a00002cbce8a20313137c97655,3868.92,148.37,16.204617655,54000,54000
8253d82c0c6e75a00002cbce8a20313137c97655,3875.76,147.69,16.230407211,54000,55000
8253d82c0c6e75a00002cbce8a20313137c97655,3860.39,147.59,16.147181423,54000,54000
8253d82c0c6e75a00002cbce8a20313137c97655,3877.70,148.20,16.232887813,55000,54000
8253d82c0c6e75a00002cbce8a20313137c97655,3892.38,149.44,16.273830420,55000,55000
8253d82c0c6e75a00002cbce8a20313137c97655,3853.30,147.15,16.137870128,55000,55000
8253d82c0c6e75a00002cbce8a20313137c97655,3827.60,146.11,16.019882219,55000,55000
8253d82c0c6e75a00002cbce8a20313137c97655,3856.48,148.23,16.161519972,54000,54000
8253d82c0c6e75a00002cbce8a20313137c97655,3856.21,148.03,16.181779516,55000,54000
8253d82c0c6e75a00002cbce8a20313137c97655,3843.26,147.58,16.097928731,54000,54000
8253d82c0c6e75a00002cbce8a20313137c97655,3846.16,147.64,16.120362763,53000,54000
8253d82c0c6e75a00002cbce8a20313137c97655,3863.43,148.05,16.217021072,54000,54000
8253d82c0c6e75a00002cbce8a20313137c97655,3828.87,146.56,16.055855766,54000,54000
8253d82c0c6e75a00002cbce8a20313137c97655,3843.67,148.12,16.118637549,54000,54000
8253d82c0c6e75a00002cbce8a20313137c97655,3882.83,148.84,16.266978375,54000,54000
8253d82c0c6e75a00002cbce8a20313137c97655,3862.57,147.92,16.195370378,54000,54000
8253d82c0c6e75a00002cbce8a20313137c97655,3853.78,148.38,16.151778445,54000,54000
8253d82c0c6e75a00002cbce8a20313137c97655,3872.68,148.67,16.230753737,54000,54000
8253d82c0c6e75a00002cbce8a20313137c97655,3865.88,148.94,16.180295957,54000,54000
8253d82c0c6e75a00002cbce8a20313137c97655,3833.21,146.93,16.051092297,54000,54000
8253d82c0c6e75a00002cbce8a20313137c97655,3857.83,148.86,16.143303028,54000,56000
8253d82c0c6e75a00002cbce8a20313137c97655,3862.68,148.95,16.166646760,54000,54000
8253d82c0c6e75a00002cbce8a20313137c97655,3830.16,147.34,16.069911947,54000,54000
8253d82c0c6e75a00002cbce8a20313137c97655,3845.18,148.19,16.114461916,54000,54000
8253d82c0c6e75a00002cbce8a20313137c97655,3896.47,150.03,16.309750636,54000,54000
8253d82c0c6e75a00002cbce8a20313137c97655,3860.26,147.96,16.146717044,54000,54000
8253d82c0c6e75a00002cbce8a20313137c97655,3884.92,148.78,16.264254965,54000,54000
8253d82c0c6e75a00002cbce8a20313137c97655,3872.39,148.49,16.192243647,54000,54000
3dd9cdb4be847c81d8e0cd8b5ed04c793ea0104b,3865.98,147.98,16.174789511,54000,54000
3dd9cdb4be847c81d8e0cd8b5ed04c793ea0104b,3904.01,149.36,16.315241305,54000,55000
3dd9cdb4be847c81d8e0cd8b5ed04c793ea0104b,3877.97,148.46,16.234908570,55000,54000
3dd9cdb4be847c81d8e0cd8b5ed04c793ea0104b,3865.44,148.03,16.186874018,54000,55000
3dd9cdb4be847c81d8e0cd8b5ed04c793ea0104b,3872.00,147.78,16.199768478,54000,55000
3dd9cdb4be847c81d8e0cd8b5ed04c793ea0104b,3859.88,147.15,16.176280464,54000,55000
3dd9cdb4be847c81d8e0cd8b5ed04c793ea0104b,3863.19,147.78,16.159664353,54000,55000
3dd9cdb4be847c81d8e0cd8b5ed04c793ea0104b,3876.61,148.18,16.220718319,54000,54000
3dd9cdb4be847c81d8e0cd8b5ed04c793ea0104b,3840.68,146.89,16.047467384,55000,54000
3dd9cdb4be847c81d8e0cd8b5ed04c793ea0104b,3855.20,147.25,16.140905194,54000,55000
3dd9cdb4be847c81d8e0cd8b5ed04c793ea0104b,3833.98,146.87,16.049002924,55000,55000
3dd9cdb4be847c81d8e0cd8b5ed04c793ea0104b,3899.91,148.93,16.304255658,55000,55000
3dd9cdb4be847c81d8e0cd8b5ed04c793ea0104b,3862.51,148.11,16.220840558,53000,54000
3dd9cdb4be847c81d8e0cd8b5ed04c793ea0104b,3845.09,147.92,16.131641585,54000,53000
3dd9cdb4be847c81d8e0cd8b5ed04c793ea0104b,3827.49,146.69,16.051675721,54000,54000
3dd9cdb4be847c81d8e0cd8b5ed04c793ea0104b,3818.17,146.31,15.997913581,54000,54000
3dd9cdb4be847c81d8e0cd8b5ed04c793ea0104b,3891.56,149.52,16.322002448,54000,53000
3dd9cdb4be847c81d8e0cd8b5ed04c793ea0104b,3900.77,149.50,16.318308682,55000,55000
3dd9cdb4be847c81d8e0cd8b5ed04c793ea0104b,3851.99,147.91,16.138092765,54000,54000
3dd9cdb4be847c81d8e0cd8b5ed04c793ea0104b,3852.31,147.57,16.160125601,54000,54000
3dd9cdb4be847c81d8e0cd8b5ed04c793ea0104b,3847.76,147.32,16.120735183,54000,54000
3dd9cdb4be847c81d8e0cd8b5ed04c793ea0104b,3854.38,147.94,16.161429147,54000,54000
3dd9cdb4be847c81d8e0cd8b5ed04c793ea0104b,3893.74,149.68,16.295441080,54000,54000
3dd9cdb4be847c81d8e0cd8b5ed04c793ea0104b,3878.12,149.14,16.219601600,54000,55000
3dd9cdb4be847c81d8e0cd8b5ed04c793ea0104b,3885.93,149.99,16.258206328,55000,54000
3dd9cdb4be847c81d8e0cd8b5ed04c793ea0104b,3858.72,148.13,16.176574060,54000,54000
3dd9cdb4be847c81d8e0cd8b5ed04c793ea0104b,3886.83,149.36,16.280762684,54000,54000
3dd9cdb4be847c81d8e0cd8b5ed04c793ea0104b,3871.02,148.48,16.228297330,54000,54000
3dd9cdb4be847c81d8e0cd8b5ed04c793ea0104b,3865.18,148.85,16.182130155,54000,54000
3dd9cdb4be847c81d8e0cd8b5ed04c793ea0104b,3862.05,148.20,16.167189461,53000,54000
144455bd1b9ff9b3722f26c045c7f342fd2e554d,3897.96,149.53,16.288078043,54000,54000
144455bd1b9ff9b3722f26c045c7f342fd2e554d,3868.00,147.69,16.171064542,54000,54000
144455bd1b9ff9b3722f26c045c7f342fd2e554d,3861.93,147.70,16.149640110,54000,54000
144455bd1b9ff9b3722f26c045c7f342fd2e554d,3843.40,146.29,16.093240617,54000,54000
144455bd1b9ff9b3722f26c045c7f342fd2e554d,3851.98,147.48,16.111882949,54000,54000
144455bd1b9ff9b3722f26c045c7f342fd2e554d,3859.95,147.17,16.155885515,55000,55000
144455bd1b9ff9b3722f26c045c7f342fd2e554d,3852.56,147.16,16.124080150,55000,54000
144455bd1b9ff9b3722f26c045c7f342fd2e554d,3870.96,148.38,16.239742904,54000,54000
144455bd1b9ff9b3722f26c045c7f342fd2e554d,3855.01,147.97,16.161600063,54000,54000
144455bd1b9ff9b3722f26c045c7f342fd2e554d,3832.21,147.51,16.079854139,54000,53000
144455bd1b9ff9b3722f26c045c7f342fd2e554d,3831.08,147.12,16.062954231,54000,53000
144455bd1b9ff9b3722f26c045c7f342fd2e554d,3868.33,148.65,16.209334935,55000,54000
144455bd1b9ff9b3722f26c045c7f342fd2e554d,3843.39,147.73,16.088377320,55000,54000
144455bd1b9ff9b3722f26c045c7f342fd2e554d,3862.03,149.05,16.179002419,55000,54000
144455bd1b9ff9b3722f26c045c7f342fd2e554d,3851.42,147.57,16.140437910,54000,54000
144455bd1b9ff9b3722f26c045c7f342fd2e554d,3847.87,147.74,16.136490339,54000,54000
144455bd1b9ff9b3722f26c045c7f342fd2e554d,3846.38,147.64,16.126812135,54000,54000
144455bd1b9ff9b3722f26c045c7f342fd2e554d,3870.50,148.24,16.235503756,54000,54000
144455bd1b9ff9b3722f26c045c7f342fd2e554d,3879.44,149.54,16.224955158,54000,54000
144455bd1b9ff9b3722f26c045c7f342fd2e554d,3890.70,149.73,16.272068065,54000,54000
144455bd1b9ff9b3722f26c045c7f342fd2e554d,3888.57,149.13,16.285630459,54000,55000
144455bd1b9ff9b3722f26c045c7f342fd2e554d,3869.89,149.76,16.180334592,55000,55000
144455bd1b9ff9b3722f26c045c7f342fd2e554d,3871.45,148.65,16.206183309,54000,54000
144455bd1b9ff9b3722f26c045c7f342fd2e554d,3864.53,148.29,16.192903215,54000,54000
144455bd1b9ff9b3722f26c045c7f342fd2e554d,3868.38,148.38,16.184353941,54000,54000
144455bd1b9ff9b3722f26c045c7f342fd2e554d,3909.16,150.12,16.377937241,54000,54000
144455bd1b9ff9b3722f26c045c7f342fd2e554d,3852.57,147.88,16.128569918,54000,54000
144455bd1b9ff9b3722f26c045c7f342fd2e554d,3865.03,148.17,16.178140905,54000,54000
144455bd1b9ff9b3722f26c045c7f342fd2e554d,3897.50,149.15,16.315017558,54000,54000
144455bd1b9ff9b3722f26c045c7f342fd2e554d,3882.23,148.48,16.249645875,54000,55000
94e8bf62b9db0b915f733a4e3ad8d4362f0e8c03,3888.70,148.42,16.265836852,54000,55000
94e8bf62b9db0b915f733a4e3ad8d4362f0e8c03,3829.39,146.89,16.028582959,55000,56000
94e8bf62b9db0b915f733a4e3ad8d4362f0e8c03,3873.02,148.49,16.192274612,54000,54000
94e8bf62b9db0b915f733a4e3ad8d4362f0e8c03,3867.46,148.43,16.179248186,55000,54000
94e8bf62b9db0b915f733a4e3ad8d4362f0e8c03,3829.35,147.19,16.016388881,55000,54000
94e8bf62b9db0b915f733a4e3ad8d4362f0e8c03,3857.01,147.52,16.157178703,55000,54000
94e8bf62b9db0b915f733a4e3ad8d4362f0e8c03,3832.69,147.21,16.033161044,54000,55000
94e8bf62b9db0b915f733a4e3ad8d4362f0e8c03,3860.20,147.55,16.160179393,55000,54000
94e8bf62b9db0b915f733a4e3ad8d4362f0e8c03,3860.32,147.22,16.158040022,55000,54000
94e8bf62b9db0b915f733a4e3ad8d4362f0e8c03,3844.04,146.68,16.075822792,55000,54000
94e8bf62b9db0b915f733a4e3ad8d4362f0e8c03,3887.40,148.62,16.270710099,55000,55000
94e8bf62b9db0b915f733a4e3ad8d4362f0e8c03,3871.89,148.07,16.202023323,54000,55000
94e8bf62b9db0b915f733a4e3ad8d4362f0e8c03,3853.07,146.97,16.154458108,54000,54000
94e8bf62b9db0b915f733a4e3ad8d4362f0e8c03,3862.23,148.38,16.189427116,54000,54000
94e8bf62b9db0b915f733a4e3ad8d4362f0e8c03,3850.06,147.96,16.130649211,54000,54000
94e8bf62b9db0b915f733a4e3ad8d4362f0e8c03,3847.21,147.92,16.111453026,54000,54000
94e8bf62b9db0b915f733a4e3ad8d4362f0e8c03,3840.45,147.02,16.068564563,55000,54000
94e8bf62b9db0b915f733a4e3ad8d4362f0e8c03,3838.09,147.39,16.110416446,54000,54000
94e8bf62b9db0b915f733a4e3ad8d4362f0e8c03,3836.05,148.16,16.049881987,54000,55000
94e8bf62b9db0b915f733a4e3ad8d4362f0e8c03,3869.54,149.01,16.229615582,54000,54000
94e8bf62b9db0b915f733a4e3ad8d4362f0e8c03,3846.89,147.70,16.107136087,54000,54000
94e8bf62b9db0b915f733a4e3ad8d4362f0e8c03,3849.76,147.90,16.106475616,54000,54000
94e8bf62b9db0b915f733a4e3ad8d4362f0e8c03,3849.70,147.59,16.123045829,55000,54000
94e8bf62b9db0b915f733a4e3ad8d4362f0e8c03,3848.02,147.60,16.115885960,54000,54000
94e8bf62b9db0b915f733a4e3ad8d4362f0e8c03,3847.42,148.24,16.141836913,54000,54000
94e8bf62b9db0b915f733a4e3ad8d4362f0e8c03,3860.38,148.89,16.127253448,54000,55000
94e8bf62b9db0b915f733a4e3ad8d4362f0e8c03,3847.14,148.25,16.101568946,54000,54000
94e8bf62b9db0b915f733a4e3ad8d4362f0e8c03,3853.54,148.31,16.136816726,54000,54000
94e8bf62b9db0b915f733a4e3ad8d4362f0e8c03,3842.54,147.32,16.073084131,54000,54000
94e8bf62b9db0b915f733a4e3ad8d4362f0e8c03,3880.45,148.50,16.240509612,55000,54000
25571da5c36eb819da6a7d5d6734398beeae528c,3853.13,147.70,16.125819708,55000,54000
25571da5c36eb819da6a7d5d6734398beeae528c,3844.18,146.78,16.095661068,54000,54000
25571da5c36eb819da6a7d5d6734398beeae528c,3870.16,148.15,16.185543429,54000,54000
25571da5c36eb819da6a7d5d6734398beeae528c,3856.81,147.32,16.131139796,54000,55000
25571da5c36eb819da6a7d5d6734398beeae528c,3833.21,146.08,16.052353877,55000,54000
25571da5c36eb819da6a7d5d6734398beeae528c,3855.82,147.47,16.119470318,55000,55000
25571da5c36eb819da6a7d5d6734398beeae528c,3861.91,147.66,16.150071484,55000,56000
25571da5c36eb819da6a7d5d6734398beeae528c,3860.66,147.46,16.175187771,54000,54000
25571da5c36eb819da6a7d5d6734398beeae528c,3844.56,146.96,16.093778425,54000,54000
25571da5c36eb819da6a7d5d6734398beeae528c,3866.30,147.95,16.177583883,54000,55000
25571da5c36eb819da6a7d5d6734398beeae528c,3852.82,147.30,16.144441126,54000,55000
25571da5c36eb819da6a7d5d6734398beeae528c,3849.26,147.24,16.106171448,56000,55000
25571da5c36eb819da6a7d5d6734398beeae528c,3842.24,147.05,16.116861178,54000,53000
25571da5c36eb819da6a7d5d6734398beeae528c,3903.12,150.15,16.379751331,53000,54000
25571da5c36eb819da6a7d5d6734398beeae528c,3894.10,149.37,16.319337799,54000,54000
25571da5c36eb819da6a7d5d6734398beeae528c,3884.75,148.88,16.272454496,53000,54000
25571da5c36eb819da6a7d5d6734398beeae528c,3898.10,150.21,16.365265324,54000,53000
25571da5c36eb819da6a7d5d6734398beeae528c,3867.64,148.43,16.193852216,54000,55000
25571da5c36eb819da6a7d5d6734398beeae528c,3880.28,149.43,16.255138799,54000,55000
25571da5c36eb819da6a7d5d6734398beeae528c,3857.64,147.87,16.146095764,54000,54000
25571da5c36eb819da6a7d5d6734398beeae528c,3857.83,148.00,16.175621471,55000,55000
25571da5c36eb819da6a7d5d6734398beeae528c,3860.47,148.09,16.168233752,54000,55000
25571da5c36eb819da6a7d5d6734398beeae528c,3863.22,148.60,16.206615110,54000,54000
25571da5c36eb819da6a7d5d6734398beeae528c,3877.64,149.11,16.232370250,54000,54000
25571da5c36eb819da6a7d5d6734398beeae528c,3862.93,148.48,16.187761127,54000,54000
25571da5c36eb819da6a7d5d6734398beeae528c,3855.42,147.83,16.129114707,54000,54000
25571da5c36eb819da6a7d5d6734398beeae528c,3844.43,146.62,16.098357687,54000,55000
25571da5c36eb819da6a7d5d6734398beeae528c,3840.50,147.08,16.081129639,54000,54000
25571da5c36eb819da6a7d5d6734398beeae528c,3857.35,147.82,16.131642085,55000,54000
25571da5c36eb819da6a7d5d6734398beeae528c,3857.65,147.65,16.152682027,55000,54000
24f7cac6ce7e5ae047e596987f395d213dbd08f1,3833.46,146.71,16.048207917,55000,55000
24f7cac6ce7e5ae047e596987f395d213dbd08f1,3871.76,147.88,16.201256914,55000,55000
24f7cac6ce7e5ae047e596987f395d213dbd08f1,3867.67,147.82,16.195575065,54000,54000
24f7cac6ce7e5ae047e596987f395d213dbd08f1,3882.97,148.87,16.240175427,54000,54000
24f7cac6ce7e5ae047e596987f395d213dbd08f1,3915.81,149.94,16.398235446,54000,54000
24f7cac6ce7e5ae047e596987f395d213dbd08f1,3883.27,148.43,16.254503354,55000,54000
24f7cac6ce7e5ae047e596987f395d213dbd08f1,3854.78,147.28,16.116813518,54000,54000
24f7cac6ce7e5ae047e596987f395d213dbd08f1,3863.61,147.97,16.147703141,54000,54000
24f7cac6ce7e5ae047e596987f395d213dbd08f1,3855.58,148.02,16.134749715,55000,55000
24f7cac6ce7e5ae047e596987f395d213dbd08f1,3856.87,147.41,16.142342213,55000,55000
24f7cac6ce7e5ae047e596987f395d213dbd08f1,3947.35,150.91,16.524289200,55000,55000
24f7cac6ce7e5ae047e596987f395d213dbd08f1,3900.59,149.30,16.314599866,55000,55000
24f7cac6ce7e5ae047e596987f395d213dbd08f1,3874.10,148.53,16.200435920,54000,55000
24f7cac6ce7e5ae047e596987f395d213dbd08f1,3849.98,147.51,16.123085627,54000,54000
24f7cac6ce7e5ae047e596987f395d213dbd08f1,3862.09,148.24,16.184041625,54000,54000
24f7cac6ce7e5ae047e596987f395d213dbd08f1,3831.38,147.03,16.065300339,54000,54000
24f7cac6ce7e5ae047e596987f395d213dbd08f1,3868.33,148.36,16.238088148,54000,54000
24f7cac6ce7e5ae047e596987f395d213dbd08f1,3839.10,147.55,16.082526832,54000,54000
24f7cac6ce7e5ae047e596987f395d213dbd08f1,3830.80,146.84,16.051653743,54000,54000
24f7cac6ce7e5ae047e596987f395d213dbd08f1,3872.81,148.14,16.191515363,54000,54000
24f7cac6ce7e5ae047e596987f395d213dbd08f1,3867.90,148.17,16.205772408,54000,54000
24f7cac6ce7e5ae047e596987f395d213dbd08f1,3829.68,147.01,16.056546801,54000,54000
24f7cac6ce7e5ae047e596987f395d213dbd08f1,3859.93,148.89,16.152587337,54000,54000
24f7cac6ce7e5ae047e596987f395d213dbd08f1,3876.96,149.33,16.223197973,54000,55000
24f7cac6ce7e5ae047e596987f395d213dbd08f1,3837.71,147.86,16.083165163,54000,54000
24f7cac6ce7e5ae047e596987f395d213dbd08f1,3851.71,148.34,16.150021170,55000,54000
24f7cac6ce7e5ae047e596987f395d213dbd08f1,3854.84,148.32,16.137730626,54000,55000
24f7cac6ce7e5ae047e596987f395d213dbd08f1,3840.18,147.56,16.093801276,54000,54000
24f7cac6ce7e5ae047e596987f395d213dbd08f1,3914.85,150.06,16.396451098,54000,54000
24f7cac6ce7e5ae047e596987f395d213dbd08f1,3837.09,146.88,16.056668757,54000,54000
d9fbc9172df1b47317b901fa343395f3ec15fc29,3859.47,147.26,16.146427508,54000,54000
d9fbc9172df1b47317b901fa343395f3ec15fc29,3872.98,148.24,16.198795859,56000,55000
d9fbc9172df1b47317b901fa343395f3ec15fc29,3845.85,147.12,16.087607732,54000,54000
d9fbc9172df1b47317b901fa343395f3ec15fc29,3899.71,149.31,16.316631266,54000,55000
d9fbc9172df1b47317b901fa343395f3ec15fc29,3832.60,146.16,16.033056568,55000,54000
d9fbc9172df1b47317b901fa343395f3ec15fc29,3890.56,148.69,16.269975061,54000,54000
d9fbc9172df1b47317b901fa343395f3ec15fc29,3861.97,148.10,16.155280711,54000,54000
d9fbc9172df1b47317b901fa343395f3ec15fc29,3885.65,148.78,16.241379908,54000,54000
d9fbc9172df1b47317b901fa343395f3ec15fc29,3841.95,146.79,16.079221029,55000,55000
d9fbc9172df1b47317b901fa343395f3ec15fc29,3850.26,148.14,16.145206947,52000,53000
d9fbc9172df1b47317b901fa343395f3ec15fc29,3844.45,147.68,16.115207761,54000,54000
d9fbc9172df1b47317b901fa343395f3ec15fc29,3847.54,147.65,16.121304512,54000,54000
d9fbc9172df1b47317b901fa343395f3ec15fc29,3844.29,147.87,16.138829525,53000,54000
d9fbc9172df1b47317b901fa343395f3ec15fc29,3816.45,146.37,16.021837328,54000,54000
d9fbc9172df1b47317b901fa343395f3ec15fc29,3833.08,147.25,16.051229421,54000,54000
d9fbc9172df1b47317b901fa343395f3ec15fc29,3874.03,148.79,16.209122232,54000,54000
d9fbc9172df1b47317b901fa343395f3ec15fc29,3888.39,149.54,16.307182078,54000,54000
d9fbc9172df1b47317b901fa343395f3ec15fc29,3851.75,147.85,16.133402751,54000,54000
d9fbc9172df1b47317b901fa343395f3ec15fc29,3855.12,147.97,16.139401843,54000,54000
d9fbc9172df1b47317b901fa343395f3ec15fc29,3823.16,146.92,16.050546539,54000,55000
d9fbc9172df1b47317b901fa343395f3ec15fc29,3862.74,148.91,16.182104353,54000,54000
d9fbc9172df1b47317b901fa343395f3ec15fc29,3861.01,147.60,16.194643852,54000,54000
d9fbc9172df1b47317b901fa343395f3ec15fc29,3868.36,148.83,16.220821322,55000,54000
d9fbc9172df1b47317b901fa343395f3ec15fc29,3835.85,147.11,16.065790604,54000,54000
d9fbc9172df1b47317b901fa343395f3ec15fc29,3833.84,147.69,16.061421599,54000,54000
d9fbc9172df1b47317b901fa343395f3ec15fc29,3867.82,148.42,16.185384568,54000,54000
d9fbc9172df1b47317b901fa343395f3ec15fc29,3852.85,148.06,16.139988249,54000,54000
d9fbc9172df1b47317b901fa343395f3ec15fc29,3886.25,149.13,16.250790781,54000,54000
d9fbc9172df1b47317b901fa343395f3ec15fc29,3854.80,147.84,16.122903663,54000,54000
d9fbc9172df1b47317b901fa343395f3ec15fc29,3887.63,148.88,16.274466856,54000,54000
e75be1d186214a4ae65cd4de4931fdfec0832821,3856.97,147.68,16.123688046,54000,54000
e75be1d186214a4ae65cd4de4931fdfec0832821,3889.41,149.01,16.272749040,54000,54000
e75be1d186214a4ae65cd4de4931fdfec0832821,3854.53,147.65,16.121716425,55000,55000
e75be1d186214a4ae65cd4de4931fdfec0832821,3883.28,148.35,16.249036616,55000,55000
e75be1d186214a4ae65cd4de4931fdfec0832821,3864.83,147.91,16.159727758,54000,55000
e75be1d186214a4ae65cd4de4931fdfec0832821,3851.51,147.62,16.091953578,55000,55000
e75be1d186214a4ae65cd4de4931fdfec0832821,3853.35,147.51,16.136884457,54000,55000
e75be1d186214a4ae65cd4de4931fdfec0832821,3861.69,147.84,16.171938824,55000,55000
e75be1d186214a4ae65cd4de4931fdfec0832821,3836.67,147.18,16.055219271,54000,54000
e75be1d186214a4ae65cd4de4931fdfec0832821,3844.49,146.94,16.087600454,54000,54000
e75be1d186214a4ae65cd4de4931fdfec0832821,3862.11,147.50,16.160634652,55000,55000
e75be1d186214a4ae65cd4de4931fdfec0832821,3838.33,146.89,16.045886173,55000,56000
e75be1d186214a4ae65cd4de4931fdfec0832821,3840.52,146.54,16.057646767,55000,56000
e75be1d186214a4ae65cd4de4931fdfec0832821,3845.19,147.60,16.121591937,53000,54000
e75be1d186214a4ae65cd4de4931fdfec0832821,3822.70,146.58,16.023902892,54000,54000
e75be1d186214a4ae65cd4de4931fdfec0832821,3836.83,147.33,16.073486335,54000,54000
e75be1d186214a4ae65cd4de4931fdfec0832821,3811.98,146.47,15.979595171,54000,54000
e75be1d186214a4ae65cd4de4931fdfec0832821,3826.32,146.80,16.073268735,54000,54000
e75be1d186214a4ae65cd4de4931fdfec0832821,3851.04,147.98,16.144983696,54000,55000
e75be1d186214a4ae65cd4de4931fdfec0832821,3869.50,148.78,16.231496933,54000,54000
e75be1d186214a4ae65cd4de4931fdfec0832821,3853.08,148.20,16.138912632,54000,54000
e75be1d186214a4ae65cd4de4931fdfec0832821,3854.85,147.45,16.169892350,54000,54000
e75be1d186214a4ae65cd4de4931fdfec0832821,3848.75,147.87,16.143126985,54000,54000
e75be1d186214a4ae65cd4de4931fdfec0832821,3837.82,147.54,16.072050439,54000,54000
e75be1d186214a4ae65cd4de4931fdfec0832821,3820.82,146.89,16.024851036,54000,54000
e75be1d186214a4ae65cd4de4931fdfec0832821,3849.81,147.99,16.098806339,54000,54000
e75be1d186214a4ae65cd4de4931fdfec0832821,3818.50,146.78,15.991556198,54000,54000
e75be1d186214a4ae65cd4de4931fdfec0832821,3820.93,146.94,16.021425151,54000,54000
e75be1d186214a4ae65cd4de4931fdfec0832821,3831.68,146.76,16.034922475,53000,54000
e75be1d186214a4ae65cd4de4931fdfec0832821,3839.66,147.00,16.078878513,54000,54000
c44fd6eed3dfe0008f721a2de6b73ddcd8363bde,3893.01,149.51,16.308246474,54000,54000
c44fd6eed3dfe0008f721a2de6b73ddcd8363bde,3853.72,147.45,16.130366705,54000,54000
c44fd6eed3dfe0008f721a2de6b73ddcd8363bde,3841.09,147.24,16.075740683,54000,55000
c44fd6eed3dfe0008f721a2de6b73ddcd8363bde,3844.97,147.31,16.079477238,54000,54000
c44fd6eed3dfe0008f721a2de6b73ddcd8363bde,3863.22,147.82,16.144944376,55000,55000
c44fd6eed3dfe0008f721a2de6b73ddcd8363bde,3845.18,146.81,16.080304126,55000,56000
c44fd6eed3dfe0008f721a2de6b73ddcd8363bde,3838.82,147.40,16.111752343,54000,54000
c44fd6eed3dfe0008f721a2de6b73ddcd8363bde,3894.15,149.25,16.325982228,54000,54000
c44fd6eed3dfe0008f721a2de6b73ddcd8363bde,3838.34,147.26,16.085823401,54000,54000
c44fd6eed3dfe0008f721a2de6b73ddcd8363bde,3860.96,148.19,16.167914364,54000,54000
c44fd6eed3dfe0008f721a2de6b73ddcd8363bde,3862.43,148.36,16.200575205,53000,53000
c44fd6eed3dfe0008f721a2de6b73ddcd8363bde,3859.21,148.11,16.146901178,53000,54000
c44fd6eed3dfe0008f721a2de6b73ddcd8363bde,3834.68,147.40,16.091033666,54000,54000
c44fd6eed3dfe0008f721a2de6b73ddcd8363bde,3861.39,148.30,16.176198517,54000,54000
c44fd6eed3dfe0008f721a2de6b73ddcd8363bde,3849.78,147.60,16.118311039,54000,54000
c44fd6eed3dfe0008f721a2de6b73ddcd8363bde,3848.19,147.60,16.115447122,54000,54000
c44fd6eed3dfe0008f721a2de6b73ddcd8363bde,3849.19,147.43,16.144771849,54000,54000
c44fd6eed3dfe0008f721a2de6b73ddcd8363bde,3861.00,148.35,16.173520897,54000,54000
c44fd6eed3dfe0008f721a2de6b73ddcd8363bde,3842.12,146.80,16.093108458,55000,54000
c44fd6eed3dfe0008f721a2de6b73ddcd8363bde,3850.03,147.66,16.121705527,54000,54000
c44fd6eed3dfe0008f721a2de6b73ddcd8363bde,3845.87,147.79,16.119612562,54000,54000
c44fd6eed3dfe0008f721a2de6b73ddcd8363bde,3857.41,148.54,16.179488319,54000,54000
c44fd6eed3dfe0008f721a2de6b73ddcd8363bde,3834.18,146.73,16.096217654,54000,54000
c44fd6eed3dfe0008f721a2de6b73ddcd8363bde,3861.16,147.98,16.169315699,54000,55000
c44fd6eed3dfe0008f721a2de6b73ddcd8363bde,3862.59,147.44,16.181538431,53000,54000
c44fd6eed3dfe0008f721a2de6b73ddcd8363bde,3860.62,147.90,16.148171342,54000,54000
c44fd6eed3dfe0008f721a2de6b73ddcd8363bde,3850.38,147.25,16.130905822,54000,54000
c44fd6eed3dfe0008f721a2de6b73ddcd8363bde,3830.98,147.28,16.067771897,53000,53000
c44fd6eed3dfe0008f721a2de6b73ddcd8363bde,3860.51,148.83,16.170568597,54000,55000
c44fd6eed3dfe0008f721a2de6b73ddcd8363bde,3836.65,147.33,16.051644282,54000,54000
546305a1f2581406af1efede77503cf537d4dae0,3851.51,147.04,16.131960891,54000,54000
546305a1f2581406af1efede77503cf537d4dae0,3863.84,147.86,16.155578460,54000,54000
546305a1f2581406af1efede77503cf537d4dae0,3844.10,147.22,16.106199939,54000,54000
546305a1f2581406af1efede77503cf537d4dae0,3850.32,146.71,16.124872824,54000,54000
546305a1f2581406af1efede77503cf537d4dae0,3859.29,147.21,16.159530154,54000,55000
546305a1f2581406af1efede77503cf537d4dae0,3867.54,148.00,16.176072906,54000,53000
546305a1f2581406af1efede77503cf537d4dae0,3837.38,146.83,16.058783933,55000,55000
546305a1f2581406af1efede77503cf537d4dae0,3888.26,148.68,16.241213430,54000,55000
546305a1f2581406af1efede77503cf537d4dae0,3872.62,148.10,16.226262724,54000,54000
546305a1f2581406af1efede77503cf537d4dae0,3835.15,146.75,16.052080582,54000,54000
546305a1f2581406af1efede77503cf537d4dae0,3856.94,147.74,16.156209956,54000,54000
546305a1f2581406af1efede77503cf537d4dae0,3842.83,147.36,16.103215771,54000,54000
546305a1f2581406af1efede77503cf537d4dae0,3844.87,147.18,16.115072505,54000,54000
546305a1f2581406af1efede77503cf537d4dae0,3871.67,148.76,16.244683192,54000,54000
546305a1f2581406af1efede77503cf537d4dae0,3864.99,148.24,16.240170290,54000,54000
546305a1f2581406af1efede77503cf537d4dae0,3875.37,148.98,16.245924502,54000,53000
546305a1f2581406af1efede77503cf537d4dae0,3861.52,147.72,16.188738850,54000,54000
546305a1f2581406af1efede77503cf537d4dae0,3858.29,148.16,16.173016325,55000,54000
546305a1f2581406af1efede77503cf537d4dae0,3832.27,147.27,16.076248688,54000,55000
546305a1f2581406af1efede77503cf537d4dae0,3820.50,147.02,16.021721226,54000,54000
546305a1f2581406af1efede77503cf537d4dae0,3842.36,146.89,16.093887970,54000,54000
546305a1f2581406af1efede77503cf537d4dae0,3863.15,147.62,16.162966301,54000,54000
546305a1f2581406af1efede77503cf537d4dae0,3853.44,147.77,16.128650403,54000,54000
546305a1f2581406af1efede77503cf537d4dae0,3867.71,148.76,16.198113724,54000,54000
546305a1f2581406af1efede77503cf537d4dae0,3869.51,149.14,16.187212370,55000,55000
546305a1f2581406af1efede77503cf537d4dae0,3871.94,148.90,16.194621174,54000,54000
546305a1f2581406af1efede77503cf537d4dae0,3893.87,149.83,16.292369454,54000,55000
546305a1f2581406af1efede77503cf537d4dae0,3869.50,149.04,16.211104492,55000,55000
546305a1f2581406af1efede77503cf537d4dae0,3855.01,148.14,16.113965653,54000,54000
546305a1f2581406af1efede77503cf537d4dae0,3856.87,147.90,16.131547755,54000,54000
1d1888b7109f55deb97b5c59c10f4649e3cd0466,3825.23,146.29,16.010967205,54000,55000
1d1888b7109f55deb97b5c59c10f4649e3cd0466,3848.84,147.32,16.088714622,55000,55000
1d1888b7109f55deb97b5c59c10f4649e3cd0466,3846.11,147.14,16.084048590,55000,54000
1d1888b7109f55deb97b5c59c10f4649e3cd0466,3850.69,147.47,16.104260272,55000,54000
1d1888b7109f55deb97b5c59c10f4649e3cd0466,3868.24,148.09,16.190606298,55000,54000
1d1888b7109f55deb97b5c59c10f4649e3cd0466,3854.08,147.56,16.115722460,54000,54000
1d1888b7109f55deb97b5c59c10f4649e3cd0466,3832.75,146.72,16.026587181,55000,55000
1d1888b7109f55deb97b5c59c10f4649e3cd0466,3859.08,147.24,16.160715634,54000,54000
1d1888b7109f55deb97b5c59c10f4649e3cd0466,3837.71,146.88,16.067665031,54000,54000
1d1888b7109f55deb97b5c59c10f4649e3cd0466,3854.15,147.64,16.152430025,54000,54000
1d1888b7109f55deb97b5c59c10f4649e3cd0466,3813.74,146.53,15.988205832,54000,54000
1d1888b7109f55deb97b5c59c10f4649e3cd0466,3835.90,147.33,16.109164692,54000,54000
1d1888b7109f55deb97b5c59c10f4649e3cd0466,3841.51,147.61,16.113494786,54000,54000
1d1888b7109f55deb97b5c59c10f4649e3cd0466,3843.37,147.72,16.110053684,54000,54000
1d1888b7109f55deb97b5c59c10f4649e3cd0466,3842.70,147.36,16.102895006,54000,54000
1d1888b7109f55deb97b5c59c10f4649e3cd0466,3847.81,147.44,16.117530129,54000,54000
1d1888b7109f55deb97b5c59c10f4649e3cd0466,3856.63,148.11,16.154123071,54000,54000
1d1888b7109f55deb97b5c59c10f4649e3cd0466,3882.21,149.51,16.272225526,54000,55000
1d1888b7109f55deb97b5c59c10f4649e3cd0466,3884.68,149.68,16.298023031,54000,54000
1d1888b7109f55deb97b5c59c10f4649e3cd0466,3847.48,148.18,16.094816600,54000,54000
1d1888b7109f55deb97b5c59c10f4649e3cd0466,3875.07,149.28,16.203338046,54000,55000
1d1888b7109f55deb97b5c59c10f4649e3cd0466,3840.75,147.41,16.090161274,55000,54000
1d1888b7109f55deb97b5c59c10f4649e3cd0466,3854.73,148.12,16.138629036,54000,54000
1d1888b7109f55deb97b5c59c10f4649e3cd0466,3875.07,149.35,16.205664826,54000,55000
1d1888b7109f55deb97b5c59c10f4649e3cd0466,3829.41,147.09,16.058779481,54000,54000
1d1888b7109f55deb97b5c59c10f4649e3cd0466,3860.17,148.49,16.164080644,54000,54000
1d1888b7109f55deb97b5c59c10f4649e3cd0466,3846.47,148.02,16.103952891,54000,54000
1d1888b7109f55deb97b5c59c10f4649e3cd0466,3855.72,147.82,16.142164996,54000,54000
1d1888b7109f55deb97b5c59c10f4649e3cd0466,3852.79,147.79,16.110678405,54000,54000
1d1888b7109f55deb97b5c59c10f4649e3cd0466,3867.57,148.52,16.180981227,55000,54000
61c069a79bc4473bb771f60d0d2ad890632fc685,3856.10,147.96,16.143108169,54000,54000
61c069a79bc4473bb771f60d0d2ad890632fc685,3851.89,147.46,16.117883254,54000,55000
61c069a79bc4473bb771f60d0d2ad890632fc685,3867.61,148.28,16.171134631,54000,55000
61c069a79bc4473bb771f60d0d2ad890632fc685,3858.67,147.77,16.143336157,55000,56000
61c069a79bc4473bb771f60d0d2ad890632fc685,3876.44,148.54,16.225903085,54000,55000
61c069a79bc4473bb771f60d0d2ad890632fc685,3853.85,147.28,16.134961144,55000,54000
61c069a79bc4473bb771f60d0d2ad890632fc685,3878.87,148.40,16.208744834,55000,54000
61c069a79bc4473bb771f60d0d2ad890632fc685,3871.69,147.60,16.193176301,54000,55000
61c069a79bc4473bb771f60d0d2ad890632fc685,3878.77,148.64,16.226467415,54000,55000
61c069a79bc4473bb771f60d0d2ad890632fc685,3863.43,147.76,16.135668541,56000,55000
61c069a79bc4473bb771f60d0d2ad890632fc685,3860.35,147.89,16.139923424,55000,55000
61c069a79bc4473bb771f60d0d2ad890632fc685,3893.30,148.85,16.285512266,55000,54000
61c069a79bc4473bb771f60d0d2ad890632fc685,3879.22,148.27,16.223717159,55000,54000
61c069a79bc4473bb771f60d0d2ad890632fc685,3870.53,148.25,16.194763996,55000,54000
61c069a79bc4473bb771f60d0d2ad890632fc685,3905.92,149.43,16.352029075,54000,55000
61c069a79bc4473bb771f60d0d2ad890632fc685,3884.51,148.49,16.277907354,54000,55000
61c069a79bc4473bb771f60d0d2ad890632fc685,3868.47,148.21,16.239936693,53000,54000
61c069a79bc4473bb771f60d0d2ad890632fc685,3867.68,148.46,16.209759055,54000,54000
61c069a79bc4473bb771f60d0d2ad890632fc685,3864.05,148.40,16.197526506,53000,54000
61c069a79bc4473bb771f60d0d2ad890632fc685,3862.10,148.65,16.170638223,54000,54000
61c069a79bc4473bb771f60d0d2ad890632fc685,3862.21,148.53,16.173932551,54000,54000
61c069a79bc4473bb771f60d0d2ad890632fc685,3856.24,147.51,16.157205787,54000,54000
61c069a79bc4473bb771f60d0d2ad890632fc685,3877.77,148.80,16.243770287,54000,54000
61c069a79bc4473bb771f60d0d2ad890632fc685,3857.28,148.57,16.132427594,54000,55000
61c069a79bc4473bb771f60d0d2ad890632fc685,3864.72,148.57,16.194514606,54000,55000
61c069a79bc4473bb771f60d0d2ad890632fc685,3877.46,149.80,16.248162396,54000,54000
61c069a79bc4473bb771f60d0d2ad890632fc685,3854.54,148.07,16.163945326,54000,54000
61c069a79bc4473bb771f60d0d2ad890632fc685,3854.02,148.20,16.140298054,54000,54000
61c069a79bc4473bb771f60d0d2ad890632fc685,3872.83,148.40,16.203325049,54000,54000
61c069a79bc4473bb771f60d0d2ad890632fc685,3876.56,148.79,16.218585429,55000,55000
bb7f63452c33091a0a411b2a9128d1af6cb7fd05,4087.99,156.85,17.092885671,54000,55000
bb7f63452c33091a0a411b2a9128d1af6cb7fd05,4144.23,158.88,17.324585964,55000,54000
bb7f63452c33091a0a411b2a9128d1af6cb7fd05,4075.00,156.27,17.040905077,55000,54000
bb7f63452c33091a0a411b2a9128d1af6cb7fd05,4134.45,158.52,17.299533750,54000,55000
bb7f63452c33091a0a411b2a9128d1af6cb7fd05,4137.84,158.70,17.285542911,54000,54000
bb7f63452c33091a0a411b2a9128d1af6cb7fd05,4073.13,155.69,17.026466834,54000,55000
bb7f63452c33091a0a411b2a9128d1af6cb7fd05,4084.72,156.05,17.100421322,54000,54000
bb7f63452c33091a0a411b2a9128d1af6cb7fd05,4110.72,158.01,17.181986337,55000,55000
bb7f63452c33091a0a411b2a9128d1af6cb7fd05,4116.67,158.39,17.216975812,54000,55000
bb7f63452c33091a0a411b2a9128d1af6cb7fd05,4078.17,155.63,17.045381128,55000,55000
bb7f63452c33091a0a411b2a9128d1af6cb7fd05,4062.32,155.86,17.002347548,56000,56000
bb7f63452c33091a0a411b2a9128d1af6cb7fd05,4056.06,155.75,17.021858878,54000,54000
bb7f63452c33091a0a411b2a9128d1af6cb7fd05,4058.44,155.85,17.003634330,54000,54000
bb7f63452c33091a0a411b2a9128d1af6cb7fd05,4062.42,156.47,17.022680245,54000,54000
bb7f63452c33091a0a411b2a9128d1af6cb7fd05,4049.88,155.70,16.971322546,53000,54000
bb7f63452c33091a0a411b2a9128d1af6cb7fd05,4117.12,158.34,17.231157823,54000,54000
bb7f63452c33091a0a411b2a9128d1af6cb7fd05,4082.08,156.72,17.092135011,54000,54000
bb7f63452c33091a0a411b2a9128d1af6cb7fd05,4093.99,157.56,17.140977140,54000,54000
bb7f63452c33091a0a411b2a9128d1af6cb7fd05,4071.82,155.99,17.035798573,54000,54000
bb7f63452c33091a0a411b2a9128d1af6cb7fd05,4072.34,156.60,17.047536605,54000,54000
bb7f63452c33091a0a411b2a9128d1af6cb7fd05,4067.21,156.73,17.020273239,55000,55000
bb7f63452c33091a0a411b2a9128d1af6cb7fd05,4080.24,157.37,17.056826307,54000,54000
bb7f63452c33091a0a411b2a9128d1af6cb7fd05,4052.79,155.76,16.983056653,54000,54000
bb7f63452c33091a0a411b2a9128d1af6cb7fd05,4053.17,155.76,16.972454071,54000,55000
bb7f63452c33091a0a411b2a9128d1af6cb7fd05,4100.90,158.28,17.173212301,54000,54000
bb7f63452c33091a0a411b2a9128d1af6cb7fd05,4097.63,157.66,17.186104633,54000,54000
bb7f63452c33091a0a411b2a9128d1af6cb7fd05,4102.34,158.22,17.192621973,54000,54000
bb7f63452c33091a0a411b2a9128d1af6cb7fd05,4074.10,156.99,17.040319338,55000,54000
bb7f63452c33091a0a411b2a9128d1af6cb7fd05,4042.96,155.46,16.932152417,54000,54000
bb7f63452c33091a0a411b2a9128d1af6cb7fd05,4101.09,157.84,17.149462807,54000,54000
49895fceb3468c7b997092b14c7373f3e00dcb8b,4122.50,157.74,17.257471157,54000,55000
49895fceb3468c7b997092b14c7373f3e00dcb8b,4095.05,156.22,17.135266199,54000,55000
49895fceb3468c7b997092b14c7373f3e00dcb8b,4077.43,156.13,17.053828495,55000,55000
49895fceb3468c7b997092b14c7373f3e00dcb8b,4078.33,156.26,17.054323366,54000,54000
49895fceb3468c7b997092b14c7373f3e00dcb8b,4066.76,156.22,17.015937135,54000,54000
49895fceb3468c7b997092b14c7373f3e00dcb8b,4056.17,155.76,16.958524498,55000,54000
49895fceb3468c7b997092b14c7373f3e00dcb8b,4102.39,157.31,17.157569421,56000,54000
49895fceb3468c7b997092b14c7373f3e00dcb8b,4086.94,156.01,17.094132529,54000,54000
49895fceb3468c7b997092b14c7373f3e00dcb8b,4071.35,156.08,17.014832655,54000,54000
49895fceb3468c7b997092b14c7373f3e00dcb8b,4074.23,155.99,17.019744956,54000,55000
49895fceb3468c7b997092b14c7373f3e00dcb8b,4104.03,157.88,17.159508659,54000,54000
49895fceb3468c7b997092b14c7373f3e00dcb8b,4064.67,155.80,17.032565459,54000,54000
49895fceb3468c7b997092b14c7373f3e00dcb8b,4066.35,156.30,17.026005238,54000,54000
49895fceb3468c7b997092b14c7373f3e00dcb8b,4094.43,156.85,17.151551580,54000,54000
49895fceb3468c7b997092b14c7373f3e00dcb8b,4113.24,158.20,17.243319870,54000,54000
49895fceb3468c7b997092b14c7373f3e00dcb8b,4087.10,156.99,17.145641903,54000,54000
49895fceb3468c7b997092b14c7373f3e00dcb8b,4068.52,155.34,17.039209258,55000,54000
49895fceb3468c7b997092b14c7373f3e00dcb8b,4110.26,157.43,17.211236299,54000,54000
49895fceb3468c7b997092b14c7373f3e00dcb8b,4044.69,155.34,16.927374562,56000,55000
49895fceb3468c7b997092b14c7373f3e00dcb8b,4150.66,159.53,17.390022597,54000,54000
49895fceb3468c7b997092b14c7373f3e00dcb8b,4090.98,158.15,17.108193076,54000,54000
49895fceb3468c7b997092b14c7373f3e00dcb8b,4092.74,157.89,17.126426308,55000,55000
49895fceb3468c7b997092b14c7373f3e00dcb8b,4124.68,158.80,17.266492312,54000,54000
49895fceb3468c7b997092b14c7373f3e00dcb8b,4063.58,156.84,17.031137368,54000,54000
49895fceb3468c7b997092b14c7373f3e00dcb8b,4082.53,157.12,17.099491806,54000,54000
49895fceb3468c7b997092b14c7373f3e00dcb8b,4091.08,157.97,17.161335189,54000,54000
49895fceb3468c7b997092b14c7373f3e00dcb8b,4086.94,157.51,17.116464933,54000,54000
49895fceb3468c7b997092b14c7373f3e00dcb8b,4063.13,156.86,17.018027206,54000,54000
49895fceb3468c7b997092b14c7373f3e00dcb8b,4088.62,156.49,17.118324605,54000,54000
49895fceb3468c7b997092b14c7373f3e00dcb8b,4134.50,158.20,17.320293726,54000,54000
5eed6e09fe175fbde789f66777886fe8ae1c18f6,4059.14,154.96,16.990673853,53000,54000
5eed6e09fe175fbde789f66777886fe8ae1c18f6,4119.46,158.40,17.215613619,55000,54000
5eed6e09fe175fbde789f66777886fe8ae1c18f6,4084.19,156.39,17.071773892,55000,54000
5eed6e09fe175fbde789f66777886fe8ae1c18f6,4112.46,157.82,17.186629591,54000,55000
5eed6e09fe175fbde789f66777886fe8ae1c18f6,4074.25,156.19,17.030421467,55000,54000
5eed6e09fe175fbde789f66777886fe8ae1c18f6,4107.04,156.64,17.185400670,56000,54000
5eed6e09fe175fbde789f66777886fe8ae1c18f6,4085.24,156.68,17.079042673,54000,54000
5eed6e09fe175fbde789f66777886fe8ae1c18f6,4078.82,156.43,17.060435079,54000,55000
5eed6e09fe175fbde789f66777886fe8ae1c18f6,4114.14,157.53,17.201277449,54000,53000
5eed6e09fe175fbde789f66777886fe8ae1c18f6,4101.46,157.00,17.166756182,54000,55000
5eed6e09fe175fbde789f66777886fe8ae1c18f6,4063.55,155.34,17.009675270,54000,54000
5eed6e09fe175fbde789f66777886fe8ae1c18f6,4111.36,157.22,17.196757320,55000,54000
5eed6e09fe175fbde789f66777886fe8ae1c18f6,4120.33,157.53,17.203129264,56000,55000
5eed6e09fe175fbde789f66777886fe8ae1c18f6,4089.53,155.79,17.110774691,55000,55000
5eed6e09fe175fbde789f66777886fe8ae1c18f6,4102.05,157.63,17.220172309,54000,54000
5eed6e09fe175fbde789f66777886fe8ae1c18f6,4130.19,158.61,17.295109607,54000,54000
5eed6e09fe175fbde789f66777886fe8ae1c18f6,4090.19,157.05,17.135131775,54000,54000
5eed6e09fe175fbde789f66777886fe8ae1c18f6,4059.93,156.30,17.009197117,54000,53000
5eed6e09fe175fbde789f66777886fe8ae1c18f6,4089.19,157.20,17.139618490,54000,54000
5eed6e09fe175fbde789f66777886fe8ae1c18f6,4044.82,154.55,16.912785377,54000,54000
5eed6e09fe175fbde789f66777886fe8ae1c18f6,4068.03,156.56,17.059772052,54000,54000
5eed6e09fe175fbde789f66777886fe8ae1c18f6,4088.54,157.33,17.127075907,54000,54000
5eed6e09fe175fbde789f66777886fe8ae1c18f6,4110.75,158.54,17.204535746,54000,55000
5eed6e09fe175fbde789f66777886fe8ae1c18f6,4065.05,156.93,17.001324561,54000,54000
5eed6e09fe175fbde789f66777886fe8ae1c18f6,4076.85,157.02,17.077703833,54000,54000
5eed6e09fe175fbde789f66777886fe8ae1c18f6,4124.00,159.05,17.279275852,55000,54000
5eed6e09fe175fbde789f66777886fe8ae1c18f6,4100.35,158.11,17.171383384,54000,54000
5eed6e09fe175fbde789f66777886fe8ae1c18f6,4097.40,157.16,17.153074499,54000,54000
5eed6e09fe175fbde789f66777886fe8ae1c18f6,4100.32,157.56,17.136092632,54000,54000
5eed6e09fe175fbde789f66777886fe8ae1c18f6,4101.01,156.92,17.167215839,54000,53000
cae882e7d0e769b129d857e37320097c0f622ae8,4115.83,158.15,17.223129324,54000,54000
cae882e7d0e769b129d857e37320097c0f622ae8,4113.63,157.59,17.207208374,55000,55000
cae882e7d0e769b129d857e37320097c0f622ae8,4097.95,156.93,17.125364091,55000,54000
cae882e7d0e769b129d857e37320097c0f622ae8,4115.38,157.84,17.219636863,55000,54000
cae882e7d0e769b129d857e37320097c0f622ae8,4077.43,155.92,17.051150519,54000,54000
cae882e7d0e769b129d857e37320097c0f622ae8,4107.67,157.85,17.178773209,54000,54000
cae882e7d0e769b129d857e37320097c0f622ae8,4097.79,156.85,17.133396508,54000,55000
cae882e7d0e769b129d857e37320097c0f622ae8,4096.62,156.33,17.128577054,54000,54000
cae882e7d0e769b129d857e37320097c0f622ae8,4124.76,158.21,17.244832819,55000,54000
cae882e7d0e769b129d857e37320097c0f622ae8,4148.40,158.69,17.361129395,54000,55000
cae882e7d0e769b129d857e37320097c0f622ae8,4059.38,155.52,17.007847029,54000,54000
cae882e7d0e769b129d857e37320097c0f622ae8,4095.75,157.06,17.170841120,53000,54000
cae882e7d0e769b129d857e37320097c0f622ae8,4056.83,156.05,16.992121500,53000,54000
cae882e7d0e769b129d857e37320097c0f622ae8,4056.83,155.67,16.975897454,54000,54000
cae882e7d0e769b129d857e37320097c0f622ae8,4101.17,158.28,17.154909947,55000,54000
cae882e7d0e769b129d857e37320097c0f622ae8,4066.44,155.81,17.044050176,54000,54000
cae882e7d0e769b129d857e37320097c0f622ae8,4082.49,156.62,17.098767968,54000,54000
cae882e7d0e769b129d857e37320097c0f622ae8,4106.10,158.22,17.150580813,54000,54000
cae882e7d0e769b129d857e37320097c0f622ae8,4075.02,156.73,17.050918732,54000,54000
cae882e7d0e769b129d857e37320097c0f622ae8,4060.77,155.78,17.018402018,54000,54000
cae882e7d0e769b129d857e37320097c0f622ae8,4106.38,157.67,17.175317284,54000,55000
cae882e7d0e769b129d857e37320097c0f622ae8,4110.76,157.57,17.242389181,54000,55000
cae882e7d0e769b129d857e37320097c0f622ae8,4077.59,156.37,17.080074364,54000,54000
cae882e7d0e769b129d857e37320097c0f622ae8,4070.53,156.68,17.047056134,54000,54000
cae882e7d0e769b129d857e37320097c0f622ae8,4102.94,158.13,17.177354302,54000,54000
cae882e7d0e769b129d857e37320097c0f622ae8,4099.70,157.98,17.143789391,54000,54000
cae882e7d0e769b129d857e37320097c0f622ae8,4079.45,156.68,17.066938429,54000,55000
cae882e7d0e769b129d857e37320097c0f622ae8,4123.96,158.86,17.239757883,55000,54000
cae882e7d0e769b129d857e37320097c0f622ae8,4116.16,157.97,17.248169426,54000,55000
cae882e7d0e769b129d857e37320097c0f622ae8,4091.42,157.06,17.110910659,54000,53000
4f1585ddedd21c98087628e25b0cbc1b083cdf7a,4066.20,155.61,17.010875220,53000,53000
4f1585ddedd21c98087628e25b0cbc1b083cdf7a,4082.28,157.08,17.055481535,54000,54000
4f1585ddedd21c98087628e25b0cbc1b083cdf7a,4130.88,158.31,17.261274628,55000,55000
4f1585ddedd21c98087628e25b0cbc1b083cdf7a,4117.93,158.19,17.220699303,55000,54000
4f1585ddedd21c98087628e25b0cbc1b083cdf7a,4062.43,155.62,16.990948249,54000,55000
4f1585ddedd21c98087628e25b0cbc1b083cdf7a,4175.97,160.01,17.469554997,55000,55000
4f1585ddedd21c98087628e25b0cbc1b083cdf7a,4103.72,157.46,17.146726590,55000,54000
4f1585ddedd21c98087628e25b0cbc1b083cdf7a,4142.94,159.46,17.307622183,54000,54000
4f1585ddedd21c98087628e25b0cbc1b083cdf7a,4069.21,156.40,17.021798061,55000,55000
4f1585ddedd21c98087628e25b0cbc1b083cdf7a,4074.27,156.62,17.055110967,54000,54000
4f1585ddedd21c98087628e25b0cbc1b083cdf7a,4051.21,155.22,16.979110269,55000,54000
4f1585ddedd21c98087628e25b0cbc1b083cdf7a,4057.87,155.72,17.037944739,54000,54000
4f1585ddedd21c98087628e25b0cbc1b083cdf7a,4034.27,154.91,16.933311042,53000,53000
4f1585ddedd21c98087628e25b0cbc1b083cdf7a,4116.59,158.38,17.235485128,54000,54000
4f1585ddedd21c98087628e25b0cbc1b083cdf7a,4076.22,156.36,17.072776423,54000,54000
4f1585ddedd21c98087628e25b0cbc1b083cdf7a,4101.33,157.87,17.176692845,54000,54000
4f1585ddedd21c98087628e25b0cbc1b083cdf7a,4159.58,159.99,17.431226183,54000,53000
4f1585ddedd21c98087628e25b0cbc1b083cdf7a,4085.36,157.34,17.133240154,54000,54000
4f1585ddedd21c98087628e25b0cbc1b083cdf7a,4094.11,156.93,17.149042074,54000,54000
4f1585ddedd21c98087628e25b0cbc1b083cdf7a,4145.21,159.23,17.355422106,54000,55000
4f1585ddedd21c98087628e25b0cbc1b083cdf7a,4095.77,157.43,17.194201615,54000,55000
4f1585ddedd21c98087628e25b0cbc1b083cdf7a,4102.42,158.07,17.201484629,54000,54000
4f1585ddedd21c98087628e25b0cbc1b083cdf7a,4070.97,156.79,17.058563119,54000,54000
4f1585ddedd21c98087628e25b0cbc1b083cdf7a,4082.32,157.66,17.133516707,54000,54000
4f1585ddedd21c98087628e25b0cbc1b083cdf7a,4110.05,158.54,17.204977551,54000,54000
4f1585ddedd21c98087628e25b0cbc1b083cdf7a,4079.82,156.73,17.077452450,54000,54000
4f1585ddedd21c98087628e25b0cbc1b083cdf7a,4089.52,157.50,17.109750408,54000,54000
4f1585ddedd21c98087628e25b0cbc1b083cdf7a,4096.49,158.05,17.151374963,54000,55000
4f1585ddedd21c98087628e25b0cbc1b083cdf7a,4105.36,157.61,17.169476684,54000,54000
4f1585ddedd21c98087628e25b0cbc1b083cdf7a,4079.01,156.58,17.063195436,54000,54000
805b30f11aaa4a2d7599aecf4228090f220df0e3,4074.97,155.91,17.058711804,55000,54000
805b30f11aaa4a2d7599aecf4228090f220df0e3,4117.49,157.40,17.221656471,55000,54000
805b30f11aaa4a2d7599aecf4228090f220df0e3,4100.35,157.38,17.136856073,54000,54000
805b30f11aaa4a2d7599aecf4228090f220df0e3,4079.75,156.57,17.046796268,56000,55000
805b30f11aaa4a2d7599aecf4228090f220df0e3,4142.14,159.18,17.327620416,54000,55000
805b30f11aaa4a2d7599aecf4228090f220df0e3,4076.61,156.39,17.039178457,55000,55000
805b30f11aaa4a2d7599aecf4228090f220df0e3,4124.33,158.41,17.230769263,55000,54000
805b30f11aaa4a2d7599aecf4228090f220df0e3,4053.20,155.83,16.986240747,53000,54000
805b30f11aaa4a2d7599aecf4228090f220df0e3,4130.33,158.53,17.300744902,54000,54000
805b30f11aaa4a2d7599aecf4228090f220df0e3,4096.79,157.67,17.193906194,54000,54000
805b30f11aaa4a2d7599aecf4228090f220df0e3,4089.75,157.10,17.123244219,54000,54000
805b30f11aaa4a2d7599aecf4228090f220df0e3,4114.87,158.45,17.253309924,54000,53000
805b30f11aaa4a2d7599aecf4228090f220df0e3,4095.12,157.57,17.147037974,54000,54000
805b30f11aaa4a2d7599aecf4228090f220df0e3,4121.35,158.14,17.261409920,54000,54000
805b30f11aaa4a2d7599aecf4228090f220df0e3,4092.30,157.01,17.118753119,54000,54000
805b30f11aaa4a2d7599aecf4228090f220df0e3,4103.89,157.53,17.172495285,54000,56000
805b30f11aaa4a2d7599aecf4228090f220df0e3,4122.86,159.10,17.287426113,54000,54000
805b30f11aaa4a2d7599aecf4228090f220df0e3,4077.83,157.03,17.041522884,54000,54000
805b30f11aaa4a2d7599aecf4228090f220df0e3,4057.38,155.99,16.970219486,54000,55000
805b30f11aaa4a2d7599aecf4228090f220df0e3,4129.06,159.58,17.276478858,54000,54000
805b30f11aaa4a2d7599aecf4228090f220df0e3,4129.11,159.32,17.249297985,54000,54000
805b30f11aaa4a2d7599aecf4228090f220df0e3,4087.29,157.14,17.121435454,54000,54000
805b30f11aaa4a2d7599aecf4228090f220df0e3,4118.46,158.61,17.232946374,54000,54000
805b30f11aaa4a2d7599aecf4228090f220df0e3,4092.13,158.07,17.112406383,54000,54000
805b30f11aaa4a2d7599aecf4228090f220df0e3,4076.57,156.20,17.064101620,54000,55000
805b30f11aaa4a2d7599aecf4228090f220df0e3,4129.29,158.77,17.258185416,54000,54000
805b30f11aaa4a2d7599aecf4228090f220df0e3,4084.88,157.21,17.078102189,54000,54000
805b30f11aaa4a2d7599aecf4228090f220df0e3,4108.80,157.57,17.198938179,54000,54000
805b30f11aaa4a2d7599aecf4228090f220df0e3,4130.83,158.71,17.279676705,54000,53000
805b30f11aaa4a2d7599aecf4228090f220df0e3,4101.13,156.93,17.153446913,54000,54000
33dc2d4a70c16d420379a98c04590a9d115e9fcb,4112.34,157.70,17.185927663,54000,55000
33dc2d4a70c16d420379a98c04590a9d115e9fcb,4077.29,156.52,17.036333697,55000,55000
33dc2d4a70c16d420379a98c04590a9d115e9fcb,4070.42,156.02,17.028663221,55000,55000
33dc2d4a70c16d420379a98c04590a9d115e9fcb,4103.26,156.86,17.150806167,54000,55000
33dc2d4a70c16d420379a98c04590a9d115e9fcb,4113.02,157.38,17.178238094,54000,56000
33dc2d4a70c16d420379a98c04590a9d115e9fcb,4092.28,156.68,17.094826889,55000,55000
33dc2d4a70c16d420379a98c04590a9d115e9fcb,4093.30,157.04,17.122152261,54000,54000
33dc2d4a70c16d420379a98c04590a9d115e9fcb,4065.94,156.20,17.009391464,54000,55000
33dc2d4a70c16d420379a98c04590a9d115e9fcb,4059.12,155.51,17.031369290,53000,52000
33dc2d4a70c16d420379a98c04590a9d115e9fcb,4094.52,156.97,17.182193667,54000,54000
33dc2d4a70c16d420379a98c04590a9d115e9fcb,4130.15,158.86,17.324706410,54000,54000
33dc2d4a70c16d420379a98c04590a9d115e9fcb,4095.55,157.60,17.127166782,54000,54000
33dc2d4a70c16d420379a98c04590a9d115e9fcb,4096.31,157.67,17.161249850,54000,54000
33dc2d4a70c16d420379a98c04590a9d115e9fcb,4099.70,157.33,17.172861280,54000,54000
33dc2d4a70c16d420379a98c04590a9d115e9fcb,4081.16,156.62,17.103991941,54000,54000
33dc2d4a70c16d420379a98c04590a9d115e9fcb,4057.54,155.68,16.991394100,54000,55000
33dc2d4a70c16d420379a98c04590a9d115e9fcb,4102.99,157.46,17.188977585,54000,54000
33dc2d4a70c16d420379a98c04590a9d115e9fcb,4165.50,159.72,17.431019544,54000,54000
33dc2d4a70c16d420379a98c04590a9d115e9fcb,4139.02,159.46,17.312841436,54000,55000
33dc2d4a70c16d420379a98c04590a9d115e9fcb,4116.16,158.43,17.229514874,54000,54000
33dc2d4a70c16d420379a98c04590a9d115e9fcb,4100.74,158.06,17.189001405,54000,54000
33dc2d4a70c16d420379a98c04590a9d115e9fcb,4104.77,157.76,17.199051537,54000,53000
33dc2d4a70c16d420379a98c04590a9d115e9fcb,4115.12,158.20,17.221516846,54000,54000
33dc2d4a70c16d420379a98c04590a9d115e9fcb,4129.14,159.65,17.257667929,55000,54000
33dc2d4a70c16d420379a98c04590a9d115e9fcb,4105.76,158.10,17.188250246,54000,54000
33dc2d4a70c16d420379a98c04590a9d115e9fcb,4062.12,156.59,17.006284698,54000,54000
33dc2d4a70c16d420379a98c04590a9d115e9fcb,4103.46,157.69,17.169927221,54000,54000
33dc2d4a70c16d420379a98c04590a9d115e9fcb,4072.51,156.24,17.021445250,54000,54000
33dc2d4a70c16d420379a98c04590a9d115e9fcb,4099.11,157.76,17.110514752,54000,54000
33dc2d4a70c16d420379a98c04590a9d115e9fcb,4145.46,159.89,17.337496893,54000,54000
250beeaebf14951fc263a226bb637413a58abbc7,4166.04,160.06,17.416858167,55000,55000
250beeaebf14951fc263a226bb637413a58abbc7,4107.69,157.73,17.188873481,54000,55000
250beeaebf14951fc263a226bb637413a58abbc7,4122.84,158.56,17.226725065,54000,54000
250beeaebf14951fc263a226bb637413a58abbc7,4143.73,159.20,17.308110396,54000,54000
250beeaebf14951fc263a226bb637413a58abbc7,4087.23,156.21,17.063388824,55000,55000
250beeaebf14951fc263a226bb637413a58abbc7,4099.10,156.92,17.138617145,55000,54000
250beeaebf14951fc263a226bb637413a58abbc7,4088.05,156.57,17.087907463,55000,55000
250beeaebf14951fc263a226bb637413a58abbc7,4139.41,159.23,17.282973926,54000,54000
250beeaebf14951fc263a226bb637413a58abbc7,4075.12,156.12,17.026876101,54000,55000
250beeaebf14951fc263a226bb637413a58abbc7,4103.47,157.51,17.151228949,55000,55000
250beeaebf14951fc263a226bb637413a58abbc7,4108.21,156.84,17.194543139,56000,55000
250beeaebf14951fc263a226bb637413a58abbc7,4078.31,156.08,17.047313101,55000,56000
250beeaebf14951fc263a226bb637413a58abbc7,4084.68,157.27,17.129294087,54000,54000
250beeaebf14951fc263a226bb637413a58abbc7,4099.98,158.17,17.185805877,54000,54000
250beeaebf14951fc263a226bb637413a58abbc7,4088.94,157.81,17.141235837,54000,54000
250beeaebf14951fc263a226bb637413a58abbc7,4057.44,156.21,16.987960661,54000,54000
250beeaebf14951fc263a226bb637413a58abbc7,4134.54,158.92,17.297943056,54000,54000
250beeaebf14951fc263a226bb637413a58abbc7,4107.15,157.78,17.164171869,53000,54000
250beeaebf14951fc263a226bb637413a58abbc7,4069.94,156.25,17.031159855,54000,54000
250beeaebf14951fc263a226bb637413a58abbc7,4156.88,159.87,17.413525155,54000,54000
250beeaebf14951fc263a226bb637413a58abbc7,4087.80,157.53,17.079300342,54000,54000
250beeaebf14951fc263a226bb637413a58abbc7,4121.10,158.79,17.249578940,55000,55000
250beeaebf14951fc263a226bb637413a58abbc7,4096.61,158.13,17.169874269,55000,54000
250beeaebf14951fc263a226bb637413a58abbc7,4105.00,158.73,17.168364176,55000,55000
250beeaebf14951fc263a226bb637413a58abbc7,4068.11,156.75,17.029106146,54000,54000
250beeaebf14951fc263a226bb637413a58abbc7,4091.31,157.93,17.093759746,54000,54000
250beeaebf14951fc263a226bb637413a58abbc7,4103.65,158.23,17.175589258,54000,54000
250beeaebf14951fc263a226bb637413a58abbc7,4104.19,157.16,17.178458474,54000,54000
250beeaebf14951fc263a226bb637413a58abbc7,4135.70,158.76,17.308401829,54000,54000
250beeaebf14951fc263a226bb637413a58abbc7,4080.78,157.13,17.060505515,54000,54000
433122cf3e4a01cfb2951ee4355505287ab9bef9,4082.61,156.10,17.085307029,54000,53000
433122cf3e4a01cfb2951ee4355505287ab9bef9,4127.51,158.33,17.281488458,55000,55000
433122cf3e4a01cfb2951ee4355505287ab9bef9,4127.48,158.18,17.257249151,55000,55000
433122cf3e4a01cfb2951ee4355505287ab9bef9,4095.21,157.38,17.111898941,55000,54000
433122cf3e4a01cfb2951ee4355505287ab9bef9,4077.56,156.23,17.042364556,54000,54000
433122cf3e4a01cfb2951ee4355505287ab9bef9,4102.34,157.28,17.145904565,55000,54000
433122cf3e4a01cfb2951ee4355505287ab9bef9,4093.73,157.07,17.107668323,55000,55000
433122cf3e4a01cfb2951ee4355505287ab9bef9,4088.21,156.15,17.060289461,54000,56000
433122cf3e4a01cfb2951ee4355505287ab9bef9,4123.56,158.54,17.264425736,55000,56000
433122cf3e4a01cfb2951ee4355505287ab9bef9,4129.36,158.03,17.268254098,55000,55000
433122cf3e4a01cfb2951ee4355505287ab9bef9,4059.89,155.99,17.045309609,54000,54000
433122cf3e4a01cfb2951ee4355505287ab9bef9,4104.27,157.45,17.199002755,54000,54000
433122cf3e4a01cfb2951ee4355505287ab9bef9,4147.33,159.78,17.372347630,53000,54000
433122cf3e4a01cfb2951ee4355505287ab9bef9,4091.53,157.57,17.135687496,54000,54000
433122cf3e4a01cfb2951ee4355505287ab9bef9,4139.35,159.37,17.306043968,55000,55000
433122cf3e4a01cfb2951ee4355505287ab9bef9,4115.14,158.37,17.242872502,54000,54000
433122cf3e4a01cfb2951ee4355505287ab9bef9,4101.59,157.72,17.161692967,54000,55000
433122cf3e4a01cfb2951ee4355505287ab9bef9,4099.74,157.43,17.171679421,54000,54000
433122cf3e4a01cfb2951ee4355505287ab9bef9,4104.13,157.36,17.201714423,53000,54000
433122cf3e4a01cfb2951ee4355505287ab9bef9,4051.61,155.76,16.973091905,54000,54000
433122cf3e4a01cfb2951ee4355505287ab9bef9,4073.81,156.20,17.079063155,54000,54000
433122cf3e4a01cfb2951ee4355505287ab9bef9,4102.20,158.22,17.175259670,54000,54000
433122cf3e4a01cfb2951ee4355505287ab9bef9,4090.17,157.62,17.104019717,54000,54000
433122cf3e4a01cfb2951ee4355505287ab9bef9,4096.56,157.76,17.111985885,54000,56000
433122cf3e4a01cfb2951ee4355505287ab9bef9,4114.63,159.06,17.180317296,54000,54000
433122cf3e4a01cfb2951ee4355505287ab9bef9,4125.75,158.67,17.252218418,54000,54000
433122cf3e4a01cfb2951ee4355505287ab9bef9,4132.47,159.55,17.271228146,55000,55000
433122cf3e4a01cfb2951ee4355505287ab9bef9,4117.46,158.45,17.227603233,55000,54000
433122cf3e4a01cfb2951ee4355505287ab9bef9,4096.25,157.77,17.130500198,54000,54000
433122cf3e4a01cfb2951ee4355505287ab9bef9,4128.67,158.20,17.262620876,54000,54000
932af20c3e28b98f052777ae6c8d063ac721cf2e,4104.34,157.46,17.148007631,54000,54000
932af20c3e28b98f052777ae6c8d063ac721cf2e,4115.86,158.21,17.222097541,54000,54000
932af20c3e28b98f052777ae6c8d063ac721cf2e,4120.83,157.95,17.262579457,54000,54000
932af20c3e28b98f052777ae6c8d063ac721cf2e,4109.48,157.66,17.221178191,54000,54000
932af20c3e28b98f052777ae6c8d063ac721cf2e,4171.31,159.74,17.481504854,54000,54000
932af20c3e28b98f052777ae6c8d063ac721cf2e,4072.89,156.44,17.056954129,54000,54000
932af20c3e28b98f052777ae6c8d063ac721cf2e,4095.46,157.50,17.154843518,54000,55000
932af20c3e28b98f052777ae6c8d063ac721cf2e,4120.54,158.56,17.257592332,53000,54000
932af20c3e28b98f052777ae6c8d063ac721cf2e,4122.48,157.65,17.276196884,54000,54000
932af20c3e28b98f052777ae6c8d063ac721cf2e,4089.32,157.17,17.124204638,54000,54000
932af20c3e28b98f052777ae6c8d063ac721cf2e,4098.38,157.41,17.172267539,54000,54000
932af20c3e28b98f052777ae6c8d063ac721cf2e,4128.10,158.44,17.278208560,54000,56000
932af20c3e28b98f052777ae6c8d063ac721cf2e,4069.62,156.57,17.063248614,54000,54000
932af20c3e28b98f052777ae6c8d063ac721cf2e,4131.59,158.84,17.315778755,54000,54000
932af20c3e28b98f052777ae6c8d063ac721cf2e,4117.40,158.52,17.279022560,54000,54000
932af20c3e28b98f052777ae6c8d063ac721cf2e,4069.17,156.49,17.063433705,54000,54000
932af20c3e28b98f052777ae6c8d063ac721cf2e,4091.55,157.58,17.127866751,54000,54000
932af20c3e28b98f052777ae6c8d063ac721cf2e,4212.38,161.63,17.667172981,54000,54000
932af20c3e28b98f052777ae6c8d063ac721cf2e,4084.72,156.16,17.112532101,54000,54000
932af20c3e28b98f052777ae6c8d063ac721cf2e,4130.03,158.33,17.324959274,54000,54000
932af20c3e28b98f052777ae6c8d063ac721cf2e,4094.16,157.01,17.177437524,54000,54000
932af20c3e28b98f052777ae6c8d063ac721cf2e,4098.67,157.52,17.187405259,54000,54000
932af20c3e28b98f052777ae6c8d063ac721cf2e,4096.98,157.39,17.162563832,54000,54000
932af20c3e28b98f052777ae6c8d063ac721cf2e,4065.66,156.08,17.044687802,54000,54000
932af20c3e28b98f052777ae6c8d063ac721cf2e,4088.26,157.70,17.166419950,54000,54000
932af20c3e28b98f052777ae6c8d063ac721cf2e,4103.57,157.63,17.210098618,54000,54000
932af20c3e28b98f052777ae6c8d063ac721cf2e,4171.08,159.91,17.478555465,54000,54000
932af20c3e28b98f052777ae6c8d063ac721cf2e,4131.14,158.59,17.299410518,54000,54000
932af20c3e28b98f052777ae6c8d063ac721cf2e,4089.50,156.99,17.155158871,54000,54000
932af20c3e28b98f052777ae6c8d063ac721cf2e,4073.41,156.44,17.080805977,54000,54000
244f7634571683bf27ee0ced9c33639537ff2ae5,4108.99,157.81,17.216038218,54000,54000
244f7634571683bf27ee0ced9c33639537ff2ae5,4156.03,159.76,17.423352950,54000,54000
244f7634571683bf27ee0ced9c33639537ff2ae5,4136.97,158.61,17.306560842,54000,54000
244f7634571683bf27ee0ced9c33639537ff2ae5,4099.93,157.92,17.152734589,54000,54000
244f7634571683bf27ee0ced9c33639537ff2ae5,4156.92,160.18,17.400478362,54000,54000
244f7634571683bf27ee0ced9c33639537ff2ae5,4073.21,156.35,17.061991097,54000,54000
244f7634571683bf27ee0ced9c33639537ff2ae5,4059.85,155.76,17.015706297,54000,54000
244f7634571683bf27ee0ced9c33639537ff2ae5,4090.07,157.49,17.145136662,54000,55000
244f7634571683bf27ee0ced9c33639537ff2ae5,4093.23,157.48,17.145835581,54000,54000
244f7634571683bf27ee0ced9c33639537ff2ae5,4077.60,157.44,17.068134272,54000,54000
244f7634571683bf27ee0ced9c33639537ff2ae5,4094.55,157.45,17.138221310,54000,54000
244f7634571683bf27ee0ced9c33639537ff2ae5,4142.65,159.50,17.404141896,54000,54000
244f7634571683bf27ee0ced9c33639537ff2ae5,4070.60,156.56,17.071226922,54000,53000
244f7634571683bf27ee0ced9c33639537ff2ae5,4110.06,158.08,17.212739475,54000,54000
244f7634571683bf27ee0ced9c33639537ff2ae5,4149.10,159.30,17.407747923,54000,55000
244f7634571683bf27ee0ced9c33639537ff2ae5,4048.04,155.46,16.985203795,54000,54000
244f7634571683bf27ee0ced9c33639537ff2ae5,4063.58,156.48,17.026494071,54000,53000
244f7634571683bf27ee0ced9c33639537ff2ae5,4089.49,156.89,17.115335544,54000,54000
244f7634571683bf27ee0ced9c33639537ff2ae5,4067.83,156.41,17.045908862,54000,54000
244f7634571683bf27ee0ced9c33639537ff2ae5,4069.59,156.39,17.064151853,55000,54000
244f7634571683bf27ee0ced9c33639537ff2ae5,4119.89,157.87,17.256978851,54000,54000
244f7634571683bf27ee0ced9c33639537ff2ae5,4105.35,157.33,17.213574671,54000,53000
244f7634571683bf27ee0ced9c33639537ff2ae5,4246.88,163.01,17.774158660,53000,54000
244f7634571683bf27ee0ced9c33639537ff2ae5,4110.61,158.06,17.237261447,54000,54000
244f7634571683bf27ee0ced9c33639537ff2ae5,4097.41,157.53,17.195243360,54000,54000
244f7634571683bf27ee0ced9c33639537ff2ae5,4070.83,156.23,17.046865801,54000,54000
244f7634571683bf27ee0ced9c33639537ff2ae5,4088.61,157.52,17.121182852,55000,54000
244f7634571683bf27ee0ced9c33639537ff2ae5,4102.61,158.03,17.218239925,54000,54000
244f7634571683bf27ee0ced9c33639537ff2ae5,4085.22,156.33,17.154359993,54000,53000
244f7634571683bf27ee0ced9c33639537ff2ae5,4085.74,156.16,17.090008941,54000,54000
ea7259126e630ac2129c53bfdf48c5f0f834226b,4148.20,158.84,17.356406805,54000,54000
ea7259126e630ac2129c53bfdf48c5f0f834226b,4117.12,157.47,17.211757232,54000,54000
ea7259126e630ac2129c53bfdf48c5f0f834226b,4082.45,156.89,17.105058920,54000,54000
ea7259126e630ac2129c53bfdf48c5f0f834226b,4094.93,156.75,17.127963968,54000,54000
ea7259126e630ac2129c53bfdf48c5f0f834226b,4066.51,155.54,17.040621756,54000,54000
ea7259126e630ac2129c53bfdf48c5f0f834226b,4114.58,157.96,17.217353948,54000,54000
ea7259126e630ac2129c53bfdf48c5f0f834226b,4079.45,156.44,17.077497921,54000,54000
ea7259126e630ac2129c53bfdf48c5f0f834226b,4142.41,159.46,17.374292479,54000,54000
ea7259126e630ac2129c53bfdf48c5f0f834226b,4110.74,157.91,17.201666774,54000,54000
ea7259126e630ac2129c53bfdf48c5f0f834226b,4109.09,158.15,17.217967989,54000,54000
ea7259126e630ac2129c53bfdf48c5f0f834226b,4140.48,158.96,17.365267100,54000,54000
ea7259126e630ac2129c53bfdf48c5f0f834226b,4102.14,157.12,17.202714931,54000,54000
ea7259126e630ac2129c53bfdf48c5f0f834226b,4088.62,157.72,17.141158829,54000,54000
ea7259126e630ac2129c53bfdf48c5f0f834226b,4096.19,157.30,17.134466320,54000,54000
ea7259126e630ac2129c53bfdf48c5f0f834226b,4110.06,157.23,17.211535674,54000,54000
ea7259126e630ac2129c53bfdf48c5f0f834226b,4165.04,159.63,17.428952420,54000,54000
ea7259126e630ac2129c53bfdf48c5f0f834226b,4185.00,160.33,17.550616145,54000,55000
ea7259126e630ac2129c53bfdf48c5f0f834226b,4066.66,156.07,17.044480523,54000,54000
ea7259126e630ac2129c53bfdf48c5f0f834226b,4070.21,156.26,17.036609616,54000,54000
ea7259126e630ac2129c53bfdf48c5f0f834226b,4085.17,156.47,17.120879373,54000,54000
ea7259126e630ac2129c53bfdf48c5f0f834226b,4081.78,156.29,17.140035293,54000,54000
ea7259126e630ac2129c53bfdf48c5f0f834226b,4108.14,157.68,17.244257359,54000,54000
ea7259126e630ac2129c53bfdf48c5f0f834226b,4069.97,156.33,17.062663227,54000,54000
ea7259126e630ac2129c53bfdf48c5f0f834226b,4127.75,158.72,17.330966310,54000,54000
ea7259126e630ac2129c53bfdf48c5f0f834226b,4081.42,156.73,17.136496411,54000,54000
ea7259126e630ac2129c53bfdf48c5f0f834226b,4104.90,157.36,17.181419386,54000,54000
ea7259126e630ac2129c53bfdf48c5f0f834226b,4108.27,157.63,17.211208744,54000,54000
ea7259126e630ac2129c53bfdf48c5f0f834226b,4130.14,158.04,17.332810438,54000,54000
ea7259126e630ac2129c53bfdf48c5f0f834226b,4094.91,157.09,17.165525346,54000,54000
ea7259126e630ac2129c53bfdf48c5f0f834226b,4150.78,159.67,17.415638771,54000,54000
dc01e89deded9b2057cc08fea998078d73768a50,4082.46,156.37,17.076942676,54000,54000
dc01e89deded9b2057cc08fea998078d73768a50,4116.53,157.65,17.232993647,54000,54000
dc01e89deded9b2057cc08fea998078d73768a50,4106.02,157.83,17.208235070,54000,54000
dc01e89deded9b2057cc08fea998078d73768a50,4098.27,157.03,17.184806686,54000,54000
dc01e89deded9b2057cc08fea998078d73768a50,4111.99,157.58,17.195549264,54000,54000
dc01e89deded9b2057cc08fea998078d73768a50,4100.33,158.74,17.197934480,54000,54000
dc01e89deded9b2057cc08fea998078d73768a50,4107.68,158.48,17.219187619,54000,54000
dc01e89deded9b2057cc08fea998078d73768a50,4080.43,156.81,17.104593039,54000,54000
dc01e89deded9b2057cc08fea998078d73768a50,4071.39,156.36,17.045521358,55000,54000
dc01e89deded9b2057cc08fea998078d73768a50,4103.95,157.73,17.207574375,54000,54000
dc01e89deded9b2057cc08fea998078d73768a50,4098.05,157.56,17.173903165,54000,54000
dc01e89deded9b2057cc08fea998078d73768a50,4099.88,157.24,17.182195086,54000,54000
dc01e89deded9b2057cc08fea998078d73768a50,4084.44,156.66,17.126333088,54000,54000
dc01e89deded9b2057cc08fea998078d73768a50,4124.68,158.85,17.304085226,54000,54000
dc01e89deded9b2057cc08fea998078d73768a50,4113.93,157.74,17.261804066,54000,54000
dc01e89deded9b2057cc08fea998078d73768a50,4150.44,159.44,17.375623225,54000,54000
dc01e89deded9b2057cc08fea998078d73768a50,4081.00,156.76,17.069050376,54000,54000
dc01e89deded9b2057cc08fea998078d73768a50,4137.34,158.73,17.357767148,54000,54000
dc01e89deded9b2057cc08fea998078d73768a50,4102.72,157.14,17.173860021,54000,54000
dc01e89deded9b2057cc08fea998078d73768a50,4171.97,159.43,17.468660097,54000,54000
dc01e89deded9b2057cc08fea998078d73768a50,4083.27,155.97,17.089361561,54000,54000
dc01e89deded9b2057cc08fea998078d73768a50,4115.40,157.81,17.241044727,54000,54000
dc01e89deded9b2057cc08fea998078d73768a50,4079.00,156.46,17.099046369,54000,54000
dc01e89deded9b2057cc08fea998078d73768a50,4084.83,156.55,17.109794683,54000,54000
dc01e89deded9b2057cc08fea998078d73768a50,4081.76,156.73,17.136409097,54000,54000
dc01e89deded9b2057cc08fea998078d73768a50,4087.49,156.94,17.195895534,54000,54000
dc01e89deded9b2057cc08fea998078d73768a50,4082.77,156.62,17.109400758,54000,54000
dc01e89deded9b2057cc08fea998078d73768a50,4103.13,157.43,17.175506044,54000,54000
dc01e89deded9b2057cc08fea998078d73768a50,4114.92,157.73,17.256203427,54000,54000
dc01e89deded9b2057cc08fea998078d73768a50,4087.52,156.80,17.108371629,54000,54000
c6821b34e02861032a7f10e73f274b0b65616968,4073.72,156.55,17.074932437,54000,54000
c6821b34e02861032a7f10e73f274b0b65616968,4078.89,156.56,17.089677621,54000,54000
c6821b34e02861032a7f10e73f274b0b65616968,4054.56,155.67,16.990491203,54000,54000
c6821b34e02861032a7f10e73f274b0b65616968,4127.03,158.60,17.283457170,54000,54000
c6821b34e02861032a7f10e73f274b0b65616968,4099.30,156.85,17.176124680,54000,54000
c6821b34e02861032a7f10e73f274b0b65616968,4078.59,157.13,17.074179894,55000,54000
c6821b34e02861032a7f10e73f274b0b65616968,4084.51,157.33,17.123464246,54000,54000
c6821b34e02861032a7f10e73f274b0b65616968,4135.46,158.98,17.322087968,54000,54000
c6821b34e02861032a7f10e73f274b0b65616968,4123.36,158.25,17.290870058,54000,54000
c6821b34e02861032a7f10e73f274b0b65616968,4097.13,158.19,17.198969105,54000,54000
c6821b34e02861032a7f10e73f274b0b65616968,4107.70,158.26,17.215809182,54000,54000
c6821b34e02861032a7f10e73f274b0b65616968,4088.37,157.10,17.156851128,54000,54000
c6821b34e02861032a7f10e73f274b0b65616968,4092.49,156.84,17.167585398,54000,53000
c6821b34e02861032a7f10e73f274b0b65616968,4109.18,157.83,17.195078242,54000,54000
c6821b34e02861032a7f10e73f274b0b65616968,4083.15,156.37,17.101715654,55000,54000
c6821b34e02861032a7f10e73f274b0b65616968,4068.44,155.86,17.079972974,54000,54000
c6821b34e02861032a7f10e73f274b0b65616968,4089.35,156.99,17.139044154,53000,54000
c6821b34e02861032a7f10e73f274b0b65616968,4095.61,157.03,17.172352511,54000,54000
c6821b34e02861032a7f10e73f274b0b65616968,4222.22,161.62,17.748240512,54000,54000
c6821b34e02861032a7f10e73f274b0b65616968,4119.66,157.91,17.251765445,54000,54000
c6821b34e02861032a7f10e73f274b0b65616968,4087.40,156.96,17.125652603,55000,54000
c6821b34e02861032a7f10e73f274b0b65616968,4120.65,158.49,17.288245531,54000,54000
c6821b34e02861032a7f10e73f274b0b65616968,4087.60,156.73,17.143216285,54000,54000
c6821b34e02861032a7f10e73f274b0b65616968,4171.89,159.73,17.484719339,54000,54000
c6821b34e02861032a7f10e73f274b0b65616968,4081.99,155.96,17.115755231,55000,54000
c6821b34e02861032a7f10e73f274b0b65616968,4093.20,157.07,17.156844230,54000,54000
c6821b34e02861032a7f10e73f274b0b65616968,4147.00,159.08,17.405538728,54000,54000
c6821b34e02861032a7f10e73f274b0b65616968,4119.65,158.31,17.281163571,53000,54000
c6821b34e02861032a7f10e73f274b0b65616968,4098.28,156.82,17.202957886,54000,54000
c6821b34e02861032a7f10e73f274b0b65616968,4088.03,157.28,17.163518869,54000,54000
252c112a1f427dc16b379971c72f63b313ad5750,4086.01,156.06,17.092816602,54000,54000
252c112a1f427dc16b379971c72f63b313ad5750,4057.12,155.36,16.988957760,54000,54000
252c112a1f427dc16b379971c72f63b313ad5750,4079.39,156.49,17.109667191,54000,54000
252c112a1f427dc16b379971c72f63b313ad5750,4077.19,156.57,17.064119294,54000,54000
252c112a1f427dc16b379971c72f63b313ad5750,4062.58,156.02,17.012722584,54000,54000
252c112a1f427dc16b379971c72f63b313ad5750,4116.29,157.77,17.229557211,54000,54000
252c112a1f427dc16b379971c72f63b313ad5750,4095.67,157.27,17.148343901,54000,54000
252c112a1f427dc16b379971c72f63b313ad5750,4082.72,156.85,17.097046311,54000,54000
252c112a1f427dc16b379971c72f63b313ad5750,4113.76,158.25,17.282607199,54000,55000
252c112a1f427dc16b379971c72f63b313ad5750,4086.16,157.73,17.102280193,54000,54000
252c112a1f427dc16b379971c72f63b313ad5750,4082.43,156.95,17.111218627,54000,54000
252c112a1f427dc16b379971c72f63b313ad5750,4106.32,157.52,17.196737709,54000,55000
252c112a1f427dc16b379971c72f63b313ad5750,4089.01,157.24,17.134960546,54000,54000
252c112a1f427dc16b379971c72f63b313ad5750,4139.49,158.71,17.340968672,54000,54000
252c112a1f427dc16b379971c72f63b313ad5750,4091.59,156.52,17.163063213,53000,54000
252c112a1f427dc16b379971c72f63b313ad5750,4062.10,155.97,17.038812746,54000,54000
252c112a1f427dc16b379971c72f63b313ad5750,4115.55,158.55,17.253838865,54000,54000
252c112a1f427dc16b379971c72f63b313ad5750,4093.32,157.59,17.197868900,54000,54000
252c112a1f427dc16b379971c72f63b313ad5750,4080.12,156.66,17.123506446,54000,54000
252c112a1f427dc16b379971c72f63b313ad5750,4096.38,157.28,17.176652947,54000,54000
252c112a1f427dc16b379971c72f63b313ad5750,4135.72,158.86,17.343147855,54000,54000
252c112a1f427dc16b379971c72f63b313ad5750,4177.27,159.93,17.503795831,53000,54000
252c112a1f427dc16b379971c72f63b313ad5750,4079.13,156.89,17.165165527,54000,54000
252c112a1f427dc16b379971c72f63b313ad5750,4102.86,157.68,17.175801858,54000,54000
252c112a1f427dc16b379971c72f63b313ad5750,4070.42,156.45,17.057398772,54000,54000
252c112a1f427dc16b379971c72f63b313ad5750,4101.54,157.85,17.209954335,54000,54000
252c112a1f427dc16b379971c72f63b313ad5750,4097.27,157.31,17.175919023,54000,54000
252c112a1f427dc16b379971c72f63b313ad5750,4107.99,157.97,17.241261886,54000,54000
252c112a1f427dc16b379971c72f63b313ad5750,4120.11,158.35,17.243207560,54000,54000
252c112a1f427dc16b379971c72f63b313ad5750,4084.92,156.29,17.125778500,54000,54000
9529d3381bd0c00cca11000da8bf3a8c4ec961d4,4113.12,157.91,17.193971111,54000,54000
9529d3381bd0c00cca11000da8bf3a8c4ec961d4,4140.03,159.35,17.336224050,54000,54000
9529d3381bd0c00cca11000da8bf3a8c4ec961d4,4115.77,158.03,17.242052072,54000,54000
9529d3381bd0c00cca11000da8bf3a8c4ec961d4,4107.42,157.80,17.191017719,54000,54000
9529d3381bd0c00cca11000da8bf3a8c4ec961d4,4152.05,159.71,17.394966920,54000,55000
9529d3381bd0c00cca11000da8bf3a8c4ec961d4,4143.39,159.35,17.349340190,54000,55000
9529d3381bd0c00cca11000da8bf3a8c4ec961d4,4100.36,157.66,17.161746841,54000,54000
9529d3381bd0c00cca11000da8bf3a8c4ec961d4,4209.98,161.32,17.631178469,54000,54000
9529d3381bd0c00cca11000da8bf3a8c4ec961d4,4144.99,159.88,17.334183417,55000,54000
9529d3381bd0c00cca11000da8bf3a8c4ec961d4,4124.54,158.82,17.269476438,54000,54000
9529d3381bd0c00cca11000da8bf3a8c4ec961d4,4095.74,157.65,17.146783187,55000,54000
9529d3381bd0c00cca11000da8bf3a8c4ec961d4,4134.69,159.07,17.310293565,54000,54000
9529d3381bd0c00cca11000da8bf3a8c4ec961d4,4092.89,158.03,17.163148417,54000,54000
9529d3381bd0c00cca11000da8bf3a8c4ec961d4,4121.24,158.58,17.258418203,54000,54000
9529d3381bd0c00cca11000da8bf3a8c4ec961d4,4121.98,158.86,17.254051283,54000,54000
9529d3381bd0c00cca11000da8bf3a8c4ec961d4,4119.24,158.29,17.226997053,54000,55000
9529d3381bd0c00cca11000da8bf3a8c4ec961d4,4139.75,158.91,17.353773008,54000,54000
9529d3381bd0c00cca11000da8bf3a8c4ec961d4,4132.46,159.24,17.323118841,54000,54000
9529d3381bd0c00cca11000da8bf3a8c4ec961d4,4093.68,156.83,17.139351992,53000,54000
9529d3381bd0c00cca11000da8bf3a8c4ec961d4,4155.57,159.59,17.415012409,54000,54000
9529d3381bd0c00cca11000da8bf3a8c4ec961d4,4130.17,157.98,17.292386077,53000,54000
9529d3381bd0c00cca11000da8bf3a8c4ec961d4,4108.49,156.89,17.196542843,54000,54000
9529d3381bd0c00cca11000da8bf3a8c4ec961d4,4236.46,162.27,17.735503552,54000,54000
9529d3381bd0c00cca11000da8bf3a8c4ec961d4,4157.06,159.33,17.467725657,54000,54000
9529d3381bd0c00cca11000da8bf3a8c4ec961d4,4196.30,161.64,17.586328984,54000,54000
9529d3381bd0c00cca11000da8bf3a8c4ec961d4,4120.12,158.79,17.252211152,54000,54000
9529d3381bd0c00cca11000da8bf3a8c4ec961d4,4136.61,158.62,17.333323649,54000,54000
9529d3381bd0c00cca11000da8bf3a8c4ec961d4,4124.81,158.42,17.305896395,54000,54000
9529d3381bd0c00cca11000da8bf3a8c4ec961d4,4150.70,159.96,17.350418731,54000,54000
9529d3381bd0c00cca11000da8bf3a8c4ec961d4,4148.78,159.75,17.346043760,54000,54000
debfa4ab369e6b53ea001c634557eb9fa8b625de,4192.05,161.24,17.523407474,54000,54000
debfa4ab369e6b53ea001c634557eb9fa8b625de,4141.84,159.58,17.336729450,54000,54000
debfa4ab369e6b53ea001c634557eb9fa8b625de,4164.44,159.74,17.436145761,54000,54000
debfa4ab369e6b53ea001c634557eb9fa8b625de,4165.54,160.19,17.433910104,54000,54000
debfa4ab369e6b53ea001c634557eb9fa8b625de,4122.66,158.76,17.237747587,54000,54000
debfa4ab369e6b53ea001c634557eb9fa8b625de,4102.99,157.79,17.149033656,54000,54000
debfa4ab369e6b53ea001c634557eb9fa8b625de,4150.36,159.56,17.354634439,54000,55000
debfa4ab369e6b53ea001c634557eb9fa8b625de,4129.86,159.02,17.291695491,54000,54000
debfa4ab369e6b53ea001c634557eb9fa8b625de,4167.07,160.94,17.453114190,54000,54000
debfa4ab369e6b53ea001c634557eb9fa8b625de,4130.89,159.01,17.298730854,54000,54000
debfa4ab369e6b53ea001c634557eb9fa8b625de,4109.11,158.57,17.259030789,54000,54000
debfa4ab369e6b53ea001c634557eb9fa8b625de,4126.30,159.18,17.281414080,54000,54000
debfa4ab369e6b53ea001c634557eb9fa8b625de,4105.32,157.49,17.213895711,54000,54000
debfa4ab369e6b53ea001c634557eb9fa8b625de,4126.20,158.17,17.311940422,54000,54000
debfa4ab369e6b53ea001c634557eb9fa8b625de,4147.00,159.28,17.379732641,53000,54000
debfa4ab369e6b53ea001c634557eb9fa8b625de,4094.42,157.04,17.150323194,54000,54000
debfa4ab369e6b53ea001c634557eb9fa8b625de,4118.76,158.47,17.229322137,54000,54000
debfa4ab369e6b53ea001c634557eb9fa8b625de,4178.10,161.01,17.490809079,54000,54000
debfa4ab369e6b53ea001c634557eb9fa8b625de,4104.15,156.63,17.185383232,54000,54000
debfa4ab369e6b53ea001c634557eb9fa8b625de,4256.51,162.62,17.830664056,54000,54000
debfa4ab369e6b53ea001c634557eb9fa8b625de,4107.41,158.00,17.187923572,54000,54000
debfa4ab369e6b53ea001c634557eb9fa8b625de,4153.68,159.22,17.411061486,54000,53000
debfa4ab369e6b53ea001c634557eb9fa8b625de,4113.47,157.80,17.282184395,54000,54000
debfa4ab369e6b53ea001c634557eb9fa8b625de,4127.33,158.50,17.306821512,54000,54000
debfa4ab369e6b53ea001c634557eb9fa8b625de,4125.80,158.22,17.282793911,55000,54000
debfa4ab369e6b53ea001c634557eb9fa8b625de,4113.14,157.80,17.217029865,54000,55000
debfa4ab369e6b53ea001c634557eb9fa8b625de,4120.70,158.12,17.293031355,54000,54000
debfa4ab369e6b53ea001c634557eb9fa8b625de,4175.27,160.48,17.498598889,54000,55000
debfa4ab369e6b53ea001c634557eb9fa8b625de,4096.02,157.74,17.157504232,54000,54000
debfa4ab369e6b53ea001c634557eb9fa8b625de,4134.45,158.90,17.332964364,54000,54000
86f40955e6268bda451c7572db67605f1041ca86,4115.66,158.02,17.236559766,54000,54000
86f40955e6268bda451c7572db67605f1041ca86,4140.31,158.54,17.332619419,54000,54000
86f40955e6268bda451c7572db67605f1041ca86,4135.38,158.92,17.305596939,55000,55000
86f40955e6268bda451c7572db67605f1041ca86,4186.15,161.01,17.517187797,54000,54000
86f40955e6268bda451c7572db67605f1041ca86,4145.29,159.66,17.343555371,54000,54000
86f40955e6268bda451c7572db67605f1041ca86,4166.50,160.57,17.423248864,54000,54000
86f40955e6268bda451c7572db67605f1041ca86,4166.72,160.12,17.463801950,53000,54000
86f40955e6268bda451c7572db67605f1041ca86,4144.16,159.75,17.364542266,54000,54000
86f40955e6268bda451c7572db67605f1041ca86,4148.87,159.78,17.367577186,54000,53000
86f40955e6268bda451c7572db67605f1041ca86,4182.49,161.18,17.505468954,54000,54000
86f40955e6268bda451c7572db67605f1041ca86,4136.24,159.21,17.331302585,54000,54000
86f40955e6268bda451c7572db67605f1041ca86,4107.14,158.05,17.244155005,54000,54000
86f40955e6268bda451c7572db67605f1041ca86,4104.73,158.57,17.238253674,54000,55000
86f40955e6268bda451c7572db67605f1041ca86,4153.11,159.77,17.377615305,54000,54000
86f40955e6268bda451c7572db67605f1041ca86,4120.24,158.02,17.240985813,54000,54000
86f40955e6268bda451c7572db67605f1041ca86,4159.43,159.74,17.427835642,54000,54000
86f40955e6268bda451c7572db67605f1041ca86,4132.46,158.81,17.290726712,54000,54000
86f40955e6268bda451c7572db67605f1041ca86,4142.57,158.69,17.318436412,54000,54000
86f40955e6268bda451c7572db67605f1041ca86,4275.02,163.74,17.895561292,54000,54000
86f40955e6268bda451c7572db67605f1041ca86,4138.02,158.81,17.349087841,54000,54000
86f40955e6268bda451c7572db67605f1041ca86,4116.86,158.37,17.242171859,54000,54000
86f40955e6268bda451c7572db67605f1041ca86,4130.27,158.47,17.283897550,54000,54000
86f40955e6268bda451c7572db67605f1041ca86,4138.23,159.08,17.302936991,53000,54000
86f40955e6268bda451c7572db67605f1041ca86,4159.62,160.10,17.440478194,54000,54000
86f40955e6268bda451c7572db67605f1041ca86,4125.51,158.40,17.310713750,54000,54000
86f40955e6268bda451c7572db67605f1041ca86,4133.64,159.12,17.298315845,54000,54000
86f40955e6268bda451c7572db67605f1041ca86,4189.59,160.72,17.574855933,54000,55000
86f40955e6268bda451c7572db67605f1041ca86,4132.24,158.96,17.299396509,54000,54000
86f40955e6268bda451c7572db67605f1041ca86,4122.68,158.68,17.267821500,54000,53000
86f40955e6268bda451c7572db67605f1041ca86,4157.87,159.52,17.425227548,54000,54000
00f2641b99dbd06924ff91bfdc88896fecb0b4ae,4169.44,160.00,17.429020585,55000,53000
00f2641b99dbd06924ff91bfdc88896fecb0b4ae,4126.75,158.18,17.280864657,54000,54000
00f2641b99dbd06924ff91bfdc88896fecb0b4ae,4142.41,159.42,17.373698381,54000,54000
00f2641b99dbd06924ff91bfdc88896fecb0b4ae,4161.90,160.17,17.406351321,55000,55000
00f2641b99dbd06924ff91bfdc88896fecb0b4ae,4237.30,163.18,17.730200850,54000,55000
00f2641b99dbd06924ff91bfdc88896fecb0b4ae,4123.21,158.54,17.261679810,54000,54000
00f2641b99dbd06924ff91bfdc88896fecb0b4ae,4153.62,159.93,17.364277008,54000,54000
00f2641b99dbd06924ff91bfdc88896fecb0b4ae,4171.88,161.00,17.476784370,54000,54000
00f2641b99dbd06924ff91bfdc88896fecb0b4ae,4101.24,158.32,17.176102160,54000,54000
00f2641b99dbd06924ff91bfdc88896fecb0b4ae,4174.40,160.87,17.460532506,54000,54000
00f2641b99dbd06924ff91bfdc88896fecb0b4ae,4157.61,159.40,17.398282703,54000,54000
00f2641b99dbd06924ff91bfdc88896fecb0b4ae,4138.57,158.87,17.313953886,53000,54000
00f2641b99dbd06924ff91bfdc88896fecb0b4ae,4147.24,159.72,17.357440409,54000,54000
00f2641b99dbd06924ff91bfdc88896fecb0b4ae,4149.39,159.63,17.396720413,54000,54000
00f2641b99dbd06924ff91bfdc88896fecb0b4ae,4180.75,160.13,17.509687825,54000,54000
00f2641b99dbd06924ff91bfdc88896fecb0b4ae,4132.71,158.75,17.333240375,54000,53000
00f2641b99dbd06924ff91bfdc88896fecb0b4ae,4159.99,159.31,17.415143196,53000,54000
00f2641b99dbd06924ff91bfdc88896fecb0b4ae,4208.67,161.44,17.621382446,53000,54000
00f2641b99dbd06924ff91bfdc88896fecb0b4ae,4185.92,160.60,17.524339443,54000,54000
00f2641b99dbd06924ff91bfdc88896fecb0b4ae,4222.77,162.14,17.683786903,54000,54000
00f2641b99dbd06924ff91bfdc88896fecb0b4ae,4139.94,158.71,17.318665014,54000,54000
00f2641b99dbd06924ff91bfdc88896fecb0b4ae,4181.51,160.83,17.521402569,54000,54000
00f2641b99dbd06924ff91bfdc88896fecb0b4ae,4115.43,158.71,17.217030227,54000,54000
00f2641b99dbd06924ff91bfdc88896fecb0b4ae,4110.90,158.41,17.228677307,54000,54000
00f2641b99dbd06924ff91bfdc88896fecb0b4ae,4115.14,158.57,17.229994274,54000,54000
00f2641b99dbd06924ff91bfdc88896fecb0b4ae,4134.58,159.06,17.300801118,54000,54000
00f2641b99dbd06924ff91bfdc88896fecb0b4ae,4170.67,160.49,17.461874402,54000,54000
00f2641b99dbd06924ff91bfdc88896fecb0b4ae,4136.58,158.35,17.339449149,54000,54000
00f2641b99dbd06924ff91bfdc88896fecb0b4ae,4132.33,158.57,17.280121297,54000,54000
00f2641b99dbd06924ff91bfdc88896fecb0b4ae,4132.75,158.77,17.288409358,54000,54000
04308944fb2639658358a852f6c64a6d3fa9c5f8,4161.61,159.57,17.393195515,53000,54000
04308944fb2639658358a852f6c64a6d3fa9c5f8,4135.83,159.10,17.328006284,54000,54000
04308944fb2639658358a852f6c64a6d3fa9c5f8,4135.31,158.89,17.304548139,55000,55000
04308944fb2639658358a852f6c64a6d3fa9c5f8,4143.64,159.46,17.334976129,54000,54000
04308944fb2639658358a852f6c64a6d3fa9c5f8,4154.43,159.99,17.378504707,54000,54000
04308944fb2639658358a852f6c64a6d3fa9c5f8,4133.23,158.69,17.313120261,54000,55000
04308944fb2639658358a852f6c64a6d3fa9c5f8,4198.43,162.35,17.524463384,54000,54000
04308944fb2639658358a852f6c64a6d3fa9c5f8,4151.12,159.78,17.372795924,53000,54000
04308944fb2639658358a852f6c64a6d3fa9c5f8,4152.85,160.10,17.372800737,54000,54000
04308944fb2639658358a852f6c64a6d3fa9c5f8,4128.51,159.10,17.317565761,53000,54000
04308944fb2639658358a852f6c64a6d3fa9c5f8,4172.05,161.33,17.447533270,54000,54000
04308944fb2639658358a852f6c64a6d3fa9c5f8,4113.54,159.48,17.225550449,54000,54000
04308944fb2639658358a852f6c64a6d3fa9c5f8,4151.91,160.02,17.419994118,54000,54000
04308944fb2639658358a852f6c64a6d3fa9c5f8,4109.65,158.17,17.228750223,54000,54000
04308944fb2639658358a852f6c64a6d3fa9c5f8,4160.61,160.08,17.390209743,54000,54000
04308944fb2639658358a852f6c64a6d3fa9c5f8,4131.95,158.89,17.282567921,54000,54000
04308944fb2639658358a852f6c64a6d3fa9c5f8,4161.24,160.43,17.416355252,54000,54000
04308944fb2639658358a852f6c64a6d3fa9c5f8,4171.13,160.56,17.443264415,54000,54000
04308944fb2639658358a852f6c64a6d3fa9c5f8,4199.21,161.45,17.608218979,54000,54000
04308944fb2639658358a852f6c64a6d3fa9c5f8,4161.02,159.75,17.398486410,54000,53000
04308944fb2639658358a852f6c64a6d3fa9c5f8,4272.16,164.31,17.903195572,54000,54000
04308944fb2639658358a852f6c64a6d3fa9c5f8,4184.88,159.91,17.534540061,54000,54000
04308944fb2639658358a852f6c64a6d3fa9c5f8,4194.76,161.67,17.621558250,53000,54000
04308944fb2639658358a852f6c64a6d3fa9c5f8,4154.84,159.47,17.398047085,54000,54000
04308944fb2639658358a852f6c64a6d3fa9c5f8,4224.87,162.67,17.671900928,54000,54000
04308944fb2639658358a852f6c64a6d3fa9c5f8,4157.25,159.77,17.414892656,54000,54000
04308944fb2639658358a852f6c64a6d3fa9c5f8,4148.64,159.42,17.389457722,54000,54000
04308944fb2639658358a852f6c64a6d3fa9c5f8,4150.67,159.50,17.417518676,54000,54000
04308944fb2639658358a852f6c64a6d3fa9c5f8,4220.24,162.46,17.645368698,54000,54000
04308944fb2639658358a852f6c64a6d3fa9c5f8,4116.87,158.09,17.251146977,54000,54000
1038446b569246485a34beaa633e201cdbd1897e,4171.45,160.20,17.430264263,54000,54000
1038446b569246485a34beaa633e201cdbd1897e,4168.73,160.33,17.417627909,54000,55000
1038446b569246485a34beaa633e201cdbd1897e,4180.15,160.28,17.495294687,54000,54000
1038446b569246485a34beaa633e201cdbd1897e,4151.44,159.98,17.358720481,54000,53000
1038446b569246485a34beaa633e201cdbd1897e,4126.71,158.86,17.250534488,54000,54000
1038446b569246485a34beaa633e201cdbd1897e,4177.39,161.19,17.464158211,54000,54000
1038446b569246485a34beaa633e201cdbd1897e,4136.51,158.93,17.313322233,54000,55000
1038446b569246485a34beaa633e201cdbd1897e,4135.63,158.92,17.324450919,54000,54000
1038446b569246485a34beaa633e201cdbd1897e,4128.21,158.01,17.259874493,54000,54000
1038446b569246485a34beaa633e201cdbd1897e,4141.82,159.85,17.329345592,54000,54000
1038446b569246485a34beaa633e201cdbd1897e,4187.78,161.33,17.537374629,55000,54000
1038446b569246485a34beaa633e201cdbd1897e,4142.03,159.20,17.332354720,54000,54000
1038446b569246485a34beaa633e201cdbd1897e,4158.78,160.05,17.401026002,54000,54000
1038446b569246485a34beaa633e201cdbd1897e,4121.41,159.10,17.275791132,54000,54000
1038446b569246485a34beaa633e201cdbd1897e,4188.74,161.15,17.540305479,54000,54000
1038446b569246485a34beaa633e201cdbd1897e,4181.14,161.15,17.496765739,54000,54000
1038446b569246485a34beaa633e201cdbd1897e,4172.19,160.22,17.460016305,54000,54000
1038446b569246485a34beaa633e201cdbd1897e,4145.23,159.42,17.377591410,54000,54000
1038446b569246485a34beaa633e201cdbd1897e,4139.04,158.45,17.333584105,53000,54000
1038446b569246485a34beaa633e201cdbd1897e,4175.85,160.64,17.508791404,53000,54000
1038446b569246485a34beaa633e201cdbd1897e,4138.82,159.09,17.306556941,54000,54000
1038446b569246485a34beaa633e201cdbd1897e,4169.42,160.43,17.449600005,54000,54000
1038446b569246485a34beaa633e201cdbd1897e,4244.82,162.49,17.761639890,54000,54000
1038446b569246485a34beaa633e201cdbd1897e,4163.29,160.02,17.418774661,54000,54000
1038446b569246485a34beaa633e201cdbd1897e,4156.10,159.65,17.424150361,54000,54000
1038446b569246485a34beaa633e201cdbd1897e,4137.27,158.39,17.342644850,55000,54000
1038446b569246485a34beaa633e201cdbd1897e,4149.99,159.21,17.440694660,54000,54000
1038446b569246485a34beaa633e201cdbd1897e,4170.52,160.72,17.480918958,54000,54000
1038446b569246485a34beaa633e201cdbd1897e,4134.18,158.42,17.295736047,54000,55000
1038446b569246485a34beaa633e201cdbd1897e,4231.10,162.85,17.724440194,54000,54000
afd1daa0b7d540e89711a0bf269775821d90ca36,4136.79,158.64,17.320580873,54000,54000
afd1daa0b7d540e89711a0bf269775821d90ca36,4206.62,162.06,17.604563578,54000,54000
afd1daa0b7d540e89711a0bf269775821d90ca36,4152.14,159.78,17.360365197,54000,54000
afd1daa0b7d540e89711a0bf269775821d90ca36,4150.78,159.43,17.360915773,55000,54000
afd1daa0b7d540e89711a0bf269775821d90ca36,4173.18,160.43,17.469430535,54000,54000
afd1daa0b7d540e89711a0bf269775821d90ca36,4177.26,160.75,17.492269928,54000,54000
afd1daa0b7d540e89711a0bf269775821d90ca36,4138.22,159.25,17.325995167,54000,53000
afd1daa0b7d540e89711a0bf269775821d90ca36,4158.73,160.14,17.395606806,54000,54000
afd1daa0b7d540e89711a0bf269775821d90ca36,4157.95,160.01,17.393532751,54000,54000
afd1daa0b7d540e89711a0bf269775821d90ca36,4154.73,160.19,17.405605412,54000,54000
afd1daa0b7d540e89711a0bf269775821d90ca36,4224.57,162.26,17.668373274,54000,54000
afd1daa0b7d540e89711a0bf269775821d90ca36,4195.52,161.21,17.539978921,54000,54000
afd1daa0b7d540e89711a0bf269775821d90ca36,4150.39,159.94,17.425661262,54000,54000
afd1daa0b7d540e89711a0bf269775821d90ca36,4190.68,161.23,17.572077527,54000,54000
afd1daa0b7d540e89711a0bf269775821d90ca36,4220.59,162.12,17.643272289,54000,53000
afd1daa0b7d540e89711a0bf269775821d90ca36,4185.19,161.03,17.532094008,54000,54000
afd1daa0b7d540e89711a0bf269775821d90ca36,4159.23,160.32,17.392830543,54000,54000
afd1daa0b7d540e89711a0bf269775821d90ca36,4137.72,158.42,17.348391308,54000,54000
afd1daa0b7d540e89711a0bf269775821d90ca36,4248.16,162.46,17.786867839,54000,54000
afd1daa0b7d540e89711a0bf269775821d90ca36,4118.76,157.98,17.296281688,54000,53000
afd1daa0b7d540e89711a0bf269775821d90ca36,4123.70,158.57,17.328752402,54000,54000
afd1daa0b7d540e89711a0bf269775821d90ca36,4191.04,161.02,17.579665304,54000,54000
afd1daa0b7d540e89711a0bf269775821d90ca36,4141.14,159.19,17.347146615,54000,54000
afd1daa0b7d540e89711a0bf269775821d90ca36,4153.33,159.96,17.398820385,54000,54000
afd1daa0b7d540e89711a0bf269775821d90ca36,4186.99,161.23,17.547896415,54000,55000
afd1daa0b7d540e89711a0bf269775821d90ca36,4224.95,162.78,17.694005699,54000,54000
afd1daa0b7d540e89711a0bf269775821d90ca36,4136.28,159.22,17.346019265,55000,54000
afd1daa0b7d540e89711a0bf269775821d90ca36,4114.45,157.57,17.229696068,53000,54000
afd1daa0b7d540e89711a0bf269775821d90ca36,4156.56,160.15,17.415154686,54000,54000
afd1daa0b7d540e89711a0bf269775821d90ca36,4205.83,161.15,17.609826026,54000,54000
b7d2d8c37f7417858081b88b5314246d94eeec94,4205.60,161.55,17.586230110,54000,54000
b7d2d8c37f7417858081b88b5314246d94eeec94,4147.71,158.77,17.361528244,54000,54000
b7d2d8c37f7417858081b88b5314246d94eeec94,4186.82,160.43,17.553311500,54000,55000
b7d2d8c37f7417858081b88b5314246d94eeec94,4206.00,161.92,17.622183351,54000,54000
b7d2d8c37f7417858081b88b5314246d94eeec94,4147.47,158.93,17.369856459,54000,54000
b7d2d8c37f7417858081b88b5314246d94eeec94,4165.74,160.28,17.427588467,54000,54000
b7d2d8c37f7417858081b88b5314246d94eeec94,4161.55,160.02,17.410348462,55000,54000
b7d2d8c37f7417858081b88b5314246d94eeec94,4197.81,161.92,17.544190329,54000,54000
b7d2d8c37f7417858081b88b5314246d94eeec94,4160.10,160.12,17.433312872,54000,54000
b7d2d8c37f7417858081b88b5314246d94eeec94,4129.25,159.16,17.286392913,54000,54000
b7d2d8c37f7417858081b88b5314246d94eeec94,4158.50,160.62,17.456338260,54000,54000
b7d2d8c37f7417858081b88b5314246d94eeec94,4191.07,161.96,17.581466694,54000,54000
b7d2d8c37f7417858081b88b5314246d94eeec94,4183.59,161.39,17.527912573,54000,54000
b7d2d8c37f7417858081b88b5314246d94eeec94,4227.86,163.40,17.707656329,54000,54000
b7d2d8c37f7417858081b88b5314246d94eeec94,4146.13,159.67,17.348861379,54000,54000
b7d2d8c37f7417858081b88b5314246d94eeec94,4167.92,160.63,17.450415786,55000,54000
b7d2d8c37f7417858081b88b5314246d94eeec94,4132.19,158.72,17.338250954,54000,54000
b7d2d8c37f7417858081b88b5314246d94eeec94,4135.10,158.87,17.326073324,54000,54000
b7d2d8c37f7417858081b88b5314246d94eeec94,4166.26,160.10,17.480736914,54000,54000
b7d2d8c37f7417858081b88b5314246d94eeec94,4215.59,161.53,17.666172235,54000,54000
b7d2d8c37f7417858081b88b5314246d94eeec94,4148.77,159.35,17.401336309,54000,54000
b7d2d8c37f7417858081b88b5314246d94eeec94,4265.37,163.73,17.866152334,54000,54000
b7d2d8c37f7417858081b88b5314246d94eeec94,4151.51,158.31,17.389739655,53000,54000
b7d2d8c37f7417858081b88b5314246d94eeec94,4182.38,159.81,17.502078238,54000,54000
b7d2d8c37f7417858081b88b5314246d94eeec94,4142.89,158.99,17.350735138,54000,54000
b7d2d8c37f7417858081b88b5314246d94eeec94,4154.89,159.66,17.430240041,55000,54000
b7d2d8c37f7417858081b88b5314246d94eeec94,4180.98,160.94,17.501253959,54000,54000
b7d2d8c37f7417858081b88b5314246d94eeec94,4200.41,161.40,17.630677184,53000,54000
b7d2d8c37f7417858081b88b5314246d94eeec94,4198.95,161.87,17.573576549,54000,54000
b7d2d8c37f7417858081b88b5314246d94eeec94,4163.99,159.70,17.448258259,55000,54000
c8d212e9885b861aefed29dec7ff07a9f0e889b3,4184.54,160.54,17.477482826,54000,54000
c8d212e9885b861aefed29dec7ff07a9f0e889b3,4182.62,160.57,17.477714623,54000,54000
c8d212e9885b861aefed29dec7ff07a9f0e889b3,4129.07,158.28,17.291685235,54000,54000
c8d212e9885b861aefed29dec7ff07a9f0e889b3,4127.23,158.35,17.308011222,54000,54000
c8d212e9885b861aefed29dec7ff07a9f0e889b3,4163.19,159.98,17.430365052,54000,54000
c8d212e9885b861aefed29dec7ff07a9f0e889b3,4119.33,158.20,17.270654133,54000,54000
c8d212e9885b861aefed29dec7ff07a9f0e889b3,4198.18,160.57,17.551579168,54000,54000
c8d212e9885b861aefed29dec7ff07a9f0e889b3,4146.64,159.24,17.364556623,54000,54000
c8d212e9885b861aefed29dec7ff07a9f0e889b3,4181.10,160.66,17.490963315,54000,54000
c8d212e9885b861aefed29dec7ff07a9f0e889b3,4173.92,160.49,17.482554744,55000,54000
c8d212e9885b861aefed29dec7ff07a9f0e889b3,4190.69,161.25,17.551358130,54000,54000
c8d212e9885b861aefed29dec7ff07a9f0e889b3,4184.42,160.71,17.538707776,54000,55000
c8d212e9885b861aefed29dec7ff07a9f0e889b3,4145.22,159.37,17.335411042,55000,54000
c8d212e9885b861aefed29dec7ff07a9f0e889b3,4196.03,161.18,17.576572321,54000,54000
c8d212e9885b861aefed29dec7ff07a9f0e889b3,4170.69,161.31,17.510596614,54000,54000
c8d212e9885b861aefed29dec7ff07a9f0e889b3,4159.28,160.97,17.396392866,54000,54000
c8d212e9885b861aefed29dec7ff07a9f0e889b3,4162.89,160.21,17.460191012,54000,55000
c8d212e9885b861aefed29dec7ff07a9f0e889b3,4227.39,162.33,17.702355757,54000,54000
c8d212e9885b861aefed29dec7ff07a9f0e889b3,4188.71,160.60,17.557035021,54000,54000
c8d212e9885b861aefed29dec7ff07a9f0e889b3,4192.83,161.02,17.580761211,54000,54000
c8d212e9885b861aefed29dec7ff07a9f0e889b3,4214.32,161.84,17.647916257,54000,54000
c8d212e9885b861aefed29dec7ff07a9f0e889b3,4126.69,158.56,17.305168927,54000,54000
c8d212e9885b861aefed29dec7ff07a9f0e889b3,4145.94,158.57,17.345078983,54000,54000
c8d212e9885b861aefed29dec7ff07a9f0e889b3,4243.06,162.88,17.774040317,54000,54000
c8d212e9885b861aefed29dec7ff07a9f0e889b3,4138.99,159.40,17.370085224,54000,54000
c8d212e9885b861aefed29dec7ff07a9f0e889b3,4209.01,161.99,17.652737948,54000,54000
c8d212e9885b861aefed29dec7ff07a9f0e889b3,4215.89,162.17,17.679679059,54000,54000
c8d212e9885b861aefed29dec7ff07a9f0e889b3,4158.86,160.17,17.448697542,54000,55000
c8d212e9885b861aefed29dec7ff07a9f0e889b3,4246.69,164.01,17.739946842,54000,55000
c8d212e9885b861aefed29dec7ff07a9f0e889b3,4224.16,162.71,17.696397518,54000,54000
c6ce2d5118ec856ee3b9d89623137961e8b12e70,4187.67,160.58,17.515353310,52000,54000
c6ce2d5118ec856ee3b9d89623137961e8b12e70,4216.15,161.45,17.636529547,54000,54000
c6ce2d5118ec856ee3b9d89623137961e8b12e70,4193.82,160.89,17.532142629,53000,54000
c6ce2d5118ec856ee3b9d89623137961e8b12e70,4236.52,163.02,17.742890361,54000,54000
c6ce2d5118ec856ee3b9d89623137961e8b12e70,4172.50,160.04,17.477855356,54000,54000
c6ce2d5118ec856ee3b9d89623137961e8b12e70,4149.58,159.55,17.367370500,55000,55000
c6ce2d5118ec856ee3b9d89623137961e8b12e70,4186.92,161.09,17.529178854,54000,54000
c6ce2d5118ec856ee3b9d89623137961e8b12e70,4204.27,162.36,17.595092784,54000,54000
c6ce2d5118ec856ee3b9d89623137961e8b12e70,4194.65,161.52,17.590242255,55000,54000
c6ce2d5118ec856ee3b9d89623137961e8b12e70,4225.52,162.88,17.684996490,54000,54000
c6ce2d5118ec856ee3b9d89623137961e8b12e70,4178.98,160.94,17.522652998,55000,54000
c6ce2d5118ec856ee3b9d89623137961e8b12e70,4197.92,161.81,17.565827337,54000,54000
c6ce2d5118ec856ee3b9d89623137961e8b12e70,4181.60,161.35,17.531603095,54000,54000
c6ce2d5118ec856ee3b9d89623137961e8b12e70,4174.91,160.99,17.489705179,54000,54000
c6ce2d5118ec856ee3b9d89623137961e8b12e70,4188.94,160.73,17.560938159,54000,54000
c6ce2d5118ec856ee3b9d89623137961e8b12e70,4176.25,160.23,17.512579961,54000,54000
c6ce2d5118ec856ee3b9d89623137961e8b12e70,4147.10,159.73,17.410534845,54000,54000
c6ce2d5118ec856ee3b9d89623137961e8b12e70,4194.03,161.21,17.583639591,54000,54000
c6ce2d5118ec856ee3b9d89623137961e8b12e70,4255.85,162.47,17.835791344,54000,54000
c6ce2d5118ec856ee3b9d89623137961e8b12e70,4151.42,158.85,17.400922110,54000,54000
c6ce2d5118ec856ee3b9d89623137961e8b12e70,4173.22,160.17,17.526101641,54000,54000
c6ce2d5118ec856ee3b9d89623137961e8b12e70,4182.36,160.17,17.534079724,54000,54000
c6ce2d5118ec856ee3b9d89623137961e8b12e70,4204.57,161.10,17.622400199,54000,53000
c6ce2d5118ec856ee3b9d89623137961e8b12e70,4192.46,161.30,17.589847847,54000,54000
c6ce2d5118ec856ee3b9d89623137961e8b12e70,4152.68,159.84,17.405422978,54000,54000
c6ce2d5118ec856ee3b9d89623137961e8b12e70,4202.92,161.56,17.596160310,54000,54000
c6ce2d5118ec856ee3b9d89623137961e8b12e70,4204.92,162.38,17.648152136,54000,54000
c6ce2d5118ec856ee3b9d89623137961e8b12e70,4179.81,160.53,17.556433853,54000,54000
c6ce2d5118ec856ee3b9d89623137961e8b12e70,4194.41,160.71,17.544972338,54000,54000
c6ce2d5118ec856ee3b9d89623137961e8b12e70,4188.74,161.65,17.518772012,54000,54000
5d11dc662aa9ce1681d3b8b10a07ac741a7a37d7,4199.88,161.22,17.584305711,54000,54000
5d11dc662aa9ce1681d3b8b10a07ac741a7a37d7,4212.35,161.82,17.618980061,54000,54000
5d11dc662aa9ce1681d3b8b10a07ac741a7a37d7,4250.28,163.16,17.786061398,55000,54000
5d11dc662aa9ce1681d3b8b10a07ac741a7a37d7,4161.42,159.73,17.431860252,54000,54000
5d11dc662aa9ce1681d3b8b10a07ac741a7a37d7,4189.32,161.57,17.546010751,54000,54000
5d11dc662aa9ce1681d3b8b10a07ac741a7a37d7,4185.36,161.09,17.532820464,54000,54000
5d11dc662aa9ce1681d3b8b10a07ac741a7a37d7,4155.63,159.47,17.384857697,54000,54000
5d11dc662aa9ce1681d3b8b10a07ac741a7a37d7,4179.07,161.04,17.489269816,53000,54000
5d11dc662aa9ce1681d3b8b10a07ac741a7a37d7,4166.20,160.34,17.474921459,54000,55000
5d11dc662aa9ce1681d3b8b10a07ac741a7a37d7,4210.79,162.50,17.627698270,54000,54000
5d11dc662aa9ce1681d3b8b10a07ac741a7a37d7,4212.04,162.50,17.612231933,54000,54000
5d11dc662aa9ce1681d3b8b10a07ac741a7a37d7,4168.12,160.47,17.436019076,54000,54000
5d11dc662aa9ce1681d3b8b10a07ac741a7a37d7,4193.97,161.40,17.547329969,54000,55000
5d11dc662aa9ce1681d3b8b10a07ac741a7a37d7,4239.19,162.67,17.786861289,55000,54000
5d11dc662aa9ce1681d3b8b10a07ac741a7a37d7,4222.38,162.80,17.674260425,54000,54000
5d11dc662aa9ce1681d3b8b10a07ac741a7a37d7,4211.45,161.40,17.683921333,54000,54000
5d11dc662aa9ce1681d3b8b10a07ac741a7a37d7,4216.24,162.01,17.647381823,54000,54000
5d11dc662aa9ce1681d3b8b10a07ac741a7a37d7,4178.40,160.88,17.504748297,53000,54000
5d11dc662aa9ce1681d3b8b10a07ac741a7a37d7,4189.85,160.94,17.582020618,54000,53000
5d11dc662aa9ce1681d3b8b10a07ac741a7a37d7,4215.62,162.44,17.664773875,54000,54000
5d11dc662aa9ce1681d3b8b10a07ac741a7a37d7,4162.76,159.50,17.442182417,54000,54000
5d11dc662aa9ce1681d3b8b10a07ac741a7a37d7,4178.32,160.36,17.510886002,54000,52000
5d11dc662aa9ce1681d3b8b10a07ac741a7a37d7,4265.37,163.50,17.874923644,54000,54000
5d11dc662aa9ce1681d3b8b10a07ac741a7a37d7,4144.20,158.68,17.413844984,54000,54000
5d11dc662aa9ce1681d3b8b10a07ac741a7a37d7,4160.09,159.39,17.426138171,54000,54000
5d11dc662aa9ce1681d3b8b10a07ac741a7a37d7,4171.68,159.95,17.457054128,54000,54000
5d11dc662aa9ce1681d3b8b10a07ac741a7a37d7,4163.07,159.98,17.471313951,54000,54000
5d11dc662aa9ce1681d3b8b10a07ac741a7a37d7,4157.52,160.06,17.424826501,53000,54000
5d11dc662aa9ce1681d3b8b10a07ac741a7a37d7,4218.80,162.71,17.629440749,54000,54000
5d11dc662aa9ce1681d3b8b10a07ac741a7a37d7,4156.83,159.76,17.404240382,54000,54000
8253c895a62a0e96d9b125a6c62c40bf148e68fe,4202.67,161.34,17.565399825,53000,54000
8253c895a62a0e96d9b125a6c62c40bf148e68fe,4214.46,161.96,17.650109626,53000,54000
8253c895a62a0e96d9b125a6c62c40bf148e68fe,4193.05,161.25,17.543895457,55000,54000
8253c895a62a0e96d9b125a6c62c40bf148e68fe,4155.81,159.98,17.405439032,54000,54000
8253c895a62a0e96d9b125a6c62c40bf148e68fe,4169.51,160.41,17.451263323,54000,55000
8253c895a62a0e96d9b125a6c62c40bf148e68fe,4224.55,162.41,17.682632776,54000,54000
8253c895a62a0e96d9b125a6c62c40bf148e68fe,4185.14,160.75,17.517989830,54000,54000
8253c895a62a0e96d9b125a6c62c40bf148e68fe,4250.98,164.02,17.784691272,54000,55000
8253c895a62a0e96d9b125a6c62c40bf148e68fe,4202.51,161.81,17.579915591,54000,54000
8253c895a62a0e96d9b125a6c62c40bf148e68fe,4210.97,162.24,17.646794575,54000,54000
8253c895a62a0e96d9b125a6c62c40bf148e68fe,4201.18,162.23,17.565386294,54000,54000
8253c895a62a0e96d9b125a6c62c40bf148e68fe,4190.23,161.64,17.535752294,54000,54000
8253c895a62a0e96d9b125a6c62c40bf148e68fe,4218.55,162.49,17.680872652,55000,54000
8253c895a62a0e96d9b125a6c62c40bf148e68fe,4187.26,161.12,17.539910586,54000,54000
8253c895a62a0e96d9b125a6c62c40bf148e68fe,4192.93,162.21,17.542388947,54000,54000
8253c895a62a0e96d9b125a6c62c40bf148e68fe,4161.05,159.19,17.429341422,54000,54000
8253c895a62a0e96d9b125a6c62c40bf148e68fe,4210.55,161.44,17.647627757,54000,54000
8253c895a62a0e96d9b125a6c62c40bf148e68fe,4175.46,160.84,17.474764251,54000,54000
8253c895a62a0e96d9b125a6c62c40bf148e68fe,4196.34,161.42,17.567411504,54000,54000
8253c895a62a0e96d9b125a6c62c40bf148e68fe,4187.02,161.59,17.543824474,54000,54000
8253c895a62a0e96d9b125a6c62c40bf148e68fe,4159.30,159.72,17.394404606,54000,54000
8253c895a62a0e96d9b125a6c62c40bf148e68fe,4181.24,160.25,17.525064410,54000,54000
8253c895a62a0e96d9b125a6c62c40bf148e68fe,4171.11,159.66,17.459914696,54000,54000
8253c895a62a0e96d9b125a6c62c40bf148e68fe,4253.11,163.52,17.800009511,54000,54000
8253c895a62a0e96d9b125a6c62c40bf148e68fe,4262.88,163.83,17.867365528,54000,54000
8253c895a62a0e96d9b125a6c62c40bf148e68fe,4168.22,159.95,17.454290788,54000,54000
8253c895a62a0e96d9b125a6c62c40bf148e68fe,4177.70,160.13,17.522810886,54000,54000
8253c895a62a0e96d9b125a6c62c40bf148e68fe,4155.43,159.69,17.384906208,54000,54000
8253c895a62a0e96d9b125a6c62c40bf148e68fe,4170.28,159.64,17.457059550,53000,54000
8253c895a62a0e96d9b125a6c62c40bf148e68fe,4186.84,160.51,17.532521129,54000,54000
cc26d0c44c0c407ce061a3a94b48685fe5a00794,4191.02,160.73,17.523214673,53000,54000
cc26d0c44c0c407ce061a3a94b48685fe5a00794,4192.60,160.82,17.544291934,54000,54000
cc26d0c44c0c407ce061a3a94b48685fe5a00794,4193.63,161.62,17.539104567,54000,53000
cc26d0c44c0c407ce061a3a94b48685fe5a00794,4134.07,158.55,17.311849303,54000,53000
cc26d0c44c0c407ce061a3a94b48685fe5a00794,4179.75,160.57,17.470387270,54000,54000
cc26d0c44c0c407ce061a3a94b48685fe5a00794,4216.60,162.16,17.657126656,54000,55000
cc26d0c44c0c407ce061a3a94b48685fe5a00794,4158.86,159.90,17.404692965,54000,54000
cc26d0c44c0c407ce061a3a94b48685fe5a00794,4244.65,162.89,17.762898292,54000,55000
cc26d0c44c0c407ce061a3a94b48685fe5a00794,4177.19,161.40,17.464918706,54000,53000
cc26d0c44c0c407ce061a3a94b48685fe5a00794,4186.13,162.22,17.520163136,54000,54000
cc26d0c44c0c407ce061a3a94b48685fe5a00794,4234.40,163.36,17.753772929,54000,55000
cc26d0c44c0c407ce061a3a94b48685fe5a00794,4185.80,160.68,17.519988668,54000,54000
cc26d0c44c0c407ce061a3a94b48685fe5a00794,4189.59,161.17,17.544032493,54000,54000
cc26d0c44c0c407ce061a3a94b48685fe5a00794,4245.25,163.47,17.734620091,53000,54000
cc26d0c44c0c407ce061a3a94b48685fe5a00794,4193.54,161.49,17.559633358,54000,54000
cc26d0c44c0c407ce061a3a94b48685fe5a00794,4182.85,160.94,17.515163316,54000,54000
cc26d0c44c0c407ce061a3a94b48685fe5a00794,4248.38,163.34,17.761393606,54000,54000
cc26d0c44c0c407ce061a3a94b48685fe5a00794,4230.52,163.10,17.696296911,54000,54000
cc26d0c44c0c407ce061a3a94b48685fe5a00794,4198.94,160.94,17.583429986,54000,54000
cc26d0c44c0c407ce061a3a94b48685fe5a00794,4265.80,163.49,17.903300819,54000,54000
cc26d0c44c0c407ce061a3a94b48685fe5a00794,4188.37,160.60,17.557871175,54000,54000
cc26d0c44c0c407ce061a3a94b48685fe5a00794,4160.68,160.36,17.395857178,54000,54000
cc26d0c44c0c407ce061a3a94b48685fe5a00794,4157.89,159.23,17.419971027,54000,54000
cc26d0c44c0c407ce061a3a94b48685fe5a00794,4177.80,160.84,17.520903414,54000,54000
cc26d0c44c0c407ce061a3a94b48685fe5a00794,4203.93,161.92,17.584953135,54000,54000
cc26d0c44c0c407ce061a3a94b48685fe5a00794,4210.95,161.60,17.622723674,54000,54000
cc26d0c44c0c407ce061a3a94b48685fe5a00794,4200.21,161.44,17.608247598,54000,54000
cc26d0c44c0c407ce061a3a94b48685fe5a00794,4178.70,160.51,17.522923040,54000,54000
cc26d0c44c0c407ce061a3a94b48685fe5a00794,4166.23,160.02,17.443680892,54000,54000
cc26d0c44c0c407ce061a3a94b48685fe5a00794,4219.95,162.36,17.671157156,54000,54000
aa9a71878b9e662ac206640cdc28249bed025f57,4185.04,160.72,17.497538178,54000,54000
aa9a71878b9e662ac206640cdc28249bed025f57,4204.07,161.70,17.606148650,54000,54000
aa9a71878b9e662ac206640cdc28249bed025f57,4191.37,160.89,17.577016201,54000,54000
aa9a71878b9e662ac206640cdc28249bed025f57,4159.43,160.29,17.425063782,54000,54000
aa9a71878b9e662ac206640cdc28249bed025f57,4191.91,160.80,17.548413980,54000,54000
aa9a71878b9e662ac206640cdc28249bed025f57,4174.27,160.32,17.492145651,54000,54000
aa9a71878b9e662ac206640cdc28249bed025f57,4233.88,162.81,17.741557820,53000,55000
aa9a71878b9e662ac206640cdc28249bed025f57,4186.08,161.84,17.555409885,54000,54000
aa9a71878b9e662ac206640cdc28249bed025f57,4164.11,159.64,17.444161309,54000,54000
aa9a71878b9e662ac206640cdc28249bed025f57,4199.81,161.81,17.591868736,54000,54000
aa9a71878b9e662ac206640cdc28249bed025f57,4204.09,162.24,17.634385724,54000,55000
aa9a71878b9e662ac206640cdc28249bed025f57,4200.46,161.49,17.608102736,54000,54000
aa9a71878b9e662ac206640cdc28249bed025f57,4178.29,159.97,17.497305399,54000,54000
aa9a71878b9e662ac206640cdc28249bed025f57,4193.72,160.66,17.563496828,54000,55000
aa9a71878b9e662ac206640cdc28249bed025f57,4183.22,160.69,17.546202299,54000,54000
aa9a71878b9e662ac206640cdc28249bed025f57,4210.31,161.95,17.653175179,54000,54000
aa9a71878b9e662ac206640cdc28249bed025f57,4193.30,160.87,17.568912276,54000,54000
aa9a71878b9e662ac206640cdc28249bed025f57,4203.30,161.37,17.573720469,54000,54000
aa9a71878b9e662ac206640cdc28249bed025f57,4201.84,161.11,17.583781570,54000,54000
aa9a71878b9e662ac206640cdc28249bed025f57,4302.66,165.36,18.004411448,54000,54000
aa9a71878b9e662ac206640cdc28249bed025f57,4225.73,162.49,17.721408292,54000,54000
aa9a71878b9e662ac206640cdc28249bed025f57,4221.33,162.57,17.653700495,54000,54000
aa9a71878b9e662ac206640cdc28249bed025f57,4173.31,160.70,17.484834050,54000,54000
aa9a71878b9e662ac206640cdc28249bed025f57,4249.90,162.90,17.809969538,54000,54000
aa9a71878b9e662ac206640cdc28249bed025f57,4227.69,162.49,17.699494859,54000,54000
aa9a71878b9e662ac206640cdc28249bed025f57,4180.07,161.02,17.488201939,54000,54000
aa9a71878b9e662ac206640cdc28249bed025f57,4282.56,164.62,17.966075606,54000,54000
aa9a71878b9e662ac206640cdc28249bed025f57,4168.76,160.28,17.470069380,54000,54000
aa9a71878b9e662ac206640cdc28249bed025f57,4222.91,161.93,17.663984696,54000,53000
aa9a71878b9e662ac206640cdc28249bed025f57,4166.49,160.46,17.440509309,54000,54000
b75c19c58c577c7f8cca9ff03fbe1daaa4365b1e,4184.72,160.63,17.508620290,54000,54000
b75c19c58c577c7f8cca9ff03fbe1daaa4365b1e,4195.40,161.24,17.546792539,54000,54000
b75c19c58c577c7f8cca9ff03fbe1daaa4365b1e,4269.81,164.41,17.892505836,54000,54000
b75c19c58c577c7f8cca9ff03fbe1daaa4365b1e,4218.22,162.29,17.640729012,54000,54000
b75c19c58c577c7f8cca9ff03fbe1daaa4365b1e,4184.26,160.77,17.499018666,54000,54000
b75c19c58c577c7f8cca9ff03fbe1daaa4365b1e,4186.09,160.75,17.531257379,54000,54000
b75c19c58c577c7f8cca9ff03fbe1daaa4365b1e,4176.52,160.84,17.486194782,54000,54000
b75c19c58c577c7f8cca9ff03fbe1daaa4365b1e,4163.18,159.51,17.430475979,54000,54000
b75c19c58c577c7f8cca9ff03fbe1daaa4365b1e,4187.64,161.64,17.572147759,54000,54000
b75c19c58c577c7f8cca9ff03fbe1daaa4365b1e,4164.92,160.57,17.409011103,54000,53000
b75c19c58c577c7f8cca9ff03fbe1daaa4365b1e,4174.30,160.74,17.517647068,54000,54000
b75c19c58c577c7f8cca9ff03fbe1daaa4365b1e,4203.90,161.46,17.618644175,54000,54000
b75c19c58c577c7f8cca9ff03fbe1daaa4365b1e,4154.29,159.41,17.388783063,54000,54000
b75c19c58c577c7f8cca9ff03fbe1daaa4365b1e,4163.40,159.78,17.436266491,54000,55000
b75c19c58c577c7f8cca9ff03fbe1daaa4365b1e,4215.15,161.45,17.652654386,54000,54000
b75c19c58c577c7f8cca9ff03fbe1daaa4365b1e,4229.92,162.15,17.713380046,54000,54000
b75c19c58c577c7f8cca9ff03fbe1daaa4365b1e,4303.36,164.54,18.061338084,54000,54000
b75c19c58c577c7f8cca9ff03fbe1daaa4365b1e,4236.03,163.00,17.703068037,54000,54000
b75c19c58c577c7f8cca9ff03fbe1daaa4365b1e,4202.08,161.09,17.591182463,53000,54000
b75c19c58c577c7f8cca9ff03fbe1daaa4365b1e,4162.49,159.64,17.433754388,54000,54000
b75c19c58c577c7f8cca9ff03fbe1daaa4365b1e,4159.19,160.03,17.455555709,54000,54000
b75c19c58c577c7f8cca9ff03fbe1daaa4365b1e,4192.19,161.54,17.578019450,54000,54000
b75c19c58c577c7f8cca9ff03fbe1daaa4365b1e,4213.28,161.85,17.667207723,54000,54000
b75c19c58c577c7f8cca9ff03fbe1daaa4365b1e,4190.12,161.14,17.537527695,54000,54000
b75c19c58c577c7f8cca9ff03fbe1daaa4365b1e,4177.04,160.82,17.478750968,54000,54000
b75c19c58c577c7f8cca9ff03fbe1daaa4365b1e,4180.94,160.81,17.488351467,54000,54000
b75c19c58c577c7f8cca9ff03fbe1daaa4365b1e,4209.79,162.03,17.613556696,54000,54000
b75c19c58c577c7f8cca9ff03fbe1daaa4365b1e,4156.56,160.26,17.452544954,54000,54000
b75c19c58c577c7f8cca9ff03fbe1daaa4365b1e,4177.47,160.56,17.517389315,54000,54000
b75c19c58c577c7f8cca9ff03fbe1daaa4365b1e,4201.57,161.40,17.601339002,54000,54000
0450958e7e06a4bfb28ff0abdc3ae43e7ec3a499,4190.05,161.75,17.553802673,54000,54000
0450958e7e06a4bfb28ff0abdc3ae43e7ec3a499,4173.44,160.65,17.463189229,55000,54000
0450958e7e06a4bfb28ff0abdc3ae43e7ec3a499,4171.46,160.31,17.442122629,54000,54000
0450958e7e06a4bfb28ff0abdc3ae43e7ec3a499,4166.57,160.04,17.450598103,54000,54000
0450958e7e06a4bfb28ff0abdc3ae43e7ec3a499,4224.53,162.50,17.667609402,54000,55000
0450958e7e06a4bfb28ff0abdc3ae43e7ec3a499,4187.36,160.38,17.537997551,54000,54000
0450958e7e06a4bfb28ff0abdc3ae43e7ec3a499,4223.22,162.60,17.673880193,54000,54000
0450958e7e06a4bfb28ff0abdc3ae43e7ec3a499,4256.50,163.52,17.836487112,54000,54000
0450958e7e06a4bfb28ff0abdc3ae43e7ec3a499,4201.57,161.84,17.569549511,55000,54000
0450958e7e06a4bfb28ff0abdc3ae43e7ec3a499,4197.76,161.56,17.567305415,54000,53000
0450958e7e06a4bfb28ff0abdc3ae43e7ec3a499,4150.49,159.74,17.427050960,54000,54000
0450958e7e06a4bfb28ff0abdc3ae43e7ec3a499,4168.30,160.57,17.463904092,54000,54000
0450958e7e06a4bfb28ff0abdc3ae43e7ec3a499,4180.31,160.27,17.513998725,54000,53000
0450958e7e06a4bfb28ff0abdc3ae43e7ec3a499,4191.45,160.57,17.553546330,54000,54000
0450958e7e06a4bfb28ff0abdc3ae43e7ec3a499,4166.38,159.91,17.488244644,54000,54000
0450958e7e06a4bfb28ff0abdc3ae43e7ec3a499,4178.09,161.22,17.533872931,54000,54000
0450958e7e06a4bfb28ff0abdc3ae43e7ec3a499,4193.96,160.51,17.583376634,54000,54000
0450958e7e06a4bfb28ff0abdc3ae43e7ec3a499,4159.67,159.24,17.430681196,54000,54000
0450958e7e06a4bfb28ff0abdc3ae43e7ec3a499,4183.24,160.75,17.538264054,54000,54000
0450958e7e06a4bfb28ff0abdc3ae43e7ec3a499,4173.87,160.12,17.534007741,54000,53000
0450958e7e06a4bfb28ff0abdc3ae43e7ec3a499,4188.43,160.82,17.580846171,53000,54000
0450958e7e06a4bfb28ff0abdc3ae43e7ec3a499,4297.17,164.63,18.007947656,54000,54000
0450958e7e06a4bfb28ff0abdc3ae43e7ec3a499,4225.77,161.97,17.714394148,54000,54000
0450958e7e06a4bfb28ff0abdc3ae43e7ec3a499,4174.95,160.72,17.474035935,54000,54000
0450958e7e06a4bfb28ff0abdc3ae43e7ec3a499,4171.02,160.41,17.471925914,54000,54000
0450958e7e06a4bfb28ff0abdc3ae43e7ec3a499,4179.80,161.02,17.517033774,54000,54000
0450958e7e06a4bfb28ff0abdc3ae43e7ec3a499,4154.60,159.36,17.442620829,55000,54000
0450958e7e06a4bfb28ff0abdc3ae43e7ec3a499,4205.06,161.58,17.604748074,54000,54000
0450958e7e06a4bfb28ff0abdc3ae43e7ec3a499,4158.34,159.25,17.407882832,54000,53000
0450958e7e06a4bfb28ff0abdc3ae43e7ec3a499,4185.30,160.45,17.498359535,54000,54000
5340e163c93f76e204dfa6009d35f6061870a338,4180.38,160.59,17.474679139,54000,54000
5340e163c93f76e204dfa6009d35f6061870a338,4182.30,160.55,17.516838706,54000,54000
5340e163c93f76e204dfa6009d35f6061870a338,4184.09,161.03,17.497460709,54000,54000
5340e163c93f76e204dfa6009d35f6061870a338,4168.68,159.27,17.451704437,54000,55000
5340e163c93f76e204dfa6009d35f6061870a338,4227.53,162.72,17.688576272,54000,54000
5340e163c93f76e204dfa6009d35f6061870a338,4216.85,161.94,17.655249082,54000,54000
5340e163c93f76e204dfa6009d35f6061870a338,4202.09,161.61,17.591966143,54000,54000
5340e163c93f76e204dfa6009d35f6061870a338,4146.59,159.23,17.370600486,54000,54000
5340e163c93f76e204dfa6009d35f6061870a338,4160.69,160.40,17.448242235,54000,54000
5340e163c93f76e204dfa6009d35f6061870a338,4189.49,161.04,17.529824003,54000,54000
5340e163c93f76e204dfa6009d35f6061870a338,4162.32,159.86,17.440726847,54000,54000
5340e163c93f76e204dfa6009d35f6061870a338,4235.48,162.91,17.711148494,54000,54000
5340e163c93f76e204dfa6009d35f6061870a338,4166.71,159.70,17.456569926,53000,54000
5340e163c93f76e204dfa6009d35f6061870a338,4198.02,161.72,17.575167528,54000,54000
5340e163c93f76e204dfa6009d35f6061870a338,4167.20,160.03,17.453317137,54000,54000
5340e163c93f76e204dfa6009d35f6061870a338,4163.35,160.48,17.455316482,54000,53000
5340e163c93f76e204dfa6009d35f6061870a338,4311.98,165.27,18.070876371,54000,54000
5340e163c93f76e204dfa6009d35f6061870a338,4156.38,159.57,17.420264251,54000,54000
5340e163c93f76e204dfa6009d35f6061870a338,4203.55,161.32,17.604533122,54000,54000
5340e163c93f76e204dfa6009d35f6061870a338,4203.70,162.00,17.592299412,54000,54000
5340e163c93f76e204dfa6009d35f6061870a338,4183.93,161.42,17.499331452,54000,54000
5340e163c93f76e204dfa6009d35f6061870a338,4172.28,160.47,17.501315683,54000,54000
5340e163c93f76e204dfa6009d35f6061870a338,4197.64,160.85,17.588623089,54000,54000
5340e163c93f76e204dfa6009d35f6061870a338,4185.01,160.57,17.546412533,54000,54000
5340e163c93f76e204dfa6009d35f6061870a338,4168.90,160.80,17.469898028,54000,54000
5340e163c93f76e204dfa6009d35f6061870a338,4171.10,160.30,17.467631240,54000,54000
5340e163c93f76e204dfa6009d35f6061870a338,4179.88,160.75,17.505488451,54000,54000
5340e163c93f76e204dfa6009d35f6061870a338,4145.18,158.84,17.386191291,54000,54000
5340e163c93f76e204dfa6009d35f6061870a338,4175.87,160.85,17.483484740,54000,54000
5340e163c93f76e204dfa6009d35f6061870a338,4200.48,161.15,17.589446662,54000,54000
83794646562481430b3408dafa4762f1ee85e299,4206.24,161.04,17.594164627,54000,54000
83794646562481430b3408dafa4762f1ee85e299,4210.92,162.15,17.582326091,54000,54000
83794646562481430b3408dafa4762f1ee85e299,4190.39,161.32,17.545820572,54000,54000
83794646562481430b3408dafa4762f1ee85e299,4186.15,161.02,17.523256185,54000,55000
83794646562481430b3408dafa4762f1ee85e299,4245.07,163.39,17.776752092,54000,55000
83794646562481430b3408dafa4762f1ee85e299,4237.39,162.60,17.761442455,54000,54000
83794646562481430b3408dafa4762f1ee85e299,4194.77,161.85,17.588640992,54000,54000
83794646562481430b3408dafa4762f1ee85e299,4244.41,164.41,17.733745356,54000,54000
83794646562481430b3408dafa4762f1ee85e299,4206.08,162.36,17.629140401,54000,54000
83794646562481430b3408dafa4762f1ee85e299,4177.84,160.51,17.522666892,54000,54000
83794646562481430b3408dafa4762f1ee85e299,4193.86,161.29,17.578941906,54000,54000
83794646562481430b3408dafa4762f1ee85e299,4169.86,160.26,17.470959802,54000,54000
83794646562481430b3408dafa4762f1ee85e299,4196.93,161.51,17.600243393,54000,54000
83794646562481430b3408dafa4762f1ee85e299,4167.14,159.66,17.450079948,54000,54000
83794646562481430b3408dafa4762f1ee85e299,4214.00,161.44,17.630330531,54000,54000
83794646562481430b3408dafa4762f1ee85e299,4252.74,162.86,17.820083828,54000,54000
83794646562481430b3408dafa4762f1ee85e299,4207.53,161.20,17.661313247,54000,54000
83794646562481430b3408dafa4762f1ee85e299,4204.77,161.63,17.636875864,54000,54000
83794646562481430b3408dafa4762f1ee85e299,4169.30,160.23,17.450413352,54000,54000
83794646562481430b3408dafa4762f1ee85e299,4193.73,161.43,17.596165991,54000,54000
83794646562481430b3408dafa4762f1ee85e299,4242.15,163.03,17.767926902,54000,55000
83794646562481430b3408dafa4762f1ee85e299,4193.24,161.50,17.576951592,54000,54000
83794646562481430b3408dafa4762f1ee85e299,4226.84,162.60,17.694012968,54000,54000
83794646562481430b3408dafa4762f1ee85e299,4234.36,162.54,17.752446654,54000,55000
83794646562481430b3408dafa4762f1ee85e299,4171.47,159.98,17.471000911,54000,54000
83794646562481430b3408dafa4762f1ee85e299,4177.36,160.19,17.495403083,54000,54000
83794646562481430b3408dafa4762f1ee85e299,4207.08,161.25,17.613025303,54000,54000
83794646562481430b3408dafa4762f1ee85e299,4228.33,163.11,17.715756144,54000,54000
83794646562481430b3408dafa4762f1ee85e299,4163.69,160.10,17.425110737,54000,54000
83794646562481430b3408dafa4762f1ee85e299,4258.51,163.83,17.837191874,54000,54000
0bfb5e545c4376c0b81f913cee873cfe82c33256,4269.19,164.33,17.841357421,54000,53000
0bfb5e545c4376c0b81f913cee873cfe82c33256,4212.62,161.82,17.667955498,54000,54000
0bfb5e545c4376c0b81f913cee873cfe82c33256,4153.34,159.66,17.397206453,54000,55000
0bfb5e545c4376c0b81f913cee873cfe82c33256,4229.85,162.11,17.698264312,54000,54000
0bfb5e545c4376c0b81f913cee873cfe82c33256,4200.94,160.85,17.574982065,54000,54000
0bfb5e545c4376c0b81f913cee873cfe82c33256,4172.53,160.20,17.460259190,54000,55000
0bfb5e545c4376c0b81f913cee873cfe82c33256,4182.82,160.77,17.514038561,54000,54000
0bfb5e545c4376c0b81f913cee873cfe82c33256,4191.21,161.00,17.546459757,54000,54000
0bfb5e545c4376c0b81f913cee873cfe82c33256,4192.44,161.90,17.591546880,54000,54000
0bfb5e545c4376c0b81f913cee873cfe82c33256,4168.23,160.13,17.459518428,54000,54000
0bfb5e545c4376c0b81f913cee873cfe82c33256,4184.03,160.97,17.525954508,53000,54000
0bfb5e545c4376c0b81f913cee873cfe82c33256,4214.10,161.73,17.660261867,53000,54000
0bfb5e545c4376c0b81f913cee873cfe82c33256,4230.03,163.33,17.700838879,54000,54000
0bfb5e545c4376c0b81f913cee873cfe82c33256,4198.32,161.37,17.575946523,54000,54000
0bfb5e545c4376c0b81f913cee873cfe82c33256,4209.86,161.71,17.655735662,54000,54000
0bfb5e545c4376c0b81f913cee873cfe82c33256,4177.48,161.15,17.482207491,54000,54000
0bfb5e545c4376c0b81f913cee873cfe82c33256,4186.31,160.94,17.534827325,54000,54000
0bfb5e545c4376c0b81f913cee873cfe82c33256,4244.96,162.54,17.756977124,54000,54000
0bfb5e545c4376c0b81f913cee873cfe82c33256,4323.22,165.06,18.100074767,55000,54000
0bfb5e545c4376c0b81f913cee873cfe82c33256,4227.26,162.78,17.751116724,54000,55000
0bfb5e545c4376c0b81f913cee873cfe82c33256,4191.19,160.79,17.582438973,54000,54000
0bfb5e545c4376c0b81f913cee873cfe82c33256,4209.35,161.31,17.653864625,54000,54000
0bfb5e545c4376c0b81f913cee873cfe82c33256,4185.25,160.86,17.515574912,53000,54000
0bfb5e545c4376c0b81f913cee873cfe82c33256,4163.59,159.98,17.422312803,54000,54000
0bfb5e545c4376c0b81f913cee873cfe82c33256,4209.98,162.50,17.636262562,54000,54000
0bfb5e545c4376c0b81f913cee873cfe82c33256,4184.62,159.94,17.544904626,54000,54000
0bfb5e545c4376c0b81f913cee873cfe82c33256,4158.74,158.97,17.420338735,54000,54000
0bfb5e545c4376c0b81f913cee873cfe82c33256,4191.05,160.93,17.554009048,54000,54000
0bfb5e545c4376c0b81f913cee873cfe82c33256,4175.20,160.59,17.449199111,54000,54000
0bfb5e545c4376c0b81f913cee873cfe82c33256,4218.45,161.87,17.688862511,54000,54000
7e870290e43218f5adca546572a4e54a2ce7dd6b,4211.26,161.20,17.614380260,54000,54000
7e870290e43218f5adca546572a4e54a2ce7dd6b,4213.60,161.56,17.648022630,54000,54000
7e870290e43218f5adca546572a4e54a2ce7dd6b,4221.35,162.26,17.632362670,54000,54000
7e870290e43218f5adca546572a4e54a2ce7dd6b,4221.19,162.09,17.696247148,55000,54000
7e870290e43218f5adca546572a4e54a2ce7dd6b,4225.45,162.08,17.692475625,54000,53000
7e870290e43218f5adca546572a4e54a2ce7dd6b,4194.66,160.73,17.548888512,54000,54000
7e870290e43218f5adca546572a4e54a2ce7dd6b,4193.45,161.25,17.559244432,54000,54000
7e870290e43218f5adca546572a4e54a2ce7dd6b,4207.28,162.85,17.630859574,54000,54000
7e870290e43218f5adca546572a4e54a2ce7dd6b,4222.15,162.52,17.704301040,54000,54000
7e870290e43218f5adca546572a4e54a2ce7dd6b,4171.64,160.13,17.475710519,54000,55000
7e870290e43218f5adca546572a4e54a2ce7dd6b,4185.23,160.27,17.533263441,54000,54000
7e870290e43218f5adca546572a4e54a2ce7dd6b,4214.35,162.01,17.706147001,54000,54000
7e870290e43218f5adca546572a4e54a2ce7dd6b,4197.20,161.19,17.583376987,54000,54000
7e870290e43218f5adca546572a4e54a2ce7dd6b,4218.79,161.96,17.697063482,54000,54000
7e870290e43218f5adca546572a4e54a2ce7dd6b,4247.39,162.32,17.776729445,54000,54000
7e870290e43218f5adca546572a4e54a2ce7dd6b,4292.70,164.60,17.988174733,54000,54000
7e870290e43218f5adca546572a4e54a2ce7dd6b,4248.78,163.71,17.768160561,54000,54000
7e870290e43218f5adca546572a4e54a2ce7dd6b,4193.82,161.00,17.562919729,54000,54000
7e870290e43218f5adca546572a4e54a2ce7dd6b,4205.30,161.71,17.604261355,54000,54000
7e870290e43218f5adca546572a4e54a2ce7dd6b,4181.14,161.03,17.523921813,54000,54000
7e870290e43218f5adca546572a4e54a2ce7dd6b,4178.39,160.13,17.536042684,54000,54000
7e870290e43218f5adca546572a4e54a2ce7dd6b,4188.99,160.23,17.533668594,54000,54000
7e870290e43218f5adca546572a4e54a2ce7dd6b,4238.67,163.34,17.726550032,55000,54000
7e870290e43218f5adca546572a4e54a2ce7dd6b,4207.27,161.42,17.630148505,54000,54000
7e870290e43218f5adca546572a4e54a2ce7dd6b,4200.46,161.58,17.569076188,55000,54000
7e870290e43218f5adca546572a4e54a2ce7dd6b,4211.18,161.52,17.633511218,54000,54000
7e870290e43218f5adca546572a4e54a2ce7dd6b,4234.89,162.19,17.735789775,54000,53000
7e870290e43218f5adca546572a4e54a2ce7dd6b,4207.48,160.90,17.607910984,54000,54000
7e870290e43218f5adca546572a4e54a2ce7dd6b,4192.25,160.90,17.535731213,54000,54000
7e870290e43218f5adca546572a4e54a2ce7dd6b,4249.49,162.52,17.807386847,54000,54000
634835bdb918d233776e4a9469a34561406568f3,4227.12,161.86,17.705754089,54000,54000
634835bdb918d233776e4a9469a34561406568f3,4215.81,162.39,17.663441858,54000,54000
634835bdb918d233776e4a9469a34561406568f3,4196.43,161.19,17.556039807,54000,55000
634835bdb918d233776e4a9469a34561406568f3,4184.89,161.01,17.530229475,54000,54000
634835bdb918d233776e4a9469a34561406568f3,4198.60,161.41,17.581937034,54000,54000
634835bdb918d233776e4a9469a34561406568f3,4232.77,163.34,17.708110342,53000,54000
634835bdb918d233776e4a9469a34561406568f3,4188.30,161.43,17.551755091,54000,54000
634835bdb918d233776e4a9469a34561406568f3,4237.42,162.61,17.794110577,54000,54000
634835bdb918d233776e4a9469a34561406568f3,4176.90,161.15,17.499054961,54000,54000
634835bdb918d233776e4a9469a34561406568f3,4269.09,164.18,17.868239128,54000,54000
634835bdb918d233776e4a9469a34561406568f3,4225.43,162.75,17.698980016,55000,54000
634835bdb918d233776e4a9469a34561406568f3,4190.27,161.09,17.533141112,54000,54000
634835bdb918d233776e4a9469a34561406568f3,4201.16,161.28,17.590552470,54000,54000
634835bdb918d233776e4a9469a34561406568f3,4248.45,163.41,17.829148341,54000,54000
634835bdb918d233776e4a9469a34561406568f3,4227.78,162.99,17.723360776,53000,54000
634835bdb918d233776e4a9469a34561406568f3,4232.94,162.68,17.738285664,54000,54000
634835bdb918d233776e4a9469a34561406568f3,4194.53,161.63,17.507784806,54000,54000
634835bdb918d233776e4a9469a34561406568f3,4178.72,160.53,17.516196259,54000,54000
634835bdb918d233776e4a9469a34561406568f3,4286.68,165.03,17.975141495,54000,54000
634835bdb918d233776e4a9469a34561406568f3,4210.47,161.45,17.645379538,54000,54000
634835bdb918d233776e4a9469a34561406568f3,4268.49,162.80,17.885884957,54000,54000
634835bdb918d233776e4a9469a34561406568f3,4227.25,162.53,17.707364495,53000,53000
634835bdb918d233776e4a9469a34561406568f3,4204.93,161.54,17.617603819,54000,54000
634835bdb918d233776e4a9469a34561406568f3,4172.84,160.38,17.470819357,54000,53000
634835bdb918d233776e4a9469a34561406568f3,4210.93,162.06,17.639721748,54000,54000
634835bdb918d233776e4a9469a34561406568f3,4194.44,160.50,17.562605831,54000,54000
634835bdb918d233776e4a9469a34561406568f3,4210.05,161.98,17.633537269,54000,54000
634835bdb918d233776e4a9469a34561406568f3,4206.40,161.51,17.599524633,54000,55000
634835bdb918d233776e4a9469a34561406568f3,4184.84,160.44,17.543844703,54000,54000
634835bdb918d233776e4a9469a34561406568f3,4182.64,161.07,17.508957742,53000,54000
7954cc155cc621e13b0219338a3a6e00c1c82d63,4241.83,162.84,17.712815130,54000,53000
7954cc155cc621e13b0219338a3a6e00c1c82d63,4204.95,161.10,17.591871157,54000,54000
7954cc155cc621e13b0219338a3a6e00c1c82d63,4285.52,164.92,17.954224475,54000,54000
7954cc155cc621e13b0219338a3a6e00c1c82d63,4190.56,161.09,17.531261549,54000,55000
7954cc155cc621e13b0219338a3a6e00c1c82d63,4247.80,163.37,17.791151067,54000,54000
7954cc155cc621e13b0219338a3a6e00c1c82d63,4207.36,162.33,17.644315827,55000,54000
7954cc155cc621e13b0219338a3a6e00c1c82d63,4214.89,162.64,17.617415861,54000,55000
7954cc155cc621e13b0219338a3a6e00c1c82d63,4190.09,161.00,17.550234372,54000,54000
7954cc155cc621e13b0219338a3a6e00c1c82d63,4231.75,162.31,17.719540297,53000,54000
7954cc155cc621e13b0219338a3a6e00c1c82d63,4216.26,162.09,17.642287094,54000,54000
7954cc155cc621e13b0219338a3a6e00c1c82d63,4180.59,160.52,17.509812463,54000,54000
7954cc155cc621e13b0219338a3a6e00c1c82d63,4173.89,160.14,17.506559414,54000,54000
7954cc155cc621e13b0219338a3a6e00c1c82d63,4224.32,162.33,17.709379457,54000,54000
7954cc155cc621e13b0219338a3a6e00c1c82d63,4202.16,161.85,17.622497734,54000,54000
7954cc155cc621e13b0219338a3a6e00c1c82d63,4200.58,161.61,17.592477492,54000,54000
7954cc155cc621e13b0219338a3a6e00c1c82d63,4193.74,161.07,17.597553618,54000,54000
7954cc155cc621e13b0219338a3a6e00c1c82d63,4194.01,160.75,17.545697302,54000,54000
7954cc155cc621e13b0219338a3a6e00c1c82d63,4255.56,163.40,17.815569142,54000,54000
7954cc155cc621e13b0219338a3a6e00c1c82d63,4176.80,160.70,17.496741219,54000,54000
7954cc155cc621e13b0219338a3a6e00c1c82d63,4205.87,161.26,17.634069839,54000,54000
7954cc155cc621e13b0219338a3a6e00c1c82d63,4235.84,162.63,17.759257082,54000,54000
7954cc155cc621e13b0219338a3a6e00c1c82d63,4309.09,165.09,18.054641353,53000,54000
7954cc155cc621e13b0219338a3a6e00c1c82d63,4180.84,159.97,17.504299436,54000,54000
7954cc155cc621e13b0219338a3a6e00c1c82d63,4238.21,162.65,17.764423053,54000,54000
7954cc155cc621e13b0219338a3a6e00c1c82d63,4214.59,161.78,17.631563984,54000,54000
7954cc155cc621e13b0219338a3a6e00c1c82d63,4215.87,161.77,17.659917766,55000,55000
7954cc155cc621e13b0219338a3a6e00c1c82d63,4231.17,163.12,17.713078729,54000,54000
7954cc155cc621e13b0219338a3a6e00c1c82d63,4205.49,161.47,17.586783647,54000,54000
7954cc155cc621e13b0219338a3a6e00c1c82d63,4190.04,160.63,17.529992281,54000,54000
7954cc155cc621e13b0219338a3a6e00c1c82d63,4194.56,161.13,17.557750349,54000,54000
d867629606a2dd52f395d627192f2d1938442def,4330.00,165.94,18.123234813,54000,54000
d867629606a2dd52f395d627192f2d1938442def,4337.17,167.23,18.169654723,54000,54000
d867629606a2dd52f395d627192f2d1938442def,4341.27,166.95,18.186569082,54000,55000
d867629606a2dd52f395d627192f2d1938442def,4297.52,165.47,18.018542750,54000,55000
d867629606a2dd52f395d627192f2d1938442def,4299.17,165.44,17.996828289,54000,54000
d867629606a2dd52f395d627192f2d1938442def,4285.58,164.98,17.941910426,55000,55000
d867629606a2dd52f395d627192f2d1938442def,4336.00,165.74,18.169455540,54000,54000
d867629606a2dd52f395d627192f2d1938442def,4261.44,163.37,17.846605008,54000,54000
d867629606a2dd52f395d627192f2d1938442def,4263.18,163.90,17.877450894,54000,54000
d867629606a2dd52f395d627192f2d1938442def,4273.78,164.99,17.926878237,53000,54000
d867629606a2dd52f395d627192f2d1938442def,4241.31,162.48,17.772856495,54000,54000
d867629606a2dd52f395d627192f2d1938442def,4255.34,162.73,17.834928011,54000,54000
d867629606a2dd52f395d627192f2d1938442def,4266.62,163.87,17.882644167,54000,54000
d867629606a2dd52f395d627192f2d1938442def,4297.80,164.73,18.069265728,54000,54000
d867629606a2dd52f395d627192f2d1938442def,4273.82,163.59,17.919171204,54000,54000
d867629606a2dd52f395d627192f2d1938442def,4295.88,164.42,17.997467160,54000,54000
d867629606a2dd52f395d627192f2d1938442def,4378.54,167.45,18.357508844,54000,54000
d867629606a2dd52f395d627192f2d1938442def,4318.94,165.59,18.096032517,54000,54000
d867629606a2dd52f395d627192f2d1938442def,4230.70,162.25,17.806983799,54000,54000
d867629606a2dd52f395d627192f2d1938442def,4279.21,163.89,17.937142024,54000,54000
d867629606a2dd52f395d627192f2d1938442def,4308.81,165.43,18.072570927,54000,54000
d867629606a2dd52f395d627192f2d1938442def,4296.26,164.81,17.993041627,54000,54000
d867629606a2dd52f395d627192f2d1938442def,4299.06,165.15,18.032815080,54000,54000
d867629606a2dd52f395d627192f2d1938442def,4366.73,167.96,18.271247012,54000,54000
d867629606a2dd52f395d627192f2d1938442def,4316.45,166.14,18.067990067,54000,54000
d867629606a2dd52f395d627192f2d1938442def,4319.27,166.02,18.097200967,55000,53000
d867629606a2dd52f395d627192f2d1938442def,4289.90,164.92,17.983251203,54000,54000
d867629606a2dd52f395d627192f2d1938442def,4284.47,164.68,17.985587091,54000,54000
d867629606a2dd52f395d627192f2d1938442def,4291.46,164.74,17.962476437,54000,54000
d867629606a2dd52f395d627192f2d1938442def,4279.81,163.61,17.942980057,54000,54000
fe2438bde0895e2abff81d47f154211704ebfc61,4325.04,165.36,18.087978901,54000,54000
fe2438bde0895e2abff81d47f154211704ebfc61,4269.44,163.35,17.894781388,54000,54000
fe2438bde0895e2abff81d47f154211704ebfc61,4313.01,165.72,18.058241602,54000,54000
fe2438bde0895e2abff81d47f154211704ebfc61,4253.07,163.02,17.824453457,54000,54000
fe2438bde0895e2abff81d47f154211704ebfc61,4300.15,165.53,17.997079159,53000,54000
fe2438bde0895e2abff81d47f154211704ebfc61,4314.84,166.02,18.069646433,54000,54000
fe2438bde0895e2abff81d47f154211704ebfc61,4332.93,166.95,18.219758414,54000,55000
fe2438bde0895e2abff81d47f154211704ebfc61,4351.00,167.85,18.229010009,54000,54000
fe2438bde0895e2abff81d47f154211704ebfc61,4301.97,165.88,18.048250740,54000,54000
fe2438bde0895e2abff81d47f154211704ebfc61,4231.46,162.94,17.758470593,54000,55000
fe2438bde0895e2abff81d47f154211704ebfc61,4266.32,163.95,17.880956666,54000,54000
fe2438bde0895e2abff81d47f154211704ebfc61,4307.99,166.10,18.038740955,54000,54000
fe2438bde0895e2abff81d47f154211704ebfc61,4258.26,163.45,17.844106913,54000,54000
fe2438bde0895e2abff81d47f154211704ebfc61,4297.68,164.88,18.018301540,54000,54000
fe2438bde0895e2abff81d47f154211704ebfc61,4285.42,164.49,17.969218974,54000,54000
fe2438bde0895e2abff81d47f154211704ebfc61,4298.27,165.57,18.039025277,54000,54000
fe2438bde0895e2abff81d47f154211704ebfc61,4286.25,163.94,17.985814342,53000,54000
fe2438bde0895e2abff81d47f154211704ebfc61,4260.93,164.03,17.845165552,54000,54000
fe2438bde0895e2abff81d47f154211704ebfc61,4283.56,163.96,17.944246874,54000,54000
fe2438bde0895e2abff81d47f154211704ebfc61,4404.53,168.12,18.472562258,54000,54000
fe2438bde0895e2abff81d47f154211704ebfc61,4304.49,165.13,18.092196657,54000,54000
fe2438bde0895e2abff81d47f154211704ebfc61,4277.74,164.09,17.934547126,53000,54000
fe2438bde0895e2abff81d47f154211704ebfc61,4264.15,163.28,17.872107717,54000,54000
fe2438bde0895e2abff81d47f154211704ebfc61,4257.70,163.33,17.853721837,54000,54000
fe2438bde0895e2abff81d47f154211704ebfc61,4313.61,165.40,18.076187391,54000,54000
fe2438bde0895e2abff81d47f154211704ebfc61,4328.95,166.28,18.142259300,54000,54000
fe2438bde0895e2abff81d47f154211704ebfc61,4302.07,165.43,18.039065834,54000,54000
fe2438bde0895e2abff81d47f154211704ebfc61,4310.36,165.63,18.111414682,54000,53000
fe2438bde0895e2abff81d47f154211704ebfc61,4324.19,166.52,18.151185096,54000,54000
fe2438bde0895e2abff81d47f154211704ebfc61,4297.58,164.85,18.028695488,54000,54000
efe5272687870780d411644d8615722e9830c244,4300.21,164.42,17.981584581,53000,54000
efe5272687870780d411644d8615722e9830c244,4266.79,164.32,17.870103394,54000,54000
efe5272687870780d411644d8615722e9830c244,4304.69,165.62,18.028683568,54000,54000
efe5272687870780d411644d8615722e9830c244,4294.89,164.12,17.997336979,54000,54000
efe5272687870780d411644d8615722e9830c244,4372.36,168.18,18.334453464,54000,54000
efe5272687870780d411644d8615722e9830c244,4280.53,164.08,17.931922461,54000,55000
efe5272687870780d411644d8615722e9830c244,4312.04,166.21,18.058695536,54000,54000
efe5272687870780d411644d8615722e9830c244,4304.51,165.45,18.030287639,54000,55000
efe5272687870780d411644d8615722e9830c244,4269.01,164.25,17.884066663,54000,54000
efe5272687870780d411644d8615722e9830c244,4360.31,168.06,18.240226235,54000,54000
efe5272687870780d411644d8615722e9830c244,4360.46,167.21,18.271663413,54000,55000
efe5272687870780d411644d8615722e9830c244,4268.23,164.30,17.898099220,54000,54000
efe5272687870780d411644d8615722e9830c244,4341.54,166.81,18.178923026,54000,54000
efe5272687870780d411644d8615722e9830c244,4281.75,163.86,17.967512398,54000,54000
efe5272687870780d411644d8615722e9830c244,4313.35,165.81,18.082818261,54000,53000
efe5272687870780d411644d8615722e9830c244,4283.68,164.18,17.947978005,54000,54000
efe5272687870780d411644d8615722e9830c244,4285.64,164.83,17.980266441,54000,54000
efe5272687870780d411644d8615722e9830c244,4328.39,166.78,18.132869363,54000,54000
efe5272687870780d411644d8615722e9830c244,4385.00,168.15,18.374149016,54000,54000
efe5272687870780d411644d8615722e9830c244,4284.01,165.05,17.997973703,54000,54000
efe5272687870780d411644d8615722e9830c244,4290.47,164.88,17.981639529,54000,54000
efe5272687870780d411644d8615722e9830c244,4336.74,166.92,18.164170255,54000,54000
efe5272687870780d411644d8615722e9830c244,4287.20,165.04,17.927033959,53000,54000
efe5272687870780d411644d8615722e9830c244,4295.33,164.76,18.000748914,54000,54000
efe5272687870780d411644d8615722e9830c244,4282.97,164.26,17.955529847,54000,54000
efe5272687870780d411644d8615722e9830c244,4299.10,165.11,17.996900759,54000,54000
efe5272687870780d411644d8615722e9830c244,4282.29,164.08,17.930453603,54000,54000
efe5272687870780d411644d8615722e9830c244,4255.75,163.21,17.855525881,54000,54000
efe5272687870780d411644d8615722e9830c244,4341.17,166.06,18.187380817,54000,54000
efe5272687870780d411644d8615722e9830c244,4274.99,164.56,17.906864693,54000,54000
7af0d7d8daf5c555cd65b202664a2c970be4479e,4301.54,164.98,17.985557160,54000,54000
7af0d7d8daf5c555cd65b202664a2c970be4479e,4343.44,166.01,18.186338255,54000,54000
7af0d7d8daf5c555cd65b202664a2c970be4479e,4269.54,163.63,17.900456827,54000,54000
7af0d7d8daf5c555cd65b202664a2c970be4479e,4305.55,165.57,18.020686437,54000,54000
7af0d7d8daf5c555cd65b202664a2c970be4479e,4313.54,166.11,18.066999523,54000,55000
7af0d7d8daf5c555cd65b202664a2c970be4479e,4273.43,164.04,17.895935843,54000,54000
7af0d7d8daf5c555cd65b202664a2c970be4479e,4299.06,165.05,18.029241438,54000,54000
7af0d7d8daf5c555cd65b202664a2c970be4479e,4296.14,165.29,18.004662938,54000,54000
7af0d7d8daf5c555cd65b202664a2c970be4479e,4310.89,165.58,18.081461552,54000,54000
7af0d7d8daf5c555cd65b202664a2c970be4479e,4289.78,164.57,17.979311808,54000,54000
7af0d7d8daf5c555cd65b202664a2c970be4479e,4281.38,164.10,17.970918335,54000,54000
7af0d7d8daf5c555cd65b202664a2c970be4479e,4307.96,166.04,18.017978979,54000,54000
7af0d7d8daf5c555cd65b202664a2c970be4479e,4335.20,166.65,18.156776064,54000,54000
7af0d7d8daf5c555cd65b202664a2c970be4479e,4286.30,164.94,17.992688869,54000,54000
7af0d7d8daf5c555cd65b202664a2c970be4479e,4272.55,163.53,17.899403968,54000,54000
7af0d7d8daf5c555cd65b202664a2c970be4479e,4362.71,166.75,18.305395270,54000,54000
7af0d7d8daf5c555cd65b202664a2c970be4479e,4246.70,162.37,17.786682522,54000,53000
7af0d7d8daf5c555cd65b202664a2c970be4479e,4293.03,164.22,17.954262049,54000,54000
7af0d7d8daf5c555cd65b202664a2c970be4479e,4351.98,166.73,18.305004105,54000,53000
7af0d7d8daf5c555cd65b202664a2c970be4479e,4286.20,164.41,17.965706192,54000,54000
7af0d7d8daf5c555cd65b202664a2c970be4479e,4283.59,164.35,17.962312174,54000,54000
7af0d7d8daf5c555cd65b202664a2c970be4479e,4297.21,165.03,18.027873456,54000,55000
7af0d7d8daf5c555cd65b202664a2c970be4479e,4313.40,165.72,18.088889045,54000,54000
7af0d7d8daf5c555cd65b202664a2c970be4479e,4326.52,166.07,18.128118909,54000,54000
7af0d7d8daf5c555cd65b202664a2c970be4479e,4307.68,165.63,18.079034929,54000,54000
7af0d7d8daf5c555cd65b202664a2c970be4479e,4324.48,165.75,18.138460095,54000,54000
7af0d7d8daf5c555cd65b202664a2c970be4479e,4373.31,168.25,18.331227703,54000,54000
7af0d7d8daf5c555cd65b202664a2c970be4479e,4312.29,165.49,18.086294702,54000,54000
7af0d7d8daf5c555cd65b202664a2c970be4479e,4298.07,164.91,17.982326156,54000,54000
7af0d7d8daf5c555cd65b202664a2c970be4479e,4276.90,164.38,17.934009344,54000,54000
