commit,energy-pkg,energy-ram,seconds,temp_before,temp_after
7a4785c0e918410f8e19293e9e1543a25490902e,1375.67,54.09,5.615009926,54000,53000
7a4785c0e918410f8e19293e9e1543a25490902e,1364.62,53.71,5.559320985,54000,53000
7a4785c0e918410f8e19293e9e1543a25490902e,1367.39,53.74,5.572929086,54000,54000
7a4785c0e918410f8e19293e9e1543a25490902e,1363.09,53.54,5.563435143,54000,54000
7a4785c0e918410f8e19293e9e1543a25490902e,1383.27,54.34,5.621358774,54000,54000
7a4785c0e918410f8e19293e9e1543a25490902e,1383.38,54.47,5.619445902,54000,54000
7a4785c0e918410f8e19293e9e1543a25490902e,1401.31,55.18,5.712054201,53000,54000
7a4785c0e918410f8e19293e9e1543a25490902e,1374.20,53.82,5.583366584,54000,54000
7a4785c0e918410f8e19293e9e1543a25490902e,1377.09,53.95,5.606867075,54000,54000
7a4785c0e918410f8e19293e9e1543a25490902e,1376.92,54.02,5.605885357,54000,54000
7a4785c0e918410f8e19293e9e1543a25490902e,1397.75,54.99,5.680665863,53000,54000
7a4785c0e918410f8e19293e9e1543a25490902e,1367.86,53.79,5.571471896,54000,54000
7a4785c0e918410f8e19293e9e1543a25490902e,1381.20,54.34,5.612989676,54000,53000
7a4785c0e918410f8e19293e9e1543a25490902e,1377.40,53.66,5.599470605,54000,54000
7a4785c0e918410f8e19293e9e1543a25490902e,1369.63,53.59,5.592148399,54000,54000
7a4785c0e918410f8e19293e9e1543a25490902e,1387.78,54.83,5.649877126,54000,54000
7a4785c0e918410f8e19293e9e1543a25490902e,1383.72,54.36,5.622477024,54000,54000
7a4785c0e918410f8e19293e9e1543a25490902e,1382.46,54.23,5.636078720,54000,54000
7a4785c0e918410f8e19293e9e1543a25490902e,1374.53,53.94,5.606954005,53000,53000
7a4785c0e918410f8e19293e9e1543a25490902e,1390.78,54.79,5.660939509,54000,54000
7a4785c0e918410f8e19293e9e1543a25490902e,1392.25,54.83,5.672667235,53000,53000
7a4785c0e918410f8e19293e9e1543a25490902e,1371.66,54.09,5.578932205,54000,54000
7a4785c0e918410f8e19293e9e1543a25490902e,1396.80,55.09,5.673615707,54000,54000
7a4785c0e918410f8e19293e9e1543a25490902e,1384.50,54.28,5.637823334,54000,54000
7a4785c0e918410f8e19293e9e1543a25490902e,1391.45,54.80,5.663706251,54000,53000
7a4785c0e918410f8e19293e9e1543a25490902e,1377.54,54.17,5.584384895,54000,54000
7a4785c0e918410f8e19293e9e1543a25490902e,1361.18,53.73,5.533851578,54000,54000
7a4785c0e918410f8e19293e9e1543a25490902e,1389.82,54.73,5.650261724,54000,54000
7a4785c0e918410f8e19293e9e1543a25490902e,1383.65,54.50,5.614951089,54000,53000
7a4785c0e918410f8e19293e9e1543a25490902e,1383.39,54.41,5.625113152,54000,54000
c162c333d1ed9bf56ddbbe940aa47b24928e1188,1432.75,56.14,5.814182150,55000,54000
c162c333d1ed9bf56ddbbe940aa47b24928e1188,1380.54,54.30,5.589878710,54000,55000
c162c333d1ed9bf56ddbbe940aa47b24928e1188,1411.81,55.44,5.722495279,54000,54000
c162c333d1ed9bf56ddbbe940aa47b24928e1188,1395.46,54.47,5.664604705,55000,55000
c162c333d1ed9bf56ddbbe940aa47b24928e1188,1390.02,54.60,5.613285112,55000,54000
c162c333d1ed9bf56ddbbe940aa47b24928e1188,1408.23,55.29,5.697184787,54000,54000
c162c333d1ed9bf56ddbbe940aa47b24928e1188,1388.48,54.39,5.619829172,54000,54000
c162c333d1ed9bf56ddbbe940aa47b24928e1188,1390.52,54.31,5.632810888,55000,55000
c162c333d1ed9bf56ddbbe940aa47b24928e1188,1397.30,54.56,5.657374721,54000,55000
c162c333d1ed9bf56ddbbe940aa47b24928e1188,1400.90,54.83,5.666081220,54000,54000
c162c333d1ed9bf56ddbbe940aa47b24928e1188,1383.00,54.18,5.584749010,55000,54000
c162c333d1ed9bf56ddbbe940aa47b24928e1188,1378.32,53.69,5.577283073,54000,54000
c162c333d1ed9bf56ddbbe940aa47b24928e1188,1384.07,54.12,5.595816194,55000,54000
c162c333d1ed9bf56ddbbe940aa47b24928e1188,1373.47,53.70,5.554645093,54000,54000
c162c333d1ed9bf56ddbbe940aa47b24928e1188,1395.83,54.49,5.637068569,56000,54000
c162c333d1ed9bf56ddbbe940aa47b24928e1188,1392.18,54.42,5.622844695,54000,56000
c162c333d1ed9bf56ddbbe940aa47b24928e1188,1389.05,54.28,5.617801003,55000,55000
c162c333d1ed9bf56ddbbe940aa47b24928e1188,1416.35,55.51,5.733295934,56000,54000
c162c333d1ed9bf56ddbbe940aa47b24928e1188,1371.33,53.85,5.544028509,55000,54000
c162c333d1ed9bf56ddbbe940aa47b24928e1188,1406.38,55.27,5.677345434,55000,54000
c162c333d1ed9bf56ddbbe940aa47b24928e1188,1393.27,54.35,5.628407737,54000,54000
c162c333d1ed9bf56ddbbe940aa47b24928e1188,1383.30,53.96,5.590052750,55000,54000
c162c333d1ed9bf56ddbbe940aa47b24928e1188,1379.97,53.95,5.581773737,54000,54000
c162c333d1ed9bf56ddbbe940aa47b24928e1188,1383.68,54.13,5.581801623,54000,54000
c162c333d1ed9bf56ddbbe940aa47b24928e1188,1391.43,54.41,5.624975838,54000,54000
c162c333d1ed9bf56ddbbe940aa47b24928e1188,1393.05,54.47,5.633778652,55000,54000
c162c333d1ed9bf56ddbbe940aa47b24928e1188,1378.80,53.80,5.572846049,54000,54000
c162c333d1ed9bf56ddbbe940aa47b24928e1188,1395.98,54.58,5.631881651,55000,56000
c162c333d1ed9bf56ddbbe940aa47b24928e1188,1396.05,54.75,5.643844648,54000,55000
c162c333d1ed9bf56ddbbe940aa47b24928e1188,1405.96,55.04,5.680459284,55000,55000
81709c3a3ba89ce8796c91b876a284a062eb763f,1395.96,54.73,5.642373451,55000,54000
81709c3a3ba89ce8796c91b876a284a062eb763f,1388.72,54.49,5.606577109,54000,55000
81709c3a3ba89ce8796c91b876a284a062eb763f,1416.64,55.39,5.737623542,54000,55000
81709c3a3ba89ce8796c91b876a284a062eb763f,1395.09,54.49,5.646163711,55000,54000
81709c3a3ba89ce8796c91b876a284a062eb763f,1398.77,54.51,5.661276650,54000,54000
81709c3a3ba89ce8796c91b876a284a062eb763f,1388.69,54.18,5.614768342,54000,54000
81709c3a3ba89ce8796c91b876a284a062eb763f,1407.75,54.98,5.699854152,55000,55000
81709c3a3ba89ce8796c91b876a284a062eb763f,1371.72,53.57,5.551637419,54000,54000
81709c3a3ba89ce8796c91b876a284a062eb763f,1422.06,55.75,5.752648803,54000,54000
81709c3a3ba89ce8796c91b876a284a062eb763f,1390.16,54.32,5.612167284,55000,54000
81709c3a3ba89ce8796c91b876a284a062eb763f,1389.78,54.41,5.620581478,54000,54000
81709c3a3ba89ce8796c91b876a284a062eb763f,1384.25,54.00,5.604684080,55000,55000
81709c3a3ba89ce8796c91b876a284a062eb763f,1404.15,55.13,5.679142189,55000,54000
81709c3a3ba89ce8796c91b876a284a062eb763f,1389.40,54.43,5.620122698,55000,54000
81709c3a3ba89ce8796c91b876a284a062eb763f,1392.75,54.43,5.631264794,55000,54000
81709c3a3ba89ce8796c91b876a284a062eb763f,1395.32,54.57,5.648248510,55000,54000
81709c3a3ba89ce8796c91b876a284a062eb763f,1389.59,54.49,5.611542234,54000,55000
81709c3a3ba89ce8796c91b876a284a062eb763f,1421.41,55.71,5.747923534,54000,54000
81709c3a3ba89ce8796c91b876a284a062eb763f,1386.19,54.38,5.597061144,55000,54000
81709c3a3ba89ce8796c91b876a284a062eb763f,1386.20,54.23,5.596332579,55000,54000
81709c3a3ba89ce8796c91b876a284a062eb763f,1401.93,54.74,5.662704187,54000,55000
81709c3a3ba89ce8796c91b876a284a062eb763f,1390.57,54.36,5.611584030,54000,54000
81709c3a3ba89ce8796c91b876a284a062eb763f,1378.86,53.96,5.571271905,55000,55000
81709c3a3ba89ce8796c91b876a284a062eb763f,1403.57,54.79,5.679827180,55000,54000
81709c3a3ba89ce8796c91b876a284a062eb763f,1385.04,54.25,5.606311741,54000,55000
81709c3a3ba89ce8796c91b876a284a062eb763f,1381.80,54.07,5.583783316,54000,55000
81709c3a3ba89ce8796c91b876a284a062eb763f,1427.98,55.90,5.773768754,55000,54000
81709c3a3ba89ce8796c91b876a284a062eb763f,1420.68,55.88,5.746612648,55000,56000
81709c3a3ba89ce8796c91b876a284a062eb763f,1380.30,53.80,5.582568512,55000,55000
81709c3a3ba89ce8796c91b876a284a062eb763f,1395.36,54.79,5.649937559,55000,55000
3a7d98e5ec177a6030635f55c9d51600de0b91dc,1019.81,39.58,4.160179534,55000,56000
3a7d98e5ec177a6030635f55c9d51600de0b91dc,1022.43,39.50,4.174216477,54000,55000
3a7d98e5ec177a6030635f55c9d51600de0b91dc,1025.06,39.85,4.176516099,55000,55000
3a7d98e5ec177a6030635f55c9d51600de0b91dc,1027.23,39.84,4.179334814,55000,55000
3a7d98e5ec177a6030635f55c9d51600de0b91dc,1015.20,39.37,4.141346925,54000,55000
3a7d98e5ec177a6030635f55c9d51600de0b91dc,1022.34,39.56,4.164308772,54000,54000
3a7d98e5ec177a6030635f55c9d51600de0b91dc,1017.56,39.43,4.143728668,55000,55000
3a7d98e5ec177a6030635f55c9d51600de0b91dc,1035.07,40.17,4.224444194,54000,54000
3a7d98e5ec177a6030635f55c9d51600de0b91dc,1030.78,40.01,4.197802466,54000,54000
3a7d98e5ec177a6030635f55c9d51600de0b91dc,1036.13,40.24,4.212903597,54000,54000
3a7d98e5ec177a6030635f55c9d51600de0b91dc,1035.92,40.16,4.218861272,55000,54000
3a7d98e5ec177a6030635f55c9d51600de0b91dc,1031.86,40.17,4.208392098,54000,54000
3a7d98e5ec177a6030635f55c9d51600de0b91dc,1012.23,39.19,4.128989222,55000,54000
3a7d98e5ec177a6030635f55c9d51600de0b91dc,1015.69,39.25,4.142416736,55000,54000
3a7d98e5ec177a6030635f55c9d51600de0b91dc,1015.17,39.18,4.146001138,54000,54000
3a7d98e5ec177a6030635f55c9d51600de0b91dc,1012.56,39.33,4.132792246,55000,54000
3a7d98e5ec177a6030635f55c9d51600de0b91dc,1021.26,39.76,4.161644271,54000,55000
3a7d98e5ec177a6030635f55c9d51600de0b91dc,1023.32,39.73,4.167611746,55000,54000
3a7d98e5ec177a6030635f55c9d51600de0b91dc,1024.92,39.64,4.177259888,55000,54000
3a7d98e5ec177a6030635f55c9d51600de0b91dc,1017.23,39.46,4.145955065,54000,54000
3a7d98e5ec177a6030635f55c9d51600de0b91dc,1013.41,39.24,4.130595646,54000,54000
3a7d98e5ec177a6030635f55c9d51600de0b91dc,1034.68,40.07,4.212205208,56000,55000
3a7d98e5ec177a6030635f55c9d51600de0b91dc,1030.82,39.87,4.193540145,55000,55000
3a7d98e5ec177a6030635f55c9d51600de0b91dc,1035.13,40.05,4.218212624,54000,54000
3a7d98e5ec177a6030635f55c9d51600de0b91dc,1017.45,39.36,4.147037464,54000,54000
3a7d98e5ec177a6030635f55c9d51600de0b91dc,1026.50,39.81,4.183429841,55000,56000
3a7d98e5ec177a6030635f55c9d51600de0b91dc,1027.87,39.82,4.190522530,54000,54000
3a7d98e5ec177a6030635f55c9d51600de0b91dc,1023.58,39.78,4.175111102,55000,54000
3a7d98e5ec177a6030635f55c9d51600de0b91dc,1017.68,39.48,4.150383299,55000,54000
3a7d98e5ec177a6030635f55c9d51600de0b91dc,1011.58,39.30,4.125031889,54000,54000
a6ee0737b95d9ba16a2a433a515100499ce8b69c,1023.53,39.63,4.190896965,54000,54000
a6ee0737b95d9ba16a2a433a515100499ce8b69c,1007.86,39.23,4.133871106,54000,54000
a6ee0737b95d9ba16a2a433a515100499ce8b69c,1009.96,39.14,4.134983026,54000,54000
a6ee0737b95d9ba16a2a433a515100499ce8b69c,1010.79,39.33,4.139378798,54000,54000
a6ee0737b95d9ba16a2a433a515100499ce8b69c,1014.44,39.37,4.142372207,54000,55000
a6ee0737b95d9ba16a2a433a515100499ce8b69c,1023.35,39.66,4.174869690,54000,54000
a6ee0737b95d9ba16a2a433a515100499ce8b69c,1020.81,39.55,4.175799232,54000,54000
a6ee0737b95d9ba16a2a433a515100499ce8b69c,1011.64,39.24,4.132086247,54000,54000
a6ee0737b95d9ba16a2a433a515100499ce8b69c,1023.58,39.71,4.186629129,55000,55000
a6ee0737b95d9ba16a2a433a515100499ce8b69c,1017.36,39.63,4.157358082,54000,55000
a6ee0737b95d9ba16a2a433a515100499ce8b69c,1026.38,39.99,4.188809553,55000,54000
a6ee0737b95d9ba16a2a433a515100499ce8b69c,1024.72,39.70,4.185718859,54000,54000
a6ee0737b95d9ba16a2a433a515100499ce8b69c,1006.98,38.97,4.122881813,54000,54000
a6ee0737b95d9ba16a2a433a515100499ce8b69c,1019.53,39.50,4.164680153,54000,54000
a6ee0737b95d9ba16a2a433a515100499ce8b69c,1009.35,39.24,4.125222874,55000,54000
a6ee0737b95d9ba16a2a433a515100499ce8b69c,1013.74,39.32,4.135247476,55000,55000
a6ee0737b95d9ba16a2a433a515100499ce8b69c,1035.47,40.14,4.223282754,54000,55000
a6ee0737b95d9ba16a2a433a515100499ce8b69c,1015.35,39.50,4.151399615,56000,54000
a6ee0737b95d9ba16a2a433a515100499ce8b69c,1008.39,39.15,4.121454503,54000,54000
a6ee0737b95d9ba16a2a433a515100499ce8b69c,1026.53,39.94,4.195903661,54000,55000
a6ee0737b95d9ba16a2a433a515100499ce8b69c,1030.19,40.01,4.207924172,54000,54000
a6ee0737b95d9ba16a2a433a515100499ce8b69c,1016.70,39.50,4.159598833,55000,55000
a6ee0737b95d9ba16a2a433a515100499ce8b69c,1023.65,39.93,4.184209514,54000,54000
a6ee0737b95d9ba16a2a433a515100499ce8b69c,1023.30,39.67,4.181041295,54000,54000
a6ee0737b95d9ba16a2a433a515100499ce8b69c,1008.34,39.16,4.120574364,54000,55000
a6ee0737b95d9ba16a2a433a515100499ce8b69c,1027.27,39.82,4.188809035,55000,55000
a6ee0737b95d9ba16a2a433a515100499ce8b69c,1011.55,39.06,4.132434739,55000,54000
a6ee0737b95d9ba16a2a433a515100499ce8b69c,1032.28,40.15,4.217106671,55000,56000
a6ee0737b95d9ba16a2a433a515100499ce8b69c,1005.93,39.16,4.112640046,55000,55000
a6ee0737b95d9ba16a2a433a515100499ce8b69c,1014.68,39.48,4.149057383,54000,55000
e49a77475628405cdee19941155fc1ce0eba9888,1004.91,38.95,4.114131724,54000,54000
e49a77475628405cdee19941155fc1ce0eba9888,1035.77,40.50,4.218525237,54000,55000
e49a77475628405cdee19941155fc1ce0eba9888,1029.01,40.09,4.196583940,55000,54000
e49a77475628405cdee19941155fc1ce0eba9888,1019.18,39.73,4.160715686,54000,54000
e49a77475628405cdee19941155fc1ce0eba9888,1021.38,39.69,4.175609544,54000,54000
e49a77475628405cdee19941155fc1ce0eba9888,1023.01,39.70,4.185928240,54000,54000
e49a77475628405cdee19941155fc1ce0eba9888,1020.66,39.56,4.182010237,54000,54000
e49a77475628405cdee19941155fc1ce0eba9888,1017.99,39.46,4.159378551,54000,54000
e49a77475628405cdee19941155fc1ce0eba9888,1026.10,39.78,4.196377077,54000,54000
e49a77475628405cdee19941155fc1ce0eba9888,1015.09,39.30,4.156067238,54000,54000
e49a77475628405cdee19941155fc1ce0eba9888,1014.57,39.44,4.158891814,54000,54000
e49a77475628405cdee19941155fc1ce0eba9888,1021.01,39.58,4.187324869,55000,54000
e49a77475628405cdee19941155fc1ce0eba9888,1017.31,39.57,4.169030627,54000,55000
e49a77475628405cdee19941155fc1ce0eba9888,1017.37,39.57,4.169170868,54000,54000
e49a77475628405cdee19941155fc1ce0eba9888,1016.71,39.50,4.153747318,54000,54000
e49a77475628405cdee19941155fc1ce0eba9888,1014.64,39.43,4.155033006,54000,54000
e49a77475628405cdee19941155fc1ce0eba9888,1006.27,39.01,4.120646495,54000,54000
e49a77475628405cdee19941155fc1ce0eba9888,1015.83,39.59,4.155103679,56000,54000
e49a77475628405cdee19941155fc1ce0eba9888,1023.61,39.92,4.188014763,54000,54000
e49a77475628405cdee19941155fc1ce0eba9888,1016.52,39.54,4.160161108,54000,54000
e49a77475628405cdee19941155fc1ce0eba9888,1007.09,39.29,4.125469718,54000,55000
e49a77475628405cdee19941155fc1ce0eba9888,1036.54,40.32,4.228277067,54000,54000
e49a77475628405cdee19941155fc1ce0eba9888,1016.83,39.56,4.159027248,54000,54000
e49a77475628405cdee19941155fc1ce0eba9888,1021.83,39.75,4.182546107,55000,54000
e49a77475628405cdee19941155fc1ce0eba9888,1034.13,40.16,4.236049697,54000,54000
e49a77475628405cdee19941155fc1ce0eba9888,1006.72,39.13,4.119363282,54000,54000
e49a77475628405cdee19941155fc1ce0eba9888,1016.42,39.57,4.162877765,54000,54000
e49a77475628405cdee19941155fc1ce0eba9888,1021.60,39.84,4.181866100,54000,53000
e49a77475628405cdee19941155fc1ce0eba9888,1015.88,39.43,4.159594992,54000,54000
e49a77475628405cdee19941155fc1ce0eba9888,1011.13,39.22,4.136258275,54000,54000
e780411c2adf319fb64f002a1b301af7124c9469,1020.11,39.47,4.153316750,54000,55000
e780411c2adf319fb64f002a1b301af7124c9469,1022.47,39.43,4.167003805,55000,54000
e780411c2adf319fb64f002a1b301af7124c9469,1028.93,39.81,4.190008402,55000,54000
e780411c2adf319fb64f002a1b301af7124c9469,1015.98,39.27,4.139962772,54000,54000
e780411c2adf319fb64f002a1b301af7124c9469,1015.27,39.22,4.139323416,54000,54000
e780411c2adf319fb64f002a1b301af7124c9469,1012.97,39.07,4.131816607,55000,54000
e780411c2adf319fb64f002a1b301af7124c9469,1021.50,39.46,4.166203383,54000,55000
e780411c2adf319fb64f002a1b301af7124c9469,1007.11,38.86,4.108803263,55000,54000
e780411c2adf319fb64f002a1b301af7124c9469,1027.92,39.53,4.194815874,54000,54000
e780411c2adf319fb64f002a1b301af7124c9469,1018.29,39.49,4.147925647,54000,54000
e780411c2adf319fb64f002a1b301af7124c9469,1021.39,39.50,4.164877456,54000,54000
e780411c2adf319fb64f002a1b301af7124c9469,1023.27,39.68,4.172174469,55000,54000
e780411c2adf319fb64f002a1b301af7124c9469,1031.52,39.89,4.208236381,55000,55000
e780411c2adf319fb64f002a1b301af7124c9469,1024.02,39.78,4.169131350,56000,54000
e780411c2adf319fb64f002a1b301af7124c9469,1011.82,39.10,4.127182163,55000,55000
e780411c2adf319fb64f002a1b301af7124c9469,1016.55,39.37,4.143408756,54000,54000
e780411c2adf319fb64f002a1b301af7124c9469,1014.62,39.29,4.134752036,55000,54000
e780411c2adf319fb64f002a1b301af7124c9469,1017.82,39.50,4.156792237,55000,54000
e780411c2adf319fb64f002a1b301af7124c9469,1024.43,39.77,4.176079957,54000,55000
e780411c2adf319fb64f002a1b301af7124c9469,1015.83,39.27,4.139983153,54000,55000
e780411c2adf319fb64f002a1b301af7124c9469,1036.33,39.99,4.220890391,54000,55000
e780411c2adf319fb64f002a1b301af7124c9469,1037.13,40.30,4.222501610,54000,55000
e780411c2adf319fb64f002a1b301af7124c9469,1021.01,39.51,4.156630543,55000,56000
e780411c2adf319fb64f002a1b301af7124c9469,1036.13,40.26,4.219574208,55000,54000
e780411c2adf319fb64f002a1b301af7124c9469,1018.48,39.39,4.155516583,55000,56000
e780411c2adf319fb64f002a1b301af7124c9469,1019.81,39.55,4.163061670,55000,55000
e780411c2adf319fb64f002a1b301af7124c9469,1017.85,39.44,4.149821832,55000,55000
e780411c2adf319fb64f002a1b301af7124c9469,1022.24,39.51,4.165083941,55000,55000
e780411c2adf319fb64f002a1b301af7124c9469,1018.38,39.40,4.149665114,55000,55000
e780411c2adf319fb64f002a1b301af7124c9469,1012.63,39.23,4.123123979,55000,55000
f10cc5622be29b643baf311f57cfa68d958f67a4,1456.68,57.01,5.903733246,54000,54000
f10cc5622be29b643baf311f57cfa68d958f67a4,1467.81,57.30,5.948818148,55000,56000
f10cc5622be29b643baf311f57cfa68d958f67a4,1449.50,56.76,5.866042012,54000,55000
f10cc5622be29b643baf311f57cfa68d958f67a4,1452.22,56.71,5.882056148,54000,54000
f10cc5622be29b643baf311f57cfa68d958f67a4,1478.40,57.94,5.989666370,55000,54000
f10cc5622be29b643baf311f57cfa68d958f67a4,1448.85,56.74,5.871216074,55000,55000
f10cc5622be29b643baf311f57cfa68d958f67a4,1443.76,56.33,5.853126489,55000,55000
f10cc5622be29b643baf311f57cfa68d958f67a4,1445.29,56.70,5.858715763,54000,54000
f10cc5622be29b643baf311f57cfa68d958f67a4,1466.76,57.64,5.946198178,54000,55000
f10cc5622be29b643baf311f57cfa68d958f67a4,1444.25,56.53,5.857319738,54000,54000
f10cc5622be29b643baf311f57cfa68d958f67a4,1438.27,56.36,5.821476997,54000,54000
f10cc5622be29b643baf311f57cfa68d958f67a4,1445.94,56.58,5.866499311,54000,55000
f10cc5622be29b643baf311f57cfa68d958f67a4,1444.88,56.54,5.854314677,54000,54000
f10cc5622be29b643baf311f57cfa68d958f67a4,1485.69,58.13,6.026850560,54000,54000
f10cc5622be29b643baf311f57cfa68d958f67a4,1457.68,57.01,5.914703166,54000,54000
f10cc5622be29b643baf311f57cfa68d958f67a4,1445.01,56.69,5.858640799,54000,54000
f10cc5622be29b643baf311f57cfa68d958f67a4,1449.48,56.62,5.883882443,55000,55000
f10cc5622be29b643baf311f57cfa68d958f67a4,1455.39,57.06,5.905984913,54000,54000
f10cc5622be29b643baf311f57cfa68d958f67a4,1476.64,57.82,5.996553391,55000,55000
f10cc5622be29b643baf311f57cfa68d958f67a4,1459.37,57.33,5.900498786,54000,54000
f10cc5622be29b643baf311f57cfa68d958f67a4,1456.75,57.35,5.880817124,54000,55000
f10cc5622be29b643baf311f57cfa68d958f67a4,1474.31,57.62,5.985048597,54000,54000
f10cc5622be29b643baf311f57cfa68d958f67a4,1485.42,58.51,6.010768112,54000,54000
f10cc5622be29b643baf311f57cfa68d958f67a4,1478.09,57.69,5.986625375,55000,55000
f10cc5622be29b643baf311f57cfa68d958f67a4,1479.56,57.90,5.989876984,55000,55000
f10cc5622be29b643baf311f57cfa68d958f67a4,1447.52,56.62,5.873497515,54000,54000
f10cc5622be29b643baf311f57cfa68d958f67a4,1458.44,57.35,5.899930313,54000,55000
f10cc5622be29b643baf311f57cfa68d958f67a4,1443.55,56.55,5.841714026,55000,54000
f10cc5622be29b643baf311f57cfa68d958f67a4,1446.81,56.75,5.860114809,55000,54000
f10cc5622be29b643baf311f57cfa68d958f67a4,1440.17,56.62,5.834170456,55000,54000
9f5acc8dcc4de9b88e02c08dd9eede4ab38cb1a0,1438.30,56.06,5.857942503,55000,54000
9f5acc8dcc4de9b88e02c08dd9eede4ab38cb1a0,1449.72,56.92,5.877523603,54000,54000
9f5acc8dcc4de9b88e02c08dd9eede4ab38cb1a0,1446.55,56.70,5.877580195,56000,55000
9f5acc8dcc4de9b88e02c08dd9eede4ab38cb1a0,1472.21,57.66,5.974642841,55000,55000
9f5acc8dcc4de9b88e02c08dd9eede4ab38cb1a0,1444.38,56.49,5.861203859,54000,54000
9f5acc8dcc4de9b88e02c08dd9eede4ab38cb1a0,1470.09,57.39,5.969421392,54000,55000
9f5acc8dcc4de9b88e02c08dd9eede4ab38cb1a0,1449.41,56.78,5.879339429,54000,55000
9f5acc8dcc4de9b88e02c08dd9eede4ab38cb1a0,1448.00,56.66,5.877504352,54000,54000
9f5acc8dcc4de9b88e02c08dd9eede4ab38cb1a0,1450.36,56.75,5.878269396,54000,54000
9f5acc8dcc4de9b88e02c08dd9eede4ab38cb1a0,1450.90,56.92,5.868161837,56000,55000
9f5acc8dcc4de9b88e02c08dd9eede4ab38cb1a0,1447.52,56.73,5.853538244,54000,54000
9f5acc8dcc4de9b88e02c08dd9eede4ab38cb1a0,1471.98,57.54,5.963193300,54000,54000
9f5acc8dcc4de9b88e02c08dd9eede4ab38cb1a0,1457.33,56.85,5.897800851,54000,55000
9f5acc8dcc4de9b88e02c08dd9eede4ab38cb1a0,1448.97,56.65,5.865493498,55000,54000
9f5acc8dcc4de9b88e02c08dd9eede4ab38cb1a0,1448.17,56.52,5.862888149,54000,54000
9f5acc8dcc4de9b88e02c08dd9eede4ab38cb1a0,1435.62,55.99,5.820902696,54000,54000
9f5acc8dcc4de9b88e02c08dd9eede4ab38cb1a0,1433.91,55.75,5.820155498,54000,54000
9f5acc8dcc4de9b88e02c08dd9eede4ab38cb1a0,1444.91,56.43,5.858884996,54000,55000
9f5acc8dcc4de9b88e02c08dd9eede4ab38cb1a0,1458.47,56.99,5.912489815,54000,54000
9f5acc8dcc4de9b88e02c08dd9eede4ab38cb1a0,1458.24,57.00,5.901293923,55000,54000
9f5acc8dcc4de9b88e02c08dd9eede4ab38cb1a0,1472.22,57.84,5.951529694,55000,54000
9f5acc8dcc4de9b88e02c08dd9eede4ab38cb1a0,1448.50,56.52,5.866407377,55000,55000
9f5acc8dcc4de9b88e02c08dd9eede4ab38cb1a0,1440.48,56.44,5.829725124,55000,55000
9f5acc8dcc4de9b88e02c08dd9eede4ab38cb1a0,1462.92,57.07,5.927660741,54000,55000
9f5acc8dcc4de9b88e02c08dd9eede4ab38cb1a0,1442.30,56.31,5.841830951,54000,55000
9f5acc8dcc4de9b88e02c08dd9eede4ab38cb1a0,1436.65,56.31,5.811767821,54000,54000
9f5acc8dcc4de9b88e02c08dd9eede4ab38cb1a0,1443.80,56.41,5.845025762,54000,54000
9f5acc8dcc4de9b88e02c08dd9eede4ab38cb1a0,1447.93,56.53,5.860988344,55000,55000
9f5acc8dcc4de9b88e02c08dd9eede4ab38cb1a0,1471.29,57.73,5.949273086,56000,56000
9f5acc8dcc4de9b88e02c08dd9eede4ab38cb1a0,1451.40,56.90,5.893511591,54000,54000
d8e9a7a234f155c9b5f350257775bd2ffc1571b5,1453.92,56.92,5.894433336,54000,54000
d8e9a7a234f155c9b5f350257775bd2ffc1571b5,1446.90,56.47,5.857616821,54000,54000
d8e9a7a234f155c9b5f350257775bd2ffc1571b5,1449.38,56.53,5.873543200,54000,54000
d8e9a7a234f155c9b5f350257775bd2ffc1571b5,1450.37,56.63,5.872358367,54000,55000
d8e9a7a234f155c9b5f350257775bd2ffc1571b5,1448.94,56.63,5.866343559,54000,55000
d8e9a7a234f155c9b5f350257775bd2ffc1571b5,1445.48,56.32,5.862456192,54000,54000
d8e9a7a234f155c9b5f350257775bd2ffc1571b5,1443.22,56.25,5.858970766,54000,54000
d8e9a7a234f155c9b5f350257775bd2ffc1571b5,1456.98,57.02,5.892057279,55000,54000
d8e9a7a234f155c9b5f350257775bd2ffc1571b5,1443.82,56.36,5.863523901,54000,54000
d8e9a7a234f155c9b5f350257775bd2ffc1571b5,1444.60,56.36,5.859741321,55000,54000
d8e9a7a234f155c9b5f350257775bd2ffc1571b5,1464.99,57.33,5.929287940,55000,55000
d8e9a7a234f155c9b5f350257775bd2ffc1571b5,1462.17,57.15,5.928676939,54000,55000
d8e9a7a234f155c9b5f350257775bd2ffc1571b5,1448.47,56.82,5.873873153,55000,54000
d8e9a7a234f155c9b5f350257775bd2ffc1571b5,1463.83,57.03,5.944797423,54000,54000
d8e9a7a234f155c9b5f350257775bd2ffc1571b5,1463.57,57.31,5.940723088,54000,54000
d8e9a7a234f155c9b5f350257775bd2ffc1571b5,1434.30,56.14,5.812833982,55000,54000
d8e9a7a234f155c9b5f350257775bd2ffc1571b5,1451.18,56.80,5.885351972,54000,54000
d8e9a7a234f155c9b5f350257775bd2ffc1571b5,1431.19,55.97,5.794460992,55000,54000
d8e9a7a234f155c9b5f350257775bd2ffc1571b5,1440.00,56.18,5.841861140,54000,55000
d8e9a7a234f155c9b5f350257775bd2ffc1571b5,1457.18,56.82,5.902415149,55000,55000
d8e9a7a234f155c9b5f350257775bd2ffc1571b5,1445.37,56.22,5.873160983,55000,55000
d8e9a7a234f155c9b5f350257775bd2ffc1571b5,1463.76,57.35,5.918627279,55000,54000
d8e9a7a234f155c9b5f350257775bd2ffc1571b5,1444.04,56.33,5.853518139,55000,55000
d8e9a7a234f155c9b5f350257775bd2ffc1571b5,1443.15,56.27,5.859987513,54000,55000
d8e9a7a234f155c9b5f350257775bd2ffc1571b5,1454.44,56.77,5.900354854,55000,55000
d8e9a7a234f155c9b5f350257775bd2ffc1571b5,1482.39,58.11,6.006233426,55000,55000
d8e9a7a234f155c9b5f350257775bd2ffc1571b5,1446.02,56.33,5.863982918,56000,55000
d8e9a7a234f155c9b5f350257775bd2ffc1571b5,1443.21,56.09,5.854703585,55000,55000
d8e9a7a234f155c9b5f350257775bd2ffc1571b5,1436.03,56.34,5.812407500,54000,55000
d8e9a7a234f155c9b5f350257775bd2ffc1571b5,1453.08,56.93,5.885028626,55000,55000
89203b3dae6dc1377e7d63f5ce6ef89c36345ee0,1597.80,62.57,6.477016862,55000,55000
89203b3dae6dc1377e7d63f5ce6ef89c36345ee0,1615.00,63.17,6.540807573,55000,55000
89203b3dae6dc1377e7d63f5ce6ef89c36345ee0,1588.54,62.25,6.442500253,54000,54000
89203b3dae6dc1377e7d63f5ce6ef89c36345ee0,1605.63,62.69,6.507133165,55000,55000
89203b3dae6dc1377e7d63f5ce6ef89c36345ee0,1615.93,63.36,6.544544826,55000,54000
89203b3dae6dc1377e7d63f5ce6ef89c36345ee0,1610.97,63.33,6.532331616,54000,54000
89203b3dae6dc1377e7d63f5ce6ef89c36345ee0,1602.34,62.85,6.485827243,54000,54000
89203b3dae6dc1377e7d63f5ce6ef89c36345ee0,1593.55,62.55,6.465040213,54000,54000
89203b3dae6dc1377e7d63f5ce6ef89c36345ee0,1586.36,62.29,6.429908997,54000,54000
89203b3dae6dc1377e7d63f5ce6ef89c36345ee0,1606.47,63.30,6.500256561,54000,54000
89203b3dae6dc1377e7d63f5ce6ef89c36345ee0,1609.84,63.29,6.519584753,54000,55000
89203b3dae6dc1377e7d63f5ce6ef89c36345ee0,1600.41,62.71,6.492320029,54000,55000
89203b3dae6dc1377e7d63f5ce6ef89c36345ee0,1604.96,62.93,6.506196874,54000,54000
89203b3dae6dc1377e7d63f5ce6ef89c36345ee0,1613.53,63.24,6.542826061,55000,54000
89203b3dae6dc1377e7d63f5ce6ef89c36345ee0,1634.35,64.52,6.613265387,54000,54000
89203b3dae6dc1377e7d63f5ce6ef89c36345ee0,1596.09,62.66,6.479621218,55000,54000
89203b3dae6dc1377e7d63f5ce6ef89c36345ee0,1584.29,62.25,6.421305363,55000,54000
89203b3dae6dc1377e7d63f5ce6ef89c36345ee0,1611.41,63.12,6.544227469,54000,54000
89203b3dae6dc1377e7d63f5ce6ef89c36345ee0,1618.08,63.65,6.557862970,54000,54000
89203b3dae6dc1377e7d63f5ce6ef89c36345ee0,1603.55,63.26,6.491143964,54000,55000
89203b3dae6dc1377e7d63f5ce6ef89c36345ee0,1613.44,63.42,6.536290670,54000,55000
89203b3dae6dc1377e7d63f5ce6ef89c36345ee0,1604.26,62.99,6.491161988,54000,55000
89203b3dae6dc1377e7d63f5ce6ef89c36345ee0,1617.15,63.08,6.564745302,54000,54000
89203b3dae6dc1377e7d63f5ce6ef89c36345ee0,1612.37,62.85,6.527140419,54000,55000
89203b3dae6dc1377e7d63f5ce6ef89c36345ee0,1604.88,63.00,6.491696502,54000,54000
89203b3dae6dc1377e7d63f5ce6ef89c36345ee0,1623.08,63.69,6.568423883,54000,54000
89203b3dae6dc1377e7d63f5ce6ef89c36345ee0,1593.46,62.45,6.459190627,55000,54000
89203b3dae6dc1377e7d63f5ce6ef89c36345ee0,1604.24,63.00,6.493105707,54000,54000
89203b3dae6dc1377e7d63f5ce6ef89c36345ee0,1599.92,62.80,6.498373913,54000,54000
89203b3dae6dc1377e7d63f5ce6ef89c36345ee0,1637.59,64.27,6.647480244,54000,54000
1bb8b3bd33c75a38a34877ca4cf8ce916a9dd1b4,1580.34,62.20,6.424667137,54000,54000
1bb8b3bd33c75a38a34877ca4cf8ce916a9dd1b4,1576.10,61.95,6.417899686,54000,54000
1bb8b3bd33c75a38a34877ca4cf8ce916a9dd1b4,1580.44,62.14,6.449067046,53000,54000
1bb8b3bd33c75a38a34877ca4cf8ce916a9dd1b4,1572.31,61.78,6.400975412,54000,54000
1bb8b3bd33c75a38a34877ca4cf8ce916a9dd1b4,1563.48,61.16,6.360386904,54000,54000
1bb8b3bd33c75a38a34877ca4cf8ce916a9dd1b4,1572.83,61.33,6.402480905,54000,54000
1bb8b3bd33c75a38a34877ca4cf8ce916a9dd1b4,1573.55,61.47,6.407606335,54000,55000
1bb8b3bd33c75a38a34877ca4cf8ce916a9dd1b4,1562.66,61.26,6.356740256,54000,54000
1bb8b3bd33c75a38a34877ca4cf8ce916a9dd1b4,1560.95,61.18,6.357238331,55000,54000
1bb8b3bd33c75a38a34877ca4cf8ce916a9dd1b4,1574.78,61.85,6.414231560,54000,54000
1bb8b3bd33c75a38a34877ca4cf8ce916a9dd1b4,1573.08,61.84,6.412524287,54000,54000
1bb8b3bd33c75a38a34877ca4cf8ce916a9dd1b4,1568.73,61.51,6.395248763,54000,54000
1bb8b3bd33c75a38a34877ca4cf8ce916a9dd1b4,1582.30,62.10,6.445587781,55000,54000
1bb8b3bd33c75a38a34877ca4cf8ce916a9dd1b4,1561.82,61.17,6.361779066,54000,54000
1bb8b3bd33c75a38a34877ca4cf8ce916a9dd1b4,1580.72,61.80,6.444298318,55000,55000
1bb8b3bd33c75a38a34877ca4cf8ce916a9dd1b4,1563.02,60.93,6.366848258,54000,54000
1bb8b3bd33c75a38a34877ca4cf8ce916a9dd1b4,1581.51,61.76,6.428571286,55000,55000
1bb8b3bd33c75a38a34877ca4cf8ce916a9dd1b4,1589.79,62.78,6.457894914,54000,54000
1bb8b3bd33c75a38a34877ca4cf8ce916a9dd1b4,1593.93,62.47,6.482545694,55000,54000
1bb8b3bd33c75a38a34877ca4cf8ce916a9dd1b4,1567.93,61.48,6.388278180,54000,54000
1bb8b3bd33c75a38a34877ca4cf8ce916a9dd1b4,1553.79,60.84,6.329834074,54000,55000
1bb8b3bd33c75a38a34877ca4cf8ce916a9dd1b4,1575.63,61.80,6.415109334,54000,54000
1bb8b3bd33c75a38a34877ca4cf8ce916a9dd1b4,1559.39,61.37,6.343766592,54000,55000
1bb8b3bd33c75a38a34877ca4cf8ce916a9dd1b4,1585.55,62.14,6.454297367,54000,54000
1bb8b3bd33c75a38a34877ca4cf8ce916a9dd1b4,1559.53,60.91,6.358565085,54000,55000
1bb8b3bd33c75a38a34877ca4cf8ce916a9dd1b4,1564.98,61.17,6.375565975,55000,55000
1bb8b3bd33c75a38a34877ca4cf8ce916a9dd1b4,1589.69,62.29,6.468559446,55000,54000
1bb8b3bd33c75a38a34877ca4cf8ce916a9dd1b4,1559.86,61.03,6.341555730,55000,55000
1bb8b3bd33c75a38a34877ca4cf8ce916a9dd1b4,1590.87,62.50,6.478339620,54000,54000
1bb8b3bd33c75a38a34877ca4cf8ce916a9dd1b4,1586.04,62.08,6.470645854,55000,55000
27bede624d3f6bed282c53a68b0a00482a87d4aa,1609.61,63.05,6.579236270,53000,54000
27bede624d3f6bed282c53a68b0a00482a87d4aa,1585.10,62.17,6.462387333,54000,54000
27bede624d3f6bed282c53a68b0a00482a87d4aa,1577.29,61.72,6.443093777,54000,54000
27bede624d3f6bed282c53a68b0a00482a87d4aa,1572.75,61.48,6.415864700,54000,53000
27bede624d3f6bed282c53a68b0a00482a87d4aa,1584.01,62.07,6.461967036,54000,53000
27bede624d3f6bed282c53a68b0a00482a87d4aa,1579.96,61.79,6.454886151,54000,54000
27bede624d3f6bed282c53a68b0a00482a87d4aa,1579.05,61.81,6.433108351,54000,54000
27bede624d3f6bed282c53a68b0a00482a87d4aa,1587.38,62.37,6.465289390,54000,54000
27bede624d3f6bed282c53a68b0a00482a87d4aa,1597.78,62.69,6.502313888,54000,54000
27bede624d3f6bed282c53a68b0a00482a87d4aa,1580.64,62.06,6.446697089,54000,54000
27bede624d3f6bed282c53a68b0a00482a87d4aa,1581.65,61.93,6.458421587,54000,54000
27bede624d3f6bed282c53a68b0a00482a87d4aa,1605.57,62.99,6.551880794,54000,54000
27bede624d3f6bed282c53a68b0a00482a87d4aa,1576.15,61.86,6.427517263,54000,54000
27bede624d3f6bed282c53a68b0a00482a87d4aa,1579.48,61.80,6.438560578,54000,54000
27bede624d3f6bed282c53a68b0a00482a87d4aa,1578.43,61.97,6.424681831,55000,54000
27bede624d3f6bed282c53a68b0a00482a87d4aa,1580.82,62.20,6.440861720,54000,55000
27bede624d3f6bed282c53a68b0a00482a87d4aa,1571.89,61.52,6.412935890,54000,54000
27bede624d3f6bed282c53a68b0a00482a87d4aa,1585.85,62.36,6.465081961,54000,54000
27bede624d3f6bed282c53a68b0a00482a87d4aa,1610.94,62.90,6.589381014,55000,54000
27bede624d3f6bed282c53a68b0a00482a87d4aa,1562.00,61.37,6.371215568,54000,53000
27bede624d3f6bed282c53a68b0a00482a87d4aa,1578.85,61.84,6.432113081,54000,54000
27bede624d3f6bed282c53a68b0a00482a87d4aa,1601.56,62.68,6.519609584,55000,54000
27bede624d3f6bed282c53a68b0a00482a87d4aa,1588.91,62.11,6.475239586,54000,54000
27bede624d3f6bed282c53a68b0a00482a87d4aa,1578.76,61.90,6.436858528,54000,54000
27bede624d3f6bed282c53a68b0a00482a87d4aa,1569.00,61.74,6.408049393,54000,54000
27bede624d3f6bed282c53a68b0a00482a87d4aa,1570.23,61.46,6.409602401,54000,54000
27bede624d3f6bed282c53a68b0a00482a87d4aa,1566.73,61.54,6.384090721,54000,54000
27bede624d3f6bed282c53a68b0a00482a87d4aa,1570.70,61.54,6.395191372,54000,54000
27bede624d3f6bed282c53a68b0a00482a87d4aa,1599.11,62.77,6.513736937,54000,54000
27bede624d3f6bed282c53a68b0a00482a87d4aa,1581.31,62.05,6.442524468,54000,55000
caee30f1e4085cfcdb59f893bd58173108db6152,1578.18,61.70,6.441420038,54000,53000
caee30f1e4085cfcdb59f893bd58173108db6152,1580.60,61.99,6.461082714,54000,54000
caee30f1e4085cfcdb59f893bd58173108db6152,1582.56,61.87,6.464315329,54000,54000
caee30f1e4085cfcdb59f893bd58173108db6152,1570.21,61.59,6.411987376,54000,54000
caee30f1e4085cfcdb59f893bd58173108db6152,1577.88,61.87,6.446537363,54000,54000
caee30f1e4085cfcdb59f893bd58173108db6152,1576.01,61.72,6.430976299,54000,54000
caee30f1e4085cfcdb59f893bd58173108db6152,1580.20,62.10,6.447779317,54000,54000
caee30f1e4085cfcdb59f893bd58173108db6152,1572.51,62.03,6.405631112,54000,54000
caee30f1e4085cfcdb59f893bd58173108db6152,1598.87,62.88,6.520108006,54000,54000
caee30f1e4085cfcdb59f893bd58173108db6152,1564.58,61.31,6.389690186,54000,54000
caee30f1e4085cfcdb59f893bd58173108db6152,1569.25,61.51,6.409598891,54000,54000
caee30f1e4085cfcdb59f893bd58173108db6152,1580.41,62.05,6.453872370,54000,54000
caee30f1e4085cfcdb59f893bd58173108db6152,1580.55,62.14,6.449311687,54000,54000
caee30f1e4085cfcdb59f893bd58173108db6152,1589.10,62.42,6.477785214,54000,54000
caee30f1e4085cfcdb59f893bd58173108db6152,1582.15,62.05,6.448337904,54000,54000
caee30f1e4085cfcdb59f893bd58173108db6152,1596.32,62.65,6.504597055,54000,54000
caee30f1e4085cfcdb59f893bd58173108db6152,1580.95,61.99,6.461720541,54000,54000
caee30f1e4085cfcdb59f893bd58173108db6152,1592.50,62.80,6.492429670,54000,53000
caee30f1e4085cfcdb59f893bd58173108db6152,1585.15,62.46,6.448251211,54000,53000
caee30f1e4085cfcdb59f893bd58173108db6152,1589.32,62.31,6.476835585,54000,54000
caee30f1e4085cfcdb59f893bd58173108db6152,1580.88,61.95,6.456266721,54000,54000
caee30f1e4085cfcdb59f893bd58173108db6152,1586.52,62.16,6.472346613,54000,54000
caee30f1e4085cfcdb59f893bd58173108db6152,1570.99,61.89,6.411328310,54000,54000
caee30f1e4085cfcdb59f893bd58173108db6152,1585.53,62.61,6.467766607,54000,54000
caee30f1e4085cfcdb59f893bd58173108db6152,1590.24,62.25,6.499216274,54000,54000
caee30f1e4085cfcdb59f893bd58173108db6152,1589.93,62.31,6.477285438,55000,54000
caee30f1e4085cfcdb59f893bd58173108db6152,1591.46,62.24,6.485309610,55000,54000
caee30f1e4085cfcdb59f893bd58173108db6152,1588.56,62.43,6.472293498,54000,54000
caee30f1e4085cfcdb59f893bd58173108db6152,1583.35,61.63,6.482325817,54000,54000
caee30f1e4085cfcdb59f893bd58173108db6152,1582.77,61.83,6.448117742,55000,56000
9e34dda3eaef2f3a902094ceb1f80178daa07f68,1579.09,61.67,6.427516536,54000,54000
9e34dda3eaef2f3a902094ceb1f80178daa07f68,1590.78,62.29,6.466096986,54000,55000
9e34dda3eaef2f3a902094ceb1f80178daa07f68,1597.41,62.40,6.511249843,55000,54000
9e34dda3eaef2f3a902094ceb1f80178daa07f68,1595.09,62.51,6.491734159,55000,54000
9e34dda3eaef2f3a902094ceb1f80178daa07f68,1598.52,62.56,6.508064820,54000,54000
9e34dda3eaef2f3a902094ceb1f80178daa07f68,1580.68,61.92,6.442269756,54000,54000
9e34dda3eaef2f3a902094ceb1f80178daa07f68,1586.37,62.13,6.454249866,54000,55000
9e34dda3eaef2f3a902094ceb1f80178daa07f68,1602.42,62.68,6.531215931,54000,54000
9e34dda3eaef2f3a902094ceb1f80178daa07f68,1583.99,61.93,6.446717186,54000,54000
9e34dda3eaef2f3a902094ceb1f80178daa07f68,1570.93,61.54,6.408070722,54000,54000
9e34dda3eaef2f3a902094ceb1f80178daa07f68,1570.80,61.45,6.404940782,55000,54000
9e34dda3eaef2f3a902094ceb1f80178daa07f68,1601.76,62.61,6.540525518,54000,55000
9e34dda3eaef2f3a902094ceb1f80178daa07f68,1587.13,62.36,6.474555890,54000,54000
9e34dda3eaef2f3a902094ceb1f80178daa07f68,1582.68,61.88,6.458264040,55000,54000
9e34dda3eaef2f3a902094ceb1f80178daa07f68,1607.76,62.98,6.541624288,54000,54000
9e34dda3eaef2f3a902094ceb1f80178daa07f68,1587.71,61.80,6.474908174,54000,54000
9e34dda3eaef2f3a902094ceb1f80178daa07f68,1610.79,63.24,6.561962155,54000,54000
9e34dda3eaef2f3a902094ceb1f80178daa07f68,1596.10,62.86,6.506849343,54000,54000
9e34dda3eaef2f3a902094ceb1f80178daa07f68,1580.45,62.11,6.442816482,54000,54000
9e34dda3eaef2f3a902094ceb1f80178daa07f68,1580.06,62.02,6.440791487,54000,54000
9e34dda3eaef2f3a902094ceb1f80178daa07f68,1601.99,63.10,6.523328971,54000,54000
9e34dda3eaef2f3a902094ceb1f80178daa07f68,1603.40,62.90,6.525573790,54000,54000
9e34dda3eaef2f3a902094ceb1f80178daa07f68,1593.81,62.21,6.488952072,54000,55000
9e34dda3eaef2f3a902094ceb1f80178daa07f68,1589.44,62.23,6.479357364,54000,54000
9e34dda3eaef2f3a902094ceb1f80178daa07f68,1595.37,62.64,6.503225258,55000,54000
9e34dda3eaef2f3a902094ceb1f80178daa07f68,1583.15,62.06,6.473478418,54000,54000
9e34dda3eaef2f3a902094ceb1f80178daa07f68,1578.37,61.99,6.447591423,54000,54000
9e34dda3eaef2f3a902094ceb1f80178daa07f68,1585.57,62.33,6.461920821,55000,54000
9e34dda3eaef2f3a902094ceb1f80178daa07f68,1603.37,62.83,6.534883450,54000,54000
9e34dda3eaef2f3a902094ceb1f80178daa07f68,1588.17,62.18,6.476766184,54000,54000
71cad06ee71120e3e91d33703ea196b366c502fb,1611.17,62.96,6.561241139,55000,54000
71cad06ee71120e3e91d33703ea196b366c502fb,1596.46,62.33,6.504628922,54000,54000
71cad06ee71120e3e91d33703ea196b366c502fb,1599.71,62.49,6.508859425,55000,54000
71cad06ee71120e3e91d33703ea196b366c502fb,1600.74,62.53,6.507402863,54000,54000
71cad06ee71120e3e91d33703ea196b366c502fb,1599.30,62.62,6.492726276,55000,55000
71cad06ee71120e3e91d33703ea196b366c502fb,1619.52,63.47,6.572005177,54000,54000
71cad06ee71120e3e91d33703ea196b366c502fb,1612.70,63.22,6.544987244,55000,54000
71cad06ee71120e3e91d33703ea196b366c502fb,1598.30,62.56,6.492625474,54000,55000
71cad06ee71120e3e91d33703ea196b366c502fb,1583.58,61.54,6.442296481,54000,54000
71cad06ee71120e3e91d33703ea196b366c502fb,1624.82,63.47,6.607879851,55000,56000
71cad06ee71120e3e91d33703ea196b366c502fb,1619.73,63.52,6.563411799,55000,54000
71cad06ee71120e3e91d33703ea196b366c502fb,1625.22,63.64,6.586548268,54000,55000
71cad06ee71120e3e91d33703ea196b366c502fb,1603.39,62.25,6.510216627,54000,54000
71cad06ee71120e3e91d33703ea196b366c502fb,1595.18,62.08,6.467780698,55000,54000
71cad06ee71120e3e91d33703ea196b366c502fb,1627.71,63.45,6.612529555,54000,55000
71cad06ee71120e3e91d33703ea196b366c502fb,1610.55,63.01,6.526695771,55000,54000
71cad06ee71120e3e91d33703ea196b366c502fb,1604.16,62.78,6.509506498,55000,54000
71cad06ee71120e3e91d33703ea196b366c502fb,1610.39,62.85,6.545270598,54000,54000
71cad06ee71120e3e91d33703ea196b366c502fb,1601.32,62.72,6.501411397,54000,55000
71cad06ee71120e3e91d33703ea196b366c502fb,1611.66,63.04,6.540215013,54000,54000
71cad06ee71120e3e91d33703ea196b366c502fb,1605.52,62.62,6.521387390,55000,55000
71cad06ee71120e3e91d33703ea196b366c502fb,1616.06,63.04,6.551163809,55000,54000
71cad06ee71120e3e91d33703ea196b366c502fb,1599.93,62.25,6.493349360,54000,55000
71cad06ee71120e3e91d33703ea196b366c502fb,1600.02,62.38,6.496735677,54000,54000
71cad06ee71120e3e91d33703ea196b366c502fb,1597.82,62.18,6.487277712,55000,54000
71cad06ee71120e3e91d33703ea196b366c502fb,1599.04,62.39,6.481586751,55000,55000
71cad06ee71120e3e91d33703ea196b366c502fb,1599.07,62.20,6.488750497,55000,55000
71cad06ee71120e3e91d33703ea196b366c502fb,1606.78,62.66,6.513225681,54000,55000
71cad06ee71120e3e91d33703ea196b366c502fb,1590.48,62.05,6.449955363,55000,56000
71cad06ee71120e3e91d33703ea196b366c502fb,1579.44,61.60,6.425872860,55000,56000
00ddffbed56a0ebaf9455f861a4d04168dac95fa,1646.99,64.64,6.702343559,53000,54000
00ddffbed56a0ebaf9455f861a4d04168dac95fa,1637.80,63.83,6.685315877,54000,54000
00ddffbed56a0ebaf9455f861a4d04168dac95fa,1648.71,64.81,6.720229563,54000,54000
00ddffbed56a0ebaf9455f861a4d04168dac95fa,1649.67,64.91,6.704949415,54000,54000
00ddffbed56a0ebaf9455f861a4d04168dac95fa,1653.25,64.75,6.715975971,54000,54000
00ddffbed56a0ebaf9455f861a4d04168dac95fa,1626.25,63.70,6.618846306,54000,54000
00ddffbed56a0ebaf9455f861a4d04168dac95fa,1644.88,64.40,6.692408354,54000,54000
00ddffbed56a0ebaf9455f861a4d04168dac95fa,1658.45,64.90,6.751604935,55000,54000
00ddffbed56a0ebaf9455f861a4d04168dac95fa,1645.36,64.40,6.710640657,54000,54000
00ddffbed56a0ebaf9455f861a4d04168dac95fa,1637.08,63.99,6.669145857,54000,54000
00ddffbed56a0ebaf9455f861a4d04168dac95fa,1649.37,64.72,6.716211537,54000,54000
00ddffbed56a0ebaf9455f861a4d04168dac95fa,1632.86,63.78,6.653587514,55000,54000
00ddffbed56a0ebaf9455f861a4d04168dac95fa,1654.77,64.89,6.724070791,54000,54000
00ddffbed56a0ebaf9455f861a4d04168dac95fa,1646.41,64.56,6.703335949,54000,54000
00ddffbed56a0ebaf9455f861a4d04168dac95fa,1647.80,64.52,6.699567530,55000,55000
00ddffbed56a0ebaf9455f861a4d04168dac95fa,1646.31,64.40,6.690024103,54000,54000
00ddffbed56a0ebaf9455f861a4d04168dac95fa,1652.95,64.73,6.722844559,54000,54000
00ddffbed56a0ebaf9455f861a4d04168dac95fa,1663.15,65.32,6.759610733,55000,54000
00ddffbed56a0ebaf9455f861a4d04168dac95fa,1650.00,64.53,6.721300305,54000,54000
00ddffbed56a0ebaf9455f861a4d04168dac95fa,1648.95,64.59,6.717306237,54000,54000
00ddffbed56a0ebaf9455f861a4d04168dac95fa,1642.65,64.43,6.686013556,54000,54000
00ddffbed56a0ebaf9455f861a4d04168dac95fa,1634.87,63.90,6.661181586,54000,54000
00ddffbed56a0ebaf9455f861a4d04168dac95fa,1636.60,64.08,6.665054214,55000,54000
00ddffbed56a0ebaf9455f861a4d04168dac95fa,1643.71,64.34,6.691835362,55000,54000
00ddffbed56a0ebaf9455f861a4d04168dac95fa,1662.27,65.24,6.754241670,55000,54000
00ddffbed56a0ebaf9455f861a4d04168dac95fa,1649.04,64.34,6.713023932,55000,56000
00ddffbed56a0ebaf9455f861a4d04168dac95fa,1651.74,64.88,6.726099098,56000,55000
00ddffbed56a0ebaf9455f861a4d04168dac95fa,1654.93,64.58,6.745093578,54000,54000
00ddffbed56a0ebaf9455f861a4d04168dac95fa,1647.49,64.45,6.717293374,54000,54000
00ddffbed56a0ebaf9455f861a4d04168dac95fa,1642.56,64.20,6.689649845,55000,55000
1420883ecfba005f391141506f514600c6f9e88a,1647.24,64.99,6.754522846,54000,54000
1420883ecfba005f391141506f514600c6f9e88a,1637.82,64.32,6.700019773,54000,54000
1420883ecfba005f391141506f514600c6f9e88a,1644.96,64.18,6.728346310,53000,54000
1420883ecfba005f391141506f514600c6f9e88a,1649.86,64.83,6.743348168,54000,54000
1420883ecfba005f391141506f514600c6f9e88a,1655.52,64.52,6.770113502,54000,54000
1420883ecfba005f391141506f514600c6f9e88a,1628.69,63.67,6.656033797,54000,54000
1420883ecfba005f391141506f514600c6f9e88a,1654.79,64.70,6.756777203,54000,54000
1420883ecfba005f391141506f514600c6f9e88a,1641.35,64.22,6.706734313,54000,54000
1420883ecfba005f391141506f514600c6f9e88a,1635.16,63.93,6.675231562,54000,54000
1420883ecfba005f391141506f514600c6f9e88a,1648.82,64.37,6.732833224,54000,54000
1420883ecfba005f391141506f514600c6f9e88a,1636.11,64.06,6.679886261,54000,54000
1420883ecfba005f391141506f514600c6f9e88a,1663.21,65.13,6.785968535,54000,54000
1420883ecfba005f391141506f514600c6f9e88a,1647.69,64.49,6.743318909,54000,53000
1420883ecfba005f391141506f514600c6f9e88a,1649.43,64.56,6.731539675,53000,54000
1420883ecfba005f391141506f514600c6f9e88a,1662.53,65.08,6.788308816,54000,54000
1420883ecfba005f391141506f514600c6f9e88a,1646.82,64.60,6.730442727,54000,54000
1420883ecfba005f391141506f514600c6f9e88a,1658.25,65.03,6.781790452,54000,54000
1420883ecfba005f391141506f514600c6f9e88a,1640.40,64.14,6.690058510,54000,53000
1420883ecfba005f391141506f514600c6f9e88a,1634.72,64.20,6.676751077,54000,54000
1420883ecfba005f391141506f514600c6f9e88a,1658.46,64.81,6.769738239,54000,54000
1420883ecfba005f391141506f514600c6f9e88a,1651.32,64.69,6.745574264,54000,54000
1420883ecfba005f391141506f514600c6f9e88a,1634.50,64.24,6.673939100,53000,54000
1420883ecfba005f391141506f514600c6f9e88a,1641.47,64.09,6.706940191,54000,53000
1420883ecfba005f391141506f514600c6f9e88a,1648.60,64.69,6.729435453,54000,54000
1420883ecfba005f391141506f514600c6f9e88a,1640.37,64.56,6.704633556,54000,54000
1420883ecfba005f391141506f514600c6f9e88a,1638.66,63.89,6.692110170,54000,54000
1420883ecfba005f391141506f514600c6f9e88a,1639.52,64.42,6.691306588,53000,54000
1420883ecfba005f391141506f514600c6f9e88a,1642.76,64.31,6.709293058,54000,54000
1420883ecfba005f391141506f514600c6f9e88a,1644.80,64.43,6.707204416,54000,53000
1420883ecfba005f391141506f514600c6f9e88a,1655.37,64.87,6.754117760,54000,54000
4df6fd47fa82107d58b20666f2691d1a7b26f178,1612.03,63.22,6.626013282,54000,54000
4df6fd47fa82107d58b20666f2691d1a7b26f178,1640.44,64.33,6.705494979,54000,54000
4df6fd47fa82107d58b20666f2691d1a7b26f178,1635.37,64.16,6.682794837,54000,54000
4df6fd47fa82107d58b20666f2691d1a7b26f178,1639.83,64.21,6.708355623,54000,54000
4df6fd47fa82107d58b20666f2691d1a7b26f178,1657.54,65.10,6.754078145,54000,53000
4df6fd47fa82107d58b20666f2691d1a7b26f178,1655.40,65.10,6.757244900,54000,54000
4df6fd47fa82107d58b20666f2691d1a7b26f178,1643.21,64.26,6.721664932,54000,54000
4df6fd47fa82107d58b20666f2691d1a7b26f178,1635.12,64.21,6.672237770,54000,54000
4df6fd47fa82107d58b20666f2691d1a7b26f178,1653.87,65.08,6.755947399,54000,53000
4df6fd47fa82107d58b20666f2691d1a7b26f178,1639.39,64.07,6.696681886,54000,53000
4df6fd47fa82107d58b20666f2691d1a7b26f178,1646.89,64.68,6.721123504,54000,54000
4df6fd47fa82107d58b20666f2691d1a7b26f178,1660.75,64.96,6.798974119,54000,53000
4df6fd47fa82107d58b20666f2691d1a7b26f178,1651.94,64.58,6.748806408,54000,53000
4df6fd47fa82107d58b20666f2691d1a7b26f178,1661.50,65.06,6.777316342,54000,53000
4df6fd47fa82107d58b20666f2691d1a7b26f178,1656.14,64.87,6.769930834,53000,54000
4df6fd47fa82107d58b20666f2691d1a7b26f178,1652.45,64.59,6.758192547,53000,54000
4df6fd47fa82107d58b20666f2691d1a7b26f178,1639.14,64.55,6.690727530,54000,54000
4df6fd47fa82107d58b20666f2691d1a7b26f178,1632.38,64.16,6.669227176,54000,54000
4df6fd47fa82107d58b20666f2691d1a7b26f178,1658.17,65.11,6.778882459,54000,54000
4df6fd47fa82107d58b20666f2691d1a7b26f178,1647.64,64.36,6.722356512,54000,54000
4df6fd47fa82107d58b20666f2691d1a7b26f178,1636.89,64.20,6.691181540,54000,53000
4df6fd47fa82107d58b20666f2691d1a7b26f178,1649.96,64.90,6.741582372,53000,54000
4df6fd47fa82107d58b20666f2691d1a7b26f178,1652.36,64.84,6.736643790,53000,53000
4df6fd47fa82107d58b20666f2691d1a7b26f178,1640.60,64.71,6.695570000,54000,54000
4df6fd47fa82107d58b20666f2691d1a7b26f178,1665.61,65.61,6.803043783,54000,54000
4df6fd47fa82107d58b20666f2691d1a7b26f178,1644.90,64.16,6.712024209,54000,54000
4df6fd47fa82107d58b20666f2691d1a7b26f178,1644.63,64.87,6.704429276,54000,54000
4df6fd47fa82107d58b20666f2691d1a7b26f178,1651.94,64.63,6.743278530,53000,53000
4df6fd47fa82107d58b20666f2691d1a7b26f178,1656.55,64.82,6.764941270,54000,54000
4df6fd47fa82107d58b20666f2691d1a7b26f178,1653.77,64.60,6.757832954,54000,54000
ad754547a531a923aae92ee68363edf8af683ff3,1655.91,65.14,6.750489990,54000,54000
ad754547a531a923aae92ee68363edf8af683ff3,1665.23,65.33,6.782459717,54000,54000
ad754547a531a923aae92ee68363edf8af683ff3,1651.87,65.11,6.728892047,54000,54000
ad754547a531a923aae92ee68363edf8af683ff3,1653.81,64.73,6.746702258,54000,54000
ad754547a531a923aae92ee68363edf8af683ff3,1654.40,65.05,6.749234590,54000,53000
ad754547a531a923aae92ee68363edf8af683ff3,1644.41,64.27,6.709072644,54000,54000
ad754547a531a923aae92ee68363edf8af683ff3,1662.08,65.26,6.769698833,54000,54000
ad754547a531a923aae92ee68363edf8af683ff3,1647.08,64.59,6.704791669,54000,54000
ad754547a531a923aae92ee68363edf8af683ff3,1663.35,65.20,6.769765212,54000,54000
ad754547a531a923aae92ee68363edf8af683ff3,1657.69,64.92,6.756341578,54000,54000
ad754547a531a923aae92ee68363edf8af683ff3,1654.01,65.12,6.740262569,54000,54000
ad754547a531a923aae92ee68363edf8af683ff3,1650.80,64.78,6.729553099,54000,54000
ad754547a531a923aae92ee68363edf8af683ff3,1666.37,65.33,6.792550799,54000,54000
ad754547a531a923aae92ee68363edf8af683ff3,1646.04,64.58,6.705423231,54000,54000
ad754547a531a923aae92ee68363edf8af683ff3,1648.08,64.78,6.708258325,54000,54000
ad754547a531a923aae92ee68363edf8af683ff3,1655.71,65.08,6.750267091,54000,54000
ad754547a531a923aae92ee68363edf8af683ff3,1639.54,64.34,6.674592524,54000,54000
ad754547a531a923aae92ee68363edf8af683ff3,1662.29,65.18,6.787169397,54000,54000
ad754547a531a923aae92ee68363edf8af683ff3,1653.88,65.02,6.727492807,54000,54000
ad754547a531a923aae92ee68363edf8af683ff3,1662.62,65.49,6.766177381,54000,54000
ad754547a531a923aae92ee68363edf8af683ff3,1663.95,65.02,6.774277168,54000,54000
ad754547a531a923aae92ee68363edf8af683ff3,1651.78,64.52,6.735512977,55000,55000
ad754547a531a923aae92ee68363edf8af683ff3,1659.10,64.91,6.757700343,54000,53000
ad754547a531a923aae92ee68363edf8af683ff3,1663.99,65.17,6.788429099,54000,54000
ad754547a531a923aae92ee68363edf8af683ff3,1648.92,64.52,6.719734220,54000,54000
ad754547a531a923aae92ee68363edf8af683ff3,1656.58,64.80,6.762786766,54000,55000
ad754547a531a923aae92ee68363edf8af683ff3,1663.15,65.04,6.780508779,54000,53000
ad754547a531a923aae92ee68363edf8af683ff3,1632.80,63.92,6.653672981,54000,54000
ad754547a531a923aae92ee68363edf8af683ff3,1653.47,64.81,6.737689920,54000,54000
ad754547a531a923aae92ee68363edf8af683ff3,1648.81,64.86,6.697241658,54000,55000
b8eee608a8e2f29e38b0db7c53e21b448cbffb56,1649.68,64.49,6.695452313,54000,55000
b8eee608a8e2f29e38b0db7c53e21b448cbffb56,1647.64,64.13,6.696643993,54000,54000
b8eee608a8e2f29e38b0db7c53e21b448cbffb56,1695.83,65.98,6.898629382,54000,54000
b8eee608a8e2f29e38b0db7c53e21b448cbffb56,1659.56,64.70,6.738659532,54000,54000
b8eee608a8e2f29e38b0db7c53e21b448cbffb56,1641.44,63.91,6.672578925,54000,54000
b8eee608a8e2f29e38b0db7c53e21b448cbffb56,1662.57,64.69,6.748076067,55000,54000
b8eee608a8e2f29e38b0db7c53e21b448cbffb56,1657.52,64.40,6.731839198,54000,55000
b8eee608a8e2f29e38b0db7c53e21b448cbffb56,1659.38,64.55,6.740787109,54000,54000
b8eee608a8e2f29e38b0db7c53e21b448cbffb56,1651.85,64.16,6.718632803,54000,54000
b8eee608a8e2f29e38b0db7c53e21b448cbffb56,1657.79,64.93,6.728242939,54000,54000
b8eee608a8e2f29e38b0db7c53e21b448cbffb56,1670.20,65.17,6.776901509,54000,54000
b8eee608a8e2f29e38b0db7c53e21b448cbffb56,1666.45,64.95,6.761664841,54000,54000
b8eee608a8e2f29e38b0db7c53e21b448cbffb56,1681.34,65.63,6.828136477,55000,55000
b8eee608a8e2f29e38b0db7c53e21b448cbffb56,1659.85,64.77,6.743039209,54000,54000
b8eee608a8e2f29e38b0db7c53e21b448cbffb56,1670.73,65.70,6.772286967,55000,55000
b8eee608a8e2f29e38b0db7c53e21b448cbffb56,1664.55,65.15,6.754835735,54000,55000
b8eee608a8e2f29e38b0db7c53e21b448cbffb56,1666.31,65.18,6.771113261,54000,55000
b8eee608a8e2f29e38b0db7c53e21b448cbffb56,1651.80,64.66,6.704012253,54000,54000
b8eee608a8e2f29e38b0db7c53e21b448cbffb56,1685.11,65.56,6.846753148,54000,55000
b8eee608a8e2f29e38b0db7c53e21b448cbffb56,1677.10,65.53,6.806625579,54000,54000
b8eee608a8e2f29e38b0db7c53e21b448cbffb56,1661.47,64.68,6.743410644,56000,55000
b8eee608a8e2f29e38b0db7c53e21b448cbffb56,1645.57,64.22,6.673549716,55000,54000
b8eee608a8e2f29e38b0db7c53e21b448cbffb56,1648.67,64.33,6.696842710,54000,55000
b8eee608a8e2f29e38b0db7c53e21b448cbffb56,1651.61,64.40,6.709591862,55000,55000
b8eee608a8e2f29e38b0db7c53e21b448cbffb56,1654.27,64.49,6.719011410,54000,55000
b8eee608a8e2f29e38b0db7c53e21b448cbffb56,1659.98,64.68,6.746423332,55000,54000
b8eee608a8e2f29e38b0db7c53e21b448cbffb56,1664.82,64.97,6.762121756,55000,55000
b8eee608a8e2f29e38b0db7c53e21b448cbffb56,1658.88,64.76,6.734291616,56000,54000
b8eee608a8e2f29e38b0db7c53e21b448cbffb56,1650.04,64.26,6.704720539,54000,56000
b8eee608a8e2f29e38b0db7c53e21b448cbffb56,1667.40,65.03,6.761613613,56000,56000
facf70e64ade3be0cf43f624bf535de063bf52f8,1578.89,61.47,6.440196978,55000,54000
facf70e64ade3be0cf43f624bf535de063bf52f8,1559.72,60.94,6.360780848,54000,54000
facf70e64ade3be0cf43f624bf535de063bf52f8,1562.89,61.25,6.361796871,55000,54000
facf70e64ade3be0cf43f624bf535de063bf52f8,1564.91,61.27,6.361791875,56000,55000
facf70e64ade3be0cf43f624bf535de063bf52f8,1571.00,61.50,6.394549791,55000,55000
facf70e64ade3be0cf43f624bf535de063bf52f8,1576.46,61.76,6.411426817,55000,55000
facf70e64ade3be0cf43f624bf535de063bf52f8,1561.09,61.19,6.349516423,54000,54000
facf70e64ade3be0cf43f624bf535de063bf52f8,1564.20,61.42,6.352690913,55000,55000
facf70e64ade3be0cf43f624bf535de063bf52f8,1551.20,61.02,6.298687753,54000,54000
facf70e64ade3be0cf43f624bf535de063bf52f8,1558.17,60.88,6.330855622,54000,54000
facf70e64ade3be0cf43f624bf535de063bf52f8,1566.86,61.07,6.369101120,54000,54000
facf70e64ade3be0cf43f624bf535de063bf52f8,1576.95,61.36,6.407067970,55000,54000
facf70e64ade3be0cf43f624bf535de063bf52f8,1567.07,61.21,6.364812986,55000,54000
facf70e64ade3be0cf43f624bf535de063bf52f8,1566.85,61.05,6.367975471,55000,55000
facf70e64ade3be0cf43f624bf535de063bf52f8,1569.77,61.19,6.387988128,54000,55000
facf70e64ade3be0cf43f624bf535de063bf52f8,1601.07,62.46,6.523907322,55000,54000
facf70e64ade3be0cf43f624bf535de063bf52f8,1547.55,60.62,6.291493334,55000,55000
facf70e64ade3be0cf43f624bf535de063bf52f8,1550.29,60.66,6.299784585,54000,54000
facf70e64ade3be0cf43f624bf535de063bf52f8,1563.71,60.91,6.354354025,55000,55000
facf70e64ade3be0cf43f624bf535de063bf52f8,1578.23,62.02,6.399353491,54000,56000
facf70e64ade3be0cf43f624bf535de063bf52f8,1582.46,61.85,6.436709629,54000,55000
facf70e64ade3be0cf43f624bf535de063bf52f8,1571.70,61.41,6.380734842,54000,54000
facf70e64ade3be0cf43f624bf535de063bf52f8,1563.85,61.08,6.349374591,54000,54000
facf70e64ade3be0cf43f624bf535de063bf52f8,1586.42,61.96,6.456764513,55000,56000
facf70e64ade3be0cf43f624bf535de063bf52f8,1558.03,60.89,6.323769583,54000,55000
facf70e64ade3be0cf43f624bf535de063bf52f8,1568.21,61.42,6.354853357,55000,54000
facf70e64ade3be0cf43f624bf535de063bf52f8,1575.10,61.73,6.394427918,55000,54000
facf70e64ade3be0cf43f624bf535de063bf52f8,1564.15,60.97,6.364328973,56000,55000
facf70e64ade3be0cf43f624bf535de063bf52f8,1572.63,61.56,6.401952937,55000,56000
facf70e64ade3be0cf43f624bf535de063bf52f8,1572.98,61.49,6.395243792,55000,54000
2f5e4b70fe51e05a18eeb9ab603017137c7b1899,1563.75,61.45,6.378217288,54000,54000
2f5e4b70fe51e05a18eeb9ab603017137c7b1899,1553.36,60.51,6.353582154,54000,54000
2f5e4b70fe51e05a18eeb9ab603017137c7b1899,1569.42,61.42,6.397802912,54000,53000
2f5e4b70fe51e05a18eeb9ab603017137c7b1899,1568.90,61.50,6.399175935,54000,54000
2f5e4b70fe51e05a18eeb9ab603017137c7b1899,1568.97,61.57,6.391728460,54000,54000
2f5e4b70fe51e05a18eeb9ab603017137c7b1899,1566.38,61.29,6.387010815,54000,54000
2f5e4b70fe51e05a18eeb9ab603017137c7b1899,1573.13,61.44,6.421618757,54000,55000
2f5e4b70fe51e05a18eeb9ab603017137c7b1899,1570.85,61.63,6.403038395,54000,54000
2f5e4b70fe51e05a18eeb9ab603017137c7b1899,1561.28,60.88,6.372556800,54000,54000
2f5e4b70fe51e05a18eeb9ab603017137c7b1899,1572.63,61.71,6.411496277,54000,54000
2f5e4b70fe51e05a18eeb9ab603017137c7b1899,1553.50,60.87,6.344807752,54000,54000
2f5e4b70fe51e05a18eeb9ab603017137c7b1899,1543.45,60.42,6.306589730,54000,54000
2f5e4b70fe51e05a18eeb9ab603017137c7b1899,1560.08,61.15,6.368886003,54000,54000
2f5e4b70fe51e05a18eeb9ab603017137c7b1899,1560.66,61.13,6.366962140,54000,54000
2f5e4b70fe51e05a18eeb9ab603017137c7b1899,1566.10,61.44,6.381316719,54000,54000
2f5e4b70fe51e05a18eeb9ab603017137c7b1899,1559.03,61.03,6.346696877,54000,54000
2f5e4b70fe51e05a18eeb9ab603017137c7b1899,1576.73,61.72,6.422660759,54000,55000
2f5e4b70fe51e05a18eeb9ab603017137c7b1899,1564.05,61.13,6.380008426,54000,54000
2f5e4b70fe51e05a18eeb9ab603017137c7b1899,1565.08,61.14,6.386223625,55000,54000
2f5e4b70fe51e05a18eeb9ab603017137c7b1899,1562.09,61.13,6.376920841,54000,54000
2f5e4b70fe51e05a18eeb9ab603017137c7b1899,1551.48,60.50,6.340740574,54000,54000
2f5e4b70fe51e05a18eeb9ab603017137c7b1899,1554.21,60.76,6.352940239,54000,54000
2f5e4b70fe51e05a18eeb9ab603017137c7b1899,1558.53,61.32,6.357950023,55000,55000
2f5e4b70fe51e05a18eeb9ab603017137c7b1899,1566.41,61.33,6.379930797,54000,55000
2f5e4b70fe51e05a18eeb9ab603017137c7b1899,1558.11,60.91,6.357694400,54000,54000
2f5e4b70fe51e05a18eeb9ab603017137c7b1899,1584.00,62.17,6.446898742,54000,55000
2f5e4b70fe51e05a18eeb9ab603017137c7b1899,1561.33,60.89,6.364146792,56000,55000
2f5e4b70fe51e05a18eeb9ab603017137c7b1899,1572.85,62.03,6.413870282,54000,55000
2f5e4b70fe51e05a18eeb9ab603017137c7b1899,1556.24,60.75,6.354278242,55000,54000
2f5e4b70fe51e05a18eeb9ab603017137c7b1899,1551.92,60.72,6.330843492,54000,55000
a4d9514a1dfd0d9036221e542861a7b448443b35,1546.52,60.33,6.319505253,54000,54000
a4d9514a1dfd0d9036221e542861a7b448443b35,1555.65,60.89,6.351263405,54000,54000
a4d9514a1dfd0d9036221e542861a7b448443b35,1574.23,61.79,6.416911248,54000,54000
a4d9514a1dfd0d9036221e542861a7b448443b35,1554.68,60.78,6.352680761,55000,54000
a4d9514a1dfd0d9036221e542861a7b448443b35,1556.62,61.01,6.356733341,54000,54000
a4d9514a1dfd0d9036221e542861a7b448443b35,1560.70,61.10,6.370566571,54000,54000
a4d9514a1dfd0d9036221e542861a7b448443b35,1563.63,61.25,6.388988238,54000,54000
a4d9514a1dfd0d9036221e542861a7b448443b35,1566.80,61.49,6.385121240,54000,55000
a4d9514a1dfd0d9036221e542861a7b448443b35,1570.80,61.68,6.403083729,54000,54000
a4d9514a1dfd0d9036221e542861a7b448443b35,1561.09,61.04,6.376862297,54000,54000
a4d9514a1dfd0d9036221e542861a7b448443b35,1562.21,61.15,6.387583138,54000,54000
a4d9514a1dfd0d9036221e542861a7b448443b35,1557.57,61.16,6.373187976,54000,54000
a4d9514a1dfd0d9036221e542861a7b448443b35,1550.73,60.83,6.344347677,54000,54000
a4d9514a1dfd0d9036221e542861a7b448443b35,1561.25,61.10,6.387895321,55000,54000
a4d9514a1dfd0d9036221e542861a7b448443b35,1557.21,61.18,6.349994357,54000,55000
a4d9514a1dfd0d9036221e542861a7b448443b35,1558.45,60.82,6.370014675,54000,54000
a4d9514a1dfd0d9036221e542861a7b448443b35,1544.57,60.47,6.299207302,54000,54000
a4d9514a1dfd0d9036221e542861a7b448443b35,1564.24,61.38,6.382334647,55000,54000
a4d9514a1dfd0d9036221e542861a7b448443b35,1552.48,60.82,6.332584291,54000,54000
a4d9514a1dfd0d9036221e542861a7b448443b35,1546.60,60.60,6.321541639,54000,53000
a4d9514a1dfd0d9036221e542861a7b448443b35,1549.55,60.76,6.321037241,56000,54000
a4d9514a1dfd0d9036221e542861a7b448443b35,1556.62,61.20,6.352016588,54000,54000
a4d9514a1dfd0d9036221e542861a7b448443b35,1538.90,60.30,6.288347339,54000,54000
a4d9514a1dfd0d9036221e542861a7b448443b35,1567.46,61.52,6.387958012,54000,55000
a4d9514a1dfd0d9036221e542861a7b448443b35,1551.23,60.74,6.343482589,54000,54000
a4d9514a1dfd0d9036221e542861a7b448443b35,1558.58,61.26,6.370184732,54000,54000
a4d9514a1dfd0d9036221e542861a7b448443b35,1574.78,61.76,6.440704007,55000,54000
a4d9514a1dfd0d9036221e542861a7b448443b35,1540.71,60.25,6.319276589,54000,54000
a4d9514a1dfd0d9036221e542861a7b448443b35,1563.48,61.36,6.395031271,54000,54000
a4d9514a1dfd0d9036221e542861a7b448443b35,1550.68,60.65,6.333774728,55000,54000
f39b2445c05f127d706df241744367c39de65f3d,1539.46,60.40,6.351311857,54000,54000
f39b2445c05f127d706df241744367c39de65f3d,1560.56,61.41,6.405132454,54000,54000
f39b2445c05f127d706df241744367c39de65f3d,1542.86,60.32,6.327062394,54000,54000
f39b2445c05f127d706df241744367c39de65f3d,1539.60,60.29,6.300228475,54000,54000
f39b2445c05f127d706df241744367c39de65f3d,1555.28,61.14,6.363063506,54000,54000
f39b2445c05f127d706df241744367c39de65f3d,1563.81,61.50,6.382696058,54000,54000
f39b2445c05f127d706df241744367c39de65f3d,1565.82,61.07,6.416500917,53000,54000
f39b2445c05f127d706df241744367c39de65f3d,1569.65,61.36,6.426409224,54000,54000
f39b2445c05f127d706df241744367c39de65f3d,1550.98,60.47,6.347418385,54000,53000
f39b2445c05f127d706df241744367c39de65f3d,1564.93,61.38,6.408378867,54000,53000
f39b2445c05f127d706df241744367c39de65f3d,1556.83,61.07,6.364842179,54000,53000
f39b2445c05f127d706df241744367c39de65f3d,1584.09,62.33,6.475298907,54000,54000
f39b2445c05f127d706df241744367c39de65f3d,1557.99,60.96,6.372578800,54000,53000
f39b2445c05f127d706df241744367c39de65f3d,1557.53,60.92,6.367146971,54000,53000
f39b2445c05f127d706df241744367c39de65f3d,1570.26,61.40,6.422782927,54000,54000
f39b2445c05f127d706df241744367c39de65f3d,1565.60,61.38,6.421802818,54000,53000
f39b2445c05f127d706df241744367c39de65f3d,1568.44,61.84,6.420342399,54000,54000
f39b2445c05f127d706df241744367c39de65f3d,1557.34,60.99,6.368713188,54000,54000
f39b2445c05f127d706df241744367c39de65f3d,1557.14,61.16,6.375282464,54000,54000
f39b2445c05f127d706df241744367c39de65f3d,1564.33,61.34,6.403216113,54000,52000
f39b2445c05f127d706df241744367c39de65f3d,1581.49,61.77,6.460679029,54000,54000
f39b2445c05f127d706df241744367c39de65f3d,1567.61,61.58,6.413264098,54000,54000
f39b2445c05f127d706df241744367c39de65f3d,1553.78,60.92,6.361575544,54000,54000
f39b2445c05f127d706df241744367c39de65f3d,1555.27,60.92,6.363706319,54000,54000
f39b2445c05f127d706df241744367c39de65f3d,1576.89,62.12,6.447825066,54000,54000
f39b2445c05f127d706df241744367c39de65f3d,1566.86,61.68,6.394761712,54000,54000
f39b2445c05f127d706df241744367c39de65f3d,1567.18,61.43,6.394099418,54000,54000
f39b2445c05f127d706df241744367c39de65f3d,1575.32,62.08,6.442825537,54000,54000
f39b2445c05f127d706df241744367c39de65f3d,1563.54,61.35,6.390393273,54000,53000
f39b2445c05f127d706df241744367c39de65f3d,1542.54,60.16,6.299709517,54000,54000
cde150d8918ce8482e4f6269889ccae715127163,1592.97,62.89,6.534159766,54000,53000
cde150d8918ce8482e4f6269889ccae715127163,1581.04,62.21,6.470065681,54000,54000
cde150d8918ce8482e4f6269889ccae715127163,1593.34,62.53,6.510136676,54000,54000
cde150d8918ce8482e4f6269889ccae715127163,1606.32,63.18,6.568564529,54000,54000
cde150d8918ce8482e4f6269889ccae715127163,1603.65,63.14,6.538148615,54000,53000
cde150d8918ce8482e4f6269889ccae715127163,1592.12,62.23,6.515322140,54000,54000
cde150d8918ce8482e4f6269889ccae715127163,1595.21,62.49,6.527818023,54000,54000
cde150d8918ce8482e4f6269889ccae715127163,1601.14,62.78,6.531358348,53000,53000
cde150d8918ce8482e4f6269889ccae715127163,1617.79,63.67,6.594486248,53000,54000
cde150d8918ce8482e4f6269889ccae715127163,1603.70,62.60,6.566687414,54000,54000
cde150d8918ce8482e4f6269889ccae715127163,1586.62,62.33,6.483448703,53000,54000
cde150d8918ce8482e4f6269889ccae715127163,1623.15,64.09,6.615117012,54000,54000
cde150d8918ce8482e4f6269889ccae715127163,1603.31,63.39,6.535869953,53000,53000
cde150d8918ce8482e4f6269889ccae715127163,1609.31,62.98,6.569015331,54000,54000
cde150d8918ce8482e4f6269889ccae715127163,1613.03,63.59,6.591172769,54000,54000
cde150d8918ce8482e4f6269889ccae715127163,1605.65,63.08,6.567229012,54000,54000
cde150d8918ce8482e4f6269889ccae715127163,1614.21,63.95,6.575612041,52000,54000
cde150d8918ce8482e4f6269889ccae715127163,1600.47,62.70,6.544437886,54000,54000
cde150d8918ce8482e4f6269889ccae715127163,1601.66,63.21,6.545676173,54000,53000
cde150d8918ce8482e4f6269889ccae715127163,1604.70,63.48,6.545431465,54000,54000
cde150d8918ce8482e4f6269889ccae715127163,1591.16,63.13,6.495905269,54000,54000
cde150d8918ce8482e4f6269889ccae715127163,1599.75,62.94,6.539015005,53000,54000
cde150d8918ce8482e4f6269889ccae715127163,1599.16,63.02,6.513016180,53000,54000
cde150d8918ce8482e4f6269889ccae715127163,1611.19,63.76,6.567089074,54000,54000
cde150d8918ce8482e4f6269889ccae715127163,1592.93,62.96,6.504880838,54000,54000
cde150d8918ce8482e4f6269889ccae715127163,1601.52,63.04,6.533524192,53000,54000
cde150d8918ce8482e4f6269889ccae715127163,1594.09,62.89,6.519000770,54000,54000
cde150d8918ce8482e4f6269889ccae715127163,1615.78,63.88,6.590099396,54000,54000
cde150d8918ce8482e4f6269889ccae715127163,1598.81,62.56,6.526229781,54000,54000
cde150d8918ce8482e4f6269889ccae715127163,1588.71,62.20,6.495093982,54000,54000
b6ebd74500dd582156a8438288b0db2389243e7e,1595.88,62.70,6.519246520,54000,54000
b6ebd74500dd582156a8438288b0db2389243e7e,1586.62,62.28,6.468683160,54000,54000
b6ebd74500dd582156a8438288b0db2389243e7e,1597.96,62.73,6.524294924,54000,54000
b6ebd74500dd582156a8438288b0db2389243e7e,1596.77,63.08,6.513643955,54000,54000
b6ebd74500dd582156a8438288b0db2389243e7e,1585.27,62.19,6.480564398,54000,54000
b6ebd74500dd582156a8438288b0db2389243e7e,1588.91,62.63,6.476033611,53000,53000
b6ebd74500dd582156a8438288b0db2389243e7e,1595.47,62.66,6.508213020,54000,54000
b6ebd74500dd582156a8438288b0db2389243e7e,1587.04,62.44,6.473216928,54000,54000
b6ebd74500dd582156a8438288b0db2389243e7e,1598.62,63.03,6.509537964,54000,54000
b6ebd74500dd582156a8438288b0db2389243e7e,1589.48,62.55,6.481301752,54000,54000
b6ebd74500dd582156a8438288b0db2389243e7e,1593.96,62.85,6.492907790,54000,54000
b6ebd74500dd582156a8438288b0db2389243e7e,1590.18,62.59,6.498864067,54000,54000
b6ebd74500dd582156a8438288b0db2389243e7e,1612.77,63.75,6.577462537,54000,54000
b6ebd74500dd582156a8438288b0db2389243e7e,1606.50,63.38,6.552934078,54000,54000
b6ebd74500dd582156a8438288b0db2389243e7e,1589.32,62.56,6.479402224,54000,54000
b6ebd74500dd582156a8438288b0db2389243e7e,1609.18,63.42,6.564030148,54000,54000
b6ebd74500dd582156a8438288b0db2389243e7e,1594.83,63.05,6.504042725,54000,54000
b6ebd74500dd582156a8438288b0db2389243e7e,1592.62,62.96,6.502482109,54000,54000
b6ebd74500dd582156a8438288b0db2389243e7e,1601.76,63.38,6.529021059,54000,55000
b6ebd74500dd582156a8438288b0db2389243e7e,1606.51,63.15,6.545144097,54000,54000
b6ebd74500dd582156a8438288b0db2389243e7e,1600.93,63.14,6.512718643,54000,54000
b6ebd74500dd582156a8438288b0db2389243e7e,1601.23,63.08,6.518549970,55000,55000
b6ebd74500dd582156a8438288b0db2389243e7e,1601.47,62.73,6.532513345,54000,54000
b6ebd74500dd582156a8438288b0db2389243e7e,1610.63,63.43,6.571493397,54000,54000
b6ebd74500dd582156a8438288b0db2389243e7e,1615.56,63.38,6.602769028,54000,54000
b6ebd74500dd582156a8438288b0db2389243e7e,1592.06,62.64,6.491107632,55000,54000
b6ebd74500dd582156a8438288b0db2389243e7e,1613.04,63.89,6.561200860,54000,54000
b6ebd74500dd582156a8438288b0db2389243e7e,1598.34,62.83,6.516194244,54000,54000
b6ebd74500dd582156a8438288b0db2389243e7e,1598.84,63.00,6.511348990,54000,54000
b6ebd74500dd582156a8438288b0db2389243e7e,1609.88,63.64,6.548702072,54000,54000
08fee44f007846e7686f5eae83a0b13f349ba156,1633.25,64.37,6.652004849,54000,54000
08fee44f007846e7686f5eae83a0b13f349ba156,1613.22,63.58,6.554983812,54000,54000
08fee44f007846e7686f5eae83a0b13f349ba156,1602.60,62.96,6.534624219,54000,54000
08fee44f007846e7686f5eae83a0b13f349ba156,1609.88,63.37,6.546499222,54000,54000
08fee44f007846e7686f5eae83a0b13f349ba156,1603.73,62.60,6.553563543,54000,54000
08fee44f007846e7686f5eae83a0b13f349ba156,1601.09,62.94,6.535516010,54000,54000
08fee44f007846e7686f5eae83a0b13f349ba156,1619.72,63.72,6.600397691,54000,54000
08fee44f007846e7686f5eae83a0b13f349ba156,1611.02,63.13,6.562147542,54000,54000
08fee44f007846e7686f5eae83a0b13f349ba156,1592.09,62.10,6.494297326,55000,55000
08fee44f007846e7686f5eae83a0b13f349ba156,1608.35,63.03,6.559711611,54000,55000
08fee44f007846e7686f5eae83a0b13f349ba156,1608.87,63.08,6.556488535,55000,54000
08fee44f007846e7686f5eae83a0b13f349ba156,1601.59,62.89,6.535284285,54000,54000
08fee44f007846e7686f5eae83a0b13f349ba156,1615.98,63.80,6.599708317,54000,54000
08fee44f007846e7686f5eae83a0b13f349ba156,1592.06,62.73,6.489910679,55000,54000
08fee44f007846e7686f5eae83a0b13f349ba156,1613.56,63.60,6.561524683,55000,54000
08fee44f007846e7686f5eae83a0b13f349ba156,1622.99,63.90,6.605642469,54000,54000
08fee44f007846e7686f5eae83a0b13f349ba156,1604.85,63.33,6.536679288,55000,54000
08fee44f007846e7686f5eae83a0b13f349ba156,1603.68,63.34,6.540344344,54000,54000
08fee44f007846e7686f5eae83a0b13f349ba156,1616.73,63.59,6.599584744,54000,54000
08fee44f007846e7686f5eae83a0b13f349ba156,1596.90,63.01,6.525906128,54000,54000
08fee44f007846e7686f5eae83a0b13f349ba156,1610.12,63.70,6.558438758,54000,54000
08fee44f007846e7686f5eae83a0b13f349ba156,1597.60,62.68,6.526618744,54000,54000
08fee44f007846e7686f5eae83a0b13f349ba156,1601.09,63.02,6.528451523,54000,55000
08fee44f007846e7686f5eae83a0b13f349ba156,1611.83,63.32,6.569494685,55000,55000
08fee44f007846e7686f5eae83a0b13f349ba156,1612.35,63.51,6.581235436,54000,54000
08fee44f007846e7686f5eae83a0b13f349ba156,1608.34,63.23,6.565391673,54000,54000
08fee44f007846e7686f5eae83a0b13f349ba156,1581.88,62.24,6.463987693,54000,54000
08fee44f007846e7686f5eae83a0b13f349ba156,1611.27,63.23,6.580865708,54000,55000
08fee44f007846e7686f5eae83a0b13f349ba156,1606.05,63.06,6.555624078,55000,54000
08fee44f007846e7686f5eae83a0b13f349ba156,1624.71,63.87,6.625841249,54000,54000
99f9dff840dd220db89122c00b567e10295e0a20,1614.42,63.52,6.568450457,55000,55000
99f9dff840dd220db89122c00b567e10295e0a20,1638.21,64.36,6.659819432,54000,55000
99f9dff840dd220db89122c00b567e10295e0a20,1606.35,63.16,6.527626898,55000,54000
99f9dff840dd220db89122c00b567e10295e0a20,1622.81,63.50,6.593012065,55000,56000
99f9dff840dd220db89122c00b567e10295e0a20,1605.34,62.88,6.529706809,54000,56000
99f9dff840dd220db89122c00b567e10295e0a20,1588.03,61.98,6.463325405,54000,54000
99f9dff840dd220db89122c00b567e10295e0a20,1614.80,63.36,6.561794033,54000,54000
99f9dff840dd220db89122c00b567e10295e0a20,1614.71,63.50,6.552594059,56000,55000
99f9dff840dd220db89122c00b567e10295e0a20,1598.07,62.71,6.495468488,54000,54000
99f9dff840dd220db89122c00b567e10295e0a20,1627.82,64.14,6.600177607,54000,55000
99f9dff840dd220db89122c00b567e10295e0a20,1618.75,63.70,6.553401055,54000,55000
99f9dff840dd220db89122c00b567e10295e0a20,1634.48,63.90,6.638215107,54000,54000
99f9dff840dd220db89122c00b567e10295e0a20,1609.61,63.28,6.511518957,54000,54000
99f9dff840dd220db89122c00b567e10295e0a20,1616.82,63.20,6.564367515,55000,55000
99f9dff840dd220db89122c00b567e10295e0a20,1609.87,62.72,6.540073345,54000,54000
99f9dff840dd220db89122c00b567e10295e0a20,1605.17,62.84,6.517077008,56000,55000
99f9dff840dd220db89122c00b567e10295e0a20,1638.95,64.30,6.660490350,55000,54000
99f9dff840dd220db89122c00b567e10295e0a20,1625.81,63.94,6.600272339,55000,55000
99f9dff840dd220db89122c00b567e10295e0a20,1610.81,63.31,6.535713833,55000,55000
99f9dff840dd220db89122c00b567e10295e0a20,1624.77,64.03,6.591581262,54000,55000
99f9dff840dd220db89122c00b567e10295e0a20,1617.01,63.58,6.551977179,54000,54000
99f9dff840dd220db89122c00b567e10295e0a20,1643.03,64.33,6.663553204,54000,55000
99f9dff840dd220db89122c00b567e10295e0a20,1627.94,64.06,6.593511852,55000,54000
99f9dff840dd220db89122c00b567e10295e0a20,1585.03,61.73,6.442687520,54000,55000
99f9dff840dd220db89122c00b567e10295e0a20,1606.38,63.06,6.520946916,54000,54000
99f9dff840dd220db89122c00b567e10295e0a20,1601.44,62.61,6.495461123,55000,55000
99f9dff840dd220db89122c00b567e10295e0a20,1618.45,63.21,6.567749565,56000,55000
99f9dff840dd220db89122c00b567e10295e0a20,1619.54,63.11,6.572658627,55000,56000
99f9dff840dd220db89122c00b567e10295e0a20,1591.61,62.37,6.468528035,55000,54000
99f9dff840dd220db89122c00b567e10295e0a20,1611.81,63.15,6.542038422,54000,54000
f3ccae86f06b3f2724bfe61a5c56c6908dac613c,1557.39,61.18,6.324901577,55000,54000
f3ccae86f06b3f2724bfe61a5c56c6908dac613c,1562.96,61.08,6.359292235,54000,54000
f3ccae86f06b3f2724bfe61a5c56c6908dac613c,1546.86,60.50,6.288736846,54000,55000
f3ccae86f06b3f2724bfe61a5c56c6908dac613c,1550.74,60.57,6.304068836,55000,55000
f3ccae86f06b3f2724bfe61a5c56c6908dac613c,1562.54,61.18,6.342384547,55000,55000
f3ccae86f06b3f2724bfe61a5c56c6908dac613c,1552.86,60.86,6.308467310,54000,54000
f3ccae86f06b3f2724bfe61a5c56c6908dac613c,1567.11,61.58,6.355841193,54000,54000
f3ccae86f06b3f2724bfe61a5c56c6908dac613c,1573.57,62.00,6.378736896,54000,54000
f3ccae86f06b3f2724bfe61a5c56c6908dac613c,1558.81,60.77,6.351850572,54000,54000
f3ccae86f06b3f2724bfe61a5c56c6908dac613c,1565.72,60.84,6.374702485,54000,54000
f3ccae86f06b3f2724bfe61a5c56c6908dac613c,1559.28,61.15,6.341323524,55000,54000
f3ccae86f06b3f2724bfe61a5c56c6908dac613c,1572.13,61.85,6.377699681,54000,54000
f3ccae86f06b3f2724bfe61a5c56c6908dac613c,1561.03,61.28,6.341020880,54000,54000
f3ccae86f06b3f2724bfe61a5c56c6908dac613c,1553.69,60.68,6.330615127,55000,54000
f3ccae86f06b3f2724bfe61a5c56c6908dac613c,1562.16,61.03,6.358216191,54000,54000
f3ccae86f06b3f2724bfe61a5c56c6908dac613c,1573.86,61.84,6.389868482,54000,54000
f3ccae86f06b3f2724bfe61a5c56c6908dac613c,1559.87,61.07,6.346209488,54000,54000
f3ccae86f06b3f2724bfe61a5c56c6908dac613c,1563.30,61.21,6.352655279,54000,54000
f3ccae86f06b3f2724bfe61a5c56c6908dac613c,1548.33,60.27,6.307772853,54000,54000
f3ccae86f06b3f2724bfe61a5c56c6908dac613c,1565.13,61.49,6.360632669,54000,54000
f3ccae86f06b3f2724bfe61a5c56c6908dac613c,1556.28,60.91,6.325602391,55000,54000
f3ccae86f06b3f2724bfe61a5c56c6908dac613c,1581.84,62.16,6.416671555,54000,54000
f3ccae86f06b3f2724bfe61a5c56c6908dac613c,1547.53,60.35,6.283834023,54000,54000
f3ccae86f06b3f2724bfe61a5c56c6908dac613c,1559.49,60.86,6.339761244,54000,55000
f3ccae86f06b3f2724bfe61a5c56c6908dac613c,1551.54,60.67,6.292572697,54000,55000
f3ccae86f06b3f2724bfe61a5c56c6908dac613c,1586.15,62.46,6.427286367,55000,55000
f3ccae86f06b3f2724bfe61a5c56c6908dac613c,1540.98,60.35,6.267755330,54000,54000
f3ccae86f06b3f2724bfe61a5c56c6908dac613c,1580.32,62.28,6.409470191,54000,54000
f3ccae86f06b3f2724bfe61a5c56c6908dac613c,1564.43,61.19,6.365852419,54000,54000
f3ccae86f06b3f2724bfe61a5c56c6908dac613c,1557.14,61.26,6.328146013,54000,54000
dad58a05eb5578df97674eb06e9700e85dce1de3,3516.15,134.85,14.714430027,55000,54000
dad58a05eb5578df97674eb06e9700e85dce1de3,3531.67,135.39,14.781254260,55000,54000
dad58a05eb5578df97674eb06e9700e85dce1de3,3486.54,133.73,14.617797759,53000,54000
dad58a05eb5578df97674eb06e9700e85dce1de3,3503.14,134.31,14.677110606,55000,55000
dad58a05eb5578df97674eb06e9700e85dce1de3,3504.08,134.54,14.690599497,55000,55000
dad58a05eb5578df97674eb06e9700e85dce1de3,3495.89,133.59,14.668055830,54000,54000
dad58a05eb5578df97674eb06e9700e85dce1de3,3521.79,135.22,14.743205644,54000,54000
dad58a05eb5578df97674eb06e9700e85dce1de3,3517.22,134.81,14.728239250,54000,54000
dad58a05eb5578df97674eb06e9700e85dce1de3,3501.98,134.43,14.677077877,55000,54000
dad58a05eb5578df97674eb06e9700e85dce1de3,3491.88,133.90,14.633905028,54000,55000
dad58a05eb5578df97674eb06e9700e85dce1de3,3503.11,134.17,14.685291105,55000,55000
dad58a05eb5578df97674eb06e9700e85dce1de3,3495.45,134.03,14.658058768,56000,55000
dad58a05eb5578df97674eb06e9700e85dce1de3,3487.80,133.76,14.634814157,54000,54000
dad58a05eb5578df97674eb06e9700e85dce1de3,3500.19,134.22,14.675322802,54000,55000
dad58a05eb5578df97674eb06e9700e85dce1de3,3498.53,133.90,14.670748741,54000,54000
dad58a05eb5578df97674eb06e9700e85dce1de3,3498.72,133.85,14.672053009,54000,54000
dad58a05eb5578df97674eb06e9700e85dce1de3,3505.44,134.65,14.688958667,54000,54000
dad58a05eb5578df97674eb06e9700e85dce1de3,3510.52,134.95,14.692662927,55000,55000
dad58a05eb5578df97674eb06e9700e85dce1de3,3509.83,134.75,14.705527802,54000,55000
dad58a05eb5578df97674eb06e9700e85dce1de3,3493.29,134.48,14.636782585,54000,54000
dad58a05eb5578df97674eb06e9700e85dce1de3,3512.85,135.23,14.725671250,54000,54000
dad58a05eb5578df97674eb06e9700e85dce1de3,3504.15,134.05,14.713948363,56000,54000
dad58a05eb5578df97674eb06e9700e85dce1de3,3487.76,134.04,14.639694283,55000,55000
dad58a05eb5578df97674eb06e9700e85dce1de3,3525.74,135.59,14.794248741,55000,54000
dad58a05eb5578df97674eb06e9700e85dce1de3,3485.65,133.87,14.629504163,54000,54000
dad58a05eb5578df97674eb06e9700e85dce1de3,3497.49,134.18,14.680150503,54000,54000
dad58a05eb5578df97674eb06e9700e85dce1de3,3521.10,135.05,14.798589481,54000,54000
dad58a05eb5578df97674eb06e9700e85dce1de3,3494.31,134.51,14.661906402,54000,54000
dad58a05eb5578df97674eb06e9700e85dce1de3,3491.96,134.18,14.675229338,54000,54000
dad58a05eb5578df97674eb06e9700e85dce1de3,3488.33,134.65,14.650347537,54000,54000
c8d98dcb3ed65054cb9814f272b5027ea4a8fc54,3478.87,134.65,14.715494175,53000,54000
c8d98dcb3ed65054cb9814f272b5027ea4a8fc54,3487.25,133.97,14.713854049,54000,54000
c8d98dcb3ed65054cb9814f272b5027ea4a8fc54,3470.58,132.80,14.634949986,54000,54000
c8d98dcb3ed65054cb9814f272b5027ea4a8fc54,3494.20,133.76,14.693002076,54000,54000
c8d98dcb3ed65054cb9814f272b5027ea4a8fc54,3500.67,134.02,14.711995546,54000,54000
c8d98dcb3ed65054cb9814f272b5027ea4a8fc54,3503.18,134.21,14.708083897,53000,54000
c8d98dcb3ed65054cb9814f272b5027ea4a8fc54,3501.59,134.12,14.718857762,53000,54000
c8d98dcb3ed65054cb9814f272b5027ea4a8fc54,3504.17,133.94,14.719359076,54000,54000
c8d98dcb3ed65054cb9814f272b5027ea4a8fc54,3501.87,133.92,14.690728226,54000,54000
c8d98dcb3ed65054cb9814f272b5027ea4a8fc54,3508.63,134.09,14.745786522,54000,54000
c8d98dcb3ed65054cb9814f272b5027ea4a8fc54,3474.03,132.69,14.592224403,55000,53000
c8d98dcb3ed65054cb9814f272b5027ea4a8fc54,3493.80,134.15,14.648028532,54000,54000
c8d98dcb3ed65054cb9814f272b5027ea4a8fc54,3506.45,134.39,14.748292021,53000,54000
c8d98dcb3ed65054cb9814f272b5027ea4a8fc54,3497.83,133.88,14.701578164,53000,54000
c8d98dcb3ed65054cb9814f272b5027ea4a8fc54,3506.88,134.53,14.692659358,54000,54000
c8d98dcb3ed65054cb9814f272b5027ea4a8fc54,3487.65,133.81,14.658848542,53000,54000
c8d98dcb3ed65054cb9814f272b5027ea4a8fc54,3475.62,132.92,14.615558165,54000,54000
c8d98dcb3ed65054cb9814f272b5027ea4a8fc54,3498.09,133.93,14.662202129,54000,54000
c8d98dcb3ed65054cb9814f272b5027ea4a8fc54,3497.18,134.17,14.693638952,54000,54000
c8d98dcb3ed65054cb9814f272b5027ea4a8fc54,3498.44,134.21,14.708116710,54000,54000
c8d98dcb3ed65054cb9814f272b5027ea4a8fc54,3492.14,133.91,14.646654619,54000,54000
c8d98dcb3ed65054cb9814f272b5027ea4a8fc54,3490.41,134.03,14.668031853,54000,53000
c8d98dcb3ed65054cb9814f272b5027ea4a8fc54,3503.51,134.49,14.702336146,54000,54000
c8d98dcb3ed65054cb9814f272b5027ea4a8fc54,3490.58,134.29,14.642469349,54000,54000
c8d98dcb3ed65054cb9814f272b5027ea4a8fc54,3521.69,135.25,14.789748599,54000,54000
c8d98dcb3ed65054cb9814f272b5027ea4a8fc54,3501.73,134.49,14.692697019,54000,53000
c8d98dcb3ed65054cb9814f272b5027ea4a8fc54,3513.21,134.67,14.718331079,53000,54000
c8d98dcb3ed65054cb9814f272b5027ea4a8fc54,3491.93,134.19,14.689974327,54000,54000
c8d98dcb3ed65054cb9814f272b5027ea4a8fc54,3515.45,135.21,14.731246020,54000,54000
c8d98dcb3ed65054cb9814f272b5027ea4a8fc54,3507.08,134.28,14.706696889,54000,54000
2f75e608f16e9768e23d2858838ab48e11046750,3488.38,134.60,14.739555470,54000,54000
2f75e608f16e9768e23d2858838ab48e11046750,3484.19,133.43,14.663120984,54000,54000
2f75e608f16e9768e23d2858838ab48e11046750,3496.72,134.42,14.686287775,54000,54000
2f75e608f16e9768e23d2858838ab48e11046750,3505.68,134.82,14.717795890,54000,54000
2f75e608f16e9768e23d2858838ab48e11046750,3502.17,134.15,14.684427318,54000,54000
2f75e608f16e9768e23d2858838ab48e11046750,3505.35,134.00,14.728962349,54000,54000
2f75e608f16e9768e23d2858838ab48e11046750,3494.53,134.24,14.670641991,54000,54000
2f75e608f16e9768e23d2858838ab48e11046750,3526.13,135.39,14.776504601,54000,54000
2f75e608f16e9768e23d2858838ab48e11046750,3515.25,134.88,14.747800378,53000,54000
2f75e608f16e9768e23d2858838ab48e11046750,3506.85,134.94,14.715635781,54000,54000
2f75e608f16e9768e23d2858838ab48e11046750,3490.52,133.92,14.652150407,54000,53000
2f75e608f16e9768e23d2858838ab48e11046750,3503.65,134.82,14.712990069,54000,54000
2f75e608f16e9768e23d2858838ab48e11046750,3492.46,134.04,14.661304361,54000,53000
2f75e608f16e9768e23d2858838ab48e11046750,3521.12,134.41,14.759832115,54000,54000
2f75e608f16e9768e23d2858838ab48e11046750,3508.82,134.72,14.726629129,54000,54000
2f75e608f16e9768e23d2858838ab48e11046750,3476.47,133.37,14.623355618,53000,53000
2f75e608f16e9768e23d2858838ab48e11046750,3489.74,133.93,14.635827297,54000,54000
2f75e608f16e9768e23d2858838ab48e11046750,3487.77,134.40,14.646728570,53000,54000
2f75e608f16e9768e23d2858838ab48e11046750,3496.47,134.32,14.710900681,53000,54000
2f75e608f16e9768e23d2858838ab48e11046750,3498.29,134.51,14.673668448,54000,54000
2f75e608f16e9768e23d2858838ab48e11046750,3495.71,134.85,14.682663642,53000,53000
2f75e608f16e9768e23d2858838ab48e11046750,3486.73,134.11,14.645646713,54000,54000
2f75e608f16e9768e23d2858838ab48e11046750,3520.62,134.73,14.763550088,54000,54000
2f75e608f16e9768e23d2858838ab48e11046750,3490.56,133.88,14.656769258,53000,54000
2f75e608f16e9768e23d2858838ab48e11046750,3507.34,135.39,14.722255731,54000,54000
2f75e608f16e9768e23d2858838ab48e11046750,3487.63,133.89,14.613518519,54000,54000
2f75e608f16e9768e23d2858838ab48e11046750,3511.96,135.40,14.742731203,54000,54000
2f75e608f16e9768e23d2858838ab48e11046750,3517.67,135.30,14.748443616,54000,54000
2f75e608f16e9768e23d2858838ab48e11046750,3519.96,135.20,14.731586436,54000,54000
2f75e608f16e9768e23d2858838ab48e11046750,3508.08,135.03,14.712861143,54000,54000
b1277511aa9ddc43857595c54b71669a87fbc33b,3497.42,134.33,14.667185731,54000,54000
b1277511aa9ddc43857595c54b71669a87fbc33b,3532.33,136.08,14.787218719,54000,54000
b1277511aa9ddc43857595c54b71669a87fbc33b,3527.19,136.08,14.770375389,54000,54000
b1277511aa9ddc43857595c54b71669a87fbc33b,3530.72,135.84,14.810898608,54000,54000
b1277511aa9ddc43857595c54b71669a87fbc33b,3528.94,136.17,14.797680457,53000,54000
b1277511aa9ddc43857595c54b71669a87fbc33b,3518.51,135.59,14.740602835,54000,54000
b1277511aa9ddc43857595c54b71669a87fbc33b,3523.41,135.69,14.769401987,54000,54000
b1277511aa9ddc43857595c54b71669a87fbc33b,3535.74,136.41,14.801715732,54000,54000
b1277511aa9ddc43857595c54b71669a87fbc33b,3532.38,136.08,14.792646537,54000,54000
b1277511aa9ddc43857595c54b71669a87fbc33b,3526.31,135.88,14.767606846,54000,54000
b1277511aa9ddc43857595c54b71669a87fbc33b,3527.99,135.82,14.791585045,54000,54000
b1277511aa9ddc43857595c54b71669a87fbc33b,3524.09,136.02,14.764641384,54000,54000
b1277511aa9ddc43857595c54b71669a87fbc33b,3527.47,136.07,14.775413359,54000,54000
b1277511aa9ddc43857595c54b71669a87fbc33b,3504.24,135.09,14.673878394,53000,54000
b1277511aa9ddc43857595c54b71669a87fbc33b,3517.35,135.60,14.732379152,53000,54000
b1277511aa9ddc43857595c54b71669a87fbc33b,3550.05,136.73,14.872654507,54000,54000
b1277511aa9ddc43857595c54b71669a87fbc33b,3513.29,134.92,14.718474115,54000,54000
b1277511aa9ddc43857595c54b71669a87fbc33b,3533.68,136.02,14.813435445,54000,54000
b1277511aa9ddc43857595c54b71669a87fbc33b,3520.04,135.83,14.740882120,54000,54000
b1277511aa9ddc43857595c54b71669a87fbc33b,3523.69,135.52,14.757091699,54000,54000
b1277511aa9ddc43857595c54b71669a87fbc33b,3523.29,135.51,14.759610550,54000,53000
b1277511aa9ddc43857595c54b71669a87fbc33b,3526.69,135.39,14.766858747,54000,54000
b1277511aa9ddc43857595c54b71669a87fbc33b,3519.44,135.30,14.737831610,54000,54000
b1277511aa9ddc43857595c54b71669a87fbc33b,3517.85,134.87,14.749737531,54000,54000
b1277511aa9ddc43857595c54b71669a87fbc33b,3507.37,135.10,14.694642973,54000,54000
b1277511aa9ddc43857595c54b71669a87fbc33b,3521.47,135.59,14.746510540,54000,54000
b1277511aa9ddc43857595c54b71669a87fbc33b,3511.13,134.79,14.702966052,54000,54000
b1277511aa9ddc43857595c54b71669a87fbc33b,3534.22,135.61,14.806335262,55000,54000
b1277511aa9ddc43857595c54b71669a87fbc33b,3532.17,135.97,14.779711383,54000,55000
b1277511aa9ddc43857595c54b71669a87fbc33b,3536.60,136.19,14.795585892,54000,55000
4ba09ee29398645ae3375d354925b7a2ecbcc9b4,3622.79,139.05,15.178840824,54000,55000
4ba09ee29398645ae3375d354925b7a2ecbcc9b4,3608.22,138.91,15.088900867,54000,55000
4ba09ee29398645ae3375d354925b7a2ecbcc9b4,3617.74,139.23,15.120784525,54000,54000
4ba09ee29398645ae3375d354925b7a2ecbcc9b4,3596.67,137.92,15.069120110,54000,54000
4ba09ee29398645ae3375d354925b7a2ecbcc9b4,3611.73,139.14,15.112068791,54000,54000
4ba09ee29398645ae3375d354925b7a2ecbcc9b4,3586.98,137.22,15.039696978,54000,54000
4ba09ee29398645ae3375d354925b7a2ecbcc9b4,3608.70,138.44,15.117030883,54000,54000
4ba09ee29398645ae3375d354925b7a2ecbcc9b4,3619.91,139.21,15.147103016,54000,54000
4ba09ee29398645ae3375d354925b7a2ecbcc9b4,3608.73,138.09,15.118615953,54000,54000
4ba09ee29398645ae3375d354925b7a2ecbcc9b4,3614.78,138.75,15.127823181,54000,54000
4ba09ee29398645ae3375d354925b7a2ecbcc9b4,3606.37,138.58,15.096455457,54000,54000
4ba09ee29398645ae3375d354925b7a2ecbcc9b4,3612.69,138.89,15.127848322,54000,55000
4ba09ee29398645ae3375d354925b7a2ecbcc9b4,3614.10,138.14,15.173290691,54000,54000
4ba09ee29398645ae3375d354925b7a2ecbcc9b4,3615.08,138.66,15.172188533,54000,55000
4ba09ee29398645ae3375d354925b7a2ecbcc9b4,3593.09,137.40,15.067450207,55000,54000
4ba09ee29398645ae3375d354925b7a2ecbcc9b4,3610.05,138.89,15.112604559,54000,55000
4ba09ee29398645ae3375d354925b7a2ecbcc9b4,3608.21,138.72,15.096762534,54000,54000
4ba09ee29398645ae3375d354925b7a2ecbcc9b4,3620.63,139.59,15.157104463,54000,55000
4ba09ee29398645ae3375d354925b7a2ecbcc9b4,3607.65,138.88,15.114869919,54000,54000
4ba09ee29398645ae3375d354925b7a2ecbcc9b4,3618.90,139.67,15.163975649,54000,54000
4ba09ee29398645ae3375d354925b7a2ecbcc9b4,3616.73,139.34,15.148994427,54000,55000
4ba09ee29398645ae3375d354925b7a2ecbcc9b4,3617.02,139.24,15.142503293,55000,54000
4ba09ee29398645ae3375d354925b7a2ecbcc9b4,3613.19,139.27,15.110045231,54000,54000
4ba09ee29398645ae3375d354925b7a2ecbcc9b4,3610.78,139.08,15.119512124,54000,54000
4ba09ee29398645ae3375d354925b7a2ecbcc9b4,3611.63,139.24,15.125527021,54000,54000
4ba09ee29398645ae3375d354925b7a2ecbcc9b4,3591.56,138.02,15.062115968,54000,55000
4ba09ee29398645ae3375d354925b7a2ecbcc9b4,3595.25,138.27,15.091002803,54000,55000
4ba09ee29398645ae3375d354925b7a2ecbcc9b4,3604.90,138.83,15.112168633,54000,54000
4ba09ee29398645ae3375d354925b7a2ecbcc9b4,3629.14,139.56,15.201524351,54000,54000
4ba09ee29398645ae3375d354925b7a2ecbcc9b4,3599.37,137.76,15.091206518,53000,54000
c1df0def5498a5e4d698fe2e21cdd0b980eadd94,3661.32,142.09,15.413047755,54000,54000
c1df0def5498a5e4d698fe2e21cdd0b980eadd94,3660.79,141.32,15.371668564,53000,54000
c1df0def5498a5e4d698fe2e21cdd0b980eadd94,3660.96,141.11,15.347245914,54000,54000
c1df0def5498a5e4d698fe2e21cdd0b980eadd94,3672.34,141.49,15.399400592,54000,54000
c1df0def5498a5e4d698fe2e21cdd0b980eadd94,3696.70,142.16,15.461193546,53000,54000
c1df0def5498a5e4d698fe2e21cdd0b980eadd94,3692.90,142.19,15.460028347,54000,53000
c1df0def5498a5e4d698fe2e21cdd0b980eadd94,3690.91,142.16,15.449800702,54000,54000
c1df0def5498a5e4d698fe2e21cdd0b980eadd94,3695.17,142.09,15.463081548,54000,53000
c1df0def5498a5e4d698fe2e21cdd0b980eadd94,3691.51,142.24,15.462836774,53000,54000
c1df0def5498a5e4d698fe2e21cdd0b980eadd94,3706.32,142.81,15.505714367,53000,54000
c1df0def5498a5e4d698fe2e21cdd0b980eadd94,3709.21,143.11,15.512058910,54000,54000
c1df0def5498a5e4d698fe2e21cdd0b980eadd94,3680.99,141.77,15.430167084,54000,54000
c1df0def5498a5e4d698fe2e21cdd0b980eadd94,3711.16,142.56,15.586923535,54000,52000
c1df0def5498a5e4d698fe2e21cdd0b980eadd94,3714.67,142.32,15.535433325,54000,54000
c1df0def5498a5e4d698fe2e21cdd0b980eadd94,3697.22,142.75,15.468803380,54000,54000
c1df0def5498a5e4d698fe2e21cdd0b980eadd94,3683.59,142.30,15.430673211,54000,54000
c1df0def5498a5e4d698fe2e21cdd0b980eadd94,3687.68,141.87,15.431427541,54000,54000
c1df0def5498a5e4d698fe2e21cdd0b980eadd94,3680.26,142.17,15.438580097,53000,54000
c1df0def5498a5e4d698fe2e21cdd0b980eadd94,3684.69,141.78,15.468494883,53000,54000
c1df0def5498a5e4d698fe2e21cdd0b980eadd94,3677.25,141.30,15.393417662,54000,54000
c1df0def5498a5e4d698fe2e21cdd0b980eadd94,3682.52,142.48,15.433108729,52000,54000
c1df0def5498a5e4d698fe2e21cdd0b980eadd94,3700.06,142.52,15.502060150,54000,53000
c1df0def5498a5e4d698fe2e21cdd0b980eadd94,3685.60,141.04,15.460082724,54000,54000
c1df0def5498a5e4d698fe2e21cdd0b980eadd94,3676.57,141.19,15.426594740,54000,54000
c1df0def5498a5e4d698fe2e21cdd0b980eadd94,3677.92,142.10,15.408479597,54000,54000
c1df0def5498a5e4d698fe2e21cdd0b980eadd94,3698.49,142.47,15.466301791,54000,54000
c1df0def5498a5e4d698fe2e21cdd0b980eadd94,3684.58,142.26,15.430585562,55000,54000
c1df0def5498a5e4d698fe2e21cdd0b980eadd94,3677.22,140.87,15.414048715,54000,54000
c1df0def5498a5e4d698fe2e21cdd0b980eadd94,3687.39,141.93,15.408995110,54000,55000
c1df0def5498a5e4d698fe2e21cdd0b980eadd94,3715.86,143.34,15.539568779,54000,54000
c44fd6eed3dfe0008f721a2de6b73ddcd8363bde,3634.08,140.92,15.326277680,54000,54000
c44fd6eed3dfe0008f721a2de6b73ddcd8363bde,3646.43,141.04,15.316982605,54000,54000
c44fd6eed3dfe0008f721a2de6b73ddcd8363bde,3658.35,140.62,15.359463479,54000,54000
c44fd6eed3dfe0008f721a2de6b73ddcd8363bde,3713.89,143.24,15.562958297,54000,54000
c44fd6eed3dfe0008f721a2de6b73ddcd8363bde,3683.22,142.04,15.387471376,54000,54000
c44fd6eed3dfe0008f721a2de6b73ddcd8363bde,3653.79,140.24,15.316816957,54000,54000
c44fd6eed3dfe0008f721a2de6b73ddcd8363bde,3665.30,141.22,15.359273539,54000,54000
c44fd6eed3dfe0008f721a2de6b73ddcd8363bde,3700.12,142.30,15.469276799,54000,54000
c44fd6eed3dfe0008f721a2de6b73ddcd8363bde,3712.57,142.74,15.522184136,53000,54000
c44fd6eed3dfe0008f721a2de6b73ddcd8363bde,3656.31,140.96,15.314354350,54000,54000
c44fd6eed3dfe0008f721a2de6b73ddcd8363bde,3683.83,141.78,15.419477074,54000,54000
c44fd6eed3dfe0008f721a2de6b73ddcd8363bde,3661.10,140.78,15.329128358,54000,54000
c44fd6eed3dfe0008f721a2de6b73ddcd8363bde,3685.03,141.80,15.443061578,54000,54000
c44fd6eed3dfe0008f721a2de6b73ddcd8363bde,3688.47,141.97,15.424382980,54000,54000
c44fd6eed3dfe0008f721a2de6b73ddcd8363bde,3659.71,140.86,15.304882532,53000,53000
c44fd6eed3dfe0008f721a2de6b73ddcd8363bde,3669.67,141.63,15.355080176,54000,54000
c44fd6eed3dfe0008f721a2de6b73ddcd8363bde,3671.07,141.64,15.352235913,54000,53000
c44fd6eed3dfe0008f721a2de6b73ddcd8363bde,3705.14,142.55,15.502196699,54000,54000
c44fd6eed3dfe0008f721a2de6b73ddcd8363bde,3658.76,140.97,15.359590437,54000,54000
c44fd6eed3dfe0008f721a2de6b73ddcd8363bde,3670.33,141.13,15.350671975,54000,54000
c44fd6eed3dfe0008f721a2de6b73ddcd8363bde,3652.28,141.10,15.277508090,54000,54000
c44fd6eed3dfe0008f721a2de6b73ddcd8363bde,3670.01,142.11,15.360973632,54000,53000
c44fd6eed3dfe0008f721a2de6b73ddcd8363bde,3671.20,140.87,15.363639384,54000,53000
c44fd6eed3dfe0008f721a2de6b73ddcd8363bde,3667.54,141.52,15.340560082,54000,54000
c44fd6eed3dfe0008f721a2de6b73ddcd8363bde,3656.15,141.44,15.314444410,54000,54000
c44fd6eed3dfe0008f721a2de6b73ddcd8363bde,3684.79,141.99,15.400580334,54000,54000
c44fd6eed3dfe0008f721a2de6b73ddcd8363bde,3657.06,140.90,15.308514478,54000,54000
c44fd6eed3dfe0008f721a2de6b73ddcd8363bde,3656.02,140.54,15.315115160,53000,54000
c44fd6eed3dfe0008f721a2de6b73ddcd8363bde,3682.12,141.66,15.375754102,54000,54000
c44fd6eed3dfe0008f721a2de6b73ddcd8363bde,3697.97,142.79,15.443477404,54000,54000
86f40955e6268bda451c7572db67605f1041ca86,3763.71,145.30,15.690379152,54000,54000
86f40955e6268bda451c7572db67605f1041ca86,3769.00,146.18,15.695200794,54000,55000
86f40955e6268bda451c7572db67605f1041ca86,3746.12,144.74,15.637308302,54000,54000
86f40955e6268bda451c7572db67605f1041ca86,3785.50,146.26,15.798555838,54000,54000
86f40955e6268bda451c7572db67605f1041ca86,3884.89,150.59,16.210300986,54000,54000
86f40955e6268bda451c7572db67605f1041ca86,3762.78,145.36,15.690142032,54000,54000
86f40955e6268bda451c7572db67605f1041ca86,3775.34,145.97,15.737696308,54000,54000
86f40955e6268bda451c7572db67605f1041ca86,3780.08,146.32,15.753787470,54000,54000
86f40955e6268bda451c7572db67605f1041ca86,3777.13,145.96,15.750612933,54000,54000
86f40955e6268bda451c7572db67605f1041ca86,3784.89,146.32,15.782447969,54000,55000
86f40955e6268bda451c7572db67605f1041ca86,3771.17,146.03,15.742032503,54000,54000
86f40955e6268bda451c7572db67605f1041ca86,3778.79,146.26,15.772140684,54000,54000
86f40955e6268bda451c7572db67605f1041ca86,3824.13,148.06,15.938993827,54000,54000
86f40955e6268bda451c7572db67605f1041ca86,3808.54,147.47,15.865755364,54000,54000
86f40955e6268bda451c7572db67605f1041ca86,3772.49,145.61,15.726222840,54000,54000
86f40955e6268bda451c7572db67605f1041ca86,3778.58,145.99,15.771445283,54000,54000
86f40955e6268bda451c7572db67605f1041ca86,3792.92,146.69,15.803598675,54000,53000
86f40955e6268bda451c7572db67605f1041ca86,3780.16,146.19,15.752550341,54000,54000
86f40955e6268bda451c7572db67605f1041ca86,3770.32,145.68,15.689203338,54000,54000
86f40955e6268bda451c7572db67605f1041ca86,3788.14,146.35,15.786839713,54000,54000
86f40955e6268bda451c7572db67605f1041ca86,3857.42,148.61,16.072670219,54000,54000
86f40955e6268bda451c7572db67605f1041ca86,3761.20,144.76,15.685959512,54000,54000
86f40955e6268bda451c7572db67605f1041ca86,3791.10,146.11,15.810700022,54000,54000
86f40955e6268bda451c7572db67605f1041ca86,3775.29,146.10,15.749339435,54000,54000
86f40955e6268bda451c7572db67605f1041ca86,3752.74,144.57,15.654516957,54000,54000
86f40955e6268bda451c7572db67605f1041ca86,3772.93,145.36,15.721980163,54000,54000
86f40955e6268bda451c7572db67605f1041ca86,3847.24,148.27,16.041502017,54000,54000
86f40955e6268bda451c7572db67605f1041ca86,3780.75,145.88,15.747951016,54000,54000
86f40955e6268bda451c7572db67605f1041ca86,3766.62,145.48,15.691372125,56000,54000
86f40955e6268bda451c7572db67605f1041ca86,3755.05,145.03,15.643753531,54000,54000
aa9a71878b9e662ac206640cdc28249bed025f57,3846.46,147.72,16.047204947,54000,54000
aa9a71878b9e662ac206640cdc28249bed025f57,3785.75,145.72,15.793576028,55000,54000
aa9a71878b9e662ac206640cdc28249bed025f57,3789.95,145.59,15.803974710,54000,54000
aa9a71878b9e662ac206640cdc28249bed025f57,3857.00,148.63,16.096670145,54000,54000
aa9a71878b9e662ac206640cdc28249bed025f57,3778.57,145.00,15.783321249,54000,55000
aa9a71878b9e662ac206640cdc28249bed025f57,3829.40,147.42,15.977338838,54000,54000
aa9a71878b9e662ac206640cdc28249bed025f57,3801.63,146.18,15.842940688,54000,54000
aa9a71878b9e662ac206640cdc28249bed025f57,3800.61,145.95,15.849424059,55000,54000
aa9a71878b9e662ac206640cdc28249bed025f57,3844.69,147.65,16.058514703,56000,55000
aa9a71878b9e662ac206640cdc28249bed025f57,3787.89,145.13,15.809752591,54000,54000
aa9a71878b9e662ac206640cdc28249bed025f57,3897.01,149.77,16.263573801,54000,54000
aa9a71878b9e662ac206640cdc28249bed025f57,3820.69,147.18,15.951657046,54000,54000
aa9a71878b9e662ac206640cdc28249bed025f57,3798.51,146.01,15.875521234,54000,54000
aa9a71878b9e662ac206640cdc28249bed025f57,3787.46,145.62,15.832732843,54000,54000
aa9a71878b9e662ac206640cdc28249bed025f57,3816.07,146.34,15.935458075,54000,54000
aa9a71878b9e662ac206640cdc28249bed025f57,3800.66,145.89,15.860895320,54000,54000
aa9a71878b9e662ac206640cdc28249bed025f57,3806.59,146.62,15.876608283,54000,54000
aa9a71878b9e662ac206640cdc28249bed025f57,3831.56,147.80,16.012124561,54000,54000
aa9a71878b9e662ac206640cdc28249bed025f57,3805.20,146.80,15.892601446,55000,54000
aa9a71878b9e662ac206640cdc28249bed025f57,3860.90,148.57,16.156242473,54000,54000
aa9a71878b9e662ac206640cdc28249bed025f57,3802.32,146.50,15.876835831,54000,54000
aa9a71878b9e662ac206640cdc28249bed025f57,3818.72,147.30,15.923143389,54000,54000
aa9a71878b9e662ac206640cdc28249bed025f57,3821.07,147.28,15.943987384,54000,55000
aa9a71878b9e662ac206640cdc28249bed025f57,3844.29,148.01,16.063079799,54000,55000
aa9a71878b9e662ac206640cdc28249bed025f57,3877.23,149.41,16.181306615,54000,54000
aa9a71878b9e662ac206640cdc28249bed025f57,3813.02,146.88,15.940590832,54000,54000
aa9a71878b9e662ac206640cdc28249bed025f57,3777.86,145.65,15.809290135,54000,54000
aa9a71878b9e662ac206640cdc28249bed025f57,3803.58,146.44,15.887548660,54000,54000
aa9a71878b9e662ac206640cdc28249bed025f57,3839.39,147.47,16.040208680,54000,54000
aa9a71878b9e662ac206640cdc28249bed025f57,3847.00,147.65,16.067723265,54000,54000
0bfb5e545c4376c0b81f913cee873cfe82c33256,3807.38,146.11,15.909867010,54000,54000
0bfb5e545c4376c0b81f913cee873cfe82c33256,3806.84,146.17,15.899372190,54000,54000
0bfb5e545c4376c0b81f913cee873cfe82c33256,3888.75,150.05,16.214843290,53000,54000
0bfb5e545c4376c0b81f913cee873cfe82c33256,3890.00,149.64,16.224946179,54000,54000
0bfb5e545c4376c0b81f913cee873cfe82c33256,3811.93,146.57,15.881645103,54000,54000
0bfb5e545c4376c0b81f913cee873cfe82c33256,3819.60,146.82,15.911873204,54000,54000
0bfb5e545c4376c0b81f913cee873cfe82c33256,3831.46,147.53,15.961196445,54000,54000
0bfb5e545c4376c0b81f913cee873cfe82c33256,3814.37,146.22,15.915992315,54000,54000
0bfb5e545c4376c0b81f913cee873cfe82c33256,3825.15,146.95,15.965922217,54000,54000
0bfb5e545c4376c0b81f913cee873cfe82c33256,3859.80,148.59,16.106862697,54000,54000
0bfb5e545c4376c0b81f913cee873cfe82c33256,3811.47,146.31,15.897454349,54000,54000
0bfb5e545c4376c0b81f913cee873cfe82c33256,3821.17,147.08,15.948358329,55000,54000
0bfb5e545c4376c0b81f913cee873cfe82c33256,3796.12,146.24,15.824979024,54000,54000
0bfb5e545c4376c0b81f913cee873cfe82c33256,3843.80,147.82,16.034743355,54000,54000
0bfb5e545c4376c0b81f913cee873cfe82c33256,3842.65,147.63,16.023762611,55000,54000
0bfb5e545c4376c0b81f913cee873cfe82c33256,3841.46,147.25,16.020411508,54000,54000
0bfb5e545c4376c0b81f913cee873cfe82c33256,3815.54,146.54,15.926163032,54000,54000
0bfb5e545c4376c0b81f913cee873cfe82c33256,3877.21,149.10,16.173103385,54000,54000
0bfb5e545c4376c0b81f913cee873cfe82c33256,3812.79,146.44,15.906928730,55000,54000
0bfb5e545c4376c0b81f913cee873cfe82c33256,3809.71,146.41,15.900496028,54000,54000
0bfb5e545c4376c0b81f913cee873cfe82c33256,3850.70,148.07,16.065960914,55000,54000
0bfb5e545c4376c0b81f913cee873cfe82c33256,3831.99,147.77,15.989591563,54000,54000
0bfb5e545c4376c0b81f913cee873cfe82c33256,3814.18,146.58,15.930662875,55000,55000
0bfb5e545c4376c0b81f913cee873cfe82c33256,3825.32,147.19,15.947490630,54000,54000
0bfb5e545c4376c0b81f913cee873cfe82c33256,3818.76,146.47,15.940939424,54000,54000
0bfb5e545c4376c0b81f913cee873cfe82c33256,3799.66,145.55,15.844507978,55000,55000
0bfb5e545c4376c0b81f913cee873cfe82c33256,3834.27,147.26,15.981888047,54000,54000
0bfb5e545c4376c0b81f913cee873cfe82c33256,3836.19,147.59,15.987178827,55000,54000
0bfb5e545c4376c0b81f913cee873cfe82c33256,3855.15,148.38,16.079652573,55000,54000
0bfb5e545c4376c0b81f913cee873cfe82c33256,3860.66,148.38,16.113920461,55000,54000
fe2438bde0895e2abff81d47f154211704ebfc61,3882.11,150.57,16.371421953,54000,54000
fe2438bde0895e2abff81d47f154211704ebfc61,3873.99,149.19,16.280476389,54000,54000
fe2438bde0895e2abff81d47f154211704ebfc61,3913.63,150.65,16.421392939,54000,54000
fe2438bde0895e2abff81d47f154211704ebfc61,3956.70,152.38,16.602952791,54000,54000
fe2438bde0895e2abff81d47f154211704ebfc61,3961.76,152.11,16.583551286,54000,54000
fe2438bde0895e2abff81d47f154211704ebfc61,3963.67,152.57,16.596797546,54000,54000
fe2438bde0895e2abff81d47f154211704ebfc61,3984.52,153.23,16.710997367,54000,54000
fe2438bde0895e2abff81d47f154211704ebfc61,3994.85,153.24,16.706039854,54000,53000
fe2438bde0895e2abff81d47f154211704ebfc61,3954.91,151.87,16.559661083,53000,53000
fe2438bde0895e2abff81d47f154211704ebfc61,3959.71,152.53,16.597666966,54000,54000
fe2438bde0895e2abff81d47f154211704ebfc61,3953.59,151.83,16.550985572,54000,54000
fe2438bde0895e2abff81d47f154211704ebfc61,3895.34,150.02,16.321173853,54000,54000
fe2438bde0895e2abff81d47f154211704ebfc61,3969.52,153.08,16.644608317,54000,54000
fe2438bde0895e2abff81d47f154211704ebfc61,3903.01,149.43,16.315845536,54000,54000
fe2438bde0895e2abff81d47f154211704ebfc61,3917.98,150.86,16.386883285,52000,53000
fe2438bde0895e2abff81d47f154211704ebfc61,3901.48,150.39,16.322875602,54000,53000
fe2438bde0895e2abff81d47f154211704ebfc61,3911.64,150.24,16.372066485,54000,54000
fe2438bde0895e2abff81d47f154211704ebfc61,3990.11,153.25,16.708898389,54000,54000
fe2438bde0895e2abff81d47f154211704ebfc61,3869.04,149.30,16.233449237,54000,54000
fe2438bde0895e2abff81d47f154211704ebfc61,3957.09,152.03,16.554337856,54000,54000
fe2438bde0895e2abff81d47f154211704ebfc61,3893.37,150.31,16.281489478,53000,53000
fe2438bde0895e2abff81d47f154211704ebfc61,3938.22,152.14,16.497305030,53000,54000
fe2438bde0895e2abff81d47f154211704ebfc61,3887.03,149.21,16.247800211,54000,54000
fe2438bde0895e2abff81d47f154211704ebfc61,3910.19,150.98,16.365600207,54000,54000
fe2438bde0895e2abff81d47f154211704ebfc61,3866.90,148.76,16.219170583,54000,54000
fe2438bde0895e2abff81d47f154211704ebfc61,3980.08,152.95,16.618248032,54000,54000
fe2438bde0895e2abff81d47f154211704ebfc61,3962.54,152.77,16.580544573,54000,54000
fe2438bde0895e2abff81d47f154211704ebfc61,3911.58,150.73,16.370086868,54000,53000
fe2438bde0895e2abff81d47f154211704ebfc61,3953.23,151.82,16.518318745,54000,53000
fe2438bde0895e2abff81d47f154211704ebfc61,3926.47,151.35,16.399017575,54000,54000
7af0d7d8daf5c555cd65b202664a2c970be4479e,3882.50,150.46,16.400614742,54000,53000
7af0d7d8daf5c555cd65b202664a2c970be4479e,3952.75,152.17,16.636698983,54000,54000
7af0d7d8daf5c555cd65b202664a2c970be4479e,3882.63,149.29,16.298598499,54000,53000
7af0d7d8daf5c555cd65b202664a2c970be4479e,3904.20,150.19,16.361777370,54000,54000
7af0d7d8daf5c555cd65b202664a2c970be4479e,3908.13,150.40,16.354869851,54000,54000
7af0d7d8daf5c555cd65b202664a2c970be4479e,3887.21,149.15,16.264560160,54000,54000
7af0d7d8daf5c555cd65b202664a2c970be4479e,3981.72,152.65,16.691067075,54000,54000
7af0d7d8daf5c555cd65b202664a2c970be4479e,3957.10,151.70,16.562902327,54000,54000
7af0d7d8daf5c555cd65b202664a2c970be4479e,3969.60,153.22,16.566428447,54000,54000
7af0d7d8daf5c555cd65b202664a2c970be4479e,3983.53,153.09,16.703724568,54000,54000
7af0d7d8daf5c555cd65b202664a2c970be4479e,3892.59,149.20,16.299278380,54000,54000
7af0d7d8daf5c555cd65b202664a2c970be4479e,3924.83,150.85,16.401955456,54000,54000
7af0d7d8daf5c555cd65b202664a2c970be4479e,3955.53,152.31,16.600663033,53000,54000
7af0d7d8daf5c555cd65b202664a2c970be4479e,3920.52,150.38,16.403508835,54000,54000
7af0d7d8daf5c555cd65b202664a2c970be4479e,3905.14,149.68,16.327615535,54000,54000
7af0d7d8daf5c555cd65b202664a2c970be4479e,3871.43,148.99,16.195137978,54000,53000
7af0d7d8daf5c555cd65b202664a2c970be4479e,3949.97,152.21,16.544606654,53000,54000
7af0d7d8daf5c555cd65b202664a2c970be4479e,3905.45,150.00,16.327535332,54000,54000
7af0d7d8daf5c555cd65b202664a2c970be4479e,3993.54,154.02,16.749927389,53000,54000
7af0d7d8daf5c555cd65b202664a2c970be4479e,3985.51,153.53,16.685023672,54000,54000
7af0d7d8daf5c555cd65b202664a2c970be4479e,3970.27,152.72,16.604732270,54000,54000
7af0d7d8daf5c555cd65b202664a2c970be4479e,3899.52,150.79,16.318284704,54000,53000
7af0d7d8daf5c555cd65b202664a2c970be4479e,3917.90,150.56,16.381589707,54000,54000
7af0d7d8daf5c555cd65b202664a2c970be4479e,3894.29,149.91,16.286641995,54000,54000
7af0d7d8daf5c555cd65b202664a2c970be4479e,3989.05,153.99,16.698087494,54000,54000
7af0d7d8daf5c555cd65b202664a2c970be4479e,3986.78,153.15,16.675116607,53000,54000
7af0d7d8daf5c555cd65b202664a2c970be4479e,3971.16,152.66,16.605188955,54000,53000
7af0d7d8daf5c555cd65b202664a2c970be4479e,3972.77,153.36,16.645706444,54000,53000
7af0d7d8daf5c555cd65b202664a2c970be4479e,3951.20,151.72,16.521028445,54000,53000
7af0d7d8daf5c555cd65b202664a2c970be4479e,3955.49,152.01,16.546576260,54000,54000
