479e85fc44c56061a15b7b4a4f7469ed337f83e3,387.49
8929d961dfd44d1a6758b81c9a0c5adf8e408f6b,425.79
a29e8b5374c7ba0828752fe78b3cc3471532121b,396.27
e4ff08f2bad145ec500228de112c8e821e8725cc,388.82
97f29aa3541dac70b811f766dd58ba47ac34d58c,384.75
89eeefbd8a7e6322e07fa6fdb0e9efeba2bb6582,421.75
d31572d7abb174d3a75d80d909d9aaa0be093c62,392.50
6fcffa8f400ec9980b9fa30d3f737eceb46be234,411.55
e9e331c2b922a5ac3f89ab8b3ca364df3ab11080,414.32
5af8413f0228332f79344b7e4233bc605b232b44,420.95
b04c5412eb75a7a35925896db7121c3a2c67e1c4,382.60
e97f564d2450702d2b74ff35ecc5ad5c1e57fc0d,397.10
80c826dc46a5270826c411d3741bfab8c98eb42e,435.96
e322266704817edd0a19e05207a15b791ca160b6,422.51
6fcffa8f400ec9980b9fa30d3f737eceb46be234,419.55
0e4c8bf728d368fed47e458f5f91517c677f1d60,390.04
80c826dc46a5270826c411d3741bfab8c98eb42e,428.54
72fe7662416118598bc0af126c15cba3ca09d9b4,421.04
b04c5412eb75a7a35925896db7121c3a2c67e1c4,382.17
314fa9d2351741b47c34337f57faacc8fd5448da,398.45
83b8d1a6c8db2d34fbb344ae3125781978910725,400.32
4cbae5ad165b260c43f5c369517dff90a2139377,385.66
4cbae5ad165b260c43f5c369517dff90a2139377,396.93
d31572d7abb174d3a75d80d909d9aaa0be093c62,392.85
c95216aa6e1f0dc5d39aea88624b05b953953d3d,386.27
43e16a608ddc00981c92cf3772c350c8b7e934dc,402.83
c1ef042a598d492cbcf0bcf09526a49c74bec073,389.22
80ca2f7994a5da3b502a639440128f3da7187711,385.02
5af8413f0228332f79344b7e4233bc605b232b44,417.31
3205f0ef9409bb622f66315983830aa89d9313cf,435.50
45718e932a4b1d88f4228e95e52992d2c5ab7402,398.30
7649933bba7ad5960415065dd95cc99aada42240,418.81
c1472f385f1c24c047543787ab7ef8b807cc8ba4,405.91
c1472f385f1c24c047543787ab7ef8b807cc8ba4,398.02
a56b19c5b6f19ae9ceac186eb8eb685651a0f577,429.49
ada77956bb99a098503ee57446fcd8cb59cd3354,388.64
479e85fc44c56061a15b7b4a4f7469ed337f83e3,387.90
72fe7662416118598bc0af126c15cba3ca09d9b4,414.90
314fa9d2351741b47c34337f57faacc8fd5448da,402.47
cdeae1e34bcc646c3bd07e7d74e7fc164a157bea,429.79
76e03ee38b835f82d37528f65d0ec49ec9afd128,423.73
1f3cfcfb08a5e7454e61513389b814c7da6072ac,394.97
abdf22714e557304d9f6782d30da9b7254ce017c,425.08
e8e755bfb9a0b1b8b19e8312942ea29cb9b626da,391.44
7f653fab63ce7ae048a6fba1c2f529dc586369ed,400.37
95945f173ca94f9ac6620011cb970707351f070e,424.03
97f29aa3541dac70b811f766dd58ba47ac34d58c,386.50
c1472f385f1c24c047543787ab7ef8b807cc8ba4,397.01
40979c984d6ceebd50dab1ba516babb1570841a7,402.11
95945f173ca94f9ac6620011cb970707351f070e,421.19
9bed789bfee6c6433945c0a3e2c710c897616888,424.23
d6da0b0240d8e550ab459c9b222cb34cee5a9cc8,393.43
8929d961dfd44d1a6758b81c9a0c5adf8e408f6b,433.89
03336ea9dd5d2aef2e31fe5e6402a04242f4d9f8,385.56
d31572d7abb174d3a75d80d909d9aaa0be093c62,387.02
3205f0ef9409bb622f66315983830aa89d9313cf,426.95
070396808fcb7cf41ff29ad52f7d1078aba99832,401.23
e2f6a9d19c7025431278f0d77085dde4dc2da798,398.21
a56b19c5b6f19ae9ceac186eb8eb685651a0f577,425.51
b8b73080085bed3b2062e1a90ed940056997a0ff,390.62
83b8d1a6c8db2d34fbb344ae3125781978910725,401.51
83d1848144abf29b501d59e0c3ec41e40c9cf020,424.80
0eeefe41eef0c037f514965618e7f9c2d2129d7b,408.53
0e4c8bf728d368fed47e458f5f91517c677f1d60,387.17
7649933bba7ad5960415065dd95cc99aada42240,419.57
b8b73080085bed3b2062e1a90ed940056997a0ff,394.91
2bc420589478b3cb01398cd9eb233be25b73b7c0,386.24
e9e331c2b922a5ac3f89ab8b3ca364df3ab11080,413.11
86c1d97c5f83cb6cc9c0d7490942b806d3a1d3be,389.37
89eeefbd8a7e6322e07fa6fdb0e9efeba2bb6582,423.40
7b1a8763534bb06d5f83b03ed8f6abb3e6d4db80,399.48
ac95e9f55bc7ffb60febb341571d85635dada8fd,393.18
9d3ab85127dff8f684d18243425f543b204aabef,385.72
9bed789bfee6c6433945c0a3e2c710c897616888,426.85
8bb732b7ccb51f4006fa7fa221762755eed949c7,402.39
a657d090e2f127ebdce131f1f97e7758a8ddc463,381.41
76e03ee38b835f82d37528f65d0ec49ec9afd128,421.70
56bacbd1532e9a985a879e686fdfdbf65d24be7c,401.56
80ca2f7994a5da3b502a639440128f3da7187711,382.78
4555f2d3bdd513bfa82e444930e29531387d0215,398.50
6fcffa8f400ec9980b9fa30d3f737eceb46be234,412.85
9c8969d48f776ce2f1bbcac73a2e0b4c85c71556,423.08
548ce13435a00bb447fbffdbca8c5ce3be752ee4,383.77
ef7488975ee41c8743e4615677555e5af2046567,415.01
e97f564d2450702d2b74ff35ecc5ad5c1e57fc0d,388.64
9bed789bfee6c6433945c0a3e2c710c897616888,423.52
cdeae1e34bcc646c3bd07e7d74e7fc164a157bea,419.01
a8ca1dae42c522d5c13c2bd7fbe3673507679ca8,423.37
ac57740b13bddd414c98253d53092546c1c330a2,429.24
f435b791e193cfe771d7dbd28d2822c32a0889e2,393.72
e8e755bfb9a0b1b8b19e8312942ea29cb9b626da,390.28
98e828a29423b72397d8783c4d02159e50bd50a4,425.23
4296f2cd95db753c80becf915733c8ddaf751daa,422.71
01342bcffce91c36e280158b7c6f2e2cb72237b6,424.63
e322266704817edd0a19e05207a15b791ca160b6,415.01
e9e331c2b922a5ac3f89ab8b3ca364df3ab11080,414.79
45718e932a4b1d88f4228e95e52992d2c5ab7402,396.88
95945f173ca94f9ac6620011cb970707351f070e,424.27
0eeefe41eef0c037f514965618e7f9c2d2129d7b,400.37
04025259e96d3676097e84126fb55124b92c50ed,388.12
04025259e96d3676097e84126fb55124b92c50ed,389.31
56bacbd1532e9a985a879e686fdfdbf65d24be7c,403.15
97f29aa3541dac70b811f766dd58ba47ac34d58c,385.84
2bc420589478b3cb01398cd9eb233be25b73b7c0,391.90
e322266704817edd0a19e05207a15b791ca160b6,417.16
89eeefbd8a7e6322e07fa6fdb0e9efeba2bb6582,424.40
8929d961dfd44d1a6758b81c9a0c5adf8e408f6b,432.22
4899674eccbb5b188a97915db8b858a3fd618098,420.63
4899674eccbb5b188a97915db8b858a3fd618098,425.55
7649933bba7ad5960415065dd95cc99aada42240,433.20
37d4c1f1d3297fd078dd8d1574b7f7c2357a99b4,428.56
2264b369e32637b6d82a0bc3362d28173561662a,417.05
56bacbd1532e9a985a879e686fdfdbf65d24be7c,402.12
2264b369e32637b6d82a0bc3362d28173561662a,424.78
e86fce8a0480ec35b76cd42c82b3466d724af082,405.67
ada77956bb99a098503ee57446fcd8cb59cd3354,390.55
5b4070635f916b7d9d99e306a4c3016473828db6,423.24
83d1848144abf29b501d59e0c3ec41e40c9cf020,423.11
8929d961dfd44d1a6758b81c9a0c5adf8e408f6b,428.77
314fa9d2351741b47c34337f57faacc8fd5448da,399.88
98e828a29423b72397d8783c4d02159e50bd50a4,425.95
abdf22714e557304d9f6782d30da9b7254ce017c,417.33
a8ca1dae42c522d5c13c2bd7fbe3673507679ca8,421.05
2f732574251122055092a4c6869123eb08058b14,417.87
9bed789bfee6c6433945c0a3e2c710c897616888,419.17
0e4c8bf728d368fed47e458f5f91517c677f1d60,388.75
a29e8b5374c7ba0828752fe78b3cc3471532121b,392.91
a56b19c5b6f19ae9ceac186eb8eb685651a0f577,435.34
e86fce8a0480ec35b76cd42c82b3466d724af082,403.64
98e828a29423b72397d8783c4d02159e50bd50a4,420.21
97f29aa3541dac70b811f766dd58ba47ac34d58c,385.27
8bb732b7ccb51f4006fa7fa221762755eed949c7,396.56
e4ff08f2bad145ec500228de112c8e821e8725cc,391.56
a56b19c5b6f19ae9ceac186eb8eb685651a0f577,428.27
a657d090e2f127ebdce131f1f97e7758a8ddc463,400.35
a657d090e2f127ebdce131f1f97e7758a8ddc463,386.14
4296f2cd95db753c80becf915733c8ddaf751daa,431.63
00734226f07e57a2d13f82a4b395b4bb7b9ee20b,401.44
3dd9e66bc21c6f53aaa21ce45666610f68540555,389.99
315292d76e2e415be2a743ebefb5116898cd97ac,390.15
80c826dc46a5270826c411d3741bfab8c98eb42e,427.56
315292d76e2e415be2a743ebefb5116898cd97ac,388.51
8bb732b7ccb51f4006fa7fa221762755eed949c7,400.85
2264b369e32637b6d82a0bc3362d28173561662a,418.20
070396808fcb7cf41ff29ad52f7d1078aba99832,399.89
7649933bba7ad5960415065dd95cc99aada42240,423.38
04025259e96d3676097e84126fb55124b92c50ed,392.61
548ce13435a00bb447fbffdbca8c5ce3be752ee4,379.53
83b8d1a6c8db2d34fbb344ae3125781978910725,408.48
e86fce8a0480ec35b76cd42c82b3466d724af082,399.97
ce691239d40e469b75fa22b0bb6a065202c475a7,388.85
a56b19c5b6f19ae9ceac186eb8eb685651a0f577,427.50
43e16a608ddc00981c92cf3772c350c8b7e934dc,404.91
1819b3abeb5835976b766765aeccae127ee6fd58,424.56
5b4070635f916b7d9d99e306a4c3016473828db6,423.58
a657d090e2f127ebdce131f1f97e7758a8ddc463,386.37
ac95e9f55bc7ffb60febb341571d85635dada8fd,386.17
56a6c72c3e12e62c649f5155b7240bff993230ee,417.47
e23559f993f64cf0f1720eac5c930dbaff0c8b71,444.48
eaf6bf4ad42f86fb6c2608e4a8bb5d5fdf1e46ce,389.17
5af8413f0228332f79344b7e4233bc605b232b44,433.34
070396808fcb7cf41ff29ad52f7d1078aba99832,401.90
45718e932a4b1d88f4228e95e52992d2c5ab7402,408.96
ef7488975ee41c8743e4615677555e5af2046567,401.71
a9768aa5d5a9c9dd427d589ca3e1494786cfcb12,425.95
86c1d97c5f83cb6cc9c0d7490942b806d3a1d3be,391.60
eb95cc7662dc5c438de8d9ef47ccf131bf7191a8,397.53
e23559f993f64cf0f1720eac5c930dbaff0c8b71,384.59
5af8413f0228332f79344b7e4233bc605b232b44,424.33
04025259e96d3676097e84126fb55124b92c50ed,392.55
7a7419fbc1bcdee4329f90b2361f4fce5376eb92,414.24
6fe6c34a888486b417a913deaca517305b76cc71,393.60
5af8413f0228332f79344b7e4233bc605b232b44,431.70
7e5fb4251ba7c8f815b271ac8f6dc4a84768c59c,421.45
6fe6c34a888486b417a913deaca517305b76cc71,387.90
c1ef042a598d492cbcf0bcf09526a49c74bec073,404.04
1f3cfcfb08a5e7454e61513389b814c7da6072ac,386.74
9c8969d48f776ce2f1bbcac73a2e0b4c85c71556,419.65
3dd9e66bc21c6f53aaa21ce45666610f68540555,390.18
8bb732b7ccb51f4006fa7fa221762755eed949c7,396.95
3dd9e66bc21c6f53aaa21ce45666610f68540555,394.64
6fe6c34a888486b417a913deaca517305b76cc71,390.93
4cbae5ad165b260c43f5c369517dff90a2139377,383.32
e5cd584705f746893f75e85cf7acdb2d7a0db1af,434.31
80c826dc46a5270826c411d3741bfab8c98eb42e,422.65
95945f173ca94f9ac6620011cb970707351f070e,420.99
d23db47db68a1b25b90e4ce255156e9758697ed2,389.37
5af8413f0228332f79344b7e4233bc605b232b44,419.99
e23559f993f64cf0f1720eac5c930dbaff0c8b71,376.93
80ca2f7994a5da3b502a639440128f3da7187711,391.98
0eeefe41eef0c037f514965618e7f9c2d2129d7b,401.72
e2f6a9d19c7025431278f0d77085dde4dc2da798,402.52
97f29aa3541dac70b811f766dd58ba47ac34d58c,386.15
a8ca1dae42c522d5c13c2bd7fbe3673507679ca8,424.80
40979c984d6ceebd50dab1ba516babb1570841a7,405.85
9bed789bfee6c6433945c0a3e2c710c897616888,419.69
479e85fc44c56061a15b7b4a4f7469ed337f83e3,389.95
e4ff08f2bad145ec500228de112c8e821e8725cc,393.14
8bb732b7ccb51f4006fa7fa221762755eed949c7,406.99
cdeae1e34bcc646c3bd07e7d74e7fc164a157bea,426.68
8bb732b7ccb51f4006fa7fa221762755eed949c7,397.21
83b8d1a6c8db2d34fbb344ae3125781978910725,397.77
ef7488975ee41c8743e4615677555e5af2046567,398.37
72fe7662416118598bc0af126c15cba3ca09d9b4,413.04
2f0a7bf507020d98b3bdbf0a93bb1c753dd90268,389.43
40979c984d6ceebd50dab1ba516babb1570841a7,405.13
46e1e9780049f855ca60f2c32c594062358a3330,422.65
97f29aa3541dac70b811f766dd58ba47ac34d58c,387.33
4555f2d3bdd513bfa82e444930e29531387d0215,402.57
d23db47db68a1b25b90e4ce255156e9758697ed2,390.21
6fe6c34a888486b417a913deaca517305b76cc71,392.32
ce691239d40e469b75fa22b0bb6a065202c475a7,388.38
e97f564d2450702d2b74ff35ecc5ad5c1e57fc0d,396.80
4bd743a3a5492d1d185bd21f421e49ce3a27af7c,388.90
72fe7662416118598bc0af126c15cba3ca09d9b4,417.38
56a6c72c3e12e62c649f5155b7240bff993230ee,422.04
abdf22714e557304d9f6782d30da9b7254ce017c,420.41
548ce13435a00bb447fbffdbca8c5ce3be752ee4,388.42
45718e932a4b1d88f4228e95e52992d2c5ab7402,406.65
4bd743a3a5492d1d185bd21f421e49ce3a27af7c,394.19
00734226f07e57a2d13f82a4b395b4bb7b9ee20b,404.67
95945f173ca94f9ac6620011cb970707351f070e,427.28
eb95cc7662dc5c438de8d9ef47ccf131bf7191a8,412.53
7f653fab63ce7ae048a6fba1c2f529dc586369ed,398.92
d23db47db68a1b25b90e4ce255156e9758697ed2,389.89
2202259e8bbf9eafa83a0a06cf765d01f5beb69a,398.39
43e16a608ddc00981c92cf3772c350c8b7e934dc,415.74
d8dbde85408a685075e5cbec0709877317393497,422.45
7a7419fbc1bcdee4329f90b2361f4fce5376eb92,415.66
7a7419fbc1bcdee4329f90b2361f4fce5376eb92,413.12
e8e755bfb9a0b1b8b19e8312942ea29cb9b626da,391.14
e322266704817edd0a19e05207a15b791ca160b6,427.23
a8ca1dae42c522d5c13c2bd7fbe3673507679ca8,422.43
070396808fcb7cf41ff29ad52f7d1078aba99832,403.17
9bed789bfee6c6433945c0a3e2c710c897616888,422.75
7e5fb4251ba7c8f815b271ac8f6dc4a84768c59c,418.49
e86fce8a0480ec35b76cd42c82b3466d724af082,405.47
3205f0ef9409bb622f66315983830aa89d9313cf,421.47
6fe6c34a888486b417a913deaca517305b76cc71,386.70
548ce13435a00bb447fbffdbca8c5ce3be752ee4,382.12
314fa9d2351741b47c34337f57faacc8fd5448da,402.55
37d4c1f1d3297fd078dd8d1574b7f7c2357a99b4,421.64
e322266704817edd0a19e05207a15b791ca160b6,420.32
2f732574251122055092a4c6869123eb08058b14,419.06
d31572d7abb174d3a75d80d909d9aaa0be093c62,402.82
ada77956bb99a098503ee57446fcd8cb59cd3354,388.93
46e1e9780049f855ca60f2c32c594062358a3330,420.67
37d4c1f1d3297fd078dd8d1574b7f7c2357a99b4,427.65
548ce13435a00bb447fbffdbca8c5ce3be752ee4,403.74
577b29272d3cefacef578ea035e90efd78a1360b,397.52
04025259e96d3676097e84126fb55124b92c50ed,394.19
e4ff08f2bad145ec500228de112c8e821e8725cc,389.00
d31572d7abb174d3a75d80d909d9aaa0be093c62,400.34
c1472f385f1c24c047543787ab7ef8b807cc8ba4,407.60
d23db47db68a1b25b90e4ce255156e9758697ed2,389.07
eaf6bf4ad42f86fb6c2608e4a8bb5d5fdf1e46ce,388.79
2f732574251122055092a4c6869123eb08058b14,423.86
9c8969d48f776ce2f1bbcac73a2e0b4c85c71556,422.13
04025259e96d3676097e84126fb55124b92c50ed,387.95
eaf6bf4ad42f86fb6c2608e4a8bb5d5fdf1e46ce,389.05
070396808fcb7cf41ff29ad52f7d1078aba99832,397.88
ac95e9f55bc7ffb60febb341571d85635dada8fd,391.26
8929d961dfd44d1a6758b81c9a0c5adf8e408f6b,428.12
04025259e96d3676097e84126fb55124b92c50ed,390.80
5b4070635f916b7d9d99e306a4c3016473828db6,422.56
80c826dc46a5270826c411d3741bfab8c98eb42e,423.58
a56b19c5b6f19ae9ceac186eb8eb685651a0f577,429.76
cdeae1e34bcc646c3bd07e7d74e7fc164a157bea,425.53
6fcffa8f400ec9980b9fa30d3f737eceb46be234,431.33
479e85fc44c56061a15b7b4a4f7469ed337f83e3,392.77
e23559f993f64cf0f1720eac5c930dbaff0c8b71,374.95
00734226f07e57a2d13f82a4b395b4bb7b9ee20b,398.18
e4ff08f2bad145ec500228de112c8e821e8725cc,391.47
01342bcffce91c36e280158b7c6f2e2cb72237b6,425.03
d31572d7abb174d3a75d80d909d9aaa0be093c62,394.27
00734226f07e57a2d13f82a4b395b4bb7b9ee20b,399.99
e5cd584705f746893f75e85cf7acdb2d7a0db1af,435.81
2f0a7bf507020d98b3bdbf0a93bb1c753dd90268,383.73
03336ea9dd5d2aef2e31fe5e6402a04242f4d9f8,383.49
7e5fb4251ba7c8f815b271ac8f6dc4a84768c59c,415.52
ef7488975ee41c8743e4615677555e5af2046567,397.22
7f653fab63ce7ae048a6fba1c2f529dc586369ed,398.31
86c1d97c5f83cb6cc9c0d7490942b806d3a1d3be,398.15
01342bcffce91c36e280158b7c6f2e2cb72237b6,427.03
e4ff08f2bad145ec500228de112c8e821e8725cc,386.95
c1ef042a598d492cbcf0bcf09526a49c74bec073,389.89
e2f6a9d19c7025431278f0d77085dde4dc2da798,396.53
a9768aa5d5a9c9dd427d589ca3e1494786cfcb12,425.10
e2f6a9d19c7025431278f0d77085dde4dc2da798,387.45
4296f2cd95db753c80becf915733c8ddaf751daa,425.52
c1472f385f1c24c047543787ab7ef8b807cc8ba4,409.93
95945f173ca94f9ac6620011cb970707351f070e,425.04
7e5fb4251ba7c8f815b271ac8f6dc4a84768c59c,418.47
56bacbd1532e9a985a879e686fdfdbf65d24be7c,396.76
46e1e9780049f855ca60f2c32c594062358a3330,419.70
e5cd584705f746893f75e85cf7acdb2d7a0db1af,424.87
72fe7662416118598bc0af126c15cba3ca09d9b4,419.29
d6da0b0240d8e550ab459c9b222cb34cee5a9cc8,384.81
83b8d1a6c8db2d34fbb344ae3125781978910725,402.17
e97f564d2450702d2b74ff35ecc5ad5c1e57fc0d,391.48
9d3ab85127dff8f684d18243425f543b204aabef,387.65
83b8d1a6c8db2d34fbb344ae3125781978910725,405.06
0eeefe41eef0c037f514965618e7f9c2d2129d7b,402.84
047443682327a75059c936fec9a323a0d27659a5,394.09
83b8d1a6c8db2d34fbb344ae3125781978910725,400.81
40979c984d6ceebd50dab1ba516babb1570841a7,400.57
4899674eccbb5b188a97915db8b858a3fd618098,432.57
548ce13435a00bb447fbffdbca8c5ce3be752ee4,388.59
9bed789bfee6c6433945c0a3e2c710c897616888,428.89
83b8d1a6c8db2d34fbb344ae3125781978910725,401.24
d6da0b0240d8e550ab459c9b222cb34cee5a9cc8,387.63
46e1e9780049f855ca60f2c32c594062358a3330,420.71
5af8413f0228332f79344b7e4233bc605b232b44,422.13
e2f6a9d19c7025431278f0d77085dde4dc2da798,393.14
479e85fc44c56061a15b7b4a4f7469ed337f83e3,392.42
c1ef042a598d492cbcf0bcf09526a49c74bec073,389.38
458b990857fad642a5b549fee414903a8f876dae,430.38
e5cd584705f746893f75e85cf7acdb2d7a0db1af,428.76
46e1e9780049f855ca60f2c32c594062358a3330,419.30
43e16a608ddc00981c92cf3772c350c8b7e934dc,403.46
047443682327a75059c936fec9a323a0d27659a5,383.86
86c1d97c5f83cb6cc9c0d7490942b806d3a1d3be,389.99
9c8969d48f776ce2f1bbcac73a2e0b4c85c71556,432.62
56bacbd1532e9a985a879e686fdfdbf65d24be7c,405.88
7f653fab63ce7ae048a6fba1c2f529dc586369ed,407.22
047443682327a75059c936fec9a323a0d27659a5,384.56
a9768aa5d5a9c9dd427d589ca3e1494786cfcb12,421.01
cdeae1e34bcc646c3bd07e7d74e7fc164a157bea,426.26
9c8969d48f776ce2f1bbcac73a2e0b4c85c71556,425.21
e9e331c2b922a5ac3f89ab8b3ca364df3ab11080,420.37
bd3e7c8ada7748dc5cf2428e68c828c0cf744469,420.48
ce691239d40e469b75fa22b0bb6a065202c475a7,393.09
9d3ab85127dff8f684d18243425f543b204aabef,394.33
9bed789bfee6c6433945c0a3e2c710c897616888,420.79
1819b3abeb5835976b766765aeccae127ee6fd58,426.45
a29e8b5374c7ba0828752fe78b3cc3471532121b,384.86
479e85fc44c56061a15b7b4a4f7469ed337f83e3,389.91
03336ea9dd5d2aef2e31fe5e6402a04242f4d9f8,384.45
0e4c8bf728d368fed47e458f5f91517c677f1d60,393.62
40979c984d6ceebd50dab1ba516babb1570841a7,400.50
03336ea9dd5d2aef2e31fe5e6402a04242f4d9f8,387.34
c95216aa6e1f0dc5d39aea88624b05b953953d3d,388.35
b8b73080085bed3b2062e1a90ed940056997a0ff,387.54
d23db47db68a1b25b90e4ce255156e9758697ed2,400.60
548ce13435a00bb447fbffdbca8c5ce3be752ee4,394.37
458b990857fad642a5b549fee414903a8f876dae,424.18
95945f173ca94f9ac6620011cb970707351f070e,436.30
80ca2f7994a5da3b502a639440128f3da7187711,383.09
e86fce8a0480ec35b76cd42c82b3466d724af082,398.80
2bc420589478b3cb01398cd9eb233be25b73b7c0,387.01
80c826dc46a5270826c411d3741bfab8c98eb42e,420.04
76e03ee38b835f82d37528f65d0ec49ec9afd128,423.28
7e5fb4251ba7c8f815b271ac8f6dc4a84768c59c,418.14
7e5fb4251ba7c8f815b271ac8f6dc4a84768c59c,416.39
d31572d7abb174d3a75d80d909d9aaa0be093c62,387.39
e23559f993f64cf0f1720eac5c930dbaff0c8b71,371.25
e8e755bfb9a0b1b8b19e8312942ea29cb9b626da,392.19
e322266704817edd0a19e05207a15b791ca160b6,415.66
d8dbde85408a685075e5cbec0709877317393497,423.17
ac57740b13bddd414c98253d53092546c1c330a2,420.88
458b990857fad642a5b549fee414903a8f876dae,423.93
8bb732b7ccb51f4006fa7fa221762755eed949c7,398.06
7f653fab63ce7ae048a6fba1c2f529dc586369ed,409.91
d6da0b0240d8e550ab459c9b222cb34cee5a9cc8,391.00
ac57740b13bddd414c98253d53092546c1c330a2,415.16
c1472f385f1c24c047543787ab7ef8b807cc8ba4,404.59
6fcffa8f400ec9980b9fa30d3f737eceb46be234,418.60
00734226f07e57a2d13f82a4b395b4bb7b9ee20b,411.60
2bc420589478b3cb01398cd9eb233be25b73b7c0,382.01
d23db47db68a1b25b90e4ce255156e9758697ed2,391.17
37d4c1f1d3297fd078dd8d1574b7f7c2357a99b4,422.27
3dd9e66bc21c6f53aaa21ce45666610f68540555,391.03
e4ff08f2bad145ec500228de112c8e821e8725cc,384.79
76e03ee38b835f82d37528f65d0ec49ec9afd128,425.03
7f653fab63ce7ae048a6fba1c2f529dc586369ed,406.30
2202259e8bbf9eafa83a0a06cf765d01f5beb69a,404.71
b04c5412eb75a7a35925896db7121c3a2c67e1c4,401.86
56a6c72c3e12e62c649f5155b7240bff993230ee,420.45
1f3cfcfb08a5e7454e61513389b814c7da6072ac,391.58
b04c5412eb75a7a35925896db7121c3a2c67e1c4,397.70
56a6c72c3e12e62c649f5155b7240bff993230ee,421.02
a8ca1dae42c522d5c13c2bd7fbe3673507679ca8,421.66
0eeefe41eef0c037f514965618e7f9c2d2129d7b,398.59
2202259e8bbf9eafa83a0a06cf765d01f5beb69a,406.89
45718e932a4b1d88f4228e95e52992d2c5ab7402,398.74
5af8413f0228332f79344b7e4233bc605b232b44,424.07
01342bcffce91c36e280158b7c6f2e2cb72237b6,432.34
43e16a608ddc00981c92cf3772c350c8b7e934dc,405.10
95945f173ca94f9ac6620011cb970707351f070e,423.02
bd3e7c8ada7748dc5cf2428e68c828c0cf744469,428.13
abdf22714e557304d9f6782d30da9b7254ce017c,420.57
86c1d97c5f83cb6cc9c0d7490942b806d3a1d3be,406.14
479e85fc44c56061a15b7b4a4f7469ed337f83e3,390.61
7f653fab63ce7ae048a6fba1c2f529dc586369ed,399.95
458b990857fad642a5b549fee414903a8f876dae,424.99
2264b369e32637b6d82a0bc3362d28173561662a,418.07
1819b3abeb5835976b766765aeccae127ee6fd58,423.06
6fe6c34a888486b417a913deaca517305b76cc71,393.05
7a7419fbc1bcdee4329f90b2361f4fce5376eb92,416.64
4bd743a3a5492d1d185bd21f421e49ce3a27af7c,392.21
315292d76e2e415be2a743ebefb5116898cd97ac,390.22
e97f564d2450702d2b74ff35ecc5ad5c1e57fc0d,389.14
46e1e9780049f855ca60f2c32c594062358a3330,420.58
04025259e96d3676097e84126fb55124b92c50ed,387.56
7e5fb4251ba7c8f815b271ac8f6dc4a84768c59c,416.04
4555f2d3bdd513bfa82e444930e29531387d0215,400.64
3205f0ef9409bb622f66315983830aa89d9313cf,419.61
89eeefbd8a7e6322e07fa6fdb0e9efeba2bb6582,424.48
047443682327a75059c936fec9a323a0d27659a5,387.24
04025259e96d3676097e84126fb55124b92c50ed,385.61
59d5e26e6a0450ca74a9d696c6c1054f0837a5f7,421.77
97f29aa3541dac70b811f766dd58ba47ac34d58c,383.83
3205f0ef9409bb622f66315983830aa89d9313cf,423.52
eb95cc7662dc5c438de8d9ef47ccf131bf7191a8,400.79
d8dbde85408a685075e5cbec0709877317393497,430.97
5b4070635f916b7d9d99e306a4c3016473828db6,424.97
0eeefe41eef0c037f514965618e7f9c2d2129d7b,398.78
b8b73080085bed3b2062e1a90ed940056997a0ff,391.85
83d1848144abf29b501d59e0c3ec41e40c9cf020,425.44
2264b369e32637b6d82a0bc3362d28173561662a,415.72
80c826dc46a5270826c411d3741bfab8c98eb42e,422.83
4bd743a3a5492d1d185bd21f421e49ce3a27af7c,388.68
b8b73080085bed3b2062e1a90ed940056997a0ff,388.38
2f732574251122055092a4c6869123eb08058b14,414.85
0eeefe41eef0c037f514965618e7f9c2d2129d7b,400.01
6fe6c34a888486b417a913deaca517305b76cc71,398.65
03336ea9dd5d2aef2e31fe5e6402a04242f4d9f8,385.21
3205f0ef9409bb622f66315983830aa89d9313cf,418.99
4cbae5ad165b260c43f5c369517dff90a2139377,382.09
83b8d1a6c8db2d34fbb344ae3125781978910725,400.67
9d3ab85127dff8f684d18243425f543b204aabef,388.66
4bd743a3a5492d1d185bd21f421e49ce3a27af7c,389.84
7a7419fbc1bcdee4329f90b2361f4fce5376eb92,412.84
7a7419fbc1bcdee4329f90b2361f4fce5376eb92,419.53
00734226f07e57a2d13f82a4b395b4bb7b9ee20b,408.31
e2f6a9d19c7025431278f0d77085dde4dc2da798,392.49
03336ea9dd5d2aef2e31fe5e6402a04242f4d9f8,385.41
ce691239d40e469b75fa22b0bb6a065202c475a7,394.34
a8ca1dae42c522d5c13c2bd7fbe3673507679ca8,421.57
1f3cfcfb08a5e7454e61513389b814c7da6072ac,392.23
ac95e9f55bc7ffb60febb341571d85635dada8fd,387.17
40979c984d6ceebd50dab1ba516babb1570841a7,401.18
37d4c1f1d3297fd078dd8d1574b7f7c2357a99b4,428.13
2bc420589478b3cb01398cd9eb233be25b73b7c0,384.83
ada77956bb99a098503ee57446fcd8cb59cd3354,392.23
8929d961dfd44d1a6758b81c9a0c5adf8e408f6b,423.60
83d1848144abf29b501d59e0c3ec41e40c9cf020,425.31
458b990857fad642a5b549fee414903a8f876dae,435.74
4555f2d3bdd513bfa82e444930e29531387d0215,400.46
2f732574251122055092a4c6869123eb08058b14,417.36
1819b3abeb5835976b766765aeccae127ee6fd58,430.62
9d3ab85127dff8f684d18243425f543b204aabef,386.52
2f0a7bf507020d98b3bdbf0a93bb1c753dd90268,393.05
ef7488975ee41c8743e4615677555e5af2046567,403.87
45718e932a4b1d88f4228e95e52992d2c5ab7402,409.24
a9768aa5d5a9c9dd427d589ca3e1494786cfcb12,418.47
97f29aa3541dac70b811f766dd58ba47ac34d58c,390.30
e322266704817edd0a19e05207a15b791ca160b6,417.79
4555f2d3bdd513bfa82e444930e29531387d0215,398.75
3dd9e66bc21c6f53aaa21ce45666610f68540555,387.17
7e5fb4251ba7c8f815b271ac8f6dc4a84768c59c,425.89
4555f2d3bdd513bfa82e444930e29531387d0215,399.75
577b29272d3cefacef578ea035e90efd78a1360b,402.67
a8ca1dae42c522d5c13c2bd7fbe3673507679ca8,423.22
e8e755bfb9a0b1b8b19e8312942ea29cb9b626da,392.73
45718e932a4b1d88f4228e95e52992d2c5ab7402,404.17
04025259e96d3676097e84126fb55124b92c50ed,388.30
45718e932a4b1d88f4228e95e52992d2c5ab7402,399.12
7f653fab63ce7ae048a6fba1c2f529dc586369ed,400.87
83b8d1a6c8db2d34fbb344ae3125781978910725,410.40
548ce13435a00bb447fbffdbca8c5ce3be752ee4,387.98
577b29272d3cefacef578ea035e90efd78a1360b,399.53
9bed789bfee6c6433945c0a3e2c710c897616888,422.41
7f653fab63ce7ae048a6fba1c2f529dc586369ed,401.73
ce691239d40e469b75fa22b0bb6a065202c475a7,386.68
45718e932a4b1d88f4228e95e52992d2c5ab7402,414.19
eaf6bf4ad42f86fb6c2608e4a8bb5d5fdf1e46ce,389.98
ce691239d40e469b75fa22b0bb6a065202c475a7,388.32
4899674eccbb5b188a97915db8b858a3fd618098,429.14
3205f0ef9409bb622f66315983830aa89d9313cf,419.84
314fa9d2351741b47c34337f57faacc8fd5448da,401.93
577b29272d3cefacef578ea035e90efd78a1360b,408.11
2202259e8bbf9eafa83a0a06cf765d01f5beb69a,402.11
80c826dc46a5270826c411d3741bfab8c98eb42e,422.08
e23559f993f64cf0f1720eac5c930dbaff0c8b71,369.28
83d1848144abf29b501d59e0c3ec41e40c9cf020,424.63
070396808fcb7cf41ff29ad52f7d1078aba99832,402.93
ce691239d40e469b75fa22b0bb6a065202c475a7,393.19
9bed789bfee6c6433945c0a3e2c710c897616888,421.26
80c826dc46a5270826c411d3741bfab8c98eb42e,416.33
43e16a608ddc00981c92cf3772c350c8b7e934dc,398.15
ac57740b13bddd414c98253d53092546c1c330a2,414.64
86c1d97c5f83cb6cc9c0d7490942b806d3a1d3be,396.04
7b1a8763534bb06d5f83b03ed8f6abb3e6d4db80,408.66
d8dbde85408a685075e5cbec0709877317393497,424.02
479e85fc44c56061a15b7b4a4f7469ed337f83e3,399.23
2bc420589478b3cb01398cd9eb233be25b73b7c0,378.42
40979c984d6ceebd50dab1ba516babb1570841a7,409.92
59d5e26e6a0450ca74a9d696c6c1054f0837a5f7,434.33
e23559f993f64cf0f1720eac5c930dbaff0c8b71,379.49
eb95cc7662dc5c438de8d9ef47ccf131bf7191a8,399.67
7e5fb4251ba7c8f815b271ac8f6dc4a84768c59c,416.62
b8b73080085bed3b2062e1a90ed940056997a0ff,387.92
4bd743a3a5492d1d185bd21f421e49ce3a27af7c,394.52
4bd743a3a5492d1d185bd21f421e49ce3a27af7c,394.87
a8ca1dae42c522d5c13c2bd7fbe3673507679ca8,422.63
72fe7662416118598bc0af126c15cba3ca09d9b4,418.51
d6da0b0240d8e550ab459c9b222cb34cee5a9cc8,381.43
8929d961dfd44d1a6758b81c9a0c5adf8e408f6b,421.60
97f29aa3541dac70b811f766dd58ba47ac34d58c,386.03
e97f564d2450702d2b74ff35ecc5ad5c1e57fc0d,396.65
eaf6bf4ad42f86fb6c2608e4a8bb5d5fdf1e46ce,389.07
56a6c72c3e12e62c649f5155b7240bff993230ee,421.82
5af8413f0228332f79344b7e4233bc605b232b44,423.52
4899674eccbb5b188a97915db8b858a3fd618098,437.22
479e85fc44c56061a15b7b4a4f7469ed337f83e3,392.34
3205f0ef9409bb622f66315983830aa89d9313cf,422.43
2f0a7bf507020d98b3bdbf0a93bb1c753dd90268,386.73
a29e8b5374c7ba0828752fe78b3cc3471532121b,385.14
45718e932a4b1d88f4228e95e52992d2c5ab7402,407.65
e97f564d2450702d2b74ff35ecc5ad5c1e57fc0d,388.09
314fa9d2351741b47c34337f57faacc8fd5448da,399.65
a8ca1dae42c522d5c13c2bd7fbe3673507679ca8,419.84
479e85fc44c56061a15b7b4a4f7469ed337f83e3,392.65
ac95e9f55bc7ffb60febb341571d85635dada8fd,393.66
0eeefe41eef0c037f514965618e7f9c2d2129d7b,410.24
5b4070635f916b7d9d99e306a4c3016473828db6,421.47
070396808fcb7cf41ff29ad52f7d1078aba99832,402.90
2f732574251122055092a4c6869123eb08058b14,416.24
4cbae5ad165b260c43f5c369517dff90a2139377,391.71
d31572d7abb174d3a75d80d909d9aaa0be093c62,390.28
45718e932a4b1d88f4228e95e52992d2c5ab7402,401.18
abdf22714e557304d9f6782d30da9b7254ce017c,422.35
03336ea9dd5d2aef2e31fe5e6402a04242f4d9f8,384.29
047443682327a75059c936fec9a323a0d27659a5,384.24
2f0a7bf507020d98b3bdbf0a93bb1c753dd90268,381.97
ce691239d40e469b75fa22b0bb6a065202c475a7,392.13
e8e755bfb9a0b1b8b19e8312942ea29cb9b626da,389.22
40979c984d6ceebd50dab1ba516babb1570841a7,399.29
eaf6bf4ad42f86fb6c2608e4a8bb5d5fdf1e46ce,384.25
4899674eccbb5b188a97915db8b858a3fd618098,440.47
3205f0ef9409bb622f66315983830aa89d9313cf,420.13
eb95cc7662dc5c438de8d9ef47ccf131bf7191a8,403.48
c1472f385f1c24c047543787ab7ef8b807cc8ba4,403.21
59d5e26e6a0450ca74a9d696c6c1054f0837a5f7,421.79
e86fce8a0480ec35b76cd42c82b3466d724af082,398.58
ac95e9f55bc7ffb60febb341571d85635dada8fd,388.60
4bd743a3a5492d1d185bd21f421e49ce3a27af7c,387.84
80c826dc46a5270826c411d3741bfab8c98eb42e,422.24
314fa9d2351741b47c34337f57faacc8fd5448da,397.40
2264b369e32637b6d82a0bc3362d28173561662a,426.04
9bed789bfee6c6433945c0a3e2c710c897616888,421.13
7649933bba7ad5960415065dd95cc99aada42240,425.17
cdeae1e34bcc646c3bd07e7d74e7fc164a157bea,427.31
5b4070635f916b7d9d99e306a4c3016473828db6,423.92
314fa9d2351741b47c34337f57faacc8fd5448da,404.89
e86fce8a0480ec35b76cd42c82b3466d724af082,402.13
04025259e96d3676097e84126fb55124b92c50ed,402.14
a9768aa5d5a9c9dd427d589ca3e1494786cfcb12,419.37
4899674eccbb5b188a97915db8b858a3fd618098,422.06
c1ef042a598d492cbcf0bcf09526a49c74bec073,388.70
eb95cc7662dc5c438de8d9ef47ccf131bf7191a8,400.27
6fe6c34a888486b417a913deaca517305b76cc71,394.36
56a6c72c3e12e62c649f5155b7240bff993230ee,421.19
83d1848144abf29b501d59e0c3ec41e40c9cf020,434.65
ac57740b13bddd414c98253d53092546c1c330a2,414.78
1f3cfcfb08a5e7454e61513389b814c7da6072ac,394.58
56a6c72c3e12e62c649f5155b7240bff993230ee,426.25
83b8d1a6c8db2d34fbb344ae3125781978910725,399.30
a9768aa5d5a9c9dd427d589ca3e1494786cfcb12,424.75
5b4070635f916b7d9d99e306a4c3016473828db6,429.00
e4ff08f2bad145ec500228de112c8e821e8725cc,388.71
ac95e9f55bc7ffb60febb341571d85635dada8fd,385.61
9c8969d48f776ce2f1bbcac73a2e0b4c85c71556,422.25
72fe7662416118598bc0af126c15cba3ca09d9b4,422.36
3205f0ef9409bb622f66315983830aa89d9313cf,427.85
76e03ee38b835f82d37528f65d0ec49ec9afd128,429.30
83d1848144abf29b501d59e0c3ec41e40c9cf020,432.85
bd3e7c8ada7748dc5cf2428e68c828c0cf744469,420.27
01342bcffce91c36e280158b7c6f2e2cb72237b6,427.75
8bb732b7ccb51f4006fa7fa221762755eed949c7,405.02
ce691239d40e469b75fa22b0bb6a065202c475a7,387.68
ac57740b13bddd414c98253d53092546c1c330a2,415.39
56bacbd1532e9a985a879e686fdfdbf65d24be7c,397.73
3dd9e66bc21c6f53aaa21ce45666610f68540555,396.89
5af8413f0228332f79344b7e4233bc605b232b44,423.13
2bc420589478b3cb01398cd9eb233be25b73b7c0,387.12
76e03ee38b835f82d37528f65d0ec49ec9afd128,420.68
56a6c72c3e12e62c649f5155b7240bff993230ee,419.89
abdf22714e557304d9f6782d30da9b7254ce017c,417.47
e9e331c2b922a5ac3f89ab8b3ca364df3ab11080,416.43
83b8d1a6c8db2d34fbb344ae3125781978910725,401.52
b04c5412eb75a7a35925896db7121c3a2c67e1c4,383.30
4555f2d3bdd513bfa82e444930e29531387d0215,397.99
59d5e26e6a0450ca74a9d696c6c1054f0837a5f7,419.71
e23559f993f64cf0f1720eac5c930dbaff0c8b71,372.78
c1ef042a598d492cbcf0bcf09526a49c74bec073,392.85
80ca2f7994a5da3b502a639440128f3da7187711,384.55
7b1a8763534bb06d5f83b03ed8f6abb3e6d4db80,399.33
86c1d97c5f83cb6cc9c0d7490942b806d3a1d3be,389.86
56bacbd1532e9a985a879e686fdfdbf65d24be7c,402.66
56a6c72c3e12e62c649f5155b7240bff993230ee,424.91
ef7488975ee41c8743e4615677555e5af2046567,410.15
6fe6c34a888486b417a913deaca517305b76cc71,394.34
45718e932a4b1d88f4228e95e52992d2c5ab7402,399.58
9bed789bfee6c6433945c0a3e2c710c897616888,423.91
2264b369e32637b6d82a0bc3362d28173561662a,419.39
95945f173ca94f9ac6620011cb970707351f070e,432.02
bd3e7c8ada7748dc5cf2428e68c828c0cf744469,419.80
4899674eccbb5b188a97915db8b858a3fd618098,422.49
2bc420589478b3cb01398cd9eb233be25b73b7c0,377.54
3dd9e66bc21c6f53aaa21ce45666610f68540555,389.71
9c8969d48f776ce2f1bbcac73a2e0b4c85c71556,439.99
5b4070635f916b7d9d99e306a4c3016473828db6,423.29
9bed789bfee6c6433945c0a3e2c710c897616888,434.79
c1472f385f1c24c047543787ab7ef8b807cc8ba4,416.73
c1ef042a598d492cbcf0bcf09526a49c74bec073,388.42
070396808fcb7cf41ff29ad52f7d1078aba99832,402.06
83d1848144abf29b501d59e0c3ec41e40c9cf020,423.06
6fcffa8f400ec9980b9fa30d3f737eceb46be234,418.47
83d1848144abf29b501d59e0c3ec41e40c9cf020,430.08
e322266704817edd0a19e05207a15b791ca160b6,422.51
eb95cc7662dc5c438de8d9ef47ccf131bf7191a8,412.16
e9e331c2b922a5ac3f89ab8b3ca364df3ab11080,416.71
8bb732b7ccb51f4006fa7fa221762755eed949c7,399.80
ef7488975ee41c8743e4615677555e5af2046567,396.69
d31572d7abb174d3a75d80d909d9aaa0be093c62,388.00
72fe7662416118598bc0af126c15cba3ca09d9b4,420.30
4bd743a3a5492d1d185bd21f421e49ce3a27af7c,390.33
d31572d7abb174d3a75d80d909d9aaa0be093c62,387.79
8929d961dfd44d1a6758b81c9a0c5adf8e408f6b,426.63
458b990857fad642a5b549fee414903a8f876dae,427.72
548ce13435a00bb447fbffdbca8c5ce3be752ee4,393.47
b8b73080085bed3b2062e1a90ed940056997a0ff,389.50
40979c984d6ceebd50dab1ba516babb1570841a7,403.94
1819b3abeb5835976b766765aeccae127ee6fd58,425.72
070396808fcb7cf41ff29ad52f7d1078aba99832,397.15
458b990857fad642a5b549fee414903a8f876dae,420.44
86c1d97c5f83cb6cc9c0d7490942b806d3a1d3be,398.08
4cbae5ad165b260c43f5c369517dff90a2139377,384.60
e8e755bfb9a0b1b8b19e8312942ea29cb9b626da,390.48
548ce13435a00bb447fbffdbca8c5ce3be752ee4,391.23
d8dbde85408a685075e5cbec0709877317393497,425.06
b8b73080085bed3b2062e1a90ed940056997a0ff,389.19
a29e8b5374c7ba0828752fe78b3cc3471532121b,386.38
070396808fcb7cf41ff29ad52f7d1078aba99832,402.17
37d4c1f1d3297fd078dd8d1574b7f7c2357a99b4,423.08
458b990857fad642a5b549fee414903a8f876dae,434.60
e4ff08f2bad145ec500228de112c8e821e8725cc,388.15
2f0a7bf507020d98b3bdbf0a93bb1c753dd90268,384.90
e23559f993f64cf0f1720eac5c930dbaff0c8b71,374.12
ce691239d40e469b75fa22b0bb6a065202c475a7,398.19
cdeae1e34bcc646c3bd07e7d74e7fc164a157bea,423.07
4cbae5ad165b260c43f5c369517dff90a2139377,387.12
a657d090e2f127ebdce131f1f97e7758a8ddc463,382.63
7e5fb4251ba7c8f815b271ac8f6dc4a84768c59c,419.59
8929d961dfd44d1a6758b81c9a0c5adf8e408f6b,421.66
315292d76e2e415be2a743ebefb5116898cd97ac,402.25
548ce13435a00bb447fbffdbca8c5ce3be752ee4,381.75
047443682327a75059c936fec9a323a0d27659a5,392.08
ada77956bb99a098503ee57446fcd8cb59cd3354,396.95
a29e8b5374c7ba0828752fe78b3cc3471532121b,380.75
56a6c72c3e12e62c649f5155b7240bff993230ee,424.59
ac95e9f55bc7ffb60febb341571d85635dada8fd,387.45
a657d090e2f127ebdce131f1f97e7758a8ddc463,384.08
ef7488975ee41c8743e4615677555e5af2046567,403.53
2f732574251122055092a4c6869123eb08058b14,418.76
e5cd584705f746893f75e85cf7acdb2d7a0db1af,425.49
d6da0b0240d8e550ab459c9b222cb34cee5a9cc8,382.87
a56b19c5b6f19ae9ceac186eb8eb685651a0f577,427.46
80ca2f7994a5da3b502a639440128f3da7187711,384.21
56a6c72c3e12e62c649f5155b7240bff993230ee,420.21
7f653fab63ce7ae048a6fba1c2f529dc586369ed,398.56
2202259e8bbf9eafa83a0a06cf765d01f5beb69a,396.95
047443682327a75059c936fec9a323a0d27659a5,396.45
00734226f07e57a2d13f82a4b395b4bb7b9ee20b,399.45
e5cd584705f746893f75e85cf7acdb2d7a0db1af,419.50
b04c5412eb75a7a35925896db7121c3a2c67e1c4,391.89
9bed789bfee6c6433945c0a3e2c710c897616888,420.91
e4ff08f2bad145ec500228de112c8e821e8725cc,393.24
46e1e9780049f855ca60f2c32c594062358a3330,424.25
59d5e26e6a0450ca74a9d696c6c1054f0837a5f7,430.97
d23db47db68a1b25b90e4ce255156e9758697ed2,391.94
314fa9d2351741b47c34337f57faacc8fd5448da,398.14
76e03ee38b835f82d37528f65d0ec49ec9afd128,420.74
315292d76e2e415be2a743ebefb5116898cd97ac,389.04
2f732574251122055092a4c6869123eb08058b14,418.99
abdf22714e557304d9f6782d30da9b7254ce017c,419.13
76e03ee38b835f82d37528f65d0ec49ec9afd128,421.84
80ca2f7994a5da3b502a639440128f3da7187711,382.12
4cbae5ad165b260c43f5c369517dff90a2139377,384.77
89eeefbd8a7e6322e07fa6fdb0e9efeba2bb6582,428.53
7a7419fbc1bcdee4329f90b2361f4fce5376eb92,413.93
cdeae1e34bcc646c3bd07e7d74e7fc164a157bea,425.54
4cbae5ad165b260c43f5c369517dff90a2139377,391.81
ce691239d40e469b75fa22b0bb6a065202c475a7,396.59
89eeefbd8a7e6322e07fa6fdb0e9efeba2bb6582,424.69
2202259e8bbf9eafa83a0a06cf765d01f5beb69a,399.70
3dd9e66bc21c6f53aaa21ce45666610f68540555,388.28
6fcffa8f400ec9980b9fa30d3f737eceb46be234,424.71
2202259e8bbf9eafa83a0a06cf765d01f5beb69a,397.87
2202259e8bbf9eafa83a0a06cf765d01f5beb69a,402.99
a29e8b5374c7ba0828752fe78b3cc3471532121b,384.03
1f3cfcfb08a5e7454e61513389b814c7da6072ac,395.93
ac95e9f55bc7ffb60febb341571d85635dada8fd,385.47
8bb732b7ccb51f4006fa7fa221762755eed949c7,398.69
8bb732b7ccb51f4006fa7fa221762755eed949c7,398.19
2202259e8bbf9eafa83a0a06cf765d01f5beb69a,400.83
c95216aa6e1f0dc5d39aea88624b05b953953d3d,385.73
ac95e9f55bc7ffb60febb341571d85635dada8fd,389.06
59d5e26e6a0450ca74a9d696c6c1054f0837a5f7,417.92
e4ff08f2bad145ec500228de112c8e821e8725cc,386.82
76e03ee38b835f82d37528f65d0ec49ec9afd128,423.12
577b29272d3cefacef578ea035e90efd78a1360b,400.28
80c826dc46a5270826c411d3741bfab8c98eb42e,423.24
76e03ee38b835f82d37528f65d0ec49ec9afd128,422.89
e5cd584705f746893f75e85cf7acdb2d7a0db1af,422.74
d31572d7abb174d3a75d80d909d9aaa0be093c62,389.21
c95216aa6e1f0dc5d39aea88624b05b953953d3d,386.87
0eeefe41eef0c037f514965618e7f9c2d2129d7b,400.46
c95216aa6e1f0dc5d39aea88624b05b953953d3d,386.17
d23db47db68a1b25b90e4ce255156e9758697ed2,392.14
c95216aa6e1f0dc5d39aea88624b05b953953d3d,384.81
80c826dc46a5270826c411d3741bfab8c98eb42e,422.94
ac57740b13bddd414c98253d53092546c1c330a2,417.28
04025259e96d3676097e84126fb55124b92c50ed,389.77
577b29272d3cefacef578ea035e90efd78a1360b,397.80
d23db47db68a1b25b90e4ce255156e9758697ed2,392.19
e5cd584705f746893f75e85cf7acdb2d7a0db1af,422.81
72fe7662416118598bc0af126c15cba3ca09d9b4,411.97
98e828a29423b72397d8783c4d02159e50bd50a4,422.67
95945f173ca94f9ac6620011cb970707351f070e,433.87
d23db47db68a1b25b90e4ce255156e9758697ed2,386.13
479e85fc44c56061a15b7b4a4f7469ed337f83e3,394.08
01342bcffce91c36e280158b7c6f2e2cb72237b6,426.91
4bd743a3a5492d1d185bd21f421e49ce3a27af7c,399.09
e9e331c2b922a5ac3f89ab8b3ca364df3ab11080,416.22
7e5fb4251ba7c8f815b271ac8f6dc4a84768c59c,415.57
548ce13435a00bb447fbffdbca8c5ce3be752ee4,385.99
98e828a29423b72397d8783c4d02159e50bd50a4,422.54
2f732574251122055092a4c6869123eb08058b14,428.02
e9e331c2b922a5ac3f89ab8b3ca364df3ab11080,415.61
9d3ab85127dff8f684d18243425f543b204aabef,386.08
047443682327a75059c936fec9a323a0d27659a5,385.25
bd3e7c8ada7748dc5cf2428e68c828c0cf744469,419.62
315292d76e2e415be2a743ebefb5116898cd97ac,388.92
eb95cc7662dc5c438de8d9ef47ccf131bf7191a8,399.57
4899674eccbb5b188a97915db8b858a3fd618098,430.85
72fe7662416118598bc0af126c15cba3ca09d9b4,414.91
ac95e9f55bc7ffb60febb341571d85635dada8fd,386.56
7a7419fbc1bcdee4329f90b2361f4fce5376eb92,416.98
a657d090e2f127ebdce131f1f97e7758a8ddc463,382.03
40979c984d6ceebd50dab1ba516babb1570841a7,409.74
6fe6c34a888486b417a913deaca517305b76cc71,390.41
45718e932a4b1d88f4228e95e52992d2c5ab7402,405.96
3dd9e66bc21c6f53aaa21ce45666610f68540555,389.53
98e828a29423b72397d8783c4d02159e50bd50a4,425.68
d23db47db68a1b25b90e4ce255156e9758697ed2,407.28
047443682327a75059c936fec9a323a0d27659a5,389.39
ac95e9f55bc7ffb60febb341571d85635dada8fd,388.46
e5cd584705f746893f75e85cf7acdb2d7a0db1af,424.71
479e85fc44c56061a15b7b4a4f7469ed337f83e3,389.68
4cbae5ad165b260c43f5c369517dff90a2139377,383.90
4cbae5ad165b260c43f5c369517dff90a2139377,382.23
abdf22714e557304d9f6782d30da9b7254ce017c,423.79
1819b3abeb5835976b766765aeccae127ee6fd58,419.09
01342bcffce91c36e280158b7c6f2e2cb72237b6,429.64
a29e8b5374c7ba0828752fe78b3cc3471532121b,389.06
e86fce8a0480ec35b76cd42c82b3466d724af082,401.89
e5cd584705f746893f75e85cf7acdb2d7a0db1af,431.03
e9e331c2b922a5ac3f89ab8b3ca364df3ab11080,416.91
2264b369e32637b6d82a0bc3362d28173561662a,416.91
2f732574251122055092a4c6869123eb08058b14,424.41
3205f0ef9409bb622f66315983830aa89d9313cf,423.56
315292d76e2e415be2a743ebefb5116898cd97ac,390.55
4899674eccbb5b188a97915db8b858a3fd618098,423.95
2264b369e32637b6d82a0bc3362d28173561662a,415.52
9bed789bfee6c6433945c0a3e2c710c897616888,424.75
070396808fcb7cf41ff29ad52f7d1078aba99832,400.97
46e1e9780049f855ca60f2c32c594062358a3330,420.93
3dd9e66bc21c6f53aaa21ce45666610f68540555,390.27
c95216aa6e1f0dc5d39aea88624b05b953953d3d,384.52
ef7488975ee41c8743e4615677555e5af2046567,398.26
4899674eccbb5b188a97915db8b858a3fd618098,424.85
458b990857fad642a5b549fee414903a8f876dae,426.79
6fe6c34a888486b417a913deaca517305b76cc71,389.52
b8b73080085bed3b2062e1a90ed940056997a0ff,388.00
37d4c1f1d3297fd078dd8d1574b7f7c2357a99b4,424.60
a657d090e2f127ebdce131f1f97e7758a8ddc463,388.38
070396808fcb7cf41ff29ad52f7d1078aba99832,399.58
7a7419fbc1bcdee4329f90b2361f4fce5376eb92,418.46
2bc420589478b3cb01398cd9eb233be25b73b7c0,389.38
5af8413f0228332f79344b7e4233bc605b232b44,418.53
89eeefbd8a7e6322e07fa6fdb0e9efeba2bb6582,421.43
458b990857fad642a5b549fee414903a8f876dae,425.69
1819b3abeb5835976b766765aeccae127ee6fd58,422.56
314fa9d2351741b47c34337f57faacc8fd5448da,401.55
1f3cfcfb08a5e7454e61513389b814c7da6072ac,388.27
c1ef042a598d492cbcf0bcf09526a49c74bec073,388.84
98e828a29423b72397d8783c4d02159e50bd50a4,423.80
e4ff08f2bad145ec500228de112c8e821e8725cc,387.81
c1472f385f1c24c047543787ab7ef8b807cc8ba4,398.96
eaf6bf4ad42f86fb6c2608e4a8bb5d5fdf1e46ce,395.96
4cbae5ad165b260c43f5c369517dff90a2139377,394.75
4296f2cd95db753c80becf915733c8ddaf751daa,420.59
4cbae5ad165b260c43f5c369517dff90a2139377,392.55
2bc420589478b3cb01398cd9eb233be25b73b7c0,387.02
59d5e26e6a0450ca74a9d696c6c1054f0837a5f7,421.36
ce691239d40e469b75fa22b0bb6a065202c475a7,393.37
a56b19c5b6f19ae9ceac186eb8eb685651a0f577,424.51
a56b19c5b6f19ae9ceac186eb8eb685651a0f577,425.13
98e828a29423b72397d8783c4d02159e50bd50a4,426.83
577b29272d3cefacef578ea035e90efd78a1360b,400.24
1f3cfcfb08a5e7454e61513389b814c7da6072ac,391.50
83b8d1a6c8db2d34fbb344ae3125781978910725,414.14
00734226f07e57a2d13f82a4b395b4bb7b9ee20b,402.31
83d1848144abf29b501d59e0c3ec41e40c9cf020,424.56
cdeae1e34bcc646c3bd07e7d74e7fc164a157bea,420.65
eaf6bf4ad42f86fb6c2608e4a8bb5d5fdf1e46ce,386.53
e2f6a9d19c7025431278f0d77085dde4dc2da798,385.97
46e1e9780049f855ca60f2c32c594062358a3330,423.66
37d4c1f1d3297fd078dd8d1574b7f7c2357a99b4,423.48
4cbae5ad165b260c43f5c369517dff90a2139377,390.01
95945f173ca94f9ac6620011cb970707351f070e,423.11
e86fce8a0480ec35b76cd42c82b3466d724af082,403.08
80ca2f7994a5da3b502a639440128f3da7187711,382.51
e4ff08f2bad145ec500228de112c8e821e8725cc,398.12
4bd743a3a5492d1d185bd21f421e49ce3a27af7c,393.73
ac95e9f55bc7ffb60febb341571d85635dada8fd,392.61
2202259e8bbf9eafa83a0a06cf765d01f5beb69a,400.79
01342bcffce91c36e280158b7c6f2e2cb72237b6,427.60
3205f0ef9409bb622f66315983830aa89d9313cf,438.01
d8dbde85408a685075e5cbec0709877317393497,424.61
2f732574251122055092a4c6869123eb08058b14,415.02
9c8969d48f776ce2f1bbcac73a2e0b4c85c71556,423.84
4555f2d3bdd513bfa82e444930e29531387d0215,401.13
e8e755bfb9a0b1b8b19e8312942ea29cb9b626da,390.49
43e16a608ddc00981c92cf3772c350c8b7e934dc,400.13
479e85fc44c56061a15b7b4a4f7469ed337f83e3,389.73
cdeae1e34bcc646c3bd07e7d74e7fc164a157bea,425.98
a29e8b5374c7ba0828752fe78b3cc3471532121b,379.89
070396808fcb7cf41ff29ad52f7d1078aba99832,403.70
1f3cfcfb08a5e7454e61513389b814c7da6072ac,386.97
37d4c1f1d3297fd078dd8d1574b7f7c2357a99b4,426.69
f435b791e193cfe771d7dbd28d2822c32a0889e2,396.08
00734226f07e57a2d13f82a4b395b4bb7b9ee20b,401.15
80c826dc46a5270826c411d3741bfab8c98eb42e,422.78
6fcffa8f400ec9980b9fa30d3f737eceb46be234,417.92
83d1848144abf29b501d59e0c3ec41e40c9cf020,432.16
ef7488975ee41c8743e4615677555e5af2046567,411.49
479e85fc44c56061a15b7b4a4f7469ed337f83e3,386.15
04025259e96d3676097e84126fb55124b92c50ed,389.28
d8dbde85408a685075e5cbec0709877317393497,422.44
e4ff08f2bad145ec500228de112c8e821e8725cc,391.38
6fe6c34a888486b417a913deaca517305b76cc71,389.73
e86fce8a0480ec35b76cd42c82b3466d724af082,398.83
83b8d1a6c8db2d34fbb344ae3125781978910725,409.19
9bed789bfee6c6433945c0a3e2c710c897616888,424.09
a29e8b5374c7ba0828752fe78b3cc3471532121b,386.12
e9e331c2b922a5ac3f89ab8b3ca364df3ab11080,417.16
7e5fb4251ba7c8f815b271ac8f6dc4a84768c59c,420.34
c1472f385f1c24c047543787ab7ef8b807cc8ba4,399.69
ef7488975ee41c8743e4615677555e5af2046567,400.07
a657d090e2f127ebdce131f1f97e7758a8ddc463,378.69
e86fce8a0480ec35b76cd42c82b3466d724af082,399.10
577b29272d3cefacef578ea035e90efd78a1360b,400.37
eb95cc7662dc5c438de8d9ef47ccf131bf7191a8,400.49
56bacbd1532e9a985a879e686fdfdbf65d24be7c,403.93
76e03ee38b835f82d37528f65d0ec49ec9afd128,419.49
3205f0ef9409bb622f66315983830aa89d9313cf,424.51
e322266704817edd0a19e05207a15b791ca160b6,421.69
2264b369e32637b6d82a0bc3362d28173561662a,419.85
9bed789bfee6c6433945c0a3e2c710c897616888,429.34
83d1848144abf29b501d59e0c3ec41e40c9cf020,424.23
1819b3abeb5835976b766765aeccae127ee6fd58,431.51
c1ef042a598d492cbcf0bcf09526a49c74bec073,390.19
d6da0b0240d8e550ab459c9b222cb34cee5a9cc8,387.87
4899674eccbb5b188a97915db8b858a3fd618098,424.38
9d3ab85127dff8f684d18243425f543b204aabef,385.82
56a6c72c3e12e62c649f5155b7240bff993230ee,422.07
7649933bba7ad5960415065dd95cc99aada42240,434.87
ac57740b13bddd414c98253d53092546c1c330a2,415.29
0eeefe41eef0c037f514965618e7f9c2d2129d7b,401.43
95945f173ca94f9ac6620011cb970707351f070e,423.14
548ce13435a00bb447fbffdbca8c5ce3be752ee4,380.74
00734226f07e57a2d13f82a4b395b4bb7b9ee20b,405.91
40979c984d6ceebd50dab1ba516babb1570841a7,407.46
e2f6a9d19c7025431278f0d77085dde4dc2da798,390.37
b04c5412eb75a7a35925896db7121c3a2c67e1c4,385.57
e322266704817edd0a19e05207a15b791ca160b6,419.96
04025259e96d3676097e84126fb55124b92c50ed,387.49
314fa9d2351741b47c34337f57faacc8fd5448da,401.78
4cbae5ad165b260c43f5c369517dff90a2139377,386.21
83d1848144abf29b501d59e0c3ec41e40c9cf020,428.50
7b1a8763534bb06d5f83b03ed8f6abb3e6d4db80,403.01
9bed789bfee6c6433945c0a3e2c710c897616888,427.22
2264b369e32637b6d82a0bc3362d28173561662a,417.81
d23db47db68a1b25b90e4ce255156e9758697ed2,388.91
c95216aa6e1f0dc5d39aea88624b05b953953d3d,390.20
8929d961dfd44d1a6758b81c9a0c5adf8e408f6b,420.82
d6da0b0240d8e550ab459c9b222cb34cee5a9cc8,390.39
a29e8b5374c7ba0828752fe78b3cc3471532121b,386.64
a657d090e2f127ebdce131f1f97e7758a8ddc463,382.78
e86fce8a0480ec35b76cd42c82b3466d724af082,408.02
f435b791e193cfe771d7dbd28d2822c32a0889e2,391.77
89eeefbd8a7e6322e07fa6fdb0e9efeba2bb6582,423.62
577b29272d3cefacef578ea035e90efd78a1360b,404.98
e97f564d2450702d2b74ff35ecc5ad5c1e57fc0d,396.85
e8e755bfb9a0b1b8b19e8312942ea29cb9b626da,390.94
59d5e26e6a0450ca74a9d696c6c1054f0837a5f7,425.48
46e1e9780049f855ca60f2c32c594062358a3330,430.34
83b8d1a6c8db2d34fbb344ae3125781978910725,397.70
f435b791e193cfe771d7dbd28d2822c32a0889e2,388.29
458b990857fad642a5b549fee414903a8f876dae,429.14
80c826dc46a5270826c411d3741bfab8c98eb42e,423.07
548ce13435a00bb447fbffdbca8c5ce3be752ee4,383.87
d8dbde85408a685075e5cbec0709877317393497,419.80
7e5fb4251ba7c8f815b271ac8f6dc4a84768c59c,416.73
37d4c1f1d3297fd078dd8d1574b7f7c2357a99b4,421.77
315292d76e2e415be2a743ebefb5116898cd97ac,387.41
d6da0b0240d8e550ab459c9b222cb34cee5a9cc8,393.04
d31572d7abb174d3a75d80d909d9aaa0be093c62,398.28
bd3e7c8ada7748dc5cf2428e68c828c0cf744469,431.80
a9768aa5d5a9c9dd427d589ca3e1494786cfcb12,432.79
315292d76e2e415be2a743ebefb5116898cd97ac,386.09
1819b3abeb5835976b766765aeccae127ee6fd58,421.16
5b4070635f916b7d9d99e306a4c3016473828db6,429.64
e86fce8a0480ec35b76cd42c82b3466d724af082,401.48
80ca2f7994a5da3b502a639440128f3da7187711,383.11
c1472f385f1c24c047543787ab7ef8b807cc8ba4,406.54
bd3e7c8ada7748dc5cf2428e68c828c0cf744469,422.99
f435b791e193cfe771d7dbd28d2822c32a0889e2,385.56
e97f564d2450702d2b74ff35ecc5ad5c1e57fc0d,388.95
80c826dc46a5270826c411d3741bfab8c98eb42e,427.89
43e16a608ddc00981c92cf3772c350c8b7e934dc,401.35
ada77956bb99a098503ee57446fcd8cb59cd3354,390.48
e8e755bfb9a0b1b8b19e8312942ea29cb9b626da,395.19
ac57740b13bddd414c98253d53092546c1c330a2,413.73
6fcffa8f400ec9980b9fa30d3f737eceb46be234,417.75
56bacbd1532e9a985a879e686fdfdbf65d24be7c,403.87
a9768aa5d5a9c9dd427d589ca3e1494786cfcb12,420.86
4296f2cd95db753c80becf915733c8ddaf751daa,424.08
a8ca1dae42c522d5c13c2bd7fbe3673507679ca8,429.55
e322266704817edd0a19e05207a15b791ca160b6,419.61
7e5fb4251ba7c8f815b271ac8f6dc4a84768c59c,423.51
ce691239d40e469b75fa22b0bb6a065202c475a7,388.66
9d3ab85127dff8f684d18243425f543b204aabef,385.79
0eeefe41eef0c037f514965618e7f9c2d2129d7b,402.37
76e03ee38b835f82d37528f65d0ec49ec9afd128,426.79
315292d76e2e415be2a743ebefb5116898cd97ac,385.21
37d4c1f1d3297fd078dd8d1574b7f7c2357a99b4,422.61
6fe6c34a888486b417a913deaca517305b76cc71,391.95
eb95cc7662dc5c438de8d9ef47ccf131bf7191a8,396.19
72fe7662416118598bc0af126c15cba3ca09d9b4,418.07
03336ea9dd5d2aef2e31fe5e6402a04242f4d9f8,387.58
2f732574251122055092a4c6869123eb08058b14,415.06
43e16a608ddc00981c92cf3772c350c8b7e934dc,393.91
37d4c1f1d3297fd078dd8d1574b7f7c2357a99b4,423.48
d8dbde85408a685075e5cbec0709877317393497,421.30
e4ff08f2bad145ec500228de112c8e821e8725cc,389.35
4296f2cd95db753c80becf915733c8ddaf751daa,425.54
45718e932a4b1d88f4228e95e52992d2c5ab7402,397.57
5b4070635f916b7d9d99e306a4c3016473828db6,431.15
0eeefe41eef0c037f514965618e7f9c2d2129d7b,402.59
c1472f385f1c24c047543787ab7ef8b807cc8ba4,399.33
1f3cfcfb08a5e7454e61513389b814c7da6072ac,393.66
ac57740b13bddd414c98253d53092546c1c330a2,420.88
5af8413f0228332f79344b7e4233bc605b232b44,424.11
1f3cfcfb08a5e7454e61513389b814c7da6072ac,390.87
0eeefe41eef0c037f514965618e7f9c2d2129d7b,399.73
d6da0b0240d8e550ab459c9b222cb34cee5a9cc8,393.79
070396808fcb7cf41ff29ad52f7d1078aba99832,400.58
5af8413f0228332f79344b7e4233bc605b232b44,423.01
a29e8b5374c7ba0828752fe78b3cc3471532121b,382.83
c95216aa6e1f0dc5d39aea88624b05b953953d3d,386.23
f435b791e193cfe771d7dbd28d2822c32a0889e2,388.13
070396808fcb7cf41ff29ad52f7d1078aba99832,398.51
5af8413f0228332f79344b7e4233bc605b232b44,424.39
ce691239d40e469b75fa22b0bb6a065202c475a7,397.50
c1ef042a598d492cbcf0bcf09526a49c74bec073,390.42
0e4c8bf728d368fed47e458f5f91517c677f1d60,386.18
86c1d97c5f83cb6cc9c0d7490942b806d3a1d3be,389.01
a8ca1dae42c522d5c13c2bd7fbe3673507679ca8,423.33
4296f2cd95db753c80becf915733c8ddaf751daa,418.10
e8e755bfb9a0b1b8b19e8312942ea29cb9b626da,396.27
59d5e26e6a0450ca74a9d696c6c1054f0837a5f7,421.04
2202259e8bbf9eafa83a0a06cf765d01f5beb69a,403.99
c1ef042a598d492cbcf0bcf09526a49c74bec073,392.56
9d3ab85127dff8f684d18243425f543b204aabef,385.50
a9768aa5d5a9c9dd427d589ca3e1494786cfcb12,421.95
bd3e7c8ada7748dc5cf2428e68c828c0cf744469,425.22
4899674eccbb5b188a97915db8b858a3fd618098,434.92
e5cd584705f746893f75e85cf7acdb2d7a0db1af,423.31
e2f6a9d19c7025431278f0d77085dde4dc2da798,395.77
95945f173ca94f9ac6620011cb970707351f070e,431.01
4296f2cd95db753c80becf915733c8ddaf751daa,421.62
80c826dc46a5270826c411d3741bfab8c98eb42e,419.82
7a7419fbc1bcdee4329f90b2361f4fce5376eb92,417.36
b8b73080085bed3b2062e1a90ed940056997a0ff,397.75
e9e331c2b922a5ac3f89ab8b3ca364df3ab11080,415.77
e9e331c2b922a5ac3f89ab8b3ca364df3ab11080,416.58
45718e932a4b1d88f4228e95e52992d2c5ab7402,398.34
a29e8b5374c7ba0828752fe78b3cc3471532121b,383.54
e322266704817edd0a19e05207a15b791ca160b6,432.75
314fa9d2351741b47c34337f57faacc8fd5448da,400.99
070396808fcb7cf41ff29ad52f7d1078aba99832,402.37
c1472f385f1c24c047543787ab7ef8b807cc8ba4,406.29
59d5e26e6a0450ca74a9d696c6c1054f0837a5f7,422.32
9bed789bfee6c6433945c0a3e2c710c897616888,427.49
04025259e96d3676097e84126fb55124b92c50ed,388.52
1819b3abeb5835976b766765aeccae127ee6fd58,421.71
d8dbde85408a685075e5cbec0709877317393497,423.29
2264b369e32637b6d82a0bc3362d28173561662a,415.56
c1ef042a598d492cbcf0bcf09526a49c74bec073,393.02
c95216aa6e1f0dc5d39aea88624b05b953953d3d,382.26
86c1d97c5f83cb6cc9c0d7490942b806d3a1d3be,390.24
37d4c1f1d3297fd078dd8d1574b7f7c2357a99b4,424.27
3dd9e66bc21c6f53aaa21ce45666610f68540555,393.27
e9e331c2b922a5ac3f89ab8b3ca364df3ab11080,415.60
56bacbd1532e9a985a879e686fdfdbf65d24be7c,413.57
4555f2d3bdd513bfa82e444930e29531387d0215,399.54
0eeefe41eef0c037f514965618e7f9c2d2129d7b,398.83
479e85fc44c56061a15b7b4a4f7469ed337f83e3,388.39
e2f6a9d19c7025431278f0d77085dde4dc2da798,389.12
3205f0ef9409bb622f66315983830aa89d9313cf,423.47
7649933bba7ad5960415065dd95cc99aada42240,422.46
2202259e8bbf9eafa83a0a06cf765d01f5beb69a,401.94
9d3ab85127dff8f684d18243425f543b204aabef,389.28
56bacbd1532e9a985a879e686fdfdbf65d24be7c,401.94
e23559f993f64cf0f1720eac5c930dbaff0c8b71,369.75
eb95cc7662dc5c438de8d9ef47ccf131bf7191a8,398.81
7b1a8763534bb06d5f83b03ed8f6abb3e6d4db80,411.23
e322266704817edd0a19e05207a15b791ca160b6,420.48
8929d961dfd44d1a6758b81c9a0c5adf8e408f6b,422.77
e5cd584705f746893f75e85cf7acdb2d7a0db1af,424.22
7f653fab63ce7ae048a6fba1c2f529dc586369ed,400.20
03336ea9dd5d2aef2e31fe5e6402a04242f4d9f8,384.85
04025259e96d3676097e84126fb55124b92c50ed,388.73
5af8413f0228332f79344b7e4233bc605b232b44,424.40
e5cd584705f746893f75e85cf7acdb2d7a0db1af,422.74
a657d090e2f127ebdce131f1f97e7758a8ddc463,381.64
86c1d97c5f83cb6cc9c0d7490942b806d3a1d3be,394.69
7649933bba7ad5960415065dd95cc99aada42240,429.65
cdeae1e34bcc646c3bd07e7d74e7fc164a157bea,437.42
d8dbde85408a685075e5cbec0709877317393497,425.33
b04c5412eb75a7a35925896db7121c3a2c67e1c4,384.04
e86fce8a0480ec35b76cd42c82b3466d724af082,397.05
0e4c8bf728d368fed47e458f5f91517c677f1d60,388.23
c95216aa6e1f0dc5d39aea88624b05b953953d3d,383.59
9bed789bfee6c6433945c0a3e2c710c897616888,422.54
047443682327a75059c936fec9a323a0d27659a5,383.79
83b8d1a6c8db2d34fbb344ae3125781978910725,402.61
e86fce8a0480ec35b76cd42c82b3466d724af082,406.60
2bc420589478b3cb01398cd9eb233be25b73b7c0,375.38
6fcffa8f400ec9980b9fa30d3f737eceb46be234,420.48
00734226f07e57a2d13f82a4b395b4bb7b9ee20b,398.39
b04c5412eb75a7a35925896db7121c3a2c67e1c4,383.41
8929d961dfd44d1a6758b81c9a0c5adf8e408f6b,427.38
95945f173ca94f9ac6620011cb970707351f070e,430.27
e4ff08f2bad145ec500228de112c8e821e8725cc,399.76
314fa9d2351741b47c34337f57faacc8fd5448da,399.71
2f0a7bf507020d98b3bdbf0a93bb1c753dd90268,391.60
314fa9d2351741b47c34337f57faacc8fd5448da,398.47
98e828a29423b72397d8783c4d02159e50bd50a4,427.43
9c8969d48f776ce2f1bbcac73a2e0b4c85c71556,432.84
e5cd584705f746893f75e85cf7acdb2d7a0db1af,427.91
a8ca1dae42c522d5c13c2bd7fbe3673507679ca8,418.06
9d3ab85127dff8f684d18243425f543b204aabef,386.92
83b8d1a6c8db2d34fbb344ae3125781978910725,402.60
bd3e7c8ada7748dc5cf2428e68c828c0cf744469,425.16
72fe7662416118598bc0af126c15cba3ca09d9b4,417.31
c1ef042a598d492cbcf0bcf09526a49c74bec073,390.26
d6da0b0240d8e550ab459c9b222cb34cee5a9cc8,383.51
f435b791e193cfe771d7dbd28d2822c32a0889e2,393.28
a56b19c5b6f19ae9ceac186eb8eb685651a0f577,423.89
abdf22714e557304d9f6782d30da9b7254ce017c,421.39
6fcffa8f400ec9980b9fa30d3f737eceb46be234,420.61
6fe6c34a888486b417a913deaca517305b76cc71,393.53
c95216aa6e1f0dc5d39aea88624b05b953953d3d,385.20
b8b73080085bed3b2062e1a90ed940056997a0ff,392.86
a29e8b5374c7ba0828752fe78b3cc3471532121b,383.96
ada77956bb99a098503ee57446fcd8cb59cd3354,397.23
d31572d7abb174d3a75d80d909d9aaa0be093c62,388.51
577b29272d3cefacef578ea035e90efd78a1360b,405.00
d8dbde85408a685075e5cbec0709877317393497,438.84
e322266704817edd0a19e05207a15b791ca160b6,421.43
5b4070635f916b7d9d99e306a4c3016473828db6,429.83
d23db47db68a1b25b90e4ce255156e9758697ed2,391.34
0eeefe41eef0c037f514965618e7f9c2d2129d7b,400.58
ef7488975ee41c8743e4615677555e5af2046567,403.24
3dd9e66bc21c6f53aaa21ce45666610f68540555,390.40
40979c984d6ceebd50dab1ba516babb1570841a7,399.10
eaf6bf4ad42f86fb6c2608e4a8bb5d5fdf1e46ce,387.64
d8dbde85408a685075e5cbec0709877317393497,420.38
7b1a8763534bb06d5f83b03ed8f6abb3e6d4db80,401.82
0eeefe41eef0c037f514965618e7f9c2d2129d7b,407.07
7649933bba7ad5960415065dd95cc99aada42240,425.95
89eeefbd8a7e6322e07fa6fdb0e9efeba2bb6582,430.26
7a7419fbc1bcdee4329f90b2361f4fce5376eb92,417.06
b04c5412eb75a7a35925896db7121c3a2c67e1c4,386.69
6fcffa8f400ec9980b9fa30d3f737eceb46be234,425.74
4296f2cd95db753c80becf915733c8ddaf751daa,426.56
e8e755bfb9a0b1b8b19e8312942ea29cb9b626da,391.66
2264b369e32637b6d82a0bc3362d28173561662a,422.78
01342bcffce91c36e280158b7c6f2e2cb72237b6,422.38
72fe7662416118598bc0af126c15cba3ca09d9b4,427.09
4bd743a3a5492d1d185bd21f421e49ce3a27af7c,393.40
3205f0ef9409bb622f66315983830aa89d9313cf,421.38
1819b3abeb5835976b766765aeccae127ee6fd58,431.85
5b4070635f916b7d9d99e306a4c3016473828db6,422.54
047443682327a75059c936fec9a323a0d27659a5,385.70
9c8969d48f776ce2f1bbcac73a2e0b4c85c71556,424.53
4cbae5ad165b260c43f5c369517dff90a2139377,386.93
cdeae1e34bcc646c3bd07e7d74e7fc164a157bea,422.86
56a6c72c3e12e62c649f5155b7240bff993230ee,422.11
ac57740b13bddd414c98253d53092546c1c330a2,416.55
3205f0ef9409bb622f66315983830aa89d9313cf,420.32
e2f6a9d19c7025431278f0d77085dde4dc2da798,391.77
ada77956bb99a098503ee57446fcd8cb59cd3354,386.97
e86fce8a0480ec35b76cd42c82b3466d724af082,399.65
479e85fc44c56061a15b7b4a4f7469ed337f83e3,387.54
047443682327a75059c936fec9a323a0d27659a5,390.35
315292d76e2e415be2a743ebefb5116898cd97ac,396.29
315292d76e2e415be2a743ebefb5116898cd97ac,390.64
1f3cfcfb08a5e7454e61513389b814c7da6072ac,388.81
4bd743a3a5492d1d185bd21f421e49ce3a27af7c,394.27
ada77956bb99a098503ee57446fcd8cb59cd3354,389.07
83d1848144abf29b501d59e0c3ec41e40c9cf020,420.79
1819b3abeb5835976b766765aeccae127ee6fd58,424.28
83d1848144abf29b501d59e0c3ec41e40c9cf020,420.46
8bb732b7ccb51f4006fa7fa221762755eed949c7,397.39
83d1848144abf29b501d59e0c3ec41e40c9cf020,430.15
4899674eccbb5b188a97915db8b858a3fd618098,419.24
00734226f07e57a2d13f82a4b395b4bb7b9ee20b,401.03
4cbae5ad165b260c43f5c369517dff90a2139377,383.07
eb95cc7662dc5c438de8d9ef47ccf131bf7191a8,397.45
7f653fab63ce7ae048a6fba1c2f529dc586369ed,399.98
04025259e96d3676097e84126fb55124b92c50ed,395.86
c1472f385f1c24c047543787ab7ef8b807cc8ba4,401.07
80ca2f7994a5da3b502a639440128f3da7187711,390.00
ce691239d40e469b75fa22b0bb6a065202c475a7,389.50
4296f2cd95db753c80becf915733c8ddaf751daa,427.09
1f3cfcfb08a5e7454e61513389b814c7da6072ac,402.58
b04c5412eb75a7a35925896db7121c3a2c67e1c4,384.53
04025259e96d3676097e84126fb55124b92c50ed,385.38
a9768aa5d5a9c9dd427d589ca3e1494786cfcb12,428.91
f435b791e193cfe771d7dbd28d2822c32a0889e2,384.86
cdeae1e34bcc646c3bd07e7d74e7fc164a157bea,417.97
abdf22714e557304d9f6782d30da9b7254ce017c,422.68
72fe7662416118598bc0af126c15cba3ca09d9b4,418.64
a657d090e2f127ebdce131f1f97e7758a8ddc463,391.22
76e03ee38b835f82d37528f65d0ec49ec9afd128,423.32
0e4c8bf728d368fed47e458f5f91517c677f1d60,388.39
ada77956bb99a098503ee57446fcd8cb59cd3354,391.63
3dd9e66bc21c6f53aaa21ce45666610f68540555,390.64
f435b791e193cfe771d7dbd28d2822c32a0889e2,385.17
d23db47db68a1b25b90e4ce255156e9758697ed2,392.47
7649933bba7ad5960415065dd95cc99aada42240,422.83
ac95e9f55bc7ffb60febb341571d85635dada8fd,390.65
59d5e26e6a0450ca74a9d696c6c1054f0837a5f7,422.58
6fcffa8f400ec9980b9fa30d3f737eceb46be234,417.36
95945f173ca94f9ac6620011cb970707351f070e,421.52
2202259e8bbf9eafa83a0a06cf765d01f5beb69a,402.75
458b990857fad642a5b549fee414903a8f876dae,421.63
7a7419fbc1bcdee4329f90b2361f4fce5376eb92,419.34
577b29272d3cefacef578ea035e90efd78a1360b,400.77
2264b369e32637b6d82a0bc3362d28173561662a,417.65
2bc420589478b3cb01398cd9eb233be25b73b7c0,377.62
a56b19c5b6f19ae9ceac186eb8eb685651a0f577,427.14
0e4c8bf728d368fed47e458f5f91517c677f1d60,391.31
59d5e26e6a0450ca74a9d696c6c1054f0837a5f7,420.83
37d4c1f1d3297fd078dd8d1574b7f7c2357a99b4,421.97
d6da0b0240d8e550ab459c9b222cb34cee5a9cc8,389.03
7b1a8763534bb06d5f83b03ed8f6abb3e6d4db80,397.31
e8e755bfb9a0b1b8b19e8312942ea29cb9b626da,388.61
cdeae1e34bcc646c3bd07e7d74e7fc164a157bea,441.76
ce691239d40e469b75fa22b0bb6a065202c475a7,388.17
2f0a7bf507020d98b3bdbf0a93bb1c753dd90268,385.08
abdf22714e557304d9f6782d30da9b7254ce017c,426.87
479e85fc44c56061a15b7b4a4f7469ed337f83e3,390.69
ce691239d40e469b75fa22b0bb6a065202c475a7,392.90
5b4070635f916b7d9d99e306a4c3016473828db6,426.84
4899674eccbb5b188a97915db8b858a3fd618098,429.52
d8dbde85408a685075e5cbec0709877317393497,419.86
83d1848144abf29b501d59e0c3ec41e40c9cf020,425.11
c1ef042a598d492cbcf0bcf09526a49c74bec073,391.04
479e85fc44c56061a15b7b4a4f7469ed337f83e3,394.34
9c8969d48f776ce2f1bbcac73a2e0b4c85c71556,426.51
047443682327a75059c936fec9a323a0d27659a5,385.36
c1472f385f1c24c047543787ab7ef8b807cc8ba4,401.01
7e5fb4251ba7c8f815b271ac8f6dc4a84768c59c,419.78
e97f564d2450702d2b74ff35ecc5ad5c1e57fc0d,403.38
479e85fc44c56061a15b7b4a4f7469ed337f83e3,392.74
ac95e9f55bc7ffb60febb341571d85635dada8fd,391.76
1819b3abeb5835976b766765aeccae127ee6fd58,424.49
e2f6a9d19c7025431278f0d77085dde4dc2da798,384.30
e322266704817edd0a19e05207a15b791ca160b6,421.35
e86fce8a0480ec35b76cd42c82b3466d724af082,408.33
56bacbd1532e9a985a879e686fdfdbf65d24be7c,400.53
eb95cc7662dc5c438de8d9ef47ccf131bf7191a8,395.18
95945f173ca94f9ac6620011cb970707351f070e,421.13
2f0a7bf507020d98b3bdbf0a93bb1c753dd90268,384.82
cdeae1e34bcc646c3bd07e7d74e7fc164a157bea,425.64
7f653fab63ce7ae048a6fba1c2f529dc586369ed,401.37
e2f6a9d19c7025431278f0d77085dde4dc2da798,395.97
59d5e26e6a0450ca74a9d696c6c1054f0837a5f7,426.49
2bc420589478b3cb01398cd9eb233be25b73b7c0,377.76
9d3ab85127dff8f684d18243425f543b204aabef,386.74
b8b73080085bed3b2062e1a90ed940056997a0ff,392.64
3dd9e66bc21c6f53aaa21ce45666610f68540555,387.54
a657d090e2f127ebdce131f1f97e7758a8ddc463,394.88
479e85fc44c56061a15b7b4a4f7469ed337f83e3,390.99
40979c984d6ceebd50dab1ba516babb1570841a7,409.90
80ca2f7994a5da3b502a639440128f3da7187711,384.39
070396808fcb7cf41ff29ad52f7d1078aba99832,404.68
45718e932a4b1d88f4228e95e52992d2c5ab7402,398.75
548ce13435a00bb447fbffdbca8c5ce3be752ee4,382.45
e322266704817edd0a19e05207a15b791ca160b6,417.68
c1472f385f1c24c047543787ab7ef8b807cc8ba4,399.56
e2f6a9d19c7025431278f0d77085dde4dc2da798,389.74
83b8d1a6c8db2d34fbb344ae3125781978910725,406.36
8929d961dfd44d1a6758b81c9a0c5adf8e408f6b,421.08
83d1848144abf29b501d59e0c3ec41e40c9cf020,436.84
479e85fc44c56061a15b7b4a4f7469ed337f83e3,391.25
ef7488975ee41c8743e4615677555e5af2046567,398.05
45718e932a4b1d88f4228e95e52992d2c5ab7402,400.76
ada77956bb99a098503ee57446fcd8cb59cd3354,395.20
7e5fb4251ba7c8f815b271ac8f6dc4a84768c59c,426.25
f435b791e193cfe771d7dbd28d2822c32a0889e2,387.09
d31572d7abb174d3a75d80d909d9aaa0be093c62,391.18
80ca2f7994a5da3b502a639440128f3da7187711,386.18
7b1a8763534bb06d5f83b03ed8f6abb3e6d4db80,399.06
04025259e96d3676097e84126fb55124b92c50ed,397.66
c95216aa6e1f0dc5d39aea88624b05b953953d3d,393.48
1819b3abeb5835976b766765aeccae127ee6fd58,419.62
80c826dc46a5270826c411d3741bfab8c98eb42e,430.01
2f732574251122055092a4c6869123eb08058b14,414.94
4555f2d3bdd513bfa82e444930e29531387d0215,401.65
b8b73080085bed3b2062e1a90ed940056997a0ff,393.65
7b1a8763534bb06d5f83b03ed8f6abb3e6d4db80,401.07
abdf22714e557304d9f6782d30da9b7254ce017c,420.59
00734226f07e57a2d13f82a4b395b4bb7b9ee20b,395.78
97f29aa3541dac70b811f766dd58ba47ac34d58c,381.04
59d5e26e6a0450ca74a9d696c6c1054f0837a5f7,424.64
3dd9e66bc21c6f53aaa21ce45666610f68540555,392.93
2bc420589478b3cb01398cd9eb233be25b73b7c0,377.43
e97f564d2450702d2b74ff35ecc5ad5c1e57fc0d,391.77
ef7488975ee41c8743e4615677555e5af2046567,396.77
2264b369e32637b6d82a0bc3362d28173561662a,414.73
070396808fcb7cf41ff29ad52f7d1078aba99832,399.67
3205f0ef9409bb622f66315983830aa89d9313cf,425.36
bd3e7c8ada7748dc5cf2428e68c828c0cf744469,428.52
2bc420589478b3cb01398cd9eb233be25b73b7c0,378.86
e23559f993f64cf0f1720eac5c930dbaff0c8b71,366.80
3dd9e66bc21c6f53aaa21ce45666610f68540555,389.35
45718e932a4b1d88f4228e95e52992d2c5ab7402,400.74
e4ff08f2bad145ec500228de112c8e821e8725cc,386.76
7b1a8763534bb06d5f83b03ed8f6abb3e6d4db80,401.34
ac57740b13bddd414c98253d53092546c1c330a2,415.11
315292d76e2e415be2a743ebefb5116898cd97ac,392.00
d6da0b0240d8e550ab459c9b222cb34cee5a9cc8,390.02
ac57740b13bddd414c98253d53092546c1c330a2,417.44
5af8413f0228332f79344b7e4233bc605b232b44,428.82
83d1848144abf29b501d59e0c3ec41e40c9cf020,423.98
89eeefbd8a7e6322e07fa6fdb0e9efeba2bb6582,429.65
4296f2cd95db753c80becf915733c8ddaf751daa,423.57
d23db47db68a1b25b90e4ce255156e9758697ed2,390.05
ac95e9f55bc7ffb60febb341571d85635dada8fd,389.09
d6da0b0240d8e550ab459c9b222cb34cee5a9cc8,388.72
c95216aa6e1f0dc5d39aea88624b05b953953d3d,391.65
8929d961dfd44d1a6758b81c9a0c5adf8e408f6b,423.86
577b29272d3cefacef578ea035e90efd78a1360b,401.43
ada77956bb99a098503ee57446fcd8cb59cd3354,394.30
6fcffa8f400ec9980b9fa30d3f737eceb46be234,416.14
bd3e7c8ada7748dc5cf2428e68c828c0cf744469,436.84
eaf6bf4ad42f86fb6c2608e4a8bb5d5fdf1e46ce,385.79
86c1d97c5f83cb6cc9c0d7490942b806d3a1d3be,390.33
047443682327a75059c936fec9a323a0d27659a5,385.42
047443682327a75059c936fec9a323a0d27659a5,384.16
7f653fab63ce7ae048a6fba1c2f529dc586369ed,399.09
a56b19c5b6f19ae9ceac186eb8eb685651a0f577,430.44
04025259e96d3676097e84126fb55124b92c50ed,387.70
6fe6c34a888486b417a913deaca517305b76cc71,390.03
e2f6a9d19c7025431278f0d77085dde4dc2da798,391.26
9c8969d48f776ce2f1bbcac73a2e0b4c85c71556,421.36
01342bcffce91c36e280158b7c6f2e2cb72237b6,425.60
56bacbd1532e9a985a879e686fdfdbf65d24be7c,398.32
2f0a7bf507020d98b3bdbf0a93bb1c753dd90268,391.67
4899674eccbb5b188a97915db8b858a3fd618098,437.90
ce691239d40e469b75fa22b0bb6a065202c475a7,396.15
c95216aa6e1f0dc5d39aea88624b05b953953d3d,381.59
e23559f993f64cf0f1720eac5c930dbaff0c8b71,367.82
eaf6bf4ad42f86fb6c2608e4a8bb5d5fdf1e46ce,386.82
3dd9e66bc21c6f53aaa21ce45666610f68540555,383.34
458b990857fad642a5b549fee414903a8f876dae,427.12
e322266704817edd0a19e05207a15b791ca160b6,415.23
4cbae5ad165b260c43f5c369517dff90a2139377,384.59
eb95cc7662dc5c438de8d9ef47ccf131bf7191a8,399.30
72fe7662416118598bc0af126c15cba3ca09d9b4,418.53
2f0a7bf507020d98b3bdbf0a93bb1c753dd90268,383.94
eaf6bf4ad42f86fb6c2608e4a8bb5d5fdf1e46ce,393.52
46e1e9780049f855ca60f2c32c594062358a3330,421.53
315292d76e2e415be2a743ebefb5116898cd97ac,389.16
86c1d97c5f83cb6cc9c0d7490942b806d3a1d3be,387.83
4899674eccbb5b188a97915db8b858a3fd618098,424.21
97f29aa3541dac70b811f766dd58ba47ac34d58c,385.45
83d1848144abf29b501d59e0c3ec41e40c9cf020,429.48
83d1848144abf29b501d59e0c3ec41e40c9cf020,423.27
6fcffa8f400ec9980b9fa30d3f737eceb46be234,413.83
7a7419fbc1bcdee4329f90b2361f4fce5376eb92,419.73
b8b73080085bed3b2062e1a90ed940056997a0ff,398.19
03336ea9dd5d2aef2e31fe5e6402a04242f4d9f8,387.47
46e1e9780049f855ca60f2c32c594062358a3330,420.86
2202259e8bbf9eafa83a0a06cf765d01f5beb69a,402.31
37d4c1f1d3297fd078dd8d1574b7f7c2357a99b4,421.80
a9768aa5d5a9c9dd427d589ca3e1494786cfcb12,422.89
8bb732b7ccb51f4006fa7fa221762755eed949c7,402.02
2bc420589478b3cb01398cd9eb233be25b73b7c0,383.17
04025259e96d3676097e84126fb55124b92c50ed,396.41
4899674eccbb5b188a97915db8b858a3fd618098,423.09
ac57740b13bddd414c98253d53092546c1c330a2,413.30
c95216aa6e1f0dc5d39aea88624b05b953953d3d,389.98
eb95cc7662dc5c438de8d9ef47ccf131bf7191a8,400.34
7649933bba7ad5960415065dd95cc99aada42240,430.82
070396808fcb7cf41ff29ad52f7d1078aba99832,413.28
7e5fb4251ba7c8f815b271ac8f6dc4a84768c59c,423.22
2bc420589478b3cb01398cd9eb233be25b73b7c0,388.42
56a6c72c3e12e62c649f5155b7240bff993230ee,422.66
5b4070635f916b7d9d99e306a4c3016473828db6,419.94
e8e755bfb9a0b1b8b19e8312942ea29cb9b626da,388.62
e8e755bfb9a0b1b8b19e8312942ea29cb9b626da,401.17
ada77956bb99a098503ee57446fcd8cb59cd3354,390.53
5b4070635f916b7d9d99e306a4c3016473828db6,421.83
72fe7662416118598bc0af126c15cba3ca09d9b4,413.89
98e828a29423b72397d8783c4d02159e50bd50a4,431.13
97f29aa3541dac70b811f766dd58ba47ac34d58c,383.95
6fe6c34a888486b417a913deaca517305b76cc71,394.04
d31572d7abb174d3a75d80d909d9aaa0be093c62,392.55
83b8d1a6c8db2d34fbb344ae3125781978910725,403.16
e86fce8a0480ec35b76cd42c82b3466d724af082,401.26
c95216aa6e1f0dc5d39aea88624b05b953953d3d,392.59
ac57740b13bddd414c98253d53092546c1c330a2,413.37
a9768aa5d5a9c9dd427d589ca3e1494786cfcb12,418.33
86c1d97c5f83cb6cc9c0d7490942b806d3a1d3be,390.44
070396808fcb7cf41ff29ad52f7d1078aba99832,402.76
a29e8b5374c7ba0828752fe78b3cc3471532121b,394.28
c1ef042a598d492cbcf0bcf09526a49c74bec073,393.60
95945f173ca94f9ac6620011cb970707351f070e,421.90
89eeefbd8a7e6322e07fa6fdb0e9efeba2bb6582,423.19
d23db47db68a1b25b90e4ce255156e9758697ed2,394.68
e9e331c2b922a5ac3f89ab8b3ca364df3ab11080,418.82
00734226f07e57a2d13f82a4b395b4bb7b9ee20b,403.54
43e16a608ddc00981c92cf3772c350c8b7e934dc,400.80
d31572d7abb174d3a75d80d909d9aaa0be093c62,390.34
97f29aa3541dac70b811f766dd58ba47ac34d58c,384.91
7649933bba7ad5960415065dd95cc99aada42240,425.59
e4ff08f2bad145ec500228de112c8e821e8725cc,391.33
37d4c1f1d3297fd078dd8d1574b7f7c2357a99b4,434.00
2264b369e32637b6d82a0bc3362d28173561662a,422.85
2202259e8bbf9eafa83a0a06cf765d01f5beb69a,401.49
abdf22714e557304d9f6782d30da9b7254ce017c,417.74
3205f0ef9409bb622f66315983830aa89d9313cf,427.94
86c1d97c5f83cb6cc9c0d7490942b806d3a1d3be,396.81
b8b73080085bed3b2062e1a90ed940056997a0ff,392.34
4296f2cd95db753c80becf915733c8ddaf751daa,423.15
479e85fc44c56061a15b7b4a4f7469ed337f83e3,387.92
7a7419fbc1bcdee4329f90b2361f4fce5376eb92,420.26
0e4c8bf728d368fed47e458f5f91517c677f1d60,387.85
89eeefbd8a7e6322e07fa6fdb0e9efeba2bb6582,423.47
ada77956bb99a098503ee57446fcd8cb59cd3354,390.58
f435b791e193cfe771d7dbd28d2822c32a0889e2,388.58
5b4070635f916b7d9d99e306a4c3016473828db6,419.70
2bc420589478b3cb01398cd9eb233be25b73b7c0,384.51
eaf6bf4ad42f86fb6c2608e4a8bb5d5fdf1e46ce,385.65
37d4c1f1d3297fd078dd8d1574b7f7c2357a99b4,432.52
7f653fab63ce7ae048a6fba1c2f529dc586369ed,406.35
00734226f07e57a2d13f82a4b395b4bb7b9ee20b,401.37
ce691239d40e469b75fa22b0bb6a065202c475a7,398.26
03336ea9dd5d2aef2e31fe5e6402a04242f4d9f8,400.80
86c1d97c5f83cb6cc9c0d7490942b806d3a1d3be,387.42
98e828a29423b72397d8783c4d02159e50bd50a4,419.20
4cbae5ad165b260c43f5c369517dff90a2139377,381.96
e23559f993f64cf0f1720eac5c930dbaff0c8b71,385.95
f435b791e193cfe771d7dbd28d2822c32a0889e2,384.08
5b4070635f916b7d9d99e306a4c3016473828db6,436.61
e86fce8a0480ec35b76cd42c82b3466d724af082,402.64
e4ff08f2bad145ec500228de112c8e821e8725cc,405.55
8bb732b7ccb51f4006fa7fa221762755eed949c7,395.61
e8e755bfb9a0b1b8b19e8312942ea29cb9b626da,386.63
314fa9d2351741b47c34337f57faacc8fd5448da,399.29
314fa9d2351741b47c34337f57faacc8fd5448da,400.82
e9e331c2b922a5ac3f89ab8b3ca364df3ab11080,412.38
ac95e9f55bc7ffb60febb341571d85635dada8fd,385.33
7f653fab63ce7ae048a6fba1c2f529dc586369ed,396.36
4bd743a3a5492d1d185bd21f421e49ce3a27af7c,390.82
eaf6bf4ad42f86fb6c2608e4a8bb5d5fdf1e46ce,384.47
e5cd584705f746893f75e85cf7acdb2d7a0db1af,427.45
2202259e8bbf9eafa83a0a06cf765d01f5beb69a,395.97
03336ea9dd5d2aef2e31fe5e6402a04242f4d9f8,385.77
b8b73080085bed3b2062e1a90ed940056997a0ff,391.78
9c8969d48f776ce2f1bbcac73a2e0b4c85c71556,421.63
86c1d97c5f83cb6cc9c0d7490942b806d3a1d3be,390.29
1819b3abeb5835976b766765aeccae127ee6fd58,421.92
56bacbd1532e9a985a879e686fdfdbf65d24be7c,405.72
7649933bba7ad5960415065dd95cc99aada42240,427.77
86c1d97c5f83cb6cc9c0d7490942b806d3a1d3be,401.63
1f3cfcfb08a5e7454e61513389b814c7da6072ac,400.79
0e4c8bf728d368fed47e458f5f91517c677f1d60,387.88
479e85fc44c56061a15b7b4a4f7469ed337f83e3,387.59
9d3ab85127dff8f684d18243425f543b204aabef,389.86
6fe6c34a888486b417a913deaca517305b76cc71,401.57
ac95e9f55bc7ffb60febb341571d85635dada8fd,386.28
76e03ee38b835f82d37528f65d0ec49ec9afd128,419.76
d8dbde85408a685075e5cbec0709877317393497,421.68
315292d76e2e415be2a743ebefb5116898cd97ac,386.85
80ca2f7994a5da3b502a639440128f3da7187711,384.73
047443682327a75059c936fec9a323a0d27659a5,386.24
43e16a608ddc00981c92cf3772c350c8b7e934dc,400.70
eb95cc7662dc5c438de8d9ef47ccf131bf7191a8,404.08
5b4070635f916b7d9d99e306a4c3016473828db6,422.48
4555f2d3bdd513bfa82e444930e29531387d0215,401.68
9c8969d48f776ce2f1bbcac73a2e0b4c85c71556,422.80
4296f2cd95db753c80becf915733c8ddaf751daa,428.41
e8e755bfb9a0b1b8b19e8312942ea29cb9b626da,384.70
76e03ee38b835f82d37528f65d0ec49ec9afd128,426.28
46e1e9780049f855ca60f2c32c594062358a3330,421.36
89eeefbd8a7e6322e07fa6fdb0e9efeba2bb6582,422.87
ac57740b13bddd414c98253d53092546c1c330a2,414.46
1819b3abeb5835976b766765aeccae127ee6fd58,423.99
eaf6bf4ad42f86fb6c2608e4a8bb5d5fdf1e46ce,393.54
e97f564d2450702d2b74ff35ecc5ad5c1e57fc0d,389.91
9bed789bfee6c6433945c0a3e2c710c897616888,431.74
1819b3abeb5835976b766765aeccae127ee6fd58,433.54
d31572d7abb174d3a75d80d909d9aaa0be093c62,390.07
7b1a8763534bb06d5f83b03ed8f6abb3e6d4db80,400.22
d23db47db68a1b25b90e4ce255156e9758697ed2,402.33
00734226f07e57a2d13f82a4b395b4bb7b9ee20b,402.69
eaf6bf4ad42f86fb6c2608e4a8bb5d5fdf1e46ce,388.25
b04c5412eb75a7a35925896db7121c3a2c67e1c4,384.14
2f732574251122055092a4c6869123eb08058b14,414.12
80c826dc46a5270826c411d3741bfab8c98eb42e,433.29
d23db47db68a1b25b90e4ce255156e9758697ed2,387.90
abdf22714e557304d9f6782d30da9b7254ce017c,421.44
80ca2f7994a5da3b502a639440128f3da7187711,385.99
04025259e96d3676097e84126fb55124b92c50ed,386.99
2264b369e32637b6d82a0bc3362d28173561662a,414.36
e8e755bfb9a0b1b8b19e8312942ea29cb9b626da,387.36
a9768aa5d5a9c9dd427d589ca3e1494786cfcb12,423.34
a56b19c5b6f19ae9ceac186eb8eb685651a0f577,419.28
b8b73080085bed3b2062e1a90ed940056997a0ff,389.43
3dd9e66bc21c6f53aaa21ce45666610f68540555,392.23
4296f2cd95db753c80becf915733c8ddaf751daa,423.41
56a6c72c3e12e62c649f5155b7240bff993230ee,426.72
f435b791e193cfe771d7dbd28d2822c32a0889e2,391.96
97f29aa3541dac70b811f766dd58ba47ac34d58c,385.72
a8ca1dae42c522d5c13c2bd7fbe3673507679ca8,419.46
a9768aa5d5a9c9dd427d589ca3e1494786cfcb12,420.49
03336ea9dd5d2aef2e31fe5e6402a04242f4d9f8,392.69
9bed789bfee6c6433945c0a3e2c710c897616888,427.80
315292d76e2e415be2a743ebefb5116898cd97ac,386.26
ada77956bb99a098503ee57446fcd8cb59cd3354,390.33
bd3e7c8ada7748dc5cf2428e68c828c0cf744469,426.62
e9e331c2b922a5ac3f89ab8b3ca364df3ab11080,417.93
2264b369e32637b6d82a0bc3362d28173561662a,421.54
03336ea9dd5d2aef2e31fe5e6402a04242f4d9f8,388.15
c1472f385f1c24c047543787ab7ef8b807cc8ba4,407.56
ada77956bb99a098503ee57446fcd8cb59cd3354,388.68
7649933bba7ad5960415065dd95cc99aada42240,422.37
8929d961dfd44d1a6758b81c9a0c5adf8e408f6b,424.13
d8dbde85408a685075e5cbec0709877317393497,424.77
3205f0ef9409bb622f66315983830aa89d9313cf,421.96
98e828a29423b72397d8783c4d02159e50bd50a4,430.67
577b29272d3cefacef578ea035e90efd78a1360b,399.84
56bacbd1532e9a985a879e686fdfdbf65d24be7c,404.29
5af8413f0228332f79344b7e4233bc605b232b44,426.88
a8ca1dae42c522d5c13c2bd7fbe3673507679ca8,424.23
97f29aa3541dac70b811f766dd58ba47ac34d58c,379.88
1f3cfcfb08a5e7454e61513389b814c7da6072ac,397.84
97f29aa3541dac70b811f766dd58ba47ac34d58c,396.94
00734226f07e57a2d13f82a4b395b4bb7b9ee20b,404.20
458b990857fad642a5b549fee414903a8f876dae,419.40
abdf22714e557304d9f6782d30da9b7254ce017c,424.71
ac57740b13bddd414c98253d53092546c1c330a2,411.52
f435b791e193cfe771d7dbd28d2822c32a0889e2,386.29
7b1a8763534bb06d5f83b03ed8f6abb3e6d4db80,402.27
577b29272d3cefacef578ea035e90efd78a1360b,406.28
e86fce8a0480ec35b76cd42c82b3466d724af082,399.36
577b29272d3cefacef578ea035e90efd78a1360b,400.21
01342bcffce91c36e280158b7c6f2e2cb72237b6,421.91
a8ca1dae42c522d5c13c2bd7fbe3673507679ca8,422.46
b04c5412eb75a7a35925896db7121c3a2c67e1c4,385.26
e2f6a9d19c7025431278f0d77085dde4dc2da798,389.75
7b1a8763534bb06d5f83b03ed8f6abb3e6d4db80,397.52
a657d090e2f127ebdce131f1f97e7758a8ddc463,394.13
7a7419fbc1bcdee4329f90b2361f4fce5376eb92,413.72
d6da0b0240d8e550ab459c9b222cb34cee5a9cc8,383.91
76e03ee38b835f82d37528f65d0ec49ec9afd128,421.51
8929d961dfd44d1a6758b81c9a0c5adf8e408f6b,422.71
eaf6bf4ad42f86fb6c2608e4a8bb5d5fdf1e46ce,392.15
2f732574251122055092a4c6869123eb08058b14,432.07
2264b369e32637b6d82a0bc3362d28173561662a,413.04
548ce13435a00bb447fbffdbca8c5ce3be752ee4,382.08
4296f2cd95db753c80becf915733c8ddaf751daa,428.77
ada77956bb99a098503ee57446fcd8cb59cd3354,392.91
83d1848144abf29b501d59e0c3ec41e40c9cf020,426.99
cdeae1e34bcc646c3bd07e7d74e7fc164a157bea,423.49
548ce13435a00bb447fbffdbca8c5ce3be752ee4,383.63
9d3ab85127dff8f684d18243425f543b204aabef,383.76
e5cd584705f746893f75e85cf7acdb2d7a0db1af,423.88
e9e331c2b922a5ac3f89ab8b3ca364df3ab11080,419.75
047443682327a75059c936fec9a323a0d27659a5,383.74
bd3e7c8ada7748dc5cf2428e68c828c0cf744469,423.37
86c1d97c5f83cb6cc9c0d7490942b806d3a1d3be,404.01
9d3ab85127dff8f684d18243425f543b204aabef,387.54
86c1d97c5f83cb6cc9c0d7490942b806d3a1d3be,392.88
86c1d97c5f83cb6cc9c0d7490942b806d3a1d3be,394.23
86c1d97c5f83cb6cc9c0d7490942b806d3a1d3be,395.25
d8dbde85408a685075e5cbec0709877317393497,432.29
45718e932a4b1d88f4228e95e52992d2c5ab7402,404.72
72fe7662416118598bc0af126c15cba3ca09d9b4,412.32
43e16a608ddc00981c92cf3772c350c8b7e934dc,403.40
8929d961dfd44d1a6758b81c9a0c5adf8e408f6b,427.64
eaf6bf4ad42f86fb6c2608e4a8bb5d5fdf1e46ce,395.04
1819b3abeb5835976b766765aeccae127ee6fd58,421.63
b04c5412eb75a7a35925896db7121c3a2c67e1c4,387.05
56a6c72c3e12e62c649f5155b7240bff993230ee,427.02
95945f173ca94f9ac6620011cb970707351f070e,422.60
eb95cc7662dc5c438de8d9ef47ccf131bf7191a8,398.13
479e85fc44c56061a15b7b4a4f7469ed337f83e3,392.58
4555f2d3bdd513bfa82e444930e29531387d0215,397.44
e23559f993f64cf0f1720eac5c930dbaff0c8b71,369.07
f435b791e193cfe771d7dbd28d2822c32a0889e2,385.33
a56b19c5b6f19ae9ceac186eb8eb685651a0f577,424.80
f435b791e193cfe771d7dbd28d2822c32a0889e2,386.52
b04c5412eb75a7a35925896db7121c3a2c67e1c4,385.52
00734226f07e57a2d13f82a4b395b4bb7b9ee20b,401.85
89eeefbd8a7e6322e07fa6fdb0e9efeba2bb6582,424.71
5af8413f0228332f79344b7e4233bc605b232b44,423.33
2202259e8bbf9eafa83a0a06cf765d01f5beb69a,399.55
4bd743a3a5492d1d185bd21f421e49ce3a27af7c,393.24
cdeae1e34bcc646c3bd07e7d74e7fc164a157bea,423.23
315292d76e2e415be2a743ebefb5116898cd97ac,395.80
b04c5412eb75a7a35925896db7121c3a2c67e1c4,382.78
548ce13435a00bb447fbffdbca8c5ce3be752ee4,381.80
4bd743a3a5492d1d185bd21f421e49ce3a27af7c,398.59
2f0a7bf507020d98b3bdbf0a93bb1c753dd90268,393.56
86c1d97c5f83cb6cc9c0d7490942b806d3a1d3be,391.94
45718e932a4b1d88f4228e95e52992d2c5ab7402,400.98
4bd743a3a5492d1d185bd21f421e49ce3a27af7c,391.71
45718e932a4b1d88f4228e95e52992d2c5ab7402,398.58
83b8d1a6c8db2d34fbb344ae3125781978910725,406.73
98e828a29423b72397d8783c4d02159e50bd50a4,429.89
047443682327a75059c936fec9a323a0d27659a5,398.78
3dd9e66bc21c6f53aaa21ce45666610f68540555,389.77
7f653fab63ce7ae048a6fba1c2f529dc586369ed,405.25
6fe6c34a888486b417a913deaca517305b76cc71,389.33
ada77956bb99a098503ee57446fcd8cb59cd3354,390.06
b8b73080085bed3b2062e1a90ed940056997a0ff,395.12
83d1848144abf29b501d59e0c3ec41e40c9cf020,430.15
d6da0b0240d8e550ab459c9b222cb34cee5a9cc8,385.98
c1ef042a598d492cbcf0bcf09526a49c74bec073,390.02
e322266704817edd0a19e05207a15b791ca160b6,420.35
ef7488975ee41c8743e4615677555e5af2046567,402.38
c1472f385f1c24c047543787ab7ef8b807cc8ba4,405.00
e23559f993f64cf0f1720eac5c930dbaff0c8b71,370.83
070396808fcb7cf41ff29ad52f7d1078aba99832,406.08
95945f173ca94f9ac6620011cb970707351f070e,428.17
047443682327a75059c936fec9a323a0d27659a5,384.07
eb95cc7662dc5c438de8d9ef47ccf131bf7191a8,403.93
5af8413f0228332f79344b7e4233bc605b232b44,422.56
2f732574251122055092a4c6869123eb08058b14,420.78
c1ef042a598d492cbcf0bcf09526a49c74bec073,391.19
ce691239d40e469b75fa22b0bb6a065202c475a7,389.83
d23db47db68a1b25b90e4ce255156e9758697ed2,388.00
2bc420589478b3cb01398cd9eb233be25b73b7c0,376.83
9d3ab85127dff8f684d18243425f543b204aabef,386.84
6fe6c34a888486b417a913deaca517305b76cc71,388.95
56bacbd1532e9a985a879e686fdfdbf65d24be7c,405.13
d31572d7abb174d3a75d80d909d9aaa0be093c62,403.58
ada77956bb99a098503ee57446fcd8cb59cd3354,403.13
4bd743a3a5492d1d185bd21f421e49ce3a27af7c,393.13
76e03ee38b835f82d37528f65d0ec49ec9afd128,424.86
d6da0b0240d8e550ab459c9b222cb34cee5a9cc8,384.98
b8b73080085bed3b2062e1a90ed940056997a0ff,388.95
eaf6bf4ad42f86fb6c2608e4a8bb5d5fdf1e46ce,392.29
5af8413f0228332f79344b7e4233bc605b232b44,420.13
315292d76e2e415be2a743ebefb5116898cd97ac,392.76
d8dbde85408a685075e5cbec0709877317393497,425.18
01342bcffce91c36e280158b7c6f2e2cb72237b6,424.22
80c826dc46a5270826c411d3741bfab8c98eb42e,422.63
315292d76e2e415be2a743ebefb5116898cd97ac,393.78
0eeefe41eef0c037f514965618e7f9c2d2129d7b,402.47
86c1d97c5f83cb6cc9c0d7490942b806d3a1d3be,388.78
89eeefbd8a7e6322e07fa6fdb0e9efeba2bb6582,428.32
ef7488975ee41c8743e4615677555e5af2046567,399.78
315292d76e2e415be2a743ebefb5116898cd97ac,386.12
a657d090e2f127ebdce131f1f97e7758a8ddc463,385.86
4296f2cd95db753c80becf915733c8ddaf751daa,421.43
458b990857fad642a5b549fee414903a8f876dae,422.06
4555f2d3bdd513bfa82e444930e29531387d0215,399.70
76e03ee38b835f82d37528f65d0ec49ec9afd128,421.17
46e1e9780049f855ca60f2c32c594062358a3330,419.35
6fcffa8f400ec9980b9fa30d3f737eceb46be234,415.64
40979c984d6ceebd50dab1ba516babb1570841a7,398.91
314fa9d2351741b47c34337f57faacc8fd5448da,400.67
9bed789bfee6c6433945c0a3e2c710c897616888,423.13
83b8d1a6c8db2d34fbb344ae3125781978910725,401.29
6fcffa8f400ec9980b9fa30d3f737eceb46be234,416.72
6fcffa8f400ec9980b9fa30d3f737eceb46be234,419.46
04025259e96d3676097e84126fb55124b92c50ed,388.58
0e4c8bf728d368fed47e458f5f91517c677f1d60,390.21
8bb732b7ccb51f4006fa7fa221762755eed949c7,399.29
7a7419fbc1bcdee4329f90b2361f4fce5376eb92,414.60
577b29272d3cefacef578ea035e90efd78a1360b,400.13
56a6c72c3e12e62c649f5155b7240bff993230ee,431.51
89eeefbd8a7e6322e07fa6fdb0e9efeba2bb6582,428.10
40979c984d6ceebd50dab1ba516babb1570841a7,402.38
56bacbd1532e9a985a879e686fdfdbf65d24be7c,413.59
2202259e8bbf9eafa83a0a06cf765d01f5beb69a,400.57
a56b19c5b6f19ae9ceac186eb8eb685651a0f577,422.02
2f732574251122055092a4c6869123eb08058b14,418.57
4bd743a3a5492d1d185bd21f421e49ce3a27af7c,390.67
4555f2d3bdd513bfa82e444930e29531387d0215,397.49
e5cd584705f746893f75e85cf7acdb2d7a0db1af,424.05
e23559f993f64cf0f1720eac5c930dbaff0c8b71,369.91
2f0a7bf507020d98b3bdbf0a93bb1c753dd90268,384.11
e5cd584705f746893f75e85cf7acdb2d7a0db1af,429.01
c95216aa6e1f0dc5d39aea88624b05b953953d3d,387.28
6fcffa8f400ec9980b9fa30d3f737eceb46be234,415.91
a8ca1dae42c522d5c13c2bd7fbe3673507679ca8,425.02
a9768aa5d5a9c9dd427d589ca3e1494786cfcb12,430.97
a29e8b5374c7ba0828752fe78b3cc3471532121b,382.66
eb95cc7662dc5c438de8d9ef47ccf131bf7191a8,397.67
8bb732b7ccb51f4006fa7fa221762755eed949c7,398.71
0e4c8bf728d368fed47e458f5f91517c677f1d60,386.81
e8e755bfb9a0b1b8b19e8312942ea29cb9b626da,392.45
03336ea9dd5d2aef2e31fe5e6402a04242f4d9f8,389.77
e97f564d2450702d2b74ff35ecc5ad5c1e57fc0d,391.08
c1ef042a598d492cbcf0bcf09526a49c74bec073,407.14
e2f6a9d19c7025431278f0d77085dde4dc2da798,390.56
76e03ee38b835f82d37528f65d0ec49ec9afd128,425.53
e97f564d2450702d2b74ff35ecc5ad5c1e57fc0d,390.74
72fe7662416118598bc0af126c15cba3ca09d9b4,414.57
4899674eccbb5b188a97915db8b858a3fd618098,425.34
315292d76e2e415be2a743ebefb5116898cd97ac,398.19
e86fce8a0480ec35b76cd42c82b3466d724af082,401.07
d8dbde85408a685075e5cbec0709877317393497,421.31
56a6c72c3e12e62c649f5155b7240bff993230ee,420.77
e9e331c2b922a5ac3f89ab8b3ca364df3ab11080,419.50
e23559f993f64cf0f1720eac5c930dbaff0c8b71,370.93
458b990857fad642a5b549fee414903a8f876dae,422.13
1f3cfcfb08a5e7454e61513389b814c7da6072ac,391.20
4555f2d3bdd513bfa82e444930e29531387d0215,398.68
97f29aa3541dac70b811f766dd58ba47ac34d58c,384.48
00734226f07e57a2d13f82a4b395b4bb7b9ee20b,400.19
a9768aa5d5a9c9dd427d589ca3e1494786cfcb12,424.52
a657d090e2f127ebdce131f1f97e7758a8ddc463,387.59
9d3ab85127dff8f684d18243425f543b204aabef,389.49
00734226f07e57a2d13f82a4b395b4bb7b9ee20b,400.05
b04c5412eb75a7a35925896db7121c3a2c67e1c4,386.49
6fcffa8f400ec9980b9fa30d3f737eceb46be234,422.05
d31572d7abb174d3a75d80d909d9aaa0be093c62,392.05
314fa9d2351741b47c34337f57faacc8fd5448da,414.26
a29e8b5374c7ba0828752fe78b3cc3471532121b,390.12
7e5fb4251ba7c8f815b271ac8f6dc4a84768c59c,415.81
37d4c1f1d3297fd078dd8d1574b7f7c2357a99b4,434.26
56bacbd1532e9a985a879e686fdfdbf65d24be7c,400.69
59d5e26e6a0450ca74a9d696c6c1054f0837a5f7,421.10
7f653fab63ce7ae048a6fba1c2f529dc586369ed,408.22
5b4070635f916b7d9d99e306a4c3016473828db6,423.11
3dd9e66bc21c6f53aaa21ce45666610f68540555,390.12
37d4c1f1d3297fd078dd8d1574b7f7c2357a99b4,423.07
76e03ee38b835f82d37528f65d0ec49ec9afd128,422.84
0eeefe41eef0c037f514965618e7f9c2d2129d7b,401.81
a9768aa5d5a9c9dd427d589ca3e1494786cfcb12,443.96
03336ea9dd5d2aef2e31fe5e6402a04242f4d9f8,386.08
9c8969d48f776ce2f1bbcac73a2e0b4c85c71556,420.84
ada77956bb99a098503ee57446fcd8cb59cd3354,402.32
b8b73080085bed3b2062e1a90ed940056997a0ff,399.32
4bd743a3a5492d1d185bd21f421e49ce3a27af7c,392.83
070396808fcb7cf41ff29ad52f7d1078aba99832,401.48
7649933bba7ad5960415065dd95cc99aada42240,420.98
1819b3abeb5835976b766765aeccae127ee6fd58,440.97
9bed789bfee6c6433945c0a3e2c710c897616888,419.60
7f653fab63ce7ae048a6fba1c2f529dc586369ed,401.89
a29e8b5374c7ba0828752fe78b3cc3471532121b,382.82
abdf22714e557304d9f6782d30da9b7254ce017c,423.30
56bacbd1532e9a985a879e686fdfdbf65d24be7c,398.93
7e5fb4251ba7c8f815b271ac8f6dc4a84768c59c,421.93
2f732574251122055092a4c6869123eb08058b14,423.18
83b8d1a6c8db2d34fbb344ae3125781978910725,401.74
cdeae1e34bcc646c3bd07e7d74e7fc164a157bea,428.58
80ca2f7994a5da3b502a639440128f3da7187711,385.09
315292d76e2e415be2a743ebefb5116898cd97ac,396.84
4555f2d3bdd513bfa82e444930e29531387d0215,401.99
479e85fc44c56061a15b7b4a4f7469ed337f83e3,388.23
e97f564d2450702d2b74ff35ecc5ad5c1e57fc0d,392.31
0e4c8bf728d368fed47e458f5f91517c677f1d60,394.09
b04c5412eb75a7a35925896db7121c3a2c67e1c4,391.48
ac95e9f55bc7ffb60febb341571d85635dada8fd,386.84
cdeae1e34bcc646c3bd07e7d74e7fc164a157bea,417.25
cdeae1e34bcc646c3bd07e7d74e7fc164a157bea,422.34
e5cd584705f746893f75e85cf7acdb2d7a0db1af,421.83
a8ca1dae42c522d5c13c2bd7fbe3673507679ca8,424.11
b04c5412eb75a7a35925896db7121c3a2c67e1c4,385.24
4296f2cd95db753c80becf915733c8ddaf751daa,426.57
abdf22714e557304d9f6782d30da9b7254ce017c,425.12
80c826dc46a5270826c411d3741bfab8c98eb42e,422.32
95945f173ca94f9ac6620011cb970707351f070e,421.32
2f0a7bf507020d98b3bdbf0a93bb1c753dd90268,390.10
46e1e9780049f855ca60f2c32c594062358a3330,429.80
43e16a608ddc00981c92cf3772c350c8b7e934dc,400.10
2264b369e32637b6d82a0bc3362d28173561662a,418.97
1f3cfcfb08a5e7454e61513389b814c7da6072ac,394.93
a657d090e2f127ebdce131f1f97e7758a8ddc463,379.86
01342bcffce91c36e280158b7c6f2e2cb72237b6,429.89
eb95cc7662dc5c438de8d9ef47ccf131bf7191a8,399.91
4cbae5ad165b260c43f5c369517dff90a2139377,388.48
a29e8b5374c7ba0828752fe78b3cc3471532121b,386.79
59d5e26e6a0450ca74a9d696c6c1054f0837a5f7,419.54
6fcffa8f400ec9980b9fa30d3f737eceb46be234,427.09
8929d961dfd44d1a6758b81c9a0c5adf8e408f6b,429.00
c1472f385f1c24c047543787ab7ef8b807cc8ba4,402.69
e2f6a9d19c7025431278f0d77085dde4dc2da798,388.21
59d5e26e6a0450ca74a9d696c6c1054f0837a5f7,421.30
8bb732b7ccb51f4006fa7fa221762755eed949c7,398.62
ac57740b13bddd414c98253d53092546c1c330a2,413.95
3dd9e66bc21c6f53aaa21ce45666610f68540555,386.91
4bd743a3a5492d1d185bd21f421e49ce3a27af7c,392.60
a29e8b5374c7ba0828752fe78b3cc3471532121b,386.83
76e03ee38b835f82d37528f65d0ec49ec9afd128,422.88
97f29aa3541dac70b811f766dd58ba47ac34d58c,386.83
2264b369e32637b6d82a0bc3362d28173561662a,416.81
2bc420589478b3cb01398cd9eb233be25b73b7c0,381.91
7b1a8763534bb06d5f83b03ed8f6abb3e6d4db80,402.54
ce691239d40e469b75fa22b0bb6a065202c475a7,400.27
a657d090e2f127ebdce131f1f97e7758a8ddc463,381.89
b04c5412eb75a7a35925896db7121c3a2c67e1c4,385.41
315292d76e2e415be2a743ebefb5116898cd97ac,388.34
479e85fc44c56061a15b7b4a4f7469ed337f83e3,390.86
7e5fb4251ba7c8f815b271ac8f6dc4a84768c59c,421.50
458b990857fad642a5b549fee414903a8f876dae,422.69
43e16a608ddc00981c92cf3772c350c8b7e934dc,412.62
3dd9e66bc21c6f53aaa21ce45666610f68540555,389.49
7a7419fbc1bcdee4329f90b2361f4fce5376eb92,417.99
2f0a7bf507020d98b3bdbf0a93bb1c753dd90268,392.85
e4ff08f2bad145ec500228de112c8e821e8725cc,387.91
f435b791e193cfe771d7dbd28d2822c32a0889e2,384.96
7b1a8763534bb06d5f83b03ed8f6abb3e6d4db80,399.18
ada77956bb99a098503ee57446fcd8cb59cd3354,392.57
ce691239d40e469b75fa22b0bb6a065202c475a7,395.80
ac95e9f55bc7ffb60febb341571d85635dada8fd,389.86
a56b19c5b6f19ae9ceac186eb8eb685651a0f577,424.63
e2f6a9d19c7025431278f0d77085dde4dc2da798,388.86
4cbae5ad165b260c43f5c369517dff90a2139377,383.56
01342bcffce91c36e280158b7c6f2e2cb72237b6,431.37
f435b791e193cfe771d7dbd28d2822c32a0889e2,388.23
e322266704817edd0a19e05207a15b791ca160b6,422.49
45718e932a4b1d88f4228e95e52992d2c5ab7402,404.99
e2f6a9d19c7025431278f0d77085dde4dc2da798,387.65
e8e755bfb9a0b1b8b19e8312942ea29cb9b626da,410.73
46e1e9780049f855ca60f2c32c594062358a3330,419.40
ac57740b13bddd414c98253d53092546c1c330a2,420.50
ef7488975ee41c8743e4615677555e5af2046567,403.16
4cbae5ad165b260c43f5c369517dff90a2139377,387.86
83b8d1a6c8db2d34fbb344ae3125781978910725,401.79
7f653fab63ce7ae048a6fba1c2f529dc586369ed,403.97
5b4070635f916b7d9d99e306a4c3016473828db6,422.57
7f653fab63ce7ae048a6fba1c2f529dc586369ed,403.45
9c8969d48f776ce2f1bbcac73a2e0b4c85c71556,431.99
7b1a8763534bb06d5f83b03ed8f6abb3e6d4db80,410.62
89eeefbd8a7e6322e07fa6fdb0e9efeba2bb6582,430.09
0e4c8bf728d368fed47e458f5f91517c677f1d60,386.97
c95216aa6e1f0dc5d39aea88624b05b953953d3d,383.68
eb95cc7662dc5c438de8d9ef47ccf131bf7191a8,399.25
76e03ee38b835f82d37528f65d0ec49ec9afd128,422.36
7b1a8763534bb06d5f83b03ed8f6abb3e6d4db80,400.72
89eeefbd8a7e6322e07fa6fdb0e9efeba2bb6582,429.04
8bb732b7ccb51f4006fa7fa221762755eed949c7,397.36
6fcffa8f400ec9980b9fa30d3f737eceb46be234,419.36
2264b369e32637b6d82a0bc3362d28173561662a,415.67
ef7488975ee41c8743e4615677555e5af2046567,398.04
43e16a608ddc00981c92cf3772c350c8b7e934dc,399.09
1819b3abeb5835976b766765aeccae127ee6fd58,422.27
2264b369e32637b6d82a0bc3362d28173561662a,419.86
00734226f07e57a2d13f82a4b395b4bb7b9ee20b,397.98
2f0a7bf507020d98b3bdbf0a93bb1c753dd90268,383.97
a29e8b5374c7ba0828752fe78b3cc3471532121b,385.71
83d1848144abf29b501d59e0c3ec41e40c9cf020,422.80
548ce13435a00bb447fbffdbca8c5ce3be752ee4,383.24
e97f564d2450702d2b74ff35ecc5ad5c1e57fc0d,390.76
98e828a29423b72397d8783c4d02159e50bd50a4,419.47
2264b369e32637b6d82a0bc3362d28173561662a,420.89
e8e755bfb9a0b1b8b19e8312942ea29cb9b626da,397.84
7649933bba7ad5960415065dd95cc99aada42240,430.48
59d5e26e6a0450ca74a9d696c6c1054f0837a5f7,419.54
a8ca1dae42c522d5c13c2bd7fbe3673507679ca8,424.33
abdf22714e557304d9f6782d30da9b7254ce017c,420.28
43e16a608ddc00981c92cf3772c350c8b7e934dc,400.21
80c826dc46a5270826c411d3741bfab8c98eb42e,433.13
eaf6bf4ad42f86fb6c2608e4a8bb5d5fdf1e46ce,400.44
ac95e9f55bc7ffb60febb341571d85635dada8fd,390.91
5af8413f0228332f79344b7e4233bc605b232b44,419.96
89eeefbd8a7e6322e07fa6fdb0e9efeba2bb6582,426.74
b8b73080085bed3b2062e1a90ed940056997a0ff,390.46
2f0a7bf507020d98b3bdbf0a93bb1c753dd90268,383.83
3205f0ef9409bb622f66315983830aa89d9313cf,422.44
cdeae1e34bcc646c3bd07e7d74e7fc164a157bea,425.13
03336ea9dd5d2aef2e31fe5e6402a04242f4d9f8,384.63
d23db47db68a1b25b90e4ce255156e9758697ed2,393.10
eaf6bf4ad42f86fb6c2608e4a8bb5d5fdf1e46ce,387.48
ac57740b13bddd414c98253d53092546c1c330a2,416.72
9d3ab85127dff8f684d18243425f543b204aabef,385.75
9c8969d48f776ce2f1bbcac73a2e0b4c85c71556,426.49
7b1a8763534bb06d5f83b03ed8f6abb3e6d4db80,399.18
56a6c72c3e12e62c649f5155b7240bff993230ee,420.37
03336ea9dd5d2aef2e31fe5e6402a04242f4d9f8,385.39
01342bcffce91c36e280158b7c6f2e2cb72237b6,428.52
7649933bba7ad5960415065dd95cc99aada42240,424.53
0e4c8bf728d368fed47e458f5f91517c677f1d60,387.50
86c1d97c5f83cb6cc9c0d7490942b806d3a1d3be,385.92
4cbae5ad165b260c43f5c369517dff90a2139377,387.49
7a7419fbc1bcdee4329f90b2361f4fce5376eb92,417.04
98e828a29423b72397d8783c4d02159e50bd50a4,428.96
315292d76e2e415be2a743ebefb5116898cd97ac,392.30
0e4c8bf728d368fed47e458f5f91517c677f1d60,387.20
43e16a608ddc00981c92cf3772c350c8b7e934dc,412.69
2264b369e32637b6d82a0bc3362d28173561662a,425.87
4cbae5ad165b260c43f5c369517dff90a2139377,386.90
56a6c72c3e12e62c649f5155b7240bff993230ee,421.47
eb95cc7662dc5c438de8d9ef47ccf131bf7191a8,409.52
6fcffa8f400ec9980b9fa30d3f737eceb46be234,429.07
a9768aa5d5a9c9dd427d589ca3e1494786cfcb12,423.75
56a6c72c3e12e62c649f5155b7240bff993230ee,424.52
4555f2d3bdd513bfa82e444930e29531387d0215,401.89
97f29aa3541dac70b811f766dd58ba47ac34d58c,382.20
c1472f385f1c24c047543787ab7ef8b807cc8ba4,398.14
e5cd584705f746893f75e85cf7acdb2d7a0db1af,424.25
7b1a8763534bb06d5f83b03ed8f6abb3e6d4db80,397.26
2bc420589478b3cb01398cd9eb233be25b73b7c0,382.47
cdeae1e34bcc646c3bd07e7d74e7fc164a157bea,425.92
2f0a7bf507020d98b3bdbf0a93bb1c753dd90268,383.40
46e1e9780049f855ca60f2c32c594062358a3330,422.26
03336ea9dd5d2aef2e31fe5e6402a04242f4d9f8,384.64
abdf22714e557304d9f6782d30da9b7254ce017c,425.99
5af8413f0228332f79344b7e4233bc605b232b44,426.07
e9e331c2b922a5ac3f89ab8b3ca364df3ab11080,428.09
abdf22714e557304d9f6782d30da9b7254ce017c,423.11
a29e8b5374c7ba0828752fe78b3cc3471532121b,384.10
4899674eccbb5b188a97915db8b858a3fd618098,418.93
b8b73080085bed3b2062e1a90ed940056997a0ff,395.74
9bed789bfee6c6433945c0a3e2c710c897616888,424.21
2202259e8bbf9eafa83a0a06cf765d01f5beb69a,406.59
ef7488975ee41c8743e4615677555e5af2046567,403.64
7f653fab63ce7ae048a6fba1c2f529dc586369ed,404.51
37d4c1f1d3297fd078dd8d1574b7f7c2357a99b4,425.78
e4ff08f2bad145ec500228de112c8e821e8725cc,396.32
4296f2cd95db753c80becf915733c8ddaf751daa,431.77
abdf22714e557304d9f6782d30da9b7254ce017c,430.23
a8ca1dae42c522d5c13c2bd7fbe3673507679ca8,424.44
548ce13435a00bb447fbffdbca8c5ce3be752ee4,379.56
0e4c8bf728d368fed47e458f5f91517c677f1d60,397.08
e8e755bfb9a0b1b8b19e8312942ea29cb9b626da,390.86
458b990857fad642a5b549fee414903a8f876dae,427.79
7649933bba7ad5960415065dd95cc99aada42240,423.45
5b4070635f916b7d9d99e306a4c3016473828db6,428.83
80c826dc46a5270826c411d3741bfab8c98eb42e,424.44
548ce13435a00bb447fbffdbca8c5ce3be752ee4,381.50
eaf6bf4ad42f86fb6c2608e4a8bb5d5fdf1e46ce,385.38
40979c984d6ceebd50dab1ba516babb1570841a7,401.84
c1472f385f1c24c047543787ab7ef8b807cc8ba4,400.77
9d3ab85127dff8f684d18243425f543b204aabef,386.78
80ca2f7994a5da3b502a639440128f3da7187711,385.49
7649933bba7ad5960415065dd95cc99aada42240,427.70
2f0a7bf507020d98b3bdbf0a93bb1c753dd90268,384.73
7f653fab63ce7ae048a6fba1c2f529dc586369ed,410.12
a56b19c5b6f19ae9ceac186eb8eb685651a0f577,417.38
5b4070635f916b7d9d99e306a4c3016473828db6,423.48
2f0a7bf507020d98b3bdbf0a93bb1c753dd90268,383.54
98e828a29423b72397d8783c4d02159e50bd50a4,424.74
bd3e7c8ada7748dc5cf2428e68c828c0cf744469,419.57
548ce13435a00bb447fbffdbca8c5ce3be752ee4,384.41
a56b19c5b6f19ae9ceac186eb8eb685651a0f577,422.42
37d4c1f1d3297fd078dd8d1574b7f7c2357a99b4,424.16
4555f2d3bdd513bfa82e444930e29531387d0215,403.15
4555f2d3bdd513bfa82e444930e29531387d0215,401.06
e322266704817edd0a19e05207a15b791ca160b6,419.79
4cbae5ad165b260c43f5c369517dff90a2139377,390.58
479e85fc44c56061a15b7b4a4f7469ed337f83e3,390.59
4555f2d3bdd513bfa82e444930e29531387d0215,402.68
2202259e8bbf9eafa83a0a06cf765d01f5beb69a,402.90
43e16a608ddc00981c92cf3772c350c8b7e934dc,399.64
f435b791e193cfe771d7dbd28d2822c32a0889e2,384.10
548ce13435a00bb447fbffdbca8c5ce3be752ee4,383.73
0e4c8bf728d368fed47e458f5f91517c677f1d60,386.95
5af8413f0228332f79344b7e4233bc605b232b44,429.22
9bed789bfee6c6433945c0a3e2c710c897616888,425.03
7b1a8763534bb06d5f83b03ed8f6abb3e6d4db80,407.84
4555f2d3bdd513bfa82e444930e29531387d0215,400.25
bd3e7c8ada7748dc5cf2428e68c828c0cf744469,422.53
3dd9e66bc21c6f53aaa21ce45666610f68540555,391.03
bd3e7c8ada7748dc5cf2428e68c828c0cf744469,422.99
cdeae1e34bcc646c3bd07e7d74e7fc164a157bea,417.75
e4ff08f2bad145ec500228de112c8e821e8725cc,384.95
4899674eccbb5b188a97915db8b858a3fd618098,421.41
6fe6c34a888486b417a913deaca517305b76cc71,398.76
eb95cc7662dc5c438de8d9ef47ccf131bf7191a8,407.60
43e16a608ddc00981c92cf3772c350c8b7e934dc,410.22
eb95cc7662dc5c438de8d9ef47ccf131bf7191a8,397.98
01342bcffce91c36e280158b7c6f2e2cb72237b6,427.19
6fcffa8f400ec9980b9fa30d3f737eceb46be234,420.69
458b990857fad642a5b549fee414903a8f876dae,422.82
03336ea9dd5d2aef2e31fe5e6402a04242f4d9f8,384.81
d23db47db68a1b25b90e4ce255156e9758697ed2,391.30
1f3cfcfb08a5e7454e61513389b814c7da6072ac,390.10
abdf22714e557304d9f6782d30da9b7254ce017c,416.96
e23559f993f64cf0f1720eac5c930dbaff0c8b71,371.12
e23559f993f64cf0f1720eac5c930dbaff0c8b71,370.87
9c8969d48f776ce2f1bbcac73a2e0b4c85c71556,422.63
a29e8b5374c7ba0828752fe78b3cc3471532121b,385.09
9bed789bfee6c6433945c0a3e2c710c897616888,421.68
ef7488975ee41c8743e4615677555e5af2046567,402.69
d8dbde85408a685075e5cbec0709877317393497,423.17
43e16a608ddc00981c92cf3772c350c8b7e934dc,399.09
6fe6c34a888486b417a913deaca517305b76cc71,393.52
56bacbd1532e9a985a879e686fdfdbf65d24be7c,400.44
1f3cfcfb08a5e7454e61513389b814c7da6072ac,391.64
83d1848144abf29b501d59e0c3ec41e40c9cf020,423.75
76e03ee38b835f82d37528f65d0ec49ec9afd128,422.75
548ce13435a00bb447fbffdbca8c5ce3be752ee4,382.50
8bb732b7ccb51f4006fa7fa221762755eed949c7,402.85
95945f173ca94f9ac6620011cb970707351f070e,427.35
b04c5412eb75a7a35925896db7121c3a2c67e1c4,385.42
56a6c72c3e12e62c649f5155b7240bff993230ee,431.32
e322266704817edd0a19e05207a15b791ca160b6,415.63
8bb732b7ccb51f4006fa7fa221762755eed949c7,402.67
72fe7662416118598bc0af126c15cba3ca09d9b4,417.04
6fe6c34a888486b417a913deaca517305b76cc71,390.55
eaf6bf4ad42f86fb6c2608e4a8bb5d5fdf1e46ce,390.43
2f0a7bf507020d98b3bdbf0a93bb1c753dd90268,382.55
8929d961dfd44d1a6758b81c9a0c5adf8e408f6b,423.93
56a6c72c3e12e62c649f5155b7240bff993230ee,426.63
e23559f993f64cf0f1720eac5c930dbaff0c8b71,374.46
98e828a29423b72397d8783c4d02159e50bd50a4,423.70
0e4c8bf728d368fed47e458f5f91517c677f1d60,399.33
e5cd584705f746893f75e85cf7acdb2d7a0db1af,422.91
d23db47db68a1b25b90e4ce255156e9758697ed2,389.81
c1472f385f1c24c047543787ab7ef8b807cc8ba4,405.24
e4ff08f2bad145ec500228de112c8e821e8725cc,394.05
95945f173ca94f9ac6620011cb970707351f070e,429.51
a56b19c5b6f19ae9ceac186eb8eb685651a0f577,424.85
5b4070635f916b7d9d99e306a4c3016473828db6,422.98
6fe6c34a888486b417a913deaca517305b76cc71,394.70
ada77956bb99a098503ee57446fcd8cb59cd3354,394.92
6fcffa8f400ec9980b9fa30d3f737eceb46be234,422.73
2bc420589478b3cb01398cd9eb233be25b73b7c0,376.21
ac95e9f55bc7ffb60febb341571d85635dada8fd,385.46
01342bcffce91c36e280158b7c6f2e2cb72237b6,424.59
577b29272d3cefacef578ea035e90efd78a1360b,399.79
2202259e8bbf9eafa83a0a06cf765d01f5beb69a,398.61
0eeefe41eef0c037f514965618e7f9c2d2129d7b,398.07
72fe7662416118598bc0af126c15cba3ca09d9b4,416.53
40979c984d6ceebd50dab1ba516babb1570841a7,399.19
548ce13435a00bb447fbffdbca8c5ce3be752ee4,384.71
eaf6bf4ad42f86fb6c2608e4a8bb5d5fdf1e46ce,387.12
40979c984d6ceebd50dab1ba516babb1570841a7,406.40
d6da0b0240d8e550ab459c9b222cb34cee5a9cc8,384.64
e5cd584705f746893f75e85cf7acdb2d7a0db1af,426.26
9c8969d48f776ce2f1bbcac73a2e0b4c85c71556,431.37
7b1a8763534bb06d5f83b03ed8f6abb3e6d4db80,405.91
8bb732b7ccb51f4006fa7fa221762755eed949c7,395.89
80ca2f7994a5da3b502a639440128f3da7187711,382.95
37d4c1f1d3297fd078dd8d1574b7f7c2357a99b4,426.23
e86fce8a0480ec35b76cd42c82b3466d724af082,412.01
a56b19c5b6f19ae9ceac186eb8eb685651a0f577,421.58
9c8969d48f776ce2f1bbcac73a2e0b4c85c71556,425.39
ada77956bb99a098503ee57446fcd8cb59cd3354,395.20
4296f2cd95db753c80becf915733c8ddaf751daa,425.17
eb95cc7662dc5c438de8d9ef47ccf131bf7191a8,396.72
e2f6a9d19c7025431278f0d77085dde4dc2da798,388.61
37d4c1f1d3297fd078dd8d1574b7f7c2357a99b4,427.32
e86fce8a0480ec35b76cd42c82b3466d724af082,399.40
e9e331c2b922a5ac3f89ab8b3ca364df3ab11080,419.75
a8ca1dae42c522d5c13c2bd7fbe3673507679ca8,422.36
2f0a7bf507020d98b3bdbf0a93bb1c753dd90268,383.78
5af8413f0228332f79344b7e4233bc605b232b44,425.03
f435b791e193cfe771d7dbd28d2822c32a0889e2,388.10
5b4070635f916b7d9d99e306a4c3016473828db6,441.12
03336ea9dd5d2aef2e31fe5e6402a04242f4d9f8,385.15
cdeae1e34bcc646c3bd07e7d74e7fc164a157bea,436.68
0e4c8bf728d368fed47e458f5f91517c677f1d60,391.63
56bacbd1532e9a985a879e686fdfdbf65d24be7c,406.00
479e85fc44c56061a15b7b4a4f7469ed337f83e3,394.83
97f29aa3541dac70b811f766dd58ba47ac34d58c,380.49
ce691239d40e469b75fa22b0bb6a065202c475a7,389.47
c1472f385f1c24c047543787ab7ef8b807cc8ba4,403.07
bd3e7c8ada7748dc5cf2428e68c828c0cf744469,421.57
ef7488975ee41c8743e4615677555e5af2046567,404.75
ef7488975ee41c8743e4615677555e5af2046567,396.90
c1472f385f1c24c047543787ab7ef8b807cc8ba4,402.64
0e4c8bf728d368fed47e458f5f91517c677f1d60,385.89
577b29272d3cefacef578ea035e90efd78a1360b,398.48
37d4c1f1d3297fd078dd8d1574b7f7c2357a99b4,422.28
a8ca1dae42c522d5c13c2bd7fbe3673507679ca8,428.46
04025259e96d3676097e84126fb55124b92c50ed,390.16
4cbae5ad165b260c43f5c369517dff90a2139377,385.53
3dd9e66bc21c6f53aaa21ce45666610f68540555,394.82
a56b19c5b6f19ae9ceac186eb8eb685651a0f577,420.62
d6da0b0240d8e550ab459c9b222cb34cee5a9cc8,386.61
0e4c8bf728d368fed47e458f5f91517c677f1d60,398.53
c95216aa6e1f0dc5d39aea88624b05b953953d3d,383.96
e5cd584705f746893f75e85cf7acdb2d7a0db1af,418.51
2f732574251122055092a4c6869123eb08058b14,421.75
45718e932a4b1d88f4228e95e52992d2c5ab7402,417.75
abdf22714e557304d9f6782d30da9b7254ce017c,419.63
7f653fab63ce7ae048a6fba1c2f529dc586369ed,402.66
0eeefe41eef0c037f514965618e7f9c2d2129d7b,401.11
e97f564d2450702d2b74ff35ecc5ad5c1e57fc0d,387.22
72fe7662416118598bc0af126c15cba3ca09d9b4,416.04
e86fce8a0480ec35b76cd42c82b3466d724af082,411.96
7b1a8763534bb06d5f83b03ed8f6abb3e6d4db80,399.03
76e03ee38b835f82d37528f65d0ec49ec9afd128,421.68
e23559f993f64cf0f1720eac5c930dbaff0c8b71,371.69
9c8969d48f776ce2f1bbcac73a2e0b4c85c71556,422.18
3205f0ef9409bb622f66315983830aa89d9313cf,419.94
46e1e9780049f855ca60f2c32c594062358a3330,420.51
b8b73080085bed3b2062e1a90ed940056997a0ff,410.24
ac95e9f55bc7ffb60febb341571d85635dada8fd,385.36
7a7419fbc1bcdee4329f90b2361f4fce5376eb92,415.10
bd3e7c8ada7748dc5cf2428e68c828c0cf744469,424.71
83b8d1a6c8db2d34fbb344ae3125781978910725,402.94
ac57740b13bddd414c98253d53092546c1c330a2,421.70
eb95cc7662dc5c438de8d9ef47ccf131bf7191a8,400.55
a657d090e2f127ebdce131f1f97e7758a8ddc463,382.08
070396808fcb7cf41ff29ad52f7d1078aba99832,400.08
e322266704817edd0a19e05207a15b791ca160b6,428.38
56a6c72c3e12e62c649f5155b7240bff993230ee,414.95
d8dbde85408a685075e5cbec0709877317393497,423.00
2f0a7bf507020d98b3bdbf0a93bb1c753dd90268,390.59
0eeefe41eef0c037f514965618e7f9c2d2129d7b,397.37
89eeefbd8a7e6322e07fa6fdb0e9efeba2bb6582,428.80
cdeae1e34bcc646c3bd07e7d74e7fc164a157bea,420.87
577b29272d3cefacef578ea035e90efd78a1360b,398.78
6fcffa8f400ec9980b9fa30d3f737eceb46be234,415.24
d6da0b0240d8e550ab459c9b222cb34cee5a9cc8,386.26
76e03ee38b835f82d37528f65d0ec49ec9afd128,423.62
c1472f385f1c24c047543787ab7ef8b807cc8ba4,410.78
d8dbde85408a685075e5cbec0709877317393497,422.24
9d3ab85127dff8f684d18243425f543b204aabef,385.08
04025259e96d3676097e84126fb55124b92c50ed,391.79
72fe7662416118598bc0af126c15cba3ca09d9b4,418.69
4296f2cd95db753c80becf915733c8ddaf751daa,420.52
2264b369e32637b6d82a0bc3362d28173561662a,419.49
c1ef042a598d492cbcf0bcf09526a49c74bec073,388.01
6fe6c34a888486b417a913deaca517305b76cc71,387.24
8929d961dfd44d1a6758b81c9a0c5adf8e408f6b,425.18
5af8413f0228332f79344b7e4233bc605b232b44,428.37
e9e331c2b922a5ac3f89ab8b3ca364df3ab11080,421.22
a8ca1dae42c522d5c13c2bd7fbe3673507679ca8,422.93
e23559f993f64cf0f1720eac5c930dbaff0c8b71,368.40
a56b19c5b6f19ae9ceac186eb8eb685651a0f577,419.47
72fe7662416118598bc0af126c15cba3ca09d9b4,417.27
eb95cc7662dc5c438de8d9ef47ccf131bf7191a8,399.04
46e1e9780049f855ca60f2c32c594062358a3330,422.67
98e828a29423b72397d8783c4d02159e50bd50a4,419.24
03336ea9dd5d2aef2e31fe5e6402a04242f4d9f8,387.70
43e16a608ddc00981c92cf3772c350c8b7e934dc,414.83
59d5e26e6a0450ca74a9d696c6c1054f0837a5f7,421.23
0e4c8bf728d368fed47e458f5f91517c677f1d60,392.59
e97f564d2450702d2b74ff35ecc5ad5c1e57fc0d,394.51
314fa9d2351741b47c34337f57faacc8fd5448da,404.17
ef7488975ee41c8743e4615677555e5af2046567,402.39
7a7419fbc1bcdee4329f90b2361f4fce5376eb92,409.78
56bacbd1532e9a985a879e686fdfdbf65d24be7c,400.82
80c826dc46a5270826c411d3741bfab8c98eb42e,422.11
4899674eccbb5b188a97915db8b858a3fd618098,430.24
95945f173ca94f9ac6620011cb970707351f070e,427.61
9c8969d48f776ce2f1bbcac73a2e0b4c85c71556,420.28
8929d961dfd44d1a6758b81c9a0c5adf8e408f6b,429.78
2bc420589478b3cb01398cd9eb233be25b73b7c0,378.30
a56b19c5b6f19ae9ceac186eb8eb685651a0f577,428.10
95945f173ca94f9ac6620011cb970707351f070e,430.90
ce691239d40e469b75fa22b0bb6a065202c475a7,387.03
d23db47db68a1b25b90e4ce255156e9758697ed2,391.63
a8ca1dae42c522d5c13c2bd7fbe3673507679ca8,426.55
97f29aa3541dac70b811f766dd58ba47ac34d58c,385.76
070396808fcb7cf41ff29ad52f7d1078aba99832,400.30
72fe7662416118598bc0af126c15cba3ca09d9b4,413.40
83b8d1a6c8db2d34fbb344ae3125781978910725,404.36
37d4c1f1d3297fd078dd8d1574b7f7c2357a99b4,429.28
2f732574251122055092a4c6869123eb08058b14,422.53
80ca2f7994a5da3b502a639440128f3da7187711,380.69
2bc420589478b3cb01398cd9eb233be25b73b7c0,386.40
4555f2d3bdd513bfa82e444930e29531387d0215,401.17
59d5e26e6a0450ca74a9d696c6c1054f0837a5f7,421.58
80ca2f7994a5da3b502a639440128f3da7187711,382.02
59d5e26e6a0450ca74a9d696c6c1054f0837a5f7,424.84
d6da0b0240d8e550ab459c9b222cb34cee5a9cc8,399.86
6fe6c34a888486b417a913deaca517305b76cc71,396.90
7b1a8763534bb06d5f83b03ed8f6abb3e6d4db80,401.39
7e5fb4251ba7c8f815b271ac8f6dc4a84768c59c,431.95
577b29272d3cefacef578ea035e90efd78a1360b,400.76
e23559f993f64cf0f1720eac5c930dbaff0c8b71,369.63
abdf22714e557304d9f6782d30da9b7254ce017c,423.06
c1ef042a598d492cbcf0bcf09526a49c74bec073,392.51
9d3ab85127dff8f684d18243425f543b204aabef,401.84
3205f0ef9409bb622f66315983830aa89d9313cf,421.68
80ca2f7994a5da3b502a639440128f3da7187711,384.32
d31572d7abb174d3a75d80d909d9aaa0be093c62,388.07
a9768aa5d5a9c9dd427d589ca3e1494786cfcb12,431.67
c95216aa6e1f0dc5d39aea88624b05b953953d3d,387.87
1f3cfcfb08a5e7454e61513389b814c7da6072ac,389.56
d6da0b0240d8e550ab459c9b222cb34cee5a9cc8,386.70
b04c5412eb75a7a35925896db7121c3a2c67e1c4,391.84
45718e932a4b1d88f4228e95e52992d2c5ab7402,402.43
a9768aa5d5a9c9dd427d589ca3e1494786cfcb12,423.07
e8e755bfb9a0b1b8b19e8312942ea29cb9b626da,388.66
cdeae1e34bcc646c3bd07e7d74e7fc164a157bea,423.32
7e5fb4251ba7c8f815b271ac8f6dc4a84768c59c,417.57
0e4c8bf728d368fed47e458f5f91517c677f1d60,394.73
00734226f07e57a2d13f82a4b395b4bb7b9ee20b,396.52
7e5fb4251ba7c8f815b271ac8f6dc4a84768c59c,415.41
070396808fcb7cf41ff29ad52f7d1078aba99832,399.77
eaf6bf4ad42f86fb6c2608e4a8bb5d5fdf1e46ce,387.87
3dd9e66bc21c6f53aaa21ce45666610f68540555,390.12
ce691239d40e469b75fa22b0bb6a065202c475a7,394.23
c95216aa6e1f0dc5d39aea88624b05b953953d3d,390.74
9d3ab85127dff8f684d18243425f543b204aabef,393.28
01342bcffce91c36e280158b7c6f2e2cb72237b6,426.07
a56b19c5b6f19ae9ceac186eb8eb685651a0f577,424.67
9d3ab85127dff8f684d18243425f543b204aabef,386.57
a9768aa5d5a9c9dd427d589ca3e1494786cfcb12,420.29
e9e331c2b922a5ac3f89ab8b3ca364df3ab11080,419.98
0e4c8bf728d368fed47e458f5f91517c677f1d60,389.32
2f732574251122055092a4c6869123eb08058b14,413.83
e322266704817edd0a19e05207a15b791ca160b6,426.06
e23559f993f64cf0f1720eac5c930dbaff0c8b71,370.97
abdf22714e557304d9f6782d30da9b7254ce017c,418.39
bd3e7c8ada7748dc5cf2428e68c828c0cf744469,422.34
5af8413f0228332f79344b7e4233bc605b232b44,421.60
c1472f385f1c24c047543787ab7ef8b807cc8ba4,400.32
86c1d97c5f83cb6cc9c0d7490942b806d3a1d3be,388.26
047443682327a75059c936fec9a323a0d27659a5,385.72
0eeefe41eef0c037f514965618e7f9c2d2129d7b,399.72
37d4c1f1d3297fd078dd8d1574b7f7c2357a99b4,426.93
315292d76e2e415be2a743ebefb5116898cd97ac,395.08
7a7419fbc1bcdee4329f90b2361f4fce5376eb92,417.76
c1ef042a598d492cbcf0bcf09526a49c74bec073,394.22
56a6c72c3e12e62c649f5155b7240bff993230ee,424.00
314fa9d2351741b47c34337f57faacc8fd5448da,402.48
2f0a7bf507020d98b3bdbf0a93bb1c753dd90268,386.36
7a7419fbc1bcdee4329f90b2361f4fce5376eb92,429.61
c1472f385f1c24c047543787ab7ef8b807cc8ba4,408.67
b04c5412eb75a7a35925896db7121c3a2c67e1c4,385.61
d8dbde85408a685075e5cbec0709877317393497,424.43
479e85fc44c56061a15b7b4a4f7469ed337f83e3,390.25
01342bcffce91c36e280158b7c6f2e2cb72237b6,420.14
5b4070635f916b7d9d99e306a4c3016473828db6,421.06
a8ca1dae42c522d5c13c2bd7fbe3673507679ca8,420.47
e2f6a9d19c7025431278f0d77085dde4dc2da798,395.51
2202259e8bbf9eafa83a0a06cf765d01f5beb69a,405.40
a29e8b5374c7ba0828752fe78b3cc3471532121b,388.05
e322266704817edd0a19e05207a15b791ca160b6,422.64
8bb732b7ccb51f4006fa7fa221762755eed949c7,397.36
03336ea9dd5d2aef2e31fe5e6402a04242f4d9f8,385.77
56a6c72c3e12e62c649f5155b7240bff993230ee,419.71
2f732574251122055092a4c6869123eb08058b14,429.11
577b29272d3cefacef578ea035e90efd78a1360b,400.11
d6da0b0240d8e550ab459c9b222cb34cee5a9cc8,393.83
c95216aa6e1f0dc5d39aea88624b05b953953d3d,384.18
7a7419fbc1bcdee4329f90b2361f4fce5376eb92,414.82
abdf22714e557304d9f6782d30da9b7254ce017c,421.91
e23559f993f64cf0f1720eac5c930dbaff0c8b71,373.24
eb95cc7662dc5c438de8d9ef47ccf131bf7191a8,400.21
8bb732b7ccb51f4006fa7fa221762755eed949c7,406.97
59d5e26e6a0450ca74a9d696c6c1054f0837a5f7,420.47
56a6c72c3e12e62c649f5155b7240bff993230ee,421.66
314fa9d2351741b47c34337f57faacc8fd5448da,396.52
45718e932a4b1d88f4228e95e52992d2c5ab7402,402.31
ac95e9f55bc7ffb60febb341571d85635dada8fd,386.27
4555f2d3bdd513bfa82e444930e29531387d0215,398.20
d8dbde85408a685075e5cbec0709877317393497,424.15
04025259e96d3676097e84126fb55124b92c50ed,394.86
80ca2f7994a5da3b502a639440128f3da7187711,381.72
43e16a608ddc00981c92cf3772c350c8b7e934dc,398.99
d6da0b0240d8e550ab459c9b222cb34cee5a9cc8,382.79
a657d090e2f127ebdce131f1f97e7758a8ddc463,391.40
9d3ab85127dff8f684d18243425f543b204aabef,383.72
97f29aa3541dac70b811f766dd58ba47ac34d58c,384.10
9d3ab85127dff8f684d18243425f543b204aabef,392.18
0eeefe41eef0c037f514965618e7f9c2d2129d7b,399.91
f435b791e193cfe771d7dbd28d2822c32a0889e2,386.04
6fe6c34a888486b417a913deaca517305b76cc71,388.16
95945f173ca94f9ac6620011cb970707351f070e,424.04
458b990857fad642a5b549fee414903a8f876dae,423.89
e97f564d2450702d2b74ff35ecc5ad5c1e57fc0d,387.80
8929d961dfd44d1a6758b81c9a0c5adf8e408f6b,429.36
d31572d7abb174d3a75d80d909d9aaa0be093c62,387.85
458b990857fad642a5b549fee414903a8f876dae,423.11
2202259e8bbf9eafa83a0a06cf765d01f5beb69a,404.52
ada77956bb99a098503ee57446fcd8cb59cd3354,394.91
cdeae1e34bcc646c3bd07e7d74e7fc164a157bea,420.51
4cbae5ad165b260c43f5c369517dff90a2139377,391.38
4bd743a3a5492d1d185bd21f421e49ce3a27af7c,391.68
7649933bba7ad5960415065dd95cc99aada42240,426.22
ac57740b13bddd414c98253d53092546c1c330a2,414.42
8bb732b7ccb51f4006fa7fa221762755eed949c7,404.59
46e1e9780049f855ca60f2c32c594062358a3330,421.86
c1ef042a598d492cbcf0bcf09526a49c74bec073,393.66
80c826dc46a5270826c411d3741bfab8c98eb42e,424.85
9c8969d48f776ce2f1bbcac73a2e0b4c85c71556,421.00
2f732574251122055092a4c6869123eb08058b14,420.57
a9768aa5d5a9c9dd427d589ca3e1494786cfcb12,422.46
d8dbde85408a685075e5cbec0709877317393497,426.31
a657d090e2f127ebdce131f1f97e7758a8ddc463,384.72
ada77956bb99a098503ee57446fcd8cb59cd3354,389.43
d6da0b0240d8e550ab459c9b222cb34cee5a9cc8,385.07
e4ff08f2bad145ec500228de112c8e821e8725cc,388.94
3205f0ef9409bb622f66315983830aa89d9313cf,425.58
1f3cfcfb08a5e7454e61513389b814c7da6072ac,391.74
d31572d7abb174d3a75d80d909d9aaa0be093c62,389.27
eb95cc7662dc5c438de8d9ef47ccf131bf7191a8,397.27
4bd743a3a5492d1d185bd21f421e49ce3a27af7c,393.48
1f3cfcfb08a5e7454e61513389b814c7da6072ac,393.22
46e1e9780049f855ca60f2c32c594062358a3330,420.58
5af8413f0228332f79344b7e4233bc605b232b44,425.87
3205f0ef9409bb622f66315983830aa89d9313cf,420.91
4bd743a3a5492d1d185bd21f421e49ce3a27af7c,391.36
4899674eccbb5b188a97915db8b858a3fd618098,427.08
04025259e96d3676097e84126fb55124b92c50ed,386.74
e23559f993f64cf0f1720eac5c930dbaff0c8b71,371.37
ada77956bb99a098503ee57446fcd8cb59cd3354,388.90
458b990857fad642a5b549fee414903a8f876dae,425.51
59d5e26e6a0450ca74a9d696c6c1054f0837a5f7,419.61
8929d961dfd44d1a6758b81c9a0c5adf8e408f6b,422.91
40979c984d6ceebd50dab1ba516babb1570841a7,400.82
7a7419fbc1bcdee4329f90b2361f4fce5376eb92,414.34
7f653fab63ce7ae048a6fba1c2f529dc586369ed,400.53
d31572d7abb174d3a75d80d909d9aaa0be093c62,394.95
047443682327a75059c936fec9a323a0d27659a5,386.10
ef7488975ee41c8743e4615677555e5af2046567,400.38
ada77956bb99a098503ee57446fcd8cb59cd3354,393.10
d31572d7abb174d3a75d80d909d9aaa0be093c62,387.33
7a7419fbc1bcdee4329f90b2361f4fce5376eb92,421.89
03336ea9dd5d2aef2e31fe5e6402a04242f4d9f8,383.89
0e4c8bf728d368fed47e458f5f91517c677f1d60,389.60
4296f2cd95db753c80becf915733c8ddaf751daa,420.58
e97f564d2450702d2b74ff35ecc5ad5c1e57fc0d,390.59
2264b369e32637b6d82a0bc3362d28173561662a,418.96
b8b73080085bed3b2062e1a90ed940056997a0ff,388.57
7e5fb4251ba7c8f815b271ac8f6dc4a84768c59c,419.52
1819b3abeb5835976b766765aeccae127ee6fd58,426.33
43e16a608ddc00981c92cf3772c350c8b7e934dc,405.29
72fe7662416118598bc0af126c15cba3ca09d9b4,416.68
e97f564d2450702d2b74ff35ecc5ad5c1e57fc0d,391.92
e9e331c2b922a5ac3f89ab8b3ca364df3ab11080,417.36
59d5e26e6a0450ca74a9d696c6c1054f0837a5f7,424.64
e322266704817edd0a19e05207a15b791ca160b6,425.82
40979c984d6ceebd50dab1ba516babb1570841a7,402.61
d23db47db68a1b25b90e4ce255156e9758697ed2,397.45
46e1e9780049f855ca60f2c32c594062358a3330,420.57
f435b791e193cfe771d7dbd28d2822c32a0889e2,387.01
2202259e8bbf9eafa83a0a06cf765d01f5beb69a,400.17
577b29272d3cefacef578ea035e90efd78a1360b,400.82
2f732574251122055092a4c6869123eb08058b14,416.73
314fa9d2351741b47c34337f57faacc8fd5448da,397.38
314fa9d2351741b47c34337f57faacc8fd5448da,405.36
e9e331c2b922a5ac3f89ab8b3ca364df3ab11080,416.87
d23db47db68a1b25b90e4ce255156e9758697ed2,389.22
4bd743a3a5492d1d185bd21f421e49ce3a27af7c,395.17
4bd743a3a5492d1d185bd21f421e49ce3a27af7c,391.05
2202259e8bbf9eafa83a0a06cf765d01f5beb69a,399.16
46e1e9780049f855ca60f2c32c594062358a3330,428.89
7b1a8763534bb06d5f83b03ed8f6abb3e6d4db80,400.26
c1472f385f1c24c047543787ab7ef8b807cc8ba4,398.65
a56b19c5b6f19ae9ceac186eb8eb685651a0f577,421.57
03336ea9dd5d2aef2e31fe5e6402a04242f4d9f8,399.80
9c8969d48f776ce2f1bbcac73a2e0b4c85c71556,422.82
abdf22714e557304d9f6782d30da9b7254ce017c,422.39
72fe7662416118598bc0af126c15cba3ca09d9b4,424.27
2f0a7bf507020d98b3bdbf0a93bb1c753dd90268,385.04
e5cd584705f746893f75e85cf7acdb2d7a0db1af,423.61
4555f2d3bdd513bfa82e444930e29531387d0215,403.07
9bed789bfee6c6433945c0a3e2c710c897616888,421.21
8929d961dfd44d1a6758b81c9a0c5adf8e408f6b,422.03
86c1d97c5f83cb6cc9c0d7490942b806d3a1d3be,389.71
a9768aa5d5a9c9dd427d589ca3e1494786cfcb12,418.57
e2f6a9d19c7025431278f0d77085dde4dc2da798,388.15
2202259e8bbf9eafa83a0a06cf765d01f5beb69a,403.47
3205f0ef9409bb622f66315983830aa89d9313cf,439.31
40979c984d6ceebd50dab1ba516babb1570841a7,400.35
458b990857fad642a5b549fee414903a8f876dae,428.15
80ca2f7994a5da3b502a639440128f3da7187711,384.53
d8dbde85408a685075e5cbec0709877317393497,422.45
7a7419fbc1bcdee4329f90b2361f4fce5376eb92,414.94
0eeefe41eef0c037f514965618e7f9c2d2129d7b,403.07
a9768aa5d5a9c9dd427d589ca3e1494786cfcb12,419.41
80c826dc46a5270826c411d3741bfab8c98eb42e,427.42
047443682327a75059c936fec9a323a0d27659a5,389.68
e5cd584705f746893f75e85cf7acdb2d7a0db1af,420.77
56bacbd1532e9a985a879e686fdfdbf65d24be7c,400.96
f435b791e193cfe771d7dbd28d2822c32a0889e2,391.48
e86fce8a0480ec35b76cd42c82b3466d724af082,395.81
2f732574251122055092a4c6869123eb08058b14,417.20
e97f564d2450702d2b74ff35ecc5ad5c1e57fc0d,390.34
ef7488975ee41c8743e4615677555e5af2046567,397.73
7b1a8763534bb06d5f83b03ed8f6abb3e6d4db80,397.17
7e5fb4251ba7c8f815b271ac8f6dc4a84768c59c,429.33
6fe6c34a888486b417a913deaca517305b76cc71,396.15
314fa9d2351741b47c34337f57faacc8fd5448da,400.83
3205f0ef9409bb622f66315983830aa89d9313cf,420.95
4899674eccbb5b188a97915db8b858a3fd618098,422.59
9c8969d48f776ce2f1bbcac73a2e0b4c85c71556,419.19
d8dbde85408a685075e5cbec0709877317393497,421.96
7e5fb4251ba7c8f815b271ac8f6dc4a84768c59c,423.21
a29e8b5374c7ba0828752fe78b3cc3471532121b,384.02
1f3cfcfb08a5e7454e61513389b814c7da6072ac,388.31
314fa9d2351741b47c34337f57faacc8fd5448da,399.05
e2f6a9d19c7025431278f0d77085dde4dc2da798,390.24
03336ea9dd5d2aef2e31fe5e6402a04242f4d9f8,388.28
3205f0ef9409bb622f66315983830aa89d9313cf,434.10
458b990857fad642a5b549fee414903a8f876dae,422.84
4555f2d3bdd513bfa82e444930e29531387d0215,401.09
e4ff08f2bad145ec500228de112c8e821e8725cc,403.21
59d5e26e6a0450ca74a9d696c6c1054f0837a5f7,421.75
4296f2cd95db753c80becf915733c8ddaf751daa,425.02
5b4070635f916b7d9d99e306a4c3016473828db6,422.33
4899674eccbb5b188a97915db8b858a3fd618098,420.36
72fe7662416118598bc0af126c15cba3ca09d9b4,415.10
2264b369e32637b6d82a0bc3362d28173561662a,423.73
8929d961dfd44d1a6758b81c9a0c5adf8e408f6b,422.38
d6da0b0240d8e550ab459c9b222cb34cee5a9cc8,383.76
bd3e7c8ada7748dc5cf2428e68c828c0cf744469,423.35
56a6c72c3e12e62c649f5155b7240bff993230ee,429.41
1f3cfcfb08a5e7454e61513389b814c7da6072ac,396.94
45718e932a4b1d88f4228e95e52992d2c5ab7402,398.75
458b990857fad642a5b549fee414903a8f876dae,427.73
047443682327a75059c936fec9a323a0d27659a5,383.55
c1472f385f1c24c047543787ab7ef8b807cc8ba4,402.08
b04c5412eb75a7a35925896db7121c3a2c67e1c4,383.60
2bc420589478b3cb01398cd9eb233be25b73b7c0,379.32
4899674eccbb5b188a97915db8b858a3fd618098,431.15
89eeefbd8a7e6322e07fa6fdb0e9efeba2bb6582,436.79
7649933bba7ad5960415065dd95cc99aada42240,428.12
83d1848144abf29b501d59e0c3ec41e40c9cf020,419.58
e23559f993f64cf0f1720eac5c930dbaff0c8b71,370.21
ac95e9f55bc7ffb60febb341571d85635dada8fd,388.46
59d5e26e6a0450ca74a9d696c6c1054f0837a5f7,421.60
1819b3abeb5835976b766765aeccae127ee6fd58,428.61
e4ff08f2bad145ec500228de112c8e821e8725cc,391.79
d6da0b0240d8e550ab459c9b222cb34cee5a9cc8,384.30
d6da0b0240d8e550ab459c9b222cb34cee5a9cc8,383.81
89eeefbd8a7e6322e07fa6fdb0e9efeba2bb6582,428.64
03336ea9dd5d2aef2e31fe5e6402a04242f4d9f8,387.43
b8b73080085bed3b2062e1a90ed940056997a0ff,400.94
a657d090e2f127ebdce131f1f97e7758a8ddc463,390.05
72fe7662416118598bc0af126c15cba3ca09d9b4,414.97
047443682327a75059c936fec9a323a0d27659a5,384.44
ac57740b13bddd414c98253d53092546c1c330a2,415.21
56bacbd1532e9a985a879e686fdfdbf65d24be7c,399.12
89eeefbd8a7e6322e07fa6fdb0e9efeba2bb6582,425.64
d31572d7abb174d3a75d80d909d9aaa0be093c62,389.41
80c826dc46a5270826c411d3741bfab8c98eb42e,427.23
047443682327a75059c936fec9a323a0d27659a5,397.19
5b4070635f916b7d9d99e306a4c3016473828db6,419.74
7b1a8763534bb06d5f83b03ed8f6abb3e6d4db80,396.54
d23db47db68a1b25b90e4ce255156e9758697ed2,388.71
c1ef042a598d492cbcf0bcf09526a49c74bec073,388.11
56bacbd1532e9a985a879e686fdfdbf65d24be7c,403.84
e5cd584705f746893f75e85cf7acdb2d7a0db1af,427.65
2bc420589478b3cb01398cd9eb233be25b73b7c0,378.45
ce691239d40e469b75fa22b0bb6a065202c475a7,402.49
98e828a29423b72397d8783c4d02159e50bd50a4,420.12
047443682327a75059c936fec9a323a0d27659a5,391.43
f435b791e193cfe771d7dbd28d2822c32a0889e2,386.43
577b29272d3cefacef578ea035e90efd78a1360b,397.42
7e5fb4251ba7c8f815b271ac8f6dc4a84768c59c,421.31
a9768aa5d5a9c9dd427d589ca3e1494786cfcb12,418.85
7649933bba7ad5960415065dd95cc99aada42240,419.96
b04c5412eb75a7a35925896db7121c3a2c67e1c4,383.95
76e03ee38b835f82d37528f65d0ec49ec9afd128,425.28
40979c984d6ceebd50dab1ba516babb1570841a7,396.30
46e1e9780049f855ca60f2c32c594062358a3330,421.66
315292d76e2e415be2a743ebefb5116898cd97ac,389.92
ac57740b13bddd414c98253d53092546c1c330a2,416.36
a29e8b5374c7ba0828752fe78b3cc3471532121b,402.14
89eeefbd8a7e6322e07fa6fdb0e9efeba2bb6582,427.67
b04c5412eb75a7a35925896db7121c3a2c67e1c4,399.50
d23db47db68a1b25b90e4ce255156e9758697ed2,394.20
7e5fb4251ba7c8f815b271ac8f6dc4a84768c59c,418.42
eb95cc7662dc5c438de8d9ef47ccf131bf7191a8,408.10
45718e932a4b1d88f4228e95e52992d2c5ab7402,402.97
314fa9d2351741b47c34337f57faacc8fd5448da,399.57
8bb732b7ccb51f4006fa7fa221762755eed949c7,398.76
56bacbd1532e9a985a879e686fdfdbf65d24be7c,400.08
4899674eccbb5b188a97915db8b858a3fd618098,430.71
5b4070635f916b7d9d99e306a4c3016473828db6,423.27
e322266704817edd0a19e05207a15b791ca160b6,416.97
e8e755bfb9a0b1b8b19e8312942ea29cb9b626da,396.41
bd3e7c8ada7748dc5cf2428e68c828c0cf744469,428.97
1f3cfcfb08a5e7454e61513389b814c7da6072ac,393.08
7a7419fbc1bcdee4329f90b2361f4fce5376eb92,417.15
01342bcffce91c36e280158b7c6f2e2cb72237b6,432.67
4899674eccbb5b188a97915db8b858a3fd618098,422.57
9d3ab85127dff8f684d18243425f543b204aabef,399.38
2f732574251122055092a4c6869123eb08058b14,418.77
a29e8b5374c7ba0828752fe78b3cc3471532121b,387.00
59d5e26e6a0450ca74a9d696c6c1054f0837a5f7,418.91
a8ca1dae42c522d5c13c2bd7fbe3673507679ca8,426.95
0e4c8bf728d368fed47e458f5f91517c677f1d60,389.09
4555f2d3bdd513bfa82e444930e29531387d0215,405.45
43e16a608ddc00981c92cf3772c350c8b7e934dc,403.39
72fe7662416118598bc0af126c15cba3ca09d9b4,415.73
d8dbde85408a685075e5cbec0709877317393497,424.24
548ce13435a00bb447fbffdbca8c5ce3be752ee4,388.50
2f732574251122055092a4c6869123eb08058b14,421.13
3205f0ef9409bb622f66315983830aa89d9313cf,422.29
e322266704817edd0a19e05207a15b791ca160b6,418.83
a29e8b5374c7ba0828752fe78b3cc3471532121b,386.22
0eeefe41eef0c037f514965618e7f9c2d2129d7b,398.48
e9e331c2b922a5ac3f89ab8b3ca364df3ab11080,416.60
f435b791e193cfe771d7dbd28d2822c32a0889e2,384.84
00734226f07e57a2d13f82a4b395b4bb7b9ee20b,406.05
a9768aa5d5a9c9dd427d589ca3e1494786cfcb12,425.89
d31572d7abb174d3a75d80d909d9aaa0be093c62,391.37
ada77956bb99a098503ee57446fcd8cb59cd3354,390.64
98e828a29423b72397d8783c4d02159e50bd50a4,422.63
7e5fb4251ba7c8f815b271ac8f6dc4a84768c59c,416.42
d23db47db68a1b25b90e4ce255156e9758697ed2,400.58
97f29aa3541dac70b811f766dd58ba47ac34d58c,390.63
6fe6c34a888486b417a913deaca517305b76cc71,394.29
0e4c8bf728d368fed47e458f5f91517c677f1d60,388.87
7649933bba7ad5960415065dd95cc99aada42240,426.38
e8e755bfb9a0b1b8b19e8312942ea29cb9b626da,387.70
ada77956bb99a098503ee57446fcd8cb59cd3354,393.58
43e16a608ddc00981c92cf3772c350c8b7e934dc,400.10
97f29aa3541dac70b811f766dd58ba47ac34d58c,390.86
8929d961dfd44d1a6758b81c9a0c5adf8e408f6b,423.18
80c826dc46a5270826c411d3741bfab8c98eb42e,430.70
97f29aa3541dac70b811f766dd58ba47ac34d58c,384.67
d23db47db68a1b25b90e4ce255156e9758697ed2,390.93
a9768aa5d5a9c9dd427d589ca3e1494786cfcb12,421.90
f435b791e193cfe771d7dbd28d2822c32a0889e2,386.26
315292d76e2e415be2a743ebefb5116898cd97ac,391.29
76e03ee38b835f82d37528f65d0ec49ec9afd128,423.16
ef7488975ee41c8743e4615677555e5af2046567,397.65
00734226f07e57a2d13f82a4b395b4bb7b9ee20b,403.59
c1ef042a598d492cbcf0bcf09526a49c74bec073,393.66
e23559f993f64cf0f1720eac5c930dbaff0c8b71,373.85
a29e8b5374c7ba0828752fe78b3cc3471532121b,392.99
c1ef042a598d492cbcf0bcf09526a49c74bec073,398.50
46e1e9780049f855ca60f2c32c594062358a3330,431.75
9c8969d48f776ce2f1bbcac73a2e0b4c85c71556,422.11
2f0a7bf507020d98b3bdbf0a93bb1c753dd90268,384.81
80ca2f7994a5da3b502a639440128f3da7187711,384.78
83b8d1a6c8db2d34fbb344ae3125781978910725,409.20
6fcffa8f400ec9980b9fa30d3f737eceb46be234,415.75
00734226f07e57a2d13f82a4b395b4bb7b9ee20b,401.07
56a6c72c3e12e62c649f5155b7240bff993230ee,437.91
80ca2f7994a5da3b502a639440128f3da7187711,385.28
9d3ab85127dff8f684d18243425f543b204aabef,396.19
40979c984d6ceebd50dab1ba516babb1570841a7,402.86
577b29272d3cefacef578ea035e90efd78a1360b,412.36
4bd743a3a5492d1d185bd21f421e49ce3a27af7c,390.33
ac57740b13bddd414c98253d53092546c1c330a2,414.20
d8dbde85408a685075e5cbec0709877317393497,423.78
7f653fab63ce7ae048a6fba1c2f529dc586369ed,415.50
eaf6bf4ad42f86fb6c2608e4a8bb5d5fdf1e46ce,387.22
04025259e96d3676097e84126fb55124b92c50ed,398.89
ac57740b13bddd414c98253d53092546c1c330a2,412.55
8bb732b7ccb51f4006fa7fa221762755eed949c7,398.47
2202259e8bbf9eafa83a0a06cf765d01f5beb69a,401.86
7b1a8763534bb06d5f83b03ed8f6abb3e6d4db80,403.07
56bacbd1532e9a985a879e686fdfdbf65d24be7c,404.69
ac95e9f55bc7ffb60febb341571d85635dada8fd,386.12
80ca2f7994a5da3b502a639440128f3da7187711,385.55
2bc420589478b3cb01398cd9eb233be25b73b7c0,378.92
7a7419fbc1bcdee4329f90b2361f4fce5376eb92,415.41
01342bcffce91c36e280158b7c6f2e2cb72237b6,424.96
315292d76e2e415be2a743ebefb5116898cd97ac,396.29
59d5e26e6a0450ca74a9d696c6c1054f0837a5f7,418.10
a9768aa5d5a9c9dd427d589ca3e1494786cfcb12,429.06
2264b369e32637b6d82a0bc3362d28173561662a,416.70
98e828a29423b72397d8783c4d02159e50bd50a4,424.29
2202259e8bbf9eafa83a0a06cf765d01f5beb69a,400.41
d6da0b0240d8e550ab459c9b222cb34cee5a9cc8,389.96
9c8969d48f776ce2f1bbcac73a2e0b4c85c71556,427.12
7f653fab63ce7ae048a6fba1c2f529dc586369ed,414.45
d31572d7abb174d3a75d80d909d9aaa0be093c62,389.29
86c1d97c5f83cb6cc9c0d7490942b806d3a1d3be,391.33
5b4070635f916b7d9d99e306a4c3016473828db6,424.70
1f3cfcfb08a5e7454e61513389b814c7da6072ac,385.23
8929d961dfd44d1a6758b81c9a0c5adf8e408f6b,427.34
f435b791e193cfe771d7dbd28d2822c32a0889e2,384.85
97f29aa3541dac70b811f766dd58ba47ac34d58c,385.23
e2f6a9d19c7025431278f0d77085dde4dc2da798,392.37
00734226f07e57a2d13f82a4b395b4bb7b9ee20b,399.49
4cbae5ad165b260c43f5c369517dff90a2139377,396.62
ac57740b13bddd414c98253d53092546c1c330a2,423.05
37d4c1f1d3297fd078dd8d1574b7f7c2357a99b4,421.09
7649933bba7ad5960415065dd95cc99aada42240,417.96
4555f2d3bdd513bfa82e444930e29531387d0215,398.82
4cbae5ad165b260c43f5c369517dff90a2139377,384.07
cdeae1e34bcc646c3bd07e7d74e7fc164a157bea,423.69
bd3e7c8ada7748dc5cf2428e68c828c0cf744469,425.94
e8e755bfb9a0b1b8b19e8312942ea29cb9b626da,388.31
83b8d1a6c8db2d34fbb344ae3125781978910725,403.27
76e03ee38b835f82d37528f65d0ec49ec9afd128,422.80
c1ef042a598d492cbcf0bcf09526a49c74bec073,403.47
98e828a29423b72397d8783c4d02159e50bd50a4,420.86
80ca2f7994a5da3b502a639440128f3da7187711,388.64
c95216aa6e1f0dc5d39aea88624b05b953953d3d,389.15
e86fce8a0480ec35b76cd42c82b3466d724af082,405.53
9d3ab85127dff8f684d18243425f543b204aabef,385.73
577b29272d3cefacef578ea035e90efd78a1360b,400.23
4899674eccbb5b188a97915db8b858a3fd618098,426.83
9c8969d48f776ce2f1bbcac73a2e0b4c85c71556,431.99
00734226f07e57a2d13f82a4b395b4bb7b9ee20b,403.01
d31572d7abb174d3a75d80d909d9aaa0be093c62,391.93
a8ca1dae42c522d5c13c2bd7fbe3673507679ca8,419.72
8929d961dfd44d1a6758b81c9a0c5adf8e408f6b,420.82
98e828a29423b72397d8783c4d02159e50bd50a4,425.11
5b4070635f916b7d9d99e306a4c3016473828db6,422.93
97f29aa3541dac70b811f766dd58ba47ac34d58c,389.14
577b29272d3cefacef578ea035e90efd78a1360b,399.17
577b29272d3cefacef578ea035e90efd78a1360b,399.83
577b29272d3cefacef578ea035e90efd78a1360b,402.00
83d1848144abf29b501d59e0c3ec41e40c9cf020,423.08
9d3ab85127dff8f684d18243425f543b204aabef,386.95
c95216aa6e1f0dc5d39aea88624b05b953953d3d,380.11
1819b3abeb5835976b766765aeccae127ee6fd58,426.14
01342bcffce91c36e280158b7c6f2e2cb72237b6,427.19
80ca2f7994a5da3b502a639440128f3da7187711,390.86
4bd743a3a5492d1d185bd21f421e49ce3a27af7c,395.87
e322266704817edd0a19e05207a15b791ca160b6,424.90
1819b3abeb5835976b766765aeccae127ee6fd58,425.16
7e5fb4251ba7c8f815b271ac8f6dc4a84768c59c,419.14
40979c984d6ceebd50dab1ba516babb1570841a7,401.37
04025259e96d3676097e84126fb55124b92c50ed,390.29
00734226f07e57a2d13f82a4b395b4bb7b9ee20b,399.23
7b1a8763534bb06d5f83b03ed8f6abb3e6d4db80,395.56
070396808fcb7cf41ff29ad52f7d1078aba99832,398.55
37d4c1f1d3297fd078dd8d1574b7f7c2357a99b4,425.39
c1ef042a598d492cbcf0bcf09526a49c74bec073,390.93
d6da0b0240d8e550ab459c9b222cb34cee5a9cc8,384.76
a657d090e2f127ebdce131f1f97e7758a8ddc463,390.01
eaf6bf4ad42f86fb6c2608e4a8bb5d5fdf1e46ce,398.29
3dd9e66bc21c6f53aaa21ce45666610f68540555,388.52
a56b19c5b6f19ae9ceac186eb8eb685651a0f577,421.37
1819b3abeb5835976b766765aeccae127ee6fd58,421.75
a56b19c5b6f19ae9ceac186eb8eb685651a0f577,426.97
97f29aa3541dac70b811f766dd58ba47ac34d58c,386.07
7649933bba7ad5960415065dd95cc99aada42240,425.63
7649933bba7ad5960415065dd95cc99aada42240,423.44
8929d961dfd44d1a6758b81c9a0c5adf8e408f6b,430.53
1f3cfcfb08a5e7454e61513389b814c7da6072ac,388.79
bd3e7c8ada7748dc5cf2428e68c828c0cf744469,426.14
ac95e9f55bc7ffb60febb341571d85635dada8fd,392.42
c95216aa6e1f0dc5d39aea88624b05b953953d3d,399.32
b04c5412eb75a7a35925896db7121c3a2c67e1c4,385.59
ef7488975ee41c8743e4615677555e5af2046567,402.70
b8b73080085bed3b2062e1a90ed940056997a0ff,390.91
e9e331c2b922a5ac3f89ab8b3ca364df3ab11080,419.48
2f0a7bf507020d98b3bdbf0a93bb1c753dd90268,386.42
ac57740b13bddd414c98253d53092546c1c330a2,415.92
e97f564d2450702d2b74ff35ecc5ad5c1e57fc0d,389.36
047443682327a75059c936fec9a323a0d27659a5,389.33
e4ff08f2bad145ec500228de112c8e821e8725cc,396.76
5af8413f0228332f79344b7e4233bc605b232b44,420.28
479e85fc44c56061a15b7b4a4f7469ed337f83e3,386.72
83b8d1a6c8db2d34fbb344ae3125781978910725,399.44
6fcffa8f400ec9980b9fa30d3f737eceb46be234,416.83
98e828a29423b72397d8783c4d02159e50bd50a4,439.03
97f29aa3541dac70b811f766dd58ba47ac34d58c,389.73
4bd743a3a5492d1d185bd21f421e49ce3a27af7c,392.69
80ca2f7994a5da3b502a639440128f3da7187711,394.18
315292d76e2e415be2a743ebefb5116898cd97ac,391.37
ac95e9f55bc7ffb60febb341571d85635dada8fd,393.69
7f653fab63ce7ae048a6fba1c2f529dc586369ed,405.33
e4ff08f2bad145ec500228de112c8e821e8725cc,388.57
9bed789bfee6c6433945c0a3e2c710c897616888,420.91
7649933bba7ad5960415065dd95cc99aada42240,420.05
e2f6a9d19c7025431278f0d77085dde4dc2da798,394.14
01342bcffce91c36e280158b7c6f2e2cb72237b6,422.79
7649933bba7ad5960415065dd95cc99aada42240,423.36
047443682327a75059c936fec9a323a0d27659a5,391.69
ce691239d40e469b75fa22b0bb6a065202c475a7,391.66
e97f564d2450702d2b74ff35ecc5ad5c1e57fc0d,389.88
1819b3abeb5835976b766765aeccae127ee6fd58,427.04
7b1a8763534bb06d5f83b03ed8f6abb3e6d4db80,397.35
4296f2cd95db753c80becf915733c8ddaf751daa,421.04
59d5e26e6a0450ca74a9d696c6c1054f0837a5f7,427.78
56a6c72c3e12e62c649f5155b7240bff993230ee,434.44
4296f2cd95db753c80becf915733c8ddaf751daa,423.60
98e828a29423b72397d8783c4d02159e50bd50a4,423.89
4296f2cd95db753c80becf915733c8ddaf751daa,426.88
89eeefbd8a7e6322e07fa6fdb0e9efeba2bb6582,419.77
40979c984d6ceebd50dab1ba516babb1570841a7,397.87
458b990857fad642a5b549fee414903a8f876dae,421.58
00734226f07e57a2d13f82a4b395b4bb7b9ee20b,403.10
43e16a608ddc00981c92cf3772c350c8b7e934dc,408.79
4296f2cd95db753c80becf915733c8ddaf751daa,420.94
0e4c8bf728d368fed47e458f5f91517c677f1d60,387.54
0e4c8bf728d368fed47e458f5f91517c677f1d60,391.79
bd3e7c8ada7748dc5cf2428e68c828c0cf744469,423.32
b8b73080085bed3b2062e1a90ed940056997a0ff,389.89
abdf22714e557304d9f6782d30da9b7254ce017c,422.62
01342bcffce91c36e280158b7c6f2e2cb72237b6,424.15
eaf6bf4ad42f86fb6c2608e4a8bb5d5fdf1e46ce,399.06
0eeefe41eef0c037f514965618e7f9c2d2129d7b,397.89
c95216aa6e1f0dc5d39aea88624b05b953953d3d,387.84
c95216aa6e1f0dc5d39aea88624b05b953953d3d,383.53
070396808fcb7cf41ff29ad52f7d1078aba99832,398.06
43e16a608ddc00981c92cf3772c350c8b7e934dc,403.31
e8e755bfb9a0b1b8b19e8312942ea29cb9b626da,390.06
a657d090e2f127ebdce131f1f97e7758a8ddc463,392.22
8929d961dfd44d1a6758b81c9a0c5adf8e408f6b,421.15
95945f173ca94f9ac6620011cb970707351f070e,427.97
9c8969d48f776ce2f1bbcac73a2e0b4c85c71556,422.18
577b29272d3cefacef578ea035e90efd78a1360b,403.02
6fe6c34a888486b417a913deaca517305b76cc71,389.18
a56b19c5b6f19ae9ceac186eb8eb685651a0f577,436.03
03336ea9dd5d2aef2e31fe5e6402a04242f4d9f8,403.41
4cbae5ad165b260c43f5c369517dff90a2139377,389.22
a657d090e2f127ebdce131f1f97e7758a8ddc463,383.45
ce691239d40e469b75fa22b0bb6a065202c475a7,389.46
ce691239d40e469b75fa22b0bb6a065202c475a7,389.21
6fcffa8f400ec9980b9fa30d3f737eceb46be234,417.34
0eeefe41eef0c037f514965618e7f9c2d2129d7b,409.79
e322266704817edd0a19e05207a15b791ca160b6,419.28
03336ea9dd5d2aef2e31fe5e6402a04242f4d9f8,384.24
95945f173ca94f9ac6620011cb970707351f070e,421.70
89eeefbd8a7e6322e07fa6fdb0e9efeba2bb6582,428.18
95945f173ca94f9ac6620011cb970707351f070e,421.83
3dd9e66bc21c6f53aaa21ce45666610f68540555,386.75
f435b791e193cfe771d7dbd28d2822c32a0889e2,386.84
458b990857fad642a5b549fee414903a8f876dae,427.48
3dd9e66bc21c6f53aaa21ce45666610f68540555,388.81
eaf6bf4ad42f86fb6c2608e4a8bb5d5fdf1e46ce,396.39
7f653fab63ce7ae048a6fba1c2f529dc586369ed,399.09
abdf22714e557304d9f6782d30da9b7254ce017c,422.02
d23db47db68a1b25b90e4ce255156e9758697ed2,390.21
a657d090e2f127ebdce131f1f97e7758a8ddc463,394.35
458b990857fad642a5b549fee414903a8f876dae,427.34
4296f2cd95db753c80becf915733c8ddaf751daa,422.53
e5cd584705f746893f75e85cf7acdb2d7a0db1af,423.96
0eeefe41eef0c037f514965618e7f9c2d2129d7b,402.85
e8e755bfb9a0b1b8b19e8312942ea29cb9b626da,390.39
03336ea9dd5d2aef2e31fe5e6402a04242f4d9f8,385.61
c95216aa6e1f0dc5d39aea88624b05b953953d3d,385.45
37d4c1f1d3297fd078dd8d1574b7f7c2357a99b4,425.70
a8ca1dae42c522d5c13c2bd7fbe3673507679ca8,418.53
2f732574251122055092a4c6869123eb08058b14,422.70
40979c984d6ceebd50dab1ba516babb1570841a7,402.01
01342bcffce91c36e280158b7c6f2e2cb72237b6,423.83
01342bcffce91c36e280158b7c6f2e2cb72237b6,429.02
97f29aa3541dac70b811f766dd58ba47ac34d58c,384.69
1819b3abeb5835976b766765aeccae127ee6fd58,422.12
0eeefe41eef0c037f514965618e7f9c2d2129d7b,403.29
bd3e7c8ada7748dc5cf2428e68c828c0cf744469,428.30
e5cd584705f746893f75e85cf7acdb2d7a0db1af,420.44
45718e932a4b1d88f4228e95e52992d2c5ab7402,401.67
ac95e9f55bc7ffb60febb341571d85635dada8fd,388.60
cdeae1e34bcc646c3bd07e7d74e7fc164a157bea,426.57
45718e932a4b1d88f4228e95e52992d2c5ab7402,399.71
98e828a29423b72397d8783c4d02159e50bd50a4,422.37
89eeefbd8a7e6322e07fa6fdb0e9efeba2bb6582,434.74
86c1d97c5f83cb6cc9c0d7490942b806d3a1d3be,388.24
83d1848144abf29b501d59e0c3ec41e40c9cf020,423.58
59d5e26e6a0450ca74a9d696c6c1054f0837a5f7,422.39
cdeae1e34bcc646c3bd07e7d74e7fc164a157bea,422.25
80ca2f7994a5da3b502a639440128f3da7187711,392.55
46e1e9780049f855ca60f2c32c594062358a3330,423.84
56bacbd1532e9a985a879e686fdfdbf65d24be7c,404.19
e86fce8a0480ec35b76cd42c82b3466d724af082,400.85
e2f6a9d19c7025431278f0d77085dde4dc2da798,410.49
ac57740b13bddd414c98253d53092546c1c330a2,413.45
e9e331c2b922a5ac3f89ab8b3ca364df3ab11080,420.82
76e03ee38b835f82d37528f65d0ec49ec9afd128,424.76
46e1e9780049f855ca60f2c32c594062358a3330,418.90
e8e755bfb9a0b1b8b19e8312942ea29cb9b626da,387.17
4555f2d3bdd513bfa82e444930e29531387d0215,397.73
d8dbde85408a685075e5cbec0709877317393497,422.17
7649933bba7ad5960415065dd95cc99aada42240,422.72
ac95e9f55bc7ffb60febb341571d85635dada8fd,390.04
80c826dc46a5270826c411d3741bfab8c98eb42e,422.26
c95216aa6e1f0dc5d39aea88624b05b953953d3d,382.70
e97f564d2450702d2b74ff35ecc5ad5c1e57fc0d,390.49
95945f173ca94f9ac6620011cb970707351f070e,423.78
e97f564d2450702d2b74ff35ecc5ad5c1e57fc0d,391.09
a657d090e2f127ebdce131f1f97e7758a8ddc463,384.00
e2f6a9d19c7025431278f0d77085dde4dc2da798,390.20
a9768aa5d5a9c9dd427d589ca3e1494786cfcb12,418.44
e23559f993f64cf0f1720eac5c930dbaff0c8b71,369.12
ada77956bb99a098503ee57446fcd8cb59cd3354,391.11
1f3cfcfb08a5e7454e61513389b814c7da6072ac,389.77
abdf22714e557304d9f6782d30da9b7254ce017c,419.29
a8ca1dae42c522d5c13c2bd7fbe3673507679ca8,422.07
01342bcffce91c36e280158b7c6f2e2cb72237b6,421.65
2f0a7bf507020d98b3bdbf0a93bb1c753dd90268,386.24
c1472f385f1c24c047543787ab7ef8b807cc8ba4,402.73
89eeefbd8a7e6322e07fa6fdb0e9efeba2bb6582,426.49
c1ef042a598d492cbcf0bcf09526a49c74bec073,396.50
7a7419fbc1bcdee4329f90b2361f4fce5376eb92,413.69
548ce13435a00bb447fbffdbca8c5ce3be752ee4,380.56
ce691239d40e469b75fa22b0bb6a065202c475a7,389.60
80c826dc46a5270826c411d3741bfab8c98eb42e,425.89
e4ff08f2bad145ec500228de112c8e821e8725cc,390.58
e2f6a9d19c7025431278f0d77085dde4dc2da798,388.01
2202259e8bbf9eafa83a0a06cf765d01f5beb69a,401.99
46e1e9780049f855ca60f2c32c594062358a3330,425.28
d31572d7abb174d3a75d80d909d9aaa0be093c62,388.08
2f732574251122055092a4c6869123eb08058b14,422.79
2bc420589478b3cb01398cd9eb233be25b73b7c0,379.16
4555f2d3bdd513bfa82e444930e29531387d0215,399.68
a8ca1dae42c522d5c13c2bd7fbe3673507679ca8,435.68
1819b3abeb5835976b766765aeccae127ee6fd58,422.47
eaf6bf4ad42f86fb6c2608e4a8bb5d5fdf1e46ce,387.75
83b8d1a6c8db2d34fbb344ae3125781978910725,399.12
e5cd584705f746893f75e85cf7acdb2d7a0db1af,421.86
3dd9e66bc21c6f53aaa21ce45666610f68540555,392.59
070396808fcb7cf41ff29ad52f7d1078aba99832,405.06
b04c5412eb75a7a35925896db7121c3a2c67e1c4,385.96
314fa9d2351741b47c34337f57faacc8fd5448da,402.25
b8b73080085bed3b2062e1a90ed940056997a0ff,404.22
4296f2cd95db753c80becf915733c8ddaf751daa,422.93
4296f2cd95db753c80becf915733c8ddaf751daa,425.58
4bd743a3a5492d1d185bd21f421e49ce3a27af7c,393.20
40979c984d6ceebd50dab1ba516babb1570841a7,399.78
4555f2d3bdd513bfa82e444930e29531387d0215,398.85
e2f6a9d19c7025431278f0d77085dde4dc2da798,391.36
8bb732b7ccb51f4006fa7fa221762755eed949c7,401.35
43e16a608ddc00981c92cf3772c350c8b7e934dc,397.56
548ce13435a00bb447fbffdbca8c5ce3be752ee4,382.76
e5cd584705f746893f75e85cf7acdb2d7a0db1af,421.20
e23559f993f64cf0f1720eac5c930dbaff0c8b71,371.06
56bacbd1532e9a985a879e686fdfdbf65d24be7c,400.18
98e828a29423b72397d8783c4d02159e50bd50a4,422.42
070396808fcb7cf41ff29ad52f7d1078aba99832,401.23
1f3cfcfb08a5e7454e61513389b814c7da6072ac,388.65
bd3e7c8ada7748dc5cf2428e68c828c0cf744469,428.15
86c1d97c5f83cb6cc9c0d7490942b806d3a1d3be,385.24
98e828a29423b72397d8783c4d02159e50bd50a4,424.46
43e16a608ddc00981c92cf3772c350c8b7e934dc,412.46
2bc420589478b3cb01398cd9eb233be25b73b7c0,377.40
9c8969d48f776ce2f1bbcac73a2e0b4c85c71556,420.28
5af8413f0228332f79344b7e4233bc605b232b44,422.86
2f0a7bf507020d98b3bdbf0a93bb1c753dd90268,386.17
43e16a608ddc00981c92cf3772c350c8b7e934dc,400.55
40979c984d6ceebd50dab1ba516babb1570841a7,398.06
2264b369e32637b6d82a0bc3362d28173561662a,410.92
37d4c1f1d3297fd078dd8d1574b7f7c2357a99b4,421.27
01342bcffce91c36e280158b7c6f2e2cb72237b6,420.55
b8b73080085bed3b2062e1a90ed940056997a0ff,397.44
2f0a7bf507020d98b3bdbf0a93bb1c753dd90268,384.68
ef7488975ee41c8743e4615677555e5af2046567,409.86
c1ef042a598d492cbcf0bcf09526a49c74bec073,395.92
6fcffa8f400ec9980b9fa30d3f737eceb46be234,422.63
f435b791e193cfe771d7dbd28d2822c32a0889e2,388.76
00734226f07e57a2d13f82a4b395b4bb7b9ee20b,400.31
b04c5412eb75a7a35925896db7121c3a2c67e1c4,387.61
a657d090e2f127ebdce131f1f97e7758a8ddc463,382.77
a56b19c5b6f19ae9ceac186eb8eb685651a0f577,424.91
e86fce8a0480ec35b76cd42c82b3466d724af082,409.84
ef7488975ee41c8743e4615677555e5af2046567,397.95
b8b73080085bed3b2062e1a90ed940056997a0ff,389.38
95945f173ca94f9ac6620011cb970707351f070e,431.17
01342bcffce91c36e280158b7c6f2e2cb72237b6,423.53
8bb732b7ccb51f4006fa7fa221762755eed949c7,402.66
c1ef042a598d492cbcf0bcf09526a49c74bec073,388.75
e86fce8a0480ec35b76cd42c82b3466d724af082,410.21
e4ff08f2bad145ec500228de112c8e821e8725cc,384.11
bd3e7c8ada7748dc5cf2428e68c828c0cf744469,425.39
76e03ee38b835f82d37528f65d0ec49ec9afd128,419.66
548ce13435a00bb447fbffdbca8c5ce3be752ee4,381.73
46e1e9780049f855ca60f2c32c594062358a3330,422.27
e97f564d2450702d2b74ff35ecc5ad5c1e57fc0d,389.94
0eeefe41eef0c037f514965618e7f9c2d2129d7b,401.07
bd3e7c8ada7748dc5cf2428e68c828c0cf744469,422.34
e8e755bfb9a0b1b8b19e8312942ea29cb9b626da,387.90
070396808fcb7cf41ff29ad52f7d1078aba99832,409.48
7f653fab63ce7ae048a6fba1c2f529dc586369ed,398.95
ac57740b13bddd414c98253d53092546c1c330a2,416.38
5af8413f0228332f79344b7e4233bc605b232b44,429.50
7649933bba7ad5960415065dd95cc99aada42240,424.91
3dd9e66bc21c6f53aaa21ce45666610f68540555,390.68
80c826dc46a5270826c411d3741bfab8c98eb42e,423.96
01342bcffce91c36e280158b7c6f2e2cb72237b6,428.07
e97f564d2450702d2b74ff35ecc5ad5c1e57fc0d,399.95
315292d76e2e415be2a743ebefb5116898cd97ac,388.96
047443682327a75059c936fec9a323a0d27659a5,385.04
e97f564d2450702d2b74ff35ecc5ad5c1e57fc0d,389.35
7b1a8763534bb06d5f83b03ed8f6abb3e6d4db80,397.28
a8ca1dae42c522d5c13c2bd7fbe3673507679ca8,425.29
1819b3abeb5835976b766765aeccae127ee6fd58,423.99
ef7488975ee41c8743e4615677555e5af2046567,399.11
047443682327a75059c936fec9a323a0d27659a5,385.08
314fa9d2351741b47c34337f57faacc8fd5448da,411.24
89eeefbd8a7e6322e07fa6fdb0e9efeba2bb6582,431.89
72fe7662416118598bc0af126c15cba3ca09d9b4,416.00
4899674eccbb5b188a97915db8b858a3fd618098,428.55
2f732574251122055092a4c6869123eb08058b14,420.49
1f3cfcfb08a5e7454e61513389b814c7da6072ac,393.52
a29e8b5374c7ba0828752fe78b3cc3471532121b,385.84
a9768aa5d5a9c9dd427d589ca3e1494786cfcb12,422.60
548ce13435a00bb447fbffdbca8c5ce3be752ee4,387.99
40979c984d6ceebd50dab1ba516babb1570841a7,401.83
a657d090e2f127ebdce131f1f97e7758a8ddc463,383.74
2202259e8bbf9eafa83a0a06cf765d01f5beb69a,397.39
458b990857fad642a5b549fee414903a8f876dae,423.70
83d1848144abf29b501d59e0c3ec41e40c9cf020,428.37
83b8d1a6c8db2d34fbb344ae3125781978910725,398.58
577b29272d3cefacef578ea035e90efd78a1360b,401.69
e322266704817edd0a19e05207a15b791ca160b6,419.63
9bed789bfee6c6433945c0a3e2c710c897616888,419.97
6fe6c34a888486b417a913deaca517305b76cc71,393.24
bd3e7c8ada7748dc5cf2428e68c828c0cf744469,421.69
a657d090e2f127ebdce131f1f97e7758a8ddc463,383.25
40979c984d6ceebd50dab1ba516babb1570841a7,403.16
80ca2f7994a5da3b502a639440128f3da7187711,386.58
83d1848144abf29b501d59e0c3ec41e40c9cf020,422.31
e9e331c2b922a5ac3f89ab8b3ca364df3ab11080,419.06
458b990857fad642a5b549fee414903a8f876dae,425.52
56bacbd1532e9a985a879e686fdfdbf65d24be7c,406.77
3205f0ef9409bb622f66315983830aa89d9313cf,423.29
e9e331c2b922a5ac3f89ab8b3ca364df3ab11080,421.50
04025259e96d3676097e84126fb55124b92c50ed,397.03
f435b791e193cfe771d7dbd28d2822c32a0889e2,386.37
3205f0ef9409bb622f66315983830aa89d9313cf,425.81
e86fce8a0480ec35b76cd42c82b3466d724af082,400.54
314fa9d2351741b47c34337f57faacc8fd5448da,403.30
45718e932a4b1d88f4228e95e52992d2c5ab7402,407.03
2bc420589478b3cb01398cd9eb233be25b73b7c0,378.97
7a7419fbc1bcdee4329f90b2361f4fce5376eb92,411.30
9d3ab85127dff8f684d18243425f543b204aabef,383.08
e97f564d2450702d2b74ff35ecc5ad5c1e57fc0d,389.94
4296f2cd95db753c80becf915733c8ddaf751daa,424.04
bd3e7c8ada7748dc5cf2428e68c828c0cf744469,432.87
e9e331c2b922a5ac3f89ab8b3ca364df3ab11080,418.21
89eeefbd8a7e6322e07fa6fdb0e9efeba2bb6582,423.99
8bb732b7ccb51f4006fa7fa221762755eed949c7,398.57
1819b3abeb5835976b766765aeccae127ee6fd58,424.20
a56b19c5b6f19ae9ceac186eb8eb685651a0f577,424.53
98e828a29423b72397d8783c4d02159e50bd50a4,425.84
b04c5412eb75a7a35925896db7121c3a2c67e1c4,386.28
98e828a29423b72397d8783c4d02159e50bd50a4,434.83
46e1e9780049f855ca60f2c32c594062358a3330,429.79
d31572d7abb174d3a75d80d909d9aaa0be093c62,388.06
8bb732b7ccb51f4006fa7fa221762755eed949c7,396.99
314fa9d2351741b47c34337f57faacc8fd5448da,397.92
847e03ecfe09ae074844e5821ee185cd8c581f42,424.07
d16c8ce6b4e37dc775b2c67280e239cc0a7e4e72,426.88
5eecccd3eae2d7af9c8426473e9ee53bc01bc7c0,428.86
4c3531886a0f7b2a3cd6987dc9c926c5eff8fd03,432.06
3f67316f30614c43d14533ccc5246f7d964db70e,426.74
3ff2694aa22c5e12bbc67b9d7ddf736a9cb82e5d,423.83
0a79e4b5caaa7a885fbbe0a7775099edf92512af,426.40
0a79e4b5caaa7a885fbbe0a7775099edf92512af,424.39
2cce405d1eed3536b222f830220ef32f5a2937d7,423.35
c5898f198d035c91138a68f75206006ca466fe7c,429.03
fcab98cdd311deb3dd4fd63fef2bc6c4c397f186,427.33
19f2541e9dad74a7e734225f3d1b598324a6ea49,430.70
ad203677d7d98af76d29ac8938dcdc7751ef14cc,426.84
5daa5a6229c51b0ddd442706efa29729ae28678a,422.34
5daa5a6229c51b0ddd442706efa29729ae28678a,437.34
3d145b3543cd972b2f169cf29f650230f193d449,425.74
0081d162cca8ad23b500b53799195fec644f261b,439.73
d2f4ea69702a20eb74cc0e43491fc156d0c88d6e,428.15
4d3ff3d8d5c59d73119f32b2fb8ad5992f546148,433.73
9379c7bcb28f20733f795b1ffbf8833944ca4b02,426.34
3eb8a67876703682e4156b378871911870fcaad9,433.89
5eecccd3eae2d7af9c8426473e9ee53bc01bc7c0,432.74
25a4b0cf96a74ac71616775331327a2e9dc1e071,421.13
19f2541e9dad74a7e734225f3d1b598324a6ea49,426.07
a52e669ca8bc48265accd57d610c0258f7891841,436.93
93e9d84da0e87896aaaac14769eece487ba9e64d,428.84
3eb8a67876703682e4156b378871911870fcaad9,426.95
8c211dc36f541f385b3de99edda9779c3a81a4ed,427.10
f0f3eab9c34cc32c6ad06a991fe572d243ca9e85,423.14
c5898f198d035c91138a68f75206006ca466fe7c,423.69
027c41520e029ae88e578cc9b28491a74d8bb25a,430.13
e7ebe6999d28e37532f625cbca3552720cd1e612,442.66
2cce405d1eed3536b222f830220ef32f5a2937d7,428.53
6c945b25b006e621a056c97ad75d80fcc04ff3fd,431.09
3d145b3543cd972b2f169cf29f650230f193d449,425.19
14db439cfb817b8869bcd6f603960040059d9643,426.15
0081d162cca8ad23b500b53799195fec644f261b,433.05
cf3676c534e92052acf870c71e2fa8fb9c060fe6,448.28
ec69d09deb79468edde57456c0f79c19128e19e1,432.78
544281d17133045c19f52c1a0f3aa7b87ef7d231,439.35
7199cf1e647fb410a4341c35f7007c5def4305e0,437.66
14db439cfb817b8869bcd6f603960040059d9643,430.95
c5898f198d035c91138a68f75206006ca466fe7c,427.83
847e03ecfe09ae074844e5821ee185cd8c581f42,428.21
ec69d09deb79468edde57456c0f79c19128e19e1,430.26
48a63ff1edb2b35098ca14ff9e03733dd9fab0a6,433.11
027c41520e029ae88e578cc9b28491a74d8bb25a,429.38
02c9052198ffbab5140b78a84d68886b190aa5d3,438.34
4c3531886a0f7b2a3cd6987dc9c926c5eff8fd03,430.10
0081d162cca8ad23b500b53799195fec644f261b,431.70
8876eef256458e680ac0d65b48371d8518140fc3,429.01
7520dee7b688bdab536bfd76fca47a65316d2147,425.59
f0f3eab9c34cc32c6ad06a991fe572d243ca9e85,447.73
36be16cd662f56ea0fc01bedf14c8651ed74776f,428.42
3ff2694aa22c5e12bbc67b9d7ddf736a9cb82e5d,427.33
211a0b397d251f043e9b2c4815a7e452741dbd0b,430.32
7199cf1e647fb410a4341c35f7007c5def4305e0,443.14
42a712e566064c971620061e46db1b77a5d4ef47,429.16
0c312ebdb813b1128061ba0d32b10f4a2e098c39,429.52
19f2541e9dad74a7e734225f3d1b598324a6ea49,430.82
3f67316f30614c43d14533ccc5246f7d964db70e,428.24
e7ebe6999d28e37532f625cbca3552720cd1e612,437.06
7199cf1e647fb410a4341c35f7007c5def4305e0,441.02
916d5399a698ccf3eb2e0f02f4cad234fedec177,434.54
8fae12eb11d6474061e189e184fa3cd170c735db,428.27
5daa5a6229c51b0ddd442706efa29729ae28678a,423.96
8fae12eb11d6474061e189e184fa3cd170c735db,425.51
7eeb74d133625c8819ba8da52e37f4e4db4b8a26,425.05
ba5d66010db39205e29289ae81122fc85299d145,433.85
6c2032dc6cc1b502c88cad8964d59b668039c3db,435.48
fcab98cdd311deb3dd4fd63fef2bc6c4c397f186,428.35
19f2541e9dad74a7e734225f3d1b598324a6ea49,430.58
d16c8ce6b4e37dc775b2c67280e239cc0a7e4e72,428.60
9379c7bcb28f20733f795b1ffbf8833944ca4b02,424.76
4d3ff3d8d5c59d73119f32b2fb8ad5992f546148,438.89
6b60af669bc6102f0328af330532986b8670f3ac,432.31
6c2032dc6cc1b502c88cad8964d59b668039c3db,430.16
847e03ecfe09ae074844e5821ee185cd8c581f42,422.24
bb4ead7c350695c1ed3c52d028090da4d4cecd1e,435.55
79c672355bb31aa69c23d2dd1ed8cc3f89dd2844,425.48
56ddff90e7e8511d79ba6dd1217b61fb1d4bfd88,433.52
e6cc4ceff4e1d119f1779d1370ff99aaa2911f23,443.93
fcab98cdd311deb3dd4fd63fef2bc6c4c397f186,428.81
f607d8fcf01d7053b61b63aabfb8c4d7a0f7e02f,429.76
af580c310cab08ed637afb235c22a83bb71f4f9a,421.53
2cce405d1eed3536b222f830220ef32f5a2937d7,433.83
7eeb74d133625c8819ba8da52e37f4e4db4b8a26,430.61
c01af2290073af0ea42eb02dfe965b4cda58e112,441.50
aec561f3328980182f299e61eaae45420245141b,437.11
10cfa0465c9d48f6a3ce3f5996259e77b43fa858,428.68
2660750b2e6691a2d5414f3f9f878b69a49539bb,440.10
6788a6daf22fc16c752cfa51d53b17a9436df1c0,425.60
4d3ff3d8d5c59d73119f32b2fb8ad5992f546148,437.55
e7ebe6999d28e37532f625cbca3552720cd1e612,443.43
8876eef256458e680ac0d65b48371d8518140fc3,426.49
c5898f198d035c91138a68f75206006ca466fe7c,429.59
0831a08ea788e93c68159318fe8880d435d40c23,421.66
371eaf76270b0aea4340c7e9359f02252074b007,438.49
4c3531886a0f7b2a3cd6987dc9c926c5eff8fd03,429.35
0c312ebdb813b1128061ba0d32b10f4a2e098c39,425.53
8fae12eb11d6474061e189e184fa3cd170c735db,436.47
3f67316f30614c43d14533ccc5246f7d964db70e,425.90
ed30e5c14b7ebdd2d9328150b65fadc09d833c71,426.00
c5898f198d035c91138a68f75206006ca466fe7c,427.29
45e787d054b2851e0f3607bab47e2c41496efe76,425.14
6c945b25b006e621a056c97ad75d80fcc04ff3fd,426.27
f74286ba358ec9c7e46778e0ce6edd7dd0143e72,430.72
5daa5a6229c51b0ddd442706efa29729ae28678a,428.58
f0f3eab9c34cc32c6ad06a991fe572d243ca9e85,423.85
f607d8fcf01d7053b61b63aabfb8c4d7a0f7e02f,431.82
c01af2290073af0ea42eb02dfe965b4cda58e112,427.59
be365c578e7b9a0214eafb468a0753133345854b,428.75
847e03ecfe09ae074844e5821ee185cd8c581f42,423.14
25a4b0cf96a74ac71616775331327a2e9dc1e071,423.32
97d203b3e70d9f2387fb6b11fb115b182e1f5e41,433.75
e7ebe6999d28e37532f625cbca3552720cd1e612,436.62
79c672355bb31aa69c23d2dd1ed8cc3f89dd2844,427.37
3ff2694aa22c5e12bbc67b9d7ddf736a9cb82e5d,421.72
a3d03f9a1ffbc4e9ba5bcbe991ca6ac2e5207f6b,428.81
ad405f99cb5f41fb311fa086dbd6762a8e84264d,422.61
28418f8335d2b359690e80e61d0081f4e892769c,430.95
67915c0fa8bed9943d5d74bc9d0ae1195dad059e,429.34
0a79e4b5caaa7a885fbbe0a7775099edf92512af,430.56
ed30e5c14b7ebdd2d9328150b65fadc09d833c71,428.29
f74286ba358ec9c7e46778e0ce6edd7dd0143e72,437.20
c4bb2a4933994931900cde164e517ff0e3a61353,421.36
77add7946ea5bca622b1f4f654f97e62f6db1e95,432.03
7199cf1e647fb410a4341c35f7007c5def4305e0,428.00
544281d17133045c19f52c1a0f3aa7b87ef7d231,426.62
5011bb4521d2569b1a9fe19c6ebc0744eca04e93,424.95
48a63ff1edb2b35098ca14ff9e03733dd9fab0a6,416.96
36be16cd662f56ea0fc01bedf14c8651ed74776f,425.47
f0f3eab9c34cc32c6ad06a991fe572d243ca9e85,425.61
48a63ff1edb2b35098ca14ff9e03733dd9fab0a6,422.38
e7ebe6999d28e37532f625cbca3552720cd1e612,435.25
b044a777b1b967e249045a330c3112f079e9d65a,425.18
10cfa0465c9d48f6a3ce3f5996259e77b43fa858,440.09
9379c7bcb28f20733f795b1ffbf8833944ca4b02,426.75
544281d17133045c19f52c1a0f3aa7b87ef7d231,421.69
8c07dc18a69efe2ea811d4c1ffe630b56e2d8629,434.81
be3ff9a853ebcf1369adf22bbd43f6712b1f6fe8,428.21
05ea09d373e05aa538793ba042148f83859d1402,434.12
28418f8335d2b359690e80e61d0081f4e892769c,429.68
cf3676c534e92052acf870c71e2fa8fb9c060fe6,435.56
847e03ecfe09ae074844e5821ee185cd8c581f42,430.53
93e9d84da0e87896aaaac14769eece487ba9e64d,428.45
d16c8ce6b4e37dc775b2c67280e239cc0a7e4e72,428.13
6cff72ab387d211de65567d7537a73d81a37fd69,425.60
8876eef256458e680ac0d65b48371d8518140fc3,428.05
6c945b25b006e621a056c97ad75d80fcc04ff3fd,425.55
9379c7bcb28f20733f795b1ffbf8833944ca4b02,427.24
6c2032dc6cc1b502c88cad8964d59b668039c3db,436.24
f992e41708287a8251dc9d92ce9db874e0e8f076,424.81
0831a08ea788e93c68159318fe8880d435d40c23,420.66
8fd43ac4b96f669d6bcb51d97b19a43b0e92d7ce,427.12
93e9d84da0e87896aaaac14769eece487ba9e64d,429.83
ad203677d7d98af76d29ac8938dcdc7751ef14cc,424.08
2ee1b79fc9920ca1aff9d0402b1fb548f47305a2,429.00
77add7946ea5bca622b1f4f654f97e62f6db1e95,436.25
67915c0fa8bed9943d5d74bc9d0ae1195dad059e,423.93
0a79e4b5caaa7a885fbbe0a7775099edf92512af,443.62
62ea04e4d5cbf91b1b1a225c90b8077e6db27e58,423.94
4a0e5a59e690f53f4fbeb16ef80ba5afe66bb744,424.67
aec561f3328980182f299e61eaae45420245141b,438.94
af580c310cab08ed637afb235c22a83bb71f4f9a,424.79
4a0e5a59e690f53f4fbeb16ef80ba5afe66bb744,426.37
02c9052198ffbab5140b78a84d68886b190aa5d3,435.94
3f67316f30614c43d14533ccc5246f7d964db70e,426.48
79c672355bb31aa69c23d2dd1ed8cc3f89dd2844,422.71
6788a6daf22fc16c752cfa51d53b17a9436df1c0,426.91
d24b485e252d9e86858207da7a57678d41d3f72c,436.01
0831a08ea788e93c68159318fe8880d435d40c23,426.11
2660750b2e6691a2d5414f3f9f878b69a49539bb,434.50
d2f4ea69702a20eb74cc0e43491fc156d0c88d6e,428.32
371eaf76270b0aea4340c7e9359f02252074b007,428.75
27a52f90a25699bebe23ff1ff94d6db361fdb11d,433.42
371eaf76270b0aea4340c7e9359f02252074b007,431.81
4a0e5a59e690f53f4fbeb16ef80ba5afe66bb744,431.46
847e03ecfe09ae074844e5821ee185cd8c581f42,431.60
c4bb2a4933994931900cde164e517ff0e3a61353,422.73
c01af2290073af0ea42eb02dfe965b4cda58e112,430.73
27a52f90a25699bebe23ff1ff94d6db361fdb11d,433.26
6c2032dc6cc1b502c88cad8964d59b668039c3db,444.10
f992e41708287a8251dc9d92ce9db874e0e8f076,440.63
05ea09d373e05aa538793ba042148f83859d1402,432.49
05ea09d373e05aa538793ba042148f83859d1402,432.00
982e4f96560dadd33e627a1ecea7557f08745d98,437.03
4a0e5a59e690f53f4fbeb16ef80ba5afe66bb744,441.14
211a0b397d251f043e9b2c4815a7e452741dbd0b,424.55
7520dee7b688bdab536bfd76fca47a65316d2147,429.13
79c672355bb31aa69c23d2dd1ed8cc3f89dd2844,426.99
4c3531886a0f7b2a3cd6987dc9c926c5eff8fd03,427.68
14db439cfb817b8869bcd6f603960040059d9643,428.08
ac809a4a5e816e69ede5f18005a519f0436a31c3,422.27
c4bb2a4933994931900cde164e517ff0e3a61353,430.77
14db439cfb817b8869bcd6f603960040059d9643,435.80
f0f3eab9c34cc32c6ad06a991fe572d243ca9e85,430.51
6b60af669bc6102f0328af330532986b8670f3ac,431.24
67915c0fa8bed9943d5d74bc9d0ae1195dad059e,427.84
371eaf76270b0aea4340c7e9359f02252074b007,429.86
b044a777b1b967e249045a330c3112f079e9d65a,421.58
0081d162cca8ad23b500b53799195fec644f261b,433.49
be365c578e7b9a0214eafb468a0753133345854b,425.18
a52e669ca8bc48265accd57d610c0258f7891841,423.91
214c5686b075152d2bf8995731632080ed8f8e83,443.85
ad405f99cb5f41fb311fa086dbd6762a8e84264d,423.89
982e4f96560dadd33e627a1ecea7557f08745d98,426.64
496e6a1e56c3af11c8071820c74565bc55f1850d,423.62
cf3676c534e92052acf870c71e2fa8fb9c060fe6,441.13
544281d17133045c19f52c1a0f3aa7b87ef7d231,435.40
c01af2290073af0ea42eb02dfe965b4cda58e112,425.68
671e03b570f586b6583feb1ee3ddb5d5c62bd50c,425.41
e7ebe6999d28e37532f625cbca3552720cd1e612,433.79
4f2ff53293ce4afb609ff7cb8b2d2fd27240cb39,425.89
5eecccd3eae2d7af9c8426473e9ee53bc01bc7c0,428.23
5eecccd3eae2d7af9c8426473e9ee53bc01bc7c0,427.62
ac809a4a5e816e69ede5f18005a519f0436a31c3,425.32
40a35750e655d5229744684086a9249b233058bf,428.40
79c672355bb31aa69c23d2dd1ed8cc3f89dd2844,422.36
3d145b3543cd972b2f169cf29f650230f193d449,428.33
4d3ff3d8d5c59d73119f32b2fb8ad5992f546148,429.53
05ea09d373e05aa538793ba042148f83859d1402,431.56
371eaf76270b0aea4340c7e9359f02252074b007,434.68
982e4f96560dadd33e627a1ecea7557f08745d98,441.29
d16c8ce6b4e37dc775b2c67280e239cc0a7e4e72,428.55
c4bb2a4933994931900cde164e517ff0e3a61353,427.10
3f67316f30614c43d14533ccc5246f7d964db70e,427.06
c01af2290073af0ea42eb02dfe965b4cda58e112,426.37
0831a08ea788e93c68159318fe8880d435d40c23,427.55
e7ebe6999d28e37532f625cbca3552720cd1e612,435.35
36be16cd662f56ea0fc01bedf14c8651ed74776f,427.67
496e6a1e56c3af11c8071820c74565bc55f1850d,422.28
62ea04e4d5cbf91b1b1a225c90b8077e6db27e58,441.96
5eecccd3eae2d7af9c8426473e9ee53bc01bc7c0,425.50
02c9052198ffbab5140b78a84d68886b190aa5d3,434.28
be3ff9a853ebcf1369adf22bbd43f6712b1f6fe8,429.11
6c2032dc6cc1b502c88cad8964d59b668039c3db,430.54
8876eef256458e680ac0d65b48371d8518140fc3,430.02
79c672355bb31aa69c23d2dd1ed8cc3f89dd2844,442.22
e6cc4ceff4e1d119f1779d1370ff99aaa2911f23,437.31
c1d06490dce939b6ef82be14e61a01665b406fb0,430.90
19f2541e9dad74a7e734225f3d1b598324a6ea49,427.79
d24b485e252d9e86858207da7a57678d41d3f72c,429.25
7eeb74d133625c8819ba8da52e37f4e4db4b8a26,429.04
6c2032dc6cc1b502c88cad8964d59b668039c3db,433.20
6788a6daf22fc16c752cfa51d53b17a9436df1c0,422.54
e6cc4ceff4e1d119f1779d1370ff99aaa2911f23,443.14
67915c0fa8bed9943d5d74bc9d0ae1195dad059e,425.84
6b0dd15b9542b184a55040de992e0140e613fec8,420.89
f992e41708287a8251dc9d92ce9db874e0e8f076,430.16
48a63ff1edb2b35098ca14ff9e03733dd9fab0a6,428.51
6c945b25b006e621a056c97ad75d80fcc04ff3fd,431.04
6b60af669bc6102f0328af330532986b8670f3ac,429.12
d24b485e252d9e86858207da7a57678d41d3f72c,430.20
8c211dc36f541f385b3de99edda9779c3a81a4ed,426.42
4d3ff3d8d5c59d73119f32b2fb8ad5992f546148,435.77
e7ebe6999d28e37532f625cbca3552720cd1e612,435.51
4b9bd67fcac532d7c1ed9553015f3ce1da75cce0,421.85
aec561f3328980182f299e61eaae45420245141b,434.59
496e6a1e56c3af11c8071820c74565bc55f1850d,429.41
0a79e4b5caaa7a885fbbe0a7775099edf92512af,431.26
6c2032dc6cc1b502c88cad8964d59b668039c3db,434.26
05ea09d373e05aa538793ba042148f83859d1402,432.97
3d145b3543cd972b2f169cf29f650230f193d449,428.03
8c07dc18a69efe2ea811d4c1ffe630b56e2d8629,437.11
ec69d09deb79468edde57456c0f79c19128e19e1,433.18
544281d17133045c19f52c1a0f3aa7b87ef7d231,427.39
371eaf76270b0aea4340c7e9359f02252074b007,430.40
671e03b570f586b6583feb1ee3ddb5d5c62bd50c,431.06
6cff72ab387d211de65567d7537a73d81a37fd69,425.33
8fae12eb11d6474061e189e184fa3cd170c735db,430.71
45e787d054b2851e0f3607bab47e2c41496efe76,427.82
25a4b0cf96a74ac71616775331327a2e9dc1e071,424.63
3ff2694aa22c5e12bbc67b9d7ddf736a9cb82e5d,422.97
c5898f198d035c91138a68f75206006ca466fe7c,424.32
d24b485e252d9e86858207da7a57678d41d3f72c,428.21
03a2c1278a96a69a2866ba6de4a37b420f3f1a52,427.38
6b60af669bc6102f0328af330532986b8670f3ac,431.73
79c672355bb31aa69c23d2dd1ed8cc3f89dd2844,424.34
7eeb74d133625c8819ba8da52e37f4e4db4b8a26,433.32
19f2541e9dad74a7e734225f3d1b598324a6ea49,428.94
a3d03f9a1ffbc4e9ba5bcbe991ca6ac2e5207f6b,427.91
6788a6daf22fc16c752cfa51d53b17a9436df1c0,426.88
9379c7bcb28f20733f795b1ffbf8833944ca4b02,432.05
c01af2290073af0ea42eb02dfe965b4cda58e112,426.38
8fd43ac4b96f669d6bcb51d97b19a43b0e92d7ce,425.06
8876eef256458e680ac0d65b48371d8518140fc3,426.42
40a3cda062a8e856cd87b1f7b26d200d2c4980ec,426.98
c5898f198d035c91138a68f75206006ca466fe7c,431.23
6788a6daf22fc16c752cfa51d53b17a9436df1c0,427.25
982e4f96560dadd33e627a1ecea7557f08745d98,442.78
8fae12eb11d6474061e189e184fa3cd170c735db,431.25
8fae12eb11d6474061e189e184fa3cd170c735db,426.42
be3ff9a853ebcf1369adf22bbd43f6712b1f6fe8,427.33
77add7946ea5bca622b1f4f654f97e62f6db1e95,433.03
f992e41708287a8251dc9d92ce9db874e0e8f076,425.03
116866284b8068c817ad53b2b611568a7be25090,427.46
42a712e566064c971620061e46db1b77a5d4ef47,424.77
f607d8fcf01d7053b61b63aabfb8c4d7a0f7e02f,428.57
8876eef256458e680ac0d65b48371d8518140fc3,430.84
5eecccd3eae2d7af9c8426473e9ee53bc01bc7c0,431.90
48a63ff1edb2b35098ca14ff9e03733dd9fab0a6,424.59
8876eef256458e680ac0d65b48371d8518140fc3,426.47
10cfa0465c9d48f6a3ce3f5996259e77b43fa858,425.38
62ea04e4d5cbf91b1b1a225c90b8077e6db27e58,421.66
f992e41708287a8251dc9d92ce9db874e0e8f076,427.57
371eaf76270b0aea4340c7e9359f02252074b007,424.50
f0f3eab9c34cc32c6ad06a991fe572d243ca9e85,426.33
2660750b2e6691a2d5414f3f9f878b69a49539bb,431.35
b044a777b1b967e249045a330c3112f079e9d65a,431.43
c01af2290073af0ea42eb02dfe965b4cda58e112,427.08
2cce405d1eed3536b222f830220ef32f5a2937d7,429.07
371eaf76270b0aea4340c7e9359f02252074b007,437.00
e7ebe6999d28e37532f625cbca3552720cd1e612,435.95
d2f4ea69702a20eb74cc0e43491fc156d0c88d6e,431.49
f0f3eab9c34cc32c6ad06a991fe572d243ca9e85,432.70
0c312ebdb813b1128061ba0d32b10f4a2e098c39,429.59
c1d06490dce939b6ef82be14e61a01665b406fb0,424.24
40a3cda062a8e856cd87b1f7b26d200d2c4980ec,427.62
8fae12eb11d6474061e189e184fa3cd170c735db,433.59
116866284b8068c817ad53b2b611568a7be25090,423.08
62ea04e4d5cbf91b1b1a225c90b8077e6db27e58,428.36
10cfa0465c9d48f6a3ce3f5996259e77b43fa858,427.09
aec561f3328980182f299e61eaae45420245141b,431.46
3f67316f30614c43d14533ccc5246f7d964db70e,424.08
be365c578e7b9a0214eafb468a0753133345854b,436.25
d16c8ce6b4e37dc775b2c67280e239cc0a7e4e72,428.19
4d3ff3d8d5c59d73119f32b2fb8ad5992f546148,428.01
c01af2290073af0ea42eb02dfe965b4cda58e112,428.84
2ee1b79fc9920ca1aff9d0402b1fb548f47305a2,429.12
62ea04e4d5cbf91b1b1a225c90b8077e6db27e58,425.71
10cfa0465c9d48f6a3ce3f5996259e77b43fa858,428.69
d24b485e252d9e86858207da7a57678d41d3f72c,427.80
916d5399a698ccf3eb2e0f02f4cad234fedec177,444.61
93e9d84da0e87896aaaac14769eece487ba9e64d,425.82
ac809a4a5e816e69ede5f18005a519f0436a31c3,421.01
e2c62cdc3cc8f265af6ea100b60964ac6336d6e2,431.57
544281d17133045c19f52c1a0f3aa7b87ef7d231,424.79
62ea04e4d5cbf91b1b1a225c90b8077e6db27e58,424.41
f74286ba358ec9c7e46778e0ce6edd7dd0143e72,432.93
9379c7bcb28f20733f795b1ffbf8833944ca4b02,429.61
e6cc4ceff4e1d119f1779d1370ff99aaa2911f23,432.89
ed30e5c14b7ebdd2d9328150b65fadc09d833c71,427.20
847e03ecfe09ae074844e5821ee185cd8c581f42,423.97
5011bb4521d2569b1a9fe19c6ebc0744eca04e93,430.29
e2c62cdc3cc8f265af6ea100b60964ac6336d6e2,429.37
916d5399a698ccf3eb2e0f02f4cad234fedec177,433.13
ed30e5c14b7ebdd2d9328150b65fadc09d833c71,421.59
916d5399a698ccf3eb2e0f02f4cad234fedec177,437.20
3f67316f30614c43d14533ccc5246f7d964db70e,435.18
c01af2290073af0ea42eb02dfe965b4cda58e112,424.77
8c211dc36f541f385b3de99edda9779c3a81a4ed,428.21
10cfa0465c9d48f6a3ce3f5996259e77b43fa858,424.99
28418f8335d2b359690e80e61d0081f4e892769c,428.47
4a0e5a59e690f53f4fbeb16ef80ba5afe66bb744,432.11
8c07dc18a69efe2ea811d4c1ffe630b56e2d8629,436.29
3f67316f30614c43d14533ccc5246f7d964db70e,423.77
d24b485e252d9e86858207da7a57678d41d3f72c,428.24
4b9bd67fcac532d7c1ed9553015f3ce1da75cce0,422.45
97d203b3e70d9f2387fb6b11fb115b182e1f5e41,437.08
0a79e4b5caaa7a885fbbe0a7775099edf92512af,432.30
ad203677d7d98af76d29ac8938dcdc7751ef14cc,428.44
3eb8a67876703682e4156b378871911870fcaad9,438.62
ed30e5c14b7ebdd2d9328150b65fadc09d833c71,422.62
62ea04e4d5cbf91b1b1a225c90b8077e6db27e58,433.98
7eeb74d133625c8819ba8da52e37f4e4db4b8a26,423.17
2ee1b79fc9920ca1aff9d0402b1fb548f47305a2,430.12
2ee1b79fc9920ca1aff9d0402b1fb548f47305a2,429.58
36be16cd662f56ea0fc01bedf14c8651ed74776f,437.16
5011bb4521d2569b1a9fe19c6ebc0744eca04e93,444.97
7520dee7b688bdab536bfd76fca47a65316d2147,422.60
a52e669ca8bc48265accd57d610c0258f7891841,432.18
40a35750e655d5229744684086a9249b233058bf,428.99
af580c310cab08ed637afb235c22a83bb71f4f9a,421.10
f74286ba358ec9c7e46778e0ce6edd7dd0143e72,429.16
4c3531886a0f7b2a3cd6987dc9c926c5eff8fd03,430.55
62ea04e4d5cbf91b1b1a225c90b8077e6db27e58,427.23
ba5d66010db39205e29289ae81122fc85299d145,435.77
ad405f99cb5f41fb311fa086dbd6762a8e84264d,424.63
847e03ecfe09ae074844e5821ee185cd8c581f42,424.18
0a79e4b5caaa7a885fbbe0a7775099edf92512af,423.39
8876eef256458e680ac0d65b48371d8518140fc3,423.72
77add7946ea5bca622b1f4f654f97e62f6db1e95,429.20
ed30e5c14b7ebdd2d9328150b65fadc09d833c71,423.63
19f2541e9dad74a7e734225f3d1b598324a6ea49,437.41
3ff2694aa22c5e12bbc67b9d7ddf736a9cb82e5d,434.31
2660750b2e6691a2d5414f3f9f878b69a49539bb,428.37
8876eef256458e680ac0d65b48371d8518140fc3,427.20
2cce405d1eed3536b222f830220ef32f5a2937d7,428.46
05ea09d373e05aa538793ba042148f83859d1402,434.11
3f67316f30614c43d14533ccc5246f7d964db70e,427.93
77add7946ea5bca622b1f4f654f97e62f6db1e95,429.90
a52e669ca8bc48265accd57d610c0258f7891841,427.53
f74286ba358ec9c7e46778e0ce6edd7dd0143e72,424.97
8fae12eb11d6474061e189e184fa3cd170c735db,426.03
bb4ead7c350695c1ed3c52d028090da4d4cecd1e,433.22
2ee1b79fc9920ca1aff9d0402b1fb548f47305a2,425.82
27a52f90a25699bebe23ff1ff94d6db361fdb11d,438.21
f0f3eab9c34cc32c6ad06a991fe572d243ca9e85,423.22
05ea09d373e05aa538793ba042148f83859d1402,427.83
10cfa0465c9d48f6a3ce3f5996259e77b43fa858,422.71
6cff72ab387d211de65567d7537a73d81a37fd69,425.63
25a4b0cf96a74ac71616775331327a2e9dc1e071,425.09
56ddff90e7e8511d79ba6dd1217b61fb1d4bfd88,424.37
9379c7bcb28f20733f795b1ffbf8833944ca4b02,428.98
e2c62cdc3cc8f265af6ea100b60964ac6336d6e2,422.27
28418f8335d2b359690e80e61d0081f4e892769c,428.91
671e03b570f586b6583feb1ee3ddb5d5c62bd50c,426.89
7eeb74d133625c8819ba8da52e37f4e4db4b8a26,428.45
f607d8fcf01d7053b61b63aabfb8c4d7a0f7e02f,428.19
b044a777b1b967e249045a330c3112f079e9d65a,431.14
ba5d66010db39205e29289ae81122fc85299d145,425.08
0831a08ea788e93c68159318fe8880d435d40c23,422.74
77add7946ea5bca622b1f4f654f97e62f6db1e95,433.00
f0f3eab9c34cc32c6ad06a991fe572d243ca9e85,424.66
0831a08ea788e93c68159318fe8880d435d40c23,423.42
214c5686b075152d2bf8995731632080ed8f8e83,435.44
8fd43ac4b96f669d6bcb51d97b19a43b0e92d7ce,419.69
7eeb74d133625c8819ba8da52e37f4e4db4b8a26,429.08
79c672355bb31aa69c23d2dd1ed8cc3f89dd2844,432.51
b044a777b1b967e249045a330c3112f079e9d65a,423.13
4a0e5a59e690f53f4fbeb16ef80ba5afe66bb744,426.58
19f2541e9dad74a7e734225f3d1b598324a6ea49,427.42
6c945b25b006e621a056c97ad75d80fcc04ff3fd,427.01
6788a6daf22fc16c752cfa51d53b17a9436df1c0,431.20
e7ebe6999d28e37532f625cbca3552720cd1e612,431.64
c5898f198d035c91138a68f75206006ca466fe7c,428.46
be365c578e7b9a0214eafb468a0753133345854b,428.42
7520dee7b688bdab536bfd76fca47a65316d2147,428.80
e2c62cdc3cc8f265af6ea100b60964ac6336d6e2,422.90
be365c578e7b9a0214eafb468a0753133345854b,425.27
3eb8a67876703682e4156b378871911870fcaad9,432.23
3f67316f30614c43d14533ccc5246f7d964db70e,426.86
fcab98cdd311deb3dd4fd63fef2bc6c4c397f186,429.70
02c9052198ffbab5140b78a84d68886b190aa5d3,441.26
aec561f3328980182f299e61eaae45420245141b,441.06
211a0b397d251f043e9b2c4815a7e452741dbd0b,420.68
4d3ff3d8d5c59d73119f32b2fb8ad5992f546148,435.30
0c312ebdb813b1128061ba0d32b10f4a2e098c39,429.59
211a0b397d251f043e9b2c4815a7e452741dbd0b,421.15
cf3676c534e92052acf870c71e2fa8fb9c060fe6,435.02
ed30e5c14b7ebdd2d9328150b65fadc09d833c71,432.34
62ea04e4d5cbf91b1b1a225c90b8077e6db27e58,426.66
8c211dc36f541f385b3de99edda9779c3a81a4ed,424.34
0081d162cca8ad23b500b53799195fec644f261b,431.93
ed30e5c14b7ebdd2d9328150b65fadc09d833c71,427.97
25a4b0cf96a74ac71616775331327a2e9dc1e071,422.42
be3ff9a853ebcf1369adf22bbd43f6712b1f6fe8,430.56
97d203b3e70d9f2387fb6b11fb115b182e1f5e41,433.75
f607d8fcf01d7053b61b63aabfb8c4d7a0f7e02f,431.12
f74286ba358ec9c7e46778e0ce6edd7dd0143e72,431.70
847e03ecfe09ae074844e5821ee185cd8c581f42,422.94
c1d06490dce939b6ef82be14e61a01665b406fb0,430.35
bb4ead7c350695c1ed3c52d028090da4d4cecd1e,439.12
8fae12eb11d6474061e189e184fa3cd170c735db,424.69
19f2541e9dad74a7e734225f3d1b598324a6ea49,429.10
4cfd3c373f49f8e56f53ae28c1401cc2f528e451,425.00
6788a6daf22fc16c752cfa51d53b17a9436df1c0,427.33
7520dee7b688bdab536bfd76fca47a65316d2147,428.80
be3ff9a853ebcf1369adf22bbd43f6712b1f6fe8,438.28
9379c7bcb28f20733f795b1ffbf8833944ca4b02,429.77
45e787d054b2851e0f3607bab47e2c41496efe76,423.20
40a35750e655d5229744684086a9249b233058bf,428.64
0081d162cca8ad23b500b53799195fec644f261b,440.02
a52e669ca8bc48265accd57d610c0258f7891841,425.86
e2c62cdc3cc8f265af6ea100b60964ac6336d6e2,422.64
e7ebe6999d28e37532f625cbca3552720cd1e612,436.43
57567c678cadb79fbc19b86e11391e325834dffb,421.80
af580c310cab08ed637afb235c22a83bb71f4f9a,422.37
6b60af669bc6102f0328af330532986b8670f3ac,431.28
c1d06490dce939b6ef82be14e61a01665b406fb0,424.68
27a52f90a25699bebe23ff1ff94d6db361fdb11d,433.21
8876eef256458e680ac0d65b48371d8518140fc3,437.20
e2c62cdc3cc8f265af6ea100b60964ac6336d6e2,423.38
f74286ba358ec9c7e46778e0ce6edd7dd0143e72,423.64
ad203677d7d98af76d29ac8938dcdc7751ef14cc,422.74
027c41520e029ae88e578cc9b28491a74d8bb25a,429.36
0a79e4b5caaa7a885fbbe0a7775099edf92512af,431.48
211a0b397d251f043e9b2c4815a7e452741dbd0b,419.48
7199cf1e647fb410a4341c35f7007c5def4305e0,436.39
d2f4ea69702a20eb74cc0e43491fc156d0c88d6e,440.33
5daa5a6229c51b0ddd442706efa29729ae28678a,427.21
cf3676c534e92052acf870c71e2fa8fb9c060fe6,433.29
ba5d66010db39205e29289ae81122fc85299d145,421.21
93e9d84da0e87896aaaac14769eece487ba9e64d,434.14
116866284b8068c817ad53b2b611568a7be25090,425.41
544281d17133045c19f52c1a0f3aa7b87ef7d231,432.69
aec561f3328980182f299e61eaae45420245141b,429.31
544281d17133045c19f52c1a0f3aa7b87ef7d231,437.68
93e9d84da0e87896aaaac14769eece487ba9e64d,438.82
ac809a4a5e816e69ede5f18005a519f0436a31c3,420.50
671e03b570f586b6583feb1ee3ddb5d5c62bd50c,431.82
bb4ead7c350695c1ed3c52d028090da4d4cecd1e,432.35
2660750b2e6691a2d5414f3f9f878b69a49539bb,437.66
d2f4ea69702a20eb74cc0e43491fc156d0c88d6e,425.32
45e787d054b2851e0f3607bab47e2c41496efe76,440.84
f607d8fcf01d7053b61b63aabfb8c4d7a0f7e02f,430.31
7eeb74d133625c8819ba8da52e37f4e4db4b8a26,422.57
7eeb74d133625c8819ba8da52e37f4e4db4b8a26,426.57
027c41520e029ae88e578cc9b28491a74d8bb25a,433.33
28418f8335d2b359690e80e61d0081f4e892769c,424.56
f992e41708287a8251dc9d92ce9db874e0e8f076,428.43
27a52f90a25699bebe23ff1ff94d6db361fdb11d,429.12
8c07dc18a69efe2ea811d4c1ffe630b56e2d8629,434.20
97d203b3e70d9f2387fb6b11fb115b182e1f5e41,431.33
d24b485e252d9e86858207da7a57678d41d3f72c,430.32
45e787d054b2851e0f3607bab47e2c41496efe76,431.29
c5898f198d035c91138a68f75206006ca466fe7c,425.78
03a2c1278a96a69a2866ba6de4a37b420f3f1a52,428.84
03a2c1278a96a69a2866ba6de4a37b420f3f1a52,423.58
ba5d66010db39205e29289ae81122fc85299d145,430.69
0a79e4b5caaa7a885fbbe0a7775099edf92512af,430.68
214c5686b075152d2bf8995731632080ed8f8e83,436.96
25a4b0cf96a74ac71616775331327a2e9dc1e071,425.34
0c312ebdb813b1128061ba0d32b10f4a2e098c39,428.20
2ee1b79fc9920ca1aff9d0402b1fb548f47305a2,440.97
c01af2290073af0ea42eb02dfe965b4cda58e112,426.43
2cce405d1eed3536b222f830220ef32f5a2937d7,424.93
79c672355bb31aa69c23d2dd1ed8cc3f89dd2844,441.25
d16c8ce6b4e37dc775b2c67280e239cc0a7e4e72,425.25
be365c578e7b9a0214eafb468a0753133345854b,428.97
79c672355bb31aa69c23d2dd1ed8cc3f89dd2844,429.78
2cce405d1eed3536b222f830220ef32f5a2937d7,433.01
7520dee7b688bdab536bfd76fca47a65316d2147,425.41
7199cf1e647fb410a4341c35f7007c5def4305e0,428.94
e2c62cdc3cc8f265af6ea100b60964ac6336d6e2,430.96
97d203b3e70d9f2387fb6b11fb115b182e1f5e41,443.85
0c312ebdb813b1128061ba0d32b10f4a2e098c39,434.09
4d3ff3d8d5c59d73119f32b2fb8ad5992f546148,425.09
6c2032dc6cc1b502c88cad8964d59b668039c3db,435.89
28418f8335d2b359690e80e61d0081f4e892769c,429.58
ad405f99cb5f41fb311fa086dbd6762a8e84264d,425.34
496e6a1e56c3af11c8071820c74565bc55f1850d,429.57
cf3676c534e92052acf870c71e2fa8fb9c060fe6,439.79
6c2032dc6cc1b502c88cad8964d59b668039c3db,435.54
48a63ff1edb2b35098ca14ff9e03733dd9fab0a6,425.65
cf3676c534e92052acf870c71e2fa8fb9c060fe6,448.08
4a0e5a59e690f53f4fbeb16ef80ba5afe66bb744,424.13
0081d162cca8ad23b500b53799195fec644f261b,431.87
7eeb74d133625c8819ba8da52e37f4e4db4b8a26,426.44
371eaf76270b0aea4340c7e9359f02252074b007,429.66
5daa5a6229c51b0ddd442706efa29729ae28678a,425.65
6c2032dc6cc1b502c88cad8964d59b668039c3db,447.51
8fd43ac4b96f669d6bcb51d97b19a43b0e92d7ce,423.58
d16c8ce6b4e37dc775b2c67280e239cc0a7e4e72,429.85
ec69d09deb79468edde57456c0f79c19128e19e1,440.05
14db439cfb817b8869bcd6f603960040059d9643,430.82
7eeb74d133625c8819ba8da52e37f4e4db4b8a26,427.79
f607d8fcf01d7053b61b63aabfb8c4d7a0f7e02f,426.36
ec69d09deb79468edde57456c0f79c19128e19e1,447.40
8fd43ac4b96f669d6bcb51d97b19a43b0e92d7ce,423.58
93e9d84da0e87896aaaac14769eece487ba9e64d,433.75
214c5686b075152d2bf8995731632080ed8f8e83,439.26
ad405f99cb5f41fb311fa086dbd6762a8e84264d,421.33
4a0e5a59e690f53f4fbeb16ef80ba5afe66bb744,425.78
3ff2694aa22c5e12bbc67b9d7ddf736a9cb82e5d,424.88
214c5686b075152d2bf8995731632080ed8f8e83,430.71
67915c0fa8bed9943d5d74bc9d0ae1195dad059e,428.23
aec561f3328980182f299e61eaae45420245141b,438.46
c4bb2a4933994931900cde164e517ff0e3a61353,427.79
f607d8fcf01d7053b61b63aabfb8c4d7a0f7e02f,426.44
5daa5a6229c51b0ddd442706efa29729ae28678a,424.47
10cfa0465c9d48f6a3ce3f5996259e77b43fa858,429.94
45e787d054b2851e0f3607bab47e2c41496efe76,429.19
4b9bd67fcac532d7c1ed9553015f3ce1da75cce0,427.87
982e4f96560dadd33e627a1ecea7557f08745d98,433.45
bb4ead7c350695c1ed3c52d028090da4d4cecd1e,429.50
7eeb74d133625c8819ba8da52e37f4e4db4b8a26,423.20
0c312ebdb813b1128061ba0d32b10f4a2e098c39,437.15
371eaf76270b0aea4340c7e9359f02252074b007,429.04
a52e669ca8bc48265accd57d610c0258f7891841,429.81
79c672355bb31aa69c23d2dd1ed8cc3f89dd2844,431.53
c01af2290073af0ea42eb02dfe965b4cda58e112,424.19
027c41520e029ae88e578cc9b28491a74d8bb25a,434.34
6c945b25b006e621a056c97ad75d80fcc04ff3fd,446.16
3ff2694aa22c5e12bbc67b9d7ddf736a9cb82e5d,424.93
40a35750e655d5229744684086a9249b233058bf,431.64
ad203677d7d98af76d29ac8938dcdc7751ef14cc,427.76
6b0dd15b9542b184a55040de992e0140e613fec8,434.46
6b60af669bc6102f0328af330532986b8670f3ac,430.26
982e4f96560dadd33e627a1ecea7557f08745d98,425.85
c4bb2a4933994931900cde164e517ff0e3a61353,423.64
ad405f99cb5f41fb311fa086dbd6762a8e84264d,424.23
6788a6daf22fc16c752cfa51d53b17a9436df1c0,424.23
be3ff9a853ebcf1369adf22bbd43f6712b1f6fe8,425.47
371eaf76270b0aea4340c7e9359f02252074b007,429.04
0831a08ea788e93c68159318fe8880d435d40c23,420.11
2cce405d1eed3536b222f830220ef32f5a2937d7,426.02
4c3531886a0f7b2a3cd6987dc9c926c5eff8fd03,425.08
671e03b570f586b6583feb1ee3ddb5d5c62bd50c,424.60
aec561f3328980182f299e61eaae45420245141b,433.24
67915c0fa8bed9943d5d74bc9d0ae1195dad059e,427.47
8fae12eb11d6474061e189e184fa3cd170c735db,424.55
371eaf76270b0aea4340c7e9359f02252074b007,436.54
05ea09d373e05aa538793ba042148f83859d1402,431.37
671e03b570f586b6583feb1ee3ddb5d5c62bd50c,426.52
0831a08ea788e93c68159318fe8880d435d40c23,434.19
be365c578e7b9a0214eafb468a0753133345854b,424.31
ad203677d7d98af76d29ac8938dcdc7751ef14cc,426.52
6b0dd15b9542b184a55040de992e0140e613fec8,420.18
671e03b570f586b6583feb1ee3ddb5d5c62bd50c,427.25
5eecccd3eae2d7af9c8426473e9ee53bc01bc7c0,426.36
496e6a1e56c3af11c8071820c74565bc55f1850d,426.05
bb4ead7c350695c1ed3c52d028090da4d4cecd1e,436.41
aec561f3328980182f299e61eaae45420245141b,432.69
d2f4ea69702a20eb74cc0e43491fc156d0c88d6e,427.21
ad203677d7d98af76d29ac8938dcdc7751ef14cc,427.50
ac809a4a5e816e69ede5f18005a519f0436a31c3,430.09
bb4ead7c350695c1ed3c52d028090da4d4cecd1e,432.52
be365c578e7b9a0214eafb468a0753133345854b,426.82
496e6a1e56c3af11c8071820c74565bc55f1850d,429.57
6788a6daf22fc16c752cfa51d53b17a9436df1c0,422.84
671e03b570f586b6583feb1ee3ddb5d5c62bd50c,429.39
05ea09d373e05aa538793ba042148f83859d1402,433.18
93e9d84da0e87896aaaac14769eece487ba9e64d,432.90
10cfa0465c9d48f6a3ce3f5996259e77b43fa858,425.90
0831a08ea788e93c68159318fe8880d435d40c23,421.89
79c672355bb31aa69c23d2dd1ed8cc3f89dd2844,425.46
496e6a1e56c3af11c8071820c74565bc55f1850d,427.59
5daa5a6229c51b0ddd442706efa29729ae28678a,434.83
62ea04e4d5cbf91b1b1a225c90b8077e6db27e58,426.99
40a3cda062a8e856cd87b1f7b26d200d2c4980ec,427.16
4b9bd67fcac532d7c1ed9553015f3ce1da75cce0,425.68
42a712e566064c971620061e46db1b77a5d4ef47,432.44
27a52f90a25699bebe23ff1ff94d6db361fdb11d,438.44
0831a08ea788e93c68159318fe8880d435d40c23,420.43
b044a777b1b967e249045a330c3112f079e9d65a,432.97
847e03ecfe09ae074844e5821ee185cd8c581f42,429.83
27a52f90a25699bebe23ff1ff94d6db361fdb11d,435.76
be3ff9a853ebcf1369adf22bbd43f6712b1f6fe8,424.32
cf3676c534e92052acf870c71e2fa8fb9c060fe6,433.73
e7ebe6999d28e37532f625cbca3552720cd1e612,435.68
4c3531886a0f7b2a3cd6987dc9c926c5eff8fd03,430.98
7199cf1e647fb410a4341c35f7007c5def4305e0,428.39
cf3676c534e92052acf870c71e2fa8fb9c060fe6,447.86
03a2c1278a96a69a2866ba6de4a37b420f3f1a52,436.35
4d3ff3d8d5c59d73119f32b2fb8ad5992f546148,429.82
f607d8fcf01d7053b61b63aabfb8c4d7a0f7e02f,431.91
6c945b25b006e621a056c97ad75d80fcc04ff3fd,432.74
2cce405d1eed3536b222f830220ef32f5a2937d7,427.44
0a79e4b5caaa7a885fbbe0a7775099edf92512af,432.61
f607d8fcf01d7053b61b63aabfb8c4d7a0f7e02f,429.06
40a35750e655d5229744684086a9249b233058bf,430.65
2ee1b79fc9920ca1aff9d0402b1fb548f47305a2,437.15
d2f4ea69702a20eb74cc0e43491fc156d0c88d6e,429.33
48a63ff1edb2b35098ca14ff9e03733dd9fab0a6,428.55
e2c62cdc3cc8f265af6ea100b60964ac6336d6e2,427.69
c4bb2a4933994931900cde164e517ff0e3a61353,436.75
d16c8ce6b4e37dc775b2c67280e239cc0a7e4e72,430.29
af580c310cab08ed637afb235c22a83bb71f4f9a,421.70
c01af2290073af0ea42eb02dfe965b4cda58e112,427.72
0831a08ea788e93c68159318fe8880d435d40c23,425.70
5daa5a6229c51b0ddd442706efa29729ae28678a,434.09
982e4f96560dadd33e627a1ecea7557f08745d98,439.48
93e9d84da0e87896aaaac14769eece487ba9e64d,430.47
9379c7bcb28f20733f795b1ffbf8833944ca4b02,425.72
2cce405d1eed3536b222f830220ef32f5a2937d7,429.93
bb4ead7c350695c1ed3c52d028090da4d4cecd1e,429.66
c01af2290073af0ea42eb02dfe965b4cda58e112,424.43
2660750b2e6691a2d5414f3f9f878b69a49539bb,427.49
05ea09d373e05aa538793ba042148f83859d1402,430.59
a3d03f9a1ffbc4e9ba5bcbe991ca6ac2e5207f6b,434.55
ac809a4a5e816e69ede5f18005a519f0436a31c3,419.33
4c3531886a0f7b2a3cd6987dc9c926c5eff8fd03,437.25
77add7946ea5bca622b1f4f654f97e62f6db1e95,427.41
916d5399a698ccf3eb2e0f02f4cad234fedec177,433.66
79c672355bb31aa69c23d2dd1ed8cc3f89dd2844,426.75
0831a08ea788e93c68159318fe8880d435d40c23,420.30
6cff72ab387d211de65567d7537a73d81a37fd69,425.32
b044a777b1b967e249045a330c3112f079e9d65a,422.92
25a4b0cf96a74ac71616775331327a2e9dc1e071,419.72
40a35750e655d5229744684086a9249b233058bf,425.68
214c5686b075152d2bf8995731632080ed8f8e83,435.74
6b60af669bc6102f0328af330532986b8670f3ac,436.03
14db439cfb817b8869bcd6f603960040059d9643,423.71
c5898f198d035c91138a68f75206006ca466fe7c,434.00
e6cc4ceff4e1d119f1779d1370ff99aaa2911f23,434.07
bb4ead7c350695c1ed3c52d028090da4d4cecd1e,435.59
fcab98cdd311deb3dd4fd63fef2bc6c4c397f186,427.04
56ddff90e7e8511d79ba6dd1217b61fb1d4bfd88,430.94
40a35750e655d5229744684086a9249b233058bf,437.29
6c2032dc6cc1b502c88cad8964d59b668039c3db,440.26
ec69d09deb79468edde57456c0f79c19128e19e1,434.07
214c5686b075152d2bf8995731632080ed8f8e83,438.57
ad203677d7d98af76d29ac8938dcdc7751ef14cc,424.41
be365c578e7b9a0214eafb468a0753133345854b,439.04
28418f8335d2b359690e80e61d0081f4e892769c,446.58
0c312ebdb813b1128061ba0d32b10f4a2e098c39,431.18
ec69d09deb79468edde57456c0f79c19128e19e1,430.38
ec69d09deb79468edde57456c0f79c19128e19e1,429.39
77add7946ea5bca622b1f4f654f97e62f6db1e95,427.38
45e787d054b2851e0f3607bab47e2c41496efe76,428.35
be365c578e7b9a0214eafb468a0753133345854b,426.92
27a52f90a25699bebe23ff1ff94d6db361fdb11d,435.06
8876eef256458e680ac0d65b48371d8518140fc3,425.77
8c211dc36f541f385b3de99edda9779c3a81a4ed,427.43
14db439cfb817b8869bcd6f603960040059d9643,425.96
4f2ff53293ce4afb609ff7cb8b2d2fd27240cb39,423.98
4f2ff53293ce4afb609ff7cb8b2d2fd27240cb39,425.27
42a712e566064c971620061e46db1b77a5d4ef47,425.03
c5898f198d035c91138a68f75206006ca466fe7c,432.03
3f67316f30614c43d14533ccc5246f7d964db70e,428.13
4b9bd67fcac532d7c1ed9553015f3ce1da75cce0,422.55
5eecccd3eae2d7af9c8426473e9ee53bc01bc7c0,428.76
0081d162cca8ad23b500b53799195fec644f261b,436.25
4f2ff53293ce4afb609ff7cb8b2d2fd27240cb39,423.39
4b9bd67fcac532d7c1ed9553015f3ce1da75cce0,429.97
6b0dd15b9542b184a55040de992e0140e613fec8,421.29
62ea04e4d5cbf91b1b1a225c90b8077e6db27e58,427.64
027c41520e029ae88e578cc9b28491a74d8bb25a,430.39
c1d06490dce939b6ef82be14e61a01665b406fb0,430.82
371eaf76270b0aea4340c7e9359f02252074b007,435.90
c4bb2a4933994931900cde164e517ff0e3a61353,431.38
982e4f96560dadd33e627a1ecea7557f08745d98,428.08
4a0e5a59e690f53f4fbeb16ef80ba5afe66bb744,428.76
c5898f198d035c91138a68f75206006ca466fe7c,425.86
fcab98cdd311deb3dd4fd63fef2bc6c4c397f186,430.58
be365c578e7b9a0214eafb468a0753133345854b,431.90
916d5399a698ccf3eb2e0f02f4cad234fedec177,433.95
03a2c1278a96a69a2866ba6de4a37b420f3f1a52,437.29
8c211dc36f541f385b3de99edda9779c3a81a4ed,426.63
02c9052198ffbab5140b78a84d68886b190aa5d3,434.71
40a3cda062a8e856cd87b1f7b26d200d2c4980ec,425.76
8c07dc18a69efe2ea811d4c1ffe630b56e2d8629,437.06
57567c678cadb79fbc19b86e11391e325834dffb,424.44
79c672355bb31aa69c23d2dd1ed8cc3f89dd2844,420.43
d2f4ea69702a20eb74cc0e43491fc156d0c88d6e,425.70
36be16cd662f56ea0fc01bedf14c8651ed74776f,424.72
6b0dd15b9542b184a55040de992e0140e613fec8,422.34
af580c310cab08ed637afb235c22a83bb71f4f9a,432.65
8fd43ac4b96f669d6bcb51d97b19a43b0e92d7ce,426.46
496e6a1e56c3af11c8071820c74565bc55f1850d,429.74
3f67316f30614c43d14533ccc5246f7d964db70e,425.95
ad405f99cb5f41fb311fa086dbd6762a8e84264d,422.14
2cce405d1eed3536b222f830220ef32f5a2937d7,424.85
97d203b3e70d9f2387fb6b11fb115b182e1f5e41,437.99
6788a6daf22fc16c752cfa51d53b17a9436df1c0,425.36
e2c62cdc3cc8f265af6ea100b60964ac6336d6e2,423.60
0831a08ea788e93c68159318fe8880d435d40c23,420.56
9379c7bcb28f20733f795b1ffbf8833944ca4b02,428.14
28418f8335d2b359690e80e61d0081f4e892769c,432.19
544281d17133045c19f52c1a0f3aa7b87ef7d231,424.76
b044a777b1b967e249045a330c3112f079e9d65a,421.81
4b9bd67fcac532d7c1ed9553015f3ce1da75cce0,419.41
5eecccd3eae2d7af9c8426473e9ee53bc01bc7c0,438.49
d16c8ce6b4e37dc775b2c67280e239cc0a7e4e72,428.28
211a0b397d251f043e9b2c4815a7e452741dbd0b,422.68
496e6a1e56c3af11c8071820c74565bc55f1850d,430.32
5011bb4521d2569b1a9fe19c6ebc0744eca04e93,432.46
8876eef256458e680ac0d65b48371d8518140fc3,437.23
40a3cda062a8e856cd87b1f7b26d200d2c4980ec,438.80
f607d8fcf01d7053b61b63aabfb8c4d7a0f7e02f,430.74
4b9bd67fcac532d7c1ed9553015f3ce1da75cce0,426.88
ac809a4a5e816e69ede5f18005a519f0436a31c3,422.98
982e4f96560dadd33e627a1ecea7557f08745d98,428.07
be365c578e7b9a0214eafb468a0753133345854b,424.21
62ea04e4d5cbf91b1b1a225c90b8077e6db27e58,433.37
4b9bd67fcac532d7c1ed9553015f3ce1da75cce0,422.52
116866284b8068c817ad53b2b611568a7be25090,430.55
4a0e5a59e690f53f4fbeb16ef80ba5afe66bb744,423.48
2660750b2e6691a2d5414f3f9f878b69a49539bb,433.17
57567c678cadb79fbc19b86e11391e325834dffb,420.38
4d3ff3d8d5c59d73119f32b2fb8ad5992f546148,431.11
ec69d09deb79468edde57456c0f79c19128e19e1,425.94
a52e669ca8bc48265accd57d610c0258f7891841,427.81
211a0b397d251f043e9b2c4815a7e452741dbd0b,428.67
27a52f90a25699bebe23ff1ff94d6db361fdb11d,436.81
6cff72ab387d211de65567d7537a73d81a37fd69,430.43
79c672355bb31aa69c23d2dd1ed8cc3f89dd2844,429.74
371eaf76270b0aea4340c7e9359f02252074b007,430.91
a3d03f9a1ffbc4e9ba5bcbe991ca6ac2e5207f6b,437.61
ec69d09deb79468edde57456c0f79c19128e19e1,428.32
6b60af669bc6102f0328af330532986b8670f3ac,422.05
8fd43ac4b96f669d6bcb51d97b19a43b0e92d7ce,426.33
982e4f96560dadd33e627a1ecea7557f08745d98,429.15
f74286ba358ec9c7e46778e0ce6edd7dd0143e72,423.41
4cfd3c373f49f8e56f53ae28c1401cc2f528e451,424.06
42a712e566064c971620061e46db1b77a5d4ef47,428.11
2ee1b79fc9920ca1aff9d0402b1fb548f47305a2,428.97
e7ebe6999d28e37532f625cbca3552720cd1e612,444.49
496e6a1e56c3af11c8071820c74565bc55f1850d,427.99
544281d17133045c19f52c1a0f3aa7b87ef7d231,429.77
0831a08ea788e93c68159318fe8880d435d40c23,431.21
4a0e5a59e690f53f4fbeb16ef80ba5afe66bb744,436.20
211a0b397d251f043e9b2c4815a7e452741dbd0b,416.87
9379c7bcb28f20733f795b1ffbf8833944ca4b02,429.86
ad203677d7d98af76d29ac8938dcdc7751ef14cc,434.15
40a3cda062a8e856cd87b1f7b26d200d2c4980ec,434.01
a3d03f9a1ffbc4e9ba5bcbe991ca6ac2e5207f6b,431.58
4c3531886a0f7b2a3cd6987dc9c926c5eff8fd03,426.71
8fae12eb11d6474061e189e184fa3cd170c735db,428.20
14db439cfb817b8869bcd6f603960040059d9643,427.77
e2c62cdc3cc8f265af6ea100b60964ac6336d6e2,426.05
d2f4ea69702a20eb74cc0e43491fc156d0c88d6e,428.58
7eeb74d133625c8819ba8da52e37f4e4db4b8a26,424.47
45e787d054b2851e0f3607bab47e2c41496efe76,433.01
847e03ecfe09ae074844e5821ee185cd8c581f42,424.77
4b9bd67fcac532d7c1ed9553015f3ce1da75cce0,423.11
d16c8ce6b4e37dc775b2c67280e239cc0a7e4e72,428.27
6c945b25b006e621a056c97ad75d80fcc04ff3fd,437.56
2660750b2e6691a2d5414f3f9f878b69a49539bb,428.56
d2f4ea69702a20eb74cc0e43491fc156d0c88d6e,429.39
ec69d09deb79468edde57456c0f79c19128e19e1,431.82
027c41520e029ae88e578cc9b28491a74d8bb25a,434.78
7520dee7b688bdab536bfd76fca47a65316d2147,431.79
ac809a4a5e816e69ede5f18005a519f0436a31c3,422.29
bb4ead7c350695c1ed3c52d028090da4d4cecd1e,431.33
4cfd3c373f49f8e56f53ae28c1401cc2f528e451,426.74
4c3531886a0f7b2a3cd6987dc9c926c5eff8fd03,427.51
e6cc4ceff4e1d119f1779d1370ff99aaa2911f23,433.59
8c211dc36f541f385b3de99edda9779c3a81a4ed,421.04
25a4b0cf96a74ac71616775331327a2e9dc1e071,422.46
8876eef256458e680ac0d65b48371d8518140fc3,425.85
2660750b2e6691a2d5414f3f9f878b69a49539bb,426.12
2660750b2e6691a2d5414f3f9f878b69a49539bb,429.38
cf3676c534e92052acf870c71e2fa8fb9c060fe6,444.59
211a0b397d251f043e9b2c4815a7e452741dbd0b,423.61
56ddff90e7e8511d79ba6dd1217b61fb1d4bfd88,428.01
5011bb4521d2569b1a9fe19c6ebc0744eca04e93,426.10
e7ebe6999d28e37532f625cbca3552720cd1e612,434.41
5eecccd3eae2d7af9c8426473e9ee53bc01bc7c0,438.60
d24b485e252d9e86858207da7a57678d41d3f72c,430.15
45e787d054b2851e0f3607bab47e2c41496efe76,426.31
6b60af669bc6102f0328af330532986b8670f3ac,432.29
6c945b25b006e621a056c97ad75d80fcc04ff3fd,433.43
f607d8fcf01d7053b61b63aabfb8c4d7a0f7e02f,430.94
ed30e5c14b7ebdd2d9328150b65fadc09d833c71,423.33
ad405f99cb5f41fb311fa086dbd6762a8e84264d,424.70
211a0b397d251f043e9b2c4815a7e452741dbd0b,418.82
6b60af669bc6102f0328af330532986b8670f3ac,429.53
40a3cda062a8e856cd87b1f7b26d200d2c4980ec,423.61
57567c678cadb79fbc19b86e11391e325834dffb,423.16
d24b485e252d9e86858207da7a57678d41d3f72c,431.88
5eecccd3eae2d7af9c8426473e9ee53bc01bc7c0,431.08
916d5399a698ccf3eb2e0f02f4cad234fedec177,436.36
c4bb2a4933994931900cde164e517ff0e3a61353,419.71
c4bb2a4933994931900cde164e517ff0e3a61353,423.17
9379c7bcb28f20733f795b1ffbf8833944ca4b02,432.14
027c41520e029ae88e578cc9b28491a74d8bb25a,433.89
e6cc4ceff4e1d119f1779d1370ff99aaa2911f23,437.76
5011bb4521d2569b1a9fe19c6ebc0744eca04e93,426.54
28418f8335d2b359690e80e61d0081f4e892769c,427.94
48a63ff1edb2b35098ca14ff9e03733dd9fab0a6,428.67
02c9052198ffbab5140b78a84d68886b190aa5d3,437.19
4f2ff53293ce4afb609ff7cb8b2d2fd27240cb39,441.46
4d3ff3d8d5c59d73119f32b2fb8ad5992f546148,430.39
40a35750e655d5229744684086a9249b233058bf,430.71
28418f8335d2b359690e80e61d0081f4e892769c,426.10
bb4ead7c350695c1ed3c52d028090da4d4cecd1e,433.64
40a3cda062a8e856cd87b1f7b26d200d2c4980ec,445.83
36be16cd662f56ea0fc01bedf14c8651ed74776f,428.58
be3ff9a853ebcf1369adf22bbd43f6712b1f6fe8,436.76
0a79e4b5caaa7a885fbbe0a7775099edf92512af,431.83
9379c7bcb28f20733f795b1ffbf8833944ca4b02,428.92
79c672355bb31aa69c23d2dd1ed8cc3f89dd2844,426.44
027c41520e029ae88e578cc9b28491a74d8bb25a,429.67
5daa5a6229c51b0ddd442706efa29729ae28678a,430.19
c1d06490dce939b6ef82be14e61a01665b406fb0,429.00
97d203b3e70d9f2387fb6b11fb115b182e1f5e41,449.40
4a0e5a59e690f53f4fbeb16ef80ba5afe66bb744,425.07
56ddff90e7e8511d79ba6dd1217b61fb1d4bfd88,428.41
f0f3eab9c34cc32c6ad06a991fe572d243ca9e85,429.57
10cfa0465c9d48f6a3ce3f5996259e77b43fa858,429.00
6788a6daf22fc16c752cfa51d53b17a9436df1c0,435.10
3f67316f30614c43d14533ccc5246f7d964db70e,430.22
c1d06490dce939b6ef82be14e61a01665b406fb0,430.18
7199cf1e647fb410a4341c35f7007c5def4305e0,428.90
e7ebe6999d28e37532f625cbca3552720cd1e612,433.59
214c5686b075152d2bf8995731632080ed8f8e83,433.53
544281d17133045c19f52c1a0f3aa7b87ef7d231,427.68
57567c678cadb79fbc19b86e11391e325834dffb,425.70
03a2c1278a96a69a2866ba6de4a37b420f3f1a52,429.03
a3d03f9a1ffbc4e9ba5bcbe991ca6ac2e5207f6b,427.83
2cce405d1eed3536b222f830220ef32f5a2937d7,430.00
7eeb74d133625c8819ba8da52e37f4e4db4b8a26,424.01
f607d8fcf01d7053b61b63aabfb8c4d7a0f7e02f,429.44
8c07dc18a69efe2ea811d4c1ffe630b56e2d8629,434.95
f607d8fcf01d7053b61b63aabfb8c4d7a0f7e02f,434.44
6b60af669bc6102f0328af330532986b8670f3ac,435.12
496e6a1e56c3af11c8071820c74565bc55f1850d,425.70
f0f3eab9c34cc32c6ad06a991fe572d243ca9e85,428.27
2cce405d1eed3536b222f830220ef32f5a2937d7,425.21
6788a6daf22fc16c752cfa51d53b17a9436df1c0,424.62
5011bb4521d2569b1a9fe19c6ebc0744eca04e93,432.13
c4bb2a4933994931900cde164e517ff0e3a61353,425.51
93e9d84da0e87896aaaac14769eece487ba9e64d,427.14
4b9bd67fcac532d7c1ed9553015f3ce1da75cce0,422.14
27a52f90a25699bebe23ff1ff94d6db361fdb11d,434.15
be365c578e7b9a0214eafb468a0753133345854b,426.11
c1d06490dce939b6ef82be14e61a01665b406fb0,425.59
f0f3eab9c34cc32c6ad06a991fe572d243ca9e85,426.31
5daa5a6229c51b0ddd442706efa29729ae28678a,433.59
03a2c1278a96a69a2866ba6de4a37b420f3f1a52,429.42
79c672355bb31aa69c23d2dd1ed8cc3f89dd2844,425.83
03a2c1278a96a69a2866ba6de4a37b420f3f1a52,425.54
cf3676c534e92052acf870c71e2fa8fb9c060fe6,438.68
8c07dc18a69efe2ea811d4c1ffe630b56e2d8629,436.14
42a712e566064c971620061e46db1b77a5d4ef47,422.98
d24b485e252d9e86858207da7a57678d41d3f72c,438.59
3eb8a67876703682e4156b378871911870fcaad9,434.72
05ea09d373e05aa538793ba042148f83859d1402,427.75
6b0dd15b9542b184a55040de992e0140e613fec8,427.43
d2f4ea69702a20eb74cc0e43491fc156d0c88d6e,426.99
f607d8fcf01d7053b61b63aabfb8c4d7a0f7e02f,434.51
45e787d054b2851e0f3607bab47e2c41496efe76,428.23
48a63ff1edb2b35098ca14ff9e03733dd9fab0a6,424.61
c01af2290073af0ea42eb02dfe965b4cda58e112,424.02
5011bb4521d2569b1a9fe19c6ebc0744eca04e93,424.99
c4bb2a4933994931900cde164e517ff0e3a61353,426.02
77add7946ea5bca622b1f4f654f97e62f6db1e95,432.50
496e6a1e56c3af11c8071820c74565bc55f1850d,427.26
0c312ebdb813b1128061ba0d32b10f4a2e098c39,436.32
05ea09d373e05aa538793ba042148f83859d1402,448.53
02c9052198ffbab5140b78a84d68886b190aa5d3,443.24
27a52f90a25699bebe23ff1ff94d6db361fdb11d,437.47
62ea04e4d5cbf91b1b1a225c90b8077e6db27e58,424.28
d16c8ce6b4e37dc775b2c67280e239cc0a7e4e72,424.62
2ee1b79fc9920ca1aff9d0402b1fb548f47305a2,435.72
40a35750e655d5229744684086a9249b233058bf,431.99
3ff2694aa22c5e12bbc67b9d7ddf736a9cb82e5d,421.86
bb4ead7c350695c1ed3c52d028090da4d4cecd1e,437.72
ad405f99cb5f41fb311fa086dbd6762a8e84264d,421.08
6c945b25b006e621a056c97ad75d80fcc04ff3fd,426.27
e2c62cdc3cc8f265af6ea100b60964ac6336d6e2,424.40
42a712e566064c971620061e46db1b77a5d4ef47,425.55
19f2541e9dad74a7e734225f3d1b598324a6ea49,431.20
27a52f90a25699bebe23ff1ff94d6db361fdb11d,442.94
ba5d66010db39205e29289ae81122fc85299d145,439.05
6cff72ab387d211de65567d7537a73d81a37fd69,426.46
03a2c1278a96a69a2866ba6de4a37b420f3f1a52,428.86
6cff72ab387d211de65567d7537a73d81a37fd69,430.96
6c945b25b006e621a056c97ad75d80fcc04ff3fd,429.39
6c2032dc6cc1b502c88cad8964d59b668039c3db,433.78
3ff2694aa22c5e12bbc67b9d7ddf736a9cb82e5d,427.00
d24b485e252d9e86858207da7a57678d41d3f72c,432.17
3d145b3543cd972b2f169cf29f650230f193d449,425.03
2cce405d1eed3536b222f830220ef32f5a2937d7,423.31
027c41520e029ae88e578cc9b28491a74d8bb25a,430.34
c1d06490dce939b6ef82be14e61a01665b406fb0,426.44
f607d8fcf01d7053b61b63aabfb8c4d7a0f7e02f,431.19
02c9052198ffbab5140b78a84d68886b190aa5d3,431.20
4c3531886a0f7b2a3cd6987dc9c926c5eff8fd03,432.00
56ddff90e7e8511d79ba6dd1217b61fb1d4bfd88,424.51
d2f4ea69702a20eb74cc0e43491fc156d0c88d6e,432.83
ba5d66010db39205e29289ae81122fc85299d145,424.92
8c211dc36f541f385b3de99edda9779c3a81a4ed,425.02
c5898f198d035c91138a68f75206006ca466fe7c,422.30
6b0dd15b9542b184a55040de992e0140e613fec8,423.29
c01af2290073af0ea42eb02dfe965b4cda58e112,428.50
6cff72ab387d211de65567d7537a73d81a37fd69,434.60
42a712e566064c971620061e46db1b77a5d4ef47,430.90
b044a777b1b967e249045a330c3112f079e9d65a,427.35
ad203677d7d98af76d29ac8938dcdc7751ef14cc,424.96
0831a08ea788e93c68159318fe8880d435d40c23,429.86
62ea04e4d5cbf91b1b1a225c90b8077e6db27e58,424.27
be3ff9a853ebcf1369adf22bbd43f6712b1f6fe8,427.50
211a0b397d251f043e9b2c4815a7e452741dbd0b,423.79
6c945b25b006e621a056c97ad75d80fcc04ff3fd,439.76
27a52f90a25699bebe23ff1ff94d6db361fdb11d,432.30
8c211dc36f541f385b3de99edda9779c3a81a4ed,422.42
27a52f90a25699bebe23ff1ff94d6db361fdb11d,432.54
6c2032dc6cc1b502c88cad8964d59b668039c3db,436.39
3f67316f30614c43d14533ccc5246f7d964db70e,427.09
f74286ba358ec9c7e46778e0ce6edd7dd0143e72,428.05
4cfd3c373f49f8e56f53ae28c1401cc2f528e451,422.57
fcab98cdd311deb3dd4fd63fef2bc6c4c397f186,434.41
3d145b3543cd972b2f169cf29f650230f193d449,424.44
4d3ff3d8d5c59d73119f32b2fb8ad5992f546148,428.61
0081d162cca8ad23b500b53799195fec644f261b,437.07
a52e669ca8bc48265accd57d610c0258f7891841,427.61
a52e669ca8bc48265accd57d610c0258f7891841,432.56
ed30e5c14b7ebdd2d9328150b65fadc09d833c71,428.45
982e4f96560dadd33e627a1ecea7557f08745d98,434.41
6c2032dc6cc1b502c88cad8964d59b668039c3db,429.91
c4bb2a4933994931900cde164e517ff0e3a61353,425.77
5011bb4521d2569b1a9fe19c6ebc0744eca04e93,428.88
c01af2290073af0ea42eb02dfe965b4cda58e112,426.88
6788a6daf22fc16c752cfa51d53b17a9436df1c0,435.60
03a2c1278a96a69a2866ba6de4a37b420f3f1a52,428.75
c5898f198d035c91138a68f75206006ca466fe7c,427.74
8fd43ac4b96f669d6bcb51d97b19a43b0e92d7ce,428.18
671e03b570f586b6583feb1ee3ddb5d5c62bd50c,422.71
4f2ff53293ce4afb609ff7cb8b2d2fd27240cb39,430.89
f607d8fcf01d7053b61b63aabfb8c4d7a0f7e02f,437.97
6b0dd15b9542b184a55040de992e0140e613fec8,418.31
97d203b3e70d9f2387fb6b11fb115b182e1f5e41,438.22
4d3ff3d8d5c59d73119f32b2fb8ad5992f546148,429.51
b044a777b1b967e249045a330c3112f079e9d65a,425.46
0081d162cca8ad23b500b53799195fec644f261b,429.36
847e03ecfe09ae074844e5821ee185cd8c581f42,428.33
45e787d054b2851e0f3607bab47e2c41496efe76,429.08
5011bb4521d2569b1a9fe19c6ebc0744eca04e93,429.47
f607d8fcf01d7053b61b63aabfb8c4d7a0f7e02f,428.93
b044a777b1b967e249045a330c3112f079e9d65a,421.83
544281d17133045c19f52c1a0f3aa7b87ef7d231,425.61
0a79e4b5caaa7a885fbbe0a7775099edf92512af,432.92
62ea04e4d5cbf91b1b1a225c90b8077e6db27e58,428.21
40a35750e655d5229744684086a9249b233058bf,434.67
0a79e4b5caaa7a885fbbe0a7775099edf92512af,436.11
2ee1b79fc9920ca1aff9d0402b1fb548f47305a2,440.24
bb4ead7c350695c1ed3c52d028090da4d4cecd1e,435.65
b044a777b1b967e249045a330c3112f079e9d65a,425.54
4b9bd67fcac532d7c1ed9553015f3ce1da75cce0,425.71
0081d162cca8ad23b500b53799195fec644f261b,438.04
2ee1b79fc9920ca1aff9d0402b1fb548f47305a2,428.46
14db439cfb817b8869bcd6f603960040059d9643,433.72
0081d162cca8ad23b500b53799195fec644f261b,437.74
4f2ff53293ce4afb609ff7cb8b2d2fd27240cb39,422.69
4a0e5a59e690f53f4fbeb16ef80ba5afe66bb744,428.80
40a3cda062a8e856cd87b1f7b26d200d2c4980ec,432.11
77add7946ea5bca622b1f4f654f97e62f6db1e95,431.30
cf3676c534e92052acf870c71e2fa8fb9c060fe6,435.78
79c672355bb31aa69c23d2dd1ed8cc3f89dd2844,424.33
4d3ff3d8d5c59d73119f32b2fb8ad5992f546148,428.37
af580c310cab08ed637afb235c22a83bb71f4f9a,425.35
f992e41708287a8251dc9d92ce9db874e0e8f076,428.95
fcab98cdd311deb3dd4fd63fef2bc6c4c397f186,427.46
c01af2290073af0ea42eb02dfe965b4cda58e112,431.32
77add7946ea5bca622b1f4f654f97e62f6db1e95,428.27
7eeb74d133625c8819ba8da52e37f4e4db4b8a26,432.06
7520dee7b688bdab536bfd76fca47a65316d2147,425.83
57567c678cadb79fbc19b86e11391e325834dffb,427.32
6788a6daf22fc16c752cfa51d53b17a9436df1c0,429.27
8c211dc36f541f385b3de99edda9779c3a81a4ed,424.78
79c672355bb31aa69c23d2dd1ed8cc3f89dd2844,430.49
57567c678cadb79fbc19b86e11391e325834dffb,420.84
36be16cd662f56ea0fc01bedf14c8651ed74776f,420.28
25a4b0cf96a74ac71616775331327a2e9dc1e071,426.39
14db439cfb817b8869bcd6f603960040059d9643,426.57
5011bb4521d2569b1a9fe19c6ebc0744eca04e93,424.90
ba5d66010db39205e29289ae81122fc85299d145,429.96
62ea04e4d5cbf91b1b1a225c90b8077e6db27e58,425.63
7199cf1e647fb410a4341c35f7007c5def4305e0,423.19
fcab98cdd311deb3dd4fd63fef2bc6c4c397f186,433.20
0831a08ea788e93c68159318fe8880d435d40c23,421.43
48a63ff1edb2b35098ca14ff9e03733dd9fab0a6,422.92
d2f4ea69702a20eb74cc0e43491fc156d0c88d6e,439.37
8c211dc36f541f385b3de99edda9779c3a81a4ed,421.93
8fae12eb11d6474061e189e184fa3cd170c735db,433.58
ac809a4a5e816e69ede5f18005a519f0436a31c3,421.68
0a79e4b5caaa7a885fbbe0a7775099edf92512af,427.62
05ea09d373e05aa538793ba042148f83859d1402,432.75
4f2ff53293ce4afb609ff7cb8b2d2fd27240cb39,431.65
40a3cda062a8e856cd87b1f7b26d200d2c4980ec,423.74
36be16cd662f56ea0fc01bedf14c8651ed74776f,427.45
3d145b3543cd972b2f169cf29f650230f193d449,431.37
d24b485e252d9e86858207da7a57678d41d3f72c,431.89
2660750b2e6691a2d5414f3f9f878b69a49539bb,436.35
f607d8fcf01d7053b61b63aabfb8c4d7a0f7e02f,430.17
fcab98cdd311deb3dd4fd63fef2bc6c4c397f186,432.41
3ff2694aa22c5e12bbc67b9d7ddf736a9cb82e5d,432.69
40a3cda062a8e856cd87b1f7b26d200d2c4980ec,427.57
ad203677d7d98af76d29ac8938dcdc7751ef14cc,421.57
e2c62cdc3cc8f265af6ea100b60964ac6336d6e2,430.15
671e03b570f586b6583feb1ee3ddb5d5c62bd50c,425.42
4b9bd67fcac532d7c1ed9553015f3ce1da75cce0,420.74
10cfa0465c9d48f6a3ce3f5996259e77b43fa858,437.13
d24b485e252d9e86858207da7a57678d41d3f72c,428.76
bb4ead7c350695c1ed3c52d028090da4d4cecd1e,439.02
8fd43ac4b96f669d6bcb51d97b19a43b0e92d7ce,425.69
8c211dc36f541f385b3de99edda9779c3a81a4ed,419.44
4cfd3c373f49f8e56f53ae28c1401cc2f528e451,432.42
45e787d054b2851e0f3607bab47e2c41496efe76,426.00
af580c310cab08ed637afb235c22a83bb71f4f9a,437.43
027c41520e029ae88e578cc9b28491a74d8bb25a,435.15
e6cc4ceff4e1d119f1779d1370ff99aaa2911f23,436.92
0c312ebdb813b1128061ba0d32b10f4a2e098c39,431.64
c5898f198d035c91138a68f75206006ca466fe7c,434.68
9379c7bcb28f20733f795b1ffbf8833944ca4b02,427.33
ad405f99cb5f41fb311fa086dbd6762a8e84264d,421.40
847e03ecfe09ae074844e5821ee185cd8c581f42,429.16
8fd43ac4b96f669d6bcb51d97b19a43b0e92d7ce,432.09
4c3531886a0f7b2a3cd6987dc9c926c5eff8fd03,424.53
fcab98cdd311deb3dd4fd63fef2bc6c4c397f186,429.75
28418f8335d2b359690e80e61d0081f4e892769c,426.03
2cce405d1eed3536b222f830220ef32f5a2937d7,425.57
a3d03f9a1ffbc4e9ba5bcbe991ca6ac2e5207f6b,431.15
28418f8335d2b359690e80e61d0081f4e892769c,434.16
40a3cda062a8e856cd87b1f7b26d200d2c4980ec,425.72
4cfd3c373f49f8e56f53ae28c1401cc2f528e451,420.76
c1d06490dce939b6ef82be14e61a01665b406fb0,426.43
847e03ecfe09ae074844e5821ee185cd8c581f42,425.65
4d3ff3d8d5c59d73119f32b2fb8ad5992f546148,430.47
6b60af669bc6102f0328af330532986b8670f3ac,426.94
2cce405d1eed3536b222f830220ef32f5a2937d7,430.21
496e6a1e56c3af11c8071820c74565bc55f1850d,427.29
2ee1b79fc9920ca1aff9d0402b1fb548f47305a2,429.37
5eecccd3eae2d7af9c8426473e9ee53bc01bc7c0,435.79
97d203b3e70d9f2387fb6b11fb115b182e1f5e41,432.92
f74286ba358ec9c7e46778e0ce6edd7dd0143e72,425.73
4b9bd67fcac532d7c1ed9553015f3ce1da75cce0,425.07
aec561f3328980182f299e61eaae45420245141b,434.32
d2f4ea69702a20eb74cc0e43491fc156d0c88d6e,430.51
6c2032dc6cc1b502c88cad8964d59b668039c3db,440.11
8c07dc18a69efe2ea811d4c1ffe630b56e2d8629,435.25
027c41520e029ae88e578cc9b28491a74d8bb25a,435.86
3ff2694aa22c5e12bbc67b9d7ddf736a9cb82e5d,435.72
7199cf1e647fb410a4341c35f7007c5def4305e0,439.46
40a3cda062a8e856cd87b1f7b26d200d2c4980ec,420.96
d24b485e252d9e86858207da7a57678d41d3f72c,439.58
28418f8335d2b359690e80e61d0081f4e892769c,428.63
6cff72ab387d211de65567d7537a73d81a37fd69,427.74
b044a777b1b967e249045a330c3112f079e9d65a,429.54
8876eef256458e680ac0d65b48371d8518140fc3,425.56
3ff2694aa22c5e12bbc67b9d7ddf736a9cb82e5d,430.48
116866284b8068c817ad53b2b611568a7be25090,428.74
027c41520e029ae88e578cc9b28491a74d8bb25a,432.56
8c07dc18a69efe2ea811d4c1ffe630b56e2d8629,437.93
fcab98cdd311deb3dd4fd63fef2bc6c4c397f186,429.03
8fae12eb11d6474061e189e184fa3cd170c735db,424.95
2cce405d1eed3536b222f830220ef32f5a2937d7,436.57
3d145b3543cd972b2f169cf29f650230f193d449,432.57
25a4b0cf96a74ac71616775331327a2e9dc1e071,432.73
36be16cd662f56ea0fc01bedf14c8651ed74776f,434.58
ec69d09deb79468edde57456c0f79c19128e19e1,428.03
7520dee7b688bdab536bfd76fca47a65316d2147,437.87
544281d17133045c19f52c1a0f3aa7b87ef7d231,424.20
f992e41708287a8251dc9d92ce9db874e0e8f076,428.95
77add7946ea5bca622b1f4f654f97e62f6db1e95,433.54
496e6a1e56c3af11c8071820c74565bc55f1850d,430.17
6b0dd15b9542b184a55040de992e0140e613fec8,419.18
40a3cda062a8e856cd87b1f7b26d200d2c4980ec,424.79
f74286ba358ec9c7e46778e0ce6edd7dd0143e72,429.56
4a0e5a59e690f53f4fbeb16ef80ba5afe66bb744,433.14
544281d17133045c19f52c1a0f3aa7b87ef7d231,428.42
0081d162cca8ad23b500b53799195fec644f261b,430.90
56ddff90e7e8511d79ba6dd1217b61fb1d4bfd88,426.88
fcab98cdd311deb3dd4fd63fef2bc6c4c397f186,430.74
af580c310cab08ed637afb235c22a83bb71f4f9a,422.64
77add7946ea5bca622b1f4f654f97e62f6db1e95,435.74
e6cc4ceff4e1d119f1779d1370ff99aaa2911f23,434.69
40a3cda062a8e856cd87b1f7b26d200d2c4980ec,436.23
4d3ff3d8d5c59d73119f32b2fb8ad5992f546148,443.40
671e03b570f586b6583feb1ee3ddb5d5c62bd50c,428.50
27a52f90a25699bebe23ff1ff94d6db361fdb11d,433.15
c1d06490dce939b6ef82be14e61a01665b406fb0,425.85
7520dee7b688bdab536bfd76fca47a65316d2147,427.62
e6cc4ceff4e1d119f1779d1370ff99aaa2911f23,435.07
3f67316f30614c43d14533ccc5246f7d964db70e,430.10
be365c578e7b9a0214eafb468a0753133345854b,427.83
6c945b25b006e621a056c97ad75d80fcc04ff3fd,437.33
2cce405d1eed3536b222f830220ef32f5a2937d7,426.84
ad405f99cb5f41fb311fa086dbd6762a8e84264d,420.25
6788a6daf22fc16c752cfa51d53b17a9436df1c0,429.73
bb4ead7c350695c1ed3c52d028090da4d4cecd1e,432.07
42a712e566064c971620061e46db1b77a5d4ef47,423.98
c5898f198d035c91138a68f75206006ca466fe7c,426.28
c5898f198d035c91138a68f75206006ca466fe7c,427.04
d24b485e252d9e86858207da7a57678d41d3f72c,432.67
0c312ebdb813b1128061ba0d32b10f4a2e098c39,431.97
28418f8335d2b359690e80e61d0081f4e892769c,425.34
19f2541e9dad74a7e734225f3d1b598324a6ea49,428.26
5eecccd3eae2d7af9c8426473e9ee53bc01bc7c0,436.53
6cff72ab387d211de65567d7537a73d81a37fd69,436.04
e2c62cdc3cc8f265af6ea100b60964ac6336d6e2,422.94
ba5d66010db39205e29289ae81122fc85299d145,430.09
ba5d66010db39205e29289ae81122fc85299d145,428.28
d2f4ea69702a20eb74cc0e43491fc156d0c88d6e,423.67
f74286ba358ec9c7e46778e0ce6edd7dd0143e72,427.74
ec69d09deb79468edde57456c0f79c19128e19e1,429.78
2660750b2e6691a2d5414f3f9f878b69a49539bb,431.59
4a0e5a59e690f53f4fbeb16ef80ba5afe66bb744,430.60
916d5399a698ccf3eb2e0f02f4cad234fedec177,432.47
8fd43ac4b96f669d6bcb51d97b19a43b0e92d7ce,426.07
03a2c1278a96a69a2866ba6de4a37b420f3f1a52,423.92
45e787d054b2851e0f3607bab47e2c41496efe76,436.95
982e4f96560dadd33e627a1ecea7557f08745d98,437.07
45e787d054b2851e0f3607bab47e2c41496efe76,425.83
97d203b3e70d9f2387fb6b11fb115b182e1f5e41,433.64
3d145b3543cd972b2f169cf29f650230f193d449,428.27
ad405f99cb5f41fb311fa086dbd6762a8e84264d,421.24
371eaf76270b0aea4340c7e9359f02252074b007,434.56
ac809a4a5e816e69ede5f18005a519f0436a31c3,422.67
aec561f3328980182f299e61eaae45420245141b,428.36
e6cc4ceff4e1d119f1779d1370ff99aaa2911f23,435.27
2cce405d1eed3536b222f830220ef32f5a2937d7,428.02
5eecccd3eae2d7af9c8426473e9ee53bc01bc7c0,431.33
af580c310cab08ed637afb235c22a83bb71f4f9a,424.28
3eb8a67876703682e4156b378871911870fcaad9,427.81
e7ebe6999d28e37532f625cbca3552720cd1e612,441.51
a3d03f9a1ffbc4e9ba5bcbe991ca6ac2e5207f6b,437.44
25a4b0cf96a74ac71616775331327a2e9dc1e071,427.38
05ea09d373e05aa538793ba042148f83859d1402,436.76
ec69d09deb79468edde57456c0f79c19128e19e1,427.44
6c2032dc6cc1b502c88cad8964d59b668039c3db,436.74
af580c310cab08ed637afb235c22a83bb71f4f9a,422.83
916d5399a698ccf3eb2e0f02f4cad234fedec177,431.32
02c9052198ffbab5140b78a84d68886b190aa5d3,435.11
4cfd3c373f49f8e56f53ae28c1401cc2f528e451,430.86
4a0e5a59e690f53f4fbeb16ef80ba5afe66bb744,431.62
77add7946ea5bca622b1f4f654f97e62f6db1e95,430.27
6788a6daf22fc16c752cfa51d53b17a9436df1c0,422.79
02c9052198ffbab5140b78a84d68886b190aa5d3,432.87
7eeb74d133625c8819ba8da52e37f4e4db4b8a26,433.88
3f67316f30614c43d14533ccc5246f7d964db70e,423.81
847e03ecfe09ae074844e5821ee185cd8c581f42,425.21
0a79e4b5caaa7a885fbbe0a7775099edf92512af,435.79
0c312ebdb813b1128061ba0d32b10f4a2e098c39,426.98
116866284b8068c817ad53b2b611568a7be25090,425.99
211a0b397d251f043e9b2c4815a7e452741dbd0b,423.31
77add7946ea5bca622b1f4f654f97e62f6db1e95,440.13
0a79e4b5caaa7a885fbbe0a7775099edf92512af,432.99
ec69d09deb79468edde57456c0f79c19128e19e1,422.21
36be16cd662f56ea0fc01bedf14c8651ed74776f,426.53
4f2ff53293ce4afb609ff7cb8b2d2fd27240cb39,435.05
4f2ff53293ce4afb609ff7cb8b2d2fd27240cb39,424.12
ed30e5c14b7ebdd2d9328150b65fadc09d833c71,435.50
f992e41708287a8251dc9d92ce9db874e0e8f076,425.68
27a52f90a25699bebe23ff1ff94d6db361fdb11d,435.92
e7ebe6999d28e37532f625cbca3552720cd1e612,434.67
40a35750e655d5229744684086a9249b233058bf,436.80
14db439cfb817b8869bcd6f603960040059d9643,427.65
28418f8335d2b359690e80e61d0081f4e892769c,428.46
9379c7bcb28f20733f795b1ffbf8833944ca4b02,438.13
42a712e566064c971620061e46db1b77a5d4ef47,425.51
5daa5a6229c51b0ddd442706efa29729ae28678a,429.93
62ea04e4d5cbf91b1b1a225c90b8077e6db27e58,427.13
48a63ff1edb2b35098ca14ff9e03733dd9fab0a6,422.30
6b0dd15b9542b184a55040de992e0140e613fec8,428.14
0a79e4b5caaa7a885fbbe0a7775099edf92512af,432.55
f0f3eab9c34cc32c6ad06a991fe572d243ca9e85,425.73
0081d162cca8ad23b500b53799195fec644f261b,434.17
57567c678cadb79fbc19b86e11391e325834dffb,430.06
42a712e566064c971620061e46db1b77a5d4ef47,425.64
2cce405d1eed3536b222f830220ef32f5a2937d7,431.76
a3d03f9a1ffbc4e9ba5bcbe991ca6ac2e5207f6b,430.64
2ee1b79fc9920ca1aff9d0402b1fb548f47305a2,427.66
56ddff90e7e8511d79ba6dd1217b61fb1d4bfd88,425.94
e6cc4ceff4e1d119f1779d1370ff99aaa2911f23,445.38
fcab98cdd311deb3dd4fd63fef2bc6c4c397f186,434.63
3d145b3543cd972b2f169cf29f650230f193d449,425.09
bb4ead7c350695c1ed3c52d028090da4d4cecd1e,434.88
f992e41708287a8251dc9d92ce9db874e0e8f076,430.77
28418f8335d2b359690e80e61d0081f4e892769c,427.44
af580c310cab08ed637afb235c22a83bb71f4f9a,424.76
ed30e5c14b7ebdd2d9328150b65fadc09d833c71,428.53
36be16cd662f56ea0fc01bedf14c8651ed74776f,425.96
5daa5a6229c51b0ddd442706efa29729ae28678a,425.38
e6cc4ceff4e1d119f1779d1370ff99aaa2911f23,434.10
8c211dc36f541f385b3de99edda9779c3a81a4ed,420.88
371eaf76270b0aea4340c7e9359f02252074b007,433.55
8876eef256458e680ac0d65b48371d8518140fc3,428.66
ba5d66010db39205e29289ae81122fc85299d145,423.62
57567c678cadb79fbc19b86e11391e325834dffb,427.76
45e787d054b2851e0f3607bab47e2c41496efe76,425.60
5eecccd3eae2d7af9c8426473e9ee53bc01bc7c0,430.92
f0f3eab9c34cc32c6ad06a991fe572d243ca9e85,439.81
0081d162cca8ad23b500b53799195fec644f261b,433.64
4f2ff53293ce4afb609ff7cb8b2d2fd27240cb39,422.10
496e6a1e56c3af11c8071820c74565bc55f1850d,424.11
2660750b2e6691a2d5414f3f9f878b69a49539bb,429.27
8c07dc18a69efe2ea811d4c1ffe630b56e2d8629,435.91
0a79e4b5caaa7a885fbbe0a7775099edf92512af,430.49
6b0dd15b9542b184a55040de992e0140e613fec8,427.41
4a0e5a59e690f53f4fbeb16ef80ba5afe66bb744,421.75
b044a777b1b967e249045a330c3112f079e9d65a,428.95
847e03ecfe09ae074844e5821ee185cd8c581f42,428.50
f607d8fcf01d7053b61b63aabfb8c4d7a0f7e02f,431.82
544281d17133045c19f52c1a0f3aa7b87ef7d231,438.34
9379c7bcb28f20733f795b1ffbf8833944ca4b02,430.69
5eecccd3eae2d7af9c8426473e9ee53bc01bc7c0,428.63
d16c8ce6b4e37dc775b2c67280e239cc0a7e4e72,428.44
f74286ba358ec9c7e46778e0ce6edd7dd0143e72,427.19
c1d06490dce939b6ef82be14e61a01665b406fb0,428.49
5daa5a6229c51b0ddd442706efa29729ae28678a,426.60
fcab98cdd311deb3dd4fd63fef2bc6c4c397f186,425.31
6b60af669bc6102f0328af330532986b8670f3ac,430.84
c4bb2a4933994931900cde164e517ff0e3a61353,425.84
42a712e566064c971620061e46db1b77a5d4ef47,434.19
fcab98cdd311deb3dd4fd63fef2bc6c4c397f186,426.44
2660750b2e6691a2d5414f3f9f878b69a49539bb,434.31
93e9d84da0e87896aaaac14769eece487ba9e64d,431.23
25a4b0cf96a74ac71616775331327a2e9dc1e071,436.81
847e03ecfe09ae074844e5821ee185cd8c581f42,428.53
c4bb2a4933994931900cde164e517ff0e3a61353,421.74
916d5399a698ccf3eb2e0f02f4cad234fedec177,439.06
3f67316f30614c43d14533ccc5246f7d964db70e,425.55
af580c310cab08ed637afb235c22a83bb71f4f9a,422.88
28418f8335d2b359690e80e61d0081f4e892769c,431.88
6c2032dc6cc1b502c88cad8964d59b668039c3db,444.49
aec561f3328980182f299e61eaae45420245141b,433.93
be365c578e7b9a0214eafb468a0753133345854b,429.68
fcab98cdd311deb3dd4fd63fef2bc6c4c397f186,425.17
3d145b3543cd972b2f169cf29f650230f193d449,444.00
7520dee7b688bdab536bfd76fca47a65316d2147,432.40
671e03b570f586b6583feb1ee3ddb5d5c62bd50c,422.65
27a52f90a25699bebe23ff1ff94d6db361fdb11d,433.29
214c5686b075152d2bf8995731632080ed8f8e83,435.37
671e03b570f586b6583feb1ee3ddb5d5c62bd50c,424.44
c01af2290073af0ea42eb02dfe965b4cda58e112,425.83
6c2032dc6cc1b502c88cad8964d59b668039c3db,437.42
6b0dd15b9542b184a55040de992e0140e613fec8,422.55
36be16cd662f56ea0fc01bedf14c8651ed74776f,429.46
c01af2290073af0ea42eb02dfe965b4cda58e112,429.31
45e787d054b2851e0f3607bab47e2c41496efe76,427.98
62ea04e4d5cbf91b1b1a225c90b8077e6db27e58,429.10
3ff2694aa22c5e12bbc67b9d7ddf736a9cb82e5d,427.18
02c9052198ffbab5140b78a84d68886b190aa5d3,433.88
e2c62cdc3cc8f265af6ea100b60964ac6336d6e2,427.06
ac809a4a5e816e69ede5f18005a519f0436a31c3,422.36
79c672355bb31aa69c23d2dd1ed8cc3f89dd2844,427.11
5011bb4521d2569b1a9fe19c6ebc0744eca04e93,425.88
e6cc4ceff4e1d119f1779d1370ff99aaa2911f23,438.35
ad405f99cb5f41fb311fa086dbd6762a8e84264d,422.55
97d203b3e70d9f2387fb6b11fb115b182e1f5e41,443.80
0081d162cca8ad23b500b53799195fec644f261b,434.63
cf3676c534e92052acf870c71e2fa8fb9c060fe6,434.42
0a79e4b5caaa7a885fbbe0a7775099edf92512af,431.06
ad405f99cb5f41fb311fa086dbd6762a8e84264d,422.70
a52e669ca8bc48265accd57d610c0258f7891841,425.60
25a4b0cf96a74ac71616775331327a2e9dc1e071,428.07
be365c578e7b9a0214eafb468a0753133345854b,426.47
3eb8a67876703682e4156b378871911870fcaad9,431.50
93e9d84da0e87896aaaac14769eece487ba9e64d,433.37
ba5d66010db39205e29289ae81122fc85299d145,424.97
36be16cd662f56ea0fc01bedf14c8651ed74776f,423.87
671e03b570f586b6583feb1ee3ddb5d5c62bd50c,427.77
a52e669ca8bc48265accd57d610c0258f7891841,426.74
6b60af669bc6102f0328af330532986b8670f3ac,433.57
a3d03f9a1ffbc4e9ba5bcbe991ca6ac2e5207f6b,431.43
af580c310cab08ed637afb235c22a83bb71f4f9a,425.07
0831a08ea788e93c68159318fe8880d435d40c23,423.16
3f67316f30614c43d14533ccc5246f7d964db70e,429.77
3ff2694aa22c5e12bbc67b9d7ddf736a9cb82e5d,423.27
4c3531886a0f7b2a3cd6987dc9c926c5eff8fd03,429.54
982e4f96560dadd33e627a1ecea7557f08745d98,430.62
57567c678cadb79fbc19b86e11391e325834dffb,422.75
ba5d66010db39205e29289ae81122fc85299d145,422.87
a52e669ca8bc48265accd57d610c0258f7891841,432.09
6c945b25b006e621a056c97ad75d80fcc04ff3fd,426.28
8c07dc18a69efe2ea811d4c1ffe630b56e2d8629,440.07
be3ff9a853ebcf1369adf22bbd43f6712b1f6fe8,428.35
03a2c1278a96a69a2866ba6de4a37b420f3f1a52,427.43
3ff2694aa22c5e12bbc67b9d7ddf736a9cb82e5d,424.93
116866284b8068c817ad53b2b611568a7be25090,427.71
cf3676c534e92052acf870c71e2fa8fb9c060fe6,437.86
ad405f99cb5f41fb311fa086dbd6762a8e84264d,423.68
36be16cd662f56ea0fc01bedf14c8651ed74776f,426.72
d24b485e252d9e86858207da7a57678d41d3f72c,428.73
4f2ff53293ce4afb609ff7cb8b2d2fd27240cb39,422.01
8c07dc18a69efe2ea811d4c1ffe630b56e2d8629,435.06
af580c310cab08ed637afb235c22a83bb71f4f9a,424.60
28418f8335d2b359690e80e61d0081f4e892769c,435.85
6c2032dc6cc1b502c88cad8964d59b668039c3db,431.18
8c07dc18a69efe2ea811d4c1ffe630b56e2d8629,429.68
5eecccd3eae2d7af9c8426473e9ee53bc01bc7c0,427.19
e6cc4ceff4e1d119f1779d1370ff99aaa2911f23,435.02
e6cc4ceff4e1d119f1779d1370ff99aaa2911f23,436.53
c4bb2a4933994931900cde164e517ff0e3a61353,423.00
d24b485e252d9e86858207da7a57678d41d3f72c,429.58
4a0e5a59e690f53f4fbeb16ef80ba5afe66bb744,427.16
f992e41708287a8251dc9d92ce9db874e0e8f076,433.04
8c07dc18a69efe2ea811d4c1ffe630b56e2d8629,435.29
05ea09d373e05aa538793ba042148f83859d1402,439.53
ba5d66010db39205e29289ae81122fc85299d145,423.86
5daa5a6229c51b0ddd442706efa29729ae28678a,433.90
4cfd3c373f49f8e56f53ae28c1401cc2f528e451,425.23
d16c8ce6b4e37dc775b2c67280e239cc0a7e4e72,428.20
4d3ff3d8d5c59d73119f32b2fb8ad5992f546148,426.89
f992e41708287a8251dc9d92ce9db874e0e8f076,428.16
2ee1b79fc9920ca1aff9d0402b1fb548f47305a2,431.44
03a2c1278a96a69a2866ba6de4a37b420f3f1a52,430.85
6b60af669bc6102f0328af330532986b8670f3ac,435.23
6c2032dc6cc1b502c88cad8964d59b668039c3db,433.91
97d203b3e70d9f2387fb6b11fb115b182e1f5e41,437.35
8c211dc36f541f385b3de99edda9779c3a81a4ed,426.48
7199cf1e647fb410a4341c35f7007c5def4305e0,426.63
f992e41708287a8251dc9d92ce9db874e0e8f076,427.15
6b0dd15b9542b184a55040de992e0140e613fec8,434.06
77add7946ea5bca622b1f4f654f97e62f6db1e95,431.29
40a35750e655d5229744684086a9249b233058bf,426.61
211a0b397d251f043e9b2c4815a7e452741dbd0b,422.40
a52e669ca8bc48265accd57d610c0258f7891841,429.08
8c07dc18a69efe2ea811d4c1ffe630b56e2d8629,436.22
aec561f3328980182f299e61eaae45420245141b,428.44
7199cf1e647fb410a4341c35f7007c5def4305e0,431.00
ed30e5c14b7ebdd2d9328150b65fadc09d833c71,424.07
116866284b8068c817ad53b2b611568a7be25090,432.25
27a52f90a25699bebe23ff1ff94d6db361fdb11d,433.50
56ddff90e7e8511d79ba6dd1217b61fb1d4bfd88,429.02
be3ff9a853ebcf1369adf22bbd43f6712b1f6fe8,429.33
116866284b8068c817ad53b2b611568a7be25090,424.42
4d3ff3d8d5c59d73119f32b2fb8ad5992f546148,431.50
40a3cda062a8e856cd87b1f7b26d200d2c4980ec,431.34
4d3ff3d8d5c59d73119f32b2fb8ad5992f546148,433.50
6cff72ab387d211de65567d7537a73d81a37fd69,428.14
14db439cfb817b8869bcd6f603960040059d9643,442.32
7eeb74d133625c8819ba8da52e37f4e4db4b8a26,423.51
e2c62cdc3cc8f265af6ea100b60964ac6336d6e2,420.30
be3ff9a853ebcf1369adf22bbd43f6712b1f6fe8,429.25
48a63ff1edb2b35098ca14ff9e03733dd9fab0a6,429.41
6b0dd15b9542b184a55040de992e0140e613fec8,422.96
be3ff9a853ebcf1369adf22bbd43f6712b1f6fe8,434.64
28418f8335d2b359690e80e61d0081f4e892769c,426.46
371eaf76270b0aea4340c7e9359f02252074b007,429.93
c4bb2a4933994931900cde164e517ff0e3a61353,425.46
c1d06490dce939b6ef82be14e61a01665b406fb0,428.67
f0f3eab9c34cc32c6ad06a991fe572d243ca9e85,424.33
f992e41708287a8251dc9d92ce9db874e0e8f076,426.47
8876eef256458e680ac0d65b48371d8518140fc3,424.30
7199cf1e647fb410a4341c35f7007c5def4305e0,424.82
aec561f3328980182f299e61eaae45420245141b,430.25
93e9d84da0e87896aaaac14769eece487ba9e64d,440.37
62ea04e4d5cbf91b1b1a225c90b8077e6db27e58,425.02
ba5d66010db39205e29289ae81122fc85299d145,424.06
48a63ff1edb2b35098ca14ff9e03733dd9fab0a6,422.40
40a3cda062a8e856cd87b1f7b26d200d2c4980ec,427.83
0081d162cca8ad23b500b53799195fec644f261b,432.10
79c672355bb31aa69c23d2dd1ed8cc3f89dd2844,433.31
0831a08ea788e93c68159318fe8880d435d40c23,426.39
e2c62cdc3cc8f265af6ea100b60964ac6336d6e2,429.58
f74286ba358ec9c7e46778e0ce6edd7dd0143e72,431.17
ec69d09deb79468edde57456c0f79c19128e19e1,425.14
116866284b8068c817ad53b2b611568a7be25090,435.45
7eeb74d133625c8819ba8da52e37f4e4db4b8a26,424.64
5eecccd3eae2d7af9c8426473e9ee53bc01bc7c0,429.50
02c9052198ffbab5140b78a84d68886b190aa5d3,436.05
5daa5a6229c51b0ddd442706efa29729ae28678a,430.87
67915c0fa8bed9943d5d74bc9d0ae1195dad059e,431.29
4f2ff53293ce4afb609ff7cb8b2d2fd27240cb39,420.27
3eb8a67876703682e4156b378871911870fcaad9,426.43
42a712e566064c971620061e46db1b77a5d4ef47,425.98
116866284b8068c817ad53b2b611568a7be25090,424.29
56ddff90e7e8511d79ba6dd1217b61fb1d4bfd88,436.27
b044a777b1b967e249045a330c3112f079e9d65a,420.41
371eaf76270b0aea4340c7e9359f02252074b007,432.82
7520dee7b688bdab536bfd76fca47a65316d2147,442.45
4b9bd67fcac532d7c1ed9553015f3ce1da75cce0,432.93
28418f8335d2b359690e80e61d0081f4e892769c,428.54
544281d17133045c19f52c1a0f3aa7b87ef7d231,427.55
c01af2290073af0ea42eb02dfe965b4cda58e112,425.69
3ff2694aa22c5e12bbc67b9d7ddf736a9cb82e5d,422.64
56ddff90e7e8511d79ba6dd1217b61fb1d4bfd88,428.89
c1d06490dce939b6ef82be14e61a01665b406fb0,425.26
2660750b2e6691a2d5414f3f9f878b69a49539bb,433.51
be365c578e7b9a0214eafb468a0753133345854b,426.03
af580c310cab08ed637afb235c22a83bb71f4f9a,428.29
f992e41708287a8251dc9d92ce9db874e0e8f076,433.03
0831a08ea788e93c68159318fe8880d435d40c23,418.89
027c41520e029ae88e578cc9b28491a74d8bb25a,434.21
4c3531886a0f7b2a3cd6987dc9c926c5eff8fd03,438.07
8fae12eb11d6474061e189e184fa3cd170c735db,423.56
214c5686b075152d2bf8995731632080ed8f8e83,434.66
8c07dc18a69efe2ea811d4c1ffe630b56e2d8629,443.93
982e4f96560dadd33e627a1ecea7557f08745d98,429.49
4a0e5a59e690f53f4fbeb16ef80ba5afe66bb744,425.64
c01af2290073af0ea42eb02dfe965b4cda58e112,436.92
e2c62cdc3cc8f265af6ea100b60964ac6336d6e2,421.70
8fae12eb11d6474061e189e184fa3cd170c735db,429.93
4b9bd67fcac532d7c1ed9553015f3ce1da75cce0,427.44
a52e669ca8bc48265accd57d610c0258f7891841,434.86
2660750b2e6691a2d5414f3f9f878b69a49539bb,430.27
4cfd3c373f49f8e56f53ae28c1401cc2f528e451,430.23
f607d8fcf01d7053b61b63aabfb8c4d7a0f7e02f,435.70
0c312ebdb813b1128061ba0d32b10f4a2e098c39,426.63
e6cc4ceff4e1d119f1779d1370ff99aaa2911f23,435.50
916d5399a698ccf3eb2e0f02f4cad234fedec177,432.44
3ff2694aa22c5e12bbc67b9d7ddf736a9cb82e5d,422.89
6cff72ab387d211de65567d7537a73d81a37fd69,431.77
214c5686b075152d2bf8995731632080ed8f8e83,432.22
4a0e5a59e690f53f4fbeb16ef80ba5afe66bb744,425.09
6b60af669bc6102f0328af330532986b8670f3ac,430.01
19f2541e9dad74a7e734225f3d1b598324a6ea49,435.19
6cff72ab387d211de65567d7537a73d81a37fd69,439.11
6b0dd15b9542b184a55040de992e0140e613fec8,424.86
d2f4ea69702a20eb74cc0e43491fc156d0c88d6e,428.40
3d145b3543cd972b2f169cf29f650230f193d449,432.99
3d145b3543cd972b2f169cf29f650230f193d449,429.28
2cce405d1eed3536b222f830220ef32f5a2937d7,426.53
0c312ebdb813b1128061ba0d32b10f4a2e098c39,431.39
a3d03f9a1ffbc4e9ba5bcbe991ca6ac2e5207f6b,433.72
ad405f99cb5f41fb311fa086dbd6762a8e84264d,426.75
b044a777b1b967e249045a330c3112f079e9d65a,429.53
6cff72ab387d211de65567d7537a73d81a37fd69,426.90
62ea04e4d5cbf91b1b1a225c90b8077e6db27e58,430.41
8c211dc36f541f385b3de99edda9779c3a81a4ed,422.87
4b9bd67fcac532d7c1ed9553015f3ce1da75cce0,427.39
0081d162cca8ad23b500b53799195fec644f261b,437.12
214c5686b075152d2bf8995731632080ed8f8e83,438.59
aec561f3328980182f299e61eaae45420245141b,430.43
67915c0fa8bed9943d5d74bc9d0ae1195dad059e,429.41
4cfd3c373f49f8e56f53ae28c1401cc2f528e451,424.79
45e787d054b2851e0f3607bab47e2c41496efe76,428.80
10cfa0465c9d48f6a3ce3f5996259e77b43fa858,431.15
4cfd3c373f49f8e56f53ae28c1401cc2f528e451,415.83
4c3531886a0f7b2a3cd6987dc9c926c5eff8fd03,431.55
c4bb2a4933994931900cde164e517ff0e3a61353,427.45
0081d162cca8ad23b500b53799195fec644f261b,441.13
aec561f3328980182f299e61eaae45420245141b,436.71
77add7946ea5bca622b1f4f654f97e62f6db1e95,434.70
56ddff90e7e8511d79ba6dd1217b61fb1d4bfd88,438.98
cf3676c534e92052acf870c71e2fa8fb9c060fe6,440.60
6b60af669bc6102f0328af330532986b8670f3ac,427.56
ed30e5c14b7ebdd2d9328150b65fadc09d833c71,424.66
0a79e4b5caaa7a885fbbe0a7775099edf92512af,431.89
6788a6daf22fc16c752cfa51d53b17a9436df1c0,427.46
fcab98cdd311deb3dd4fd63fef2bc6c4c397f186,429.95
14db439cfb817b8869bcd6f603960040059d9643,427.91
8fd43ac4b96f669d6bcb51d97b19a43b0e92d7ce,425.21
7520dee7b688bdab536bfd76fca47a65316d2147,435.87
ad203677d7d98af76d29ac8938dcdc7751ef14cc,424.45
bb4ead7c350695c1ed3c52d028090da4d4cecd1e,431.73
57567c678cadb79fbc19b86e11391e325834dffb,421.02
8fae12eb11d6474061e189e184fa3cd170c735db,433.34
c4bb2a4933994931900cde164e517ff0e3a61353,421.43
b044a777b1b967e249045a330c3112f079e9d65a,423.56
ad405f99cb5f41fb311fa086dbd6762a8e84264d,419.59
4f2ff53293ce4afb609ff7cb8b2d2fd27240cb39,423.29
2660750b2e6691a2d5414f3f9f878b69a49539bb,431.19
d2f4ea69702a20eb74cc0e43491fc156d0c88d6e,426.43
916d5399a698ccf3eb2e0f02f4cad234fedec177,433.86
8c211dc36f541f385b3de99edda9779c3a81a4ed,429.17
cf3676c534e92052acf870c71e2fa8fb9c060fe6,439.61
4cfd3c373f49f8e56f53ae28c1401cc2f528e451,421.90
847e03ecfe09ae074844e5821ee185cd8c581f42,425.19
56ddff90e7e8511d79ba6dd1217b61fb1d4bfd88,427.35
8fae12eb11d6474061e189e184fa3cd170c735db,430.76
0831a08ea788e93c68159318fe8880d435d40c23,427.97
7520dee7b688bdab536bfd76fca47a65316d2147,438.31
be3ff9a853ebcf1369adf22bbd43f6712b1f6fe8,439.72
10cfa0465c9d48f6a3ce3f5996259e77b43fa858,425.82
a52e669ca8bc48265accd57d610c0258f7891841,430.55
0a79e4b5caaa7a885fbbe0a7775099edf92512af,438.96
28418f8335d2b359690e80e61d0081f4e892769c,426.46
6b0dd15b9542b184a55040de992e0140e613fec8,420.23
5011bb4521d2569b1a9fe19c6ebc0744eca04e93,422.78
57567c678cadb79fbc19b86e11391e325834dffb,426.20
45e787d054b2851e0f3607bab47e2c41496efe76,423.96
40a3cda062a8e856cd87b1f7b26d200d2c4980ec,430.83
3eb8a67876703682e4156b378871911870fcaad9,427.23
62ea04e4d5cbf91b1b1a225c90b8077e6db27e58,423.47
7199cf1e647fb410a4341c35f7007c5def4305e0,428.41
2660750b2e6691a2d5414f3f9f878b69a49539bb,428.99
ba5d66010db39205e29289ae81122fc85299d145,423.38
57567c678cadb79fbc19b86e11391e325834dffb,419.99
371eaf76270b0aea4340c7e9359f02252074b007,431.90
be3ff9a853ebcf1369adf22bbd43f6712b1f6fe8,428.62
9379c7bcb28f20733f795b1ffbf8833944ca4b02,424.57
4d3ff3d8d5c59d73119f32b2fb8ad5992f546148,438.66
af580c310cab08ed637afb235c22a83bb71f4f9a,425.59
be3ff9a853ebcf1369adf22bbd43f6712b1f6fe8,428.20
5daa5a6229c51b0ddd442706efa29729ae28678a,428.47
d16c8ce6b4e37dc775b2c67280e239cc0a7e4e72,427.69
671e03b570f586b6583feb1ee3ddb5d5c62bd50c,427.10
77add7946ea5bca622b1f4f654f97e62f6db1e95,439.09
67915c0fa8bed9943d5d74bc9d0ae1195dad059e,430.94
2ee1b79fc9920ca1aff9d0402b1fb548f47305a2,426.58
671e03b570f586b6583feb1ee3ddb5d5c62bd50c,423.90
bb4ead7c350695c1ed3c52d028090da4d4cecd1e,435.14
371eaf76270b0aea4340c7e9359f02252074b007,427.75
c4bb2a4933994931900cde164e517ff0e3a61353,424.68
671e03b570f586b6583feb1ee3ddb5d5c62bd50c,428.71
e2c62cdc3cc8f265af6ea100b60964ac6336d6e2,422.97
8fae12eb11d6474061e189e184fa3cd170c735db,422.83
bb4ead7c350695c1ed3c52d028090da4d4cecd1e,432.11
5011bb4521d2569b1a9fe19c6ebc0744eca04e93,426.15
bb4ead7c350695c1ed3c52d028090da4d4cecd1e,435.85
57567c678cadb79fbc19b86e11391e325834dffb,422.68
9379c7bcb28f20733f795b1ffbf8833944ca4b02,425.19
371eaf76270b0aea4340c7e9359f02252074b007,432.39
6c945b25b006e621a056c97ad75d80fcc04ff3fd,429.57
40a35750e655d5229744684086a9249b233058bf,428.74
027c41520e029ae88e578cc9b28491a74d8bb25a,432.97
214c5686b075152d2bf8995731632080ed8f8e83,434.63
cf3676c534e92052acf870c71e2fa8fb9c060fe6,431.56
211a0b397d251f043e9b2c4815a7e452741dbd0b,422.29
e7ebe6999d28e37532f625cbca3552720cd1e612,435.23
cf3676c534e92052acf870c71e2fa8fb9c060fe6,433.07
3f67316f30614c43d14533ccc5246f7d964db70e,427.30
4d3ff3d8d5c59d73119f32b2fb8ad5992f546148,430.01
8c07dc18a69efe2ea811d4c1ffe630b56e2d8629,442.20
3eb8a67876703682e4156b378871911870fcaad9,428.89
42a712e566064c971620061e46db1b77a5d4ef47,433.64
45e787d054b2851e0f3607bab47e2c41496efe76,431.83
14db439cfb817b8869bcd6f603960040059d9643,437.77
0081d162cca8ad23b500b53799195fec644f261b,436.97
ba5d66010db39205e29289ae81122fc85299d145,430.38
ac809a4a5e816e69ede5f18005a519f0436a31c3,440.59
05ea09d373e05aa538793ba042148f83859d1402,431.41
ac809a4a5e816e69ede5f18005a519f0436a31c3,422.54
79c672355bb31aa69c23d2dd1ed8cc3f89dd2844,427.16
3eb8a67876703682e4156b378871911870fcaad9,429.75
5011bb4521d2569b1a9fe19c6ebc0744eca04e93,432.57
ac809a4a5e816e69ede5f18005a519f0436a31c3,420.00
4b9bd67fcac532d7c1ed9553015f3ce1da75cce0,427.50
ed30e5c14b7ebdd2d9328150b65fadc09d833c71,426.84
4b9bd67fcac532d7c1ed9553015f3ce1da75cce0,421.50
ac809a4a5e816e69ede5f18005a519f0436a31c3,422.71
57567c678cadb79fbc19b86e11391e325834dffb,423.55
56ddff90e7e8511d79ba6dd1217b61fb1d4bfd88,432.35
116866284b8068c817ad53b2b611568a7be25090,428.20
371eaf76270b0aea4340c7e9359f02252074b007,430.83
544281d17133045c19f52c1a0f3aa7b87ef7d231,427.75
62ea04e4d5cbf91b1b1a225c90b8077e6db27e58,422.46
ec69d09deb79468edde57456c0f79c19128e19e1,430.80
c1d06490dce939b6ef82be14e61a01665b406fb0,429.83
42a712e566064c971620061e46db1b77a5d4ef47,425.15
f0f3eab9c34cc32c6ad06a991fe572d243ca9e85,431.03
45e787d054b2851e0f3607bab47e2c41496efe76,423.70
28418f8335d2b359690e80e61d0081f4e892769c,428.88
cf3676c534e92052acf870c71e2fa8fb9c060fe6,433.14
7520dee7b688bdab536bfd76fca47a65316d2147,428.59
f74286ba358ec9c7e46778e0ce6edd7dd0143e72,431.15
4cfd3c373f49f8e56f53ae28c1401cc2f528e451,425.79
5eecccd3eae2d7af9c8426473e9ee53bc01bc7c0,432.63
ad203677d7d98af76d29ac8938dcdc7751ef14cc,424.20
f607d8fcf01d7053b61b63aabfb8c4d7a0f7e02f,434.71
8fd43ac4b96f669d6bcb51d97b19a43b0e92d7ce,423.96
214c5686b075152d2bf8995731632080ed8f8e83,434.17
371eaf76270b0aea4340c7e9359f02252074b007,432.42
77add7946ea5bca622b1f4f654f97e62f6db1e95,436.01
fcab98cdd311deb3dd4fd63fef2bc6c4c397f186,434.25
3f67316f30614c43d14533ccc5246f7d964db70e,429.94
a3d03f9a1ffbc4e9ba5bcbe991ca6ac2e5207f6b,433.36
03a2c1278a96a69a2866ba6de4a37b420f3f1a52,421.97
8fd43ac4b96f669d6bcb51d97b19a43b0e92d7ce,426.66
8fd43ac4b96f669d6bcb51d97b19a43b0e92d7ce,431.66
2660750b2e6691a2d5414f3f9f878b69a49539bb,430.46
48a63ff1edb2b35098ca14ff9e03733dd9fab0a6,428.58
982e4f96560dadd33e627a1ecea7557f08745d98,428.10
671e03b570f586b6583feb1ee3ddb5d5c62bd50c,433.35
ec69d09deb79468edde57456c0f79c19128e19e1,432.32
f607d8fcf01d7053b61b63aabfb8c4d7a0f7e02f,429.52
c5898f198d035c91138a68f75206006ca466fe7c,424.37
0a79e4b5caaa7a885fbbe0a7775099edf92512af,439.14
f0f3eab9c34cc32c6ad06a991fe572d243ca9e85,423.86
79c672355bb31aa69c23d2dd1ed8cc3f89dd2844,425.90
e6cc4ceff4e1d119f1779d1370ff99aaa2911f23,435.82
af580c310cab08ed637afb235c22a83bb71f4f9a,432.49
6cff72ab387d211de65567d7537a73d81a37fd69,425.19
14db439cfb817b8869bcd6f603960040059d9643,426.04
5011bb4521d2569b1a9fe19c6ebc0744eca04e93,438.06
be365c578e7b9a0214eafb468a0753133345854b,423.71
62ea04e4d5cbf91b1b1a225c90b8077e6db27e58,424.85
8c211dc36f541f385b3de99edda9779c3a81a4ed,423.95
97d203b3e70d9f2387fb6b11fb115b182e1f5e41,432.53
77add7946ea5bca622b1f4f654f97e62f6db1e95,446.60
c4bb2a4933994931900cde164e517ff0e3a61353,424.05
916d5399a698ccf3eb2e0f02f4cad234fedec177,439.48
05ea09d373e05aa538793ba042148f83859d1402,431.88
67915c0fa8bed9943d5d74bc9d0ae1195dad059e,432.34
8c07dc18a69efe2ea811d4c1ffe630b56e2d8629,432.00
a3d03f9a1ffbc4e9ba5bcbe991ca6ac2e5207f6b,435.71
7199cf1e647fb410a4341c35f7007c5def4305e0,434.14
97d203b3e70d9f2387fb6b11fb115b182e1f5e41,436.31
2ee1b79fc9920ca1aff9d0402b1fb548f47305a2,429.39
211a0b397d251f043e9b2c4815a7e452741dbd0b,422.34
05ea09d373e05aa538793ba042148f83859d1402,431.59
6b60af669bc6102f0328af330532986b8670f3ac,424.91
e7ebe6999d28e37532f625cbca3552720cd1e612,432.59
f0f3eab9c34cc32c6ad06a991fe572d243ca9e85,425.33
9379c7bcb28f20733f795b1ffbf8833944ca4b02,427.65
57567c678cadb79fbc19b86e11391e325834dffb,429.02
56ddff90e7e8511d79ba6dd1217b61fb1d4bfd88,426.91
6788a6daf22fc16c752cfa51d53b17a9436df1c0,424.77
a3d03f9a1ffbc4e9ba5bcbe991ca6ac2e5207f6b,425.07
aec561f3328980182f299e61eaae45420245141b,433.46
f607d8fcf01d7053b61b63aabfb8c4d7a0f7e02f,429.99
8876eef256458e680ac0d65b48371d8518140fc3,431.70
10cfa0465c9d48f6a3ce3f5996259e77b43fa858,432.36
ad203677d7d98af76d29ac8938dcdc7751ef14cc,423.93
214c5686b075152d2bf8995731632080ed8f8e83,435.05
ac809a4a5e816e69ede5f18005a519f0436a31c3,423.88
4f2ff53293ce4afb609ff7cb8b2d2fd27240cb39,443.30
fcab98cdd311deb3dd4fd63fef2bc6c4c397f186,434.01
6cff72ab387d211de65567d7537a73d81a37fd69,424.81
982e4f96560dadd33e627a1ecea7557f08745d98,433.94
211a0b397d251f043e9b2c4815a7e452741dbd0b,417.04
5daa5a6229c51b0ddd442706efa29729ae28678a,426.72
02c9052198ffbab5140b78a84d68886b190aa5d3,441.65
40a3cda062a8e856cd87b1f7b26d200d2c4980ec,428.22
36be16cd662f56ea0fc01bedf14c8651ed74776f,435.72
0c312ebdb813b1128061ba0d32b10f4a2e098c39,429.40
2cce405d1eed3536b222f830220ef32f5a2937d7,432.24
4c3531886a0f7b2a3cd6987dc9c926c5eff8fd03,428.22
40a35750e655d5229744684086a9249b233058bf,426.95
67915c0fa8bed9943d5d74bc9d0ae1195dad059e,439.75
05ea09d373e05aa538793ba042148f83859d1402,429.84
5daa5a6229c51b0ddd442706efa29729ae28678a,435.85
4f2ff53293ce4afb609ff7cb8b2d2fd27240cb39,425.43
7199cf1e647fb410a4341c35f7007c5def4305e0,426.70
56ddff90e7e8511d79ba6dd1217b61fb1d4bfd88,425.06
d2f4ea69702a20eb74cc0e43491fc156d0c88d6e,425.79
e6cc4ceff4e1d119f1779d1370ff99aaa2911f23,441.25
67915c0fa8bed9943d5d74bc9d0ae1195dad059e,441.06
93e9d84da0e87896aaaac14769eece487ba9e64d,429.66
3ff2694aa22c5e12bbc67b9d7ddf736a9cb82e5d,425.40
f992e41708287a8251dc9d92ce9db874e0e8f076,425.14
f992e41708287a8251dc9d92ce9db874e0e8f076,434.17
a3d03f9a1ffbc4e9ba5bcbe991ca6ac2e5207f6b,430.95
14db439cfb817b8869bcd6f603960040059d9643,427.86
6b0dd15b9542b184a55040de992e0140e613fec8,420.32
40a3cda062a8e856cd87b1f7b26d200d2c4980ec,424.54
5011bb4521d2569b1a9fe19c6ebc0744eca04e93,426.83
4cfd3c373f49f8e56f53ae28c1401cc2f528e451,421.53
4cfd3c373f49f8e56f53ae28c1401cc2f528e451,422.41
f992e41708287a8251dc9d92ce9db874e0e8f076,431.77
982e4f96560dadd33e627a1ecea7557f08745d98,432.51
211a0b397d251f043e9b2c4815a7e452741dbd0b,421.33
7520dee7b688bdab536bfd76fca47a65316d2147,429.10
e2c62cdc3cc8f265af6ea100b60964ac6336d6e2,423.92
ac809a4a5e816e69ede5f18005a519f0436a31c3,420.13
03a2c1278a96a69a2866ba6de4a37b420f3f1a52,427.61
214c5686b075152d2bf8995731632080ed8f8e83,434.68
42a712e566064c971620061e46db1b77a5d4ef47,425.58
4f2ff53293ce4afb609ff7cb8b2d2fd27240cb39,424.82
3eb8a67876703682e4156b378871911870fcaad9,432.62
be3ff9a853ebcf1369adf22bbd43f6712b1f6fe8,434.01
7520dee7b688bdab536bfd76fca47a65316d2147,426.84
cf3676c534e92052acf870c71e2fa8fb9c060fe6,437.67
ec69d09deb79468edde57456c0f79c19128e19e1,438.00
a52e669ca8bc48265accd57d610c0258f7891841,427.09
be365c578e7b9a0214eafb468a0753133345854b,426.13
be3ff9a853ebcf1369adf22bbd43f6712b1f6fe8,432.83
14db439cfb817b8869bcd6f603960040059d9643,430.67
211a0b397d251f043e9b2c4815a7e452741dbd0b,421.97
02c9052198ffbab5140b78a84d68886b190aa5d3,438.09
7eeb74d133625c8819ba8da52e37f4e4db4b8a26,425.07
02c9052198ffbab5140b78a84d68886b190aa5d3,437.64
aec561f3328980182f299e61eaae45420245141b,444.34
10cfa0465c9d48f6a3ce3f5996259e77b43fa858,425.44
27a52f90a25699bebe23ff1ff94d6db361fdb11d,437.24
c01af2290073af0ea42eb02dfe965b4cda58e112,429.32
3f67316f30614c43d14533ccc5246f7d964db70e,432.87
3eb8a67876703682e4156b378871911870fcaad9,441.97
3ff2694aa22c5e12bbc67b9d7ddf736a9cb82e5d,429.65
d2f4ea69702a20eb74cc0e43491fc156d0c88d6e,430.80
57567c678cadb79fbc19b86e11391e325834dffb,428.44
6c945b25b006e621a056c97ad75d80fcc04ff3fd,433.06
4d3ff3d8d5c59d73119f32b2fb8ad5992f546148,429.07
28418f8335d2b359690e80e61d0081f4e892769c,426.25
8876eef256458e680ac0d65b48371d8518140fc3,438.94
3eb8a67876703682e4156b378871911870fcaad9,427.78
2660750b2e6691a2d5414f3f9f878b69a49539bb,433.60
211a0b397d251f043e9b2c4815a7e452741dbd0b,421.59
bb4ead7c350695c1ed3c52d028090da4d4cecd1e,434.67
36be16cd662f56ea0fc01bedf14c8651ed74776f,428.78
544281d17133045c19f52c1a0f3aa7b87ef7d231,430.94
0a79e4b5caaa7a885fbbe0a7775099edf92512af,426.77
ec69d09deb79468edde57456c0f79c19128e19e1,431.96
9379c7bcb28f20733f795b1ffbf8833944ca4b02,428.35
7eeb74d133625c8819ba8da52e37f4e4db4b8a26,428.10
2ee1b79fc9920ca1aff9d0402b1fb548f47305a2,427.02
671e03b570f586b6583feb1ee3ddb5d5c62bd50c,428.73
3d145b3543cd972b2f169cf29f650230f193d449,427.65
57567c678cadb79fbc19b86e11391e325834dffb,420.93
6b60af669bc6102f0328af330532986b8670f3ac,426.56
027c41520e029ae88e578cc9b28491a74d8bb25a,429.56
d2f4ea69702a20eb74cc0e43491fc156d0c88d6e,429.99
93e9d84da0e87896aaaac14769eece487ba9e64d,431.91
7eeb74d133625c8819ba8da52e37f4e4db4b8a26,430.13
2ee1b79fc9920ca1aff9d0402b1fb548f47305a2,429.59
2cce405d1eed3536b222f830220ef32f5a2937d7,439.66
be3ff9a853ebcf1369adf22bbd43f6712b1f6fe8,431.67
544281d17133045c19f52c1a0f3aa7b87ef7d231,430.32
c4bb2a4933994931900cde164e517ff0e3a61353,421.45
57567c678cadb79fbc19b86e11391e325834dffb,421.73
c1d06490dce939b6ef82be14e61a01665b406fb0,421.39
e7ebe6999d28e37532f625cbca3552720cd1e612,440.41
77add7946ea5bca622b1f4f654f97e62f6db1e95,426.65
6b0dd15b9542b184a55040de992e0140e613fec8,426.46
77add7946ea5bca622b1f4f654f97e62f6db1e95,437.32
0c312ebdb813b1128061ba0d32b10f4a2e098c39,429.65
6c2032dc6cc1b502c88cad8964d59b668039c3db,433.45
8c211dc36f541f385b3de99edda9779c3a81a4ed,422.61
544281d17133045c19f52c1a0f3aa7b87ef7d231,425.55
e2c62cdc3cc8f265af6ea100b60964ac6336d6e2,430.05
4d3ff3d8d5c59d73119f32b2fb8ad5992f546148,432.09
af580c310cab08ed637afb235c22a83bb71f4f9a,427.44
25a4b0cf96a74ac71616775331327a2e9dc1e071,418.76
c5898f198d035c91138a68f75206006ca466fe7c,430.63
67915c0fa8bed9943d5d74bc9d0ae1195dad059e,429.08
a3d03f9a1ffbc4e9ba5bcbe991ca6ac2e5207f6b,426.20
4d3ff3d8d5c59d73119f32b2fb8ad5992f546148,439.07
a52e669ca8bc48265accd57d610c0258f7891841,423.53
6c2032dc6cc1b502c88cad8964d59b668039c3db,437.13
3d145b3543cd972b2f169cf29f650230f193d449,427.88
6b0dd15b9542b184a55040de992e0140e613fec8,420.37
05ea09d373e05aa538793ba042148f83859d1402,432.49
97d203b3e70d9f2387fb6b11fb115b182e1f5e41,440.17
27a52f90a25699bebe23ff1ff94d6db361fdb11d,434.04
f0f3eab9c34cc32c6ad06a991fe572d243ca9e85,429.78
ad203677d7d98af76d29ac8938dcdc7751ef14cc,418.08
8fd43ac4b96f669d6bcb51d97b19a43b0e92d7ce,434.45
ad405f99cb5f41fb311fa086dbd6762a8e84264d,418.12
e7ebe6999d28e37532f625cbca3552720cd1e612,435.46
57567c678cadb79fbc19b86e11391e325834dffb,427.53
214c5686b075152d2bf8995731632080ed8f8e83,432.10
3ff2694aa22c5e12bbc67b9d7ddf736a9cb82e5d,428.87
5011bb4521d2569b1a9fe19c6ebc0744eca04e93,428.01
3d145b3543cd972b2f169cf29f650230f193d449,435.31
6cff72ab387d211de65567d7537a73d81a37fd69,428.11
77add7946ea5bca622b1f4f654f97e62f6db1e95,437.04
97d203b3e70d9f2387fb6b11fb115b182e1f5e41,433.58
3d145b3543cd972b2f169cf29f650230f193d449,426.79
be3ff9a853ebcf1369adf22bbd43f6712b1f6fe8,424.61
4d3ff3d8d5c59d73119f32b2fb8ad5992f546148,434.49
2660750b2e6691a2d5414f3f9f878b69a49539bb,434.05
671e03b570f586b6583feb1ee3ddb5d5c62bd50c,425.05
d2f4ea69702a20eb74cc0e43491fc156d0c88d6e,437.42
fcab98cdd311deb3dd4fd63fef2bc6c4c397f186,430.98
d16c8ce6b4e37dc775b2c67280e239cc0a7e4e72,425.29
671e03b570f586b6583feb1ee3ddb5d5c62bd50c,424.63
56ddff90e7e8511d79ba6dd1217b61fb1d4bfd88,426.22
6c945b25b006e621a056c97ad75d80fcc04ff3fd,426.67
4f2ff53293ce4afb609ff7cb8b2d2fd27240cb39,424.29
57567c678cadb79fbc19b86e11391e325834dffb,421.01
48a63ff1edb2b35098ca14ff9e03733dd9fab0a6,421.76
ad405f99cb5f41fb311fa086dbd6762a8e84264d,440.25
97d203b3e70d9f2387fb6b11fb115b182e1f5e41,438.32
3d145b3543cd972b2f169cf29f650230f193d449,430.15
40a35750e655d5229744684086a9249b233058bf,431.21
6b0dd15b9542b184a55040de992e0140e613fec8,432.65
ba5d66010db39205e29289ae81122fc85299d145,422.41
cf3676c534e92052acf870c71e2fa8fb9c060fe6,431.86
19f2541e9dad74a7e734225f3d1b598324a6ea49,432.47
d24b485e252d9e86858207da7a57678d41d3f72c,434.18
a52e669ca8bc48265accd57d610c0258f7891841,433.20
0c312ebdb813b1128061ba0d32b10f4a2e098c39,430.62
05ea09d373e05aa538793ba042148f83859d1402,432.01
6b0dd15b9542b184a55040de992e0140e613fec8,427.61
c4bb2a4933994931900cde164e517ff0e3a61353,433.03
14db439cfb817b8869bcd6f603960040059d9643,425.57
ad203677d7d98af76d29ac8938dcdc7751ef14cc,424.16
a52e669ca8bc48265accd57d610c0258f7891841,432.71
8fd43ac4b96f669d6bcb51d97b19a43b0e92d7ce,428.77
b044a777b1b967e249045a330c3112f079e9d65a,426.40
e7ebe6999d28e37532f625cbca3552720cd1e612,437.83
36be16cd662f56ea0fc01bedf14c8651ed74776f,429.61
ed30e5c14b7ebdd2d9328150b65fadc09d833c71,429.09
93e9d84da0e87896aaaac14769eece487ba9e64d,427.66
e7ebe6999d28e37532f625cbca3552720cd1e612,435.97
c4bb2a4933994931900cde164e517ff0e3a61353,432.08
a52e669ca8bc48265accd57d610c0258f7891841,425.21
4a0e5a59e690f53f4fbeb16ef80ba5afe66bb744,430.05
79c672355bb31aa69c23d2dd1ed8cc3f89dd2844,436.35
e7ebe6999d28e37532f625cbca3552720cd1e612,432.31
c5898f198d035c91138a68f75206006ca466fe7c,425.45
79c672355bb31aa69c23d2dd1ed8cc3f89dd2844,423.77
4a0e5a59e690f53f4fbeb16ef80ba5afe66bb744,424.38
4c3531886a0f7b2a3cd6987dc9c926c5eff8fd03,438.60
7520dee7b688bdab536bfd76fca47a65316d2147,425.76
03a2c1278a96a69a2866ba6de4a37b420f3f1a52,428.16
e7ebe6999d28e37532f625cbca3552720cd1e612,434.53
f0f3eab9c34cc32c6ad06a991fe572d243ca9e85,426.84
67915c0fa8bed9943d5d74bc9d0ae1195dad059e,427.63
d16c8ce6b4e37dc775b2c67280e239cc0a7e4e72,424.40
5eecccd3eae2d7af9c8426473e9ee53bc01bc7c0,434.05
ac809a4a5e816e69ede5f18005a519f0436a31c3,423.30
4cfd3c373f49f8e56f53ae28c1401cc2f528e451,425.46
496e6a1e56c3af11c8071820c74565bc55f1850d,424.32
3eb8a67876703682e4156b378871911870fcaad9,432.14
aec561f3328980182f299e61eaae45420245141b,434.62
847e03ecfe09ae074844e5821ee185cd8c581f42,426.24
c01af2290073af0ea42eb02dfe965b4cda58e112,425.77
0a79e4b5caaa7a885fbbe0a7775099edf92512af,425.94
2cce405d1eed3536b222f830220ef32f5a2937d7,428.00
97d203b3e70d9f2387fb6b11fb115b182e1f5e41,436.78
d24b485e252d9e86858207da7a57678d41d3f72c,427.96
6b0dd15b9542b184a55040de992e0140e613fec8,433.06
c01af2290073af0ea42eb02dfe965b4cda58e112,433.70
7eeb74d133625c8819ba8da52e37f4e4db4b8a26,426.82
cf3676c534e92052acf870c71e2fa8fb9c060fe6,435.57
e2c62cdc3cc8f265af6ea100b60964ac6336d6e2,427.45
116866284b8068c817ad53b2b611568a7be25090,429.23
5eecccd3eae2d7af9c8426473e9ee53bc01bc7c0,433.94
ac809a4a5e816e69ede5f18005a519f0436a31c3,431.16
4f2ff53293ce4afb609ff7cb8b2d2fd27240cb39,430.72
f607d8fcf01d7053b61b63aabfb8c4d7a0f7e02f,427.01
4f2ff53293ce4afb609ff7cb8b2d2fd27240cb39,421.12
b044a777b1b967e249045a330c3112f079e9d65a,424.36
be3ff9a853ebcf1369adf22bbd43f6712b1f6fe8,427.04
d16c8ce6b4e37dc775b2c67280e239cc0a7e4e72,430.09
3eb8a67876703682e4156b378871911870fcaad9,429.76
3eb8a67876703682e4156b378871911870fcaad9,430.86
4b9bd67fcac532d7c1ed9553015f3ce1da75cce0,424.19
93e9d84da0e87896aaaac14769eece487ba9e64d,433.96
4cfd3c373f49f8e56f53ae28c1401cc2f528e451,420.11
4f2ff53293ce4afb609ff7cb8b2d2fd27240cb39,420.13
0c312ebdb813b1128061ba0d32b10f4a2e098c39,428.18
2660750b2e6691a2d5414f3f9f878b69a49539bb,429.42
3eb8a67876703682e4156b378871911870fcaad9,429.04
027c41520e029ae88e578cc9b28491a74d8bb25a,433.14
45e787d054b2851e0f3607bab47e2c41496efe76,428.08
56ddff90e7e8511d79ba6dd1217b61fb1d4bfd88,428.19
847e03ecfe09ae074844e5821ee185cd8c581f42,421.09
496e6a1e56c3af11c8071820c74565bc55f1850d,427.49
67915c0fa8bed9943d5d74bc9d0ae1195dad059e,433.39
6b60af669bc6102f0328af330532986b8670f3ac,431.99
ad203677d7d98af76d29ac8938dcdc7751ef14cc,420.66
0831a08ea788e93c68159318fe8880d435d40c23,425.63
2cce405d1eed3536b222f830220ef32f5a2937d7,431.26
bb4ead7c350695c1ed3c52d028090da4d4cecd1e,432.84
48a63ff1edb2b35098ca14ff9e03733dd9fab0a6,424.92
cf3676c534e92052acf870c71e2fa8fb9c060fe6,435.03
19f2541e9dad74a7e734225f3d1b598324a6ea49,435.96
8c211dc36f541f385b3de99edda9779c3a81a4ed,423.30
ed30e5c14b7ebdd2d9328150b65fadc09d833c71,432.21
ec69d09deb79468edde57456c0f79c19128e19e1,432.98
93e9d84da0e87896aaaac14769eece487ba9e64d,430.47
62ea04e4d5cbf91b1b1a225c90b8077e6db27e58,427.90
af580c310cab08ed637afb235c22a83bb71f4f9a,434.24
544281d17133045c19f52c1a0f3aa7b87ef7d231,427.52
4c3531886a0f7b2a3cd6987dc9c926c5eff8fd03,426.31
f607d8fcf01d7053b61b63aabfb8c4d7a0f7e02f,428.96
5daa5a6229c51b0ddd442706efa29729ae28678a,427.07
c1d06490dce939b6ef82be14e61a01665b406fb0,428.65
5011bb4521d2569b1a9fe19c6ebc0744eca04e93,431.82
496e6a1e56c3af11c8071820c74565bc55f1850d,422.70
8fd43ac4b96f669d6bcb51d97b19a43b0e92d7ce,427.24
2ee1b79fc9920ca1aff9d0402b1fb548f47305a2,438.13
4b9bd67fcac532d7c1ed9553015f3ce1da75cce0,425.86
544281d17133045c19f52c1a0f3aa7b87ef7d231,429.09
93e9d84da0e87896aaaac14769eece487ba9e64d,431.49
25a4b0cf96a74ac71616775331327a2e9dc1e071,426.67
4b9bd67fcac532d7c1ed9553015f3ce1da75cce0,438.74
e6cc4ceff4e1d119f1779d1370ff99aaa2911f23,433.03
ad203677d7d98af76d29ac8938dcdc7751ef14cc,423.68
847e03ecfe09ae074844e5821ee185cd8c581f42,430.20
8c07dc18a69efe2ea811d4c1ffe630b56e2d8629,437.51
7199cf1e647fb410a4341c35f7007c5def4305e0,429.33
d24b485e252d9e86858207da7a57678d41d3f72c,443.83
5011bb4521d2569b1a9fe19c6ebc0744eca04e93,428.08
5011bb4521d2569b1a9fe19c6ebc0744eca04e93,431.58
d2f4ea69702a20eb74cc0e43491fc156d0c88d6e,429.65
8876eef256458e680ac0d65b48371d8518140fc3,426.07
3eb8a67876703682e4156b378871911870fcaad9,426.15
97d203b3e70d9f2387fb6b11fb115b182e1f5e41,435.75
8c07dc18a69efe2ea811d4c1ffe630b56e2d8629,434.47
a52e669ca8bc48265accd57d610c0258f7891841,433.30
6788a6daf22fc16c752cfa51d53b17a9436df1c0,421.39
97d203b3e70d9f2387fb6b11fb115b182e1f5e41,436.24
fcab98cdd311deb3dd4fd63fef2bc6c4c397f186,428.73
0831a08ea788e93c68159318fe8880d435d40c23,424.01
be3ff9a853ebcf1369adf22bbd43f6712b1f6fe8,425.02
45e787d054b2851e0f3607bab47e2c41496efe76,430.74
77add7946ea5bca622b1f4f654f97e62f6db1e95,431.48
982e4f96560dadd33e627a1ecea7557f08745d98,444.63
496e6a1e56c3af11c8071820c74565bc55f1850d,426.56
8c07dc18a69efe2ea811d4c1ffe630b56e2d8629,428.26
6788a6daf22fc16c752cfa51d53b17a9436df1c0,424.50
d24b485e252d9e86858207da7a57678d41d3f72c,430.20
8876eef256458e680ac0d65b48371d8518140fc3,434.47
0831a08ea788e93c68159318fe8880d435d40c23,424.56
b044a777b1b967e249045a330c3112f079e9d65a,422.21
3d145b3543cd972b2f169cf29f650230f193d449,429.60
19f2541e9dad74a7e734225f3d1b598324a6ea49,438.74
116866284b8068c817ad53b2b611568a7be25090,426.17
10cfa0465c9d48f6a3ce3f5996259e77b43fa858,429.80
4f2ff53293ce4afb609ff7cb8b2d2fd27240cb39,423.25
77add7946ea5bca622b1f4f654f97e62f6db1e95,440.81
c01af2290073af0ea42eb02dfe965b4cda58e112,428.19
4f2ff53293ce4afb609ff7cb8b2d2fd27240cb39,424.59
a3d03f9a1ffbc4e9ba5bcbe991ca6ac2e5207f6b,429.87
6c945b25b006e621a056c97ad75d80fcc04ff3fd,428.32
ac809a4a5e816e69ede5f18005a519f0436a31c3,425.18
c1d06490dce939b6ef82be14e61a01665b406fb0,430.69
2ee1b79fc9920ca1aff9d0402b1fb548f47305a2,429.84
4f2ff53293ce4afb609ff7cb8b2d2fd27240cb39,424.34
5eecccd3eae2d7af9c8426473e9ee53bc01bc7c0,432.27
982e4f96560dadd33e627a1ecea7557f08745d98,433.45
c5898f198d035c91138a68f75206006ca466fe7c,436.51
6cff72ab387d211de65567d7537a73d81a37fd69,427.32
371eaf76270b0aea4340c7e9359f02252074b007,427.08
4b9bd67fcac532d7c1ed9553015f3ce1da75cce0,416.26
42a712e566064c971620061e46db1b77a5d4ef47,431.65
48a63ff1edb2b35098ca14ff9e03733dd9fab0a6,424.34
67915c0fa8bed9943d5d74bc9d0ae1195dad059e,429.30
982e4f96560dadd33e627a1ecea7557f08745d98,431.35
25a4b0cf96a74ac71616775331327a2e9dc1e071,425.29
45e787d054b2851e0f3607bab47e2c41496efe76,422.76
40a35750e655d5229744684086a9249b233058bf,429.29
be3ff9a853ebcf1369adf22bbd43f6712b1f6fe8,426.83
214c5686b075152d2bf8995731632080ed8f8e83,438.41
916d5399a698ccf3eb2e0f02f4cad234fedec177,431.20
42a712e566064c971620061e46db1b77a5d4ef47,431.93
d2f4ea69702a20eb74cc0e43491fc156d0c88d6e,432.43
5eecccd3eae2d7af9c8426473e9ee53bc01bc7c0,430.63
214c5686b075152d2bf8995731632080ed8f8e83,440.61
42a712e566064c971620061e46db1b77a5d4ef47,428.24
3ff2694aa22c5e12bbc67b9d7ddf736a9cb82e5d,428.39
25a4b0cf96a74ac71616775331327a2e9dc1e071,424.23
3ff2694aa22c5e12bbc67b9d7ddf736a9cb82e5d,425.68
4c3531886a0f7b2a3cd6987dc9c926c5eff8fd03,428.26
0c312ebdb813b1128061ba0d32b10f4a2e098c39,426.84
0a79e4b5caaa7a885fbbe0a7775099edf92512af,426.68
982e4f96560dadd33e627a1ecea7557f08745d98,432.13
02c9052198ffbab5140b78a84d68886b190aa5d3,433.14
8876eef256458e680ac0d65b48371d8518140fc3,426.03
48a63ff1edb2b35098ca14ff9e03733dd9fab0a6,422.82
371eaf76270b0aea4340c7e9359f02252074b007,430.47
27a52f90a25699bebe23ff1ff94d6db361fdb11d,434.37
4b9bd67fcac532d7c1ed9553015f3ce1da75cce0,421.01
aec561f3328980182f299e61eaae45420245141b,433.38
916d5399a698ccf3eb2e0f02f4cad234fedec177,436.17
6c945b25b006e621a056c97ad75d80fcc04ff3fd,426.97
5daa5a6229c51b0ddd442706efa29729ae28678a,426.03
a52e669ca8bc48265accd57d610c0258f7891841,429.33
3d145b3543cd972b2f169cf29f650230f193d449,422.71
544281d17133045c19f52c1a0f3aa7b87ef7d231,427.65
2660750b2e6691a2d5414f3f9f878b69a49539bb,430.62
56ddff90e7e8511d79ba6dd1217b61fb1d4bfd88,430.21
67915c0fa8bed9943d5d74bc9d0ae1195dad059e,433.44
982e4f96560dadd33e627a1ecea7557f08745d98,432.68
5daa5a6229c51b0ddd442706efa29729ae28678a,429.78
5011bb4521d2569b1a9fe19c6ebc0744eca04e93,424.14
67915c0fa8bed9943d5d74bc9d0ae1195dad059e,428.19
40a35750e655d5229744684086a9249b233058bf,434.01
4a0e5a59e690f53f4fbeb16ef80ba5afe66bb744,431.26
ad203677d7d98af76d29ac8938dcdc7751ef14cc,423.91
6c945b25b006e621a056c97ad75d80fcc04ff3fd,439.41
19f2541e9dad74a7e734225f3d1b598324a6ea49,432.53
2660750b2e6691a2d5414f3f9f878b69a49539bb,428.94
7520dee7b688bdab536bfd76fca47a65316d2147,424.55
10cfa0465c9d48f6a3ce3f5996259e77b43fa858,428.13
027c41520e029ae88e578cc9b28491a74d8bb25a,433.61
8c211dc36f541f385b3de99edda9779c3a81a4ed,424.55
be365c578e7b9a0214eafb468a0753133345854b,430.30
c5898f198d035c91138a68f75206006ca466fe7c,423.40
847e03ecfe09ae074844e5821ee185cd8c581f42,420.69
6cff72ab387d211de65567d7537a73d81a37fd69,429.98
4a0e5a59e690f53f4fbeb16ef80ba5afe66bb744,433.65
027c41520e029ae88e578cc9b28491a74d8bb25a,428.22
42a712e566064c971620061e46db1b77a5d4ef47,427.37
56ddff90e7e8511d79ba6dd1217b61fb1d4bfd88,426.37
6b0dd15b9542b184a55040de992e0140e613fec8,431.85
d24b485e252d9e86858207da7a57678d41d3f72c,437.06
67915c0fa8bed9943d5d74bc9d0ae1195dad059e,425.36
45e787d054b2851e0f3607bab47e2c41496efe76,425.67
02c9052198ffbab5140b78a84d68886b190aa5d3,431.51
e6cc4ceff4e1d119f1779d1370ff99aaa2911f23,436.54
7520dee7b688bdab536bfd76fca47a65316d2147,431.10
2660750b2e6691a2d5414f3f9f878b69a49539bb,426.98
9379c7bcb28f20733f795b1ffbf8833944ca4b02,434.12
10cfa0465c9d48f6a3ce3f5996259e77b43fa858,424.66
6b60af669bc6102f0328af330532986b8670f3ac,429.36
e7ebe6999d28e37532f625cbca3552720cd1e612,434.60
a3d03f9a1ffbc4e9ba5bcbe991ca6ac2e5207f6b,429.60
116866284b8068c817ad53b2b611568a7be25090,425.03
8fae12eb11d6474061e189e184fa3cd170c735db,432.83
02c9052198ffbab5140b78a84d68886b190aa5d3,436.39
f607d8fcf01d7053b61b63aabfb8c4d7a0f7e02f,437.50
7520dee7b688bdab536bfd76fca47a65316d2147,424.84
916d5399a698ccf3eb2e0f02f4cad234fedec177,442.81
e7ebe6999d28e37532f625cbca3552720cd1e612,440.43
bb4ead7c350695c1ed3c52d028090da4d4cecd1e,436.04
8fae12eb11d6474061e189e184fa3cd170c735db,430.07
10cfa0465c9d48f6a3ce3f5996259e77b43fa858,427.67
f992e41708287a8251dc9d92ce9db874e0e8f076,426.56
be365c578e7b9a0214eafb468a0753133345854b,426.14
aec561f3328980182f299e61eaae45420245141b,438.25
56ddff90e7e8511d79ba6dd1217b61fb1d4bfd88,424.65
116866284b8068c817ad53b2b611568a7be25090,427.28
10cfa0465c9d48f6a3ce3f5996259e77b43fa858,428.82
0081d162cca8ad23b500b53799195fec644f261b,445.57
6b0dd15b9542b184a55040de992e0140e613fec8,421.42
c5898f198d035c91138a68f75206006ca466fe7c,423.70
f0f3eab9c34cc32c6ad06a991fe572d243ca9e85,426.59
ad405f99cb5f41fb311fa086dbd6762a8e84264d,426.27
bb4ead7c350695c1ed3c52d028090da4d4cecd1e,437.42
8fd43ac4b96f669d6bcb51d97b19a43b0e92d7ce,423.72
2cce405d1eed3536b222f830220ef32f5a2937d7,429.98
ba5d66010db39205e29289ae81122fc85299d145,424.26
d16c8ce6b4e37dc775b2c67280e239cc0a7e4e72,427.10
a3d03f9a1ffbc4e9ba5bcbe991ca6ac2e5207f6b,429.84
4f2ff53293ce4afb609ff7cb8b2d2fd27240cb39,426.71
496e6a1e56c3af11c8071820c74565bc55f1850d,423.64
f74286ba358ec9c7e46778e0ce6edd7dd0143e72,428.16
6c2032dc6cc1b502c88cad8964d59b668039c3db,431.33
40a3cda062a8e856cd87b1f7b26d200d2c4980ec,434.15
6788a6daf22fc16c752cfa51d53b17a9436df1c0,423.38
ec69d09deb79468edde57456c0f79c19128e19e1,425.97
4c3531886a0f7b2a3cd6987dc9c926c5eff8fd03,425.57
8876eef256458e680ac0d65b48371d8518140fc3,424.13
f74286ba358ec9c7e46778e0ce6edd7dd0143e72,429.18
48a63ff1edb2b35098ca14ff9e03733dd9fab0a6,422.64
67915c0fa8bed9943d5d74bc9d0ae1195dad059e,426.15
27a52f90a25699bebe23ff1ff94d6db361fdb11d,436.46
6c945b25b006e621a056c97ad75d80fcc04ff3fd,431.12
19f2541e9dad74a7e734225f3d1b598324a6ea49,441.97
cf3676c534e92052acf870c71e2fa8fb9c060fe6,434.29
0831a08ea788e93c68159318fe8880d435d40c23,418.05
371eaf76270b0aea4340c7e9359f02252074b007,429.25
6cff72ab387d211de65567d7537a73d81a37fd69,425.73
45e787d054b2851e0f3607bab47e2c41496efe76,423.97
847e03ecfe09ae074844e5821ee185cd8c581f42,426.75
05ea09d373e05aa538793ba042148f83859d1402,433.68
544281d17133045c19f52c1a0f3aa7b87ef7d231,433.74
bb4ead7c350695c1ed3c52d028090da4d4cecd1e,433.42
bb4ead7c350695c1ed3c52d028090da4d4cecd1e,437.32
c1d06490dce939b6ef82be14e61a01665b406fb0,428.82
05ea09d373e05aa538793ba042148f83859d1402,442.89
671e03b570f586b6583feb1ee3ddb5d5c62bd50c,424.62
214c5686b075152d2bf8995731632080ed8f8e83,442.44
c4bb2a4933994931900cde164e517ff0e3a61353,446.12
be365c578e7b9a0214eafb468a0753133345854b,428.68
116866284b8068c817ad53b2b611568a7be25090,426.28
be365c578e7b9a0214eafb468a0753133345854b,432.85
a3d03f9a1ffbc4e9ba5bcbe991ca6ac2e5207f6b,427.80
27a52f90a25699bebe23ff1ff94d6db361fdb11d,438.27
36be16cd662f56ea0fc01bedf14c8651ed74776f,423.12
d2f4ea69702a20eb74cc0e43491fc156d0c88d6e,434.50
aec561f3328980182f299e61eaae45420245141b,430.28
77add7946ea5bca622b1f4f654f97e62f6db1e95,431.07
aec561f3328980182f299e61eaae45420245141b,432.81
0081d162cca8ad23b500b53799195fec644f261b,431.06
b044a777b1b967e249045a330c3112f079e9d65a,417.20
48a63ff1edb2b35098ca14ff9e03733dd9fab0a6,429.10
4c3531886a0f7b2a3cd6987dc9c926c5eff8fd03,426.78
8fae12eb11d6474061e189e184fa3cd170c735db,427.75
ed30e5c14b7ebdd2d9328150b65fadc09d833c71,422.94
6b0dd15b9542b184a55040de992e0140e613fec8,430.15
6b60af669bc6102f0328af330532986b8670f3ac,428.72
ad405f99cb5f41fb311fa086dbd6762a8e84264d,429.09
03a2c1278a96a69a2866ba6de4a37b420f3f1a52,437.11
36be16cd662f56ea0fc01bedf14c8651ed74776f,430.17
116866284b8068c817ad53b2b611568a7be25090,422.73
0c312ebdb813b1128061ba0d32b10f4a2e098c39,427.82
40a3cda062a8e856cd87b1f7b26d200d2c4980ec,425.84
4b9bd67fcac532d7c1ed9553015f3ce1da75cce0,422.86
d16c8ce6b4e37dc775b2c67280e239cc0a7e4e72,423.89
847e03ecfe09ae074844e5821ee185cd8c581f42,445.56
03a2c1278a96a69a2866ba6de4a37b420f3f1a52,427.90
0c312ebdb813b1128061ba0d32b10f4a2e098c39,425.98
3f67316f30614c43d14533ccc5246f7d964db70e,423.62
8fd43ac4b96f669d6bcb51d97b19a43b0e92d7ce,426.21
6cff72ab387d211de65567d7537a73d81a37fd69,432.11
0831a08ea788e93c68159318fe8880d435d40c23,418.52
f992e41708287a8251dc9d92ce9db874e0e8f076,426.60
371eaf76270b0aea4340c7e9359f02252074b007,430.63
847e03ecfe09ae074844e5821ee185cd8c581f42,432.95
ec69d09deb79468edde57456c0f79c19128e19e1,433.96
ad405f99cb5f41fb311fa086dbd6762a8e84264d,421.42
3f67316f30614c43d14533ccc5246f7d964db70e,420.25
f992e41708287a8251dc9d92ce9db874e0e8f076,426.75
02c9052198ffbab5140b78a84d68886b190aa5d3,433.08
8fd43ac4b96f669d6bcb51d97b19a43b0e92d7ce,428.60
0831a08ea788e93c68159318fe8880d435d40c23,426.26
7520dee7b688bdab536bfd76fca47a65316d2147,425.18
6b0dd15b9542b184a55040de992e0140e613fec8,422.92
e6cc4ceff4e1d119f1779d1370ff99aaa2911f23,438.19
62ea04e4d5cbf91b1b1a225c90b8077e6db27e58,441.37
7520dee7b688bdab536bfd76fca47a65316d2147,427.49
2ee1b79fc9920ca1aff9d0402b1fb548f47305a2,429.40
14db439cfb817b8869bcd6f603960040059d9643,426.72
027c41520e029ae88e578cc9b28491a74d8bb25a,432.05
a52e669ca8bc48265accd57d610c0258f7891841,429.87
ed30e5c14b7ebdd2d9328150b65fadc09d833c71,427.04
0081d162cca8ad23b500b53799195fec644f261b,434.19
40a35750e655d5229744684086a9249b233058bf,432.73
ba5d66010db39205e29289ae81122fc85299d145,426.81
916d5399a698ccf3eb2e0f02f4cad234fedec177,438.33
8c07dc18a69efe2ea811d4c1ffe630b56e2d8629,445.96
3eb8a67876703682e4156b378871911870fcaad9,441.18
8c211dc36f541f385b3de99edda9779c3a81a4ed,424.88
14db439cfb817b8869bcd6f603960040059d9643,427.59
e7ebe6999d28e37532f625cbca3552720cd1e612,433.74
f992e41708287a8251dc9d92ce9db874e0e8f076,431.30
67915c0fa8bed9943d5d74bc9d0ae1195dad059e,440.90
0c312ebdb813b1128061ba0d32b10f4a2e098c39,426.22
42a712e566064c971620061e46db1b77a5d4ef47,429.65
d2f4ea69702a20eb74cc0e43491fc156d0c88d6e,425.37
671e03b570f586b6583feb1ee3ddb5d5c62bd50c,425.81
c01af2290073af0ea42eb02dfe965b4cda58e112,422.21
f0f3eab9c34cc32c6ad06a991fe572d243ca9e85,435.46
214c5686b075152d2bf8995731632080ed8f8e83,436.29
62ea04e4d5cbf91b1b1a225c90b8077e6db27e58,424.98
45e787d054b2851e0f3607bab47e2c41496efe76,422.94
c1d06490dce939b6ef82be14e61a01665b406fb0,425.29
6c945b25b006e621a056c97ad75d80fcc04ff3fd,440.74
36be16cd662f56ea0fc01bedf14c8651ed74776f,425.13
9379c7bcb28f20733f795b1ffbf8833944ca4b02,429.37
e6cc4ceff4e1d119f1779d1370ff99aaa2911f23,441.83
027c41520e029ae88e578cc9b28491a74d8bb25a,433.77
19f2541e9dad74a7e734225f3d1b598324a6ea49,435.44
ba5d66010db39205e29289ae81122fc85299d145,431.41
4cfd3c373f49f8e56f53ae28c1401cc2f528e451,419.92
214c5686b075152d2bf8995731632080ed8f8e83,436.99
5eecccd3eae2d7af9c8426473e9ee53bc01bc7c0,429.94
40a35750e655d5229744684086a9249b233058bf,433.03
67915c0fa8bed9943d5d74bc9d0ae1195dad059e,429.66
19f2541e9dad74a7e734225f3d1b598324a6ea49,434.25
48a63ff1edb2b35098ca14ff9e03733dd9fab0a6,418.50
19f2541e9dad74a7e734225f3d1b598324a6ea49,427.85
544281d17133045c19f52c1a0f3aa7b87ef7d231,424.30
8c211dc36f541f385b3de99edda9779c3a81a4ed,424.87
b044a777b1b967e249045a330c3112f079e9d65a,429.68
28418f8335d2b359690e80e61d0081f4e892769c,432.57
8c07dc18a69efe2ea811d4c1ffe630b56e2d8629,438.90
8c211dc36f541f385b3de99edda9779c3a81a4ed,419.60
0081d162cca8ad23b500b53799195fec644f261b,444.39
42a712e566064c971620061e46db1b77a5d4ef47,422.73
0c312ebdb813b1128061ba0d32b10f4a2e098c39,442.39
f992e41708287a8251dc9d92ce9db874e0e8f076,430.66
5daa5a6229c51b0ddd442706efa29729ae28678a,430.06
671e03b570f586b6583feb1ee3ddb5d5c62bd50c,436.51
f992e41708287a8251dc9d92ce9db874e0e8f076,430.35
f0f3eab9c34cc32c6ad06a991fe572d243ca9e85,430.41
e6cc4ceff4e1d119f1779d1370ff99aaa2911f23,445.90
671e03b570f586b6583feb1ee3ddb5d5c62bd50c,426.15
d24b485e252d9e86858207da7a57678d41d3f72c,428.93
9379c7bcb28f20733f795b1ffbf8833944ca4b02,431.07
116866284b8068c817ad53b2b611568a7be25090,428.41
af580c310cab08ed637afb235c22a83bb71f4f9a,421.97
a3d03f9a1ffbc4e9ba5bcbe991ca6ac2e5207f6b,426.40
57567c678cadb79fbc19b86e11391e325834dffb,422.10
67915c0fa8bed9943d5d74bc9d0ae1195dad059e,427.25
93e9d84da0e87896aaaac14769eece487ba9e64d,430.90
ba5d66010db39205e29289ae81122fc85299d145,425.76
8fae12eb11d6474061e189e184fa3cd170c735db,436.90
a52e669ca8bc48265accd57d610c0258f7891841,440.08
027c41520e029ae88e578cc9b28491a74d8bb25a,434.47
4d3ff3d8d5c59d73119f32b2fb8ad5992f546148,429.74
3f67316f30614c43d14533ccc5246f7d964db70e,436.92
25a4b0cf96a74ac71616775331327a2e9dc1e071,430.69
ec69d09deb79468edde57456c0f79c19128e19e1,428.00
211a0b397d251f043e9b2c4815a7e452741dbd0b,423.97
7520dee7b688bdab536bfd76fca47a65316d2147,424.68
d24b485e252d9e86858207da7a57678d41d3f72c,437.81
116866284b8068c817ad53b2b611568a7be25090,428.30
45e787d054b2851e0f3607bab47e2c41496efe76,429.40
c1d06490dce939b6ef82be14e61a01665b406fb0,438.70
c1d06490dce939b6ef82be14e61a01665b406fb0,425.98
8c211dc36f541f385b3de99edda9779c3a81a4ed,423.00
be365c578e7b9a0214eafb468a0753133345854b,427.05
2ee1b79fc9920ca1aff9d0402b1fb548f47305a2,436.53
c01af2290073af0ea42eb02dfe965b4cda58e112,437.01
9379c7bcb28f20733f795b1ffbf8833944ca4b02,424.83
6788a6daf22fc16c752cfa51d53b17a9436df1c0,426.03
ec69d09deb79468edde57456c0f79c19128e19e1,431.78
45e787d054b2851e0f3607bab47e2c41496efe76,426.51
211a0b397d251f043e9b2c4815a7e452741dbd0b,424.21
0081d162cca8ad23b500b53799195fec644f261b,440.14
14db439cfb817b8869bcd6f603960040059d9643,428.39
67915c0fa8bed9943d5d74bc9d0ae1195dad059e,430.15
5011bb4521d2569b1a9fe19c6ebc0744eca04e93,432.61
62ea04e4d5cbf91b1b1a225c90b8077e6db27e58,433.78
0c312ebdb813b1128061ba0d32b10f4a2e098c39,439.24
8fd43ac4b96f669d6bcb51d97b19a43b0e92d7ce,424.12
d16c8ce6b4e37dc775b2c67280e239cc0a7e4e72,426.63
9379c7bcb28f20733f795b1ffbf8833944ca4b02,429.53
28418f8335d2b359690e80e61d0081f4e892769c,427.12
116866284b8068c817ad53b2b611568a7be25090,423.63
7eeb74d133625c8819ba8da52e37f4e4db4b8a26,427.68
aec561f3328980182f299e61eaae45420245141b,441.64
36be16cd662f56ea0fc01bedf14c8651ed74776f,424.89
ed30e5c14b7ebdd2d9328150b65fadc09d833c71,422.20
7eeb74d133625c8819ba8da52e37f4e4db4b8a26,424.91
a3d03f9a1ffbc4e9ba5bcbe991ca6ac2e5207f6b,429.79
ad405f99cb5f41fb311fa086dbd6762a8e84264d,422.21
d24b485e252d9e86858207da7a57678d41d3f72c,429.15
fcab98cdd311deb3dd4fd63fef2bc6c4c397f186,430.53
ac809a4a5e816e69ede5f18005a519f0436a31c3,426.58
4f2ff53293ce4afb609ff7cb8b2d2fd27240cb39,428.22
c5898f198d035c91138a68f75206006ca466fe7c,427.08
8876eef256458e680ac0d65b48371d8518140fc3,437.79
5eecccd3eae2d7af9c8426473e9ee53bc01bc7c0,429.02
e6cc4ceff4e1d119f1779d1370ff99aaa2911f23,445.29
4d3ff3d8d5c59d73119f32b2fb8ad5992f546148,432.76
916d5399a698ccf3eb2e0f02f4cad234fedec177,436.10
79c672355bb31aa69c23d2dd1ed8cc3f89dd2844,444.40
19f2541e9dad74a7e734225f3d1b598324a6ea49,426.63
02c9052198ffbab5140b78a84d68886b190aa5d3,435.33
77add7946ea5bca622b1f4f654f97e62f6db1e95,436.21
79c672355bb31aa69c23d2dd1ed8cc3f89dd2844,439.65
4a0e5a59e690f53f4fbeb16ef80ba5afe66bb744,430.64
02c9052198ffbab5140b78a84d68886b190aa5d3,433.49
4b9bd67fcac532d7c1ed9553015f3ce1da75cce0,417.80
982e4f96560dadd33e627a1ecea7557f08745d98,432.73
ad203677d7d98af76d29ac8938dcdc7751ef14cc,422.48
4a0e5a59e690f53f4fbeb16ef80ba5afe66bb744,441.55
6c2032dc6cc1b502c88cad8964d59b668039c3db,447.07
48a63ff1edb2b35098ca14ff9e03733dd9fab0a6,431.27
10cfa0465c9d48f6a3ce3f5996259e77b43fa858,427.75
2ee1b79fc9920ca1aff9d0402b1fb548f47305a2,424.42
56ddff90e7e8511d79ba6dd1217b61fb1d4bfd88,422.91
ed30e5c14b7ebdd2d9328150b65fadc09d833c71,422.95
c5898f198d035c91138a68f75206006ca466fe7c,424.46
544281d17133045c19f52c1a0f3aa7b87ef7d231,426.80
916d5399a698ccf3eb2e0f02f4cad234fedec177,441.51
6c2032dc6cc1b502c88cad8964d59b668039c3db,430.72
6cff72ab387d211de65567d7537a73d81a37fd69,424.44
57567c678cadb79fbc19b86e11391e325834dffb,422.58
3d145b3543cd972b2f169cf29f650230f193d449,428.68
ad203677d7d98af76d29ac8938dcdc7751ef14cc,418.93
0c312ebdb813b1128061ba0d32b10f4a2e098c39,430.78
6c2032dc6cc1b502c88cad8964d59b668039c3db,436.48
6cff72ab387d211de65567d7537a73d81a37fd69,425.21
f992e41708287a8251dc9d92ce9db874e0e8f076,427.57
ec69d09deb79468edde57456c0f79c19128e19e1,423.98
cf3676c534e92052acf870c71e2fa8fb9c060fe6,435.08
02c9052198ffbab5140b78a84d68886b190aa5d3,435.65
6b60af669bc6102f0328af330532986b8670f3ac,426.68
5011bb4521d2569b1a9fe19c6ebc0744eca04e93,439.53
28418f8335d2b359690e80e61d0081f4e892769c,437.88
fcab98cdd311deb3dd4fd63fef2bc6c4c397f186,426.83
4f2ff53293ce4afb609ff7cb8b2d2fd27240cb39,437.49
3d145b3543cd972b2f169cf29f650230f193d449,430.65
97d203b3e70d9f2387fb6b11fb115b182e1f5e41,447.02
27a52f90a25699bebe23ff1ff94d6db361fdb11d,436.07
02c9052198ffbab5140b78a84d68886b190aa5d3,435.65
f74286ba358ec9c7e46778e0ce6edd7dd0143e72,423.54
982e4f96560dadd33e627a1ecea7557f08745d98,431.35
d16c8ce6b4e37dc775b2c67280e239cc0a7e4e72,432.67
02c9052198ffbab5140b78a84d68886b190aa5d3,447.82
45e787d054b2851e0f3607bab47e2c41496efe76,427.67
02c9052198ffbab5140b78a84d68886b190aa5d3,435.22
c01af2290073af0ea42eb02dfe965b4cda58e112,427.89
ac809a4a5e816e69ede5f18005a519f0436a31c3,421.00
a3d03f9a1ffbc4e9ba5bcbe991ca6ac2e5207f6b,442.95
8fae12eb11d6474061e189e184fa3cd170c735db,429.23
6cff72ab387d211de65567d7537a73d81a37fd69,434.98
57567c678cadb79fbc19b86e11391e325834dffb,425.61
be3ff9a853ebcf1369adf22bbd43f6712b1f6fe8,435.93
6cff72ab387d211de65567d7537a73d81a37fd69,434.97
ec69d09deb79468edde57456c0f79c19128e19e1,430.13
214c5686b075152d2bf8995731632080ed8f8e83,439.30
40a35750e655d5229744684086a9249b233058bf,437.64
c1d06490dce939b6ef82be14e61a01665b406fb0,425.67
ba5d66010db39205e29289ae81122fc85299d145,428.98
8fae12eb11d6474061e189e184fa3cd170c735db,425.44
05ea09d373e05aa538793ba042148f83859d1402,431.71
36be16cd662f56ea0fc01bedf14c8651ed74776f,434.72
371eaf76270b0aea4340c7e9359f02252074b007,427.97
8c211dc36f541f385b3de99edda9779c3a81a4ed,428.70
40a3cda062a8e856cd87b1f7b26d200d2c4980ec,439.74
4f2ff53293ce4afb609ff7cb8b2d2fd27240cb39,440.01
b044a777b1b967e249045a330c3112f079e9d65a,419.22
c4bb2a4933994931900cde164e517ff0e3a61353,430.47
5daa5a6229c51b0ddd442706efa29729ae28678a,437.80
c1d06490dce939b6ef82be14e61a01665b406fb0,428.82
214c5686b075152d2bf8995731632080ed8f8e83,432.55
02c9052198ffbab5140b78a84d68886b190aa5d3,436.80
97d203b3e70d9f2387fb6b11fb115b182e1f5e41,433.31
ed30e5c14b7ebdd2d9328150b65fadc09d833c71,426.88
cf3676c534e92052acf870c71e2fa8fb9c060fe6,435.05
4b9bd67fcac532d7c1ed9553015f3ce1da75cce0,423.84
211a0b397d251f043e9b2c4815a7e452741dbd0b,425.99
6c2032dc6cc1b502c88cad8964d59b668039c3db,434.91
93e9d84da0e87896aaaac14769eece487ba9e64d,433.86
be365c578e7b9a0214eafb468a0753133345854b,425.81
57567c678cadb79fbc19b86e11391e325834dffb,432.03
b044a777b1b967e249045a330c3112f079e9d65a,422.12
7199cf1e647fb410a4341c35f7007c5def4305e0,434.48
8c07dc18a69efe2ea811d4c1ffe630b56e2d8629,439.07
40a3cda062a8e856cd87b1f7b26d200d2c4980ec,428.18
4c3531886a0f7b2a3cd6987dc9c926c5eff8fd03,434.07
03a2c1278a96a69a2866ba6de4a37b420f3f1a52,421.32
4cfd3c373f49f8e56f53ae28c1401cc2f528e451,422.76
7eeb74d133625c8819ba8da52e37f4e4db4b8a26,434.49
14db439cfb817b8869bcd6f603960040059d9643,429.55
e2c62cdc3cc8f265af6ea100b60964ac6336d6e2,421.96
ac809a4a5e816e69ede5f18005a519f0436a31c3,422.41
8fd43ac4b96f669d6bcb51d97b19a43b0e92d7ce,425.53
c4bb2a4933994931900cde164e517ff0e3a61353,424.72
f74286ba358ec9c7e46778e0ce6edd7dd0143e72,429.20
4b9bd67fcac532d7c1ed9553015f3ce1da75cce0,423.81
19f2541e9dad74a7e734225f3d1b598324a6ea49,428.68
a3d03f9a1ffbc4e9ba5bcbe991ca6ac2e5207f6b,436.91
03a2c1278a96a69a2866ba6de4a37b420f3f1a52,425.02
25a4b0cf96a74ac71616775331327a2e9dc1e071,424.16
be3ff9a853ebcf1369adf22bbd43f6712b1f6fe8,431.42
7eeb74d133625c8819ba8da52e37f4e4db4b8a26,420.89
2660750b2e6691a2d5414f3f9f878b69a49539bb,428.41
d24b485e252d9e86858207da7a57678d41d3f72c,425.11
ac809a4a5e816e69ede5f18005a519f0436a31c3,425.03
0a79e4b5caaa7a885fbbe0a7775099edf92512af,427.90
116866284b8068c817ad53b2b611568a7be25090,436.77
56ddff90e7e8511d79ba6dd1217b61fb1d4bfd88,425.84
ad203677d7d98af76d29ac8938dcdc7751ef14cc,426.96
42a712e566064c971620061e46db1b77a5d4ef47,424.31
f0f3eab9c34cc32c6ad06a991fe572d243ca9e85,428.63
19f2541e9dad74a7e734225f3d1b598324a6ea49,435.58
d16c8ce6b4e37dc775b2c67280e239cc0a7e4e72,426.94
28418f8335d2b359690e80e61d0081f4e892769c,427.29
ec69d09deb79468edde57456c0f79c19128e19e1,429.03
2cce405d1eed3536b222f830220ef32f5a2937d7,441.81
8fae12eb11d6474061e189e184fa3cd170c735db,435.21
4c3531886a0f7b2a3cd6987dc9c926c5eff8fd03,427.62
4cfd3c373f49f8e56f53ae28c1401cc2f528e451,423.98
7520dee7b688bdab536bfd76fca47a65316d2147,426.91
9379c7bcb28f20733f795b1ffbf8833944ca4b02,436.35
af580c310cab08ed637afb235c22a83bb71f4f9a,426.21
0831a08ea788e93c68159318fe8880d435d40c23,427.10
b044a777b1b967e249045a330c3112f079e9d65a,418.63
116866284b8068c817ad53b2b611568a7be25090,426.59
97d203b3e70d9f2387fb6b11fb115b182e1f5e41,432.37
d16c8ce6b4e37dc775b2c67280e239cc0a7e4e72,434.58
ed30e5c14b7ebdd2d9328150b65fadc09d833c71,426.93
93e9d84da0e87896aaaac14769eece487ba9e64d,429.22
6788a6daf22fc16c752cfa51d53b17a9436df1c0,423.69
48a63ff1edb2b35098ca14ff9e03733dd9fab0a6,423.67
5eecccd3eae2d7af9c8426473e9ee53bc01bc7c0,427.88
27a52f90a25699bebe23ff1ff94d6db361fdb11d,444.16
211a0b397d251f043e9b2c4815a7e452741dbd0b,427.46
48a63ff1edb2b35098ca14ff9e03733dd9fab0a6,425.56
4cfd3c373f49f8e56f53ae28c1401cc2f528e451,427.36
d24b485e252d9e86858207da7a57678d41d3f72c,430.82
d16c8ce6b4e37dc775b2c67280e239cc0a7e4e72,427.70
10cfa0465c9d48f6a3ce3f5996259e77b43fa858,428.71
7eeb74d133625c8819ba8da52e37f4e4db4b8a26,428.48
d16c8ce6b4e37dc775b2c67280e239cc0a7e4e72,439.20
57567c678cadb79fbc19b86e11391e325834dffb,422.41
116866284b8068c817ad53b2b611568a7be25090,424.72
02c9052198ffbab5140b78a84d68886b190aa5d3,431.56
4c3531886a0f7b2a3cd6987dc9c926c5eff8fd03,428.45
211a0b397d251f043e9b2c4815a7e452741dbd0b,424.78
671e03b570f586b6583feb1ee3ddb5d5c62bd50c,428.29
496e6a1e56c3af11c8071820c74565bc55f1850d,435.49
af580c310cab08ed637afb235c22a83bb71f4f9a,416.25
aec561f3328980182f299e61eaae45420245141b,440.58
57567c678cadb79fbc19b86e11391e325834dffb,421.62
e2c62cdc3cc8f265af6ea100b60964ac6336d6e2,425.35
116866284b8068c817ad53b2b611568a7be25090,433.93
57567c678cadb79fbc19b86e11391e325834dffb,425.67
9379c7bcb28f20733f795b1ffbf8833944ca4b02,425.47
8876eef256458e680ac0d65b48371d8518140fc3,427.60
916d5399a698ccf3eb2e0f02f4cad234fedec177,448.36
214c5686b075152d2bf8995731632080ed8f8e83,436.77
56ddff90e7e8511d79ba6dd1217b61fb1d4bfd88,428.90
a3d03f9a1ffbc4e9ba5bcbe991ca6ac2e5207f6b,434.94
40a35750e655d5229744684086a9249b233058bf,438.22
3eb8a67876703682e4156b378871911870fcaad9,431.35
e2c62cdc3cc8f265af6ea100b60964ac6336d6e2,431.69
6cff72ab387d211de65567d7537a73d81a37fd69,427.88
8fae12eb11d6474061e189e184fa3cd170c735db,428.09
4c3531886a0f7b2a3cd6987dc9c926c5eff8fd03,425.88
c1d06490dce939b6ef82be14e61a01665b406fb0,436.52
8c211dc36f541f385b3de99edda9779c3a81a4ed,429.54
0c312ebdb813b1128061ba0d32b10f4a2e098c39,438.93
8fd43ac4b96f669d6bcb51d97b19a43b0e92d7ce,429.35
4c3531886a0f7b2a3cd6987dc9c926c5eff8fd03,424.29
916d5399a698ccf3eb2e0f02f4cad234fedec177,433.15
916d5399a698ccf3eb2e0f02f4cad234fedec177,444.38
7199cf1e647fb410a4341c35f7007c5def4305e0,434.09
7520dee7b688bdab536bfd76fca47a65316d2147,431.40
2ee1b79fc9920ca1aff9d0402b1fb548f47305a2,442.10
af580c310cab08ed637afb235c22a83bb71f4f9a,420.38
ba5d66010db39205e29289ae81122fc85299d145,435.76
7520dee7b688bdab536bfd76fca47a65316d2147,430.71
847e03ecfe09ae074844e5821ee185cd8c581f42,424.88
671e03b570f586b6583feb1ee3ddb5d5c62bd50c,428.48
8876eef256458e680ac0d65b48371d8518140fc3,431.75
0c312ebdb813b1128061ba0d32b10f4a2e098c39,441.07
f74286ba358ec9c7e46778e0ce6edd7dd0143e72,436.51
5011bb4521d2569b1a9fe19c6ebc0744eca04e93,430.25
79c672355bb31aa69c23d2dd1ed8cc3f89dd2844,427.01
36be16cd662f56ea0fc01bedf14c8651ed74776f,434.72
19f2541e9dad74a7e734225f3d1b598324a6ea49,434.40
57567c678cadb79fbc19b86e11391e325834dffb,423.07
c4bb2a4933994931900cde164e517ff0e3a61353,425.08
8c07dc18a69efe2ea811d4c1ffe630b56e2d8629,433.25
ed30e5c14b7ebdd2d9328150b65fadc09d833c71,423.55
fcab98cdd311deb3dd4fd63fef2bc6c4c397f186,425.11
e2c62cdc3cc8f265af6ea100b60964ac6336d6e2,424.96
916d5399a698ccf3eb2e0f02f4cad234fedec177,433.98
aec561f3328980182f299e61eaae45420245141b,436.27
6b60af669bc6102f0328af330532986b8670f3ac,434.76
916d5399a698ccf3eb2e0f02f4cad234fedec177,455.52
14db439cfb817b8869bcd6f603960040059d9643,427.10
0081d162cca8ad23b500b53799195fec644f261b,433.02
7199cf1e647fb410a4341c35f7007c5def4305e0,428.69
f992e41708287a8251dc9d92ce9db874e0e8f076,424.67
847e03ecfe09ae074844e5821ee185cd8c581f42,429.54
027c41520e029ae88e578cc9b28491a74d8bb25a,443.29
f992e41708287a8251dc9d92ce9db874e0e8f076,423.76
ad405f99cb5f41fb311fa086dbd6762a8e84264d,421.31
5eecccd3eae2d7af9c8426473e9ee53bc01bc7c0,440.44
4cfd3c373f49f8e56f53ae28c1401cc2f528e451,423.59
4cfd3c373f49f8e56f53ae28c1401cc2f528e451,425.56
544281d17133045c19f52c1a0f3aa7b87ef7d231,419.63
c5898f198d035c91138a68f75206006ca466fe7c,434.19
a52e669ca8bc48265accd57d610c0258f7891841,421.29
4b9bd67fcac532d7c1ed9553015f3ce1da75cce0,422.48
e2c62cdc3cc8f265af6ea100b60964ac6336d6e2,428.14
3d145b3543cd972b2f169cf29f650230f193d449,425.74
496e6a1e56c3af11c8071820c74565bc55f1850d,422.38
6cff72ab387d211de65567d7537a73d81a37fd69,431.30
4d3ff3d8d5c59d73119f32b2fb8ad5992f546148,426.87
03a2c1278a96a69a2866ba6de4a37b420f3f1a52,428.63
5daa5a6229c51b0ddd442706efa29729ae28678a,426.00
25a4b0cf96a74ac71616775331327a2e9dc1e071,417.60
45e787d054b2851e0f3607bab47e2c41496efe76,427.85
4a0e5a59e690f53f4fbeb16ef80ba5afe66bb744,428.08
5daa5a6229c51b0ddd442706efa29729ae28678a,425.26
25a4b0cf96a74ac71616775331327a2e9dc1e071,422.93
56ddff90e7e8511d79ba6dd1217b61fb1d4bfd88,430.12
2ee1b79fc9920ca1aff9d0402b1fb548f47305a2,424.02
5011bb4521d2569b1a9fe19c6ebc0744eca04e93,429.58
5eecccd3eae2d7af9c8426473e9ee53bc01bc7c0,439.12
d2f4ea69702a20eb74cc0e43491fc156d0c88d6e,426.72
8c07dc18a69efe2ea811d4c1ffe630b56e2d8629,441.85
ad405f99cb5f41fb311fa086dbd6762a8e84264d,420.30
a3d03f9a1ffbc4e9ba5bcbe991ca6ac2e5207f6b,428.23
93e9d84da0e87896aaaac14769eece487ba9e64d,439.42
05ea09d373e05aa538793ba042148f83859d1402,440.39
05ea09d373e05aa538793ba042148f83859d1402,434.88
40a3cda062a8e856cd87b1f7b26d200d2c4980ec,430.23
8876eef256458e680ac0d65b48371d8518140fc3,426.92
6c945b25b006e621a056c97ad75d80fcc04ff3fd,429.43
7199cf1e647fb410a4341c35f7007c5def4305e0,424.19
f74286ba358ec9c7e46778e0ce6edd7dd0143e72,426.83
e2c62cdc3cc8f265af6ea100b60964ac6336d6e2,424.37
a52e669ca8bc48265accd57d610c0258f7891841,432.04
ed30e5c14b7ebdd2d9328150b65fadc09d833c71,422.14
8c211dc36f541f385b3de99edda9779c3a81a4ed,433.75
fcab98cdd311deb3dd4fd63fef2bc6c4c397f186,442.35
8fd43ac4b96f669d6bcb51d97b19a43b0e92d7ce,427.90
027c41520e029ae88e578cc9b28491a74d8bb25a,424.68
6b60af669bc6102f0328af330532986b8670f3ac,438.75
3eb8a67876703682e4156b378871911870fcaad9,432.17
3ff2694aa22c5e12bbc67b9d7ddf736a9cb82e5d,422.54
0081d162cca8ad23b500b53799195fec644f261b,443.39
ed30e5c14b7ebdd2d9328150b65fadc09d833c71,430.85
2ee1b79fc9920ca1aff9d0402b1fb548f47305a2,440.57
05ea09d373e05aa538793ba042148f83859d1402,431.77
544281d17133045c19f52c1a0f3aa7b87ef7d231,434.33
5011bb4521d2569b1a9fe19c6ebc0744eca04e93,432.49
6c945b25b006e621a056c97ad75d80fcc04ff3fd,431.52
e2c62cdc3cc8f265af6ea100b60964ac6336d6e2,422.92
be3ff9a853ebcf1369adf22bbd43f6712b1f6fe8,429.73
6c945b25b006e621a056c97ad75d80fcc04ff3fd,427.40
6cff72ab387d211de65567d7537a73d81a37fd69,433.15
36be16cd662f56ea0fc01bedf14c8651ed74776f,424.47
8c211dc36f541f385b3de99edda9779c3a81a4ed,439.46
36be16cd662f56ea0fc01bedf14c8651ed74776f,433.91
916d5399a698ccf3eb2e0f02f4cad234fedec177,437.83
fcab98cdd311deb3dd4fd63fef2bc6c4c397f186,431.45
40a35750e655d5229744684086a9249b233058bf,428.40
3eb8a67876703682e4156b378871911870fcaad9,442.03
af580c310cab08ed637afb235c22a83bb71f4f9a,423.02
42a712e566064c971620061e46db1b77a5d4ef47,425.19
10cfa0465c9d48f6a3ce3f5996259e77b43fa858,427.24
93e9d84da0e87896aaaac14769eece487ba9e64d,428.50
6b60af669bc6102f0328af330532986b8670f3ac,428.01
982e4f96560dadd33e627a1ecea7557f08745d98,437.35
ba5d66010db39205e29289ae81122fc85299d145,424.64
40a3cda062a8e856cd87b1f7b26d200d2c4980ec,426.06
aec561f3328980182f299e61eaae45420245141b,433.37
6b60af669bc6102f0328af330532986b8670f3ac,427.79
8c07dc18a69efe2ea811d4c1ffe630b56e2d8629,430.40
027c41520e029ae88e578cc9b28491a74d8bb25a,445.06
6788a6daf22fc16c752cfa51d53b17a9436df1c0,427.32
40a3cda062a8e856cd87b1f7b26d200d2c4980ec,425.79
aec561f3328980182f299e61eaae45420245141b,433.86
10cfa0465c9d48f6a3ce3f5996259e77b43fa858,425.16
57567c678cadb79fbc19b86e11391e325834dffb,425.87
8fd43ac4b96f669d6bcb51d97b19a43b0e92d7ce,425.71
ec69d09deb79468edde57456c0f79c19128e19e1,434.78
3ff2694aa22c5e12bbc67b9d7ddf736a9cb82e5d,429.97
3ff2694aa22c5e12bbc67b9d7ddf736a9cb82e5d,430.10
6788a6daf22fc16c752cfa51d53b17a9436df1c0,425.11
79c672355bb31aa69c23d2dd1ed8cc3f89dd2844,427.23
3eb8a67876703682e4156b378871911870fcaad9,434.63
bb4ead7c350695c1ed3c52d028090da4d4cecd1e,431.10
f0f3eab9c34cc32c6ad06a991fe572d243ca9e85,423.49
8c211dc36f541f385b3de99edda9779c3a81a4ed,424.58
211a0b397d251f043e9b2c4815a7e452741dbd0b,423.91
28418f8335d2b359690e80e61d0081f4e892769c,426.05
6cff72ab387d211de65567d7537a73d81a37fd69,434.82
10cfa0465c9d48f6a3ce3f5996259e77b43fa858,434.21
a3d03f9a1ffbc4e9ba5bcbe991ca6ac2e5207f6b,431.28
27a52f90a25699bebe23ff1ff94d6db361fdb11d,439.71
ed30e5c14b7ebdd2d9328150b65fadc09d833c71,428.65
67915c0fa8bed9943d5d74bc9d0ae1195dad059e,433.78
4f2ff53293ce4afb609ff7cb8b2d2fd27240cb39,424.57
6b0dd15b9542b184a55040de992e0140e613fec8,417.96
4d3ff3d8d5c59d73119f32b2fb8ad5992f546148,432.24
48a63ff1edb2b35098ca14ff9e03733dd9fab0a6,433.83
4b9bd67fcac532d7c1ed9553015f3ce1da75cce0,438.30
14db439cfb817b8869bcd6f603960040059d9643,428.08
cf3676c534e92052acf870c71e2fa8fb9c060fe6,434.33
e7ebe6999d28e37532f625cbca3552720cd1e612,439.92
40a3cda062a8e856cd87b1f7b26d200d2c4980ec,430.92
3f67316f30614c43d14533ccc5246f7d964db70e,425.58
62ea04e4d5cbf91b1b1a225c90b8077e6db27e58,432.10
6788a6daf22fc16c752cfa51d53b17a9436df1c0,423.12
8c211dc36f541f385b3de99edda9779c3a81a4ed,428.46
3f67316f30614c43d14533ccc5246f7d964db70e,425.85
982e4f96560dadd33e627a1ecea7557f08745d98,437.47
d16c8ce6b4e37dc775b2c67280e239cc0a7e4e72,428.49
97d203b3e70d9f2387fb6b11fb115b182e1f5e41,429.56
496e6a1e56c3af11c8071820c74565bc55f1850d,430.94
c5898f198d035c91138a68f75206006ca466fe7c,423.06
5011bb4521d2569b1a9fe19c6ebc0744eca04e93,431.65
0081d162cca8ad23b500b53799195fec644f261b,429.92
d24b485e252d9e86858207da7a57678d41d3f72c,434.22
27a52f90a25699bebe23ff1ff94d6db361fdb11d,433.69
be365c578e7b9a0214eafb468a0753133345854b,436.23
14db439cfb817b8869bcd6f603960040059d9643,433.32
d16c8ce6b4e37dc775b2c67280e239cc0a7e4e72,424.06
6c945b25b006e621a056c97ad75d80fcc04ff3fd,437.45
be3ff9a853ebcf1369adf22bbd43f6712b1f6fe8,429.03
67915c0fa8bed9943d5d74bc9d0ae1195dad059e,425.20
982e4f96560dadd33e627a1ecea7557f08745d98,430.00
f0f3eab9c34cc32c6ad06a991fe572d243ca9e85,420.87
be3ff9a853ebcf1369adf22bbd43f6712b1f6fe8,424.54
42a712e566064c971620061e46db1b77a5d4ef47,437.16
6c945b25b006e621a056c97ad75d80fcc04ff3fd,429.78
847e03ecfe09ae074844e5821ee185cd8c581f42,427.60
af580c310cab08ed637afb235c22a83bb71f4f9a,427.12
af580c310cab08ed637afb235c22a83bb71f4f9a,421.29
2cce405d1eed3536b222f830220ef32f5a2937d7,433.00
10cfa0465c9d48f6a3ce3f5996259e77b43fa858,431.38
4c3531886a0f7b2a3cd6987dc9c926c5eff8fd03,429.42
03a2c1278a96a69a2866ba6de4a37b420f3f1a52,428.16
02c9052198ffbab5140b78a84d68886b190aa5d3,437.06
10cfa0465c9d48f6a3ce3f5996259e77b43fa858,425.05
ed30e5c14b7ebdd2d9328150b65fadc09d833c71,422.40
bb4ead7c350695c1ed3c52d028090da4d4cecd1e,437.63
10cfa0465c9d48f6a3ce3f5996259e77b43fa858,437.23
7eeb74d133625c8819ba8da52e37f4e4db4b8a26,430.60
916d5399a698ccf3eb2e0f02f4cad234fedec177,435.52
3eb8a67876703682e4156b378871911870fcaad9,437.73
2660750b2e6691a2d5414f3f9f878b69a49539bb,427.91
fcab98cdd311deb3dd4fd63fef2bc6c4c397f186,431.82
25a4b0cf96a74ac71616775331327a2e9dc1e071,429.44
f74286ba358ec9c7e46778e0ce6edd7dd0143e72,426.31
ba5d66010db39205e29289ae81122fc85299d145,430.49
116866284b8068c817ad53b2b611568a7be25090,423.43
36be16cd662f56ea0fc01bedf14c8651ed74776f,429.11
97d203b3e70d9f2387fb6b11fb115b182e1f5e41,435.18
77add7946ea5bca622b1f4f654f97e62f6db1e95,436.97
211a0b397d251f043e9b2c4815a7e452741dbd0b,419.31
03a2c1278a96a69a2866ba6de4a37b420f3f1a52,430.26
3d145b3543cd972b2f169cf29f650230f193d449,426.74
671e03b570f586b6583feb1ee3ddb5d5c62bd50c,430.39
5011bb4521d2569b1a9fe19c6ebc0744eca04e93,423.69
36be16cd662f56ea0fc01bedf14c8651ed74776f,425.13
a52e669ca8bc48265accd57d610c0258f7891841,431.79
4c3531886a0f7b2a3cd6987dc9c926c5eff8fd03,436.17
3d145b3543cd972b2f169cf29f650230f193d449,422.78
3ff2694aa22c5e12bbc67b9d7ddf736a9cb82e5d,423.14
77add7946ea5bca622b1f4f654f97e62f6db1e95,433.40
40a35750e655d5229744684086a9249b233058bf,426.71
3eb8a67876703682e4156b378871911870fcaad9,441.51
671e03b570f586b6583feb1ee3ddb5d5c62bd50c,425.35
916d5399a698ccf3eb2e0f02f4cad234fedec177,434.63
e6cc4ceff4e1d119f1779d1370ff99aaa2911f23,436.26
fcab98cdd311deb3dd4fd63fef2bc6c4c397f186,432.57
3d145b3543cd972b2f169cf29f650230f193d449,429.48
2ee1b79fc9920ca1aff9d0402b1fb548f47305a2,425.38
9379c7bcb28f20733f795b1ffbf8833944ca4b02,434.76
7199cf1e647fb410a4341c35f7007c5def4305e0,441.87
e6cc4ceff4e1d119f1779d1370ff99aaa2911f23,435.51
3f67316f30614c43d14533ccc5246f7d964db70e,429.25
3f67316f30614c43d14533ccc5246f7d964db70e,429.97
2660750b2e6691a2d5414f3f9f878b69a49539bb,426.34
214c5686b075152d2bf8995731632080ed8f8e83,440.91
2ee1b79fc9920ca1aff9d0402b1fb548f47305a2,431.30
f0f3eab9c34cc32c6ad06a991fe572d243ca9e85,432.81
19f2541e9dad74a7e734225f3d1b598324a6ea49,431.69
28418f8335d2b359690e80e61d0081f4e892769c,426.06
f74286ba358ec9c7e46778e0ce6edd7dd0143e72,437.06
97d203b3e70d9f2387fb6b11fb115b182e1f5e41,432.22
48a63ff1edb2b35098ca14ff9e03733dd9fab0a6,429.88
af580c310cab08ed637afb235c22a83bb71f4f9a,431.57
f74286ba358ec9c7e46778e0ce6edd7dd0143e72,433.46
3ff2694aa22c5e12bbc67b9d7ddf736a9cb82e5d,430.86
8c07dc18a69efe2ea811d4c1ffe630b56e2d8629,443.09
ad203677d7d98af76d29ac8938dcdc7751ef14cc,429.56
8fae12eb11d6474061e189e184fa3cd170c735db,426.96
ad203677d7d98af76d29ac8938dcdc7751ef14cc,419.24
40a35750e655d5229744684086a9249b233058bf,431.43
14db439cfb817b8869bcd6f603960040059d9643,427.54
027c41520e029ae88e578cc9b28491a74d8bb25a,443.25
7520dee7b688bdab536bfd76fca47a65316d2147,427.76
be365c578e7b9a0214eafb468a0753133345854b,425.72
027c41520e029ae88e578cc9b28491a74d8bb25a,432.93
e6cc4ceff4e1d119f1779d1370ff99aaa2911f23,431.13
27a52f90a25699bebe23ff1ff94d6db361fdb11d,438.63
3d145b3543cd972b2f169cf29f650230f193d449,430.33
e6cc4ceff4e1d119f1779d1370ff99aaa2911f23,440.94
7eeb74d133625c8819ba8da52e37f4e4db4b8a26,430.47
25a4b0cf96a74ac71616775331327a2e9dc1e071,427.84
40a35750e655d5229744684086a9249b233058bf,428.94
c4bb2a4933994931900cde164e517ff0e3a61353,424.97
cf3676c534e92052acf870c71e2fa8fb9c060fe6,431.96
3ff2694aa22c5e12bbc67b9d7ddf736a9cb82e5d,430.51
214c5686b075152d2bf8995731632080ed8f8e83,440.24
a52e669ca8bc48265accd57d610c0258f7891841,441.54
f74286ba358ec9c7e46778e0ce6edd7dd0143e72,434.14
371eaf76270b0aea4340c7e9359f02252074b007,432.48
ba5d66010db39205e29289ae81122fc85299d145,426.56
93e9d84da0e87896aaaac14769eece487ba9e64d,430.87
10cfa0465c9d48f6a3ce3f5996259e77b43fa858,427.17
e2c62cdc3cc8f265af6ea100b60964ac6336d6e2,424.90
27a52f90a25699bebe23ff1ff94d6db361fdb11d,443.44
6b0dd15b9542b184a55040de992e0140e613fec8,422.83
36be16cd662f56ea0fc01bedf14c8651ed74776f,425.13
2ee1b79fc9920ca1aff9d0402b1fb548f47305a2,429.76
214c5686b075152d2bf8995731632080ed8f8e83,435.09
40a3cda062a8e856cd87b1f7b26d200d2c4980ec,427.96
19f2541e9dad74a7e734225f3d1b598324a6ea49,435.49
496e6a1e56c3af11c8071820c74565bc55f1850d,427.52
371eaf76270b0aea4340c7e9359f02252074b007,430.39
a3d03f9a1ffbc4e9ba5bcbe991ca6ac2e5207f6b,431.49
8fae12eb11d6474061e189e184fa3cd170c735db,437.01
982e4f96560dadd33e627a1ecea7557f08745d98,430.98
ed30e5c14b7ebdd2d9328150b65fadc09d833c71,423.27
36be16cd662f56ea0fc01bedf14c8651ed74776f,438.20
0831a08ea788e93c68159318fe8880d435d40c23,425.60
40a35750e655d5229744684086a9249b233058bf,427.83
b044a777b1b967e249045a330c3112f079e9d65a,433.74
9379c7bcb28f20733f795b1ffbf8833944ca4b02,428.97
03a2c1278a96a69a2866ba6de4a37b420f3f1a52,431.77
25a4b0cf96a74ac71616775331327a2e9dc1e071,422.54
8fd43ac4b96f669d6bcb51d97b19a43b0e92d7ce,424.56
6cff72ab387d211de65567d7537a73d81a37fd69,425.20
7199cf1e647fb410a4341c35f7007c5def4305e0,434.43
19f2541e9dad74a7e734225f3d1b598324a6ea49,439.16
c5898f198d035c91138a68f75206006ca466fe7c,426.15
7199cf1e647fb410a4341c35f7007c5def4305e0,429.82
0831a08ea788e93c68159318fe8880d435d40c23,418.89
7199cf1e647fb410a4341c35f7007c5def4305e0,430.58
48a63ff1edb2b35098ca14ff9e03733dd9fab0a6,423.80
b044a777b1b967e249045a330c3112f079e9d65a,424.13
8876eef256458e680ac0d65b48371d8518140fc3,424.72
be365c578e7b9a0214eafb468a0753133345854b,436.48
6b60af669bc6102f0328af330532986b8670f3ac,432.76
3d145b3543cd972b2f169cf29f650230f193d449,427.58
e6cc4ceff4e1d119f1779d1370ff99aaa2911f23,435.02
0081d162cca8ad23b500b53799195fec644f261b,440.67
2660750b2e6691a2d5414f3f9f878b69a49539bb,430.00
0c312ebdb813b1128061ba0d32b10f4a2e098c39,427.70
56ddff90e7e8511d79ba6dd1217b61fb1d4bfd88,441.10
544281d17133045c19f52c1a0f3aa7b87ef7d231,432.79
25a4b0cf96a74ac71616775331327a2e9dc1e071,423.55
4a0e5a59e690f53f4fbeb16ef80ba5afe66bb744,424.43
40a35750e655d5229744684086a9249b233058bf,444.47
982e4f96560dadd33e627a1ecea7557f08745d98,432.15
6c2032dc6cc1b502c88cad8964d59b668039c3db,440.70
ad405f99cb5f41fb311fa086dbd6762a8e84264d,421.64
ac809a4a5e816e69ede5f18005a519f0436a31c3,422.17
3f67316f30614c43d14533ccc5246f7d964db70e,424.93
56ddff90e7e8511d79ba6dd1217b61fb1d4bfd88,432.12
ac809a4a5e816e69ede5f18005a519f0436a31c3,428.04
14db439cfb817b8869bcd6f603960040059d9643,441.88
05ea09d373e05aa538793ba042148f83859d1402,432.62
f0f3eab9c34cc32c6ad06a991fe572d243ca9e85,427.24
214c5686b075152d2bf8995731632080ed8f8e83,438.21
f74286ba358ec9c7e46778e0ce6edd7dd0143e72,425.61
7199cf1e647fb410a4341c35f7007c5def4305e0,434.52
48a63ff1edb2b35098ca14ff9e03733dd9fab0a6,421.23
6788a6daf22fc16c752cfa51d53b17a9436df1c0,423.67
671e03b570f586b6583feb1ee3ddb5d5c62bd50c,423.75
5daa5a6229c51b0ddd442706efa29729ae28678a,425.14
d24b485e252d9e86858207da7a57678d41d3f72c,430.11
0a79e4b5caaa7a885fbbe0a7775099edf92512af,429.48
f74286ba358ec9c7e46778e0ce6edd7dd0143e72,428.26
67915c0fa8bed9943d5d74bc9d0ae1195dad059e,424.41
03a2c1278a96a69a2866ba6de4a37b420f3f1a52,425.02
03a2c1278a96a69a2866ba6de4a37b420f3f1a52,431.66
03a2c1278a96a69a2866ba6de4a37b420f3f1a52,432.52
6b0dd15b9542b184a55040de992e0140e613fec8,431.95
cf3676c534e92052acf870c71e2fa8fb9c060fe6,435.88
116866284b8068c817ad53b2b611568a7be25090,434.13
7199cf1e647fb410a4341c35f7007c5def4305e0,437.41
be365c578e7b9a0214eafb468a0753133345854b,434.81
116866284b8068c817ad53b2b611568a7be25090,425.97
ad203677d7d98af76d29ac8938dcdc7751ef14cc,420.13
be3ff9a853ebcf1369adf22bbd43f6712b1f6fe8,429.27
7199cf1e647fb410a4341c35f7007c5def4305e0,432.81
f992e41708287a8251dc9d92ce9db874e0e8f076,428.71
d24b485e252d9e86858207da7a57678d41d3f72c,428.06
4cfd3c373f49f8e56f53ae28c1401cc2f528e451,428.45
af580c310cab08ed637afb235c22a83bb71f4f9a,426.77
48a63ff1edb2b35098ca14ff9e03733dd9fab0a6,422.36
25a4b0cf96a74ac71616775331327a2e9dc1e071,422.39
10cfa0465c9d48f6a3ce3f5996259e77b43fa858,427.53
ad203677d7d98af76d29ac8938dcdc7751ef14cc,426.11
42a712e566064c971620061e46db1b77a5d4ef47,425.92
d2f4ea69702a20eb74cc0e43491fc156d0c88d6e,429.97
79c672355bb31aa69c23d2dd1ed8cc3f89dd2844,433.00
28418f8335d2b359690e80e61d0081f4e892769c,423.91
97d203b3e70d9f2387fb6b11fb115b182e1f5e41,433.39
ed30e5c14b7ebdd2d9328150b65fadc09d833c71,434.82
25a4b0cf96a74ac71616775331327a2e9dc1e071,424.86
97d203b3e70d9f2387fb6b11fb115b182e1f5e41,433.67
0081d162cca8ad23b500b53799195fec644f261b,444.98
ad203677d7d98af76d29ac8938dcdc7751ef14cc,421.54
9379c7bcb28f20733f795b1ffbf8833944ca4b02,430.74
982e4f96560dadd33e627a1ecea7557f08745d98,426.85
d2f4ea69702a20eb74cc0e43491fc156d0c88d6e,431.32
916d5399a698ccf3eb2e0f02f4cad234fedec177,441.60
4cfd3c373f49f8e56f53ae28c1401cc2f528e451,426.89
19f2541e9dad74a7e734225f3d1b598324a6ea49,432.58
0c312ebdb813b1128061ba0d32b10f4a2e098c39,425.58
3ff2694aa22c5e12bbc67b9d7ddf736a9cb82e5d,424.01
496e6a1e56c3af11c8071820c74565bc55f1850d,424.01
6788a6daf22fc16c752cfa51d53b17a9436df1c0,426.42
93e9d84da0e87896aaaac14769eece487ba9e64d,427.49
c1d06490dce939b6ef82be14e61a01665b406fb0,431.53
ac809a4a5e816e69ede5f18005a519f0436a31c3,425.03
d2f4ea69702a20eb74cc0e43491fc156d0c88d6e,428.09
67915c0fa8bed9943d5d74bc9d0ae1195dad059e,436.96
7520dee7b688bdab536bfd76fca47a65316d2147,426.69
f992e41708287a8251dc9d92ce9db874e0e8f076,434.33
0a79e4b5caaa7a885fbbe0a7775099edf92512af,428.62
14db439cfb817b8869bcd6f603960040059d9643,433.05
97d203b3e70d9f2387fb6b11fb115b182e1f5e41,432.88
a52e669ca8bc48265accd57d610c0258f7891841,439.35
6b0dd15b9542b184a55040de992e0140e613fec8,424.16
27a52f90a25699bebe23ff1ff94d6db361fdb11d,434.64
b044a777b1b967e249045a330c3112f079e9d65a,426.45
e7ebe6999d28e37532f625cbca3552720cd1e612,433.29
97d203b3e70d9f2387fb6b11fb115b182e1f5e41,433.91
bb4ead7c350695c1ed3c52d028090da4d4cecd1e,437.28
211a0b397d251f043e9b2c4815a7e452741dbd0b,426.06
8876eef256458e680ac0d65b48371d8518140fc3,426.42
496e6a1e56c3af11c8071820c74565bc55f1850d,427.08
3eb8a67876703682e4156b378871911870fcaad9,427.41
a52e669ca8bc48265accd57d610c0258f7891841,426.13
496e6a1e56c3af11c8071820c74565bc55f1850d,424.08
3eb8a67876703682e4156b378871911870fcaad9,432.82
847e03ecfe09ae074844e5821ee185cd8c581f42,428.25
62ea04e4d5cbf91b1b1a225c90b8077e6db27e58,430.57
ec69d09deb79468edde57456c0f79c19128e19e1,444.10
4cfd3c373f49f8e56f53ae28c1401cc2f528e451,423.55
0a79e4b5caaa7a885fbbe0a7775099edf92512af,429.32
2ee1b79fc9920ca1aff9d0402b1fb548f47305a2,426.57
4f2ff53293ce4afb609ff7cb8b2d2fd27240cb39,423.95
4c3531886a0f7b2a3cd6987dc9c926c5eff8fd03,437.48
8876eef256458e680ac0d65b48371d8518140fc3,428.59
5eecccd3eae2d7af9c8426473e9ee53bc01bc7c0,430.09
3d145b3543cd972b2f169cf29f650230f193d449,424.79
2cce405d1eed3536b222f830220ef32f5a2937d7,449.39
02c9052198ffbab5140b78a84d68886b190aa5d3,436.93
5daa5a6229c51b0ddd442706efa29729ae28678a,430.39
4c3531886a0f7b2a3cd6987dc9c926c5eff8fd03,432.21
f607d8fcf01d7053b61b63aabfb8c4d7a0f7e02f,428.68
8fd43ac4b96f669d6bcb51d97b19a43b0e92d7ce,428.96
be365c578e7b9a0214eafb468a0753133345854b,430.26
7eeb74d133625c8819ba8da52e37f4e4db4b8a26,426.66
c01af2290073af0ea42eb02dfe965b4cda58e112,426.16
0c312ebdb813b1128061ba0d32b10f4a2e098c39,430.02
496e6a1e56c3af11c8071820c74565bc55f1850d,423.98
fcab98cdd311deb3dd4fd63fef2bc6c4c397f186,427.87
116866284b8068c817ad53b2b611568a7be25090,429.45
8c07dc18a69efe2ea811d4c1ffe630b56e2d8629,438.31
67915c0fa8bed9943d5d74bc9d0ae1195dad059e,427.32
6c2032dc6cc1b502c88cad8964d59b668039c3db,435.27
8c07dc18a69efe2ea811d4c1ffe630b56e2d8629,428.69
c1d06490dce939b6ef82be14e61a01665b406fb0,443.54
25a4b0cf96a74ac71616775331327a2e9dc1e071,422.27
211a0b397d251f043e9b2c4815a7e452741dbd0b,420.45
4cfd3c373f49f8e56f53ae28c1401cc2f528e451,422.90
2cce405d1eed3536b222f830220ef32f5a2937d7,427.19
3ff2694aa22c5e12bbc67b9d7ddf736a9cb82e5d,425.49
d16c8ce6b4e37dc775b2c67280e239cc0a7e4e72,427.30
3f67316f30614c43d14533ccc5246f7d964db70e,424.54
48a63ff1edb2b35098ca14ff9e03733dd9fab0a6,422.65
aec561f3328980182f299e61eaae45420245141b,432.90
d2f4ea69702a20eb74cc0e43491fc156d0c88d6e,429.61
5eecccd3eae2d7af9c8426473e9ee53bc01bc7c0,428.32
3eb8a67876703682e4156b378871911870fcaad9,433.19
f74286ba358ec9c7e46778e0ce6edd7dd0143e72,431.95
4a0e5a59e690f53f4fbeb16ef80ba5afe66bb744,430.01
7520dee7b688bdab536bfd76fca47a65316d2147,432.72
ad203677d7d98af76d29ac8938dcdc7751ef14cc,425.63
6c945b25b006e621a056c97ad75d80fcc04ff3fd,433.06
62ea04e4d5cbf91b1b1a225c90b8077e6db27e58,429.15
b044a777b1b967e249045a330c3112f079e9d65a,425.64
19f2541e9dad74a7e734225f3d1b598324a6ea49,434.58
4a0e5a59e690f53f4fbeb16ef80ba5afe66bb744,427.13
847e03ecfe09ae074844e5821ee185cd8c581f42,430.11
211a0b397d251f043e9b2c4815a7e452741dbd0b,431.28
027c41520e029ae88e578cc9b28491a74d8bb25a,431.63
f992e41708287a8251dc9d92ce9db874e0e8f076,439.14
6788a6daf22fc16c752cfa51d53b17a9436df1c0,421.52
36be16cd662f56ea0fc01bedf14c8651ed74776f,428.47
ad203677d7d98af76d29ac8938dcdc7751ef14cc,422.31
0831a08ea788e93c68159318fe8880d435d40c23,422.35
c5898f198d035c91138a68f75206006ca466fe7c,425.21
ad405f99cb5f41fb311fa086dbd6762a8e84264d,418.53
ba5d66010db39205e29289ae81122fc85299d145,427.89
ad405f99cb5f41fb311fa086dbd6762a8e84264d,420.59
bb4ead7c350695c1ed3c52d028090da4d4cecd1e,434.58
544281d17133045c19f52c1a0f3aa7b87ef7d231,427.40
8fd43ac4b96f669d6bcb51d97b19a43b0e92d7ce,431.78
f74286ba358ec9c7e46778e0ce6edd7dd0143e72,430.96
aec561f3328980182f299e61eaae45420245141b,431.76
ba5d66010db39205e29289ae81122fc85299d145,423.96
cf3676c534e92052acf870c71e2fa8fb9c060fe6,438.51
5011bb4521d2569b1a9fe19c6ebc0744eca04e93,430.83
a3d03f9a1ffbc4e9ba5bcbe991ca6ac2e5207f6b,434.98
916d5399a698ccf3eb2e0f02f4cad234fedec177,434.48
5daa5a6229c51b0ddd442706efa29729ae28678a,425.43
5daa5a6229c51b0ddd442706efa29729ae28678a,432.98
f0f3eab9c34cc32c6ad06a991fe572d243ca9e85,431.79
56ddff90e7e8511d79ba6dd1217b61fb1d4bfd88,434.01
3d145b3543cd972b2f169cf29f650230f193d449,427.98
02c9052198ffbab5140b78a84d68886b190aa5d3,432.69
4cfd3c373f49f8e56f53ae28c1401cc2f528e451,427.63
f607d8fcf01d7053b61b63aabfb8c4d7a0f7e02f,434.40
7199cf1e647fb410a4341c35f7007c5def4305e0,431.11
ba5d66010db39205e29289ae81122fc85299d145,427.24
d16c8ce6b4e37dc775b2c67280e239cc0a7e4e72,436.23
8fae12eb11d6474061e189e184fa3cd170c735db,427.90
6c945b25b006e621a056c97ad75d80fcc04ff3fd,431.50
25a4b0cf96a74ac71616775331327a2e9dc1e071,435.44
c5898f198d035c91138a68f75206006ca466fe7c,425.21
6788a6daf22fc16c752cfa51d53b17a9436df1c0,434.98
14db439cfb817b8869bcd6f603960040059d9643,442.36
c1d06490dce939b6ef82be14e61a01665b406fb0,420.74
f607d8fcf01d7053b61b63aabfb8c4d7a0f7e02f,426.58
93e9d84da0e87896aaaac14769eece487ba9e64d,431.31
c01af2290073af0ea42eb02dfe965b4cda58e112,441.20
027c41520e029ae88e578cc9b28491a74d8bb25a,431.31
8fae12eb11d6474061e189e184fa3cd170c735db,424.92
56ddff90e7e8511d79ba6dd1217b61fb1d4bfd88,450.32
d16c8ce6b4e37dc775b2c67280e239cc0a7e4e72,427.98
05ea09d373e05aa538793ba042148f83859d1402,436.54
4cfd3c373f49f8e56f53ae28c1401cc2f528e451,418.63
6b60af669bc6102f0328af330532986b8670f3ac,429.68
67915c0fa8bed9943d5d74bc9d0ae1195dad059e,437.55
6c945b25b006e621a056c97ad75d80fcc04ff3fd,428.11
8876eef256458e680ac0d65b48371d8518140fc3,425.19
8fd43ac4b96f669d6bcb51d97b19a43b0e92d7ce,428.05
ad405f99cb5f41fb311fa086dbd6762a8e84264d,422.39
c1d06490dce939b6ef82be14e61a01665b406fb0,443.12
42a712e566064c971620061e46db1b77a5d4ef47,430.71
4d3ff3d8d5c59d73119f32b2fb8ad5992f546148,431.83
027c41520e029ae88e578cc9b28491a74d8bb25a,445.82
03a2c1278a96a69a2866ba6de4a37b420f3f1a52,426.78
116866284b8068c817ad53b2b611568a7be25090,425.77
ad203677d7d98af76d29ac8938dcdc7751ef14cc,426.11
19f2541e9dad74a7e734225f3d1b598324a6ea49,424.62
03a2c1278a96a69a2866ba6de4a37b420f3f1a52,425.86
4cfd3c373f49f8e56f53ae28c1401cc2f528e451,421.73
93e9d84da0e87896aaaac14769eece487ba9e64d,430.82
6c2032dc6cc1b502c88cad8964d59b668039c3db,444.29
ac809a4a5e816e69ede5f18005a519f0436a31c3,420.55
40a3cda062a8e856cd87b1f7b26d200d2c4980ec,428.94
e2c62cdc3cc8f265af6ea100b60964ac6336d6e2,430.00
42a712e566064c971620061e46db1b77a5d4ef47,427.11
3eb8a67876703682e4156b378871911870fcaad9,429.98
211a0b397d251f043e9b2c4815a7e452741dbd0b,420.53
42a712e566064c971620061e46db1b77a5d4ef47,425.06
496e6a1e56c3af11c8071820c74565bc55f1850d,423.78
42a712e566064c971620061e46db1b77a5d4ef47,426.91
93e9d84da0e87896aaaac14769eece487ba9e64d,432.56
916d5399a698ccf3eb2e0f02f4cad234fedec177,434.06
496e6a1e56c3af11c8071820c74565bc55f1850d,427.25
b044a777b1b967e249045a330c3112f079e9d65a,437.64
40a35750e655d5229744684086a9249b233058bf,427.89
c4bb2a4933994931900cde164e517ff0e3a61353,420.83
be3ff9a853ebcf1369adf22bbd43f6712b1f6fe8,428.17
40a35750e655d5229744684086a9249b233058bf,433.48
03a2c1278a96a69a2866ba6de4a37b420f3f1a52,427.89
af580c310cab08ed637afb235c22a83bb71f4f9a,423.04
25a4b0cf96a74ac71616775331327a2e9dc1e071,419.60
14db439cfb817b8869bcd6f603960040059d9643,426.10
6b60af669bc6102f0328af330532986b8670f3ac,431.15
40a35750e655d5229744684086a9249b233058bf,429.00
214c5686b075152d2bf8995731632080ed8f8e83,436.19
0a79e4b5caaa7a885fbbe0a7775099edf92512af,426.91
c1d06490dce939b6ef82be14e61a01665b406fb0,426.45
a3d03f9a1ffbc4e9ba5bcbe991ca6ac2e5207f6b,428.79
05ea09d373e05aa538793ba042148f83859d1402,440.97
ac809a4a5e816e69ede5f18005a519f0436a31c3,424.35
ac809a4a5e816e69ede5f18005a519f0436a31c3,423.85
f74286ba358ec9c7e46778e0ce6edd7dd0143e72,432.44
2660750b2e6691a2d5414f3f9f878b69a49539bb,437.26
56ddff90e7e8511d79ba6dd1217b61fb1d4bfd88,431.37
77add7946ea5bca622b1f4f654f97e62f6db1e95,429.27
ad405f99cb5f41fb311fa086dbd6762a8e84264d,420.32
7199cf1e647fb410a4341c35f7007c5def4305e0,429.15
f0f3eab9c34cc32c6ad06a991fe572d243ca9e85,426.97
93e9d84da0e87896aaaac14769eece487ba9e64d,430.15
674dab0387c4bfad01465574c4be6ea4b3f4f6e9,428.17
8a7efe7305057c6123ea4ae080016e58f2ad3aca,437.74
210eeadbea339e00711cfe3f8bd68f600ea0765c,425.16
09b0d1b6008ee7fa4fa7cf6dbaa798d967254a02,436.80
8877dab91c2c4074db6ff7b459d247959019caad,426.55
073d9734451738985650074bee2ab45cb395fbb7,438.99
a97445b2e3def9efac5fcdd20c6ce5e672184b71,444.54
749687cbe07d824be68474a68724255f4a14e15f,444.81
073d9734451738985650074bee2ab45cb395fbb7,444.75
2217137d9254f124e01aa935628a4076f7478995,423.70
3e012e72724517b62a72c426ffe1c52e736d7f93,430.79
e8e29ca111772980970275662e0027fa695d9f27,432.40
eec6bb02b3ce782af30f72048b800b8588c1908f,456.68
ddef7e95ca1a5b6469f17dde04d8654c967d4902,453.59
444f558a8ed804f8851f16dc234ced136252d485,423.60
aef65a900ef328f92bb487752105f89d9a735672,425.13
102caa116c375ab74da564ac0f4d5d954b6296dc,431.07
2e22a341cd460a58d3f70ed8bf77bef53e9bec0f,428.32
b87be0c0384503d832a34d363800441b94b8fed9,429.26
e5f6e084f755969196ca9a87c6b334f7125359aa,425.39
08a3d67273f31718acde383a4c5158bed9c506b2,437.25
eec6bb02b3ce782af30f72048b800b8588c1908f,424.46
20ed24cefb5df53c48021459af98bef83c55f241,439.78
da9b977ef99e2595602a964561906a930b4332f3,435.28
ca8bad78bf898f808ad6028d4a7c09a69bc65b84,443.54
9824d000c7b73f52a277dcc83b55602225154fb2,422.83
09adeec44230265c8300408e5aaffa431af88957,437.98
2217137d9254f124e01aa935628a4076f7478995,426.90
3091fd44859c3e5849fbc51fcab48342823276c2,428.67
0722718f1f3e3811639600a3333ec7665592364d,430.97
f548940dd8be5f8c93ef17a8896b2807aa2a08bc,426.19
17486e2fa5b542b1f68b9b60efbefecd216a4a48,434.18
3091fd44859c3e5849fbc51fcab48342823276c2,431.57
ec49e3832a1db13efc343d22798efb1523684959,424.00
eec6bb02b3ce782af30f72048b800b8588c1908f,429.12
57bce6dc8424637621f6b660855f23e72a08c4b3,428.70
dfe666c45ece6ee90c0a7586f38ddfc6825cd65c,425.90
35090950b41fdd4f3c4cee798d53229d837e7599,425.31
749687cbe07d824be68474a68724255f4a14e15f,435.37
09adeec44230265c8300408e5aaffa431af88957,428.86
f548940dd8be5f8c93ef17a8896b2807aa2a08bc,425.42
6e760a412fba8715f219e98def54c6cd6267582f,426.14
674dab0387c4bfad01465574c4be6ea4b3f4f6e9,429.75
ddef7e95ca1a5b6469f17dde04d8654c967d4902,431.43
674dab0387c4bfad01465574c4be6ea4b3f4f6e9,439.79
e4917452778b4e1b19b2fcbe9f258e9e4061a97f,420.26
e4917452778b4e1b19b2fcbe9f258e9e4061a97f,429.15
93f930b80da2be3b46a535b4cc7dfc0f4d8eed4e,428.97
a97445b2e3def9efac5fcdd20c6ce5e672184b71,448.45
050c5b2c4e3b6b6993b71313a82ac50c64d94555,433.00
8877dab91c2c4074db6ff7b459d247959019caad,427.38
35090950b41fdd4f3c4cee798d53229d837e7599,432.25
073d9734451738985650074bee2ab45cb395fbb7,443.59
f4f2efb22f24378eb608aa308ba30cbfee3b3df2,439.41
0722718f1f3e3811639600a3333ec7665592364d,429.84
a147ce5467129fa15e62e31c725f8115dc6b5560,427.23
00aa39e3faef106f8fbb3068fa65991b1001a7c8,425.47
20ed24cefb5df53c48021459af98bef83c55f241,444.38
528b793d86be485f7b4fff51f97e67708eb632da,438.76
073d9734451738985650074bee2ab45cb395fbb7,443.04
6fb07413051d22873429606c0fe1db66c0571c0a,440.67
cacbbfb9604fc5ce565b3547f4a7de77c037013f,438.61
6c28472ebeca802a22d8b4b775c381b7117393d6,429.01
cacbbfb9604fc5ce565b3547f4a7de77c037013f,436.74
ce843ec83988e3e3318fa7db38133b06be741a1f,429.71
aef65a900ef328f92bb487752105f89d9a735672,435.09
a83d5f1a692d468e71edd96801caa156492b4817,429.20
f462438f2ebfb354c823cd2c0b677b0674f0e80c,437.89
08a3d67273f31718acde383a4c5158bed9c506b2,441.00
eb1edd463b1f3b52b541d58487718676445d0d34,425.75
1342c6117241469f0c376353798821105cf7cd02,436.53
ec49e3832a1db13efc343d22798efb1523684959,427.24
9e2d3711ff5f23e39b0f956d03c3a2b547239fc1,435.93
ec49e3832a1db13efc343d22798efb1523684959,429.63
f4f2efb22f24378eb608aa308ba30cbfee3b3df2,437.97
9dcc488f3c6afb691e49af42755cfd61b0a69d04,437.92
b87be0c0384503d832a34d363800441b94b8fed9,429.28
dfe666c45ece6ee90c0a7586f38ddfc6825cd65c,424.19
e05e1855a90905b7d467cfc8d273e7a078ad0769,433.75
ff329d584a733c7fb58bb378a752541a7838fbd2,431.60
f8841edabba28d6125dd87ed72f557e85570066b,442.44
2217137d9254f124e01aa935628a4076f7478995,425.43
ce843ec83988e3e3318fa7db38133b06be741a1f,425.70
528b793d86be485f7b4fff51f97e67708eb632da,433.77
18e9a8f2ba83bd50dff8766bb0dab902a317f2f5,426.36
b87be0c0384503d832a34d363800441b94b8fed9,440.12
09adeec44230265c8300408e5aaffa431af88957,431.91
84056ded0760b1ea9a2eb816d6fc0170b8d7f3cd,427.53
2217137d9254f124e01aa935628a4076f7478995,432.83
e8e29ca111772980970275662e0027fa695d9f27,428.93
0b56f3e5e012e689af8dda0e96d6e0c9f31853b6,429.87
35090950b41fdd4f3c4cee798d53229d837e7599,427.53
6c28472ebeca802a22d8b4b775c381b7117393d6,424.85
e5f6e084f755969196ca9a87c6b334f7125359aa,425.23
2f5b1878624b28c268e337fcb2748dbc249c5e6d,439.58
050c5b2c4e3b6b6993b71313a82ac50c64d94555,426.66
eb1edd463b1f3b52b541d58487718676445d0d34,430.48
cacbbfb9604fc5ce565b3547f4a7de77c037013f,443.21
e05e1855a90905b7d467cfc8d273e7a078ad0769,423.92
82855b07f5336d30c70dc20548ab7ab8adeac05e,437.85
3e012e72724517b62a72c426ffe1c52e736d7f93,432.94
84de4abc83b1831f96a353e8e87d09def5c1621a,432.04
21c927d33d4cccce0cd0931cffa681533851400d,441.73
749687cbe07d824be68474a68724255f4a14e15f,443.19
2e22a341cd460a58d3f70ed8bf77bef53e9bec0f,428.29
cacbbfb9604fc5ce565b3547f4a7de77c037013f,449.98
c066b23e2b9a2d59313451d8c6e786c0b5030202,438.68
e05e1855a90905b7d467cfc8d273e7a078ad0769,427.62
073d9734451738985650074bee2ab45cb395fbb7,444.76
935cab0e00f289ce5369f4c217b5eb3a3d9e33e7,431.40
8a7efe7305057c6123ea4ae080016e58f2ad3aca,444.29
e256bb7fc5979de256371bb324f1ca1330e38112,426.38
81594d5bd21af23e7378c7192197fd1966c9852e,444.27
2e22a341cd460a58d3f70ed8bf77bef53e9bec0f,431.30
20865395f255eb2cfefc1187822efe658ea83c54,426.52
21c927d33d4cccce0cd0931cffa681533851400d,428.39
073d9734451738985650074bee2ab45cb395fbb7,434.95
a147ce5467129fa15e62e31c725f8115dc6b5560,435.07
09b0d1b6008ee7fa4fa7cf6dbaa798d967254a02,422.26
2e22a341cd460a58d3f70ed8bf77bef53e9bec0f,436.00
ce843ec83988e3e3318fa7db38133b06be741a1f,429.82
2e4969497c5734d90d394103728bb517644f9157,439.27
4187ea925ea383636a198696e92949fcd76167a3,427.73
6e760a412fba8715f219e98def54c6cd6267582f,434.07
749687cbe07d824be68474a68724255f4a14e15f,435.77
8a7efe7305057c6123ea4ae080016e58f2ad3aca,441.18
444f558a8ed804f8851f16dc234ced136252d485,422.61
8a7efe7305057c6123ea4ae080016e58f2ad3aca,440.39
7ea1e534d6d48da3a18953f323d9b275a57c4a09,442.81
3e012e72724517b62a72c426ffe1c52e736d7f93,440.02
f462438f2ebfb354c823cd2c0b677b0674f0e80c,448.67
e05e1855a90905b7d467cfc8d273e7a078ad0769,426.04
ff329d584a733c7fb58bb378a752541a7838fbd2,438.43
210eeadbea339e00711cfe3f8bd68f600ea0765c,426.64
7568b9143d1688129350c1a6ff8ceb923b9e4731,423.04
09b0d1b6008ee7fa4fa7cf6dbaa798d967254a02,424.36
2ca58b79dd165a6eec7ce990cf53ceaf9445e5f0,427.66
b57bab46e4241cd3cacce52cb6ff310bbf69eb7b,425.67
170c25f964066982cc0ce7cb5d9084d4b0dc4227,439.55
c066b23e2b9a2d59313451d8c6e786c0b5030202,437.71
8877dab91c2c4074db6ff7b459d247959019caad,430.94
749687cbe07d824be68474a68724255f4a14e15f,438.32
19aecf27292e894fefe4552309549325387163d2,443.02
aef65a900ef328f92bb487752105f89d9a735672,437.33
93f930b80da2be3b46a535b4cc7dfc0f4d8eed4e,447.10
20ed24cefb5df53c48021459af98bef83c55f241,453.78
9e2d3711ff5f23e39b0f956d03c3a2b547239fc1,434.94
6fb07413051d22873429606c0fe1db66c0571c0a,437.85
ff329d584a733c7fb58bb378a752541a7838fbd2,428.29
ddef7e95ca1a5b6469f17dde04d8654c967d4902,437.04
20ed24cefb5df53c48021459af98bef83c55f241,443.29
adce18ec3d06b849886d203fe932205f312cc37f,437.98
9824d000c7b73f52a277dcc83b55602225154fb2,428.52
4187ea925ea383636a198696e92949fcd76167a3,432.04
170c25f964066982cc0ce7cb5d9084d4b0dc4227,436.94
d65b6dad2a88e584be032481d30b7fc09112d225,425.31
0b56f3e5e012e689af8dda0e96d6e0c9f31853b6,425.81
da9b977ef99e2595602a964561906a930b4332f3,441.48
e8e29ca111772980970275662e0027fa695d9f27,428.90
ec49e3832a1db13efc343d22798efb1523684959,428.29
7ea1e534d6d48da3a18953f323d9b275a57c4a09,434.91
e5f6e084f755969196ca9a87c6b334f7125359aa,421.79
6e760a412fba8715f219e98def54c6cd6267582f,437.82
7ea1e534d6d48da3a18953f323d9b275a57c4a09,437.24
09b0d1b6008ee7fa4fa7cf6dbaa798d967254a02,425.74
2f2f8b83a69959607d9ee072188b51e87fe31ba1,440.86
08a3d67273f31718acde383a4c5158bed9c506b2,440.83
a147ce5467129fa15e62e31c725f8115dc6b5560,425.45
da9b977ef99e2595602a964561906a930b4332f3,436.96
eec6bb02b3ce782af30f72048b800b8588c1908f,437.99
da9b977ef99e2595602a964561906a930b4332f3,435.93
13c2af3f24fceda5b44776a5257112ac7218d038,437.24
b25f8506cc212c33c0779864448a2e870dc93f34,450.22
18e9a8f2ba83bd50dff8766bb0dab902a317f2f5,435.12
eec6bb02b3ce782af30f72048b800b8588c1908f,423.31
1342c6117241469f0c376353798821105cf7cd02,424.68
eb1edd463b1f3b52b541d58487718676445d0d34,431.85
8a49d09f5c2acfb89b0c1f2887728793a036aa15,431.87
170c25f964066982cc0ce7cb5d9084d4b0dc4227,439.60
78d40f41b9567d7e8a0c891f31b7deee2b1f3f19,429.40
674dab0387c4bfad01465574c4be6ea4b3f4f6e9,430.98
da9b977ef99e2595602a964561906a930b4332f3,436.05
008b3a6f92e860abec6d1d44e5be553f05d3b012,426.29
7568b9143d1688129350c1a6ff8ceb923b9e4731,427.64
21c927d33d4cccce0cd0931cffa681533851400d,432.76
2f5b1878624b28c268e337fcb2748dbc249c5e6d,438.97
ca8bad78bf898f808ad6028d4a7c09a69bc65b84,438.74
935cab0e00f289ce5369f4c217b5eb3a3d9e33e7,431.97
7568b9143d1688129350c1a6ff8ceb923b9e4731,425.67
2e22a341cd460a58d3f70ed8bf77bef53e9bec0f,425.87
ddef7e95ca1a5b6469f17dde04d8654c967d4902,441.40
dfe666c45ece6ee90c0a7586f38ddfc6825cd65c,424.06
6c28472ebeca802a22d8b4b775c381b7117393d6,424.91
e256bb7fc5979de256371bb324f1ca1330e38112,425.63
2e22a341cd460a58d3f70ed8bf77bef53e9bec0f,444.08
eec6bb02b3ce782af30f72048b800b8588c1908f,430.75
09b0d1b6008ee7fa4fa7cf6dbaa798d967254a02,439.74
f462438f2ebfb354c823cd2c0b677b0674f0e80c,434.39
2e4969497c5734d90d394103728bb517644f9157,438.41
f462438f2ebfb354c823cd2c0b677b0674f0e80c,438.00
6fb07413051d22873429606c0fe1db66c0571c0a,436.06
ef57a000b65f075de35f8d593a5223779755ac26,438.96
f462438f2ebfb354c823cd2c0b677b0674f0e80c,436.68
91356162a5bc257a2f799b1b0d1c29baf80b294f,430.75
17486e2fa5b542b1f68b9b60efbefecd216a4a48,440.62
81594d5bd21af23e7378c7192197fd1966c9852e,444.35
f8841edabba28d6125dd87ed72f557e85570066b,435.47
7568b9143d1688129350c1a6ff8ceb923b9e4731,429.05
6e760a412fba8715f219e98def54c6cd6267582f,434.63
5ca6b4041d0605025f1a1582a605d2aee377bc1c,443.24
09b0d1b6008ee7fa4fa7cf6dbaa798d967254a02,423.50
e8e29ca111772980970275662e0027fa695d9f27,427.66
b87be0c0384503d832a34d363800441b94b8fed9,430.21
b57bab46e4241cd3cacce52cb6ff310bbf69eb7b,426.11
e8e29ca111772980970275662e0027fa695d9f27,443.08
daf4666075b44c4405f7dc648467bdd39c236556,426.64
2d2c9a911c388f105c30f690fdf0b033f22b4e17,441.81
eb1edd463b1f3b52b541d58487718676445d0d34,429.23
e8e29ca111772980970275662e0027fa695d9f27,429.13
f4f2efb22f24378eb608aa308ba30cbfee3b3df2,435.41
7ea1e534d6d48da3a18953f323d9b275a57c4a09,439.61
18e9a8f2ba83bd50dff8766bb0dab902a317f2f5,422.87
84056ded0760b1ea9a2eb816d6fc0170b8d7f3cd,429.46
8a7efe7305057c6123ea4ae080016e58f2ad3aca,439.83
102caa116c375ab74da564ac0f4d5d954b6296dc,430.15
d65b6dad2a88e584be032481d30b7fc09112d225,425.50
073d9734451738985650074bee2ab45cb395fbb7,438.62
84056ded0760b1ea9a2eb816d6fc0170b8d7f3cd,426.84
444f558a8ed804f8851f16dc234ced136252d485,424.88
a147ce5467129fa15e62e31c725f8115dc6b5560,426.82
08a3d67273f31718acde383a4c5158bed9c506b2,428.83
e8e29ca111772980970275662e0027fa695d9f27,425.95
b57bab46e4241cd3cacce52cb6ff310bbf69eb7b,432.44
eec6bb02b3ce782af30f72048b800b8588c1908f,422.42
6fb07413051d22873429606c0fe1db66c0571c0a,442.73
7568b9143d1688129350c1a6ff8ceb923b9e4731,426.18
e4917452778b4e1b19b2fcbe9f258e9e4061a97f,427.28
84056ded0760b1ea9a2eb816d6fc0170b8d7f3cd,429.00
674dab0387c4bfad01465574c4be6ea4b3f4f6e9,432.25
008b3a6f92e860abec6d1d44e5be553f05d3b012,433.11
5ca6b4041d0605025f1a1582a605d2aee377bc1c,440.54
5ca6b4041d0605025f1a1582a605d2aee377bc1c,438.50
1342c6117241469f0c376353798821105cf7cd02,428.72
e256bb7fc5979de256371bb324f1ca1330e38112,435.93
b57bab46e4241cd3cacce52cb6ff310bbf69eb7b,425.84
4187ea925ea383636a198696e92949fcd76167a3,427.36
ef57a000b65f075de35f8d593a5223779755ac26,433.67
f548940dd8be5f8c93ef17a8896b2807aa2a08bc,438.50
82855b07f5336d30c70dc20548ab7ab8adeac05e,438.61
f462438f2ebfb354c823cd2c0b677b0674f0e80c,445.27
9824d000c7b73f52a277dcc83b55602225154fb2,430.04
00aa39e3faef106f8fbb3068fa65991b1001a7c8,423.56
b87be0c0384503d832a34d363800441b94b8fed9,433.03
528b793d86be485f7b4fff51f97e67708eb632da,437.35
9b69302f27abb4a7697ff959444b8ff2b45fbe5b,445.25
ca8bad78bf898f808ad6028d4a7c09a69bc65b84,435.98
e5f6e084f755969196ca9a87c6b334f7125359aa,425.02
09adeec44230265c8300408e5aaffa431af88957,425.81
18e9a8f2ba83bd50dff8766bb0dab902a317f2f5,425.73
2217137d9254f124e01aa935628a4076f7478995,430.65
09b0d1b6008ee7fa4fa7cf6dbaa798d967254a02,432.25
a83d5f1a692d468e71edd96801caa156492b4817,425.10
749687cbe07d824be68474a68724255f4a14e15f,453.09
4187ea925ea383636a198696e92949fcd76167a3,427.48
5e52f1b266173593fab32fe9d8a4963066b2f2fe,430.48
91356162a5bc257a2f799b1b0d1c29baf80b294f,431.54
9b69302f27abb4a7697ff959444b8ff2b45fbe5b,436.54
ddef7e95ca1a5b6469f17dde04d8654c967d4902,436.10
a83d5f1a692d468e71edd96801caa156492b4817,427.05
3091fd44859c3e5849fbc51fcab48342823276c2,436.13
e96bd4bc44fa8e57993679ba0f4851554a8e7131,426.41
13c2af3f24fceda5b44776a5257112ac7218d038,442.21
8a49d09f5c2acfb89b0c1f2887728793a036aa15,428.20
f548940dd8be5f8c93ef17a8896b2807aa2a08bc,423.61
9e2d3711ff5f23e39b0f956d03c3a2b547239fc1,442.00
5ca6b4041d0605025f1a1582a605d2aee377bc1c,439.91
8a7efe7305057c6123ea4ae080016e58f2ad3aca,434.14
e96bd4bc44fa8e57993679ba0f4851554a8e7131,427.63
2e4969497c5734d90d394103728bb517644f9157,438.63
1342c6117241469f0c376353798821105cf7cd02,425.70
2f5b1878624b28c268e337fcb2748dbc249c5e6d,449.77
84056ded0760b1ea9a2eb816d6fc0170b8d7f3cd,427.15
08a3d67273f31718acde383a4c5158bed9c506b2,434.86
444f558a8ed804f8851f16dc234ced136252d485,423.86
17486e2fa5b542b1f68b9b60efbefecd216a4a48,439.61
050c5b2c4e3b6b6993b71313a82ac50c64d94555,430.02
e5f6e084f755969196ca9a87c6b334f7125359aa,434.84
e256bb7fc5979de256371bb324f1ca1330e38112,428.95
e256bb7fc5979de256371bb324f1ca1330e38112,422.46
e05e1855a90905b7d467cfc8d273e7a078ad0769,424.30
84de4abc83b1831f96a353e8e87d09def5c1621a,428.82
210eeadbea339e00711cfe3f8bd68f600ea0765c,425.04
f462438f2ebfb354c823cd2c0b677b0674f0e80c,442.77
2e4969497c5734d90d394103728bb517644f9157,449.20
1342c6117241469f0c376353798821105cf7cd02,432.59
a83d5f1a692d468e71edd96801caa156492b4817,425.99
78d40f41b9567d7e8a0c891f31b7deee2b1f3f19,434.83
c066b23e2b9a2d59313451d8c6e786c0b5030202,438.39
2d2c9a911c388f105c30f690fdf0b033f22b4e17,449.45
08a3d67273f31718acde383a4c5158bed9c506b2,437.01
13c2af3f24fceda5b44776a5257112ac7218d038,437.20
eec6bb02b3ce782af30f72048b800b8588c1908f,424.27
b8cb55a51dd06a9e502399dada3abf904c0b6e7a,440.20
e05e1855a90905b7d467cfc8d273e7a078ad0769,427.24
20865395f255eb2cfefc1187822efe658ea83c54,427.87
eec6bb02b3ce782af30f72048b800b8588c1908f,429.00
e256bb7fc5979de256371bb324f1ca1330e38112,431.09
935cab0e00f289ce5369f4c217b5eb3a3d9e33e7,435.23
13c2af3f24fceda5b44776a5257112ac7218d038,438.15
ddef7e95ca1a5b6469f17dde04d8654c967d4902,440.08
8877dab91c2c4074db6ff7b459d247959019caad,431.18
5ca6b4041d0605025f1a1582a605d2aee377bc1c,435.73
6c28472ebeca802a22d8b4b775c381b7117393d6,420.98
0b56f3e5e012e689af8dda0e96d6e0c9f31853b6,425.58
cacbbfb9604fc5ce565b3547f4a7de77c037013f,438.12
c6936dd3daab6dc7098065dff0bf39d8318349eb,427.55
91356162a5bc257a2f799b1b0d1c29baf80b294f,432.50
7ea1e534d6d48da3a18953f323d9b275a57c4a09,437.26
84056ded0760b1ea9a2eb816d6fc0170b8d7f3cd,429.06
f8841edabba28d6125dd87ed72f557e85570066b,433.53
8a7efe7305057c6123ea4ae080016e58f2ad3aca,439.29
2e22a341cd460a58d3f70ed8bf77bef53e9bec0f,429.73
c6936dd3daab6dc7098065dff0bf39d8318349eb,427.59
35090950b41fdd4f3c4cee798d53229d837e7599,429.91
aef65a900ef328f92bb487752105f89d9a735672,432.33
09adeec44230265c8300408e5aaffa431af88957,429.35
84de4abc83b1831f96a353e8e87d09def5c1621a,431.34
a97445b2e3def9efac5fcdd20c6ce5e672184b71,439.95
f462438f2ebfb354c823cd2c0b677b0674f0e80c,439.14
7ea1e534d6d48da3a18953f323d9b275a57c4a09,438.56
82855b07f5336d30c70dc20548ab7ab8adeac05e,438.92
2d2c9a911c388f105c30f690fdf0b033f22b4e17,437.32
8a7efe7305057c6123ea4ae080016e58f2ad3aca,444.31
13c2af3f24fceda5b44776a5257112ac7218d038,433.51
2f5b1878624b28c268e337fcb2748dbc249c5e6d,431.43
5e52f1b266173593fab32fe9d8a4963066b2f2fe,428.52
20ed24cefb5df53c48021459af98bef83c55f241,438.14
91356162a5bc257a2f799b1b0d1c29baf80b294f,431.66
19aecf27292e894fefe4552309549325387163d2,435.64
82855b07f5336d30c70dc20548ab7ab8adeac05e,445.57
170c25f964066982cc0ce7cb5d9084d4b0dc4227,440.34
78d40f41b9567d7e8a0c891f31b7deee2b1f3f19,427.78
5ca6b4041d0605025f1a1582a605d2aee377bc1c,442.54
961e4d7186308a33aad544f83e67e0a57d30b35e,428.10
da9b977ef99e2595602a964561906a930b4332f3,443.30
2e4969497c5734d90d394103728bb517644f9157,436.45
dfe666c45ece6ee90c0a7586f38ddfc6825cd65c,428.17
e4917452778b4e1b19b2fcbe9f258e9e4061a97f,424.52
5ca6b4041d0605025f1a1582a605d2aee377bc1c,437.41
9824d000c7b73f52a277dcc83b55602225154fb2,428.36
2f2f8b83a69959607d9ee072188b51e87fe31ba1,443.10
6fb07413051d22873429606c0fe1db66c0571c0a,446.36
3e012e72724517b62a72c426ffe1c52e736d7f93,426.53
9dcc488f3c6afb691e49af42755cfd61b0a69d04,437.98
961e4d7186308a33aad544f83e67e0a57d30b35e,424.65
09adeec44230265c8300408e5aaffa431af88957,432.61
e4917452778b4e1b19b2fcbe9f258e9e4061a97f,429.10
3091fd44859c3e5849fbc51fcab48342823276c2,427.90
35090950b41fdd4f3c4cee798d53229d837e7599,430.02
ff329d584a733c7fb58bb378a752541a7838fbd2,425.47
6fb07413051d22873429606c0fe1db66c0571c0a,445.24
ec49e3832a1db13efc343d22798efb1523684959,426.24
adce18ec3d06b849886d203fe932205f312cc37f,436.69
18e9a8f2ba83bd50dff8766bb0dab902a317f2f5,425.90
19aecf27292e894fefe4552309549325387163d2,427.64
9824d000c7b73f52a277dcc83b55602225154fb2,425.79
674dab0387c4bfad01465574c4be6ea4b3f4f6e9,440.77
57bce6dc8424637621f6b660855f23e72a08c4b3,442.91
82855b07f5336d30c70dc20548ab7ab8adeac05e,439.68
9dcc488f3c6afb691e49af42755cfd61b0a69d04,439.15
8877dab91c2c4074db6ff7b459d247959019caad,444.74
ec49e3832a1db13efc343d22798efb1523684959,428.81
e8e29ca111772980970275662e0027fa695d9f27,429.72
aef65a900ef328f92bb487752105f89d9a735672,431.16
444f558a8ed804f8851f16dc234ced136252d485,424.68
102caa116c375ab74da564ac0f4d5d954b6296dc,431.38
050c5b2c4e3b6b6993b71313a82ac50c64d94555,432.37
050c5b2c4e3b6b6993b71313a82ac50c64d94555,428.14
b25f8506cc212c33c0779864448a2e870dc93f34,447.59
f4f2efb22f24378eb608aa308ba30cbfee3b3df2,436.13
20865395f255eb2cfefc1187822efe658ea83c54,426.71
073d9734451738985650074bee2ab45cb395fbb7,452.92
444f558a8ed804f8851f16dc234ced136252d485,425.71
6e760a412fba8715f219e98def54c6cd6267582f,426.61
ff329d584a733c7fb58bb378a752541a7838fbd2,440.78
3091fd44859c3e5849fbc51fcab48342823276c2,425.55
17486e2fa5b542b1f68b9b60efbefecd216a4a48,432.16
9dcc488f3c6afb691e49af42755cfd61b0a69d04,435.02
8877dab91c2c4074db6ff7b459d247959019caad,430.38
adce18ec3d06b849886d203fe932205f312cc37f,438.16
5e52f1b266173593fab32fe9d8a4963066b2f2fe,424.13
eb1edd463b1f3b52b541d58487718676445d0d34,436.66
0b56f3e5e012e689af8dda0e96d6e0c9f31853b6,435.77
2217137d9254f124e01aa935628a4076f7478995,426.92
13c2af3f24fceda5b44776a5257112ac7218d038,435.18
e5f6e084f755969196ca9a87c6b334f7125359aa,430.83
935cab0e00f289ce5369f4c217b5eb3a3d9e33e7,432.97
e8e29ca111772980970275662e0027fa695d9f27,432.00
170c25f964066982cc0ce7cb5d9084d4b0dc4227,440.10
5ca6b4041d0605025f1a1582a605d2aee377bc1c,436.51
eec6bb02b3ce782af30f72048b800b8588c1908f,425.27
9dcc488f3c6afb691e49af42755cfd61b0a69d04,435.93
2217137d9254f124e01aa935628a4076f7478995,424.41
674dab0387c4bfad01465574c4be6ea4b3f4f6e9,427.97
81594d5bd21af23e7378c7192197fd1966c9852e,451.36
f548940dd8be5f8c93ef17a8896b2807aa2a08bc,426.48
6c28472ebeca802a22d8b4b775c381b7117393d6,424.76
57bce6dc8424637621f6b660855f23e72a08c4b3,431.15
e5f6e084f755969196ca9a87c6b334f7125359aa,422.14
b25f8506cc212c33c0779864448a2e870dc93f34,441.17
09adeec44230265c8300408e5aaffa431af88957,435.50
eb1edd463b1f3b52b541d58487718676445d0d34,429.36
e96bd4bc44fa8e57993679ba0f4851554a8e7131,428.38
3091fd44859c3e5849fbc51fcab48342823276c2,422.82
f0f280cd42096a41058b87517a3a2da9f5bcecb2,429.03
0b56f3e5e012e689af8dda0e96d6e0c9f31853b6,426.28
20865395f255eb2cfefc1187822efe658ea83c54,442.53
2d2c9a911c388f105c30f690fdf0b033f22b4e17,435.82
9824d000c7b73f52a277dcc83b55602225154fb2,425.82
073d9734451738985650074bee2ab45cb395fbb7,441.01
91356162a5bc257a2f799b1b0d1c29baf80b294f,435.81
749687cbe07d824be68474a68724255f4a14e15f,437.76
444f558a8ed804f8851f16dc234ced136252d485,426.54
f8841edabba28d6125dd87ed72f557e85570066b,433.76
13c2af3f24fceda5b44776a5257112ac7218d038,439.83
050c5b2c4e3b6b6993b71313a82ac50c64d94555,437.81
2d2c9a911c388f105c30f690fdf0b033f22b4e17,445.82
84056ded0760b1ea9a2eb816d6fc0170b8d7f3cd,429.05
4187ea925ea383636a198696e92949fcd76167a3,430.14
e5f6e084f755969196ca9a87c6b334f7125359aa,422.25
84de4abc83b1831f96a353e8e87d09def5c1621a,435.01
aef65a900ef328f92bb487752105f89d9a735672,430.52
91356162a5bc257a2f799b1b0d1c29baf80b294f,428.57
aef65a900ef328f92bb487752105f89d9a735672,429.29
13c2af3f24fceda5b44776a5257112ac7218d038,435.71
17486e2fa5b542b1f68b9b60efbefecd216a4a48,431.50
8877dab91c2c4074db6ff7b459d247959019caad,434.77
c066b23e2b9a2d59313451d8c6e786c0b5030202,437.74
210eeadbea339e00711cfe3f8bd68f600ea0765c,425.93
82855b07f5336d30c70dc20548ab7ab8adeac05e,439.74
daf4666075b44c4405f7dc648467bdd39c236556,428.97
7568b9143d1688129350c1a6ff8ceb923b9e4731,437.42
eb1edd463b1f3b52b541d58487718676445d0d34,429.52
2217137d9254f124e01aa935628a4076f7478995,432.50
c066b23e2b9a2d59313451d8c6e786c0b5030202,441.18
c066b23e2b9a2d59313451d8c6e786c0b5030202,439.36
170c25f964066982cc0ce7cb5d9084d4b0dc4227,438.73
b57bab46e4241cd3cacce52cb6ff310bbf69eb7b,431.30
a147ce5467129fa15e62e31c725f8115dc6b5560,426.40
ec49e3832a1db13efc343d22798efb1523684959,423.87
ddef7e95ca1a5b6469f17dde04d8654c967d4902,439.37
aef65a900ef328f92bb487752105f89d9a735672,446.41
8a7efe7305057c6123ea4ae080016e58f2ad3aca,439.36
1342c6117241469f0c376353798821105cf7cd02,431.24
8877dab91c2c4074db6ff7b459d247959019caad,425.19
cacbbfb9604fc5ce565b3547f4a7de77c037013f,442.42
adce18ec3d06b849886d203fe932205f312cc37f,436.84
d65b6dad2a88e584be032481d30b7fc09112d225,426.13
da9b977ef99e2595602a964561906a930b4332f3,432.99
b25f8506cc212c33c0779864448a2e870dc93f34,442.74
91356162a5bc257a2f799b1b0d1c29baf80b294f,440.68
a83d5f1a692d468e71edd96801caa156492b4817,425.64
dfe666c45ece6ee90c0a7586f38ddfc6825cd65c,430.65
528b793d86be485f7b4fff51f97e67708eb632da,436.68
749687cbe07d824be68474a68724255f4a14e15f,436.62
102caa116c375ab74da564ac0f4d5d954b6296dc,423.76
78d40f41b9567d7e8a0c891f31b7deee2b1f3f19,428.32
9e2d3711ff5f23e39b0f956d03c3a2b547239fc1,432.79
2f2f8b83a69959607d9ee072188b51e87fe31ba1,438.40
050c5b2c4e3b6b6993b71313a82ac50c64d94555,440.74
2d2c9a911c388f105c30f690fdf0b033f22b4e17,439.62
a97445b2e3def9efac5fcdd20c6ce5e672184b71,435.29
1342c6117241469f0c376353798821105cf7cd02,425.59
a97445b2e3def9efac5fcdd20c6ce5e672184b71,435.33
528b793d86be485f7b4fff51f97e67708eb632da,438.41
1342c6117241469f0c376353798821105cf7cd02,425.99
20ed24cefb5df53c48021459af98bef83c55f241,445.49
7568b9143d1688129350c1a6ff8ceb923b9e4731,423.90
8877dab91c2c4074db6ff7b459d247959019caad,432.77
eec6bb02b3ce782af30f72048b800b8588c1908f,422.01
09adeec44230265c8300408e5aaffa431af88957,427.62
62afbdf6a85fec75fde38d327928a180bc5bccb3,426.54
2e4969497c5734d90d394103728bb517644f9157,434.13
749687cbe07d824be68474a68724255f4a14e15f,447.44
935cab0e00f289ce5369f4c217b5eb3a3d9e33e7,432.00
84056ded0760b1ea9a2eb816d6fc0170b8d7f3cd,432.67
2d2c9a911c388f105c30f690fdf0b033f22b4e17,439.20
f8841edabba28d6125dd87ed72f557e85570066b,429.96
2d2c9a911c388f105c30f690fdf0b033f22b4e17,443.29
c066b23e2b9a2d59313451d8c6e786c0b5030202,438.90
f0f280cd42096a41058b87517a3a2da9f5bcecb2,419.47
18e9a8f2ba83bd50dff8766bb0dab902a317f2f5,428.41
2ca58b79dd165a6eec7ce990cf53ceaf9445e5f0,439.46
21c927d33d4cccce0cd0931cffa681533851400d,432.05
674dab0387c4bfad01465574c4be6ea4b3f4f6e9,427.89
f4f2efb22f24378eb608aa308ba30cbfee3b3df2,437.39
170c25f964066982cc0ce7cb5d9084d4b0dc4227,438.18
08a3d67273f31718acde383a4c5158bed9c506b2,440.68
9b69302f27abb4a7697ff959444b8ff2b45fbe5b,440.98
444f558a8ed804f8851f16dc234ced136252d485,424.15
2217137d9254f124e01aa935628a4076f7478995,427.84
2f5b1878624b28c268e337fcb2748dbc249c5e6d,436.38
09adeec44230265c8300408e5aaffa431af88957,427.06
e96bd4bc44fa8e57993679ba0f4851554a8e7131,430.35
ca8bad78bf898f808ad6028d4a7c09a69bc65b84,440.27
e96bd4bc44fa8e57993679ba0f4851554a8e7131,427.60
f462438f2ebfb354c823cd2c0b677b0674f0e80c,440.42
8877dab91c2c4074db6ff7b459d247959019caad,444.11
444f558a8ed804f8851f16dc234ced136252d485,426.71
13c2af3f24fceda5b44776a5257112ac7218d038,435.74
f4f2efb22f24378eb608aa308ba30cbfee3b3df2,442.17
d65b6dad2a88e584be032481d30b7fc09112d225,423.48
6c28472ebeca802a22d8b4b775c381b7117393d6,426.51
daf4666075b44c4405f7dc648467bdd39c236556,427.12
102caa116c375ab74da564ac0f4d5d954b6296dc,432.06
20ed24cefb5df53c48021459af98bef83c55f241,438.75
09b0d1b6008ee7fa4fa7cf6dbaa798d967254a02,424.91
18e9a8f2ba83bd50dff8766bb0dab902a317f2f5,428.42
aef65a900ef328f92bb487752105f89d9a735672,429.23
dfe666c45ece6ee90c0a7586f38ddfc6825cd65c,424.36
3091fd44859c3e5849fbc51fcab48342823276c2,425.05
eb1edd463b1f3b52b541d58487718676445d0d34,429.57
b87be0c0384503d832a34d363800441b94b8fed9,428.70
050c5b2c4e3b6b6993b71313a82ac50c64d94555,431.94
ddef7e95ca1a5b6469f17dde04d8654c967d4902,442.85
f548940dd8be5f8c93ef17a8896b2807aa2a08bc,430.10
6fb07413051d22873429606c0fe1db66c0571c0a,439.26
da9b977ef99e2595602a964561906a930b4332f3,436.27
b25f8506cc212c33c0779864448a2e870dc93f34,445.43
2e22a341cd460a58d3f70ed8bf77bef53e9bec0f,431.15
444f558a8ed804f8851f16dc234ced136252d485,437.30
3091fd44859c3e5849fbc51fcab48342823276c2,431.88
8a7efe7305057c6123ea4ae080016e58f2ad3aca,439.51
e5f6e084f755969196ca9a87c6b334f7125359aa,423.04
9e2d3711ff5f23e39b0f956d03c3a2b547239fc1,437.53
78d40f41b9567d7e8a0c891f31b7deee2b1f3f19,427.83
ce843ec83988e3e3318fa7db38133b06be741a1f,430.15
2d2c9a911c388f105c30f690fdf0b033f22b4e17,434.12
f4f2efb22f24378eb608aa308ba30cbfee3b3df2,440.57
e5f6e084f755969196ca9a87c6b334f7125359aa,426.55
9dcc488f3c6afb691e49af42755cfd61b0a69d04,437.95
20ed24cefb5df53c48021459af98bef83c55f241,438.01
a97445b2e3def9efac5fcdd20c6ce5e672184b71,441.37
84de4abc83b1831f96a353e8e87d09def5c1621a,424.52
82855b07f5336d30c70dc20548ab7ab8adeac05e,442.38
82855b07f5336d30c70dc20548ab7ab8adeac05e,442.83
8877dab91c2c4074db6ff7b459d247959019caad,427.18
008b3a6f92e860abec6d1d44e5be553f05d3b012,439.70
2e4969497c5734d90d394103728bb517644f9157,438.22
84056ded0760b1ea9a2eb816d6fc0170b8d7f3cd,427.55
ca8bad78bf898f808ad6028d4a7c09a69bc65b84,443.42
170c25f964066982cc0ce7cb5d9084d4b0dc4227,438.48
b8cb55a51dd06a9e502399dada3abf904c0b6e7a,444.01
21c927d33d4cccce0cd0931cffa681533851400d,433.51
050c5b2c4e3b6b6993b71313a82ac50c64d94555,431.29
6c28472ebeca802a22d8b4b775c381b7117393d6,426.55
8a49d09f5c2acfb89b0c1f2887728793a036aa15,429.14
09b0d1b6008ee7fa4fa7cf6dbaa798d967254a02,425.67
93f930b80da2be3b46a535b4cc7dfc0f4d8eed4e,428.12
eb1edd463b1f3b52b541d58487718676445d0d34,428.95
2e22a341cd460a58d3f70ed8bf77bef53e9bec0f,431.37
0722718f1f3e3811639600a3333ec7665592364d,430.40
0722718f1f3e3811639600a3333ec7665592364d,433.41
13c2af3f24fceda5b44776a5257112ac7218d038,437.16
62afbdf6a85fec75fde38d327928a180bc5bccb3,428.09
dfe666c45ece6ee90c0a7586f38ddfc6825cd65c,429.96
08a3d67273f31718acde383a4c5158bed9c506b2,440.20
91356162a5bc257a2f799b1b0d1c29baf80b294f,438.03
e4917452778b4e1b19b2fcbe9f258e9e4061a97f,435.17
13c2af3f24fceda5b44776a5257112ac7218d038,437.43
f0f280cd42096a41058b87517a3a2da9f5bcecb2,443.45
08a3d67273f31718acde383a4c5158bed9c506b2,436.77
b57bab46e4241cd3cacce52cb6ff310bbf69eb7b,431.30
81594d5bd21af23e7378c7192197fd1966c9852e,446.83
c066b23e2b9a2d59313451d8c6e786c0b5030202,437.50
0b56f3e5e012e689af8dda0e96d6e0c9f31853b6,436.68
35090950b41fdd4f3c4cee798d53229d837e7599,439.18
2217137d9254f124e01aa935628a4076f7478995,421.98
102caa116c375ab74da564ac0f4d5d954b6296dc,429.02
57bce6dc8424637621f6b660855f23e72a08c4b3,436.05
5ca6b4041d0605025f1a1582a605d2aee377bc1c,439.05
9dcc488f3c6afb691e49af42755cfd61b0a69d04,435.81
5ca6b4041d0605025f1a1582a605d2aee377bc1c,440.87
a83d5f1a692d468e71edd96801caa156492b4817,423.47
ce843ec83988e3e3318fa7db38133b06be741a1f,434.35
2e4969497c5734d90d394103728bb517644f9157,439.25
e5f6e084f755969196ca9a87c6b334f7125359aa,425.13
93f930b80da2be3b46a535b4cc7dfc0f4d8eed4e,427.37
ec49e3832a1db13efc343d22798efb1523684959,427.71
e4917452778b4e1b19b2fcbe9f258e9e4061a97f,426.37
e96bd4bc44fa8e57993679ba0f4851554a8e7131,430.03
170c25f964066982cc0ce7cb5d9084d4b0dc4227,439.58
b25f8506cc212c33c0779864448a2e870dc93f34,445.58
102caa116c375ab74da564ac0f4d5d954b6296dc,424.79
78d40f41b9567d7e8a0c891f31b7deee2b1f3f19,424.30
a83d5f1a692d468e71edd96801caa156492b4817,428.68
3e012e72724517b62a72c426ffe1c52e736d7f93,432.80
073d9734451738985650074bee2ab45cb395fbb7,442.48
3091fd44859c3e5849fbc51fcab48342823276c2,428.59
3091fd44859c3e5849fbc51fcab48342823276c2,430.31
cacbbfb9604fc5ce565b3547f4a7de77c037013f,439.02
dfe666c45ece6ee90c0a7586f38ddfc6825cd65c,432.94
8a7efe7305057c6123ea4ae080016e58f2ad3aca,438.15
57bce6dc8424637621f6b660855f23e72a08c4b3,434.65
dfe666c45ece6ee90c0a7586f38ddfc6825cd65c,435.89
444f558a8ed804f8851f16dc234ced136252d485,423.46
e5f6e084f755969196ca9a87c6b334f7125359aa,428.09
f8841edabba28d6125dd87ed72f557e85570066b,436.24
5e52f1b266173593fab32fe9d8a4963066b2f2fe,424.43
102caa116c375ab74da564ac0f4d5d954b6296dc,426.77
e96bd4bc44fa8e57993679ba0f4851554a8e7131,430.18
e4917452778b4e1b19b2fcbe9f258e9e4061a97f,431.01
adce18ec3d06b849886d203fe932205f312cc37f,446.43
00aa39e3faef106f8fbb3068fa65991b1001a7c8,435.11
ddef7e95ca1a5b6469f17dde04d8654c967d4902,434.74
6e760a412fba8715f219e98def54c6cd6267582f,432.17
82855b07f5336d30c70dc20548ab7ab8adeac05e,436.97
7568b9143d1688129350c1a6ff8ceb923b9e4731,431.36
35090950b41fdd4f3c4cee798d53229d837e7599,431.82
2217137d9254f124e01aa935628a4076f7478995,431.19
2f2f8b83a69959607d9ee072188b51e87fe31ba1,440.39
00aa39e3faef106f8fbb3068fa65991b1001a7c8,438.01
a97445b2e3def9efac5fcdd20c6ce5e672184b71,434.76
20865395f255eb2cfefc1187822efe658ea83c54,428.24
674dab0387c4bfad01465574c4be6ea4b3f4f6e9,443.33
1342c6117241469f0c376353798821105cf7cd02,424.59
6e760a412fba8715f219e98def54c6cd6267582f,428.38
935cab0e00f289ce5369f4c217b5eb3a3d9e33e7,435.40
8a49d09f5c2acfb89b0c1f2887728793a036aa15,429.31
91356162a5bc257a2f799b1b0d1c29baf80b294f,438.87
18e9a8f2ba83bd50dff8766bb0dab902a317f2f5,425.33
f0f280cd42096a41058b87517a3a2da9f5bcecb2,429.82
84de4abc83b1831f96a353e8e87d09def5c1621a,435.22
20ed24cefb5df53c48021459af98bef83c55f241,436.25
dfe666c45ece6ee90c0a7586f38ddfc6825cd65c,436.73
08a3d67273f31718acde383a4c5158bed9c506b2,448.07
f548940dd8be5f8c93ef17a8896b2807aa2a08bc,426.12
2e22a341cd460a58d3f70ed8bf77bef53e9bec0f,436.09
93f930b80da2be3b46a535b4cc7dfc0f4d8eed4e,441.39
b87be0c0384503d832a34d363800441b94b8fed9,429.00
8a49d09f5c2acfb89b0c1f2887728793a036aa15,431.01
13c2af3f24fceda5b44776a5257112ac7218d038,440.61
daf4666075b44c4405f7dc648467bdd39c236556,427.80
102caa116c375ab74da564ac0f4d5d954b6296dc,430.03
08a3d67273f31718acde383a4c5158bed9c506b2,440.96
528b793d86be485f7b4fff51f97e67708eb632da,441.28
a83d5f1a692d468e71edd96801caa156492b4817,429.20
09adeec44230265c8300408e5aaffa431af88957,429.22
78d40f41b9567d7e8a0c891f31b7deee2b1f3f19,424.67
ddef7e95ca1a5b6469f17dde04d8654c967d4902,440.98
674dab0387c4bfad01465574c4be6ea4b3f4f6e9,429.90
528b793d86be485f7b4fff51f97e67708eb632da,449.31
528b793d86be485f7b4fff51f97e67708eb632da,436.71
21c927d33d4cccce0cd0931cffa681533851400d,432.83
5e52f1b266173593fab32fe9d8a4963066b2f2fe,428.95
210eeadbea339e00711cfe3f8bd68f600ea0765c,425.58
09b0d1b6008ee7fa4fa7cf6dbaa798d967254a02,431.21
b57bab46e4241cd3cacce52cb6ff310bbf69eb7b,434.06
93f930b80da2be3b46a535b4cc7dfc0f4d8eed4e,442.14
ca8bad78bf898f808ad6028d4a7c09a69bc65b84,439.67
b57bab46e4241cd3cacce52cb6ff310bbf69eb7b,428.66
2e22a341cd460a58d3f70ed8bf77bef53e9bec0f,430.93
ef57a000b65f075de35f8d593a5223779755ac26,438.08
749687cbe07d824be68474a68724255f4a14e15f,433.69
4187ea925ea383636a198696e92949fcd76167a3,438.83
528b793d86be485f7b4fff51f97e67708eb632da,441.16
9b69302f27abb4a7697ff959444b8ff2b45fbe5b,439.35
aef65a900ef328f92bb487752105f89d9a735672,429.63
8a49d09f5c2acfb89b0c1f2887728793a036aa15,428.04
9824d000c7b73f52a277dcc83b55602225154fb2,430.36
9dcc488f3c6afb691e49af42755cfd61b0a69d04,440.78
00aa39e3faef106f8fbb3068fa65991b1001a7c8,428.97
935cab0e00f289ce5369f4c217b5eb3a3d9e33e7,428.54
b57bab46e4241cd3cacce52cb6ff310bbf69eb7b,436.27
a83d5f1a692d468e71edd96801caa156492b4817,429.85
9b69302f27abb4a7697ff959444b8ff2b45fbe5b,440.12
f462438f2ebfb354c823cd2c0b677b0674f0e80c,443.27
f548940dd8be5f8c93ef17a8896b2807aa2a08bc,423.22
210eeadbea339e00711cfe3f8bd68f600ea0765c,426.76
6e760a412fba8715f219e98def54c6cd6267582f,428.09
2e22a341cd460a58d3f70ed8bf77bef53e9bec0f,428.80
84de4abc83b1831f96a353e8e87d09def5c1621a,430.81
f4f2efb22f24378eb608aa308ba30cbfee3b3df2,450.81
5ca6b4041d0605025f1a1582a605d2aee377bc1c,439.99
dfe666c45ece6ee90c0a7586f38ddfc6825cd65c,431.52
84056ded0760b1ea9a2eb816d6fc0170b8d7f3cd,423.18
eec6bb02b3ce782af30f72048b800b8588c1908f,433.11
21c927d33d4cccce0cd0931cffa681533851400d,428.95
b25f8506cc212c33c0779864448a2e870dc93f34,442.24
09b0d1b6008ee7fa4fa7cf6dbaa798d967254a02,425.72
6c28472ebeca802a22d8b4b775c381b7117393d6,425.11
f0f280cd42096a41058b87517a3a2da9f5bcecb2,428.72
210eeadbea339e00711cfe3f8bd68f600ea0765c,426.50
8a49d09f5c2acfb89b0c1f2887728793a036aa15,429.52
20ed24cefb5df53c48021459af98bef83c55f241,446.43
57bce6dc8424637621f6b660855f23e72a08c4b3,432.84
6fb07413051d22873429606c0fe1db66c0571c0a,448.93
b87be0c0384503d832a34d363800441b94b8fed9,431.44
17486e2fa5b542b1f68b9b60efbefecd216a4a48,432.14
e96bd4bc44fa8e57993679ba0f4851554a8e7131,439.02
528b793d86be485f7b4fff51f97e67708eb632da,437.70
f4f2efb22f24378eb608aa308ba30cbfee3b3df2,441.58
84056ded0760b1ea9a2eb816d6fc0170b8d7f3cd,424.97
2f2f8b83a69959607d9ee072188b51e87fe31ba1,444.53
ff329d584a733c7fb58bb378a752541a7838fbd2,428.99
81594d5bd21af23e7378c7192197fd1966c9852e,446.47
2d2c9a911c388f105c30f690fdf0b033f22b4e17,441.96
2f5b1878624b28c268e337fcb2748dbc249c5e6d,438.29
9e2d3711ff5f23e39b0f956d03c3a2b547239fc1,444.29
35090950b41fdd4f3c4cee798d53229d837e7599,425.08
e256bb7fc5979de256371bb324f1ca1330e38112,429.86
2ca58b79dd165a6eec7ce990cf53ceaf9445e5f0,428.38
19aecf27292e894fefe4552309549325387163d2,434.50
2e4969497c5734d90d394103728bb517644f9157,437.50
dfe666c45ece6ee90c0a7586f38ddfc6825cd65c,427.75
0722718f1f3e3811639600a3333ec7665592364d,430.79
f462438f2ebfb354c823cd2c0b677b0674f0e80c,443.38
a97445b2e3def9efac5fcdd20c6ce5e672184b71,447.85
e5f6e084f755969196ca9a87c6b334f7125359aa,423.49
57bce6dc8424637621f6b660855f23e72a08c4b3,435.73
84de4abc83b1831f96a353e8e87d09def5c1621a,429.55
a97445b2e3def9efac5fcdd20c6ce5e672184b71,436.47
2f2f8b83a69959607d9ee072188b51e87fe31ba1,441.87
f4f2efb22f24378eb608aa308ba30cbfee3b3df2,437.15
13c2af3f24fceda5b44776a5257112ac7218d038,441.54
d65b6dad2a88e584be032481d30b7fc09112d225,426.21
0722718f1f3e3811639600a3333ec7665592364d,431.08
5e52f1b266173593fab32fe9d8a4963066b2f2fe,427.14
3091fd44859c3e5849fbc51fcab48342823276c2,432.30
b25f8506cc212c33c0779864448a2e870dc93f34,439.97
08a3d67273f31718acde383a4c5158bed9c506b2,437.60
18e9a8f2ba83bd50dff8766bb0dab902a317f2f5,433.58
528b793d86be485f7b4fff51f97e67708eb632da,439.91
f0f280cd42096a41058b87517a3a2da9f5bcecb2,427.78
b87be0c0384503d832a34d363800441b94b8fed9,429.51
2f2f8b83a69959607d9ee072188b51e87fe31ba1,441.35
20865395f255eb2cfefc1187822efe658ea83c54,427.12
f0f280cd42096a41058b87517a3a2da9f5bcecb2,432.15
6fb07413051d22873429606c0fe1db66c0571c0a,440.50
d65b6dad2a88e584be032481d30b7fc09112d225,432.27
ec49e3832a1db13efc343d22798efb1523684959,425.01
2f2f8b83a69959607d9ee072188b51e87fe31ba1,447.74
f8841edabba28d6125dd87ed72f557e85570066b,427.66
9b69302f27abb4a7697ff959444b8ff2b45fbe5b,435.17
2e22a341cd460a58d3f70ed8bf77bef53e9bec0f,436.78
b25f8506cc212c33c0779864448a2e870dc93f34,440.81
1342c6117241469f0c376353798821105cf7cd02,435.21
6fb07413051d22873429606c0fe1db66c0571c0a,439.49
84056ded0760b1ea9a2eb816d6fc0170b8d7f3cd,429.01
09b0d1b6008ee7fa4fa7cf6dbaa798d967254a02,423.95
f0f280cd42096a41058b87517a3a2da9f5bcecb2,426.15
c6936dd3daab6dc7098065dff0bf39d8318349eb,436.39
17486e2fa5b542b1f68b9b60efbefecd216a4a48,435.91
b87be0c0384503d832a34d363800441b94b8fed9,428.70
cacbbfb9604fc5ce565b3547f4a7de77c037013f,432.73
444f558a8ed804f8851f16dc234ced136252d485,427.40
9e2d3711ff5f23e39b0f956d03c3a2b547239fc1,450.66
0b56f3e5e012e689af8dda0e96d6e0c9f31853b6,429.53
b57bab46e4241cd3cacce52cb6ff310bbf69eb7b,427.85
9824d000c7b73f52a277dcc83b55602225154fb2,422.79
f548940dd8be5f8c93ef17a8896b2807aa2a08bc,425.35
c066b23e2b9a2d59313451d8c6e786c0b5030202,437.01
6fb07413051d22873429606c0fe1db66c0571c0a,449.16
84de4abc83b1831f96a353e8e87d09def5c1621a,438.24
0722718f1f3e3811639600a3333ec7665592364d,431.02
21c927d33d4cccce0cd0931cffa681533851400d,437.35
09b0d1b6008ee7fa4fa7cf6dbaa798d967254a02,425.65
91356162a5bc257a2f799b1b0d1c29baf80b294f,432.78
62afbdf6a85fec75fde38d327928a180bc5bccb3,427.14
050c5b2c4e3b6b6993b71313a82ac50c64d94555,431.32
a147ce5467129fa15e62e31c725f8115dc6b5560,425.34
674dab0387c4bfad01465574c4be6ea4b3f4f6e9,430.07
84056ded0760b1ea9a2eb816d6fc0170b8d7f3cd,427.42
008b3a6f92e860abec6d1d44e5be553f05d3b012,427.93
7ea1e534d6d48da3a18953f323d9b275a57c4a09,438.05
9824d000c7b73f52a277dcc83b55602225154fb2,434.32
f4f2efb22f24378eb608aa308ba30cbfee3b3df2,437.01
f0f280cd42096a41058b87517a3a2da9f5bcecb2,427.64
da9b977ef99e2595602a964561906a930b4332f3,434.53
8a7efe7305057c6123ea4ae080016e58f2ad3aca,444.97
073d9734451738985650074bee2ab45cb395fbb7,438.91
eb1edd463b1f3b52b541d58487718676445d0d34,426.28
c066b23e2b9a2d59313451d8c6e786c0b5030202,440.71
00aa39e3faef106f8fbb3068fa65991b1001a7c8,426.13
c066b23e2b9a2d59313451d8c6e786c0b5030202,440.14
0b56f3e5e012e689af8dda0e96d6e0c9f31853b6,424.68
cacbbfb9604fc5ce565b3547f4a7de77c037013f,437.01
ef57a000b65f075de35f8d593a5223779755ac26,434.80
1342c6117241469f0c376353798821105cf7cd02,427.25
ec49e3832a1db13efc343d22798efb1523684959,435.69
adce18ec3d06b849886d203fe932205f312cc37f,436.67
b57bab46e4241cd3cacce52cb6ff310bbf69eb7b,431.70
ddef7e95ca1a5b6469f17dde04d8654c967d4902,436.40
c066b23e2b9a2d59313451d8c6e786c0b5030202,442.08
9dcc488f3c6afb691e49af42755cfd61b0a69d04,435.01
674dab0387c4bfad01465574c4be6ea4b3f4f6e9,430.26
2f5b1878624b28c268e337fcb2748dbc249c5e6d,435.68
a97445b2e3def9efac5fcdd20c6ce5e672184b71,436.13
20865395f255eb2cfefc1187822efe658ea83c54,423.36
1342c6117241469f0c376353798821105cf7cd02,429.34
f8841edabba28d6125dd87ed72f557e85570066b,438.86
e256bb7fc5979de256371bb324f1ca1330e38112,426.33
5ca6b4041d0605025f1a1582a605d2aee377bc1c,443.50
adce18ec3d06b849886d203fe932205f312cc37f,441.19
8877dab91c2c4074db6ff7b459d247959019caad,427.51
09b0d1b6008ee7fa4fa7cf6dbaa798d967254a02,428.83
2e22a341cd460a58d3f70ed8bf77bef53e9bec0f,425.87
5e52f1b266173593fab32fe9d8a4963066b2f2fe,432.55
35090950b41fdd4f3c4cee798d53229d837e7599,427.58
e4917452778b4e1b19b2fcbe9f258e9e4061a97f,430.94
008b3a6f92e860abec6d1d44e5be553f05d3b012,428.57
050c5b2c4e3b6b6993b71313a82ac50c64d94555,429.56
3e012e72724517b62a72c426ffe1c52e736d7f93,424.83
da9b977ef99e2595602a964561906a930b4332f3,437.65
a97445b2e3def9efac5fcdd20c6ce5e672184b71,433.89
9824d000c7b73f52a277dcc83b55602225154fb2,439.99
3e012e72724517b62a72c426ffe1c52e736d7f93,427.46
e96bd4bc44fa8e57993679ba0f4851554a8e7131,428.80
35090950b41fdd4f3c4cee798d53229d837e7599,430.54
a97445b2e3def9efac5fcdd20c6ce5e672184b71,433.57
2e4969497c5734d90d394103728bb517644f9157,434.23
7568b9143d1688129350c1a6ff8ceb923b9e4731,428.35
b25f8506cc212c33c0779864448a2e870dc93f34,443.01
1342c6117241469f0c376353798821105cf7cd02,426.88
daf4666075b44c4405f7dc648467bdd39c236556,426.43
2ca58b79dd165a6eec7ce990cf53ceaf9445e5f0,431.59
2e4969497c5734d90d394103728bb517644f9157,435.56
9e2d3711ff5f23e39b0f956d03c3a2b547239fc1,439.84
81594d5bd21af23e7378c7192197fd1966c9852e,452.17
20865395f255eb2cfefc1187822efe658ea83c54,428.80
4187ea925ea383636a198696e92949fcd76167a3,432.16
4187ea925ea383636a198696e92949fcd76167a3,431.85
9b69302f27abb4a7697ff959444b8ff2b45fbe5b,435.53
2f5b1878624b28c268e337fcb2748dbc249c5e6d,433.86
aef65a900ef328f92bb487752105f89d9a735672,432.70
daf4666075b44c4405f7dc648467bdd39c236556,438.21
9dcc488f3c6afb691e49af42755cfd61b0a69d04,435.49
4187ea925ea383636a198696e92949fcd76167a3,430.69
9e2d3711ff5f23e39b0f956d03c3a2b547239fc1,444.12
6c28472ebeca802a22d8b4b775c381b7117393d6,432.12
2217137d9254f124e01aa935628a4076f7478995,423.21
4187ea925ea383636a198696e92949fcd76167a3,432.03
ce843ec83988e3e3318fa7db38133b06be741a1f,432.74
b8cb55a51dd06a9e502399dada3abf904c0b6e7a,441.76
0b56f3e5e012e689af8dda0e96d6e0c9f31853b6,428.20
9dcc488f3c6afb691e49af42755cfd61b0a69d04,435.02
17486e2fa5b542b1f68b9b60efbefecd216a4a48,430.58
0b56f3e5e012e689af8dda0e96d6e0c9f31853b6,427.29
da9b977ef99e2595602a964561906a930b4332f3,452.28
18e9a8f2ba83bd50dff8766bb0dab902a317f2f5,439.87
19aecf27292e894fefe4552309549325387163d2,429.33
ce843ec83988e3e3318fa7db38133b06be741a1f,431.49
62afbdf6a85fec75fde38d327928a180bc5bccb3,426.31
2e4969497c5734d90d394103728bb517644f9157,435.91
82855b07f5336d30c70dc20548ab7ab8adeac05e,437.90
210eeadbea339e00711cfe3f8bd68f600ea0765c,428.19
d65b6dad2a88e584be032481d30b7fc09112d225,427.44
20865395f255eb2cfefc1187822efe658ea83c54,426.48
8a49d09f5c2acfb89b0c1f2887728793a036aa15,446.84
2e4969497c5734d90d394103728bb517644f9157,434.48
9b69302f27abb4a7697ff959444b8ff2b45fbe5b,457.61
cacbbfb9604fc5ce565b3547f4a7de77c037013f,438.40
b8cb55a51dd06a9e502399dada3abf904c0b6e7a,443.70
ca8bad78bf898f808ad6028d4a7c09a69bc65b84,447.44
eb1edd463b1f3b52b541d58487718676445d0d34,431.25
a83d5f1a692d468e71edd96801caa156492b4817,428.58
20865395f255eb2cfefc1187822efe658ea83c54,429.67
2e22a341cd460a58d3f70ed8bf77bef53e9bec0f,428.77
20ed24cefb5df53c48021459af98bef83c55f241,437.62
2ca58b79dd165a6eec7ce990cf53ceaf9445e5f0,429.30
3091fd44859c3e5849fbc51fcab48342823276c2,433.23
9824d000c7b73f52a277dcc83b55602225154fb2,424.80
da9b977ef99e2595602a964561906a930b4332f3,438.67
17486e2fa5b542b1f68b9b60efbefecd216a4a48,432.52
93f930b80da2be3b46a535b4cc7dfc0f4d8eed4e,431.65
2e4969497c5734d90d394103728bb517644f9157,438.08
749687cbe07d824be68474a68724255f4a14e15f,444.81
e5f6e084f755969196ca9a87c6b334f7125359aa,429.01
a147ce5467129fa15e62e31c725f8115dc6b5560,429.34
8a49d09f5c2acfb89b0c1f2887728793a036aa15,439.50
78d40f41b9567d7e8a0c891f31b7deee2b1f3f19,422.04
84de4abc83b1831f96a353e8e87d09def5c1621a,432.18
a147ce5467129fa15e62e31c725f8115dc6b5560,430.06
b87be0c0384503d832a34d363800441b94b8fed9,431.00
f0f280cd42096a41058b87517a3a2da9f5bcecb2,430.81
9824d000c7b73f52a277dcc83b55602225154fb2,438.32
7ea1e534d6d48da3a18953f323d9b275a57c4a09,441.45
e8e29ca111772980970275662e0027fa695d9f27,426.44
00aa39e3faef106f8fbb3068fa65991b1001a7c8,426.60
b87be0c0384503d832a34d363800441b94b8fed9,431.43
170c25f964066982cc0ce7cb5d9084d4b0dc4227,436.52
2ca58b79dd165a6eec7ce990cf53ceaf9445e5f0,427.75
2f5b1878624b28c268e337fcb2748dbc249c5e6d,438.33
18e9a8f2ba83bd50dff8766bb0dab902a317f2f5,425.93
935cab0e00f289ce5369f4c217b5eb3a3d9e33e7,430.67
9e2d3711ff5f23e39b0f956d03c3a2b547239fc1,431.01
5e52f1b266173593fab32fe9d8a4963066b2f2fe,425.94
c6936dd3daab6dc7098065dff0bf39d8318349eb,426.66
93f930b80da2be3b46a535b4cc7dfc0f4d8eed4e,431.97
674dab0387c4bfad01465574c4be6ea4b3f4f6e9,427.65
e5f6e084f755969196ca9a87c6b334f7125359aa,428.76
dfe666c45ece6ee90c0a7586f38ddfc6825cd65c,425.60
e8e29ca111772980970275662e0027fa695d9f27,429.76
f462438f2ebfb354c823cd2c0b677b0674f0e80c,441.27
18e9a8f2ba83bd50dff8766bb0dab902a317f2f5,425.27
e05e1855a90905b7d467cfc8d273e7a078ad0769,420.92
f548940dd8be5f8c93ef17a8896b2807aa2a08bc,436.19
dfe666c45ece6ee90c0a7586f38ddfc6825cd65c,421.97
961e4d7186308a33aad544f83e67e0a57d30b35e,431.92
ef57a000b65f075de35f8d593a5223779755ac26,438.04
f8841edabba28d6125dd87ed72f557e85570066b,431.63
ff329d584a733c7fb58bb378a752541a7838fbd2,428.94
ef57a000b65f075de35f8d593a5223779755ac26,449.23
2f2f8b83a69959607d9ee072188b51e87fe31ba1,441.32
f548940dd8be5f8c93ef17a8896b2807aa2a08bc,428.09
5e52f1b266173593fab32fe9d8a4963066b2f2fe,425.24
78d40f41b9567d7e8a0c891f31b7deee2b1f3f19,426.97
6e760a412fba8715f219e98def54c6cd6267582f,430.70
f0f280cd42096a41058b87517a3a2da9f5bcecb2,429.76
d65b6dad2a88e584be032481d30b7fc09112d225,421.67
daf4666075b44c4405f7dc648467bdd39c236556,436.24
82855b07f5336d30c70dc20548ab7ab8adeac05e,435.21
81594d5bd21af23e7378c7192197fd1966c9852e,441.83
8a7efe7305057c6123ea4ae080016e58f2ad3aca,443.57
f462438f2ebfb354c823cd2c0b677b0674f0e80c,444.55
82855b07f5336d30c70dc20548ab7ab8adeac05e,443.42
935cab0e00f289ce5369f4c217b5eb3a3d9e33e7,425.69
82855b07f5336d30c70dc20548ab7ab8adeac05e,435.34
81594d5bd21af23e7378c7192197fd1966c9852e,443.70
c066b23e2b9a2d59313451d8c6e786c0b5030202,440.93
2f2f8b83a69959607d9ee072188b51e87fe31ba1,440.03
a147ce5467129fa15e62e31c725f8115dc6b5560,438.70
9e2d3711ff5f23e39b0f956d03c3a2b547239fc1,432.15
00aa39e3faef106f8fbb3068fa65991b1001a7c8,437.64
78d40f41b9567d7e8a0c891f31b7deee2b1f3f19,431.63
13c2af3f24fceda5b44776a5257112ac7218d038,438.29
adce18ec3d06b849886d203fe932205f312cc37f,441.59
ca8bad78bf898f808ad6028d4a7c09a69bc65b84,434.96
e4917452778b4e1b19b2fcbe9f258e9e4061a97f,434.82
f462438f2ebfb354c823cd2c0b677b0674f0e80c,437.00
ec49e3832a1db13efc343d22798efb1523684959,428.45
dfe666c45ece6ee90c0a7586f38ddfc6825cd65c,428.18
0b56f3e5e012e689af8dda0e96d6e0c9f31853b6,426.78
93f930b80da2be3b46a535b4cc7dfc0f4d8eed4e,428.87
e05e1855a90905b7d467cfc8d273e7a078ad0769,426.14
2d2c9a911c388f105c30f690fdf0b033f22b4e17,440.39
961e4d7186308a33aad544f83e67e0a57d30b35e,425.30
57bce6dc8424637621f6b660855f23e72a08c4b3,439.67
08a3d67273f31718acde383a4c5158bed9c506b2,434.11
008b3a6f92e860abec6d1d44e5be553f05d3b012,424.18
a97445b2e3def9efac5fcdd20c6ce5e672184b71,439.28
e256bb7fc5979de256371bb324f1ca1330e38112,431.05
a97445b2e3def9efac5fcdd20c6ce5e672184b71,437.31
f4f2efb22f24378eb608aa308ba30cbfee3b3df2,438.24
13c2af3f24fceda5b44776a5257112ac7218d038,438.86
eec6bb02b3ce782af30f72048b800b8588c1908f,437.04
b25f8506cc212c33c0779864448a2e870dc93f34,444.85
ec49e3832a1db13efc343d22798efb1523684959,429.05
b25f8506cc212c33c0779864448a2e870dc93f34,448.49
5e52f1b266173593fab32fe9d8a4963066b2f2fe,429.56
ff329d584a733c7fb58bb378a752541a7838fbd2,426.86
f548940dd8be5f8c93ef17a8896b2807aa2a08bc,426.22
b8cb55a51dd06a9e502399dada3abf904c0b6e7a,452.89
cacbbfb9604fc5ce565b3547f4a7de77c037013f,440.95
9824d000c7b73f52a277dcc83b55602225154fb2,423.46
8a7efe7305057c6123ea4ae080016e58f2ad3aca,437.95
18e9a8f2ba83bd50dff8766bb0dab902a317f2f5,422.68
9dcc488f3c6afb691e49af42755cfd61b0a69d04,432.48
82855b07f5336d30c70dc20548ab7ab8adeac05e,454.54
e8e29ca111772980970275662e0027fa695d9f27,433.34
f4f2efb22f24378eb608aa308ba30cbfee3b3df2,439.70
6e760a412fba8715f219e98def54c6cd6267582f,428.43
ef57a000b65f075de35f8d593a5223779755ac26,435.65
dfe666c45ece6ee90c0a7586f38ddfc6825cd65c,424.92
8877dab91c2c4074db6ff7b459d247959019caad,443.55
e96bd4bc44fa8e57993679ba0f4851554a8e7131,431.11
ef57a000b65f075de35f8d593a5223779755ac26,435.93
050c5b2c4e3b6b6993b71313a82ac50c64d94555,429.62
82855b07f5336d30c70dc20548ab7ab8adeac05e,441.96
e4917452778b4e1b19b2fcbe9f258e9e4061a97f,425.25
3091fd44859c3e5849fbc51fcab48342823276c2,429.95
ddef7e95ca1a5b6469f17dde04d8654c967d4902,430.17
d65b6dad2a88e584be032481d30b7fc09112d225,428.12
35090950b41fdd4f3c4cee798d53229d837e7599,427.92
444f558a8ed804f8851f16dc234ced136252d485,425.26
adce18ec3d06b849886d203fe932205f312cc37f,441.48
82855b07f5336d30c70dc20548ab7ab8adeac05e,436.79
e96bd4bc44fa8e57993679ba0f4851554a8e7131,427.99
8a49d09f5c2acfb89b0c1f2887728793a036aa15,430.40
2f5b1878624b28c268e337fcb2748dbc249c5e6d,440.03
2d2c9a911c388f105c30f690fdf0b033f22b4e17,443.19
e8e29ca111772980970275662e0027fa695d9f27,426.34
5e52f1b266173593fab32fe9d8a4963066b2f2fe,426.87
210eeadbea339e00711cfe3f8bd68f600ea0765c,434.38
6fb07413051d22873429606c0fe1db66c0571c0a,439.13
eb1edd463b1f3b52b541d58487718676445d0d34,428.51
a147ce5467129fa15e62e31c725f8115dc6b5560,429.24
050c5b2c4e3b6b6993b71313a82ac50c64d94555,430.84
e05e1855a90905b7d467cfc8d273e7a078ad0769,435.39
9dcc488f3c6afb691e49af42755cfd61b0a69d04,450.16
9b69302f27abb4a7697ff959444b8ff2b45fbe5b,443.71
ff329d584a733c7fb58bb378a752541a7838fbd2,428.27
81594d5bd21af23e7378c7192197fd1966c9852e,439.75
ce843ec83988e3e3318fa7db38133b06be741a1f,421.07
17486e2fa5b542b1f68b9b60efbefecd216a4a48,432.81
93f930b80da2be3b46a535b4cc7dfc0f4d8eed4e,426.29
18e9a8f2ba83bd50dff8766bb0dab902a317f2f5,426.00
749687cbe07d824be68474a68724255f4a14e15f,449.48
961e4d7186308a33aad544f83e67e0a57d30b35e,427.69
749687cbe07d824be68474a68724255f4a14e15f,439.48
daf4666075b44c4405f7dc648467bdd39c236556,426.77
57bce6dc8424637621f6b660855f23e72a08c4b3,430.59
35090950b41fdd4f3c4cee798d53229d837e7599,430.65
da9b977ef99e2595602a964561906a930b4332f3,444.83
78d40f41b9567d7e8a0c891f31b7deee2b1f3f19,427.56
8a7efe7305057c6123ea4ae080016e58f2ad3aca,443.16
008b3a6f92e860abec6d1d44e5be553f05d3b012,430.49
09adeec44230265c8300408e5aaffa431af88957,431.59
7ea1e534d6d48da3a18953f323d9b275a57c4a09,442.37
e96bd4bc44fa8e57993679ba0f4851554a8e7131,428.55
050c5b2c4e3b6b6993b71313a82ac50c64d94555,428.74
b57bab46e4241cd3cacce52cb6ff310bbf69eb7b,427.05
0b56f3e5e012e689af8dda0e96d6e0c9f31853b6,427.41
2d2c9a911c388f105c30f690fdf0b033f22b4e17,442.91
2f5b1878624b28c268e337fcb2748dbc249c5e6d,439.28
935cab0e00f289ce5369f4c217b5eb3a3d9e33e7,433.71
6e760a412fba8715f219e98def54c6cd6267582f,432.88
2d2c9a911c388f105c30f690fdf0b033f22b4e17,438.77
ce843ec83988e3e3318fa7db38133b06be741a1f,428.93
2217137d9254f124e01aa935628a4076f7478995,424.49
62afbdf6a85fec75fde38d327928a180bc5bccb3,428.15
b25f8506cc212c33c0779864448a2e870dc93f34,441.23
20865395f255eb2cfefc1187822efe658ea83c54,427.90
84de4abc83b1831f96a353e8e87d09def5c1621a,430.73
8877dab91c2c4074db6ff7b459d247959019caad,427.28
f548940dd8be5f8c93ef17a8896b2807aa2a08bc,433.25
82855b07f5336d30c70dc20548ab7ab8adeac05e,433.69
daf4666075b44c4405f7dc648467bdd39c236556,428.31
09b0d1b6008ee7fa4fa7cf6dbaa798d967254a02,427.05
7568b9143d1688129350c1a6ff8ceb923b9e4731,443.86
008b3a6f92e860abec6d1d44e5be553f05d3b012,430.86
a147ce5467129fa15e62e31c725f8115dc6b5560,420.03
eb1edd463b1f3b52b541d58487718676445d0d34,429.61
ce843ec83988e3e3318fa7db38133b06be741a1f,422.68
8a7efe7305057c6123ea4ae080016e58f2ad3aca,437.81
b8cb55a51dd06a9e502399dada3abf904c0b6e7a,441.01
8a7efe7305057c6123ea4ae080016e58f2ad3aca,438.59
00aa39e3faef106f8fbb3068fa65991b1001a7c8,424.86
e96bd4bc44fa8e57993679ba0f4851554a8e7131,426.79
e5f6e084f755969196ca9a87c6b334f7125359aa,429.27
78d40f41b9567d7e8a0c891f31b7deee2b1f3f19,427.90
3e012e72724517b62a72c426ffe1c52e736d7f93,431.24
073d9734451738985650074bee2ab45cb395fbb7,440.24
8a49d09f5c2acfb89b0c1f2887728793a036aa15,431.15
073d9734451738985650074bee2ab45cb395fbb7,447.45
3e012e72724517b62a72c426ffe1c52e736d7f93,428.50
08a3d67273f31718acde383a4c5158bed9c506b2,436.02
102caa116c375ab74da564ac0f4d5d954b6296dc,428.98
e5f6e084f755969196ca9a87c6b334f7125359aa,425.32
e96bd4bc44fa8e57993679ba0f4851554a8e7131,426.61
210eeadbea339e00711cfe3f8bd68f600ea0765c,433.21
78d40f41b9567d7e8a0c891f31b7deee2b1f3f19,429.52
8877dab91c2c4074db6ff7b459d247959019caad,429.03
aef65a900ef328f92bb487752105f89d9a735672,432.84
050c5b2c4e3b6b6993b71313a82ac50c64d94555,428.20
20ed24cefb5df53c48021459af98bef83c55f241,437.13
0722718f1f3e3811639600a3333ec7665592364d,429.76
d65b6dad2a88e584be032481d30b7fc09112d225,433.10
13c2af3f24fceda5b44776a5257112ac7218d038,438.79
f4f2efb22f24378eb608aa308ba30cbfee3b3df2,437.42
b8cb55a51dd06a9e502399dada3abf904c0b6e7a,445.97
1342c6117241469f0c376353798821105cf7cd02,429.86
9dcc488f3c6afb691e49af42755cfd61b0a69d04,438.63
050c5b2c4e3b6b6993b71313a82ac50c64d94555,424.78
78d40f41b9567d7e8a0c891f31b7deee2b1f3f19,426.58
9dcc488f3c6afb691e49af42755cfd61b0a69d04,439.45
ddef7e95ca1a5b6469f17dde04d8654c967d4902,434.42
ef57a000b65f075de35f8d593a5223779755ac26,435.81
19aecf27292e894fefe4552309549325387163d2,426.96
17486e2fa5b542b1f68b9b60efbefecd216a4a48,433.08
93f930b80da2be3b46a535b4cc7dfc0f4d8eed4e,430.80
c066b23e2b9a2d59313451d8c6e786c0b5030202,440.77
f8841edabba28d6125dd87ed72f557e85570066b,433.84
050c5b2c4e3b6b6993b71313a82ac50c64d94555,433.43
6fb07413051d22873429606c0fe1db66c0571c0a,446.08
2217137d9254f124e01aa935628a4076f7478995,435.15
e4917452778b4e1b19b2fcbe9f258e9e4061a97f,423.50
13c2af3f24fceda5b44776a5257112ac7218d038,440.44
528b793d86be485f7b4fff51f97e67708eb632da,438.69
7568b9143d1688129350c1a6ff8ceb923b9e4731,427.41
a97445b2e3def9efac5fcdd20c6ce5e672184b71,436.85
e05e1855a90905b7d467cfc8d273e7a078ad0769,429.39
2e4969497c5734d90d394103728bb517644f9157,437.95
210eeadbea339e00711cfe3f8bd68f600ea0765c,437.42
13c2af3f24fceda5b44776a5257112ac7218d038,438.70
2ca58b79dd165a6eec7ce990cf53ceaf9445e5f0,435.31
aef65a900ef328f92bb487752105f89d9a735672,428.87
57bce6dc8424637621f6b660855f23e72a08c4b3,434.00
2d2c9a911c388f105c30f690fdf0b033f22b4e17,437.17
20ed24cefb5df53c48021459af98bef83c55f241,439.45
81594d5bd21af23e7378c7192197fd1966c9852e,442.52
f548940dd8be5f8c93ef17a8896b2807aa2a08bc,431.14
5e52f1b266173593fab32fe9d8a4963066b2f2fe,433.96
528b793d86be485f7b4fff51f97e67708eb632da,435.73
aef65a900ef328f92bb487752105f89d9a735672,431.16
674dab0387c4bfad01465574c4be6ea4b3f4f6e9,432.72
b8cb55a51dd06a9e502399dada3abf904c0b6e7a,441.18
e256bb7fc5979de256371bb324f1ca1330e38112,425.05
210eeadbea339e00711cfe3f8bd68f600ea0765c,429.83
8a7efe7305057c6123ea4ae080016e58f2ad3aca,436.81
dfe666c45ece6ee90c0a7586f38ddfc6825cd65c,427.65
09adeec44230265c8300408e5aaffa431af88957,432.95
6fb07413051d22873429606c0fe1db66c0571c0a,437.20
ec49e3832a1db13efc343d22798efb1523684959,430.73
b87be0c0384503d832a34d363800441b94b8fed9,434.89
20ed24cefb5df53c48021459af98bef83c55f241,438.68
102caa116c375ab74da564ac0f4d5d954b6296dc,435.65
ec49e3832a1db13efc343d22798efb1523684959,432.88
adce18ec3d06b849886d203fe932205f312cc37f,434.92
08a3d67273f31718acde383a4c5158bed9c506b2,440.40
84de4abc83b1831f96a353e8e87d09def5c1621a,431.15
aef65a900ef328f92bb487752105f89d9a735672,433.50
0b56f3e5e012e689af8dda0e96d6e0c9f31853b6,426.43
08a3d67273f31718acde383a4c5158bed9c506b2,440.21
e05e1855a90905b7d467cfc8d273e7a078ad0769,427.16
20865395f255eb2cfefc1187822efe658ea83c54,429.24
2e4969497c5734d90d394103728bb517644f9157,440.87
e256bb7fc5979de256371bb324f1ca1330e38112,427.47
1342c6117241469f0c376353798821105cf7cd02,432.58
961e4d7186308a33aad544f83e67e0a57d30b35e,428.06
f548940dd8be5f8c93ef17a8896b2807aa2a08bc,423.40
17486e2fa5b542b1f68b9b60efbefecd216a4a48,429.41
0722718f1f3e3811639600a3333ec7665592364d,429.98
21c927d33d4cccce0cd0931cffa681533851400d,425.64
9824d000c7b73f52a277dcc83b55602225154fb2,424.70
00aa39e3faef106f8fbb3068fa65991b1001a7c8,426.78
210eeadbea339e00711cfe3f8bd68f600ea0765c,428.62
cacbbfb9604fc5ce565b3547f4a7de77c037013f,435.44
daf4666075b44c4405f7dc648467bdd39c236556,430.56
91356162a5bc257a2f799b1b0d1c29baf80b294f,437.39
13c2af3f24fceda5b44776a5257112ac7218d038,434.58
20865395f255eb2cfefc1187822efe658ea83c54,430.84
da9b977ef99e2595602a964561906a930b4332f3,436.03
3091fd44859c3e5849fbc51fcab48342823276c2,436.40
daf4666075b44c4405f7dc648467bdd39c236556,424.90
2217137d9254f124e01aa935628a4076f7478995,426.33
cacbbfb9604fc5ce565b3547f4a7de77c037013f,435.98
444f558a8ed804f8851f16dc234ced136252d485,424.51
62afbdf6a85fec75fde38d327928a180bc5bccb3,426.26
19aecf27292e894fefe4552309549325387163d2,426.78
7ea1e534d6d48da3a18953f323d9b275a57c4a09,436.69
ce843ec83988e3e3318fa7db38133b06be741a1f,442.03
5ca6b4041d0605025f1a1582a605d2aee377bc1c,441.91
81594d5bd21af23e7378c7192197fd1966c9852e,443.64
09adeec44230265c8300408e5aaffa431af88957,427.97
b87be0c0384503d832a34d363800441b94b8fed9,440.76
b57bab46e4241cd3cacce52cb6ff310bbf69eb7b,424.89
935cab0e00f289ce5369f4c217b5eb3a3d9e33e7,427.94
eb1edd463b1f3b52b541d58487718676445d0d34,436.42
eec6bb02b3ce782af30f72048b800b8588c1908f,429.03
f0f280cd42096a41058b87517a3a2da9f5bcecb2,439.93
da9b977ef99e2595602a964561906a930b4332f3,439.07
cacbbfb9604fc5ce565b3547f4a7de77c037013f,441.87
6c28472ebeca802a22d8b4b775c381b7117393d6,435.08
09adeec44230265c8300408e5aaffa431af88957,428.49
7568b9143d1688129350c1a6ff8ceb923b9e4731,426.88
09b0d1b6008ee7fa4fa7cf6dbaa798d967254a02,424.69
62afbdf6a85fec75fde38d327928a180bc5bccb3,425.33
d65b6dad2a88e584be032481d30b7fc09112d225,429.56
4187ea925ea383636a198696e92949fcd76167a3,426.31
ef57a000b65f075de35f8d593a5223779755ac26,433.70
210eeadbea339e00711cfe3f8bd68f600ea0765c,428.91
aef65a900ef328f92bb487752105f89d9a735672,432.75
ff329d584a733c7fb58bb378a752541a7838fbd2,433.61
2f5b1878624b28c268e337fcb2748dbc249c5e6d,445.23
2e4969497c5734d90d394103728bb517644f9157,434.76
35090950b41fdd4f3c4cee798d53229d837e7599,429.62
00aa39e3faef106f8fbb3068fa65991b1001a7c8,423.99
a97445b2e3def9efac5fcdd20c6ce5e672184b71,447.42
81594d5bd21af23e7378c7192197fd1966c9852e,451.91
8a49d09f5c2acfb89b0c1f2887728793a036aa15,433.71
749687cbe07d824be68474a68724255f4a14e15f,448.22
961e4d7186308a33aad544f83e67e0a57d30b35e,439.59
0722718f1f3e3811639600a3333ec7665592364d,429.58
9e2d3711ff5f23e39b0f956d03c3a2b547239fc1,433.43
3e012e72724517b62a72c426ffe1c52e736d7f93,428.20
0722718f1f3e3811639600a3333ec7665592364d,429.84
d65b6dad2a88e584be032481d30b7fc09112d225,429.64
20865395f255eb2cfefc1187822efe658ea83c54,426.35
f8841edabba28d6125dd87ed72f557e85570066b,430.23
35090950b41fdd4f3c4cee798d53229d837e7599,436.01
ca8bad78bf898f808ad6028d4a7c09a69bc65b84,451.77
eb1edd463b1f3b52b541d58487718676445d0d34,429.34
0b56f3e5e012e689af8dda0e96d6e0c9f31853b6,431.19
19aecf27292e894fefe4552309549325387163d2,427.59
a147ce5467129fa15e62e31c725f8115dc6b5560,429.73
ec49e3832a1db13efc343d22798efb1523684959,424.40
3091fd44859c3e5849fbc51fcab48342823276c2,435.79
ca8bad78bf898f808ad6028d4a7c09a69bc65b84,437.40
9e2d3711ff5f23e39b0f956d03c3a2b547239fc1,436.51
9b69302f27abb4a7697ff959444b8ff2b45fbe5b,434.39
adce18ec3d06b849886d203fe932205f312cc37f,435.95
4187ea925ea383636a198696e92949fcd76167a3,431.21
102caa116c375ab74da564ac0f4d5d954b6296dc,428.19
2f5b1878624b28c268e337fcb2748dbc249c5e6d,434.67
f4f2efb22f24378eb608aa308ba30cbfee3b3df2,442.85
b57bab46e4241cd3cacce52cb6ff310bbf69eb7b,425.38
84de4abc83b1831f96a353e8e87d09def5c1621a,433.97
8a7efe7305057c6123ea4ae080016e58f2ad3aca,443.42
21c927d33d4cccce0cd0931cffa681533851400d,428.92
57bce6dc8424637621f6b660855f23e72a08c4b3,430.66
b87be0c0384503d832a34d363800441b94b8fed9,433.26
e256bb7fc5979de256371bb324f1ca1330e38112,427.77
09adeec44230265c8300408e5aaffa431af88957,429.86
91356162a5bc257a2f799b1b0d1c29baf80b294f,434.14
008b3a6f92e860abec6d1d44e5be553f05d3b012,432.34
444f558a8ed804f8851f16dc234ced136252d485,426.07
2e4969497c5734d90d394103728bb517644f9157,437.48
a147ce5467129fa15e62e31c725f8115dc6b5560,428.33
20865395f255eb2cfefc1187822efe658ea83c54,421.09
daf4666075b44c4405f7dc648467bdd39c236556,428.05
e96bd4bc44fa8e57993679ba0f4851554a8e7131,432.42
19aecf27292e894fefe4552309549325387163d2,435.16
2f5b1878624b28c268e337fcb2748dbc249c5e6d,444.35
102caa116c375ab74da564ac0f4d5d954b6296dc,445.55
1342c6117241469f0c376353798821105cf7cd02,439.84
dfe666c45ece6ee90c0a7586f38ddfc6825cd65c,426.27
21c927d33d4cccce0cd0931cffa681533851400d,439.54
a147ce5467129fa15e62e31c725f8115dc6b5560,428.60
9b69302f27abb4a7697ff959444b8ff2b45fbe5b,437.51
f0f280cd42096a41058b87517a3a2da9f5bcecb2,426.08
749687cbe07d824be68474a68724255f4a14e15f,439.76
d65b6dad2a88e584be032481d30b7fc09112d225,424.63
f8841edabba28d6125dd87ed72f557e85570066b,433.24
aef65a900ef328f92bb487752105f89d9a735672,430.04
b25f8506cc212c33c0779864448a2e870dc93f34,436.97
08a3d67273f31718acde383a4c5158bed9c506b2,446.55
0722718f1f3e3811639600a3333ec7665592364d,427.39
18e9a8f2ba83bd50dff8766bb0dab902a317f2f5,426.66
170c25f964066982cc0ce7cb5d9084d4b0dc4227,451.03
7ea1e534d6d48da3a18953f323d9b275a57c4a09,443.84
5ca6b4041d0605025f1a1582a605d2aee377bc1c,438.79
84de4abc83b1831f96a353e8e87d09def5c1621a,433.62
dfe666c45ece6ee90c0a7586f38ddfc6825cd65c,425.60
073d9734451738985650074bee2ab45cb395fbb7,442.80
19aecf27292e894fefe4552309549325387163d2,437.52
a83d5f1a692d468e71edd96801caa156492b4817,433.95
f548940dd8be5f8c93ef17a8896b2807aa2a08bc,429.71
19aecf27292e894fefe4552309549325387163d2,428.50
f462438f2ebfb354c823cd2c0b677b0674f0e80c,441.87
6c28472ebeca802a22d8b4b775c381b7117393d6,429.73
57bce6dc8424637621f6b660855f23e72a08c4b3,432.10
08a3d67273f31718acde383a4c5158bed9c506b2,435.65
f462438f2ebfb354c823cd2c0b677b0674f0e80c,442.37
c066b23e2b9a2d59313451d8c6e786c0b5030202,440.96
ce843ec83988e3e3318fa7db38133b06be741a1f,441.20
2e4969497c5734d90d394103728bb517644f9157,438.65
073d9734451738985650074bee2ab45cb395fbb7,435.13
8877dab91c2c4074db6ff7b459d247959019caad,424.92
da9b977ef99e2595602a964561906a930b4332f3,438.79
eec6bb02b3ce782af30f72048b800b8588c1908f,427.66
84056ded0760b1ea9a2eb816d6fc0170b8d7f3cd,426.32
1342c6117241469f0c376353798821105cf7cd02,431.47
d65b6dad2a88e584be032481d30b7fc09112d225,424.07
ef57a000b65f075de35f8d593a5223779755ac26,437.17
e05e1855a90905b7d467cfc8d273e7a078ad0769,425.36
35090950b41fdd4f3c4cee798d53229d837e7599,437.95
21c927d33d4cccce0cd0931cffa681533851400d,435.97
9824d000c7b73f52a277dcc83b55602225154fb2,428.98
0b56f3e5e012e689af8dda0e96d6e0c9f31853b6,441.56
6fb07413051d22873429606c0fe1db66c0571c0a,440.84
210eeadbea339e00711cfe3f8bd68f600ea0765c,428.09
102caa116c375ab74da564ac0f4d5d954b6296dc,429.66
6c28472ebeca802a22d8b4b775c381b7117393d6,435.95
f462438f2ebfb354c823cd2c0b677b0674f0e80c,439.09
6fb07413051d22873429606c0fe1db66c0571c0a,436.53
9b69302f27abb4a7697ff959444b8ff2b45fbe5b,437.43
8a7efe7305057c6123ea4ae080016e58f2ad3aca,445.58
35090950b41fdd4f3c4cee798d53229d837e7599,425.33
f0f280cd42096a41058b87517a3a2da9f5bcecb2,443.09
102caa116c375ab74da564ac0f4d5d954b6296dc,431.86
e05e1855a90905b7d467cfc8d273e7a078ad0769,428.12
dfe666c45ece6ee90c0a7586f38ddfc6825cd65c,425.77
08a3d67273f31718acde383a4c5158bed9c506b2,434.14
00aa39e3faef106f8fbb3068fa65991b1001a7c8,426.56
210eeadbea339e00711cfe3f8bd68f600ea0765c,431.64
21c927d33d4cccce0cd0931cffa681533851400d,437.82
f8841edabba28d6125dd87ed72f557e85570066b,433.23
84056ded0760b1ea9a2eb816d6fc0170b8d7f3cd,422.12
eec6bb02b3ce782af30f72048b800b8588c1908f,431.40
b57bab46e4241cd3cacce52cb6ff310bbf69eb7b,424.84
3e012e72724517b62a72c426ffe1c52e736d7f93,427.42
6e760a412fba8715f219e98def54c6cd6267582f,428.09
2ca58b79dd165a6eec7ce990cf53ceaf9445e5f0,427.35
8a49d09f5c2acfb89b0c1f2887728793a036aa15,431.25
20ed24cefb5df53c48021459af98bef83c55f241,440.42
073d9734451738985650074bee2ab45cb395fbb7,440.77
0722718f1f3e3811639600a3333ec7665592364d,428.88
adce18ec3d06b849886d203fe932205f312cc37f,437.23
6e760a412fba8715f219e98def54c6cd6267582f,448.24
0722718f1f3e3811639600a3333ec7665592364d,556.71
674dab0387c4bfad01465574c4be6ea4b3f4f6e9,446.32
674dab0387c4bfad01465574c4be6ea4b3f4f6e9,431.17
e256bb7fc5979de256371bb324f1ca1330e38112,425.21
e05e1855a90905b7d467cfc8d273e7a078ad0769,426.65
0722718f1f3e3811639600a3333ec7665592364d,435.64
3091fd44859c3e5849fbc51fcab48342823276c2,428.22
102caa116c375ab74da564ac0f4d5d954b6296dc,439.87
ef57a000b65f075de35f8d593a5223779755ac26,431.84
62afbdf6a85fec75fde38d327928a180bc5bccb3,426.90
5e52f1b266173593fab32fe9d8a4963066b2f2fe,431.40
2217137d9254f124e01aa935628a4076f7478995,434.10
84de4abc83b1831f96a353e8e87d09def5c1621a,431.85
2f5b1878624b28c268e337fcb2748dbc249c5e6d,440.09
7ea1e534d6d48da3a18953f323d9b275a57c4a09,436.80
9824d000c7b73f52a277dcc83b55602225154fb2,424.79
ddef7e95ca1a5b6469f17dde04d8654c967d4902,440.05
c6936dd3daab6dc7098065dff0bf39d8318349eb,426.54
aef65a900ef328f92bb487752105f89d9a735672,427.71
adce18ec3d06b849886d203fe932205f312cc37f,445.25
1342c6117241469f0c376353798821105cf7cd02,427.79
daf4666075b44c4405f7dc648467bdd39c236556,425.63
b87be0c0384503d832a34d363800441b94b8fed9,430.78
a147ce5467129fa15e62e31c725f8115dc6b5560,424.78
674dab0387c4bfad01465574c4be6ea4b3f4f6e9,445.95
dfe666c45ece6ee90c0a7586f38ddfc6825cd65c,427.66
a97445b2e3def9efac5fcdd20c6ce5e672184b71,438.39
2ca58b79dd165a6eec7ce990cf53ceaf9445e5f0,438.03
84056ded0760b1ea9a2eb816d6fc0170b8d7f3cd,432.80
008b3a6f92e860abec6d1d44e5be553f05d3b012,425.03
b87be0c0384503d832a34d363800441b94b8fed9,428.97
21c927d33d4cccce0cd0931cffa681533851400d,444.90
57bce6dc8424637621f6b660855f23e72a08c4b3,433.66
eb1edd463b1f3b52b541d58487718676445d0d34,430.33
21c927d33d4cccce0cd0931cffa681533851400d,429.06
961e4d7186308a33aad544f83e67e0a57d30b35e,428.06
eb1edd463b1f3b52b541d58487718676445d0d34,432.69
9e2d3711ff5f23e39b0f956d03c3a2b547239fc1,442.68
008b3a6f92e860abec6d1d44e5be553f05d3b012,431.51
ddef7e95ca1a5b6469f17dde04d8654c967d4902,439.31
210eeadbea339e00711cfe3f8bd68f600ea0765c,430.10
e05e1855a90905b7d467cfc8d273e7a078ad0769,424.84
1342c6117241469f0c376353798821105cf7cd02,435.76
8877dab91c2c4074db6ff7b459d247959019caad,427.66
3e012e72724517b62a72c426ffe1c52e736d7f93,425.79
d65b6dad2a88e584be032481d30b7fc09112d225,438.05
a83d5f1a692d468e71edd96801caa156492b4817,427.58
82855b07f5336d30c70dc20548ab7ab8adeac05e,458.68
c6936dd3daab6dc7098065dff0bf39d8318349eb,434.43
b87be0c0384503d832a34d363800441b94b8fed9,430.08
b8cb55a51dd06a9e502399dada3abf904c0b6e7a,440.80
e8e29ca111772980970275662e0027fa695d9f27,427.79
18e9a8f2ba83bd50dff8766bb0dab902a317f2f5,421.88
b25f8506cc212c33c0779864448a2e870dc93f34,435.09
eb1edd463b1f3b52b541d58487718676445d0d34,429.85
9b69302f27abb4a7697ff959444b8ff2b45fbe5b,434.65
ca8bad78bf898f808ad6028d4a7c09a69bc65b84,436.48
a147ce5467129fa15e62e31c725f8115dc6b5560,425.37
2f5b1878624b28c268e337fcb2748dbc249c5e6d,436.95
6e760a412fba8715f219e98def54c6cd6267582f,428.94
ef57a000b65f075de35f8d593a5223779755ac26,436.13
daf4666075b44c4405f7dc648467bdd39c236556,426.63
b8cb55a51dd06a9e502399dada3abf904c0b6e7a,445.44
961e4d7186308a33aad544f83e67e0a57d30b35e,427.09
e96bd4bc44fa8e57993679ba0f4851554a8e7131,433.91
444f558a8ed804f8851f16dc234ced136252d485,435.35
eec6bb02b3ce782af30f72048b800b8588c1908f,425.74
9824d000c7b73f52a277dcc83b55602225154fb2,426.31
b87be0c0384503d832a34d363800441b94b8fed9,433.99
f548940dd8be5f8c93ef17a8896b2807aa2a08bc,427.93
444f558a8ed804f8851f16dc234ced136252d485,433.95
84056ded0760b1ea9a2eb816d6fc0170b8d7f3cd,424.52
2ca58b79dd165a6eec7ce990cf53ceaf9445e5f0,442.40
b8cb55a51dd06a9e502399dada3abf904c0b6e7a,447.42
e256bb7fc5979de256371bb324f1ca1330e38112,433.57
0722718f1f3e3811639600a3333ec7665592364d,434.25
8877dab91c2c4074db6ff7b459d247959019caad,427.14
21c927d33d4cccce0cd0931cffa681533851400d,435.51
a83d5f1a692d468e71edd96801caa156492b4817,424.97
ca8bad78bf898f808ad6028d4a7c09a69bc65b84,438.70
d65b6dad2a88e584be032481d30b7fc09112d225,427.35
528b793d86be485f7b4fff51f97e67708eb632da,439.23
3091fd44859c3e5849fbc51fcab48342823276c2,423.87
19aecf27292e894fefe4552309549325387163d2,431.88
ef57a000b65f075de35f8d593a5223779755ac26,438.02
2e22a341cd460a58d3f70ed8bf77bef53e9bec0f,428.94
b57bab46e4241cd3cacce52cb6ff310bbf69eb7b,426.08
749687cbe07d824be68474a68724255f4a14e15f,434.16
170c25f964066982cc0ce7cb5d9084d4b0dc4227,439.63
8877dab91c2c4074db6ff7b459d247959019caad,433.19
9824d000c7b73f52a277dcc83b55602225154fb2,428.45
19aecf27292e894fefe4552309549325387163d2,429.20
57bce6dc8424637621f6b660855f23e72a08c4b3,430.64
ef57a000b65f075de35f8d593a5223779755ac26,438.18
5e52f1b266173593fab32fe9d8a4963066b2f2fe,424.74
35090950b41fdd4f3c4cee798d53229d837e7599,428.57
a83d5f1a692d468e71edd96801caa156492b4817,422.64
c6936dd3daab6dc7098065dff0bf39d8318349eb,442.12
102caa116c375ab74da564ac0f4d5d954b6296dc,427.70
b57bab46e4241cd3cacce52cb6ff310bbf69eb7b,429.51
19aecf27292e894fefe4552309549325387163d2,428.98
7568b9143d1688129350c1a6ff8ceb923b9e4731,425.41
073d9734451738985650074bee2ab45cb395fbb7,439.55
08a3d67273f31718acde383a4c5158bed9c506b2,434.33
57bce6dc8424637621f6b660855f23e72a08c4b3,433.29
eec6bb02b3ce782af30f72048b800b8588c1908f,427.38
b8cb55a51dd06a9e502399dada3abf904c0b6e7a,441.24
09b0d1b6008ee7fa4fa7cf6dbaa798d967254a02,425.56
961e4d7186308a33aad544f83e67e0a57d30b35e,428.03
8a49d09f5c2acfb89b0c1f2887728793a036aa15,429.11
f462438f2ebfb354c823cd2c0b677b0674f0e80c,436.67
81594d5bd21af23e7378c7192197fd1966c9852e,446.93
749687cbe07d824be68474a68724255f4a14e15f,442.51
00aa39e3faef106f8fbb3068fa65991b1001a7c8,424.08
b25f8506cc212c33c0779864448a2e870dc93f34,435.62
5e52f1b266173593fab32fe9d8a4963066b2f2fe,425.45
84056ded0760b1ea9a2eb816d6fc0170b8d7f3cd,423.19
81594d5bd21af23e7378c7192197fd1966c9852e,448.67
18e9a8f2ba83bd50dff8766bb0dab902a317f2f5,423.76
20865395f255eb2cfefc1187822efe658ea83c54,426.04
f462438f2ebfb354c823cd2c0b677b0674f0e80c,436.39
e96bd4bc44fa8e57993679ba0f4851554a8e7131,426.24
00aa39e3faef106f8fbb3068fa65991b1001a7c8,431.05
e5f6e084f755969196ca9a87c6b334f7125359aa,423.16
e5f6e084f755969196ca9a87c6b334f7125359aa,430.84
d65b6dad2a88e584be032481d30b7fc09112d225,432.17
62afbdf6a85fec75fde38d327928a180bc5bccb3,425.62
4187ea925ea383636a198696e92949fcd76167a3,424.48
528b793d86be485f7b4fff51f97e67708eb632da,431.97
20ed24cefb5df53c48021459af98bef83c55f241,437.40
cacbbfb9604fc5ce565b3547f4a7de77c037013f,437.45
91356162a5bc257a2f799b1b0d1c29baf80b294f,431.82
84056ded0760b1ea9a2eb816d6fc0170b8d7f3cd,426.71
e5f6e084f755969196ca9a87c6b334f7125359aa,425.90
ce843ec83988e3e3318fa7db38133b06be741a1f,422.51
d65b6dad2a88e584be032481d30b7fc09112d225,434.62
ddef7e95ca1a5b6469f17dde04d8654c967d4902,437.87
2e4969497c5734d90d394103728bb517644f9157,437.13
09adeec44230265c8300408e5aaffa431af88957,423.71
eb1edd463b1f3b52b541d58487718676445d0d34,431.21
a97445b2e3def9efac5fcdd20c6ce5e672184b71,437.61
1342c6117241469f0c376353798821105cf7cd02,426.54
528b793d86be485f7b4fff51f97e67708eb632da,437.43
9824d000c7b73f52a277dcc83b55602225154fb2,432.23
2ca58b79dd165a6eec7ce990cf53ceaf9445e5f0,428.84
ef57a000b65f075de35f8d593a5223779755ac26,435.78
00aa39e3faef106f8fbb3068fa65991b1001a7c8,430.64
961e4d7186308a33aad544f83e67e0a57d30b35e,426.25
ca8bad78bf898f808ad6028d4a7c09a69bc65b84,439.91
f462438f2ebfb354c823cd2c0b677b0674f0e80c,439.38
008b3a6f92e860abec6d1d44e5be553f05d3b012,431.20
ca8bad78bf898f808ad6028d4a7c09a69bc65b84,441.61
e4917452778b4e1b19b2fcbe9f258e9e4061a97f,435.93
e8e29ca111772980970275662e0027fa695d9f27,435.08
ff329d584a733c7fb58bb378a752541a7838fbd2,426.67
f8841edabba28d6125dd87ed72f557e85570066b,441.60
9dcc488f3c6afb691e49af42755cfd61b0a69d04,443.36
050c5b2c4e3b6b6993b71313a82ac50c64d94555,425.87
0b56f3e5e012e689af8dda0e96d6e0c9f31853b6,430.65
daf4666075b44c4405f7dc648467bdd39c236556,425.60
2f5b1878624b28c268e337fcb2748dbc249c5e6d,437.55
84056ded0760b1ea9a2eb816d6fc0170b8d7f3cd,425.69
5ca6b4041d0605025f1a1582a605d2aee377bc1c,436.31
09adeec44230265c8300408e5aaffa431af88957,430.35
961e4d7186308a33aad544f83e67e0a57d30b35e,432.10
8877dab91c2c4074db6ff7b459d247959019caad,428.77
935cab0e00f289ce5369f4c217b5eb3a3d9e33e7,428.74
2217137d9254f124e01aa935628a4076f7478995,429.87
eb1edd463b1f3b52b541d58487718676445d0d34,431.68
170c25f964066982cc0ce7cb5d9084d4b0dc4227,439.78
b8cb55a51dd06a9e502399dada3abf904c0b6e7a,450.41
17486e2fa5b542b1f68b9b60efbefecd216a4a48,439.25
6e760a412fba8715f219e98def54c6cd6267582f,432.44
8877dab91c2c4074db6ff7b459d247959019caad,429.25
84de4abc83b1831f96a353e8e87d09def5c1621a,430.88
6c28472ebeca802a22d8b4b775c381b7117393d6,426.71
daf4666075b44c4405f7dc648467bdd39c236556,426.44
da9b977ef99e2595602a964561906a930b4332f3,433.94
b8cb55a51dd06a9e502399dada3abf904c0b6e7a,448.30
210eeadbea339e00711cfe3f8bd68f600ea0765c,427.31
93f930b80da2be3b46a535b4cc7dfc0f4d8eed4e,428.63
dfe666c45ece6ee90c0a7586f38ddfc6825cd65c,431.53
21c927d33d4cccce0cd0931cffa681533851400d,431.46
91356162a5bc257a2f799b1b0d1c29baf80b294f,433.08
0722718f1f3e3811639600a3333ec7665592364d,428.10
93f930b80da2be3b46a535b4cc7dfc0f4d8eed4e,431.43
f8841edabba28d6125dd87ed72f557e85570066b,439.72
b25f8506cc212c33c0779864448a2e870dc93f34,443.62
ce843ec83988e3e3318fa7db38133b06be741a1f,426.16
f548940dd8be5f8c93ef17a8896b2807aa2a08bc,426.31
961e4d7186308a33aad544f83e67e0a57d30b35e,427.91
00aa39e3faef106f8fbb3068fa65991b1001a7c8,423.04
749687cbe07d824be68474a68724255f4a14e15f,456.70
7ea1e534d6d48da3a18953f323d9b275a57c4a09,437.12
528b793d86be485f7b4fff51f97e67708eb632da,445.90
e8e29ca111772980970275662e0027fa695d9f27,421.38
4187ea925ea383636a198696e92949fcd76167a3,426.17
adce18ec3d06b849886d203fe932205f312cc37f,440.23
2f2f8b83a69959607d9ee072188b51e87fe31ba1,442.43
1342c6117241469f0c376353798821105cf7cd02,442.42
210eeadbea339e00711cfe3f8bd68f600ea0765c,428.83
e05e1855a90905b7d467cfc8d273e7a078ad0769,422.47
ddef7e95ca1a5b6469f17dde04d8654c967d4902,446.44
170c25f964066982cc0ce7cb5d9084d4b0dc4227,445.25
2ca58b79dd165a6eec7ce990cf53ceaf9445e5f0,439.06
0b56f3e5e012e689af8dda0e96d6e0c9f31853b6,428.42
210eeadbea339e00711cfe3f8bd68f600ea0765c,434.86
18e9a8f2ba83bd50dff8766bb0dab902a317f2f5,426.50
35090950b41fdd4f3c4cee798d53229d837e7599,429.08
102caa116c375ab74da564ac0f4d5d954b6296dc,427.38
ddef7e95ca1a5b6469f17dde04d8654c967d4902,437.03
a97445b2e3def9efac5fcdd20c6ce5e672184b71,437.60
78d40f41b9567d7e8a0c891f31b7deee2b1f3f19,429.40
c6936dd3daab6dc7098065dff0bf39d8318349eb,435.70
b25f8506cc212c33c0779864448a2e870dc93f34,441.22
6fb07413051d22873429606c0fe1db66c0571c0a,436.77
e8e29ca111772980970275662e0027fa695d9f27,430.10
93f930b80da2be3b46a535b4cc7dfc0f4d8eed4e,425.75
5e52f1b266173593fab32fe9d8a4963066b2f2fe,427.43
cacbbfb9604fc5ce565b3547f4a7de77c037013f,435.36
e96bd4bc44fa8e57993679ba0f4851554a8e7131,428.59
674dab0387c4bfad01465574c4be6ea4b3f4f6e9,432.08
170c25f964066982cc0ce7cb5d9084d4b0dc4227,435.74
09b0d1b6008ee7fa4fa7cf6dbaa798d967254a02,420.89
749687cbe07d824be68474a68724255f4a14e15f,451.42
a83d5f1a692d468e71edd96801caa156492b4817,430.92
8a7efe7305057c6123ea4ae080016e58f2ad3aca,443.33
09b0d1b6008ee7fa4fa7cf6dbaa798d967254a02,424.65
1342c6117241469f0c376353798821105cf7cd02,427.51
84de4abc83b1831f96a353e8e87d09def5c1621a,431.02
9e2d3711ff5f23e39b0f956d03c3a2b547239fc1,438.98
b8cb55a51dd06a9e502399dada3abf904c0b6e7a,441.77
c6936dd3daab6dc7098065dff0bf39d8318349eb,427.02
19aecf27292e894fefe4552309549325387163d2,431.27
f8841edabba28d6125dd87ed72f557e85570066b,431.77
2d2c9a911c388f105c30f690fdf0b033f22b4e17,451.50
d65b6dad2a88e584be032481d30b7fc09112d225,428.19
749687cbe07d824be68474a68724255f4a14e15f,436.71
ec49e3832a1db13efc343d22798efb1523684959,426.17
a83d5f1a692d468e71edd96801caa156492b4817,429.46
4187ea925ea383636a198696e92949fcd76167a3,434.06
050c5b2c4e3b6b6993b71313a82ac50c64d94555,427.69
eec6bb02b3ce782af30f72048b800b8588c1908f,427.93
0b56f3e5e012e689af8dda0e96d6e0c9f31853b6,425.75
b87be0c0384503d832a34d363800441b94b8fed9,432.29
e256bb7fc5979de256371bb324f1ca1330e38112,424.31
3e012e72724517b62a72c426ffe1c52e736d7f93,429.75
9dcc488f3c6afb691e49af42755cfd61b0a69d04,433.64
7568b9143d1688129350c1a6ff8ceb923b9e4731,427.58
d65b6dad2a88e584be032481d30b7fc09112d225,425.83
9b69302f27abb4a7697ff959444b8ff2b45fbe5b,442.59
aef65a900ef328f92bb487752105f89d9a735672,435.09
5ca6b4041d0605025f1a1582a605d2aee377bc1c,438.99
a147ce5467129fa15e62e31c725f8115dc6b5560,433.11
84056ded0760b1ea9a2eb816d6fc0170b8d7f3cd,427.68
210eeadbea339e00711cfe3f8bd68f600ea0765c,431.85
f4f2efb22f24378eb608aa308ba30cbfee3b3df2,441.31
adce18ec3d06b849886d203fe932205f312cc37f,446.74
cacbbfb9604fc5ce565b3547f4a7de77c037013f,443.17
961e4d7186308a33aad544f83e67e0a57d30b35e,433.92
7568b9143d1688129350c1a6ff8ceb923b9e4731,427.01
102caa116c375ab74da564ac0f4d5d954b6296dc,435.64
e256bb7fc5979de256371bb324f1ca1330e38112,430.01
961e4d7186308a33aad544f83e67e0a57d30b35e,428.31
170c25f964066982cc0ce7cb5d9084d4b0dc4227,440.72
9b69302f27abb4a7697ff959444b8ff2b45fbe5b,436.90
2f2f8b83a69959607d9ee072188b51e87fe31ba1,440.29
84de4abc83b1831f96a353e8e87d09def5c1621a,430.30
6fb07413051d22873429606c0fe1db66c0571c0a,440.47
2f5b1878624b28c268e337fcb2748dbc249c5e6d,444.82
adce18ec3d06b849886d203fe932205f312cc37f,447.94
82855b07f5336d30c70dc20548ab7ab8adeac05e,443.36
008b3a6f92e860abec6d1d44e5be553f05d3b012,430.85
18e9a8f2ba83bd50dff8766bb0dab902a317f2f5,428.85
ff329d584a733c7fb58bb378a752541a7838fbd2,428.78
20865395f255eb2cfefc1187822efe658ea83c54,427.92
170c25f964066982cc0ce7cb5d9084d4b0dc4227,447.30
c6936dd3daab6dc7098065dff0bf39d8318349eb,427.31
cacbbfb9604fc5ce565b3547f4a7de77c037013f,437.42
008b3a6f92e860abec6d1d44e5be553f05d3b012,440.16
9824d000c7b73f52a277dcc83b55602225154fb2,433.75
57bce6dc8424637621f6b660855f23e72a08c4b3,433.01
cacbbfb9604fc5ce565b3547f4a7de77c037013f,437.52
5e52f1b266173593fab32fe9d8a4963066b2f2fe,426.32
62afbdf6a85fec75fde38d327928a180bc5bccb3,437.80
674dab0387c4bfad01465574c4be6ea4b3f4f6e9,431.99
c066b23e2b9a2d59313451d8c6e786c0b5030202,436.08
17486e2fa5b542b1f68b9b60efbefecd216a4a48,440.34
0b56f3e5e012e689af8dda0e96d6e0c9f31853b6,427.31
35090950b41fdd4f3c4cee798d53229d837e7599,427.19
961e4d7186308a33aad544f83e67e0a57d30b35e,428.52
5ca6b4041d0605025f1a1582a605d2aee377bc1c,437.45
a147ce5467129fa15e62e31c725f8115dc6b5560,441.98
f548940dd8be5f8c93ef17a8896b2807aa2a08bc,424.66
91356162a5bc257a2f799b1b0d1c29baf80b294f,441.15
e4917452778b4e1b19b2fcbe9f258e9e4061a97f,427.84
91356162a5bc257a2f799b1b0d1c29baf80b294f,431.14
528b793d86be485f7b4fff51f97e67708eb632da,433.82
7568b9143d1688129350c1a6ff8ceb923b9e4731,427.07
adce18ec3d06b849886d203fe932205f312cc37f,444.93
b8cb55a51dd06a9e502399dada3abf904c0b6e7a,443.65
7ea1e534d6d48da3a18953f323d9b275a57c4a09,438.86
9dcc488f3c6afb691e49af42755cfd61b0a69d04,435.55
008b3a6f92e860abec6d1d44e5be553f05d3b012,431.90
a83d5f1a692d468e71edd96801caa156492b4817,430.88
84de4abc83b1831f96a353e8e87d09def5c1621a,442.26
00aa39e3faef106f8fbb3068fa65991b1001a7c8,427.33
6c28472ebeca802a22d8b4b775c381b7117393d6,425.06
ff329d584a733c7fb58bb378a752541a7838fbd2,427.79
35090950b41fdd4f3c4cee798d53229d837e7599,431.98
2217137d9254f124e01aa935628a4076f7478995,427.38
09adeec44230265c8300408e5aaffa431af88957,426.96
78d40f41b9567d7e8a0c891f31b7deee2b1f3f19,427.56
cacbbfb9604fc5ce565b3547f4a7de77c037013f,438.58
008b3a6f92e860abec6d1d44e5be553f05d3b012,424.90
1342c6117241469f0c376353798821105cf7cd02,428.35
18e9a8f2ba83bd50dff8766bb0dab902a317f2f5,428.29
9dcc488f3c6afb691e49af42755cfd61b0a69d04,435.32
b25f8506cc212c33c0779864448a2e870dc93f34,449.63
91356162a5bc257a2f799b1b0d1c29baf80b294f,433.54
b8cb55a51dd06a9e502399dada3abf904c0b6e7a,438.22
2e4969497c5734d90d394103728bb517644f9157,437.47
17486e2fa5b542b1f68b9b60efbefecd216a4a48,435.01
935cab0e00f289ce5369f4c217b5eb3a3d9e33e7,432.24
9e2d3711ff5f23e39b0f956d03c3a2b547239fc1,437.88
6e760a412fba8715f219e98def54c6cd6267582f,428.77
da9b977ef99e2595602a964561906a930b4332f3,437.96
6c28472ebeca802a22d8b4b775c381b7117393d6,429.95
eec6bb02b3ce782af30f72048b800b8588c1908f,428.10
62afbdf6a85fec75fde38d327928a180bc5bccb3,430.93
81594d5bd21af23e7378c7192197fd1966c9852e,440.11
20ed24cefb5df53c48021459af98bef83c55f241,434.03
9b69302f27abb4a7697ff959444b8ff2b45fbe5b,437.16
19aecf27292e894fefe4552309549325387163d2,431.40
e4917452778b4e1b19b2fcbe9f258e9e4061a97f,427.38
ec49e3832a1db13efc343d22798efb1523684959,437.97
3091fd44859c3e5849fbc51fcab48342823276c2,427.30
8877dab91c2c4074db6ff7b459d247959019caad,431.91
c066b23e2b9a2d59313451d8c6e786c0b5030202,434.66
13c2af3f24fceda5b44776a5257112ac7218d038,442.00
a147ce5467129fa15e62e31c725f8115dc6b5560,423.55
dfe666c45ece6ee90c0a7586f38ddfc6825cd65c,423.23
adce18ec3d06b849886d203fe932205f312cc37f,435.64
0722718f1f3e3811639600a3333ec7665592364d,432.07
170c25f964066982cc0ce7cb5d9084d4b0dc4227,442.93
5e52f1b266173593fab32fe9d8a4963066b2f2fe,427.59
b57bab46e4241cd3cacce52cb6ff310bbf69eb7b,427.02
f462438f2ebfb354c823cd2c0b677b0674f0e80c,446.23
17486e2fa5b542b1f68b9b60efbefecd216a4a48,437.11
08a3d67273f31718acde383a4c5158bed9c506b2,438.31
81594d5bd21af23e7378c7192197fd1966c9852e,437.55
a147ce5467129fa15e62e31c725f8115dc6b5560,438.37
2e22a341cd460a58d3f70ed8bf77bef53e9bec0f,429.18
e4917452778b4e1b19b2fcbe9f258e9e4061a97f,432.83
444f558a8ed804f8851f16dc234ced136252d485,424.46
82855b07f5336d30c70dc20548ab7ab8adeac05e,433.22
4187ea925ea383636a198696e92949fcd76167a3,431.05
f548940dd8be5f8c93ef17a8896b2807aa2a08bc,433.08
a147ce5467129fa15e62e31c725f8115dc6b5560,425.20
c066b23e2b9a2d59313451d8c6e786c0b5030202,449.55
eb1edd463b1f3b52b541d58487718676445d0d34,432.43
9e2d3711ff5f23e39b0f956d03c3a2b547239fc1,439.63
170c25f964066982cc0ce7cb5d9084d4b0dc4227,449.30
2ca58b79dd165a6eec7ce990cf53ceaf9445e5f0,426.27
b25f8506cc212c33c0779864448a2e870dc93f34,446.42
2e22a341cd460a58d3f70ed8bf77bef53e9bec0f,432.01
6e760a412fba8715f219e98def54c6cd6267582f,430.05
102caa116c375ab74da564ac0f4d5d954b6296dc,426.98
e5f6e084f755969196ca9a87c6b334f7125359aa,423.23
2d2c9a911c388f105c30f690fdf0b033f22b4e17,440.55
e96bd4bc44fa8e57993679ba0f4851554a8e7131,429.92
050c5b2c4e3b6b6993b71313a82ac50c64d94555,430.63
674dab0387c4bfad01465574c4be6ea4b3f4f6e9,430.91
a97445b2e3def9efac5fcdd20c6ce5e672184b71,435.73
b57bab46e4241cd3cacce52cb6ff310bbf69eb7b,430.52
ddef7e95ca1a5b6469f17dde04d8654c967d4902,434.04
13c2af3f24fceda5b44776a5257112ac7218d038,436.70
0722718f1f3e3811639600a3333ec7665592364d,430.76
3e012e72724517b62a72c426ffe1c52e736d7f93,432.06
ddef7e95ca1a5b6469f17dde04d8654c967d4902,432.62
ec49e3832a1db13efc343d22798efb1523684959,428.71
ca8bad78bf898f808ad6028d4a7c09a69bc65b84,443.86
a83d5f1a692d468e71edd96801caa156492b4817,424.17
ca8bad78bf898f808ad6028d4a7c09a69bc65b84,450.00
2e22a341cd460a58d3f70ed8bf77bef53e9bec0f,429.56
2e4969497c5734d90d394103728bb517644f9157,437.25
aef65a900ef328f92bb487752105f89d9a735672,430.09
f8841edabba28d6125dd87ed72f557e85570066b,430.09
a97445b2e3def9efac5fcdd20c6ce5e672184b71,437.29
82855b07f5336d30c70dc20548ab7ab8adeac05e,442.55
9824d000c7b73f52a277dcc83b55602225154fb2,425.14
4187ea925ea383636a198696e92949fcd76167a3,435.01
9dcc488f3c6afb691e49af42755cfd61b0a69d04,443.82
528b793d86be485f7b4fff51f97e67708eb632da,436.66
1342c6117241469f0c376353798821105cf7cd02,434.10
18e9a8f2ba83bd50dff8766bb0dab902a317f2f5,427.70
210eeadbea339e00711cfe3f8bd68f600ea0765c,423.48
35090950b41fdd4f3c4cee798d53229d837e7599,425.48
4187ea925ea383636a198696e92949fcd76167a3,432.37
84de4abc83b1831f96a353e8e87d09def5c1621a,431.56
ff329d584a733c7fb58bb378a752541a7838fbd2,422.73
62afbdf6a85fec75fde38d327928a180bc5bccb3,427.35
6c28472ebeca802a22d8b4b775c381b7117393d6,429.59
35090950b41fdd4f3c4cee798d53229d837e7599,425.78
da9b977ef99e2595602a964561906a930b4332f3,436.06
2217137d9254f124e01aa935628a4076f7478995,433.05
935cab0e00f289ce5369f4c217b5eb3a3d9e33e7,438.02
0b56f3e5e012e689af8dda0e96d6e0c9f31853b6,427.65
7568b9143d1688129350c1a6ff8ceb923b9e4731,431.37
b87be0c0384503d832a34d363800441b94b8fed9,433.83
9e2d3711ff5f23e39b0f956d03c3a2b547239fc1,436.07
ef57a000b65f075de35f8d593a5223779755ac26,437.18
7ea1e534d6d48da3a18953f323d9b275a57c4a09,436.32
b57bab46e4241cd3cacce52cb6ff310bbf69eb7b,434.65
20ed24cefb5df53c48021459af98bef83c55f241,438.41
21c927d33d4cccce0cd0931cffa681533851400d,433.23
82855b07f5336d30c70dc20548ab7ab8adeac05e,437.49
7568b9143d1688129350c1a6ff8ceb923b9e4731,427.64
ef57a000b65f075de35f8d593a5223779755ac26,446.09
935cab0e00f289ce5369f4c217b5eb3a3d9e33e7,433.96
21c927d33d4cccce0cd0931cffa681533851400d,430.60
6fb07413051d22873429606c0fe1db66c0571c0a,441.30
2f2f8b83a69959607d9ee072188b51e87fe31ba1,441.64
6c28472ebeca802a22d8b4b775c381b7117393d6,428.91
00aa39e3faef106f8fbb3068fa65991b1001a7c8,429.43
da9b977ef99e2595602a964561906a930b4332f3,437.11
9824d000c7b73f52a277dcc83b55602225154fb2,423.57
eec6bb02b3ce782af30f72048b800b8588c1908f,429.50
17486e2fa5b542b1f68b9b60efbefecd216a4a48,434.11
2ca58b79dd165a6eec7ce990cf53ceaf9445e5f0,435.84
ca8bad78bf898f808ad6028d4a7c09a69bc65b84,440.05
073d9734451738985650074bee2ab45cb395fbb7,439.04
a147ce5467129fa15e62e31c725f8115dc6b5560,423.34
8a7efe7305057c6123ea4ae080016e58f2ad3aca,435.66
ec49e3832a1db13efc343d22798efb1523684959,430.54
3091fd44859c3e5849fbc51fcab48342823276c2,424.38
7ea1e534d6d48da3a18953f323d9b275a57c4a09,445.50
17486e2fa5b542b1f68b9b60efbefecd216a4a48,432.33
f462438f2ebfb354c823cd2c0b677b0674f0e80c,440.56
f0f280cd42096a41058b87517a3a2da9f5bcecb2,433.16
84056ded0760b1ea9a2eb816d6fc0170b8d7f3cd,428.51
4187ea925ea383636a198696e92949fcd76167a3,426.96
20ed24cefb5df53c48021459af98bef83c55f241,438.71
e96bd4bc44fa8e57993679ba0f4851554a8e7131,429.96
6c28472ebeca802a22d8b4b775c381b7117393d6,424.28
9b69302f27abb4a7697ff959444b8ff2b45fbe5b,443.28
f0f280cd42096a41058b87517a3a2da9f5bcecb2,427.36
ec49e3832a1db13efc343d22798efb1523684959,430.79
f8841edabba28d6125dd87ed72f557e85570066b,431.42
08a3d67273f31718acde383a4c5158bed9c506b2,437.00
b8cb55a51dd06a9e502399dada3abf904c0b6e7a,449.45
8877dab91c2c4074db6ff7b459d247959019caad,433.37
e4917452778b4e1b19b2fcbe9f258e9e4061a97f,432.78
adce18ec3d06b849886d203fe932205f312cc37f,435.22
444f558a8ed804f8851f16dc234ced136252d485,427.43
749687cbe07d824be68474a68724255f4a14e15f,431.50
93f930b80da2be3b46a535b4cc7dfc0f4d8eed4e,429.10
2ca58b79dd165a6eec7ce990cf53ceaf9445e5f0,432.69
073d9734451738985650074bee2ab45cb395fbb7,439.42
eec6bb02b3ce782af30f72048b800b8588c1908f,427.10
da9b977ef99e2595602a964561906a930b4332f3,435.88
6fb07413051d22873429606c0fe1db66c0571c0a,435.97
8877dab91c2c4074db6ff7b459d247959019caad,424.69
f4f2efb22f24378eb608aa308ba30cbfee3b3df2,432.69
935cab0e00f289ce5369f4c217b5eb3a3d9e33e7,431.59
6fb07413051d22873429606c0fe1db66c0571c0a,440.74
c066b23e2b9a2d59313451d8c6e786c0b5030202,437.86
57bce6dc8424637621f6b660855f23e72a08c4b3,431.97
e4917452778b4e1b19b2fcbe9f258e9e4061a97f,444.86
17486e2fa5b542b1f68b9b60efbefecd216a4a48,435.90
749687cbe07d824be68474a68724255f4a14e15f,434.69
f0f280cd42096a41058b87517a3a2da9f5bcecb2,420.21
102caa116c375ab74da564ac0f4d5d954b6296dc,439.04
a83d5f1a692d468e71edd96801caa156492b4817,426.20
961e4d7186308a33aad544f83e67e0a57d30b35e,434.61
ef57a000b65f075de35f8d593a5223779755ac26,444.77
2217137d9254f124e01aa935628a4076f7478995,443.04
d65b6dad2a88e584be032481d30b7fc09112d225,425.04
9dcc488f3c6afb691e49af42755cfd61b0a69d04,434.55
2e4969497c5734d90d394103728bb517644f9157,434.53
aef65a900ef328f92bb487752105f89d9a735672,427.48
444f558a8ed804f8851f16dc234ced136252d485,424.05
18e9a8f2ba83bd50dff8766bb0dab902a317f2f5,432.00
84de4abc83b1831f96a353e8e87d09def5c1621a,434.26
7ea1e534d6d48da3a18953f323d9b275a57c4a09,441.52
17486e2fa5b542b1f68b9b60efbefecd216a4a48,435.18
eb1edd463b1f3b52b541d58487718676445d0d34,428.32
1342c6117241469f0c376353798821105cf7cd02,424.46
749687cbe07d824be68474a68724255f4a14e15f,435.83
2f2f8b83a69959607d9ee072188b51e87fe31ba1,442.06
b87be0c0384503d832a34d363800441b94b8fed9,430.06
674dab0387c4bfad01465574c4be6ea4b3f4f6e9,425.69
961e4d7186308a33aad544f83e67e0a57d30b35e,425.99
e4917452778b4e1b19b2fcbe9f258e9e4061a97f,424.25
6e760a412fba8715f219e98def54c6cd6267582f,432.25
b87be0c0384503d832a34d363800441b94b8fed9,434.50
93f930b80da2be3b46a535b4cc7dfc0f4d8eed4e,430.84
e4917452778b4e1b19b2fcbe9f258e9e4061a97f,432.67
a83d5f1a692d468e71edd96801caa156492b4817,435.99
5ca6b4041d0605025f1a1582a605d2aee377bc1c,438.85
20ed24cefb5df53c48021459af98bef83c55f241,432.21
ce843ec83988e3e3318fa7db38133b06be741a1f,426.61
9b69302f27abb4a7697ff959444b8ff2b45fbe5b,439.09
210eeadbea339e00711cfe3f8bd68f600ea0765c,427.15
84de4abc83b1831f96a353e8e87d09def5c1621a,436.37
62afbdf6a85fec75fde38d327928a180bc5bccb3,431.69
9e2d3711ff5f23e39b0f956d03c3a2b547239fc1,435.58
cacbbfb9604fc5ce565b3547f4a7de77c037013f,438.72
0b56f3e5e012e689af8dda0e96d6e0c9f31853b6,439.81
b25f8506cc212c33c0779864448a2e870dc93f34,444.88
170c25f964066982cc0ce7cb5d9084d4b0dc4227,435.11
8a49d09f5c2acfb89b0c1f2887728793a036aa15,427.37
6c28472ebeca802a22d8b4b775c381b7117393d6,424.48
c6936dd3daab6dc7098065dff0bf39d8318349eb,425.49
20865395f255eb2cfefc1187822efe658ea83c54,439.65
f0f280cd42096a41058b87517a3a2da9f5bcecb2,430.40
e5f6e084f755969196ca9a87c6b334f7125359aa,430.35
eb1edd463b1f3b52b541d58487718676445d0d34,434.03
7ea1e534d6d48da3a18953f323d9b275a57c4a09,446.50
0722718f1f3e3811639600a3333ec7665592364d,428.51
2e4969497c5734d90d394103728bb517644f9157,436.91
3e012e72724517b62a72c426ffe1c52e736d7f93,424.86
e256bb7fc5979de256371bb324f1ca1330e38112,425.34
ddef7e95ca1a5b6469f17dde04d8654c967d4902,432.60
f4f2efb22f24378eb608aa308ba30cbfee3b3df2,446.39
6e760a412fba8715f219e98def54c6cd6267582f,429.95
0722718f1f3e3811639600a3333ec7665592364d,427.75
13c2af3f24fceda5b44776a5257112ac7218d038,438.81
f4f2efb22f24378eb608aa308ba30cbfee3b3df2,433.31
073d9734451738985650074bee2ab45cb395fbb7,444.94
2d2c9a911c388f105c30f690fdf0b033f22b4e17,445.66
5e52f1b266173593fab32fe9d8a4963066b2f2fe,425.34
7ea1e534d6d48da3a18953f323d9b275a57c4a09,435.85
5ca6b4041d0605025f1a1582a605d2aee377bc1c,444.60
2f2f8b83a69959607d9ee072188b51e87fe31ba1,444.29
cacbbfb9604fc5ce565b3547f4a7de77c037013f,437.23
dfe666c45ece6ee90c0a7586f38ddfc6825cd65c,431.42
93f930b80da2be3b46a535b4cc7dfc0f4d8eed4e,429.18
170c25f964066982cc0ce7cb5d9084d4b0dc4227,437.85
2e4969497c5734d90d394103728bb517644f9157,439.15
674dab0387c4bfad01465574c4be6ea4b3f4f6e9,434.51
adce18ec3d06b849886d203fe932205f312cc37f,454.64
e256bb7fc5979de256371bb324f1ca1330e38112,424.33
e8e29ca111772980970275662e0027fa695d9f27,422.37
cacbbfb9604fc5ce565b3547f4a7de77c037013f,434.95
93f930b80da2be3b46a535b4cc7dfc0f4d8eed4e,429.72
6e760a412fba8715f219e98def54c6cd6267582f,431.77
9dcc488f3c6afb691e49af42755cfd61b0a69d04,438.83
5e52f1b266173593fab32fe9d8a4963066b2f2fe,426.74
ec49e3832a1db13efc343d22798efb1523684959,428.84
210eeadbea339e00711cfe3f8bd68f600ea0765c,437.85
18e9a8f2ba83bd50dff8766bb0dab902a317f2f5,433.34
81594d5bd21af23e7378c7192197fd1966c9852e,443.38
0b56f3e5e012e689af8dda0e96d6e0c9f31853b6,430.97
2f2f8b83a69959607d9ee072188b51e87fe31ba1,440.71
8877dab91c2c4074db6ff7b459d247959019caad,428.14
20ed24cefb5df53c48021459af98bef83c55f241,437.57
da9b977ef99e2595602a964561906a930b4332f3,440.05
ef57a000b65f075de35f8d593a5223779755ac26,436.81
2ca58b79dd165a6eec7ce990cf53ceaf9445e5f0,429.10
f462438f2ebfb354c823cd2c0b677b0674f0e80c,441.99
a83d5f1a692d468e71edd96801caa156492b4817,428.68
5ca6b4041d0605025f1a1582a605d2aee377bc1c,439.22
ff329d584a733c7fb58bb378a752541a7838fbd2,435.25
c6936dd3daab6dc7098065dff0bf39d8318349eb,438.51
e5f6e084f755969196ca9a87c6b334f7125359aa,423.51
e4917452778b4e1b19b2fcbe9f258e9e4061a97f,422.74
b25f8506cc212c33c0779864448a2e870dc93f34,449.21
e05e1855a90905b7d467cfc8d273e7a078ad0769,433.35
91356162a5bc257a2f799b1b0d1c29baf80b294f,431.24
ff329d584a733c7fb58bb378a752541a7838fbd2,425.21
b57bab46e4241cd3cacce52cb6ff310bbf69eb7b,426.55
2f5b1878624b28c268e337fcb2748dbc249c5e6d,453.96
f8841edabba28d6125dd87ed72f557e85570066b,436.06
78d40f41b9567d7e8a0c891f31b7deee2b1f3f19,425.98
e05e1855a90905b7d467cfc8d273e7a078ad0769,428.24
35090950b41fdd4f3c4cee798d53229d837e7599,430.00
57bce6dc8424637621f6b660855f23e72a08c4b3,433.96
eec6bb02b3ce782af30f72048b800b8588c1908f,424.81
08a3d67273f31718acde383a4c5158bed9c506b2,434.04
09b0d1b6008ee7fa4fa7cf6dbaa798d967254a02,428.98
4187ea925ea383636a198696e92949fcd76167a3,435.60
57bce6dc8424637621f6b660855f23e72a08c4b3,447.17
eec6bb02b3ce782af30f72048b800b8588c1908f,430.84
210eeadbea339e00711cfe3f8bd68f600ea0765c,426.39
7568b9143d1688129350c1a6ff8ceb923b9e4731,420.29
17486e2fa5b542b1f68b9b60efbefecd216a4a48,433.46
ef57a000b65f075de35f8d593a5223779755ac26,443.49
13c2af3f24fceda5b44776a5257112ac7218d038,447.72
00aa39e3faef106f8fbb3068fa65991b1001a7c8,431.59
adce18ec3d06b849886d203fe932205f312cc37f,440.18
f462438f2ebfb354c823cd2c0b677b0674f0e80c,445.31
674dab0387c4bfad01465574c4be6ea4b3f4f6e9,430.60
2f2f8b83a69959607d9ee072188b51e87fe31ba1,439.53
84de4abc83b1831f96a353e8e87d09def5c1621a,430.11
e4917452778b4e1b19b2fcbe9f258e9e4061a97f,426.57
00aa39e3faef106f8fbb3068fa65991b1001a7c8,435.99
e256bb7fc5979de256371bb324f1ca1330e38112,428.08
09adeec44230265c8300408e5aaffa431af88957,428.42
6e760a412fba8715f219e98def54c6cd6267582f,430.52
ce843ec83988e3e3318fa7db38133b06be741a1f,423.73
f8841edabba28d6125dd87ed72f557e85570066b,430.69
aef65a900ef328f92bb487752105f89d9a735672,432.88
2ca58b79dd165a6eec7ce990cf53ceaf9445e5f0,431.15
6fb07413051d22873429606c0fe1db66c0571c0a,439.28
c066b23e2b9a2d59313451d8c6e786c0b5030202,436.87
18e9a8f2ba83bd50dff8766bb0dab902a317f2f5,428.50
e4917452778b4e1b19b2fcbe9f258e9e4061a97f,428.63
f462438f2ebfb354c823cd2c0b677b0674f0e80c,436.78
2f2f8b83a69959607d9ee072188b51e87fe31ba1,441.04
ca8bad78bf898f808ad6028d4a7c09a69bc65b84,449.52
008b3a6f92e860abec6d1d44e5be553f05d3b012,428.97
8a49d09f5c2acfb89b0c1f2887728793a036aa15,432.81
2f5b1878624b28c268e337fcb2748dbc249c5e6d,435.58
84de4abc83b1831f96a353e8e87d09def5c1621a,424.95
528b793d86be485f7b4fff51f97e67708eb632da,433.94
0722718f1f3e3811639600a3333ec7665592364d,428.36
2d2c9a911c388f105c30f690fdf0b033f22b4e17,442.69
935cab0e00f289ce5369f4c217b5eb3a3d9e33e7,430.06
5ca6b4041d0605025f1a1582a605d2aee377bc1c,440.03
93f930b80da2be3b46a535b4cc7dfc0f4d8eed4e,445.49
aef65a900ef328f92bb487752105f89d9a735672,431.33
78d40f41b9567d7e8a0c891f31b7deee2b1f3f19,430.75
b87be0c0384503d832a34d363800441b94b8fed9,430.42
eb1edd463b1f3b52b541d58487718676445d0d34,431.28
2ca58b79dd165a6eec7ce990cf53ceaf9445e5f0,432.15
e256bb7fc5979de256371bb324f1ca1330e38112,438.66
09b0d1b6008ee7fa4fa7cf6dbaa798d967254a02,425.94
3091fd44859c3e5849fbc51fcab48342823276c2,431.08
84056ded0760b1ea9a2eb816d6fc0170b8d7f3cd,431.13
1342c6117241469f0c376353798821105cf7cd02,429.45
ec49e3832a1db13efc343d22798efb1523684959,429.46
f8841edabba28d6125dd87ed72f557e85570066b,432.82
050c5b2c4e3b6b6993b71313a82ac50c64d94555,442.59
4187ea925ea383636a198696e92949fcd76167a3,427.05
d65b6dad2a88e584be032481d30b7fc09112d225,439.78
e256bb7fc5979de256371bb324f1ca1330e38112,430.22
0b56f3e5e012e689af8dda0e96d6e0c9f31853b6,431.24
c6936dd3daab6dc7098065dff0bf39d8318349eb,423.59
9e2d3711ff5f23e39b0f956d03c3a2b547239fc1,437.02
2ca58b79dd165a6eec7ce990cf53ceaf9445e5f0,442.05
9b69302f27abb4a7697ff959444b8ff2b45fbe5b,443.49
09b0d1b6008ee7fa4fa7cf6dbaa798d967254a02,429.24
3e012e72724517b62a72c426ffe1c52e736d7f93,437.46
2e22a341cd460a58d3f70ed8bf77bef53e9bec0f,426.13
3e012e72724517b62a72c426ffe1c52e736d7f93,430.35
da9b977ef99e2595602a964561906a930b4332f3,446.30
102caa116c375ab74da564ac0f4d5d954b6296dc,424.26
62afbdf6a85fec75fde38d327928a180bc5bccb3,427.03
e4917452778b4e1b19b2fcbe9f258e9e4061a97f,432.66
8a49d09f5c2acfb89b0c1f2887728793a036aa15,433.76
6fb07413051d22873429606c0fe1db66c0571c0a,440.59
e5f6e084f755969196ca9a87c6b334f7125359aa,420.66
6e760a412fba8715f219e98def54c6cd6267582f,434.29
f4f2efb22f24378eb608aa308ba30cbfee3b3df2,444.20
749687cbe07d824be68474a68724255f4a14e15f,434.61
c066b23e2b9a2d59313451d8c6e786c0b5030202,439.79
6e760a412fba8715f219e98def54c6cd6267582f,434.14
073d9734451738985650074bee2ab45cb395fbb7,438.82
f0f280cd42096a41058b87517a3a2da9f5bcecb2,426.33
935cab0e00f289ce5369f4c217b5eb3a3d9e33e7,433.22
e256bb7fc5979de256371bb324f1ca1330e38112,427.46
da9b977ef99e2595602a964561906a930b4332f3,443.71
2d2c9a911c388f105c30f690fdf0b033f22b4e17,442.08
dfe666c45ece6ee90c0a7586f38ddfc6825cd65c,430.08
5ca6b4041d0605025f1a1582a605d2aee377bc1c,437.65
a83d5f1a692d468e71edd96801caa156492b4817,433.96
ca8bad78bf898f808ad6028d4a7c09a69bc65b84,445.18
073d9734451738985650074bee2ab45cb395fbb7,438.57
cacbbfb9604fc5ce565b3547f4a7de77c037013f,433.94
a97445b2e3def9efac5fcdd20c6ce5e672184b71,447.41
c6936dd3daab6dc7098065dff0bf39d8318349eb,425.71
b8cb55a51dd06a9e502399dada3abf904c0b6e7a,441.00
8a49d09f5c2acfb89b0c1f2887728793a036aa15,437.76
19aecf27292e894fefe4552309549325387163d2,428.01
81594d5bd21af23e7378c7192197fd1966c9852e,435.02
073d9734451738985650074bee2ab45cb395fbb7,442.96
81594d5bd21af23e7378c7192197fd1966c9852e,447.64
f8841edabba28d6125dd87ed72f557e85570066b,429.55
ddef7e95ca1a5b6469f17dde04d8654c967d4902,434.54
62afbdf6a85fec75fde38d327928a180bc5bccb3,429.29
20865395f255eb2cfefc1187822efe658ea83c54,429.69
9824d000c7b73f52a277dcc83b55602225154fb2,428.51
008b3a6f92e860abec6d1d44e5be553f05d3b012,429.39
81594d5bd21af23e7378c7192197fd1966c9852e,445.44
073d9734451738985650074bee2ab45cb395fbb7,435.90
935cab0e00f289ce5369f4c217b5eb3a3d9e33e7,434.87
09b0d1b6008ee7fa4fa7cf6dbaa798d967254a02,425.94
18e9a8f2ba83bd50dff8766bb0dab902a317f2f5,430.69
3e012e72724517b62a72c426ffe1c52e736d7f93,427.56
e256bb7fc5979de256371bb324f1ca1330e38112,423.35
78d40f41b9567d7e8a0c891f31b7deee2b1f3f19,427.27
749687cbe07d824be68474a68724255f4a14e15f,443.56
3e012e72724517b62a72c426ffe1c52e736d7f93,435.98
b87be0c0384503d832a34d363800441b94b8fed9,429.98
2e22a341cd460a58d3f70ed8bf77bef53e9bec0f,430.51
ce843ec83988e3e3318fa7db38133b06be741a1f,432.18
daf4666075b44c4405f7dc648467bdd39c236556,425.94
b8cb55a51dd06a9e502399dada3abf904c0b6e7a,440.02
ca8bad78bf898f808ad6028d4a7c09a69bc65b84,435.62
2f5b1878624b28c268e337fcb2748dbc249c5e6d,440.49
9dcc488f3c6afb691e49af42755cfd61b0a69d04,434.21
2e22a341cd460a58d3f70ed8bf77bef53e9bec0f,431.52
1342c6117241469f0c376353798821105cf7cd02,440.25
e96bd4bc44fa8e57993679ba0f4851554a8e7131,436.80
18e9a8f2ba83bd50dff8766bb0dab902a317f2f5,429.09
e5f6e084f755969196ca9a87c6b334f7125359aa,421.36
00aa39e3faef106f8fbb3068fa65991b1001a7c8,423.27
dfe666c45ece6ee90c0a7586f38ddfc6825cd65c,425.03
4187ea925ea383636a198696e92949fcd76167a3,431.53
08a3d67273f31718acde383a4c5158bed9c506b2,439.74
f4f2efb22f24378eb608aa308ba30cbfee3b3df2,437.33
e96bd4bc44fa8e57993679ba0f4851554a8e7131,431.29
91356162a5bc257a2f799b1b0d1c29baf80b294f,427.35
c6936dd3daab6dc7098065dff0bf39d8318349eb,426.32
a147ce5467129fa15e62e31c725f8115dc6b5560,422.48
21c927d33d4cccce0cd0931cffa681533851400d,436.41
aef65a900ef328f92bb487752105f89d9a735672,435.80
674dab0387c4bfad01465574c4be6ea4b3f4f6e9,430.54
93f930b80da2be3b46a535b4cc7dfc0f4d8eed4e,428.97
00aa39e3faef106f8fbb3068fa65991b1001a7c8,432.01
9b69302f27abb4a7697ff959444b8ff2b45fbe5b,442.51
adce18ec3d06b849886d203fe932205f312cc37f,436.81
20865395f255eb2cfefc1187822efe658ea83c54,434.04
ef57a000b65f075de35f8d593a5223779755ac26,435.96
7568b9143d1688129350c1a6ff8ceb923b9e4731,428.79
674dab0387c4bfad01465574c4be6ea4b3f4f6e9,436.91
3091fd44859c3e5849fbc51fcab48342823276c2,423.26
5e52f1b266173593fab32fe9d8a4963066b2f2fe,421.95
a97445b2e3def9efac5fcdd20c6ce5e672184b71,437.18
ddef7e95ca1a5b6469f17dde04d8654c967d4902,434.60
daf4666075b44c4405f7dc648467bdd39c236556,431.69
210eeadbea339e00711cfe3f8bd68f600ea0765c,426.10
e5f6e084f755969196ca9a87c6b334f7125359aa,430.93
62afbdf6a85fec75fde38d327928a180bc5bccb3,429.83
b87be0c0384503d832a34d363800441b94b8fed9,432.16
749687cbe07d824be68474a68724255f4a14e15f,439.63
f0f280cd42096a41058b87517a3a2da9f5bcecb2,430.12
35090950b41fdd4f3c4cee798d53229d837e7599,427.09
008b3a6f92e860abec6d1d44e5be553f05d3b012,440.85
050c5b2c4e3b6b6993b71313a82ac50c64d94555,435.08
a147ce5467129fa15e62e31c725f8115dc6b5560,427.19
2f5b1878624b28c268e337fcb2748dbc249c5e6d,433.23
78d40f41b9567d7e8a0c891f31b7deee2b1f3f19,427.59
ddef7e95ca1a5b6469f17dde04d8654c967d4902,441.58
84de4abc83b1831f96a353e8e87d09def5c1621a,431.84
09b0d1b6008ee7fa4fa7cf6dbaa798d967254a02,423.56
a147ce5467129fa15e62e31c725f8115dc6b5560,419.26
82855b07f5336d30c70dc20548ab7ab8adeac05e,435.71
a97445b2e3def9efac5fcdd20c6ce5e672184b71,439.00
a97445b2e3def9efac5fcdd20c6ce5e672184b71,439.04
2f5b1878624b28c268e337fcb2748dbc249c5e6d,433.45
13c2af3f24fceda5b44776a5257112ac7218d038,439.37
ce843ec83988e3e3318fa7db38133b06be741a1f,443.59
19aecf27292e894fefe4552309549325387163d2,429.52
2ca58b79dd165a6eec7ce990cf53ceaf9445e5f0,425.80
17486e2fa5b542b1f68b9b60efbefecd216a4a48,440.02
81594d5bd21af23e7378c7192197fd1966c9852e,442.58
35090950b41fdd4f3c4cee798d53229d837e7599,426.21
d65b6dad2a88e584be032481d30b7fc09112d225,423.04
2d2c9a911c388f105c30f690fdf0b033f22b4e17,442.78
7ea1e534d6d48da3a18953f323d9b275a57c4a09,447.41
2d2c9a911c388f105c30f690fdf0b033f22b4e17,443.77
91356162a5bc257a2f799b1b0d1c29baf80b294f,434.03
ca8bad78bf898f808ad6028d4a7c09a69bc65b84,438.87
19aecf27292e894fefe4552309549325387163d2,434.05
2f2f8b83a69959607d9ee072188b51e87fe31ba1,449.56
19aecf27292e894fefe4552309549325387163d2,442.06
b57bab46e4241cd3cacce52cb6ff310bbf69eb7b,423.13
f4f2efb22f24378eb608aa308ba30cbfee3b3df2,436.82
3091fd44859c3e5849fbc51fcab48342823276c2,446.70
f4f2efb22f24378eb608aa308ba30cbfee3b3df2,435.02
9e2d3711ff5f23e39b0f956d03c3a2b547239fc1,442.03
ca8bad78bf898f808ad6028d4a7c09a69bc65b84,442.89
961e4d7186308a33aad544f83e67e0a57d30b35e,423.96
102caa116c375ab74da564ac0f4d5d954b6296dc,425.15
a83d5f1a692d468e71edd96801caa156492b4817,426.13
5e52f1b266173593fab32fe9d8a4963066b2f2fe,448.94
62afbdf6a85fec75fde38d327928a180bc5bccb3,428.09
c6936dd3daab6dc7098065dff0bf39d8318349eb,428.40
444f558a8ed804f8851f16dc234ced136252d485,425.89
9b69302f27abb4a7697ff959444b8ff2b45fbe5b,438.25
57bce6dc8424637621f6b660855f23e72a08c4b3,429.44
2d2c9a911c388f105c30f690fdf0b033f22b4e17,438.57
84056ded0760b1ea9a2eb816d6fc0170b8d7f3cd,420.78
050c5b2c4e3b6b6993b71313a82ac50c64d94555,428.20
444f558a8ed804f8851f16dc234ced136252d485,421.89
935cab0e00f289ce5369f4c217b5eb3a3d9e33e7,436.23
13c2af3f24fceda5b44776a5257112ac7218d038,447.63
f462438f2ebfb354c823cd2c0b677b0674f0e80c,439.24
e96bd4bc44fa8e57993679ba0f4851554a8e7131,438.49
4187ea925ea383636a198696e92949fcd76167a3,427.18
9b69302f27abb4a7697ff959444b8ff2b45fbe5b,437.08
18e9a8f2ba83bd50dff8766bb0dab902a317f2f5,427.87
3091fd44859c3e5849fbc51fcab48342823276c2,421.56
ff329d584a733c7fb58bb378a752541a7838fbd2,432.91
9e2d3711ff5f23e39b0f956d03c3a2b547239fc1,451.96
21c927d33d4cccce0cd0931cffa681533851400d,437.86
21c927d33d4cccce0cd0931cffa681533851400d,439.62
c066b23e2b9a2d59313451d8c6e786c0b5030202,439.53
e05e1855a90905b7d467cfc8d273e7a078ad0769,423.80
62afbdf6a85fec75fde38d327928a180bc5bccb3,429.69
20865395f255eb2cfefc1187822efe658ea83c54,429.52
2e22a341cd460a58d3f70ed8bf77bef53e9bec0f,441.32
57bce6dc8424637621f6b660855f23e72a08c4b3,433.59
210eeadbea339e00711cfe3f8bd68f600ea0765c,429.89
84de4abc83b1831f96a353e8e87d09def5c1621a,429.69
2217137d9254f124e01aa935628a4076f7478995,425.38
ff329d584a733c7fb58bb378a752541a7838fbd2,427.11
c066b23e2b9a2d59313451d8c6e786c0b5030202,439.31
e256bb7fc5979de256371bb324f1ca1330e38112,427.04
9b69302f27abb4a7697ff959444b8ff2b45fbe5b,447.48
961e4d7186308a33aad544f83e67e0a57d30b35e,426.46
78d40f41b9567d7e8a0c891f31b7deee2b1f3f19,425.48
adce18ec3d06b849886d203fe932205f312cc37f,443.78
b25f8506cc212c33c0779864448a2e870dc93f34,453.87
528b793d86be485f7b4fff51f97e67708eb632da,438.79
8a49d09f5c2acfb89b0c1f2887728793a036aa15,438.76
e8e29ca111772980970275662e0027fa695d9f27,423.01
f462438f2ebfb354c823cd2c0b677b0674f0e80c,437.06
3091fd44859c3e5849fbc51fcab48342823276c2,425.86
6fb07413051d22873429606c0fe1db66c0571c0a,434.51
b87be0c0384503d832a34d363800441b94b8fed9,430.39
2f2f8b83a69959607d9ee072188b51e87fe31ba1,446.14
935cab0e00f289ce5369f4c217b5eb3a3d9e33e7,433.71
961e4d7186308a33aad544f83e67e0a57d30b35e,432.30
5ca6b4041d0605025f1a1582a605d2aee377bc1c,435.42
82855b07f5336d30c70dc20548ab7ab8adeac05e,444.11
a147ce5467129fa15e62e31c725f8115dc6b5560,437.01
cacbbfb9604fc5ce565b3547f4a7de77c037013f,437.30
35090950b41fdd4f3c4cee798d53229d837e7599,425.15
93f930b80da2be3b46a535b4cc7dfc0f4d8eed4e,427.25
62afbdf6a85fec75fde38d327928a180bc5bccb3,426.62
ca8bad78bf898f808ad6028d4a7c09a69bc65b84,442.06
4187ea925ea383636a198696e92949fcd76167a3,426.86
008b3a6f92e860abec6d1d44e5be553f05d3b012,433.75
5e52f1b266173593fab32fe9d8a4963066b2f2fe,422.92
d65b6dad2a88e584be032481d30b7fc09112d225,423.96
170c25f964066982cc0ce7cb5d9084d4b0dc4227,442.32
daf4666075b44c4405f7dc648467bdd39c236556,447.06
eec6bb02b3ce782af30f72048b800b8588c1908f,430.12
13c2af3f24fceda5b44776a5257112ac7218d038,443.06
7568b9143d1688129350c1a6ff8ceb923b9e4731,429.41
7568b9143d1688129350c1a6ff8ceb923b9e4731,428.97
e96bd4bc44fa8e57993679ba0f4851554a8e7131,432.92
008b3a6f92e860abec6d1d44e5be553f05d3b012,427.95
adce18ec3d06b849886d203fe932205f312cc37f,436.67
ff329d584a733c7fb58bb378a752541a7838fbd2,426.60
a83d5f1a692d468e71edd96801caa156492b4817,425.18
f0f280cd42096a41058b87517a3a2da9f5bcecb2,433.16
e96bd4bc44fa8e57993679ba0f4851554a8e7131,427.89
2ca58b79dd165a6eec7ce990cf53ceaf9445e5f0,433.13
961e4d7186308a33aad544f83e67e0a57d30b35e,433.49
444f558a8ed804f8851f16dc234ced136252d485,425.17
102caa116c375ab74da564ac0f4d5d954b6296dc,423.02
b57bab46e4241cd3cacce52cb6ff310bbf69eb7b,435.63
f0f280cd42096a41058b87517a3a2da9f5bcecb2,421.41
6c28472ebeca802a22d8b4b775c381b7117393d6,427.90
3e012e72724517b62a72c426ffe1c52e736d7f93,432.51
050c5b2c4e3b6b6993b71313a82ac50c64d94555,427.22
102caa116c375ab74da564ac0f4d5d954b6296dc,434.93
9b69302f27abb4a7697ff959444b8ff2b45fbe5b,436.72
2f5b1878624b28c268e337fcb2748dbc249c5e6d,438.79
daf4666075b44c4405f7dc648467bdd39c236556,426.95
eb1edd463b1f3b52b541d58487718676445d0d34,428.75
2e4969497c5734d90d394103728bb517644f9157,437.77
08a3d67273f31718acde383a4c5158bed9c506b2,435.97
81594d5bd21af23e7378c7192197fd1966c9852e,440.27
aef65a900ef328f92bb487752105f89d9a735672,436.96
19aecf27292e894fefe4552309549325387163d2,435.09
c6936dd3daab6dc7098065dff0bf39d8318349eb,426.90
ce843ec83988e3e3318fa7db38133b06be741a1f,426.00
eb1edd463b1f3b52b541d58487718676445d0d34,427.99
19aecf27292e894fefe4552309549325387163d2,432.14
b87be0c0384503d832a34d363800441b94b8fed9,436.83
08a3d67273f31718acde383a4c5158bed9c506b2,439.43
b87be0c0384503d832a34d363800441b94b8fed9,435.13
91356162a5bc257a2f799b1b0d1c29baf80b294f,429.63
ec49e3832a1db13efc343d22798efb1523684959,435.23
b57bab46e4241cd3cacce52cb6ff310bbf69eb7b,426.92
528b793d86be485f7b4fff51f97e67708eb632da,433.44
444f558a8ed804f8851f16dc234ced136252d485,424.64
e4917452778b4e1b19b2fcbe9f258e9e4061a97f,424.27
e8e29ca111772980970275662e0027fa695d9f27,425.84
3e012e72724517b62a72c426ffe1c52e736d7f93,427.40
ef57a000b65f075de35f8d593a5223779755ac26,446.34
2f2f8b83a69959607d9ee072188b51e87fe31ba1,444.59
444f558a8ed804f8851f16dc234ced136252d485,428.65
3091fd44859c3e5849fbc51fcab48342823276c2,433.79
9824d000c7b73f52a277dcc83b55602225154fb2,423.94
7ea1e534d6d48da3a18953f323d9b275a57c4a09,448.55
57bce6dc8424637621f6b660855f23e72a08c4b3,429.58
da9b977ef99e2595602a964561906a930b4332f3,440.17
91356162a5bc257a2f799b1b0d1c29baf80b294f,433.22
528b793d86be485f7b4fff51f97e67708eb632da,440.41
93f930b80da2be3b46a535b4cc7dfc0f4d8eed4e,432.99
93f930b80da2be3b46a535b4cc7dfc0f4d8eed4e,423.19
ddef7e95ca1a5b6469f17dde04d8654c967d4902,431.37
f0f280cd42096a41058b87517a3a2da9f5bcecb2,423.75
57bce6dc8424637621f6b660855f23e72a08c4b3,434.73
f8841edabba28d6125dd87ed72f557e85570066b,433.10
ef57a000b65f075de35f8d593a5223779755ac26,443.47
6e760a412fba8715f219e98def54c6cd6267582f,435.46
00aa39e3faef106f8fbb3068fa65991b1001a7c8,427.77
57bce6dc8424637621f6b660855f23e72a08c4b3,431.41
f548940dd8be5f8c93ef17a8896b2807aa2a08bc,422.21
c6936dd3daab6dc7098065dff0bf39d8318349eb,425.63
21c927d33d4cccce0cd0931cffa681533851400d,430.86
e05e1855a90905b7d467cfc8d273e7a078ad0769,430.98
d65b6dad2a88e584be032481d30b7fc09112d225,424.44
674dab0387c4bfad01465574c4be6ea4b3f4f6e9,423.68
20ed24cefb5df53c48021459af98bef83c55f241,440.36
62afbdf6a85fec75fde38d327928a180bc5bccb3,424.67
e05e1855a90905b7d467cfc8d273e7a078ad0769,422.66
8877dab91c2c4074db6ff7b459d247959019caad,433.86
b8cb55a51dd06a9e502399dada3abf904c0b6e7a,444.04
20865395f255eb2cfefc1187822efe658ea83c54,421.58
ec49e3832a1db13efc343d22798efb1523684959,425.00
4187ea925ea383636a198696e92949fcd76167a3,426.15
170c25f964066982cc0ce7cb5d9084d4b0dc4227,442.93
a147ce5467129fa15e62e31c725f8115dc6b5560,430.22
ca8bad78bf898f808ad6028d4a7c09a69bc65b84,440.33
84de4abc83b1831f96a353e8e87d09def5c1621a,434.67
f4f2efb22f24378eb608aa308ba30cbfee3b3df2,437.97
ef57a000b65f075de35f8d593a5223779755ac26,441.14
b25f8506cc212c33c0779864448a2e870dc93f34,440.24
2e22a341cd460a58d3f70ed8bf77bef53e9bec0f,430.71
aef65a900ef328f92bb487752105f89d9a735672,428.19
9b69302f27abb4a7697ff959444b8ff2b45fbe5b,449.44
8a49d09f5c2acfb89b0c1f2887728793a036aa15,426.98
8a49d09f5c2acfb89b0c1f2887728793a036aa15,439.28
84de4abc83b1831f96a353e8e87d09def5c1621a,432.20
ddef7e95ca1a5b6469f17dde04d8654c967d4902,451.27
9e2d3711ff5f23e39b0f956d03c3a2b547239fc1,438.44
20865395f255eb2cfefc1187822efe658ea83c54,429.90
82855b07f5336d30c70dc20548ab7ab8adeac05e,449.39
ca8bad78bf898f808ad6028d4a7c09a69bc65b84,441.51
84de4abc83b1831f96a353e8e87d09def5c1621a,435.96
20865395f255eb2cfefc1187822efe658ea83c54,422.13
2e22a341cd460a58d3f70ed8bf77bef53e9bec0f,434.26
2ca58b79dd165a6eec7ce990cf53ceaf9445e5f0,429.99
ce843ec83988e3e3318fa7db38133b06be741a1f,435.70
6c28472ebeca802a22d8b4b775c381b7117393d6,428.14
ec49e3832a1db13efc343d22798efb1523684959,427.58
9dcc488f3c6afb691e49af42755cfd61b0a69d04,434.36
d65b6dad2a88e584be032481d30b7fc09112d225,424.54
f0f280cd42096a41058b87517a3a2da9f5bcecb2,435.49
81594d5bd21af23e7378c7192197fd1966c9852e,443.72
8a7efe7305057c6123ea4ae080016e58f2ad3aca,438.75
20ed24cefb5df53c48021459af98bef83c55f241,437.70
81594d5bd21af23e7378c7192197fd1966c9852e,444.89
ddef7e95ca1a5b6469f17dde04d8654c967d4902,446.28
ff329d584a733c7fb58bb378a752541a7838fbd2,426.56
935cab0e00f289ce5369f4c217b5eb3a3d9e33e7,434.46
073d9734451738985650074bee2ab45cb395fbb7,438.38
17486e2fa5b542b1f68b9b60efbefecd216a4a48,436.63
ddef7e95ca1a5b6469f17dde04d8654c967d4902,447.49
2f2f8b83a69959607d9ee072188b51e87fe31ba1,443.55
f548940dd8be5f8c93ef17a8896b2807aa2a08bc,428.66
20865395f255eb2cfefc1187822efe658ea83c54,424.59
78d40f41b9567d7e8a0c891f31b7deee2b1f3f19,429.89
b25f8506cc212c33c0779864448a2e870dc93f34,451.01
cacbbfb9604fc5ce565b3547f4a7de77c037013f,443.34
9e2d3711ff5f23e39b0f956d03c3a2b547239fc1,439.55
e05e1855a90905b7d467cfc8d273e7a078ad0769,423.93
935cab0e00f289ce5369f4c217b5eb3a3d9e33e7,432.79
749687cbe07d824be68474a68724255f4a14e15f,442.92
f8841edabba28d6125dd87ed72f557e85570066b,434.20
2f5b1878624b28c268e337fcb2748dbc249c5e6d,452.13
e96bd4bc44fa8e57993679ba0f4851554a8e7131,443.25
073d9734451738985650074bee2ab45cb395fbb7,434.74
0b56f3e5e012e689af8dda0e96d6e0c9f31853b6,443.06
c066b23e2b9a2d59313451d8c6e786c0b5030202,438.28
f4f2efb22f24378eb608aa308ba30cbfee3b3df2,449.81
c066b23e2b9a2d59313451d8c6e786c0b5030202,434.52
6c28472ebeca802a22d8b4b775c381b7117393d6,425.21
09b0d1b6008ee7fa4fa7cf6dbaa798d967254a02,443.39
8a49d09f5c2acfb89b0c1f2887728793a036aa15,428.06
d65b6dad2a88e584be032481d30b7fc09112d225,426.38
2f2f8b83a69959607d9ee072188b51e87fe31ba1,445.46
daf4666075b44c4405f7dc648467bdd39c236556,433.01
b25f8506cc212c33c0779864448a2e870dc93f34,446.39
0722718f1f3e3811639600a3333ec7665592364d,432.51
78d40f41b9567d7e8a0c891f31b7deee2b1f3f19,427.37
935cab0e00f289ce5369f4c217b5eb3a3d9e33e7,432.92
e256bb7fc5979de256371bb324f1ca1330e38112,426.54
19aecf27292e894fefe4552309549325387163d2,433.23
09adeec44230265c8300408e5aaffa431af88957,426.57
20ed24cefb5df53c48021459af98bef83c55f241,440.87
ff329d584a733c7fb58bb378a752541a7838fbd2,427.87
5ca6b4041d0605025f1a1582a605d2aee377bc1c,449.85
0b56f3e5e012e689af8dda0e96d6e0c9f31853b6,429.64
ec49e3832a1db13efc343d22798efb1523684959,426.81
9824d000c7b73f52a277dcc83b55602225154fb2,424.64
adce18ec3d06b849886d203fe932205f312cc37f,436.99
050c5b2c4e3b6b6993b71313a82ac50c64d94555,429.50
2f5b1878624b28c268e337fcb2748dbc249c5e6d,438.88
ce843ec83988e3e3318fa7db38133b06be741a1f,431.17
ec49e3832a1db13efc343d22798efb1523684959,433.80
6fb07413051d22873429606c0fe1db66c0571c0a,442.57
4187ea925ea383636a198696e92949fcd76167a3,422.40
9e2d3711ff5f23e39b0f956d03c3a2b547239fc1,445.73
93f930b80da2be3b46a535b4cc7dfc0f4d8eed4e,430.68
09b0d1b6008ee7fa4fa7cf6dbaa798d967254a02,424.47
073d9734451738985650074bee2ab45cb395fbb7,446.01
f0f280cd42096a41058b87517a3a2da9f5bcecb2,424.64
f0f280cd42096a41058b87517a3a2da9f5bcecb2,429.94
91356162a5bc257a2f799b1b0d1c29baf80b294f,433.38
f8841edabba28d6125dd87ed72f557e85570066b,432.90
c066b23e2b9a2d59313451d8c6e786c0b5030202,441.46
2217137d9254f124e01aa935628a4076f7478995,426.13
82855b07f5336d30c70dc20548ab7ab8adeac05e,435.28
3e012e72724517b62a72c426ffe1c52e736d7f93,428.87
2e4969497c5734d90d394103728bb517644f9157,434.17
91356162a5bc257a2f799b1b0d1c29baf80b294f,433.22
f0f280cd42096a41058b87517a3a2da9f5bcecb2,431.41
19aecf27292e894fefe4552309549325387163d2,433.22
daf4666075b44c4405f7dc648467bdd39c236556,425.97
3e012e72724517b62a72c426ffe1c52e736d7f93,429.78
da9b977ef99e2595602a964561906a930b4332f3,437.96
ec49e3832a1db13efc343d22798efb1523684959,433.70
91356162a5bc257a2f799b1b0d1c29baf80b294f,433.40
f462438f2ebfb354c823cd2c0b677b0674f0e80c,438.09
18e9a8f2ba83bd50dff8766bb0dab902a317f2f5,424.68
c6936dd3daab6dc7098065dff0bf39d8318349eb,427.58
e8e29ca111772980970275662e0027fa695d9f27,430.11
073d9734451738985650074bee2ab45cb395fbb7,441.24
f8841edabba28d6125dd87ed72f557e85570066b,433.61
f548940dd8be5f8c93ef17a8896b2807aa2a08bc,429.49
20865395f255eb2cfefc1187822efe658ea83c54,429.52
6e760a412fba8715f219e98def54c6cd6267582f,428.48
050c5b2c4e3b6b6993b71313a82ac50c64d94555,429.33
6e760a412fba8715f219e98def54c6cd6267582f,431.47
e05e1855a90905b7d467cfc8d273e7a078ad0769,424.12
4187ea925ea383636a198696e92949fcd76167a3,436.62
f4f2efb22f24378eb608aa308ba30cbfee3b3df2,443.20
91356162a5bc257a2f799b1b0d1c29baf80b294f,431.45
21c927d33d4cccce0cd0931cffa681533851400d,430.41
0722718f1f3e3811639600a3333ec7665592364d,435.33
57bce6dc8424637621f6b660855f23e72a08c4b3,439.08
ce843ec83988e3e3318fa7db38133b06be741a1f,429.53
dfe666c45ece6ee90c0a7586f38ddfc6825cd65c,432.23
8a49d09f5c2acfb89b0c1f2887728793a036aa15,428.43
0722718f1f3e3811639600a3333ec7665592364d,426.12
e05e1855a90905b7d467cfc8d273e7a078ad0769,428.54
00aa39e3faef106f8fbb3068fa65991b1001a7c8,425.94
008b3a6f92e860abec6d1d44e5be553f05d3b012,425.19
e4917452778b4e1b19b2fcbe9f258e9e4061a97f,442.30
0b56f3e5e012e689af8dda0e96d6e0c9f31853b6,424.89
170c25f964066982cc0ce7cb5d9084d4b0dc4227,437.98
102caa116c375ab74da564ac0f4d5d954b6296dc,432.32
20ed24cefb5df53c48021459af98bef83c55f241,435.55
2ca58b79dd165a6eec7ce990cf53ceaf9445e5f0,427.81
adce18ec3d06b849886d203fe932205f312cc37f,438.22
21c927d33d4cccce0cd0931cffa681533851400d,430.03
daf4666075b44c4405f7dc648467bdd39c236556,428.95
6e760a412fba8715f219e98def54c6cd6267582f,438.31
20ed24cefb5df53c48021459af98bef83c55f241,437.54
749687cbe07d824be68474a68724255f4a14e15f,445.46
eec6bb02b3ce782af30f72048b800b8588c1908f,430.07
09adeec44230265c8300408e5aaffa431af88957,439.31
e8e29ca111772980970275662e0027fa695d9f27,430.50
c6936dd3daab6dc7098065dff0bf39d8318349eb,430.86
17486e2fa5b542b1f68b9b60efbefecd216a4a48,438.81
17486e2fa5b542b1f68b9b60efbefecd216a4a48,432.90
8877dab91c2c4074db6ff7b459d247959019caad,431.34
e256bb7fc5979de256371bb324f1ca1330e38112,427.29
2f2f8b83a69959607d9ee072188b51e87fe31ba1,443.13
f4f2efb22f24378eb608aa308ba30cbfee3b3df2,432.82
961e4d7186308a33aad544f83e67e0a57d30b35e,432.55
5e52f1b266173593fab32fe9d8a4963066b2f2fe,427.04
a97445b2e3def9efac5fcdd20c6ce5e672184b71,431.63
e4917452778b4e1b19b2fcbe9f258e9e4061a97f,425.76
f548940dd8be5f8c93ef17a8896b2807aa2a08bc,433.22
2e22a341cd460a58d3f70ed8bf77bef53e9bec0f,425.42
ce843ec83988e3e3318fa7db38133b06be741a1f,438.76
21c927d33d4cccce0cd0931cffa681533851400d,433.48
5e52f1b266173593fab32fe9d8a4963066b2f2fe,424.80
08a3d67273f31718acde383a4c5158bed9c506b2,438.82
ddef7e95ca1a5b6469f17dde04d8654c967d4902,436.34
9dcc488f3c6afb691e49af42755cfd61b0a69d04,444.41
aef65a900ef328f92bb487752105f89d9a735672,432.16
2d2c9a911c388f105c30f690fdf0b033f22b4e17,445.49
93f930b80da2be3b46a535b4cc7dfc0f4d8eed4e,439.98
adce18ec3d06b849886d203fe932205f312cc37f,439.07
e05e1855a90905b7d467cfc8d273e7a078ad0769,437.59
e05e1855a90905b7d467cfc8d273e7a078ad0769,427.01
2d2c9a911c388f105c30f690fdf0b033f22b4e17,438.50
3091fd44859c3e5849fbc51fcab48342823276c2,429.09
528b793d86be485f7b4fff51f97e67708eb632da,440.90
f4f2efb22f24378eb608aa308ba30cbfee3b3df2,447.89
57bce6dc8424637621f6b660855f23e72a08c4b3,430.50
93f930b80da2be3b46a535b4cc7dfc0f4d8eed4e,438.07
7ea1e534d6d48da3a18953f323d9b275a57c4a09,447.50
d65b6dad2a88e584be032481d30b7fc09112d225,423.92
b8cb55a51dd06a9e502399dada3abf904c0b6e7a,443.09
528b793d86be485f7b4fff51f97e67708eb632da,435.77
e256bb7fc5979de256371bb324f1ca1330e38112,422.76
8877dab91c2c4074db6ff7b459d247959019caad,428.42
09adeec44230265c8300408e5aaffa431af88957,434.74
6c28472ebeca802a22d8b4b775c381b7117393d6,428.24
e4917452778b4e1b19b2fcbe9f258e9e4061a97f,435.29
674dab0387c4bfad01465574c4be6ea4b3f4f6e9,433.40
050c5b2c4e3b6b6993b71313a82ac50c64d94555,427.34
e256bb7fc5979de256371bb324f1ca1330e38112,424.41
8a49d09f5c2acfb89b0c1f2887728793a036aa15,433.57
3e012e72724517b62a72c426ffe1c52e736d7f93,427.37
c066b23e2b9a2d59313451d8c6e786c0b5030202,446.03
e8e29ca111772980970275662e0027fa695d9f27,437.45
c066b23e2b9a2d59313451d8c6e786c0b5030202,442.82
00aa39e3faef106f8fbb3068fa65991b1001a7c8,423.86
daf4666075b44c4405f7dc648467bdd39c236556,431.44
91356162a5bc257a2f799b1b0d1c29baf80b294f,438.48
eb1edd463b1f3b52b541d58487718676445d0d34,437.81
528b793d86be485f7b4fff51f97e67708eb632da,438.15
57bce6dc8424637621f6b660855f23e72a08c4b3,431.16
21c927d33d4cccce0cd0931cffa681533851400d,439.65
c6936dd3daab6dc7098065dff0bf39d8318349eb,426.99
dfe666c45ece6ee90c0a7586f38ddfc6825cd65c,430.45
2217137d9254f124e01aa935628a4076f7478995,428.01
2d2c9a911c388f105c30f690fdf0b033f22b4e17,439.09
e05e1855a90905b7d467cfc8d273e7a078ad0769,425.78
f4f2efb22f24378eb608aa308ba30cbfee3b3df2,441.53
09adeec44230265c8300408e5aaffa431af88957,429.17
1342c6117241469f0c376353798821105cf7cd02,426.14
e8e29ca111772980970275662e0027fa695d9f27,434.82
aef65a900ef328f92bb487752105f89d9a735672,432.56
c066b23e2b9a2d59313451d8c6e786c0b5030202,444.83
93f930b80da2be3b46a535b4cc7dfc0f4d8eed4e,439.78
e96bd4bc44fa8e57993679ba0f4851554a8e7131,428.39
57bce6dc8424637621f6b660855f23e72a08c4b3,436.84
6e760a412fba8715f219e98def54c6cd6267582f,429.58
81594d5bd21af23e7378c7192197fd1966c9852e,440.27
f548940dd8be5f8c93ef17a8896b2807aa2a08bc,426.94
81594d5bd21af23e7378c7192197fd1966c9852e,446.42
8a49d09f5c2acfb89b0c1f2887728793a036aa15,432.87
6c28472ebeca802a22d8b4b775c381b7117393d6,434.89
8a49d09f5c2acfb89b0c1f2887728793a036aa15,428.75
c066b23e2b9a2d59313451d8c6e786c0b5030202,440.87
170c25f964066982cc0ce7cb5d9084d4b0dc4227,436.69
008b3a6f92e860abec6d1d44e5be553f05d3b012,424.74
9e2d3711ff5f23e39b0f956d03c3a2b547239fc1,434.65
ff329d584a733c7fb58bb378a752541a7838fbd2,425.38
8a49d09f5c2acfb89b0c1f2887728793a036aa15,432.12
b8cb55a51dd06a9e502399dada3abf904c0b6e7a,443.68
93f930b80da2be3b46a535b4cc7dfc0f4d8eed4e,425.43
9e2d3711ff5f23e39b0f956d03c3a2b547239fc1,437.71
2e22a341cd460a58d3f70ed8bf77bef53e9bec0f,429.75
e8e29ca111772980970275662e0027fa695d9f27,434.23
8a49d09f5c2acfb89b0c1f2887728793a036aa15,432.61
e96bd4bc44fa8e57993679ba0f4851554a8e7131,442.35
b57bab46e4241cd3cacce52cb6ff310bbf69eb7b,431.87
daf4666075b44c4405f7dc648467bdd39c236556,425.04
62afbdf6a85fec75fde38d327928a180bc5bccb3,426.47
82855b07f5336d30c70dc20548ab7ab8adeac05e,449.07
35090950b41fdd4f3c4cee798d53229d837e7599,429.87
9dcc488f3c6afb691e49af42755cfd61b0a69d04,436.06
17486e2fa5b542b1f68b9b60efbefecd216a4a48,435.00
09b0d1b6008ee7fa4fa7cf6dbaa798d967254a02,418.90
935cab0e00f289ce5369f4c217b5eb3a3d9e33e7,442.92
93f930b80da2be3b46a535b4cc7dfc0f4d8eed4e,425.90
19aecf27292e894fefe4552309549325387163d2,440.78
2d2c9a911c388f105c30f690fdf0b033f22b4e17,441.63
9e2d3711ff5f23e39b0f956d03c3a2b547239fc1,447.07
ec49e3832a1db13efc343d22798efb1523684959,437.62
78d40f41b9567d7e8a0c891f31b7deee2b1f3f19,427.78
eec6bb02b3ce782af30f72048b800b8588c1908f,431.36
81594d5bd21af23e7378c7192197fd1966c9852e,448.09
13c2af3f24fceda5b44776a5257112ac7218d038,438.00
2f5b1878624b28c268e337fcb2748dbc249c5e6d,439.38
09adeec44230265c8300408e5aaffa431af88957,427.79
da9b977ef99e2595602a964561906a930b4332f3,435.41
d65b6dad2a88e584be032481d30b7fc09112d225,423.51
935cab0e00f289ce5369f4c217b5eb3a3d9e33e7,430.47
102caa116c375ab74da564ac0f4d5d954b6296dc,421.53
5e52f1b266173593fab32fe9d8a4963066b2f2fe,437.99
6fb07413051d22873429606c0fe1db66c0571c0a,442.40
81594d5bd21af23e7378c7192197fd1966c9852e,446.13
ca8bad78bf898f808ad6028d4a7c09a69bc65b84,440.82
170c25f964066982cc0ce7cb5d9084d4b0dc4227,441.59
008b3a6f92e860abec6d1d44e5be553f05d3b012,427.78
3e012e72724517b62a72c426ffe1c52e736d7f93,430.09
daf4666075b44c4405f7dc648467bdd39c236556,428.67
aef65a900ef328f92bb487752105f89d9a735672,434.68
ca8bad78bf898f808ad6028d4a7c09a69bc65b84,436.44
5ca6b4041d0605025f1a1582a605d2aee377bc1c,438.40
20ed24cefb5df53c48021459af98bef83c55f241,444.78
c6936dd3daab6dc7098065dff0bf39d8318349eb,430.52
c6936dd3daab6dc7098065dff0bf39d8318349eb,424.25
102caa116c375ab74da564ac0f4d5d954b6296dc,437.24
da9b977ef99e2595602a964561906a930b4332f3,436.18
210eeadbea339e00711cfe3f8bd68f600ea0765c,425.11
09b0d1b6008ee7fa4fa7cf6dbaa798d967254a02,436.61
78d40f41b9567d7e8a0c891f31b7deee2b1f3f19,432.49
170c25f964066982cc0ce7cb5d9084d4b0dc4227,439.02
91356162a5bc257a2f799b1b0d1c29baf80b294f,444.26
b25f8506cc212c33c0779864448a2e870dc93f34,449.04
9b69302f27abb4a7697ff959444b8ff2b45fbe5b,444.51
ff329d584a733c7fb58bb378a752541a7838fbd2,426.13
eec6bb02b3ce782af30f72048b800b8588c1908f,423.09
6c28472ebeca802a22d8b4b775c381b7117393d6,428.26
2f2f8b83a69959607d9ee072188b51e87fe31ba1,440.55
e256bb7fc5979de256371bb324f1ca1330e38112,428.42
8a7efe7305057c6123ea4ae080016e58f2ad3aca,439.71
2f2f8b83a69959607d9ee072188b51e87fe31ba1,443.33
17486e2fa5b542b1f68b9b60efbefecd216a4a48,432.98
ce843ec83988e3e3318fa7db38133b06be741a1f,440.77
6c28472ebeca802a22d8b4b775c381b7117393d6,426.62
073d9734451738985650074bee2ab45cb395fbb7,444.37
c6936dd3daab6dc7098065dff0bf39d8318349eb,424.76
0b56f3e5e012e689af8dda0e96d6e0c9f31853b6,426.48
7ea1e534d6d48da3a18953f323d9b275a57c4a09,435.76
7ea1e534d6d48da3a18953f323d9b275a57c4a09,442.42
ce843ec83988e3e3318fa7db38133b06be741a1f,428.23
f0f280cd42096a41058b87517a3a2da9f5bcecb2,424.88
b57bab46e4241cd3cacce52cb6ff310bbf69eb7b,424.13
ff329d584a733c7fb58bb378a752541a7838fbd2,437.40
6fb07413051d22873429606c0fe1db66c0571c0a,435.76
2ca58b79dd165a6eec7ce990cf53ceaf9445e5f0,432.04
00aa39e3faef106f8fbb3068fa65991b1001a7c8,434.26
b87be0c0384503d832a34d363800441b94b8fed9,431.04
2e4969497c5734d90d394103728bb517644f9157,434.12
935cab0e00f289ce5369f4c217b5eb3a3d9e33e7,435.68
0722718f1f3e3811639600a3333ec7665592364d,433.43
e05e1855a90905b7d467cfc8d273e7a078ad0769,425.34
170c25f964066982cc0ce7cb5d9084d4b0dc4227,438.73
b8cb55a51dd06a9e502399dada3abf904c0b6e7a,454.87
8a7efe7305057c6123ea4ae080016e58f2ad3aca,432.86
2f2f8b83a69959607d9ee072188b51e87fe31ba1,446.91
2d2c9a911c388f105c30f690fdf0b033f22b4e17,450.09
3091fd44859c3e5849fbc51fcab48342823276c2,435.44
a83d5f1a692d468e71edd96801caa156492b4817,437.31
ddef7e95ca1a5b6469f17dde04d8654c967d4902,447.17
ef57a000b65f075de35f8d593a5223779755ac26,433.65
19aecf27292e894fefe4552309549325387163d2,441.15
5e52f1b266173593fab32fe9d8a4963066b2f2fe,434.16
3091fd44859c3e5849fbc51fcab48342823276c2,424.17
b25f8506cc212c33c0779864448a2e870dc93f34,445.01
7568b9143d1688129350c1a6ff8ceb923b9e4731,421.63
050c5b2c4e3b6b6993b71313a82ac50c64d94555,426.66
ef57a000b65f075de35f8d593a5223779755ac26,446.36
dfe666c45ece6ee90c0a7586f38ddfc6825cd65c,426.23
444f558a8ed804f8851f16dc234ced136252d485,435.21
5e52f1b266173593fab32fe9d8a4963066b2f2fe,423.23
f548940dd8be5f8c93ef17a8896b2807aa2a08bc,423.86
f548940dd8be5f8c93ef17a8896b2807aa2a08bc,420.71
935cab0e00f289ce5369f4c217b5eb3a3d9e33e7,436.13
82855b07f5336d30c70dc20548ab7ab8adeac05e,433.46
17486e2fa5b542b1f68b9b60efbefecd216a4a48,430.84
6c28472ebeca802a22d8b4b775c381b7117393d6,422.42
b8cb55a51dd06a9e502399dada3abf904c0b6e7a,441.55
8a49d09f5c2acfb89b0c1f2887728793a036aa15,427.01
6e760a412fba8715f219e98def54c6cd6267582f,430.68
b57bab46e4241cd3cacce52cb6ff310bbf69eb7b,426.56
2217137d9254f124e01aa935628a4076f7478995,424.42
e5f6e084f755969196ca9a87c6b334f7125359aa,425.45
210eeadbea339e00711cfe3f8bd68f600ea0765c,437.36
f462438f2ebfb354c823cd2c0b677b0674f0e80c,442.87
cacbbfb9604fc5ce565b3547f4a7de77c037013f,440.76
08a3d67273f31718acde383a4c5158bed9c506b2,434.23
444f558a8ed804f8851f16dc234ced136252d485,423.52
ff329d584a733c7fb58bb378a752541a7838fbd2,427.53
20865395f255eb2cfefc1187822efe658ea83c54,426.01
c6936dd3daab6dc7098065dff0bf39d8318349eb,421.36
20ed24cefb5df53c48021459af98bef83c55f241,447.87
ff329d584a733c7fb58bb378a752541a7838fbd2,431.78
e8e29ca111772980970275662e0027fa695d9f27,422.32
dfe666c45ece6ee90c0a7586f38ddfc6825cd65c,422.73
35090950b41fdd4f3c4cee798d53229d837e7599,428.96
0722718f1f3e3811639600a3333ec7665592364d,430.98
f462438f2ebfb354c823cd2c0b677b0674f0e80c,439.07
b57bab46e4241cd3cacce52cb6ff310bbf69eb7b,430.06
84056ded0760b1ea9a2eb816d6fc0170b8d7f3cd,427.59
62afbdf6a85fec75fde38d327928a180bc5bccb3,426.41
528b793d86be485f7b4fff51f97e67708eb632da,432.47
09adeec44230265c8300408e5aaffa431af88957,423.56
8a7efe7305057c6123ea4ae080016e58f2ad3aca,438.57
d65b6dad2a88e584be032481d30b7fc09112d225,431.52
c6936dd3daab6dc7098065dff0bf39d8318349eb,431.01
2ca58b79dd165a6eec7ce990cf53ceaf9445e5f0,428.85
84056ded0760b1ea9a2eb816d6fc0170b8d7f3cd,435.26
ce843ec83988e3e3318fa7db38133b06be741a1f,426.48
a83d5f1a692d468e71edd96801caa156492b4817,424.49
674dab0387c4bfad01465574c4be6ea4b3f4f6e9,432.59
17486e2fa5b542b1f68b9b60efbefecd216a4a48,430.16
4187ea925ea383636a198696e92949fcd76167a3,444.53
9dcc488f3c6afb691e49af42755cfd61b0a69d04,436.57
daf4666075b44c4405f7dc648467bdd39c236556,427.32
62afbdf6a85fec75fde38d327928a180bc5bccb3,430.83
f8841edabba28d6125dd87ed72f557e85570066b,432.63
528b793d86be485f7b4fff51f97e67708eb632da,433.86
961e4d7186308a33aad544f83e67e0a57d30b35e,429.96
8877dab91c2c4074db6ff7b459d247959019caad,428.96
8a7efe7305057c6123ea4ae080016e58f2ad3aca,439.34
8a49d09f5c2acfb89b0c1f2887728793a036aa15,428.37
a83d5f1a692d468e71edd96801caa156492b4817,437.89
78d40f41b9567d7e8a0c891f31b7deee2b1f3f19,426.45
a147ce5467129fa15e62e31c725f8115dc6b5560,425.40
008b3a6f92e860abec6d1d44e5be553f05d3b012,431.94
62afbdf6a85fec75fde38d327928a180bc5bccb3,430.37
5ca6b4041d0605025f1a1582a605d2aee377bc1c,445.84
3e012e72724517b62a72c426ffe1c52e736d7f93,429.78
ff329d584a733c7fb58bb378a752541a7838fbd2,429.04
78d40f41b9567d7e8a0c891f31b7deee2b1f3f19,434.37
2e22a341cd460a58d3f70ed8bf77bef53e9bec0f,431.06
674dab0387c4bfad01465574c4be6ea4b3f4f6e9,428.66
3e012e72724517b62a72c426ffe1c52e736d7f93,442.38
6fb07413051d22873429606c0fe1db66c0571c0a,446.75
2ca58b79dd165a6eec7ce990cf53ceaf9445e5f0,425.00
7ea1e534d6d48da3a18953f323d9b275a57c4a09,437.79
ce843ec83988e3e3318fa7db38133b06be741a1f,425.72
7568b9143d1688129350c1a6ff8ceb923b9e4731,425.21
c6936dd3daab6dc7098065dff0bf39d8318349eb,425.80
57bce6dc8424637621f6b660855f23e72a08c4b3,436.37
444f558a8ed804f8851f16dc234ced136252d485,431.16
17486e2fa5b542b1f68b9b60efbefecd216a4a48,442.79
8877dab91c2c4074db6ff7b459d247959019caad,424.90
170c25f964066982cc0ce7cb5d9084d4b0dc4227,440.58
f8841edabba28d6125dd87ed72f557e85570066b,430.88
93f930b80da2be3b46a535b4cc7dfc0f4d8eed4e,426.42
b8cb55a51dd06a9e502399dada3abf904c0b6e7a,440.13
84056ded0760b1ea9a2eb816d6fc0170b8d7f3cd,428.62
7568b9143d1688129350c1a6ff8ceb923b9e4731,430.07
2f2f8b83a69959607d9ee072188b51e87fe31ba1,443.19
4187ea925ea383636a198696e92949fcd76167a3,444.76
a97445b2e3def9efac5fcdd20c6ce5e672184b71,435.49
9824d000c7b73f52a277dcc83b55602225154fb2,426.53
961e4d7186308a33aad544f83e67e0a57d30b35e,428.13
e5f6e084f755969196ca9a87c6b334f7125359aa,421.41
78d40f41b9567d7e8a0c891f31b7deee2b1f3f19,425.54
961e4d7186308a33aad544f83e67e0a57d30b35e,432.35
6c28472ebeca802a22d8b4b775c381b7117393d6,432.56
f548940dd8be5f8c93ef17a8896b2807aa2a08bc,424.01
9b69302f27abb4a7697ff959444b8ff2b45fbe5b,436.61
09adeec44230265c8300408e5aaffa431af88957,427.38
6fb07413051d22873429606c0fe1db66c0571c0a,437.69
7ea1e534d6d48da3a18953f323d9b275a57c4a09,435.31
ce843ec83988e3e3318fa7db38133b06be741a1f,426.60
a97445b2e3def9efac5fcdd20c6ce5e672184b71,438.80
08a3d67273f31718acde383a4c5158bed9c506b2,445.95
528b793d86be485f7b4fff51f97e67708eb632da,436.44
09b0d1b6008ee7fa4fa7cf6dbaa798d967254a02,422.21
20865395f255eb2cfefc1187822efe658ea83c54,427.61
62afbdf6a85fec75fde38d327928a180bc5bccb3,422.86
6e760a412fba8715f219e98def54c6cd6267582f,425.87
0722718f1f3e3811639600a3333ec7665592364d,426.17
c6936dd3daab6dc7098065dff0bf39d8318349eb,423.25
84056ded0760b1ea9a2eb816d6fc0170b8d7f3cd,438.56
62afbdf6a85fec75fde38d327928a180bc5bccb3,424.35
f8841edabba28d6125dd87ed72f557e85570066b,433.41
0b56f3e5e012e689af8dda0e96d6e0c9f31853b6,426.38
e8e29ca111772980970275662e0027fa695d9f27,427.27
19aecf27292e894fefe4552309549325387163d2,433.21
57bce6dc8424637621f6b660855f23e72a08c4b3,433.76
444f558a8ed804f8851f16dc234ced136252d485,427.10
ce843ec83988e3e3318fa7db38133b06be741a1f,426.50
21c927d33d4cccce0cd0931cffa681533851400d,429.89
528b793d86be485f7b4fff51f97e67708eb632da,437.24
9dcc488f3c6afb691e49af42755cfd61b0a69d04,442.04
5e52f1b266173593fab32fe9d8a4963066b2f2fe,424.81
81594d5bd21af23e7378c7192197fd1966c9852e,438.55
2f5b1878624b28c268e337fcb2748dbc249c5e6d,443.95
2d2c9a911c388f105c30f690fdf0b033f22b4e17,438.08
9b69302f27abb4a7697ff959444b8ff2b45fbe5b,431.62
6c28472ebeca802a22d8b4b775c381b7117393d6,436.08
09adeec44230265c8300408e5aaffa431af88957,426.72
a97445b2e3def9efac5fcdd20c6ce5e672184b71,433.44
82855b07f5336d30c70dc20548ab7ab8adeac05e,436.66
2f2f8b83a69959607d9ee072188b51e87fe31ba1,453.59
ff329d584a733c7fb58bb378a752541a7838fbd2,443.92
daf4666075b44c4405f7dc648467bdd39c236556,424.32
18e9a8f2ba83bd50dff8766bb0dab902a317f2f5,423.35
3e012e72724517b62a72c426ffe1c52e736d7f93,428.07
008b3a6f92e860abec6d1d44e5be553f05d3b012,428.83
00aa39e3faef106f8fbb3068fa65991b1001a7c8,432.75
961e4d7186308a33aad544f83e67e0a57d30b35e,426.50
e5f6e084f755969196ca9a87c6b334f7125359aa,423.26
c6936dd3daab6dc7098065dff0bf39d8318349eb,427.95
62afbdf6a85fec75fde38d327928a180bc5bccb3,432.41
749687cbe07d824be68474a68724255f4a14e15f,440.56
eec6bb02b3ce782af30f72048b800b8588c1908f,432.42
ca8bad78bf898f808ad6028d4a7c09a69bc65b84,448.59
eb1edd463b1f3b52b541d58487718676445d0d34,436.32
3e012e72724517b62a72c426ffe1c52e736d7f93,433.19
008b3a6f92e860abec6d1d44e5be553f05d3b012,437.73
961e4d7186308a33aad544f83e67e0a57d30b35e,437.94
20865395f255eb2cfefc1187822efe658ea83c54,424.10
e5f6e084f755969196ca9a87c6b334f7125359aa,423.64
210eeadbea339e00711cfe3f8bd68f600ea0765c,428.34
da9b977ef99e2595602a964561906a930b4332f3,434.62
2217137d9254f124e01aa935628a4076f7478995,429.20
20865395f255eb2cfefc1187822efe658ea83c54,426.20
b25f8506cc212c33c0779864448a2e870dc93f34,437.21
13c2af3f24fceda5b44776a5257112ac7218d038,438.98
35090950b41fdd4f3c4cee798d53229d837e7599,425.58
2ca58b79dd165a6eec7ce990cf53ceaf9445e5f0,425.28
b57bab46e4241cd3cacce52cb6ff310bbf69eb7b,428.86
09adeec44230265c8300408e5aaffa431af88957,429.90
7568b9143d1688129350c1a6ff8ceb923b9e4731,427.50
f548940dd8be5f8c93ef17a8896b2807aa2a08bc,427.49
ff329d584a733c7fb58bb378a752541a7838fbd2,425.19
f548940dd8be5f8c93ef17a8896b2807aa2a08bc,425.73
ef57a000b65f075de35f8d593a5223779755ac26,450.26
adce18ec3d06b849886d203fe932205f312cc37f,434.46
444f558a8ed804f8851f16dc234ced136252d485,431.45
5ca6b4041d0605025f1a1582a605d2aee377bc1c,441.77
7ea1e534d6d48da3a18953f323d9b275a57c4a09,437.58
a147ce5467129fa15e62e31c725f8115dc6b5560,427.42
8a7efe7305057c6123ea4ae080016e58f2ad3aca,437.10
ca8bad78bf898f808ad6028d4a7c09a69bc65b84,453.70
ec49e3832a1db13efc343d22798efb1523684959,426.71
ef57a000b65f075de35f8d593a5223779755ac26,439.36
adce18ec3d06b849886d203fe932205f312cc37f,439.07
cacbbfb9604fc5ce565b3547f4a7de77c037013f,436.87
2217137d9254f124e01aa935628a4076f7478995,435.07
b8cb55a51dd06a9e502399dada3abf904c0b6e7a,449.96
e8e29ca111772980970275662e0027fa695d9f27,427.93
9824d000c7b73f52a277dcc83b55602225154fb2,431.65
961e4d7186308a33aad544f83e67e0a57d30b35e,428.48
a83d5f1a692d468e71edd96801caa156492b4817,433.28
b8cb55a51dd06a9e502399dada3abf904c0b6e7a,437.38
e96bd4bc44fa8e57993679ba0f4851554a8e7131,428.80
81594d5bd21af23e7378c7192197fd1966c9852e,442.69
170c25f964066982cc0ce7cb5d9084d4b0dc4227,438.95
6c28472ebeca802a22d8b4b775c381b7117393d6,438.57
09b0d1b6008ee7fa4fa7cf6dbaa798d967254a02,424.32
7568b9143d1688129350c1a6ff8ceb923b9e4731,421.64
e256bb7fc5979de256371bb324f1ca1330e38112,421.54
5ca6b4041d0605025f1a1582a605d2aee377bc1c,436.92
9824d000c7b73f52a277dcc83b55602225154fb2,428.75
19aecf27292e894fefe4552309549325387163d2,428.52
008b3a6f92e860abec6d1d44e5be553f05d3b012,425.75
b25f8506cc212c33c0779864448a2e870dc93f34,444.12
ce843ec83988e3e3318fa7db38133b06be741a1f,432.42
674dab0387c4bfad01465574c4be6ea4b3f4f6e9,429.50
102caa116c375ab74da564ac0f4d5d954b6296dc,421.48
935cab0e00f289ce5369f4c217b5eb3a3d9e33e7,437.84
a83d5f1a692d468e71edd96801caa156492b4817,429.40
935cab0e00f289ce5369f4c217b5eb3a3d9e33e7,430.69
2f5b1878624b28c268e337fcb2748dbc249c5e6d,439.61
008b3a6f92e860abec6d1d44e5be553f05d3b012,435.86
daf4666075b44c4405f7dc648467bdd39c236556,425.54
3091fd44859c3e5849fbc51fcab48342823276c2,428.77
e4917452778b4e1b19b2fcbe9f258e9e4061a97f,426.83
5ca6b4041d0605025f1a1582a605d2aee377bc1c,436.40
62afbdf6a85fec75fde38d327928a180bc5bccb3,423.81
7568b9143d1688129350c1a6ff8ceb923b9e4731,433.15
a83d5f1a692d468e71edd96801caa156492b4817,424.21
9e2d3711ff5f23e39b0f956d03c3a2b547239fc1,437.65
2217137d9254f124e01aa935628a4076f7478995,427.74
2d2c9a911c388f105c30f690fdf0b033f22b4e17,439.25
7ea1e534d6d48da3a18953f323d9b275a57c4a09,441.54
a97445b2e3def9efac5fcdd20c6ce5e672184b71,435.23
eb1edd463b1f3b52b541d58487718676445d0d34,438.27
9824d000c7b73f52a277dcc83b55602225154fb2,422.35
749687cbe07d824be68474a68724255f4a14e15f,436.02
7ea1e534d6d48da3a18953f323d9b275a57c4a09,440.32
f4f2efb22f24378eb608aa308ba30cbfee3b3df2,433.95
0722718f1f3e3811639600a3333ec7665592364d,437.82
3e012e72724517b62a72c426ffe1c52e736d7f93,431.92
e96bd4bc44fa8e57993679ba0f4851554a8e7131,431.38
e05e1855a90905b7d467cfc8d273e7a078ad0769,424.07
84056ded0760b1ea9a2eb816d6fc0170b8d7f3cd,435.03
e8e29ca111772980970275662e0027fa695d9f27,438.37
84056ded0760b1ea9a2eb816d6fc0170b8d7f3cd,429.02
008b3a6f92e860abec6d1d44e5be553f05d3b012,420.67
18e9a8f2ba83bd50dff8766bb0dab902a317f2f5,430.73
9b69302f27abb4a7697ff959444b8ff2b45fbe5b,435.53
f0f280cd42096a41058b87517a3a2da9f5bcecb2,427.44
e8e29ca111772980970275662e0027fa695d9f27,430.17
78d40f41b9567d7e8a0c891f31b7deee2b1f3f19,429.16
20ed24cefb5df53c48021459af98bef83c55f241,436.77
19aecf27292e894fefe4552309549325387163d2,432.45
b57bab46e4241cd3cacce52cb6ff310bbf69eb7b,428.80
00aa39e3faef106f8fbb3068fa65991b1001a7c8,427.46
b8cb55a51dd06a9e502399dada3abf904c0b6e7a,443.25
62afbdf6a85fec75fde38d327928a180bc5bccb3,426.86
0722718f1f3e3811639600a3333ec7665592364d,427.60
21c927d33d4cccce0cd0931cffa681533851400d,431.12
daf4666075b44c4405f7dc648467bdd39c236556,424.51
20ed24cefb5df53c48021459af98bef83c55f241,444.62
eb1edd463b1f3b52b541d58487718676445d0d34,432.46
1342c6117241469f0c376353798821105cf7cd02,433.02
09adeec44230265c8300408e5aaffa431af88957,429.07
5e52f1b266173593fab32fe9d8a4963066b2f2fe,427.10
eec6bb02b3ce782af30f72048b800b8588c1908f,439.77
e05e1855a90905b7d467cfc8d273e7a078ad0769,421.68
13c2af3f24fceda5b44776a5257112ac7218d038,440.28
2ca58b79dd165a6eec7ce990cf53ceaf9445e5f0,429.15
b8cb55a51dd06a9e502399dada3abf904c0b6e7a,441.89
82855b07f5336d30c70dc20548ab7ab8adeac05e,437.34
102caa116c375ab74da564ac0f4d5d954b6296dc,428.98
2e22a341cd460a58d3f70ed8bf77bef53e9bec0f,430.65
8a7efe7305057c6123ea4ae080016e58f2ad3aca,442.75
91356162a5bc257a2f799b1b0d1c29baf80b294f,444.27
050c5b2c4e3b6b6993b71313a82ac50c64d94555,431.51
00aa39e3faef106f8fbb3068fa65991b1001a7c8,438.46
aef65a900ef328f92bb487752105f89d9a735672,425.82
9dcc488f3c6afb691e49af42755cfd61b0a69d04,435.80
78d40f41b9567d7e8a0c891f31b7deee2b1f3f19,435.73
19aecf27292e894fefe4552309549325387163d2,431.16
3091fd44859c3e5849fbc51fcab48342823276c2,421.51
a147ce5467129fa15e62e31c725f8115dc6b5560,427.56
073d9734451738985650074bee2ab45cb395fbb7,437.75
2e22a341cd460a58d3f70ed8bf77bef53e9bec0f,436.65
2217137d9254f124e01aa935628a4076f7478995,429.89
8a7efe7305057c6123ea4ae080016e58f2ad3aca,446.17
cacbbfb9604fc5ce565b3547f4a7de77c037013f,441.27
00aa39e3faef106f8fbb3068fa65991b1001a7c8,436.67
050c5b2c4e3b6b6993b71313a82ac50c64d94555,427.76
1342c6117241469f0c376353798821105cf7cd02,426.74
ca8bad78bf898f808ad6028d4a7c09a69bc65b84,445.68
9e2d3711ff5f23e39b0f956d03c3a2b547239fc1,434.87
9824d000c7b73f52a277dcc83b55602225154fb2,421.80
9b69302f27abb4a7697ff959444b8ff2b45fbe5b,449.74
9dcc488f3c6afb691e49af42755cfd61b0a69d04,435.68
35090950b41fdd4f3c4cee798d53229d837e7599,430.80
6fb07413051d22873429606c0fe1db66c0571c0a,439.70
ef57a000b65f075de35f8d593a5223779755ac26,433.79
7ea1e534d6d48da3a18953f323d9b275a57c4a09,440.84
2217137d9254f124e01aa935628a4076f7478995,432.71
0b56f3e5e012e689af8dda0e96d6e0c9f31853b6,432.96
09adeec44230265c8300408e5aaffa431af88957,423.70
13c2af3f24fceda5b44776a5257112ac7218d038,440.06
2e4969497c5734d90d394103728bb517644f9157,439.37
f0f280cd42096a41058b87517a3a2da9f5bcecb2,437.31
961e4d7186308a33aad544f83e67e0a57d30b35e,426.13
2217137d9254f124e01aa935628a4076f7478995,427.86
91356162a5bc257a2f799b1b0d1c29baf80b294f,439.61
5ca6b4041d0605025f1a1582a605d2aee377bc1c,442.85
2f5b1878624b28c268e337fcb2748dbc249c5e6d,439.04
7568b9143d1688129350c1a6ff8ceb923b9e4731,430.52
2ca58b79dd165a6eec7ce990cf53ceaf9445e5f0,437.23
cacbbfb9604fc5ce565b3547f4a7de77c037013f,434.95
ff329d584a733c7fb58bb378a752541a7838fbd2,427.75
08a3d67273f31718acde383a4c5158bed9c506b2,439.22
0b56f3e5e012e689af8dda0e96d6e0c9f31853b6,429.35
4187ea925ea383636a198696e92949fcd76167a3,424.61
f8841edabba28d6125dd87ed72f557e85570066b,431.98
2ca58b79dd165a6eec7ce990cf53ceaf9445e5f0,430.31
21c927d33d4cccce0cd0931cffa681533851400d,433.26
adce18ec3d06b849886d203fe932205f312cc37f,446.06
e4917452778b4e1b19b2fcbe9f258e9e4061a97f,425.44
62afbdf6a85fec75fde38d327928a180bc5bccb3,423.44
da9b977ef99e2595602a964561906a930b4332f3,435.39
84de4abc83b1831f96a353e8e87d09def5c1621a,431.17
2e4969497c5734d90d394103728bb517644f9157,441.44
c6936dd3daab6dc7098065dff0bf39d8318349eb,428.32
2f2f8b83a69959607d9ee072188b51e87fe31ba1,446.96
7568b9143d1688129350c1a6ff8ceb923b9e4731,424.34
76de9d87000f375749f355a7d7d6af9fe37c3558,446.05
93ff111c590ea57b311705360111a3e54329a026,450.91
2509766946d20c1339c56d5aa0970c522efd2417,436.69
411c01ff53f56f0b84bee210ad75c8c2114efa55,440.20
81d1fb98e61ff42c856504b1427a700cda7707f2,440.37
93ff111c590ea57b311705360111a3e54329a026,450.41
c114eb0589d947dfe6f047c546380c3cfe413453,683.42
f36b950de16f6db134bd98969cd8fbe578d37480,443.32
49eb02fe329f0bf1bbc847f613c8aa147e6c5330,443.23
08e2a7fc2f487328f1b514e07cc9f4c9ff3d3814,440.12
9008cbf66ca4a89d02ba26630fb818524e790974,452.02
785d41a37f6c311084ebf2d23e83f4ceb4bb94ed,582.77
7171cec2dfd3c8b58645b69970425864abf8ba1f,447.14
7b9f17760049161b775fd23b15653961620e259d,444.81
2509766946d20c1339c56d5aa0970c522efd2417,439.03
f9ffaf49226a04a15698050b3978d85585be0894,450.70
912d3c14f98af2b3a77eeabf536617ebc9c6f665,441.24
4ad65182dbdfec91d7795206bef4342673cb8f11,444.65
eeea5cbcf85aaf64b659fd8d4b71fe59059c4b46,427.81
c114eb0589d947dfe6f047c546380c3cfe413453,610.34
785d41a37f6c311084ebf2d23e83f4ceb4bb94ed,584.46
c114eb0589d947dfe6f047c546380c3cfe413453,573.67
a6d9d213ae51fdf9ce8d9d4f9b2a124ba3886354,427.11
291ba4d3c087aa96d935021ec9403de53d3e4166,450.64
e42cce476c0749899dcf7d50ba36aa1dbdaf7fbf,442.48
db9efbd54c6ff876768eb874f7e9fe84a6632729,432.09
cbc1cf3469f842ff44155b4ebf3fbd15ec95fd31,439.40
f11c3b4f92660b44dae8f6541c9b6908e6196b3a,446.45
d0a7e3a00350ea9bdca6a1f005ccc75e5b2d19d4,456.34
9008cbf66ca4a89d02ba26630fb818524e790974,440.11
12a4abda3aeb213ed05e0aa500e2e6b70dbb9cca,443.89
9ff954f3876690504457be9c5f6067593df6ce19,440.98
9c46f13fc4b17bfa6c3cb58945568ae8d8b191af,605.16
b8d2e2108b16d5db3ce6f5744a49d4ebc4b7a46f,441.01
5998a3eaaea26882550b657ff4d1f00e6b04fa1a,447.14
128b3f8212e357468cb608546a52da3826903fad,453.73
920ffd8ddd2645c560d905c2a53340cdafe4f96e,441.88
43a39b308abfbe39ea06729277d0630786b9956d,452.15
c114eb0589d947dfe6f047c546380c3cfe413453,592.46
7d1723336c20ee0c31d0b4ed11a252c9e29abe97,437.30
ae80e51cf54971b6322b9b571734ffa5507c4947,443.04
785d41a37f6c311084ebf2d23e83f4ceb4bb94ed,605.54
2509766946d20c1339c56d5aa0970c522efd2417,439.00
b800dd756bf956aa210165073824bfcf159780fd,442.06
3d6f1e47ccf93d01364ed5f7603fa66d43eae0e2,452.85
66ff264012c6c047a3599c3b6771d504c6662207,439.84
291ba4d3c087aa96d935021ec9403de53d3e4166,444.97
5998a3eaaea26882550b657ff4d1f00e6b04fa1a,441.38
43a39b308abfbe39ea06729277d0630786b9956d,445.86
8749726a79c22451b1f01b14fb2137f734e926b4,444.42
db9efbd54c6ff876768eb874f7e9fe84a6632729,429.48
f11c3b4f92660b44dae8f6541c9b6908e6196b3a,448.82
3d6f1e47ccf93d01364ed5f7603fa66d43eae0e2,442.27
f36b950de16f6db134bd98969cd8fbe578d37480,450.80
7b9f17760049161b775fd23b15653961620e259d,440.92
f31916f55db7d57b67b71c469105978692b88cf5,443.52
b8d2e2108b16d5db3ce6f5744a49d4ebc4b7a46f,443.96
35ba2dd27d69d1d09fed6f7a3c690f2bd121cb0f,447.97
4a470a028e1f146c04695819c48b9ec8b7950f36,443.15
c8807e900cb66f83a5d1f28d02e55528ff6d67ba,424.42
71608a8424e1ad5d110a71d93313c370b2923411,451.10
5998a3eaaea26882550b657ff4d1f00e6b04fa1a,440.83
128b3f8212e357468cb608546a52da3826903fad,447.46
ae80e51cf54971b6322b9b571734ffa5507c4947,434.94
a14fb16d6430d8de4bf31c898d119ab713840c2d,429.87
ae80e51cf54971b6322b9b571734ffa5507c4947,441.95
ad03c445e1384a2b7168c6889461f973b008317b,447.22
c114eb0589d947dfe6f047c546380c3cfe413453,611.42
437d8eca9f51dd0ed7af5b828412ee96ac192f17,437.80
e9909538549c96800dad1e94284b99575d1be628,446.14
fa8a8deb6e03ee00c10138f42b9b5cf83803e425,426.80
7171cec2dfd3c8b58645b69970425864abf8ba1f,455.52
920ffd8ddd2645c560d905c2a53340cdafe4f96e,444.56
7b9f17760049161b775fd23b15653961620e259d,440.18
437d8eca9f51dd0ed7af5b828412ee96ac192f17,439.60
291ba4d3c087aa96d935021ec9403de53d3e4166,440.89
785d41a37f6c311084ebf2d23e83f4ceb4bb94ed,604.73
dc0b7cb2754e714a4e65553b7ef3d186f52d1004,440.91
4ad65182dbdfec91d7795206bef4342673cb8f11,438.75
e36279116113c62b60e6c95580abb327401d9e09,445.57
694efa8bac3d66717efe7e202e47347355e07c0b,425.60
08e2a7fc2f487328f1b514e07cc9f4c9ff3d3814,446.12
508718bcf66279c837a3a8bc6fc48022670afd6c,439.94
3d6f1e47ccf93d01364ed5f7603fa66d43eae0e2,440.32
21334edbe26d02d8c9a882c6079f3fcfd179eb66,438.55
8749726a79c22451b1f01b14fb2137f734e926b4,445.90
cbc1cf3469f842ff44155b4ebf3fbd15ec95fd31,445.94
4ad65182dbdfec91d7795206bef4342673cb8f11,441.41
411c01ff53f56f0b84bee210ad75c8c2114efa55,444.92
f31916f55db7d57b67b71c469105978692b88cf5,443.69
d0418222830f42f4f0c770e406f71454ea50e56d,445.99
f31916f55db7d57b67b71c469105978692b88cf5,449.51
ad03c445e1384a2b7168c6889461f973b008317b,445.28
4a470a028e1f146c04695819c48b9ec8b7950f36,439.35
0d8ec3812c8a3617e3f4fb2c6325059ee695f1a7,440.07
dc0b7cb2754e714a4e65553b7ef3d186f52d1004,438.53
7171cec2dfd3c8b58645b69970425864abf8ba1f,449.31
277949e7115059f6f0071e1b3418b6f6cbf48e48,429.68
7b9f17760049161b775fd23b15653961620e259d,447.29
a7b577255442124a8af87a0eccdb053e17d8c211,429.79
cbc1cf3469f842ff44155b4ebf3fbd15ec95fd31,439.32
12a4abda3aeb213ed05e0aa500e2e6b70dbb9cca,445.63
d0418222830f42f4f0c770e406f71454ea50e56d,440.21
51cb86699beae26b74c594e2daaa098116f9f572,438.65
7d1723336c20ee0c31d0b4ed11a252c9e29abe97,429.26
08e2a7fc2f487328f1b514e07cc9f4c9ff3d3814,437.37
e9909538549c96800dad1e94284b99575d1be628,443.98
dbbe693c9fbeef94d663c963b57ea379c75806a1,443.36
a14fb16d6430d8de4bf31c898d119ab713840c2d,426.06
7171cec2dfd3c8b58645b69970425864abf8ba1f,441.21
cbc1cf3469f842ff44155b4ebf3fbd15ec95fd31,440.43
3d6f1e47ccf93d01364ed5f7603fa66d43eae0e2,439.10
db9efbd54c6ff876768eb874f7e9fe84a6632729,427.53
c98349a7fb5598f0cbac88130520171bd6f253c1,437.73
08e2a7fc2f487328f1b514e07cc9f4c9ff3d3814,453.94
0d8ec3812c8a3617e3f4fb2c6325059ee695f1a7,442.38
64ec9cfb151f26e85c0c206ce6aba063695e47cd,435.68
a14fb16d6430d8de4bf31c898d119ab713840c2d,428.06
694efa8bac3d66717efe7e202e47347355e07c0b,426.55
51cb86699beae26b74c594e2daaa098116f9f572,447.76
1ea48c83ae09d9428ac47382decff0bd2d4f4bde,438.02
6dbe51b3f6d4db7a17fd103a5d2f138e5edafe19,428.70
7171cec2dfd3c8b58645b69970425864abf8ba1f,444.58
66ff264012c6c047a3599c3b6771d504c6662207,443.73
0d8ec3812c8a3617e3f4fb2c6325059ee695f1a7,438.66
437d8eca9f51dd0ed7af5b828412ee96ac192f17,442.08
437d8eca9f51dd0ed7af5b828412ee96ac192f17,438.15
12a4abda3aeb213ed05e0aa500e2e6b70dbb9cca,444.23
76de9d87000f375749f355a7d7d6af9fe37c3558,436.79
66ff264012c6c047a3599c3b6771d504c6662207,439.05
785d41a37f6c311084ebf2d23e83f4ceb4bb94ed,596.40
6dbe51b3f6d4db7a17fd103a5d2f138e5edafe19,425.83
7eefa1b51eb9fdc36b0762c0bbc417aff4b19a39,424.95
f16c0c17aa38ecff097f5fc50db7cd5e247c8737,440.39
7d1723336c20ee0c31d0b4ed11a252c9e29abe97,436.21
7eefa1b51eb9fdc36b0762c0bbc417aff4b19a39,428.05
35ba2dd27d69d1d09fed6f7a3c690f2bd121cb0f,432.53
12a4abda3aeb213ed05e0aa500e2e6b70dbb9cca,441.08
29c9d48278aafb4a4390e3ee923cd68e6086a17f,430.96
f45de034880877582fb6414c4d09f40c5999ac70,441.21
508718bcf66279c837a3a8bc6fc48022670afd6c,437.09
29c9d48278aafb4a4390e3ee923cd68e6086a17f,429.06
ae80e51cf54971b6322b9b571734ffa5507c4947,437.23
a14fb16d6430d8de4bf31c898d119ab713840c2d,431.34
12a4abda3aeb213ed05e0aa500e2e6b70dbb9cca,449.66
a7b577255442124a8af87a0eccdb053e17d8c211,432.57
437d8eca9f51dd0ed7af5b828412ee96ac192f17,435.68
16ca9214be8e4a6eb8b37dcfaaf21a79595d95f3,442.83
3d6f1e47ccf93d01364ed5f7603fa66d43eae0e2,440.05
9fcda18b6824b0c46986bff8f1c9ecc3bf5872f4,433.88
b320c9c28c7223beedabb355d7837596cf0a1ba8,424.92
9c46f13fc4b17bfa6c3cb58945568ae8d8b191af,613.99
c8807e900cb66f83a5d1f28d02e55528ff6d67ba,426.16
f11c3b4f92660b44dae8f6541c9b6908e6196b3a,449.12
12a4abda3aeb213ed05e0aa500e2e6b70dbb9cca,447.96
49eb02fe329f0bf1bbc847f613c8aa147e6c5330,440.95
49eb02fe329f0bf1bbc847f613c8aa147e6c5330,433.12
93ff111c590ea57b311705360111a3e54329a026,447.74
277949e7115059f6f0071e1b3418b6f6cbf48e48,425.71
08e2a7fc2f487328f1b514e07cc9f4c9ff3d3814,442.27
39915966a8b7329cdae21623f239e652fb6af763,439.36
d0418222830f42f4f0c770e406f71454ea50e56d,440.25
c98349a7fb5598f0cbac88130520171bd6f253c1,444.85
f9ffaf49226a04a15698050b3978d85585be0894,446.06
39915966a8b7329cdae21623f239e652fb6af763,429.53
c98349a7fb5598f0cbac88130520171bd6f253c1,441.93
db9efbd54c6ff876768eb874f7e9fe84a6632729,424.70
b800dd756bf956aa210165073824bfcf159780fd,442.38
508718bcf66279c837a3a8bc6fc48022670afd6c,441.98
a14fb16d6430d8de4bf31c898d119ab713840c2d,430.06
9ae3df9993f3f5991d0e6fd96c649d93d547d475,419.85
277949e7115059f6f0071e1b3418b6f6cbf48e48,429.22
a6d9d213ae51fdf9ce8d9d4f9b2a124ba3886354,432.22
cbc1cf3469f842ff44155b4ebf3fbd15ec95fd31,448.13
2509766946d20c1339c56d5aa0970c522efd2417,442.08
f45de034880877582fb6414c4d09f40c5999ac70,445.65
35ba2dd27d69d1d09fed6f7a3c690f2bd121cb0f,444.91
d0418222830f42f4f0c770e406f71454ea50e56d,445.96
b320c9c28c7223beedabb355d7837596cf0a1ba8,436.29
f36b950de16f6db134bd98969cd8fbe578d37480,445.25
f317c04acf821d61601f5d986252db40505153bc,427.47
7171cec2dfd3c8b58645b69970425864abf8ba1f,449.30
c98349a7fb5598f0cbac88130520171bd6f253c1,442.07
7171cec2dfd3c8b58645b69970425864abf8ba1f,441.06
f16c0c17aa38ecff097f5fc50db7cd5e247c8737,439.75
3fb895c9a9185c04eb263ef77038cd7ec8b5dfa7,439.07
d0418222830f42f4f0c770e406f71454ea50e56d,444.54
12a4abda3aeb213ed05e0aa500e2e6b70dbb9cca,442.13
437d8eca9f51dd0ed7af5b828412ee96ac192f17,446.75
f9d8a9c8a47be87c6d4f949dc24c6520e84590d0,423.46
a28fb8eae225ac16279a6086420f310145bf6100,437.77
411c01ff53f56f0b84bee210ad75c8c2114efa55,438.06
a7b577255442124a8af87a0eccdb053e17d8c211,428.11
c114eb0589d947dfe6f047c546380c3cfe413453,606.06
6d9081bba66809602428ea0b0f7ea78229b3087a,436.63
ae80e51cf54971b6322b9b571734ffa5507c4947,440.46
3fb895c9a9185c04eb263ef77038cd7ec8b5dfa7,446.17
e42cce476c0749899dcf7d50ba36aa1dbdaf7fbf,426.35
9fcda18b6824b0c46986bff8f1c9ecc3bf5872f4,426.94
eeea5cbcf85aaf64b659fd8d4b71fe59059c4b46,427.81
43a39b308abfbe39ea06729277d0630786b9956d,440.93
12a4abda3aeb213ed05e0aa500e2e6b70dbb9cca,441.78
b320c9c28c7223beedabb355d7837596cf0a1ba8,431.71
e42cce476c0749899dcf7d50ba36aa1dbdaf7fbf,429.07
a14fb16d6430d8de4bf31c898d119ab713840c2d,423.91
f317c04acf821d61601f5d986252db40505153bc,427.97
7fe868089855c33d6345e740bfdbe6f140794598,439.90
9c46f13fc4b17bfa6c3cb58945568ae8d8b191af,612.07
3fb895c9a9185c04eb263ef77038cd7ec8b5dfa7,436.73
d0a7e3a00350ea9bdca6a1f005ccc75e5b2d19d4,447.98
16ca9214be8e4a6eb8b37dcfaaf21a79595d95f3,443.58
863bad7886c1bbf84391f5e9e330f20a4daf8894,440.01
21334edbe26d02d8c9a882c6079f3fcfd179eb66,440.90
b320c9c28c7223beedabb355d7837596cf0a1ba8,432.02
912d3c14f98af2b3a77eeabf536617ebc9c6f665,448.14
2509766946d20c1339c56d5aa0970c522efd2417,441.12
6dbe51b3f6d4db7a17fd103a5d2f138e5edafe19,438.19
93ff111c590ea57b311705360111a3e54329a026,438.82
7eefa1b51eb9fdc36b0762c0bbc417aff4b19a39,428.58
e9909538549c96800dad1e94284b99575d1be628,440.52
7eefa1b51eb9fdc36b0762c0bbc417aff4b19a39,429.75
3d6f1e47ccf93d01364ed5f7603fa66d43eae0e2,443.93
ae80e51cf54971b6322b9b571734ffa5507c4947,446.15
6dbe51b3f6d4db7a17fd103a5d2f138e5edafe19,428.90
9fcda18b6824b0c46986bff8f1c9ecc3bf5872f4,424.94
f36b950de16f6db134bd98969cd8fbe578d37480,439.68
f9ffaf49226a04a15698050b3978d85585be0894,442.00
b800dd756bf956aa210165073824bfcf159780fd,445.55
71608a8424e1ad5d110a71d93313c370b2923411,439.36
912d3c14f98af2b3a77eeabf536617ebc9c6f665,439.55
2509766946d20c1339c56d5aa0970c522efd2417,449.88
d0a7e3a00350ea9bdca6a1f005ccc75e5b2d19d4,443.08
e9909538549c96800dad1e94284b99575d1be628,442.26
9ff954f3876690504457be9c5f6067593df6ce19,453.63
0d8ec3812c8a3617e3f4fb2c6325059ee695f1a7,448.99
fa8a8deb6e03ee00c10138f42b9b5cf83803e425,426.65
a28fb8eae225ac16279a6086420f310145bf6100,442.55
d0a7e3a00350ea9bdca6a1f005ccc75e5b2d19d4,445.44
dbbe693c9fbeef94d663c963b57ea379c75806a1,443.76
e9909538549c96800dad1e94284b99575d1be628,441.94
7b9f17760049161b775fd23b15653961620e259d,446.76
2509766946d20c1339c56d5aa0970c522efd2417,444.09
ae80e51cf54971b6322b9b571734ffa5507c4947,439.56
81d1fb98e61ff42c856504b1427a700cda7707f2,447.36
dc0b7cb2754e714a4e65553b7ef3d186f52d1004,437.03
7d1723336c20ee0c31d0b4ed11a252c9e29abe97,428.82
128b3f8212e357468cb608546a52da3826903fad,451.29
508718bcf66279c837a3a8bc6fc48022670afd6c,440.80
16ca9214be8e4a6eb8b37dcfaaf21a79595d95f3,446.23
9fcda18b6824b0c46986bff8f1c9ecc3bf5872f4,430.09
dbbe693c9fbeef94d663c963b57ea379c75806a1,460.56
785d41a37f6c311084ebf2d23e83f4ceb4bb94ed,615.76
5998a3eaaea26882550b657ff4d1f00e6b04fa1a,460.71
8749726a79c22451b1f01b14fb2137f734e926b4,439.92
f16c0c17aa38ecff097f5fc50db7cd5e247c8737,437.06
9ff954f3876690504457be9c5f6067593df6ce19,438.57
35ba2dd27d69d1d09fed6f7a3c690f2bd121cb0f,438.68
f31916f55db7d57b67b71c469105978692b88cf5,437.19
912d3c14f98af2b3a77eeabf536617ebc9c6f665,438.89
7fe868089855c33d6345e740bfdbe6f140794598,441.11
f9d8a9c8a47be87c6d4f949dc24c6520e84590d0,430.35
cc494e90ae10aff90f1e7ad4da5dd092e23d53f6,445.22
dbbe693c9fbeef94d663c963b57ea379c75806a1,449.82
d0a7e3a00350ea9bdca6a1f005ccc75e5b2d19d4,439.68
912d3c14f98af2b3a77eeabf536617ebc9c6f665,444.33
c114eb0589d947dfe6f047c546380c3cfe413453,610.65
49eb02fe329f0bf1bbc847f613c8aa147e6c5330,436.18
7fe868089855c33d6345e740bfdbe6f140794598,441.58
b8d2e2108b16d5db3ce6f5744a49d4ebc4b7a46f,444.89
7eefa1b51eb9fdc36b0762c0bbc417aff4b19a39,425.18
7eefa1b51eb9fdc36b0762c0bbc417aff4b19a39,428.52
0d8ec3812c8a3617e3f4fb2c6325059ee695f1a7,440.60
cc494e90ae10aff90f1e7ad4da5dd092e23d53f6,443.29
9fcda18b6824b0c46986bff8f1c9ecc3bf5872f4,423.44
3fb895c9a9185c04eb263ef77038cd7ec8b5dfa7,438.22
35ba2dd27d69d1d09fed6f7a3c690f2bd121cb0f,438.56
1ea48c83ae09d9428ac47382decff0bd2d4f4bde,436.17
a6d9d213ae51fdf9ce8d9d4f9b2a124ba3886354,440.57
12a4abda3aeb213ed05e0aa500e2e6b70dbb9cca,442.95
c2ecaa18c25d92d260718217e5ba1f0496cb8eb2,440.51
f9ffaf49226a04a15698050b3978d85585be0894,456.74
cbc1cf3469f842ff44155b4ebf3fbd15ec95fd31,443.48
dc0b7cb2754e714a4e65553b7ef3d186f52d1004,437.34
71608a8424e1ad5d110a71d93313c370b2923411,442.23
291ba4d3c087aa96d935021ec9403de53d3e4166,440.42
a14fb16d6430d8de4bf31c898d119ab713840c2d,432.99
64ec9cfb151f26e85c0c206ce6aba063695e47cd,442.53
21334edbe26d02d8c9a882c6079f3fcfd179eb66,451.36
16ca9214be8e4a6eb8b37dcfaaf21a79595d95f3,451.40
a6d9d213ae51fdf9ce8d9d4f9b2a124ba3886354,438.16
7171cec2dfd3c8b58645b69970425864abf8ba1f,457.48
f31916f55db7d57b67b71c469105978692b88cf5,438.92
3fb9295d4ce19e1d9bc06dd354dcfba981827abf,448.17
1ea48c83ae09d9428ac47382decff0bd2d4f4bde,443.15
ab4890183496beea6d4908c4adb672e15c1136a5,438.64
c114eb0589d947dfe6f047c546380c3cfe413453,602.64
4ad65182dbdfec91d7795206bef4342673cb8f11,440.59
c114eb0589d947dfe6f047c546380c3cfe413453,593.11
f16c0c17aa38ecff097f5fc50db7cd5e247c8737,436.10
f9d8a9c8a47be87c6d4f949dc24c6520e84590d0,427.57
fa8a8deb6e03ee00c10138f42b9b5cf83803e425,431.89
76de9d87000f375749f355a7d7d6af9fe37c3558,434.95
08e2a7fc2f487328f1b514e07cc9f4c9ff3d3814,439.31
66ff264012c6c047a3599c3b6771d504c6662207,435.86
f16c0c17aa38ecff097f5fc50db7cd5e247c8737,440.32
ae80e51cf54971b6322b9b571734ffa5507c4947,445.79
f31916f55db7d57b67b71c469105978692b88cf5,442.97
128b3f8212e357468cb608546a52da3826903fad,454.60
51cb86699beae26b74c594e2daaa098116f9f572,445.45
16ca9214be8e4a6eb8b37dcfaaf21a79595d95f3,441.55
db9efbd54c6ff876768eb874f7e9fe84a6632729,429.35
70b2cf9a73e38bd3831a8e196c84556275c3f588,438.92
e36279116113c62b60e6c95580abb327401d9e09,441.93
863bad7886c1bbf84391f5e9e330f20a4daf8894,442.48
35ba2dd27d69d1d09fed6f7a3c690f2bd121cb0f,437.60
a6d9d213ae51fdf9ce8d9d4f9b2a124ba3886354,429.03
c98349a7fb5598f0cbac88130520171bd6f253c1,443.81
c114eb0589d947dfe6f047c546380c3cfe413453,643.91
ab4890183496beea6d4908c4adb672e15c1136a5,447.98
f36b950de16f6db134bd98969cd8fbe578d37480,442.39
7d1723336c20ee0c31d0b4ed11a252c9e29abe97,425.78
cc494e90ae10aff90f1e7ad4da5dd092e23d53f6,444.51
e42cce476c0749899dcf7d50ba36aa1dbdaf7fbf,427.16
6d9081bba66809602428ea0b0f7ea78229b3087a,432.68
21334edbe26d02d8c9a882c6079f3fcfd179eb66,440.57
b800dd756bf956aa210165073824bfcf159780fd,438.36
2509766946d20c1339c56d5aa0970c522efd2417,437.47
dbbe693c9fbeef94d663c963b57ea379c75806a1,446.53
fa8a8deb6e03ee00c10138f42b9b5cf83803e425,427.30
f16c0c17aa38ecff097f5fc50db7cd5e247c8737,440.10
21334edbe26d02d8c9a882c6079f3fcfd179eb66,444.96
9c46f13fc4b17bfa6c3cb58945568ae8d8b191af,643.67
66ff264012c6c047a3599c3b6771d504c6662207,442.00
a28fb8eae225ac16279a6086420f310145bf6100,436.88
71608a8424e1ad5d110a71d93313c370b2923411,438.53
912d3c14f98af2b3a77eeabf536617ebc9c6f665,439.14
b8d2e2108b16d5db3ce6f5744a49d4ebc4b7a46f,439.15
4a470a028e1f146c04695819c48b9ec8b7950f36,440.28
1bc34292ffd940a8936ed317a4bf617dfc66f0cb,449.82
5998a3eaaea26882550b657ff4d1f00e6b04fa1a,449.27
66ff264012c6c047a3599c3b6771d504c6662207,440.95
863bad7886c1bbf84391f5e9e330f20a4daf8894,439.02
508718bcf66279c837a3a8bc6fc48022670afd6c,446.09
9008cbf66ca4a89d02ba26630fb818524e790974,443.59
3fb9295d4ce19e1d9bc06dd354dcfba981827abf,448.76
508718bcf66279c837a3a8bc6fc48022670afd6c,443.57
c2ecaa18c25d92d260718217e5ba1f0496cb8eb2,436.96
e36279116113c62b60e6c95580abb327401d9e09,445.90
70b2cf9a73e38bd3831a8e196c84556275c3f588,443.67
a28fb8eae225ac16279a6086420f310145bf6100,441.34
db9efbd54c6ff876768eb874f7e9fe84a6632729,425.37
c2ecaa18c25d92d260718217e5ba1f0496cb8eb2,441.57
f9ffaf49226a04a15698050b3978d85585be0894,437.96
f45de034880877582fb6414c4d09f40c5999ac70,439.85
4ad65182dbdfec91d7795206bef4342673cb8f11,441.31
eeea5cbcf85aaf64b659fd8d4b71fe59059c4b46,425.90
dc0b7cb2754e714a4e65553b7ef3d186f52d1004,440.76
920ffd8ddd2645c560d905c2a53340cdafe4f96e,440.42
7fe868089855c33d6345e740bfdbe6f140794598,443.23
7fe868089855c33d6345e740bfdbe6f140794598,452.06
81d1fb98e61ff42c856504b1427a700cda7707f2,444.76
a7b577255442124a8af87a0eccdb053e17d8c211,428.40
c114eb0589d947dfe6f047c546380c3cfe413453,605.14
9008cbf66ca4a89d02ba26630fb818524e790974,439.35
ae80e51cf54971b6322b9b571734ffa5507c4947,436.17
fa8a8deb6e03ee00c10138f42b9b5cf83803e425,436.81
cc494e90ae10aff90f1e7ad4da5dd092e23d53f6,445.73
70b2cf9a73e38bd3831a8e196c84556275c3f588,445.84
3d6f1e47ccf93d01364ed5f7603fa66d43eae0e2,441.92
411c01ff53f56f0b84bee210ad75c8c2114efa55,438.71
21334edbe26d02d8c9a882c6079f3fcfd179eb66,439.24
21334edbe26d02d8c9a882c6079f3fcfd179eb66,443.32
481542f5c74c013b06f6b80e8e9bb30ddad382dd,428.54
291ba4d3c087aa96d935021ec9403de53d3e4166,439.66
dc0b7cb2754e714a4e65553b7ef3d186f52d1004,445.67
b8d2e2108b16d5db3ce6f5744a49d4ebc4b7a46f,437.77
1bc34292ffd940a8936ed317a4bf617dfc66f0cb,438.82
c2ecaa18c25d92d260718217e5ba1f0496cb8eb2,444.53
d0418222830f42f4f0c770e406f71454ea50e56d,439.91
16ca9214be8e4a6eb8b37dcfaaf21a79595d95f3,442.71
b800dd756bf956aa210165073824bfcf159780fd,442.43
d0a7e3a00350ea9bdca6a1f005ccc75e5b2d19d4,446.73
785d41a37f6c311084ebf2d23e83f4ceb4bb94ed,596.35
ad03c445e1384a2b7168c6889461f973b008317b,442.74
694efa8bac3d66717efe7e202e47347355e07c0b,429.02
39915966a8b7329cdae21623f239e652fb6af763,427.67
3fb895c9a9185c04eb263ef77038cd7ec8b5dfa7,450.77
ae80e51cf54971b6322b9b571734ffa5507c4947,441.29
ab4890183496beea6d4908c4adb672e15c1136a5,445.04
8749726a79c22451b1f01b14fb2137f734e926b4,441.31
4a470a028e1f146c04695819c48b9ec8b7950f36,454.05
e36279116113c62b60e6c95580abb327401d9e09,440.96
1ea48c83ae09d9428ac47382decff0bd2d4f4bde,443.56
29c9d48278aafb4a4390e3ee923cd68e6086a17f,426.73
f16c0c17aa38ecff097f5fc50db7cd5e247c8737,441.94
ae80e51cf54971b6322b9b571734ffa5507c4947,450.68
b800dd756bf956aa210165073824bfcf159780fd,443.00
08e2a7fc2f487328f1b514e07cc9f4c9ff3d3814,438.30
a28fb8eae225ac16279a6086420f310145bf6100,435.72
66ff264012c6c047a3599c3b6771d504c6662207,442.63
a7b577255442124a8af87a0eccdb053e17d8c211,427.51
8749726a79c22451b1f01b14fb2137f734e926b4,440.85
3fb895c9a9185c04eb263ef77038cd7ec8b5dfa7,436.63
863bad7886c1bbf84391f5e9e330f20a4daf8894,440.73
411c01ff53f56f0b84bee210ad75c8c2114efa55,438.62
9ff954f3876690504457be9c5f6067593df6ce19,441.17
29c9d48278aafb4a4390e3ee923cd68e6086a17f,428.44
a14fb16d6430d8de4bf31c898d119ab713840c2d,429.29
f317c04acf821d61601f5d986252db40505153bc,425.61
7b9f17760049161b775fd23b15653961620e259d,440.34
7d1723336c20ee0c31d0b4ed11a252c9e29abe97,432.74
cc494e90ae10aff90f1e7ad4da5dd092e23d53f6,444.20
a6d9d213ae51fdf9ce8d9d4f9b2a124ba3886354,429.08
f36b950de16f6db134bd98969cd8fbe578d37480,438.38
9ae3df9993f3f5991d0e6fd96c649d93d547d475,431.17
c8807e900cb66f83a5d1f28d02e55528ff6d67ba,425.80
c8807e900cb66f83a5d1f28d02e55528ff6d67ba,432.23
6dbe51b3f6d4db7a17fd103a5d2f138e5edafe19,432.53
9ff954f3876690504457be9c5f6067593df6ce19,448.15
76de9d87000f375749f355a7d7d6af9fe37c3558,434.80
93ff111c590ea57b311705360111a3e54329a026,440.49
cbc1cf3469f842ff44155b4ebf3fbd15ec95fd31,441.65
a14fb16d6430d8de4bf31c898d119ab713840c2d,427.19
b8d2e2108b16d5db3ce6f5744a49d4ebc4b7a46f,442.03
1bc34292ffd940a8936ed317a4bf617dfc66f0cb,437.88
43a39b308abfbe39ea06729277d0630786b9956d,440.95
a6d9d213ae51fdf9ce8d9d4f9b2a124ba3886354,433.09
f16c0c17aa38ecff097f5fc50db7cd5e247c8737,458.00
ad03c445e1384a2b7168c6889461f973b008317b,442.74
cbc1cf3469f842ff44155b4ebf3fbd15ec95fd31,454.24
277949e7115059f6f0071e1b3418b6f6cbf48e48,426.26
f9ffaf49226a04a15698050b3978d85585be0894,440.85
35ba2dd27d69d1d09fed6f7a3c690f2bd121cb0f,443.51
49eb02fe329f0bf1bbc847f613c8aa147e6c5330,437.62
51cb86699beae26b74c594e2daaa098116f9f572,435.26
c98349a7fb5598f0cbac88130520171bd6f253c1,442.04
39915966a8b7329cdae21623f239e652fb6af763,423.17
49eb02fe329f0bf1bbc847f613c8aa147e6c5330,448.94
863bad7886c1bbf84391f5e9e330f20a4daf8894,442.49
e36279116113c62b60e6c95580abb327401d9e09,442.48
51cb86699beae26b74c594e2daaa098116f9f572,445.91
ae80e51cf54971b6322b9b571734ffa5507c4947,439.33
128b3f8212e357468cb608546a52da3826903fad,450.39
f16c0c17aa38ecff097f5fc50db7cd5e247c8737,438.17
9008cbf66ca4a89d02ba26630fb818524e790974,444.51
481542f5c74c013b06f6b80e8e9bb30ddad382dd,427.38
7d1723336c20ee0c31d0b4ed11a252c9e29abe97,428.71
93ff111c590ea57b311705360111a3e54329a026,448.11
f9ffaf49226a04a15698050b3978d85585be0894,437.77
70b2cf9a73e38bd3831a8e196c84556275c3f588,440.18
e42cce476c0749899dcf7d50ba36aa1dbdaf7fbf,427.80
29c9d48278aafb4a4390e3ee923cd68e6086a17f,429.05
7eefa1b51eb9fdc36b0762c0bbc417aff4b19a39,426.20
9c46f13fc4b17bfa6c3cb58945568ae8d8b191af,656.83
6dbe51b3f6d4db7a17fd103a5d2f138e5edafe19,427.55
f36b950de16f6db134bd98969cd8fbe578d37480,436.86
b8d2e2108b16d5db3ce6f5744a49d4ebc4b7a46f,452.67
f9d8a9c8a47be87c6d4f949dc24c6520e84590d0,429.33
d0418222830f42f4f0c770e406f71454ea50e56d,442.65
3fb895c9a9185c04eb263ef77038cd7ec8b5dfa7,438.93
c114eb0589d947dfe6f047c546380c3cfe413453,573.66
cc494e90ae10aff90f1e7ad4da5dd092e23d53f6,439.71
3fb895c9a9185c04eb263ef77038cd7ec8b5dfa7,433.06
b320c9c28c7223beedabb355d7837596cf0a1ba8,426.26
08e2a7fc2f487328f1b514e07cc9f4c9ff3d3814,447.28
f11c3b4f92660b44dae8f6541c9b6908e6196b3a,441.37
481542f5c74c013b06f6b80e8e9bb30ddad382dd,426.68
411c01ff53f56f0b84bee210ad75c8c2114efa55,445.17
db9efbd54c6ff876768eb874f7e9fe84a6632729,429.73
b8d2e2108b16d5db3ce6f5744a49d4ebc4b7a46f,448.11
863bad7886c1bbf84391f5e9e330f20a4daf8894,442.32
9ae3df9993f3f5991d0e6fd96c649d93d547d475,427.95
64ec9cfb151f26e85c0c206ce6aba063695e47cd,429.36
c114eb0589d947dfe6f047c546380c3cfe413453,593.43
2509766946d20c1339c56d5aa0970c522efd2417,447.51
c8807e900cb66f83a5d1f28d02e55528ff6d67ba,426.06
9c46f13fc4b17bfa6c3cb58945568ae8d8b191af,594.99
d0a7e3a00350ea9bdca6a1f005ccc75e5b2d19d4,443.38
863bad7886c1bbf84391f5e9e330f20a4daf8894,441.46
93ff111c590ea57b311705360111a3e54329a026,443.86
70b2cf9a73e38bd3831a8e196c84556275c3f588,442.88
694efa8bac3d66717efe7e202e47347355e07c0b,426.65
cc494e90ae10aff90f1e7ad4da5dd092e23d53f6,444.63
d0a7e3a00350ea9bdca6a1f005ccc75e5b2d19d4,440.79
9fcda18b6824b0c46986bff8f1c9ecc3bf5872f4,435.53
8749726a79c22451b1f01b14fb2137f734e926b4,444.40
4a470a028e1f146c04695819c48b9ec8b7950f36,437.64
3fb9295d4ce19e1d9bc06dd354dcfba981827abf,459.21
ab4890183496beea6d4908c4adb672e15c1136a5,445.76
6d9081bba66809602428ea0b0f7ea78229b3087a,429.29
b320c9c28c7223beedabb355d7837596cf0a1ba8,439.57
e9909538549c96800dad1e94284b99575d1be628,439.99
277949e7115059f6f0071e1b3418b6f6cbf48e48,425.70
2509766946d20c1339c56d5aa0970c522efd2417,441.72
b320c9c28c7223beedabb355d7837596cf0a1ba8,426.90
6d9081bba66809602428ea0b0f7ea78229b3087a,422.97
76de9d87000f375749f355a7d7d6af9fe37c3558,440.18
a14fb16d6430d8de4bf31c898d119ab713840c2d,432.35
dbbe693c9fbeef94d663c963b57ea379c75806a1,446.62
912d3c14f98af2b3a77eeabf536617ebc9c6f665,435.00
3fb895c9a9185c04eb263ef77038cd7ec8b5dfa7,453.68
3d6f1e47ccf93d01364ed5f7603fa66d43eae0e2,442.56
3d6f1e47ccf93d01364ed5f7603fa66d43eae0e2,443.07
f45de034880877582fb6414c4d09f40c5999ac70,445.98
508718bcf66279c837a3a8bc6fc48022670afd6c,442.35
863bad7886c1bbf84391f5e9e330f20a4daf8894,444.79
0d8ec3812c8a3617e3f4fb2c6325059ee695f1a7,440.75
c8807e900cb66f83a5d1f28d02e55528ff6d67ba,426.23
785d41a37f6c311084ebf2d23e83f4ceb4bb94ed,626.07
49eb02fe329f0bf1bbc847f613c8aa147e6c5330,437.95
9ae3df9993f3f5991d0e6fd96c649d93d547d475,427.80
785d41a37f6c311084ebf2d23e83f4ceb4bb94ed,570.06
785d41a37f6c311084ebf2d23e83f4ceb4bb94ed,583.65
81d1fb98e61ff42c856504b1427a700cda7707f2,440.48
508718bcf66279c837a3a8bc6fc48022670afd6c,437.41
9c46f13fc4b17bfa6c3cb58945568ae8d8b191af,575.22
7d1723336c20ee0c31d0b4ed11a252c9e29abe97,439.29
16ca9214be8e4a6eb8b37dcfaaf21a79595d95f3,440.41
e36279116113c62b60e6c95580abb327401d9e09,441.19
785d41a37f6c311084ebf2d23e83f4ceb4bb94ed,606.42
9008cbf66ca4a89d02ba26630fb818524e790974,444.07
411c01ff53f56f0b84bee210ad75c8c2114efa55,440.60
2509766946d20c1339c56d5aa0970c522efd2417,441.70
694efa8bac3d66717efe7e202e47347355e07c0b,429.78
481542f5c74c013b06f6b80e8e9bb30ddad382dd,430.41
277949e7115059f6f0071e1b3418b6f6cbf48e48,433.51
71608a8424e1ad5d110a71d93313c370b2923411,436.39
d0418222830f42f4f0c770e406f71454ea50e56d,443.56
f45de034880877582fb6414c4d09f40c5999ac70,444.83
e9909538549c96800dad1e94284b99575d1be628,442.02
694efa8bac3d66717efe7e202e47347355e07c0b,426.34
c2ecaa18c25d92d260718217e5ba1f0496cb8eb2,446.00
b8d2e2108b16d5db3ce6f5744a49d4ebc4b7a46f,455.95
c98349a7fb5598f0cbac88130520171bd6f253c1,445.26
7d1723336c20ee0c31d0b4ed11a252c9e29abe97,427.39
f317c04acf821d61601f5d986252db40505153bc,425.43
cbc1cf3469f842ff44155b4ebf3fbd15ec95fd31,445.20
291ba4d3c087aa96d935021ec9403de53d3e4166,444.04
f31916f55db7d57b67b71c469105978692b88cf5,441.84
eeea5cbcf85aaf64b659fd8d4b71fe59059c4b46,424.14
8749726a79c22451b1f01b14fb2137f734e926b4,437.03
920ffd8ddd2645c560d905c2a53340cdafe4f96e,440.23
7fe868089855c33d6345e740bfdbe6f140794598,438.02
277949e7115059f6f0071e1b3418b6f6cbf48e48,426.46
71608a8424e1ad5d110a71d93313c370b2923411,436.37
08e2a7fc2f487328f1b514e07cc9f4c9ff3d3814,441.75
ad03c445e1384a2b7168c6889461f973b008317b,441.18
35ba2dd27d69d1d09fed6f7a3c690f2bd121cb0f,439.59
ae80e51cf54971b6322b9b571734ffa5507c4947,444.91
dbbe693c9fbeef94d663c963b57ea379c75806a1,446.22
ae7308a2832897f351712e44f656a3e71fac7efc,442.42
128b3f8212e357468cb608546a52da3826903fad,438.75
6dbe51b3f6d4db7a17fd103a5d2f138e5edafe19,424.40
5998a3eaaea26882550b657ff4d1f00e6b04fa1a,442.58
12a4abda3aeb213ed05e0aa500e2e6b70dbb9cca,439.34
291ba4d3c087aa96d935021ec9403de53d3e4166,441.06
c98349a7fb5598f0cbac88130520171bd6f253c1,437.08
e42cce476c0749899dcf7d50ba36aa1dbdaf7fbf,428.69
7fe868089855c33d6345e740bfdbe6f140794598,444.97
0d8ec3812c8a3617e3f4fb2c6325059ee695f1a7,436.37
7b9f17760049161b775fd23b15653961620e259d,440.40
93ff111c590ea57b311705360111a3e54329a026,443.72
694efa8bac3d66717efe7e202e47347355e07c0b,424.51
6d9081bba66809602428ea0b0f7ea78229b3087a,431.29
f317c04acf821d61601f5d986252db40505153bc,427.22
508718bcf66279c837a3a8bc6fc48022670afd6c,443.08
f9d8a9c8a47be87c6d4f949dc24c6520e84590d0,429.57
29c9d48278aafb4a4390e3ee923cd68e6086a17f,434.20
a28fb8eae225ac16279a6086420f310145bf6100,439.21
fa8a8deb6e03ee00c10138f42b9b5cf83803e425,428.22
81d1fb98e61ff42c856504b1427a700cda7707f2,440.13
f9d8a9c8a47be87c6d4f949dc24c6520e84590d0,430.21
81d1fb98e61ff42c856504b1427a700cda7707f2,445.20
f31916f55db7d57b67b71c469105978692b88cf5,443.04
3fb9295d4ce19e1d9bc06dd354dcfba981827abf,440.02
1ea48c83ae09d9428ac47382decff0bd2d4f4bde,438.25
a28fb8eae225ac16279a6086420f310145bf6100,437.94
db9efbd54c6ff876768eb874f7e9fe84a6632729,424.86
c98349a7fb5598f0cbac88130520171bd6f253c1,438.12
81d1fb98e61ff42c856504b1427a700cda7707f2,443.62
8749726a79c22451b1f01b14fb2137f734e926b4,437.09
c2ecaa18c25d92d260718217e5ba1f0496cb8eb2,443.03
b8d2e2108b16d5db3ce6f5744a49d4ebc4b7a46f,437.27
128b3f8212e357468cb608546a52da3826903fad,439.82
f45de034880877582fb6414c4d09f40c5999ac70,444.17
912d3c14f98af2b3a77eeabf536617ebc9c6f665,442.23
8749726a79c22451b1f01b14fb2137f734e926b4,441.42
9008cbf66ca4a89d02ba26630fb818524e790974,441.50
81d1fb98e61ff42c856504b1427a700cda7707f2,443.52
437d8eca9f51dd0ed7af5b828412ee96ac192f17,436.96
8749726a79c22451b1f01b14fb2137f734e926b4,434.08
35ba2dd27d69d1d09fed6f7a3c690f2bd121cb0f,444.03
c8807e900cb66f83a5d1f28d02e55528ff6d67ba,431.12
785d41a37f6c311084ebf2d23e83f4ceb4bb94ed,610.47
4a470a028e1f146c04695819c48b9ec8b7950f36,442.20
437d8eca9f51dd0ed7af5b828412ee96ac192f17,440.16
43a39b308abfbe39ea06729277d0630786b9956d,441.65
71608a8424e1ad5d110a71d93313c370b2923411,436.58
f36b950de16f6db134bd98969cd8fbe578d37480,440.39
eeea5cbcf85aaf64b659fd8d4b71fe59059c4b46,431.16
277949e7115059f6f0071e1b3418b6f6cbf48e48,425.87
29c9d48278aafb4a4390e3ee923cd68e6086a17f,427.89
d0a7e3a00350ea9bdca6a1f005ccc75e5b2d19d4,440.98
f36b950de16f6db134bd98969cd8fbe578d37480,445.13
cbc1cf3469f842ff44155b4ebf3fbd15ec95fd31,444.64
cc494e90ae10aff90f1e7ad4da5dd092e23d53f6,444.01
64ec9cfb151f26e85c0c206ce6aba063695e47cd,425.78
c114eb0589d947dfe6f047c546380c3cfe413453,601.97
694efa8bac3d66717efe7e202e47347355e07c0b,427.16
d0418222830f42f4f0c770e406f71454ea50e56d,442.95
70b2cf9a73e38bd3831a8e196c84556275c3f588,438.71
6dbe51b3f6d4db7a17fd103a5d2f138e5edafe19,436.53
3fb895c9a9185c04eb263ef77038cd7ec8b5dfa7,444.10
863bad7886c1bbf84391f5e9e330f20a4daf8894,440.45
9ff954f3876690504457be9c5f6067593df6ce19,440.54
d0a7e3a00350ea9bdca6a1f005ccc75e5b2d19d4,440.88
ae7308a2832897f351712e44f656a3e71fac7efc,439.88
9ff954f3876690504457be9c5f6067593df6ce19,438.51
29c9d48278aafb4a4390e3ee923cd68e6086a17f,429.57
7fe868089855c33d6345e740bfdbe6f140794598,438.13
9c46f13fc4b17bfa6c3cb58945568ae8d8b191af,600.16
277949e7115059f6f0071e1b3418b6f6cbf48e48,427.63
6d9081bba66809602428ea0b0f7ea78229b3087a,426.73
3fb9295d4ce19e1d9bc06dd354dcfba981827abf,449.39
66ff264012c6c047a3599c3b6771d504c6662207,441.12
9ae3df9993f3f5991d0e6fd96c649d93d547d475,422.48
2509766946d20c1339c56d5aa0970c522efd2417,446.02
35ba2dd27d69d1d09fed6f7a3c690f2bd121cb0f,437.74
cc494e90ae10aff90f1e7ad4da5dd092e23d53f6,443.62
e9909538549c96800dad1e94284b99575d1be628,440.36
1ea48c83ae09d9428ac47382decff0bd2d4f4bde,442.70
6d9081bba66809602428ea0b0f7ea78229b3087a,429.20
b320c9c28c7223beedabb355d7837596cf0a1ba8,426.61
a28fb8eae225ac16279a6086420f310145bf6100,441.30
a7b577255442124a8af87a0eccdb053e17d8c211,427.95
f9d8a9c8a47be87c6d4f949dc24c6520e84590d0,428.10
70b2cf9a73e38bd3831a8e196c84556275c3f588,441.88
9ae3df9993f3f5991d0e6fd96c649d93d547d475,427.39
e9909538549c96800dad1e94284b99575d1be628,455.07
f317c04acf821d61601f5d986252db40505153bc,427.33
694efa8bac3d66717efe7e202e47347355e07c0b,431.49
35ba2dd27d69d1d09fed6f7a3c690f2bd121cb0f,437.92
3fb895c9a9185c04eb263ef77038cd7ec8b5dfa7,440.97
277949e7115059f6f0071e1b3418b6f6cbf48e48,430.18
0d8ec3812c8a3617e3f4fb2c6325059ee695f1a7,446.20
9ae3df9993f3f5991d0e6fd96c649d93d547d475,428.57
d0a7e3a00350ea9bdca6a1f005ccc75e5b2d19d4,439.40
a28fb8eae225ac16279a6086420f310145bf6100,442.80
f16c0c17aa38ecff097f5fc50db7cd5e247c8737,449.18
411c01ff53f56f0b84bee210ad75c8c2114efa55,439.17
93ff111c590ea57b311705360111a3e54329a026,437.57
dbbe693c9fbeef94d663c963b57ea379c75806a1,441.73
eeea5cbcf85aaf64b659fd8d4b71fe59059c4b46,427.11
c2ecaa18c25d92d260718217e5ba1f0496cb8eb2,448.91
c98349a7fb5598f0cbac88130520171bd6f253c1,441.93
ae7308a2832897f351712e44f656a3e71fac7efc,444.86
49eb02fe329f0bf1bbc847f613c8aa147e6c5330,436.61
912d3c14f98af2b3a77eeabf536617ebc9c6f665,440.83
9ae3df9993f3f5991d0e6fd96c649d93d547d475,430.63
e36279116113c62b60e6c95580abb327401d9e09,446.30
b8d2e2108b16d5db3ce6f5744a49d4ebc4b7a46f,449.97
9fcda18b6824b0c46986bff8f1c9ecc3bf5872f4,430.35
7d1723336c20ee0c31d0b4ed11a252c9e29abe97,428.28
e42cce476c0749899dcf7d50ba36aa1dbdaf7fbf,431.89
1ea48c83ae09d9428ac47382decff0bd2d4f4bde,443.54
43a39b308abfbe39ea06729277d0630786b9956d,441.24
a7b577255442124a8af87a0eccdb053e17d8c211,429.83
fa8a8deb6e03ee00c10138f42b9b5cf83803e425,437.89
c8807e900cb66f83a5d1f28d02e55528ff6d67ba,431.60
51cb86699beae26b74c594e2daaa098116f9f572,439.10
481542f5c74c013b06f6b80e8e9bb30ddad382dd,427.85
277949e7115059f6f0071e1b3418b6f6cbf48e48,428.91
9c46f13fc4b17bfa6c3cb58945568ae8d8b191af,633.34
12a4abda3aeb213ed05e0aa500e2e6b70dbb9cca,438.93
9c46f13fc4b17bfa6c3cb58945568ae8d8b191af,574.83
7b9f17760049161b775fd23b15653961620e259d,439.12
277949e7115059f6f0071e1b3418b6f6cbf48e48,423.58
c114eb0589d947dfe6f047c546380c3cfe413453,616.60
cbc1cf3469f842ff44155b4ebf3fbd15ec95fd31,440.23
16ca9214be8e4a6eb8b37dcfaaf21a79595d95f3,443.66
35ba2dd27d69d1d09fed6f7a3c690f2bd121cb0f,435.59
3fb895c9a9185c04eb263ef77038cd7ec8b5dfa7,438.57
08e2a7fc2f487328f1b514e07cc9f4c9ff3d3814,438.50
12a4abda3aeb213ed05e0aa500e2e6b70dbb9cca,451.36
7d1723336c20ee0c31d0b4ed11a252c9e29abe97,440.30
db9efbd54c6ff876768eb874f7e9fe84a6632729,429.77
93ff111c590ea57b311705360111a3e54329a026,440.46
912d3c14f98af2b3a77eeabf536617ebc9c6f665,447.82
1bc34292ffd940a8936ed317a4bf617dfc66f0cb,439.03
d0a7e3a00350ea9bdca6a1f005ccc75e5b2d19d4,442.54
39915966a8b7329cdae21623f239e652fb6af763,433.88
f9d8a9c8a47be87c6d4f949dc24c6520e84590d0,435.55
128b3f8212e357468cb608546a52da3826903fad,442.34
e36279116113c62b60e6c95580abb327401d9e09,437.11
f9ffaf49226a04a15698050b3978d85585be0894,443.74
71608a8424e1ad5d110a71d93313c370b2923411,437.50
b8d2e2108b16d5db3ce6f5744a49d4ebc4b7a46f,443.35
694efa8bac3d66717efe7e202e47347355e07c0b,431.71
f11c3b4f92660b44dae8f6541c9b6908e6196b3a,438.66
cc494e90ae10aff90f1e7ad4da5dd092e23d53f6,439.63
43a39b308abfbe39ea06729277d0630786b9956d,446.75
2509766946d20c1339c56d5aa0970c522efd2417,443.34
e42cce476c0749899dcf7d50ba36aa1dbdaf7fbf,426.41
93ff111c590ea57b311705360111a3e54329a026,449.43
a6d9d213ae51fdf9ce8d9d4f9b2a124ba3886354,427.74
f45de034880877582fb6414c4d09f40c5999ac70,456.51
912d3c14f98af2b3a77eeabf536617ebc9c6f665,444.09
9008cbf66ca4a89d02ba26630fb818524e790974,442.68
16ca9214be8e4a6eb8b37dcfaaf21a79595d95f3,443.98
c114eb0589d947dfe6f047c546380c3cfe413453,653.57
4a470a028e1f146c04695819c48b9ec8b7950f36,440.89
93ff111c590ea57b311705360111a3e54329a026,443.89
b320c9c28c7223beedabb355d7837596cf0a1ba8,425.48
ad03c445e1384a2b7168c6889461f973b008317b,456.13
d0a7e3a00350ea9bdca6a1f005ccc75e5b2d19d4,439.55
6d9081bba66809602428ea0b0f7ea78229b3087a,427.09
1bc34292ffd940a8936ed317a4bf617dfc66f0cb,438.08
7eefa1b51eb9fdc36b0762c0bbc417aff4b19a39,434.77
a6d9d213ae51fdf9ce8d9d4f9b2a124ba3886354,430.51
9ae3df9993f3f5991d0e6fd96c649d93d547d475,436.97
411c01ff53f56f0b84bee210ad75c8c2114efa55,435.39
9ff954f3876690504457be9c5f6067593df6ce19,446.22
c98349a7fb5598f0cbac88130520171bd6f253c1,439.99
4ad65182dbdfec91d7795206bef4342673cb8f11,448.72
ad03c445e1384a2b7168c6889461f973b008317b,443.69
0d8ec3812c8a3617e3f4fb2c6325059ee695f1a7,442.60
66ff264012c6c047a3599c3b6771d504c6662207,450.94
e36279116113c62b60e6c95580abb327401d9e09,450.25
3fb9295d4ce19e1d9bc06dd354dcfba981827abf,441.93
49eb02fe329f0bf1bbc847f613c8aa147e6c5330,458.46
5998a3eaaea26882550b657ff4d1f00e6b04fa1a,443.30
cc494e90ae10aff90f1e7ad4da5dd092e23d53f6,440.81
0d8ec3812c8a3617e3f4fb2c6325059ee695f1a7,442.26
a6d9d213ae51fdf9ce8d9d4f9b2a124ba3886354,438.61
39915966a8b7329cdae21623f239e652fb6af763,424.60
9fcda18b6824b0c46986bff8f1c9ecc3bf5872f4,430.68
76de9d87000f375749f355a7d7d6af9fe37c3558,445.84
3d6f1e47ccf93d01364ed5f7603fa66d43eae0e2,440.54
9ff954f3876690504457be9c5f6067593df6ce19,441.12
c2ecaa18c25d92d260718217e5ba1f0496cb8eb2,442.71
db9efbd54c6ff876768eb874f7e9fe84a6632729,432.83
4ad65182dbdfec91d7795206bef4342673cb8f11,444.40
81d1fb98e61ff42c856504b1427a700cda7707f2,436.68
fa8a8deb6e03ee00c10138f42b9b5cf83803e425,429.62
f11c3b4f92660b44dae8f6541c9b6908e6196b3a,439.24
e36279116113c62b60e6c95580abb327401d9e09,449.93
411c01ff53f56f0b84bee210ad75c8c2114efa55,438.22
fa8a8deb6e03ee00c10138f42b9b5cf83803e425,426.19
f9ffaf49226a04a15698050b3978d85585be0894,441.11
93ff111c590ea57b311705360111a3e54329a026,438.51
29c9d48278aafb4a4390e3ee923cd68e6086a17f,435.13
49eb02fe329f0bf1bbc847f613c8aa147e6c5330,439.16
a28fb8eae225ac16279a6086420f310145bf6100,448.73
29c9d48278aafb4a4390e3ee923cd68e6086a17f,425.17
d0a7e3a00350ea9bdca6a1f005ccc75e5b2d19d4,456.25
9c46f13fc4b17bfa6c3cb58945568ae8d8b191af,605.36
1ea48c83ae09d9428ac47382decff0bd2d4f4bde,446.40
277949e7115059f6f0071e1b3418b6f6cbf48e48,431.12
64ec9cfb151f26e85c0c206ce6aba063695e47cd,437.05
fa8a8deb6e03ee00c10138f42b9b5cf83803e425,426.09
c98349a7fb5598f0cbac88130520171bd6f253c1,445.03
291ba4d3c087aa96d935021ec9403de53d3e4166,447.12
a6d9d213ae51fdf9ce8d9d4f9b2a124ba3886354,426.05
c114eb0589d947dfe6f047c546380c3cfe413453,620.20
f16c0c17aa38ecff097f5fc50db7cd5e247c8737,435.47
9ae3df9993f3f5991d0e6fd96c649d93d547d475,427.59
64ec9cfb151f26e85c0c206ce6aba063695e47cd,425.47
f16c0c17aa38ecff097f5fc50db7cd5e247c8737,448.70
7b9f17760049161b775fd23b15653961620e259d,440.95
f31916f55db7d57b67b71c469105978692b88cf5,441.83
6d9081bba66809602428ea0b0f7ea78229b3087a,436.71
71608a8424e1ad5d110a71d93313c370b2923411,441.77
277949e7115059f6f0071e1b3418b6f6cbf48e48,427.95
ae7308a2832897f351712e44f656a3e71fac7efc,439.12
c114eb0589d947dfe6f047c546380c3cfe413453,613.73
8749726a79c22451b1f01b14fb2137f734e926b4,447.76
f9ffaf49226a04a15698050b3978d85585be0894,440.96
f36b950de16f6db134bd98969cd8fbe578d37480,440.92
7b9f17760049161b775fd23b15653961620e259d,442.79
39915966a8b7329cdae21623f239e652fb6af763,425.24
9008cbf66ca4a89d02ba26630fb818524e790974,439.05
277949e7115059f6f0071e1b3418b6f6cbf48e48,426.61
481542f5c74c013b06f6b80e8e9bb30ddad382dd,428.48
863bad7886c1bbf84391f5e9e330f20a4daf8894,443.38
b320c9c28c7223beedabb355d7837596cf0a1ba8,423.58
1ea48c83ae09d9428ac47382decff0bd2d4f4bde,439.46
7b9f17760049161b775fd23b15653961620e259d,445.74
f11c3b4f92660b44dae8f6541c9b6908e6196b3a,447.03
694efa8bac3d66717efe7e202e47347355e07c0b,426.03
a28fb8eae225ac16279a6086420f310145bf6100,438.26
8749726a79c22451b1f01b14fb2137f734e926b4,436.63
9c46f13fc4b17bfa6c3cb58945568ae8d8b191af,607.17
08e2a7fc2f487328f1b514e07cc9f4c9ff3d3814,446.95
a14fb16d6430d8de4bf31c898d119ab713840c2d,438.66
76de9d87000f375749f355a7d7d6af9fe37c3558,437.99
0d8ec3812c8a3617e3f4fb2c6325059ee695f1a7,448.38
ab4890183496beea6d4908c4adb672e15c1136a5,435.48
437d8eca9f51dd0ed7af5b828412ee96ac192f17,438.96
f36b950de16f6db134bd98969cd8fbe578d37480,441.61
9ae3df9993f3f5991d0e6fd96c649d93d547d475,433.91
93ff111c590ea57b311705360111a3e54329a026,441.71
ab4890183496beea6d4908c4adb672e15c1136a5,443.75
437d8eca9f51dd0ed7af5b828412ee96ac192f17,445.49
f11c3b4f92660b44dae8f6541c9b6908e6196b3a,437.70
508718bcf66279c837a3a8bc6fc48022670afd6c,442.83
70b2cf9a73e38bd3831a8e196c84556275c3f588,444.94
3fb9295d4ce19e1d9bc06dd354dcfba981827abf,441.34
16ca9214be8e4a6eb8b37dcfaaf21a79595d95f3,438.42
a14fb16d6430d8de4bf31c898d119ab713840c2d,434.80
f16c0c17aa38ecff097f5fc50db7cd5e247c8737,446.65
b800dd756bf956aa210165073824bfcf159780fd,445.75
785d41a37f6c311084ebf2d23e83f4ceb4bb94ed,600.48
128b3f8212e357468cb608546a52da3826903fad,441.66
39915966a8b7329cdae21623f239e652fb6af763,432.11
2509766946d20c1339c56d5aa0970c522efd2417,441.25
277949e7115059f6f0071e1b3418b6f6cbf48e48,425.08
1bc34292ffd940a8936ed317a4bf617dfc66f0cb,434.15
3fb9295d4ce19e1d9bc06dd354dcfba981827abf,442.20
71608a8424e1ad5d110a71d93313c370b2923411,438.60
f9ffaf49226a04a15698050b3978d85585be0894,441.60
cbc1cf3469f842ff44155b4ebf3fbd15ec95fd31,443.94
291ba4d3c087aa96d935021ec9403de53d3e4166,441.56
128b3f8212e357468cb608546a52da3826903fad,442.31
a28fb8eae225ac16279a6086420f310145bf6100,443.62
7fe868089855c33d6345e740bfdbe6f140794598,440.88
920ffd8ddd2645c560d905c2a53340cdafe4f96e,441.51
8749726a79c22451b1f01b14fb2137f734e926b4,442.88
7d1723336c20ee0c31d0b4ed11a252c9e29abe97,421.83
f9ffaf49226a04a15698050b3978d85585be0894,450.25
e9909538549c96800dad1e94284b99575d1be628,439.71
7b9f17760049161b775fd23b15653961620e259d,449.40
f9d8a9c8a47be87c6d4f949dc24c6520e84590d0,429.37
0d8ec3812c8a3617e3f4fb2c6325059ee695f1a7,438.53
920ffd8ddd2645c560d905c2a53340cdafe4f96e,445.26
4ad65182dbdfec91d7795206bef4342673cb8f11,440.12
291ba4d3c087aa96d935021ec9403de53d3e4166,448.01
508718bcf66279c837a3a8bc6fc48022670afd6c,441.08
66ff264012c6c047a3599c3b6771d504c6662207,440.15
694efa8bac3d66717efe7e202e47347355e07c0b,427.55
cbc1cf3469f842ff44155b4ebf3fbd15ec95fd31,438.98
35ba2dd27d69d1d09fed6f7a3c690f2bd121cb0f,436.34
3d6f1e47ccf93d01364ed5f7603fa66d43eae0e2,453.02
ae80e51cf54971b6322b9b571734ffa5507c4947,444.33
5998a3eaaea26882550b657ff4d1f00e6b04fa1a,448.75
ad03c445e1384a2b7168c6889461f973b008317b,443.39
ae80e51cf54971b6322b9b571734ffa5507c4947,439.59
a7b577255442124a8af87a0eccdb053e17d8c211,446.49
291ba4d3c087aa96d935021ec9403de53d3e4166,435.40
c114eb0589d947dfe6f047c546380c3cfe413453,600.79
7d1723336c20ee0c31d0b4ed11a252c9e29abe97,436.48
fa8a8deb6e03ee00c10138f42b9b5cf83803e425,424.16
4ad65182dbdfec91d7795206bef4342673cb8f11,442.28
cc494e90ae10aff90f1e7ad4da5dd092e23d53f6,448.78
f317c04acf821d61601f5d986252db40505153bc,435.83
dbbe693c9fbeef94d663c963b57ea379c75806a1,441.09
cc494e90ae10aff90f1e7ad4da5dd092e23d53f6,439.05
f36b950de16f6db134bd98969cd8fbe578d37480,443.00
f9ffaf49226a04a15698050b3978d85585be0894,441.45
4a470a028e1f146c04695819c48b9ec8b7950f36,453.45
128b3f8212e357468cb608546a52da3826903fad,439.77
dbbe693c9fbeef94d663c963b57ea379c75806a1,454.22
51cb86699beae26b74c594e2daaa098116f9f572,436.64
785d41a37f6c311084ebf2d23e83f4ceb4bb94ed,597.06
d0a7e3a00350ea9bdca6a1f005ccc75e5b2d19d4,444.77
481542f5c74c013b06f6b80e8e9bb30ddad382dd,422.63
c2ecaa18c25d92d260718217e5ba1f0496cb8eb2,437.91
08e2a7fc2f487328f1b514e07cc9f4c9ff3d3814,436.21
6d9081bba66809602428ea0b0f7ea78229b3087a,426.94
cbc1cf3469f842ff44155b4ebf3fbd15ec95fd31,443.32
b320c9c28c7223beedabb355d7837596cf0a1ba8,431.76
dc0b7cb2754e714a4e65553b7ef3d186f52d1004,445.45
7fe868089855c33d6345e740bfdbe6f140794598,444.92
21334edbe26d02d8c9a882c6079f3fcfd179eb66,439.92
694efa8bac3d66717efe7e202e47347355e07c0b,428.78
35ba2dd27d69d1d09fed6f7a3c690f2bd121cb0f,437.65
29c9d48278aafb4a4390e3ee923cd68e6086a17f,423.23
70b2cf9a73e38bd3831a8e196c84556275c3f588,447.69
6dbe51b3f6d4db7a17fd103a5d2f138e5edafe19,427.25
ab4890183496beea6d4908c4adb672e15c1136a5,443.45
49eb02fe329f0bf1bbc847f613c8aa147e6c5330,443.43
ab4890183496beea6d4908c4adb672e15c1136a5,438.80
e36279116113c62b60e6c95580abb327401d9e09,438.57
1bc34292ffd940a8936ed317a4bf617dfc66f0cb,441.34
29c9d48278aafb4a4390e3ee923cd68e6086a17f,437.17
76de9d87000f375749f355a7d7d6af9fe37c3558,440.99
411c01ff53f56f0b84bee210ad75c8c2114efa55,439.30
1bc34292ffd940a8936ed317a4bf617dfc66f0cb,450.61
fa8a8deb6e03ee00c10138f42b9b5cf83803e425,435.84
411c01ff53f56f0b84bee210ad75c8c2114efa55,434.44
35ba2dd27d69d1d09fed6f7a3c690f2bd121cb0f,441.05
3d6f1e47ccf93d01364ed5f7603fa66d43eae0e2,439.46
d0418222830f42f4f0c770e406f71454ea50e56d,437.53
f16c0c17aa38ecff097f5fc50db7cd5e247c8737,440.14
7171cec2dfd3c8b58645b69970425864abf8ba1f,445.43
f31916f55db7d57b67b71c469105978692b88cf5,438.32
8749726a79c22451b1f01b14fb2137f734e926b4,437.50
b800dd756bf956aa210165073824bfcf159780fd,441.08
7fe868089855c33d6345e740bfdbe6f140794598,458.15
a14fb16d6430d8de4bf31c898d119ab713840c2d,429.47
7b9f17760049161b775fd23b15653961620e259d,452.14
920ffd8ddd2645c560d905c2a53340cdafe4f96e,439.91
ae7308a2832897f351712e44f656a3e71fac7efc,439.49
7d1723336c20ee0c31d0b4ed11a252c9e29abe97,431.18
508718bcf66279c837a3a8bc6fc48022670afd6c,452.53
b320c9c28c7223beedabb355d7837596cf0a1ba8,442.38
d0418222830f42f4f0c770e406f71454ea50e56d,437.68
08e2a7fc2f487328f1b514e07cc9f4c9ff3d3814,439.83
35ba2dd27d69d1d09fed6f7a3c690f2bd121cb0f,436.84
cc494e90ae10aff90f1e7ad4da5dd092e23d53f6,442.93
d0418222830f42f4f0c770e406f71454ea50e56d,439.33
a6d9d213ae51fdf9ce8d9d4f9b2a124ba3886354,427.67
7171cec2dfd3c8b58645b69970425864abf8ba1f,445.61
7b9f17760049161b775fd23b15653961620e259d,458.87
7eefa1b51eb9fdc36b0762c0bbc417aff4b19a39,432.15
912d3c14f98af2b3a77eeabf536617ebc9c6f665,440.51
51cb86699beae26b74c594e2daaa098116f9f572,441.14
7d1723336c20ee0c31d0b4ed11a252c9e29abe97,425.40
1ea48c83ae09d9428ac47382decff0bd2d4f4bde,442.55
81d1fb98e61ff42c856504b1427a700cda7707f2,439.62
9008cbf66ca4a89d02ba26630fb818524e790974,449.46
81d1fb98e61ff42c856504b1427a700cda7707f2,439.62
66ff264012c6c047a3599c3b6771d504c6662207,442.15
7eefa1b51eb9fdc36b0762c0bbc417aff4b19a39,432.45
8749726a79c22451b1f01b14fb2137f734e926b4,437.68
b320c9c28c7223beedabb355d7837596cf0a1ba8,427.31
e9909538549c96800dad1e94284b99575d1be628,446.33
12a4abda3aeb213ed05e0aa500e2e6b70dbb9cca,453.27
9008cbf66ca4a89d02ba26630fb818524e790974,440.80
f9d8a9c8a47be87c6d4f949dc24c6520e84590d0,431.83
9ff954f3876690504457be9c5f6067593df6ce19,439.27
508718bcf66279c837a3a8bc6fc48022670afd6c,441.30
b320c9c28c7223beedabb355d7837596cf0a1ba8,426.37
a14fb16d6430d8de4bf31c898d119ab713840c2d,422.77
437d8eca9f51dd0ed7af5b828412ee96ac192f17,437.73
694efa8bac3d66717efe7e202e47347355e07c0b,426.60
b800dd756bf956aa210165073824bfcf159780fd,453.12
694efa8bac3d66717efe7e202e47347355e07c0b,431.35
6d9081bba66809602428ea0b0f7ea78229b3087a,427.88
a14fb16d6430d8de4bf31c898d119ab713840c2d,439.38
ab4890183496beea6d4908c4adb672e15c1136a5,436.63
ae80e51cf54971b6322b9b571734ffa5507c4947,442.33
912d3c14f98af2b3a77eeabf536617ebc9c6f665,438.68
9008cbf66ca4a89d02ba26630fb818524e790974,442.05
e42cce476c0749899dcf7d50ba36aa1dbdaf7fbf,423.19
c2ecaa18c25d92d260718217e5ba1f0496cb8eb2,441.76
ae80e51cf54971b6322b9b571734ffa5507c4947,440.99
5998a3eaaea26882550b657ff4d1f00e6b04fa1a,442.31
3fb9295d4ce19e1d9bc06dd354dcfba981827abf,453.81
7eefa1b51eb9fdc36b0762c0bbc417aff4b19a39,428.42
f45de034880877582fb6414c4d09f40c5999ac70,441.92
b800dd756bf956aa210165073824bfcf159780fd,444.86
3fb895c9a9185c04eb263ef77038cd7ec8b5dfa7,440.00
db9efbd54c6ff876768eb874f7e9fe84a6632729,435.50
d0418222830f42f4f0c770e406f71454ea50e56d,443.21
93ff111c590ea57b311705360111a3e54329a026,442.70
1ea48c83ae09d9428ac47382decff0bd2d4f4bde,441.78
1bc34292ffd940a8936ed317a4bf617dfc66f0cb,439.16
51cb86699beae26b74c594e2daaa098116f9f572,437.30
fa8a8deb6e03ee00c10138f42b9b5cf83803e425,427.71
912d3c14f98af2b3a77eeabf536617ebc9c6f665,438.86
29c9d48278aafb4a4390e3ee923cd68e6086a17f,426.19
1bc34292ffd940a8936ed317a4bf617dfc66f0cb,438.96
920ffd8ddd2645c560d905c2a53340cdafe4f96e,440.26
a28fb8eae225ac16279a6086420f310145bf6100,436.32
51cb86699beae26b74c594e2daaa098116f9f572,434.04
8749726a79c22451b1f01b14fb2137f734e926b4,436.30
863bad7886c1bbf84391f5e9e330f20a4daf8894,447.46
1bc34292ffd940a8936ed317a4bf617dfc66f0cb,437.43
3d6f1e47ccf93d01364ed5f7603fa66d43eae0e2,440.55
db9efbd54c6ff876768eb874f7e9fe84a6632729,426.49
481542f5c74c013b06f6b80e8e9bb30ddad382dd,433.20
b320c9c28c7223beedabb355d7837596cf0a1ba8,431.79
16ca9214be8e4a6eb8b37dcfaaf21a79595d95f3,443.71
d0418222830f42f4f0c770e406f71454ea50e56d,437.36
c8807e900cb66f83a5d1f28d02e55528ff6d67ba,427.41
6dbe51b3f6d4db7a17fd103a5d2f138e5edafe19,429.50
16ca9214be8e4a6eb8b37dcfaaf21a79595d95f3,445.49
71608a8424e1ad5d110a71d93313c370b2923411,450.06
920ffd8ddd2645c560d905c2a53340cdafe4f96e,439.52
7eefa1b51eb9fdc36b0762c0bbc417aff4b19a39,427.90
b320c9c28c7223beedabb355d7837596cf0a1ba8,428.99
4ad65182dbdfec91d7795206bef4342673cb8f11,441.75
39915966a8b7329cdae21623f239e652fb6af763,428.19
51cb86699beae26b74c594e2daaa098116f9f572,434.04
920ffd8ddd2645c560d905c2a53340cdafe4f96e,445.98
29c9d48278aafb4a4390e3ee923cd68e6086a17f,432.12
cc494e90ae10aff90f1e7ad4da5dd092e23d53f6,446.19
7d1723336c20ee0c31d0b4ed11a252c9e29abe97,437.38
437d8eca9f51dd0ed7af5b828412ee96ac192f17,442.66
6dbe51b3f6d4db7a17fd103a5d2f138e5edafe19,426.57
08e2a7fc2f487328f1b514e07cc9f4c9ff3d3814,436.48
64ec9cfb151f26e85c0c206ce6aba063695e47cd,425.89
863bad7886c1bbf84391f5e9e330f20a4daf8894,446.92
f317c04acf821d61601f5d986252db40505153bc,423.48
2509766946d20c1339c56d5aa0970c522efd2417,443.32
ae7308a2832897f351712e44f656a3e71fac7efc,441.67
cc494e90ae10aff90f1e7ad4da5dd092e23d53f6,440.18
1bc34292ffd940a8936ed317a4bf617dfc66f0cb,438.31
3fb9295d4ce19e1d9bc06dd354dcfba981827abf,440.63
eeea5cbcf85aaf64b659fd8d4b71fe59059c4b46,427.05
6dbe51b3f6d4db7a17fd103a5d2f138e5edafe19,427.75
cc494e90ae10aff90f1e7ad4da5dd092e23d53f6,445.38
3d6f1e47ccf93d01364ed5f7603fa66d43eae0e2,441.80
9c46f13fc4b17bfa6c3cb58945568ae8d8b191af,646.49
43a39b308abfbe39ea06729277d0630786b9956d,440.15
9008cbf66ca4a89d02ba26630fb818524e790974,438.65
39915966a8b7329cdae21623f239e652fb6af763,429.87
f11c3b4f92660b44dae8f6541c9b6908e6196b3a,441.01
f16c0c17aa38ecff097f5fc50db7cd5e247c8737,444.28
f31916f55db7d57b67b71c469105978692b88cf5,435.83
9ae3df9993f3f5991d0e6fd96c649d93d547d475,449.84
508718bcf66279c837a3a8bc6fc48022670afd6c,441.49
64ec9cfb151f26e85c0c206ce6aba063695e47cd,429.50
d0a7e3a00350ea9bdca6a1f005ccc75e5b2d19d4,440.52
21334edbe26d02d8c9a882c6079f3fcfd179eb66,442.36
12a4abda3aeb213ed05e0aa500e2e6b70dbb9cca,438.27
a28fb8eae225ac16279a6086420f310145bf6100,441.49
db9efbd54c6ff876768eb874f7e9fe84a6632729,431.79
785d41a37f6c311084ebf2d23e83f4ceb4bb94ed,613.51
e42cce476c0749899dcf7d50ba36aa1dbdaf7fbf,433.22
291ba4d3c087aa96d935021ec9403de53d3e4166,438.27
db9efbd54c6ff876768eb874f7e9fe84a6632729,428.61
7b9f17760049161b775fd23b15653961620e259d,439.80
f45de034880877582fb6414c4d09f40c5999ac70,439.32
481542f5c74c013b06f6b80e8e9bb30ddad382dd,427.70
920ffd8ddd2645c560d905c2a53340cdafe4f96e,447.20
cc494e90ae10aff90f1e7ad4da5dd092e23d53f6,440.22
e42cce476c0749899dcf7d50ba36aa1dbdaf7fbf,429.19
db9efbd54c6ff876768eb874f7e9fe84a6632729,434.19
c98349a7fb5598f0cbac88130520171bd6f253c1,441.09
3fb895c9a9185c04eb263ef77038cd7ec8b5dfa7,448.18
43a39b308abfbe39ea06729277d0630786b9956d,446.13
e9909538549c96800dad1e94284b99575d1be628,439.79
3fb9295d4ce19e1d9bc06dd354dcfba981827abf,440.12
4ad65182dbdfec91d7795206bef4342673cb8f11,442.39
ab4890183496beea6d4908c4adb672e15c1136a5,440.00
a7b577255442124a8af87a0eccdb053e17d8c211,424.22
f31916f55db7d57b67b71c469105978692b88cf5,435.66
9c46f13fc4b17bfa6c3cb58945568ae8d8b191af,602.68
8749726a79c22451b1f01b14fb2137f734e926b4,440.50
c114eb0589d947dfe6f047c546380c3cfe413453,587.10
dbbe693c9fbeef94d663c963b57ea379c75806a1,442.24
920ffd8ddd2645c560d905c2a53340cdafe4f96e,446.37
1bc34292ffd940a8936ed317a4bf617dfc66f0cb,437.66
dc0b7cb2754e714a4e65553b7ef3d186f52d1004,439.73
93ff111c590ea57b311705360111a3e54329a026,440.14
39915966a8b7329cdae21623f239e652fb6af763,432.50
1ea48c83ae09d9428ac47382decff0bd2d4f4bde,438.29
e42cce476c0749899dcf7d50ba36aa1dbdaf7fbf,433.81
70b2cf9a73e38bd3831a8e196c84556275c3f588,441.66
dbbe693c9fbeef94d663c963b57ea379c75806a1,436.61
7171cec2dfd3c8b58645b69970425864abf8ba1f,442.82
08e2a7fc2f487328f1b514e07cc9f4c9ff3d3814,438.67
9fcda18b6824b0c46986bff8f1c9ecc3bf5872f4,442.00
508718bcf66279c837a3a8bc6fc48022670afd6c,436.45
71608a8424e1ad5d110a71d93313c370b2923411,446.32
6d9081bba66809602428ea0b0f7ea78229b3087a,426.54
6dbe51b3f6d4db7a17fd103a5d2f138e5edafe19,436.70
c2ecaa18c25d92d260718217e5ba1f0496cb8eb2,443.13
ae80e51cf54971b6322b9b571734ffa5507c4947,438.25
b800dd756bf956aa210165073824bfcf159780fd,440.96
08e2a7fc2f487328f1b514e07cc9f4c9ff3d3814,440.21
277949e7115059f6f0071e1b3418b6f6cbf48e48,429.65
16ca9214be8e4a6eb8b37dcfaaf21a79595d95f3,449.84
cbc1cf3469f842ff44155b4ebf3fbd15ec95fd31,441.19
9ae3df9993f3f5991d0e6fd96c649d93d547d475,425.07
9ff954f3876690504457be9c5f6067593df6ce19,442.46
51cb86699beae26b74c594e2daaa098116f9f572,441.31
81d1fb98e61ff42c856504b1427a700cda7707f2,446.21
912d3c14f98af2b3a77eeabf536617ebc9c6f665,451.88
7171cec2dfd3c8b58645b69970425864abf8ba1f,440.02
f31916f55db7d57b67b71c469105978692b88cf5,436.48
9fcda18b6824b0c46986bff8f1c9ecc3bf5872f4,428.52
ae7308a2832897f351712e44f656a3e71fac7efc,444.61
ad03c445e1384a2b7168c6889461f973b008317b,450.84
785d41a37f6c311084ebf2d23e83f4ceb4bb94ed,602.66
29c9d48278aafb4a4390e3ee923cd68e6086a17f,425.90
481542f5c74c013b06f6b80e8e9bb30ddad382dd,432.72
9fcda18b6824b0c46986bff8f1c9ecc3bf5872f4,432.29
a6d9d213ae51fdf9ce8d9d4f9b2a124ba3886354,427.78
f45de034880877582fb6414c4d09f40c5999ac70,451.70
920ffd8ddd2645c560d905c2a53340cdafe4f96e,448.18
291ba4d3c087aa96d935021ec9403de53d3e4166,448.70
c8807e900cb66f83a5d1f28d02e55528ff6d67ba,427.34
71608a8424e1ad5d110a71d93313c370b2923411,441.43
2509766946d20c1339c56d5aa0970c522efd2417,442.71
f36b950de16f6db134bd98969cd8fbe578d37480,453.39
49eb02fe329f0bf1bbc847f613c8aa147e6c5330,443.27
f11c3b4f92660b44dae8f6541c9b6908e6196b3a,443.37
e42cce476c0749899dcf7d50ba36aa1dbdaf7fbf,426.68
f31916f55db7d57b67b71c469105978692b88cf5,436.73
5998a3eaaea26882550b657ff4d1f00e6b04fa1a,438.56
43a39b308abfbe39ea06729277d0630786b9956d,442.59
dbbe693c9fbeef94d663c963b57ea379c75806a1,438.23
4ad65182dbdfec91d7795206bef4342673cb8f11,441.07
76de9d87000f375749f355a7d7d6af9fe37c3558,437.75
c8807e900cb66f83a5d1f28d02e55528ff6d67ba,429.83
70b2cf9a73e38bd3831a8e196c84556275c3f588,445.41
c2ecaa18c25d92d260718217e5ba1f0496cb8eb2,442.30
f317c04acf821d61601f5d986252db40505153bc,423.16
f11c3b4f92660b44dae8f6541c9b6908e6196b3a,439.27
51cb86699beae26b74c594e2daaa098116f9f572,453.98
81d1fb98e61ff42c856504b1427a700cda7707f2,440.92
c2ecaa18c25d92d260718217e5ba1f0496cb8eb2,439.88
dc0b7cb2754e714a4e65553b7ef3d186f52d1004,437.58
81d1fb98e61ff42c856504b1427a700cda7707f2,446.15
49eb02fe329f0bf1bbc847f613c8aa147e6c5330,438.53
a6d9d213ae51fdf9ce8d9d4f9b2a124ba3886354,426.71
920ffd8ddd2645c560d905c2a53340cdafe4f96e,437.67
3d6f1e47ccf93d01364ed5f7603fa66d43eae0e2,443.54
dc0b7cb2754e714a4e65553b7ef3d186f52d1004,438.13
f9d8a9c8a47be87c6d4f949dc24c6520e84590d0,433.75
7fe868089855c33d6345e740bfdbe6f140794598,444.14
6d9081bba66809602428ea0b0f7ea78229b3087a,422.52
a14fb16d6430d8de4bf31c898d119ab713840c2d,425.11
e9909538549c96800dad1e94284b99575d1be628,443.83
7eefa1b51eb9fdc36b0762c0bbc417aff4b19a39,424.18
785d41a37f6c311084ebf2d23e83f4ceb4bb94ed,595.27
411c01ff53f56f0b84bee210ad75c8c2114efa55,440.27
128b3f8212e357468cb608546a52da3826903fad,442.12
e36279116113c62b60e6c95580abb327401d9e09,441.49
4a470a028e1f146c04695819c48b9ec8b7950f36,441.28
dc0b7cb2754e714a4e65553b7ef3d186f52d1004,444.97
16ca9214be8e4a6eb8b37dcfaaf21a79595d95f3,442.09
43a39b308abfbe39ea06729277d0630786b9956d,440.17
39915966a8b7329cdae21623f239e652fb6af763,429.12
d0418222830f42f4f0c770e406f71454ea50e56d,450.65
f9d8a9c8a47be87c6d4f949dc24c6520e84590d0,427.97
411c01ff53f56f0b84bee210ad75c8c2114efa55,434.94
f9d8a9c8a47be87c6d4f949dc24c6520e84590d0,427.17
c8807e900cb66f83a5d1f28d02e55528ff6d67ba,427.76
1bc34292ffd940a8936ed317a4bf617dfc66f0cb,443.36
dc0b7cb2754e714a4e65553b7ef3d186f52d1004,440.53
863bad7886c1bbf84391f5e9e330f20a4daf8894,444.93
c2ecaa18c25d92d260718217e5ba1f0496cb8eb2,447.49
3fb895c9a9185c04eb263ef77038cd7ec8b5dfa7,444.54
e9909538549c96800dad1e94284b99575d1be628,442.64
dbbe693c9fbeef94d663c963b57ea379c75806a1,438.14
eeea5cbcf85aaf64b659fd8d4b71fe59059c4b46,429.69
f16c0c17aa38ecff097f5fc50db7cd5e247c8737,435.95
ad03c445e1384a2b7168c6889461f973b008317b,454.28
b8d2e2108b16d5db3ce6f5744a49d4ebc4b7a46f,441.22
7fe868089855c33d6345e740bfdbe6f140794598,444.89
291ba4d3c087aa96d935021ec9403de53d3e4166,442.85
49eb02fe329f0bf1bbc847f613c8aa147e6c5330,442.27
ae80e51cf54971b6322b9b571734ffa5507c4947,441.58
1ea48c83ae09d9428ac47382decff0bd2d4f4bde,441.38
6dbe51b3f6d4db7a17fd103a5d2f138e5edafe19,426.77
c2ecaa18c25d92d260718217e5ba1f0496cb8eb2,453.53
6d9081bba66809602428ea0b0f7ea78229b3087a,426.40
f317c04acf821d61601f5d986252db40505153bc,437.74
1ea48c83ae09d9428ac47382decff0bd2d4f4bde,439.93
291ba4d3c087aa96d935021ec9403de53d3e4166,441.53
64ec9cfb151f26e85c0c206ce6aba063695e47cd,425.25
9c46f13fc4b17bfa6c3cb58945568ae8d8b191af,604.58
9fcda18b6824b0c46986bff8f1c9ecc3bf5872f4,424.14
0d8ec3812c8a3617e3f4fb2c6325059ee695f1a7,440.18
3d6f1e47ccf93d01364ed5f7603fa66d43eae0e2,439.36
481542f5c74c013b06f6b80e8e9bb30ddad382dd,426.82
508718bcf66279c837a3a8bc6fc48022670afd6c,437.40
291ba4d3c087aa96d935021ec9403de53d3e4166,438.15
6d9081bba66809602428ea0b0f7ea78229b3087a,425.66
481542f5c74c013b06f6b80e8e9bb30ddad382dd,431.32
4a470a028e1f146c04695819c48b9ec8b7950f36,437.75
9ff954f3876690504457be9c5f6067593df6ce19,459.54
7d1723336c20ee0c31d0b4ed11a252c9e29abe97,430.15
f11c3b4f92660b44dae8f6541c9b6908e6196b3a,442.11
b800dd756bf956aa210165073824bfcf159780fd,438.33
9008cbf66ca4a89d02ba26630fb818524e790974,442.82
e36279116113c62b60e6c95580abb327401d9e09,439.20
863bad7886c1bbf84391f5e9e330f20a4daf8894,439.55
4a470a028e1f146c04695819c48b9ec8b7950f36,437.87
291ba4d3c087aa96d935021ec9403de53d3e4166,435.80
3fb9295d4ce19e1d9bc06dd354dcfba981827abf,454.85
481542f5c74c013b06f6b80e8e9bb30ddad382dd,432.28
c98349a7fb5598f0cbac88130520171bd6f253c1,436.10
dc0b7cb2754e714a4e65553b7ef3d186f52d1004,441.57
66ff264012c6c047a3599c3b6771d504c6662207,443.54
1bc34292ffd940a8936ed317a4bf617dfc66f0cb,447.29
db9efbd54c6ff876768eb874f7e9fe84a6632729,431.37
e36279116113c62b60e6c95580abb327401d9e09,445.05
81d1fb98e61ff42c856504b1427a700cda7707f2,441.85
b320c9c28c7223beedabb355d7837596cf0a1ba8,429.25
eeea5cbcf85aaf64b659fd8d4b71fe59059c4b46,427.68
481542f5c74c013b06f6b80e8e9bb30ddad382dd,435.41
35ba2dd27d69d1d09fed6f7a3c690f2bd121cb0f,447.37
291ba4d3c087aa96d935021ec9403de53d3e4166,456.22
b800dd756bf956aa210165073824bfcf159780fd,441.36
481542f5c74c013b06f6b80e8e9bb30ddad382dd,424.39
437d8eca9f51dd0ed7af5b828412ee96ac192f17,433.85
ab4890183496beea6d4908c4adb672e15c1136a5,438.64
f31916f55db7d57b67b71c469105978692b88cf5,442.49
a7b577255442124a8af87a0eccdb053e17d8c211,430.17
291ba4d3c087aa96d935021ec9403de53d3e4166,447.22
66ff264012c6c047a3599c3b6771d504c6662207,440.87
51cb86699beae26b74c594e2daaa098116f9f572,448.49
863bad7886c1bbf84391f5e9e330f20a4daf8894,438.79
cbc1cf3469f842ff44155b4ebf3fbd15ec95fd31,446.19
e36279116113c62b60e6c95580abb327401d9e09,441.69
7d1723336c20ee0c31d0b4ed11a252c9e29abe97,423.74
f16c0c17aa38ecff097f5fc50db7cd5e247c8737,454.70
12a4abda3aeb213ed05e0aa500e2e6b70dbb9cca,442.36
cc494e90ae10aff90f1e7ad4da5dd092e23d53f6,443.66
c114eb0589d947dfe6f047c546380c3cfe413453,623.41
f36b950de16f6db134bd98969cd8fbe578d37480,442.08
9fcda18b6824b0c46986bff8f1c9ecc3bf5872f4,428.32
9ae3df9993f3f5991d0e6fd96c649d93d547d475,432.95
39915966a8b7329cdae21623f239e652fb6af763,424.76
cc494e90ae10aff90f1e7ad4da5dd092e23d53f6,439.51
437d8eca9f51dd0ed7af5b828412ee96ac192f17,440.14
f9ffaf49226a04a15698050b3978d85585be0894,440.48
7171cec2dfd3c8b58645b69970425864abf8ba1f,444.05
66ff264012c6c047a3599c3b6771d504c6662207,440.39
dbbe693c9fbeef94d663c963b57ea379c75806a1,439.01
c114eb0589d947dfe6f047c546380c3cfe413453,607.76
dc0b7cb2754e714a4e65553b7ef3d186f52d1004,437.60
ae80e51cf54971b6322b9b571734ffa5507c4947,456.49
49eb02fe329f0bf1bbc847f613c8aa147e6c5330,440.99
cbc1cf3469f842ff44155b4ebf3fbd15ec95fd31,444.97
fa8a8deb6e03ee00c10138f42b9b5cf83803e425,427.34
9fcda18b6824b0c46986bff8f1c9ecc3bf5872f4,425.70
128b3f8212e357468cb608546a52da3826903fad,440.53
f16c0c17aa38ecff097f5fc50db7cd5e247c8737,445.60
9ae3df9993f3f5991d0e6fd96c649d93d547d475,429.85
71608a8424e1ad5d110a71d93313c370b2923411,437.33
6d9081bba66809602428ea0b0f7ea78229b3087a,428.07
eeea5cbcf85aaf64b659fd8d4b71fe59059c4b46,434.44
f45de034880877582fb6414c4d09f40c5999ac70,438.51
f31916f55db7d57b67b71c469105978692b88cf5,435.10
e36279116113c62b60e6c95580abb327401d9e09,444.80
7fe868089855c33d6345e740bfdbe6f140794598,443.31
a28fb8eae225ac16279a6086420f310145bf6100,439.62
a7b577255442124a8af87a0eccdb053e17d8c211,428.56
694efa8bac3d66717efe7e202e47347355e07c0b,423.88
411c01ff53f56f0b84bee210ad75c8c2114efa55,434.22
912d3c14f98af2b3a77eeabf536617ebc9c6f665,436.60
66ff264012c6c047a3599c3b6771d504c6662207,442.23
7eefa1b51eb9fdc36b0762c0bbc417aff4b19a39,427.62
ab4890183496beea6d4908c4adb672e15c1136a5,441.91
51cb86699beae26b74c594e2daaa098116f9f572,441.95
cc494e90ae10aff90f1e7ad4da5dd092e23d53f6,436.93
a6d9d213ae51fdf9ce8d9d4f9b2a124ba3886354,429.51
43a39b308abfbe39ea06729277d0630786b9956d,454.01
9fcda18b6824b0c46986bff8f1c9ecc3bf5872f4,429.04
277949e7115059f6f0071e1b3418b6f6cbf48e48,423.63
5998a3eaaea26882550b657ff4d1f00e6b04fa1a,437.42
f11c3b4f92660b44dae8f6541c9b6908e6196b3a,441.93
5998a3eaaea26882550b657ff4d1f00e6b04fa1a,439.46
f45de034880877582fb6414c4d09f40c5999ac70,447.43
c8807e900cb66f83a5d1f28d02e55528ff6d67ba,425.89
411c01ff53f56f0b84bee210ad75c8c2114efa55,445.30
481542f5c74c013b06f6b80e8e9bb30ddad382dd,437.67
eeea5cbcf85aaf64b659fd8d4b71fe59059c4b46,427.28
71608a8424e1ad5d110a71d93313c370b2923411,437.37
64ec9cfb151f26e85c0c206ce6aba063695e47cd,431.65
12a4abda3aeb213ed05e0aa500e2e6b70dbb9cca,442.30
1ea48c83ae09d9428ac47382decff0bd2d4f4bde,448.09
dbbe693c9fbeef94d663c963b57ea379c75806a1,445.25
d0418222830f42f4f0c770e406f71454ea50e56d,442.64
2509766946d20c1339c56d5aa0970c522efd2417,442.62
694efa8bac3d66717efe7e202e47347355e07c0b,431.39
b800dd756bf956aa210165073824bfcf159780fd,456.23
291ba4d3c087aa96d935021ec9403de53d3e4166,440.18
a14fb16d6430d8de4bf31c898d119ab713840c2d,430.64
1ea48c83ae09d9428ac47382decff0bd2d4f4bde,443.72
43a39b308abfbe39ea06729277d0630786b9956d,443.91
eeea5cbcf85aaf64b659fd8d4b71fe59059c4b46,427.68
508718bcf66279c837a3a8bc6fc48022670afd6c,441.73
6d9081bba66809602428ea0b0f7ea78229b3087a,428.71
c98349a7fb5598f0cbac88130520171bd6f253c1,445.91
ae7308a2832897f351712e44f656a3e71fac7efc,451.37
c2ecaa18c25d92d260718217e5ba1f0496cb8eb2,440.55
b320c9c28c7223beedabb355d7837596cf0a1ba8,424.30
c8807e900cb66f83a5d1f28d02e55528ff6d67ba,425.78
694efa8bac3d66717efe7e202e47347355e07c0b,425.88
3fb895c9a9185c04eb263ef77038cd7ec8b5dfa7,438.88
fa8a8deb6e03ee00c10138f42b9b5cf83803e425,429.90
cbc1cf3469f842ff44155b4ebf3fbd15ec95fd31,445.57
f9ffaf49226a04a15698050b3978d85585be0894,440.12
c2ecaa18c25d92d260718217e5ba1f0496cb8eb2,440.99
70b2cf9a73e38bd3831a8e196c84556275c3f588,442.84
12a4abda3aeb213ed05e0aa500e2e6b70dbb9cca,458.38
7eefa1b51eb9fdc36b0762c0bbc417aff4b19a39,428.02
64ec9cfb151f26e85c0c206ce6aba063695e47cd,428.13
411c01ff53f56f0b84bee210ad75c8c2114efa55,446.37
b8d2e2108b16d5db3ce6f5744a49d4ebc4b7a46f,458.70
81d1fb98e61ff42c856504b1427a700cda7707f2,441.45
dc0b7cb2754e714a4e65553b7ef3d186f52d1004,453.40
481542f5c74c013b06f6b80e8e9bb30ddad382dd,424.72
8749726a79c22451b1f01b14fb2137f734e926b4,444.37
c2ecaa18c25d92d260718217e5ba1f0496cb8eb2,439.55
3fb895c9a9185c04eb263ef77038cd7ec8b5dfa7,438.89
a6d9d213ae51fdf9ce8d9d4f9b2a124ba3886354,425.81
1ea48c83ae09d9428ac47382decff0bd2d4f4bde,441.70
f317c04acf821d61601f5d986252db40505153bc,426.10
49eb02fe329f0bf1bbc847f613c8aa147e6c5330,437.73
411c01ff53f56f0b84bee210ad75c8c2114efa55,447.73
6d9081bba66809602428ea0b0f7ea78229b3087a,430.33
21334edbe26d02d8c9a882c6079f3fcfd179eb66,449.42
437d8eca9f51dd0ed7af5b828412ee96ac192f17,439.24
128b3f8212e357468cb608546a52da3826903fad,438.78
f16c0c17aa38ecff097f5fc50db7cd5e247c8737,443.79
f31916f55db7d57b67b71c469105978692b88cf5,441.45
9c46f13fc4b17bfa6c3cb58945568ae8d8b191af,598.77
3fb895c9a9185c04eb263ef77038cd7ec8b5dfa7,446.17
f31916f55db7d57b67b71c469105978692b88cf5,444.62
49eb02fe329f0bf1bbc847f613c8aa147e6c5330,434.15
21334edbe26d02d8c9a882c6079f3fcfd179eb66,442.63
7171cec2dfd3c8b58645b69970425864abf8ba1f,439.32
21334edbe26d02d8c9a882c6079f3fcfd179eb66,442.02
411c01ff53f56f0b84bee210ad75c8c2114efa55,443.19
9fcda18b6824b0c46986bff8f1c9ecc3bf5872f4,432.23
a14fb16d6430d8de4bf31c898d119ab713840c2d,434.02
a6d9d213ae51fdf9ce8d9d4f9b2a124ba3886354,426.69
cbc1cf3469f842ff44155b4ebf3fbd15ec95fd31,445.42
51cb86699beae26b74c594e2daaa098116f9f572,440.11
e9909538549c96800dad1e94284b99575d1be628,441.21
6d9081bba66809602428ea0b0f7ea78229b3087a,431.96
9c46f13fc4b17bfa6c3cb58945568ae8d8b191af,580.90
49eb02fe329f0bf1bbc847f613c8aa147e6c5330,451.85
76de9d87000f375749f355a7d7d6af9fe37c3558,439.00
a7b577255442124a8af87a0eccdb053e17d8c211,429.83
7d1723336c20ee0c31d0b4ed11a252c9e29abe97,427.83
7fe868089855c33d6345e740bfdbe6f140794598,440.18
ad03c445e1384a2b7168c6889461f973b008317b,447.47
b320c9c28c7223beedabb355d7837596cf0a1ba8,427.65
f9ffaf49226a04a15698050b3978d85585be0894,446.53
f11c3b4f92660b44dae8f6541c9b6908e6196b3a,444.38
8749726a79c22451b1f01b14fb2137f734e926b4,438.39
eeea5cbcf85aaf64b659fd8d4b71fe59059c4b46,436.94
43a39b308abfbe39ea06729277d0630786b9956d,439.87
f9d8a9c8a47be87c6d4f949dc24c6520e84590d0,430.62
51cb86699beae26b74c594e2daaa098116f9f572,439.44
dbbe693c9fbeef94d663c963b57ea379c75806a1,442.07
c8807e900cb66f83a5d1f28d02e55528ff6d67ba,430.22
5998a3eaaea26882550b657ff4d1f00e6b04fa1a,443.61
ae7308a2832897f351712e44f656a3e71fac7efc,436.56
29c9d48278aafb4a4390e3ee923cd68e6086a17f,426.88
920ffd8ddd2645c560d905c2a53340cdafe4f96e,444.87
51cb86699beae26b74c594e2daaa098116f9f572,447.28
29c9d48278aafb4a4390e3ee923cd68e6086a17f,426.79
9ff954f3876690504457be9c5f6067593df6ce19,448.20
291ba4d3c087aa96d935021ec9403de53d3e4166,441.16
f36b950de16f6db134bd98969cd8fbe578d37480,443.61
70b2cf9a73e38bd3831a8e196c84556275c3f588,441.33
7171cec2dfd3c8b58645b69970425864abf8ba1f,447.22
e9909538549c96800dad1e94284b99575d1be628,443.22
c98349a7fb5598f0cbac88130520171bd6f253c1,442.70
cbc1cf3469f842ff44155b4ebf3fbd15ec95fd31,437.48
c114eb0589d947dfe6f047c546380c3cfe413453,628.13
411c01ff53f56f0b84bee210ad75c8c2114efa55,434.30
dbbe693c9fbeef94d663c963b57ea379c75806a1,439.75
7fe868089855c33d6345e740bfdbe6f140794598,441.42
128b3f8212e357468cb608546a52da3826903fad,440.04
21334edbe26d02d8c9a882c6079f3fcfd179eb66,440.38
66ff264012c6c047a3599c3b6771d504c6662207,443.92
f11c3b4f92660b44dae8f6541c9b6908e6196b3a,452.52
863bad7886c1bbf84391f5e9e330f20a4daf8894,441.90
3d6f1e47ccf93d01364ed5f7603fa66d43eae0e2,436.85
4a470a028e1f146c04695819c48b9ec8b7950f36,440.04
a6d9d213ae51fdf9ce8d9d4f9b2a124ba3886354,424.75
6d9081bba66809602428ea0b0f7ea78229b3087a,426.97
2509766946d20c1339c56d5aa0970c522efd2417,441.01
dbbe693c9fbeef94d663c963b57ea379c75806a1,446.46
9ff954f3876690504457be9c5f6067593df6ce19,439.71
920ffd8ddd2645c560d905c2a53340cdafe4f96e,444.02
ab4890183496beea6d4908c4adb672e15c1136a5,437.88
f11c3b4f92660b44dae8f6541c9b6908e6196b3a,449.61
49eb02fe329f0bf1bbc847f613c8aa147e6c5330,444.06
51cb86699beae26b74c594e2daaa098116f9f572,450.21
29c9d48278aafb4a4390e3ee923cd68e6086a17f,424.29
c98349a7fb5598f0cbac88130520171bd6f253c1,445.15
c98349a7fb5598f0cbac88130520171bd6f253c1,439.45
cbc1cf3469f842ff44155b4ebf3fbd15ec95fd31,453.21
7b9f17760049161b775fd23b15653961620e259d,444.53
16ca9214be8e4a6eb8b37dcfaaf21a79595d95f3,440.33
d0a7e3a00350ea9bdca6a1f005ccc75e5b2d19d4,443.39
ad03c445e1384a2b7168c6889461f973b008317b,441.10
c2ecaa18c25d92d260718217e5ba1f0496cb8eb2,443.11
912d3c14f98af2b3a77eeabf536617ebc9c6f665,440.94
6dbe51b3f6d4db7a17fd103a5d2f138e5edafe19,432.70
a7b577255442124a8af87a0eccdb053e17d8c211,430.44
508718bcf66279c837a3a8bc6fc48022670afd6c,446.15
4ad65182dbdfec91d7795206bef4342673cb8f11,445.12
3fb9295d4ce19e1d9bc06dd354dcfba981827abf,457.66
411c01ff53f56f0b84bee210ad75c8c2114efa55,442.71
1ea48c83ae09d9428ac47382decff0bd2d4f4bde,438.69
f9ffaf49226a04a15698050b3978d85585be0894,440.92
277949e7115059f6f0071e1b3418b6f6cbf48e48,429.77
9c46f13fc4b17bfa6c3cb58945568ae8d8b191af,604.16
f9d8a9c8a47be87c6d4f949dc24c6520e84590d0,427.78
e36279116113c62b60e6c95580abb327401d9e09,456.74
fa8a8deb6e03ee00c10138f42b9b5cf83803e425,425.94
ab4890183496beea6d4908c4adb672e15c1136a5,440.79
e36279116113c62b60e6c95580abb327401d9e09,441.80
a6d9d213ae51fdf9ce8d9d4f9b2a124ba3886354,438.73
5998a3eaaea26882550b657ff4d1f00e6b04fa1a,445.80
785d41a37f6c311084ebf2d23e83f4ceb4bb94ed,609.11
437d8eca9f51dd0ed7af5b828412ee96ac192f17,441.78
9ff954f3876690504457be9c5f6067593df6ce19,444.12
d0a7e3a00350ea9bdca6a1f005ccc75e5b2d19d4,440.13
481542f5c74c013b06f6b80e8e9bb30ddad382dd,428.34
21334edbe26d02d8c9a882c6079f3fcfd179eb66,439.92
51cb86699beae26b74c594e2daaa098116f9f572,433.81
f9d8a9c8a47be87c6d4f949dc24c6520e84590d0,434.40
a28fb8eae225ac16279a6086420f310145bf6100,438.96
d0a7e3a00350ea9bdca6a1f005ccc75e5b2d19d4,442.38
d0418222830f42f4f0c770e406f71454ea50e56d,440.07
eeea5cbcf85aaf64b659fd8d4b71fe59059c4b46,423.02
7d1723336c20ee0c31d0b4ed11a252c9e29abe97,427.13
08e2a7fc2f487328f1b514e07cc9f4c9ff3d3814,438.99
920ffd8ddd2645c560d905c2a53340cdafe4f96e,445.30
76de9d87000f375749f355a7d7d6af9fe37c3558,446.63
3d6f1e47ccf93d01364ed5f7603fa66d43eae0e2,440.61
08e2a7fc2f487328f1b514e07cc9f4c9ff3d3814,439.46
277949e7115059f6f0071e1b3418b6f6cbf48e48,437.20
7b9f17760049161b775fd23b15653961620e259d,439.47
a28fb8eae225ac16279a6086420f310145bf6100,443.75
81d1fb98e61ff42c856504b1427a700cda7707f2,438.66
a28fb8eae225ac16279a6086420f310145bf6100,443.65
81d1fb98e61ff42c856504b1427a700cda7707f2,435.61
291ba4d3c087aa96d935021ec9403de53d3e4166,444.67
51cb86699beae26b74c594e2daaa098116f9f572,444.83
9ae3df9993f3f5991d0e6fd96c649d93d547d475,424.89
e42cce476c0749899dcf7d50ba36aa1dbdaf7fbf,442.03
9ff954f3876690504457be9c5f6067593df6ce19,439.30
b320c9c28c7223beedabb355d7837596cf0a1ba8,436.66
f11c3b4f92660b44dae8f6541c9b6908e6196b3a,443.44
f11c3b4f92660b44dae8f6541c9b6908e6196b3a,457.75
291ba4d3c087aa96d935021ec9403de53d3e4166,452.75
277949e7115059f6f0071e1b3418b6f6cbf48e48,424.61
e42cce476c0749899dcf7d50ba36aa1dbdaf7fbf,427.79
08e2a7fc2f487328f1b514e07cc9f4c9ff3d3814,444.37
51cb86699beae26b74c594e2daaa098116f9f572,436.48
cc494e90ae10aff90f1e7ad4da5dd092e23d53f6,444.46
ae80e51cf54971b6322b9b571734ffa5507c4947,439.91
481542f5c74c013b06f6b80e8e9bb30ddad382dd,425.62
f36b950de16f6db134bd98969cd8fbe578d37480,461.95
70b2cf9a73e38bd3831a8e196c84556275c3f588,448.62
f9ffaf49226a04a15698050b3978d85585be0894,444.11
7d1723336c20ee0c31d0b4ed11a252c9e29abe97,430.21
9c46f13fc4b17bfa6c3cb58945568ae8d8b191af,610.40
e42cce476c0749899dcf7d50ba36aa1dbdaf7fbf,425.28
863bad7886c1bbf84391f5e9e330f20a4daf8894,440.45
9ae3df9993f3f5991d0e6fd96c649d93d547d475,429.22
70b2cf9a73e38bd3831a8e196c84556275c3f588,440.37
e9909538549c96800dad1e94284b99575d1be628,448.47
b8d2e2108b16d5db3ce6f5744a49d4ebc4b7a46f,445.36
16ca9214be8e4a6eb8b37dcfaaf21a79595d95f3,444.90
411c01ff53f56f0b84bee210ad75c8c2114efa55,434.44
291ba4d3c087aa96d935021ec9403de53d3e4166,436.61
f9d8a9c8a47be87c6d4f949dc24c6520e84590d0,430.95
ae7308a2832897f351712e44f656a3e71fac7efc,440.69
f45de034880877582fb6414c4d09f40c5999ac70,439.06
93ff111c590ea57b311705360111a3e54329a026,439.81
93ff111c590ea57b311705360111a3e54329a026,445.74
66ff264012c6c047a3599c3b6771d504c6662207,441.94
71608a8424e1ad5d110a71d93313c370b2923411,439.19
7eefa1b51eb9fdc36b0762c0bbc417aff4b19a39,428.42
d0a7e3a00350ea9bdca6a1f005ccc75e5b2d19d4,444.23
cbc1cf3469f842ff44155b4ebf3fbd15ec95fd31,442.51
5998a3eaaea26882550b657ff4d1f00e6b04fa1a,442.99
5998a3eaaea26882550b657ff4d1f00e6b04fa1a,445.65
43a39b308abfbe39ea06729277d0630786b9956d,444.15
ae7308a2832897f351712e44f656a3e71fac7efc,450.69
3d6f1e47ccf93d01364ed5f7603fa66d43eae0e2,448.19
ae7308a2832897f351712e44f656a3e71fac7efc,444.70
7eefa1b51eb9fdc36b0762c0bbc417aff4b19a39,433.96
f45de034880877582fb6414c4d09f40c5999ac70,450.76
b800dd756bf956aa210165073824bfcf159780fd,439.25
7b9f17760049161b775fd23b15653961620e259d,450.65
a14fb16d6430d8de4bf31c898d119ab713840c2d,435.61
eeea5cbcf85aaf64b659fd8d4b71fe59059c4b46,425.98
9ff954f3876690504457be9c5f6067593df6ce19,454.42
9ff954f3876690504457be9c5f6067593df6ce19,437.74
39915966a8b7329cdae21623f239e652fb6af763,425.67
4a470a028e1f146c04695819c48b9ec8b7950f36,443.21
f11c3b4f92660b44dae8f6541c9b6908e6196b3a,444.72
64ec9cfb151f26e85c0c206ce6aba063695e47cd,444.73
fa8a8deb6e03ee00c10138f42b9b5cf83803e425,437.32
7d1723336c20ee0c31d0b4ed11a252c9e29abe97,422.33
1bc34292ffd940a8936ed317a4bf617dfc66f0cb,438.11
66ff264012c6c047a3599c3b6771d504c6662207,436.02
9fcda18b6824b0c46986bff8f1c9ecc3bf5872f4,428.16
e9909538549c96800dad1e94284b99575d1be628,450.50
fa8a8deb6e03ee00c10138f42b9b5cf83803e425,430.57
f45de034880877582fb6414c4d09f40c5999ac70,443.68
1bc34292ffd940a8936ed317a4bf617dfc66f0cb,444.93
7eefa1b51eb9fdc36b0762c0bbc417aff4b19a39,426.86
eeea5cbcf85aaf64b659fd8d4b71fe59059c4b46,423.84
66ff264012c6c047a3599c3b6771d504c6662207,445.05
e36279116113c62b60e6c95580abb327401d9e09,450.90
481542f5c74c013b06f6b80e8e9bb30ddad382dd,426.40
a7b577255442124a8af87a0eccdb053e17d8c211,429.39
a7b577255442124a8af87a0eccdb053e17d8c211,427.64
b320c9c28c7223beedabb355d7837596cf0a1ba8,426.86
f317c04acf821d61601f5d986252db40505153bc,426.05
920ffd8ddd2645c560d905c2a53340cdafe4f96e,439.88
e9909538549c96800dad1e94284b99575d1be628,438.56
437d8eca9f51dd0ed7af5b828412ee96ac192f17,444.13
920ffd8ddd2645c560d905c2a53340cdafe4f96e,444.17
f45de034880877582fb6414c4d09f40c5999ac70,443.93
f317c04acf821d61601f5d986252db40505153bc,431.94
3fb895c9a9185c04eb263ef77038cd7ec8b5dfa7,440.86
f9ffaf49226a04a15698050b3978d85585be0894,438.92
43a39b308abfbe39ea06729277d0630786b9956d,444.29
b8d2e2108b16d5db3ce6f5744a49d4ebc4b7a46f,453.87
43a39b308abfbe39ea06729277d0630786b9956d,443.15
1bc34292ffd940a8936ed317a4bf617dfc66f0cb,442.72
277949e7115059f6f0071e1b3418b6f6cbf48e48,424.68
5998a3eaaea26882550b657ff4d1f00e6b04fa1a,449.30
39915966a8b7329cdae21623f239e652fb6af763,427.64
0d8ec3812c8a3617e3f4fb2c6325059ee695f1a7,446.90
66ff264012c6c047a3599c3b6771d504c6662207,438.42
c2ecaa18c25d92d260718217e5ba1f0496cb8eb2,439.01
12a4abda3aeb213ed05e0aa500e2e6b70dbb9cca,443.64
508718bcf66279c837a3a8bc6fc48022670afd6c,441.97
9fcda18b6824b0c46986bff8f1c9ecc3bf5872f4,429.14
2509766946d20c1339c56d5aa0970c522efd2417,439.64
76de9d87000f375749f355a7d7d6af9fe37c3558,440.16
3fb9295d4ce19e1d9bc06dd354dcfba981827abf,441.93
f317c04acf821d61601f5d986252db40505153bc,429.47
43a39b308abfbe39ea06729277d0630786b9956d,444.89
7fe868089855c33d6345e740bfdbe6f140794598,443.33
7eefa1b51eb9fdc36b0762c0bbc417aff4b19a39,432.61
f9ffaf49226a04a15698050b3978d85585be0894,439.15
1ea48c83ae09d9428ac47382decff0bd2d4f4bde,449.56
66ff264012c6c047a3599c3b6771d504c6662207,442.99
9ae3df9993f3f5991d0e6fd96c649d93d547d475,429.22
dc0b7cb2754e714a4e65553b7ef3d186f52d1004,445.45
a28fb8eae225ac16279a6086420f310145bf6100,2363.28
49eb02fe329f0bf1bbc847f613c8aa147e6c5330,444.30
411c01ff53f56f0b84bee210ad75c8c2114efa55,436.62
16ca9214be8e4a6eb8b37dcfaaf21a79595d95f3,440.03
0d8ec3812c8a3617e3f4fb2c6325059ee695f1a7,443.03
f16c0c17aa38ecff097f5fc50db7cd5e247c8737,438.99
08e2a7fc2f487328f1b514e07cc9f4c9ff3d3814,446.53
3fb9295d4ce19e1d9bc06dd354dcfba981827abf,443.03
f36b950de16f6db134bd98969cd8fbe578d37480,438.55
db9efbd54c6ff876768eb874f7e9fe84a6632729,427.93
508718bcf66279c837a3a8bc6fc48022670afd6c,439.31
920ffd8ddd2645c560d905c2a53340cdafe4f96e,451.19
8749726a79c22451b1f01b14fb2137f734e926b4,437.66
7b9f17760049161b775fd23b15653961620e259d,446.78
694efa8bac3d66717efe7e202e47347355e07c0b,429.18
db9efbd54c6ff876768eb874f7e9fe84a6632729,429.38
64ec9cfb151f26e85c0c206ce6aba063695e47cd,427.00
16ca9214be8e4a6eb8b37dcfaaf21a79595d95f3,438.47
8749726a79c22451b1f01b14fb2137f734e926b4,441.76
cc494e90ae10aff90f1e7ad4da5dd092e23d53f6,435.44
f11c3b4f92660b44dae8f6541c9b6908e6196b3a,454.28
93ff111c590ea57b311705360111a3e54329a026,442.99
0d8ec3812c8a3617e3f4fb2c6325059ee695f1a7,440.81
6dbe51b3f6d4db7a17fd103a5d2f138e5edafe19,429.89
5998a3eaaea26882550b657ff4d1f00e6b04fa1a,444.40
f36b950de16f6db134bd98969cd8fbe578d37480,442.92
a7b577255442124a8af87a0eccdb053e17d8c211,425.84
8749726a79c22451b1f01b14fb2137f734e926b4,439.74
9008cbf66ca4a89d02ba26630fb818524e790974,447.70
1ea48c83ae09d9428ac47382decff0bd2d4f4bde,440.73
76de9d87000f375749f355a7d7d6af9fe37c3558,436.20
ab4890183496beea6d4908c4adb672e15c1136a5,437.92
21334edbe26d02d8c9a882c6079f3fcfd179eb66,440.85
e9909538549c96800dad1e94284b99575d1be628,439.02
12a4abda3aeb213ed05e0aa500e2e6b70dbb9cca,460.77
785d41a37f6c311084ebf2d23e83f4ceb4bb94ed,663.04
70b2cf9a73e38bd3831a8e196c84556275c3f588,440.80
d0a7e3a00350ea9bdca6a1f005ccc75e5b2d19d4,435.68
71608a8424e1ad5d110a71d93313c370b2923411,443.38
7d1723336c20ee0c31d0b4ed11a252c9e29abe97,431.16
f45de034880877582fb6414c4d09f40c5999ac70,452.47
3fb9295d4ce19e1d9bc06dd354dcfba981827abf,448.57
66ff264012c6c047a3599c3b6771d504c6662207,442.30
9fcda18b6824b0c46986bff8f1c9ecc3bf5872f4,426.38
b800dd756bf956aa210165073824bfcf159780fd,451.45
70b2cf9a73e38bd3831a8e196c84556275c3f588,439.02
39915966a8b7329cdae21623f239e652fb6af763,426.09
ad03c445e1384a2b7168c6889461f973b008317b,440.29
5998a3eaaea26882550b657ff4d1f00e6b04fa1a,443.26
b8d2e2108b16d5db3ce6f5744a49d4ebc4b7a46f,439.24
3d6f1e47ccf93d01364ed5f7603fa66d43eae0e2,441.10
c114eb0589d947dfe6f047c546380c3cfe413453,610.67
4ad65182dbdfec91d7795206bef4342673cb8f11,440.71
128b3f8212e357468cb608546a52da3826903fad,442.00
16ca9214be8e4a6eb8b37dcfaaf21a79595d95f3,451.67
0d8ec3812c8a3617e3f4fb2c6325059ee695f1a7,441.70
16ca9214be8e4a6eb8b37dcfaaf21a79595d95f3,440.40
9ae3df9993f3f5991d0e6fd96c649d93d547d475,430.77
49eb02fe329f0bf1bbc847f613c8aa147e6c5330,444.32
863bad7886c1bbf84391f5e9e330f20a4daf8894,437.95
6dbe51b3f6d4db7a17fd103a5d2f138e5edafe19,427.12
912d3c14f98af2b3a77eeabf536617ebc9c6f665,447.83
e36279116113c62b60e6c95580abb327401d9e09,445.88
481542f5c74c013b06f6b80e8e9bb30ddad382dd,425.42
dbbe693c9fbeef94d663c963b57ea379c75806a1,444.66
411c01ff53f56f0b84bee210ad75c8c2114efa55,435.85
c2ecaa18c25d92d260718217e5ba1f0496cb8eb2,438.33
ae7308a2832897f351712e44f656a3e71fac7efc,448.78
f31916f55db7d57b67b71c469105978692b88cf5,441.95
70b2cf9a73e38bd3831a8e196c84556275c3f588,436.87
1bc34292ffd940a8936ed317a4bf617dfc66f0cb,445.67
21334edbe26d02d8c9a882c6079f3fcfd179eb66,439.67
f45de034880877582fb6414c4d09f40c5999ac70,450.56
12a4abda3aeb213ed05e0aa500e2e6b70dbb9cca,438.65
b800dd756bf956aa210165073824bfcf159780fd,441.60
6dbe51b3f6d4db7a17fd103a5d2f138e5edafe19,426.34
93ff111c590ea57b311705360111a3e54329a026,435.22
9ff954f3876690504457be9c5f6067593df6ce19,441.75
ab4890183496beea6d4908c4adb672e15c1136a5,440.41
70b2cf9a73e38bd3831a8e196c84556275c3f588,437.06
39915966a8b7329cdae21623f239e652fb6af763,429.34
1ea48c83ae09d9428ac47382decff0bd2d4f4bde,445.51
3d6f1e47ccf93d01364ed5f7603fa66d43eae0e2,442.42
863bad7886c1bbf84391f5e9e330f20a4daf8894,441.22
76de9d87000f375749f355a7d7d6af9fe37c3558,444.65
cbc1cf3469f842ff44155b4ebf3fbd15ec95fd31,442.32
a7b577255442124a8af87a0eccdb053e17d8c211,429.22
ae7308a2832897f351712e44f656a3e71fac7efc,442.47
dbbe693c9fbeef94d663c963b57ea379c75806a1,439.59
8749726a79c22451b1f01b14fb2137f734e926b4,445.72
4a470a028e1f146c04695819c48b9ec8b7950f36,443.20
49eb02fe329f0bf1bbc847f613c8aa147e6c5330,437.04
f16c0c17aa38ecff097f5fc50db7cd5e247c8737,437.49
c98349a7fb5598f0cbac88130520171bd6f253c1,441.26
fa8a8deb6e03ee00c10138f42b9b5cf83803e425,433.86
f36b950de16f6db134bd98969cd8fbe578d37480,440.08
39915966a8b7329cdae21623f239e652fb6af763,429.89
16ca9214be8e4a6eb8b37dcfaaf21a79595d95f3,442.84
7fe868089855c33d6345e740bfdbe6f140794598,440.83
49eb02fe329f0bf1bbc847f613c8aa147e6c5330,452.69
a7b577255442124a8af87a0eccdb053e17d8c211,429.96
51cb86699beae26b74c594e2daaa098116f9f572,455.42
6dbe51b3f6d4db7a17fd103a5d2f138e5edafe19,430.98
71608a8424e1ad5d110a71d93313c370b2923411,437.29
481542f5c74c013b06f6b80e8e9bb30ddad382dd,430.78
a6d9d213ae51fdf9ce8d9d4f9b2a124ba3886354,425.83
1ea48c83ae09d9428ac47382decff0bd2d4f4bde,437.66
16ca9214be8e4a6eb8b37dcfaaf21a79595d95f3,444.86
a14fb16d6430d8de4bf31c898d119ab713840c2d,427.83
a7b577255442124a8af87a0eccdb053e17d8c211,431.94
8749726a79c22451b1f01b14fb2137f734e926b4,436.82
8749726a79c22451b1f01b14fb2137f734e926b4,443.46
21334edbe26d02d8c9a882c6079f3fcfd179eb66,442.38
fa8a8deb6e03ee00c10138f42b9b5cf83803e425,433.19
e36279116113c62b60e6c95580abb327401d9e09,444.09
16ca9214be8e4a6eb8b37dcfaaf21a79595d95f3,440.79
43a39b308abfbe39ea06729277d0630786b9956d,440.01
39915966a8b7329cdae21623f239e652fb6af763,424.17
ae80e51cf54971b6322b9b571734ffa5507c4947,438.42
43a39b308abfbe39ea06729277d0630786b9956d,438.28
c98349a7fb5598f0cbac88130520171bd6f253c1,439.82
912d3c14f98af2b3a77eeabf536617ebc9c6f665,437.57
e36279116113c62b60e6c95580abb327401d9e09,443.55
f317c04acf821d61601f5d986252db40505153bc,429.28
e36279116113c62b60e6c95580abb327401d9e09,438.08
9008cbf66ca4a89d02ba26630fb818524e790974,446.71
cc494e90ae10aff90f1e7ad4da5dd092e23d53f6,439.08
e36279116113c62b60e6c95580abb327401d9e09,443.30
f36b950de16f6db134bd98969cd8fbe578d37480,442.61
b8d2e2108b16d5db3ce6f5744a49d4ebc4b7a46f,444.76
35ba2dd27d69d1d09fed6f7a3c690f2bd121cb0f,436.45
b800dd756bf956aa210165073824bfcf159780fd,440.02
c114eb0589d947dfe6f047c546380c3cfe413453,600.34
eeea5cbcf85aaf64b659fd8d4b71fe59059c4b46,429.78
7171cec2dfd3c8b58645b69970425864abf8ba1f,442.37
f31916f55db7d57b67b71c469105978692b88cf5,437.38
694efa8bac3d66717efe7e202e47347355e07c0b,425.24
9ff954f3876690504457be9c5f6067593df6ce19,441.32
785d41a37f6c311084ebf2d23e83f4ceb4bb94ed,583.68
70b2cf9a73e38bd3831a8e196c84556275c3f588,437.50
ad03c445e1384a2b7168c6889461f973b008317b,449.89
a14fb16d6430d8de4bf31c898d119ab713840c2d,429.27
e42cce476c0749899dcf7d50ba36aa1dbdaf7fbf,428.67
29c9d48278aafb4a4390e3ee923cd68e6086a17f,431.67
3fb895c9a9185c04eb263ef77038cd7ec8b5dfa7,434.97
6dbe51b3f6d4db7a17fd103a5d2f138e5edafe19,429.44
9ae3df9993f3f5991d0e6fd96c649d93d547d475,430.28
6d9081bba66809602428ea0b0f7ea78229b3087a,431.51
71608a8424e1ad5d110a71d93313c370b2923411,439.83
863bad7886c1bbf84391f5e9e330f20a4daf8894,439.21
f45de034880877582fb6414c4d09f40c5999ac70,439.69
ab4890183496beea6d4908c4adb672e15c1136a5,447.59
3fb9295d4ce19e1d9bc06dd354dcfba981827abf,442.52
6dbe51b3f6d4db7a17fd103a5d2f138e5edafe19,426.97
f36b950de16f6db134bd98969cd8fbe578d37480,441.78
c8807e900cb66f83a5d1f28d02e55528ff6d67ba,437.84
a14fb16d6430d8de4bf31c898d119ab713840c2d,425.06
2509766946d20c1339c56d5aa0970c522efd2417,437.03
c2ecaa18c25d92d260718217e5ba1f0496cb8eb2,440.77
21334edbe26d02d8c9a882c6079f3fcfd179eb66,441.81
5998a3eaaea26882550b657ff4d1f00e6b04fa1a,445.35
a6d9d213ae51fdf9ce8d9d4f9b2a124ba3886354,426.87
dc0b7cb2754e714a4e65553b7ef3d186f52d1004,443.36
81d1fb98e61ff42c856504b1427a700cda7707f2,437.86
39915966a8b7329cdae21623f239e652fb6af763,426.29
3fb9295d4ce19e1d9bc06dd354dcfba981827abf,441.13
9c46f13fc4b17bfa6c3cb58945568ae8d8b191af,635.67
9c46f13fc4b17bfa6c3cb58945568ae8d8b191af,567.08
128b3f8212e357468cb608546a52da3826903fad,441.68
39915966a8b7329cdae21623f239e652fb6af763,433.88
66ff264012c6c047a3599c3b6771d504c6662207,444.40
e42cce476c0749899dcf7d50ba36aa1dbdaf7fbf,428.16
29c9d48278aafb4a4390e3ee923cd68e6086a17f,424.73
eeea5cbcf85aaf64b659fd8d4b71fe59059c4b46,428.89
3d6f1e47ccf93d01364ed5f7603fa66d43eae0e2,439.79
81d1fb98e61ff42c856504b1427a700cda7707f2,437.64
ae7308a2832897f351712e44f656a3e71fac7efc,442.80
f31916f55db7d57b67b71c469105978692b88cf5,442.25
a7b577255442124a8af87a0eccdb053e17d8c211,427.11
ab4890183496beea6d4908c4adb672e15c1136a5,453.30
437d8eca9f51dd0ed7af5b828412ee96ac192f17,439.61
863bad7886c1bbf84391f5e9e330f20a4daf8894,437.95
f45de034880877582fb6414c4d09f40c5999ac70,433.51
49eb02fe329f0bf1bbc847f613c8aa147e6c5330,441.10
a7b577255442124a8af87a0eccdb053e17d8c211,425.62
ae7308a2832897f351712e44f656a3e71fac7efc,443.80
ab4890183496beea6d4908c4adb672e15c1136a5,439.01
e9909538549c96800dad1e94284b99575d1be628,442.69
7171cec2dfd3c8b58645b69970425864abf8ba1f,439.70
2509766946d20c1339c56d5aa0970c522efd2417,453.57
ad03c445e1384a2b7168c6889461f973b008317b,437.93
c8807e900cb66f83a5d1f28d02e55528ff6d67ba,428.09
291ba4d3c087aa96d935021ec9403de53d3e4166,443.71
dc0b7cb2754e714a4e65553b7ef3d186f52d1004,438.80
508718bcf66279c837a3a8bc6fc48022670afd6c,439.38
6d9081bba66809602428ea0b0f7ea78229b3087a,428.52
c98349a7fb5598f0cbac88130520171bd6f253c1,440.67
4a470a028e1f146c04695819c48b9ec8b7950f36,446.19
f9d8a9c8a47be87c6d4f949dc24c6520e84590d0,428.28
291ba4d3c087aa96d935021ec9403de53d3e4166,438.38
35ba2dd27d69d1d09fed6f7a3c690f2bd121cb0f,439.42
481542f5c74c013b06f6b80e8e9bb30ddad382dd,430.14
291ba4d3c087aa96d935021ec9403de53d3e4166,441.89
35ba2dd27d69d1d09fed6f7a3c690f2bd121cb0f,441.29
3d6f1e47ccf93d01364ed5f7603fa66d43eae0e2,443.85
3d6f1e47ccf93d01364ed5f7603fa66d43eae0e2,441.44
f16c0c17aa38ecff097f5fc50db7cd5e247c8737,439.71
0d8ec3812c8a3617e3f4fb2c6325059ee695f1a7,442.51
ae7308a2832897f351712e44f656a3e71fac7efc,458.59
dbbe693c9fbeef94d663c963b57ea379c75806a1,441.85
d0418222830f42f4f0c770e406f71454ea50e56d,438.06
3fb9295d4ce19e1d9bc06dd354dcfba981827abf,445.44
ae7308a2832897f351712e44f656a3e71fac7efc,441.97
1ea48c83ae09d9428ac47382decff0bd2d4f4bde,445.98
0d8ec3812c8a3617e3f4fb2c6325059ee695f1a7,443.84
f11c3b4f92660b44dae8f6541c9b6908e6196b3a,439.36
f9d8a9c8a47be87c6d4f949dc24c6520e84590d0,427.90
f317c04acf821d61601f5d986252db40505153bc,424.70
71608a8424e1ad5d110a71d93313c370b2923411,440.50
d0418222830f42f4f0c770e406f71454ea50e56d,439.33
ad03c445e1384a2b7168c6889461f973b008317b,443.43
51cb86699beae26b74c594e2daaa098116f9f572,447.42
9ae3df9993f3f5991d0e6fd96c649d93d547d475,432.91
dc0b7cb2754e714a4e65553b7ef3d186f52d1004,439.16
16ca9214be8e4a6eb8b37dcfaaf21a79595d95f3,443.32
43a39b308abfbe39ea06729277d0630786b9956d,440.05
3fb9295d4ce19e1d9bc06dd354dcfba981827abf,438.74
f16c0c17aa38ecff097f5fc50db7cd5e247c8737,442.26
ae7308a2832897f351712e44f656a3e71fac7efc,441.52
7b9f17760049161b775fd23b15653961620e259d,444.56
a6d9d213ae51fdf9ce8d9d4f9b2a124ba3886354,429.68
9ff954f3876690504457be9c5f6067593df6ce19,442.66
51cb86699beae26b74c594e2daaa098116f9f572,444.02
5998a3eaaea26882550b657ff4d1f00e6b04fa1a,441.18
cbc1cf3469f842ff44155b4ebf3fbd15ec95fd31,438.30
e9909538549c96800dad1e94284b99575d1be628,452.97
4ad65182dbdfec91d7795206bef4342673cb8f11,444.33
51cb86699beae26b74c594e2daaa098116f9f572,434.59
3fb9295d4ce19e1d9bc06dd354dcfba981827abf,443.91
d0a7e3a00350ea9bdca6a1f005ccc75e5b2d19d4,446.66
51cb86699beae26b74c594e2daaa098116f9f572,438.37
29c9d48278aafb4a4390e3ee923cd68e6086a17f,435.92
694efa8bac3d66717efe7e202e47347355e07c0b,433.88
c98349a7fb5598f0cbac88130520171bd6f253c1,440.13
29c9d48278aafb4a4390e3ee923cd68e6086a17f,426.71
70b2cf9a73e38bd3831a8e196c84556275c3f588,441.04
9008cbf66ca4a89d02ba26630fb818524e790974,447.76
29c9d48278aafb4a4390e3ee923cd68e6086a17f,436.84
fa8a8deb6e03ee00c10138f42b9b5cf83803e425,430.47
4ad65182dbdfec91d7795206bef4342673cb8f11,446.85
f45de034880877582fb6414c4d09f40c5999ac70,453.83
64ec9cfb151f26e85c0c206ce6aba063695e47cd,426.49
a14fb16d6430d8de4bf31c898d119ab713840c2d,427.08
64ec9cfb151f26e85c0c206ce6aba063695e47cd,431.40
a28fb8eae225ac16279a6086420f310145bf6100,444.25
f16c0c17aa38ecff097f5fc50db7cd5e247c8737,438.27
0d8ec3812c8a3617e3f4fb2c6325059ee695f1a7,437.58
08e2a7fc2f487328f1b514e07cc9f4c9ff3d3814,445.31
12a4abda3aeb213ed05e0aa500e2e6b70dbb9cca,444.61
f9ffaf49226a04a15698050b3978d85585be0894,444.55
f45de034880877582fb6414c4d09f40c5999ac70,454.02
81d1fb98e61ff42c856504b1427a700cda7707f2,442.33
f36b950de16f6db134bd98969cd8fbe578d37480,441.05
9008cbf66ca4a89d02ba26630fb818524e790974,437.68
4a470a028e1f146c04695819c48b9ec8b7950f36,441.77
c114eb0589d947dfe6f047c546380c3cfe413453,605.60
f317c04acf821d61601f5d986252db40505153bc,424.13
128b3f8212e357468cb608546a52da3826903fad,454.84
9008cbf66ca4a89d02ba26630fb818524e790974,448.51
6d9081bba66809602428ea0b0f7ea78229b3087a,426.43
3fb9295d4ce19e1d9bc06dd354dcfba981827abf,438.91
cbc1cf3469f842ff44155b4ebf3fbd15ec95fd31,441.52
481542f5c74c013b06f6b80e8e9bb30ddad382dd,428.13
e36279116113c62b60e6c95580abb327401d9e09,441.53
f11c3b4f92660b44dae8f6541c9b6908e6196b3a,439.90
64ec9cfb151f26e85c0c206ce6aba063695e47cd,429.53
863bad7886c1bbf84391f5e9e330f20a4daf8894,448.91
1bc34292ffd940a8936ed317a4bf617dfc66f0cb,437.24
a28fb8eae225ac16279a6086420f310145bf6100,443.77
7171cec2dfd3c8b58645b69970425864abf8ba1f,447.98
863bad7886c1bbf84391f5e9e330f20a4daf8894,438.33
cc494e90ae10aff90f1e7ad4da5dd092e23d53f6,450.42
9008cbf66ca4a89d02ba26630fb818524e790974,442.87
785d41a37f6c311084ebf2d23e83f4ceb4bb94ed,610.64
08e2a7fc2f487328f1b514e07cc9f4c9ff3d3814,440.18
4ad65182dbdfec91d7795206bef4342673cb8f11,456.11
dbbe693c9fbeef94d663c963b57ea379c75806a1,439.86
c98349a7fb5598f0cbac88130520171bd6f253c1,437.89
437d8eca9f51dd0ed7af5b828412ee96ac192f17,440.80
dbbe693c9fbeef94d663c963b57ea379c75806a1,442.31
9008cbf66ca4a89d02ba26630fb818524e790974,442.81
e42cce476c0749899dcf7d50ba36aa1dbdaf7fbf,441.07
6d9081bba66809602428ea0b0f7ea78229b3087a,425.33
7d1723336c20ee0c31d0b4ed11a252c9e29abe97,434.23
437d8eca9f51dd0ed7af5b828412ee96ac192f17,439.32
0d8ec3812c8a3617e3f4fb2c6325059ee695f1a7,447.39
277949e7115059f6f0071e1b3418b6f6cbf48e48,431.14
eeea5cbcf85aaf64b659fd8d4b71fe59059c4b46,426.02
0d8ec3812c8a3617e3f4fb2c6325059ee695f1a7,444.45
3fb9295d4ce19e1d9bc06dd354dcfba981827abf,452.37
6d9081bba66809602428ea0b0f7ea78229b3087a,441.51
920ffd8ddd2645c560d905c2a53340cdafe4f96e,443.42
51cb86699beae26b74c594e2daaa098116f9f572,434.92
f36b950de16f6db134bd98969cd8fbe578d37480,451.23
f36b950de16f6db134bd98969cd8fbe578d37480,437.31
9ae3df9993f3f5991d0e6fd96c649d93d547d475,426.99
2509766946d20c1339c56d5aa0970c522efd2417,451.82
3d6f1e47ccf93d01364ed5f7603fa66d43eae0e2,434.88
7b9f17760049161b775fd23b15653961620e259d,441.16
a6d9d213ae51fdf9ce8d9d4f9b2a124ba3886354,437.82
c98349a7fb5598f0cbac88130520171bd6f253c1,438.52
dc0b7cb2754e714a4e65553b7ef3d186f52d1004,435.96
128b3f8212e357468cb608546a52da3826903fad,441.31
4a470a028e1f146c04695819c48b9ec8b7950f36,439.91
db9efbd54c6ff876768eb874f7e9fe84a6632729,437.63
b800dd756bf956aa210165073824bfcf159780fd,444.78
e36279116113c62b60e6c95580abb327401d9e09,456.85
76de9d87000f375749f355a7d7d6af9fe37c3558,434.99
7171cec2dfd3c8b58645b69970425864abf8ba1f,437.33
4ad65182dbdfec91d7795206bef4342673cb8f11,444.54
ae80e51cf54971b6322b9b571734ffa5507c4947,436.34
db9efbd54c6ff876768eb874f7e9fe84a6632729,426.50
f11c3b4f92660b44dae8f6541c9b6908e6196b3a,446.99
c8807e900cb66f83a5d1f28d02e55528ff6d67ba,429.91
12a4abda3aeb213ed05e0aa500e2e6b70dbb9cca,442.63
9c46f13fc4b17bfa6c3cb58945568ae8d8b191af,617.01
1bc34292ffd940a8936ed317a4bf617dfc66f0cb,438.55
9ff954f3876690504457be9c5f6067593df6ce19,439.74
437d8eca9f51dd0ed7af5b828412ee96ac192f17,439.07
f9d8a9c8a47be87c6d4f949dc24c6520e84590d0,433.26
c114eb0589d947dfe6f047c546380c3cfe413453,573.97
f45de034880877582fb6414c4d09f40c5999ac70,442.13
7eefa1b51eb9fdc36b0762c0bbc417aff4b19a39,426.51
4a470a028e1f146c04695819c48b9ec8b7950f36,443.28
64ec9cfb151f26e85c0c206ce6aba063695e47cd,431.36
6d9081bba66809602428ea0b0f7ea78229b3087a,426.53
fa8a8deb6e03ee00c10138f42b9b5cf83803e425,424.47
f317c04acf821d61601f5d986252db40505153bc,436.05
eeea5cbcf85aaf64b659fd8d4b71fe59059c4b46,422.82
f16c0c17aa38ecff097f5fc50db7cd5e247c8737,439.11
f45de034880877582fb6414c4d09f40c5999ac70,441.27
66ff264012c6c047a3599c3b6771d504c6662207,438.46
39915966a8b7329cdae21623f239e652fb6af763,426.40
f9d8a9c8a47be87c6d4f949dc24c6520e84590d0,432.11
43a39b308abfbe39ea06729277d0630786b9956d,440.31
c8807e900cb66f83a5d1f28d02e55528ff6d67ba,425.23
f9ffaf49226a04a15698050b3978d85585be0894,440.88
3fb895c9a9185c04eb263ef77038cd7ec8b5dfa7,441.65
21334edbe26d02d8c9a882c6079f3fcfd179eb66,438.25
b320c9c28c7223beedabb355d7837596cf0a1ba8,440.01
920ffd8ddd2645c560d905c2a53340cdafe4f96e,445.15
66ff264012c6c047a3599c3b6771d504c6662207,438.51
a28fb8eae225ac16279a6086420f310145bf6100,442.65
64ec9cfb151f26e85c0c206ce6aba063695e47cd,435.00
694efa8bac3d66717efe7e202e47347355e07c0b,430.68
21334edbe26d02d8c9a882c6079f3fcfd179eb66,442.96
ab4890183496beea6d4908c4adb672e15c1136a5,441.37
a28fb8eae225ac16279a6086420f310145bf6100,440.21
f9ffaf49226a04a15698050b3978d85585be0894,439.19
f317c04acf821d61601f5d986252db40505153bc,426.56
c8807e900cb66f83a5d1f28d02e55528ff6d67ba,421.88
5998a3eaaea26882550b657ff4d1f00e6b04fa1a,441.42
f9d8a9c8a47be87c6d4f949dc24c6520e84590d0,429.69
39915966a8b7329cdae21623f239e652fb6af763,432.52
481542f5c74c013b06f6b80e8e9bb30ddad382dd,436.07
3fb9295d4ce19e1d9bc06dd354dcfba981827abf,438.99
5998a3eaaea26882550b657ff4d1f00e6b04fa1a,456.63
eeea5cbcf85aaf64b659fd8d4b71fe59059c4b46,425.27
b800dd756bf956aa210165073824bfcf159780fd,438.02
16ca9214be8e4a6eb8b37dcfaaf21a79595d95f3,436.55
920ffd8ddd2645c560d905c2a53340cdafe4f96e,444.59
76de9d87000f375749f355a7d7d6af9fe37c3558,439.32
eeea5cbcf85aaf64b659fd8d4b71fe59059c4b46,433.69
cc494e90ae10aff90f1e7ad4da5dd092e23d53f6,444.12
e42cce476c0749899dcf7d50ba36aa1dbdaf7fbf,424.11
9ae3df9993f3f5991d0e6fd96c649d93d547d475,429.44
ad03c445e1384a2b7168c6889461f973b008317b,443.61
6dbe51b3f6d4db7a17fd103a5d2f138e5edafe19,434.95
c2ecaa18c25d92d260718217e5ba1f0496cb8eb2,450.07
35ba2dd27d69d1d09fed6f7a3c690f2bd121cb0f,438.28
7eefa1b51eb9fdc36b0762c0bbc417aff4b19a39,425.28
437d8eca9f51dd0ed7af5b828412ee96ac192f17,434.75
7d1723336c20ee0c31d0b4ed11a252c9e29abe97,435.27
7171cec2dfd3c8b58645b69970425864abf8ba1f,437.98
ae7308a2832897f351712e44f656a3e71fac7efc,444.34
e42cce476c0749899dcf7d50ba36aa1dbdaf7fbf,436.85
e9909538549c96800dad1e94284b99575d1be628,452.02
9c46f13fc4b17bfa6c3cb58945568ae8d8b191af,599.14
128b3f8212e357468cb608546a52da3826903fad,441.36
81d1fb98e61ff42c856504b1427a700cda7707f2,435.30
128b3f8212e357468cb608546a52da3826903fad,439.57
a7b577255442124a8af87a0eccdb053e17d8c211,427.86
b8d2e2108b16d5db3ce6f5744a49d4ebc4b7a46f,453.83
508718bcf66279c837a3a8bc6fc48022670afd6c,439.38
785d41a37f6c311084ebf2d23e83f4ceb4bb94ed,582.72
21334edbe26d02d8c9a882c6079f3fcfd179eb66,447.61
a7b577255442124a8af87a0eccdb053e17d8c211,422.68
29c9d48278aafb4a4390e3ee923cd68e6086a17f,438.19
b800dd756bf956aa210165073824bfcf159780fd,441.79
66ff264012c6c047a3599c3b6771d504c6662207,442.24
f317c04acf821d61601f5d986252db40505153bc,431.91
66ff264012c6c047a3599c3b6771d504c6662207,444.42
eeea5cbcf85aaf64b659fd8d4b71fe59059c4b46,427.36
411c01ff53f56f0b84bee210ad75c8c2114efa55,437.85
863bad7886c1bbf84391f5e9e330f20a4daf8894,444.75
76de9d87000f375749f355a7d7d6af9fe37c3558,438.07
437d8eca9f51dd0ed7af5b828412ee96ac192f17,435.59
66ff264012c6c047a3599c3b6771d504c6662207,454.39
76de9d87000f375749f355a7d7d6af9fe37c3558,441.54
128b3f8212e357468cb608546a52da3826903fad,450.55
76de9d87000f375749f355a7d7d6af9fe37c3558,438.17
a6d9d213ae51fdf9ce8d9d4f9b2a124ba3886354,422.29
2509766946d20c1339c56d5aa0970c522efd2417,441.78
7fe868089855c33d6345e740bfdbe6f140794598,441.08
43a39b308abfbe39ea06729277d0630786b9956d,441.17
4ad65182dbdfec91d7795206bef4342673cb8f11,449.82
16ca9214be8e4a6eb8b37dcfaaf21a79595d95f3,443.48
eeea5cbcf85aaf64b659fd8d4b71fe59059c4b46,424.75
c8807e900cb66f83a5d1f28d02e55528ff6d67ba,429.03
7fe868089855c33d6345e740bfdbe6f140794598,438.55
7fe868089855c33d6345e740bfdbe6f140794598,436.71
d0a7e3a00350ea9bdca6a1f005ccc75e5b2d19d4,445.08
f36b950de16f6db134bd98969cd8fbe578d37480,449.63
7d1723336c20ee0c31d0b4ed11a252c9e29abe97,425.22
49eb02fe329f0bf1bbc847f613c8aa147e6c5330,448.09
29c9d48278aafb4a4390e3ee923cd68e6086a17f,425.62
3fb9295d4ce19e1d9bc06dd354dcfba981827abf,440.14
dc0b7cb2754e714a4e65553b7ef3d186f52d1004,439.23
35ba2dd27d69d1d09fed6f7a3c690f2bd121cb0f,437.17
ab4890183496beea6d4908c4adb672e15c1136a5,452.75
f45de034880877582fb6414c4d09f40c5999ac70,439.45
d0418222830f42f4f0c770e406f71454ea50e56d,450.16
39915966a8b7329cdae21623f239e652fb6af763,427.35
ad03c445e1384a2b7168c6889461f973b008317b,440.38
c2ecaa18c25d92d260718217e5ba1f0496cb8eb2,442.50
4ad65182dbdfec91d7795206bef4342673cb8f11,439.87
7d1723336c20ee0c31d0b4ed11a252c9e29abe97,438.68
f31916f55db7d57b67b71c469105978692b88cf5,438.98
2509766946d20c1339c56d5aa0970c522efd2417,451.16
f45de034880877582fb6414c4d09f40c5999ac70,437.55
b8d2e2108b16d5db3ce6f5744a49d4ebc4b7a46f,438.46
a14fb16d6430d8de4bf31c898d119ab713840c2d,431.33
508718bcf66279c837a3a8bc6fc48022670afd6c,442.98
76de9d87000f375749f355a7d7d6af9fe37c3558,436.35
7fe868089855c33d6345e740bfdbe6f140794598,444.84
e42cce476c0749899dcf7d50ba36aa1dbdaf7fbf,435.84
f9ffaf49226a04a15698050b3978d85585be0894,445.68
08e2a7fc2f487328f1b514e07cc9f4c9ff3d3814,441.50
7b9f17760049161b775fd23b15653961620e259d,452.13
b800dd756bf956aa210165073824bfcf159780fd,441.33
d0418222830f42f4f0c770e406f71454ea50e56d,436.86
a6d9d213ae51fdf9ce8d9d4f9b2a124ba3886354,423.12
1bc34292ffd940a8936ed317a4bf617dfc66f0cb,436.66
f317c04acf821d61601f5d986252db40505153bc,425.07
cbc1cf3469f842ff44155b4ebf3fbd15ec95fd31,447.52
d0a7e3a00350ea9bdca6a1f005ccc75e5b2d19d4,439.32
71608a8424e1ad5d110a71d93313c370b2923411,440.76
411c01ff53f56f0b84bee210ad75c8c2114efa55,448.80
7171cec2dfd3c8b58645b69970425864abf8ba1f,438.14
e42cce476c0749899dcf7d50ba36aa1dbdaf7fbf,438.95
4a470a028e1f146c04695819c48b9ec8b7950f36,438.46
fa8a8deb6e03ee00c10138f42b9b5cf83803e425,430.81
f317c04acf821d61601f5d986252db40505153bc,427.76
7eefa1b51eb9fdc36b0762c0bbc417aff4b19a39,427.71
ab4890183496beea6d4908c4adb672e15c1136a5,443.55
6d9081bba66809602428ea0b0f7ea78229b3087a,429.74
b320c9c28c7223beedabb355d7837596cf0a1ba8,422.10
920ffd8ddd2645c560d905c2a53340cdafe4f96e,439.59
7171cec2dfd3c8b58645b69970425864abf8ba1f,439.82
b8d2e2108b16d5db3ce6f5744a49d4ebc4b7a46f,448.27
ae7308a2832897f351712e44f656a3e71fac7efc,443.27
70b2cf9a73e38bd3831a8e196c84556275c3f588,441.76
71608a8424e1ad5d110a71d93313c370b2923411,444.75
7eefa1b51eb9fdc36b0762c0bbc417aff4b19a39,424.40
f9ffaf49226a04a15698050b3978d85585be0894,441.09
291ba4d3c087aa96d935021ec9403de53d3e4166,444.69
ad03c445e1384a2b7168c6889461f973b008317b,437.11
35ba2dd27d69d1d09fed6f7a3c690f2bd121cb0f,436.41
7b9f17760049161b775fd23b15653961620e259d,441.54
d0a7e3a00350ea9bdca6a1f005ccc75e5b2d19d4,444.71
12a4abda3aeb213ed05e0aa500e2e6b70dbb9cca,435.70
7b9f17760049161b775fd23b15653961620e259d,441.18
e42cce476c0749899dcf7d50ba36aa1dbdaf7fbf,429.62
4a470a028e1f146c04695819c48b9ec8b7950f36,449.86
c8807e900cb66f83a5d1f28d02e55528ff6d67ba,445.83
a7b577255442124a8af87a0eccdb053e17d8c211,432.58
db9efbd54c6ff876768eb874f7e9fe84a6632729,431.27
ab4890183496beea6d4908c4adb672e15c1136a5,441.96
64ec9cfb151f26e85c0c206ce6aba063695e47cd,444.39
437d8eca9f51dd0ed7af5b828412ee96ac192f17,436.84
0d8ec3812c8a3617e3f4fb2c6325059ee695f1a7,439.68
785d41a37f6c311084ebf2d23e83f4ceb4bb94ed,602.48
7171cec2dfd3c8b58645b69970425864abf8ba1f,446.72
a28fb8eae225ac16279a6086420f310145bf6100,446.76
81d1fb98e61ff42c856504b1427a700cda7707f2,440.95
cc494e90ae10aff90f1e7ad4da5dd092e23d53f6,437.78
f45de034880877582fb6414c4d09f40c5999ac70,441.57
f31916f55db7d57b67b71c469105978692b88cf5,440.98
64ec9cfb151f26e85c0c206ce6aba063695e47cd,426.16
70b2cf9a73e38bd3831a8e196c84556275c3f588,442.78
128b3f8212e357468cb608546a52da3826903fad,442.40
35ba2dd27d69d1d09fed6f7a3c690f2bd121cb0f,449.16
c98349a7fb5598f0cbac88130520171bd6f253c1,440.58
7eefa1b51eb9fdc36b0762c0bbc417aff4b19a39,428.84
ad03c445e1384a2b7168c6889461f973b008317b,440.35
7171cec2dfd3c8b58645b69970425864abf8ba1f,436.84
76de9d87000f375749f355a7d7d6af9fe37c3558,439.00
128b3f8212e357468cb608546a52da3826903fad,444.48
43a39b308abfbe39ea06729277d0630786b9956d,447.63
93ff111c590ea57b311705360111a3e54329a026,439.40
43a39b308abfbe39ea06729277d0630786b9956d,442.92
39915966a8b7329cdae21623f239e652fb6af763,431.51
81d1fb98e61ff42c856504b1427a700cda7707f2,439.16
2509766946d20c1339c56d5aa0970c522efd2417,437.87
fa8a8deb6e03ee00c10138f42b9b5cf83803e425,428.77
ae7308a2832897f351712e44f656a3e71fac7efc,448.66
a28fb8eae225ac16279a6086420f310145bf6100,437.63
9fcda18b6824b0c46986bff8f1c9ecc3bf5872f4,425.88
b800dd756bf956aa210165073824bfcf159780fd,443.75
1bc34292ffd940a8936ed317a4bf617dfc66f0cb,436.84
785d41a37f6c311084ebf2d23e83f4ceb4bb94ed,630.19
3fb895c9a9185c04eb263ef77038cd7ec8b5dfa7,444.50
f16c0c17aa38ecff097f5fc50db7cd5e247c8737,436.84
43a39b308abfbe39ea06729277d0630786b9956d,441.01
e42cce476c0749899dcf7d50ba36aa1dbdaf7fbf,433.92
db9efbd54c6ff876768eb874f7e9fe84a6632729,434.37
9ff954f3876690504457be9c5f6067593df6ce19,439.39
d0418222830f42f4f0c770e406f71454ea50e56d,442.30
21334edbe26d02d8c9a882c6079f3fcfd179eb66,434.40
f9d8a9c8a47be87c6d4f949dc24c6520e84590d0,428.43
1bc34292ffd940a8936ed317a4bf617dfc66f0cb,438.28
b800dd756bf956aa210165073824bfcf159780fd,450.66
7eefa1b51eb9fdc36b0762c0bbc417aff4b19a39,439.22
7171cec2dfd3c8b58645b69970425864abf8ba1f,449.77
6dbe51b3f6d4db7a17fd103a5d2f138e5edafe19,424.92
863bad7886c1bbf84391f5e9e330f20a4daf8894,450.52
437d8eca9f51dd0ed7af5b828412ee96ac192f17,436.71
508718bcf66279c837a3a8bc6fc48022670afd6c,442.60
93ff111c590ea57b311705360111a3e54329a026,441.16
b800dd756bf956aa210165073824bfcf159780fd,443.63
cbc1cf3469f842ff44155b4ebf3fbd15ec95fd31,440.38
12a4abda3aeb213ed05e0aa500e2e6b70dbb9cca,440.21
e36279116113c62b60e6c95580abb327401d9e09,439.28
c114eb0589d947dfe6f047c546380c3cfe413453,617.69
93ff111c590ea57b311705360111a3e54329a026,438.67
920ffd8ddd2645c560d905c2a53340cdafe4f96e,461.89
4ad65182dbdfec91d7795206bef4342673cb8f11,445.00
f31916f55db7d57b67b71c469105978692b88cf5,441.81
7b9f17760049161b775fd23b15653961620e259d,440.42
9fcda18b6824b0c46986bff8f1c9ecc3bf5872f4,429.79
d0a7e3a00350ea9bdca6a1f005ccc75e5b2d19d4,442.79
70b2cf9a73e38bd3831a8e196c84556275c3f588,438.19
277949e7115059f6f0071e1b3418b6f6cbf48e48,431.91
2509766946d20c1339c56d5aa0970c522efd2417,445.06
dbbe693c9fbeef94d663c963b57ea379c75806a1,445.94
12a4abda3aeb213ed05e0aa500e2e6b70dbb9cca,444.14
1ea48c83ae09d9428ac47382decff0bd2d4f4bde,443.17
db9efbd54c6ff876768eb874f7e9fe84a6632729,428.28
f36b950de16f6db134bd98969cd8fbe578d37480,442.11
c98349a7fb5598f0cbac88130520171bd6f253c1,440.37
437d8eca9f51dd0ed7af5b828412ee96ac192f17,436.92
66ff264012c6c047a3599c3b6771d504c6662207,443.06
508718bcf66279c837a3a8bc6fc48022670afd6c,438.17
f31916f55db7d57b67b71c469105978692b88cf5,439.78
fa8a8deb6e03ee00c10138f42b9b5cf83803e425,431.77
dbbe693c9fbeef94d663c963b57ea379c75806a1,449.10
dc0b7cb2754e714a4e65553b7ef3d186f52d1004,439.28
481542f5c74c013b06f6b80e8e9bb30ddad382dd,440.03
a6d9d213ae51fdf9ce8d9d4f9b2a124ba3886354,428.33
ad03c445e1384a2b7168c6889461f973b008317b,439.82
3d6f1e47ccf93d01364ed5f7603fa66d43eae0e2,440.20
08e2a7fc2f487328f1b514e07cc9f4c9ff3d3814,438.81
51cb86699beae26b74c594e2daaa098116f9f572,436.86
81d1fb98e61ff42c856504b1427a700cda7707f2,437.99
9fcda18b6824b0c46986bff8f1c9ecc3bf5872f4,425.88
3fb9295d4ce19e1d9bc06dd354dcfba981827abf,450.51
49eb02fe329f0bf1bbc847f613c8aa147e6c5330,438.40
e9909538549c96800dad1e94284b99575d1be628,441.49
ab4890183496beea6d4908c4adb672e15c1136a5,444.15
785d41a37f6c311084ebf2d23e83f4ceb4bb94ed,604.72
ae7308a2832897f351712e44f656a3e71fac7efc,439.36
7eefa1b51eb9fdc36b0762c0bbc417aff4b19a39,424.28
f31916f55db7d57b67b71c469105978692b88cf5,444.85
b320c9c28c7223beedabb355d7837596cf0a1ba8,430.68
f11c3b4f92660b44dae8f6541c9b6908e6196b3a,443.52
9fcda18b6824b0c46986bff8f1c9ecc3bf5872f4,429.28
4ad65182dbdfec91d7795206bef4342673cb8f11,439.58
4ad65182dbdfec91d7795206bef4342673cb8f11,441.36
5998a3eaaea26882550b657ff4d1f00e6b04fa1a,439.61
c98349a7fb5598f0cbac88130520171bd6f253c1,444.19
7eefa1b51eb9fdc36b0762c0bbc417aff4b19a39,426.19
b800dd756bf956aa210165073824bfcf159780fd,445.85
35ba2dd27d69d1d09fed6f7a3c690f2bd121cb0f,439.85
9c46f13fc4b17bfa6c3cb58945568ae8d8b191af,647.75
9fcda18b6824b0c46986bff8f1c9ecc3bf5872f4,425.67
b800dd756bf956aa210165073824bfcf159780fd,445.47
411c01ff53f56f0b84bee210ad75c8c2114efa55,459.45
16ca9214be8e4a6eb8b37dcfaaf21a79595d95f3,445.33
fa8a8deb6e03ee00c10138f42b9b5cf83803e425,427.50
7d1723336c20ee0c31d0b4ed11a252c9e29abe97,430.06
9fcda18b6824b0c46986bff8f1c9ecc3bf5872f4,422.76
e9909538549c96800dad1e94284b99575d1be628,444.59
508718bcf66279c837a3a8bc6fc48022670afd6c,450.91
eeea5cbcf85aaf64b659fd8d4b71fe59059c4b46,428.65
0d8ec3812c8a3617e3f4fb2c6325059ee695f1a7,443.26
4a470a028e1f146c04695819c48b9ec8b7950f36,438.29
ad03c445e1384a2b7168c6889461f973b008317b,441.74
1bc34292ffd940a8936ed317a4bf617dfc66f0cb,436.91
ab4890183496beea6d4908c4adb672e15c1136a5,440.28
21334edbe26d02d8c9a882c6079f3fcfd179eb66,446.96
76de9d87000f375749f355a7d7d6af9fe37c3558,436.39
6d9081bba66809602428ea0b0f7ea78229b3087a,425.25
64ec9cfb151f26e85c0c206ce6aba063695e47cd,427.90
912d3c14f98af2b3a77eeabf536617ebc9c6f665,445.78
c98349a7fb5598f0cbac88130520171bd6f253c1,442.77
277949e7115059f6f0071e1b3418b6f6cbf48e48,427.69
912d3c14f98af2b3a77eeabf536617ebc9c6f665,438.82
481542f5c74c013b06f6b80e8e9bb30ddad382dd,429.13
7fe868089855c33d6345e740bfdbe6f140794598,443.50
8749726a79c22451b1f01b14fb2137f734e926b4,436.61
0d8ec3812c8a3617e3f4fb2c6325059ee695f1a7,442.86
cc494e90ae10aff90f1e7ad4da5dd092e23d53f6,436.10
71608a8424e1ad5d110a71d93313c370b2923411,436.70
7171cec2dfd3c8b58645b69970425864abf8ba1f,439.77
93ff111c590ea57b311705360111a3e54329a026,443.39
12a4abda3aeb213ed05e0aa500e2e6b70dbb9cca,435.94
b8d2e2108b16d5db3ce6f5744a49d4ebc4b7a46f,444.81
29c9d48278aafb4a4390e3ee923cd68e6086a17f,423.98
1ea48c83ae09d9428ac47382decff0bd2d4f4bde,440.84
f11c3b4f92660b44dae8f6541c9b6908e6196b3a,445.83
411c01ff53f56f0b84bee210ad75c8c2114efa55,451.36
ae7308a2832897f351712e44f656a3e71fac7efc,444.66
66ff264012c6c047a3599c3b6771d504c6662207,447.74
5998a3eaaea26882550b657ff4d1f00e6b04fa1a,444.61
912d3c14f98af2b3a77eeabf536617ebc9c6f665,440.87
912d3c14f98af2b3a77eeabf536617ebc9c6f665,437.73
b8d2e2108b16d5db3ce6f5744a49d4ebc4b7a46f,448.92
e9909538549c96800dad1e94284b99575d1be628,443.90
ae80e51cf54971b6322b9b571734ffa5507c4947,435.17
eeea5cbcf85aaf64b659fd8d4b71fe59059c4b46,437.19
912d3c14f98af2b3a77eeabf536617ebc9c6f665,439.02
71608a8424e1ad5d110a71d93313c370b2923411,437.71
f9d8a9c8a47be87c6d4f949dc24c6520e84590d0,437.87
3fb895c9a9185c04eb263ef77038cd7ec8b5dfa7,444.19
694efa8bac3d66717efe7e202e47347355e07c0b,428.97
ae7308a2832897f351712e44f656a3e71fac7efc,449.23
f317c04acf821d61601f5d986252db40505153bc,429.79
76de9d87000f375749f355a7d7d6af9fe37c3558,440.74
7b9f17760049161b775fd23b15653961620e259d,448.18
64ec9cfb151f26e85c0c206ce6aba063695e47cd,429.97
81d1fb98e61ff42c856504b1427a700cda7707f2,439.39
f16c0c17aa38ecff097f5fc50db7cd5e247c8737,442.48
0d8ec3812c8a3617e3f4fb2c6325059ee695f1a7,446.80
cc494e90ae10aff90f1e7ad4da5dd092e23d53f6,441.59
dc0b7cb2754e714a4e65553b7ef3d186f52d1004,446.94
ae80e51cf54971b6322b9b571734ffa5507c4947,442.25
3d6f1e47ccf93d01364ed5f7603fa66d43eae0e2,442.62
e42cce476c0749899dcf7d50ba36aa1dbdaf7fbf,432.35
a6d9d213ae51fdf9ce8d9d4f9b2a124ba3886354,433.77
7fe868089855c33d6345e740bfdbe6f140794598,438.95
e9909538549c96800dad1e94284b99575d1be628,446.29
277949e7115059f6f0071e1b3418b6f6cbf48e48,432.27
eeea5cbcf85aaf64b659fd8d4b71fe59059c4b46,429.92
2509766946d20c1339c56d5aa0970c522efd2417,441.57
08e2a7fc2f487328f1b514e07cc9f4c9ff3d3814,441.73
7eefa1b51eb9fdc36b0762c0bbc417aff4b19a39,425.90
411c01ff53f56f0b84bee210ad75c8c2114efa55,445.17
39915966a8b7329cdae21623f239e652fb6af763,432.79
ae7308a2832897f351712e44f656a3e71fac7efc,446.66
4ad65182dbdfec91d7795206bef4342673cb8f11,443.40
08e2a7fc2f487328f1b514e07cc9f4c9ff3d3814,457.50
70b2cf9a73e38bd3831a8e196c84556275c3f588,442.52
920ffd8ddd2645c560d905c2a53340cdafe4f96e,442.64
4a470a028e1f146c04695819c48b9ec8b7950f36,440.77
d0418222830f42f4f0c770e406f71454ea50e56d,441.99
dbbe693c9fbeef94d663c963b57ea379c75806a1,441.59
9008cbf66ca4a89d02ba26630fb818524e790974,436.08
e36279116113c62b60e6c95580abb327401d9e09,441.84
db9efbd54c6ff876768eb874f7e9fe84a6632729,440.93
912d3c14f98af2b3a77eeabf536617ebc9c6f665,436.58
9ae3df9993f3f5991d0e6fd96c649d93d547d475,426.16
39915966a8b7329cdae21623f239e652fb6af763,430.85
dbbe693c9fbeef94d663c963b57ea379c75806a1,444.23
21334edbe26d02d8c9a882c6079f3fcfd179eb66,452.73
21334edbe26d02d8c9a882c6079f3fcfd179eb66,441.83
f9ffaf49226a04a15698050b3978d85585be0894,437.93
70b2cf9a73e38bd3831a8e196c84556275c3f588,438.75
9c46f13fc4b17bfa6c3cb58945568ae8d8b191af,609.24
21334edbe26d02d8c9a882c6079f3fcfd179eb66,444.21
f16c0c17aa38ecff097f5fc50db7cd5e247c8737,435.80
c2ecaa18c25d92d260718217e5ba1f0496cb8eb2,439.97
e36279116113c62b60e6c95580abb327401d9e09,440.73
0d8ec3812c8a3617e3f4fb2c6325059ee695f1a7,437.55
9fcda18b6824b0c46986bff8f1c9ecc3bf5872f4,425.28
7171cec2dfd3c8b58645b69970425864abf8ba1f,448.49
64ec9cfb151f26e85c0c206ce6aba063695e47cd,435.10
f45de034880877582fb6414c4d09f40c5999ac70,438.11
49eb02fe329f0bf1bbc847f613c8aa147e6c5330,446.49
5998a3eaaea26882550b657ff4d1f00e6b04fa1a,443.76
ae7308a2832897f351712e44f656a3e71fac7efc,438.27
4a470a028e1f146c04695819c48b9ec8b7950f36,441.99
863bad7886c1bbf84391f5e9e330f20a4daf8894,449.55
a7b577255442124a8af87a0eccdb053e17d8c211,430.15
7fe868089855c33d6345e740bfdbe6f140794598,443.02
1ea48c83ae09d9428ac47382decff0bd2d4f4bde,438.77
912d3c14f98af2b3a77eeabf536617ebc9c6f665,452.55
4a470a028e1f146c04695819c48b9ec8b7950f36,440.39
277949e7115059f6f0071e1b3418b6f6cbf48e48,425.56
4ad65182dbdfec91d7795206bef4342673cb8f11,439.36
64ec9cfb151f26e85c0c206ce6aba063695e47cd,437.85
3fb895c9a9185c04eb263ef77038cd7ec8b5dfa7,438.97
f11c3b4f92660b44dae8f6541c9b6908e6196b3a,439.54
a7b577255442124a8af87a0eccdb053e17d8c211,430.94
3fb9295d4ce19e1d9bc06dd354dcfba981827abf,438.29
f36b950de16f6db134bd98969cd8fbe578d37480,443.91
a28fb8eae225ac16279a6086420f310145bf6100,441.15
4ad65182dbdfec91d7795206bef4342673cb8f11,442.34
4ad65182dbdfec91d7795206bef4342673cb8f11,436.73
ad03c445e1384a2b7168c6889461f973b008317b,457.25
4ad65182dbdfec91d7795206bef4342673cb8f11,437.91
437d8eca9f51dd0ed7af5b828412ee96ac192f17,440.46
ad03c445e1384a2b7168c6889461f973b008317b,445.97
29c9d48278aafb4a4390e3ee923cd68e6086a17f,424.52
7b9f17760049161b775fd23b15653961620e259d,449.65
9ff954f3876690504457be9c5f6067593df6ce19,439.91
db9efbd54c6ff876768eb874f7e9fe84a6632729,427.93
9fcda18b6824b0c46986bff8f1c9ecc3bf5872f4,426.45
b800dd756bf956aa210165073824bfcf159780fd,446.77
6dbe51b3f6d4db7a17fd103a5d2f138e5edafe19,427.87
8749726a79c22451b1f01b14fb2137f734e926b4,439.77
76de9d87000f375749f355a7d7d6af9fe37c3558,435.78
b8d2e2108b16d5db3ce6f5744a49d4ebc4b7a46f,446.79
1ea48c83ae09d9428ac47382decff0bd2d4f4bde,445.53
7171cec2dfd3c8b58645b69970425864abf8ba1f,437.98
43a39b308abfbe39ea06729277d0630786b9956d,443.86
ad03c445e1384a2b7168c6889461f973b008317b,439.66
f317c04acf821d61601f5d986252db40505153bc,429.24
0d8ec3812c8a3617e3f4fb2c6325059ee695f1a7,441.06
70b2cf9a73e38bd3831a8e196c84556275c3f588,440.30
ab4890183496beea6d4908c4adb672e15c1136a5,434.93
b8d2e2108b16d5db3ce6f5744a49d4ebc4b7a46f,444.49
f9ffaf49226a04a15698050b3978d85585be0894,445.13
277949e7115059f6f0071e1b3418b6f6cbf48e48,429.94
b8d2e2108b16d5db3ce6f5744a49d4ebc4b7a46f,446.91
5998a3eaaea26882550b657ff4d1f00e6b04fa1a,448.84
b8d2e2108b16d5db3ce6f5744a49d4ebc4b7a46f,443.55
dc0b7cb2754e714a4e65553b7ef3d186f52d1004,443.37
35ba2dd27d69d1d09fed6f7a3c690f2bd121cb0f,439.03
9fcda18b6824b0c46986bff8f1c9ecc3bf5872f4,427.34
76de9d87000f375749f355a7d7d6af9fe37c3558,440.47
c8807e900cb66f83a5d1f28d02e55528ff6d67ba,428.50
4ad65182dbdfec91d7795206bef4342673cb8f11,443.78
f9d8a9c8a47be87c6d4f949dc24c6520e84590d0,429.38
785d41a37f6c311084ebf2d23e83f4ceb4bb94ed,607.00
7d1723336c20ee0c31d0b4ed11a252c9e29abe97,425.20
c8807e900cb66f83a5d1f28d02e55528ff6d67ba,429.19
9008cbf66ca4a89d02ba26630fb818524e790974,444.84
f9ffaf49226a04a15698050b3978d85585be0894,454.60
f9d8a9c8a47be87c6d4f949dc24c6520e84590d0,433.50
1ea48c83ae09d9428ac47382decff0bd2d4f4bde,460.25
70b2cf9a73e38bd3831a8e196c84556275c3f588,442.69
7b9f17760049161b775fd23b15653961620e259d,440.42
f45de034880877582fb6414c4d09f40c5999ac70,441.19
a28fb8eae225ac16279a6086420f310145bf6100,440.63
76de9d87000f375749f355a7d7d6af9fe37c3558,438.87
694efa8bac3d66717efe7e202e47347355e07c0b,431.18
f36b950de16f6db134bd98969cd8fbe578d37480,438.99
d0a7e3a00350ea9bdca6a1f005ccc75e5b2d19d4,441.22
3fb9295d4ce19e1d9bc06dd354dcfba981827abf,442.73
35ba2dd27d69d1d09fed6f7a3c690f2bd121cb0f,435.71
437d8eca9f51dd0ed7af5b828412ee96ac192f17,450.60
481542f5c74c013b06f6b80e8e9bb30ddad382dd,438.03
71608a8424e1ad5d110a71d93313c370b2923411,438.15
76de9d87000f375749f355a7d7d6af9fe37c3558,435.01
4a470a028e1f146c04695819c48b9ec8b7950f36,439.39
863bad7886c1bbf84391f5e9e330f20a4daf8894,439.28
7d1723336c20ee0c31d0b4ed11a252c9e29abe97,424.16
c8807e900cb66f83a5d1f28d02e55528ff6d67ba,427.14
6d9081bba66809602428ea0b0f7ea78229b3087a,424.34
694efa8bac3d66717efe7e202e47347355e07c0b,432.42
8749726a79c22451b1f01b14fb2137f734e926b4,435.18
db9efbd54c6ff876768eb874f7e9fe84a6632729,426.43
6dbe51b3f6d4db7a17fd103a5d2f138e5edafe19,443.83
291ba4d3c087aa96d935021ec9403de53d3e4166,437.59
a14fb16d6430d8de4bf31c898d119ab713840c2d,425.57
9ae3df9993f3f5991d0e6fd96c649d93d547d475,429.39
9ae3df9993f3f5991d0e6fd96c649d93d547d475,429.76
9ae3df9993f3f5991d0e6fd96c649d93d547d475,428.30
81d1fb98e61ff42c856504b1427a700cda7707f2,441.82
f36b950de16f6db134bd98969cd8fbe578d37480,447.84
920ffd8ddd2645c560d905c2a53340cdafe4f96e,448.70
1bc34292ffd940a8936ed317a4bf617dfc66f0cb,450.87
b8d2e2108b16d5db3ce6f5744a49d4ebc4b7a46f,447.74
21334edbe26d02d8c9a882c6079f3fcfd179eb66,447.99
9ae3df9993f3f5991d0e6fd96c649d93d547d475,435.11
a7b577255442124a8af87a0eccdb053e17d8c211,432.83
5998a3eaaea26882550b657ff4d1f00e6b04fa1a,442.80
16ca9214be8e4a6eb8b37dcfaaf21a79595d95f3,441.15
9ff954f3876690504457be9c5f6067593df6ce19,442.57
a28fb8eae225ac16279a6086420f310145bf6100,444.06
912d3c14f98af2b3a77eeabf536617ebc9c6f665,438.48
d0418222830f42f4f0c770e406f71454ea50e56d,443.28
9c46f13fc4b17bfa6c3cb58945568ae8d8b191af,601.25
e9909538549c96800dad1e94284b99575d1be628,445.22
35ba2dd27d69d1d09fed6f7a3c690f2bd121cb0f,438.76
a7b577255442124a8af87a0eccdb053e17d8c211,439.88
35ba2dd27d69d1d09fed6f7a3c690f2bd121cb0f,440.31
12a4abda3aeb213ed05e0aa500e2e6b70dbb9cca,453.07
76de9d87000f375749f355a7d7d6af9fe37c3558,436.18
f16c0c17aa38ecff097f5fc50db7cd5e247c8737,437.69
9ff954f3876690504457be9c5f6067593df6ce19,441.96
a6d9d213ae51fdf9ce8d9d4f9b2a124ba3886354,431.53
6d9081bba66809602428ea0b0f7ea78229b3087a,431.93
1bc34292ffd940a8936ed317a4bf617dfc66f0cb,443.21
dbbe693c9fbeef94d663c963b57ea379c75806a1,441.89
b320c9c28c7223beedabb355d7837596cf0a1ba8,436.43
f31916f55db7d57b67b71c469105978692b88cf5,440.96
9c46f13fc4b17bfa6c3cb58945568ae8d8b191af,631.13
3fb895c9a9185c04eb263ef77038cd7ec8b5dfa7,440.14
912d3c14f98af2b3a77eeabf536617ebc9c6f665,439.53
ae7308a2832897f351712e44f656a3e71fac7efc,438.35
a6d9d213ae51fdf9ce8d9d4f9b2a124ba3886354,426.06
b800dd756bf956aa210165073824bfcf159780fd,446.52
39915966a8b7329cdae21623f239e652fb6af763,431.37
cbc1cf3469f842ff44155b4ebf3fbd15ec95fd31,445.13
4ad65182dbdfec91d7795206bef4342673cb8f11,446.75
c114eb0589d947dfe6f047c546380c3cfe413453,615.91
9ff954f3876690504457be9c5f6067593df6ce19,439.99
ad03c445e1384a2b7168c6889461f973b008317b,444.61
93ff111c590ea57b311705360111a3e54329a026,443.01
08e2a7fc2f487328f1b514e07cc9f4c9ff3d3814,442.65
9008cbf66ca4a89d02ba26630fb818524e790974,441.03
93ff111c590ea57b311705360111a3e54329a026,437.70
e42cce476c0749899dcf7d50ba36aa1dbdaf7fbf,428.86
7b9f17760049161b775fd23b15653961620e259d,450.01
43a39b308abfbe39ea06729277d0630786b9956d,438.06
508718bcf66279c837a3a8bc6fc48022670afd6c,460.33
93ff111c590ea57b311705360111a3e54329a026,454.61
d0a7e3a00350ea9bdca6a1f005ccc75e5b2d19d4,447.92
a7b577255442124a8af87a0eccdb053e17d8c211,442.83
49eb02fe329f0bf1bbc847f613c8aa147e6c5330,446.05
128b3f8212e357468cb608546a52da3826903fad,448.12
f9d8a9c8a47be87c6d4f949dc24c6520e84590d0,429.44
6dbe51b3f6d4db7a17fd103a5d2f138e5edafe19,429.76
7eefa1b51eb9fdc36b0762c0bbc417aff4b19a39,426.91
4a470a028e1f146c04695819c48b9ec8b7950f36,448.21
508718bcf66279c837a3a8bc6fc48022670afd6c,444.65
2509766946d20c1339c56d5aa0970c522efd2417,440.97
e42cce476c0749899dcf7d50ba36aa1dbdaf7fbf,424.81
21334edbe26d02d8c9a882c6079f3fcfd179eb66,439.10
b320c9c28c7223beedabb355d7837596cf0a1ba8,424.99
3fb895c9a9185c04eb263ef77038cd7ec8b5dfa7,438.15
2509766946d20c1339c56d5aa0970c522efd2417,446.68
6dbe51b3f6d4db7a17fd103a5d2f138e5edafe19,433.39
128b3f8212e357468cb608546a52da3826903fad,454.86
d0418222830f42f4f0c770e406f71454ea50e56d,438.63
5998a3eaaea26882550b657ff4d1f00e6b04fa1a,441.24
76de9d87000f375749f355a7d7d6af9fe37c3558,444.56
39915966a8b7329cdae21623f239e652fb6af763,425.92
912d3c14f98af2b3a77eeabf536617ebc9c6f665,445.08
21334edbe26d02d8c9a882c6079f3fcfd179eb66,440.94
64ec9cfb151f26e85c0c206ce6aba063695e47cd,426.78
0d8ec3812c8a3617e3f4fb2c6325059ee695f1a7,439.35
71608a8424e1ad5d110a71d93313c370b2923411,437.38
c8807e900cb66f83a5d1f28d02e55528ff6d67ba,426.29
7fe868089855c33d6345e740bfdbe6f140794598,452.19
b8d2e2108b16d5db3ce6f5744a49d4ebc4b7a46f,436.84
71608a8424e1ad5d110a71d93313c370b2923411,438.55
f9ffaf49226a04a15698050b3978d85585be0894,443.19
4a470a028e1f146c04695819c48b9ec8b7950f36,445.47
9ff954f3876690504457be9c5f6067593df6ce19,439.99
f11c3b4f92660b44dae8f6541c9b6908e6196b3a,447.65
a28fb8eae225ac16279a6086420f310145bf6100,439.48
920ffd8ddd2645c560d905c2a53340cdafe4f96e,443.74
08e2a7fc2f487328f1b514e07cc9f4c9ff3d3814,440.59
1ea48c83ae09d9428ac47382decff0bd2d4f4bde,436.08
0d8ec3812c8a3617e3f4fb2c6325059ee695f1a7,440.17
c2ecaa18c25d92d260718217e5ba1f0496cb8eb2,441.53
70b2cf9a73e38bd3831a8e196c84556275c3f588,447.61
12a4abda3aeb213ed05e0aa500e2e6b70dbb9cca,444.58
f11c3b4f92660b44dae8f6541c9b6908e6196b3a,444.77
db9efbd54c6ff876768eb874f7e9fe84a6632729,424.88
785d41a37f6c311084ebf2d23e83f4ceb4bb94ed,622.77
ad03c445e1384a2b7168c6889461f973b008317b,441.33
7fe868089855c33d6345e740bfdbe6f140794598,443.66
eeea5cbcf85aaf64b659fd8d4b71fe59059c4b46,426.21
1bc34292ffd940a8936ed317a4bf617dfc66f0cb,450.74
db9efbd54c6ff876768eb874f7e9fe84a6632729,427.18
4a470a028e1f146c04695819c48b9ec8b7950f36,445.53
6dbe51b3f6d4db7a17fd103a5d2f138e5edafe19,425.79
dc0b7cb2754e714a4e65553b7ef3d186f52d1004,442.21
f9d8a9c8a47be87c6d4f949dc24c6520e84590d0,423.32
d0418222830f42f4f0c770e406f71454ea50e56d,440.24
7fe868089855c33d6345e740bfdbe6f140794598,442.68
d0a7e3a00350ea9bdca6a1f005ccc75e5b2d19d4,446.53
f317c04acf821d61601f5d986252db40505153bc,426.11
21334edbe26d02d8c9a882c6079f3fcfd179eb66,439.13
ae7308a2832897f351712e44f656a3e71fac7efc,440.74
e42cce476c0749899dcf7d50ba36aa1dbdaf7fbf,425.80
d0a7e3a00350ea9bdca6a1f005ccc75e5b2d19d4,442.02
9ff954f3876690504457be9c5f6067593df6ce19,437.18
920ffd8ddd2645c560d905c2a53340cdafe4f96e,444.97
64ec9cfb151f26e85c0c206ce6aba063695e47cd,427.88
c8807e900cb66f83a5d1f28d02e55528ff6d67ba,430.63
ab4890183496beea6d4908c4adb672e15c1136a5,442.13
4a470a028e1f146c04695819c48b9ec8b7950f36,443.60
e36279116113c62b60e6c95580abb327401d9e09,446.57
71608a8424e1ad5d110a71d93313c370b2923411,447.42
64ec9cfb151f26e85c0c206ce6aba063695e47cd,432.70
8749726a79c22451b1f01b14fb2137f734e926b4,437.23
863bad7886c1bbf84391f5e9e330f20a4daf8894,439.86
dc0b7cb2754e714a4e65553b7ef3d186f52d1004,454.60
ad03c445e1384a2b7168c6889461f973b008317b,445.07
508718bcf66279c837a3a8bc6fc48022670afd6c,440.71
ae7308a2832897f351712e44f656a3e71fac7efc,455.65
437d8eca9f51dd0ed7af5b828412ee96ac192f17,437.23
694efa8bac3d66717efe7e202e47347355e07c0b,426.28
16ca9214be8e4a6eb8b37dcfaaf21a79595d95f3,447.27
49eb02fe329f0bf1bbc847f613c8aa147e6c5330,449.92
9ae3df9993f3f5991d0e6fd96c649d93d547d475,426.48
a28fb8eae225ac16279a6086420f310145bf6100,440.25
c8807e900cb66f83a5d1f28d02e55528ff6d67ba,430.69
9008cbf66ca4a89d02ba26630fb818524e790974,439.32
16ca9214be8e4a6eb8b37dcfaaf21a79595d95f3,445.71
7fe868089855c33d6345e740bfdbe6f140794598,440.77
437d8eca9f51dd0ed7af5b828412ee96ac192f17,444.26
785d41a37f6c311084ebf2d23e83f4ceb4bb94ed,622.38
ad03c445e1384a2b7168c6889461f973b008317b,439.43
694efa8bac3d66717efe7e202e47347355e07c0b,432.43
08e2a7fc2f487328f1b514e07cc9f4c9ff3d3814,441.06
920ffd8ddd2645c560d905c2a53340cdafe4f96e,445.76
93ff111c590ea57b311705360111a3e54329a026,455.93
9ae3df9993f3f5991d0e6fd96c649d93d547d475,422.38
b320c9c28c7223beedabb355d7837596cf0a1ba8,427.94
1bc34292ffd940a8936ed317a4bf617dfc66f0cb,436.07
128b3f8212e357468cb608546a52da3826903fad,452.92
fa8a8deb6e03ee00c10138f42b9b5cf83803e425,425.45
f317c04acf821d61601f5d986252db40505153bc,427.30
e42cce476c0749899dcf7d50ba36aa1dbdaf7fbf,443.63
08e2a7fc2f487328f1b514e07cc9f4c9ff3d3814,442.82
81d1fb98e61ff42c856504b1427a700cda7707f2,451.50
f36b950de16f6db134bd98969cd8fbe578d37480,445.25
d0418222830f42f4f0c770e406f71454ea50e56d,439.59
f9d8a9c8a47be87c6d4f949dc24c6520e84590d0,434.13
43a39b308abfbe39ea06729277d0630786b9956d,438.65
b320c9c28c7223beedabb355d7837596cf0a1ba8,425.51
694efa8bac3d66717efe7e202e47347355e07c0b,426.14
c98349a7fb5598f0cbac88130520171bd6f253c1,438.53
d0418222830f42f4f0c770e406f71454ea50e56d,439.66
6dbe51b3f6d4db7a17fd103a5d2f138e5edafe19,435.65
b320c9c28c7223beedabb355d7837596cf0a1ba8,440.03
12a4abda3aeb213ed05e0aa500e2e6b70dbb9cca,441.35
a6d9d213ae51fdf9ce8d9d4f9b2a124ba3886354,439.61
1ea48c83ae09d9428ac47382decff0bd2d4f4bde,444.39
cbc1cf3469f842ff44155b4ebf3fbd15ec95fd31,442.67
481542f5c74c013b06f6b80e8e9bb30ddad382dd,424.70
f31916f55db7d57b67b71c469105978692b88cf5,440.68
4a470a028e1f146c04695819c48b9ec8b7950f36,439.16
1bc34292ffd940a8936ed317a4bf617dfc66f0cb,440.53
29c9d48278aafb4a4390e3ee923cd68e6086a17f,423.84
12a4abda3aeb213ed05e0aa500e2e6b70dbb9cca,441.29
ad03c445e1384a2b7168c6889461f973b008317b,440.69
a14fb16d6430d8de4bf31c898d119ab713840c2d,425.63
71608a8424e1ad5d110a71d93313c370b2923411,441.38
863bad7886c1bbf84391f5e9e330f20a4daf8894,442.53
b8d2e2108b16d5db3ce6f5744a49d4ebc4b7a46f,439.94
43a39b308abfbe39ea06729277d0630786b9956d,441.86
dc0b7cb2754e714a4e65553b7ef3d186f52d1004,439.13
c2ecaa18c25d92d260718217e5ba1f0496cb8eb2,456.19
ae80e51cf54971b6322b9b571734ffa5507c4947,443.06
9c46f13fc4b17bfa6c3cb58945568ae8d8b191af,600.32
7b9f17760049161b775fd23b15653961620e259d,441.83
35ba2dd27d69d1d09fed6f7a3c690f2bd121cb0f,435.21
411c01ff53f56f0b84bee210ad75c8c2114efa55,436.38
ab4890183496beea6d4908c4adb672e15c1136a5,454.08
c2ecaa18c25d92d260718217e5ba1f0496cb8eb2,445.93
f317c04acf821d61601f5d986252db40505153bc,428.44
fa8a8deb6e03ee00c10138f42b9b5cf83803e425,437.25
694efa8bac3d66717efe7e202e47347355e07c0b,425.92
a14fb16d6430d8de4bf31c898d119ab713840c2d,429.77
c2ecaa18c25d92d260718217e5ba1f0496cb8eb2,443.48
f317c04acf821d61601f5d986252db40505153bc,508.03
fa8a8deb6e03ee00c10138f42b9b5cf83803e425,424.47
81d1fb98e61ff42c856504b1427a700cda7707f2,513.80
508718bcf66279c837a3a8bc6fc48022670afd6c,437.44
7171cec2dfd3c8b58645b69970425864abf8ba1f,442.54
9fcda18b6824b0c46986bff8f1c9ecc3bf5872f4,429.19
3fb9295d4ce19e1d9bc06dd354dcfba981827abf,443.54
db9efbd54c6ff876768eb874f7e9fe84a6632729,427.61
9c46f13fc4b17bfa6c3cb58945568ae8d8b191af,601.59
785d41a37f6c311084ebf2d23e83f4ceb4bb94ed,584.65
9c46f13fc4b17bfa6c3cb58945568ae8d8b191af,573.75
ae80e51cf54971b6322b9b571734ffa5507c4947,441.97
3fb895c9a9185c04eb263ef77038cd7ec8b5dfa7,440.35
5998a3eaaea26882550b657ff4d1f00e6b04fa1a,442.21
e9909538549c96800dad1e94284b99575d1be628,440.56
277949e7115059f6f0071e1b3418b6f6cbf48e48,429.30
f11c3b4f92660b44dae8f6541c9b6908e6196b3a,439.83
9008cbf66ca4a89d02ba26630fb818524e790974,447.41
8749726a79c22451b1f01b14fb2137f734e926b4,439.72
fa8a8deb6e03ee00c10138f42b9b5cf83803e425,429.31
f317c04acf821d61601f5d986252db40505153bc,431.28
277949e7115059f6f0071e1b3418b6f6cbf48e48,427.60
9ff954f3876690504457be9c5f6067593df6ce19,447.15
f45de034880877582fb6414c4d09f40c5999ac70,438.10
dc0b7cb2754e714a4e65553b7ef3d186f52d1004,444.47
785d41a37f6c311084ebf2d23e83f4ceb4bb94ed,622.29
39915966a8b7329cdae21623f239e652fb6af763,443.60
f16c0c17aa38ecff097f5fc50db7cd5e247c8737,439.55
c114eb0589d947dfe6f047c546380c3cfe413453,577.57
f9ffaf49226a04a15698050b3978d85585be0894,439.96
9fcda18b6824b0c46986bff8f1c9ecc3bf5872f4,427.75
912d3c14f98af2b3a77eeabf536617ebc9c6f665,441.08
a14fb16d6430d8de4bf31c898d119ab713840c2d,431.35
71608a8424e1ad5d110a71d93313c370b2923411,435.50
863bad7886c1bbf84391f5e9e330f20a4daf8894,438.16
3fb895c9a9185c04eb263ef77038cd7ec8b5dfa7,442.16
a7b577255442124a8af87a0eccdb053e17d8c211,428.19
3fb895c9a9185c04eb263ef77038cd7ec8b5dfa7,442.27
3d6f1e47ccf93d01364ed5f7603fa66d43eae0e2,440.30
9008cbf66ca4a89d02ba26630fb818524e790974,446.44
f11c3b4f92660b44dae8f6541c9b6908e6196b3a,440.70
a14fb16d6430d8de4bf31c898d119ab713840c2d,425.88
c8807e900cb66f83a5d1f28d02e55528ff6d67ba,432.89
f31916f55db7d57b67b71c469105978692b88cf5,439.10
ab4890183496beea6d4908c4adb672e15c1136a5,446.37
64ec9cfb151f26e85c0c206ce6aba063695e47cd,430.86
51cb86699beae26b74c594e2daaa098116f9f572,439.37
cbc1cf3469f842ff44155b4ebf3fbd15ec95fd31,441.60
29c9d48278aafb4a4390e3ee923cd68e6086a17f,428.74
ae80e51cf54971b6322b9b571734ffa5507c4947,442.05
291ba4d3c087aa96d935021ec9403de53d3e4166,438.52
6dbe51b3f6d4db7a17fd103a5d2f138e5edafe19,434.39
dc0b7cb2754e714a4e65553b7ef3d186f52d1004,437.30
3d6f1e47ccf93d01364ed5f7603fa66d43eae0e2,442.93
9008cbf66ca4a89d02ba26630fb818524e790974,451.06
b800dd756bf956aa210165073824bfcf159780fd,441.50
128b3f8212e357468cb608546a52da3826903fad,445.51
76de9d87000f375749f355a7d7d6af9fe37c3558,445.13
9008cbf66ca4a89d02ba26630fb818524e790974,439.42
ae80e51cf54971b6322b9b571734ffa5507c4947,436.13
9008cbf66ca4a89d02ba26630fb818524e790974,448.60
dc0b7cb2754e714a4e65553b7ef3d186f52d1004,437.23
d0418222830f42f4f0c770e406f71454ea50e56d,442.09
a14fb16d6430d8de4bf31c898d119ab713840c2d,424.01
3fb895c9a9185c04eb263ef77038cd7ec8b5dfa7,437.69
cc494e90ae10aff90f1e7ad4da5dd092e23d53f6,439.50
128b3f8212e357468cb608546a52da3826903fad,440.02
ab4890183496beea6d4908c4adb672e15c1136a5,438.64
128b3f8212e357468cb608546a52da3826903fad,453.44
81d1fb98e61ff42c856504b1427a700cda7707f2,440.12
3fb9295d4ce19e1d9bc06dd354dcfba981827abf,446.27
7eefa1b51eb9fdc36b0762c0bbc417aff4b19a39,425.18
694efa8bac3d66717efe7e202e47347355e07c0b,429.02
64ec9cfb151f26e85c0c206ce6aba063695e47cd,432.63
c98349a7fb5598f0cbac88130520171bd6f253c1,439.90
93ff111c590ea57b311705360111a3e54329a026,438.84
db9efbd54c6ff876768eb874f7e9fe84a6632729,428.96
d0418222830f42f4f0c770e406f71454ea50e56d,440.93
93ff111c590ea57b311705360111a3e54329a026,441.86
e9909538549c96800dad1e94284b99575d1be628,447.10
70b2cf9a73e38bd3831a8e196c84556275c3f588,438.82
7171cec2dfd3c8b58645b69970425864abf8ba1f,441.04
eeea5cbcf85aaf64b659fd8d4b71fe59059c4b46,436.90
f317c04acf821d61601f5d986252db40505153bc,429.24
f31916f55db7d57b67b71c469105978692b88cf5,437.13
49eb02fe329f0bf1bbc847f613c8aa147e6c5330,438.40
b320c9c28c7223beedabb355d7837596cf0a1ba8,426.22
f9d8a9c8a47be87c6d4f949dc24c6520e84590d0,432.25
eeea5cbcf85aaf64b659fd8d4b71fe59059c4b46,427.26
29c9d48278aafb4a4390e3ee923cd68e6086a17f,432.07
c2ecaa18c25d92d260718217e5ba1f0496cb8eb2,445.81
64ec9cfb151f26e85c0c206ce6aba063695e47cd,431.05
3d6f1e47ccf93d01364ed5f7603fa66d43eae0e2,440.05
2509766946d20c1339c56d5aa0970c522efd2417,441.00
481542f5c74c013b06f6b80e8e9bb30ddad382dd,426.49
7fe868089855c33d6345e740bfdbe6f140794598,440.88
dbbe693c9fbeef94d663c963b57ea379c75806a1,442.72
ae80e51cf54971b6322b9b571734ffa5507c4947,440.23
c8807e900cb66f83a5d1f28d02e55528ff6d67ba,433.17
785488c9f589ccec23480223596b328490590afc,447.45
f8a5dfb037d363a6b6657fa71af59b66c6bec257,438.62
84ab3d3c2db81f0ef215ef1395d154a0e75c0040,440.75
6c8365b9a0e963c1f2dc46099116a5c77f48c5d8,442.21
002a4940935a7545ed94f1b776e4d7f6bf6c2525,426.99
db2d5aa85352fe63531540ef396b944e2fe58e2c,445.67
1d37cef1d8367af963fee4dc99164708f5d3c6f8,441.50
96f316812fc31cd13c06a948cf84979c77b15f8b,443.30
f9901ab35d61700dd56cc6c1639e00f0aa58e435,445.25
4b763cc86f698d31f59e22e169e7a5a83e696a55,442.42
fd12d272397fc04da34beac8c8f6e3faae81583f,442.06
e313f95e19c752a3316048468547af939e19cdd3,440.45
fd12d272397fc04da34beac8c8f6e3faae81583f,446.86
f9f37e19876202a1db257a9e59452b0f10035fbf,440.85
94002db5f90395b8927ae69c569e5a0726dd00c4,448.18
561d12a9894210d9f5a8a41d655361732a39b6c8,427.08
dfac9ce465ff9c988904d05014d2be2715aa1d2b,446.79
381ce3d861251ae35aea636fc29c277a84060276,448.27
deaf9f6a51b928dcad619fd8300ee3926345d1ea,442.27
433d2f180058b8b73e1951c6cfbb986714e68b0f,437.99
3e284b6ce28acdf41d7a7cc8ead881d6ab54a8f9,437.32
5d56ace149ae3264d2502d49dd85302fc613a27c,458.17
fa87a8fe2838e80ae0eeba6e2978815ef5533e91,440.05
deaf9f6a51b928dcad619fd8300ee3926345d1ea,442.94
84ab3d3c2db81f0ef215ef1395d154a0e75c0040,447.20
fa87a8fe2838e80ae0eeba6e2978815ef5533e91,440.61
21759032d2b2b76e338d22c15d13bdf7993c13e1,439.06
7ff15ee20c961e370837d8f96ae77886ecd910d8,445.93
a8da2e7da25921dffd9fe6bbd53668bed08dd148,438.76
547a11475d71479b7e7bb25b1ebc592bf44b6fe1,441.56
5c43ce2d83e44cd46049a7f0bfaeb5d9a322c032,423.71
1fd0a617cb216113997569937b43ec7c7a9c2fd2,444.60
dfac9ce465ff9c988904d05014d2be2715aa1d2b,451.56
e064bc4842d1412a0421435332f55908fddcc866,444.38
dbc1e34bdeede1cabee58b65bceb02f930ce5d88,445.15
d55af6718e4b1b4bcbea954616ce7fb2e5a8f42b,443.41
433d2f180058b8b73e1951c6cfbb986714e68b0f,457.09
2c257f6482dd7a9583538b7b0d4b3b0bef9417fd,442.10
99c4da880b4cff044696b9df680d22a47c23cbcd,444.48
547a11475d71479b7e7bb25b1ebc592bf44b6fe1,442.27
deaf9f6a51b928dcad619fd8300ee3926345d1ea,456.68
3982ea1198b8d780b42587e16ace3407bf7621e1,443.45
3592968bc03a914ea69506b7b25494b344860274,439.68
615f53010b21d1c0946952e33773b885fe30440b,445.42
3cfd45112b28c5401fc6bd70cd25b22f98c9b3f9,445.50
e917ada8cc976397aa5c3e11492f108a35919e48,441.18
1e30a157667af1fa7108d985dcb858a801832887,445.22
f8a5dfb037d363a6b6657fa71af59b66c6bec257,443.17
f9f37e19876202a1db257a9e59452b0f10035fbf,446.19
be94f5547d6b8f15ee48117afe46ae302c361464,439.53
dfac9ce465ff9c988904d05014d2be2715aa1d2b,443.61
dbc1e34bdeede1cabee58b65bceb02f930ce5d88,448.74
99c4da880b4cff044696b9df680d22a47c23cbcd,443.53
9a5d4f3b7b2abf8664842f49d67e84c828afa534,445.98
3592968bc03a914ea69506b7b25494b344860274,453.98
05ae97865c84536a6cfe7759ca6c382eb761ecb2,445.16
dd4b68223f30d8142f26a13582d0b996dece6588,443.30
db2d5aa85352fe63531540ef396b944e2fe58e2c,445.62
889ff7cfb605adf5b692e3740294bcdc11b14e48,447.51
f2535d705491ba6a582abff96ba77dc1144f64a5,436.16
eb8a107f679bc2778e55cfc71f27a147ef9aa455,444.17
a44e18aa3c1fcd25a68a5965f9490d8f7d026509,445.04
7ff15ee20c961e370837d8f96ae77886ecd910d8,440.80
db2d5aa85352fe63531540ef396b944e2fe58e2c,445.04
3cfd45112b28c5401fc6bd70cd25b22f98c9b3f9,443.74
2c257f6482dd7a9583538b7b0d4b3b0bef9417fd,445.42
c75e9cc85d596ff08ae858da3c61d55e717607d1,443.70
caf61a4a0778a72ab713f72e9ef749bf373c98ac,442.42
e917ada8cc976397aa5c3e11492f108a35919e48,442.96
381ce3d861251ae35aea636fc29c277a84060276,450.76
96f316812fc31cd13c06a948cf84979c77b15f8b,442.12
96f316812fc31cd13c06a948cf84979c77b15f8b,438.29
d8c3f9cbc6a562a7d23711d4c0f97f4e4758444e,505.00
249e5a8aae9324cc6c8caf5303a607056b15a9da,438.43
99c4da880b4cff044696b9df680d22a47c23cbcd,441.97
d8c3f9cbc6a562a7d23711d4c0f97f4e4758444e,504.34
cf8ae1c58905cca6cddf69d9f736c1f6e7e2933a,456.36
a8da2e7da25921dffd9fe6bbd53668bed08dd148,447.96
59fb5117a767ab75fe3baf5c37966c83430b02af,439.79
4f92f9be7d1de1f81959a0574047951c92d4ea39,436.88
f9f37e19876202a1db257a9e59452b0f10035fbf,443.36
f9f37e19876202a1db257a9e59452b0f10035fbf,446.63
f2535d705491ba6a582abff96ba77dc1144f64a5,439.25
5d56ace149ae3264d2502d49dd85302fc613a27c,444.53
be94f5547d6b8f15ee48117afe46ae302c361464,442.53
bfd79c9819df429e03c7646a1faf05ecf408f4b9,445.08
3232ff001c7c9d335e9bf5aea02ab12520cf3f01,448.48
1e30a157667af1fa7108d985dcb858a801832887,450.57
3232ff001c7c9d335e9bf5aea02ab12520cf3f01,444.86
96f316812fc31cd13c06a948cf84979c77b15f8b,447.30
87394199b2649e3ccdc73773640130dc1a917af0,444.45
4f92f9be7d1de1f81959a0574047951c92d4ea39,445.08
7dfce519e65d669edc8aec5dfaf8069905707b92,444.65
94002db5f90395b8927ae69c569e5a0726dd00c4,441.92
deaf9f6a51b928dcad619fd8300ee3926345d1ea,441.76
f8a5dfb037d363a6b6657fa71af59b66c6bec257,440.12
2cfb80261e6f61fa5b31627cecf832efc216a787,440.93
e064bc4842d1412a0421435332f55908fddcc866,451.60
68c05150bf4ce702c334405dc707d95c6fe73577,441.68
5c43ce2d83e44cd46049a7f0bfaeb5d9a322c032,420.89
472c7e55ee9d5cc7e7771696092c6eeca5a91b4d,423.62
dfac9ce465ff9c988904d05014d2be2715aa1d2b,445.64
3232ff001c7c9d335e9bf5aea02ab12520cf3f01,442.62
68c05150bf4ce702c334405dc707d95c6fe73577,443.28
82f8683129e83b2d7ad9c95efcd4777212d13762,439.20
2f05a964591e60379da354fc6cd27bb0c8007ca9,442.06
96f316812fc31cd13c06a948cf84979c77b15f8b,438.92
96f316812fc31cd13c06a948cf84979c77b15f8b,442.32
65fd8532dcf7c6972e0af8c33e3e1e30bbcf5796,442.06
3592968bc03a914ea69506b7b25494b344860274,453.16
caf61a4a0778a72ab713f72e9ef749bf373c98ac,440.99
3cb4cee19e3cb6830735a0f89d890576c7413f2c,440.75
398f9cf93414253c216585efdfca3b9f73f90d74,443.85
59fb5117a767ab75fe3baf5c37966c83430b02af,458.56
9b85aea847f85982b6f2d9d910e9112f771ab5a5,444.73
6c8365b9a0e963c1f2dc46099116a5c77f48c5d8,438.77
5d56ace149ae3264d2502d49dd85302fc613a27c,445.15
fa87a8fe2838e80ae0eeba6e2978815ef5533e91,446.44
8963e2ac79a97e694c388622e935a0471267e9eb,439.89
e064bc4842d1412a0421435332f55908fddcc866,453.46
3e284b6ce28acdf41d7a7cc8ead881d6ab54a8f9,443.36
94002db5f90395b8927ae69c569e5a0726dd00c4,439.78
074d9bfd5476d0430e75073fb27001f43435c081,451.30
5c43ce2d83e44cd46049a7f0bfaeb5d9a322c032,422.50
f2535d705491ba6a582abff96ba77dc1144f64a5,439.92
21759032d2b2b76e338d22c15d13bdf7993c13e1,440.60
bbd778464660544e1bcacade75ca219aefd1b82e,444.06
3cb4cee19e3cb6830735a0f89d890576c7413f2c,441.40
0e37cba87eea9d89156c144e3d4298c9c9ed04d4,446.18
3232ff001c7c9d335e9bf5aea02ab12520cf3f01,453.04
074d9bfd5476d0430e75073fb27001f43435c081,439.66
38e20f43502027b897135e94e9119ae9341254ac,443.12
fa9d20a3fb3060daaaa4f183a4be5cf27caf2583,449.98
3e284b6ce28acdf41d7a7cc8ead881d6ab54a8f9,444.28
3cb4cee19e3cb6830735a0f89d890576c7413f2c,442.69
615f53010b21d1c0946952e33773b885fe30440b,443.95
1d31086acba06579c4e7d5928dbba9ca8a0128b1,445.55
84ab3d3c2db81f0ef215ef1395d154a0e75c0040,441.98
dfac9ce465ff9c988904d05014d2be2715aa1d2b,443.42
deaf9f6a51b928dcad619fd8300ee3926345d1ea,441.48
3e284b6ce28acdf41d7a7cc8ead881d6ab54a8f9,440.46
9a5d4f3b7b2abf8664842f49d67e84c828afa534,442.51
bfd79c9819df429e03c7646a1faf05ecf408f4b9,443.01
8633b01428e9b4ad3df37b5d3530f2c5c963a698,443.12
1e85878fe008f6c651c348dd1d5b2edf713f63bb,431.75
1fd0a617cb216113997569937b43ec7c7a9c2fd2,440.26
bfd79c9819df429e03c7646a1faf05ecf408f4b9,448.78
96f316812fc31cd13c06a948cf84979c77b15f8b,441.77
a44e18aa3c1fcd25a68a5965f9490d8f7d026509,437.43
d7b5d5b28a6dd7ff198f02e1ee82160220135a74,446.70
074d9bfd5476d0430e75073fb27001f43435c081,441.32
4b763cc86f698d31f59e22e169e7a5a83e696a55,445.96
77e6a1a900685c173afd5d88c9bc6123b568fc72,1934.99
87394199b2649e3ccdc73773640130dc1a917af0,444.45
4f92f9be7d1de1f81959a0574047951c92d4ea39,440.47
d8c3f9cbc6a562a7d23711d4c0f97f4e4758444e,515.89
1030e6182d2fde38d4d307af8e21791ad9b91429,445.00
94002db5f90395b8927ae69c569e5a0726dd00c4,441.66
dbc1e34bdeede1cabee58b65bceb02f930ce5d88,452.58
e045c995ddda1c0ede7181193979af47b39fddf3,442.66
d8c3f9cbc6a562a7d23711d4c0f97f4e4758444e,502.48
785488c9f589ccec23480223596b328490590afc,439.52
84ab3d3c2db81f0ef215ef1395d154a0e75c0040,445.13
9a5d4f3b7b2abf8664842f49d67e84c828afa534,442.33
84ab3d3c2db81f0ef215ef1395d154a0e75c0040,443.30
07a3c08a7ddb06711c3d1b5b1126076a43efa6e1,444.19
381ce3d861251ae35aea636fc29c277a84060276,441.84
3592968bc03a914ea69506b7b25494b344860274,440.44
9afeb6b7645deb78ff0b3d2804771b9238806353,442.99
1030e6182d2fde38d4d307af8e21791ad9b91429,441.75
f8a5dfb037d363a6b6657fa71af59b66c6bec257,453.45
65fd8532dcf7c6972e0af8c33e3e1e30bbcf5796,441.01
deaf9f6a51b928dcad619fd8300ee3926345d1ea,455.46
04b8921d4dcab019b02588620d953c4f19d43a58,448.00
d7b5d5b28a6dd7ff198f02e1ee82160220135a74,441.81
fd12d272397fc04da34beac8c8f6e3faae81583f,458.39
deaf9f6a51b928dcad619fd8300ee3926345d1ea,444.94
a44e18aa3c1fcd25a68a5965f9490d8f7d026509,459.21
8963e2ac79a97e694c388622e935a0471267e9eb,445.00
1e85878fe008f6c651c348dd1d5b2edf713f63bb,424.22
7ff15ee20c961e370837d8f96ae77886ecd910d8,438.76
38e20f43502027b897135e94e9119ae9341254ac,443.28
46cff80ed79e2cb1fc1c791c44f4213dea69d5c0,440.83
7ff15ee20c961e370837d8f96ae77886ecd910d8,442.85
c9bc0b285b7d4336c1c1f416fb44e0775d1505fd,445.03
07a3c08a7ddb06711c3d1b5b1126076a43efa6e1,442.34
fa87a8fe2838e80ae0eeba6e2978815ef5533e91,448.56
84ab3d3c2db81f0ef215ef1395d154a0e75c0040,445.72
2f05a964591e60379da354fc6cd27bb0c8007ca9,451.39
f9f37e19876202a1db257a9e59452b0f10035fbf,442.86
99c4da880b4cff044696b9df680d22a47c23cbcd,441.73
2c257f6482dd7a9583538b7b0d4b3b0bef9417fd,437.48
889ff7cfb605adf5b692e3740294bcdc11b14e48,439.97
cf8ae1c58905cca6cddf69d9f736c1f6e7e2933a,446.38
dd4b68223f30d8142f26a13582d0b996dece6588,441.81
666275a54f3e6907b5244b612483815ee70a191d,440.41
9afeb6b7645deb78ff0b3d2804771b9238806353,438.13
9b85aea847f85982b6f2d9d910e9112f771ab5a5,438.93
cf8ae1c58905cca6cddf69d9f736c1f6e7e2933a,441.34
13d0bee275b1e61ee68dea02530b6e7b0ec9ac3a,442.19
04b8921d4dcab019b02588620d953c4f19d43a58,446.20
1d37cef1d8367af963fee4dc99164708f5d3c6f8,445.27
3592968bc03a914ea69506b7b25494b344860274,448.68
87394199b2649e3ccdc73773640130dc1a917af0,443.66
dfac9ce465ff9c988904d05014d2be2715aa1d2b,442.44
fa87a8fe2838e80ae0eeba6e2978815ef5533e91,453.68
2d56df2c9060c889e35bf4c386429ad1b6cacb35,446.24
1e85878fe008f6c651c348dd1d5b2edf713f63bb,426.09
1e84edbe208aab0c9330eadc50f9773d81d70cd6,448.03
785488c9f589ccec23480223596b328490590afc,442.85
8963e2ac79a97e694c388622e935a0471267e9eb,451.39
074d9bfd5476d0430e75073fb27001f43435c081,440.01
dfac9ce465ff9c988904d05014d2be2715aa1d2b,441.15
c75e9cc85d596ff08ae858da3c61d55e717607d1,447.06
f9901ab35d61700dd56cc6c1639e00f0aa58e435,439.74
1fd0a617cb216113997569937b43ec7c7a9c2fd2,447.28
c75e9cc85d596ff08ae858da3c61d55e717607d1,458.02
3cfd45112b28c5401fc6bd70cd25b22f98c9b3f9,439.63
074d9bfd5476d0430e75073fb27001f43435c081,441.94
3cfd45112b28c5401fc6bd70cd25b22f98c9b3f9,449.92
0ea12d3d662fab6adefa6d13a7ad017f793a2fa1,458.40
dd4b68223f30d8142f26a13582d0b996dece6588,450.99
1fd0a617cb216113997569937b43ec7c7a9c2fd2,444.74
94002db5f90395b8927ae69c569e5a0726dd00c4,462.95
77e6a1a900685c173afd5d88c9bc6123b568fc72,1942.33
002a4940935a7545ed94f1b776e4d7f6bf6c2525,425.83
e045c995ddda1c0ede7181193979af47b39fddf3,442.63
deaf9f6a51b928dcad619fd8300ee3926345d1ea,442.61
05ae97865c84536a6cfe7759ca6c382eb761ecb2,453.45
4b0dde413a3c38a77461ac64ad278a042d6eea68,441.00
c9bc0b285b7d4336c1c1f416fb44e0775d1505fd,443.47
caf61a4a0778a72ab713f72e9ef749bf373c98ac,443.25
a8da2e7da25921dffd9fe6bbd53668bed08dd148,441.39
1d37cef1d8367af963fee4dc99164708f5d3c6f8,452.18
dd4b68223f30d8142f26a13582d0b996dece6588,443.36
db2d5aa85352fe63531540ef396b944e2fe58e2c,451.97
a8da2e7da25921dffd9fe6bbd53668bed08dd148,442.89
c2a9605b70fdae3c064b49bf2a0b633c935322cc,441.30
3592968bc03a914ea69506b7b25494b344860274,438.53
1e85878fe008f6c651c348dd1d5b2edf713f63bb,428.51
dfac9ce465ff9c988904d05014d2be2715aa1d2b,443.47
889ff7cfb605adf5b692e3740294bcdc11b14e48,445.93
c9bc0b285b7d4336c1c1f416fb44e0775d1505fd,439.57
59fb5117a767ab75fe3baf5c37966c83430b02af,441.48
615f53010b21d1c0946952e33773b885fe30440b,450.92
6c8365b9a0e963c1f2dc46099116a5c77f48c5d8,440.53
1fd0a617cb216113997569937b43ec7c7a9c2fd2,461.82
398f9cf93414253c216585efdfca3b9f73f90d74,440.23
1e85878fe008f6c651c348dd1d5b2edf713f63bb,425.99
96f316812fc31cd13c06a948cf84979c77b15f8b,441.75
68c05150bf4ce702c334405dc707d95c6fe73577,440.69
be94f5547d6b8f15ee48117afe46ae302c361464,441.44
f8a5dfb037d363a6b6657fa71af59b66c6bec257,441.00
ede131697f4a1e76d9c291e5070b700143622d30,451.57
433d2f180058b8b73e1951c6cfbb986714e68b0f,441.05
a97385eb2870d113427b0d9430e108236ae363b4,425.34
38e20f43502027b897135e94e9119ae9341254ac,447.88
99c4da880b4cff044696b9df680d22a47c23cbcd,438.20
561d12a9894210d9f5a8a41d655361732a39b6c8,427.88
e917ada8cc976397aa5c3e11492f108a35919e48,449.87
561d12a9894210d9f5a8a41d655361732a39b6c8,418.78
a44e18aa3c1fcd25a68a5965f9490d8f7d026509,443.07
561d12a9894210d9f5a8a41d655361732a39b6c8,427.12
5c43ce2d83e44cd46049a7f0bfaeb5d9a322c032,427.42
9afeb6b7645deb78ff0b3d2804771b9238806353,439.72
a97385eb2870d113427b0d9430e108236ae363b4,424.57
6c8365b9a0e963c1f2dc46099116a5c77f48c5d8,441.95
e313f95e19c752a3316048468547af939e19cdd3,447.97
1fd0a617cb216113997569937b43ec7c7a9c2fd2,444.39
472c7e55ee9d5cc7e7771696092c6eeca5a91b4d,426.04
7dfce519e65d669edc8aec5dfaf8069905707b92,439.35
04b8921d4dcab019b02588620d953c4f19d43a58,449.41
1d31086acba06579c4e7d5928dbba9ca8a0128b1,443.87
fa87a8fe2838e80ae0eeba6e2978815ef5533e91,442.96
c2a9605b70fdae3c064b49bf2a0b633c935322cc,450.54
615f53010b21d1c0946952e33773b885fe30440b,441.14
472c7e55ee9d5cc7e7771696092c6eeca5a91b4d,425.60
4f92f9be7d1de1f81959a0574047951c92d4ea39,441.96
9b85aea847f85982b6f2d9d910e9112f771ab5a5,442.45
1fd0a617cb216113997569937b43ec7c7a9c2fd2,442.93
1fd0a617cb216113997569937b43ec7c7a9c2fd2,448.37
231aab61e228513853d08374e188217933f70986,440.74
dd4b68223f30d8142f26a13582d0b996dece6588,443.55
e917ada8cc976397aa5c3e11492f108a35919e48,449.43
e917ada8cc976397aa5c3e11492f108a35919e48,443.91
07a3c08a7ddb06711c3d1b5b1126076a43efa6e1,451.74
bfd79c9819df429e03c7646a1faf05ecf408f4b9,442.92
bbd778464660544e1bcacade75ca219aefd1b82e,438.57
eb8a107f679bc2778e55cfc71f27a147ef9aa455,443.52
398f9cf93414253c216585efdfca3b9f73f90d74,439.77
5d56ace149ae3264d2502d49dd85302fc613a27c,440.77
13d0bee275b1e61ee68dea02530b6e7b0ec9ac3a,445.36
9a5d4f3b7b2abf8664842f49d67e84c828afa534,442.69
c9bc0b285b7d4336c1c1f416fb44e0775d1505fd,452.33
13d0bee275b1e61ee68dea02530b6e7b0ec9ac3a,440.18
77e6a1a900685c173afd5d88c9bc6123b568fc72,1950.53
fb837fe7667480e0ca7e550f6cf813de45309996,447.08
1e85878fe008f6c651c348dd1d5b2edf713f63bb,426.06
dfac9ce465ff9c988904d05014d2be2715aa1d2b,439.99
4de5fe88eab987f8ac5b2df32d5574e2615ae306,443.67
398f9cf93414253c216585efdfca3b9f73f90d74,441.42
2cfb80261e6f61fa5b31627cecf832efc216a787,450.54
009013169754d4869f3a55c27a3443fc72d1d1f1,443.92
0ea12d3d662fab6adefa6d13a7ad017f793a2fa1,441.93
e064bc4842d1412a0421435332f55908fddcc866,446.13
a8da2e7da25921dffd9fe6bbd53668bed08dd148,455.30
cf8ae1c58905cca6cddf69d9f736c1f6e7e2933a,444.25
3cfd45112b28c5401fc6bd70cd25b22f98c9b3f9,439.11
65fd8532dcf7c6972e0af8c33e3e1e30bbcf5796,443.36
e064bc4842d1412a0421435332f55908fddcc866,441.23
04b8921d4dcab019b02588620d953c4f19d43a58,441.63
d55af6718e4b1b4bcbea954616ce7fb2e5a8f42b,436.40
f9f37e19876202a1db257a9e59452b0f10035fbf,442.85
fa9d20a3fb3060daaaa4f183a4be5cf27caf2583,450.48
c2a9605b70fdae3c064b49bf2a0b633c935322cc,448.90
2f05a964591e60379da354fc6cd27bb0c8007ca9,441.74
3592968bc03a914ea69506b7b25494b344860274,443.75
9b85aea847f85982b6f2d9d910e9112f771ab5a5,446.10
3982ea1198b8d780b42587e16ace3407bf7621e1,440.88
472c7e55ee9d5cc7e7771696092c6eeca5a91b4d,422.72
1d37cef1d8367af963fee4dc99164708f5d3c6f8,440.91
deaf9f6a51b928dcad619fd8300ee3926345d1ea,442.51
deaf9f6a51b928dcad619fd8300ee3926345d1ea,453.54
1e30a157667af1fa7108d985dcb858a801832887,440.05
615f53010b21d1c0946952e33773b885fe30440b,440.10
bbd778464660544e1bcacade75ca219aefd1b82e,444.88
be94f5547d6b8f15ee48117afe46ae302c361464,438.73
2cfb80261e6f61fa5b31627cecf832efc216a787,440.14
bbd778464660544e1bcacade75ca219aefd1b82e,447.42
e917ada8cc976397aa5c3e11492f108a35919e48,442.71
f2535d705491ba6a582abff96ba77dc1144f64a5,443.60
f9f37e19876202a1db257a9e59452b0f10035fbf,452.10
fb837fe7667480e0ca7e550f6cf813de45309996,447.16
0e37cba87eea9d89156c144e3d4298c9c9ed04d4,439.69
2cfb80261e6f61fa5b31627cecf832efc216a787,440.21
561d12a9894210d9f5a8a41d655361732a39b6c8,427.48
381ce3d861251ae35aea636fc29c277a84060276,439.62
fa87a8fe2838e80ae0eeba6e2978815ef5533e91,449.16
3232ff001c7c9d335e9bf5aea02ab12520cf3f01,442.91
d8c3f9cbc6a562a7d23711d4c0f97f4e4758444e,504.86
6c8365b9a0e963c1f2dc46099116a5c77f48c5d8,438.84
c2a9605b70fdae3c064b49bf2a0b633c935322cc,448.58
2c257f6482dd7a9583538b7b0d4b3b0bef9417fd,438.95
002a4940935a7545ed94f1b776e4d7f6bf6c2525,422.39
9afeb6b7645deb78ff0b3d2804771b9238806353,445.53
3232ff001c7c9d335e9bf5aea02ab12520cf3f01,439.43
1d31086acba06579c4e7d5928dbba9ca8a0128b1,449.04
785488c9f589ccec23480223596b328490590afc,441.58
dd4b68223f30d8142f26a13582d0b996dece6588,440.35
666275a54f3e6907b5244b612483815ee70a191d,439.71
398f9cf93414253c216585efdfca3b9f73f90d74,448.28
9b85aea847f85982b6f2d9d910e9112f771ab5a5,437.30
e313f95e19c752a3316048468547af939e19cdd3,450.57
1fd0a617cb216113997569937b43ec7c7a9c2fd2,442.11
5c43ce2d83e44cd46049a7f0bfaeb5d9a322c032,425.43
1e30a157667af1fa7108d985dcb858a801832887,441.28
e045c995ddda1c0ede7181193979af47b39fddf3,443.40
f2535d705491ba6a582abff96ba77dc1144f64a5,454.04
009013169754d4869f3a55c27a3443fc72d1d1f1,440.88
65fd8532dcf7c6972e0af8c33e3e1e30bbcf5796,444.58
2c257f6482dd7a9583538b7b0d4b3b0bef9417fd,444.36
4de5fe88eab987f8ac5b2df32d5574e2615ae306,442.49
002a4940935a7545ed94f1b776e4d7f6bf6c2525,424.32
a31ec08e102fd3832f3ff4449e9163440f0afb2c,443.54
074d9bfd5476d0430e75073fb27001f43435c081,437.91
009013169754d4869f3a55c27a3443fc72d1d1f1,440.30
0ea12d3d662fab6adefa6d13a7ad017f793a2fa1,442.43
002a4940935a7545ed94f1b776e4d7f6bf6c2525,423.55
d55af6718e4b1b4bcbea954616ce7fb2e5a8f42b,439.07
d8c3f9cbc6a562a7d23711d4c0f97f4e4758444e,499.09
3cb4cee19e3cb6830735a0f89d890576c7413f2c,444.05
f9901ab35d61700dd56cc6c1639e00f0aa58e435,436.42
4b763cc86f698d31f59e22e169e7a5a83e696a55,446.82
4b0dde413a3c38a77461ac64ad278a042d6eea68,442.90
c75e9cc85d596ff08ae858da3c61d55e717607d1,442.09
59fb5117a767ab75fe3baf5c37966c83430b02af,440.88
eb8a107f679bc2778e55cfc71f27a147ef9aa455,445.09
dbc1e34bdeede1cabee58b65bceb02f930ce5d88,443.16
547a11475d71479b7e7bb25b1ebc592bf44b6fe1,436.02
3592968bc03a914ea69506b7b25494b344860274,443.58
59fb5117a767ab75fe3baf5c37966c83430b02af,446.21
1030e6182d2fde38d4d307af8e21791ad9b91429,442.03
3e284b6ce28acdf41d7a7cc8ead881d6ab54a8f9,437.75
785488c9f589ccec23480223596b328490590afc,437.46
c9bc0b285b7d4336c1c1f416fb44e0775d1505fd,442.45
a44e18aa3c1fcd25a68a5965f9490d8f7d026509,445.30
05ae97865c84536a6cfe7759ca6c382eb761ecb2,440.34
82f8683129e83b2d7ad9c95efcd4777212d13762,435.68
8633b01428e9b4ad3df37b5d3530f2c5c963a698,441.31
9a5d4f3b7b2abf8664842f49d67e84c828afa534,454.82
46cff80ed79e2cb1fc1c791c44f4213dea69d5c0,441.00
0e37cba87eea9d89156c144e3d4298c9c9ed04d4,441.39
fa87a8fe2838e80ae0eeba6e2978815ef5533e91,441.55
f8a5dfb037d363a6b6657fa71af59b66c6bec257,445.03
3592968bc03a914ea69506b7b25494b344860274,437.92
4f92f9be7d1de1f81959a0574047951c92d4ea39,439.35
9afeb6b7645deb78ff0b3d2804771b9238806353,442.02
3cfd45112b28c5401fc6bd70cd25b22f98c9b3f9,451.18
99c4da880b4cff044696b9df680d22a47c23cbcd,449.08
e064bc4842d1412a0421435332f55908fddcc866,439.15
94002db5f90395b8927ae69c569e5a0726dd00c4,444.81
1e85878fe008f6c651c348dd1d5b2edf713f63bb,422.35
002a4940935a7545ed94f1b776e4d7f6bf6c2525,431.01
3982ea1198b8d780b42587e16ace3407bf7621e1,442.06
6c8365b9a0e963c1f2dc46099116a5c77f48c5d8,445.93
65fd8532dcf7c6972e0af8c33e3e1e30bbcf5796,442.59
547a11475d71479b7e7bb25b1ebc592bf44b6fe1,442.80
472c7e55ee9d5cc7e7771696092c6eeca5a91b4d,427.59
249e5a8aae9324cc6c8caf5303a607056b15a9da,443.77
38e20f43502027b897135e94e9119ae9341254ac,448.43
1d31086acba06579c4e7d5928dbba9ca8a0128b1,443.76
87394199b2649e3ccdc73773640130dc1a917af0,440.38
a44e18aa3c1fcd25a68a5965f9490d8f7d026509,442.47
4b763cc86f698d31f59e22e169e7a5a83e696a55,437.79
398f9cf93414253c216585efdfca3b9f73f90d74,446.78
1e84edbe208aab0c9330eadc50f9773d81d70cd6,449.80
d7b5d5b28a6dd7ff198f02e1ee82160220135a74,448.19
a8da2e7da25921dffd9fe6bbd53668bed08dd148,439.07
38e20f43502027b897135e94e9119ae9341254ac,443.12
1e30a157667af1fa7108d985dcb858a801832887,442.68
eb8a107f679bc2778e55cfc71f27a147ef9aa455,439.91
07a3c08a7ddb06711c3d1b5b1126076a43efa6e1,445.05
e045c995ddda1c0ede7181193979af47b39fddf3,462.67
f9f37e19876202a1db257a9e59452b0f10035fbf,440.19
bfd79c9819df429e03c7646a1faf05ecf408f4b9,456.96
5000be31966a575f54d80ef85ee49ca1f5cb6ea8,440.11
4f92f9be7d1de1f81959a0574047951c92d4ea39,440.88
1d31086acba06579c4e7d5928dbba9ca8a0128b1,442.80
7dfce519e65d669edc8aec5dfaf8069905707b92,445.61
9b85aea847f85982b6f2d9d910e9112f771ab5a5,439.70
07a3c08a7ddb06711c3d1b5b1126076a43efa6e1,439.22
fa87a8fe2838e80ae0eeba6e2978815ef5533e91,441.58
bbd778464660544e1bcacade75ca219aefd1b82e,442.02
a97385eb2870d113427b0d9430e108236ae363b4,427.52
889ff7cfb605adf5b692e3740294bcdc11b14e48,444.88
249e5a8aae9324cc6c8caf5303a607056b15a9da,445.34
bfd79c9819df429e03c7646a1faf05ecf408f4b9,441.21
a31ec08e102fd3832f3ff4449e9163440f0afb2c,443.47
3232ff001c7c9d335e9bf5aea02ab12520cf3f01,448.30
f9901ab35d61700dd56cc6c1639e00f0aa58e435,438.03
666275a54f3e6907b5244b612483815ee70a191d,441.29
1e85878fe008f6c651c348dd1d5b2edf713f63bb,430.62
9a5d4f3b7b2abf8664842f49d67e84c828afa534,444.84
4b763cc86f698d31f59e22e169e7a5a83e696a55,440.53
fd12d272397fc04da34beac8c8f6e3faae81583f,440.27
fa9d20a3fb3060daaaa4f183a4be5cf27caf2583,443.26
615f53010b21d1c0946952e33773b885fe30440b,442.66
561d12a9894210d9f5a8a41d655361732a39b6c8,430.37
d8c3f9cbc6a562a7d23711d4c0f97f4e4758444e,501.41
dbc1e34bdeede1cabee58b65bceb02f930ce5d88,444.28
77e6a1a900685c173afd5d88c9bc6123b568fc72,2006.38
785488c9f589ccec23480223596b328490590afc,457.17
3982ea1198b8d780b42587e16ace3407bf7621e1,445.03
1fd0a617cb216113997569937b43ec7c7a9c2fd2,445.75
fb837fe7667480e0ca7e550f6cf813de45309996,443.68
472c7e55ee9d5cc7e7771696092c6eeca5a91b4d,424.62
009013169754d4869f3a55c27a3443fc72d1d1f1,444.51
a31ec08e102fd3832f3ff4449e9163440f0afb2c,439.57
f9f37e19876202a1db257a9e59452b0f10035fbf,444.54
472c7e55ee9d5cc7e7771696092c6eeca5a91b4d,424.45
1e84edbe208aab0c9330eadc50f9773d81d70cd6,436.23
dbc1e34bdeede1cabee58b65bceb02f930ce5d88,448.28
1e30a157667af1fa7108d985dcb858a801832887,440.57
3e284b6ce28acdf41d7a7cc8ead881d6ab54a8f9,441.61
009013169754d4869f3a55c27a3443fc72d1d1f1,436.57
4f92f9be7d1de1f81959a0574047951c92d4ea39,439.79
4b0dde413a3c38a77461ac64ad278a042d6eea68,446.93
fb837fe7667480e0ca7e550f6cf813de45309996,445.66
e917ada8cc976397aa5c3e11492f108a35919e48,441.92
009013169754d4869f3a55c27a3443fc72d1d1f1,448.07
84ab3d3c2db81f0ef215ef1395d154a0e75c0040,440.94
96f316812fc31cd13c06a948cf84979c77b15f8b,441.56
dd4b68223f30d8142f26a13582d0b996dece6588,444.14
3cfd45112b28c5401fc6bd70cd25b22f98c9b3f9,443.59
1d31086acba06579c4e7d5928dbba9ca8a0128b1,436.87
21759032d2b2b76e338d22c15d13bdf7993c13e1,443.39
c9bc0b285b7d4336c1c1f416fb44e0775d1505fd,447.05
433d2f180058b8b73e1951c6cfbb986714e68b0f,436.42
7ff15ee20c961e370837d8f96ae77886ecd910d8,439.99
666275a54f3e6907b5244b612483815ee70a191d,448.01
3232ff001c7c9d335e9bf5aea02ab12520cf3f01,445.49
3592968bc03a914ea69506b7b25494b344860274,439.23
3592968bc03a914ea69506b7b25494b344860274,446.77
f8a5dfb037d363a6b6657fa71af59b66c6bec257,437.00
4f92f9be7d1de1f81959a0574047951c92d4ea39,437.51
be94f5547d6b8f15ee48117afe46ae302c361464,440.84
433d2f180058b8b73e1951c6cfbb986714e68b0f,440.67
2c257f6482dd7a9583538b7b0d4b3b0bef9417fd,439.03
4de5fe88eab987f8ac5b2df32d5574e2615ae306,440.91
65fd8532dcf7c6972e0af8c33e3e1e30bbcf5796,439.69
94002db5f90395b8927ae69c569e5a0726dd00c4,439.15
fb837fe7667480e0ca7e550f6cf813de45309996,448.67
dbc1e34bdeede1cabee58b65bceb02f930ce5d88,442.09
d8c3f9cbc6a562a7d23711d4c0f97f4e4758444e,505.98
0e37cba87eea9d89156c144e3d4298c9c9ed04d4,441.94
d7b5d5b28a6dd7ff198f02e1ee82160220135a74,448.10
ede131697f4a1e76d9c291e5070b700143622d30,444.15
4b0dde413a3c38a77461ac64ad278a042d6eea68,442.34
9afeb6b7645deb78ff0b3d2804771b9238806353,447.31
1d37cef1d8367af963fee4dc99164708f5d3c6f8,457.01
5d56ace149ae3264d2502d49dd85302fc613a27c,441.94
82f8683129e83b2d7ad9c95efcd4777212d13762,440.37
231aab61e228513853d08374e188217933f70986,443.03
1030e6182d2fde38d4d307af8e21791ad9b91429,439.72
381ce3d861251ae35aea636fc29c277a84060276,443.51
2c257f6482dd7a9583538b7b0d4b3b0bef9417fd,439.85
7ff15ee20c961e370837d8f96ae77886ecd910d8,447.63
472c7e55ee9d5cc7e7771696092c6eeca5a91b4d,425.57
231aab61e228513853d08374e188217933f70986,442.03
5c43ce2d83e44cd46049a7f0bfaeb5d9a322c032,423.92
1e30a157667af1fa7108d985dcb858a801832887,441.76
68c05150bf4ce702c334405dc707d95c6fe73577,443.97
889ff7cfb605adf5b692e3740294bcdc11b14e48,441.78
9b85aea847f85982b6f2d9d910e9112f771ab5a5,440.14
0e37cba87eea9d89156c144e3d4298c9c9ed04d4,447.44
2c257f6482dd7a9583538b7b0d4b3b0bef9417fd,447.48
bfd79c9819df429e03c7646a1faf05ecf408f4b9,443.21
a8da2e7da25921dffd9fe6bbd53668bed08dd148,442.78
4b0dde413a3c38a77461ac64ad278a042d6eea68,454.09
dbc1e34bdeede1cabee58b65bceb02f930ce5d88,445.08
94002db5f90395b8927ae69c569e5a0726dd00c4,458.52
a8da2e7da25921dffd9fe6bbd53668bed08dd148,443.30
f9f37e19876202a1db257a9e59452b0f10035fbf,448.38
547a11475d71479b7e7bb25b1ebc592bf44b6fe1,450.87
21759032d2b2b76e338d22c15d13bdf7993c13e1,439.63
caf61a4a0778a72ab713f72e9ef749bf373c98ac,438.62
bfd79c9819df429e03c7646a1faf05ecf408f4b9,449.58
433d2f180058b8b73e1951c6cfbb986714e68b0f,445.28
8633b01428e9b4ad3df37b5d3530f2c5c963a698,443.58
46cff80ed79e2cb1fc1c791c44f4213dea69d5c0,441.74
38e20f43502027b897135e94e9119ae9341254ac,443.99
2d56df2c9060c889e35bf4c386429ad1b6cacb35,449.23
eb8a107f679bc2778e55cfc71f27a147ef9aa455,443.78
d55af6718e4b1b4bcbea954616ce7fb2e5a8f42b,444.96
f9901ab35d61700dd56cc6c1639e00f0aa58e435,444.04
3232ff001c7c9d335e9bf5aea02ab12520cf3f01,445.86
d55af6718e4b1b4bcbea954616ce7fb2e5a8f42b,439.75
68c05150bf4ce702c334405dc707d95c6fe73577,438.73
68c05150bf4ce702c334405dc707d95c6fe73577,440.53
a8da2e7da25921dffd9fe6bbd53668bed08dd148,443.66
6c8365b9a0e963c1f2dc46099116a5c77f48c5d8,442.92
0e37cba87eea9d89156c144e3d4298c9c9ed04d4,443.76
d7b5d5b28a6dd7ff198f02e1ee82160220135a74,441.57
9b85aea847f85982b6f2d9d910e9112f771ab5a5,442.92
547a11475d71479b7e7bb25b1ebc592bf44b6fe1,454.03
0ea12d3d662fab6adefa6d13a7ad017f793a2fa1,440.27
2d56df2c9060c889e35bf4c386429ad1b6cacb35,446.15
9a5d4f3b7b2abf8664842f49d67e84c828afa534,439.85
04b8921d4dcab019b02588620d953c4f19d43a58,442.33
04b8921d4dcab019b02588620d953c4f19d43a58,441.94
a97385eb2870d113427b0d9430e108236ae363b4,422.44
ede131697f4a1e76d9c291e5070b700143622d30,450.31
d8c3f9cbc6a562a7d23711d4c0f97f4e4758444e,495.28
9a5d4f3b7b2abf8664842f49d67e84c828afa534,443.01
bbd778464660544e1bcacade75ca219aefd1b82e,445.79
1030e6182d2fde38d4d307af8e21791ad9b91429,443.51
3cb4cee19e3cb6830735a0f89d890576c7413f2c,440.35
e917ada8cc976397aa5c3e11492f108a35919e48,446.95
77e6a1a900685c173afd5d88c9bc6123b568fc72,1929.30
615f53010b21d1c0946952e33773b885fe30440b,454.43
1e84edbe208aab0c9330eadc50f9773d81d70cd6,435.27
4de5fe88eab987f8ac5b2df32d5574e2615ae306,439.71
3cfd45112b28c5401fc6bd70cd25b22f98c9b3f9,443.11
84ab3d3c2db81f0ef215ef1395d154a0e75c0040,442.01
d55af6718e4b1b4bcbea954616ce7fb2e5a8f42b,452.32
2c257f6482dd7a9583538b7b0d4b3b0bef9417fd,440.50
8633b01428e9b4ad3df37b5d3530f2c5c963a698,439.06
c75e9cc85d596ff08ae858da3c61d55e717607d1,446.41
1e85878fe008f6c651c348dd1d5b2edf713f63bb,437.32
04b8921d4dcab019b02588620d953c4f19d43a58,447.66
fb837fe7667480e0ca7e550f6cf813de45309996,442.65
3e284b6ce28acdf41d7a7cc8ead881d6ab54a8f9,438.53
433d2f180058b8b73e1951c6cfbb986714e68b0f,439.26
d8c3f9cbc6a562a7d23711d4c0f97f4e4758444e,502.03
94002db5f90395b8927ae69c569e5a0726dd00c4,441.02
5c43ce2d83e44cd46049a7f0bfaeb5d9a322c032,434.22
5000be31966a575f54d80ef85ee49ca1f5cb6ea8,440.51
1e85878fe008f6c651c348dd1d5b2edf713f63bb,429.25
3982ea1198b8d780b42587e16ace3407bf7621e1,456.64
fd12d272397fc04da34beac8c8f6e3faae81583f,444.70
bbd778464660544e1bcacade75ca219aefd1b82e,446.72
84ab3d3c2db81f0ef215ef1395d154a0e75c0040,439.17
8633b01428e9b4ad3df37b5d3530f2c5c963a698,442.88
fa87a8fe2838e80ae0eeba6e2978815ef5533e91,450.64
fb837fe7667480e0ca7e550f6cf813de45309996,444.70
1030e6182d2fde38d4d307af8e21791ad9b91429,442.32
1030e6182d2fde38d4d307af8e21791ad9b91429,450.06
07a3c08a7ddb06711c3d1b5b1126076a43efa6e1,440.00
dfac9ce465ff9c988904d05014d2be2715aa1d2b,446.12
96f316812fc31cd13c06a948cf84979c77b15f8b,443.97
e064bc4842d1412a0421435332f55908fddcc866,442.46
38e20f43502027b897135e94e9119ae9341254ac,446.25
a8da2e7da25921dffd9fe6bbd53668bed08dd148,441.29
3e284b6ce28acdf41d7a7cc8ead881d6ab54a8f9,442.15
94002db5f90395b8927ae69c569e5a0726dd00c4,440.20
e045c995ddda1c0ede7181193979af47b39fddf3,438.67
db2d5aa85352fe63531540ef396b944e2fe58e2c,442.39
e917ada8cc976397aa5c3e11492f108a35919e48,439.33
1e30a157667af1fa7108d985dcb858a801832887,442.94
be94f5547d6b8f15ee48117afe46ae302c361464,452.61
2d56df2c9060c889e35bf4c386429ad1b6cacb35,451.89
1e85878fe008f6c651c348dd1d5b2edf713f63bb,426.61
fd12d272397fc04da34beac8c8f6e3faae81583f,444.77
a97385eb2870d113427b0d9430e108236ae363b4,423.92
4b763cc86f698d31f59e22e169e7a5a83e696a55,451.48
7dfce519e65d669edc8aec5dfaf8069905707b92,441.27
46cff80ed79e2cb1fc1c791c44f4213dea69d5c0,445.48
4b763cc86f698d31f59e22e169e7a5a83e696a55,443.53
f2535d705491ba6a582abff96ba77dc1144f64a5,442.99
5d56ace149ae3264d2502d49dd85302fc613a27c,439.92
4b0dde413a3c38a77461ac64ad278a042d6eea68,442.99
4b0dde413a3c38a77461ac64ad278a042d6eea68,440.44
4b763cc86f698d31f59e22e169e7a5a83e696a55,444.52
1e85878fe008f6c651c348dd1d5b2edf713f63bb,426.08
2c257f6482dd7a9583538b7b0d4b3b0bef9417fd,444.06
bfd79c9819df429e03c7646a1faf05ecf408f4b9,454.26
fa9d20a3fb3060daaaa4f183a4be5cf27caf2583,447.76
04b8921d4dcab019b02588620d953c4f19d43a58,442.74
38e20f43502027b897135e94e9119ae9341254ac,443.90
2cfb80261e6f61fa5b31627cecf832efc216a787,439.40
87394199b2649e3ccdc73773640130dc1a917af0,441.57
13d0bee275b1e61ee68dea02530b6e7b0ec9ac3a,445.94
002a4940935a7545ed94f1b776e4d7f6bf6c2525,427.79
be94f5547d6b8f15ee48117afe46ae302c361464,443.24
fa9d20a3fb3060daaaa4f183a4be5cf27caf2583,441.21
7dfce519e65d669edc8aec5dfaf8069905707b92,440.18
f9901ab35d61700dd56cc6c1639e00f0aa58e435,443.49
94002db5f90395b8927ae69c569e5a0726dd00c4,445.18
a31ec08e102fd3832f3ff4449e9163440f0afb2c,439.68
dbc1e34bdeede1cabee58b65bceb02f930ce5d88,448.12
666275a54f3e6907b5244b612483815ee70a191d,440.47
caf61a4a0778a72ab713f72e9ef749bf373c98ac,439.09
db2d5aa85352fe63531540ef396b944e2fe58e2c,452.65
3cfd45112b28c5401fc6bd70cd25b22f98c9b3f9,437.66
a44e18aa3c1fcd25a68a5965f9490d8f7d026509,451.50
59fb5117a767ab75fe3baf5c37966c83430b02af,447.54
05ae97865c84536a6cfe7759ca6c382eb761ecb2,450.66
13d0bee275b1e61ee68dea02530b6e7b0ec9ac3a,446.18
a8da2e7da25921dffd9fe6bbd53668bed08dd148,443.79
db2d5aa85352fe63531540ef396b944e2fe58e2c,448.95
07a3c08a7ddb06711c3d1b5b1126076a43efa6e1,443.02
0ea12d3d662fab6adefa6d13a7ad017f793a2fa1,438.58
9a5d4f3b7b2abf8664842f49d67e84c828afa534,443.92
0ea12d3d662fab6adefa6d13a7ad017f793a2fa1,441.19
fa9d20a3fb3060daaaa4f183a4be5cf27caf2583,439.69
002a4940935a7545ed94f1b776e4d7f6bf6c2525,432.47
c75e9cc85d596ff08ae858da3c61d55e717607d1,442.74
eb8a107f679bc2778e55cfc71f27a147ef9aa455,441.69
785488c9f589ccec23480223596b328490590afc,452.81
8633b01428e9b4ad3df37b5d3530f2c5c963a698,453.12
5c43ce2d83e44cd46049a7f0bfaeb5d9a322c032,426.17
5c43ce2d83e44cd46049a7f0bfaeb5d9a322c032,423.37
009013169754d4869f3a55c27a3443fc72d1d1f1,438.64
002a4940935a7545ed94f1b776e4d7f6bf6c2525,425.26
dd4b68223f30d8142f26a13582d0b996dece6588,442.05
4de5fe88eab987f8ac5b2df32d5574e2615ae306,445.38
0e37cba87eea9d89156c144e3d4298c9c9ed04d4,447.21
1e85878fe008f6c651c348dd1d5b2edf713f63bb,422.72
65fd8532dcf7c6972e0af8c33e3e1e30bbcf5796,445.60
002a4940935a7545ed94f1b776e4d7f6bf6c2525,423.57
1e84edbe208aab0c9330eadc50f9773d81d70cd6,437.26
f9f37e19876202a1db257a9e59452b0f10035fbf,444.31
04b8921d4dcab019b02588620d953c4f19d43a58,440.01
2d56df2c9060c889e35bf4c386429ad1b6cacb35,440.55
cf8ae1c58905cca6cddf69d9f736c1f6e7e2933a,441.21
d7b5d5b28a6dd7ff198f02e1ee82160220135a74,439.89
3232ff001c7c9d335e9bf5aea02ab12520cf3f01,450.54
1fd0a617cb216113997569937b43ec7c7a9c2fd2,448.04
07a3c08a7ddb06711c3d1b5b1126076a43efa6e1,439.69
561d12a9894210d9f5a8a41d655361732a39b6c8,425.85
4de5fe88eab987f8ac5b2df32d5574e2615ae306,444.55
68c05150bf4ce702c334405dc707d95c6fe73577,441.82
38e20f43502027b897135e94e9119ae9341254ac,453.38
8963e2ac79a97e694c388622e935a0471267e9eb,446.73
dfac9ce465ff9c988904d05014d2be2715aa1d2b,437.59
8963e2ac79a97e694c388622e935a0471267e9eb,438.65
5d56ace149ae3264d2502d49dd85302fc613a27c,444.91
dfac9ce465ff9c988904d05014d2be2715aa1d2b,450.59
a8da2e7da25921dffd9fe6bbd53668bed08dd148,454.49
5d56ace149ae3264d2502d49dd85302fc613a27c,440.66
1e30a157667af1fa7108d985dcb858a801832887,442.60
8633b01428e9b4ad3df37b5d3530f2c5c963a698,443.11
be94f5547d6b8f15ee48117afe46ae302c361464,439.67
13d0bee275b1e61ee68dea02530b6e7b0ec9ac3a,451.45
dfac9ce465ff9c988904d05014d2be2715aa1d2b,443.82
1d37cef1d8367af963fee4dc99164708f5d3c6f8,445.29
21759032d2b2b76e338d22c15d13bdf7993c13e1,437.66
7dfce519e65d669edc8aec5dfaf8069905707b92,450.57
38e20f43502027b897135e94e9119ae9341254ac,443.48
2c257f6482dd7a9583538b7b0d4b3b0bef9417fd,444.87
3cb4cee19e3cb6830735a0f89d890576c7413f2c,452.34
3cb4cee19e3cb6830735a0f89d890576c7413f2c,441.58
8963e2ac79a97e694c388622e935a0471267e9eb,441.24
05ae97865c84536a6cfe7759ca6c382eb761ecb2,441.86
2cfb80261e6f61fa5b31627cecf832efc216a787,444.77
c9bc0b285b7d4336c1c1f416fb44e0775d1505fd,447.43
f2535d705491ba6a582abff96ba77dc1144f64a5,436.29
dbc1e34bdeede1cabee58b65bceb02f930ce5d88,448.72
bbd778464660544e1bcacade75ca219aefd1b82e,440.39
3e284b6ce28acdf41d7a7cc8ead881d6ab54a8f9,449.79
1e84edbe208aab0c9330eadc50f9773d81d70cd6,437.91
07a3c08a7ddb06711c3d1b5b1126076a43efa6e1,437.86
f2535d705491ba6a582abff96ba77dc1144f64a5,439.49
c9bc0b285b7d4336c1c1f416fb44e0775d1505fd,443.30
e917ada8cc976397aa5c3e11492f108a35919e48,450.74
f9901ab35d61700dd56cc6c1639e00f0aa58e435,442.67
8633b01428e9b4ad3df37b5d3530f2c5c963a698,445.89
d55af6718e4b1b4bcbea954616ce7fb2e5a8f42b,441.85
1e30a157667af1fa7108d985dcb858a801832887,443.60
e045c995ddda1c0ede7181193979af47b39fddf3,443.51
dd4b68223f30d8142f26a13582d0b996dece6588,437.93
785488c9f589ccec23480223596b328490590afc,447.46
c9bc0b285b7d4336c1c1f416fb44e0775d1505fd,442.13
e045c995ddda1c0ede7181193979af47b39fddf3,446.23
1d31086acba06579c4e7d5928dbba9ca8a0128b1,438.59
7dfce519e65d669edc8aec5dfaf8069905707b92,442.71
77e6a1a900685c173afd5d88c9bc6123b568fc72,1928.59
be94f5547d6b8f15ee48117afe46ae302c361464,437.37
fb837fe7667480e0ca7e550f6cf813de45309996,442.66
84ab3d3c2db81f0ef215ef1395d154a0e75c0040,444.77
009013169754d4869f3a55c27a3443fc72d1d1f1,452.75
3232ff001c7c9d335e9bf5aea02ab12520cf3f01,446.93
4b0dde413a3c38a77461ac64ad278a042d6eea68,446.30
472c7e55ee9d5cc7e7771696092c6eeca5a91b4d,425.95
e064bc4842d1412a0421435332f55908fddcc866,445.08
99c4da880b4cff044696b9df680d22a47c23cbcd,440.77
3232ff001c7c9d335e9bf5aea02ab12520cf3f01,447.94
21759032d2b2b76e338d22c15d13bdf7993c13e1,441.72
a97385eb2870d113427b0d9430e108236ae363b4,423.66
e045c995ddda1c0ede7181193979af47b39fddf3,442.65
04b8921d4dcab019b02588620d953c4f19d43a58,440.91
fd12d272397fc04da34beac8c8f6e3faae81583f,448.93
dfac9ce465ff9c988904d05014d2be2715aa1d2b,439.52
a8da2e7da25921dffd9fe6bbd53668bed08dd148,437.58
65fd8532dcf7c6972e0af8c33e3e1e30bbcf5796,443.14
c2a9605b70fdae3c064b49bf2a0b633c935322cc,445.13
94002db5f90395b8927ae69c569e5a0726dd00c4,449.29
87394199b2649e3ccdc73773640130dc1a917af0,444.12
d55af6718e4b1b4bcbea954616ce7fb2e5a8f42b,446.02
a31ec08e102fd3832f3ff4449e9163440f0afb2c,444.21
009013169754d4869f3a55c27a3443fc72d1d1f1,442.24
002a4940935a7545ed94f1b776e4d7f6bf6c2525,436.78
bfd79c9819df429e03c7646a1faf05ecf408f4b9,441.41
6c8365b9a0e963c1f2dc46099116a5c77f48c5d8,448.27
1e85878fe008f6c651c348dd1d5b2edf713f63bb,424.40
009013169754d4869f3a55c27a3443fc72d1d1f1,446.21
5000be31966a575f54d80ef85ee49ca1f5cb6ea8,439.04
231aab61e228513853d08374e188217933f70986,447.87
889ff7cfb605adf5b692e3740294bcdc11b14e48,438.03
ede131697f4a1e76d9c291e5070b700143622d30,447.75
615f53010b21d1c0946952e33773b885fe30440b,441.01
a31ec08e102fd3832f3ff4449e9163440f0afb2c,441.98
c2a9605b70fdae3c064b49bf2a0b633c935322cc,446.29
3cfd45112b28c5401fc6bd70cd25b22f98c9b3f9,442.23
9afeb6b7645deb78ff0b3d2804771b9238806353,449.15
c2a9605b70fdae3c064b49bf2a0b633c935322cc,460.09
433d2f180058b8b73e1951c6cfbb986714e68b0f,443.61
4b763cc86f698d31f59e22e169e7a5a83e696a55,441.05
59fb5117a767ab75fe3baf5c37966c83430b02af,450.40
381ce3d861251ae35aea636fc29c277a84060276,443.34
21759032d2b2b76e338d22c15d13bdf7993c13e1,440.45
1e30a157667af1fa7108d985dcb858a801832887,441.24
472c7e55ee9d5cc7e7771696092c6eeca5a91b4d,425.22
433d2f180058b8b73e1951c6cfbb986714e68b0f,435.56
deaf9f6a51b928dcad619fd8300ee3926345d1ea,441.36
bfd79c9819df429e03c7646a1faf05ecf408f4b9,448.16
1030e6182d2fde38d4d307af8e21791ad9b91429,445.39
f9901ab35d61700dd56cc6c1639e00f0aa58e435,440.91
889ff7cfb605adf5b692e3740294bcdc11b14e48,444.25
cf8ae1c58905cca6cddf69d9f736c1f6e7e2933a,442.47
472c7e55ee9d5cc7e7771696092c6eeca5a91b4d,426.90
6c8365b9a0e963c1f2dc46099116a5c77f48c5d8,439.55
7dfce519e65d669edc8aec5dfaf8069905707b92,443.27
cf8ae1c58905cca6cddf69d9f736c1f6e7e2933a,443.40
d7b5d5b28a6dd7ff198f02e1ee82160220135a74,446.35
c9bc0b285b7d4336c1c1f416fb44e0775d1505fd,441.26
1e84edbe208aab0c9330eadc50f9773d81d70cd6,440.93
e045c995ddda1c0ede7181193979af47b39fddf3,445.19
cf8ae1c58905cca6cddf69d9f736c1f6e7e2933a,449.94
59fb5117a767ab75fe3baf5c37966c83430b02af,444.57
77e6a1a900685c173afd5d88c9bc6123b568fc72,1965.34
77e6a1a900685c173afd5d88c9bc6123b568fc72,1896.62
666275a54f3e6907b5244b612483815ee70a191d,440.66
a97385eb2870d113427b0d9430e108236ae363b4,424.67
dbc1e34bdeede1cabee58b65bceb02f930ce5d88,451.26
46cff80ed79e2cb1fc1c791c44f4213dea69d5c0,455.94
2c257f6482dd7a9583538b7b0d4b3b0bef9417fd,442.49
fa9d20a3fb3060daaaa4f183a4be5cf27caf2583,451.71
99c4da880b4cff044696b9df680d22a47c23cbcd,438.57
3232ff001c7c9d335e9bf5aea02ab12520cf3f01,442.42
009013169754d4869f3a55c27a3443fc72d1d1f1,445.16
46cff80ed79e2cb1fc1c791c44f4213dea69d5c0,445.83
e064bc4842d1412a0421435332f55908fddcc866,441.52
398f9cf93414253c216585efdfca3b9f73f90d74,445.24
4f92f9be7d1de1f81959a0574047951c92d4ea39,444.90
e313f95e19c752a3316048468547af939e19cdd3,443.35
1d37cef1d8367af963fee4dc99164708f5d3c6f8,443.90
deaf9f6a51b928dcad619fd8300ee3926345d1ea,445.23
07a3c08a7ddb06711c3d1b5b1126076a43efa6e1,441.86
a97385eb2870d113427b0d9430e108236ae363b4,423.29
dd4b68223f30d8142f26a13582d0b996dece6588,443.17
c9bc0b285b7d4336c1c1f416fb44e0775d1505fd,452.71
dd4b68223f30d8142f26a13582d0b996dece6588,442.27
0ea12d3d662fab6adefa6d13a7ad017f793a2fa1,446.40
fd12d272397fc04da34beac8c8f6e3faae81583f,443.51
82f8683129e83b2d7ad9c95efcd4777212d13762,442.20
46cff80ed79e2cb1fc1c791c44f4213dea69d5c0,444.09
a31ec08e102fd3832f3ff4449e9163440f0afb2c,443.37
caf61a4a0778a72ab713f72e9ef749bf373c98ac,442.13
889ff7cfb605adf5b692e3740294bcdc11b14e48,442.18
d7b5d5b28a6dd7ff198f02e1ee82160220135a74,442.31
381ce3d861251ae35aea636fc29c277a84060276,453.22
a44e18aa3c1fcd25a68a5965f9490d8f7d026509,439.43
f8a5dfb037d363a6b6657fa71af59b66c6bec257,442.21
21759032d2b2b76e338d22c15d13bdf7993c13e1,443.57
e064bc4842d1412a0421435332f55908fddcc866,439.78
1d31086acba06579c4e7d5928dbba9ca8a0128b1,444.66
87394199b2649e3ccdc73773640130dc1a917af0,439.12
d7b5d5b28a6dd7ff198f02e1ee82160220135a74,448.89
c2a9605b70fdae3c064b49bf2a0b633c935322cc,448.47
561d12a9894210d9f5a8a41d655361732a39b6c8,425.56
0ea12d3d662fab6adefa6d13a7ad017f793a2fa1,444.28
3cfd45112b28c5401fc6bd70cd25b22f98c9b3f9,439.98
bbd778464660544e1bcacade75ca219aefd1b82e,443.45
547a11475d71479b7e7bb25b1ebc592bf44b6fe1,443.77
2c257f6482dd7a9583538b7b0d4b3b0bef9417fd,440.11
009013169754d4869f3a55c27a3443fc72d1d1f1,446.21
bbd778464660544e1bcacade75ca219aefd1b82e,439.48
5d56ace149ae3264d2502d49dd85302fc613a27c,436.59
eb8a107f679bc2778e55cfc71f27a147ef9aa455,448.98
889ff7cfb605adf5b692e3740294bcdc11b14e48,439.15
5d56ace149ae3264d2502d49dd85302fc613a27c,438.47
f2535d705491ba6a582abff96ba77dc1144f64a5,446.71
6c8365b9a0e963c1f2dc46099116a5c77f48c5d8,443.30
1d31086acba06579c4e7d5928dbba9ca8a0128b1,440.67
77e6a1a900685c173afd5d88c9bc6123b568fc72,1925.34
9afeb6b7645deb78ff0b3d2804771b9238806353,440.73
e064bc4842d1412a0421435332f55908fddcc866,439.19
0ea12d3d662fab6adefa6d13a7ad017f793a2fa1,447.04
0e37cba87eea9d89156c144e3d4298c9c9ed04d4,445.44
13d0bee275b1e61ee68dea02530b6e7b0ec9ac3a,437.28
5c43ce2d83e44cd46049a7f0bfaeb5d9a322c032,433.95
f8a5dfb037d363a6b6657fa71af59b66c6bec257,434.54
7ff15ee20c961e370837d8f96ae77886ecd910d8,440.70
3cfd45112b28c5401fc6bd70cd25b22f98c9b3f9,437.70
c2a9605b70fdae3c064b49bf2a0b633c935322cc,445.71
e313f95e19c752a3316048468547af939e19cdd3,439.64
fa9d20a3fb3060daaaa4f183a4be5cf27caf2583,443.57
77e6a1a900685c173afd5d88c9bc6123b568fc72,1938.23
dd4b68223f30d8142f26a13582d0b996dece6588,439.31
96f316812fc31cd13c06a948cf84979c77b15f8b,448.34
c2a9605b70fdae3c064b49bf2a0b633c935322cc,446.00
0e37cba87eea9d89156c144e3d4298c9c9ed04d4,440.73
68c05150bf4ce702c334405dc707d95c6fe73577,442.25
f8a5dfb037d363a6b6657fa71af59b66c6bec257,449.79
96f316812fc31cd13c06a948cf84979c77b15f8b,443.22
46cff80ed79e2cb1fc1c791c44f4213dea69d5c0,442.65
82f8683129e83b2d7ad9c95efcd4777212d13762,447.16
1030e6182d2fde38d4d307af8e21791ad9b91429,444.52
1d31086acba06579c4e7d5928dbba9ca8a0128b1,444.85
cf8ae1c58905cca6cddf69d9f736c1f6e7e2933a,439.17
4de5fe88eab987f8ac5b2df32d5574e2615ae306,444.17
c75e9cc85d596ff08ae858da3c61d55e717607d1,455.98
3cb4cee19e3cb6830735a0f89d890576c7413f2c,441.79
fb837fe7667480e0ca7e550f6cf813de45309996,446.97
4f92f9be7d1de1f81959a0574047951c92d4ea39,438.50
1e30a157667af1fa7108d985dcb858a801832887,442.07
fa87a8fe2838e80ae0eeba6e2978815ef5533e91,440.66
82f8683129e83b2d7ad9c95efcd4777212d13762,449.91
4b763cc86f698d31f59e22e169e7a5a83e696a55,449.34
fa9d20a3fb3060daaaa4f183a4be5cf27caf2583,447.89
4b0dde413a3c38a77461ac64ad278a042d6eea68,437.73
9afeb6b7645deb78ff0b3d2804771b9238806353,441.74
1d31086acba06579c4e7d5928dbba9ca8a0128b1,442.26
3e284b6ce28acdf41d7a7cc8ead881d6ab54a8f9,447.60
4de5fe88eab987f8ac5b2df32d5574e2615ae306,440.63
3232ff001c7c9d335e9bf5aea02ab12520cf3f01,447.86
c75e9cc85d596ff08ae858da3c61d55e717607d1,441.40
7ff15ee20c961e370837d8f96ae77886ecd910d8,442.26
fa87a8fe2838e80ae0eeba6e2978815ef5533e91,442.85
231aab61e228513853d08374e188217933f70986,442.51
fa9d20a3fb3060daaaa4f183a4be5cf27caf2583,441.00
f2535d705491ba6a582abff96ba77dc1144f64a5,441.70
e313f95e19c752a3316048468547af939e19cdd3,445.82
433d2f180058b8b73e1951c6cfbb986714e68b0f,442.83
1d31086acba06579c4e7d5928dbba9ca8a0128b1,453.39
2d56df2c9060c889e35bf4c386429ad1b6cacb35,444.94
4de5fe88eab987f8ac5b2df32d5574e2615ae306,444.46
07a3c08a7ddb06711c3d1b5b1126076a43efa6e1,440.93
04b8921d4dcab019b02588620d953c4f19d43a58,441.07
05ae97865c84536a6cfe7759ca6c382eb761ecb2,447.20
3cb4cee19e3cb6830735a0f89d890576c7413f2c,446.84
561d12a9894210d9f5a8a41d655361732a39b6c8,428.69
3592968bc03a914ea69506b7b25494b344860274,448.13
04b8921d4dcab019b02588620d953c4f19d43a58,444.02
e064bc4842d1412a0421435332f55908fddcc866,442.25
2f05a964591e60379da354fc6cd27bb0c8007ca9,452.35
a31ec08e102fd3832f3ff4449e9163440f0afb2c,439.77
2cfb80261e6f61fa5b31627cecf832efc216a787,447.72
04b8921d4dcab019b02588620d953c4f19d43a58,445.66
4b763cc86f698d31f59e22e169e7a5a83e696a55,447.00
caf61a4a0778a72ab713f72e9ef749bf373c98ac,440.88
fb837fe7667480e0ca7e550f6cf813de45309996,452.74
7ff15ee20c961e370837d8f96ae77886ecd910d8,449.48
fb837fe7667480e0ca7e550f6cf813de45309996,439.42
1fd0a617cb216113997569937b43ec7c7a9c2fd2,441.04
074d9bfd5476d0430e75073fb27001f43435c081,449.22
4b763cc86f698d31f59e22e169e7a5a83e696a55,441.72
3cb4cee19e3cb6830735a0f89d890576c7413f2c,452.23
889ff7cfb605adf5b692e3740294bcdc11b14e48,443.13
c2a9605b70fdae3c064b49bf2a0b633c935322cc,438.22
2cfb80261e6f61fa5b31627cecf832efc216a787,444.38
caf61a4a0778a72ab713f72e9ef749bf373c98ac,443.96
7dfce519e65d669edc8aec5dfaf8069905707b92,437.92
231aab61e228513853d08374e188217933f70986,439.51
99c4da880b4cff044696b9df680d22a47c23cbcd,443.17
1d31086acba06579c4e7d5928dbba9ca8a0128b1,439.61
9afeb6b7645deb78ff0b3d2804771b9238806353,444.82
f9901ab35d61700dd56cc6c1639e00f0aa58e435,443.02
21759032d2b2b76e338d22c15d13bdf7993c13e1,448.86
2d56df2c9060c889e35bf4c386429ad1b6cacb35,444.43
561d12a9894210d9f5a8a41d655361732a39b6c8,424.71
0e37cba87eea9d89156c144e3d4298c9c9ed04d4,449.84
e917ada8cc976397aa5c3e11492f108a35919e48,441.70
7ff15ee20c961e370837d8f96ae77886ecd910d8,444.80
f9f37e19876202a1db257a9e59452b0f10035fbf,454.17
e313f95e19c752a3316048468547af939e19cdd3,451.67
eb8a107f679bc2778e55cfc71f27a147ef9aa455,441.55
94002db5f90395b8927ae69c569e5a0726dd00c4,445.87
433d2f180058b8b73e1951c6cfbb986714e68b0f,440.19
13d0bee275b1e61ee68dea02530b6e7b0ec9ac3a,444.96
2d56df2c9060c889e35bf4c386429ad1b6cacb35,444.65
f9901ab35d61700dd56cc6c1639e00f0aa58e435,443.53
2f05a964591e60379da354fc6cd27bb0c8007ca9,436.38
e313f95e19c752a3316048468547af939e19cdd3,438.18
5d56ace149ae3264d2502d49dd85302fc613a27c,442.45
4b0dde413a3c38a77461ac64ad278a042d6eea68,441.69
21759032d2b2b76e338d22c15d13bdf7993c13e1,447.74
381ce3d861251ae35aea636fc29c277a84060276,439.57
dfac9ce465ff9c988904d05014d2be2715aa1d2b,447.46
deaf9f6a51b928dcad619fd8300ee3926345d1ea,443.35
231aab61e228513853d08374e188217933f70986,443.58
4b0dde413a3c38a77461ac64ad278a042d6eea68,445.35
9a5d4f3b7b2abf8664842f49d67e84c828afa534,442.84
eb8a107f679bc2778e55cfc71f27a147ef9aa455,454.45
8963e2ac79a97e694c388622e935a0471267e9eb,441.84
94002db5f90395b8927ae69c569e5a0726dd00c4,447.05
0e37cba87eea9d89156c144e3d4298c9c9ed04d4,445.24
38e20f43502027b897135e94e9119ae9341254ac,453.96
009013169754d4869f3a55c27a3443fc72d1d1f1,441.05
3e284b6ce28acdf41d7a7cc8ead881d6ab54a8f9,442.49
8633b01428e9b4ad3df37b5d3530f2c5c963a698,441.38
e917ada8cc976397aa5c3e11492f108a35919e48,448.27
7dfce519e65d669edc8aec5dfaf8069905707b92,437.44
cf8ae1c58905cca6cddf69d9f736c1f6e7e2933a,442.37
4f92f9be7d1de1f81959a0574047951c92d4ea39,443.14
77e6a1a900685c173afd5d88c9bc6123b568fc72,1941.29
1d31086acba06579c4e7d5928dbba9ca8a0128b1,439.28
002a4940935a7545ed94f1b776e4d7f6bf6c2525,428.75
46cff80ed79e2cb1fc1c791c44f4213dea69d5c0,444.13
3e284b6ce28acdf41d7a7cc8ead881d6ab54a8f9,440.50
07a3c08a7ddb06711c3d1b5b1126076a43efa6e1,447.38
e064bc4842d1412a0421435332f55908fddcc866,447.68
398f9cf93414253c216585efdfca3b9f73f90d74,442.69
d55af6718e4b1b4bcbea954616ce7fb2e5a8f42b,443.24
bbd778464660544e1bcacade75ca219aefd1b82e,439.96
1e30a157667af1fa7108d985dcb858a801832887,449.72
c9bc0b285b7d4336c1c1f416fb44e0775d1505fd,449.40
c75e9cc85d596ff08ae858da3c61d55e717607d1,439.39
dbc1e34bdeede1cabee58b65bceb02f930ce5d88,444.24
caf61a4a0778a72ab713f72e9ef749bf373c98ac,444.04
547a11475d71479b7e7bb25b1ebc592bf44b6fe1,438.64
f9901ab35d61700dd56cc6c1639e00f0aa58e435,442.16
3cfd45112b28c5401fc6bd70cd25b22f98c9b3f9,439.01
ede131697f4a1e76d9c291e5070b700143622d30,447.73
a8da2e7da25921dffd9fe6bbd53668bed08dd148,447.55
a31ec08e102fd3832f3ff4449e9163440f0afb2c,447.24
8963e2ac79a97e694c388622e935a0471267e9eb,445.32
87394199b2649e3ccdc73773640130dc1a917af0,440.72
bfd79c9819df429e03c7646a1faf05ecf408f4b9,442.06
8633b01428e9b4ad3df37b5d3530f2c5c963a698,444.88
2d56df2c9060c889e35bf4c386429ad1b6cacb35,442.81
e313f95e19c752a3316048468547af939e19cdd3,447.13
4de5fe88eab987f8ac5b2df32d5574e2615ae306,442.09
d8c3f9cbc6a562a7d23711d4c0f97f4e4758444e,501.38
a8da2e7da25921dffd9fe6bbd53668bed08dd148,445.54
1030e6182d2fde38d4d307af8e21791ad9b91429,439.25
0e37cba87eea9d89156c144e3d4298c9c9ed04d4,449.85
21759032d2b2b76e338d22c15d13bdf7993c13e1,446.66
002a4940935a7545ed94f1b776e4d7f6bf6c2525,421.86
561d12a9894210d9f5a8a41d655361732a39b6c8,420.63
3982ea1198b8d780b42587e16ace3407bf7621e1,448.12
4f92f9be7d1de1f81959a0574047951c92d4ea39,443.61
fd12d272397fc04da34beac8c8f6e3faae81583f,441.95
fb837fe7667480e0ca7e550f6cf813de45309996,442.44
38e20f43502027b897135e94e9119ae9341254ac,457.79
472c7e55ee9d5cc7e7771696092c6eeca5a91b4d,424.43
caf61a4a0778a72ab713f72e9ef749bf373c98ac,440.75
e917ada8cc976397aa5c3e11492f108a35919e48,442.79
a31ec08e102fd3832f3ff4449e9163440f0afb2c,443.18
87394199b2649e3ccdc73773640130dc1a917af0,448.26
a44e18aa3c1fcd25a68a5965f9490d8f7d026509,451.54
2cfb80261e6f61fa5b31627cecf832efc216a787,443.48
a44e18aa3c1fcd25a68a5965f9490d8f7d026509,443.90
bfd79c9819df429e03c7646a1faf05ecf408f4b9,445.59
77e6a1a900685c173afd5d88c9bc6123b568fc72,1928.50
68c05150bf4ce702c334405dc707d95c6fe73577,439.34
a97385eb2870d113427b0d9430e108236ae363b4,438.49
9a5d4f3b7b2abf8664842f49d67e84c828afa534,449.24
82f8683129e83b2d7ad9c95efcd4777212d13762,444.81
46cff80ed79e2cb1fc1c791c44f4213dea69d5c0,441.53
7dfce519e65d669edc8aec5dfaf8069905707b92,441.24
7ff15ee20c961e370837d8f96ae77886ecd910d8,453.05
04b8921d4dcab019b02588620d953c4f19d43a58,442.27
d8c3f9cbc6a562a7d23711d4c0f97f4e4758444e,502.28
615f53010b21d1c0946952e33773b885fe30440b,455.82
1e84edbe208aab0c9330eadc50f9773d81d70cd6,440.53
05ae97865c84536a6cfe7759ca6c382eb761ecb2,443.67
1fd0a617cb216113997569937b43ec7c7a9c2fd2,454.31
6c8365b9a0e963c1f2dc46099116a5c77f48c5d8,442.53
1fd0a617cb216113997569937b43ec7c7a9c2fd2,443.31
96f316812fc31cd13c06a948cf84979c77b15f8b,447.73
889ff7cfb605adf5b692e3740294bcdc11b14e48,435.23
e045c995ddda1c0ede7181193979af47b39fddf3,444.14
4b0dde413a3c38a77461ac64ad278a042d6eea68,443.42
a44e18aa3c1fcd25a68a5965f9490d8f7d026509,441.44
d55af6718e4b1b4bcbea954616ce7fb2e5a8f42b,443.41
be94f5547d6b8f15ee48117afe46ae302c361464,445.79
46cff80ed79e2cb1fc1c791c44f4213dea69d5c0,442.80
d8c3f9cbc6a562a7d23711d4c0f97f4e4758444e,499.40
db2d5aa85352fe63531540ef396b944e2fe58e2c,447.12
002a4940935a7545ed94f1b776e4d7f6bf6c2525,423.87
889ff7cfb605adf5b692e3740294bcdc11b14e48,453.80
6c8365b9a0e963c1f2dc46099116a5c77f48c5d8,443.92
c2a9605b70fdae3c064b49bf2a0b633c935322cc,446.21
7dfce519e65d669edc8aec5dfaf8069905707b92,442.29
7ff15ee20c961e370837d8f96ae77886ecd910d8,452.68
4de5fe88eab987f8ac5b2df32d5574e2615ae306,441.87
38e20f43502027b897135e94e9119ae9341254ac,441.26
bbd778464660544e1bcacade75ca219aefd1b82e,442.27
db2d5aa85352fe63531540ef396b944e2fe58e2c,440.02
3592968bc03a914ea69506b7b25494b344860274,458.99
074d9bfd5476d0430e75073fb27001f43435c081,445.59
472c7e55ee9d5cc7e7771696092c6eeca5a91b4d,432.64
eb8a107f679bc2778e55cfc71f27a147ef9aa455,442.78
561d12a9894210d9f5a8a41d655361732a39b6c8,429.45
666275a54f3e6907b5244b612483815ee70a191d,447.03
deaf9f6a51b928dcad619fd8300ee3926345d1ea,440.32
1e84edbe208aab0c9330eadc50f9773d81d70cd6,442.55
c75e9cc85d596ff08ae858da3c61d55e717607d1,437.72
84ab3d3c2db81f0ef215ef1395d154a0e75c0040,439.41
2cfb80261e6f61fa5b31627cecf832efc216a787,450.99
07a3c08a7ddb06711c3d1b5b1126076a43efa6e1,441.12
9a5d4f3b7b2abf8664842f49d67e84c828afa534,448.81
6c8365b9a0e963c1f2dc46099116a5c77f48c5d8,444.01
561d12a9894210d9f5a8a41d655361732a39b6c8,423.50
13d0bee275b1e61ee68dea02530b6e7b0ec9ac3a,446.35
f8a5dfb037d363a6b6657fa71af59b66c6bec257,438.47
8963e2ac79a97e694c388622e935a0471267e9eb,447.95
1d37cef1d8367af963fee4dc99164708f5d3c6f8,447.92
e917ada8cc976397aa5c3e11492f108a35919e48,450.35
9afeb6b7645deb78ff0b3d2804771b9238806353,446.72
1fd0a617cb216113997569937b43ec7c7a9c2fd2,441.00
8963e2ac79a97e694c388622e935a0471267e9eb,438.67
002a4940935a7545ed94f1b776e4d7f6bf6c2525,424.63
c2a9605b70fdae3c064b49bf2a0b633c935322cc,448.31
785488c9f589ccec23480223596b328490590afc,448.64
4b0dde413a3c38a77461ac64ad278a042d6eea68,445.45
9b85aea847f85982b6f2d9d910e9112f771ab5a5,438.52
38e20f43502027b897135e94e9119ae9341254ac,441.20
2d56df2c9060c889e35bf4c386429ad1b6cacb35,447.50
deaf9f6a51b928dcad619fd8300ee3926345d1ea,441.63
666275a54f3e6907b5244b612483815ee70a191d,441.22
db2d5aa85352fe63531540ef396b944e2fe58e2c,459.12
13d0bee275b1e61ee68dea02530b6e7b0ec9ac3a,439.76
231aab61e228513853d08374e188217933f70986,445.97
77e6a1a900685c173afd5d88c9bc6123b568fc72,2017.49
3e284b6ce28acdf41d7a7cc8ead881d6ab54a8f9,439.82
f8a5dfb037d363a6b6657fa71af59b66c6bec257,445.71
c9bc0b285b7d4336c1c1f416fb44e0775d1505fd,442.75
d55af6718e4b1b4bcbea954616ce7fb2e5a8f42b,442.51
f9901ab35d61700dd56cc6c1639e00f0aa58e435,441.50
3cfd45112b28c5401fc6bd70cd25b22f98c9b3f9,440.94
472c7e55ee9d5cc7e7771696092c6eeca5a91b4d,425.29
a8da2e7da25921dffd9fe6bbd53668bed08dd148,438.81
074d9bfd5476d0430e75073fb27001f43435c081,440.67
9a5d4f3b7b2abf8664842f49d67e84c828afa534,441.04
a44e18aa3c1fcd25a68a5965f9490d8f7d026509,453.94
f8a5dfb037d363a6b6657fa71af59b66c6bec257,441.30
5c43ce2d83e44cd46049a7f0bfaeb5d9a322c032,424.46
889ff7cfb605adf5b692e3740294bcdc11b14e48,441.14
249e5a8aae9324cc6c8caf5303a607056b15a9da,443.09
398f9cf93414253c216585efdfca3b9f73f90d74,451.24
07a3c08a7ddb06711c3d1b5b1126076a43efa6e1,441.69
785488c9f589ccec23480223596b328490590afc,446.69
65fd8532dcf7c6972e0af8c33e3e1e30bbcf5796,440.63
3232ff001c7c9d335e9bf5aea02ab12520cf3f01,441.82
547a11475d71479b7e7bb25b1ebc592bf44b6fe1,438.63
13d0bee275b1e61ee68dea02530b6e7b0ec9ac3a,441.42
94002db5f90395b8927ae69c569e5a0726dd00c4,438.46
0e37cba87eea9d89156c144e3d4298c9c9ed04d4,453.93
db2d5aa85352fe63531540ef396b944e2fe58e2c,450.89
1d37cef1d8367af963fee4dc99164708f5d3c6f8,449.19
bfd79c9819df429e03c7646a1faf05ecf408f4b9,438.25
cf8ae1c58905cca6cddf69d9f736c1f6e7e2933a,444.28
caf61a4a0778a72ab713f72e9ef749bf373c98ac,457.32
deaf9f6a51b928dcad619fd8300ee3926345d1ea,442.15
04b8921d4dcab019b02588620d953c4f19d43a58,450.54
e064bc4842d1412a0421435332f55908fddcc866,447.51
1e85878fe008f6c651c348dd1d5b2edf713f63bb,422.45
9b85aea847f85982b6f2d9d910e9112f771ab5a5,441.34
0e37cba87eea9d89156c144e3d4298c9c9ed04d4,451.19
c75e9cc85d596ff08ae858da3c61d55e717607d1,445.60
3cfd45112b28c5401fc6bd70cd25b22f98c9b3f9,447.39
c75e9cc85d596ff08ae858da3c61d55e717607d1,442.11
666275a54f3e6907b5244b612483815ee70a191d,440.88
615f53010b21d1c0946952e33773b885fe30440b,460.31
46cff80ed79e2cb1fc1c791c44f4213dea69d5c0,458.74
fd12d272397fc04da34beac8c8f6e3faae81583f,459.18
3232ff001c7c9d335e9bf5aea02ab12520cf3f01,446.76
249e5a8aae9324cc6c8caf5303a607056b15a9da,450.00
deaf9f6a51b928dcad619fd8300ee3926345d1ea,451.72
3592968bc03a914ea69506b7b25494b344860274,440.19
615f53010b21d1c0946952e33773b885fe30440b,443.85
0e37cba87eea9d89156c144e3d4298c9c9ed04d4,445.75
5c43ce2d83e44cd46049a7f0bfaeb5d9a322c032,423.62
a31ec08e102fd3832f3ff4449e9163440f0afb2c,441.35
1e30a157667af1fa7108d985dcb858a801832887,442.17
d55af6718e4b1b4bcbea954616ce7fb2e5a8f42b,441.11
be94f5547d6b8f15ee48117afe46ae302c361464,440.38
caf61a4a0778a72ab713f72e9ef749bf373c98ac,440.47
1e30a157667af1fa7108d985dcb858a801832887,446.97
e313f95e19c752a3316048468547af939e19cdd3,445.52
9a5d4f3b7b2abf8664842f49d67e84c828afa534,453.95
e045c995ddda1c0ede7181193979af47b39fddf3,440.78
13d0bee275b1e61ee68dea02530b6e7b0ec9ac3a,445.62
ede131697f4a1e76d9c291e5070b700143622d30,444.13
fb837fe7667480e0ca7e550f6cf813de45309996,447.44
f9901ab35d61700dd56cc6c1639e00f0aa58e435,449.70
4b0dde413a3c38a77461ac64ad278a042d6eea68,449.34
f2535d705491ba6a582abff96ba77dc1144f64a5,437.91
94002db5f90395b8927ae69c569e5a0726dd00c4,447.94
dbc1e34bdeede1cabee58b65bceb02f930ce5d88,441.76
c9bc0b285b7d4336c1c1f416fb44e0775d1505fd,439.00
e064bc4842d1412a0421435332f55908fddcc866,443.76
94002db5f90395b8927ae69c569e5a0726dd00c4,443.27
dfac9ce465ff9c988904d05014d2be2715aa1d2b,439.61
dd4b68223f30d8142f26a13582d0b996dece6588,442.73
07a3c08a7ddb06711c3d1b5b1126076a43efa6e1,445.62
f8a5dfb037d363a6b6657fa71af59b66c6bec257,437.45
77e6a1a900685c173afd5d88c9bc6123b568fc72,1911.77
074d9bfd5476d0430e75073fb27001f43435c081,450.28
fb837fe7667480e0ca7e550f6cf813de45309996,443.28
009013169754d4869f3a55c27a3443fc72d1d1f1,440.18
1d31086acba06579c4e7d5928dbba9ca8a0128b1,443.76
1e84edbe208aab0c9330eadc50f9773d81d70cd6,438.30
8633b01428e9b4ad3df37b5d3530f2c5c963a698,441.37
4f92f9be7d1de1f81959a0574047951c92d4ea39,438.47
f9f37e19876202a1db257a9e59452b0f10035fbf,443.96
e064bc4842d1412a0421435332f55908fddcc866,441.99
472c7e55ee9d5cc7e7771696092c6eeca5a91b4d,424.97
785488c9f589ccec23480223596b328490590afc,450.31
fa9d20a3fb3060daaaa4f183a4be5cf27caf2583,448.05
1fd0a617cb216113997569937b43ec7c7a9c2fd2,444.11
21759032d2b2b76e338d22c15d13bdf7993c13e1,446.74
fa9d20a3fb3060daaaa4f183a4be5cf27caf2583,444.48
4de5fe88eab987f8ac5b2df32d5574e2615ae306,453.00
d7b5d5b28a6dd7ff198f02e1ee82160220135a74,457.96
99c4da880b4cff044696b9df680d22a47c23cbcd,443.49
82f8683129e83b2d7ad9c95efcd4777212d13762,441.34
99c4da880b4cff044696b9df680d22a47c23cbcd,436.76
5c43ce2d83e44cd46049a7f0bfaeb5d9a322c032,427.87
fa87a8fe2838e80ae0eeba6e2978815ef5533e91,444.06
e313f95e19c752a3316048468547af939e19cdd3,441.92
f8a5dfb037d363a6b6657fa71af59b66c6bec257,446.93
1d37cef1d8367af963fee4dc99164708f5d3c6f8,443.55
9a5d4f3b7b2abf8664842f49d67e84c828afa534,447.02
77e6a1a900685c173afd5d88c9bc6123b568fc72,1934.29
3232ff001c7c9d335e9bf5aea02ab12520cf3f01,445.56
c9bc0b285b7d4336c1c1f416fb44e0775d1505fd,448.66
4b0dde413a3c38a77461ac64ad278a042d6eea68,442.28
a97385eb2870d113427b0d9430e108236ae363b4,427.81
21759032d2b2b76e338d22c15d13bdf7993c13e1,443.56
21759032d2b2b76e338d22c15d13bdf7993c13e1,442.23
e917ada8cc976397aa5c3e11492f108a35919e48,442.48
f9f37e19876202a1db257a9e59452b0f10035fbf,445.91
889ff7cfb605adf5b692e3740294bcdc11b14e48,437.34
785488c9f589ccec23480223596b328490590afc,447.52
3cb4cee19e3cb6830735a0f89d890576c7413f2c,442.80
009013169754d4869f3a55c27a3443fc72d1d1f1,445.83
3592968bc03a914ea69506b7b25494b344860274,440.06
5c43ce2d83e44cd46049a7f0bfaeb5d9a322c032,422.63
2d56df2c9060c889e35bf4c386429ad1b6cacb35,442.75
04b8921d4dcab019b02588620d953c4f19d43a58,441.23
547a11475d71479b7e7bb25b1ebc592bf44b6fe1,441.72
eb8a107f679bc2778e55cfc71f27a147ef9aa455,441.86
05ae97865c84536a6cfe7759ca6c382eb761ecb2,441.58
a8da2e7da25921dffd9fe6bbd53668bed08dd148,440.30
9a5d4f3b7b2abf8664842f49d67e84c828afa534,441.81
3e284b6ce28acdf41d7a7cc8ead881d6ab54a8f9,440.24
e064bc4842d1412a0421435332f55908fddcc866,443.36
2f05a964591e60379da354fc6cd27bb0c8007ca9,447.64
d8c3f9cbc6a562a7d23711d4c0f97f4e4758444e,505.48
1e85878fe008f6c651c348dd1d5b2edf713f63bb,423.55
eb8a107f679bc2778e55cfc71f27a147ef9aa455,443.54
3982ea1198b8d780b42587e16ace3407bf7621e1,449.77
9b85aea847f85982b6f2d9d910e9112f771ab5a5,445.28
68c05150bf4ce702c334405dc707d95c6fe73577,440.43
398f9cf93414253c216585efdfca3b9f73f90d74,441.20
4b763cc86f698d31f59e22e169e7a5a83e696a55,443.50
2c257f6482dd7a9583538b7b0d4b3b0bef9417fd,445.57
889ff7cfb605adf5b692e3740294bcdc11b14e48,444.48
be94f5547d6b8f15ee48117afe46ae302c361464,442.22
9afeb6b7645deb78ff0b3d2804771b9238806353,448.51
4b0dde413a3c38a77461ac64ad278a042d6eea68,439.85
6c8365b9a0e963c1f2dc46099116a5c77f48c5d8,454.06
65fd8532dcf7c6972e0af8c33e3e1e30bbcf5796,441.01
e045c995ddda1c0ede7181193979af47b39fddf3,440.89
fa9d20a3fb3060daaaa4f183a4be5cf27caf2583,447.93
4b763cc86f698d31f59e22e169e7a5a83e696a55,441.98
96f316812fc31cd13c06a948cf84979c77b15f8b,438.36
cf8ae1c58905cca6cddf69d9f736c1f6e7e2933a,442.63
5d56ace149ae3264d2502d49dd85302fc613a27c,439.78
f9f37e19876202a1db257a9e59452b0f10035fbf,442.80
3cfd45112b28c5401fc6bd70cd25b22f98c9b3f9,441.34
e917ada8cc976397aa5c3e11492f108a35919e48,455.56
8633b01428e9b4ad3df37b5d3530f2c5c963a698,444.74
9afeb6b7645deb78ff0b3d2804771b9238806353,440.93
3e284b6ce28acdf41d7a7cc8ead881d6ab54a8f9,443.35
0e37cba87eea9d89156c144e3d4298c9c9ed04d4,445.47
3592968bc03a914ea69506b7b25494b344860274,440.21
a97385eb2870d113427b0d9430e108236ae363b4,419.12
f2535d705491ba6a582abff96ba77dc1144f64a5,441.12
a97385eb2870d113427b0d9430e108236ae363b4,429.73
666275a54f3e6907b5244b612483815ee70a191d,445.12
a97385eb2870d113427b0d9430e108236ae363b4,419.89
bfd79c9819df429e03c7646a1faf05ecf408f4b9,454.80
94002db5f90395b8927ae69c569e5a0726dd00c4,439.42
1d31086acba06579c4e7d5928dbba9ca8a0128b1,439.01
db2d5aa85352fe63531540ef396b944e2fe58e2c,444.30
d55af6718e4b1b4bcbea954616ce7fb2e5a8f42b,444.45
7ff15ee20c961e370837d8f96ae77886ecd910d8,447.03
fd12d272397fc04da34beac8c8f6e3faae81583f,442.86
381ce3d861251ae35aea636fc29c277a84060276,444.50
dd4b68223f30d8142f26a13582d0b996dece6588,448.41
be94f5547d6b8f15ee48117afe46ae302c361464,442.13
002a4940935a7545ed94f1b776e4d7f6bf6c2525,428.35
21759032d2b2b76e338d22c15d13bdf7993c13e1,443.47
a8da2e7da25921dffd9fe6bbd53668bed08dd148,455.29
1fd0a617cb216113997569937b43ec7c7a9c2fd2,444.73
e045c995ddda1c0ede7181193979af47b39fddf3,439.79
074d9bfd5476d0430e75073fb27001f43435c081,455.96
21759032d2b2b76e338d22c15d13bdf7993c13e1,447.87
f9901ab35d61700dd56cc6c1639e00f0aa58e435,449.79
38e20f43502027b897135e94e9119ae9341254ac,442.56
5000be31966a575f54d80ef85ee49ca1f5cb6ea8,446.77
3982ea1198b8d780b42587e16ace3407bf7621e1,453.05
65fd8532dcf7c6972e0af8c33e3e1e30bbcf5796,444.34
666275a54f3e6907b5244b612483815ee70a191d,456.45
9afeb6b7645deb78ff0b3d2804771b9238806353,441.83
87394199b2649e3ccdc73773640130dc1a917af0,443.88
fa87a8fe2838e80ae0eeba6e2978815ef5533e91,443.34
99c4da880b4cff044696b9df680d22a47c23cbcd,437.26
0ea12d3d662fab6adefa6d13a7ad017f793a2fa1,443.13
07a3c08a7ddb06711c3d1b5b1126076a43efa6e1,454.65
1030e6182d2fde38d4d307af8e21791ad9b91429,440.04
9a5d4f3b7b2abf8664842f49d67e84c828afa534,442.42
3cb4cee19e3cb6830735a0f89d890576c7413f2c,447.30
f9901ab35d61700dd56cc6c1639e00f0aa58e435,442.92
615f53010b21d1c0946952e33773b885fe30440b,443.50
433d2f180058b8b73e1951c6cfbb986714e68b0f,439.50
1d31086acba06579c4e7d5928dbba9ca8a0128b1,444.88
07a3c08a7ddb06711c3d1b5b1126076a43efa6e1,446.49
5000be31966a575f54d80ef85ee49ca1f5cb6ea8,441.25
9afeb6b7645deb78ff0b3d2804771b9238806353,441.53
38e20f43502027b897135e94e9119ae9341254ac,446.56
1d31086acba06579c4e7d5928dbba9ca8a0128b1,447.82
84ab3d3c2db81f0ef215ef1395d154a0e75c0040,440.87
caf61a4a0778a72ab713f72e9ef749bf373c98ac,444.47
4f92f9be7d1de1f81959a0574047951c92d4ea39,440.14
002a4940935a7545ed94f1b776e4d7f6bf6c2525,430.11
46cff80ed79e2cb1fc1c791c44f4213dea69d5c0,453.47
381ce3d861251ae35aea636fc29c277a84060276,443.69
4de5fe88eab987f8ac5b2df32d5574e2615ae306,442.15
07a3c08a7ddb06711c3d1b5b1126076a43efa6e1,440.70
249e5a8aae9324cc6c8caf5303a607056b15a9da,442.37
9afeb6b7645deb78ff0b3d2804771b9238806353,440.33
2d56df2c9060c889e35bf4c386429ad1b6cacb35,440.54
d8c3f9cbc6a562a7d23711d4c0f97f4e4758444e,498.69
db2d5aa85352fe63531540ef396b944e2fe58e2c,447.32
caf61a4a0778a72ab713f72e9ef749bf373c98ac,441.28
a31ec08e102fd3832f3ff4449e9163440f0afb2c,444.14
4b763cc86f698d31f59e22e169e7a5a83e696a55,449.63
2f05a964591e60379da354fc6cd27bb0c8007ca9,440.17
4de5fe88eab987f8ac5b2df32d5574e2615ae306,442.80
615f53010b21d1c0946952e33773b885fe30440b,452.54
87394199b2649e3ccdc73773640130dc1a917af0,439.52
87394199b2649e3ccdc73773640130dc1a917af0,443.77
1d37cef1d8367af963fee4dc99164708f5d3c6f8,442.18
547a11475d71479b7e7bb25b1ebc592bf44b6fe1,437.39
d7b5d5b28a6dd7ff198f02e1ee82160220135a74,445.49
249e5a8aae9324cc6c8caf5303a607056b15a9da,443.94
2f05a964591e60379da354fc6cd27bb0c8007ca9,449.20
a31ec08e102fd3832f3ff4449e9163440f0afb2c,444.73
547a11475d71479b7e7bb25b1ebc592bf44b6fe1,450.76
46cff80ed79e2cb1fc1c791c44f4213dea69d5c0,444.35
dbc1e34bdeede1cabee58b65bceb02f930ce5d88,444.75
77e6a1a900685c173afd5d88c9bc6123b568fc72,1941.03
2f05a964591e60379da354fc6cd27bb0c8007ca9,444.43
433d2f180058b8b73e1951c6cfbb986714e68b0f,438.15
c2a9605b70fdae3c064b49bf2a0b633c935322cc,443.07
074d9bfd5476d0430e75073fb27001f43435c081,438.81
a31ec08e102fd3832f3ff4449e9163440f0afb2c,449.97
bbd778464660544e1bcacade75ca219aefd1b82e,437.90
caf61a4a0778a72ab713f72e9ef749bf373c98ac,460.75
1e85878fe008f6c651c348dd1d5b2edf713f63bb,431.75
9b85aea847f85982b6f2d9d910e9112f771ab5a5,441.22
87394199b2649e3ccdc73773640130dc1a917af0,443.13
be94f5547d6b8f15ee48117afe46ae302c361464,445.50
f9901ab35d61700dd56cc6c1639e00f0aa58e435,439.87
a31ec08e102fd3832f3ff4449e9163440f0afb2c,438.08
3982ea1198b8d780b42587e16ace3407bf7621e1,444.89
bfd79c9819df429e03c7646a1faf05ecf408f4b9,445.60
c9bc0b285b7d4336c1c1f416fb44e0775d1505fd,442.93
bbd778464660544e1bcacade75ca219aefd1b82e,437.56
dfac9ce465ff9c988904d05014d2be2715aa1d2b,441.47
561d12a9894210d9f5a8a41d655361732a39b6c8,423.56
3982ea1198b8d780b42587e16ace3407bf7621e1,447.22
c2a9605b70fdae3c064b49bf2a0b633c935322cc,444.95
5c43ce2d83e44cd46049a7f0bfaeb5d9a322c032,423.28
87394199b2649e3ccdc73773640130dc1a917af0,439.86
5d56ace149ae3264d2502d49dd85302fc613a27c,443.48
e045c995ddda1c0ede7181193979af47b39fddf3,442.48
002a4940935a7545ed94f1b776e4d7f6bf6c2525,428.49
f9901ab35d61700dd56cc6c1639e00f0aa58e435,439.35
561d12a9894210d9f5a8a41d655361732a39b6c8,427.65
dbc1e34bdeede1cabee58b65bceb02f930ce5d88,449.23
a97385eb2870d113427b0d9430e108236ae363b4,422.21
1d37cef1d8367af963fee4dc99164708f5d3c6f8,443.57
a8da2e7da25921dffd9fe6bbd53668bed08dd148,442.14
231aab61e228513853d08374e188217933f70986,453.70
5d56ace149ae3264d2502d49dd85302fc613a27c,443.47
6c8365b9a0e963c1f2dc46099116a5c77f48c5d8,439.91
5000be31966a575f54d80ef85ee49ca1f5cb6ea8,442.72
7ff15ee20c961e370837d8f96ae77886ecd910d8,458.23
9a5d4f3b7b2abf8664842f49d67e84c828afa534,445.07
9b85aea847f85982b6f2d9d910e9112f771ab5a5,439.60
2f05a964591e60379da354fc6cd27bb0c8007ca9,446.40
e313f95e19c752a3316048468547af939e19cdd3,447.24
be94f5547d6b8f15ee48117afe46ae302c361464,446.44
dbc1e34bdeede1cabee58b65bceb02f930ce5d88,456.86
13d0bee275b1e61ee68dea02530b6e7b0ec9ac3a,439.88
1d37cef1d8367af963fee4dc99164708f5d3c6f8,444.39
9b85aea847f85982b6f2d9d910e9112f771ab5a5,450.86
3cfd45112b28c5401fc6bd70cd25b22f98c9b3f9,448.14
d7b5d5b28a6dd7ff198f02e1ee82160220135a74,441.35
cf8ae1c58905cca6cddf69d9f736c1f6e7e2933a,449.59
249e5a8aae9324cc6c8caf5303a607056b15a9da,445.06
4b763cc86f698d31f59e22e169e7a5a83e696a55,447.27
1d31086acba06579c4e7d5928dbba9ca8a0128b1,450.78
5000be31966a575f54d80ef85ee49ca1f5cb6ea8,455.75
547a11475d71479b7e7bb25b1ebc592bf44b6fe1,441.03
96f316812fc31cd13c06a948cf84979c77b15f8b,444.29
e064bc4842d1412a0421435332f55908fddcc866,441.59
5000be31966a575f54d80ef85ee49ca1f5cb6ea8,446.37
eb8a107f679bc2778e55cfc71f27a147ef9aa455,443.53
2d56df2c9060c889e35bf4c386429ad1b6cacb35,447.62
c9bc0b285b7d4336c1c1f416fb44e0775d1505fd,446.00
99c4da880b4cff044696b9df680d22a47c23cbcd,441.64
6c8365b9a0e963c1f2dc46099116a5c77f48c5d8,449.27
bfd79c9819df429e03c7646a1faf05ecf408f4b9,446.82
cf8ae1c58905cca6cddf69d9f736c1f6e7e2933a,445.71
2cfb80261e6f61fa5b31627cecf832efc216a787,442.23
68c05150bf4ce702c334405dc707d95c6fe73577,443.91
a97385eb2870d113427b0d9430e108236ae363b4,425.17
381ce3d861251ae35aea636fc29c277a84060276,444.38
fa87a8fe2838e80ae0eeba6e2978815ef5533e91,443.92
13d0bee275b1e61ee68dea02530b6e7b0ec9ac3a,444.73
249e5a8aae9324cc6c8caf5303a607056b15a9da,442.46
2d56df2c9060c889e35bf4c386429ad1b6cacb35,442.48
db2d5aa85352fe63531540ef396b944e2fe58e2c,447.19
2f05a964591e60379da354fc6cd27bb0c8007ca9,442.01
398f9cf93414253c216585efdfca3b9f73f90d74,442.74
5000be31966a575f54d80ef85ee49ca1f5cb6ea8,449.53
1e85878fe008f6c651c348dd1d5b2edf713f63bb,423.40
231aab61e228513853d08374e188217933f70986,439.82
666275a54f3e6907b5244b612483815ee70a191d,444.79
87394199b2649e3ccdc73773640130dc1a917af0,444.49
7ff15ee20c961e370837d8f96ae77886ecd910d8,437.27
249e5a8aae9324cc6c8caf5303a607056b15a9da,444.01
3cb4cee19e3cb6830735a0f89d890576c7413f2c,443.07
6c8365b9a0e963c1f2dc46099116a5c77f48c5d8,447.96
5c43ce2d83e44cd46049a7f0bfaeb5d9a322c032,428.94
21759032d2b2b76e338d22c15d13bdf7993c13e1,454.56
8633b01428e9b4ad3df37b5d3530f2c5c963a698,459.72
9afeb6b7645deb78ff0b3d2804771b9238806353,441.36
84ab3d3c2db81f0ef215ef1395d154a0e75c0040,460.91
e045c995ddda1c0ede7181193979af47b39fddf3,450.56
fb837fe7667480e0ca7e550f6cf813de45309996,443.72
074d9bfd5476d0430e75073fb27001f43435c081,438.05
cf8ae1c58905cca6cddf69d9f736c1f6e7e2933a,445.60
9afeb6b7645deb78ff0b3d2804771b9238806353,439.09
1e30a157667af1fa7108d985dcb858a801832887,456.22
4de5fe88eab987f8ac5b2df32d5574e2615ae306,448.27
82f8683129e83b2d7ad9c95efcd4777212d13762,450.79
e313f95e19c752a3316048468547af939e19cdd3,445.46
561d12a9894210d9f5a8a41d655361732a39b6c8,422.22
1d37cef1d8367af963fee4dc99164708f5d3c6f8,442.84
4b763cc86f698d31f59e22e169e7a5a83e696a55,442.95
1030e6182d2fde38d4d307af8e21791ad9b91429,440.50
96f316812fc31cd13c06a948cf84979c77b15f8b,447.82
cf8ae1c58905cca6cddf69d9f736c1f6e7e2933a,443.38
9a5d4f3b7b2abf8664842f49d67e84c828afa534,444.30
84ab3d3c2db81f0ef215ef1395d154a0e75c0040,442.94
c75e9cc85d596ff08ae858da3c61d55e717607d1,450.27
dfac9ce465ff9c988904d05014d2be2715aa1d2b,463.49
46cff80ed79e2cb1fc1c791c44f4213dea69d5c0,444.66
99c4da880b4cff044696b9df680d22a47c23cbcd,443.96
38e20f43502027b897135e94e9119ae9341254ac,442.76
fa9d20a3fb3060daaaa4f183a4be5cf27caf2583,441.70
398f9cf93414253c216585efdfca3b9f73f90d74,446.61
1e30a157667af1fa7108d985dcb858a801832887,447.59
a44e18aa3c1fcd25a68a5965f9490d8f7d026509,447.86
6c8365b9a0e963c1f2dc46099116a5c77f48c5d8,444.43
615f53010b21d1c0946952e33773b885fe30440b,445.26
e045c995ddda1c0ede7181193979af47b39fddf3,442.47
2f05a964591e60379da354fc6cd27bb0c8007ca9,441.30
5c43ce2d83e44cd46049a7f0bfaeb5d9a322c032,425.46
c2a9605b70fdae3c064b49bf2a0b633c935322cc,442.89
07a3c08a7ddb06711c3d1b5b1126076a43efa6e1,443.23
1fd0a617cb216113997569937b43ec7c7a9c2fd2,441.94
5000be31966a575f54d80ef85ee49ca1f5cb6ea8,443.42
dbc1e34bdeede1cabee58b65bceb02f930ce5d88,447.35
c75e9cc85d596ff08ae858da3c61d55e717607d1,443.62
82f8683129e83b2d7ad9c95efcd4777212d13762,438.78
5c43ce2d83e44cd46049a7f0bfaeb5d9a322c032,427.43
1e30a157667af1fa7108d985dcb858a801832887,443.09
f9901ab35d61700dd56cc6c1639e00f0aa58e435,453.84
99c4da880b4cff044696b9df680d22a47c23cbcd,450.85
3232ff001c7c9d335e9bf5aea02ab12520cf3f01,447.70
46cff80ed79e2cb1fc1c791c44f4213dea69d5c0,442.14
a97385eb2870d113427b0d9430e108236ae363b4,423.83
0e37cba87eea9d89156c144e3d4298c9c9ed04d4,446.68
1fd0a617cb216113997569937b43ec7c7a9c2fd2,445.44
002a4940935a7545ed94f1b776e4d7f6bf6c2525,420.85
889ff7cfb605adf5b692e3740294bcdc11b14e48,449.83
fd12d272397fc04da34beac8c8f6e3faae81583f,439.13
0e37cba87eea9d89156c144e3d4298c9c9ed04d4,440.01
84ab3d3c2db81f0ef215ef1395d154a0e75c0040,440.70
2c257f6482dd7a9583538b7b0d4b3b0bef9417fd,441.70
e313f95e19c752a3316048468547af939e19cdd3,447.23
e045c995ddda1c0ede7181193979af47b39fddf3,442.98
009013169754d4869f3a55c27a3443fc72d1d1f1,446.29
fa9d20a3fb3060daaaa4f183a4be5cf27caf2583,445.60
dd4b68223f30d8142f26a13582d0b996dece6588,441.71
4f92f9be7d1de1f81959a0574047951c92d4ea39,439.15
666275a54f3e6907b5244b612483815ee70a191d,436.75
e917ada8cc976397aa5c3e11492f108a35919e48,440.87
381ce3d861251ae35aea636fc29c277a84060276,448.07
bbd778464660544e1bcacade75ca219aefd1b82e,439.80
249e5a8aae9324cc6c8caf5303a607056b15a9da,448.33
4f92f9be7d1de1f81959a0574047951c92d4ea39,437.45
d7b5d5b28a6dd7ff198f02e1ee82160220135a74,444.65
bfd79c9819df429e03c7646a1faf05ecf408f4b9,443.42
3cb4cee19e3cb6830735a0f89d890576c7413f2c,437.66
f2535d705491ba6a582abff96ba77dc1144f64a5,438.17
f9f37e19876202a1db257a9e59452b0f10035fbf,442.56
dd4b68223f30d8142f26a13582d0b996dece6588,439.70
1d37cef1d8367af963fee4dc99164708f5d3c6f8,440.51
009013169754d4869f3a55c27a3443fc72d1d1f1,463.01
2f05a964591e60379da354fc6cd27bb0c8007ca9,448.24
59fb5117a767ab75fe3baf5c37966c83430b02af,444.20
231aab61e228513853d08374e188217933f70986,440.53
a31ec08e102fd3832f3ff4449e9163440f0afb2c,444.13
dfac9ce465ff9c988904d05014d2be2715aa1d2b,439.45
fd12d272397fc04da34beac8c8f6e3faae81583f,441.26
666275a54f3e6907b5244b612483815ee70a191d,440.64
e313f95e19c752a3316048468547af939e19cdd3,441.91
96f316812fc31cd13c06a948cf84979c77b15f8b,447.35
4b763cc86f698d31f59e22e169e7a5a83e696a55,442.85
2f05a964591e60379da354fc6cd27bb0c8007ca9,438.42
1e30a157667af1fa7108d985dcb858a801832887,441.89
1030e6182d2fde38d4d307af8e21791ad9b91429,439.10
fb837fe7667480e0ca7e550f6cf813de45309996,443.65
9a5d4f3b7b2abf8664842f49d67e84c828afa534,447.98
59fb5117a767ab75fe3baf5c37966c83430b02af,445.70
d8c3f9cbc6a562a7d23711d4c0f97f4e4758444e,505.68
0ea12d3d662fab6adefa6d13a7ad017f793a2fa1,453.03
074d9bfd5476d0430e75073fb27001f43435c081,442.65
0e37cba87eea9d89156c144e3d4298c9c9ed04d4,441.89
65fd8532dcf7c6972e0af8c33e3e1e30bbcf5796,445.94
3592968bc03a914ea69506b7b25494b344860274,446.09
bfd79c9819df429e03c7646a1faf05ecf408f4b9,439.92
dd4b68223f30d8142f26a13582d0b996dece6588,439.78
4f92f9be7d1de1f81959a0574047951c92d4ea39,441.64
615f53010b21d1c0946952e33773b885fe30440b,448.23
c2a9605b70fdae3c064b49bf2a0b633c935322cc,449.23
381ce3d861251ae35aea636fc29c277a84060276,445.11
1e85878fe008f6c651c348dd1d5b2edf713f63bb,427.22
009013169754d4869f3a55c27a3443fc72d1d1f1,441.54
3cb4cee19e3cb6830735a0f89d890576c7413f2c,446.31
77e6a1a900685c173afd5d88c9bc6123b568fc72,2024.47
5c43ce2d83e44cd46049a7f0bfaeb5d9a322c032,429.08
94002db5f90395b8927ae69c569e5a0726dd00c4,439.79
3e284b6ce28acdf41d7a7cc8ead881d6ab54a8f9,444.35
87394199b2649e3ccdc73773640130dc1a917af0,441.54
666275a54f3e6907b5244b612483815ee70a191d,445.80
07a3c08a7ddb06711c3d1b5b1126076a43efa6e1,443.64
5c43ce2d83e44cd46049a7f0bfaeb5d9a322c032,421.29
1d37cef1d8367af963fee4dc99164708f5d3c6f8,451.37
9a5d4f3b7b2abf8664842f49d67e84c828afa534,441.05
1d37cef1d8367af963fee4dc99164708f5d3c6f8,444.65
96f316812fc31cd13c06a948cf84979c77b15f8b,450.46
4de5fe88eab987f8ac5b2df32d5574e2615ae306,449.30
96f316812fc31cd13c06a948cf84979c77b15f8b,440.40
3cb4cee19e3cb6830735a0f89d890576c7413f2c,445.17
e917ada8cc976397aa5c3e11492f108a35919e48,453.05
4b0dde413a3c38a77461ac64ad278a042d6eea68,441.90
398f9cf93414253c216585efdfca3b9f73f90d74,443.78
c2a9605b70fdae3c064b49bf2a0b633c935322cc,444.03
3982ea1198b8d780b42587e16ace3407bf7621e1,450.68
f8a5dfb037d363a6b6657fa71af59b66c6bec257,441.50
5000be31966a575f54d80ef85ee49ca1f5cb6ea8,446.64
0ea12d3d662fab6adefa6d13a7ad017f793a2fa1,442.43
5d56ace149ae3264d2502d49dd85302fc613a27c,443.52
2d56df2c9060c889e35bf4c386429ad1b6cacb35,442.51
94002db5f90395b8927ae69c569e5a0726dd00c4,441.96
4b763cc86f698d31f59e22e169e7a5a83e696a55,441.36
c75e9cc85d596ff08ae858da3c61d55e717607d1,450.20
0e37cba87eea9d89156c144e3d4298c9c9ed04d4,447.98
a44e18aa3c1fcd25a68a5965f9490d8f7d026509,446.95
a97385eb2870d113427b0d9430e108236ae363b4,433.06
3982ea1198b8d780b42587e16ace3407bf7621e1,440.67
deaf9f6a51b928dcad619fd8300ee3926345d1ea,449.64
d7b5d5b28a6dd7ff198f02e1ee82160220135a74,440.33
e313f95e19c752a3316048468547af939e19cdd3,439.21
785488c9f589ccec23480223596b328490590afc,450.73
3232ff001c7c9d335e9bf5aea02ab12520cf3f01,448.81
dd4b68223f30d8142f26a13582d0b996dece6588,442.42
f2535d705491ba6a582abff96ba77dc1144f64a5,439.66
d7b5d5b28a6dd7ff198f02e1ee82160220135a74,439.60
8963e2ac79a97e694c388622e935a0471267e9eb,440.14
cf8ae1c58905cca6cddf69d9f736c1f6e7e2933a,445.29
c2a9605b70fdae3c064b49bf2a0b633c935322cc,446.28
fa9d20a3fb3060daaaa4f183a4be5cf27caf2583,445.72
ede131697f4a1e76d9c291e5070b700143622d30,447.21
1e30a157667af1fa7108d985dcb858a801832887,449.04
009013169754d4869f3a55c27a3443fc72d1d1f1,439.37
a31ec08e102fd3832f3ff4449e9163440f0afb2c,447.97
3e284b6ce28acdf41d7a7cc8ead881d6ab54a8f9,441.96
fa9d20a3fb3060daaaa4f183a4be5cf27caf2583,442.14
231aab61e228513853d08374e188217933f70986,449.01
381ce3d861251ae35aea636fc29c277a84060276,444.45
dbc1e34bdeede1cabee58b65bceb02f930ce5d88,440.90
eb8a107f679bc2778e55cfc71f27a147ef9aa455,448.38
3cfd45112b28c5401fc6bd70cd25b22f98c9b3f9,444.33
3232ff001c7c9d335e9bf5aea02ab12520cf3f01,454.14
3e284b6ce28acdf41d7a7cc8ead881d6ab54a8f9,436.33
d8c3f9cbc6a562a7d23711d4c0f97f4e4758444e,498.22
caf61a4a0778a72ab713f72e9ef749bf373c98ac,447.74
dd4b68223f30d8142f26a13582d0b996dece6588,441.63
3982ea1198b8d780b42587e16ace3407bf7621e1,448.70
3982ea1198b8d780b42587e16ace3407bf7621e1,459.28
231aab61e228513853d08374e188217933f70986,450.99
07a3c08a7ddb06711c3d1b5b1126076a43efa6e1,439.95
99c4da880b4cff044696b9df680d22a47c23cbcd,444.32
e917ada8cc976397aa5c3e11492f108a35919e48,448.40
eb8a107f679bc2778e55cfc71f27a147ef9aa455,441.63
bfd79c9819df429e03c7646a1faf05ecf408f4b9,449.00
db2d5aa85352fe63531540ef396b944e2fe58e2c,444.67
433d2f180058b8b73e1951c6cfbb986714e68b0f,447.81
3e284b6ce28acdf41d7a7cc8ead881d6ab54a8f9,448.29
231aab61e228513853d08374e188217933f70986,437.06
5000be31966a575f54d80ef85ee49ca1f5cb6ea8,441.32
a97385eb2870d113427b0d9430e108236ae363b4,433.69
e917ada8cc976397aa5c3e11492f108a35919e48,447.20
59fb5117a767ab75fe3baf5c37966c83430b02af,449.07
99c4da880b4cff044696b9df680d22a47c23cbcd,442.57
1d37cef1d8367af963fee4dc99164708f5d3c6f8,443.86
5c43ce2d83e44cd46049a7f0bfaeb5d9a322c032,432.91
5d56ace149ae3264d2502d49dd85302fc613a27c,438.28
7ff15ee20c961e370837d8f96ae77886ecd910d8,445.37
0ea12d3d662fab6adefa6d13a7ad017f793a2fa1,452.33
2c257f6482dd7a9583538b7b0d4b3b0bef9417fd,439.72
a97385eb2870d113427b0d9430e108236ae363b4,424.27
d7b5d5b28a6dd7ff198f02e1ee82160220135a74,440.17
68c05150bf4ce702c334405dc707d95c6fe73577,442.04
82f8683129e83b2d7ad9c95efcd4777212d13762,445.76
3982ea1198b8d780b42587e16ace3407bf7621e1,445.11
be94f5547d6b8f15ee48117afe46ae302c361464,441.86
1e85878fe008f6c651c348dd1d5b2edf713f63bb,425.42
dbc1e34bdeede1cabee58b65bceb02f930ce5d88,451.14
ede131697f4a1e76d9c291e5070b700143622d30,451.66
4f92f9be7d1de1f81959a0574047951c92d4ea39,457.56
002a4940935a7545ed94f1b776e4d7f6bf6c2525,430.61
398f9cf93414253c216585efdfca3b9f73f90d74,441.72
a44e18aa3c1fcd25a68a5965f9490d8f7d026509,442.15
074d9bfd5476d0430e75073fb27001f43435c081,449.53
68c05150bf4ce702c334405dc707d95c6fe73577,448.77
002a4940935a7545ed94f1b776e4d7f6bf6c2525,422.63
dd4b68223f30d8142f26a13582d0b996dece6588,438.63
77e6a1a900685c173afd5d88c9bc6123b568fc72,1915.83
6c8365b9a0e963c1f2dc46099116a5c77f48c5d8,437.72
666275a54f3e6907b5244b612483815ee70a191d,438.93
231aab61e228513853d08374e188217933f70986,437.40
3592968bc03a914ea69506b7b25494b344860274,440.18
dbc1e34bdeede1cabee58b65bceb02f930ce5d88,450.85
381ce3d861251ae35aea636fc29c277a84060276,442.85
21759032d2b2b76e338d22c15d13bdf7993c13e1,460.38
eb8a107f679bc2778e55cfc71f27a147ef9aa455,436.75
615f53010b21d1c0946952e33773b885fe30440b,446.32
472c7e55ee9d5cc7e7771696092c6eeca5a91b4d,422.95
82f8683129e83b2d7ad9c95efcd4777212d13762,442.48
231aab61e228513853d08374e188217933f70986,443.47
4b0dde413a3c38a77461ac64ad278a042d6eea68,441.75
caf61a4a0778a72ab713f72e9ef749bf373c98ac,440.08
46cff80ed79e2cb1fc1c791c44f4213dea69d5c0,447.40
7ff15ee20c961e370837d8f96ae77886ecd910d8,455.64
96f316812fc31cd13c06a948cf84979c77b15f8b,442.68
c75e9cc85d596ff08ae858da3c61d55e717607d1,442.47
77e6a1a900685c173afd5d88c9bc6123b568fc72,1949.66
2f05a964591e60379da354fc6cd27bb0c8007ca9,443.23
2cfb80261e6f61fa5b31627cecf832efc216a787,447.88
4b0dde413a3c38a77461ac64ad278a042d6eea68,445.74
615f53010b21d1c0946952e33773b885fe30440b,443.58
3cfd45112b28c5401fc6bd70cd25b22f98c9b3f9,448.98
381ce3d861251ae35aea636fc29c277a84060276,442.64
db2d5aa85352fe63531540ef396b944e2fe58e2c,444.77
bfd79c9819df429e03c7646a1faf05ecf408f4b9,435.00
21759032d2b2b76e338d22c15d13bdf7993c13e1,436.83
889ff7cfb605adf5b692e3740294bcdc11b14e48,442.63
002a4940935a7545ed94f1b776e4d7f6bf6c2525,426.01
785488c9f589ccec23480223596b328490590afc,439.97
1030e6182d2fde38d4d307af8e21791ad9b91429,454.58
3e284b6ce28acdf41d7a7cc8ead881d6ab54a8f9,444.71
8963e2ac79a97e694c388622e935a0471267e9eb,442.25
dd4b68223f30d8142f26a13582d0b996dece6588,441.13
3cb4cee19e3cb6830735a0f89d890576c7413f2c,449.10
fb837fe7667480e0ca7e550f6cf813de45309996,443.73
2d56df2c9060c889e35bf4c386429ad1b6cacb35,452.00
ede131697f4a1e76d9c291e5070b700143622d30,445.95
be94f5547d6b8f15ee48117afe46ae302c361464,446.41
87394199b2649e3ccdc73773640130dc1a917af0,439.48
46cff80ed79e2cb1fc1c791c44f4213dea69d5c0,456.34
8963e2ac79a97e694c388622e935a0471267e9eb,449.15
9a5d4f3b7b2abf8664842f49d67e84c828afa534,451.60
65fd8532dcf7c6972e0af8c33e3e1e30bbcf5796,446.12
249e5a8aae9324cc6c8caf5303a607056b15a9da,437.26
38e20f43502027b897135e94e9119ae9341254ac,451.05
a44e18aa3c1fcd25a68a5965f9490d8f7d026509,445.30
3592968bc03a914ea69506b7b25494b344860274,445.22
2cfb80261e6f61fa5b31627cecf832efc216a787,456.31
1030e6182d2fde38d4d307af8e21791ad9b91429,440.62
433d2f180058b8b73e1951c6cfbb986714e68b0f,438.57
07a3c08a7ddb06711c3d1b5b1126076a43efa6e1,444.34
4b763cc86f698d31f59e22e169e7a5a83e696a55,442.93
5000be31966a575f54d80ef85ee49ca1f5cb6ea8,446.30
3cb4cee19e3cb6830735a0f89d890576c7413f2c,446.32
0e37cba87eea9d89156c144e3d4298c9c9ed04d4,446.85
59fb5117a767ab75fe3baf5c37966c83430b02af,445.15
3592968bc03a914ea69506b7b25494b344860274,443.04
9a5d4f3b7b2abf8664842f49d67e84c828afa534,446.08
84ab3d3c2db81f0ef215ef1395d154a0e75c0040,445.86
68c05150bf4ce702c334405dc707d95c6fe73577,448.44
2f05a964591e60379da354fc6cd27bb0c8007ca9,451.32
f9f37e19876202a1db257a9e59452b0f10035fbf,441.99
dfac9ce465ff9c988904d05014d2be2715aa1d2b,458.83
d7b5d5b28a6dd7ff198f02e1ee82160220135a74,443.56
a8da2e7da25921dffd9fe6bbd53668bed08dd148,449.97
249e5a8aae9324cc6c8caf5303a607056b15a9da,439.41
3982ea1198b8d780b42587e16ace3407bf7621e1,451.50
a97385eb2870d113427b0d9430e108236ae363b4,432.64
05ae97865c84536a6cfe7759ca6c382eb761ecb2,441.91
fd12d272397fc04da34beac8c8f6e3faae81583f,443.18
e917ada8cc976397aa5c3e11492f108a35919e48,445.79
231aab61e228513853d08374e188217933f70986,444.33
2d56df2c9060c889e35bf4c386429ad1b6cacb35,441.79
4de5fe88eab987f8ac5b2df32d5574e2615ae306,442.97
2d56df2c9060c889e35bf4c386429ad1b6cacb35,452.53
59fb5117a767ab75fe3baf5c37966c83430b02af,452.77
3982ea1198b8d780b42587e16ace3407bf7621e1,439.77
fa87a8fe2838e80ae0eeba6e2978815ef5533e91,442.93
d7b5d5b28a6dd7ff198f02e1ee82160220135a74,435.77
5000be31966a575f54d80ef85ee49ca1f5cb6ea8,440.05
f9f37e19876202a1db257a9e59452b0f10035fbf,443.98
0ea12d3d662fab6adefa6d13a7ad017f793a2fa1,441.66
caf61a4a0778a72ab713f72e9ef749bf373c98ac,441.46
6c8365b9a0e963c1f2dc46099116a5c77f48c5d8,447.47
9b85aea847f85982b6f2d9d910e9112f771ab5a5,444.48
13d0bee275b1e61ee68dea02530b6e7b0ec9ac3a,446.58
05ae97865c84536a6cfe7759ca6c382eb761ecb2,450.54
65fd8532dcf7c6972e0af8c33e3e1e30bbcf5796,449.47
0ea12d3d662fab6adefa6d13a7ad017f793a2fa1,445.21
c2a9605b70fdae3c064b49bf2a0b633c935322cc,442.33
05ae97865c84536a6cfe7759ca6c382eb761ecb2,440.49
615f53010b21d1c0946952e33773b885fe30440b,439.06
3592968bc03a914ea69506b7b25494b344860274,436.99
1fd0a617cb216113997569937b43ec7c7a9c2fd2,449.60
4f92f9be7d1de1f81959a0574047951c92d4ea39,438.12
a44e18aa3c1fcd25a68a5965f9490d8f7d026509,440.94
99c4da880b4cff044696b9df680d22a47c23cbcd,439.82
0e37cba87eea9d89156c144e3d4298c9c9ed04d4,444.72
3cfd45112b28c5401fc6bd70cd25b22f98c9b3f9,441.00
1e84edbe208aab0c9330eadc50f9773d81d70cd6,446.27
68c05150bf4ce702c334405dc707d95c6fe73577,449.05
3cb4cee19e3cb6830735a0f89d890576c7413f2c,439.72
deaf9f6a51b928dcad619fd8300ee3926345d1ea,445.42
cf8ae1c58905cca6cddf69d9f736c1f6e7e2933a,444.63
231aab61e228513853d08374e188217933f70986,440.80
46cff80ed79e2cb1fc1c791c44f4213dea69d5c0,447.70
04b8921d4dcab019b02588620d953c4f19d43a58,447.58
dfac9ce465ff9c988904d05014d2be2715aa1d2b,443.07
889ff7cfb605adf5b692e3740294bcdc11b14e48,439.62
68c05150bf4ce702c334405dc707d95c6fe73577,440.53
65fd8532dcf7c6972e0af8c33e3e1e30bbcf5796,445.21
8963e2ac79a97e694c388622e935a0471267e9eb,447.15
1d31086acba06579c4e7d5928dbba9ca8a0128b1,445.20
deaf9f6a51b928dcad619fd8300ee3926345d1ea,444.85
785488c9f589ccec23480223596b328490590afc,443.54
3592968bc03a914ea69506b7b25494b344860274,442.46
7dfce519e65d669edc8aec5dfaf8069905707b92,445.46
889ff7cfb605adf5b692e3740294bcdc11b14e48,439.38
249e5a8aae9324cc6c8caf5303a607056b15a9da,442.05
7dfce519e65d669edc8aec5dfaf8069905707b92,439.33
82f8683129e83b2d7ad9c95efcd4777212d13762,449.00
3e284b6ce28acdf41d7a7cc8ead881d6ab54a8f9,444.65
fa87a8fe2838e80ae0eeba6e2978815ef5533e91,440.73
8963e2ac79a97e694c388622e935a0471267e9eb,444.15
231aab61e228513853d08374e188217933f70986,437.84
db2d5aa85352fe63531540ef396b944e2fe58e2c,445.19
1e30a157667af1fa7108d985dcb858a801832887,444.00
13d0bee275b1e61ee68dea02530b6e7b0ec9ac3a,441.86
3232ff001c7c9d335e9bf5aea02ab12520cf3f01,444.38
9afeb6b7645deb78ff0b3d2804771b9238806353,441.24
fb837fe7667480e0ca7e550f6cf813de45309996,443.95
46cff80ed79e2cb1fc1c791c44f4213dea69d5c0,441.80
caf61a4a0778a72ab713f72e9ef749bf373c98ac,440.69
3982ea1198b8d780b42587e16ace3407bf7621e1,446.13
f2535d705491ba6a582abff96ba77dc1144f64a5,446.34
6c8365b9a0e963c1f2dc46099116a5c77f48c5d8,444.00
f2535d705491ba6a582abff96ba77dc1144f64a5,444.17
f2535d705491ba6a582abff96ba77dc1144f64a5,436.30
e313f95e19c752a3316048468547af939e19cdd3,447.07
2f05a964591e60379da354fc6cd27bb0c8007ca9,449.16
fd12d272397fc04da34beac8c8f6e3faae81583f,449.39
46cff80ed79e2cb1fc1c791c44f4213dea69d5c0,441.45
f8a5dfb037d363a6b6657fa71af59b66c6bec257,440.90
8633b01428e9b4ad3df37b5d3530f2c5c963a698,442.98
2f05a964591e60379da354fc6cd27bb0c8007ca9,443.97
68c05150bf4ce702c334405dc707d95c6fe73577,444.01
666275a54f3e6907b5244b612483815ee70a191d,443.88
e313f95e19c752a3316048468547af939e19cdd3,440.52
666275a54f3e6907b5244b612483815ee70a191d,445.91
fb837fe7667480e0ca7e550f6cf813de45309996,444.04
3592968bc03a914ea69506b7b25494b344860274,437.55
cf8ae1c58905cca6cddf69d9f736c1f6e7e2933a,455.81
074d9bfd5476d0430e75073fb27001f43435c081,445.93
e917ada8cc976397aa5c3e11492f108a35919e48,440.69
4b0dde413a3c38a77461ac64ad278a042d6eea68,444.95
e064bc4842d1412a0421435332f55908fddcc866,442.08
f2535d705491ba6a582abff96ba77dc1144f64a5,439.06
c9bc0b285b7d4336c1c1f416fb44e0775d1505fd,440.42
3cfd45112b28c5401fc6bd70cd25b22f98c9b3f9,443.74
c9bc0b285b7d4336c1c1f416fb44e0775d1505fd,450.05
d55af6718e4b1b4bcbea954616ce7fb2e5a8f42b,449.63
7dfce519e65d669edc8aec5dfaf8069905707b92,443.28
8963e2ac79a97e694c388622e935a0471267e9eb,440.67
d55af6718e4b1b4bcbea954616ce7fb2e5a8f42b,441.52
a44e18aa3c1fcd25a68a5965f9490d8f7d026509,451.61
13d0bee275b1e61ee68dea02530b6e7b0ec9ac3a,448.68
82f8683129e83b2d7ad9c95efcd4777212d13762,439.15
82f8683129e83b2d7ad9c95efcd4777212d13762,444.10
59fb5117a767ab75fe3baf5c37966c83430b02af,447.92
4b0dde413a3c38a77461ac64ad278a042d6eea68,444.58
bbd778464660544e1bcacade75ca219aefd1b82e,450.65
1e30a157667af1fa7108d985dcb858a801832887,443.85
9afeb6b7645deb78ff0b3d2804771b9238806353,449.25
a31ec08e102fd3832f3ff4449e9163440f0afb2c,445.95
2c257f6482dd7a9583538b7b0d4b3b0bef9417fd,441.52
9b85aea847f85982b6f2d9d910e9112f771ab5a5,446.57
c75e9cc85d596ff08ae858da3c61d55e717607d1,442.46
a31ec08e102fd3832f3ff4449e9163440f0afb2c,449.70
dfac9ce465ff9c988904d05014d2be2715aa1d2b,446.74
8963e2ac79a97e694c388622e935a0471267e9eb,442.73
68c05150bf4ce702c334405dc707d95c6fe73577,450.88
13d0bee275b1e61ee68dea02530b6e7b0ec9ac3a,441.40
2cfb80261e6f61fa5b31627cecf832efc216a787,442.68
d8c3f9cbc6a562a7d23711d4c0f97f4e4758444e,511.45
ede131697f4a1e76d9c291e5070b700143622d30,443.75
2f05a964591e60379da354fc6cd27bb0c8007ca9,443.97
1030e6182d2fde38d4d307af8e21791ad9b91429,444.83
d55af6718e4b1b4bcbea954616ce7fb2e5a8f42b,448.98
f9f37e19876202a1db257a9e59452b0f10035fbf,440.83
d8c3f9cbc6a562a7d23711d4c0f97f4e4758444e,501.93
1d37cef1d8367af963fee4dc99164708f5d3c6f8,447.86
615f53010b21d1c0946952e33773b885fe30440b,451.32
1fd0a617cb216113997569937b43ec7c7a9c2fd2,442.01
074d9bfd5476d0430e75073fb27001f43435c081,442.91
13d0bee275b1e61ee68dea02530b6e7b0ec9ac3a,456.10
dbc1e34bdeede1cabee58b65bceb02f930ce5d88,441.51
1030e6182d2fde38d4d307af8e21791ad9b91429,442.97
38e20f43502027b897135e94e9119ae9341254ac,445.51
e313f95e19c752a3316048468547af939e19cdd3,445.84
e064bc4842d1412a0421435332f55908fddcc866,451.17
a8da2e7da25921dffd9fe6bbd53668bed08dd148,445.36
eb8a107f679bc2778e55cfc71f27a147ef9aa455,438.78
9afeb6b7645deb78ff0b3d2804771b9238806353,442.87
c75e9cc85d596ff08ae858da3c61d55e717607d1,447.75
84ab3d3c2db81f0ef215ef1395d154a0e75c0040,443.85
bbd778464660544e1bcacade75ca219aefd1b82e,441.86
21759032d2b2b76e338d22c15d13bdf7993c13e1,445.72
f2535d705491ba6a582abff96ba77dc1144f64a5,439.66
5000be31966a575f54d80ef85ee49ca1f5cb6ea8,441.25
82f8683129e83b2d7ad9c95efcd4777212d13762,444.44
4b0dde413a3c38a77461ac64ad278a042d6eea68,444.64
889ff7cfb605adf5b692e3740294bcdc11b14e48,448.25
77e6a1a900685c173afd5d88c9bc6123b568fc72,1952.89
547a11475d71479b7e7bb25b1ebc592bf44b6fe1,441.96
fb837fe7667480e0ca7e550f6cf813de45309996,445.27
785488c9f589ccec23480223596b328490590afc,443.52
84ab3d3c2db81f0ef215ef1395d154a0e75c0040,437.04
94002db5f90395b8927ae69c569e5a0726dd00c4,440.50
785488c9f589ccec23480223596b328490590afc,444.62
84ab3d3c2db81f0ef215ef1395d154a0e75c0040,453.75
fb837fe7667480e0ca7e550f6cf813de45309996,438.01
3cfd45112b28c5401fc6bd70cd25b22f98c9b3f9,448.99
96f316812fc31cd13c06a948cf84979c77b15f8b,448.07
2c257f6482dd7a9583538b7b0d4b3b0bef9417fd,444.44
1d37cef1d8367af963fee4dc99164708f5d3c6f8,445.05
21759032d2b2b76e338d22c15d13bdf7993c13e1,442.08
a31ec08e102fd3832f3ff4449e9163440f0afb2c,451.29
5d56ace149ae3264d2502d49dd85302fc613a27c,442.57
4b763cc86f698d31f59e22e169e7a5a83e696a55,445.23
666275a54f3e6907b5244b612483815ee70a191d,445.69
547a11475d71479b7e7bb25b1ebc592bf44b6fe1,446.21
3cb4cee19e3cb6830735a0f89d890576c7413f2c,447.74
f9f37e19876202a1db257a9e59452b0f10035fbf,446.52
04b8921d4dcab019b02588620d953c4f19d43a58,444.27
05ae97865c84536a6cfe7759ca6c382eb761ecb2,453.78
c2a9605b70fdae3c064b49bf2a0b633c935322cc,447.94
e064bc4842d1412a0421435332f55908fddcc866,442.54
96f316812fc31cd13c06a948cf84979c77b15f8b,441.33
84ab3d3c2db81f0ef215ef1395d154a0e75c0040,442.18
e064bc4842d1412a0421435332f55908fddcc866,442.70
c75e9cc85d596ff08ae858da3c61d55e717607d1,441.76
7dfce519e65d669edc8aec5dfaf8069905707b92,439.92
f2535d705491ba6a582abff96ba77dc1144f64a5,442.01
3982ea1198b8d780b42587e16ace3407bf7621e1,446.27
84ab3d3c2db81f0ef215ef1395d154a0e75c0040,444.31
59fb5117a767ab75fe3baf5c37966c83430b02af,447.56
1030e6182d2fde38d4d307af8e21791ad9b91429,443.69
1030e6182d2fde38d4d307af8e21791ad9b91429,440.52
8633b01428e9b4ad3df37b5d3530f2c5c963a698,444.63
2c257f6482dd7a9583538b7b0d4b3b0bef9417fd,440.92
8633b01428e9b4ad3df37b5d3530f2c5c963a698,441.22
249e5a8aae9324cc6c8caf5303a607056b15a9da,454.71
07a3c08a7ddb06711c3d1b5b1126076a43efa6e1,448.04
666275a54f3e6907b5244b612483815ee70a191d,442.27
e064bc4842d1412a0421435332f55908fddcc866,442.76
2cfb80261e6f61fa5b31627cecf832efc216a787,440.40
fa87a8fe2838e80ae0eeba6e2978815ef5533e91,438.24
04b8921d4dcab019b02588620d953c4f19d43a58,442.97
8963e2ac79a97e694c388622e935a0471267e9eb,440.20
3592968bc03a914ea69506b7b25494b344860274,439.19
5c43ce2d83e44cd46049a7f0bfaeb5d9a322c032,429.38
3232ff001c7c9d335e9bf5aea02ab12520cf3f01,445.88
1030e6182d2fde38d4d307af8e21791ad9b91429,435.88
46cff80ed79e2cb1fc1c791c44f4213dea69d5c0,443.25
1d37cef1d8367af963fee4dc99164708f5d3c6f8,445.16
fa87a8fe2838e80ae0eeba6e2978815ef5533e91,445.29
db2d5aa85352fe63531540ef396b944e2fe58e2c,447.93
c9bc0b285b7d4336c1c1f416fb44e0775d1505fd,446.97
d55af6718e4b1b4bcbea954616ce7fb2e5a8f42b,457.11
7ff15ee20c961e370837d8f96ae77886ecd910d8,438.98
7ff15ee20c961e370837d8f96ae77886ecd910d8,454.29
002a4940935a7545ed94f1b776e4d7f6bf6c2525,419.14
249e5a8aae9324cc6c8caf5303a607056b15a9da,438.50
21759032d2b2b76e338d22c15d13bdf7993c13e1,439.09
398f9cf93414253c216585efdfca3b9f73f90d74,439.67
381ce3d861251ae35aea636fc29c277a84060276,444.89
4de5fe88eab987f8ac5b2df32d5574e2615ae306,438.31
fa9d20a3fb3060daaaa4f183a4be5cf27caf2583,440.93
074d9bfd5476d0430e75073fb27001f43435c081,449.23
84ab3d3c2db81f0ef215ef1395d154a0e75c0040,445.08
13d0bee275b1e61ee68dea02530b6e7b0ec9ac3a,453.26
1d37cef1d8367af963fee4dc99164708f5d3c6f8,443.28
249e5a8aae9324cc6c8caf5303a607056b15a9da,443.66
dfac9ce465ff9c988904d05014d2be2715aa1d2b,441.95
398f9cf93414253c216585efdfca3b9f73f90d74,441.92
9b85aea847f85982b6f2d9d910e9112f771ab5a5,440.46
8633b01428e9b4ad3df37b5d3530f2c5c963a698,447.37
68c05150bf4ce702c334405dc707d95c6fe73577,455.17
38e20f43502027b897135e94e9119ae9341254ac,442.40
9afeb6b7645deb78ff0b3d2804771b9238806353,443.08
009013169754d4869f3a55c27a3443fc72d1d1f1,442.72
59fb5117a767ab75fe3baf5c37966c83430b02af,446.05
c75e9cc85d596ff08ae858da3c61d55e717607d1,445.04
8633b01428e9b4ad3df37b5d3530f2c5c963a698,441.29
99c4da880b4cff044696b9df680d22a47c23cbcd,440.59
3e284b6ce28acdf41d7a7cc8ead881d6ab54a8f9,442.14
96f316812fc31cd13c06a948cf84979c77b15f8b,453.05
1fd0a617cb216113997569937b43ec7c7a9c2fd2,447.80
472c7e55ee9d5cc7e7771696092c6eeca5a91b4d,429.26
82f8683129e83b2d7ad9c95efcd4777212d13762,437.51
e313f95e19c752a3316048468547af939e19cdd3,447.13
dbc1e34bdeede1cabee58b65bceb02f930ce5d88,446.28
d8c3f9cbc6a562a7d23711d4c0f97f4e4758444e,497.12
e313f95e19c752a3316048468547af939e19cdd3,438.51
07a3c08a7ddb06711c3d1b5b1126076a43efa6e1,440.94
2f05a964591e60379da354fc6cd27bb0c8007ca9,448.19
fa9d20a3fb3060daaaa4f183a4be5cf27caf2583,444.94
be94f5547d6b8f15ee48117afe46ae302c361464,444.67
99c4da880b4cff044696b9df680d22a47c23cbcd,448.47
ede131697f4a1e76d9c291e5070b700143622d30,443.99
547a11475d71479b7e7bb25b1ebc592bf44b6fe1,442.19
99c4da880b4cff044696b9df680d22a47c23cbcd,437.07
9afeb6b7645deb78ff0b3d2804771b9238806353,444.10
1030e6182d2fde38d4d307af8e21791ad9b91429,446.07
5d56ace149ae3264d2502d49dd85302fc613a27c,449.48
a97385eb2870d113427b0d9430e108236ae363b4,421.14
1fd0a617cb216113997569937b43ec7c7a9c2fd2,444.74
c9bc0b285b7d4336c1c1f416fb44e0775d1505fd,442.41
dd4b68223f30d8142f26a13582d0b996dece6588,440.28
4de5fe88eab987f8ac5b2df32d5574e2615ae306,443.08
1d37cef1d8367af963fee4dc99164708f5d3c6f8,445.44
99c4da880b4cff044696b9df680d22a47c23cbcd,439.66
fa87a8fe2838e80ae0eeba6e2978815ef5533e91,448.79
bbd778464660544e1bcacade75ca219aefd1b82e,440.75
9b85aea847f85982b6f2d9d910e9112f771ab5a5,454.60
84ab3d3c2db81f0ef215ef1395d154a0e75c0040,442.33
04b8921d4dcab019b02588620d953c4f19d43a58,438.79
2d56df2c9060c889e35bf4c386429ad1b6cacb35,447.90
d7b5d5b28a6dd7ff198f02e1ee82160220135a74,443.76
d7b5d5b28a6dd7ff198f02e1ee82160220135a74,439.26
889ff7cfb605adf5b692e3740294bcdc11b14e48,444.16
d7b5d5b28a6dd7ff198f02e1ee82160220135a74,442.48
eb8a107f679bc2778e55cfc71f27a147ef9aa455,438.35
bbd778464660544e1bcacade75ca219aefd1b82e,446.03
c75e9cc85d596ff08ae858da3c61d55e717607d1,440.21
5d56ace149ae3264d2502d49dd85302fc613a27c,452.52
d7b5d5b28a6dd7ff198f02e1ee82160220135a74,442.79
666275a54f3e6907b5244b612483815ee70a191d,440.89
fd12d272397fc04da34beac8c8f6e3faae81583f,442.98
d7b5d5b28a6dd7ff198f02e1ee82160220135a74,441.00
8963e2ac79a97e694c388622e935a0471267e9eb,441.81
4f92f9be7d1de1f81959a0574047951c92d4ea39,451.63
04b8921d4dcab019b02588620d953c4f19d43a58,446.69
2c257f6482dd7a9583538b7b0d4b3b0bef9417fd,441.41
002a4940935a7545ed94f1b776e4d7f6bf6c2525,421.40
77e6a1a900685c173afd5d88c9bc6123b568fc72,1915.69
fa87a8fe2838e80ae0eeba6e2978815ef5533e91,443.85
3e284b6ce28acdf41d7a7cc8ead881d6ab54a8f9,447.25
3cb4cee19e3cb6830735a0f89d890576c7413f2c,440.29
e313f95e19c752a3316048468547af939e19cdd3,440.55
3232ff001c7c9d335e9bf5aea02ab12520cf3f01,446.82
fa87a8fe2838e80ae0eeba6e2978815ef5533e91,440.45
8633b01428e9b4ad3df37b5d3530f2c5c963a698,446.01
eb8a107f679bc2778e55cfc71f27a147ef9aa455,444.93
889ff7cfb605adf5b692e3740294bcdc11b14e48,443.21
caf61a4a0778a72ab713f72e9ef749bf373c98ac,445.92
f8a5dfb037d363a6b6657fa71af59b66c6bec257,439.03
d8c3f9cbc6a562a7d23711d4c0f97f4e4758444e,497.34
04b8921d4dcab019b02588620d953c4f19d43a58,443.10
f9f37e19876202a1db257a9e59452b0f10035fbf,442.37
9b85aea847f85982b6f2d9d910e9112f771ab5a5,449.95
fa9d20a3fb3060daaaa4f183a4be5cf27caf2583,446.79
9a5d4f3b7b2abf8664842f49d67e84c828afa534,442.19
1e84edbe208aab0c9330eadc50f9773d81d70cd6,451.22
009013169754d4869f3a55c27a3443fc72d1d1f1,444.34
77e6a1a900685c173afd5d88c9bc6123b568fc72,1941.70
c9bc0b285b7d4336c1c1f416fb44e0775d1505fd,443.12
009013169754d4869f3a55c27a3443fc72d1d1f1,445.15
231aab61e228513853d08374e188217933f70986,446.91
5d56ace149ae3264d2502d49dd85302fc613a27c,444.77
a31ec08e102fd3832f3ff4449e9163440f0afb2c,442.50
1030e6182d2fde38d4d307af8e21791ad9b91429,438.13
e313f95e19c752a3316048468547af939e19cdd3,442.09
38e20f43502027b897135e94e9119ae9341254ac,444.83
8963e2ac79a97e694c388622e935a0471267e9eb,450.00
59fb5117a767ab75fe3baf5c37966c83430b02af,444.32
472c7e55ee9d5cc7e7771696092c6eeca5a91b4d,429.26
2d56df2c9060c889e35bf4c386429ad1b6cacb35,449.32
4f92f9be7d1de1f81959a0574047951c92d4ea39,442.38
dd4b68223f30d8142f26a13582d0b996dece6588,442.18
5d56ace149ae3264d2502d49dd85302fc613a27c,445.25
d55af6718e4b1b4bcbea954616ce7fb2e5a8f42b,443.32
e917ada8cc976397aa5c3e11492f108a35919e48,448.38
2c257f6482dd7a9583538b7b0d4b3b0bef9417fd,449.16
db2d5aa85352fe63531540ef396b944e2fe58e2c,451.97
68c05150bf4ce702c334405dc707d95c6fe73577,447.32
99c4da880b4cff044696b9df680d22a47c23cbcd,435.88
fa87a8fe2838e80ae0eeba6e2978815ef5533e91,444.69
eb8a107f679bc2778e55cfc71f27a147ef9aa455,443.10
a31ec08e102fd3832f3ff4449e9163440f0afb2c,440.52
bbd778464660544e1bcacade75ca219aefd1b82e,436.44
fa87a8fe2838e80ae0eeba6e2978815ef5533e91,445.56
fa9d20a3fb3060daaaa4f183a4be5cf27caf2583,444.12
7ff15ee20c961e370837d8f96ae77886ecd910d8,444.54
84ab3d3c2db81f0ef215ef1395d154a0e75c0040,447.78
dbc1e34bdeede1cabee58b65bceb02f930ce5d88,445.93
05ae97865c84536a6cfe7759ca6c382eb761ecb2,446.78
398f9cf93414253c216585efdfca3b9f73f90d74,444.23
615f53010b21d1c0946952e33773b885fe30440b,444.61
398f9cf93414253c216585efdfca3b9f73f90d74,439.24
4b763cc86f698d31f59e22e169e7a5a83e696a55,438.26
77e6a1a900685c173afd5d88c9bc6123b568fc72,1940.03
1030e6182d2fde38d4d307af8e21791ad9b91429,437.27
e064bc4842d1412a0421435332f55908fddcc866,448.27
1e84edbe208aab0c9330eadc50f9773d81d70cd6,438.42
1e30a157667af1fa7108d985dcb858a801832887,444.03
fd12d272397fc04da34beac8c8f6e3faae81583f,449.56
547a11475d71479b7e7bb25b1ebc592bf44b6fe1,437.05
e313f95e19c752a3316048468547af939e19cdd3,442.66
0e37cba87eea9d89156c144e3d4298c9c9ed04d4,447.56
fb837fe7667480e0ca7e550f6cf813de45309996,452.09
9afeb6b7645deb78ff0b3d2804771b9238806353,439.76
433d2f180058b8b73e1951c6cfbb986714e68b0f,442.10
9a5d4f3b7b2abf8664842f49d67e84c828afa534,438.80
0e37cba87eea9d89156c144e3d4298c9c9ed04d4,441.88
a44e18aa3c1fcd25a68a5965f9490d8f7d026509,438.72
d7b5d5b28a6dd7ff198f02e1ee82160220135a74,434.83
04b8921d4dcab019b02588620d953c4f19d43a58,452.80
d55af6718e4b1b4bcbea954616ce7fb2e5a8f42b,445.45
4f92f9be7d1de1f81959a0574047951c92d4ea39,439.31
1e84edbe208aab0c9330eadc50f9773d81d70cd6,444.46
1030e6182d2fde38d4d307af8e21791ad9b91429,442.76
46cff80ed79e2cb1fc1c791c44f4213dea69d5c0,439.55
889ff7cfb605adf5b692e3740294bcdc11b14e48,440.97
be94f5547d6b8f15ee48117afe46ae302c361464,445.73
65fd8532dcf7c6972e0af8c33e3e1e30bbcf5796,441.20
68c05150bf4ce702c334405dc707d95c6fe73577,445.61
1030e6182d2fde38d4d307af8e21791ad9b91429,439.41
be94f5547d6b8f15ee48117afe46ae302c361464,447.61
04b8921d4dcab019b02588620d953c4f19d43a58,442.79
472c7e55ee9d5cc7e7771696092c6eeca5a91b4d,426.77
87394199b2649e3ccdc73773640130dc1a917af0,439.15
65fd8532dcf7c6972e0af8c33e3e1e30bbcf5796,452.63
4f92f9be7d1de1f81959a0574047951c92d4ea39,439.66
5000be31966a575f54d80ef85ee49ca1f5cb6ea8,442.42
ede131697f4a1e76d9c291e5070b700143622d30,450.35
a31ec08e102fd3832f3ff4449e9163440f0afb2c,444.56
a8da2e7da25921dffd9fe6bbd53668bed08dd148,437.49
3e284b6ce28acdf41d7a7cc8ead881d6ab54a8f9,446.19
a8da2e7da25921dffd9fe6bbd53668bed08dd148,443.21
8963e2ac79a97e694c388622e935a0471267e9eb,447.60
3232ff001c7c9d335e9bf5aea02ab12520cf3f01,447.36
eb8a107f679bc2778e55cfc71f27a147ef9aa455,444.36
547a11475d71479b7e7bb25b1ebc592bf44b6fe1,450.83
bbd778464660544e1bcacade75ca219aefd1b82e,439.52
472c7e55ee9d5cc7e7771696092c6eeca5a91b4d,427.54
c75e9cc85d596ff08ae858da3c61d55e717607d1,441.55
9a5d4f3b7b2abf8664842f49d67e84c828afa534,446.38
04b8921d4dcab019b02588620d953c4f19d43a58,451.95
f2535d705491ba6a582abff96ba77dc1144f64a5,440.82
1d31086acba06579c4e7d5928dbba9ca8a0128b1,438.20
ede131697f4a1e76d9c291e5070b700143622d30,445.82
249e5a8aae9324cc6c8caf5303a607056b15a9da,439.61
13d0bee275b1e61ee68dea02530b6e7b0ec9ac3a,443.21
2f05a964591e60379da354fc6cd27bb0c8007ca9,442.61
f9901ab35d61700dd56cc6c1639e00f0aa58e435,444.59
e313f95e19c752a3316048468547af939e19cdd3,440.21
8633b01428e9b4ad3df37b5d3530f2c5c963a698,446.66
3592968bc03a914ea69506b7b25494b344860274,440.26
d55af6718e4b1b4bcbea954616ce7fb2e5a8f42b,439.74
8633b01428e9b4ad3df37b5d3530f2c5c963a698,449.39
bbd778464660544e1bcacade75ca219aefd1b82e,445.32
2f05a964591e60379da354fc6cd27bb0c8007ca9,444.10
a8da2e7da25921dffd9fe6bbd53668bed08dd148,441.14
db2d5aa85352fe63531540ef396b944e2fe58e2c,452.81
bfd79c9819df429e03c7646a1faf05ecf408f4b9,439.83
561d12a9894210d9f5a8a41d655361732a39b6c8,427.24
05ae97865c84536a6cfe7759ca6c382eb761ecb2,456.27
65fd8532dcf7c6972e0af8c33e3e1e30bbcf5796,442.74
666275a54f3e6907b5244b612483815ee70a191d,438.44
ede131697f4a1e76d9c291e5070b700143622d30,441.46
398f9cf93414253c216585efdfca3b9f73f90d74,446.37
a31ec08e102fd3832f3ff4449e9163440f0afb2c,444.73
82f8683129e83b2d7ad9c95efcd4777212d13762,443.17
f9f37e19876202a1db257a9e59452b0f10035fbf,443.68
615f53010b21d1c0946952e33773b885fe30440b,447.10
3982ea1198b8d780b42587e16ace3407bf7621e1,449.06
cf8ae1c58905cca6cddf69d9f736c1f6e7e2933a,444.53
a31ec08e102fd3832f3ff4449e9163440f0afb2c,444.42
2c257f6482dd7a9583538b7b0d4b3b0bef9417fd,440.30
398f9cf93414253c216585efdfca3b9f73f90d74,446.92
381ce3d861251ae35aea636fc29c277a84060276,458.30
fb837fe7667480e0ca7e550f6cf813de45309996,446.96
0ea12d3d662fab6adefa6d13a7ad017f793a2fa1,444.28
d8c3f9cbc6a562a7d23711d4c0f97f4e4758444e,498.84
074d9bfd5476d0430e75073fb27001f43435c081,445.93
2cfb80261e6f61fa5b31627cecf832efc216a787,450.34
3e284b6ce28acdf41d7a7cc8ead881d6ab54a8f9,448.40
fb837fe7667480e0ca7e550f6cf813de45309996,443.53
1e84edbe208aab0c9330eadc50f9773d81d70cd6,454.48
46cff80ed79e2cb1fc1c791c44f4213dea69d5c0,443.85
0ea12d3d662fab6adefa6d13a7ad017f793a2fa1,443.40
249e5a8aae9324cc6c8caf5303a607056b15a9da,451.47
f9901ab35d61700dd56cc6c1639e00f0aa58e435,445.10
c9bc0b285b7d4336c1c1f416fb44e0775d1505fd,445.88
db2d5aa85352fe63531540ef396b944e2fe58e2c,445.94
deaf9f6a51b928dcad619fd8300ee3926345d1ea,451.41
e045c995ddda1c0ede7181193979af47b39fddf3,440.64
a44e18aa3c1fcd25a68a5965f9490d8f7d026509,443.21
82f8683129e83b2d7ad9c95efcd4777212d13762,442.17
a44e18aa3c1fcd25a68a5965f9490d8f7d026509,443.47
e045c995ddda1c0ede7181193979af47b39fddf3,441.79
21759032d2b2b76e338d22c15d13bdf7993c13e1,443.09
381ce3d861251ae35aea636fc29c277a84060276,442.62
249e5a8aae9324cc6c8caf5303a607056b15a9da,439.11
bbd778464660544e1bcacade75ca219aefd1b82e,445.06
4b763cc86f698d31f59e22e169e7a5a83e696a55,452.63
87394199b2649e3ccdc73773640130dc1a917af0,438.71
1030e6182d2fde38d4d307af8e21791ad9b91429,447.15
05ae97865c84536a6cfe7759ca6c382eb761ecb2,449.35
c2a9605b70fdae3c064b49bf2a0b633c935322cc,445.58
9afeb6b7645deb78ff0b3d2804771b9238806353,442.12
2cfb80261e6f61fa5b31627cecf832efc216a787,442.63
5d56ace149ae3264d2502d49dd85302fc613a27c,442.19
4f92f9be7d1de1f81959a0574047951c92d4ea39,457.03
94002db5f90395b8927ae69c569e5a0726dd00c4,448.24
87394199b2649e3ccdc73773640130dc1a917af0,444.41
a97385eb2870d113427b0d9430e108236ae363b4,424.44
1e30a157667af1fa7108d985dcb858a801832887,453.17
7ff15ee20c961e370837d8f96ae77886ecd910d8,447.58
3cfd45112b28c5401fc6bd70cd25b22f98c9b3f9,440.89
889ff7cfb605adf5b692e3740294bcdc11b14e48,439.37
84ab3d3c2db81f0ef215ef1395d154a0e75c0040,439.26
4f92f9be7d1de1f81959a0574047951c92d4ea39,441.89
cf8ae1c58905cca6cddf69d9f736c1f6e7e2933a,442.31
1e84edbe208aab0c9330eadc50f9773d81d70cd6,441.60
82f8683129e83b2d7ad9c95efcd4777212d13762,441.48
5d56ace149ae3264d2502d49dd85302fc613a27c,441.11
0e37cba87eea9d89156c144e3d4298c9c9ed04d4,442.61
561d12a9894210d9f5a8a41d655361732a39b6c8,427.49
3cfd45112b28c5401fc6bd70cd25b22f98c9b3f9,446.65
fa9d20a3fb3060daaaa4f183a4be5cf27caf2583,442.79
0ea12d3d662fab6adefa6d13a7ad017f793a2fa1,446.56
472c7e55ee9d5cc7e7771696092c6eeca5a91b4d,423.68
e064bc4842d1412a0421435332f55908fddcc866,442.86
3232ff001c7c9d335e9bf5aea02ab12520cf3f01,439.45
f8a5dfb037d363a6b6657fa71af59b66c6bec257,443.46
2f05a964591e60379da354fc6cd27bb0c8007ca9,444.05
a31ec08e102fd3832f3ff4449e9163440f0afb2c,446.60
074d9bfd5476d0430e75073fb27001f43435c081,443.41
561d12a9894210d9f5a8a41d655361732a39b6c8,422.55
a31ec08e102fd3832f3ff4449e9163440f0afb2c,442.71
c9bc0b285b7d4336c1c1f416fb44e0775d1505fd,443.90
074d9bfd5476d0430e75073fb27001f43435c081,441.45
d7b5d5b28a6dd7ff198f02e1ee82160220135a74,440.72
1d31086acba06579c4e7d5928dbba9ca8a0128b1,447.37
3cfd45112b28c5401fc6bd70cd25b22f98c9b3f9,443.09
d55af6718e4b1b4bcbea954616ce7fb2e5a8f42b,443.89
dd4b68223f30d8142f26a13582d0b996dece6588,447.03
21759032d2b2b76e338d22c15d13bdf7993c13e1,445.32
9afeb6b7645deb78ff0b3d2804771b9238806353,446.39
ede131697f4a1e76d9c291e5070b700143622d30,442.46
433d2f180058b8b73e1951c6cfbb986714e68b0f,438.10
785488c9f589ccec23480223596b328490590afc,444.81
009013169754d4869f3a55c27a3443fc72d1d1f1,440.73
65fd8532dcf7c6972e0af8c33e3e1e30bbcf5796,452.63
0e37cba87eea9d89156c144e3d4298c9c9ed04d4,449.90
99c4da880b4cff044696b9df680d22a47c23cbcd,450.97
074d9bfd5476d0430e75073fb27001f43435c081,459.57
a44e18aa3c1fcd25a68a5965f9490d8f7d026509,444.57
94002db5f90395b8927ae69c569e5a0726dd00c4,441.06
68c05150bf4ce702c334405dc707d95c6fe73577,442.89
46cff80ed79e2cb1fc1c791c44f4213dea69d5c0,456.24
77e6a1a900685c173afd5d88c9bc6123b568fc72,2003.67
d8c3f9cbc6a562a7d23711d4c0f97f4e4758444e,505.95
c9bc0b285b7d4336c1c1f416fb44e0775d1505fd,440.12
7ff15ee20c961e370837d8f96ae77886ecd910d8,443.01
2c257f6482dd7a9583538b7b0d4b3b0bef9417fd,439.85
3232ff001c7c9d335e9bf5aea02ab12520cf3f01,442.68
cf8ae1c58905cca6cddf69d9f736c1f6e7e2933a,440.85
074d9bfd5476d0430e75073fb27001f43435c081,444.13
547a11475d71479b7e7bb25b1ebc592bf44b6fe1,445.12
59fb5117a767ab75fe3baf5c37966c83430b02af,448.68
4de5fe88eab987f8ac5b2df32d5574e2615ae306,441.19
cf8ae1c58905cca6cddf69d9f736c1f6e7e2933a,440.04
009013169754d4869f3a55c27a3443fc72d1d1f1,439.74
666275a54f3e6907b5244b612483815ee70a191d,440.47
381ce3d861251ae35aea636fc29c277a84060276,441.99
46cff80ed79e2cb1fc1c791c44f4213dea69d5c0,446.09
3232ff001c7c9d335e9bf5aea02ab12520cf3f01,444.96
f9f37e19876202a1db257a9e59452b0f10035fbf,446.07
785488c9f589ccec23480223596b328490590afc,441.85
8963e2ac79a97e694c388622e935a0471267e9eb,451.12
249e5a8aae9324cc6c8caf5303a607056b15a9da,446.12
87394199b2649e3ccdc73773640130dc1a917af0,447.91
f9901ab35d61700dd56cc6c1639e00f0aa58e435,442.61
05ae97865c84536a6cfe7759ca6c382eb761ecb2,441.05
46cff80ed79e2cb1fc1c791c44f4213dea69d5c0,443.14
381ce3d861251ae35aea636fc29c277a84060276,442.42
1d31086acba06579c4e7d5928dbba9ca8a0128b1,438.79
9a5d4f3b7b2abf8664842f49d67e84c828afa534,444.80
398f9cf93414253c216585efdfca3b9f73f90d74,439.97
e313f95e19c752a3316048468547af939e19cdd3,441.32
1d37cef1d8367af963fee4dc99164708f5d3c6f8,440.69
fd12d272397fc04da34beac8c8f6e3faae81583f,446.16
7ff15ee20c961e370837d8f96ae77886ecd910d8,441.92
87394199b2649e3ccdc73773640130dc1a917af0,437.18
0e37cba87eea9d89156c144e3d4298c9c9ed04d4,442.80
e045c995ddda1c0ede7181193979af47b39fddf3,439.10
3592968bc03a914ea69506b7b25494b344860274,438.79
fa9d20a3fb3060daaaa4f183a4be5cf27caf2583,442.63
3982ea1198b8d780b42587e16ace3407bf7621e1,453.38
be94f5547d6b8f15ee48117afe46ae302c361464,443.22
4b763cc86f698d31f59e22e169e7a5a83e696a55,442.15
dd4b68223f30d8142f26a13582d0b996dece6588,448.54
05ae97865c84536a6cfe7759ca6c382eb761ecb2,446.05
4b763cc86f698d31f59e22e169e7a5a83e696a55,452.15
a8da2e7da25921dffd9fe6bbd53668bed08dd148,440.04
f9901ab35d61700dd56cc6c1639e00f0aa58e435,444.04
65fd8532dcf7c6972e0af8c33e3e1e30bbcf5796,457.75
cf8ae1c58905cca6cddf69d9f736c1f6e7e2933a,440.81
bbd778464660544e1bcacade75ca219aefd1b82e,440.71
e917ada8cc976397aa5c3e11492f108a35919e48,443.82
59fb5117a767ab75fe3baf5c37966c83430b02af,443.54
e045c995ddda1c0ede7181193979af47b39fddf3,445.35
f8a5dfb037d363a6b6657fa71af59b66c6bec257,439.95
9a5d4f3b7b2abf8664842f49d67e84c828afa534,442.87
231aab61e228513853d08374e188217933f70986,443.02
d8c3f9cbc6a562a7d23711d4c0f97f4e4758444e,513.08
db2d5aa85352fe63531540ef396b944e2fe58e2c,452.37
f8a5dfb037d363a6b6657fa71af59b66c6bec257,442.25
7dfce519e65d669edc8aec5dfaf8069905707b92,438.82
bbd778464660544e1bcacade75ca219aefd1b82e,443.56
c75e9cc85d596ff08ae858da3c61d55e717607d1,445.02
231aab61e228513853d08374e188217933f70986,453.07
96f316812fc31cd13c06a948cf84979c77b15f8b,441.11
547a11475d71479b7e7bb25b1ebc592bf44b6fe1,441.12
666275a54f3e6907b5244b612483815ee70a191d,448.44
2cfb80261e6f61fa5b31627cecf832efc216a787,442.28
398f9cf93414253c216585efdfca3b9f73f90d74,442.30
bfd79c9819df429e03c7646a1faf05ecf408f4b9,447.87
7ff15ee20c961e370837d8f96ae77886ecd910d8,443.00
8633b01428e9b4ad3df37b5d3530f2c5c963a698,441.90
05ae97865c84536a6cfe7759ca6c382eb761ecb2,444.19
9b85aea847f85982b6f2d9d910e9112f771ab5a5,446.97
07a3c08a7ddb06711c3d1b5b1126076a43efa6e1,438.34
009013169754d4869f3a55c27a3443fc72d1d1f1,442.56
002a4940935a7545ed94f1b776e4d7f6bf6c2525,430.93
fb837fe7667480e0ca7e550f6cf813de45309996,437.77
615f53010b21d1c0946952e33773b885fe30440b,440.49
0ea12d3d662fab6adefa6d13a7ad017f793a2fa1,441.86
8633b01428e9b4ad3df37b5d3530f2c5c963a698,447.46
009013169754d4869f3a55c27a3443fc72d1d1f1,443.89
1d37cef1d8367af963fee4dc99164708f5d3c6f8,443.74
d8c3f9cbc6a562a7d23711d4c0f97f4e4758444e,505.09
f2535d705491ba6a582abff96ba77dc1144f64a5,439.27
889ff7cfb605adf5b692e3740294bcdc11b14e48,440.64
249e5a8aae9324cc6c8caf5303a607056b15a9da,440.05
074d9bfd5476d0430e75073fb27001f43435c081,440.87
04b8921d4dcab019b02588620d953c4f19d43a58,447.46
1d37cef1d8367af963fee4dc99164708f5d3c6f8,441.96
074d9bfd5476d0430e75073fb27001f43435c081,438.93
fb837fe7667480e0ca7e550f6cf813de45309996,454.47
04b8921d4dcab019b02588620d953c4f19d43a58,452.58
7ff15ee20c961e370837d8f96ae77886ecd910d8,444.12
9a5d4f3b7b2abf8664842f49d67e84c828afa534,444.82
38e20f43502027b897135e94e9119ae9341254ac,440.43
77e6a1a900685c173afd5d88c9bc6123b568fc72,1890.65
1d31086acba06579c4e7d5928dbba9ca8a0128b1,445.79
d55af6718e4b1b4bcbea954616ce7fb2e5a8f42b,440.37
ede131697f4a1e76d9c291e5070b700143622d30,440.86
07a3c08a7ddb06711c3d1b5b1126076a43efa6e1,440.28
0e37cba87eea9d89156c144e3d4298c9c9ed04d4,457.36
f9901ab35d61700dd56cc6c1639e00f0aa58e435,442.08
caf61a4a0778a72ab713f72e9ef749bf373c98ac,444.55
deaf9f6a51b928dcad619fd8300ee3926345d1ea,445.61
8633b01428e9b4ad3df37b5d3530f2c5c963a698,447.51
433d2f180058b8b73e1951c6cfbb986714e68b0f,443.64
1e84edbe208aab0c9330eadc50f9773d81d70cd6,447.66
38e20f43502027b897135e94e9119ae9341254ac,444.53
433d2f180058b8b73e1951c6cfbb986714e68b0f,437.62
05ae97865c84536a6cfe7759ca6c382eb761ecb2,445.10
99c4da880b4cff044696b9df680d22a47c23cbcd,458.71
4f92f9be7d1de1f81959a0574047951c92d4ea39,437.28
5d56ace149ae3264d2502d49dd85302fc613a27c,441.20
472c7e55ee9d5cc7e7771696092c6eeca5a91b4d,429.61
e045c995ddda1c0ede7181193979af47b39fddf3,441.36
05ae97865c84536a6cfe7759ca6c382eb761ecb2,442.01
e064bc4842d1412a0421435332f55908fddcc866,437.70
68c05150bf4ce702c334405dc707d95c6fe73577,443.43
07a3c08a7ddb06711c3d1b5b1126076a43efa6e1,439.77
7dfce519e65d669edc8aec5dfaf8069905707b92,437.88
07a3c08a7ddb06711c3d1b5b1126076a43efa6e1,445.49
785488c9f589ccec23480223596b328490590afc,445.82
4b763cc86f698d31f59e22e169e7a5a83e696a55,452.67
f9f37e19876202a1db257a9e59452b0f10035fbf,455.01
561d12a9894210d9f5a8a41d655361732a39b6c8,427.52
fa9d20a3fb3060daaaa4f183a4be5cf27caf2583,440.38
87394199b2649e3ccdc73773640130dc1a917af0,451.49
db2d5aa85352fe63531540ef396b944e2fe58e2c,448.25
3982ea1198b8d780b42587e16ace3407bf7621e1,456.15
472c7e55ee9d5cc7e7771696092c6eeca5a91b4d,422.89
433d2f180058b8b73e1951c6cfbb986714e68b0f,445.59
889ff7cfb605adf5b692e3740294bcdc11b14e48,443.96
5000be31966a575f54d80ef85ee49ca1f5cb6ea8,441.75
82f8683129e83b2d7ad9c95efcd4777212d13762,440.79
dbc1e34bdeede1cabee58b65bceb02f930ce5d88,443.56
a97385eb2870d113427b0d9430e108236ae363b4,423.72
e045c995ddda1c0ede7181193979af47b39fddf3,436.66
249e5a8aae9324cc6c8caf5303a607056b15a9da,448.62
2f05a964591e60379da354fc6cd27bb0c8007ca9,447.79
1e84edbe208aab0c9330eadc50f9773d81d70cd6,445.30
77e6a1a900685c173afd5d88c9bc6123b568fc72,1927.15
4b0dde413a3c38a77461ac64ad278a042d6eea68,448.20
a31ec08e102fd3832f3ff4449e9163440f0afb2c,442.24
d7b5d5b28a6dd7ff198f02e1ee82160220135a74,441.71
deaf9f6a51b928dcad619fd8300ee3926345d1ea,440.18
1e84edbe208aab0c9330eadc50f9773d81d70cd6,445.00
666275a54f3e6907b5244b612483815ee70a191d,444.35
231aab61e228513853d08374e188217933f70986,441.24
dbc1e34bdeede1cabee58b65bceb02f930ce5d88,447.00
2cfb80261e6f61fa5b31627cecf832efc216a787,444.61
889ff7cfb605adf5b692e3740294bcdc11b14e48,438.89
5d56ace149ae3264d2502d49dd85302fc613a27c,441.90
615f53010b21d1c0946952e33773b885fe30440b,454.32
deaf9f6a51b928dcad619fd8300ee3926345d1ea,442.35
2d56df2c9060c889e35bf4c386429ad1b6cacb35,456.45
5000be31966a575f54d80ef85ee49ca1f5cb6ea8,436.44
5d56ace149ae3264d2502d49dd85302fc613a27c,441.21
84ab3d3c2db81f0ef215ef1395d154a0e75c0040,445.79
13d0bee275b1e61ee68dea02530b6e7b0ec9ac3a,446.28
46cff80ed79e2cb1fc1c791c44f4213dea69d5c0,448.23
65fd8532dcf7c6972e0af8c33e3e1e30bbcf5796,452.00
be94f5547d6b8f15ee48117afe46ae302c361464,447.78
c2a9605b70fdae3c064b49bf2a0b633c935322cc,442.13
249e5a8aae9324cc6c8caf5303a607056b15a9da,442.79
f2535d705491ba6a582abff96ba77dc1144f64a5,441.36
666275a54f3e6907b5244b612483815ee70a191d,440.92
65fd8532dcf7c6972e0af8c33e3e1e30bbcf5796,440.58
3cb4cee19e3cb6830735a0f89d890576c7413f2c,441.51
7dfce519e65d669edc8aec5dfaf8069905707b92,442.62
009013169754d4869f3a55c27a3443fc72d1d1f1,440.10
9afeb6b7645deb78ff0b3d2804771b9238806353,453.01
07a3c08a7ddb06711c3d1b5b1126076a43efa6e1,447.89
1fd0a617cb216113997569937b43ec7c7a9c2fd2,450.65
249e5a8aae9324cc6c8caf5303a607056b15a9da,441.99
fd12d272397fc04da34beac8c8f6e3faae81583f,445.64
c9bc0b285b7d4336c1c1f416fb44e0775d1505fd,441.04
3cb4cee19e3cb6830735a0f89d890576c7413f2c,438.82
a44e18aa3c1fcd25a68a5965f9490d8f7d026509,446.21
3e284b6ce28acdf41d7a7cc8ead881d6ab54a8f9,439.21
96f316812fc31cd13c06a948cf84979c77b15f8b,441.78
dbc1e34bdeede1cabee58b65bceb02f930ce5d88,444.27
e064bc4842d1412a0421435332f55908fddcc866,440.73
94002db5f90395b8927ae69c569e5a0726dd00c4,443.93
e313f95e19c752a3316048468547af939e19cdd3,440.69
472c7e55ee9d5cc7e7771696092c6eeca5a91b4d,426.87
433d2f180058b8b73e1951c6cfbb986714e68b0f,441.34
009013169754d4869f3a55c27a3443fc72d1d1f1,440.77
3e284b6ce28acdf41d7a7cc8ead881d6ab54a8f9,446.56
fa9d20a3fb3060daaaa4f183a4be5cf27caf2583,442.86
c75e9cc85d596ff08ae858da3c61d55e717607d1,441.00
615f53010b21d1c0946952e33773b885fe30440b,440.81
e313f95e19c752a3316048468547af939e19cdd3,446.62
8963e2ac79a97e694c388622e935a0471267e9eb,453.12
13d0bee275b1e61ee68dea02530b6e7b0ec9ac3a,440.16
fd12d272397fc04da34beac8c8f6e3faae81583f,437.87
f9901ab35d61700dd56cc6c1639e00f0aa58e435,446.77
6c8365b9a0e963c1f2dc46099116a5c77f48c5d8,441.27
398f9cf93414253c216585efdfca3b9f73f90d74,439.94
2c257f6482dd7a9583538b7b0d4b3b0bef9417fd,443.14
68c05150bf4ce702c334405dc707d95c6fe73577,449.17
c9bc0b285b7d4336c1c1f416fb44e0775d1505fd,446.92
eb8a107f679bc2778e55cfc71f27a147ef9aa455,440.84
3592968bc03a914ea69506b7b25494b344860274,439.46
38e20f43502027b897135e94e9119ae9341254ac,442.29
2cfb80261e6f61fa5b31627cecf832efc216a787,442.06
38e20f43502027b897135e94e9119ae9341254ac,441.85
65fd8532dcf7c6972e0af8c33e3e1e30bbcf5796,447.95
13d0bee275b1e61ee68dea02530b6e7b0ec9ac3a,446.21
615f53010b21d1c0946952e33773b885fe30440b,440.98
3cb4cee19e3cb6830735a0f89d890576c7413f2c,442.45
21759032d2b2b76e338d22c15d13bdf7993c13e1,439.92
2d56df2c9060c889e35bf4c386429ad1b6cacb35,438.87
1e30a157667af1fa7108d985dcb858a801832887,446.22
38e20f43502027b897135e94e9119ae9341254ac,444.51
d55af6718e4b1b4bcbea954616ce7fb2e5a8f42b,436.92
59fb5117a767ab75fe3baf5c37966c83430b02af,442.62
82f8683129e83b2d7ad9c95efcd4777212d13762,441.41
e917ada8cc976397aa5c3e11492f108a35919e48,443.67
7ff15ee20c961e370837d8f96ae77886ecd910d8,442.32
3cfd45112b28c5401fc6bd70cd25b22f98c9b3f9,447.05
433d2f180058b8b73e1951c6cfbb986714e68b0f,442.88
a44e18aa3c1fcd25a68a5965f9490d8f7d026509,441.10
4de5fe88eab987f8ac5b2df32d5574e2615ae306,442.14
5000be31966a575f54d80ef85ee49ca1f5cb6ea8,437.51
615f53010b21d1c0946952e33773b885fe30440b,439.69
db2d5aa85352fe63531540ef396b944e2fe58e2c,449.02
cf8ae1c58905cca6cddf69d9f736c1f6e7e2933a,442.67
1fd0a617cb216113997569937b43ec7c7a9c2fd2,441.82
d55af6718e4b1b4bcbea954616ce7fb2e5a8f42b,438.33
7dfce519e65d669edc8aec5dfaf8069905707b92,434.59
f2535d705491ba6a582abff96ba77dc1144f64a5,439.74
1e84edbe208aab0c9330eadc50f9773d81d70cd6,440.13
dbc1e34bdeede1cabee58b65bceb02f930ce5d88,457.17
fd12d272397fc04da34beac8c8f6e3faae81583f,438.50
05ae97865c84536a6cfe7759ca6c382eb761ecb2,438.43
7ff15ee20c961e370837d8f96ae77886ecd910d8,441.23
249e5a8aae9324cc6c8caf5303a607056b15a9da,439.74
381ce3d861251ae35aea636fc29c277a84060276,445.11
785488c9f589ccec23480223596b328490590afc,442.87
1d37cef1d8367af963fee4dc99164708f5d3c6f8,447.44
3982ea1198b8d780b42587e16ace3407bf7621e1,445.69
8633b01428e9b4ad3df37b5d3530f2c5c963a698,456.84
dfac9ce465ff9c988904d05014d2be2715aa1d2b,455.26
7dfce519e65d669edc8aec5dfaf8069905707b92,437.99
002a4940935a7545ed94f1b776e4d7f6bf6c2525,434.85
2cfb80261e6f61fa5b31627cecf832efc216a787,441.35
d7b5d5b28a6dd7ff198f02e1ee82160220135a74,447.16
65fd8532dcf7c6972e0af8c33e3e1e30bbcf5796,452.36
f9901ab35d61700dd56cc6c1639e00f0aa58e435,456.67
7dfce519e65d669edc8aec5dfaf8069905707b92,436.48
ede131697f4a1e76d9c291e5070b700143622d30,443.07
cf8ae1c58905cca6cddf69d9f736c1f6e7e2933a,457.49
f8a5dfb037d363a6b6657fa71af59b66c6bec257,442.88
4f92f9be7d1de1f81959a0574047951c92d4ea39,443.92
84ab3d3c2db81f0ef215ef1395d154a0e75c0040,441.82
4de5fe88eab987f8ac5b2df32d5574e2615ae306,440.16
3982ea1198b8d780b42587e16ace3407bf7621e1,446.05
e045c995ddda1c0ede7181193979af47b39fddf3,440.40
dfac9ce465ff9c988904d05014d2be2715aa1d2b,446.57
3982ea1198b8d780b42587e16ace3407bf7621e1,445.49
7dfce519e65d669edc8aec5dfaf8069905707b92,441.94
074d9bfd5476d0430e75073fb27001f43435c081,441.30
a8da2e7da25921dffd9fe6bbd53668bed08dd148,443.91
8963e2ac79a97e694c388622e935a0471267e9eb,438.30
e917ada8cc976397aa5c3e11492f108a35919e48,444.88
82f8683129e83b2d7ad9c95efcd4777212d13762,442.15
deaf9f6a51b928dcad619fd8300ee3926345d1ea,447.85
561d12a9894210d9f5a8a41d655361732a39b6c8,421.27
3232ff001c7c9d335e9bf5aea02ab12520cf3f01,441.48
249e5a8aae9324cc6c8caf5303a607056b15a9da,451.64
547a11475d71479b7e7bb25b1ebc592bf44b6fe1,438.50
1fd0a617cb216113997569937b43ec7c7a9c2fd2,443.18
c2a9605b70fdae3c064b49bf2a0b633c935322cc,447.34
caf61a4a0778a72ab713f72e9ef749bf373c98ac,446.96
a97385eb2870d113427b0d9430e108236ae363b4,422.77
caf61a4a0778a72ab713f72e9ef749bf373c98ac,451.20
d55af6718e4b1b4bcbea954616ce7fb2e5a8f42b,439.62
433d2f180058b8b73e1951c6cfbb986714e68b0f,443.43
2c257f6482dd7a9583538b7b0d4b3b0bef9417fd,444.28
231aab61e228513853d08374e188217933f70986,447.24
f9f37e19876202a1db257a9e59452b0f10035fbf,451.39
5d56ace149ae3264d2502d49dd85302fc613a27c,441.25
0ea12d3d662fab6adefa6d13a7ad017f793a2fa1,441.61
0e37cba87eea9d89156c144e3d4298c9c9ed04d4,440.59
db2d5aa85352fe63531540ef396b944e2fe58e2c,442.01
59fb5117a767ab75fe3baf5c37966c83430b02af,448.48
4b0dde413a3c38a77461ac64ad278a042d6eea68,442.29
99c4da880b4cff044696b9df680d22a47c23cbcd,447.98
2c257f6482dd7a9583538b7b0d4b3b0bef9417fd,438.44
1e84edbe208aab0c9330eadc50f9773d81d70cd6,441.03
65fd8532dcf7c6972e0af8c33e3e1e30bbcf5796,446.03
1d31086acba06579c4e7d5928dbba9ca8a0128b1,444.52
d7b5d5b28a6dd7ff198f02e1ee82160220135a74,441.67
3cb4cee19e3cb6830735a0f89d890576c7413f2c,444.23
666275a54f3e6907b5244b612483815ee70a191d,450.19
8633b01428e9b4ad3df37b5d3530f2c5c963a698,444.72
d55af6718e4b1b4bcbea954616ce7fb2e5a8f42b,439.17
2d56df2c9060c889e35bf4c386429ad1b6cacb35,441.29
7dfce519e65d669edc8aec5dfaf8069905707b92,449.88
f9f37e19876202a1db257a9e59452b0f10035fbf,442.88
65fd8532dcf7c6972e0af8c33e3e1e30bbcf5796,443.07
ede131697f4a1e76d9c291e5070b700143622d30,450.74
4b0dde413a3c38a77461ac64ad278a042d6eea68,443.36
dbc1e34bdeede1cabee58b65bceb02f930ce5d88,443.30
3982ea1198b8d780b42587e16ace3407bf7621e1,443.79
a31ec08e102fd3832f3ff4449e9163440f0afb2c,442.68
547a11475d71479b7e7bb25b1ebc592bf44b6fe1,441.18
4b763cc86f698d31f59e22e169e7a5a83e696a55,443.74
deaf9f6a51b928dcad619fd8300ee3926345d1ea,445.92
1e85878fe008f6c651c348dd1d5b2edf713f63bb,435.19
f8a5dfb037d363a6b6657fa71af59b66c6bec257,440.19
82f8683129e83b2d7ad9c95efcd4777212d13762,440.84
be94f5547d6b8f15ee48117afe46ae302c361464,438.83
d55af6718e4b1b4bcbea954616ce7fb2e5a8f42b,440.18
ede131697f4a1e76d9c291e5070b700143622d30,448.68
bbd778464660544e1bcacade75ca219aefd1b82e,441.47
2cfb80261e6f61fa5b31627cecf832efc216a787,442.48
561d12a9894210d9f5a8a41d655361732a39b6c8,419.13
1d37cef1d8367af963fee4dc99164708f5d3c6f8,445.43
be94f5547d6b8f15ee48117afe46ae302c361464,440.55
82f8683129e83b2d7ad9c95efcd4777212d13762,437.79
2cfb80261e6f61fa5b31627cecf832efc216a787,454.27
d8c3f9cbc6a562a7d23711d4c0f97f4e4758444e,496.88
561d12a9894210d9f5a8a41d655361732a39b6c8,427.29
05ae97865c84536a6cfe7759ca6c382eb761ecb2,450.75
1e84edbe208aab0c9330eadc50f9773d81d70cd6,438.76
5000be31966a575f54d80ef85ee49ca1f5cb6ea8,447.25
be94f5547d6b8f15ee48117afe46ae302c361464,451.93
87394199b2649e3ccdc73773640130dc1a917af0,441.51
cf8ae1c58905cca6cddf69d9f736c1f6e7e2933a,448.32
05ae97865c84536a6cfe7759ca6c382eb761ecb2,445.95
231aab61e228513853d08374e188217933f70986,443.62
472c7e55ee9d5cc7e7771696092c6eeca5a91b4d,425.58
3cfd45112b28c5401fc6bd70cd25b22f98c9b3f9,441.45
7ff15ee20c961e370837d8f96ae77886ecd910d8,445.93
381ce3d861251ae35aea636fc29c277a84060276,437.49
13d0bee275b1e61ee68dea02530b6e7b0ec9ac3a,447.76
5000be31966a575f54d80ef85ee49ca1f5cb6ea8,441.43
1e85878fe008f6c651c348dd1d5b2edf713f63bb,423.20
cf8ae1c58905cca6cddf69d9f736c1f6e7e2933a,442.86
3cb4cee19e3cb6830735a0f89d890576c7413f2c,438.75
3592968bc03a914ea69506b7b25494b344860274,441.35
65fd8532dcf7c6972e0af8c33e3e1e30bbcf5796,442.33
e045c995ddda1c0ede7181193979af47b39fddf3,447.32
8633b01428e9b4ad3df37b5d3530f2c5c963a698,449.03
68c05150bf4ce702c334405dc707d95c6fe73577,445.81
59fb5117a767ab75fe3baf5c37966c83430b02af,438.65
1e85878fe008f6c651c348dd1d5b2edf713f63bb,431.07
666275a54f3e6907b5244b612483815ee70a191d,440.22
e917ada8cc976397aa5c3e11492f108a35919e48,445.85
ede131697f4a1e76d9c291e5070b700143622d30,443.92
deaf9f6a51b928dcad619fd8300ee3926345d1ea,445.71
2c257f6482dd7a9583538b7b0d4b3b0bef9417fd,440.63
68c05150bf4ce702c334405dc707d95c6fe73577,438.67
398f9cf93414253c216585efdfca3b9f73f90d74,444.32
eb8a107f679bc2778e55cfc71f27a147ef9aa455,449.17
002a4940935a7545ed94f1b776e4d7f6bf6c2525,420.61
eb8a107f679bc2778e55cfc71f27a147ef9aa455,439.47
2f05a964591e60379da354fc6cd27bb0c8007ca9,441.13
5000be31966a575f54d80ef85ee49ca1f5cb6ea8,439.39
7dfce519e65d669edc8aec5dfaf8069905707b92,441.92
c75e9cc85d596ff08ae858da3c61d55e717607d1,442.27
be94f5547d6b8f15ee48117afe46ae302c361464,444.11
3cb4cee19e3cb6830735a0f89d890576c7413f2c,446.65
a44e18aa3c1fcd25a68a5965f9490d8f7d026509,446.82
eb8a107f679bc2778e55cfc71f27a147ef9aa455,443.79
5c43ce2d83e44cd46049a7f0bfaeb5d9a322c032,424.56
8963e2ac79a97e694c388622e935a0471267e9eb,448.62
2cfb80261e6f61fa5b31627cecf832efc216a787,452.21
2cfb80261e6f61fa5b31627cecf832efc216a787,441.85
2cfb80261e6f61fa5b31627cecf832efc216a787,449.90
d7b5d5b28a6dd7ff198f02e1ee82160220135a74,440.07
398f9cf93414253c216585efdfca3b9f73f90d74,441.49
c75e9cc85d596ff08ae858da3c61d55e717607d1,442.87
547a11475d71479b7e7bb25b1ebc592bf44b6fe1,438.77
433d2f180058b8b73e1951c6cfbb986714e68b0f,442.85
6c8365b9a0e963c1f2dc46099116a5c77f48c5d8,439.01
249e5a8aae9324cc6c8caf5303a607056b15a9da,445.29
f9f37e19876202a1db257a9e59452b0f10035fbf,443.15
3cb4cee19e3cb6830735a0f89d890576c7413f2c,455.69
ede131697f4a1e76d9c291e5070b700143622d30,458.55
074d9bfd5476d0430e75073fb27001f43435c081,438.45
68c05150bf4ce702c334405dc707d95c6fe73577,441.54
231aab61e228513853d08374e188217933f70986,442.73
4de5fe88eab987f8ac5b2df32d5574e2615ae306,453.36
f9901ab35d61700dd56cc6c1639e00f0aa58e435,442.32
1e85878fe008f6c651c348dd1d5b2edf713f63bb,419.61
5000be31966a575f54d80ef85ee49ca1f5cb6ea8,440.51
f9901ab35d61700dd56cc6c1639e00f0aa58e435,436.74
caf61a4a0778a72ab713f72e9ef749bf373c98ac,441.14
3cfd45112b28c5401fc6bd70cd25b22f98c9b3f9,444.07
472c7e55ee9d5cc7e7771696092c6eeca5a91b4d,428.03
009013169754d4869f3a55c27a3443fc72d1d1f1,457.79
615f53010b21d1c0946952e33773b885fe30440b,445.48
94002db5f90395b8927ae69c569e5a0726dd00c4,451.45
249e5a8aae9324cc6c8caf5303a607056b15a9da,443.04
21759032d2b2b76e338d22c15d13bdf7993c13e1,446.14
deaf9f6a51b928dcad619fd8300ee3926345d1ea,444.40
f8a5dfb037d363a6b6657fa71af59b66c6bec257,438.64
59fb5117a767ab75fe3baf5c37966c83430b02af,441.70
77e6a1a900685c173afd5d88c9bc6123b568fc72,1976.14
deaf9f6a51b928dcad619fd8300ee3926345d1ea,442.18
f2535d705491ba6a582abff96ba77dc1144f64a5,440.02
fd12d272397fc04da34beac8c8f6e3faae81583f,440.59
a97385eb2870d113427b0d9430e108236ae363b4,423.78
0ea12d3d662fab6adefa6d13a7ad017f793a2fa1,437.80
deaf9f6a51b928dcad619fd8300ee3926345d1ea,445.92
5000be31966a575f54d80ef85ee49ca1f5cb6ea8,438.46
5c43ce2d83e44cd46049a7f0bfaeb5d9a322c032,418.72
ede131697f4a1e76d9c291e5070b700143622d30,445.32
87394199b2649e3ccdc73773640130dc1a917af0,441.58
4b763cc86f698d31f59e22e169e7a5a83e696a55,445.14
002a4940935a7545ed94f1b776e4d7f6bf6c2525,422.94
5d56ace149ae3264d2502d49dd85302fc613a27c,437.28
fd12d272397fc04da34beac8c8f6e3faae81583f,440.66
2c257f6482dd7a9583538b7b0d4b3b0bef9417fd,444.33
5d56ace149ae3264d2502d49dd85302fc613a27c,442.38
002a4940935a7545ed94f1b776e4d7f6bf6c2525,439.16
82f8683129e83b2d7ad9c95efcd4777212d13762,436.96
5000be31966a575f54d80ef85ee49ca1f5cb6ea8,438.06
fb837fe7667480e0ca7e550f6cf813de45309996,442.25
c9bc0b285b7d4336c1c1f416fb44e0775d1505fd,441.53
2cfb80261e6f61fa5b31627cecf832efc216a787,444.47
1e30a157667af1fa7108d985dcb858a801832887,442.85
e313f95e19c752a3316048468547af939e19cdd3,440.25
249e5a8aae9324cc6c8caf5303a607056b15a9da,447.08
dd4b68223f30d8142f26a13582d0b996dece6588,443.29
fa87a8fe2838e80ae0eeba6e2978815ef5533e91,441.85
4de5fe88eab987f8ac5b2df32d5574e2615ae306,447.09
3e284b6ce28acdf41d7a7cc8ead881d6ab54a8f9,443.58
eb8a107f679bc2778e55cfc71f27a147ef9aa455,443.08
96f316812fc31cd13c06a948cf84979c77b15f8b,442.36
e917ada8cc976397aa5c3e11492f108a35919e48,442.07
59fb5117a767ab75fe3baf5c37966c83430b02af,449.89
dfac9ce465ff9c988904d05014d2be2715aa1d2b,446.04
4b763cc86f698d31f59e22e169e7a5a83e696a55,445.95
46cff80ed79e2cb1fc1c791c44f4213dea69d5c0,442.88
074d9bfd5476d0430e75073fb27001f43435c081,440.22
c9bc0b285b7d4336c1c1f416fb44e0775d1505fd,441.86
1e84edbe208aab0c9330eadc50f9773d81d70cd6,442.98
caf61a4a0778a72ab713f72e9ef749bf373c98ac,440.60
1e30a157667af1fa7108d985dcb858a801832887,439.88
1030e6182d2fde38d4d307af8e21791ad9b91429,441.45
59fb5117a767ab75fe3baf5c37966c83430b02af,441.90
99c4da880b4cff044696b9df680d22a47c23cbcd,456.29
561d12a9894210d9f5a8a41d655361732a39b6c8,433.71
4f92f9be7d1de1f81959a0574047951c92d4ea39,441.35
4b0dde413a3c38a77461ac64ad278a042d6eea68,447.91
e917ada8cc976397aa5c3e11492f108a35919e48,451.12
38e20f43502027b897135e94e9119ae9341254ac,444.91
8963e2ac79a97e694c388622e935a0471267e9eb,443.36
be94f5547d6b8f15ee48117afe46ae302c361464,442.46
a8da2e7da25921dffd9fe6bbd53668bed08dd148,444.81
d8c3f9cbc6a562a7d23711d4c0f97f4e4758444e,501.87
398f9cf93414253c216585efdfca3b9f73f90d74,443.45
1e85878fe008f6c651c348dd1d5b2edf713f63bb,430.68
3e284b6ce28acdf41d7a7cc8ead881d6ab54a8f9,439.16
ede131697f4a1e76d9c291e5070b700143622d30,443.16
1fd0a617cb216113997569937b43ec7c7a9c2fd2,439.41
bfd79c9819df429e03c7646a1faf05ecf408f4b9,441.48
6c8365b9a0e963c1f2dc46099116a5c77f48c5d8,443.97
1e85878fe008f6c651c348dd1d5b2edf713f63bb,423.78
f8a5dfb037d363a6b6657fa71af59b66c6bec257,444.16
2d56df2c9060c889e35bf4c386429ad1b6cacb35,447.86
381ce3d861251ae35aea636fc29c277a84060276,440.97
5000be31966a575f54d80ef85ee49ca1f5cb6ea8,439.62
fd12d272397fc04da34beac8c8f6e3faae81583f,447.49
fa9d20a3fb3060daaaa4f183a4be5cf27caf2583,448.67
785488c9f589ccec23480223596b328490590afc,441.73
381ce3d861251ae35aea636fc29c277a84060276,439.02
5c43ce2d83e44cd46049a7f0bfaeb5d9a322c032,428.33
f9f37e19876202a1db257a9e59452b0f10035fbf,441.77
59fb5117a767ab75fe3baf5c37966c83430b02af,443.70
c75e9cc85d596ff08ae858da3c61d55e717607d1,456.19
a8da2e7da25921dffd9fe6bbd53668bed08dd148,449.01
fb837fe7667480e0ca7e550f6cf813de45309996,438.72
13d0bee275b1e61ee68dea02530b6e7b0ec9ac3a,448.80
82f8683129e83b2d7ad9c95efcd4777212d13762,448.35
2f05a964591e60379da354fc6cd27bb0c8007ca9,444.73
9b85aea847f85982b6f2d9d910e9112f771ab5a5,437.13
433d2f180058b8b73e1951c6cfbb986714e68b0f,439.78
21759032d2b2b76e338d22c15d13bdf7993c13e1,439.94
889ff7cfb605adf5b692e3740294bcdc11b14e48,442.19
1e85878fe008f6c651c348dd1d5b2edf713f63bb,420.27
82f8683129e83b2d7ad9c95efcd4777212d13762,441.93
1fd0a617cb216113997569937b43ec7c7a9c2fd2,452.28
db2d5aa85352fe63531540ef396b944e2fe58e2c,445.54
e045c995ddda1c0ede7181193979af47b39fddf3,447.50
fd12d272397fc04da34beac8c8f6e3faae81583f,440.09
0ea12d3d662fab6adefa6d13a7ad017f793a2fa1,450.80
f9901ab35d61700dd56cc6c1639e00f0aa58e435,443.12
3592968bc03a914ea69506b7b25494b344860274,445.25
21759032d2b2b76e338d22c15d13bdf7993c13e1,445.44
561d12a9894210d9f5a8a41d655361732a39b6c8,428.67
a44e18aa3c1fcd25a68a5965f9490d8f7d026509,451.03
785488c9f589ccec23480223596b328490590afc,443.17
433d2f180058b8b73e1951c6cfbb986714e68b0f,441.81
4b0dde413a3c38a77461ac64ad278a042d6eea68,438.29
ede131697f4a1e76d9c291e5070b700143622d30,442.86
547a11475d71479b7e7bb25b1ebc592bf44b6fe1,441.62
e064bc4842d1412a0421435332f55908fddcc866,443.64
472c7e55ee9d5cc7e7771696092c6eeca5a91b4d,426.21
db2d5aa85352fe63531540ef396b944e2fe58e2c,449.36
0ea12d3d662fab6adefa6d13a7ad017f793a2fa1,441.42
381ce3d861251ae35aea636fc29c277a84060276,443.84
4de5fe88eab987f8ac5b2df32d5574e2615ae306,454.09
e917ada8cc976397aa5c3e11492f108a35919e48,442.08
99c4da880b4cff044696b9df680d22a47c23cbcd,443.37
c9bc0b285b7d4336c1c1f416fb44e0775d1505fd,447.50
59fb5117a767ab75fe3baf5c37966c83430b02af,446.01
1e84edbe208aab0c9330eadc50f9773d81d70cd6,450.70
2c257f6482dd7a9583538b7b0d4b3b0bef9417fd,443.01
398f9cf93414253c216585efdfca3b9f73f90d74,438.90
21759032d2b2b76e338d22c15d13bdf7993c13e1,444.40
785488c9f589ccec23480223596b328490590afc,457.82
fa9d20a3fb3060daaaa4f183a4be5cf27caf2583,440.12
d55af6718e4b1b4bcbea954616ce7fb2e5a8f42b,439.86
eb8a107f679bc2778e55cfc71f27a147ef9aa455,445.11
1e30a157667af1fa7108d985dcb858a801832887,445.15
e064bc4842d1412a0421435332f55908fddcc866,442.12
9b85aea847f85982b6f2d9d910e9112f771ab5a5,452.28
615f53010b21d1c0946952e33773b885fe30440b,441.49
84ab3d3c2db81f0ef215ef1395d154a0e75c0040,442.55
2cfb80261e6f61fa5b31627cecf832efc216a787,445.57
2d56df2c9060c889e35bf4c386429ad1b6cacb35,449.33
a97385eb2870d113427b0d9430e108236ae363b4,421.99
dd4b68223f30d8142f26a13582d0b996dece6588,445.19
231aab61e228513853d08374e188217933f70986,442.23
6c8365b9a0e963c1f2dc46099116a5c77f48c5d8,450.66
1030e6182d2fde38d4d307af8e21791ad9b91429,443.78
59fb5117a767ab75fe3baf5c37966c83430b02af,444.15
1fd0a617cb216113997569937b43ec7c7a9c2fd2,442.00
fd12d272397fc04da34beac8c8f6e3faae81583f,450.59
4de5fe88eab987f8ac5b2df32d5574e2615ae306,442.46
398f9cf93414253c216585efdfca3b9f73f90d74,450.91
f9f37e19876202a1db257a9e59452b0f10035fbf,445.10
2f05a964591e60379da354fc6cd27bb0c8007ca9,441.47
2d56df2c9060c889e35bf4c386429ad1b6cacb35,446.09
bfd79c9819df429e03c7646a1faf05ecf408f4b9,443.05
bbd778464660544e1bcacade75ca219aefd1b82e,444.52
9b85aea847f85982b6f2d9d910e9112f771ab5a5,440.60
5d56ace149ae3264d2502d49dd85302fc613a27c,442.56
1d37cef1d8367af963fee4dc99164708f5d3c6f8,447.92
785488c9f589ccec23480223596b328490590afc,449.23
d8c3f9cbc6a562a7d23711d4c0f97f4e4758444e,505.81
f2535d705491ba6a582abff96ba77dc1144f64a5,439.81
5c43ce2d83e44cd46049a7f0bfaeb5d9a322c032,423.74
7ff15ee20c961e370837d8f96ae77886ecd910d8,450.87
caf61a4a0778a72ab713f72e9ef749bf373c98ac,447.87
a44e18aa3c1fcd25a68a5965f9490d8f7d026509,451.93
38e20f43502027b897135e94e9119ae9341254ac,440.37
fd12d272397fc04da34beac8c8f6e3faae81583f,443.74
561d12a9894210d9f5a8a41d655361732a39b6c8,427.50
3cb4cee19e3cb6830735a0f89d890576c7413f2c,449.91
bfd79c9819df429e03c7646a1faf05ecf408f4b9,449.04
dfac9ce465ff9c988904d05014d2be2715aa1d2b,455.77
65fd8532dcf7c6972e0af8c33e3e1e30bbcf5796,443.36
1e85878fe008f6c651c348dd1d5b2edf713f63bb,433.58
94002db5f90395b8927ae69c569e5a0726dd00c4,441.92
eb8a107f679bc2778e55cfc71f27a147ef9aa455,451.45
2cfb80261e6f61fa5b31627cecf832efc216a787,442.20
dd4b68223f30d8142f26a13582d0b996dece6588,450.86
1d37cef1d8367af963fee4dc99164708f5d3c6f8,443.85
5000be31966a575f54d80ef85ee49ca1f5cb6ea8,442.46
c75e9cc85d596ff08ae858da3c61d55e717607d1,445.00
38e20f43502027b897135e94e9119ae9341254ac,453.65
68c05150bf4ce702c334405dc707d95c6fe73577,444.24
381ce3d861251ae35aea636fc29c277a84060276,439.79
8963e2ac79a97e694c388622e935a0471267e9eb,452.12
be94f5547d6b8f15ee48117afe46ae302c361464,441.01
fd12d272397fc04da34beac8c8f6e3faae81583f,444.70
f2535d705491ba6a582abff96ba77dc1144f64a5,443.98
e313f95e19c752a3316048468547af939e19cdd3,438.03
c2a9605b70fdae3c064b49bf2a0b633c935322cc,440.82
d7b5d5b28a6dd7ff198f02e1ee82160220135a74,440.50
05ae97865c84536a6cfe7759ca6c382eb761ecb2,446.97
ede131697f4a1e76d9c291e5070b700143622d30,442.01
0ea12d3d662fab6adefa6d13a7ad017f793a2fa1,440.17
5000be31966a575f54d80ef85ee49ca1f5cb6ea8,437.74
77e6a1a900685c173afd5d88c9bc6123b568fc72,1933.97
0ea12d3d662fab6adefa6d13a7ad017f793a2fa1,449.39
2d56df2c9060c889e35bf4c386429ad1b6cacb35,446.30
cf8ae1c58905cca6cddf69d9f736c1f6e7e2933a,447.78
94002db5f90395b8927ae69c569e5a0726dd00c4,441.53
87394199b2649e3ccdc73773640130dc1a917af0,443.89
96f316812fc31cd13c06a948cf84979c77b15f8b,450.31
07a3c08a7ddb06711c3d1b5b1126076a43efa6e1,454.98
77e6a1a900685c173afd5d88c9bc6123b568fc72,1928.52
8633b01428e9b4ad3df37b5d3530f2c5c963a698,441.08
1e84edbe208aab0c9330eadc50f9773d81d70cd6,444.64
4b0dde413a3c38a77461ac64ad278a042d6eea68,443.94
785488c9f589ccec23480223596b328490590afc,454.43
666275a54f3e6907b5244b612483815ee70a191d,439.85
87394199b2649e3ccdc73773640130dc1a917af0,440.01
db2d5aa85352fe63531540ef396b944e2fe58e2c,443.87
2cfb80261e6f61fa5b31627cecf832efc216a787,444.43
785488c9f589ccec23480223596b328490590afc,448.45
94002db5f90395b8927ae69c569e5a0726dd00c4,447.46
84ab3d3c2db81f0ef215ef1395d154a0e75c0040,447.49
231aab61e228513853d08374e188217933f70986,447.69
caf61a4a0778a72ab713f72e9ef749bf373c98ac,446.29
547a11475d71479b7e7bb25b1ebc592bf44b6fe1,438.21
1e85878fe008f6c651c348dd1d5b2edf713f63bb,431.38
0ea12d3d662fab6adefa6d13a7ad017f793a2fa1,441.54
8963e2ac79a97e694c388622e935a0471267e9eb,442.21
c2a9605b70fdae3c064b49bf2a0b633c935322cc,439.45
1e84edbe208aab0c9330eadc50f9773d81d70cd6,443.49
3e284b6ce28acdf41d7a7cc8ead881d6ab54a8f9,442.03
6c8365b9a0e963c1f2dc46099116a5c77f48c5d8,439.64
fa87a8fe2838e80ae0eeba6e2978815ef5533e91,446.21
472c7e55ee9d5cc7e7771696092c6eeca5a91b4d,423.38
a97385eb2870d113427b0d9430e108236ae363b4,423.92
fd12d272397fc04da34beac8c8f6e3faae81583f,453.73
9b85aea847f85982b6f2d9d910e9112f771ab5a5,441.68
a8da2e7da25921dffd9fe6bbd53668bed08dd148,443.50
0e37cba87eea9d89156c144e3d4298c9c9ed04d4,447.36
be94f5547d6b8f15ee48117afe46ae302c361464,443.09
f9901ab35d61700dd56cc6c1639e00f0aa58e435,443.00
5000be31966a575f54d80ef85ee49ca1f5cb6ea8,443.47
84ab3d3c2db81f0ef215ef1395d154a0e75c0040,441.39
1d31086acba06579c4e7d5928dbba9ca8a0128b1,439.36
ede131697f4a1e76d9c291e5070b700143622d30,449.13
dfac9ce465ff9c988904d05014d2be2715aa1d2b,445.67
2f05a964591e60379da354fc6cd27bb0c8007ca9,438.09
0ea12d3d662fab6adefa6d13a7ad017f793a2fa1,444.40
99c4da880b4cff044696b9df680d22a47c23cbcd,444.29
1030e6182d2fde38d4d307af8e21791ad9b91429,441.56
a44e18aa3c1fcd25a68a5965f9490d8f7d026509,442.73
4b0dde413a3c38a77461ac64ad278a042d6eea68,443.50
87394199b2649e3ccdc73773640130dc1a917af0,440.87
1d31086acba06579c4e7d5928dbba9ca8a0128b1,443.69
3982ea1198b8d780b42587e16ace3407bf7621e1,450.51
889ff7cfb605adf5b692e3740294bcdc11b14e48,440.65
46cff80ed79e2cb1fc1c791c44f4213dea69d5c0,445.35
398f9cf93414253c216585efdfca3b9f73f90d74,440.71
13d0bee275b1e61ee68dea02530b6e7b0ec9ac3a,442.62
d8c3f9cbc6a562a7d23711d4c0f97f4e4758444e,504.06
666275a54f3e6907b5244b612483815ee70a191d,451.77
96f316812fc31cd13c06a948cf84979c77b15f8b,449.39
0ea12d3d662fab6adefa6d13a7ad017f793a2fa1,438.89
8963e2ac79a97e694c388622e935a0471267e9eb,444.08
615f53010b21d1c0946952e33773b885fe30440b,440.90
4de5fe88eab987f8ac5b2df32d5574e2615ae306,448.41
e045c995ddda1c0ede7181193979af47b39fddf3,442.71
2d56df2c9060c889e35bf4c386429ad1b6cacb35,440.81
13d0bee275b1e61ee68dea02530b6e7b0ec9ac3a,445.14
99c4da880b4cff044696b9df680d22a47c23cbcd,441.27
1e30a157667af1fa7108d985dcb858a801832887,438.83
dd4b68223f30d8142f26a13582d0b996dece6588,441.90
9b85aea847f85982b6f2d9d910e9112f771ab5a5,438.30
59fb5117a767ab75fe3baf5c37966c83430b02af,445.79
fa87a8fe2838e80ae0eeba6e2978815ef5533e91,441.89
7ff15ee20c961e370837d8f96ae77886ecd910d8,440.40
0ea12d3d662fab6adefa6d13a7ad017f793a2fa1,446.02
dbc1e34bdeede1cabee58b65bceb02f930ce5d88,446.93
2c257f6482dd7a9583538b7b0d4b3b0bef9417fd,439.59
561d12a9894210d9f5a8a41d655361732a39b6c8,425.61
9b85aea847f85982b6f2d9d910e9112f771ab5a5,442.35
2f05a964591e60379da354fc6cd27bb0c8007ca9,447.02
05ae97865c84536a6cfe7759ca6c382eb761ecb2,443.46
1e84edbe208aab0c9330eadc50f9773d81d70cd6,439.64
5c43ce2d83e44cd46049a7f0bfaeb5d9a322c032,423.40
fa87a8fe2838e80ae0eeba6e2978815ef5533e91,445.00
074d9bfd5476d0430e75073fb27001f43435c081,443.88
1e30a157667af1fa7108d985dcb858a801832887,443.37
6c8365b9a0e963c1f2dc46099116a5c77f48c5d8,442.84
2d56df2c9060c889e35bf4c386429ad1b6cacb35,440.32
4de5fe88eab987f8ac5b2df32d5574e2615ae306,450.96
d55af6718e4b1b4bcbea954616ce7fb2e5a8f42b,446.04
05ae97865c84536a6cfe7759ca6c382eb761ecb2,438.61
a97385eb2870d113427b0d9430e108236ae363b4,422.44
05ae97865c84536a6cfe7759ca6c382eb761ecb2,448.63
ede131697f4a1e76d9c291e5070b700143622d30,440.60
a44e18aa3c1fcd25a68a5965f9490d8f7d026509,442.28
398f9cf93414253c216585efdfca3b9f73f90d74,439.24
231aab61e228513853d08374e188217933f70986,436.44
4b763cc86f698d31f59e22e169e7a5a83e696a55,442.77
547a11475d71479b7e7bb25b1ebc592bf44b6fe1,439.66
dfac9ce465ff9c988904d05014d2be2715aa1d2b,445.71
8633b01428e9b4ad3df37b5d3530f2c5c963a698,446.15
05ae97865c84536a6cfe7759ca6c382eb761ecb2,447.52
05ae97865c84536a6cfe7759ca6c382eb761ecb2,442.26
433d2f180058b8b73e1951c6cfbb986714e68b0f,452.51
381ce3d861251ae35aea636fc29c277a84060276,442.54
561d12a9894210d9f5a8a41d655361732a39b6c8,427.78
1d31086acba06579c4e7d5928dbba9ca8a0128b1,443.19
87394199b2649e3ccdc73773640130dc1a917af0,439.50
fa9d20a3fb3060daaaa4f183a4be5cf27caf2583,441.38
4f92f9be7d1de1f81959a0574047951c92d4ea39,442.02
f2535d705491ba6a582abff96ba77dc1144f64a5,448.40
9b85aea847f85982b6f2d9d910e9112f771ab5a5,450.34
bbd778464660544e1bcacade75ca219aefd1b82e,441.70
1d31086acba06579c4e7d5928dbba9ca8a0128b1,456.84
074d9bfd5476d0430e75073fb27001f43435c081,443.12
caf61a4a0778a72ab713f72e9ef749bf373c98ac,440.85
9a5d4f3b7b2abf8664842f49d67e84c828afa534,441.77
561d12a9894210d9f5a8a41d655361732a39b6c8,421.37
9afeb6b7645deb78ff0b3d2804771b9238806353,440.87
bfd79c9819df429e03c7646a1faf05ecf408f4b9,440.13
4f92f9be7d1de1f81959a0574047951c92d4ea39,442.28
002a4940935a7545ed94f1b776e4d7f6bf6c2525,426.66
9b85aea847f85982b6f2d9d910e9112f771ab5a5,440.39
3592968bc03a914ea69506b7b25494b344860274,441.19
87394199b2649e3ccdc73773640130dc1a917af0,438.23
4de5fe88eab987f8ac5b2df32d5574e2615ae306,450.88
a97385eb2870d113427b0d9430e108236ae363b4,424.92
547a11475d71479b7e7bb25b1ebc592bf44b6fe1,442.60
2f05a964591e60379da354fc6cd27bb0c8007ca9,441.76
3cfd45112b28c5401fc6bd70cd25b22f98c9b3f9,443.75
1e84edbe208aab0c9330eadc50f9773d81d70cd6,441.61
ede131697f4a1e76d9c291e5070b700143622d30,444.89
bfd79c9819df429e03c7646a1faf05ecf408f4b9,444.04
0ea12d3d662fab6adefa6d13a7ad017f793a2fa1,445.48
96f316812fc31cd13c06a948cf84979c77b15f8b,438.50
f8a5dfb037d363a6b6657fa71af59b66c6bec257,440.23
96f316812fc31cd13c06a948cf84979c77b15f8b,436.02
bfd79c9819df429e03c7646a1faf05ecf408f4b9,437.80
7dfce519e65d669edc8aec5dfaf8069905707b92,440.11
547a11475d71479b7e7bb25b1ebc592bf44b6fe1,440.25
db2d5aa85352fe63531540ef396b944e2fe58e2c,450.23
c2a9605b70fdae3c064b49bf2a0b633c935322cc,444.45
dbc1e34bdeede1cabee58b65bceb02f930ce5d88,443.09
dd4b68223f30d8142f26a13582d0b996dece6588,442.86
c2a9605b70fdae3c064b49bf2a0b633c935322cc,444.10
889ff7cfb605adf5b692e3740294bcdc11b14e48,441.76
ede131697f4a1e76d9c291e5070b700143622d30,447.68
433d2f180058b8b73e1951c6cfbb986714e68b0f,447.70
1e84edbe208aab0c9330eadc50f9773d81d70cd6,455.58
5c43ce2d83e44cd46049a7f0bfaeb5d9a322c032,428.46
1e84edbe208aab0c9330eadc50f9773d81d70cd6,448.70
381ce3d861251ae35aea636fc29c277a84060276,441.24
fb837fe7667480e0ca7e550f6cf813de45309996,446.63
c2a9605b70fdae3c064b49bf2a0b633c935322cc,449.28
82f8683129e83b2d7ad9c95efcd4777212d13762,441.67
caf61a4a0778a72ab713f72e9ef749bf373c98ac,436.67
68c05150bf4ce702c334405dc707d95c6fe73577,443.04
6c8365b9a0e963c1f2dc46099116a5c77f48c5d8,442.09
a97385eb2870d113427b0d9430e108236ae363b4,427.80
59fb5117a767ab75fe3baf5c37966c83430b02af,442.16
04b8921d4dcab019b02588620d953c4f19d43a58,445.98
7dfce519e65d669edc8aec5dfaf8069905707b92,443.25
7dfce519e65d669edc8aec5dfaf8069905707b92,446.10
cf8ae1c58905cca6cddf69d9f736c1f6e7e2933a,445.22
3cb4cee19e3cb6830735a0f89d890576c7413f2c,441.57
1e85878fe008f6c651c348dd1d5b2edf713f63bb,435.36
f9901ab35d61700dd56cc6c1639e00f0aa58e435,443.36
be94f5547d6b8f15ee48117afe46ae302c361464,441.78
e045c995ddda1c0ede7181193979af47b39fddf3,440.33
3232ff001c7c9d335e9bf5aea02ab12520cf3f01,443.47
fa87a8fe2838e80ae0eeba6e2978815ef5533e91,449.42
2d56df2c9060c889e35bf4c386429ad1b6cacb35,440.78
9b85aea847f85982b6f2d9d910e9112f771ab5a5,447.57
561d12a9894210d9f5a8a41d655361732a39b6c8,424.62
d55af6718e4b1b4bcbea954616ce7fb2e5a8f42b,444.78
a44e18aa3c1fcd25a68a5965f9490d8f7d026509,437.97
13d0bee275b1e61ee68dea02530b6e7b0ec9ac3a,439.55
433d2f180058b8b73e1951c6cfbb986714e68b0f,441.22
e064bc4842d1412a0421435332f55908fddcc866,442.39
6c8365b9a0e963c1f2dc46099116a5c77f48c5d8,437.97
ede131697f4a1e76d9c291e5070b700143622d30,444.45
94002db5f90395b8927ae69c569e5a0726dd00c4,437.35
785488c9f589ccec23480223596b328490590afc,444.17
dfac9ce465ff9c988904d05014d2be2715aa1d2b,445.95
381ce3d861251ae35aea636fc29c277a84060276,438.72
f9f37e19876202a1db257a9e59452b0f10035fbf,442.28
a8da2e7da25921dffd9fe6bbd53668bed08dd148,438.53
1030e6182d2fde38d4d307af8e21791ad9b91429,439.40
e045c995ddda1c0ede7181193979af47b39fddf3,439.44
fa87a8fe2838e80ae0eeba6e2978815ef5533e91,446.01
bbd778464660544e1bcacade75ca219aefd1b82e,442.75
5c43ce2d83e44cd46049a7f0bfaeb5d9a322c032,438.13
9afeb6b7645deb78ff0b3d2804771b9238806353,442.61
bbd778464660544e1bcacade75ca219aefd1b82e,440.37
f8a5dfb037d363a6b6657fa71af59b66c6bec257,440.26
785488c9f589ccec23480223596b328490590afc,444.42
3cfd45112b28c5401fc6bd70cd25b22f98c9b3f9,440.83
615f53010b21d1c0946952e33773b885fe30440b,442.75
38e20f43502027b897135e94e9119ae9341254ac,444.48
77e6a1a900685c173afd5d88c9bc6123b568fc72,2000.35
433d2f180058b8b73e1951c6cfbb986714e68b0f,442.60
c75e9cc85d596ff08ae858da3c61d55e717607d1,437.28
db2d5aa85352fe63531540ef396b944e2fe58e2c,447.06
e045c995ddda1c0ede7181193979af47b39fddf3,441.99
1fd0a617cb216113997569937b43ec7c7a9c2fd2,449.07
5000be31966a575f54d80ef85ee49ca1f5cb6ea8,441.20
9b85aea847f85982b6f2d9d910e9112f771ab5a5,441.34
f8a5dfb037d363a6b6657fa71af59b66c6bec257,439.43
4de5fe88eab987f8ac5b2df32d5574e2615ae306,444.43
f8a5dfb037d363a6b6657fa71af59b66c6bec257,441.17
3982ea1198b8d780b42587e16ace3407bf7621e1,449.88
009013169754d4869f3a55c27a3443fc72d1d1f1,440.50
65fd8532dcf7c6972e0af8c33e3e1e30bbcf5796,441.25
d8c3f9cbc6a562a7d23711d4c0f97f4e4758444e,499.23
21759032d2b2b76e338d22c15d13bdf7993c13e1,452.48
3982ea1198b8d780b42587e16ace3407bf7621e1,447.08
eb8a107f679bc2778e55cfc71f27a147ef9aa455,446.91
6c8365b9a0e963c1f2dc46099116a5c77f48c5d8,442.60
68c05150bf4ce702c334405dc707d95c6fe73577,436.94
4b0dde413a3c38a77461ac64ad278a042d6eea68,447.38
f8a5dfb037d363a6b6657fa71af59b66c6bec257,440.99
f2535d705491ba6a582abff96ba77dc1144f64a5,448.15
c75e9cc85d596ff08ae858da3c61d55e717607d1,444.86
05ae97865c84536a6cfe7759ca6c382eb761ecb2,443.43
5c43ce2d83e44cd46049a7f0bfaeb5d9a322c032,421.18
c2a9605b70fdae3c064b49bf2a0b633c935322cc,446.40
3232ff001c7c9d335e9bf5aea02ab12520cf3f01,448.54
fa9d20a3fb3060daaaa4f183a4be5cf27caf2583,449.00
fd12d272397fc04da34beac8c8f6e3faae81583f,442.08
fb837fe7667480e0ca7e550f6cf813de45309996,442.32
472c7e55ee9d5cc7e7771696092c6eeca5a91b4d,424.36
eb8a107f679bc2778e55cfc71f27a147ef9aa455,443.59
13d0bee275b1e61ee68dea02530b6e7b0ec9ac3a,456.19
04b8921d4dcab019b02588620d953c4f19d43a58,451.55
94002db5f90395b8927ae69c569e5a0726dd00c4,444.89
472c7e55ee9d5cc7e7771696092c6eeca5a91b4d,421.49
3982ea1198b8d780b42587e16ace3407bf7621e1,447.07
7dfce519e65d669edc8aec5dfaf8069905707b92,440.87
9afeb6b7645deb78ff0b3d2804771b9238806353,441.58
547a11475d71479b7e7bb25b1ebc592bf44b6fe1,443.45
8963e2ac79a97e694c388622e935a0471267e9eb,445.69
a31ec08e102fd3832f3ff4449e9163440f0afb2c,446.28
82f8683129e83b2d7ad9c95efcd4777212d13762,444.74
8633b01428e9b4ad3df37b5d3530f2c5c963a698,451.04
bfd79c9819df429e03c7646a1faf05ecf408f4b9,454.33
fa9d20a3fb3060daaaa4f183a4be5cf27caf2583,444.54
7dfce519e65d669edc8aec5dfaf8069905707b92,440.08
65fd8532dcf7c6972e0af8c33e3e1e30bbcf5796,448.13
caf61a4a0778a72ab713f72e9ef749bf373c98ac,445.07
547a11475d71479b7e7bb25b1ebc592bf44b6fe1,458.45
04b8921d4dcab019b02588620d953c4f19d43a58,443.69
231aab61e228513853d08374e188217933f70986,441.87
785488c9f589ccec23480223596b328490590afc,437.77
f2535d705491ba6a582abff96ba77dc1144f64a5,443.19
1d31086acba06579c4e7d5928dbba9ca8a0128b1,447.50
9779d0dbcfab0abdfad9b81c85db43543b797683,441.82
799b9aa3e623b56092100fa672c034ae9f259038,460.21
f14bd640bf48bfbabb0ad17da4322e3c75eaa547,452.89
de098c35e91f9a8c15c56cc3dd30a2ff32582201,447.44
eab521f7a26c072b117f72c4371f71e75eafc55e,450.70
a4c375d8ef9d2a930b34a994719ebdbc076678b7,451.07
eab521f7a26c072b117f72c4371f71e75eafc55e,450.66
2c8b9ad145d3b808be19ce03a99797215e0c3ca3,455.33
d84d6a145fa09440803bf184f7ad405167463f10,457.73
d65185506919c50de85e766771898fdbd054e77b,454.16
574e76eb211b43ea792ac69955a0bbcc244965e9,449.50
4a28f7766124469dbdd5ad6179fe84abff3cd14f,449.60
2c07dc3e05ec1efe3c696d4888421fd6d03f4c10,454.37
d3705477a13939f5e3f15c5422d2c67611fbb8da,455.47
bb16e0693819afb821bce6943d8cbd178266a63e,455.10
c765b819fcb5f24373fc165a7c651f0e87a0a25a,454.79
b42fe0d5dfd882c5f544704b3dbe05c4301fe671,450.10
cf06d02074c2526944c8a08c7b641ef51d31343b,451.95
c07ba8a34b6a6d6665928e106fea67bd9144e4e0,453.52
f2fe1eac288eccbb34bf048c20b0406d7db9636d,446.47
b4fc2f243ce56618c74dd4cc9f0b2ccf4dca1bc5,448.06
627efb94e9ec8bcf09829fb8be5cbc4f4334fceb,458.85
d758acab64d16f7dfb664f18fd9c0f63901d7138,452.04
eab521f7a26c072b117f72c4371f71e75eafc55e,449.45
f3dbb685f25c22a14079d9a7694ad27f78814253,452.05
d9ec262369138ca840d4a34473427e401c4cc4a4,454.14
109a47ac2e8dc1a510ff58a27b63bd18b377e13b,447.52
2c07dc3e05ec1efe3c696d4888421fd6d03f4c10,448.45
8627ba3bde6edb7f91cf7122d7f8e9961096c4ff,446.79
924c480762e8af2ece8da553f7fe90244085341e,448.02
d758acab64d16f7dfb664f18fd9c0f63901d7138,452.59
16d2cc3e401a16b272cb182eaaa6f379839105ad,458.76
f2fe1eac288eccbb34bf048c20b0406d7db9636d,446.83
834d3142304e0927dc659791da6a4521f271d7fd,448.28
668514d0e1be5f1dae2048b145298ce9e116e34c,454.51
c07ba8a34b6a6d6665928e106fea67bd9144e4e0,448.72
d65185506919c50de85e766771898fdbd054e77b,448.11
21d8c188b27937079007f0129f2b372b857f2e16,448.50
35407bb1557e2ee11e27cff552d561b3d83266ae,2303.69
834d3142304e0927dc659791da6a4521f271d7fd,446.62
4ffc755b2ed01a2f97115128c4b7b9eeba4638af,446.80
5e6e9fc84826cb79a24906987cc5d54677482a70,449.25
6c4f16f233cdfd7aedef33374609e9aa4ede255c,449.48
862c256fb6e1166ca42a2f8b885c5285baf6c1f9,446.66
ae51709b8c07098fa688ec6be0b5a7dec7654178,446.31
3f9f33d88355f22aefc7ea402da09fd1950289ce,466.95
20088820f17e190db7d68c13d3f1b99fc1cecc5f,445.29
f3dbb685f25c22a14079d9a7694ad27f78814253,457.36
d65185506919c50de85e766771898fdbd054e77b,460.78
d745f85315b33fb72c5b6d8ac155451c85f5a6be,446.91
cf06d02074c2526944c8a08c7b641ef51d31343b,460.48
11185c4fc1a0bcfa15d59b23fe039bf5908a2a77,457.52
1bae7a28d5991f712980e6e36e76d3002f500f47,459.02
862c256fb6e1166ca42a2f8b885c5285baf6c1f9,454.05
311d2e7e7123814364907b65143117efc3ddf92d,471.99
43cd48ba8e4701d429c8a7c1eea503ad139aaf90,445.39
c1ee93355ba4bc6a430aed0ea8db7369f7d0895f,451.79
9e9e15856d41f55cee4a215acae3c3866e78d200,445.77
627efb94e9ec8bcf09829fb8be5cbc4f4334fceb,449.29
27b9f632b1289c1b777bd1bd05bb73f61e11b419,449.04
586c85420990eab5e0f07c324fc26fcdae3af05c,455.40
82200d7847e72c176611fdfa738dac62a0f79b58,448.25
4d94c5d0f0e60e50d555178ff0ca5b8d4da5f054,456.98
924c480762e8af2ece8da553f7fe90244085341e,448.78
2518e92a052d922d81d11e28b8e5205639fed9a7,453.43
d758acab64d16f7dfb664f18fd9c0f63901d7138,449.71
924c480762e8af2ece8da553f7fe90244085341e,451.26
c3c952e55f10b07dd9d4a9121db1b3828b0a1bc7,447.90
11185c4fc1a0bcfa15d59b23fe039bf5908a2a77,452.51
586c85420990eab5e0f07c324fc26fcdae3af05c,452.22
924c480762e8af2ece8da553f7fe90244085341e,450.79
16d2cc3e401a16b272cb182eaaa6f379839105ad,454.56
f3dbb685f25c22a14079d9a7694ad27f78814253,446.90
5dab7a2379aaa7141c6c4e8306a139a6b8dd3ada,447.24
3f9f33d88355f22aefc7ea402da09fd1950289ce,465.84
9e9e15856d41f55cee4a215acae3c3866e78d200,447.20
d84d6a145fa09440803bf184f7ad405167463f10,452.80
81a9f5320614029f04838945674e3087eec01a63,446.40
9e9e15856d41f55cee4a215acae3c3866e78d200,450.31
3f7d2c71dbbbb289c684f339874eed8ac2747fa0,447.94
76903813da44b8971c9cd2beff41773376c6396c,448.38
862c256fb6e1166ca42a2f8b885c5285baf6c1f9,457.06
6c4f16f233cdfd7aedef33374609e9aa4ede255c,451.16
3f7d2c71dbbbb289c684f339874eed8ac2747fa0,451.76
5dab7a2379aaa7141c6c4e8306a139a6b8dd3ada,451.79
2c8b9ad145d3b808be19ce03a99797215e0c3ca3,450.86
aa812e42a784bb551e3cda70078c2c1ed6147b20,445.72
3f7d2c71dbbbb289c684f339874eed8ac2747fa0,452.19
109a47ac2e8dc1a510ff58a27b63bd18b377e13b,440.43
fc7c7f18cdbb55ca1c1fb708ae573c64e5e3ead5,445.26
799b9aa3e623b56092100fa672c034ae9f259038,449.64
c07ba8a34b6a6d6665928e106fea67bd9144e4e0,455.52
20088820f17e190db7d68c13d3f1b99fc1cecc5f,450.84
8f9b51dab9020d499bc2a2ca2fcb306bbfb4e734,454.47
11185c4fc1a0bcfa15d59b23fe039bf5908a2a77,453.73
3a158cfbcfe70c9a921b9ea525e2cd8113193219,454.80
d65185506919c50de85e766771898fdbd054e77b,447.40
0265937566f541e90933a6bd33192201095ecf4e,453.12
924c480762e8af2ece8da553f7fe90244085341e,454.90
82200d7847e72c176611fdfa738dac62a0f79b58,445.03
380652774a227310ff81d61e2e3247ee0156268b,450.65
97bd42868ba98bb9a757c729d8d6e259644117e4,460.85
d3705477a13939f5e3f15c5422d2c67611fbb8da,456.45
8b5fb7be962959a922dafc2073718e1457196043,455.80
d6fd1637307f6b088eb226c3f979085725530f32,450.34
109a47ac2e8dc1a510ff58a27b63bd18b377e13b,445.56
a991deb4430343e8f22de5d5aa51f829bab52315,445.61
4ffc755b2ed01a2f97115128c4b7b9eeba4638af,446.82
ab53e91503e6c405d2b6b647751bd17dcea8028f,451.15
2c8b9ad145d3b808be19ce03a99797215e0c3ca3,457.83
ab53e91503e6c405d2b6b647751bd17dcea8028f,455.92
b033535fe2cf887de8076221a0d614abfcf17d7b,450.99
43cd48ba8e4701d429c8a7c1eea503ad139aaf90,441.50
32ab9579f9df6f4c9dbab5e6e035dd5f8d644e2a,454.69
8f9b51dab9020d499bc2a2ca2fcb306bbfb4e734,449.92
109a47ac2e8dc1a510ff58a27b63bd18b377e13b,438.23
bb16e0693819afb821bce6943d8cbd178266a63e,450.87
80158d6fa7445506eaaafdeadb1f4dc291ca10a5,450.77
edcc4a00cdf6d2d7b4ea81917e48e3e9570438a3,457.53
6c4f16f233cdfd7aedef33374609e9aa4ede255c,451.31
d94f56c25485b622ebf3b35b71868c74b9501ece,451.06
3c5061f03f27f13dcf546c9752e424af715bb02a,453.59
862c256fb6e1166ca42a2f8b885c5285baf6c1f9,448.58
2c8b9ad145d3b808be19ce03a99797215e0c3ca3,458.52
21ee3e98b71dfd0a86c0ddd4cedbc7c0517351ba,455.09
2cc22447970edb5a28bdedf682680a18c8adba1b,465.79
68a1083c447f368a2f21b75589d0140f8a750e7f,449.53
edcc4a00cdf6d2d7b4ea81917e48e3e9570438a3,450.49
20088820f17e190db7d68c13d3f1b99fc1cecc5f,460.36
f052908ec90e12bdc6b67915ef2290aa9eefa48b,447.91
4a28f7766124469dbdd5ad6179fe84abff3cd14f,448.58
3475eaf7aa744401cd36889f565d7b224b35a35b,451.98
0b9eab69d394b38f776079a20dc19ed5848748b4,450.15
d758acab64d16f7dfb664f18fd9c0f63901d7138,452.32
4a28f7766124469dbdd5ad6179fe84abff3cd14f,452.17
109a47ac2e8dc1a510ff58a27b63bd18b377e13b,442.67
380652774a227310ff81d61e2e3247ee0156268b,440.90
b033535fe2cf887de8076221a0d614abfcf17d7b,462.43
4ffc755b2ed01a2f97115128c4b7b9eeba4638af,444.50
1c4fe033f7612d4aeb0f4324538c8e3dd4d25668,455.66
2518e92a052d922d81d11e28b8e5205639fed9a7,464.28
6c4f16f233cdfd7aedef33374609e9aa4ede255c,449.18
5dab7a2379aaa7141c6c4e8306a139a6b8dd3ada,454.97
73f0278e5b5e938ffaef897a565a94db95df70b6,448.22
8627ba3bde6edb7f91cf7122d7f8e9961096c4ff,448.63
f2fe1eac288eccbb34bf048c20b0406d7db9636d,453.33
627efb94e9ec8bcf09829fb8be5cbc4f4334fceb,454.66
b67cc18ba1814d1abdb16f8ee9bb5473aaa42cf8,459.28
ea41269c6e317547a42b57e816d05fb1780abdff,445.47
6c4f16f233cdfd7aedef33374609e9aa4ede255c,448.71
9779d0dbcfab0abdfad9b81c85db43543b797683,447.03
e187364d813bff6df326d46690ccc514aa4c84ec,449.16
5dab7a2379aaa7141c6c4e8306a139a6b8dd3ada,457.67
3f9f33d88355f22aefc7ea402da09fd1950289ce,450.87
43cd48ba8e4701d429c8a7c1eea503ad139aaf90,447.38
d599990c331989230a6e1d0e4fea9e577022cc9c,461.20
2c8b9ad145d3b808be19ce03a99797215e0c3ca3,459.10
b033535fe2cf887de8076221a0d614abfcf17d7b,462.89
c5792eb641b13f8a853b6f065b6998053d106b7d,454.13
21d8c188b27937079007f0129f2b372b857f2e16,453.92
3c5061f03f27f13dcf546c9752e424af715bb02a,453.84
fc7c7f18cdbb55ca1c1fb708ae573c64e5e3ead5,447.45
ea41269c6e317547a42b57e816d05fb1780abdff,448.98
9779d0dbcfab0abdfad9b81c85db43543b797683,442.19
c07ba8a34b6a6d6665928e106fea67bd9144e4e0,448.46
834d3142304e0927dc659791da6a4521f271d7fd,457.49
d599990c331989230a6e1d0e4fea9e577022cc9c,450.90
1bae7a28d5991f712980e6e36e76d3002f500f47,456.73
f14bd640bf48bfbabb0ad17da4322e3c75eaa547,449.73
1833adf54de2ec33d68abf4a64202e8572d15ccd,450.84
20088820f17e190db7d68c13d3f1b99fc1cecc5f,449.02
d6fd1637307f6b088eb226c3f979085725530f32,450.03
b67cc18ba1814d1abdb16f8ee9bb5473aaa42cf8,448.20
dd8e832191e78a417a03c88512b1d7eeb7f486d4,449.51
384bf2cba16120166c5044f868096ab02599ac76,453.60
edcc4a00cdf6d2d7b4ea81917e48e3e9570438a3,447.12
c07ba8a34b6a6d6665928e106fea67bd9144e4e0,454.33
3f9f33d88355f22aefc7ea402da09fd1950289ce,456.02
81a9f5320614029f04838945674e3087eec01a63,452.28
c1ee93355ba4bc6a430aed0ea8db7369f7d0895f,453.33
c5792eb641b13f8a853b6f065b6998053d106b7d,447.54
76903813da44b8971c9cd2beff41773376c6396c,451.42
456a5545fe7d79ca2851d9a24528972159d37f66,453.23
4a28f7766124469dbdd5ad6179fe84abff3cd14f,450.96
1833adf54de2ec33d68abf4a64202e8572d15ccd,459.64
68a1083c447f368a2f21b75589d0140f8a750e7f,452.02
0265937566f541e90933a6bd33192201095ecf4e,453.57
ae51709b8c07098fa688ec6be0b5a7dec7654178,448.68
c765b819fcb5f24373fc165a7c651f0e87a0a25a,445.34
eab521f7a26c072b117f72c4371f71e75eafc55e,448.00
8627ba3bde6edb7f91cf7122d7f8e9961096c4ff,445.60
6c4f16f233cdfd7aedef33374609e9aa4ede255c,451.10
8b5fb7be962959a922dafc2073718e1457196043,454.58
97bd42868ba98bb9a757c729d8d6e259644117e4,458.19
3f9f33d88355f22aefc7ea402da09fd1950289ce,459.33
0b9eab69d394b38f776079a20dc19ed5848748b4,463.74
380652774a227310ff81d61e2e3247ee0156268b,450.93
35407bb1557e2ee11e27cff552d561b3d83266ae,2289.30
f14bd640bf48bfbabb0ad17da4322e3c75eaa547,460.62
9779d0dbcfab0abdfad9b81c85db43543b797683,447.51
1bae7a28d5991f712980e6e36e76d3002f500f47,464.29
c3c952e55f10b07dd9d4a9121db1b3828b0a1bc7,447.10
07df0dea236d2fce4980dc3878bdb42920faf8b9,448.47
3c5061f03f27f13dcf546c9752e424af715bb02a,448.97
9e9e15856d41f55cee4a215acae3c3866e78d200,449.29
6c4f16f233cdfd7aedef33374609e9aa4ede255c,448.50
802e7b4e3e1d6501605f874d1cec4241d411f325,468.55
88730bf9f399aab6a150212faeea012598be9ec6,447.75
32ab9579f9df6f4c9dbab5e6e035dd5f8d644e2a,463.81
cf06d02074c2526944c8a08c7b641ef51d31343b,451.30
2c07dc3e05ec1efe3c696d4888421fd6d03f4c10,449.36
81a9f5320614029f04838945674e3087eec01a63,454.58
d94f56c25485b622ebf3b35b71868c74b9501ece,448.20
380652774a227310ff81d61e2e3247ee0156268b,442.67
88730bf9f399aab6a150212faeea012598be9ec6,447.68
3f7d2c71dbbbb289c684f339874eed8ac2747fa0,459.20
f2fe1eac288eccbb34bf048c20b0406d7db9636d,457.75
de098c35e91f9a8c15c56cc3dd30a2ff32582201,449.56
68a1083c447f368a2f21b75589d0140f8a750e7f,448.08
1833adf54de2ec33d68abf4a64202e8572d15ccd,444.07
1beb36dca19bb90c805d38e8b1f2787d169a759e,449.58
43cd48ba8e4701d429c8a7c1eea503ad139aaf90,448.63
924c480762e8af2ece8da553f7fe90244085341e,456.35
380652774a227310ff81d61e2e3247ee0156268b,443.93
627efb94e9ec8bcf09829fb8be5cbc4f4334fceb,451.74
35407bb1557e2ee11e27cff552d561b3d83266ae,2201.44
edcc4a00cdf6d2d7b4ea81917e48e3e9570438a3,452.57
21ee3e98b71dfd0a86c0ddd4cedbc7c0517351ba,452.38
f2fe1eac288eccbb34bf048c20b0406d7db9636d,458.72
de098c35e91f9a8c15c56cc3dd30a2ff32582201,445.86
4a28f7766124469dbdd5ad6179fe84abff3cd14f,449.21
cf06d02074c2526944c8a08c7b641ef51d31343b,451.16
4ffc755b2ed01a2f97115128c4b7b9eeba4638af,450.07
bb16e0693819afb821bce6943d8cbd178266a63e,449.97
456a5545fe7d79ca2851d9a24528972159d37f66,455.81
6c4f16f233cdfd7aedef33374609e9aa4ede255c,454.24
834d3142304e0927dc659791da6a4521f271d7fd,455.00
d9ec262369138ca840d4a34473427e401c4cc4a4,447.36
73e26919b941be2816d60e15872ee0d9ca77c56e,446.88
c5792eb641b13f8a853b6f065b6998053d106b7d,460.71
1beb36dca19bb90c805d38e8b1f2787d169a759e,455.20
6c4f16f233cdfd7aedef33374609e9aa4ede255c,452.12
80158d6fa7445506eaaafdeadb1f4dc291ca10a5,450.41
c1ee93355ba4bc6a430aed0ea8db7369f7d0895f,455.20
20088820f17e190db7d68c13d3f1b99fc1cecc5f,446.17
fc7c7f18cdbb55ca1c1fb708ae573c64e5e3ead5,451.61
1c4fe033f7612d4aeb0f4324538c8e3dd4d25668,448.13
76399e5b273d63d6affeb94597d8dfddce811964,454.00
be339d37c1750bab50445ae684537e8d3a890d15,450.10
5dab7a2379aaa7141c6c4e8306a139a6b8dd3ada,464.05
0265937566f541e90933a6bd33192201095ecf4e,452.17
c5792eb641b13f8a853b6f065b6998053d106b7d,446.79
862c256fb6e1166ca42a2f8b885c5285baf6c1f9,450.12
76399e5b273d63d6affeb94597d8dfddce811964,450.16
07df0dea236d2fce4980dc3878bdb42920faf8b9,447.51
0265937566f541e90933a6bd33192201095ecf4e,449.09
d3705477a13939f5e3f15c5422d2c67611fbb8da,448.53
32ab9579f9df6f4c9dbab5e6e035dd5f8d644e2a,460.60
924c480762e8af2ece8da553f7fe90244085341e,448.72
668514d0e1be5f1dae2048b145298ce9e116e34c,447.85
456a5545fe7d79ca2851d9a24528972159d37f66,449.36
d3705477a13939f5e3f15c5422d2c67611fbb8da,448.16
c07ba8a34b6a6d6665928e106fea67bd9144e4e0,448.53
32ab9579f9df6f4c9dbab5e6e035dd5f8d644e2a,469.83
0265937566f541e90933a6bd33192201095ecf4e,453.21
2cc22447970edb5a28bdedf682680a18c8adba1b,450.56
eab521f7a26c072b117f72c4371f71e75eafc55e,457.80
ae51709b8c07098fa688ec6be0b5a7dec7654178,445.23
88730bf9f399aab6a150212faeea012598be9ec6,455.99
109a47ac2e8dc1a510ff58a27b63bd18b377e13b,459.53
76399e5b273d63d6affeb94597d8dfddce811964,462.19
f052908ec90e12bdc6b67915ef2290aa9eefa48b,447.79
fc7c7f18cdbb55ca1c1fb708ae573c64e5e3ead5,449.67
dd8e832191e78a417a03c88512b1d7eeb7f486d4,453.14
5e6e9fc84826cb79a24906987cc5d54677482a70,461.29
eab521f7a26c072b117f72c4371f71e75eafc55e,448.78
3f9f33d88355f22aefc7ea402da09fd1950289ce,450.60
1833adf54de2ec33d68abf4a64202e8572d15ccd,452.16
0b9eab69d394b38f776079a20dc19ed5848748b4,457.18
924c480762e8af2ece8da553f7fe90244085341e,449.97
fc7c7f18cdbb55ca1c1fb708ae573c64e5e3ead5,445.89
2c8b9ad145d3b808be19ce03a99797215e0c3ca3,463.54
574e76eb211b43ea792ac69955a0bbcc244965e9,459.67
8b5fb7be962959a922dafc2073718e1457196043,463.18
ae51709b8c07098fa688ec6be0b5a7dec7654178,442.92
311d2e7e7123814364907b65143117efc3ddf92d,452.35
07df0dea236d2fce4980dc3878bdb42920faf8b9,448.46
b42fe0d5dfd882c5f544704b3dbe05c4301fe671,449.66
ea41269c6e317547a42b57e816d05fb1780abdff,455.95
ae51709b8c07098fa688ec6be0b5a7dec7654178,444.32
11185c4fc1a0bcfa15d59b23fe039bf5908a2a77,449.04
586c85420990eab5e0f07c324fc26fcdae3af05c,449.33
35407bb1557e2ee11e27cff552d561b3d83266ae,2259.98
d84d6a145fa09440803bf184f7ad405167463f10,445.99
27b9f632b1289c1b777bd1bd05bb73f61e11b419,455.81
9e9e15856d41f55cee4a215acae3c3866e78d200,447.90
a4c375d8ef9d2a930b34a994719ebdbc076678b7,445.50
b42fe0d5dfd882c5f544704b3dbe05c4301fe671,454.38
c5792eb641b13f8a853b6f065b6998053d106b7d,452.37
e187364d813bff6df326d46690ccc514aa4c84ec,454.32
21ee3e98b71dfd0a86c0ddd4cedbc7c0517351ba,449.63
32ab9579f9df6f4c9dbab5e6e035dd5f8d644e2a,448.23
1beb36dca19bb90c805d38e8b1f2787d169a759e,458.43
d745f85315b33fb72c5b6d8ac155451c85f5a6be,449.47
627efb94e9ec8bcf09829fb8be5cbc4f4334fceb,445.90
b4fc2f243ce56618c74dd4cc9f0b2ccf4dca1bc5,449.23
d745f85315b33fb72c5b6d8ac155451c85f5a6be,447.89
0b9eab69d394b38f776079a20dc19ed5848748b4,448.60
799b9aa3e623b56092100fa672c034ae9f259038,448.12
5dab7a2379aaa7141c6c4e8306a139a6b8dd3ada,462.69
97bd42868ba98bb9a757c729d8d6e259644117e4,462.90
3a158cfbcfe70c9a921b9ea525e2cd8113193219,450.42
380652774a227310ff81d61e2e3247ee0156268b,452.32
b67cc18ba1814d1abdb16f8ee9bb5473aaa42cf8,463.09
f052908ec90e12bdc6b67915ef2290aa9eefa48b,446.52
799b9aa3e623b56092100fa672c034ae9f259038,450.71
1c4fe033f7612d4aeb0f4324538c8e3dd4d25668,451.10
799b9aa3e623b56092100fa672c034ae9f259038,446.74
4a28f7766124469dbdd5ad6179fe84abff3cd14f,448.01
0b9eab69d394b38f776079a20dc19ed5848748b4,451.06
c765b819fcb5f24373fc165a7c651f0e87a0a25a,446.93
3f7d2c71dbbbb289c684f339874eed8ac2747fa0,449.53
456a5545fe7d79ca2851d9a24528972159d37f66,455.41
d3705477a13939f5e3f15c5422d2c67611fbb8da,451.83
2cc22447970edb5a28bdedf682680a18c8adba1b,458.34
c765b819fcb5f24373fc165a7c651f0e87a0a25a,457.61
d6fd1637307f6b088eb226c3f979085725530f32,450.15
627efb94e9ec8bcf09829fb8be5cbc4f4334fceb,443.92
e187364d813bff6df326d46690ccc514aa4c84ec,456.04
384bf2cba16120166c5044f868096ab02599ac76,456.93
0265937566f541e90933a6bd33192201095ecf4e,456.78
edcc4a00cdf6d2d7b4ea81917e48e3e9570438a3,458.49
80158d6fa7445506eaaafdeadb1f4dc291ca10a5,457.07
d9ec262369138ca840d4a34473427e401c4cc4a4,459.21
9779d0dbcfab0abdfad9b81c85db43543b797683,455.56
76903813da44b8971c9cd2beff41773376c6396c,457.28
27b9f632b1289c1b777bd1bd05bb73f61e11b419,449.94
311d2e7e7123814364907b65143117efc3ddf92d,454.06
20088820f17e190db7d68c13d3f1b99fc1cecc5f,455.19
c1ee93355ba4bc6a430aed0ea8db7369f7d0895f,451.89
73e26919b941be2816d60e15872ee0d9ca77c56e,447.26
f2fe1eac288eccbb34bf048c20b0406d7db9636d,442.30
dd8e832191e78a417a03c88512b1d7eeb7f486d4,450.43
3a158cfbcfe70c9a921b9ea525e2cd8113193219,458.74
d599990c331989230a6e1d0e4fea9e577022cc9c,465.07
2518e92a052d922d81d11e28b8e5205639fed9a7,449.08
f2fe1eac288eccbb34bf048c20b0406d7db9636d,461.00
c1ee93355ba4bc6a430aed0ea8db7369f7d0895f,449.96
627efb94e9ec8bcf09829fb8be5cbc4f4334fceb,450.45
9779d0dbcfab0abdfad9b81c85db43543b797683,449.15
c1ee93355ba4bc6a430aed0ea8db7369f7d0895f,451.82
f14bd640bf48bfbabb0ad17da4322e3c75eaa547,450.21
8f9b51dab9020d499bc2a2ca2fcb306bbfb4e734,445.92
384bf2cba16120166c5044f868096ab02599ac76,451.34
81a9f5320614029f04838945674e3087eec01a63,447.04
668514d0e1be5f1dae2048b145298ce9e116e34c,446.14
80158d6fa7445506eaaafdeadb1f4dc291ca10a5,460.82
68a1083c447f368a2f21b75589d0140f8a750e7f,450.84
b67cc18ba1814d1abdb16f8ee9bb5473aaa42cf8,452.73
9e9e15856d41f55cee4a215acae3c3866e78d200,451.88
c3c952e55f10b07dd9d4a9121db1b3828b0a1bc7,441.29
574e76eb211b43ea792ac69955a0bbcc244965e9,450.18
b4fc2f243ce56618c74dd4cc9f0b2ccf4dca1bc5,448.70
9779d0dbcfab0abdfad9b81c85db43543b797683,454.51
109a47ac2e8dc1a510ff58a27b63bd18b377e13b,443.98
8f9b51dab9020d499bc2a2ca2fcb306bbfb4e734,450.85
f052908ec90e12bdc6b67915ef2290aa9eefa48b,445.97
2c07dc3e05ec1efe3c696d4888421fd6d03f4c10,447.47
3f7d2c71dbbbb289c684f339874eed8ac2747fa0,456.96
cf06d02074c2526944c8a08c7b641ef51d31343b,453.94
924c480762e8af2ece8da553f7fe90244085341e,452.63
a4c375d8ef9d2a930b34a994719ebdbc076678b7,448.45
27b9f632b1289c1b777bd1bd05bb73f61e11b419,451.06
68a1083c447f368a2f21b75589d0140f8a750e7f,454.71
c07ba8a34b6a6d6665928e106fea67bd9144e4e0,447.71
aa812e42a784bb551e3cda70078c2c1ed6147b20,443.53
799b9aa3e623b56092100fa672c034ae9f259038,452.20
80158d6fa7445506eaaafdeadb1f4dc291ca10a5,449.40
3c5061f03f27f13dcf546c9752e424af715bb02a,450.47
be339d37c1750bab50445ae684537e8d3a890d15,451.93
456a5545fe7d79ca2851d9a24528972159d37f66,446.11
76903813da44b8971c9cd2beff41773376c6396c,447.14
d84d6a145fa09440803bf184f7ad405167463f10,451.02
380652774a227310ff81d61e2e3247ee0156268b,451.64
c07ba8a34b6a6d6665928e106fea67bd9144e4e0,447.92
6c4f16f233cdfd7aedef33374609e9aa4ede255c,450.45
5dab7a2379aaa7141c6c4e8306a139a6b8dd3ada,456.23
73e26919b941be2816d60e15872ee0d9ca77c56e,452.47
8b5fb7be962959a922dafc2073718e1457196043,447.01
32ab9579f9df6f4c9dbab5e6e035dd5f8d644e2a,454.82
c3c952e55f10b07dd9d4a9121db1b3828b0a1bc7,444.72
ab53e91503e6c405d2b6b647751bd17dcea8028f,449.94
43cd48ba8e4701d429c8a7c1eea503ad139aaf90,439.82
3a158cfbcfe70c9a921b9ea525e2cd8113193219,454.79
c5792eb641b13f8a853b6f065b6998053d106b7d,452.05
16d2cc3e401a16b272cb182eaaa6f379839105ad,453.34
0265937566f541e90933a6bd33192201095ecf4e,449.46
109a47ac2e8dc1a510ff58a27b63bd18b377e13b,440.67
fc7c7f18cdbb55ca1c1fb708ae573c64e5e3ead5,447.18
3475eaf7aa744401cd36889f565d7b224b35a35b,455.25
2518e92a052d922d81d11e28b8e5205639fed9a7,453.70
d3705477a13939f5e3f15c5422d2c67611fbb8da,446.68
0b9eab69d394b38f776079a20dc19ed5848748b4,444.51
4ffc755b2ed01a2f97115128c4b7b9eeba4638af,450.14
627efb94e9ec8bcf09829fb8be5cbc4f4334fceb,448.19
27b9f632b1289c1b777bd1bd05bb73f61e11b419,448.18
73f0278e5b5e938ffaef897a565a94db95df70b6,454.68
586c85420990eab5e0f07c324fc26fcdae3af05c,451.38
07df0dea236d2fce4980dc3878bdb42920faf8b9,450.00
b42fe0d5dfd882c5f544704b3dbe05c4301fe671,447.15
3c5061f03f27f13dcf546c9752e424af715bb02a,468.57
311d2e7e7123814364907b65143117efc3ddf92d,450.55
0b9eab69d394b38f776079a20dc19ed5848748b4,455.19
8f9b51dab9020d499bc2a2ca2fcb306bbfb4e734,453.38
11185c4fc1a0bcfa15d59b23fe039bf5908a2a77,450.24
f14bd640bf48bfbabb0ad17da4322e3c75eaa547,448.57
be339d37c1750bab50445ae684537e8d3a890d15,460.61
b4fc2f243ce56618c74dd4cc9f0b2ccf4dca1bc5,451.53
f2fe1eac288eccbb34bf048c20b0406d7db9636d,454.93
edcc4a00cdf6d2d7b4ea81917e48e3e9570438a3,451.73
c765b819fcb5f24373fc165a7c651f0e87a0a25a,448.98
b033535fe2cf887de8076221a0d614abfcf17d7b,450.70
f14bd640bf48bfbabb0ad17da4322e3c75eaa547,460.73
311d2e7e7123814364907b65143117efc3ddf92d,459.75
9779d0dbcfab0abdfad9b81c85db43543b797683,450.72
e187364d813bff6df326d46690ccc514aa4c84ec,451.14
2518e92a052d922d81d11e28b8e5205639fed9a7,447.90
aa812e42a784bb551e3cda70078c2c1ed6147b20,446.54
82200d7847e72c176611fdfa738dac62a0f79b58,446.36
8627ba3bde6edb7f91cf7122d7f8e9961096c4ff,451.52
0265937566f541e90933a6bd33192201095ecf4e,459.47
5dab7a2379aaa7141c6c4e8306a139a6b8dd3ada,454.55
574e76eb211b43ea792ac69955a0bbcc244965e9,447.65
fc7c7f18cdbb55ca1c1fb708ae573c64e5e3ead5,448.36
76399e5b273d63d6affeb94597d8dfddce811964,448.64
20088820f17e190db7d68c13d3f1b99fc1cecc5f,446.53
d94f56c25485b622ebf3b35b71868c74b9501ece,447.21
b033535fe2cf887de8076221a0d614abfcf17d7b,448.84
1beb36dca19bb90c805d38e8b1f2787d169a759e,452.26
cf06d02074c2526944c8a08c7b641ef51d31343b,452.52
73f0278e5b5e938ffaef897a565a94db95df70b6,446.96
d65185506919c50de85e766771898fdbd054e77b,452.38
3a158cfbcfe70c9a921b9ea525e2cd8113193219,453.40
11185c4fc1a0bcfa15d59b23fe039bf5908a2a77,448.27
627efb94e9ec8bcf09829fb8be5cbc4f4334fceb,450.16
4d94c5d0f0e60e50d555178ff0ca5b8d4da5f054,459.14
f2fe1eac288eccbb34bf048c20b0406d7db9636d,448.89
20088820f17e190db7d68c13d3f1b99fc1cecc5f,445.96
d65185506919c50de85e766771898fdbd054e77b,446.62
82200d7847e72c176611fdfa738dac62a0f79b58,443.25
fc7c7f18cdbb55ca1c1fb708ae573c64e5e3ead5,457.81
c3c952e55f10b07dd9d4a9121db1b3828b0a1bc7,445.32
cf06d02074c2526944c8a08c7b641ef51d31343b,457.99
d6fd1637307f6b088eb226c3f979085725530f32,455.55
f3dbb685f25c22a14079d9a7694ad27f78814253,454.85
862c256fb6e1166ca42a2f8b885c5285baf6c1f9,451.84
16d2cc3e401a16b272cb182eaaa6f379839105ad,457.42
edcc4a00cdf6d2d7b4ea81917e48e3e9570438a3,451.49
bb16e0693819afb821bce6943d8cbd178266a63e,450.01
a991deb4430343e8f22de5d5aa51f829bab52315,447.88
2c8b9ad145d3b808be19ce03a99797215e0c3ca3,450.29
4a28f7766124469dbdd5ad6179fe84abff3cd14f,452.49
380652774a227310ff81d61e2e3247ee0156268b,442.55
e187364d813bff6df326d46690ccc514aa4c84ec,456.73
1bae7a28d5991f712980e6e36e76d3002f500f47,453.47
8627ba3bde6edb7f91cf7122d7f8e9961096c4ff,454.55
a4c375d8ef9d2a930b34a994719ebdbc076678b7,447.31
f052908ec90e12bdc6b67915ef2290aa9eefa48b,448.89
9e9e15856d41f55cee4a215acae3c3866e78d200,450.16
d65185506919c50de85e766771898fdbd054e77b,456.24
3a158cfbcfe70c9a921b9ea525e2cd8113193219,456.00
68a1083c447f368a2f21b75589d0140f8a750e7f,449.37
1bae7a28d5991f712980e6e36e76d3002f500f47,447.83
1bae7a28d5991f712980e6e36e76d3002f500f47,454.70
20088820f17e190db7d68c13d3f1b99fc1cecc5f,449.80
80158d6fa7445506eaaafdeadb1f4dc291ca10a5,449.24
d84d6a145fa09440803bf184f7ad405167463f10,459.57
ea41269c6e317547a42b57e816d05fb1780abdff,446.28
eab521f7a26c072b117f72c4371f71e75eafc55e,451.59
21d8c188b27937079007f0129f2b372b857f2e16,460.26
bb16e0693819afb821bce6943d8cbd178266a63e,454.73
799b9aa3e623b56092100fa672c034ae9f259038,454.80
ae51709b8c07098fa688ec6be0b5a7dec7654178,445.11
ea41269c6e317547a42b57e816d05fb1780abdff,453.70
07df0dea236d2fce4980dc3878bdb42920faf8b9,447.17
27b9f632b1289c1b777bd1bd05bb73f61e11b419,457.13
f14bd640bf48bfbabb0ad17da4322e3c75eaa547,454.18
1833adf54de2ec33d68abf4a64202e8572d15ccd,449.79
07df0dea236d2fce4980dc3878bdb42920faf8b9,455.97
4a28f7766124469dbdd5ad6179fe84abff3cd14f,446.82
eab521f7a26c072b117f72c4371f71e75eafc55e,456.85
8627ba3bde6edb7f91cf7122d7f8e9961096c4ff,450.03
d65185506919c50de85e766771898fdbd054e77b,455.43
16d2cc3e401a16b272cb182eaaa6f379839105ad,444.74
2cc22447970edb5a28bdedf682680a18c8adba1b,456.89
c1ee93355ba4bc6a430aed0ea8db7369f7d0895f,449.35
c765b819fcb5f24373fc165a7c651f0e87a0a25a,442.80
5e6e9fc84826cb79a24906987cc5d54677482a70,457.33
109a47ac2e8dc1a510ff58a27b63bd18b377e13b,446.56
311d2e7e7123814364907b65143117efc3ddf92d,448.74
3f9f33d88355f22aefc7ea402da09fd1950289ce,450.70
76903813da44b8971c9cd2beff41773376c6396c,459.72
b42fe0d5dfd882c5f544704b3dbe05c4301fe671,460.91
21ee3e98b71dfd0a86c0ddd4cedbc7c0517351ba,452.04
88730bf9f399aab6a150212faeea012598be9ec6,452.98
384bf2cba16120166c5044f868096ab02599ac76,452.17
311d2e7e7123814364907b65143117efc3ddf92d,451.05
b67cc18ba1814d1abdb16f8ee9bb5473aaa42cf8,448.23
a4c375d8ef9d2a930b34a994719ebdbc076678b7,452.80
d745f85315b33fb72c5b6d8ac155451c85f5a6be,451.43
834d3142304e0927dc659791da6a4521f271d7fd,453.37
c07ba8a34b6a6d6665928e106fea67bd9144e4e0,451.65
802e7b4e3e1d6501605f874d1cec4241d411f325,451.91
43cd48ba8e4701d429c8a7c1eea503ad139aaf90,442.17
6c4f16f233cdfd7aedef33374609e9aa4ede255c,449.19
2c8b9ad145d3b808be19ce03a99797215e0c3ca3,443.15
d84d6a145fa09440803bf184f7ad405167463f10,449.91
311d2e7e7123814364907b65143117efc3ddf92d,449.42
799b9aa3e623b56092100fa672c034ae9f259038,461.17
627efb94e9ec8bcf09829fb8be5cbc4f4334fceb,453.65
1833adf54de2ec33d68abf4a64202e8572d15ccd,453.59
9779d0dbcfab0abdfad9b81c85db43543b797683,445.23
d758acab64d16f7dfb664f18fd9c0f63901d7138,461.75
4a28f7766124469dbdd5ad6179fe84abff3cd14f,452.54
20088820f17e190db7d68c13d3f1b99fc1cecc5f,467.97
b033535fe2cf887de8076221a0d614abfcf17d7b,452.55
07df0dea236d2fce4980dc3878bdb42920faf8b9,458.11
dd8e832191e78a417a03c88512b1d7eeb7f486d4,451.16
2518e92a052d922d81d11e28b8e5205639fed9a7,455.37
8627ba3bde6edb7f91cf7122d7f8e9961096c4ff,455.08
d84d6a145fa09440803bf184f7ad405167463f10,449.59
5e6e9fc84826cb79a24906987cc5d54677482a70,447.74
0b9eab69d394b38f776079a20dc19ed5848748b4,456.19
4d94c5d0f0e60e50d555178ff0ca5b8d4da5f054,466.11
3a158cfbcfe70c9a921b9ea525e2cd8113193219,454.71
d599990c331989230a6e1d0e4fea9e577022cc9c,456.45
88730bf9f399aab6a150212faeea012598be9ec6,448.38
fc7c7f18cdbb55ca1c1fb708ae573c64e5e3ead5,451.41
574e76eb211b43ea792ac69955a0bbcc244965e9,454.76
834d3142304e0927dc659791da6a4521f271d7fd,461.86
8f9b51dab9020d499bc2a2ca2fcb306bbfb4e734,449.32
e187364d813bff6df326d46690ccc514aa4c84ec,446.15
0265937566f541e90933a6bd33192201095ecf4e,451.10
16d2cc3e401a16b272cb182eaaa6f379839105ad,452.74
4a28f7766124469dbdd5ad6179fe84abff3cd14f,446.13
88730bf9f399aab6a150212faeea012598be9ec6,449.11
d745f85315b33fb72c5b6d8ac155451c85f5a6be,450.16
586c85420990eab5e0f07c324fc26fcdae3af05c,459.59
be339d37c1750bab50445ae684537e8d3a890d15,456.07
73e26919b941be2816d60e15872ee0d9ca77c56e,453.13
73e26919b941be2816d60e15872ee0d9ca77c56e,450.33
924c480762e8af2ece8da553f7fe90244085341e,446.15
81a9f5320614029f04838945674e3087eec01a63,455.50
5e6e9fc84826cb79a24906987cc5d54677482a70,457.22
d94f56c25485b622ebf3b35b71868c74b9501ece,444.86
76903813da44b8971c9cd2beff41773376c6396c,449.47
be339d37c1750bab50445ae684537e8d3a890d15,458.79
3c5061f03f27f13dcf546c9752e424af715bb02a,452.12
82200d7847e72c176611fdfa738dac62a0f79b58,443.43
dd8e832191e78a417a03c88512b1d7eeb7f486d4,446.13
b033535fe2cf887de8076221a0d614abfcf17d7b,450.53
d745f85315b33fb72c5b6d8ac155451c85f5a6be,446.26
1833adf54de2ec33d68abf4a64202e8572d15ccd,452.72
380652774a227310ff81d61e2e3247ee0156268b,442.61
d3705477a13939f5e3f15c5422d2c67611fbb8da,446.79
456a5545fe7d79ca2851d9a24528972159d37f66,467.48
76903813da44b8971c9cd2beff41773376c6396c,450.82
3475eaf7aa744401cd36889f565d7b224b35a35b,451.57
ab53e91503e6c405d2b6b647751bd17dcea8028f,459.85
5dab7a2379aaa7141c6c4e8306a139a6b8dd3ada,451.07
76903813da44b8971c9cd2beff41773376c6396c,450.36
0265937566f541e90933a6bd33192201095ecf4e,464.14
82200d7847e72c176611fdfa738dac62a0f79b58,444.26
c07ba8a34b6a6d6665928e106fea67bd9144e4e0,451.07
21ee3e98b71dfd0a86c0ddd4cedbc7c0517351ba,459.15
9779d0dbcfab0abdfad9b81c85db43543b797683,445.12
c3c952e55f10b07dd9d4a9121db1b3828b0a1bc7,451.93
21ee3e98b71dfd0a86c0ddd4cedbc7c0517351ba,444.19
668514d0e1be5f1dae2048b145298ce9e116e34c,448.16
3a158cfbcfe70c9a921b9ea525e2cd8113193219,450.37
9779d0dbcfab0abdfad9b81c85db43543b797683,447.37
d9ec262369138ca840d4a34473427e401c4cc4a4,450.55
668514d0e1be5f1dae2048b145298ce9e116e34c,448.87
43cd48ba8e4701d429c8a7c1eea503ad139aaf90,445.86
5e6e9fc84826cb79a24906987cc5d54677482a70,450.72
d6fd1637307f6b088eb226c3f979085725530f32,458.08
c5792eb641b13f8a853b6f065b6998053d106b7d,447.01
f2fe1eac288eccbb34bf048c20b0406d7db9636d,451.22
de098c35e91f9a8c15c56cc3dd30a2ff32582201,451.11
76903813da44b8971c9cd2beff41773376c6396c,447.09
21ee3e98b71dfd0a86c0ddd4cedbc7c0517351ba,449.99
b42fe0d5dfd882c5f544704b3dbe05c4301fe671,460.34
2cc22447970edb5a28bdedf682680a18c8adba1b,448.95
3475eaf7aa744401cd36889f565d7b224b35a35b,448.81
d745f85315b33fb72c5b6d8ac155451c85f5a6be,452.84
80158d6fa7445506eaaafdeadb1f4dc291ca10a5,450.85
a991deb4430343e8f22de5d5aa51f829bab52315,440.51
0b9eab69d394b38f776079a20dc19ed5848748b4,453.09
07df0dea236d2fce4980dc3878bdb42920faf8b9,456.63
11185c4fc1a0bcfa15d59b23fe039bf5908a2a77,449.91
43cd48ba8e4701d429c8a7c1eea503ad139aaf90,442.63
3c5061f03f27f13dcf546c9752e424af715bb02a,452.15
380652774a227310ff81d61e2e3247ee0156268b,453.58
b033535fe2cf887de8076221a0d614abfcf17d7b,457.46
82200d7847e72c176611fdfa738dac62a0f79b58,442.96
73f0278e5b5e938ffaef897a565a94db95df70b6,445.97
de098c35e91f9a8c15c56cc3dd30a2ff32582201,449.06
73f0278e5b5e938ffaef897a565a94db95df70b6,456.51
e187364d813bff6df326d46690ccc514aa4c84ec,449.86
8627ba3bde6edb7f91cf7122d7f8e9961096c4ff,452.81
d6fd1637307f6b088eb226c3f979085725530f32,453.18
4ffc755b2ed01a2f97115128c4b7b9eeba4638af,447.39
b4fc2f243ce56618c74dd4cc9f0b2ccf4dca1bc5,455.05
b4fc2f243ce56618c74dd4cc9f0b2ccf4dca1bc5,448.20
88730bf9f399aab6a150212faeea012598be9ec6,455.15
81a9f5320614029f04838945674e3087eec01a63,450.25
edcc4a00cdf6d2d7b4ea81917e48e3e9570438a3,456.14
c07ba8a34b6a6d6665928e106fea67bd9144e4e0,450.15
edcc4a00cdf6d2d7b4ea81917e48e3e9570438a3,463.03
4ffc755b2ed01a2f97115128c4b7b9eeba4638af,446.02
9779d0dbcfab0abdfad9b81c85db43543b797683,445.83
9779d0dbcfab0abdfad9b81c85db43543b797683,445.49
3c5061f03f27f13dcf546c9752e424af715bb02a,451.70
35407bb1557e2ee11e27cff552d561b3d83266ae,2267.42
3f7d2c71dbbbb289c684f339874eed8ac2747fa0,454.31
d758acab64d16f7dfb664f18fd9c0f63901d7138,454.46
5e6e9fc84826cb79a24906987cc5d54677482a70,452.33
802e7b4e3e1d6501605f874d1cec4241d411f325,449.40
8b5fb7be962959a922dafc2073718e1457196043,457.00
43cd48ba8e4701d429c8a7c1eea503ad139aaf90,446.16
574e76eb211b43ea792ac69955a0bbcc244965e9,449.92
fc7c7f18cdbb55ca1c1fb708ae573c64e5e3ead5,454.29
21ee3e98b71dfd0a86c0ddd4cedbc7c0517351ba,452.20
9779d0dbcfab0abdfad9b81c85db43543b797683,446.57
8f9b51dab9020d499bc2a2ca2fcb306bbfb4e734,450.75
0b9eab69d394b38f776079a20dc19ed5848748b4,448.24
d9ec262369138ca840d4a34473427e401c4cc4a4,447.56
668514d0e1be5f1dae2048b145298ce9e116e34c,454.97
5dab7a2379aaa7141c6c4e8306a139a6b8dd3ada,455.94
4d94c5d0f0e60e50d555178ff0ca5b8d4da5f054,449.02
e187364d813bff6df326d46690ccc514aa4c84ec,449.41
d94f56c25485b622ebf3b35b71868c74b9501ece,452.59
3f9f33d88355f22aefc7ea402da09fd1950289ce,454.67
f3dbb685f25c22a14079d9a7694ad27f78814253,452.00
f3dbb685f25c22a14079d9a7694ad27f78814253,453.03
16d2cc3e401a16b272cb182eaaa6f379839105ad,448.06
a4c375d8ef9d2a930b34a994719ebdbc076678b7,452.95
81a9f5320614029f04838945674e3087eec01a63,459.11
c3c952e55f10b07dd9d4a9121db1b3828b0a1bc7,440.94
574e76eb211b43ea792ac69955a0bbcc244965e9,453.22
5dab7a2379aaa7141c6c4e8306a139a6b8dd3ada,449.24
ae51709b8c07098fa688ec6be0b5a7dec7654178,440.66
2cc22447970edb5a28bdedf682680a18c8adba1b,453.48
ab53e91503e6c405d2b6b647751bd17dcea8028f,444.55
b033535fe2cf887de8076221a0d614abfcf17d7b,451.43
27b9f632b1289c1b777bd1bd05bb73f61e11b419,455.08
80158d6fa7445506eaaafdeadb1f4dc291ca10a5,452.92
1833adf54de2ec33d68abf4a64202e8572d15ccd,446.77
311d2e7e7123814364907b65143117efc3ddf92d,460.63
1beb36dca19bb90c805d38e8b1f2787d169a759e,450.26
c5792eb641b13f8a853b6f065b6998053d106b7d,450.52
76903813da44b8971c9cd2beff41773376c6396c,445.42
2cc22447970edb5a28bdedf682680a18c8adba1b,452.06
5e6e9fc84826cb79a24906987cc5d54677482a70,449.92
8b5fb7be962959a922dafc2073718e1457196043,453.11
76399e5b273d63d6affeb94597d8dfddce811964,447.29
d745f85315b33fb72c5b6d8ac155451c85f5a6be,451.90
f052908ec90e12bdc6b67915ef2290aa9eefa48b,451.59
b67cc18ba1814d1abdb16f8ee9bb5473aaa42cf8,456.63
4d94c5d0f0e60e50d555178ff0ca5b8d4da5f054,449.67
76903813da44b8971c9cd2beff41773376c6396c,449.98
ab53e91503e6c405d2b6b647751bd17dcea8028f,448.16
8f9b51dab9020d499bc2a2ca2fcb306bbfb4e734,446.38
456a5545fe7d79ca2851d9a24528972159d37f66,451.21
e187364d813bff6df326d46690ccc514aa4c84ec,457.44
8b5fb7be962959a922dafc2073718e1457196043,448.40
c3c952e55f10b07dd9d4a9121db1b3828b0a1bc7,447.74
73e26919b941be2816d60e15872ee0d9ca77c56e,445.41
3a158cfbcfe70c9a921b9ea525e2cd8113193219,453.32
2518e92a052d922d81d11e28b8e5205639fed9a7,455.39
35407bb1557e2ee11e27cff552d561b3d83266ae,2226.00
35407bb1557e2ee11e27cff552d561b3d83266ae,2175.85
0265937566f541e90933a6bd33192201095ecf4e,457.35
80158d6fa7445506eaaafdeadb1f4dc291ca10a5,456.19
1c4fe033f7612d4aeb0f4324538c8e3dd4d25668,449.12
8627ba3bde6edb7f91cf7122d7f8e9961096c4ff,452.47
d745f85315b33fb72c5b6d8ac155451c85f5a6be,451.99
bb16e0693819afb821bce6943d8cbd178266a63e,451.00
834d3142304e0927dc659791da6a4521f271d7fd,464.92
b67cc18ba1814d1abdb16f8ee9bb5473aaa42cf8,447.53
8f9b51dab9020d499bc2a2ca2fcb306bbfb4e734,461.93
80158d6fa7445506eaaafdeadb1f4dc291ca10a5,454.08
d9ec262369138ca840d4a34473427e401c4cc4a4,452.13
fc7c7f18cdbb55ca1c1fb708ae573c64e5e3ead5,449.40
8f9b51dab9020d499bc2a2ca2fcb306bbfb4e734,453.22
c1ee93355ba4bc6a430aed0ea8db7369f7d0895f,459.65
668514d0e1be5f1dae2048b145298ce9e116e34c,452.32
76399e5b273d63d6affeb94597d8dfddce811964,449.37
862c256fb6e1166ca42a2f8b885c5285baf6c1f9,451.56
2cc22447970edb5a28bdedf682680a18c8adba1b,453.73
668514d0e1be5f1dae2048b145298ce9e116e34c,449.37
109a47ac2e8dc1a510ff58a27b63bd18b377e13b,444.85
b033535fe2cf887de8076221a0d614abfcf17d7b,452.65
834d3142304e0927dc659791da6a4521f271d7fd,452.54
d599990c331989230a6e1d0e4fea9e577022cc9c,462.40
4d94c5d0f0e60e50d555178ff0ca5b8d4da5f054,451.44
586c85420990eab5e0f07c324fc26fcdae3af05c,457.16
d758acab64d16f7dfb664f18fd9c0f63901d7138,458.94
1bae7a28d5991f712980e6e36e76d3002f500f47,449.98
b4fc2f243ce56618c74dd4cc9f0b2ccf4dca1bc5,449.51
eab521f7a26c072b117f72c4371f71e75eafc55e,450.47
668514d0e1be5f1dae2048b145298ce9e116e34c,451.69
20088820f17e190db7d68c13d3f1b99fc1cecc5f,446.39
88730bf9f399aab6a150212faeea012598be9ec6,452.04
862c256fb6e1166ca42a2f8b885c5285baf6c1f9,452.40
9e9e15856d41f55cee4a215acae3c3866e78d200,451.21
bb16e0693819afb821bce6943d8cbd178266a63e,453.64
32ab9579f9df6f4c9dbab5e6e035dd5f8d644e2a,452.27
c5792eb641b13f8a853b6f065b6998053d106b7d,456.11
802e7b4e3e1d6501605f874d1cec4241d411f325,449.46
35407bb1557e2ee11e27cff552d561b3d83266ae,2243.66
76399e5b273d63d6affeb94597d8dfddce811964,448.30
799b9aa3e623b56092100fa672c034ae9f259038,451.08
16d2cc3e401a16b272cb182eaaa6f379839105ad,449.21
3a158cfbcfe70c9a921b9ea525e2cd8113193219,450.15
311d2e7e7123814364907b65143117efc3ddf92d,447.32
68a1083c447f368a2f21b75589d0140f8a750e7f,457.83
c3c952e55f10b07dd9d4a9121db1b3828b0a1bc7,443.76
20088820f17e190db7d68c13d3f1b99fc1cecc5f,453.22
3c5061f03f27f13dcf546c9752e424af715bb02a,449.31
c1ee93355ba4bc6a430aed0ea8db7369f7d0895f,456.42
d94f56c25485b622ebf3b35b71868c74b9501ece,440.21
21d8c188b27937079007f0129f2b372b857f2e16,458.31
f052908ec90e12bdc6b67915ef2290aa9eefa48b,444.10
834d3142304e0927dc659791da6a4521f271d7fd,450.19
d84d6a145fa09440803bf184f7ad405167463f10,450.36
d3705477a13939f5e3f15c5422d2c67611fbb8da,452.61
0b9eab69d394b38f776079a20dc19ed5848748b4,449.09
d9ec262369138ca840d4a34473427e401c4cc4a4,449.36
20088820f17e190db7d68c13d3f1b99fc1cecc5f,447.62
2c07dc3e05ec1efe3c696d4888421fd6d03f4c10,445.76
b4fc2f243ce56618c74dd4cc9f0b2ccf4dca1bc5,452.04
a991deb4430343e8f22de5d5aa51f829bab52315,446.50
f052908ec90e12bdc6b67915ef2290aa9eefa48b,457.05
76399e5b273d63d6affeb94597d8dfddce811964,457.12
81a9f5320614029f04838945674e3087eec01a63,454.76
21ee3e98b71dfd0a86c0ddd4cedbc7c0517351ba,448.67
d65185506919c50de85e766771898fdbd054e77b,447.93
4ffc755b2ed01a2f97115128c4b7b9eeba4638af,451.03
76903813da44b8971c9cd2beff41773376c6396c,448.67
d758acab64d16f7dfb664f18fd9c0f63901d7138,464.76
f3dbb685f25c22a14079d9a7694ad27f78814253,452.49
3a158cfbcfe70c9a921b9ea525e2cd8113193219,446.45
8b5fb7be962959a922dafc2073718e1457196043,452.71
c3c952e55f10b07dd9d4a9121db1b3828b0a1bc7,444.43
ae51709b8c07098fa688ec6be0b5a7dec7654178,447.60
c1ee93355ba4bc6a430aed0ea8db7369f7d0895f,466.41
88730bf9f399aab6a150212faeea012598be9ec6,454.07
bb16e0693819afb821bce6943d8cbd178266a63e,460.75
80158d6fa7445506eaaafdeadb1f4dc291ca10a5,452.08
456a5545fe7d79ca2851d9a24528972159d37f66,450.76
d745f85315b33fb72c5b6d8ac155451c85f5a6be,445.95
3a158cfbcfe70c9a921b9ea525e2cd8113193219,451.28
574e76eb211b43ea792ac69955a0bbcc244965e9,449.31
574e76eb211b43ea792ac69955a0bbcc244965e9,463.40
4d94c5d0f0e60e50d555178ff0ca5b8d4da5f054,461.37
f14bd640bf48bfbabb0ad17da4322e3c75eaa547,451.04
97bd42868ba98bb9a757c729d8d6e259644117e4,450.70
c5792eb641b13f8a853b6f065b6998053d106b7d,452.21
27b9f632b1289c1b777bd1bd05bb73f61e11b419,448.55
edcc4a00cdf6d2d7b4ea81917e48e3e9570438a3,450.92
76399e5b273d63d6affeb94597d8dfddce811964,446.08
d599990c331989230a6e1d0e4fea9e577022cc9c,453.84
c07ba8a34b6a6d6665928e106fea67bd9144e4e0,455.38
b42fe0d5dfd882c5f544704b3dbe05c4301fe671,449.63
07df0dea236d2fce4980dc3878bdb42920faf8b9,447.62
be339d37c1750bab50445ae684537e8d3a890d15,446.48
b4fc2f243ce56618c74dd4cc9f0b2ccf4dca1bc5,457.37
627efb94e9ec8bcf09829fb8be5cbc4f4334fceb,451.92
be339d37c1750bab50445ae684537e8d3a890d15,444.96
73f0278e5b5e938ffaef897a565a94db95df70b6,459.76
d3705477a13939f5e3f15c5422d2c67611fbb8da,451.05
21ee3e98b71dfd0a86c0ddd4cedbc7c0517351ba,457.62
43cd48ba8e4701d429c8a7c1eea503ad139aaf90,444.26
4ffc755b2ed01a2f97115128c4b7b9eeba4638af,455.11
668514d0e1be5f1dae2048b145298ce9e116e34c,452.52
dd8e832191e78a417a03c88512b1d7eeb7f486d4,446.00
ae51709b8c07098fa688ec6be0b5a7dec7654178,444.47
bb16e0693819afb821bce6943d8cbd178266a63e,446.35
4ffc755b2ed01a2f97115128c4b7b9eeba4638af,453.12
f14bd640bf48bfbabb0ad17da4322e3c75eaa547,450.81
627efb94e9ec8bcf09829fb8be5cbc4f4334fceb,455.52
1c4fe033f7612d4aeb0f4324538c8e3dd4d25668,449.91
de098c35e91f9a8c15c56cc3dd30a2ff32582201,448.03
f3dbb685f25c22a14079d9a7694ad27f78814253,446.68
f2fe1eac288eccbb34bf048c20b0406d7db9636d,449.18
f14bd640bf48bfbabb0ad17da4322e3c75eaa547,455.55
cf06d02074c2526944c8a08c7b641ef51d31343b,450.99
2cc22447970edb5a28bdedf682680a18c8adba1b,446.80
b033535fe2cf887de8076221a0d614abfcf17d7b,451.34
109a47ac2e8dc1a510ff58a27b63bd18b377e13b,449.84
3475eaf7aa744401cd36889f565d7b224b35a35b,457.60
d84d6a145fa09440803bf184f7ad405167463f10,450.90
20088820f17e190db7d68c13d3f1b99fc1cecc5f,447.19
d6fd1637307f6b088eb226c3f979085725530f32,453.80
2c07dc3e05ec1efe3c696d4888421fd6d03f4c10,452.73
b4fc2f243ce56618c74dd4cc9f0b2ccf4dca1bc5,454.70
d6fd1637307f6b088eb226c3f979085725530f32,449.15
9779d0dbcfab0abdfad9b81c85db43543b797683,451.17
be339d37c1750bab50445ae684537e8d3a890d15,455.42
0b9eab69d394b38f776079a20dc19ed5848748b4,449.44
b67cc18ba1814d1abdb16f8ee9bb5473aaa42cf8,444.61
f052908ec90e12bdc6b67915ef2290aa9eefa48b,457.15
b4fc2f243ce56618c74dd4cc9f0b2ccf4dca1bc5,448.18
3c5061f03f27f13dcf546c9752e424af715bb02a,454.95
2c8b9ad145d3b808be19ce03a99797215e0c3ca3,460.12
21ee3e98b71dfd0a86c0ddd4cedbc7c0517351ba,457.66
c07ba8a34b6a6d6665928e106fea67bd9144e4e0,453.58
d9ec262369138ca840d4a34473427e401c4cc4a4,449.61
d94f56c25485b622ebf3b35b71868c74b9501ece,445.39
88730bf9f399aab6a150212faeea012598be9ec6,445.78
21ee3e98b71dfd0a86c0ddd4cedbc7c0517351ba,453.36
c5792eb641b13f8a853b6f065b6998053d106b7d,450.78
e187364d813bff6df326d46690ccc514aa4c84ec,457.22
27b9f632b1289c1b777bd1bd05bb73f61e11b419,455.75
1beb36dca19bb90c805d38e8b1f2787d169a759e,456.35
11185c4fc1a0bcfa15d59b23fe039bf5908a2a77,454.53
20088820f17e190db7d68c13d3f1b99fc1cecc5f,448.53
0265937566f541e90933a6bd33192201095ecf4e,452.25
3a158cfbcfe70c9a921b9ea525e2cd8113193219,459.87
1c4fe033f7612d4aeb0f4324538c8e3dd4d25668,460.48
97bd42868ba98bb9a757c729d8d6e259644117e4,453.11
d3705477a13939f5e3f15c5422d2c67611fbb8da,447.05
1833adf54de2ec33d68abf4a64202e8572d15ccd,451.34
b033535fe2cf887de8076221a0d614abfcf17d7b,454.73
d3705477a13939f5e3f15c5422d2c67611fbb8da,445.61
3a158cfbcfe70c9a921b9ea525e2cd8113193219,462.02
f3dbb685f25c22a14079d9a7694ad27f78814253,454.81
574e76eb211b43ea792ac69955a0bbcc244965e9,445.89
6c4f16f233cdfd7aedef33374609e9aa4ede255c,451.84
f14bd640bf48bfbabb0ad17da4322e3c75eaa547,452.32
a4c375d8ef9d2a930b34a994719ebdbc076678b7,451.07
73e26919b941be2816d60e15872ee0d9ca77c56e,447.68
2c07dc3e05ec1efe3c696d4888421fd6d03f4c10,456.33
b4fc2f243ce56618c74dd4cc9f0b2ccf4dca1bc5,451.12
80158d6fa7445506eaaafdeadb1f4dc291ca10a5,450.75
ae51709b8c07098fa688ec6be0b5a7dec7654178,447.12
2518e92a052d922d81d11e28b8e5205639fed9a7,446.15
b033535fe2cf887de8076221a0d614abfcf17d7b,448.53
b033535fe2cf887de8076221a0d614abfcf17d7b,447.96
2c8b9ad145d3b808be19ce03a99797215e0c3ca3,445.65
d6fd1637307f6b088eb226c3f979085725530f32,447.79
eab521f7a26c072b117f72c4371f71e75eafc55e,447.97
311d2e7e7123814364907b65143117efc3ddf92d,464.23
ae51709b8c07098fa688ec6be0b5a7dec7654178,443.48
d758acab64d16f7dfb664f18fd9c0f63901d7138,449.34
6c4f16f233cdfd7aedef33374609e9aa4ede255c,454.28
73f0278e5b5e938ffaef897a565a94db95df70b6,456.75
88730bf9f399aab6a150212faeea012598be9ec6,451.20
21ee3e98b71dfd0a86c0ddd4cedbc7c0517351ba,446.37
3f7d2c71dbbbb289c684f339874eed8ac2747fa0,449.73
07df0dea236d2fce4980dc3878bdb42920faf8b9,445.58
8627ba3bde6edb7f91cf7122d7f8e9961096c4ff,450.39
de098c35e91f9a8c15c56cc3dd30a2ff32582201,447.32
73e26919b941be2816d60e15872ee0d9ca77c56e,450.37
9e9e15856d41f55cee4a215acae3c3866e78d200,449.14
e187364d813bff6df326d46690ccc514aa4c84ec,448.06
c3c952e55f10b07dd9d4a9121db1b3828b0a1bc7,448.51
43cd48ba8e4701d429c8a7c1eea503ad139aaf90,442.70
88730bf9f399aab6a150212faeea012598be9ec6,444.80
b67cc18ba1814d1abdb16f8ee9bb5473aaa42cf8,446.55
d9ec262369138ca840d4a34473427e401c4cc4a4,447.12
668514d0e1be5f1dae2048b145298ce9e116e34c,452.11
4ffc755b2ed01a2f97115128c4b7b9eeba4638af,450.19
88730bf9f399aab6a150212faeea012598be9ec6,454.02
627efb94e9ec8bcf09829fb8be5cbc4f4334fceb,453.29
862c256fb6e1166ca42a2f8b885c5285baf6c1f9,451.11
3f7d2c71dbbbb289c684f339874eed8ac2747fa0,453.38
80158d6fa7445506eaaafdeadb1f4dc291ca10a5,447.89
e187364d813bff6df326d46690ccc514aa4c84ec,449.85
c3c952e55f10b07dd9d4a9121db1b3828b0a1bc7,444.78
d94f56c25485b622ebf3b35b71868c74b9501ece,444.03
82200d7847e72c176611fdfa738dac62a0f79b58,439.95
2cc22447970edb5a28bdedf682680a18c8adba1b,451.60
d3705477a13939f5e3f15c5422d2c67611fbb8da,443.18
cf06d02074c2526944c8a08c7b641ef51d31343b,445.28
311d2e7e7123814364907b65143117efc3ddf92d,447.53
97bd42868ba98bb9a757c729d8d6e259644117e4,449.99
924c480762e8af2ece8da553f7fe90244085341e,452.35
d94f56c25485b622ebf3b35b71868c74b9501ece,441.10
68a1083c447f368a2f21b75589d0140f8a750e7f,449.00
82200d7847e72c176611fdfa738dac62a0f79b58,440.45
73f0278e5b5e938ffaef897a565a94db95df70b6,449.68
edcc4a00cdf6d2d7b4ea81917e48e3e9570438a3,453.02
2c8b9ad145d3b808be19ce03a99797215e0c3ca3,447.94
627efb94e9ec8bcf09829fb8be5cbc4f4334fceb,450.09
8627ba3bde6edb7f91cf7122d7f8e9961096c4ff,452.29
2cc22447970edb5a28bdedf682680a18c8adba1b,450.65
1c4fe033f7612d4aeb0f4324538c8e3dd4d25668,454.09
68a1083c447f368a2f21b75589d0140f8a750e7f,449.73
ab53e91503e6c405d2b6b647751bd17dcea8028f,448.79
82200d7847e72c176611fdfa738dac62a0f79b58,447.26
ab53e91503e6c405d2b6b647751bd17dcea8028f,451.84
b4fc2f243ce56618c74dd4cc9f0b2ccf4dca1bc5,451.63
d6fd1637307f6b088eb226c3f979085725530f32,453.73
16d2cc3e401a16b272cb182eaaa6f379839105ad,454.59
82200d7847e72c176611fdfa738dac62a0f79b58,442.68
8f9b51dab9020d499bc2a2ca2fcb306bbfb4e734,454.04
a4c375d8ef9d2a930b34a994719ebdbc076678b7,449.58
d745f85315b33fb72c5b6d8ac155451c85f5a6be,452.52
ab53e91503e6c405d2b6b647751bd17dcea8028f,445.91
8b5fb7be962959a922dafc2073718e1457196043,451.61
d84d6a145fa09440803bf184f7ad405167463f10,450.11
b4fc2f243ce56618c74dd4cc9f0b2ccf4dca1bc5,447.03
97bd42868ba98bb9a757c729d8d6e259644117e4,453.38
82200d7847e72c176611fdfa738dac62a0f79b58,444.90
6c4f16f233cdfd7aedef33374609e9aa4ede255c,449.04
3475eaf7aa744401cd36889f565d7b224b35a35b,450.37
384bf2cba16120166c5044f868096ab02599ac76,452.89
586c85420990eab5e0f07c324fc26fcdae3af05c,447.44
73f0278e5b5e938ffaef897a565a94db95df70b6,447.35
6c4f16f233cdfd7aedef33374609e9aa4ede255c,447.03
380652774a227310ff81d61e2e3247ee0156268b,445.19
1bae7a28d5991f712980e6e36e76d3002f500f47,449.98
3f9f33d88355f22aefc7ea402da09fd1950289ce,463.34
0265937566f541e90933a6bd33192201095ecf4e,466.49
d9ec262369138ca840d4a34473427e401c4cc4a4,448.64
f14bd640bf48bfbabb0ad17da4322e3c75eaa547,447.30
d84d6a145fa09440803bf184f7ad405167463f10,449.39
bb16e0693819afb821bce6943d8cbd178266a63e,453.60
76399e5b273d63d6affeb94597d8dfddce811964,461.04
f3dbb685f25c22a14079d9a7694ad27f78814253,449.83
81a9f5320614029f04838945674e3087eec01a63,462.04
3f9f33d88355f22aefc7ea402da09fd1950289ce,448.35
9779d0dbcfab0abdfad9b81c85db43543b797683,442.55
43cd48ba8e4701d429c8a7c1eea503ad139aaf90,445.50
11185c4fc1a0bcfa15d59b23fe039bf5908a2a77,447.60
862c256fb6e1166ca42a2f8b885c5285baf6c1f9,452.26
de098c35e91f9a8c15c56cc3dd30a2ff32582201,447.10
be339d37c1750bab50445ae684537e8d3a890d15,451.13
924c480762e8af2ece8da553f7fe90244085341e,453.45
6c4f16f233cdfd7aedef33374609e9aa4ede255c,453.67
5e6e9fc84826cb79a24906987cc5d54677482a70,452.10
ea41269c6e317547a42b57e816d05fb1780abdff,450.80
8f9b51dab9020d499bc2a2ca2fcb306bbfb4e734,453.35
2518e92a052d922d81d11e28b8e5205639fed9a7,451.35
8f9b51dab9020d499bc2a2ca2fcb306bbfb4e734,451.21
73e26919b941be2816d60e15872ee0d9ca77c56e,446.41
a991deb4430343e8f22de5d5aa51f829bab52315,435.95
f052908ec90e12bdc6b67915ef2290aa9eefa48b,447.37
d6fd1637307f6b088eb226c3f979085725530f32,450.26
f2fe1eac288eccbb34bf048c20b0406d7db9636d,448.79
1bae7a28d5991f712980e6e36e76d3002f500f47,457.87
5e6e9fc84826cb79a24906987cc5d54677482a70,446.94
ea41269c6e317547a42b57e816d05fb1780abdff,447.37
81a9f5320614029f04838945674e3087eec01a63,448.05
2c8b9ad145d3b808be19ce03a99797215e0c3ca3,461.07
88730bf9f399aab6a150212faeea012598be9ec6,448.26
586c85420990eab5e0f07c324fc26fcdae3af05c,451.41
c3c952e55f10b07dd9d4a9121db1b3828b0a1bc7,439.74
edcc4a00cdf6d2d7b4ea81917e48e3e9570438a3,447.06
f052908ec90e12bdc6b67915ef2290aa9eefa48b,460.35
802e7b4e3e1d6501605f874d1cec4241d411f325,452.92
a4c375d8ef9d2a930b34a994719ebdbc076678b7,453.44
dd8e832191e78a417a03c88512b1d7eeb7f486d4,447.42
6c4f16f233cdfd7aedef33374609e9aa4ede255c,453.19
b42fe0d5dfd882c5f544704b3dbe05c4301fe671,450.05
109a47ac2e8dc1a510ff58a27b63bd18b377e13b,446.59
c765b819fcb5f24373fc165a7c651f0e87a0a25a,452.98
a991deb4430343e8f22de5d5aa51f829bab52315,442.32
73e26919b941be2816d60e15872ee0d9ca77c56e,449.96
586c85420990eab5e0f07c324fc26fcdae3af05c,459.84
380652774a227310ff81d61e2e3247ee0156268b,439.74
07df0dea236d2fce4980dc3878bdb42920faf8b9,445.01
21d8c188b27937079007f0129f2b372b857f2e16,454.81
07df0dea236d2fce4980dc3878bdb42920faf8b9,456.02
586c85420990eab5e0f07c324fc26fcdae3af05c,448.94
f052908ec90e12bdc6b67915ef2290aa9eefa48b,447.24
9e9e15856d41f55cee4a215acae3c3866e78d200,449.23
27b9f632b1289c1b777bd1bd05bb73f61e11b419,460.72
0b9eab69d394b38f776079a20dc19ed5848748b4,447.81
80158d6fa7445506eaaafdeadb1f4dc291ca10a5,452.48
586c85420990eab5e0f07c324fc26fcdae3af05c,453.82
97bd42868ba98bb9a757c729d8d6e259644117e4,453.53
d94f56c25485b622ebf3b35b71868c74b9501ece,448.61
27b9f632b1289c1b777bd1bd05bb73f61e11b419,453.01
d94f56c25485b622ebf3b35b71868c74b9501ece,440.08
668514d0e1be5f1dae2048b145298ce9e116e34c,445.11
d745f85315b33fb72c5b6d8ac155451c85f5a6be,451.29
4a28f7766124469dbdd5ad6179fe84abff3cd14f,451.59
c765b819fcb5f24373fc165a7c651f0e87a0a25a,450.35
b033535fe2cf887de8076221a0d614abfcf17d7b,452.88
d3705477a13939f5e3f15c5422d2c67611fbb8da,449.01
d6fd1637307f6b088eb226c3f979085725530f32,448.77
07df0dea236d2fce4980dc3878bdb42920faf8b9,453.41
21d8c188b27937079007f0129f2b372b857f2e16,450.36
2cc22447970edb5a28bdedf682680a18c8adba1b,463.15
88730bf9f399aab6a150212faeea012598be9ec6,452.07
d599990c331989230a6e1d0e4fea9e577022cc9c,453.05
f052908ec90e12bdc6b67915ef2290aa9eefa48b,450.77
43cd48ba8e4701d429c8a7c1eea503ad139aaf90,443.06
d599990c331989230a6e1d0e4fea9e577022cc9c,453.63
d758acab64d16f7dfb664f18fd9c0f63901d7138,459.23
ae51709b8c07098fa688ec6be0b5a7dec7654178,440.47
8b5fb7be962959a922dafc2073718e1457196043,455.77
81a9f5320614029f04838945674e3087eec01a63,450.82
88730bf9f399aab6a150212faeea012598be9ec6,449.25
d65185506919c50de85e766771898fdbd054e77b,451.91
1beb36dca19bb90c805d38e8b1f2787d169a759e,451.76
a4c375d8ef9d2a930b34a994719ebdbc076678b7,455.09
dd8e832191e78a417a03c88512b1d7eeb7f486d4,454.47
cf06d02074c2526944c8a08c7b641ef51d31343b,450.18
2cc22447970edb5a28bdedf682680a18c8adba1b,453.18
ae51709b8c07098fa688ec6be0b5a7dec7654178,440.67
4a28f7766124469dbdd5ad6179fe84abff3cd14f,452.97
82200d7847e72c176611fdfa738dac62a0f79b58,445.00
4a28f7766124469dbdd5ad6179fe84abff3cd14f,448.03
43cd48ba8e4701d429c8a7c1eea503ad139aaf90,445.61
88730bf9f399aab6a150212faeea012598be9ec6,454.88
d3705477a13939f5e3f15c5422d2c67611fbb8da,460.35
d6fd1637307f6b088eb226c3f979085725530f32,468.29
1bae7a28d5991f712980e6e36e76d3002f500f47,463.53
eab521f7a26c072b117f72c4371f71e75eafc55e,461.13
1bae7a28d5991f712980e6e36e76d3002f500f47,451.88
456a5545fe7d79ca2851d9a24528972159d37f66,450.88
d84d6a145fa09440803bf184f7ad405167463f10,454.47
68a1083c447f368a2f21b75589d0140f8a750e7f,449.71
3c5061f03f27f13dcf546c9752e424af715bb02a,455.30
4ffc755b2ed01a2f97115128c4b7b9eeba4638af,453.75
ae51709b8c07098fa688ec6be0b5a7dec7654178,450.35
2518e92a052d922d81d11e28b8e5205639fed9a7,454.38
3f7d2c71dbbbb289c684f339874eed8ac2747fa0,454.33
c5792eb641b13f8a853b6f065b6998053d106b7d,449.19
4ffc755b2ed01a2f97115128c4b7b9eeba4638af,447.78
11185c4fc1a0bcfa15d59b23fe039bf5908a2a77,450.06
edcc4a00cdf6d2d7b4ea81917e48e3e9570438a3,457.13
c5792eb641b13f8a853b6f065b6998053d106b7d,458.14
802e7b4e3e1d6501605f874d1cec4241d411f325,451.96
d599990c331989230a6e1d0e4fea9e577022cc9c,456.33
8627ba3bde6edb7f91cf7122d7f8e9961096c4ff,454.04
97bd42868ba98bb9a757c729d8d6e259644117e4,456.22
109a47ac2e8dc1a510ff58a27b63bd18b377e13b,447.82
1bae7a28d5991f712980e6e36e76d3002f500f47,454.35
627efb94e9ec8bcf09829fb8be5cbc4f4334fceb,452.29
88730bf9f399aab6a150212faeea012598be9ec6,457.58
d65185506919c50de85e766771898fdbd054e77b,453.99
2c07dc3e05ec1efe3c696d4888421fd6d03f4c10,445.25
2c07dc3e05ec1efe3c696d4888421fd6d03f4c10,450.90
43cd48ba8e4701d429c8a7c1eea503ad139aaf90,446.60
dd8e832191e78a417a03c88512b1d7eeb7f486d4,450.66
68a1083c447f368a2f21b75589d0140f8a750e7f,452.17
32ab9579f9df6f4c9dbab5e6e035dd5f8d644e2a,451.52
82200d7847e72c176611fdfa738dac62a0f79b58,445.39
ae51709b8c07098fa688ec6be0b5a7dec7654178,446.98
21ee3e98b71dfd0a86c0ddd4cedbc7c0517351ba,452.93
627efb94e9ec8bcf09829fb8be5cbc4f4334fceb,462.42
dd8e832191e78a417a03c88512b1d7eeb7f486d4,445.20
109a47ac2e8dc1a510ff58a27b63bd18b377e13b,444.05
5dab7a2379aaa7141c6c4e8306a139a6b8dd3ada,455.96
be339d37c1750bab50445ae684537e8d3a890d15,455.08
2c8b9ad145d3b808be19ce03a99797215e0c3ca3,466.88
35407bb1557e2ee11e27cff552d561b3d83266ae,2285.75
bb16e0693819afb821bce6943d8cbd178266a63e,448.47
5e6e9fc84826cb79a24906987cc5d54677482a70,447.44
5dab7a2379aaa7141c6c4e8306a139a6b8dd3ada,450.60
35407bb1557e2ee11e27cff552d561b3d83266ae,2159.52
2518e92a052d922d81d11e28b8e5205639fed9a7,454.11
b42fe0d5dfd882c5f544704b3dbe05c4301fe671,448.65
97bd42868ba98bb9a757c729d8d6e259644117e4,452.83
fc7c7f18cdbb55ca1c1fb708ae573c64e5e3ead5,458.76
b67cc18ba1814d1abdb16f8ee9bb5473aaa42cf8,446.31
109a47ac2e8dc1a510ff58a27b63bd18b377e13b,442.34
f052908ec90e12bdc6b67915ef2290aa9eefa48b,450.13
35407bb1557e2ee11e27cff552d561b3d83266ae,2209.77
b42fe0d5dfd882c5f544704b3dbe05c4301fe671,444.77
a991deb4430343e8f22de5d5aa51f829bab52315,445.70
fc7c7f18cdbb55ca1c1fb708ae573c64e5e3ead5,446.17
27b9f632b1289c1b777bd1bd05bb73f61e11b419,451.53
668514d0e1be5f1dae2048b145298ce9e116e34c,454.62
9e9e15856d41f55cee4a215acae3c3866e78d200,452.05
4ffc755b2ed01a2f97115128c4b7b9eeba4638af,445.16
43cd48ba8e4701d429c8a7c1eea503ad139aaf90,442.47
456a5545fe7d79ca2851d9a24528972159d37f66,458.09
81a9f5320614029f04838945674e3087eec01a63,447.48
e187364d813bff6df326d46690ccc514aa4c84ec,450.99
32ab9579f9df6f4c9dbab5e6e035dd5f8d644e2a,452.52
ea41269c6e317547a42b57e816d05fb1780abdff,450.75
d9ec262369138ca840d4a34473427e401c4cc4a4,451.83
81a9f5320614029f04838945674e3087eec01a63,457.49
cf06d02074c2526944c8a08c7b641ef51d31343b,451.40
e187364d813bff6df326d46690ccc514aa4c84ec,464.50
f2fe1eac288eccbb34bf048c20b0406d7db9636d,447.88
d599990c331989230a6e1d0e4fea9e577022cc9c,448.64
1c4fe033f7612d4aeb0f4324538c8e3dd4d25668,453.25
21ee3e98b71dfd0a86c0ddd4cedbc7c0517351ba,454.97
c1ee93355ba4bc6a430aed0ea8db7369f7d0895f,453.42
2518e92a052d922d81d11e28b8e5205639fed9a7,446.66
862c256fb6e1166ca42a2f8b885c5285baf6c1f9,461.31
1c4fe033f7612d4aeb0f4324538c8e3dd4d25668,452.19
3f7d2c71dbbbb289c684f339874eed8ac2747fa0,454.07
1833adf54de2ec33d68abf4a64202e8572d15ccd,459.42
73f0278e5b5e938ffaef897a565a94db95df70b6,455.29
16d2cc3e401a16b272cb182eaaa6f379839105ad,449.73
380652774a227310ff81d61e2e3247ee0156268b,447.74
c3c952e55f10b07dd9d4a9121db1b3828b0a1bc7,446.54
384bf2cba16120166c5044f868096ab02599ac76,450.34
384bf2cba16120166c5044f868096ab02599ac76,447.16
b4fc2f243ce56618c74dd4cc9f0b2ccf4dca1bc5,446.81
3a158cfbcfe70c9a921b9ea525e2cd8113193219,456.81
73e26919b941be2816d60e15872ee0d9ca77c56e,452.54
d94f56c25485b622ebf3b35b71868c74b9501ece,444.74
ab53e91503e6c405d2b6b647751bd17dcea8028f,451.04
574e76eb211b43ea792ac69955a0bbcc244965e9,462.26
5e6e9fc84826cb79a24906987cc5d54677482a70,452.50
2c07dc3e05ec1efe3c696d4888421fd6d03f4c10,450.46
8f9b51dab9020d499bc2a2ca2fcb306bbfb4e734,453.88
a991deb4430343e8f22de5d5aa51f829bab52315,454.87
be339d37c1750bab50445ae684537e8d3a890d15,448.67
07df0dea236d2fce4980dc3878bdb42920faf8b9,444.94
d6fd1637307f6b088eb226c3f979085725530f32,457.52
bb16e0693819afb821bce6943d8cbd178266a63e,449.89
3c5061f03f27f13dcf546c9752e424af715bb02a,449.54
311d2e7e7123814364907b65143117efc3ddf92d,457.16
380652774a227310ff81d61e2e3247ee0156268b,453.83
c1ee93355ba4bc6a430aed0ea8db7369f7d0895f,448.66
2c8b9ad145d3b808be19ce03a99797215e0c3ca3,456.27
9779d0dbcfab0abdfad9b81c85db43543b797683,446.37
1c4fe033f7612d4aeb0f4324538c8e3dd4d25668,468.21
82200d7847e72c176611fdfa738dac62a0f79b58,447.18
d758acab64d16f7dfb664f18fd9c0f63901d7138,451.64
574e76eb211b43ea792ac69955a0bbcc244965e9,454.71
799b9aa3e623b56092100fa672c034ae9f259038,452.18
82200d7847e72c176611fdfa738dac62a0f79b58,439.23
c3c952e55f10b07dd9d4a9121db1b3828b0a1bc7,454.01
21d8c188b27937079007f0129f2b372b857f2e16,450.94
bb16e0693819afb821bce6943d8cbd178266a63e,454.97
3475eaf7aa744401cd36889f565d7b224b35a35b,459.71
82200d7847e72c176611fdfa738dac62a0f79b58,439.70
97bd42868ba98bb9a757c729d8d6e259644117e4,447.53
b033535fe2cf887de8076221a0d614abfcf17d7b,451.48
574e76eb211b43ea792ac69955a0bbcc244965e9,451.28
fc7c7f18cdbb55ca1c1fb708ae573c64e5e3ead5,446.83
2c07dc3e05ec1efe3c696d4888421fd6d03f4c10,449.24
4d94c5d0f0e60e50d555178ff0ca5b8d4da5f054,458.54
380652774a227310ff81d61e2e3247ee0156268b,441.70
ea41269c6e317547a42b57e816d05fb1780abdff,446.62
68a1083c447f368a2f21b75589d0140f8a750e7f,452.86
d65185506919c50de85e766771898fdbd054e77b,461.40
4ffc755b2ed01a2f97115128c4b7b9eeba4638af,448.78
d65185506919c50de85e766771898fdbd054e77b,453.40
68a1083c447f368a2f21b75589d0140f8a750e7f,450.68
5dab7a2379aaa7141c6c4e8306a139a6b8dd3ada,452.56
384bf2cba16120166c5044f868096ab02599ac76,449.20
9e9e15856d41f55cee4a215acae3c3866e78d200,449.97
574e76eb211b43ea792ac69955a0bbcc244965e9,452.23
311d2e7e7123814364907b65143117efc3ddf92d,469.31
456a5545fe7d79ca2851d9a24528972159d37f66,451.89
668514d0e1be5f1dae2048b145298ce9e116e34c,453.72
bb16e0693819afb821bce6943d8cbd178266a63e,458.36
1beb36dca19bb90c805d38e8b1f2787d169a759e,463.26
f14bd640bf48bfbabb0ad17da4322e3c75eaa547,451.21
f052908ec90e12bdc6b67915ef2290aa9eefa48b,448.03
456a5545fe7d79ca2851d9a24528972159d37f66,447.87
d758acab64d16f7dfb664f18fd9c0f63901d7138,464.29
802e7b4e3e1d6501605f874d1cec4241d411f325,450.02
81a9f5320614029f04838945674e3087eec01a63,449.10
d745f85315b33fb72c5b6d8ac155451c85f5a6be,454.76
d758acab64d16f7dfb664f18fd9c0f63901d7138,463.34
d745f85315b33fb72c5b6d8ac155451c85f5a6be,450.96
1c4fe033f7612d4aeb0f4324538c8e3dd4d25668,454.92
799b9aa3e623b56092100fa672c034ae9f259038,450.65
2c07dc3e05ec1efe3c696d4888421fd6d03f4c10,455.96
1bae7a28d5991f712980e6e36e76d3002f500f47,450.47
c07ba8a34b6a6d6665928e106fea67bd9144e4e0,448.89
de098c35e91f9a8c15c56cc3dd30a2ff32582201,449.08
b033535fe2cf887de8076221a0d614abfcf17d7b,456.41
3f7d2c71dbbbb289c684f339874eed8ac2747fa0,451.17
dd8e832191e78a417a03c88512b1d7eeb7f486d4,449.53
380652774a227310ff81d61e2e3247ee0156268b,442.04
73e26919b941be2816d60e15872ee0d9ca77c56e,451.89
68a1083c447f368a2f21b75589d0140f8a750e7f,456.27
1c4fe033f7612d4aeb0f4324538c8e3dd4d25668,462.96
0b9eab69d394b38f776079a20dc19ed5848748b4,455.15
384bf2cba16120166c5044f868096ab02599ac76,448.31
3475eaf7aa744401cd36889f565d7b224b35a35b,455.06
be339d37c1750bab50445ae684537e8d3a890d15,456.52
924c480762e8af2ece8da553f7fe90244085341e,451.54
68a1083c447f368a2f21b75589d0140f8a750e7f,447.72
802e7b4e3e1d6501605f874d1cec4241d411f325,458.21
5dab7a2379aaa7141c6c4e8306a139a6b8dd3ada,452.65
627efb94e9ec8bcf09829fb8be5cbc4f4334fceb,454.66
2c8b9ad145d3b808be19ce03a99797215e0c3ca3,443.86
2c07dc3e05ec1efe3c696d4888421fd6d03f4c10,450.33
2c07dc3e05ec1efe3c696d4888421fd6d03f4c10,457.57
aa812e42a784bb551e3cda70078c2c1ed6147b20,443.49
4d94c5d0f0e60e50d555178ff0ca5b8d4da5f054,453.63
1beb36dca19bb90c805d38e8b1f2787d169a759e,453.12
27b9f632b1289c1b777bd1bd05bb73f61e11b419,444.93
5e6e9fc84826cb79a24906987cc5d54677482a70,456.21
8b5fb7be962959a922dafc2073718e1457196043,460.88
d599990c331989230a6e1d0e4fea9e577022cc9c,454.23
32ab9579f9df6f4c9dbab5e6e035dd5f8d644e2a,449.04
43cd48ba8e4701d429c8a7c1eea503ad139aaf90,436.18
862c256fb6e1166ca42a2f8b885c5285baf6c1f9,457.57
802e7b4e3e1d6501605f874d1cec4241d411f325,451.36
c765b819fcb5f24373fc165a7c651f0e87a0a25a,456.95
d599990c331989230a6e1d0e4fea9e577022cc9c,455.99
ae51709b8c07098fa688ec6be0b5a7dec7654178,442.03
3475eaf7aa744401cd36889f565d7b224b35a35b,462.66
76399e5b273d63d6affeb94597d8dfddce811964,456.42
27b9f632b1289c1b777bd1bd05bb73f61e11b419,449.25
d3705477a13939f5e3f15c5422d2c67611fbb8da,452.20
32ab9579f9df6f4c9dbab5e6e035dd5f8d644e2a,447.01
5e6e9fc84826cb79a24906987cc5d54677482a70,458.51
2cc22447970edb5a28bdedf682680a18c8adba1b,458.08
bb16e0693819afb821bce6943d8cbd178266a63e,447.58
109a47ac2e8dc1a510ff58a27b63bd18b377e13b,454.38
799b9aa3e623b56092100fa672c034ae9f259038,450.75
1c4fe033f7612d4aeb0f4324538c8e3dd4d25668,456.59
3f7d2c71dbbbb289c684f339874eed8ac2747fa0,452.41
2518e92a052d922d81d11e28b8e5205639fed9a7,447.90
834d3142304e0927dc659791da6a4521f271d7fd,448.83
b033535fe2cf887de8076221a0d614abfcf17d7b,456.32
1beb36dca19bb90c805d38e8b1f2787d169a759e,454.58
76903813da44b8971c9cd2beff41773376c6396c,458.81
799b9aa3e623b56092100fa672c034ae9f259038,449.71
924c480762e8af2ece8da553f7fe90244085341e,454.09
11185c4fc1a0bcfa15d59b23fe039bf5908a2a77,451.70
d599990c331989230a6e1d0e4fea9e577022cc9c,451.36
9e9e15856d41f55cee4a215acae3c3866e78d200,450.46
2c07dc3e05ec1efe3c696d4888421fd6d03f4c10,448.91
ab53e91503e6c405d2b6b647751bd17dcea8028f,451.15
c5792eb641b13f8a853b6f065b6998053d106b7d,454.54
e187364d813bff6df326d46690ccc514aa4c84ec,449.78
627efb94e9ec8bcf09829fb8be5cbc4f4334fceb,450.77
ab53e91503e6c405d2b6b647751bd17dcea8028f,447.35
fc7c7f18cdbb55ca1c1fb708ae573c64e5e3ead5,454.96
21ee3e98b71dfd0a86c0ddd4cedbc7c0517351ba,452.14
88730bf9f399aab6a150212faeea012598be9ec6,450.37
d599990c331989230a6e1d0e4fea9e577022cc9c,458.47
d84d6a145fa09440803bf184f7ad405167463f10,450.22
e187364d813bff6df326d46690ccc514aa4c84ec,449.77
20088820f17e190db7d68c13d3f1b99fc1cecc5f,449.48
16d2cc3e401a16b272cb182eaaa6f379839105ad,456.36
eab521f7a26c072b117f72c4371f71e75eafc55e,452.56
1c4fe033f7612d4aeb0f4324538c8e3dd4d25668,447.10
de098c35e91f9a8c15c56cc3dd30a2ff32582201,449.19
586c85420990eab5e0f07c324fc26fcdae3af05c,449.91
de098c35e91f9a8c15c56cc3dd30a2ff32582201,446.60
ae51709b8c07098fa688ec6be0b5a7dec7654178,452.94
862c256fb6e1166ca42a2f8b885c5285baf6c1f9,450.46
1beb36dca19bb90c805d38e8b1f2787d169a759e,447.73
68a1083c447f368a2f21b75589d0140f8a750e7f,453.01
fc7c7f18cdbb55ca1c1fb708ae573c64e5e3ead5,450.87
d745f85315b33fb72c5b6d8ac155451c85f5a6be,448.22
d9ec262369138ca840d4a34473427e401c4cc4a4,449.53
924c480762e8af2ece8da553f7fe90244085341e,450.94
574e76eb211b43ea792ac69955a0bbcc244965e9,446.28
eab521f7a26c072b117f72c4371f71e75eafc55e,454.27
3a158cfbcfe70c9a921b9ea525e2cd8113193219,448.84
109a47ac2e8dc1a510ff58a27b63bd18b377e13b,446.36
3c5061f03f27f13dcf546c9752e424af715bb02a,455.00
1833adf54de2ec33d68abf4a64202e8572d15ccd,454.75
f3dbb685f25c22a14079d9a7694ad27f78814253,459.38
4a28f7766124469dbdd5ad6179fe84abff3cd14f,448.89
8627ba3bde6edb7f91cf7122d7f8e9961096c4ff,448.19
20088820f17e190db7d68c13d3f1b99fc1cecc5f,448.61
3475eaf7aa744401cd36889f565d7b224b35a35b,450.04
2c8b9ad145d3b808be19ce03a99797215e0c3ca3,448.61
2518e92a052d922d81d11e28b8e5205639fed9a7,451.86
27b9f632b1289c1b777bd1bd05bb73f61e11b419,450.31
16d2cc3e401a16b272cb182eaaa6f379839105ad,450.62
b42fe0d5dfd882c5f544704b3dbe05c4301fe671,447.26
9779d0dbcfab0abdfad9b81c85db43543b797683,441.72
dd8e832191e78a417a03c88512b1d7eeb7f486d4,443.54
c765b819fcb5f24373fc165a7c651f0e87a0a25a,456.87
799b9aa3e623b56092100fa672c034ae9f259038,463.67
586c85420990eab5e0f07c324fc26fcdae3af05c,443.64
82200d7847e72c176611fdfa738dac62a0f79b58,442.54
43cd48ba8e4701d429c8a7c1eea503ad139aaf90,446.48
bb16e0693819afb821bce6943d8cbd178266a63e,458.58
574e76eb211b43ea792ac69955a0bbcc244965e9,450.23
35407bb1557e2ee11e27cff552d561b3d83266ae,2290.22
d6fd1637307f6b088eb226c3f979085725530f32,455.79
21ee3e98b71dfd0a86c0ddd4cedbc7c0517351ba,448.58
d599990c331989230a6e1d0e4fea9e577022cc9c,444.12
a4c375d8ef9d2a930b34a994719ebdbc076678b7,446.58
1c4fe033f7612d4aeb0f4324538c8e3dd4d25668,452.82
bb16e0693819afb821bce6943d8cbd178266a63e,451.28
d9ec262369138ca840d4a34473427e401c4cc4a4,450.00
21d8c188b27937079007f0129f2b372b857f2e16,447.32
668514d0e1be5f1dae2048b145298ce9e116e34c,447.32
0265937566f541e90933a6bd33192201095ecf4e,451.82
802e7b4e3e1d6501605f874d1cec4241d411f325,454.62
3f9f33d88355f22aefc7ea402da09fd1950289ce,466.42
9779d0dbcfab0abdfad9b81c85db43543b797683,449.17
ab53e91503e6c405d2b6b647751bd17dcea8028f,462.11
384bf2cba16120166c5044f868096ab02599ac76,445.23
d599990c331989230a6e1d0e4fea9e577022cc9c,457.11
8627ba3bde6edb7f91cf7122d7f8e9961096c4ff,452.22
b4fc2f243ce56618c74dd4cc9f0b2ccf4dca1bc5,454.03
0265937566f541e90933a6bd33192201095ecf4e,457.42
799b9aa3e623b56092100fa672c034ae9f259038,456.65
8b5fb7be962959a922dafc2073718e1457196043,450.55
2c07dc3e05ec1efe3c696d4888421fd6d03f4c10,452.43
862c256fb6e1166ca42a2f8b885c5285baf6c1f9,446.57
3f7d2c71dbbbb289c684f339874eed8ac2747fa0,452.37
edcc4a00cdf6d2d7b4ea81917e48e3e9570438a3,447.86
11185c4fc1a0bcfa15d59b23fe039bf5908a2a77,449.16
eab521f7a26c072b117f72c4371f71e75eafc55e,463.50
3f9f33d88355f22aefc7ea402da09fd1950289ce,456.39
834d3142304e0927dc659791da6a4521f271d7fd,450.77
dd8e832191e78a417a03c88512b1d7eeb7f486d4,453.41
3475eaf7aa744401cd36889f565d7b224b35a35b,452.28
ae51709b8c07098fa688ec6be0b5a7dec7654178,441.22
6c4f16f233cdfd7aedef33374609e9aa4ede255c,447.65
d65185506919c50de85e766771898fdbd054e77b,449.20
8b5fb7be962959a922dafc2073718e1457196043,457.30
a991deb4430343e8f22de5d5aa51f829bab52315,443.63
3f7d2c71dbbbb289c684f339874eed8ac2747fa0,453.35
dd8e832191e78a417a03c88512b1d7eeb7f486d4,443.38
0b9eab69d394b38f776079a20dc19ed5848748b4,451.44
be339d37c1750bab50445ae684537e8d3a890d15,452.74
802e7b4e3e1d6501605f874d1cec4241d411f325,460.93
11185c4fc1a0bcfa15d59b23fe039bf5908a2a77,458.93
574e76eb211b43ea792ac69955a0bbcc244965e9,452.45
e187364d813bff6df326d46690ccc514aa4c84ec,448.89
f2fe1eac288eccbb34bf048c20b0406d7db9636d,463.15
c765b819fcb5f24373fc165a7c651f0e87a0a25a,449.09
c3c952e55f10b07dd9d4a9121db1b3828b0a1bc7,443.84
b67cc18ba1814d1abdb16f8ee9bb5473aaa42cf8,445.45
1beb36dca19bb90c805d38e8b1f2787d169a759e,444.88
97bd42868ba98bb9a757c729d8d6e259644117e4,453.08
73f0278e5b5e938ffaef897a565a94db95df70b6,451.46
97bd42868ba98bb9a757c729d8d6e259644117e4,452.33
9e9e15856d41f55cee4a215acae3c3866e78d200,453.28
43cd48ba8e4701d429c8a7c1eea503ad139aaf90,443.26
8627ba3bde6edb7f91cf7122d7f8e9961096c4ff,449.24
586c85420990eab5e0f07c324fc26fcdae3af05c,449.99
35407bb1557e2ee11e27cff552d561b3d83266ae,2231.06
d9ec262369138ca840d4a34473427e401c4cc4a4,449.99
21d8c188b27937079007f0129f2b372b857f2e16,450.05
81a9f5320614029f04838945674e3087eec01a63,448.61
35407bb1557e2ee11e27cff552d561b3d83266ae,2152.06
9779d0dbcfab0abdfad9b81c85db43543b797683,443.73
627efb94e9ec8bcf09829fb8be5cbc4f4334fceb,450.47
0b9eab69d394b38f776079a20dc19ed5848748b4,450.94
0265937566f541e90933a6bd33192201095ecf4e,455.08
bb16e0693819afb821bce6943d8cbd178266a63e,448.24
aa812e42a784bb551e3cda70078c2c1ed6147b20,440.99
9779d0dbcfab0abdfad9b81c85db43543b797683,442.18
d599990c331989230a6e1d0e4fea9e577022cc9c,450.56
3c5061f03f27f13dcf546c9752e424af715bb02a,454.99
76399e5b273d63d6affeb94597d8dfddce811964,449.84
d84d6a145fa09440803bf184f7ad405167463f10,452.13
be339d37c1750bab50445ae684537e8d3a890d15,446.11
3c5061f03f27f13dcf546c9752e424af715bb02a,452.37
8f9b51dab9020d499bc2a2ca2fcb306bbfb4e734,454.47
862c256fb6e1166ca42a2f8b885c5285baf6c1f9,452.71
799b9aa3e623b56092100fa672c034ae9f259038,457.16
35407bb1557e2ee11e27cff552d561b3d83266ae,2253.16
20088820f17e190db7d68c13d3f1b99fc1cecc5f,447.92
aa812e42a784bb551e3cda70078c2c1ed6147b20,444.13
ea41269c6e317547a42b57e816d05fb1780abdff,452.49
4ffc755b2ed01a2f97115128c4b7b9eeba4638af,447.30
2c8b9ad145d3b808be19ce03a99797215e0c3ca3,442.88
d3705477a13939f5e3f15c5422d2c67611fbb8da,449.45
109a47ac2e8dc1a510ff58a27b63bd18b377e13b,438.94
f2fe1eac288eccbb34bf048c20b0406d7db9636d,445.67
9779d0dbcfab0abdfad9b81c85db43543b797683,439.61
380652774a227310ff81d61e2e3247ee0156268b,455.78
2c8b9ad145d3b808be19ce03a99797215e0c3ca3,447.94
f2fe1eac288eccbb34bf048c20b0406d7db9636d,455.19
311d2e7e7123814364907b65143117efc3ddf92d,451.60
4a28f7766124469dbdd5ad6179fe84abff3cd14f,449.48
fc7c7f18cdbb55ca1c1fb708ae573c64e5e3ead5,460.56
21d8c188b27937079007f0129f2b372b857f2e16,449.59
d94f56c25485b622ebf3b35b71868c74b9501ece,447.14
c765b819fcb5f24373fc165a7c651f0e87a0a25a,450.06
924c480762e8af2ece8da553f7fe90244085341e,455.20
2c07dc3e05ec1efe3c696d4888421fd6d03f4c10,466.82
2c07dc3e05ec1efe3c696d4888421fd6d03f4c10,452.49
a4c375d8ef9d2a930b34a994719ebdbc076678b7,451.95
76903813da44b8971c9cd2beff41773376c6396c,451.49
5dab7a2379aaa7141c6c4e8306a139a6b8dd3ada,451.19
76399e5b273d63d6affeb94597d8dfddce811964,445.99
0265937566f541e90933a6bd33192201095ecf4e,454.11
799b9aa3e623b56092100fa672c034ae9f259038,445.82
c07ba8a34b6a6d6665928e106fea67bd9144e4e0,452.50
21d8c188b27937079007f0129f2b372b857f2e16,449.38
07df0dea236d2fce4980dc3878bdb42920faf8b9,447.40
586c85420990eab5e0f07c324fc26fcdae3af05c,452.32
d9ec262369138ca840d4a34473427e401c4cc4a4,452.65
3f7d2c71dbbbb289c684f339874eed8ac2747fa0,455.00
627efb94e9ec8bcf09829fb8be5cbc4f4334fceb,452.70
b42fe0d5dfd882c5f544704b3dbe05c4301fe671,448.53
4a28f7766124469dbdd5ad6179fe84abff3cd14f,449.90
16d2cc3e401a16b272cb182eaaa6f379839105ad,459.05
73e26919b941be2816d60e15872ee0d9ca77c56e,445.89
f3dbb685f25c22a14079d9a7694ad27f78814253,460.76
76399e5b273d63d6affeb94597d8dfddce811964,451.76
924c480762e8af2ece8da553f7fe90244085341e,453.40
c1ee93355ba4bc6a430aed0ea8db7369f7d0895f,449.39
11185c4fc1a0bcfa15d59b23fe039bf5908a2a77,452.40
668514d0e1be5f1dae2048b145298ce9e116e34c,453.47
c07ba8a34b6a6d6665928e106fea67bd9144e4e0,457.10
799b9aa3e623b56092100fa672c034ae9f259038,447.45
5dab7a2379aaa7141c6c4e8306a139a6b8dd3ada,458.14
1833adf54de2ec33d68abf4a64202e8572d15ccd,448.77
456a5545fe7d79ca2851d9a24528972159d37f66,452.19
2c8b9ad145d3b808be19ce03a99797215e0c3ca3,446.13
f3dbb685f25c22a14079d9a7694ad27f78814253,454.53
73e26919b941be2816d60e15872ee0d9ca77c56e,446.72
e187364d813bff6df326d46690ccc514aa4c84ec,459.15
3f7d2c71dbbbb289c684f339874eed8ac2747fa0,458.50
b4fc2f243ce56618c74dd4cc9f0b2ccf4dca1bc5,445.51
82200d7847e72c176611fdfa738dac62a0f79b58,462.66
bb16e0693819afb821bce6943d8cbd178266a63e,451.10
dd8e832191e78a417a03c88512b1d7eeb7f486d4,446.02
d3705477a13939f5e3f15c5422d2c67611fbb8da,463.68
3f9f33d88355f22aefc7ea402da09fd1950289ce,450.08
3a158cfbcfe70c9a921b9ea525e2cd8113193219,452.85
d3705477a13939f5e3f15c5422d2c67611fbb8da,447.80
c765b819fcb5f24373fc165a7c651f0e87a0a25a,447.52
73f0278e5b5e938ffaef897a565a94db95df70b6,446.59
862c256fb6e1166ca42a2f8b885c5285baf6c1f9,448.29
ea41269c6e317547a42b57e816d05fb1780abdff,452.90
07df0dea236d2fce4980dc3878bdb42920faf8b9,454.01
cf06d02074c2526944c8a08c7b641ef51d31343b,452.89
586c85420990eab5e0f07c324fc26fcdae3af05c,451.76
0265937566f541e90933a6bd33192201095ecf4e,455.23
5e6e9fc84826cb79a24906987cc5d54677482a70,449.63
c3c952e55f10b07dd9d4a9121db1b3828b0a1bc7,446.08
bb16e0693819afb821bce6943d8cbd178266a63e,462.08
3f7d2c71dbbbb289c684f339874eed8ac2747fa0,456.26
35407bb1557e2ee11e27cff552d561b3d83266ae,2236.86
68a1083c447f368a2f21b75589d0140f8a750e7f,455.15
802e7b4e3e1d6501605f874d1cec4241d411f325,452.92
2518e92a052d922d81d11e28b8e5205639fed9a7,447.40
d745f85315b33fb72c5b6d8ac155451c85f5a6be,445.64
1833adf54de2ec33d68abf4a64202e8572d15ccd,448.07
d9ec262369138ca840d4a34473427e401c4cc4a4,448.73
d3705477a13939f5e3f15c5422d2c67611fbb8da,448.48
802e7b4e3e1d6501605f874d1cec4241d411f325,451.00
16d2cc3e401a16b272cb182eaaa6f379839105ad,454.52
d6fd1637307f6b088eb226c3f979085725530f32,455.88
f3dbb685f25c22a14079d9a7694ad27f78814253,455.50
be339d37c1750bab50445ae684537e8d3a890d15,453.75
aa812e42a784bb551e3cda70078c2c1ed6147b20,447.02
07df0dea236d2fce4980dc3878bdb42920faf8b9,452.85
2518e92a052d922d81d11e28b8e5205639fed9a7,447.60
d9ec262369138ca840d4a34473427e401c4cc4a4,452.16
11185c4fc1a0bcfa15d59b23fe039bf5908a2a77,450.15
d758acab64d16f7dfb664f18fd9c0f63901d7138,451.31
21ee3e98b71dfd0a86c0ddd4cedbc7c0517351ba,448.11
cf06d02074c2526944c8a08c7b641ef51d31343b,450.77
21d8c188b27937079007f0129f2b372b857f2e16,448.06
1833adf54de2ec33d68abf4a64202e8572d15ccd,460.35
9e9e15856d41f55cee4a215acae3c3866e78d200,446.78
ab53e91503e6c405d2b6b647751bd17dcea8028f,448.57
b033535fe2cf887de8076221a0d614abfcf17d7b,453.60
27b9f632b1289c1b777bd1bd05bb73f61e11b419,451.34
aa812e42a784bb551e3cda70078c2c1ed6147b20,439.48
4d94c5d0f0e60e50d555178ff0ca5b8d4da5f054,447.57
27b9f632b1289c1b777bd1bd05bb73f61e11b419,449.88
be339d37c1750bab50445ae684537e8d3a890d15,450.00
b033535fe2cf887de8076221a0d614abfcf17d7b,445.14
c07ba8a34b6a6d6665928e106fea67bd9144e4e0,457.44
11185c4fc1a0bcfa15d59b23fe039bf5908a2a77,452.87
2cc22447970edb5a28bdedf682680a18c8adba1b,454.03
11185c4fc1a0bcfa15d59b23fe039bf5908a2a77,450.19
c3c952e55f10b07dd9d4a9121db1b3828b0a1bc7,446.28
edcc4a00cdf6d2d7b4ea81917e48e3e9570438a3,448.02
32ab9579f9df6f4c9dbab5e6e035dd5f8d644e2a,459.91
802e7b4e3e1d6501605f874d1cec4241d411f325,449.58
d3705477a13939f5e3f15c5422d2c67611fbb8da,449.88
668514d0e1be5f1dae2048b145298ce9e116e34c,444.93
35407bb1557e2ee11e27cff552d561b3d83266ae,2226.81
380652774a227310ff81d61e2e3247ee0156268b,446.29
81a9f5320614029f04838945674e3087eec01a63,455.45
73f0278e5b5e938ffaef897a565a94db95df70b6,457.45
27b9f632b1289c1b777bd1bd05bb73f61e11b419,453.72
2c8b9ad145d3b808be19ce03a99797215e0c3ca3,449.03
311d2e7e7123814364907b65143117efc3ddf92d,450.95
73f0278e5b5e938ffaef897a565a94db95df70b6,451.96
d84d6a145fa09440803bf184f7ad405167463f10,463.60
f2fe1eac288eccbb34bf048c20b0406d7db9636d,446.13
3c5061f03f27f13dcf546c9752e424af715bb02a,447.69
c765b819fcb5f24373fc165a7c651f0e87a0a25a,445.21
fc7c7f18cdbb55ca1c1fb708ae573c64e5e3ead5,449.65
68a1083c447f368a2f21b75589d0140f8a750e7f,460.18
de098c35e91f9a8c15c56cc3dd30a2ff32582201,449.91
2c07dc3e05ec1efe3c696d4888421fd6d03f4c10,447.39
3a158cfbcfe70c9a921b9ea525e2cd8113193219,451.09
4ffc755b2ed01a2f97115128c4b7b9eeba4638af,447.74
97bd42868ba98bb9a757c729d8d6e259644117e4,455.70
c3c952e55f10b07dd9d4a9121db1b3828b0a1bc7,445.64
c3c952e55f10b07dd9d4a9121db1b3828b0a1bc7,455.35
21ee3e98b71dfd0a86c0ddd4cedbc7c0517351ba,452.59
a4c375d8ef9d2a930b34a994719ebdbc076678b7,454.04
68a1083c447f368a2f21b75589d0140f8a750e7f,447.19
cf06d02074c2526944c8a08c7b641ef51d31343b,449.71
456a5545fe7d79ca2851d9a24528972159d37f66,455.22
1bae7a28d5991f712980e6e36e76d3002f500f47,449.05
b033535fe2cf887de8076221a0d614abfcf17d7b,445.22
76399e5b273d63d6affeb94597d8dfddce811964,452.00
1833adf54de2ec33d68abf4a64202e8572d15ccd,451.74
8f9b51dab9020d499bc2a2ca2fcb306bbfb4e734,467.75
c3c952e55f10b07dd9d4a9121db1b3828b0a1bc7,445.19
574e76eb211b43ea792ac69955a0bbcc244965e9,443.85
0265937566f541e90933a6bd33192201095ecf4e,452.52
eab521f7a26c072b117f72c4371f71e75eafc55e,451.38
0265937566f541e90933a6bd33192201095ecf4e,448.33
3f9f33d88355f22aefc7ea402da09fd1950289ce,452.79
b42fe0d5dfd882c5f544704b3dbe05c4301fe671,459.97
c5792eb641b13f8a853b6f065b6998053d106b7d,456.22
3f9f33d88355f22aefc7ea402da09fd1950289ce,448.99
1c4fe033f7612d4aeb0f4324538c8e3dd4d25668,463.87
a991deb4430343e8f22de5d5aa51f829bab52315,443.42
d758acab64d16f7dfb664f18fd9c0f63901d7138,449.60
924c480762e8af2ece8da553f7fe90244085341e,458.66
c765b819fcb5f24373fc165a7c651f0e87a0a25a,447.72
20088820f17e190db7d68c13d3f1b99fc1cecc5f,445.58
3c5061f03f27f13dcf546c9752e424af715bb02a,453.22
8f9b51dab9020d499bc2a2ca2fcb306bbfb4e734,453.84
3f7d2c71dbbbb289c684f339874eed8ac2747fa0,453.07
799b9aa3e623b56092100fa672c034ae9f259038,451.79
2518e92a052d922d81d11e28b8e5205639fed9a7,454.15
5dab7a2379aaa7141c6c4e8306a139a6b8dd3ada,452.06
b4fc2f243ce56618c74dd4cc9f0b2ccf4dca1bc5,449.94
de098c35e91f9a8c15c56cc3dd30a2ff32582201,456.78
16d2cc3e401a16b272cb182eaaa6f379839105ad,452.30
2cc22447970edb5a28bdedf682680a18c8adba1b,450.81
1beb36dca19bb90c805d38e8b1f2787d169a759e,448.02
8f9b51dab9020d499bc2a2ca2fcb306bbfb4e734,450.72
80158d6fa7445506eaaafdeadb1f4dc291ca10a5,452.34
d745f85315b33fb72c5b6d8ac155451c85f5a6be,447.51
6c4f16f233cdfd7aedef33374609e9aa4ede255c,459.21
d65185506919c50de85e766771898fdbd054e77b,460.89
456a5545fe7d79ca2851d9a24528972159d37f66,448.06
21d8c188b27937079007f0129f2b372b857f2e16,449.09
f052908ec90e12bdc6b67915ef2290aa9eefa48b,449.00
edcc4a00cdf6d2d7b4ea81917e48e3e9570438a3,447.36
f3dbb685f25c22a14079d9a7694ad27f78814253,456.85
a991deb4430343e8f22de5d5aa51f829bab52315,442.77
73e26919b941be2816d60e15872ee0d9ca77c56e,448.92
2518e92a052d922d81d11e28b8e5205639fed9a7,451.78
f14bd640bf48bfbabb0ad17da4322e3c75eaa547,452.17
1833adf54de2ec33d68abf4a64202e8572d15ccd,456.26
802e7b4e3e1d6501605f874d1cec4241d411f325,465.55
a991deb4430343e8f22de5d5aa51f829bab52315,456.68
574e76eb211b43ea792ac69955a0bbcc244965e9,448.40
43cd48ba8e4701d429c8a7c1eea503ad139aaf90,444.07
8b5fb7be962959a922dafc2073718e1457196043,452.62
fc7c7f18cdbb55ca1c1fb708ae573c64e5e3ead5,454.90
4ffc755b2ed01a2f97115128c4b7b9eeba4638af,446.21
2cc22447970edb5a28bdedf682680a18c8adba1b,453.67
c765b819fcb5f24373fc165a7c651f0e87a0a25a,450.75
81a9f5320614029f04838945674e3087eec01a63,449.74
8f9b51dab9020d499bc2a2ca2fcb306bbfb4e734,458.04
ea41269c6e317547a42b57e816d05fb1780abdff,448.29
3a158cfbcfe70c9a921b9ea525e2cd8113193219,450.50
924c480762e8af2ece8da553f7fe90244085341e,455.55
2c8b9ad145d3b808be19ce03a99797215e0c3ca3,446.52
d758acab64d16f7dfb664f18fd9c0f63901d7138,454.75
81a9f5320614029f04838945674e3087eec01a63,450.00
dd8e832191e78a417a03c88512b1d7eeb7f486d4,452.86
3f9f33d88355f22aefc7ea402da09fd1950289ce,447.96
a4c375d8ef9d2a930b34a994719ebdbc076678b7,456.79
fc7c7f18cdbb55ca1c1fb708ae573c64e5e3ead5,446.95
d9ec262369138ca840d4a34473427e401c4cc4a4,451.04
f052908ec90e12bdc6b67915ef2290aa9eefa48b,445.77
9e9e15856d41f55cee4a215acae3c3866e78d200,451.22
a991deb4430343e8f22de5d5aa51f829bab52315,441.34
5dab7a2379aaa7141c6c4e8306a139a6b8dd3ada,450.56
76399e5b273d63d6affeb94597d8dfddce811964,449.40
862c256fb6e1166ca42a2f8b885c5285baf6c1f9,448.22
21ee3e98b71dfd0a86c0ddd4cedbc7c0517351ba,452.27
384bf2cba16120166c5044f868096ab02599ac76,456.28
21d8c188b27937079007f0129f2b372b857f2e16,455.47
d745f85315b33fb72c5b6d8ac155451c85f5a6be,449.26
21ee3e98b71dfd0a86c0ddd4cedbc7c0517351ba,451.97
80158d6fa7445506eaaafdeadb1f4dc291ca10a5,449.19
8627ba3bde6edb7f91cf7122d7f8e9961096c4ff,453.73
d745f85315b33fb72c5b6d8ac155451c85f5a6be,449.04
32ab9579f9df6f4c9dbab5e6e035dd5f8d644e2a,449.85
c765b819fcb5f24373fc165a7c651f0e87a0a25a,445.65
b4fc2f243ce56618c74dd4cc9f0b2ccf4dca1bc5,454.59
21ee3e98b71dfd0a86c0ddd4cedbc7c0517351ba,450.10
c5792eb641b13f8a853b6f065b6998053d106b7d,455.02
97bd42868ba98bb9a757c729d8d6e259644117e4,450.41
2c07dc3e05ec1efe3c696d4888421fd6d03f4c10,446.43
16d2cc3e401a16b272cb182eaaa6f379839105ad,448.19
c1ee93355ba4bc6a430aed0ea8db7369f7d0895f,467.36
43cd48ba8e4701d429c8a7c1eea503ad139aaf90,444.80
d9ec262369138ca840d4a34473427e401c4cc4a4,450.51
2cc22447970edb5a28bdedf682680a18c8adba1b,452.64
ea41269c6e317547a42b57e816d05fb1780abdff,449.62
8627ba3bde6edb7f91cf7122d7f8e9961096c4ff,451.83
a991deb4430343e8f22de5d5aa51f829bab52315,449.01
2c07dc3e05ec1efe3c696d4888421fd6d03f4c10,451.64
834d3142304e0927dc659791da6a4521f271d7fd,458.50
11185c4fc1a0bcfa15d59b23fe039bf5908a2a77,451.40
aa812e42a784bb551e3cda70078c2c1ed6147b20,451.84
1bae7a28d5991f712980e6e36e76d3002f500f47,451.51
d599990c331989230a6e1d0e4fea9e577022cc9c,448.40
11185c4fc1a0bcfa15d59b23fe039bf5908a2a77,449.44
eab521f7a26c072b117f72c4371f71e75eafc55e,452.35
d84d6a145fa09440803bf184f7ad405167463f10,453.05
d3705477a13939f5e3f15c5422d2c67611fbb8da,450.98
aa812e42a784bb551e3cda70078c2c1ed6147b20,444.52
de098c35e91f9a8c15c56cc3dd30a2ff32582201,451.35
2cc22447970edb5a28bdedf682680a18c8adba1b,454.28
d65185506919c50de85e766771898fdbd054e77b,452.82
d9ec262369138ca840d4a34473427e401c4cc4a4,461.36
384bf2cba16120166c5044f868096ab02599ac76,446.88
eab521f7a26c072b117f72c4371f71e75eafc55e,455.39
5e6e9fc84826cb79a24906987cc5d54677482a70,449.72
b67cc18ba1814d1abdb16f8ee9bb5473aaa42cf8,451.45
11185c4fc1a0bcfa15d59b23fe039bf5908a2a77,448.37
27b9f632b1289c1b777bd1bd05bb73f61e11b419,450.24
d94f56c25485b622ebf3b35b71868c74b9501ece,442.66
8b5fb7be962959a922dafc2073718e1457196043,468.52
eab521f7a26c072b117f72c4371f71e75eafc55e,448.76
ae51709b8c07098fa688ec6be0b5a7dec7654178,446.97
cf06d02074c2526944c8a08c7b641ef51d31343b,456.82
82200d7847e72c176611fdfa738dac62a0f79b58,447.78
dd8e832191e78a417a03c88512b1d7eeb7f486d4,449.00
de098c35e91f9a8c15c56cc3dd30a2ff32582201,446.43
f14bd640bf48bfbabb0ad17da4322e3c75eaa547,453.97
3f9f33d88355f22aefc7ea402da09fd1950289ce,460.23
8627ba3bde6edb7f91cf7122d7f8e9961096c4ff,450.71
834d3142304e0927dc659791da6a4521f271d7fd,449.14
924c480762e8af2ece8da553f7fe90244085341e,457.34
76399e5b273d63d6affeb94597d8dfddce811964,446.41
aa812e42a784bb551e3cda70078c2c1ed6147b20,446.97
f2fe1eac288eccbb34bf048c20b0406d7db9636d,454.25
a4c375d8ef9d2a930b34a994719ebdbc076678b7,453.10
9e9e15856d41f55cee4a215acae3c3866e78d200,450.22
8b5fb7be962959a922dafc2073718e1457196043,457.88
d94f56c25485b622ebf3b35b71868c74b9501ece,440.60
c1ee93355ba4bc6a430aed0ea8db7369f7d0895f,450.47
a4c375d8ef9d2a930b34a994719ebdbc076678b7,451.88
0b9eab69d394b38f776079a20dc19ed5848748b4,445.05
16d2cc3e401a16b272cb182eaaa6f379839105ad,455.21
82200d7847e72c176611fdfa738dac62a0f79b58,452.23
924c480762e8af2ece8da553f7fe90244085341e,448.81
4ffc755b2ed01a2f97115128c4b7b9eeba4638af,445.27
799b9aa3e623b56092100fa672c034ae9f259038,452.67
d3705477a13939f5e3f15c5422d2c67611fbb8da,453.62
27b9f632b1289c1b777bd1bd05bb73f61e11b419,453.80
5e6e9fc84826cb79a24906987cc5d54677482a70,450.06
b42fe0d5dfd882c5f544704b3dbe05c4301fe671,449.66
20088820f17e190db7d68c13d3f1b99fc1cecc5f,447.97
8627ba3bde6edb7f91cf7122d7f8e9961096c4ff,450.25
0b9eab69d394b38f776079a20dc19ed5848748b4,451.76
574e76eb211b43ea792ac69955a0bbcc244965e9,451.98
f3dbb685f25c22a14079d9a7694ad27f78814253,446.96
f052908ec90e12bdc6b67915ef2290aa9eefa48b,457.82
109a47ac2e8dc1a510ff58a27b63bd18b377e13b,462.95
4d94c5d0f0e60e50d555178ff0ca5b8d4da5f054,451.97
de098c35e91f9a8c15c56cc3dd30a2ff32582201,445.98
4a28f7766124469dbdd5ad6179fe84abff3cd14f,450.57
16d2cc3e401a16b272cb182eaaa6f379839105ad,451.79
fc7c7f18cdbb55ca1c1fb708ae573c64e5e3ead5,450.60
2cc22447970edb5a28bdedf682680a18c8adba1b,454.13
35407bb1557e2ee11e27cff552d561b3d83266ae,2315.94
b67cc18ba1814d1abdb16f8ee9bb5473aaa42cf8,447.19
802e7b4e3e1d6501605f874d1cec4241d411f325,455.22
4d94c5d0f0e60e50d555178ff0ca5b8d4da5f054,455.16
aa812e42a784bb551e3cda70078c2c1ed6147b20,443.88
ea41269c6e317547a42b57e816d05fb1780abdff,460.36
1beb36dca19bb90c805d38e8b1f2787d169a759e,450.97
68a1083c447f368a2f21b75589d0140f8a750e7f,449.86
8b5fb7be962959a922dafc2073718e1457196043,453.63
e187364d813bff6df326d46690ccc514aa4c84ec,450.56
ab53e91503e6c405d2b6b647751bd17dcea8028f,453.48
73e26919b941be2816d60e15872ee0d9ca77c56e,448.00
456a5545fe7d79ca2851d9a24528972159d37f66,445.78
9779d0dbcfab0abdfad9b81c85db43543b797683,441.24
73f0278e5b5e938ffaef897a565a94db95df70b6,449.35
311d2e7e7123814364907b65143117efc3ddf92d,449.99
5e6e9fc84826cb79a24906987cc5d54677482a70,449.56
eab521f7a26c072b117f72c4371f71e75eafc55e,452.78
c5792eb641b13f8a853b6f065b6998053d106b7d,457.04
b67cc18ba1814d1abdb16f8ee9bb5473aaa42cf8,445.51
76903813da44b8971c9cd2beff41773376c6396c,462.89
380652774a227310ff81d61e2e3247ee0156268b,445.61
2518e92a052d922d81d11e28b8e5205639fed9a7,448.59
d758acab64d16f7dfb664f18fd9c0f63901d7138,452.47
3c5061f03f27f13dcf546c9752e424af715bb02a,457.75
834d3142304e0927dc659791da6a4521f271d7fd,455.34
924c480762e8af2ece8da553f7fe90244085341e,447.46
d65185506919c50de85e766771898fdbd054e77b,449.37
f052908ec90e12bdc6b67915ef2290aa9eefa48b,445.32
ea41269c6e317547a42b57e816d05fb1780abdff,451.61
2cc22447970edb5a28bdedf682680a18c8adba1b,451.43
8b5fb7be962959a922dafc2073718e1457196043,449.73
16d2cc3e401a16b272cb182eaaa6f379839105ad,449.81
862c256fb6e1166ca42a2f8b885c5285baf6c1f9,452.83
73f0278e5b5e938ffaef897a565a94db95df70b6,445.63
f3dbb685f25c22a14079d9a7694ad27f78814253,450.42
d599990c331989230a6e1d0e4fea9e577022cc9c,449.93
be339d37c1750bab50445ae684537e8d3a890d15,451.98
07df0dea236d2fce4980dc3878bdb42920faf8b9,448.74
4a28f7766124469dbdd5ad6179fe84abff3cd14f,448.70
aa812e42a784bb551e3cda70078c2c1ed6147b20,454.15
d65185506919c50de85e766771898fdbd054e77b,446.54
d599990c331989230a6e1d0e4fea9e577022cc9c,451.50
0b9eab69d394b38f776079a20dc19ed5848748b4,450.60
384bf2cba16120166c5044f868096ab02599ac76,461.75
1beb36dca19bb90c805d38e8b1f2787d169a759e,453.75
1bae7a28d5991f712980e6e36e76d3002f500f47,452.49
3f9f33d88355f22aefc7ea402da09fd1950289ce,444.79
4d94c5d0f0e60e50d555178ff0ca5b8d4da5f054,454.05
d84d6a145fa09440803bf184f7ad405167463f10,452.71
80158d6fa7445506eaaafdeadb1f4dc291ca10a5,446.98
d6fd1637307f6b088eb226c3f979085725530f32,446.59
d65185506919c50de85e766771898fdbd054e77b,451.43
2518e92a052d922d81d11e28b8e5205639fed9a7,447.69
a991deb4430343e8f22de5d5aa51f829bab52315,444.94
0265937566f541e90933a6bd33192201095ecf4e,455.34
c5792eb641b13f8a853b6f065b6998053d106b7d,449.19
456a5545fe7d79ca2851d9a24528972159d37f66,459.19
3475eaf7aa744401cd36889f565d7b224b35a35b,447.33
109a47ac2e8dc1a510ff58a27b63bd18b377e13b,446.21
586c85420990eab5e0f07c324fc26fcdae3af05c,453.81
bb16e0693819afb821bce6943d8cbd178266a63e,454.30
dd8e832191e78a417a03c88512b1d7eeb7f486d4,455.76
f14bd640bf48bfbabb0ad17da4322e3c75eaa547,452.69
b4fc2f243ce56618c74dd4cc9f0b2ccf4dca1bc5,448.57
97bd42868ba98bb9a757c729d8d6e259644117e4,453.60
ab53e91503e6c405d2b6b647751bd17dcea8028f,456.40
586c85420990eab5e0f07c324fc26fcdae3af05c,445.25
1beb36dca19bb90c805d38e8b1f2787d169a759e,461.41
20088820f17e190db7d68c13d3f1b99fc1cecc5f,444.56
bb16e0693819afb821bce6943d8cbd178266a63e,449.73
b42fe0d5dfd882c5f544704b3dbe05c4301fe671,450.02
f2fe1eac288eccbb34bf048c20b0406d7db9636d,449.31
3f9f33d88355f22aefc7ea402da09fd1950289ce,460.74
c765b819fcb5f24373fc165a7c651f0e87a0a25a,448.56
edcc4a00cdf6d2d7b4ea81917e48e3e9570438a3,459.36
1bae7a28d5991f712980e6e36e76d3002f500f47,455.42
668514d0e1be5f1dae2048b145298ce9e116e34c,455.00
a4c375d8ef9d2a930b34a994719ebdbc076678b7,450.52
1c4fe033f7612d4aeb0f4324538c8e3dd4d25668,450.49
fc7c7f18cdbb55ca1c1fb708ae573c64e5e3ead5,446.14
862c256fb6e1166ca42a2f8b885c5285baf6c1f9,451.37
81a9f5320614029f04838945674e3087eec01a63,459.21
f2fe1eac288eccbb34bf048c20b0406d7db9636d,452.32
9e9e15856d41f55cee4a215acae3c3866e78d200,449.50
4d94c5d0f0e60e50d555178ff0ca5b8d4da5f054,445.87
c3c952e55f10b07dd9d4a9121db1b3828b0a1bc7,447.26
c5792eb641b13f8a853b6f065b6998053d106b7d,450.37
668514d0e1be5f1dae2048b145298ce9e116e34c,452.56
c3c952e55f10b07dd9d4a9121db1b3828b0a1bc7,446.02
862c256fb6e1166ca42a2f8b885c5285baf6c1f9,459.51
574e76eb211b43ea792ac69955a0bbcc244965e9,453.62
3a158cfbcfe70c9a921b9ea525e2cd8113193219,459.70
c765b819fcb5f24373fc165a7c651f0e87a0a25a,448.66
a991deb4430343e8f22de5d5aa51f829bab52315,443.13
3c5061f03f27f13dcf546c9752e424af715bb02a,453.40
c5792eb641b13f8a853b6f065b6998053d106b7d,450.83
35407bb1557e2ee11e27cff552d561b3d83266ae,2243.95
d3705477a13939f5e3f15c5422d2c67611fbb8da,446.56
b033535fe2cf887de8076221a0d614abfcf17d7b,449.88
a4c375d8ef9d2a930b34a994719ebdbc076678b7,448.71
11185c4fc1a0bcfa15d59b23fe039bf5908a2a77,443.80
4ffc755b2ed01a2f97115128c4b7b9eeba4638af,453.20
dd8e832191e78a417a03c88512b1d7eeb7f486d4,446.37
c07ba8a34b6a6d6665928e106fea67bd9144e4e0,449.89
3f9f33d88355f22aefc7ea402da09fd1950289ce,449.85
de098c35e91f9a8c15c56cc3dd30a2ff32582201,443.76
799b9aa3e623b56092100fa672c034ae9f259038,450.15
3f9f33d88355f22aefc7ea402da09fd1950289ce,452.51
5e6e9fc84826cb79a24906987cc5d54677482a70,447.43
32ab9579f9df6f4c9dbab5e6e035dd5f8d644e2a,448.89
be339d37c1750bab50445ae684537e8d3a890d15,458.39
1beb36dca19bb90c805d38e8b1f2787d169a759e,452.42
80158d6fa7445506eaaafdeadb1f4dc291ca10a5,453.60
668514d0e1be5f1dae2048b145298ce9e116e34c,446.86
799b9aa3e623b56092100fa672c034ae9f259038,455.29
b67cc18ba1814d1abdb16f8ee9bb5473aaa42cf8,449.05
4d94c5d0f0e60e50d555178ff0ca5b8d4da5f054,452.93
384bf2cba16120166c5044f868096ab02599ac76,451.54
a991deb4430343e8f22de5d5aa51f829bab52315,441.21
1833adf54de2ec33d68abf4a64202e8572d15ccd,459.39
ab53e91503e6c405d2b6b647751bd17dcea8028f,456.31
c765b819fcb5f24373fc165a7c651f0e87a0a25a,454.48
862c256fb6e1166ca42a2f8b885c5285baf6c1f9,448.41
be339d37c1750bab50445ae684537e8d3a890d15,451.74
3c5061f03f27f13dcf546c9752e424af715bb02a,456.91
802e7b4e3e1d6501605f874d1cec4241d411f325,447.92
b4fc2f243ce56618c74dd4cc9f0b2ccf4dca1bc5,450.32
21d8c188b27937079007f0129f2b372b857f2e16,446.23
32ab9579f9df6f4c9dbab5e6e035dd5f8d644e2a,447.43
de098c35e91f9a8c15c56cc3dd30a2ff32582201,454.16
76399e5b273d63d6affeb94597d8dfddce811964,452.17
d6fd1637307f6b088eb226c3f979085725530f32,457.00
9779d0dbcfab0abdfad9b81c85db43543b797683,442.87
73e26919b941be2816d60e15872ee0d9ca77c56e,446.95
0b9eab69d394b38f776079a20dc19ed5848748b4,454.47
4d94c5d0f0e60e50d555178ff0ca5b8d4da5f054,455.21
668514d0e1be5f1dae2048b145298ce9e116e34c,454.63
802e7b4e3e1d6501605f874d1cec4241d411f325,451.79
11185c4fc1a0bcfa15d59b23fe039bf5908a2a77,450.86
ae51709b8c07098fa688ec6be0b5a7dec7654178,437.22
8f9b51dab9020d499bc2a2ca2fcb306bbfb4e734,452.67
4ffc755b2ed01a2f97115128c4b7b9eeba4638af,445.51
edcc4a00cdf6d2d7b4ea81917e48e3e9570438a3,447.32
be339d37c1750bab50445ae684537e8d3a890d15,456.71
aa812e42a784bb551e3cda70078c2c1ed6147b20,446.59
f14bd640bf48bfbabb0ad17da4322e3c75eaa547,453.22
73e26919b941be2816d60e15872ee0d9ca77c56e,446.96
aa812e42a784bb551e3cda70078c2c1ed6147b20,446.68
eab521f7a26c072b117f72c4371f71e75eafc55e,458.34
fc7c7f18cdbb55ca1c1fb708ae573c64e5e3ead5,443.89
b42fe0d5dfd882c5f544704b3dbe05c4301fe671,455.46
9e9e15856d41f55cee4a215acae3c3866e78d200,452.50
1833adf54de2ec33d68abf4a64202e8572d15ccd,447.30
76903813da44b8971c9cd2beff41773376c6396c,444.62
d758acab64d16f7dfb664f18fd9c0f63901d7138,455.49
9779d0dbcfab0abdfad9b81c85db43543b797683,442.87
aa812e42a784bb551e3cda70078c2c1ed6147b20,441.13
109a47ac2e8dc1a510ff58a27b63bd18b377e13b,445.63
b033535fe2cf887de8076221a0d614abfcf17d7b,451.98
799b9aa3e623b56092100fa672c034ae9f259038,453.62
76903813da44b8971c9cd2beff41773376c6396c,450.90
b42fe0d5dfd882c5f544704b3dbe05c4301fe671,454.00
80158d6fa7445506eaaafdeadb1f4dc291ca10a5,446.44
109a47ac2e8dc1a510ff58a27b63bd18b377e13b,443.67
cf06d02074c2526944c8a08c7b641ef51d31343b,447.81
1bae7a28d5991f712980e6e36e76d3002f500f47,451.90
799b9aa3e623b56092100fa672c034ae9f259038,448.33
8b5fb7be962959a922dafc2073718e1457196043,455.17
2c8b9ad145d3b808be19ce03a99797215e0c3ca3,442.62
43cd48ba8e4701d429c8a7c1eea503ad139aaf90,442.62
2cc22447970edb5a28bdedf682680a18c8adba1b,445.42
c1ee93355ba4bc6a430aed0ea8db7369f7d0895f,456.81
c765b819fcb5f24373fc165a7c651f0e87a0a25a,454.22
e187364d813bff6df326d46690ccc514aa4c84ec,450.34
ab53e91503e6c405d2b6b647751bd17dcea8028f,447.25
f052908ec90e12bdc6b67915ef2290aa9eefa48b,445.11
1c4fe033f7612d4aeb0f4324538c8e3dd4d25668,456.15
76399e5b273d63d6affeb94597d8dfddce811964,449.00
73f0278e5b5e938ffaef897a565a94db95df70b6,444.66
1833adf54de2ec33d68abf4a64202e8572d15ccd,451.56
8f9b51dab9020d499bc2a2ca2fcb306bbfb4e734,452.06
ae51709b8c07098fa688ec6be0b5a7dec7654178,446.32
32ab9579f9df6f4c9dbab5e6e035dd5f8d644e2a,450.25
c1ee93355ba4bc6a430aed0ea8db7369f7d0895f,451.43
76399e5b273d63d6affeb94597d8dfddce811964,445.68
d6fd1637307f6b088eb226c3f979085725530f32,450.36
32ab9579f9df6f4c9dbab5e6e035dd5f8d644e2a,451.85
6c4f16f233cdfd7aedef33374609e9aa4ede255c,453.19
456a5545fe7d79ca2851d9a24528972159d37f66,451.64
8627ba3bde6edb7f91cf7122d7f8e9961096c4ff,448.44
73e26919b941be2816d60e15872ee0d9ca77c56e,449.17
b67cc18ba1814d1abdb16f8ee9bb5473aaa42cf8,448.22
1bae7a28d5991f712980e6e36e76d3002f500f47,452.04
81a9f5320614029f04838945674e3087eec01a63,454.45
aa812e42a784bb551e3cda70078c2c1ed6147b20,447.45
9e9e15856d41f55cee4a215acae3c3866e78d200,451.95
07df0dea236d2fce4980dc3878bdb42920faf8b9,447.61
80158d6fa7445506eaaafdeadb1f4dc291ca10a5,453.52
586c85420990eab5e0f07c324fc26fcdae3af05c,446.79
ea41269c6e317547a42b57e816d05fb1780abdff,447.80
2cc22447970edb5a28bdedf682680a18c8adba1b,455.13
b033535fe2cf887de8076221a0d614abfcf17d7b,453.23
862c256fb6e1166ca42a2f8b885c5285baf6c1f9,445.40
76903813da44b8971c9cd2beff41773376c6396c,445.62
d9ec262369138ca840d4a34473427e401c4cc4a4,456.34
3475eaf7aa744401cd36889f565d7b224b35a35b,447.86
b67cc18ba1814d1abdb16f8ee9bb5473aaa42cf8,445.76
2c8b9ad145d3b808be19ce03a99797215e0c3ca3,447.22
43cd48ba8e4701d429c8a7c1eea503ad139aaf90,443.21
4d94c5d0f0e60e50d555178ff0ca5b8d4da5f054,452.19
c5792eb641b13f8a853b6f065b6998053d106b7d,447.19
d6fd1637307f6b088eb226c3f979085725530f32,445.28
586c85420990eab5e0f07c324fc26fcdae3af05c,451.79
c07ba8a34b6a6d6665928e106fea67bd9144e4e0,450.19
799b9aa3e623b56092100fa672c034ae9f259038,452.84
27b9f632b1289c1b777bd1bd05bb73f61e11b419,453.99
76903813da44b8971c9cd2beff41773376c6396c,462.86
924c480762e8af2ece8da553f7fe90244085341e,451.85
2c8b9ad145d3b808be19ce03a99797215e0c3ca3,444.18
4d94c5d0f0e60e50d555178ff0ca5b8d4da5f054,453.76
81a9f5320614029f04838945674e3087eec01a63,456.29
1833adf54de2ec33d68abf4a64202e8572d15ccd,446.39
76399e5b273d63d6affeb94597d8dfddce811964,446.02
11185c4fc1a0bcfa15d59b23fe039bf5908a2a77,445.94
de098c35e91f9a8c15c56cc3dd30a2ff32582201,445.27
de098c35e91f9a8c15c56cc3dd30a2ff32582201,449.01
b67cc18ba1814d1abdb16f8ee9bb5473aaa42cf8,453.98
d65185506919c50de85e766771898fdbd054e77b,453.60
b67cc18ba1814d1abdb16f8ee9bb5473aaa42cf8,444.24
a4c375d8ef9d2a930b34a994719ebdbc076678b7,447.82
2cc22447970edb5a28bdedf682680a18c8adba1b,448.95
76903813da44b8971c9cd2beff41773376c6396c,452.18
3475eaf7aa744401cd36889f565d7b224b35a35b,448.75
d84d6a145fa09440803bf184f7ad405167463f10,459.02
1bae7a28d5991f712980e6e36e76d3002f500f47,456.73
edcc4a00cdf6d2d7b4ea81917e48e3e9570438a3,448.44
384bf2cba16120166c5044f868096ab02599ac76,446.78
76903813da44b8971c9cd2beff41773376c6396c,445.32
2c8b9ad145d3b808be19ce03a99797215e0c3ca3,444.98
4d94c5d0f0e60e50d555178ff0ca5b8d4da5f054,446.96
380652774a227310ff81d61e2e3247ee0156268b,452.33
d599990c331989230a6e1d0e4fea9e577022cc9c,457.56
4d94c5d0f0e60e50d555178ff0ca5b8d4da5f054,449.03
802e7b4e3e1d6501605f874d1cec4241d411f325,454.08
e187364d813bff6df326d46690ccc514aa4c84ec,457.32
d6fd1637307f6b088eb226c3f979085725530f32,448.37
ae51709b8c07098fa688ec6be0b5a7dec7654178,447.80
a4c375d8ef9d2a930b34a994719ebdbc076678b7,462.13
5dab7a2379aaa7141c6c4e8306a139a6b8dd3ada,449.62
eab521f7a26c072b117f72c4371f71e75eafc55e,448.37
c765b819fcb5f24373fc165a7c651f0e87a0a25a,448.39
d758acab64d16f7dfb664f18fd9c0f63901d7138,450.48
c3c952e55f10b07dd9d4a9121db1b3828b0a1bc7,446.49
d84d6a145fa09440803bf184f7ad405167463f10,450.69
8627ba3bde6edb7f91cf7122d7f8e9961096c4ff,444.92
d94f56c25485b622ebf3b35b71868c74b9501ece,445.37
c5792eb641b13f8a853b6f065b6998053d106b7d,447.16
eab521f7a26c072b117f72c4371f71e75eafc55e,454.17
1beb36dca19bb90c805d38e8b1f2787d169a759e,450.12
c1ee93355ba4bc6a430aed0ea8db7369f7d0895f,451.26
3c5061f03f27f13dcf546c9752e424af715bb02a,447.65
d745f85315b33fb72c5b6d8ac155451c85f5a6be,452.85
574e76eb211b43ea792ac69955a0bbcc244965e9,455.70
27b9f632b1289c1b777bd1bd05bb73f61e11b419,460.98
cf06d02074c2526944c8a08c7b641ef51d31343b,458.22
d758acab64d16f7dfb664f18fd9c0f63901d7138,450.52
3475eaf7aa744401cd36889f565d7b224b35a35b,460.80
802e7b4e3e1d6501605f874d1cec4241d411f325,453.87
b4fc2f243ce56618c74dd4cc9f0b2ccf4dca1bc5,448.13
456a5545fe7d79ca2851d9a24528972159d37f66,452.79
3475eaf7aa744401cd36889f565d7b224b35a35b,464.24
4ffc755b2ed01a2f97115128c4b7b9eeba4638af,453.91
32ab9579f9df6f4c9dbab5e6e035dd5f8d644e2a,449.85
ab53e91503e6c405d2b6b647751bd17dcea8028f,452.51
4ffc755b2ed01a2f97115128c4b7b9eeba4638af,448.32
2518e92a052d922d81d11e28b8e5205639fed9a7,447.17
76903813da44b8971c9cd2beff41773376c6396c,451.17
3a158cfbcfe70c9a921b9ea525e2cd8113193219,465.81
aa812e42a784bb551e3cda70078c2c1ed6147b20,447.06
6c4f16f233cdfd7aedef33374609e9aa4ede255c,451.99
799b9aa3e623b56092100fa672c034ae9f259038,454.83
4a28f7766124469dbdd5ad6179fe84abff3cd14f,454.04
73f0278e5b5e938ffaef897a565a94db95df70b6,456.46
3a158cfbcfe70c9a921b9ea525e2cd8113193219,467.52
f052908ec90e12bdc6b67915ef2290aa9eefa48b,444.97
574e76eb211b43ea792ac69955a0bbcc244965e9,454.22
35407bb1557e2ee11e27cff552d561b3d83266ae,2260.50
fc7c7f18cdbb55ca1c1fb708ae573c64e5e3ead5,467.35
f3dbb685f25c22a14079d9a7694ad27f78814253,454.37
73f0278e5b5e938ffaef897a565a94db95df70b6,451.40
88730bf9f399aab6a150212faeea012598be9ec6,456.28
97bd42868ba98bb9a757c729d8d6e259644117e4,449.96
4ffc755b2ed01a2f97115128c4b7b9eeba4638af,451.69
81a9f5320614029f04838945674e3087eec01a63,448.99
311d2e7e7123814364907b65143117efc3ddf92d,456.06
f3dbb685f25c22a14079d9a7694ad27f78814253,449.14
43cd48ba8e4701d429c8a7c1eea503ad139aaf90,442.73
eab521f7a26c072b117f72c4371f71e75eafc55e,451.13
73e26919b941be2816d60e15872ee0d9ca77c56e,455.31
5e6e9fc84826cb79a24906987cc5d54677482a70,451.86
5e6e9fc84826cb79a24906987cc5d54677482a70,461.66
d758acab64d16f7dfb664f18fd9c0f63901d7138,451.78
ea41269c6e317547a42b57e816d05fb1780abdff,461.94
76903813da44b8971c9cd2beff41773376c6396c,461.03
0b9eab69d394b38f776079a20dc19ed5848748b4,458.28
8627ba3bde6edb7f91cf7122d7f8e9961096c4ff,456.36
8b5fb7be962959a922dafc2073718e1457196043,463.11
e187364d813bff6df326d46690ccc514aa4c84ec,451.37
8627ba3bde6edb7f91cf7122d7f8e9961096c4ff,448.73
be339d37c1750bab50445ae684537e8d3a890d15,451.77
3475eaf7aa744401cd36889f565d7b224b35a35b,452.46
2c07dc3e05ec1efe3c696d4888421fd6d03f4c10,453.88
4a28f7766124469dbdd5ad6179fe84abff3cd14f,455.26
4d94c5d0f0e60e50d555178ff0ca5b8d4da5f054,452.03
16d2cc3e401a16b272cb182eaaa6f379839105ad,448.56
edcc4a00cdf6d2d7b4ea81917e48e3e9570438a3,458.55
1bae7a28d5991f712980e6e36e76d3002f500f47,452.37
ab53e91503e6c405d2b6b647751bd17dcea8028f,456.39
380652774a227310ff81d61e2e3247ee0156268b,448.04
b42fe0d5dfd882c5f544704b3dbe05c4301fe671,449.28
c765b819fcb5f24373fc165a7c651f0e87a0a25a,446.60
d745f85315b33fb72c5b6d8ac155451c85f5a6be,452.11
1c4fe033f7612d4aeb0f4324538c8e3dd4d25668,455.51
834d3142304e0927dc659791da6a4521f271d7fd,445.96
20088820f17e190db7d68c13d3f1b99fc1cecc5f,450.11
d9ec262369138ca840d4a34473427e401c4cc4a4,448.45
6c4f16f233cdfd7aedef33374609e9aa4ede255c,451.32
cf06d02074c2526944c8a08c7b641ef51d31343b,454.33
ea41269c6e317547a42b57e816d05fb1780abdff,450.99
d65185506919c50de85e766771898fdbd054e77b,454.35
799b9aa3e623b56092100fa672c034ae9f259038,465.46
380652774a227310ff81d61e2e3247ee0156268b,441.70
0b9eab69d394b38f776079a20dc19ed5848748b4,449.54
88730bf9f399aab6a150212faeea012598be9ec6,451.89
2c8b9ad145d3b808be19ce03a99797215e0c3ca3,450.54
2518e92a052d922d81d11e28b8e5205639fed9a7,450.77
d758acab64d16f7dfb664f18fd9c0f63901d7138,458.64
2518e92a052d922d81d11e28b8e5205639fed9a7,453.44
ea41269c6e317547a42b57e816d05fb1780abdff,449.90
81a9f5320614029f04838945674e3087eec01a63,450.10
21ee3e98b71dfd0a86c0ddd4cedbc7c0517351ba,449.09
e187364d813bff6df326d46690ccc514aa4c84ec,454.89
d745f85315b33fb72c5b6d8ac155451c85f5a6be,450.57
924c480762e8af2ece8da553f7fe90244085341e,454.97
16d2cc3e401a16b272cb182eaaa6f379839105ad,465.04
82200d7847e72c176611fdfa738dac62a0f79b58,443.54
cf06d02074c2526944c8a08c7b641ef51d31343b,449.90
cf06d02074c2526944c8a08c7b641ef51d31343b,450.09
d84d6a145fa09440803bf184f7ad405167463f10,450.03
27b9f632b1289c1b777bd1bd05bb73f61e11b419,451.96
dd8e832191e78a417a03c88512b1d7eeb7f486d4,449.60
1beb36dca19bb90c805d38e8b1f2787d169a759e,455.84
cf06d02074c2526944c8a08c7b641ef51d31343b,463.84
c07ba8a34b6a6d6665928e106fea67bd9144e4e0,451.97
3c5061f03f27f13dcf546c9752e424af715bb02a,452.64
21d8c188b27937079007f0129f2b372b857f2e16,450.59
d758acab64d16f7dfb664f18fd9c0f63901d7138,453.04
07df0dea236d2fce4980dc3878bdb42920faf8b9,451.70
97bd42868ba98bb9a757c729d8d6e259644117e4,448.82
2cc22447970edb5a28bdedf682680a18c8adba1b,450.52
e187364d813bff6df326d46690ccc514aa4c84ec,456.15
d84d6a145fa09440803bf184f7ad405167463f10,466.21
d6fd1637307f6b088eb226c3f979085725530f32,450.13
c1ee93355ba4bc6a430aed0ea8db7369f7d0895f,448.89
76903813da44b8971c9cd2beff41773376c6396c,452.81
73f0278e5b5e938ffaef897a565a94db95df70b6,450.56
834d3142304e0927dc659791da6a4521f271d7fd,450.35
574e76eb211b43ea792ac69955a0bbcc244965e9,450.64
e187364d813bff6df326d46690ccc514aa4c84ec,451.37
35407bb1557e2ee11e27cff552d561b3d83266ae,2313.46
c1ee93355ba4bc6a430aed0ea8db7369f7d0895f,449.09
311d2e7e7123814364907b65143117efc3ddf92d,450.85
384bf2cba16120166c5044f868096ab02599ac76,449.37
35407bb1557e2ee11e27cff552d561b3d83266ae,2181.07
97bd42868ba98bb9a757c729d8d6e259644117e4,459.46
68a1083c447f368a2f21b75589d0140f8a750e7f,453.88
76903813da44b8971c9cd2beff41773376c6396c,445.77
f14bd640bf48bfbabb0ad17da4322e3c75eaa547,453.74
1beb36dca19bb90c805d38e8b1f2787d169a759e,449.63
834d3142304e0927dc659791da6a4521f271d7fd,450.40
3f7d2c71dbbbb289c684f339874eed8ac2747fa0,457.58
d9ec262369138ca840d4a34473427e401c4cc4a4,454.18
2c8b9ad145d3b808be19ce03a99797215e0c3ca3,452.27
5dab7a2379aaa7141c6c4e8306a139a6b8dd3ada,448.60
16d2cc3e401a16b272cb182eaaa6f379839105ad,450.59
384bf2cba16120166c5044f868096ab02599ac76,448.82
4a28f7766124469dbdd5ad6179fe84abff3cd14f,450.98
35407bb1557e2ee11e27cff552d561b3d83266ae,2238.32
f14bd640bf48bfbabb0ad17da4322e3c75eaa547,453.30
b033535fe2cf887de8076221a0d614abfcf17d7b,448.50
8f9b51dab9020d499bc2a2ca2fcb306bbfb4e734,458.25
ab53e91503e6c405d2b6b647751bd17dcea8028f,449.09
384bf2cba16120166c5044f868096ab02599ac76,458.73
8f9b51dab9020d499bc2a2ca2fcb306bbfb4e734,453.20
5e6e9fc84826cb79a24906987cc5d54677482a70,455.15
27b9f632b1289c1b777bd1bd05bb73f61e11b419,454.71
456a5545fe7d79ca2851d9a24528972159d37f66,460.14
2518e92a052d922d81d11e28b8e5205639fed9a7,458.20
668514d0e1be5f1dae2048b145298ce9e116e34c,451.37
88730bf9f399aab6a150212faeea012598be9ec6,450.46
1beb36dca19bb90c805d38e8b1f2787d169a759e,458.97
ea41269c6e317547a42b57e816d05fb1780abdff,450.34
586c85420990eab5e0f07c324fc26fcdae3af05c,450.87
b033535fe2cf887de8076221a0d614abfcf17d7b,450.98
d9ec262369138ca840d4a34473427e401c4cc4a4,459.30
dd8e832191e78a417a03c88512b1d7eeb7f486d4,447.07
88730bf9f399aab6a150212faeea012598be9ec6,459.84
20088820f17e190db7d68c13d3f1b99fc1cecc5f,448.96
c3c952e55f10b07dd9d4a9121db1b3828b0a1bc7,440.23
3475eaf7aa744401cd36889f565d7b224b35a35b,453.02
3c5061f03f27f13dcf546c9752e424af715bb02a,452.16
a991deb4430343e8f22de5d5aa51f829bab52315,442.20
11185c4fc1a0bcfa15d59b23fe039bf5908a2a77,464.07
43cd48ba8e4701d429c8a7c1eea503ad139aaf90,446.55
ea41269c6e317547a42b57e816d05fb1780abdff,454.07
a991deb4430343e8f22de5d5aa51f829bab52315,445.94
21d8c188b27937079007f0129f2b372b857f2e16,456.48
a4c375d8ef9d2a930b34a994719ebdbc076678b7,466.37
dd8e832191e78a417a03c88512b1d7eeb7f486d4,449.33
be339d37c1750bab50445ae684537e8d3a890d15,452.18
11185c4fc1a0bcfa15d59b23fe039bf5908a2a77,460.81
0265937566f541e90933a6bd33192201095ecf4e,450.11
f3dbb685f25c22a14079d9a7694ad27f78814253,453.31
c07ba8a34b6a6d6665928e106fea67bd9144e4e0,448.18
73f0278e5b5e938ffaef897a565a94db95df70b6,454.70
d758acab64d16f7dfb664f18fd9c0f63901d7138,451.33
b67cc18ba1814d1abdb16f8ee9bb5473aaa42cf8,445.57
d84d6a145fa09440803bf184f7ad405167463f10,451.03
43cd48ba8e4701d429c8a7c1eea503ad139aaf90,447.48
5dab7a2379aaa7141c6c4e8306a139a6b8dd3ada,453.98
d599990c331989230a6e1d0e4fea9e577022cc9c,453.47
8627ba3bde6edb7f91cf7122d7f8e9961096c4ff,444.90
3c5061f03f27f13dcf546c9752e424af715bb02a,450.03
b42fe0d5dfd882c5f544704b3dbe05c4301fe671,446.26
97bd42868ba98bb9a757c729d8d6e259644117e4,447.56
b67cc18ba1814d1abdb16f8ee9bb5473aaa42cf8,450.15
4ffc755b2ed01a2f97115128c4b7b9eeba4638af,447.30
1833adf54de2ec33d68abf4a64202e8572d15ccd,451.84
a4c375d8ef9d2a930b34a994719ebdbc076678b7,447.94
dd8e832191e78a417a03c88512b1d7eeb7f486d4,454.67
f2fe1eac288eccbb34bf048c20b0406d7db9636d,453.30
d3705477a13939f5e3f15c5422d2c67611fbb8da,450.39
834d3142304e0927dc659791da6a4521f271d7fd,446.03
2518e92a052d922d81d11e28b8e5205639fed9a7,453.10
a991deb4430343e8f22de5d5aa51f829bab52315,443.31
5e6e9fc84826cb79a24906987cc5d54677482a70,451.84
be339d37c1750bab50445ae684537e8d3a890d15,463.26
ab53e91503e6c405d2b6b647751bd17dcea8028f,452.50
68a1083c447f368a2f21b75589d0140f8a750e7f,452.77
574e76eb211b43ea792ac69955a0bbcc244965e9,452.84
97bd42868ba98bb9a757c729d8d6e259644117e4,454.42
32ab9579f9df6f4c9dbab5e6e035dd5f8d644e2a,453.98
1beb36dca19bb90c805d38e8b1f2787d169a759e,447.73
21d8c188b27937079007f0129f2b372b857f2e16,450.91
1beb36dca19bb90c805d38e8b1f2787d169a759e,448.45
802e7b4e3e1d6501605f874d1cec4241d411f325,447.31
aa812e42a784bb551e3cda70078c2c1ed6147b20,445.92
802e7b4e3e1d6501605f874d1cec4241d411f325,454.25
3f9f33d88355f22aefc7ea402da09fd1950289ce,453.76
73f0278e5b5e938ffaef897a565a94db95df70b6,461.64
ab53e91503e6c405d2b6b647751bd17dcea8028f,453.76
16d2cc3e401a16b272cb182eaaa6f379839105ad,458.52
384bf2cba16120166c5044f868096ab02599ac76,452.28
ea41269c6e317547a42b57e816d05fb1780abdff,449.76
82200d7847e72c176611fdfa738dac62a0f79b58,443.00
0265937566f541e90933a6bd33192201095ecf4e,460.86
c07ba8a34b6a6d6665928e106fea67bd9144e4e0,447.42
1bae7a28d5991f712980e6e36e76d3002f500f47,456.65
de098c35e91f9a8c15c56cc3dd30a2ff32582201,451.25
c3c952e55f10b07dd9d4a9121db1b3828b0a1bc7,440.31
2c8b9ad145d3b808be19ce03a99797215e0c3ca3,453.73
3f7d2c71dbbbb289c684f339874eed8ac2747fa0,454.10
16d2cc3e401a16b272cb182eaaa6f379839105ad,452.16
1833adf54de2ec33d68abf4a64202e8572d15ccd,454.24
1beb36dca19bb90c805d38e8b1f2787d169a759e,450.07
21d8c188b27937079007f0129f2b372b857f2e16,448.34
862c256fb6e1166ca42a2f8b885c5285baf6c1f9,445.16
456a5545fe7d79ca2851d9a24528972159d37f66,448.88
de098c35e91f9a8c15c56cc3dd30a2ff32582201,446.21
f3dbb685f25c22a14079d9a7694ad27f78814253,457.97
27b9f632b1289c1b777bd1bd05bb73f61e11b419,449.40
0b9eab69d394b38f776079a20dc19ed5848748b4,462.29
6c4f16f233cdfd7aedef33374609e9aa4ede255c,454.72
82200d7847e72c176611fdfa738dac62a0f79b58,444.38
0265937566f541e90933a6bd33192201095ecf4e,452.49
97bd42868ba98bb9a757c729d8d6e259644117e4,454.47
07df0dea236d2fce4980dc3878bdb42920faf8b9,448.41
97bd42868ba98bb9a757c729d8d6e259644117e4,461.24
8b5fb7be962959a922dafc2073718e1457196043,460.81
3a158cfbcfe70c9a921b9ea525e2cd8113193219,450.67
d3705477a13939f5e3f15c5422d2c67611fbb8da,444.95
16d2cc3e401a16b272cb182eaaa6f379839105ad,446.74
73f0278e5b5e938ffaef897a565a94db95df70b6,450.12
b42fe0d5dfd882c5f544704b3dbe05c4301fe671,450.84
456a5545fe7d79ca2851d9a24528972159d37f66,452.41
d65185506919c50de85e766771898fdbd054e77b,450.45
81a9f5320614029f04838945674e3087eec01a63,458.96
d84d6a145fa09440803bf184f7ad405167463f10,459.94
d6fd1637307f6b088eb226c3f979085725530f32,451.88
21d8c188b27937079007f0129f2b372b857f2e16,461.65
668514d0e1be5f1dae2048b145298ce9e116e34c,452.31
380652774a227310ff81d61e2e3247ee0156268b,447.52
9e9e15856d41f55cee4a215acae3c3866e78d200,452.41
de098c35e91f9a8c15c56cc3dd30a2ff32582201,452.71
73e26919b941be2816d60e15872ee0d9ca77c56e,451.34
456a5545fe7d79ca2851d9a24528972159d37f66,449.93
b67cc18ba1814d1abdb16f8ee9bb5473aaa42cf8,445.89
d94f56c25485b622ebf3b35b71868c74b9501ece,450.78
b67cc18ba1814d1abdb16f8ee9bb5473aaa42cf8,446.85
0b9eab69d394b38f776079a20dc19ed5848748b4,453.81
2cc22447970edb5a28bdedf682680a18c8adba1b,455.20
16d2cc3e401a16b272cb182eaaa6f379839105ad,453.48
802e7b4e3e1d6501605f874d1cec4241d411f325,459.96
a4c375d8ef9d2a930b34a994719ebdbc076678b7,448.59
cf06d02074c2526944c8a08c7b641ef51d31343b,448.78
c1ee93355ba4bc6a430aed0ea8db7369f7d0895f,446.89
8627ba3bde6edb7f91cf7122d7f8e9961096c4ff,454.39
311d2e7e7123814364907b65143117efc3ddf92d,449.95
3c5061f03f27f13dcf546c9752e424af715bb02a,451.43
380652774a227310ff81d61e2e3247ee0156268b,442.22
f2fe1eac288eccbb34bf048c20b0406d7db9636d,466.44
4d94c5d0f0e60e50d555178ff0ca5b8d4da5f054,455.49
fc7c7f18cdbb55ca1c1fb708ae573c64e5e3ead5,447.55
3c5061f03f27f13dcf546c9752e424af715bb02a,450.99
311d2e7e7123814364907b65143117efc3ddf92d,449.62
35407bb1557e2ee11e27cff552d561b3d83266ae,2305.77
3475eaf7aa744401cd36889f565d7b224b35a35b,458.61
73f0278e5b5e938ffaef897a565a94db95df70b6,453.80
627efb94e9ec8bcf09829fb8be5cbc4f4334fceb,453.54
32ab9579f9df6f4c9dbab5e6e035dd5f8d644e2a,452.26
456a5545fe7d79ca2851d9a24528972159d37f66,449.36
834d3142304e0927dc659791da6a4521f271d7fd,447.89
32ab9579f9df6f4c9dbab5e6e035dd5f8d644e2a,447.09
668514d0e1be5f1dae2048b145298ce9e116e34c,452.09
2c07dc3e05ec1efe3c696d4888421fd6d03f4c10,447.75
3f7d2c71dbbbb289c684f339874eed8ac2747fa0,453.76
109a47ac2e8dc1a510ff58a27b63bd18b377e13b,454.55
2518e92a052d922d81d11e28b8e5205639fed9a7,450.17
2518e92a052d922d81d11e28b8e5205639fed9a7,450.50
109a47ac2e8dc1a510ff58a27b63bd18b377e13b,454.10
32ab9579f9df6f4c9dbab5e6e035dd5f8d644e2a,457.64
d6fd1637307f6b088eb226c3f979085725530f32,454.19
c07ba8a34b6a6d6665928e106fea67bd9144e4e0,449.50
3475eaf7aa744401cd36889f565d7b224b35a35b,451.75
4a28f7766124469dbdd5ad6179fe84abff3cd14f,459.65
f3dbb685f25c22a14079d9a7694ad27f78814253,451.93
1bae7a28d5991f712980e6e36e76d3002f500f47,455.69
c765b819fcb5f24373fc165a7c651f0e87a0a25a,451.19
cf06d02074c2526944c8a08c7b641ef51d31343b,447.97
b4fc2f243ce56618c74dd4cc9f0b2ccf4dca1bc5,448.85
bb16e0693819afb821bce6943d8cbd178266a63e,456.33
3f9f33d88355f22aefc7ea402da09fd1950289ce,454.56
edcc4a00cdf6d2d7b4ea81917e48e3e9570438a3,461.65
834d3142304e0927dc659791da6a4521f271d7fd,445.72
68a1083c447f368a2f21b75589d0140f8a750e7f,452.26
9779d0dbcfab0abdfad9b81c85db43543b797683,448.20
627efb94e9ec8bcf09829fb8be5cbc4f4334fceb,450.92
3a158cfbcfe70c9a921b9ea525e2cd8113193219,452.52
f052908ec90e12bdc6b67915ef2290aa9eefa48b,444.57
b42fe0d5dfd882c5f544704b3dbe05c4301fe671,450.39
eab521f7a26c072b117f72c4371f71e75eafc55e,451.74
3f7d2c71dbbbb289c684f339874eed8ac2747fa0,451.27
ae51709b8c07098fa688ec6be0b5a7dec7654178,455.81
43cd48ba8e4701d429c8a7c1eea503ad139aaf90,440.30
b67cc18ba1814d1abdb16f8ee9bb5473aaa42cf8,452.33
f14bd640bf48bfbabb0ad17da4322e3c75eaa547,452.05
d94f56c25485b622ebf3b35b71868c74b9501ece,451.93
c07ba8a34b6a6d6665928e106fea67bd9144e4e0,449.99
c765b819fcb5f24373fc165a7c651f0e87a0a25a,449.65
21d8c188b27937079007f0129f2b372b857f2e16,450.91
f14bd640bf48bfbabb0ad17da4322e3c75eaa547,450.14
c1ee93355ba4bc6a430aed0ea8db7369f7d0895f,454.26
edcc4a00cdf6d2d7b4ea81917e48e3e9570438a3,451.58
07df0dea236d2fce4980dc3878bdb42920faf8b9,464.02
07df0dea236d2fce4980dc3878bdb42920faf8b9,446.27
aa812e42a784bb551e3cda70078c2c1ed6147b20,443.57
1bae7a28d5991f712980e6e36e76d3002f500f47,449.83
1833adf54de2ec33d68abf4a64202e8572d15ccd,451.42
81a9f5320614029f04838945674e3087eec01a63,451.02
21d8c188b27937079007f0129f2b372b857f2e16,452.43
f2fe1eac288eccbb34bf048c20b0406d7db9636d,462.43
27b9f632b1289c1b777bd1bd05bb73f61e11b419,452.38
eab521f7a26c072b117f72c4371f71e75eafc55e,448.06
32ab9579f9df6f4c9dbab5e6e035dd5f8d644e2a,449.09
97bd42868ba98bb9a757c729d8d6e259644117e4,460.53
20088820f17e190db7d68c13d3f1b99fc1cecc5f,463.71
b4fc2f243ce56618c74dd4cc9f0b2ccf4dca1bc5,456.03
f052908ec90e12bdc6b67915ef2290aa9eefa48b,447.81
d745f85315b33fb72c5b6d8ac155451c85f5a6be,457.57
1c4fe033f7612d4aeb0f4324538c8e3dd4d25668,451.18
d6fd1637307f6b088eb226c3f979085725530f32,450.71
82200d7847e72c176611fdfa738dac62a0f79b58,442.57
a991deb4430343e8f22de5d5aa51f829bab52315,449.45
b033535fe2cf887de8076221a0d614abfcf17d7b,447.76
d758acab64d16f7dfb664f18fd9c0f63901d7138,450.22
dd8e832191e78a417a03c88512b1d7eeb7f486d4,446.55
311d2e7e7123814364907b65143117efc3ddf92d,448.55
3a158cfbcfe70c9a921b9ea525e2cd8113193219,467.91
4ffc755b2ed01a2f97115128c4b7b9eeba4638af,449.77
21d8c188b27937079007f0129f2b372b857f2e16,446.29
456a5545fe7d79ca2851d9a24528972159d37f66,448.62
924c480762e8af2ece8da553f7fe90244085341e,446.85
a4c375d8ef9d2a930b34a994719ebdbc076678b7,445.33
73e26919b941be2816d60e15872ee0d9ca77c56e,446.72
35407bb1557e2ee11e27cff552d561b3d83266ae,2251.56
1833adf54de2ec33d68abf4a64202e8572d15ccd,455.42
82200d7847e72c176611fdfa738dac62a0f79b58,443.49
924c480762e8af2ece8da553f7fe90244085341e,448.15
be339d37c1750bab50445ae684537e8d3a890d15,460.87
76399e5b273d63d6affeb94597d8dfddce811964,454.57
1833adf54de2ec33d68abf4a64202e8572d15ccd,452.77
456a5545fe7d79ca2851d9a24528972159d37f66,455.49
edcc4a00cdf6d2d7b4ea81917e48e3e9570438a3,475.67
76399e5b273d63d6affeb94597d8dfddce811964,445.01
d65185506919c50de85e766771898fdbd054e77b,467.71
b42fe0d5dfd882c5f544704b3dbe05c4301fe671,451.68
d84d6a145fa09440803bf184f7ad405167463f10,454.80
81a9f5320614029f04838945674e3087eec01a63,457.74
d3705477a13939f5e3f15c5422d2c67611fbb8da,448.83
97bd42868ba98bb9a757c729d8d6e259644117e4,445.74
bb16e0693819afb821bce6943d8cbd178266a63e,449.39
2c07dc3e05ec1efe3c696d4888421fd6d03f4c10,451.34
d599990c331989230a6e1d0e4fea9e577022cc9c,449.85
b42fe0d5dfd882c5f544704b3dbe05c4301fe671,450.12
109a47ac2e8dc1a510ff58a27b63bd18b377e13b,442.49
862c256fb6e1166ca42a2f8b885c5285baf6c1f9,448.13
68a1083c447f368a2f21b75589d0140f8a750e7f,451.72
76399e5b273d63d6affeb94597d8dfddce811964,453.10
c765b819fcb5f24373fc165a7c651f0e87a0a25a,448.54
8627ba3bde6edb7f91cf7122d7f8e9961096c4ff,446.04
d94f56c25485b622ebf3b35b71868c74b9501ece,439.59
4a28f7766124469dbdd5ad6179fe84abff3cd14f,449.12
9e9e15856d41f55cee4a215acae3c3866e78d200,448.03
c5792eb641b13f8a853b6f065b6998053d106b7d,455.07
0b9eab69d394b38f776079a20dc19ed5848748b4,452.05
c1ee93355ba4bc6a430aed0ea8db7369f7d0895f,464.09
21ee3e98b71dfd0a86c0ddd4cedbc7c0517351ba,450.88
88730bf9f399aab6a150212faeea012598be9ec6,449.58
d745f85315b33fb72c5b6d8ac155451c85f5a6be,455.42
e187364d813bff6df326d46690ccc514aa4c84ec,447.13
8b5fb7be962959a922dafc2073718e1457196043,451.34
f3dbb685f25c22a14079d9a7694ad27f78814253,456.28
c07ba8a34b6a6d6665928e106fea67bd9144e4e0,453.33
82200d7847e72c176611fdfa738dac62a0f79b58,443.74
311d2e7e7123814364907b65143117efc3ddf92d,447.70
1833adf54de2ec33d68abf4a64202e8572d15ccd,455.86
0b9eab69d394b38f776079a20dc19ed5848748b4,449.45
73e26919b941be2816d60e15872ee0d9ca77c56e,448.97
3f7d2c71dbbbb289c684f339874eed8ac2747fa0,448.69
574e76eb211b43ea792ac69955a0bbcc244965e9,451.74
668514d0e1be5f1dae2048b145298ce9e116e34c,451.06
a991deb4430343e8f22de5d5aa51f829bab52315,447.97
11185c4fc1a0bcfa15d59b23fe039bf5908a2a77,455.51
d745f85315b33fb72c5b6d8ac155451c85f5a6be,449.27
de098c35e91f9a8c15c56cc3dd30a2ff32582201,450.65
d6fd1637307f6b088eb226c3f979085725530f32,451.02
4ffc755b2ed01a2f97115128c4b7b9eeba4638af,450.34
16d2cc3e401a16b272cb182eaaa6f379839105ad,460.49
8f9b51dab9020d499bc2a2ca2fcb306bbfb4e734,456.61
35407bb1557e2ee11e27cff552d561b3d83266ae,2215.21
16d2cc3e401a16b272cb182eaaa6f379839105ad,444.67
3c5061f03f27f13dcf546c9752e424af715bb02a,450.66
82200d7847e72c176611fdfa738dac62a0f79b58,442.21
fc7c7f18cdbb55ca1c1fb708ae573c64e5e3ead5,451.70
586c85420990eab5e0f07c324fc26fcdae3af05c,463.09
4d94c5d0f0e60e50d555178ff0ca5b8d4da5f054,448.02
627efb94e9ec8bcf09829fb8be5cbc4f4334fceb,451.41
81a9f5320614029f04838945674e3087eec01a63,449.37
668514d0e1be5f1dae2048b145298ce9e116e34c,449.31
ae51709b8c07098fa688ec6be0b5a7dec7654178,442.14
76399e5b273d63d6affeb94597d8dfddce811964,447.90
c07ba8a34b6a6d6665928e106fea67bd9144e4e0,465.92
68a1083c447f368a2f21b75589d0140f8a750e7f,446.38
0265937566f541e90933a6bd33192201095ecf4e,453.44
834d3142304e0927dc659791da6a4521f271d7fd,450.33
d3705477a13939f5e3f15c5422d2c67611fbb8da,473.75
d65185506919c50de85e766771898fdbd054e77b,448.74
4ffc755b2ed01a2f97115128c4b7b9eeba4638af,444.26
21d8c188b27937079007f0129f2b372b857f2e16,451.57
80158d6fa7445506eaaafdeadb1f4dc291ca10a5,455.68
32ab9579f9df6f4c9dbab5e6e035dd5f8d644e2a,451.27
802e7b4e3e1d6501605f874d1cec4241d411f325,449.12
1c4fe033f7612d4aeb0f4324538c8e3dd4d25668,448.96
3a158cfbcfe70c9a921b9ea525e2cd8113193219,449.86
27b9f632b1289c1b777bd1bd05bb73f61e11b419,454.63
f3dbb685f25c22a14079d9a7694ad27f78814253,452.26
3475eaf7aa744401cd36889f565d7b224b35a35b,456.35
21d8c188b27937079007f0129f2b372b857f2e16,448.29
8b5fb7be962959a922dafc2073718e1457196043,451.78
456a5545fe7d79ca2851d9a24528972159d37f66,452.72
07df0dea236d2fce4980dc3878bdb42920faf8b9,452.80
c07ba8a34b6a6d6665928e106fea67bd9144e4e0,451.08
627efb94e9ec8bcf09829fb8be5cbc4f4334fceb,448.55
8b5fb7be962959a922dafc2073718e1457196043,453.29
4d94c5d0f0e60e50d555178ff0ca5b8d4da5f054,449.09
834d3142304e0927dc659791da6a4521f271d7fd,448.97
d94f56c25485b622ebf3b35b71868c74b9501ece,441.81
ea41269c6e317547a42b57e816d05fb1780abdff,447.79
1c4fe033f7612d4aeb0f4324538c8e3dd4d25668,453.39
f2fe1eac288eccbb34bf048c20b0406d7db9636d,447.50
d9ec262369138ca840d4a34473427e401c4cc4a4,455.05
aa812e42a784bb551e3cda70078c2c1ed6147b20,455.39
c5792eb641b13f8a853b6f065b6998053d106b7d,449.29
20088820f17e190db7d68c13d3f1b99fc1cecc5f,452.60
35407bb1557e2ee11e27cff552d561b3d83266ae,2284.34
76903813da44b8971c9cd2beff41773376c6396c,448.21
a991deb4430343e8f22de5d5aa51f829bab52315,440.90
d65185506919c50de85e766771898fdbd054e77b,452.70
ae51709b8c07098fa688ec6be0b5a7dec7654178,451.32
f3dbb685f25c22a14079d9a7694ad27f78814253,449.62
ae51709b8c07098fa688ec6be0b5a7dec7654178,438.91
d3705477a13939f5e3f15c5422d2c67611fbb8da,450.86
3475eaf7aa744401cd36889f565d7b224b35a35b,457.08
6c4f16f233cdfd7aedef33374609e9aa4ede255c,452.26
ab53e91503e6c405d2b6b647751bd17dcea8028f,451.45
d94f56c25485b622ebf3b35b71868c74b9501ece,444.03
cf06d02074c2526944c8a08c7b641ef51d31343b,449.19
6c4f16f233cdfd7aedef33374609e9aa4ede255c,455.23
21ee3e98b71dfd0a86c0ddd4cedbc7c0517351ba,463.78
9e9e15856d41f55cee4a215acae3c3866e78d200,450.53
3f7d2c71dbbbb289c684f339874eed8ac2747fa0,449.19
6c4f16f233cdfd7aedef33374609e9aa4ede255c,454.08
c765b819fcb5f24373fc165a7c651f0e87a0a25a,452.36
3f9f33d88355f22aefc7ea402da09fd1950289ce,448.86
2c8b9ad145d3b808be19ce03a99797215e0c3ca3,450.46
3f7d2c71dbbbb289c684f339874eed8ac2747fa0,457.26
627efb94e9ec8bcf09829fb8be5cbc4f4334fceb,456.67
d65185506919c50de85e766771898fdbd054e77b,456.34
1bae7a28d5991f712980e6e36e76d3002f500f47,464.83
802e7b4e3e1d6501605f874d1cec4241d411f325,451.80
d65185506919c50de85e766771898fdbd054e77b,451.82
9779d0dbcfab0abdfad9b81c85db43543b797683,442.00
862c256fb6e1166ca42a2f8b885c5285baf6c1f9,444.84
1beb36dca19bb90c805d38e8b1f2787d169a759e,450.04
c765b819fcb5f24373fc165a7c651f0e87a0a25a,461.11
73f0278e5b5e938ffaef897a565a94db95df70b6,458.05
384bf2cba16120166c5044f868096ab02599ac76,459.46
d599990c331989230a6e1d0e4fea9e577022cc9c,450.67
384bf2cba16120166c5044f868096ab02599ac76,452.00
311d2e7e7123814364907b65143117efc3ddf92d,451.44
35407bb1557e2ee11e27cff552d561b3d83266ae,2214.39
d758acab64d16f7dfb664f18fd9c0f63901d7138,458.53
b42fe0d5dfd882c5f544704b3dbe05c4301fe671,450.74
80158d6fa7445506eaaafdeadb1f4dc291ca10a5,451.52
ab53e91503e6c405d2b6b647751bd17dcea8028f,451.49
edcc4a00cdf6d2d7b4ea81917e48e3e9570438a3,460.59
aa812e42a784bb551e3cda70078c2c1ed6147b20,443.31
73e26919b941be2816d60e15872ee0d9ca77c56e,449.11
11185c4fc1a0bcfa15d59b23fe039bf5908a2a77,450.98
8b5fb7be962959a922dafc2073718e1457196043,455.84
76399e5b273d63d6affeb94597d8dfddce811964,453.09
ab53e91503e6c405d2b6b647751bd17dcea8028f,455.80
5e6e9fc84826cb79a24906987cc5d54677482a70,451.54
d599990c331989230a6e1d0e4fea9e577022cc9c,454.58
35407bb1557e2ee11e27cff552d561b3d83266ae,2205.65
4a28f7766124469dbdd5ad6179fe84abff3cd14f,458.44
1c4fe033f7612d4aeb0f4324538c8e3dd4d25668,447.49
3a158cfbcfe70c9a921b9ea525e2cd8113193219,457.68
a4c375d8ef9d2a930b34a994719ebdbc076678b7,454.23
c5792eb641b13f8a853b6f065b6998053d106b7d,449.34
380652774a227310ff81d61e2e3247ee0156268b,446.44
109a47ac2e8dc1a510ff58a27b63bd18b377e13b,443.40
11185c4fc1a0bcfa15d59b23fe039bf5908a2a77,449.84
f052908ec90e12bdc6b67915ef2290aa9eefa48b,454.23
edcc4a00cdf6d2d7b4ea81917e48e3e9570438a3,450.13
802e7b4e3e1d6501605f874d1cec4241d411f325,450.20
73e26919b941be2816d60e15872ee0d9ca77c56e,456.32
dd8e832191e78a417a03c88512b1d7eeb7f486d4,450.76
d94f56c25485b622ebf3b35b71868c74b9501ece,445.80
6c4f16f233cdfd7aedef33374609e9aa4ede255c,451.51
e187364d813bff6df326d46690ccc514aa4c84ec,451.77
9e9e15856d41f55cee4a215acae3c3866e78d200,460.70
d84d6a145fa09440803bf184f7ad405167463f10,450.84
73f0278e5b5e938ffaef897a565a94db95df70b6,449.22
dd8e832191e78a417a03c88512b1d7eeb7f486d4,455.46
f14bd640bf48bfbabb0ad17da4322e3c75eaa547,461.04
d6fd1637307f6b088eb226c3f979085725530f32,450.23
d9ec262369138ca840d4a34473427e401c4cc4a4,452.28
311d2e7e7123814364907b65143117efc3ddf92d,452.89
1c4fe033f7612d4aeb0f4324538c8e3dd4d25668,454.05
ae51709b8c07098fa688ec6be0b5a7dec7654178,440.73
b42fe0d5dfd882c5f544704b3dbe05c4301fe671,447.77
ae51709b8c07098fa688ec6be0b5a7dec7654178,440.49
b42fe0d5dfd882c5f544704b3dbe05c4301fe671,452.33
1833adf54de2ec33d68abf4a64202e8572d15ccd,446.84
cf06d02074c2526944c8a08c7b641ef51d31343b,459.14
574e76eb211b43ea792ac69955a0bbcc244965e9,454.42
f2fe1eac288eccbb34bf048c20b0406d7db9636d,446.16
9e9e15856d41f55cee4a215acae3c3866e78d200,451.40
21ee3e98b71dfd0a86c0ddd4cedbc7c0517351ba,451.35
d94f56c25485b622ebf3b35b71868c74b9501ece,447.35
627efb94e9ec8bcf09829fb8be5cbc4f4334fceb,451.79
43cd48ba8e4701d429c8a7c1eea503ad139aaf90,447.01
d94f56c25485b622ebf3b35b71868c74b9501ece,447.34
834d3142304e0927dc659791da6a4521f271d7fd,458.19
20088820f17e190db7d68c13d3f1b99fc1cecc5f,445.66
627efb94e9ec8bcf09829fb8be5cbc4f4334fceb,451.31
ea41269c6e317547a42b57e816d05fb1780abdff,453.88
bb16e0693819afb821bce6943d8cbd178266a63e,452.21
b67cc18ba1814d1abdb16f8ee9bb5473aaa42cf8,445.06
a4c375d8ef9d2a930b34a994719ebdbc076678b7,458.65
a991deb4430343e8f22de5d5aa51f829bab52315,442.93
eab521f7a26c072b117f72c4371f71e75eafc55e,452.78
5dab7a2379aaa7141c6c4e8306a139a6b8dd3ada,446.12
32ab9579f9df6f4c9dbab5e6e035dd5f8d644e2a,451.45
8627ba3bde6edb7f91cf7122d7f8e9961096c4ff,456.67
d94f56c25485b622ebf3b35b71868c74b9501ece,443.43
88730bf9f399aab6a150212faeea012598be9ec6,448.44
73f0278e5b5e938ffaef897a565a94db95df70b6,446.63
80158d6fa7445506eaaafdeadb1f4dc291ca10a5,458.73
f2fe1eac288eccbb34bf048c20b0406d7db9636d,459.77
c5792eb641b13f8a853b6f065b6998053d106b7d,459.87
574e76eb211b43ea792ac69955a0bbcc244965e9,449.22
b42fe0d5dfd882c5f544704b3dbe05c4301fe671,445.40
d84d6a145fa09440803bf184f7ad405167463f10,459.95
bb16e0693819afb821bce6943d8cbd178266a63e,450.79
574e76eb211b43ea792ac69955a0bbcc244965e9,448.47
bb16e0693819afb821bce6943d8cbd178266a63e,466.75
f2fe1eac288eccbb34bf048c20b0406d7db9636d,452.46
32ab9579f9df6f4c9dbab5e6e035dd5f8d644e2a,456.91
bb16e0693819afb821bce6943d8cbd178266a63e,446.24
ea41269c6e317547a42b57e816d05fb1780abdff,446.78
97bd42868ba98bb9a757c729d8d6e259644117e4,452.70
f052908ec90e12bdc6b67915ef2290aa9eefa48b,458.95
3475eaf7aa744401cd36889f565d7b224b35a35b,448.39
924c480762e8af2ece8da553f7fe90244085341e,452.60
68a1083c447f368a2f21b75589d0140f8a750e7f,450.98
3475eaf7aa744401cd36889f565d7b224b35a35b,447.56
fc7c7f18cdbb55ca1c1fb708ae573c64e5e3ead5,463.69
be339d37c1750bab50445ae684537e8d3a890d15,459.60
924c480762e8af2ece8da553f7fe90244085341e,453.64
3475eaf7aa744401cd36889f565d7b224b35a35b,458.45
a991deb4430343e8f22de5d5aa51f829bab52315,445.59
b42fe0d5dfd882c5f544704b3dbe05c4301fe671,448.03
3c5061f03f27f13dcf546c9752e424af715bb02a,465.41
834d3142304e0927dc659791da6a4521f271d7fd,450.40
f14bd640bf48bfbabb0ad17da4322e3c75eaa547,453.47
21d8c188b27937079007f0129f2b372b857f2e16,462.39
668514d0e1be5f1dae2048b145298ce9e116e34c,452.32
cf06d02074c2526944c8a08c7b641ef51d31343b,465.47
80158d6fa7445506eaaafdeadb1f4dc291ca10a5,456.27
21d8c188b27937079007f0129f2b372b857f2e16,453.29
a4c375d8ef9d2a930b34a994719ebdbc076678b7,453.53
d9ec262369138ca840d4a34473427e401c4cc4a4,449.47
21ee3e98b71dfd0a86c0ddd4cedbc7c0517351ba,456.01
1bae7a28d5991f712980e6e36e76d3002f500f47,454.42
8b5fb7be962959a922dafc2073718e1457196043,450.23
88730bf9f399aab6a150212faeea012598be9ec6,450.93
2cc22447970edb5a28bdedf682680a18c8adba1b,450.69
f14bd640bf48bfbabb0ad17da4322e3c75eaa547,452.65
1beb36dca19bb90c805d38e8b1f2787d169a759e,447.33
c07ba8a34b6a6d6665928e106fea67bd9144e4e0,456.41
d94f56c25485b622ebf3b35b71868c74b9501ece,443.43
c765b819fcb5f24373fc165a7c651f0e87a0a25a,451.94
0b9eab69d394b38f776079a20dc19ed5848748b4,450.67
de098c35e91f9a8c15c56cc3dd30a2ff32582201,448.83
aa812e42a784bb551e3cda70078c2c1ed6147b20,449.74
c3c952e55f10b07dd9d4a9121db1b3828b0a1bc7,446.59
ea41269c6e317547a42b57e816d05fb1780abdff,457.07
1beb36dca19bb90c805d38e8b1f2787d169a759e,451.78
834d3142304e0927dc659791da6a4521f271d7fd,445.92
cf06d02074c2526944c8a08c7b641ef51d31343b,448.41
109a47ac2e8dc1a510ff58a27b63bd18b377e13b,442.19
07df0dea236d2fce4980dc3878bdb42920faf8b9,447.52
ea41269c6e317547a42b57e816d05fb1780abdff,448.98
07df0dea236d2fce4980dc3878bdb42920faf8b9,451.50
cf06d02074c2526944c8a08c7b641ef51d31343b,459.78
2518e92a052d922d81d11e28b8e5205639fed9a7,455.45
aa812e42a784bb551e3cda70078c2c1ed6147b20,451.96
5dab7a2379aaa7141c6c4e8306a139a6b8dd3ada,454.53
b033535fe2cf887de8076221a0d614abfcf17d7b,451.41
4d94c5d0f0e60e50d555178ff0ca5b8d4da5f054,450.52
d758acab64d16f7dfb664f18fd9c0f63901d7138,448.64
73e26919b941be2816d60e15872ee0d9ca77c56e,454.37
73f0278e5b5e938ffaef897a565a94db95df70b6,453.14
f14bd640bf48bfbabb0ad17da4322e3c75eaa547,447.29
b67cc18ba1814d1abdb16f8ee9bb5473aaa42cf8,447.14
0265937566f541e90933a6bd33192201095ecf4e,454.98
9e9e15856d41f55cee4a215acae3c3866e78d200,462.13
2518e92a052d922d81d11e28b8e5205639fed9a7,447.62
311d2e7e7123814364907b65143117efc3ddf92d,451.86
68a1083c447f368a2f21b75589d0140f8a750e7f,452.72
76903813da44b8971c9cd2beff41773376c6396c,444.35
ae51709b8c07098fa688ec6be0b5a7dec7654178,447.22
f3dbb685f25c22a14079d9a7694ad27f78814253,451.43
edcc4a00cdf6d2d7b4ea81917e48e3e9570438a3,450.12
d6fd1637307f6b088eb226c3f979085725530f32,458.98
32ab9579f9df6f4c9dbab5e6e035dd5f8d644e2a,450.71
d6fd1637307f6b088eb226c3f979085725530f32,446.59
ea41269c6e317547a42b57e816d05fb1780abdff,449.04
32ab9579f9df6f4c9dbab5e6e035dd5f8d644e2a,447.91
1c4fe033f7612d4aeb0f4324538c8e3dd4d25668,455.81
f2fe1eac288eccbb34bf048c20b0406d7db9636d,455.03
3475eaf7aa744401cd36889f565d7b224b35a35b,452.50
0265937566f541e90933a6bd33192201095ecf4e,453.33
d9ec262369138ca840d4a34473427e401c4cc4a4,454.53
80158d6fa7445506eaaafdeadb1f4dc291ca10a5,451.30
d6fd1637307f6b088eb226c3f979085725530f32,450.59
be339d37c1750bab50445ae684537e8d3a890d15,452.88
81a9f5320614029f04838945674e3087eec01a63,452.21
11185c4fc1a0bcfa15d59b23fe039bf5908a2a77,459.34
9e9e15856d41f55cee4a215acae3c3866e78d200,447.47
f052908ec90e12bdc6b67915ef2290aa9eefa48b,456.33
799b9aa3e623b56092100fa672c034ae9f259038,452.02
f14bd640bf48bfbabb0ad17da4322e3c75eaa547,453.31
bb16e0693819afb821bce6943d8cbd178266a63e,452.36
ea41269c6e317547a42b57e816d05fb1780abdff,448.53
32ab9579f9df6f4c9dbab5e6e035dd5f8d644e2a,452.64
edcc4a00cdf6d2d7b4ea81917e48e3e9570438a3,450.03
1c4fe033f7612d4aeb0f4324538c8e3dd4d25668,457.53
e187364d813bff6df326d46690ccc514aa4c84ec,445.22
3f7d2c71dbbbb289c684f339874eed8ac2747fa0,458.26
f3dbb685f25c22a14079d9a7694ad27f78814253,462.11
6c4f16f233cdfd7aedef33374609e9aa4ede255c,453.71
f052908ec90e12bdc6b67915ef2290aa9eefa48b,448.77
21ee3e98b71dfd0a86c0ddd4cedbc7c0517351ba,450.04
c5792eb641b13f8a853b6f065b6998053d106b7d,449.88
2cc22447970edb5a28bdedf682680a18c8adba1b,453.51
380652774a227310ff81d61e2e3247ee0156268b,444.36
8f9b51dab9020d499bc2a2ca2fcb306bbfb4e734,447.00
80158d6fa7445506eaaafdeadb1f4dc291ca10a5,459.25
80158d6fa7445506eaaafdeadb1f4dc291ca10a5,452.99
eab521f7a26c072b117f72c4371f71e75eafc55e,448.19
1bae7a28d5991f712980e6e36e76d3002f500f47,450.72
edcc4a00cdf6d2d7b4ea81917e48e3e9570438a3,454.67
1bae7a28d5991f712980e6e36e76d3002f500f47,448.43
c1ee93355ba4bc6a430aed0ea8db7369f7d0895f,453.35
4d94c5d0f0e60e50d555178ff0ca5b8d4da5f054,449.15
9779d0dbcfab0abdfad9b81c85db43543b797683,440.00
2cc22447970edb5a28bdedf682680a18c8adba1b,459.94
32ab9579f9df6f4c9dbab5e6e035dd5f8d644e2a,449.42
2c07dc3e05ec1efe3c696d4888421fd6d03f4c10,448.71
20088820f17e190db7d68c13d3f1b99fc1cecc5f,464.30
20088820f17e190db7d68c13d3f1b99fc1cecc5f,465.45
5dab7a2379aaa7141c6c4e8306a139a6b8dd3ada,450.58
d84d6a145fa09440803bf184f7ad405167463f10,449.10
dd8e832191e78a417a03c88512b1d7eeb7f486d4,446.99
8f9b51dab9020d499bc2a2ca2fcb306bbfb4e734,449.34
d745f85315b33fb72c5b6d8ac155451c85f5a6be,446.96
384bf2cba16120166c5044f868096ab02599ac76,459.42
380652774a227310ff81d61e2e3247ee0156268b,444.34
3f7d2c71dbbbb289c684f339874eed8ac2747fa0,455.39
68a1083c447f368a2f21b75589d0140f8a750e7f,446.18
f052908ec90e12bdc6b67915ef2290aa9eefa48b,447.17
43cd48ba8e4701d429c8a7c1eea503ad139aaf90,444.30
c5792eb641b13f8a853b6f065b6998053d106b7d,448.96
88730bf9f399aab6a150212faeea012598be9ec6,451.95
c1ee93355ba4bc6a430aed0ea8db7369f7d0895f,459.15
c3c952e55f10b07dd9d4a9121db1b3828b0a1bc7,441.50
82200d7847e72c176611fdfa738dac62a0f79b58,447.19
380652774a227310ff81d61e2e3247ee0156268b,441.98
a991deb4430343e8f22de5d5aa51f829bab52315,443.85
380652774a227310ff81d61e2e3247ee0156268b,449.88
f14bd640bf48bfbabb0ad17da4322e3c75eaa547,452.20
586c85420990eab5e0f07c324fc26fcdae3af05c,446.59
4a28f7766124469dbdd5ad6179fe84abff3cd14f,461.87
eab521f7a26c072b117f72c4371f71e75eafc55e,453.57
2c8b9ad145d3b808be19ce03a99797215e0c3ca3,456.54
2cc22447970edb5a28bdedf682680a18c8adba1b,448.97
be339d37c1750bab50445ae684537e8d3a890d15,466.07
4a28f7766124469dbdd5ad6179fe84abff3cd14f,466.21
d65185506919c50de85e766771898fdbd054e77b,454.77
1beb36dca19bb90c805d38e8b1f2787d169a759e,452.78
21ee3e98b71dfd0a86c0ddd4cedbc7c0517351ba,451.99
c5792eb641b13f8a853b6f065b6998053d106b7d,451.19
1833adf54de2ec33d68abf4a64202e8572d15ccd,454.33
586c85420990eab5e0f07c324fc26fcdae3af05c,447.35
d94f56c25485b622ebf3b35b71868c74b9501ece,441.41
b4fc2f243ce56618c74dd4cc9f0b2ccf4dca1bc5,466.36
9e9e15856d41f55cee4a215acae3c3866e78d200,448.06
4a28f7766124469dbdd5ad6179fe84abff3cd14f,447.93
c1ee93355ba4bc6a430aed0ea8db7369f7d0895f,449.40
3475eaf7aa744401cd36889f565d7b224b35a35b,455.40
2c07dc3e05ec1efe3c696d4888421fd6d03f4c10,448.68
3475eaf7aa744401cd36889f565d7b224b35a35b,452.47
73e26919b941be2816d60e15872ee0d9ca77c56e,449.09
3f9f33d88355f22aefc7ea402da09fd1950289ce,452.24
de098c35e91f9a8c15c56cc3dd30a2ff32582201,447.95
4d94c5d0f0e60e50d555178ff0ca5b8d4da5f054,453.26
21d8c188b27937079007f0129f2b372b857f2e16,454.15
384bf2cba16120166c5044f868096ab02599ac76,449.25
8b5fb7be962959a922dafc2073718e1457196043,449.10
586c85420990eab5e0f07c324fc26fcdae3af05c,458.42
8f9b51dab9020d499bc2a2ca2fcb306bbfb4e734,468.49
de098c35e91f9a8c15c56cc3dd30a2ff32582201,446.58
de098c35e91f9a8c15c56cc3dd30a2ff32582201,446.98
d3705477a13939f5e3f15c5422d2c67611fbb8da,450.21
80158d6fa7445506eaaafdeadb1f4dc291ca10a5,450.47
8f9b51dab9020d499bc2a2ca2fcb306bbfb4e734,448.92
834d3142304e0927dc659791da6a4521f271d7fd,451.07
d599990c331989230a6e1d0e4fea9e577022cc9c,444.92
27b9f632b1289c1b777bd1bd05bb73f61e11b419,455.11
eab521f7a26c072b117f72c4371f71e75eafc55e,451.15
384bf2cba16120166c5044f868096ab02599ac76,449.29
fc7c7f18cdbb55ca1c1fb708ae573c64e5e3ead5,445.05
384bf2cba16120166c5044f868096ab02599ac76,447.91
f3dbb685f25c22a14079d9a7694ad27f78814253,451.82
627efb94e9ec8bcf09829fb8be5cbc4f4334fceb,455.28
b4fc2f243ce56618c74dd4cc9f0b2ccf4dca1bc5,455.83
311d2e7e7123814364907b65143117efc3ddf92d,459.52
73f0278e5b5e938ffaef897a565a94db95df70b6,447.26
586c85420990eab5e0f07c324fc26fcdae3af05c,450.10
76903813da44b8971c9cd2beff41773376c6396c,449.21
d599990c331989230a6e1d0e4fea9e577022cc9c,456.67
0b9eab69d394b38f776079a20dc19ed5848748b4,464.98
311d2e7e7123814364907b65143117efc3ddf92d,449.28
380652774a227310ff81d61e2e3247ee0156268b,458.05
f14bd640bf48bfbabb0ad17da4322e3c75eaa547,455.31
c07ba8a34b6a6d6665928e106fea67bd9144e4e0,450.60
73e26919b941be2816d60e15872ee0d9ca77c56e,454.05
aa812e42a784bb551e3cda70078c2c1ed6147b20,444.84
1beb36dca19bb90c805d38e8b1f2787d169a759e,448.55
668514d0e1be5f1dae2048b145298ce9e116e34c,448.14
d84d6a145fa09440803bf184f7ad405167463f10,448.60
834d3142304e0927dc659791da6a4521f271d7fd,448.19
97bd42868ba98bb9a757c729d8d6e259644117e4,447.32
384bf2cba16120166c5044f868096ab02599ac76,453.06
f3dbb685f25c22a14079d9a7694ad27f78814253,451.40
924c480762e8af2ece8da553f7fe90244085341e,452.52
d599990c331989230a6e1d0e4fea9e577022cc9c,463.03
88730bf9f399aab6a150212faeea012598be9ec6,451.59
be339d37c1750bab50445ae684537e8d3a890d15,463.53
d758acab64d16f7dfb664f18fd9c0f63901d7138,456.74
73e26919b941be2816d60e15872ee0d9ca77c56e,446.93
3f7d2c71dbbbb289c684f339874eed8ac2747fa0,455.82
76399e5b273d63d6affeb94597d8dfddce811964,450.17
a4c375d8ef9d2a930b34a994719ebdbc076678b7,447.13
07df0dea236d2fce4980dc3878bdb42920faf8b9,452.18
21ee3e98b71dfd0a86c0ddd4cedbc7c0517351ba,446.02
b67cc18ba1814d1abdb16f8ee9bb5473aaa42cf8,451.45
76399e5b273d63d6affeb94597d8dfddce811964,456.99
384bf2cba16120166c5044f868096ab02599ac76,455.37
1833adf54de2ec33d68abf4a64202e8572d15ccd,455.25
80158d6fa7445506eaaafdeadb1f4dc291ca10a5,450.49
76903813da44b8971c9cd2beff41773376c6396c,448.86
d94f56c25485b622ebf3b35b71868c74b9501ece,453.92
6c4f16f233cdfd7aedef33374609e9aa4ede255c,452.80
109a47ac2e8dc1a510ff58a27b63bd18b377e13b,447.11
6c4f16f233cdfd7aedef33374609e9aa4ede255c,444.22
8f9b51dab9020d499bc2a2ca2fcb306bbfb4e734,457.78
cf06d02074c2526944c8a08c7b641ef51d31343b,457.39
de098c35e91f9a8c15c56cc3dd30a2ff32582201,448.83
8b5fb7be962959a922dafc2073718e1457196043,451.96
8627ba3bde6edb7f91cf7122d7f8e9961096c4ff,448.81
1c4fe033f7612d4aeb0f4324538c8e3dd4d25668,451.22
d745f85315b33fb72c5b6d8ac155451c85f5a6be,448.34
c1ee93355ba4bc6a430aed0ea8db7369f7d0895f,456.45
21d8c188b27937079007f0129f2b372b857f2e16,448.39
21d8c188b27937079007f0129f2b372b857f2e16,451.18
c07ba8a34b6a6d6665928e106fea67bd9144e4e0,448.55
1c4fe033f7612d4aeb0f4324538c8e3dd4d25668,449.41
834d3142304e0927dc659791da6a4521f271d7fd,444.37
b033535fe2cf887de8076221a0d614abfcf17d7b,457.19
8b5fb7be962959a922dafc2073718e1457196043,447.30
109a47ac2e8dc1a510ff58a27b63bd18b377e13b,442.92
586c85420990eab5e0f07c324fc26fcdae3af05c,450.59
5e6e9fc84826cb79a24906987cc5d54677482a70,447.94
d745f85315b33fb72c5b6d8ac155451c85f5a6be,452.72
3a158cfbcfe70c9a921b9ea525e2cd8113193219,453.71
dd8e832191e78a417a03c88512b1d7eeb7f486d4,451.82
b4fc2f243ce56618c74dd4cc9f0b2ccf4dca1bc5,456.60
384bf2cba16120166c5044f868096ab02599ac76,446.82
802e7b4e3e1d6501605f874d1cec4241d411f325,454.24
a991deb4430343e8f22de5d5aa51f829bab52315,443.51
b42fe0d5dfd882c5f544704b3dbe05c4301fe671,451.86
1833adf54de2ec33d68abf4a64202e8572d15ccd,450.66
f052908ec90e12bdc6b67915ef2290aa9eefa48b,460.09
5dab7a2379aaa7141c6c4e8306a139a6b8dd3ada,458.18
16d2cc3e401a16b272cb182eaaa6f379839105ad,450.20
20088820f17e190db7d68c13d3f1b99fc1cecc5f,447.45
311d2e7e7123814364907b65143117efc3ddf92d,454.43
81a9f5320614029f04838945674e3087eec01a63,450.30
802e7b4e3e1d6501605f874d1cec4241d411f325,452.15
07df0dea236d2fce4980dc3878bdb42920faf8b9,450.68
5e6e9fc84826cb79a24906987cc5d54677482a70,447.96
aa812e42a784bb551e3cda70078c2c1ed6147b20,444.43
862c256fb6e1166ca42a2f8b885c5285baf6c1f9,444.75
be339d37c1750bab50445ae684537e8d3a890d15,449.46
d599990c331989230a6e1d0e4fea9e577022cc9c,447.81
1bae7a28d5991f712980e6e36e76d3002f500f47,450.89
668514d0e1be5f1dae2048b145298ce9e116e34c,453.12
0b9eab69d394b38f776079a20dc19ed5848748b4,448.73
aa812e42a784bb551e3cda70078c2c1ed6147b20,454.24
8627ba3bde6edb7f91cf7122d7f8e9961096c4ff,449.09
4d94c5d0f0e60e50d555178ff0ca5b8d4da5f054,451.34
fc7c7f18cdbb55ca1c1fb708ae573c64e5e3ead5,462.32
8627ba3bde6edb7f91cf7122d7f8e9961096c4ff,452.47
81a9f5320614029f04838945674e3087eec01a63,450.18
384bf2cba16120166c5044f868096ab02599ac76,451.40
68a1083c447f368a2f21b75589d0140f8a750e7f,452.70
a4c375d8ef9d2a930b34a994719ebdbc076678b7,457.15
1c4fe033f7612d4aeb0f4324538c8e3dd4d25668,449.56
88730bf9f399aab6a150212faeea012598be9ec6,453.18
799b9aa3e623b56092100fa672c034ae9f259038,454.15
862c256fb6e1166ca42a2f8b885c5285baf6c1f9,448.10
9e9e15856d41f55cee4a215acae3c3866e78d200,450.93
d9ec262369138ca840d4a34473427e401c4cc4a4,449.15
c1ee93355ba4bc6a430aed0ea8db7369f7d0895f,449.25
627efb94e9ec8bcf09829fb8be5cbc4f4334fceb,449.29
43cd48ba8e4701d429c8a7c1eea503ad139aaf90,438.52
c1ee93355ba4bc6a430aed0ea8db7369f7d0895f,447.94
802e7b4e3e1d6501605f874d1cec4241d411f325,452.19
3475eaf7aa744401cd36889f565d7b224b35a35b,450.94
9779d0dbcfab0abdfad9b81c85db43543b797683,441.64
668514d0e1be5f1dae2048b145298ce9e116e34c,447.19
d745f85315b33fb72c5b6d8ac155451c85f5a6be,460.32
20088820f17e190db7d68c13d3f1b99fc1cecc5f,445.59
4ffc755b2ed01a2f97115128c4b7b9eeba4638af,441.59
16d2cc3e401a16b272cb182eaaa6f379839105ad,453.25
ea41269c6e317547a42b57e816d05fb1780abdff,445.65
d758acab64d16f7dfb664f18fd9c0f63901d7138,455.22
68a1083c447f368a2f21b75589d0140f8a750e7f,447.54
4ffc755b2ed01a2f97115128c4b7b9eeba4638af,452.81
5dab7a2379aaa7141c6c4e8306a139a6b8dd3ada,464.43
4a28f7766124469dbdd5ad6179fe84abff3cd14f,453.23
e187364d813bff6df326d46690ccc514aa4c84ec,448.83
4a28f7766124469dbdd5ad6179fe84abff3cd14f,462.13
8b5fb7be962959a922dafc2073718e1457196043,454.78
2c07dc3e05ec1efe3c696d4888421fd6d03f4c10,462.92
834d3142304e0927dc659791da6a4521f271d7fd,450.45
c5792eb641b13f8a853b6f065b6998053d106b7d,454.50
76903813da44b8971c9cd2beff41773376c6396c,448.48
9779d0dbcfab0abdfad9b81c85db43543b797683,442.19
ab53e91503e6c405d2b6b647751bd17dcea8028f,451.04
8f9b51dab9020d499bc2a2ca2fcb306bbfb4e734,450.23
4d94c5d0f0e60e50d555178ff0ca5b8d4da5f054,450.35
76399e5b273d63d6affeb94597d8dfddce811964,450.43
be339d37c1750bab50445ae684537e8d3a890d15,457.78
73e26919b941be2816d60e15872ee0d9ca77c56e,449.20
456a5545fe7d79ca2851d9a24528972159d37f66,451.88
f14bd640bf48bfbabb0ad17da4322e3c75eaa547,461.32
2c07dc3e05ec1efe3c696d4888421fd6d03f4c10,448.58
f3dbb685f25c22a14079d9a7694ad27f78814253,458.35
d745f85315b33fb72c5b6d8ac155451c85f5a6be,447.68
384bf2cba16120166c5044f868096ab02599ac76,450.21
ab53e91503e6c405d2b6b647751bd17dcea8028f,459.80
3f9f33d88355f22aefc7ea402da09fd1950289ce,453.51
b42fe0d5dfd882c5f544704b3dbe05c4301fe671,450.35
f2fe1eac288eccbb34bf048c20b0406d7db9636d,458.41
d599990c331989230a6e1d0e4fea9e577022cc9c,455.60
d65185506919c50de85e766771898fdbd054e77b,448.40
de098c35e91f9a8c15c56cc3dd30a2ff32582201,445.10
5e6e9fc84826cb79a24906987cc5d54677482a70,451.26
5e6e9fc84826cb79a24906987cc5d54677482a70,447.25
ab53e91503e6c405d2b6b647751bd17dcea8028f,460.28
ab53e91503e6c405d2b6b647751bd17dcea8028f,445.92
cf06d02074c2526944c8a08c7b641ef51d31343b,456.79
586c85420990eab5e0f07c324fc26fcdae3af05c,450.40
b4fc2f243ce56618c74dd4cc9f0b2ccf4dca1bc5,460.84
edcc4a00cdf6d2d7b4ea81917e48e3e9570438a3,456.00
97bd42868ba98bb9a757c729d8d6e259644117e4,456.38
5dab7a2379aaa7141c6c4e8306a139a6b8dd3ada,458.81
799b9aa3e623b56092100fa672c034ae9f259038,457.18
3f7d2c71dbbbb289c684f339874eed8ac2747fa0,452.58
5dab7a2379aaa7141c6c4e8306a139a6b8dd3ada,452.80
bb16e0693819afb821bce6943d8cbd178266a63e,452.79
0265937566f541e90933a6bd33192201095ecf4e,453.74
f2fe1eac288eccbb34bf048c20b0406d7db9636d,447.58
aa812e42a784bb551e3cda70078c2c1ed6147b20,447.19
862c256fb6e1166ca42a2f8b885c5285baf6c1f9,448.29
3c5061f03f27f13dcf546c9752e424af715bb02a,451.83
b67cc18ba1814d1abdb16f8ee9bb5473aaa42cf8,449.78
456a5545fe7d79ca2851d9a24528972159d37f66,447.48
3c5061f03f27f13dcf546c9752e424af715bb02a,450.37
c3c952e55f10b07dd9d4a9121db1b3828b0a1bc7,455.21
35407bb1557e2ee11e27cff552d561b3d83266ae,2453.84
4d94c5d0f0e60e50d555178ff0ca5b8d4da5f054,448.96
456a5545fe7d79ca2851d9a24528972159d37f66,453.30
88730bf9f399aab6a150212faeea012598be9ec6,451.81
f14bd640bf48bfbabb0ad17da4322e3c75eaa547,458.22
d3705477a13939f5e3f15c5422d2c67611fbb8da,442.66
97bd42868ba98bb9a757c729d8d6e259644117e4,449.75
586c85420990eab5e0f07c324fc26fcdae3af05c,450.12
80158d6fa7445506eaaafdeadb1f4dc291ca10a5,455.78
862c256fb6e1166ca42a2f8b885c5285baf6c1f9,462.36
dd8e832191e78a417a03c88512b1d7eeb7f486d4,448.93
73f0278e5b5e938ffaef897a565a94db95df70b6,447.85
586c85420990eab5e0f07c324fc26fcdae3af05c,450.08
2518e92a052d922d81d11e28b8e5205639fed9a7,452.33
b4fc2f243ce56618c74dd4cc9f0b2ccf4dca1bc5,447.00
76399e5b273d63d6affeb94597d8dfddce811964,446.22
3a158cfbcfe70c9a921b9ea525e2cd8113193219,448.07
b67cc18ba1814d1abdb16f8ee9bb5473aaa42cf8,452.58
11185c4fc1a0bcfa15d59b23fe039bf5908a2a77,452.52
5dab7a2379aaa7141c6c4e8306a139a6b8dd3ada,451.19
07df0dea236d2fce4980dc3878bdb42920faf8b9,458.71
d94f56c25485b622ebf3b35b71868c74b9501ece,451.78
a4c375d8ef9d2a930b34a994719ebdbc076678b7,453.66
aa812e42a784bb551e3cda70078c2c1ed6147b20,446.39
834d3142304e0927dc659791da6a4521f271d7fd,445.29
1c4fe033f7612d4aeb0f4324538c8e3dd4d25668,449.67
924c480762e8af2ece8da553f7fe90244085341e,455.97
574e76eb211b43ea792ac69955a0bbcc244965e9,467.49
4a28f7766124469dbdd5ad6179fe84abff3cd14f,462.90
0265937566f541e90933a6bd33192201095ecf4e,464.78
a991deb4430343e8f22de5d5aa51f829bab52315,445.57
e187364d813bff6df326d46690ccc514aa4c84ec,454.77
109a47ac2e8dc1a510ff58a27b63bd18b377e13b,444.32
27b9f632b1289c1b777bd1bd05bb73f61e11b419,448.24
5e6e9fc84826cb79a24906987cc5d54677482a70,452.39
3a158cfbcfe70c9a921b9ea525e2cd8113193219,450.54
3475eaf7aa744401cd36889f565d7b224b35a35b,451.24
b4fc2f243ce56618c74dd4cc9f0b2ccf4dca1bc5,448.52
27b9f632b1289c1b777bd1bd05bb73f61e11b419,454.85
dd8e832191e78a417a03c88512b1d7eeb7f486d4,446.24
802e7b4e3e1d6501605f874d1cec4241d411f325,451.40
d9ec262369138ca840d4a34473427e401c4cc4a4,452.51
f052908ec90e12bdc6b67915ef2290aa9eefa48b,450.82
627efb94e9ec8bcf09829fb8be5cbc4f4334fceb,452.08
3f9f33d88355f22aefc7ea402da09fd1950289ce,455.81
862c256fb6e1166ca42a2f8b885c5285baf6c1f9,456.87
311d2e7e7123814364907b65143117efc3ddf92d,451.96
07df0dea236d2fce4980dc3878bdb42920faf8b9,449.90
b033535fe2cf887de8076221a0d614abfcf17d7b,451.31
a991deb4430343e8f22de5d5aa51f829bab52315,440.76
c1ee93355ba4bc6a430aed0ea8db7369f7d0895f,463.53
2c07dc3e05ec1efe3c696d4888421fd6d03f4c10,446.68
c3c952e55f10b07dd9d4a9121db1b3828b0a1bc7,442.50
b67cc18ba1814d1abdb16f8ee9bb5473aaa42cf8,450.53
3f9f33d88355f22aefc7ea402da09fd1950289ce,462.61
c765b819fcb5f24373fc165a7c651f0e87a0a25a,446.56
d84d6a145fa09440803bf184f7ad405167463f10,449.42
0b9eab69d394b38f776079a20dc19ed5848748b4,459.15
5e6e9fc84826cb79a24906987cc5d54677482a70,450.16
edcc4a00cdf6d2d7b4ea81917e48e3e9570438a3,453.34
3f9f33d88355f22aefc7ea402da09fd1950289ce,474.20
97bd42868ba98bb9a757c729d8d6e259644117e4,456.04
82200d7847e72c176611fdfa738dac62a0f79b58,443.39
1bae7a28d5991f712980e6e36e76d3002f500f47,452.76
a991deb4430343e8f22de5d5aa51f829bab52315,449.01
fc7c7f18cdbb55ca1c1fb708ae573c64e5e3ead5,460.75
9e9e15856d41f55cee4a215acae3c3866e78d200,458.63
d84d6a145fa09440803bf184f7ad405167463f10,454.31
ae51709b8c07098fa688ec6be0b5a7dec7654178,440.96
d94f56c25485b622ebf3b35b71868c74b9501ece,437.72
aa812e42a784bb551e3cda70078c2c1ed6147b20,441.26
d65185506919c50de85e766771898fdbd054e77b,456.72
eab521f7a26c072b117f72c4371f71e75eafc55e,449.05
3f9f33d88355f22aefc7ea402da09fd1950289ce,451.75
2c07dc3e05ec1efe3c696d4888421fd6d03f4c10,455.36
d758acab64d16f7dfb664f18fd9c0f63901d7138,453.36
1beb36dca19bb90c805d38e8b1f2787d169a759e,448.91
0265937566f541e90933a6bd33192201095ecf4e,454.24
74c61a13acb6fc11456cd442d4d982a0e943e9d0,459.26
74c61a13acb6fc11456cd442d4d982a0e943e9d0,451.44
703ca9cb69b5004a652482589d7ef85402717127,448.45
703ca9cb69b5004a652482589d7ef85402717127,450.74
74c61a13acb6fc11456cd442d4d982a0e943e9d0,453.16
703ca9cb69b5004a652482589d7ef85402717127,451.66
74c61a13acb6fc11456cd442d4d982a0e943e9d0,455.65
703ca9cb69b5004a652482589d7ef85402717127,456.54
703ca9cb69b5004a652482589d7ef85402717127,473.02
74c61a13acb6fc11456cd442d4d982a0e943e9d0,456.72
703ca9cb69b5004a652482589d7ef85402717127,450.21
703ca9cb69b5004a652482589d7ef85402717127,452.96
703ca9cb69b5004a652482589d7ef85402717127,454.23
703ca9cb69b5004a652482589d7ef85402717127,463.27
703ca9cb69b5004a652482589d7ef85402717127,449.08
74c61a13acb6fc11456cd442d4d982a0e943e9d0,455.34
703ca9cb69b5004a652482589d7ef85402717127,447.80
703ca9cb69b5004a652482589d7ef85402717127,454.95
703ca9cb69b5004a652482589d7ef85402717127,451.10
74c61a13acb6fc11456cd442d4d982a0e943e9d0,447.98
74c61a13acb6fc11456cd442d4d982a0e943e9d0,450.82
74c61a13acb6fc11456cd442d4d982a0e943e9d0,457.96
74c61a13acb6fc11456cd442d4d982a0e943e9d0,456.84
74c61a13acb6fc11456cd442d4d982a0e943e9d0,449.49
74c61a13acb6fc11456cd442d4d982a0e943e9d0,450.89
74c61a13acb6fc11456cd442d4d982a0e943e9d0,454.19
74c61a13acb6fc11456cd442d4d982a0e943e9d0,455.27
74c61a13acb6fc11456cd442d4d982a0e943e9d0,454.31
74c61a13acb6fc11456cd442d4d982a0e943e9d0,446.24
74c61a13acb6fc11456cd442d4d982a0e943e9d0,450.46
74c61a13acb6fc11456cd442d4d982a0e943e9d0,454.58
74c61a13acb6fc11456cd442d4d982a0e943e9d0,448.06
703ca9cb69b5004a652482589d7ef85402717127,450.26
74c61a13acb6fc11456cd442d4d982a0e943e9d0,454.71
703ca9cb69b5004a652482589d7ef85402717127,452.91
703ca9cb69b5004a652482589d7ef85402717127,464.71
74c61a13acb6fc11456cd442d4d982a0e943e9d0,449.13
703ca9cb69b5004a652482589d7ef85402717127,456.62
74c61a13acb6fc11456cd442d4d982a0e943e9d0,455.02
74c61a13acb6fc11456cd442d4d982a0e943e9d0,451.38
74c61a13acb6fc11456cd442d4d982a0e943e9d0,448.51
703ca9cb69b5004a652482589d7ef85402717127,452.94
703ca9cb69b5004a652482589d7ef85402717127,454.38
703ca9cb69b5004a652482589d7ef85402717127,451.79
703ca9cb69b5004a652482589d7ef85402717127,458.76
703ca9cb69b5004a652482589d7ef85402717127,459.19
74c61a13acb6fc11456cd442d4d982a0e943e9d0,451.20
703ca9cb69b5004a652482589d7ef85402717127,446.45
74c61a13acb6fc11456cd442d4d982a0e943e9d0,458.52
74c61a13acb6fc11456cd442d4d982a0e943e9d0,468.31
74c61a13acb6fc11456cd442d4d982a0e943e9d0,449.55
703ca9cb69b5004a652482589d7ef85402717127,463.88
74c61a13acb6fc11456cd442d4d982a0e943e9d0,457.66
703ca9cb69b5004a652482589d7ef85402717127,456.17
703ca9cb69b5004a652482589d7ef85402717127,451.87
703ca9cb69b5004a652482589d7ef85402717127,455.27
703ca9cb69b5004a652482589d7ef85402717127,452.69
74c61a13acb6fc11456cd442d4d982a0e943e9d0,452.61
703ca9cb69b5004a652482589d7ef85402717127,453.67
703ca9cb69b5004a652482589d7ef85402717127,452.45
