commit,energy-pkg,energy-ram,seconds,temp_before,temp_after
31ad0686f949f4a772b3b843403d8e221d7ef57c,2292.06,88.55,9.625715644,54000,55000
cf8822103dfc12c93b459518cc72e92cd6cab51b,2219.50,85.44,9.316423102,54000,55000
c6208d2c8d3f3cb45215053f2656683844155e8a,2012.35,77.76,8.416415861,54000,54000
a62f7317a353031ec7229397b40dbdf330524b3c,2817.27,108.42,11.845600139,55000,55000
9329ae9ea40ebd2dca20413857dea293e83456f2,2139.14,82.62,8.936465378,54000,54000
8a342fda89d457a585f515d99e6b4106d490b220,2135.12,81.75,8.946679820,55000,55000
4848432864c9c2fb27b2753deb98ae92f0b8c485,3354.33,128.76,14.108640892,55000,55000
b5761608fc8862a58403b88f4582b5f883ad31ea,2104.84,80.76,8.816341713,55000,55000
ae606bf695eb20559e824600245b781d815d23e1,1994.81,76.19,8.355841822,54000,54000
dc3b6c59d2d4dc1b72424785e9b8455b1df15664,2116.87,81.01,8.862192839,54000,55000
ce551fd050b668bf1a6f39e6b12fdad9f8619468,3283.26,125.51,13.808068285,55000,54000
13facef45fdac2388167597f13b40802ff1ad75f,3220.73,122.98,13.576229462,54000,55000
0ef4b70b2acf47c1094aedbb9954324a2e84c05e,2166.70,82.26,9.071280270,54000,55000
c393413d45f9be6915d6f243b255bd4df18d2774,2110.06,80.68,8.850016690,54000,55000
01b3900107114f441860ee3d03aba03caef42804,1894.22,72.53,7.932860817,54000,54000
0679bef07f1e29ae72ae54102d5af9a1f80d45d4,1940.59,74.78,8.109378661,55000,54000
b77e51bac1191faf328fa52ae29fcaf9d0456954,3341.28,127.89,14.046919762,54000,54000
73d450657932370e516f205537b395d1d055d043,2133.21,81.65,8.934448726,54000,54000
3a767deb3fad99bc91cadf799e726dea29de042d,3499.80,133.02,14.711158915,54000,54000
13f42529d656ddf140022707581f040bbb460e2a,2002.94,76.88,8.394838826,54000,55000
6b5dbd0b7906842345194c0c863f2575b533786d,2049.02,78.70,8.581292364,54000,54000
9844d209332df5ffd6894fdc9a89436278ec7edd,3005.26,115.60,12.613758840,54000,55000
31ad0686f949f4a772b3b843403d8e221d7ef57c,2288.76,88.09,9.583785467,54000,54000
cf8822103dfc12c93b459518cc72e92cd6cab51b,2141.53,82.19,8.962052678,54000,55000
c6208d2c8d3f3cb45215053f2656683844155e8a,2011.70,77.37,8.399959846,54000,54000
a62f7317a353031ec7229397b40dbdf330524b3c,2779.30,106.93,11.652860241,54000,54000
9329ae9ea40ebd2dca20413857dea293e83456f2,2074.10,79.73,8.675629067,54000,54000
8a342fda89d457a585f515d99e6b4106d490b220,2144.20,81.51,8.976417411,54000,54000
4848432864c9c2fb27b2753deb98ae92f0b8c485,3457.21,131.50,14.514034599,54000,54000
b5761608fc8862a58403b88f4582b5f883ad31ea,2137.71,81.87,8.954173216,54000,54000
ae606bf695eb20559e824600245b781d815d23e1,1944.18,73.69,8.149220665,54000,54000
dc3b6c59d2d4dc1b72424785e9b8455b1df15664,2068.42,79.05,8.662347786,54000,55000
ce551fd050b668bf1a6f39e6b12fdad9f8619468,3325.53,127.42,13.966233339,54000,54000
13facef45fdac2388167597f13b40802ff1ad75f,3263.24,124.21,13.750551449,54000,54000
0ef4b70b2acf47c1094aedbb9954324a2e84c05e,2052.55,79.08,8.584972821,54000,54000
c393413d45f9be6915d6f243b255bd4df18d2774,2075.10,79.47,8.685189059,54000,54000
01b3900107114f441860ee3d03aba03caef42804,1907.52,73.11,7.974660148,54000,54000
0679bef07f1e29ae72ae54102d5af9a1f80d45d4,1902.62,72.98,7.948910664,54000,54000
b77e51bac1191faf328fa52ae29fcaf9d0456954,3912.51,149.90,16.429664764,54000,54000
73d450657932370e516f205537b395d1d055d043,2132.79,81.19,8.921212071,54000,54000
3a767deb3fad99bc91cadf799e726dea29de042d,3432.15,130.57,14.387051222,54000,54000
13f42529d656ddf140022707581f040bbb460e2a,2018.29,77.75,8.432595007,54000,54000
6b5dbd0b7906842345194c0c863f2575b533786d,2062.50,79.51,8.620333064,54000,54000
9844d209332df5ffd6894fdc9a89436278ec7edd,3068.11,117.84,12.851927979,54000,54000
31ad0686f949f4a772b3b843403d8e221d7ef57c,2384.25,91.19,9.964761737,54000,54000
cf8822103dfc12c93b459518cc72e92cd6cab51b,2317.84,88.91,9.691311625,55000,54000
c6208d2c8d3f3cb45215053f2656683844155e8a,1935.48,74.00,8.084801957,54000,54000
a62f7317a353031ec7229397b40dbdf330524b3c,2792.13,107.16,11.681666093,54000,54000
9329ae9ea40ebd2dca20413857dea293e83456f2,2077.08,79.85,8.672991648,54000,54000
8a342fda89d457a585f515d99e6b4106d490b220,2132.83,81.91,8.915267235,54000,54000
4848432864c9c2fb27b2753deb98ae92f0b8c485,3381.91,128.90,14.162949247,54000,54000
b5761608fc8862a58403b88f4582b5f883ad31ea,2160.35,82.56,9.030648759,54000,54000
ae606bf695eb20559e824600245b781d815d23e1,2074.29,79.11,8.669794149,55000,54000
dc3b6c59d2d4dc1b72424785e9b8455b1df15664,2102.98,80.51,8.789598306,54000,54000
ce551fd050b668bf1a6f39e6b12fdad9f8619468,3494.15,133.23,14.681588349,54000,54000
13facef45fdac2388167597f13b40802ff1ad75f,3146.82,119.63,13.241776026,54000,54000
0ef4b70b2acf47c1094aedbb9954324a2e84c05e,1983.96,75.79,8.295048169,54000,54000
c393413d45f9be6915d6f243b255bd4df18d2774,2121.44,81.55,8.869937764,54000,54000
01b3900107114f441860ee3d03aba03caef42804,1877.16,72.04,7.856960165,54000,54000
0679bef07f1e29ae72ae54102d5af9a1f80d45d4,1935.78,74.57,8.064810203,54000,54000
b77e51bac1191faf328fa52ae29fcaf9d0456954,3408.72,130.79,14.278993149,53000,54000
73d450657932370e516f205537b395d1d055d043,2169.15,83.15,9.072027179,54000,54000
3a767deb3fad99bc91cadf799e726dea29de042d,3577.97,136.79,15.011274654,54000,54000
13f42529d656ddf140022707581f040bbb460e2a,1980.26,75.68,8.271252397,54000,54000
6b5dbd0b7906842345194c0c863f2575b533786d,2117.64,81.72,8.841071658,54000,54000
9844d209332df5ffd6894fdc9a89436278ec7edd,2938.34,112.70,12.298794774,54000,54000
31ad0686f949f4a772b3b843403d8e221d7ef57c,2304.35,88.59,9.626802596,54000,54000
cf8822103dfc12c93b459518cc72e92cd6cab51b,2193.50,84.52,9.158085802,53000,54000
c6208d2c8d3f3cb45215053f2656683844155e8a,1934.27,74.00,8.073954977,54000,54000
a62f7317a353031ec7229397b40dbdf330524b3c,2809.29,107.86,11.758152092,54000,54000
9329ae9ea40ebd2dca20413857dea293e83456f2,2107.25,81.17,8.775904773,55000,54000
8a342fda89d457a585f515d99e6b4106d490b220,2129.97,81.63,8.900456113,54000,54000
4848432864c9c2fb27b2753deb98ae92f0b8c485,3486.54,133.40,14.614799542,54000,54000
b5761608fc8862a58403b88f4582b5f883ad31ea,2171.16,83.31,9.068984359,54000,54000
ae606bf695eb20559e824600245b781d815d23e1,1978.17,75.64,8.257959025,54000,54000
dc3b6c59d2d4dc1b72424785e9b8455b1df15664,2111.57,80.95,8.817410461,54000,54000
ce551fd050b668bf1a6f39e6b12fdad9f8619468,3512.93,133.72,14.765233823,54000,54000
13facef45fdac2388167597f13b40802ff1ad75f,3242.18,123.67,13.624531605,54000,54000
0ef4b70b2acf47c1094aedbb9954324a2e84c05e,2145.19,81.76,8.969314511,54000,54000
c393413d45f9be6915d6f243b255bd4df18d2774,2115.80,81.03,8.842078558,54000,54000
01b3900107114f441860ee3d03aba03caef42804,1908.06,73.04,7.957339572,54000,54000
0679bef07f1e29ae72ae54102d5af9a1f80d45d4,1906.22,73.09,7.946248305,54000,54000
b77e51bac1191faf328fa52ae29fcaf9d0456954,3526.55,134.96,14.781690112,54000,54000
73d450657932370e516f205537b395d1d055d043,2176.01,83.44,9.096672465,54000,54000
3a767deb3fad99bc91cadf799e726dea29de042d,3334.95,126.85,14.019990583,54000,54000
13f42529d656ddf140022707581f040bbb460e2a,1989.99,76.21,8.325938909,55000,54000
6b5dbd0b7906842345194c0c863f2575b533786d,2147.93,83.22,8.973108664,54000,54000
9844d209332df5ffd6894fdc9a89436278ec7edd,2991.59,114.88,12.534202869,54000,54000
31ad0686f949f4a772b3b843403d8e221d7ef57c,2340.40,90.40,9.771774390,54000,54000
cf8822103dfc12c93b459518cc72e92cd6cab51b,2188.42,83.90,9.149490306,54000,54000
c6208d2c8d3f3cb45215053f2656683844155e8a,1985.26,76.59,8.282400800,54000,54000
a62f7317a353031ec7229397b40dbdf330524b3c,2911.20,111.75,12.216525715,54000,54000
9329ae9ea40ebd2dca20413857dea293e83456f2,2189.17,84.63,9.135898454,54000,54000
8a342fda89d457a585f515d99e6b4106d490b220,2135.21,81.50,8.930625260,53000,54000
4848432864c9c2fb27b2753deb98ae92f0b8c485,3470.50,133.05,14.530634183,54000,54000
b5761608fc8862a58403b88f4582b5f883ad31ea,2141.80,82.02,8.962013573,54000,55000
ae606bf695eb20559e824600245b781d815d23e1,2079.55,79.59,8.702711785,54000,53000
dc3b6c59d2d4dc1b72424785e9b8455b1df15664,2113.14,81.04,8.837242529,54000,54000
ce551fd050b668bf1a6f39e6b12fdad9f8619468,3364.09,128.82,14.108812843,54000,54000
13facef45fdac2388167597f13b40802ff1ad75f,3245.75,123.54,13.658562572,54000,53000
0ef4b70b2acf47c1094aedbb9954324a2e84c05e,2044.15,78.22,8.549944781,54000,54000
c393413d45f9be6915d6f243b255bd4df18d2774,2120.24,81.15,8.870710758,54000,54000
01b3900107114f441860ee3d03aba03caef42804,1916.85,73.43,8.005434374,54000,54000
0679bef07f1e29ae72ae54102d5af9a1f80d45d4,1847.42,70.49,7.705596668,54000,54000
b77e51bac1191faf328fa52ae29fcaf9d0456954,3558.95,136.05,14.909859297,54000,54000
73d450657932370e516f205537b395d1d055d043,2136.69,82.20,8.924118857,54000,54000
3a767deb3fad99bc91cadf799e726dea29de042d,3359.46,128.52,14.060899228,53000,53000
13f42529d656ddf140022707581f040bbb460e2a,1984.97,75.74,8.282858334,52000,54000
6b5dbd0b7906842345194c0c863f2575b533786d,2089.96,79.81,8.725445125,54000,54000
9844d209332df5ffd6894fdc9a89436278ec7edd,3073.07,118.13,12.841544805,54000,54000
31ad0686f949f4a772b3b843403d8e221d7ef57c,2279.85,87.20,9.503369846,54000,54000
cf8822103dfc12c93b459518cc72e92cd6cab51b,2213.43,84.84,9.237092623,54000,54000
c6208d2c8d3f3cb45215053f2656683844155e8a,2068.16,79.56,8.610728122,54000,54000
a62f7317a353031ec7229397b40dbdf330524b3c,2782.58,106.48,11.634175808,54000,54000
9329ae9ea40ebd2dca20413857dea293e83456f2,2182.28,83.65,9.080859989,53000,54000
8a342fda89d457a585f515d99e6b4106d490b220,2155.57,82.28,8.994134903,54000,54000
4848432864c9c2fb27b2753deb98ae92f0b8c485,3441.01,131.03,14.410591935,54000,54000
b5761608fc8862a58403b88f4582b5f883ad31ea,2144.18,81.78,8.967298593,54000,54000
ae606bf695eb20559e824600245b781d815d23e1,1975.01,75.17,8.258824018,53000,54000
dc3b6c59d2d4dc1b72424785e9b8455b1df15664,2142.26,82.35,8.951825246,54000,54000
ce551fd050b668bf1a6f39e6b12fdad9f8619468,3553.92,135.72,14.910324513,54000,52000
13facef45fdac2388167597f13b40802ff1ad75f,3435.71,130.66,14.458345481,53000,54000
0ef4b70b2acf47c1094aedbb9954324a2e84c05e,2039.55,78.08,8.507612873,54000,54000
c393413d45f9be6915d6f243b255bd4df18d2774,2119.05,81.17,8.844081016,54000,53000
01b3900107114f441860ee3d03aba03caef42804,1891.85,72.32,7.892841072,54000,54000
0679bef07f1e29ae72ae54102d5af9a1f80d45d4,1940.91,74.43,8.093112994,54000,54000
b77e51bac1191faf328fa52ae29fcaf9d0456954,3561.44,135.98,14.921912816,53000,54000
73d450657932370e516f205537b395d1d055d043,2184.26,83.94,9.122832201,53000,54000
3a767deb3fad99bc91cadf799e726dea29de042d,3363.87,128.90,14.085984393,54000,54000
13f42529d656ddf140022707581f040bbb460e2a,2012.37,77.07,8.401589694,54000,54000
6b5dbd0b7906842345194c0c863f2575b533786d,2256.35,86.78,9.403082023,54000,54000
9844d209332df5ffd6894fdc9a89436278ec7edd,3016.71,116.21,12.634554970,53000,53000
31ad0686f949f4a772b3b843403d8e221d7ef57c,2306.60,88.61,9.615385659,53000,54000
cf8822103dfc12c93b459518cc72e92cd6cab51b,2202.43,84.50,9.176937054,54000,54000
c6208d2c8d3f3cb45215053f2656683844155e8a,1935.71,74.32,8.061723371,54000,54000
a62f7317a353031ec7229397b40dbdf330524b3c,2747.28,105.33,11.486014194,53000,54000
9329ae9ea40ebd2dca20413857dea293e83456f2,2146.82,82.87,8.946768641,54000,54000
8a342fda89d457a585f515d99e6b4106d490b220,2092.97,80.14,8.748554879,53000,54000
4848432864c9c2fb27b2753deb98ae92f0b8c485,3613.50,138.30,15.145812152,53000,54000
b5761608fc8862a58403b88f4582b5f883ad31ea,2115.00,81.04,8.848836441,54000,54000
ae606bf695eb20559e824600245b781d815d23e1,2008.19,76.83,8.401005478,54000,54000
dc3b6c59d2d4dc1b72424785e9b8455b1df15664,2194.41,84.18,9.159964434,54000,54000
ce551fd050b668bf1a6f39e6b12fdad9f8619468,3357.55,128.23,14.076368049,54000,54000
13facef45fdac2388167597f13b40802ff1ad75f,3206.12,121.71,13.465372667,54000,54000
0ef4b70b2acf47c1094aedbb9954324a2e84c05e,1997.89,76.63,8.357301175,54000,54000
c393413d45f9be6915d6f243b255bd4df18d2774,2114.42,80.95,8.834184722,54000,54000
01b3900107114f441860ee3d03aba03caef42804,1933.49,74.16,8.062904475,54000,54000
0679bef07f1e29ae72ae54102d5af9a1f80d45d4,1924.94,74.10,8.026911777,54000,54000
b77e51bac1191faf328fa52ae29fcaf9d0456954,3422.17,131.08,14.326927228,54000,54000
73d450657932370e516f205537b395d1d055d043,2136.96,82.00,8.920174509,54000,54000
3a767deb3fad99bc91cadf799e726dea29de042d,3490.82,133.37,14.626255163,54000,54000
13f42529d656ddf140022707581f040bbb460e2a,1987.04,75.78,8.301561020,54000,54000
6b5dbd0b7906842345194c0c863f2575b533786d,2122.20,81.83,8.849571721,53000,54000
9844d209332df5ffd6894fdc9a89436278ec7edd,3048.16,117.37,12.761955971,54000,53000
31ad0686f949f4a772b3b843403d8e221d7ef57c,2336.42,89.94,9.754511627,54000,54000
cf8822103dfc12c93b459518cc72e92cd6cab51b,2249.92,86.18,9.393120304,54000,54000
c6208d2c8d3f3cb45215053f2656683844155e8a,1981.56,75.71,8.284583750,53000,54000
a62f7317a353031ec7229397b40dbdf330524b3c,2721.66,104.55,11.399220513,54000,54000
9329ae9ea40ebd2dca20413857dea293e83456f2,2095.74,80.77,8.763661370,54000,53000
8a342fda89d457a585f515d99e6b4106d490b220,2145.02,82.13,8.971889884,54000,53000
4848432864c9c2fb27b2753deb98ae92f0b8c485,3777.64,144.33,15.845776294,53000,53000
b5761608fc8862a58403b88f4582b5f883ad31ea,2132.51,81.85,8.921819694,54000,53000
ae606bf695eb20559e824600245b781d815d23e1,1972.70,75.54,8.243886254,54000,54000
dc3b6c59d2d4dc1b72424785e9b8455b1df15664,2119.11,81.06,8.861094990,54000,53000
ce551fd050b668bf1a6f39e6b12fdad9f8619468,3489.40,133.75,14.655593834,54000,52000
13facef45fdac2388167597f13b40802ff1ad75f,3345.43,127.92,14.053108289,53000,54000
0ef4b70b2acf47c1094aedbb9954324a2e84c05e,2012.31,77.11,8.407427953,53000,53000
c393413d45f9be6915d6f243b255bd4df18d2774,2169.97,83.30,9.070915427,52000,54000
01b3900107114f441860ee3d03aba03caef42804,1980.88,76.07,8.267265263,54000,54000
0679bef07f1e29ae72ae54102d5af9a1f80d45d4,1899.05,72.73,7.928414653,54000,52000
b77e51bac1191faf328fa52ae29fcaf9d0456954,3461.11,132.21,14.519053596,54000,53000
73d450657932370e516f205537b395d1d055d043,2179.58,83.87,9.118066507,53000,54000
3a767deb3fad99bc91cadf799e726dea29de042d,3448.19,131.86,14.447956678,53000,54000
13f42529d656ddf140022707581f040bbb460e2a,1998.45,76.31,8.339349754,54000,54000
6b5dbd0b7906842345194c0c863f2575b533786d,2147.78,82.83,8.966028125,54000,54000
9844d209332df5ffd6894fdc9a89436278ec7edd,3008.42,115.66,12.593720228,53000,54000
31ad0686f949f4a772b3b843403d8e221d7ef57c,2299.05,88.67,9.604156385,54000,54000
cf8822103dfc12c93b459518cc72e92cd6cab51b,2264.59,86.73,9.471280890,54000,54000
c6208d2c8d3f3cb45215053f2656683844155e8a,1914.26,73.43,7.997996054,54000,54000
a62f7317a353031ec7229397b40dbdf330524b3c,2821.66,108.75,11.840285552,53000,54000
9329ae9ea40ebd2dca20413857dea293e83456f2,2214.28,85.59,9.258554736,54000,53000
8a342fda89d457a585f515d99e6b4106d490b220,2150.97,82.76,8.996696382,54000,54000
4848432864c9c2fb27b2753deb98ae92f0b8c485,3498.03,133.79,14.673114082,54000,54000
b5761608fc8862a58403b88f4582b5f883ad31ea,2110.33,81.13,8.824676272,54000,52000
ae606bf695eb20559e824600245b781d815d23e1,1978.11,75.45,8.264049553,54000,54000
dc3b6c59d2d4dc1b72424785e9b8455b1df15664,2156.15,82.49,8.997110433,54000,54000
ce551fd050b668bf1a6f39e6b12fdad9f8619468,3366.34,128.61,14.100022934,54000,54000
13facef45fdac2388167597f13b40802ff1ad75f,3195.00,121.03,13.451779570,54000,54000
0ef4b70b2acf47c1094aedbb9954324a2e84c05e,2205.98,84.32,9.233915746,54000,54000
c393413d45f9be6915d6f243b255bd4df18d2774,2108.52,80.83,8.823635421,53000,54000
01b3900107114f441860ee3d03aba03caef42804,1893.15,72.49,7.914960388,54000,54000
0679bef07f1e29ae72ae54102d5af9a1f80d45d4,1977.91,76.19,8.236979288,53000,54000
b77e51bac1191faf328fa52ae29fcaf9d0456954,3408.29,130.30,14.287495997,54000,54000
73d450657932370e516f205537b395d1d055d043,2171.99,83.15,9.089626937,54000,54000
3a767deb3fad99bc91cadf799e726dea29de042d,3385.38,129.38,14.183436757,54000,54000
13f42529d656ddf140022707581f040bbb460e2a,2140.13,81.95,8.943644632,54000,54000
6b5dbd0b7906842345194c0c863f2575b533786d,2117.70,81.45,8.845723033,54000,54000
9844d209332df5ffd6894fdc9a89436278ec7edd,2987.60,114.79,12.519408734,54000,54000
31ad0686f949f4a772b3b843403d8e221d7ef57c,2323.34,88.94,9.719211998,54000,54000
cf8822103dfc12c93b459518cc72e92cd6cab51b,2157.46,82.61,9.013893270,54000,53000
c6208d2c8d3f3cb45215053f2656683844155e8a,1959.37,75.06,8.181170635,53000,54000
a62f7317a353031ec7229397b40dbdf330524b3c,2755.77,105.61,11.535778391,54000,53000
9329ae9ea40ebd2dca20413857dea293e83456f2,2095.65,80.60,8.764593601,54000,53000
8a342fda89d457a585f515d99e6b4106d490b220,2144.27,81.97,8.972488674,54000,54000
4848432864c9c2fb27b2753deb98ae92f0b8c485,3624.43,138.93,15.189739778,53000,54000
b5761608fc8862a58403b88f4582b5f883ad31ea,2165.97,82.82,9.057708035,54000,54000
ae606bf695eb20559e824600245b781d815d23e1,1971.75,75.40,8.244666296,53000,54000
dc3b6c59d2d4dc1b72424785e9b8455b1df15664,2166.46,83.27,9.051879605,54000,54000
ce551fd050b668bf1a6f39e6b12fdad9f8619468,3266.01,125.08,13.704872420,53000,54000
13facef45fdac2388167597f13b40802ff1ad75f,3227.49,123.47,13.567376884,54000,54000
0ef4b70b2acf47c1094aedbb9954324a2e84c05e,2152.65,82.28,8.994467582,54000,54000
c393413d45f9be6915d6f243b255bd4df18d2774,2147.87,82.37,8.982860415,54000,54000
01b3900107114f441860ee3d03aba03caef42804,1955.98,75.05,8.170889838,53000,54000
0679bef07f1e29ae72ae54102d5af9a1f80d45d4,1845.83,70.37,7.705856281,54000,53000
b77e51bac1191faf328fa52ae29fcaf9d0456954,3417.36,130.86,14.316772285,54000,53000
73d450657932370e516f205537b395d1d055d043,2169.71,83.66,9.077872087,54000,54000
3a767deb3fad99bc91cadf799e726dea29de042d,3452.43,132.50,14.461337051,54000,54000
13f42529d656ddf140022707581f040bbb460e2a,2109.72,80.83,8.817922969,54000,54000
6b5dbd0b7906842345194c0c863f2575b533786d,2171.32,84.13,9.058402609,54000,54000
9844d209332df5ffd6894fdc9a89436278ec7edd,3020.55,116.36,12.634906212,53000,53000
31ad0686f949f4a772b3b843403d8e221d7ef57c,2295.65,88.20,9.588676130,53000,53000
cf8822103dfc12c93b459518cc72e92cd6cab51b,2202.57,84.61,9.213852316,53000,54000
c6208d2c8d3f3cb45215053f2656683844155e8a,1985.54,76.70,8.269638223,54000,53000
a62f7317a353031ec7229397b40dbdf330524b3c,2823.39,107.92,11.829738977,54000,54000
9329ae9ea40ebd2dca20413857dea293e83456f2,2201.47,84.81,9.173619295,54000,54000
8a342fda89d457a585f515d99e6b4106d490b220,2130.07,81.44,8.903493800,54000,54000
4848432864c9c2fb27b2753deb98ae92f0b8c485,3693.44,141.20,15.460605859,54000,54000
b5761608fc8862a58403b88f4582b5f883ad31ea,2153.95,82.42,9.001734583,53000,53000
ae606bf695eb20559e824600245b781d815d23e1,2007.98,77.26,8.382825928,54000,54000
dc3b6c59d2d4dc1b72424785e9b8455b1df15664,2125.93,81.66,8.877489169,54000,53000
ce551fd050b668bf1a6f39e6b12fdad9f8619468,3761.96,143.60,15.781414633,53000,54000
13facef45fdac2388167597f13b40802ff1ad75f,3264.77,123.90,13.706116939,54000,54000
0ef4b70b2acf47c1094aedbb9954324a2e84c05e,2020.51,77.43,8.451011608,54000,54000
c393413d45f9be6915d6f243b255bd4df18d2774,2151.55,82.73,9.001076987,54000,54000
01b3900107114f441860ee3d03aba03caef42804,1887.56,72.52,7.893460571,53000,54000
0679bef07f1e29ae72ae54102d5af9a1f80d45d4,1925.03,74.01,8.048290301,54000,54000
b77e51bac1191faf328fa52ae29fcaf9d0456954,3367.35,128.99,14.117942625,54000,54000
73d450657932370e516f205537b395d1d055d043,2160.87,83.24,9.023542796,53000,54000
3a767deb3fad99bc91cadf799e726dea29de042d,3325.25,127.34,13.930105302,54000,54000
13f42529d656ddf140022707581f040bbb460e2a,2123.51,81.38,8.895353908,54000,54000
6b5dbd0b7906842345194c0c863f2575b533786d,2157.66,83.41,9.017893887,54000,54000
9844d209332df5ffd6894fdc9a89436278ec7edd,3056.12,117.82,12.832953198,53000,54000
31ad0686f949f4a772b3b843403d8e221d7ef57c,2322.81,89.20,9.716098162,54000,54000
cf8822103dfc12c93b459518cc72e92cd6cab51b,2174.93,83.48,9.088564537,54000,54000
c6208d2c8d3f3cb45215053f2656683844155e8a,2006.86,77.37,8.369290748,53000,53000
a62f7317a353031ec7229397b40dbdf330524b3c,2750.16,105.53,11.522202822,54000,54000
9329ae9ea40ebd2dca20413857dea293e83456f2,2068.01,79.45,8.639781832,54000,54000
8a342fda89d457a585f515d99e6b4106d490b220,2136.47,82.22,8.924833641,54000,54000
4848432864c9c2fb27b2753deb98ae92f0b8c485,3554.91,136.16,14.903012468,54000,53000
b5761608fc8862a58403b88f4582b5f883ad31ea,2159.92,82.81,9.024709410,53000,54000
ae606bf695eb20559e824600245b781d815d23e1,1972.04,75.56,8.240979017,54000,54000
dc3b6c59d2d4dc1b72424785e9b8455b1df15664,2139.51,81.96,8.940415558,54000,54000
ce551fd050b668bf1a6f39e6b12fdad9f8619468,3491.64,133.44,14.627150717,53000,54000
13facef45fdac2388167597f13b40802ff1ad75f,3282.93,124.47,13.792006287,54000,54000
0ef4b70b2acf47c1094aedbb9954324a2e84c05e,2151.41,82.04,8.981334252,54000,54000
c393413d45f9be6915d6f243b255bd4df18d2774,2119.68,81.00,8.855214271,54000,53000
01b3900107114f441860ee3d03aba03caef42804,1943.61,74.24,8.099249344,54000,54000
0679bef07f1e29ae72ae54102d5af9a1f80d45d4,1901.53,72.69,7.938678142,54000,54000
b77e51bac1191faf328fa52ae29fcaf9d0456954,3632.08,138.31,15.237065576,54000,54000
73d450657932370e516f205537b395d1d055d043,2124.22,81.11,8.885451329,54000,53000
3a767deb3fad99bc91cadf799e726dea29de042d,3384.34,129.08,14.195018144,54000,54000
13f42529d656ddf140022707581f040bbb460e2a,1993.02,76.03,8.325426388,54000,54000
6b5dbd0b7906842345194c0c863f2575b533786d,2183.48,83.71,9.142580815,54000,54000
9844d209332df5ffd6894fdc9a89436278ec7edd,3017.30,115.83,12.665150479,54000,54000
31ad0686f949f4a772b3b843403d8e221d7ef57c,2260.65,86.50,9.448665428,54000,53000
cf8822103dfc12c93b459518cc72e92cd6cab51b,2167.94,83.52,9.064479753,54000,54000
c6208d2c8d3f3cb45215053f2656683844155e8a,1976.37,75.20,8.259097889,54000,54000
a62f7317a353031ec7229397b40dbdf330524b3c,2748.79,104.67,11.529830681,53000,53000
9329ae9ea40ebd2dca20413857dea293e83456f2,2071.04,79.15,8.662420143,54000,54000
8a342fda89d457a585f515d99e6b4106d490b220,2104.89,80.20,8.816977714,54000,53000
4848432864c9c2fb27b2753deb98ae92f0b8c485,3614.09,138.01,15.191414998,53000,53000
b5761608fc8862a58403b88f4582b5f883ad31ea,2125.16,81.14,8.910234047,54000,54000
ae606bf695eb20559e824600245b781d815d23e1,1971.42,75.60,8.247324309,54000,53000
dc3b6c59d2d4dc1b72424785e9b8455b1df15664,2156.74,82.53,9.042315056,53000,54000
ce551fd050b668bf1a6f39e6b12fdad9f8619468,3371.22,128.91,14.165281772,54000,54000
13facef45fdac2388167597f13b40802ff1ad75f,3356.05,127.19,14.159811539,54000,54000
0ef4b70b2acf47c1094aedbb9954324a2e84c05e,2022.90,77.33,8.468607884,53000,53000
c393413d45f9be6915d6f243b255bd4df18d2774,2083.62,79.62,8.729632160,54000,54000
01b3900107114f441860ee3d03aba03caef42804,1933.02,74.32,8.079937487,54000,53000
0679bef07f1e29ae72ae54102d5af9a1f80d45d4,1913.46,73.22,7.984559129,53000,54000
b77e51bac1191faf328fa52ae29fcaf9d0456954,3429.95,131.23,14.397803013,54000,53000
73d450657932370e516f205537b395d1d055d043,2141.16,81.72,8.974651119,54000,54000
3a767deb3fad99bc91cadf799e726dea29de042d,3437.65,131.49,14.423614640,54000,54000
13f42529d656ddf140022707581f040bbb460e2a,1982.41,75.85,8.290277090,54000,53000
6b5dbd0b7906842345194c0c863f2575b533786d,2123.98,81.86,8.864289303,54000,54000
9844d209332df5ffd6894fdc9a89436278ec7edd,3017.40,115.85,12.634181820,54000,54000
31ad0686f949f4a772b3b843403d8e221d7ef57c,2255.19,86.22,9.425241943,54000,54000
cf8822103dfc12c93b459518cc72e92cd6cab51b,2217.04,85.14,9.272120904,53000,54000
c6208d2c8d3f3cb45215053f2656683844155e8a,1930.92,74.04,8.064024065,54000,54000
a62f7317a353031ec7229397b40dbdf330524b3c,2842.22,109.15,11.901152456,54000,54000
9329ae9ea40ebd2dca20413857dea293e83456f2,2072.34,79.08,8.665929395,54000,54000
8a342fda89d457a585f515d99e6b4106d490b220,2137.57,81.50,8.930105799,54000,54000
4848432864c9c2fb27b2753deb98ae92f0b8c485,3468.37,132.44,14.545554301,54000,54000
b5761608fc8862a58403b88f4582b5f883ad31ea,2137.45,81.66,8.948787493,54000,54000
ae606bf695eb20559e824600245b781d815d23e1,2004.09,76.78,8.385555846,54000,54000
dc3b6c59d2d4dc1b72424785e9b8455b1df15664,2098.82,80.43,8.782897388,54000,54000
ce551fd050b668bf1a6f39e6b12fdad9f8619468,3465.08,132.49,14.546249514,54000,54000
13facef45fdac2388167597f13b40802ff1ad75f,3237.24,123.28,13.608925988,53000,54000
0ef4b70b2acf47c1094aedbb9954324a2e84c05e,2048.22,78.56,8.562138672,54000,54000
c393413d45f9be6915d6f243b255bd4df18d2774,2074.93,79.52,8.669566329,54000,53000
01b3900107114f441860ee3d03aba03caef42804,1914.89,73.42,7.992346386,53000,54000
0679bef07f1e29ae72ae54102d5af9a1f80d45d4,1947.76,74.44,8.119140189,54000,54000
b77e51bac1191faf328fa52ae29fcaf9d0456954,3345.63,127.48,14.056255666,54000,54000
73d450657932370e516f205537b395d1d055d043,2121.23,80.66,8.881696100,54000,54000
3a767deb3fad99bc91cadf799e726dea29de042d,3356.81,128.75,14.090715517,54000,54000
13f42529d656ddf140022707581f040bbb460e2a,1931.83,73.88,8.089914878,54000,54000
6b5dbd0b7906842345194c0c863f2575b533786d,2139.82,82.52,8.920826950,54000,54000
9844d209332df5ffd6894fdc9a89436278ec7edd,2992.33,115.41,12.559031233,53000,54000
31ad0686f949f4a772b3b843403d8e221d7ef57c,2247.69,86.79,9.401419937,53000,52000
cf8822103dfc12c93b459518cc72e92cd6cab51b,2205.77,84.73,9.223310696,53000,53000
c6208d2c8d3f3cb45215053f2656683844155e8a,1977.20,75.93,8.255292232,53000,54000
a62f7317a353031ec7229397b40dbdf330524b3c,2821.03,108.28,11.835292476,54000,54000
9329ae9ea40ebd2dca20413857dea293e83456f2,2077.79,79.64,8.683555007,54000,54000
8a342fda89d457a585f515d99e6b4106d490b220,2139.03,81.82,8.952012075,54000,54000
4848432864c9c2fb27b2753deb98ae92f0b8c485,3444.81,131.56,14.446437184,54000,54000
b5761608fc8862a58403b88f4582b5f883ad31ea,2173.48,83.22,9.092496930,54000,54000
ae606bf695eb20559e824600245b781d815d23e1,1995.16,76.13,8.359887996,53000,53000
dc3b6c59d2d4dc1b72424785e9b8455b1df15664,2150.20,82.63,8.987230931,53000,53000
ce551fd050b668bf1a6f39e6b12fdad9f8619468,3399.78,129.91,14.257137514,52000,53000
13facef45fdac2388167597f13b40802ff1ad75f,3401.36,129.46,14.334898082,52000,53000
0ef4b70b2acf47c1094aedbb9954324a2e84c05e,1992.49,76.04,8.345406606,54000,54000
c393413d45f9be6915d6f243b255bd4df18d2774,2139.39,81.83,8.942843669,53000,54000
01b3900107114f441860ee3d03aba03caef42804,1905.69,72.88,7.962404734,54000,53000
0679bef07f1e29ae72ae54102d5af9a1f80d45d4,1878.07,71.63,7.851554014,52000,54000
b77e51bac1191faf328fa52ae29fcaf9d0456954,3325.64,126.77,13.932291111,53000,54000
73d450657932370e516f205537b395d1d055d043,2150.60,82.32,8.989695800,54000,54000
3a767deb3fad99bc91cadf799e726dea29de042d,3595.21,137.26,15.074871439,54000,54000
13f42529d656ddf140022707581f040bbb460e2a,1998.82,76.18,8.348395143,54000,53000
6b5dbd0b7906842345194c0c863f2575b533786d,2120.19,81.46,8.827857021,54000,54000
9844d209332df5ffd6894fdc9a89436278ec7edd,3023.13,116.02,12.640905679,54000,54000
31ad0686f949f4a772b3b843403d8e221d7ef57c,2278.55,87.02,9.513650811,53000,54000
cf8822103dfc12c93b459518cc72e92cd6cab51b,2137.87,81.80,8.919286292,53000,54000
c6208d2c8d3f3cb45215053f2656683844155e8a,1942.85,74.41,8.107141103,54000,53000
a62f7317a353031ec7229397b40dbdf330524b3c,2814.42,108.04,11.801338495,54000,54000
9329ae9ea40ebd2dca20413857dea293e83456f2,2170.93,83.92,9.071700626,54000,54000
8a342fda89d457a585f515d99e6b4106d490b220,2128.06,81.43,8.899709991,54000,54000
4848432864c9c2fb27b2753deb98ae92f0b8c485,3287.06,125.58,13.770201311,54000,54000
b5761608fc8862a58403b88f4582b5f883ad31ea,2179.08,83.47,9.098881939,54000,54000
ae606bf695eb20559e824600245b781d815d23e1,1996.56,76.09,8.342287768,54000,53000
dc3b6c59d2d4dc1b72424785e9b8455b1df15664,2151.44,82.55,8.985567014,53000,54000
ce551fd050b668bf1a6f39e6b12fdad9f8619468,3482.00,133.20,14.593113214,54000,54000
13facef45fdac2388167597f13b40802ff1ad75f,3403.47,129.84,14.338349808,53000,54000
0ef4b70b2acf47c1094aedbb9954324a2e84c05e,2025.78,77.60,8.471967799,54000,53000
c393413d45f9be6915d6f243b255bd4df18d2774,2170.18,83.09,9.085150983,54000,54000
01b3900107114f441860ee3d03aba03caef42804,1896.50,72.37,7.943168590,52000,53000
0679bef07f1e29ae72ae54102d5af9a1f80d45d4,1875.81,72.24,7.836597402,54000,54000
b77e51bac1191faf328fa52ae29fcaf9d0456954,3432.34,131.54,14.399033483,54000,54000
73d450657932370e516f205537b395d1d055d043,2186.21,83.84,9.147883554,54000,53000
3a767deb3fad99bc91cadf799e726dea29de042d,3415.19,130.39,14.289581654,54000,54000
13f42529d656ddf140022707581f040bbb460e2a,1953.75,74.52,8.168829654,54000,54000
6b5dbd0b7906842345194c0c863f2575b533786d,2140.82,82.17,8.935934072,54000,54000
9844d209332df5ffd6894fdc9a89436278ec7edd,3044.92,117.05,12.758495116,54000,54000
31ad0686f949f4a772b3b843403d8e221d7ef57c,2309.01,88.38,9.653266150,54000,54000
cf8822103dfc12c93b459518cc72e92cd6cab51b,2140.97,82.11,8.962632183,54000,54000
c6208d2c8d3f3cb45215053f2656683844155e8a,2026.80,78.02,8.453550045,54000,54000
a62f7317a353031ec7229397b40dbdf330524b3c,2829.77,108.67,11.866955931,54000,54000
9329ae9ea40ebd2dca20413857dea293e83456f2,2136.16,82.12,8.931973644,54000,54000
8a342fda89d457a585f515d99e6b4106d490b220,2096.92,80.50,8.766502840,53000,54000
4848432864c9c2fb27b2753deb98ae92f0b8c485,3506.02,133.80,14.710203053,54000,54000
b5761608fc8862a58403b88f4582b5f883ad31ea,2153.67,82.42,8.995184331,54000,54000
ae606bf695eb20559e824600245b781d815d23e1,1968.44,75.17,8.227050419,54000,54000
dc3b6c59d2d4dc1b72424785e9b8455b1df15664,2124.68,81.46,8.868340761,54000,54000
ce551fd050b668bf1a6f39e6b12fdad9f8619468,3464.48,131.95,14.540447189,54000,54000
13facef45fdac2388167597f13b40802ff1ad75f,3298.19,125.63,13.862988534,54000,54000
0ef4b70b2acf47c1094aedbb9954324a2e84c05e,2017.10,76.97,8.415794038,54000,54000
c393413d45f9be6915d6f243b255bd4df18d2774,2092.01,79.91,8.733160960,54000,54000
01b3900107114f441860ee3d03aba03caef42804,1929.01,73.63,8.049119696,53000,53000
0679bef07f1e29ae72ae54102d5af9a1f80d45d4,1924.56,73.35,8.019098147,54000,54000
b77e51bac1191faf328fa52ae29fcaf9d0456954,3638.36,138.68,15.242440555,54000,54000
73d450657932370e516f205537b395d1d055d043,2168.61,82.81,9.041284690,54000,54000
3a767deb3fad99bc91cadf799e726dea29de042d,3414.02,130.10,14.275290055,54000,54000
13f42529d656ddf140022707581f040bbb460e2a,1987.56,75.53,8.292731767,53000,53000
6b5dbd0b7906842345194c0c863f2575b533786d,2109.84,80.38,8.810958565,54000,54000
9844d209332df5ffd6894fdc9a89436278ec7edd,3011.12,115.52,12.613182455,54000,54000
31ad0686f949f4a772b3b843403d8e221d7ef57c,2322.15,88.74,9.705668759,54000,54000
cf8822103dfc12c93b459518cc72e92cd6cab51b,2179.57,83.83,9.107867167,54000,54000
c6208d2c8d3f3cb45215053f2656683844155e8a,2009.11,77.26,8.363214141,54000,54000
a62f7317a353031ec7229397b40dbdf330524b3c,2746.03,105.37,11.481159668,54000,54000
9329ae9ea40ebd2dca20413857dea293e83456f2,2223.05,85.78,9.249881840,54000,54000
8a342fda89d457a585f515d99e6b4106d490b220,2122.53,81.16,8.869830791,53000,54000
4848432864c9c2fb27b2753deb98ae92f0b8c485,3490.10,133.10,14.672040849,54000,54000
b5761608fc8862a58403b88f4582b5f883ad31ea,2135.74,81.58,8.943765732,54000,54000
ae606bf695eb20559e824600245b781d815d23e1,1949.20,74.22,8.154117904,54000,54000
dc3b6c59d2d4dc1b72424785e9b8455b1df15664,2110.02,80.47,8.821384081,54000,54000
ce551fd050b668bf1a6f39e6b12fdad9f8619468,3724.51,141.81,15.640100496,54000,54000
13facef45fdac2388167597f13b40802ff1ad75f,3321.39,126.74,13.950859785,54000,54000
0ef4b70b2acf47c1094aedbb9954324a2e84c05e,2022.56,77.78,8.450932051,54000,54000
c393413d45f9be6915d6f243b255bd4df18d2774,2146.83,82.22,8.982653974,54000,54000
01b3900107114f441860ee3d03aba03caef42804,1872.05,71.70,7.814293500,54000,54000
0679bef07f1e29ae72ae54102d5af9a1f80d45d4,1895.65,72.04,7.922704311,54000,54000
b77e51bac1191faf328fa52ae29fcaf9d0456954,3503.04,133.61,14.686877895,54000,53000
73d450657932370e516f205537b395d1d055d043,2136.47,81.53,8.939402765,54000,55000
3a767deb3fad99bc91cadf799e726dea29de042d,3430.62,131.17,14.373232480,54000,54000
13f42529d656ddf140022707581f040bbb460e2a,1967.12,75.40,8.228767839,54000,54000
6b5dbd0b7906842345194c0c863f2575b533786d,2189.44,84.27,9.136254579,54000,54000
9844d209332df5ffd6894fdc9a89436278ec7edd,3092.72,118.59,12.922616776,54000,54000
31ad0686f949f4a772b3b843403d8e221d7ef57c,2335.09,89.46,9.749018776,54000,54000
cf8822103dfc12c93b459518cc72e92cd6cab51b,2167.76,83.11,9.046921091,54000,54000
c6208d2c8d3f3cb45215053f2656683844155e8a,2023.73,77.71,8.425543582,54000,54000
a62f7317a353031ec7229397b40dbdf330524b3c,2771.60,105.99,11.581271653,54000,54000
9329ae9ea40ebd2dca20413857dea293e83456f2,2158.62,83.37,8.990094390,54000,54000
8a342fda89d457a585f515d99e6b4106d490b220,2118.70,80.60,8.852005569,54000,54000
4848432864c9c2fb27b2753deb98ae92f0b8c485,3493.51,133.51,14.626885587,54000,54000
b5761608fc8862a58403b88f4582b5f883ad31ea,2109.21,80.58,8.826448193,54000,54000
ae606bf695eb20559e824600245b781d815d23e1,2023.82,77.24,8.438742163,54000,54000
dc3b6c59d2d4dc1b72424785e9b8455b1df15664,2128.04,81.49,8.889309884,54000,54000
ce551fd050b668bf1a6f39e6b12fdad9f8619468,3525.97,134.46,14.787326646,54000,54000
13facef45fdac2388167597f13b40802ff1ad75f,3255.17,123.17,13.661171937,54000,54000
0ef4b70b2acf47c1094aedbb9954324a2e84c05e,2032.27,77.40,8.486909700,54000,54000
c393413d45f9be6915d6f243b255bd4df18d2774,2090.03,79.61,8.734787308,54000,54000
01b3900107114f441860ee3d03aba03caef42804,1967.54,75.13,8.206477798,54000,54000
0679bef07f1e29ae72ae54102d5af9a1f80d45d4,1850.53,70.53,7.726717107,54000,54000
b77e51bac1191faf328fa52ae29fcaf9d0456954,3387.70,129.47,14.190573337,54000,54000
73d450657932370e516f205537b395d1d055d043,2154.43,82.46,9.005529381,54000,54000
3a767deb3fad99bc91cadf799e726dea29de042d,3418.91,130.59,14.331286388,54000,54000
13f42529d656ddf140022707581f040bbb460e2a,1992.92,76.62,8.327725243,54000,54000
6b5dbd0b7906842345194c0c863f2575b533786d,2107.71,80.82,8.793947778,54000,54000
9844d209332df5ffd6894fdc9a89436278ec7edd,2995.08,114.46,12.544596158,54000,53000
31ad0686f949f4a772b3b843403d8e221d7ef57c,2328.72,88.96,9.724466963,54000,53000
cf8822103dfc12c93b459518cc72e92cd6cab51b,2241.05,85.87,9.370807545,52000,54000
c6208d2c8d3f3cb45215053f2656683844155e8a,2003.61,76.94,8.347995249,53000,54000
a62f7317a353031ec7229397b40dbdf330524b3c,3010.55,115.31,12.641155773,54000,54000
9329ae9ea40ebd2dca20413857dea293e83456f2,2128.24,81.70,8.901918947,54000,54000
8a342fda89d457a585f515d99e6b4106d490b220,2127.90,81.42,8.904826605,54000,53000
4848432864c9c2fb27b2753deb98ae92f0b8c485,3351.38,128.21,14.049878215,53000,54000
b5761608fc8862a58403b88f4582b5f883ad31ea,2178.47,83.28,9.113772898,54000,54000
ae606bf695eb20559e824600245b781d815d23e1,1990.35,75.89,8.315325477,54000,54000
dc3b6c59d2d4dc1b72424785e9b8455b1df15664,2123.81,81.20,8.881241576,54000,54000
ce551fd050b668bf1a6f39e6b12fdad9f8619468,3571.17,136.36,14.975264148,54000,54000
13facef45fdac2388167597f13b40802ff1ad75f,3252.03,123.58,13.680730200,54000,54000
0ef4b70b2acf47c1094aedbb9954324a2e84c05e,2028.83,77.68,8.465917221,53000,54000
c393413d45f9be6915d6f243b255bd4df18d2774,2102.75,80.52,8.795298481,53000,53000
01b3900107114f441860ee3d03aba03caef42804,1934.42,74.24,8.073446847,54000,54000
0679bef07f1e29ae72ae54102d5af9a1f80d45d4,1910.61,73.28,7.966712537,54000,54000
b77e51bac1191faf328fa52ae29fcaf9d0456954,3339.72,127.15,13.971108447,54000,54000
73d450657932370e516f205537b395d1d055d043,2156.86,82.34,9.013852099,54000,54000
3a767deb3fad99bc91cadf799e726dea29de042d,3394.04,129.64,14.206592700,53000,54000
13f42529d656ddf140022707581f040bbb460e2a,1981.47,75.66,8.277430766,54000,54000
6b5dbd0b7906842345194c0c863f2575b533786d,2093.20,80.06,8.739504611,53000,53000
9844d209332df5ffd6894fdc9a89436278ec7edd,3061.64,117.66,12.811029072,54000,54000
31ad0686f949f4a772b3b843403d8e221d7ef57c,2294.71,87.61,9.559236024,54000,54000
cf8822103dfc12c93b459518cc72e92cd6cab51b,2238.58,85.67,9.351928729,54000,54000
c6208d2c8d3f3cb45215053f2656683844155e8a,1988.41,76.16,8.282206738,54000,54000
a62f7317a353031ec7229397b40dbdf330524b3c,2815.58,108.12,11.777872584,54000,53000
9329ae9ea40ebd2dca20413857dea293e83456f2,2101.04,80.36,8.767358540,54000,53000
8a342fda89d457a585f515d99e6b4106d490b220,2107.33,80.58,8.798387118,54000,54000
4848432864c9c2fb27b2753deb98ae92f0b8c485,3396.42,129.63,14.211943269,54000,54000
b5761608fc8862a58403b88f4582b5f883ad31ea,2178.06,83.20,9.114943516,53000,53000
ae606bf695eb20559e824600245b781d815d23e1,2111.10,80.76,8.823679580,54000,54000
dc3b6c59d2d4dc1b72424785e9b8455b1df15664,2113.23,80.74,8.835115764,54000,53000
ce551fd050b668bf1a6f39e6b12fdad9f8619468,3390.17,129.57,14.208956124,54000,54000
13facef45fdac2388167597f13b40802ff1ad75f,3304.24,125.98,13.933050734,54000,54000
0ef4b70b2acf47c1094aedbb9954324a2e84c05e,2048.31,78.23,8.562511435,54000,54000
c393413d45f9be6915d6f243b255bd4df18d2774,2092.41,80.32,8.742590843,54000,53000
01b3900107114f441860ee3d03aba03caef42804,1909.95,73.03,7.985419857,54000,54000
0679bef07f1e29ae72ae54102d5af9a1f80d45d4,1924.52,73.91,8.031102919,53000,54000
b77e51bac1191faf328fa52ae29fcaf9d0456954,3413.84,130.19,14.294953073,54000,53000
73d450657932370e516f205537b395d1d055d043,2164.44,82.55,9.051296334,54000,54000
3a767deb3fad99bc91cadf799e726dea29de042d,3402.92,129.78,14.245781704,53000,54000
13f42529d656ddf140022707581f040bbb460e2a,1982.15,75.54,8.290550488,54000,53000
6b5dbd0b7906842345194c0c863f2575b533786d,2211.20,84.91,9.215840688,53000,53000
9844d209332df5ffd6894fdc9a89436278ec7edd,2948.45,113.11,12.322699164,52000,54000
31ad0686f949f4a772b3b843403d8e221d7ef57c,2324.01,89.15,9.693785804,54000,54000
cf8822103dfc12c93b459518cc72e92cd6cab51b,2190.76,84.33,9.141908010,53000,54000
c6208d2c8d3f3cb45215053f2656683844155e8a,1975.39,75.48,8.230930625,54000,54000
a62f7317a353031ec7229397b40dbdf330524b3c,2768.55,105.86,11.582772689,54000,53000
9329ae9ea40ebd2dca20413857dea293e83456f2,2324.48,89.55,9.679616450,54000,54000
8a342fda89d457a585f515d99e6b4106d490b220,2140.56,81.54,8.948022385,53000,53000
4848432864c9c2fb27b2753deb98ae92f0b8c485,3396.90,129.75,14.207630304,53000,53000
b5761608fc8862a58403b88f4582b5f883ad31ea,2176.35,83.21,9.093259608,53000,54000
ae606bf695eb20559e824600245b781d815d23e1,2090.75,79.64,8.738876206,53000,54000
dc3b6c59d2d4dc1b72424785e9b8455b1df15664,2196.97,84.40,9.164331976,54000,53000
ce551fd050b668bf1a6f39e6b12fdad9f8619468,3556.10,135.42,14.911144724,54000,54000
13facef45fdac2388167597f13b40802ff1ad75f,3247.47,123.29,13.637462337,54000,53000
0ef4b70b2acf47c1094aedbb9954324a2e84c05e,1974.48,75.08,8.250416451,54000,53000
c393413d45f9be6915d6f243b255bd4df18d2774,2126.19,81.69,8.887759668,53000,54000
01b3900107114f441860ee3d03aba03caef42804,1917.08,73.20,8.002646920,54000,54000
0679bef07f1e29ae72ae54102d5af9a1f80d45d4,1850.69,70.61,7.729592208,54000,54000
b77e51bac1191faf328fa52ae29fcaf9d0456954,3569.00,136.10,14.943569385,54000,53000
73d450657932370e516f205537b395d1d055d043,2153.20,82.31,9.003524304,54000,54000
3a767deb3fad99bc91cadf799e726dea29de042d,3475.65,132.21,14.570026758,54000,54000
13f42529d656ddf140022707581f040bbb460e2a,2132.06,81.05,8.910752939,54000,53000
6b5dbd0b7906842345194c0c863f2575b533786d,2076.25,79.28,8.672510186,53000,54000
9844d209332df5ffd6894fdc9a89436278ec7edd,3014.14,115.75,12.618242014,54000,54000
31ad0686f949f4a772b3b843403d8e221d7ef57c,2288.97,88.02,9.565423549,54000,54000
cf8822103dfc12c93b459518cc72e92cd6cab51b,2174.17,83.34,9.092971495,54000,54000
c6208d2c8d3f3cb45215053f2656683844155e8a,2032.56,78.64,8.469890049,54000,53000
a62f7317a353031ec7229397b40dbdf330524b3c,2811.59,108.04,11.782866540,54000,54000
9329ae9ea40ebd2dca20413857dea293e83456f2,2147.52,82.40,8.957181840,53000,52000
8a342fda89d457a585f515d99e6b4106d490b220,2116.39,80.81,8.845591034,54000,54000
4848432864c9c2fb27b2753deb98ae92f0b8c485,3558.38,135.84,14.909409189,54000,53000
b5761608fc8862a58403b88f4582b5f883ad31ea,2180.38,83.76,9.129048134,54000,54000
ae606bf695eb20559e824600245b781d815d23e1,2097.81,80.25,8.785070364,54000,53000
dc3b6c59d2d4dc1b72424785e9b8455b1df15664,2099.94,80.23,8.769893166,54000,54000
ce551fd050b668bf1a6f39e6b12fdad9f8619468,3525.33,134.40,14.780525723,54000,54000
13facef45fdac2388167597f13b40802ff1ad75f,3192.91,121.43,13.424788221,53000,54000
0ef4b70b2acf47c1094aedbb9954324a2e84c05e,1995.99,76.55,8.351240370,54000,54000
c393413d45f9be6915d6f243b255bd4df18d2774,2103.78,80.57,8.809488471,54000,54000
01b3900107114f441860ee3d03aba03caef42804,1971.69,75.90,8.231450457,53000,54000
0679bef07f1e29ae72ae54102d5af9a1f80d45d4,1887.57,72.30,7.872240686,54000,54000
b77e51bac1191faf328fa52ae29fcaf9d0456954,3611.01,137.80,15.155915519,54000,54000
73d450657932370e516f205537b395d1d055d043,2136.40,81.77,8.938495163,54000,53000
3a767deb3fad99bc91cadf799e726dea29de042d,3506.63,133.81,14.695184266,54000,54000
13f42529d656ddf140022707581f040bbb460e2a,1984.79,75.40,8.295894790,54000,54000
6b5dbd0b7906842345194c0c863f2575b533786d,2124.89,81.81,8.862444563,54000,54000
9844d209332df5ffd6894fdc9a89436278ec7edd,3013.90,115.83,12.612114561,53000,54000
31ad0686f949f4a772b3b843403d8e221d7ef57c,2248.73,86.19,9.378367210,54000,54000
cf8822103dfc12c93b459518cc72e92cd6cab51b,2163.05,83.19,9.027819218,54000,53000
c6208d2c8d3f3cb45215053f2656683844155e8a,1966.60,75.55,8.192809527,54000,54000
a62f7317a353031ec7229397b40dbdf330524b3c,2762.00,105.73,11.529150183,54000,54000
9329ae9ea40ebd2dca20413857dea293e83456f2,2132.99,81.91,8.895993389,54000,54000
8a342fda89d457a585f515d99e6b4106d490b220,2110.76,80.44,8.816357877,54000,54000
4848432864c9c2fb27b2753deb98ae92f0b8c485,3410.32,130.02,14.271472735,54000,54000
b5761608fc8862a58403b88f4582b5f883ad31ea,2147.44,81.82,8.972180743,54000,54000
ae606bf695eb20559e824600245b781d815d23e1,1993.27,75.96,8.314302809,54000,54000
dc3b6c59d2d4dc1b72424785e9b8455b1df15664,2154.73,82.33,8.993278448,54000,54000
ce551fd050b668bf1a6f39e6b12fdad9f8619468,3543.55,135.02,14.841389812,54000,54000
13facef45fdac2388167597f13b40802ff1ad75f,3253.52,123.56,13.667605486,54000,54000
0ef4b70b2acf47c1094aedbb9954324a2e84c05e,2044.64,78.24,8.534173419,53000,54000
c393413d45f9be6915d6f243b255bd4df18d2774,2095.07,80.05,8.740874238,53000,54000
01b3900107114f441860ee3d03aba03caef42804,1890.40,72.38,7.890490750,53000,54000
0679bef07f1e29ae72ae54102d5af9a1f80d45d4,1874.50,71.57,7.819345146,53000,53000
b77e51bac1191faf328fa52ae29fcaf9d0456954,3464.44,132.17,14.557872259,54000,54000
73d450657932370e516f205537b395d1d055d043,2154.54,82.47,9.021425912,54000,54000
3a767deb3fad99bc91cadf799e726dea29de042d,3385.15,129.66,14.192455011,54000,53000
13f42529d656ddf140022707581f040bbb460e2a,2089.84,79.96,8.744355844,54000,54000
6b5dbd0b7906842345194c0c863f2575b533786d,2285.27,88.12,9.563458756,54000,54000
9844d209332df5ffd6894fdc9a89436278ec7edd,2993.87,114.76,12.523298310,54000,53000
31ad0686f949f4a772b3b843403d8e221d7ef57c,2366.13,90.58,9.885600977,54000,53000
cf8822103dfc12c93b459518cc72e92cd6cab51b,2162.09,83.36,9.023842020,54000,54000
c6208d2c8d3f3cb45215053f2656683844155e8a,1950.66,75.29,8.129099726,54000,54000
a62f7317a353031ec7229397b40dbdf330524b3c,2793.32,107.42,11.701920897,54000,54000
9329ae9ea40ebd2dca20413857dea293e83456f2,2150.58,82.65,8.957924974,54000,54000
8a342fda89d457a585f515d99e6b4106d490b220,2142.61,82.00,8.942420199,54000,53000
4848432864c9c2fb27b2753deb98ae92f0b8c485,3362.02,128.48,14.066027322,54000,53000
b5761608fc8862a58403b88f4582b5f883ad31ea,2151.68,82.72,8.998015565,54000,54000
ae606bf695eb20559e824600245b781d815d23e1,1975.78,75.45,8.247512336,54000,54000
dc3b6c59d2d4dc1b72424785e9b8455b1df15664,2115.92,81.08,8.830583495,54000,53000
ce551fd050b668bf1a6f39e6b12fdad9f8619468,3547.53,135.33,14.876520585,53000,54000
13facef45fdac2388167597f13b40802ff1ad75f,3258.25,123.67,13.728359462,53000,54000
0ef4b70b2acf47c1094aedbb9954324a2e84c05e,2020.79,77.02,8.452779321,54000,54000
c393413d45f9be6915d6f243b255bd4df18d2774,2106.89,80.68,8.799620775,54000,54000
01b3900107114f441860ee3d03aba03caef42804,1963.08,75.22,8.186518705,54000,54000
0679bef07f1e29ae72ae54102d5af9a1f80d45d4,1971.04,75.74,8.195086927,54000,54000
b77e51bac1191faf328fa52ae29fcaf9d0456954,3450.04,132.01,14.445510872,53000,54000
73d450657932370e516f205537b395d1d055d043,2133.80,81.30,8.900825757,54000,54000
3a767deb3fad99bc91cadf799e726dea29de042d,3446.39,131.57,14.419107084,54000,54000
13f42529d656ddf140022707581f040bbb460e2a,2035.31,77.67,8.505103623,54000,54000
6b5dbd0b7906842345194c0c863f2575b533786d,2058.43,78.78,8.585602526,54000,54000
9844d209332df5ffd6894fdc9a89436278ec7edd,3052.09,117.33,12.779323046,54000,54000
31ad0686f949f4a772b3b843403d8e221d7ef57c,2292.69,87.78,9.568582739,54000,54000
cf8822103dfc12c93b459518cc72e92cd6cab51b,2219.94,85.16,9.272368024,54000,54000
c6208d2c8d3f3cb45215053f2656683844155e8a,1965.54,75.11,8.197407117,54000,54000
a62f7317a353031ec7229397b40dbdf330524b3c,2796.31,107.38,11.713787832,53000,54000
9329ae9ea40ebd2dca20413857dea293e83456f2,2209.05,84.38,9.219881739,53000,53000
8a342fda89d457a585f515d99e6b4106d490b220,2084.22,79.46,8.706980951,54000,54000
4848432864c9c2fb27b2753deb98ae92f0b8c485,3627.68,138.12,15.243703764,54000,54000
b5761608fc8862a58403b88f4582b5f883ad31ea,2158.87,82.36,9.022221998,54000,54000
ae606bf695eb20559e824600245b781d815d23e1,1989.21,75.66,8.306562481,54000,54000
dc3b6c59d2d4dc1b72424785e9b8455b1df15664,2099.83,80.07,8.762257027,54000,54000
ce551fd050b668bf1a6f39e6b12fdad9f8619468,3523.71,134.16,14.766256654,54000,54000
13facef45fdac2388167597f13b40802ff1ad75f,3312.28,125.83,13.939951755,54000,54000
0ef4b70b2acf47c1094aedbb9954324a2e84c05e,2135.63,81.23,8.925826013,54000,53000
c393413d45f9be6915d6f243b255bd4df18d2774,2130.66,81.27,8.899649834,54000,54000
01b3900107114f441860ee3d03aba03caef42804,1940.05,74.16,8.089677186,54000,54000
0679bef07f1e29ae72ae54102d5af9a1f80d45d4,1945.49,74.76,8.093871246,54000,54000
b77e51bac1191faf328fa52ae29fcaf9d0456954,3513.29,134.06,14.730615168,54000,53000
73d450657932370e516f205537b395d1d055d043,2174.61,83.10,9.089538798,54000,54000
3a767deb3fad99bc91cadf799e726dea29de042d,3442.56,131.84,14.422762297,54000,54000
13f42529d656ddf140022707581f040bbb460e2a,1981.54,75.87,8.277470815,54000,54000
6b5dbd0b7906842345194c0c863f2575b533786d,2103.38,80.81,8.791151592,54000,54000
9844d209332df5ffd6894fdc9a89436278ec7edd,3012.81,115.67,12.635282120,54000,54000
31ad0686f949f4a772b3b843403d8e221d7ef57c,2285.00,87.64,9.534758154,54000,54000
cf8822103dfc12c93b459518cc72e92cd6cab51b,2210.73,84.85,9.237725546,54000,54000
c6208d2c8d3f3cb45215053f2656683844155e8a,1972.90,75.91,8.220370152,54000,54000
a62f7317a353031ec7229397b40dbdf330524b3c,2795.17,107.15,11.702258438,54000,54000
9329ae9ea40ebd2dca20413857dea293e83456f2,2224.33,85.42,9.259988391,54000,54000
8a342fda89d457a585f515d99e6b4106d490b220,2112.74,80.69,8.818919305,54000,54000
4848432864c9c2fb27b2753deb98ae92f0b8c485,3411.71,130.32,14.270180593,55000,54000
b5761608fc8862a58403b88f4582b5f883ad31ea,2144.59,81.87,8.961857219,54000,54000
ae606bf695eb20559e824600245b781d815d23e1,1980.94,75.82,8.274098322,54000,54000
dc3b6c59d2d4dc1b72424785e9b8455b1df15664,2114.54,80.68,8.839817047,54000,54000
ce551fd050b668bf1a6f39e6b12fdad9f8619468,3724.36,141.90,15.611096174,54000,54000
13facef45fdac2388167597f13b40802ff1ad75f,3351.22,127.53,14.067370965,54000,54000
0ef4b70b2acf47c1094aedbb9954324a2e84c05e,2051.67,78.41,8.571369433,54000,54000
c393413d45f9be6915d6f243b255bd4df18d2774,2111.29,80.91,8.809266957,54000,54000
01b3900107114f441860ee3d03aba03caef42804,1955.24,75.04,8.149728431,54000,54000
0679bef07f1e29ae72ae54102d5af9a1f80d45d4,1951.24,74.85,8.128768365,54000,54000
b77e51bac1191faf328fa52ae29fcaf9d0456954,3391.61,129.81,14.186804429,54000,54000
73d450657932370e516f205537b395d1d055d043,2160.46,82.65,9.011814799,54000,54000
3a767deb3fad99bc91cadf799e726dea29de042d,3452.56,132.31,14.448751902,54000,53000
13f42529d656ddf140022707581f040bbb460e2a,1984.45,75.65,8.286185383,54000,54000
6b5dbd0b7906842345194c0c863f2575b533786d,2280.00,87.03,9.520986182,54000,54000
9844d209332df5ffd6894fdc9a89436278ec7edd,3020.56,116.01,12.655465322,54000,54000
31ad0686f949f4a772b3b843403d8e221d7ef57c,2373.70,90.69,9.931759120,53000,54000
cf8822103dfc12c93b459518cc72e92cd6cab51b,2173.12,83.78,9.068993223,54000,54000
c6208d2c8d3f3cb45215053f2656683844155e8a,2005.67,76.94,8.366300412,54000,53000
a62f7317a353031ec7229397b40dbdf330524b3c,2714.10,104.16,11.363846727,54000,54000
9329ae9ea40ebd2dca20413857dea293e83456f2,2096.41,80.71,8.768849784,53000,52000
8a342fda89d457a585f515d99e6b4106d490b220,2148.90,82.34,8.982889125,54000,53000
4848432864c9c2fb27b2753deb98ae92f0b8c485,3552.42,135.64,14.897481395,53000,54000
b5761608fc8862a58403b88f4582b5f883ad31ea,2136.13,81.83,8.929369129,54000,54000
ae606bf695eb20559e824600245b781d815d23e1,1942.63,74.12,8.117961340,54000,54000
dc3b6c59d2d4dc1b72424785e9b8455b1df15664,2129.10,81.00,8.891161104,54000,54000
ce551fd050b668bf1a6f39e6b12fdad9f8619468,3487.76,133.15,14.633749850,54000,54000
13facef45fdac2388167597f13b40802ff1ad75f,3405.48,130.02,14.338631620,53000,54000
0ef4b70b2acf47c1094aedbb9954324a2e84c05e,1976.58,75.42,8.272614703,53000,53000
c393413d45f9be6915d6f243b255bd4df18d2774,2074.48,79.39,8.671825592,54000,54000
01b3900107114f441860ee3d03aba03caef42804,1985.48,76.57,8.284497211,54000,54000
0679bef07f1e29ae72ae54102d5af9a1f80d45d4,1910.62,73.50,7.972398645,54000,54000
b77e51bac1191faf328fa52ae29fcaf9d0456954,3546.35,135.69,14.871739055,54000,54000
73d450657932370e516f205537b395d1d055d043,2171.80,83.34,9.073156929,54000,53000
3a767deb3fad99bc91cadf799e726dea29de042d,3588.00,137.24,15.048741982,54000,54000
13f42529d656ddf140022707581f040bbb460e2a,2033.02,77.60,8.502066919,54000,54000
6b5dbd0b7906842345194c0c863f2575b533786d,2068.89,79.23,8.634592313,54000,53000
9844d209332df5ffd6894fdc9a89436278ec7edd,3059.19,117.24,12.806526698,54000,54000
31ad0686f949f4a772b3b843403d8e221d7ef57c,2265.11,86.65,9.456121246,54000,54000
cf8822103dfc12c93b459518cc72e92cd6cab51b,2180.00,84.04,9.094812973,54000,54000
c6208d2c8d3f3cb45215053f2656683844155e8a,1996.69,76.91,8.315753265,54000,54000
a62f7317a353031ec7229397b40dbdf330524b3c,2801.05,107.53,11.724543137,54000,54000
9329ae9ea40ebd2dca20413857dea293e83456f2,2168.27,83.51,9.035035184,54000,54000
8a342fda89d457a585f515d99e6b4106d490b220,2158.92,82.49,9.018109615,54000,54000
4848432864c9c2fb27b2753deb98ae92f0b8c485,3366.47,128.57,14.086842968,54000,54000
b5761608fc8862a58403b88f4582b5f883ad31ea,2179.64,83.29,9.105624457,54000,54000
ae606bf695eb20559e824600245b781d815d23e1,1977.73,75.29,8.257050906,54000,54000
dc3b6c59d2d4dc1b72424785e9b8455b1df15664,2106.55,80.47,8.794158503,54000,54000
ce551fd050b668bf1a6f39e6b12fdad9f8619468,3434.64,131.08,14.396294172,54000,54000
13facef45fdac2388167597f13b40802ff1ad75f,3218.82,122.00,13.527518367,53000,54000
0ef4b70b2acf47c1094aedbb9954324a2e84c05e,2036.52,77.72,8.502854109,54000,54000
c393413d45f9be6915d6f243b255bd4df18d2774,2125.23,81.09,8.890322006,54000,54000
01b3900107114f441860ee3d03aba03caef42804,1917.51,73.21,8.011910945,54000,54000
0679bef07f1e29ae72ae54102d5af9a1f80d45d4,1864.49,71.15,7.795398629,54000,53000
b77e51bac1191faf328fa52ae29fcaf9d0456954,3424.34,130.77,14.356413902,54000,54000
73d450657932370e516f205537b395d1d055d043,2128.44,81.35,8.904031992,54000,54000
3a767deb3fad99bc91cadf799e726dea29de042d,3572.54,136.32,15.002105503,54000,54000
13f42529d656ddf140022707581f040bbb460e2a,2012.11,77.43,8.404947806,54000,54000
6b5dbd0b7906842345194c0c863f2575b533786d,2161.65,83.20,9.035407488,54000,54000
9844d209332df5ffd6894fdc9a89436278ec7edd,3020.64,116.05,12.661708607,54000,54000
31ad0686f949f4a772b3b843403d8e221d7ef57c,2316.54,88.72,9.679106977,54000,54000
cf8822103dfc12c93b459518cc72e92cd6cab51b,2132.87,82.34,8.908662926,53000,54000
c6208d2c8d3f3cb45215053f2656683844155e8a,1929.33,74.44,8.048628080,53000,53000
a62f7317a353031ec7229397b40dbdf330524b3c,2779.97,106.80,11.654832232,54000,54000
9329ae9ea40ebd2dca20413857dea293e83456f2,2086.04,80.14,8.726326729,53000,54000
8a342fda89d457a585f515d99e6b4106d490b220,2102.14,80.49,8.792948245,54000,53000
4848432864c9c2fb27b2753deb98ae92f0b8c485,3432.95,131.49,14.391569848,54000,54000
b5761608fc8862a58403b88f4582b5f883ad31ea,2178.33,83.29,9.109536827,54000,54000
ae606bf695eb20559e824600245b781d815d23e1,1970.44,75.12,8.232343332,53000,53000
dc3b6c59d2d4dc1b72424785e9b8455b1df15664,2168.20,83.15,9.047912446,52000,54000
ce551fd050b668bf1a6f39e6b12fdad9f8619468,3366.70,128.74,14.102590264,54000,54000
13facef45fdac2388167597f13b40802ff1ad75f,3174.56,120.26,13.334075481,54000,53000
0ef4b70b2acf47c1094aedbb9954324a2e84c05e,2017.16,77.12,8.410145031,53000,54000
c393413d45f9be6915d6f243b255bd4df18d2774,2087.09,79.87,8.721037081,53000,54000
01b3900107114f441860ee3d03aba03caef42804,1885.57,72.03,7.868850803,53000,54000
0679bef07f1e29ae72ae54102d5af9a1f80d45d4,1960.22,75.17,8.166952400,54000,53000
b77e51bac1191faf328fa52ae29fcaf9d0456954,3381.66,129.44,14.167068034,54000,54000
73d450657932370e516f205537b395d1d055d043,2149.75,82.41,8.980818406,54000,54000
3a767deb3fad99bc91cadf799e726dea29de042d,3407.61,130.41,14.264903434,54000,54000
13f42529d656ddf140022707581f040bbb460e2a,1959.41,74.62,8.182333965,54000,54000
6b5dbd0b7906842345194c0c863f2575b533786d,2190.06,84.50,9.125655303,54000,54000
9844d209332df5ffd6894fdc9a89436278ec7edd,3041.20,116.95,12.735095927,54000,54000
b29ba3548abc265300434a19e6c13b61e5834f7f,2927.33,112.58,12.293596287,54000,54000
c4dd25ee7257748cbf1f9e54ee0885d462d18694,2205.49,85.33,9.225069490,54000,54000
f3c740df7e49b03a2d77735198e3e977576ea92a,1997.11,76.38,8.371495660,54000,54000
bd155b859e8ea19e0a2b15bcfe21032237e867b4,2212.56,85.06,9.266456686,55000,54000
71f963ea3a78746fc2a3ba80b2843254b35c211a,2702.36,104.32,11.325917364,54000,55000
ac4edeb4f74741c8537d8df66c9c33e55a5d9e4f,3493.44,133.85,14.700153895,54000,54000
bf2cca2d597ed521d0ec1a153c9cee8f8db3e638,2133.38,81.75,8.928231173,54000,54000
29bc6f50c0a31614835e9378f0d30fcae9bcc2e8,2002.08,76.16,8.378732314,55000,54000
b6bd4b455c54fa44c68df961b9d5c21a2bb0ae73,3084.96,118.06,13.000099689,54000,54000
b29ba3548abc265300434a19e6c13b61e5834f7f,2942.59,113.31,12.337311384,54000,54000
c4dd25ee7257748cbf1f9e54ee0885d462d18694,2097.96,80.51,8.783766863,54000,54000
f3c740df7e49b03a2d77735198e3e977576ea92a,1984.72,75.89,8.302165182,54000,54000
bd155b859e8ea19e0a2b15bcfe21032237e867b4,2319.20,88.87,9.695565069,55000,54000
71f963ea3a78746fc2a3ba80b2843254b35c211a,2800.80,107.35,11.737710897,54000,55000
ac4edeb4f74741c8537d8df66c9c33e55a5d9e4f,3355.97,128.12,14.085530057,55000,54000
bf2cca2d597ed521d0ec1a153c9cee8f8db3e638,2129.79,81.37,8.903811707,55000,54000
29bc6f50c0a31614835e9378f0d30fcae9bcc2e8,1971.21,75.29,8.244618254,54000,54000
b6bd4b455c54fa44c68df961b9d5c21a2bb0ae73,3246.81,123.98,13.676192877,54000,54000
b29ba3548abc265300434a19e6c13b61e5834f7f,2914.80,111.83,12.205574591,54000,54000
c4dd25ee7257748cbf1f9e54ee0885d462d18694,2249.50,86.77,9.382206930,54000,53000
f3c740df7e49b03a2d77735198e3e977576ea92a,2135.92,81.76,8.933656229,54000,54000
bd155b859e8ea19e0a2b15bcfe21032237e867b4,2199.68,84.79,9.184723462,54000,54000
71f963ea3a78746fc2a3ba80b2843254b35c211a,2764.19,106.03,11.559593383,54000,54000
ac4edeb4f74741c8537d8df66c9c33e55a5d9e4f,3600.19,137.76,15.088626710,54000,54000
bf2cca2d597ed521d0ec1a153c9cee8f8db3e638,2133.41,81.80,8.910747392,54000,54000
29bc6f50c0a31614835e9378f0d30fcae9bcc2e8,2005.63,76.72,8.371103794,54000,54000
b6bd4b455c54fa44c68df961b9d5c21a2bb0ae73,3218.86,122.48,13.513558469,53000,54000
b29ba3548abc265300434a19e6c13b61e5834f7f,2976.19,114.17,12.454137771,54000,53000
c4dd25ee7257748cbf1f9e54ee0885d462d18694,2258.70,87.10,9.416704137,54000,54000
f3c740df7e49b03a2d77735198e3e977576ea92a,2019.30,77.49,8.420024032,54000,54000
bd155b859e8ea19e0a2b15bcfe21032237e867b4,2333.99,89.44,9.749299409,54000,53000
71f963ea3a78746fc2a3ba80b2843254b35c211a,2760.72,106.64,11.536539788,53000,54000
ac4edeb4f74741c8537d8df66c9c33e55a5d9e4f,3520.70,134.49,14.765007362,54000,54000
bf2cca2d597ed521d0ec1a153c9cee8f8db3e638,2137.87,81.83,8.926771390,53000,53000
29bc6f50c0a31614835e9378f0d30fcae9bcc2e8,2027.50,77.57,8.457689510,54000,54000
b6bd4b455c54fa44c68df961b9d5c21a2bb0ae73,3276.07,124.68,13.783311821,54000,54000
b29ba3548abc265300434a19e6c13b61e5834f7f,2962.68,113.61,12.406531543,54000,54000
c4dd25ee7257748cbf1f9e54ee0885d462d18694,2245.40,86.27,9.396816997,54000,54000
f3c740df7e49b03a2d77735198e3e977576ea92a,1990.58,75.96,8.323143140,54000,54000
bd155b859e8ea19e0a2b15bcfe21032237e867b4,2203.48,84.61,9.193551700,54000,54000
71f963ea3a78746fc2a3ba80b2843254b35c211a,2774.83,106.62,11.613926066,54000,54000
ac4edeb4f74741c8537d8df66c9c33e55a5d9e4f,3516.02,133.95,14.762537670,54000,54000
bf2cca2d597ed521d0ec1a153c9cee8f8db3e638,2067.20,78.71,8.643755446,54000,54000
29bc6f50c0a31614835e9378f0d30fcae9bcc2e8,2006.29,76.55,8.368078044,54000,54000
b6bd4b455c54fa44c68df961b9d5c21a2bb0ae73,3185.08,120.79,13.381016594,53000,53000
b29ba3548abc265300434a19e6c13b61e5834f7f,2978.82,114.56,12.477640566,54000,54000
c4dd25ee7257748cbf1f9e54ee0885d462d18694,2141.23,82.39,8.936763244,54000,54000
f3c740df7e49b03a2d77735198e3e977576ea92a,2011.66,77.20,8.392217163,54000,53000
bd155b859e8ea19e0a2b15bcfe21032237e867b4,2220.48,85.41,9.255692807,54000,54000
71f963ea3a78746fc2a3ba80b2843254b35c211a,2736.72,104.80,11.433590376,54000,53000
ac4edeb4f74741c8537d8df66c9c33e55a5d9e4f,3503.80,133.82,14.664569625,54000,54000
bf2cca2d597ed521d0ec1a153c9cee8f8db3e638,2105.15,80.36,8.783470775,54000,54000
29bc6f50c0a31614835e9378f0d30fcae9bcc2e8,2000.93,76.45,8.352404939,54000,54000
b6bd4b455c54fa44c68df961b9d5c21a2bb0ae73,3387.52,128.62,14.236450644,53000,54000
b29ba3548abc265300434a19e6c13b61e5834f7f,2992.14,114.72,12.555735781,53000,54000
c4dd25ee7257748cbf1f9e54ee0885d462d18694,2299.18,88.19,9.582863639,54000,54000
f3c740df7e49b03a2d77735198e3e977576ea92a,2010.70,76.71,8.392179541,54000,53000
bd155b859e8ea19e0a2b15bcfe21032237e867b4,2205.54,84.38,9.206971573,54000,54000
71f963ea3a78746fc2a3ba80b2843254b35c211a,2760.39,106.15,11.563191081,54000,54000
ac4edeb4f74741c8537d8df66c9c33e55a5d9e4f,3447.94,131.41,14.450569293,54000,54000
bf2cca2d597ed521d0ec1a153c9cee8f8db3e638,2118.26,80.98,8.830801583,54000,54000
29bc6f50c0a31614835e9378f0d30fcae9bcc2e8,2020.80,77.25,8.428903698,53000,54000
b6bd4b455c54fa44c68df961b9d5c21a2bb0ae73,3387.12,128.41,14.232996986,54000,54000
b29ba3548abc265300434a19e6c13b61e5834f7f,3117.95,119.72,13.066438633,54000,54000
c4dd25ee7257748cbf1f9e54ee0885d462d18694,2211.09,84.85,9.224641588,54000,54000
f3c740df7e49b03a2d77735198e3e977576ea92a,2065.65,78.97,8.628736645,54000,54000
bd155b859e8ea19e0a2b15bcfe21032237e867b4,2279.64,86.95,9.518471682,54000,54000
71f963ea3a78746fc2a3ba80b2843254b35c211a,2717.04,104.67,11.372343059,54000,54000
ac4edeb4f74741c8537d8df66c9c33e55a5d9e4f,3299.64,126.13,13.831004873,54000,54000
bf2cca2d597ed521d0ec1a153c9cee8f8db3e638,2046.47,78.00,8.546944749,53000,54000
29bc6f50c0a31614835e9378f0d30fcae9bcc2e8,1970.96,75.15,8.235091492,54000,53000
b6bd4b455c54fa44c68df961b9d5c21a2bb0ae73,3256.86,123.73,13.674686639,54000,54000
b29ba3548abc265300434a19e6c13b61e5834f7f,2960.67,113.66,12.412925579,54000,54000
c4dd25ee7257748cbf1f9e54ee0885d462d18694,2197.14,84.15,9.165960218,54000,54000
f3c740df7e49b03a2d77735198e3e977576ea92a,1978.52,75.05,8.277089367,54000,54000
bd155b859e8ea19e0a2b15bcfe21032237e867b4,2233.37,85.55,9.340093153,54000,54000
71f963ea3a78746fc2a3ba80b2843254b35c211a,2759.80,105.94,11.541267967,54000,54000
ac4edeb4f74741c8537d8df66c9c33e55a5d9e4f,3519.54,134.15,14.755524687,54000,54000
bf2cca2d597ed521d0ec1a153c9cee8f8db3e638,2147.21,82.07,8.953703510,54000,54000
29bc6f50c0a31614835e9378f0d30fcae9bcc2e8,1974.90,75.48,8.252381909,54000,54000
b6bd4b455c54fa44c68df961b9d5c21a2bb0ae73,3314.70,126.20,13.922601798,54000,54000
b29ba3548abc265300434a19e6c13b61e5834f7f,3030.37,116.04,12.700324699,54000,54000
c4dd25ee7257748cbf1f9e54ee0885d462d18694,2115.12,80.91,8.842025496,54000,54000
f3c740df7e49b03a2d77735198e3e977576ea92a,2008.56,76.68,8.378077547,54000,53000
bd155b859e8ea19e0a2b15bcfe21032237e867b4,2282.92,87.29,9.527471480,54000,53000
71f963ea3a78746fc2a3ba80b2843254b35c211a,2822.39,108.31,11.814331582,53000,54000
ac4edeb4f74741c8537d8df66c9c33e55a5d9e4f,3478.75,132.42,14.575231891,54000,54000
bf2cca2d597ed521d0ec1a153c9cee8f8db3e638,2064.38,78.61,8.626111455,54000,54000
29bc6f50c0a31614835e9378f0d30fcae9bcc2e8,2047.53,78.04,8.559207220,54000,54000
b6bd4b455c54fa44c68df961b9d5c21a2bb0ae73,3262.81,124.15,13.695198069,54000,53000
b29ba3548abc265300434a19e6c13b61e5834f7f,2919.35,111.64,12.208864456,54000,53000
c4dd25ee7257748cbf1f9e54ee0885d462d18694,2219.95,84.66,9.266087139,54000,53000
f3c740df7e49b03a2d77735198e3e977576ea92a,2124.89,80.86,8.868478369,53000,54000
bd155b859e8ea19e0a2b15bcfe21032237e867b4,2214.94,84.74,9.234129032,54000,54000
71f963ea3a78746fc2a3ba80b2843254b35c211a,2729.34,104.37,11.407855141,54000,53000
ac4edeb4f74741c8537d8df66c9c33e55a5d9e4f,3345.04,127.52,14.007251821,54000,53000
bf2cca2d597ed521d0ec1a153c9cee8f8db3e638,2139.86,81.67,8.915637702,54000,54000
29bc6f50c0a31614835e9378f0d30fcae9bcc2e8,1978.04,75.48,8.258995100,54000,54000
b6bd4b455c54fa44c68df961b9d5c21a2bb0ae73,3220.16,122.56,13.513089931,54000,54000
b29ba3548abc265300434a19e6c13b61e5834f7f,2980.47,114.18,12.477908000,53000,54000
c4dd25ee7257748cbf1f9e54ee0885d462d18694,2180.50,83.79,9.104895402,54000,53000
f3c740df7e49b03a2d77735198e3e977576ea92a,1970.83,74.96,8.236578946,53000,53000
bd155b859e8ea19e0a2b15bcfe21032237e867b4,2202.95,84.45,9.193187064,54000,54000
71f963ea3a78746fc2a3ba80b2843254b35c211a,2771.90,106.35,11.609417391,54000,53000
ac4edeb4f74741c8537d8df66c9c33e55a5d9e4f,3552.88,135.44,14.894242286,54000,53000
bf2cca2d597ed521d0ec1a153c9cee8f8db3e638,2123.15,80.92,8.863373239,54000,54000
29bc6f50c0a31614835e9378f0d30fcae9bcc2e8,1967.55,75.01,8.223617920,54000,54000
b6bd4b455c54fa44c68df961b9d5c21a2bb0ae73,3370.32,127.59,14.149473727,54000,54000
b29ba3548abc265300434a19e6c13b61e5834f7f,2939.86,112.45,12.292036095,54000,53000
c4dd25ee7257748cbf1f9e54ee0885d462d18694,2244.78,86.23,9.356617947,52000,53000
f3c740df7e49b03a2d77735198e3e977576ea92a,1995.74,75.96,8.327508906,53000,54000
bd155b859e8ea19e0a2b15bcfe21032237e867b4,2203.86,85.03,9.185973930,54000,54000
71f963ea3a78746fc2a3ba80b2843254b35c211a,2760.68,106.06,11.531195958,54000,54000
ac4edeb4f74741c8537d8df66c9c33e55a5d9e4f,3526.20,134.38,14.760289609,54000,54000
bf2cca2d597ed521d0ec1a153c9cee8f8db3e638,2184.53,83.50,9.101006838,54000,54000
29bc6f50c0a31614835e9378f0d30fcae9bcc2e8,1953.58,74.50,8.143244471,53000,54000
b6bd4b455c54fa44c68df961b9d5c21a2bb0ae73,3261.65,123.77,13.679653438,54000,54000
b29ba3548abc265300434a19e6c13b61e5834f7f,2925.52,112.32,12.206314154,53000,54000
c4dd25ee7257748cbf1f9e54ee0885d462d18694,2195.48,84.57,9.152638692,53000,53000
f3c740df7e49b03a2d77735198e3e977576ea92a,2015.07,77.05,8.393296137,54000,53000
bd155b859e8ea19e0a2b15bcfe21032237e867b4,2233.63,85.59,9.316048135,54000,53000
71f963ea3a78746fc2a3ba80b2843254b35c211a,2742.24,105.11,11.467894658,53000,54000
ac4edeb4f74741c8537d8df66c9c33e55a5d9e4f,3417.92,130.76,14.293983954,54000,53000
bf2cca2d597ed521d0ec1a153c9cee8f8db3e638,2098.97,80.40,8.758681507,54000,52000
29bc6f50c0a31614835e9378f0d30fcae9bcc2e8,1993.15,76.12,8.320958296,54000,53000
b6bd4b455c54fa44c68df961b9d5c21a2bb0ae73,3249.68,123.36,13.629247541,53000,54000
b29ba3548abc265300434a19e6c13b61e5834f7f,3006.56,115.43,12.581291039,54000,54000
c4dd25ee7257748cbf1f9e54ee0885d462d18694,2110.85,80.83,8.806397273,52000,53000
f3c740df7e49b03a2d77735198e3e977576ea92a,1985.38,75.72,8.283496535,54000,53000
bd155b859e8ea19e0a2b15bcfe21032237e867b4,2267.25,86.83,9.463369651,53000,53000
71f963ea3a78746fc2a3ba80b2843254b35c211a,2761.80,106.03,11.548516408,54000,53000
ac4edeb4f74741c8537d8df66c9c33e55a5d9e4f,3437.31,130.85,14.410934973,53000,54000
bf2cca2d597ed521d0ec1a153c9cee8f8db3e638,2161.22,82.76,9.026795285,53000,54000
29bc6f50c0a31614835e9378f0d30fcae9bcc2e8,2049.17,78.45,8.539568127,54000,54000
b6bd4b455c54fa44c68df961b9d5c21a2bb0ae73,3283.47,124.57,13.785907496,54000,54000
b29ba3548abc265300434a19e6c13b61e5834f7f,2991.65,114.56,12.501170970,54000,54000
c4dd25ee7257748cbf1f9e54ee0885d462d18694,2215.47,84.82,9.243931365,54000,53000
f3c740df7e49b03a2d77735198e3e977576ea92a,2014.26,77.21,8.414076367,54000,53000
bd155b859e8ea19e0a2b15bcfe21032237e867b4,2209.72,84.65,9.207377694,54000,54000
71f963ea3a78746fc2a3ba80b2843254b35c211a,2748.97,105.37,11.495857026,53000,54000
ac4edeb4f74741c8537d8df66c9c33e55a5d9e4f,3535.96,134.95,14.814084630,53000,54000
bf2cca2d597ed521d0ec1a153c9cee8f8db3e638,2123.10,81.34,8.874668234,53000,53000
29bc6f50c0a31614835e9378f0d30fcae9bcc2e8,1975.79,75.58,8.259772524,52000,54000
b6bd4b455c54fa44c68df961b9d5c21a2bb0ae73,3360.42,127.72,14.132951421,54000,54000
b29ba3548abc265300434a19e6c13b61e5834f7f,2943.27,112.83,12.323300208,54000,54000
c4dd25ee7257748cbf1f9e54ee0885d462d18694,2129.51,81.69,8.890914864,54000,54000
f3c740df7e49b03a2d77735198e3e977576ea92a,2150.75,82.02,8.995479069,53000,53000
bd155b859e8ea19e0a2b15bcfe21032237e867b4,2301.84,88.08,9.606578799,52000,54000
71f963ea3a78746fc2a3ba80b2843254b35c211a,2749.20,105.59,11.504383956,54000,54000
ac4edeb4f74741c8537d8df66c9c33e55a5d9e4f,3494.77,133.29,14.667845531,54000,54000
bf2cca2d597ed521d0ec1a153c9cee8f8db3e638,2061.50,78.53,8.615721630,54000,54000
29bc6f50c0a31614835e9378f0d30fcae9bcc2e8,1988.91,75.98,8.305960519,54000,52000
b6bd4b455c54fa44c68df961b9d5c21a2bb0ae73,3151.08,120.19,13.232005807,53000,53000
b29ba3548abc265300434a19e6c13b61e5834f7f,2964.73,113.55,12.413835990,53000,54000
c4dd25ee7257748cbf1f9e54ee0885d462d18694,2230.88,85.37,9.301574738,54000,54000
f3c740df7e49b03a2d77735198e3e977576ea92a,2059.71,78.62,8.597136693,54000,54000
bd155b859e8ea19e0a2b15bcfe21032237e867b4,2153.97,82.71,8.982153353,54000,54000
71f963ea3a78746fc2a3ba80b2843254b35c211a,2820.91,108.33,11.802047429,54000,54000
ac4edeb4f74741c8537d8df66c9c33e55a5d9e4f,3463.37,131.67,14.555569648,53000,54000
bf2cca2d597ed521d0ec1a153c9cee8f8db3e638,2145.66,82.34,8.965260199,53000,54000
29bc6f50c0a31614835e9378f0d30fcae9bcc2e8,1968.61,75.45,8.229023150,54000,54000
b6bd4b455c54fa44c68df961b9d5c21a2bb0ae73,3313.43,125.78,13.942497256,54000,54000
b29ba3548abc265300434a19e6c13b61e5834f7f,2909.98,111.41,12.170102900,54000,53000
c4dd25ee7257748cbf1f9e54ee0885d462d18694,2304.65,88.70,9.613633575,53000,54000
f3c740df7e49b03a2d77735198e3e977576ea92a,1962.28,74.68,8.196353272,54000,53000
bd155b859e8ea19e0a2b15bcfe21032237e867b4,2157.00,82.62,8.995429415,53000,53000
71f963ea3a78746fc2a3ba80b2843254b35c211a,2719.12,104.57,11.365432405,54000,54000
ac4edeb4f74741c8537d8df66c9c33e55a5d9e4f,3394.82,129.11,14.228483058,54000,54000
bf2cca2d597ed521d0ec1a153c9cee8f8db3e638,2123.52,81.04,8.868771327,53000,54000
29bc6f50c0a31614835e9378f0d30fcae9bcc2e8,1977.41,75.53,8.261391935,54000,53000
b6bd4b455c54fa44c68df961b9d5c21a2bb0ae73,3435.71,130.98,14.464655613,53000,53000
b29ba3548abc265300434a19e6c13b61e5834f7f,2976.48,114.55,12.487178271,54000,54000
c4dd25ee7257748cbf1f9e54ee0885d462d18694,2334.82,89.82,9.750516302,53000,52000
f3c740df7e49b03a2d77735198e3e977576ea92a,2014.54,76.58,8.428387487,53000,53000
bd155b859e8ea19e0a2b15bcfe21032237e867b4,2221.17,85.34,9.272591114,53000,53000
71f963ea3a78746fc2a3ba80b2843254b35c211a,2761.75,106.53,11.560123003,54000,52000
ac4edeb4f74741c8537d8df66c9c33e55a5d9e4f,3378.99,129.36,14.173113595,54000,54000
bf2cca2d597ed521d0ec1a153c9cee8f8db3e638,2151.15,82.62,8.985575439,53000,54000
29bc6f50c0a31614835e9378f0d30fcae9bcc2e8,1994.56,76.37,8.333210844,53000,53000
b6bd4b455c54fa44c68df961b9d5c21a2bb0ae73,3197.55,122.10,13.444796908,54000,54000
b29ba3548abc265300434a19e6c13b61e5834f7f,2979.41,114.23,12.464695270,53000,53000
c4dd25ee7257748cbf1f9e54ee0885d462d18694,2139.38,82.41,8.930507853,54000,53000
f3c740df7e49b03a2d77735198e3e977576ea92a,2029.68,77.89,8.469118559,54000,53000
bd155b859e8ea19e0a2b15bcfe21032237e867b4,2175.03,83.18,9.068406028,54000,53000
71f963ea3a78746fc2a3ba80b2843254b35c211a,2774.23,106.47,11.627413796,53000,53000
ac4edeb4f74741c8537d8df66c9c33e55a5d9e4f,3367.63,128.62,14.122125008,54000,54000
bf2cca2d597ed521d0ec1a153c9cee8f8db3e638,2158.39,82.54,9.016649239,53000,54000
29bc6f50c0a31614835e9378f0d30fcae9bcc2e8,1975.15,75.40,8.257896637,54000,53000
b6bd4b455c54fa44c68df961b9d5c21a2bb0ae73,3262.61,124.36,13.745708708,53000,54000
b29ba3548abc265300434a19e6c13b61e5834f7f,3008.95,115.67,12.623872836,53000,54000
c4dd25ee7257748cbf1f9e54ee0885d462d18694,2108.13,80.75,8.811297408,54000,54000
f3c740df7e49b03a2d77735198e3e977576ea92a,1999.86,76.23,8.355139049,53000,54000
bd155b859e8ea19e0a2b15bcfe21032237e867b4,2187.75,83.98,9.138924125,54000,54000
71f963ea3a78746fc2a3ba80b2843254b35c211a,2695.20,103.44,11.293197083,53000,54000
ac4edeb4f74741c8537d8df66c9c33e55a5d9e4f,3487.50,133.16,14.642608097,53000,53000
bf2cca2d597ed521d0ec1a153c9cee8f8db3e638,2154.21,82.48,8.990858477,53000,54000
29bc6f50c0a31614835e9378f0d30fcae9bcc2e8,1967.86,74.92,8.224662341,54000,53000
b6bd4b455c54fa44c68df961b9d5c21a2bb0ae73,3377.15,127.91,14.175694547,54000,54000
b29ba3548abc265300434a19e6c13b61e5834f7f,2940.00,112.62,12.303387281,53000,54000
c4dd25ee7257748cbf1f9e54ee0885d462d18694,2076.24,79.43,8.661744746,53000,54000
f3c740df7e49b03a2d77735198e3e977576ea92a,2123.17,80.99,8.864823545,53000,54000
bd155b859e8ea19e0a2b15bcfe21032237e867b4,2205.33,84.53,9.201009438,54000,54000
71f963ea3a78746fc2a3ba80b2843254b35c211a,2734.68,104.89,11.428609126,54000,54000
ac4edeb4f74741c8537d8df66c9c33e55a5d9e4f,3405.01,130.13,14.259837089,54000,54000
bf2cca2d597ed521d0ec1a153c9cee8f8db3e638,2106.26,80.45,8.810794138,53000,54000
29bc6f50c0a31614835e9378f0d30fcae9bcc2e8,1982.49,75.74,8.288478367,54000,53000
b6bd4b455c54fa44c68df961b9d5c21a2bb0ae73,3180.31,120.85,13.384284786,54000,54000
b29ba3548abc265300434a19e6c13b61e5834f7f,2949.07,113.32,12.363314679,54000,53000
c4dd25ee7257748cbf1f9e54ee0885d462d18694,2104.79,80.86,8.809034474,52000,54000
f3c740df7e49b03a2d77735198e3e977576ea92a,1969.56,75.05,8.234054706,53000,53000
bd155b859e8ea19e0a2b15bcfe21032237e867b4,2193.58,84.27,9.152282137,53000,53000
71f963ea3a78746fc2a3ba80b2843254b35c211a,2760.17,105.77,11.575547073,54000,54000
ac4edeb4f74741c8537d8df66c9c33e55a5d9e4f,3451.21,131.83,14.511375538,53000,52000
bf2cca2d597ed521d0ec1a153c9cee8f8db3e638,2057.73,78.57,8.608760348,52000,53000
29bc6f50c0a31614835e9378f0d30fcae9bcc2e8,1996.82,76.62,8.349248249,53000,53000
b6bd4b455c54fa44c68df961b9d5c21a2bb0ae73,3224.41,122.53,13.545309100,53000,54000
b29ba3548abc265300434a19e6c13b61e5834f7f,2869.75,110.13,12.015191459,53000,54000
c4dd25ee7257748cbf1f9e54ee0885d462d18694,2175.81,83.89,9.079687915,54000,54000
f3c740df7e49b03a2d77735198e3e977576ea92a,1956.55,74.44,8.171202597,54000,54000
bd155b859e8ea19e0a2b15bcfe21032237e867b4,2279.68,87.44,9.533147192,54000,52000
71f963ea3a78746fc2a3ba80b2843254b35c211a,2710.29,104.46,11.340767190,52000,54000
ac4edeb4f74741c8537d8df66c9c33e55a5d9e4f,3319.18,127.03,13.921374081,54000,53000
bf2cca2d597ed521d0ec1a153c9cee8f8db3e638,2151.50,82.22,9.012492111,53000,53000
29bc6f50c0a31614835e9378f0d30fcae9bcc2e8,1991.79,76.40,8.322474407,54000,54000
b6bd4b455c54fa44c68df961b9d5c21a2bb0ae73,3276.74,124.66,13.776240809,54000,53000
b29ba3548abc265300434a19e6c13b61e5834f7f,3019.72,116.13,12.649987848,54000,52000
c4dd25ee7257748cbf1f9e54ee0885d462d18694,2185.61,83.63,9.119681538,54000,53000
f3c740df7e49b03a2d77735198e3e977576ea92a,2031.90,77.78,8.467296415,54000,54000
bd155b859e8ea19e0a2b15bcfe21032237e867b4,2184.72,83.70,9.123477983,54000,54000
71f963ea3a78746fc2a3ba80b2843254b35c211a,2797.73,107.80,11.725177667,54000,53000
ac4edeb4f74741c8537d8df66c9c33e55a5d9e4f,3336.46,127.24,13.980865972,53000,54000
bf2cca2d597ed521d0ec1a153c9cee8f8db3e638,2118.21,81.14,8.845747863,53000,54000
29bc6f50c0a31614835e9378f0d30fcae9bcc2e8,1959.89,75.02,8.190835652,54000,53000
b6bd4b455c54fa44c68df961b9d5c21a2bb0ae73,3095.04,117.84,12.996453096,54000,54000
b29ba3548abc265300434a19e6c13b61e5834f7f,2960.52,113.62,12.386344886,53000,54000
c4dd25ee7257748cbf1f9e54ee0885d462d18694,2172.05,83.46,9.079582920,54000,54000
f3c740df7e49b03a2d77735198e3e977576ea92a,1982.52,76.01,8.283530651,54000,54000
bd155b859e8ea19e0a2b15bcfe21032237e867b4,2179.94,83.61,9.108671733,54000,53000
71f963ea3a78746fc2a3ba80b2843254b35c211a,2725.80,104.79,11.418528893,54000,54000
ac4edeb4f74741c8537d8df66c9c33e55a5d9e4f,3510.11,134.45,14.747256636,53000,53000
bf2cca2d597ed521d0ec1a153c9cee8f8db3e638,2078.68,79.56,8.692100043,54000,53000
29bc6f50c0a31614835e9378f0d30fcae9bcc2e8,1986.12,75.98,8.300359209,54000,53000
b6bd4b455c54fa44c68df961b9d5c21a2bb0ae73,3143.82,119.88,13.217227295,53000,54000
b29ba3548abc265300434a19e6c13b61e5834f7f,2972.94,114.08,12.452249861,54000,54000
c4dd25ee7257748cbf1f9e54ee0885d462d18694,2245.11,86.32,9.364844553,54000,54000
f3c740df7e49b03a2d77735198e3e977576ea92a,2048.00,78.40,8.563740241,54000,53000
bd155b859e8ea19e0a2b15bcfe21032237e867b4,2230.82,86.28,9.324644297,54000,54000
71f963ea3a78746fc2a3ba80b2843254b35c211a,2719.00,104.98,11.387060534,54000,54000
ac4edeb4f74741c8537d8df66c9c33e55a5d9e4f,3339.99,128.27,14.011957098,53000,53000
bf2cca2d597ed521d0ec1a153c9cee8f8db3e638,2095.03,80.50,8.752156397,53000,54000
29bc6f50c0a31614835e9378f0d30fcae9bcc2e8,1989.96,76.27,8.324364109,53000,54000
b6bd4b455c54fa44c68df961b9d5c21a2bb0ae73,3321.89,126.38,13.964032118,54000,54000
b29ba3548abc265300434a19e6c13b61e5834f7f,3011.36,115.46,12.643681199,52000,53000
c4dd25ee7257748cbf1f9e54ee0885d462d18694,2103.03,80.51,8.778756637,54000,54000
f3c740df7e49b03a2d77735198e3e977576ea92a,1991.92,76.00,8.323201130,53000,54000
bd155b859e8ea19e0a2b15bcfe21032237e867b4,2230.71,85.54,9.301684483,54000,54000
71f963ea3a78746fc2a3ba80b2843254b35c211a,2759.18,105.96,11.561216317,53000,53000
ac4edeb4f74741c8537d8df66c9c33e55a5d9e4f,3602.89,137.35,15.113394433,52000,53000
bf2cca2d597ed521d0ec1a153c9cee8f8db3e638,2168.10,82.87,9.056363556,54000,54000
29bc6f50c0a31614835e9378f0d30fcae9bcc2e8,2024.59,77.60,8.454987686,53000,54000
b6bd4b455c54fa44c68df961b9d5c21a2bb0ae73,3222.93,122.15,13.516874399,54000,54000
b29ba3548abc265300434a19e6c13b61e5834f7f,2946.87,113.01,12.328960185,54000,54000
c4dd25ee7257748cbf1f9e54ee0885d462d18694,2116.77,81.16,8.828043749,54000,54000
f3c740df7e49b03a2d77735198e3e977576ea92a,1985.01,75.96,8.286324873,54000,54000
bd155b859e8ea19e0a2b15bcfe21032237e867b4,2167.69,83.06,9.027775392,54000,54000
71f963ea3a78746fc2a3ba80b2843254b35c211a,2726.80,104.57,11.395006165,54000,53000
ac4edeb4f74741c8537d8df66c9c33e55a5d9e4f,3358.75,128.38,14.054390608,53000,54000
bf2cca2d597ed521d0ec1a153c9cee8f8db3e638,2177.81,83.64,9.085339114,54000,53000
29bc6f50c0a31614835e9378f0d30fcae9bcc2e8,1959.00,74.86,8.177955386,53000,54000
b6bd4b455c54fa44c68df961b9d5c21a2bb0ae73,3186.97,121.71,13.380378287,53000,54000
2b3576b460afbfa1ee4081cd3adecc6d18616b78,3212.78,122.40,13.573675130,54000,54000
2c7c04744c048e62bfa505dbb858a9458c193c03,2144.03,82.53,8.981728749,54000,54000
dec21ef066af58e694b48ff483079f346ba5c217,2165.30,84.11,9.053169174,54000,54000
b60c480804bb00b8e2ab5821d30f93fd1a07f063,2198.54,84.93,9.196825887,54000,54000
e10e04da6c7d93daf5f74d449594cba7ea3683e3,1967.37,75.49,8.215529036,54000,54000
dedf6ab9ddd71d0784d41c70a9178d134a4a38a9,2757.62,105.90,11.567357558,54000,54000
342e6a0db5768642e8d3dd1c212384e0020403f7,2744.29,105.43,11.503973240,55000,54000
f2128717794737bb644e6e186de50b109d2c7349,3006.97,115.73,12.596737368,54000,53000
76b391e367645d367a6cdd4b48b107bcc2ee9ae1,1954.51,74.64,8.181383799,54000,54000
2b3576b460afbfa1ee4081cd3adecc6d18616b78,3234.97,123.31,13.604913470,54000,54000
2c7c04744c048e62bfa505dbb858a9458c193c03,2273.26,87.68,9.486327151,54000,54000
dec21ef066af58e694b48ff483079f346ba5c217,2231.22,86.29,9.295258568,54000,54000
b60c480804bb00b8e2ab5821d30f93fd1a07f063,2194.79,84.20,9.163917138,54000,54000
e10e04da6c7d93daf5f74d449594cba7ea3683e3,1961.17,75.52,8.171032665,54000,54000
dedf6ab9ddd71d0784d41c70a9178d134a4a38a9,2787.89,106.82,11.650543527,55000,54000
342e6a0db5768642e8d3dd1c212384e0020403f7,2729.71,104.61,11.416557065,54000,54000
f2128717794737bb644e6e186de50b109d2c7349,3010.07,115.54,12.594313304,54000,54000
76b391e367645d367a6cdd4b48b107bcc2ee9ae1,2013.23,76.90,8.412020113,54000,54000
2b3576b460afbfa1ee4081cd3adecc6d18616b78,3242.76,123.27,13.621602353,54000,54000
2c7c04744c048e62bfa505dbb858a9458c193c03,2145.99,82.64,8.944912611,54000,54000
dec21ef066af58e694b48ff483079f346ba5c217,2164.73,83.38,9.018113303,54000,54000
b60c480804bb00b8e2ab5821d30f93fd1a07f063,2214.54,84.86,9.253821083,54000,54000
e10e04da6c7d93daf5f74d449594cba7ea3683e3,1892.33,72.37,7.902475547,54000,54000
dedf6ab9ddd71d0784d41c70a9178d134a4a38a9,2830.54,108.60,11.851516229,54000,54000
342e6a0db5768642e8d3dd1c212384e0020403f7,2745.53,105.37,11.500784274,54000,54000
f2128717794737bb644e6e186de50b109d2c7349,3053.16,117.14,12.785498991,54000,54000
76b391e367645d367a6cdd4b48b107bcc2ee9ae1,2023.39,77.13,8.450751038,54000,54000
2b3576b460afbfa1ee4081cd3adecc6d18616b78,3295.15,125.37,13.854680639,54000,54000
2c7c04744c048e62bfa505dbb858a9458c193c03,2187.75,84.29,9.124593606,54000,54000
dec21ef066af58e694b48ff483079f346ba5c217,2198.54,84.56,9.174009330,54000,54000
b60c480804bb00b8e2ab5821d30f93fd1a07f063,2344.82,89.88,9.782569452,54000,54000
e10e04da6c7d93daf5f74d449594cba7ea3683e3,1929.24,74.26,8.054797967,54000,54000
dedf6ab9ddd71d0784d41c70a9178d134a4a38a9,2857.47,109.77,11.972697242,54000,54000
342e6a0db5768642e8d3dd1c212384e0020403f7,2834.98,109.50,11.882909591,54000,54000
f2128717794737bb644e6e186de50b109d2c7349,3010.29,115.94,12.626443522,54000,54000
76b391e367645d367a6cdd4b48b107bcc2ee9ae1,2046.75,78.16,8.563500334,54000,54000
2b3576b460afbfa1ee4081cd3adecc6d18616b78,3259.87,124.64,13.713520333,53000,54000
2c7c04744c048e62bfa505dbb858a9458c193c03,2217.43,84.96,9.274641468,54000,54000
dec21ef066af58e694b48ff483079f346ba5c217,2228.49,85.68,9.331193681,54000,54000
b60c480804bb00b8e2ab5821d30f93fd1a07f063,2172.45,83.32,9.075856315,54000,54000
e10e04da6c7d93daf5f74d449594cba7ea3683e3,1924.04,73.80,8.039681370,54000,54000
dedf6ab9ddd71d0784d41c70a9178d134a4a38a9,2808.35,107.79,11.751864892,54000,54000
342e6a0db5768642e8d3dd1c212384e0020403f7,2699.02,103.67,11.310573459,54000,54000
f2128717794737bb644e6e186de50b109d2c7349,2999.75,115.46,12.559323275,54000,54000
76b391e367645d367a6cdd4b48b107bcc2ee9ae1,2140.38,82.08,8.954361387,54000,54000
2b3576b460afbfa1ee4081cd3adecc6d18616b78,3283.17,124.53,13.796223935,54000,54000
2c7c04744c048e62bfa505dbb858a9458c193c03,2119.29,81.27,8.841024097,54000,54000
dec21ef066af58e694b48ff483079f346ba5c217,2127.43,82.11,8.865445125,54000,55000
b60c480804bb00b8e2ab5821d30f93fd1a07f063,2284.85,87.57,9.541764941,54000,54000
e10e04da6c7d93daf5f74d449594cba7ea3683e3,1908.94,73.12,7.953742943,55000,54000
dedf6ab9ddd71d0784d41c70a9178d134a4a38a9,2853.78,109.53,11.954085591,54000,54000
342e6a0db5768642e8d3dd1c212384e0020403f7,2715.40,104.37,11.346958615,54000,54000
f2128717794737bb644e6e186de50b109d2c7349,3046.46,116.97,12.735119182,54000,54000
76b391e367645d367a6cdd4b48b107bcc2ee9ae1,1981.76,75.49,8.282133169,54000,54000
2b3576b460afbfa1ee4081cd3adecc6d18616b78,3220.06,122.56,13.513283979,54000,54000
2c7c04744c048e62bfa505dbb858a9458c193c03,2182.17,83.22,9.104371360,54000,54000
dec21ef066af58e694b48ff483079f346ba5c217,2153.28,83.00,8.975726175,54000,54000
b60c480804bb00b8e2ab5821d30f93fd1a07f063,2181.95,83.39,9.106746472,54000,54000
e10e04da6c7d93daf5f74d449594cba7ea3683e3,1904.04,72.54,7.947840107,54000,54000
dedf6ab9ddd71d0784d41c70a9178d134a4a38a9,2756.39,105.41,11.521667475,54000,54000
342e6a0db5768642e8d3dd1c212384e0020403f7,2726.26,104.82,11.402078729,54000,54000
f2128717794737bb644e6e186de50b109d2c7349,3034.78,116.35,12.681635280,54000,54000
76b391e367645d367a6cdd4b48b107bcc2ee9ae1,1976.59,75.26,8.260638169,54000,55000
2b3576b460afbfa1ee4081cd3adecc6d18616b78,3248.23,123.67,13.638675301,54000,54000
2c7c04744c048e62bfa505dbb858a9458c193c03,2135.93,82.16,8.898893762,54000,54000
dec21ef066af58e694b48ff483079f346ba5c217,2149.12,82.59,8.979489349,54000,54000
b60c480804bb00b8e2ab5821d30f93fd1a07f063,2186.20,83.99,9.110156969,54000,54000
e10e04da6c7d93daf5f74d449594cba7ea3683e3,1879.13,72.02,7.842017017,54000,54000
dedf6ab9ddd71d0784d41c70a9178d134a4a38a9,2746.97,105.40,11.479007638,56000,54000
342e6a0db5768642e8d3dd1c212384e0020403f7,2742.41,105.33,11.479883614,54000,54000
f2128717794737bb644e6e186de50b109d2c7349,2992.79,114.74,12.514035083,55000,54000
76b391e367645d367a6cdd4b48b107bcc2ee9ae1,1980.09,75.42,8.267950479,54000,54000
2b3576b460afbfa1ee4081cd3adecc6d18616b78,3385.61,128.44,14.198250951,54000,54000
2c7c04744c048e62bfa505dbb858a9458c193c03,2122.93,81.47,8.846473743,54000,54000
dec21ef066af58e694b48ff483079f346ba5c217,2332.16,90.00,9.722552780,53000,54000
b60c480804bb00b8e2ab5821d30f93fd1a07f063,2203.64,84.31,9.174248078,54000,53000
e10e04da6c7d93daf5f74d449594cba7ea3683e3,1890.85,72.11,7.881980308,54000,54000
dedf6ab9ddd71d0784d41c70a9178d134a4a38a9,2760.33,105.66,11.532725358,54000,54000
342e6a0db5768642e8d3dd1c212384e0020403f7,2669.63,102.08,11.149732589,54000,54000
f2128717794737bb644e6e186de50b109d2c7349,2964.61,113.47,12.389801891,54000,54000
76b391e367645d367a6cdd4b48b107bcc2ee9ae1,2010.43,76.97,8.393070877,54000,54000
2b3576b460afbfa1ee4081cd3adecc6d18616b78,3200.91,121.93,13.419783735,54000,54000
2c7c04744c048e62bfa505dbb858a9458c193c03,2160.63,83.05,8.996151111,54000,54000
dec21ef066af58e694b48ff483079f346ba5c217,2151.49,82.99,8.965448712,54000,54000
b60c480804bb00b8e2ab5821d30f93fd1a07f063,2246.36,86.22,9.364126191,55000,54000
e10e04da6c7d93daf5f74d449594cba7ea3683e3,1935.92,74.45,8.060645386,54000,54000
dedf6ab9ddd71d0784d41c70a9178d134a4a38a9,2875.83,110.21,12.025837904,54000,54000
342e6a0db5768642e8d3dd1c212384e0020403f7,2737.51,105.48,11.436942583,54000,54000
f2128717794737bb644e6e186de50b109d2c7349,2964.29,113.74,12.392453174,54000,54000
76b391e367645d367a6cdd4b48b107bcc2ee9ae1,2009.36,76.72,8.391029901,54000,54000
2b3576b460afbfa1ee4081cd3adecc6d18616b78,3281.84,125.33,13.772686253,54000,54000
2c7c04744c048e62bfa505dbb858a9458c193c03,2212.58,85.29,9.213411393,54000,54000
dec21ef066af58e694b48ff483079f346ba5c217,2187.58,84.46,9.110354345,54000,54000
b60c480804bb00b8e2ab5821d30f93fd1a07f063,2227.63,85.51,9.292062919,54000,54000
e10e04da6c7d93daf5f74d449594cba7ea3683e3,1931.70,74.20,8.051194324,54000,54000
dedf6ab9ddd71d0784d41c70a9178d134a4a38a9,2837.01,109.04,11.856338234,54000,54000
342e6a0db5768642e8d3dd1c212384e0020403f7,2773.94,107.00,11.595508079,54000,54000
f2128717794737bb644e6e186de50b109d2c7349,2986.72,114.56,12.486166668,54000,54000
76b391e367645d367a6cdd4b48b107bcc2ee9ae1,2026.44,77.53,8.470802715,54000,54000
2b3576b460afbfa1ee4081cd3adecc6d18616b78,3063.26,116.56,12.854681219,54000,54000
2c7c04744c048e62bfa505dbb858a9458c193c03,2198.62,84.14,9.183045614,54000,54000
dec21ef066af58e694b48ff483079f346ba5c217,2256.51,86.58,9.435715351,54000,54000
b60c480804bb00b8e2ab5821d30f93fd1a07f063,2181.10,83.65,9.098387491,54000,54000
e10e04da6c7d93daf5f74d449594cba7ea3683e3,1882.50,71.91,7.867975619,54000,54000
dedf6ab9ddd71d0784d41c70a9178d134a4a38a9,2747.95,105.77,11.516926924,54000,54000
342e6a0db5768642e8d3dd1c212384e0020403f7,2770.78,106.63,11.597473182,54000,54000
f2128717794737bb644e6e186de50b109d2c7349,2911.12,111.87,12.182512126,54000,53000
76b391e367645d367a6cdd4b48b107bcc2ee9ae1,2013.89,76.93,8.399938938,54000,54000
2b3576b460afbfa1ee4081cd3adecc6d18616b78,3564.23,136.27,15.028164695,54000,54000
2c7c04744c048e62bfa505dbb858a9458c193c03,2210.34,84.91,9.231400114,54000,54000
dec21ef066af58e694b48ff483079f346ba5c217,2162.39,83.21,9.010690225,54000,54000
b60c480804bb00b8e2ab5821d30f93fd1a07f063,2198.12,84.89,9.188832907,54000,54000
e10e04da6c7d93daf5f74d449594cba7ea3683e3,1963.13,75.72,8.185995882,54000,54000
dedf6ab9ddd71d0784d41c70a9178d134a4a38a9,2781.38,107.04,11.643604127,53000,54000
342e6a0db5768642e8d3dd1c212384e0020403f7,2711.54,104.33,11.352706057,54000,54000
f2128717794737bb644e6e186de50b109d2c7349,3027.55,116.32,12.664270076,54000,54000
76b391e367645d367a6cdd4b48b107bcc2ee9ae1,2055.21,78.96,8.569656151,54000,54000
2b3576b460afbfa1ee4081cd3adecc6d18616b78,3247.09,123.46,13.613514876,54000,54000
2c7c04744c048e62bfa505dbb858a9458c193c03,2235.26,85.56,9.322607324,54000,54000
dec21ef066af58e694b48ff483079f346ba5c217,2147.75,82.58,8.975389989,54000,54000
b60c480804bb00b8e2ab5821d30f93fd1a07f063,2220.79,85.23,9.253579493,54000,54000
e10e04da6c7d93daf5f74d449594cba7ea3683e3,1911.36,73.15,7.973031425,54000,54000
dedf6ab9ddd71d0784d41c70a9178d134a4a38a9,2809.16,108.01,11.756430856,54000,54000
342e6a0db5768642e8d3dd1c212384e0020403f7,2699.30,104.06,11.276773734,54000,54000
f2128717794737bb644e6e186de50b109d2c7349,3021.33,115.78,12.676310864,54000,54000
76b391e367645d367a6cdd4b48b107bcc2ee9ae1,2017.43,76.89,8.429760041,53000,54000
2b3576b460afbfa1ee4081cd3adecc6d18616b78,3392.68,129.05,14.264876474,54000,54000
2c7c04744c048e62bfa505dbb858a9458c193c03,2191.35,84.69,9.122039690,54000,54000
dec21ef066af58e694b48ff483079f346ba5c217,2182.80,84.22,9.090425593,54000,54000
b60c480804bb00b8e2ab5821d30f93fd1a07f063,2291.61,88.20,9.557301531,54000,54000
e10e04da6c7d93daf5f74d449594cba7ea3683e3,1887.04,72.43,7.861855579,54000,54000
dedf6ab9ddd71d0784d41c70a9178d134a4a38a9,2834.56,108.87,11.872652006,54000,54000
342e6a0db5768642e8d3dd1c212384e0020403f7,2701.45,103.64,11.321221927,54000,54000
f2128717794737bb644e6e186de50b109d2c7349,3010.24,115.54,12.638713710,54000,54000
76b391e367645d367a6cdd4b48b107bcc2ee9ae1,2019.22,77.27,8.445288346,54000,54000
2b3576b460afbfa1ee4081cd3adecc6d18616b78,3363.31,127.98,14.153043189,54000,54000
2c7c04744c048e62bfa505dbb858a9458c193c03,2120.17,81.63,8.841911195,54000,54000
dec21ef066af58e694b48ff483079f346ba5c217,2306.93,89.23,9.637168477,54000,54000
b60c480804bb00b8e2ab5821d30f93fd1a07f063,2190.81,84.20,9.157062934,54000,54000
e10e04da6c7d93daf5f74d449594cba7ea3683e3,1925.84,73.76,8.048959424,54000,54000
dedf6ab9ddd71d0784d41c70a9178d134a4a38a9,2793.66,107.45,11.705690753,54000,54000
342e6a0db5768642e8d3dd1c212384e0020403f7,2657.13,102.17,11.140082714,55000,54000
f2128717794737bb644e6e186de50b109d2c7349,2953.20,113.61,12.370930808,55000,54000
76b391e367645d367a6cdd4b48b107bcc2ee9ae1,1998.05,76.45,8.355688521,54000,54000
2b3576b460afbfa1ee4081cd3adecc6d18616b78,3330.50,126.29,13.982080897,54000,54000
2c7c04744c048e62bfa505dbb858a9458c193c03,2267.87,87.18,9.451269486,54000,54000
dec21ef066af58e694b48ff483079f346ba5c217,2140.34,82.49,8.921310806,54000,54000
b60c480804bb00b8e2ab5821d30f93fd1a07f063,2175.04,83.48,9.069208445,55000,54000
e10e04da6c7d93daf5f74d449594cba7ea3683e3,1888.78,72.61,7.876695188,54000,54000
dedf6ab9ddd71d0784d41c70a9178d134a4a38a9,2853.84,109.37,11.943548524,54000,54000
342e6a0db5768642e8d3dd1c212384e0020403f7,2681.65,103.17,11.204092727,54000,54000
f2128717794737bb644e6e186de50b109d2c7349,3042.23,116.63,12.729774982,54000,54000
76b391e367645d367a6cdd4b48b107bcc2ee9ae1,2037.40,77.90,8.509082896,54000,53000
2b3576b460afbfa1ee4081cd3adecc6d18616b78,3043.86,115.61,12.759955725,54000,54000
2c7c04744c048e62bfa505dbb858a9458c193c03,2194.37,84.43,9.139878781,54000,54000
dec21ef066af58e694b48ff483079f346ba5c217,2258.98,86.88,9.422337684,54000,55000
b60c480804bb00b8e2ab5821d30f93fd1a07f063,2274.90,86.69,9.488617081,54000,54000
e10e04da6c7d93daf5f74d449594cba7ea3683e3,1918.05,73.64,8.003203089,54000,54000
dedf6ab9ddd71d0784d41c70a9178d134a4a38a9,2771.85,106.37,11.585793247,53000,54000
342e6a0db5768642e8d3dd1c212384e0020403f7,2779.67,106.73,11.635082278,54000,54000
f2128717794737bb644e6e186de50b109d2c7349,3032.82,116.24,12.700357353,54000,54000
76b391e367645d367a6cdd4b48b107bcc2ee9ae1,2005.04,76.43,8.380988875,54000,54000
2b3576b460afbfa1ee4081cd3adecc6d18616b78,3338.87,126.81,14.005119654,54000,54000
2c7c04744c048e62bfa505dbb858a9458c193c03,2219.86,84.52,9.280755484,54000,54000
dec21ef066af58e694b48ff483079f346ba5c217,2176.45,84.52,9.066390745,52000,54000
b60c480804bb00b8e2ab5821d30f93fd1a07f063,2321.30,89.12,9.684175048,54000,54000
e10e04da6c7d93daf5f74d449594cba7ea3683e3,1917.67,73.81,8.000494188,53000,54000
dedf6ab9ddd71d0784d41c70a9178d134a4a38a9,2835.63,108.93,11.855783170,54000,54000
342e6a0db5768642e8d3dd1c212384e0020403f7,2671.46,102.11,11.189067571,54000,54000
f2128717794737bb644e6e186de50b109d2c7349,2982.81,115.09,12.490348404,54000,54000
76b391e367645d367a6cdd4b48b107bcc2ee9ae1,2047.59,78.49,8.559912451,54000,54000
2b3576b460afbfa1ee4081cd3adecc6d18616b78,3262.37,124.68,13.726052287,54000,54000
2c7c04744c048e62bfa505dbb858a9458c193c03,2255.12,86.40,9.424183896,54000,53000
dec21ef066af58e694b48ff483079f346ba5c217,2219.64,85.18,9.278404241,54000,54000
b60c480804bb00b8e2ab5821d30f93fd1a07f063,2207.91,85.13,9.223261940,54000,54000
e10e04da6c7d93daf5f74d449594cba7ea3683e3,1908.48,73.25,7.963089640,54000,54000
dedf6ab9ddd71d0784d41c70a9178d134a4a38a9,2785.31,107.33,11.659213830,54000,54000
342e6a0db5768642e8d3dd1c212384e0020403f7,2730.68,104.86,11.422162775,54000,53000
f2128717794737bb644e6e186de50b109d2c7349,3089.13,119.04,12.926691431,54000,55000
76b391e367645d367a6cdd4b48b107bcc2ee9ae1,2052.34,78.53,8.565768524,54000,53000
2b3576b460afbfa1ee4081cd3adecc6d18616b78,3301.03,125.17,13.866213346,54000,54000
2c7c04744c048e62bfa505dbb858a9458c193c03,2225.70,85.88,9.274303846,53000,54000
dec21ef066af58e694b48ff483079f346ba5c217,2182.10,83.80,9.083488762,54000,54000
b60c480804bb00b8e2ab5821d30f93fd1a07f063,2261.03,86.58,9.425343964,54000,54000
e10e04da6c7d93daf5f74d449594cba7ea3683e3,1901.97,72.61,7.918710684,54000,54000
dedf6ab9ddd71d0784d41c70a9178d134a4a38a9,2717.46,104.02,11.352176277,54000,54000
342e6a0db5768642e8d3dd1c212384e0020403f7,2701.18,103.48,11.283758739,54000,54000
f2128717794737bb644e6e186de50b109d2c7349,3007.37,115.17,12.563418619,54000,54000
76b391e367645d367a6cdd4b48b107bcc2ee9ae1,2112.25,80.29,8.813854094,54000,53000
2b3576b460afbfa1ee4081cd3adecc6d18616b78,3170.77,120.30,13.294768096,54000,54000
2c7c04744c048e62bfa505dbb858a9458c193c03,2266.33,87.19,9.455930561,54000,54000
dec21ef066af58e694b48ff483079f346ba5c217,2141.06,82.51,8.914564079,54000,53000
b60c480804bb00b8e2ab5821d30f93fd1a07f063,2227.22,85.46,9.276548739,54000,54000
e10e04da6c7d93daf5f74d449594cba7ea3683e3,1871.67,71.61,7.812840447,54000,54000
dedf6ab9ddd71d0784d41c70a9178d134a4a38a9,2824.67,108.53,11.821560697,54000,54000
342e6a0db5768642e8d3dd1c212384e0020403f7,2757.95,106.17,11.539666777,54000,54000
f2128717794737bb644e6e186de50b109d2c7349,3002.68,115.38,12.569015643,54000,54000
76b391e367645d367a6cdd4b48b107bcc2ee9ae1,2021.09,76.95,8.438026980,54000,54000
2b3576b460afbfa1ee4081cd3adecc6d18616b78,3343.84,127.29,14.034288614,54000,54000
2c7c04744c048e62bfa505dbb858a9458c193c03,2099.92,80.53,8.748784963,54000,54000
dec21ef066af58e694b48ff483079f346ba5c217,2107.34,81.32,8.789938238,54000,54000
b60c480804bb00b8e2ab5821d30f93fd1a07f063,2261.81,86.75,9.439514145,54000,54000
e10e04da6c7d93daf5f74d449594cba7ea3683e3,1883.99,71.98,7.853509382,54000,54000
dedf6ab9ddd71d0784d41c70a9178d134a4a38a9,2823.55,108.70,11.815369086,54000,54000
342e6a0db5768642e8d3dd1c212384e0020403f7,2744.79,105.55,11.475670838,54000,54000
f2128717794737bb644e6e186de50b109d2c7349,3057.02,117.49,12.781838134,54000,53000
76b391e367645d367a6cdd4b48b107bcc2ee9ae1,2025.56,77.53,8.451106444,53000,54000
2b3576b460afbfa1ee4081cd3adecc6d18616b78,3177.82,121.30,13.335934392,54000,54000
2c7c04744c048e62bfa505dbb858a9458c193c03,2332.69,89.95,9.746748841,54000,54000
dec21ef066af58e694b48ff483079f346ba5c217,2192.76,84.29,9.140944038,53000,54000
b60c480804bb00b8e2ab5821d30f93fd1a07f063,2228.68,85.13,9.292484867,54000,54000
e10e04da6c7d93daf5f74d449594cba7ea3683e3,1974.92,75.83,8.209947363,54000,54000
dedf6ab9ddd71d0784d41c70a9178d134a4a38a9,2843.52,109.24,11.893216171,54000,54000
342e6a0db5768642e8d3dd1c212384e0020403f7,2764.90,106.08,11.568961009,54000,54000
f2128717794737bb644e6e186de50b109d2c7349,3124.42,120.07,13.043297169,54000,54000
76b391e367645d367a6cdd4b48b107bcc2ee9ae1,2023.86,77.16,8.441438601,54000,54000
2b3576b460afbfa1ee4081cd3adecc6d18616b78,3385.21,128.91,14.213250008,53000,54000
2c7c04744c048e62bfa505dbb858a9458c193c03,2209.49,84.57,9.216430321,54000,53000
dec21ef066af58e694b48ff483079f346ba5c217,2254.87,86.50,9.389155072,54000,54000
b60c480804bb00b8e2ab5821d30f93fd1a07f063,2231.93,85.47,9.319714794,54000,54000
e10e04da6c7d93daf5f74d449594cba7ea3683e3,1919.31,73.58,7.993945583,53000,54000
dedf6ab9ddd71d0784d41c70a9178d134a4a38a9,2843.94,109.04,11.884481654,54000,54000
342e6a0db5768642e8d3dd1c212384e0020403f7,2716.83,104.74,11.348232516,54000,53000
f2128717794737bb644e6e186de50b109d2c7349,3112.94,119.88,13.010865342,53000,53000
76b391e367645d367a6cdd4b48b107bcc2ee9ae1,2008.32,76.81,8.387496781,53000,54000
2b3576b460afbfa1ee4081cd3adecc6d18616b78,3255.95,123.86,13.668907837,54000,54000
2c7c04744c048e62bfa505dbb858a9458c193c03,2124.09,81.82,8.856582729,54000,54000
dec21ef066af58e694b48ff483079f346ba5c217,2140.64,81.86,8.934524660,54000,54000
b60c480804bb00b8e2ab5821d30f93fd1a07f063,2228.70,85.25,9.296577258,54000,54000
e10e04da6c7d93daf5f74d449594cba7ea3683e3,1893.26,72.67,7.888866872,54000,54000
dedf6ab9ddd71d0784d41c70a9178d134a4a38a9,2798.01,107.11,11.694107220,54000,54000
342e6a0db5768642e8d3dd1c212384e0020403f7,2769.73,106.06,11.608632921,54000,54000
f2128717794737bb644e6e186de50b109d2c7349,3100.98,119.02,12.964154387,54000,54000
76b391e367645d367a6cdd4b48b107bcc2ee9ae1,2043.00,78.03,8.526855508,54000,54000
2b3576b460afbfa1ee4081cd3adecc6d18616b78,3290.70,125.68,13.812929898,54000,53000
2c7c04744c048e62bfa505dbb858a9458c193c03,2143.14,82.14,8.941242110,53000,54000
dec21ef066af58e694b48ff483079f346ba5c217,2237.60,86.28,9.340239905,54000,54000
b60c480804bb00b8e2ab5821d30f93fd1a07f063,2231.90,85.89,9.318191718,54000,54000
e10e04da6c7d93daf5f74d449594cba7ea3683e3,1976.77,75.90,8.230820223,54000,54000
dedf6ab9ddd71d0784d41c70a9178d134a4a38a9,3077.16,118.19,12.891238623,54000,54000
342e6a0db5768642e8d3dd1c212384e0020403f7,2709.36,103.88,11.342194497,54000,54000
f2128717794737bb644e6e186de50b109d2c7349,3005.14,115.40,12.581877754,54000,54000
76b391e367645d367a6cdd4b48b107bcc2ee9ae1,1996.52,76.24,8.352486008,54000,54000
2b3576b460afbfa1ee4081cd3adecc6d18616b78,3081.30,117.47,12.930775358,53000,54000
2c7c04744c048e62bfa505dbb858a9458c193c03,2249.09,86.78,9.400108267,54000,54000
dec21ef066af58e694b48ff483079f346ba5c217,2232.29,86.16,9.342024877,54000,54000
b60c480804bb00b8e2ab5821d30f93fd1a07f063,2249.69,86.65,9.397479037,54000,54000
e10e04da6c7d93daf5f74d449594cba7ea3683e3,1946.54,74.82,8.133343783,54000,54000
dedf6ab9ddd71d0784d41c70a9178d134a4a38a9,2859.29,109.75,11.979747415,54000,54000
342e6a0db5768642e8d3dd1c212384e0020403f7,2774.33,106.62,11.639169528,53000,54000
f2128717794737bb644e6e186de50b109d2c7349,2955.48,113.56,12.381229651,54000,54000
76b391e367645d367a6cdd4b48b107bcc2ee9ae1,2137.65,81.85,8.928601094,53000,54000
2b3576b460afbfa1ee4081cd3adecc6d18616b78,3267.78,124.08,13.749087388,54000,54000
2c7c04744c048e62bfa505dbb858a9458c193c03,2116.25,81.04,8.836328915,53000,54000
dec21ef066af58e694b48ff483079f346ba5c217,2122.68,81.71,8.861458046,54000,53000
b60c480804bb00b8e2ab5821d30f93fd1a07f063,2253.51,87.09,9.406190853,53000,54000
e10e04da6c7d93daf5f74d449594cba7ea3683e3,1928.05,73.83,8.044444130,53000,53000
dedf6ab9ddd71d0784d41c70a9178d134a4a38a9,2896.96,111.53,12.103041438,54000,54000
342e6a0db5768642e8d3dd1c212384e0020403f7,2778.14,106.61,11.614254938,54000,54000
f2128717794737bb644e6e186de50b109d2c7349,3087.44,118.70,12.919085894,54000,54000
76b391e367645d367a6cdd4b48b107bcc2ee9ae1,2013.42,77.10,8.394797701,54000,54000
2b3576b460afbfa1ee4081cd3adecc6d18616b78,3308.28,126.12,13.879795431,54000,54000
2c7c04744c048e62bfa505dbb858a9458c193c03,2193.53,84.00,9.141901522,54000,54000
dec21ef066af58e694b48ff483079f346ba5c217,2126.51,81.74,8.865075820,53000,54000
b60c480804bb00b8e2ab5821d30f93fd1a07f063,2186.05,83.59,9.107866769,54000,54000
e10e04da6c7d93daf5f74d449594cba7ea3683e3,1926.79,73.71,8.017151797,54000,54000
dedf6ab9ddd71d0784d41c70a9178d134a4a38a9,2906.95,111.21,12.154380200,54000,54000
342e6a0db5768642e8d3dd1c212384e0020403f7,2711.88,104.03,11.342719357,54000,54000
f2128717794737bb644e6e186de50b109d2c7349,3004.68,115.37,12.571343223,54000,54000
76b391e367645d367a6cdd4b48b107bcc2ee9ae1,2039.00,77.85,8.503302303,54000,54000
2c290436e25a69c66621c8b97eccec75b9e3ec63,2972.29,114.54,12.488613695,55000,54000
d55469aa637a3fea7d2a8a7a6291f6ca1774df4f,2011.41,77.13,8.425222816,54000,54000
4a4602387d08458c463be57a26e74dc91d58e218,2237.85,86.12,9.383825018,54000,54000
f241ab986664fbf1c38508d5890a9f754511aff2,2286.86,88.18,9.579715827,54000,54000
5ee376bc5bbe6a4f66eb24e2180552b547b8a4bf,3187.20,121.45,13.433978000,54000,55000
6a19564ba328d5dd866d82cac25ad95b7082a7c5,2296.34,88.17,9.590523285,55000,55000
2cc74b6f926ce800674b49fc0628fddd4b780b4f,3312.19,126.91,13.919132414,54000,55000
b731fd772bb4c313e6582e1bd3e6298cd8ccec19,3286.84,124.74,13.854708101,54000,54000
37043421d95508823b888c6ddabd45deab62c496,1976.22,75.62,8.269069885,54000,55000
2c290436e25a69c66621c8b97eccec75b9e3ec63,2959.30,113.84,12.406286454,54000,55000
d55469aa637a3fea7d2a8a7a6291f6ca1774df4f,1983.77,74.85,8.304422099,55000,55000
4a4602387d08458c463be57a26e74dc91d58e218,2057.59,78.91,8.609770558,54000,54000
f241ab986664fbf1c38508d5890a9f754511aff2,2356.15,90.26,9.865760456,55000,54000
5ee376bc5bbe6a4f66eb24e2180552b547b8a4bf,3235.65,123.39,13.613419765,54000,54000
6a19564ba328d5dd866d82cac25ad95b7082a7c5,2289.67,88.28,9.574355754,54000,54000
2cc74b6f926ce800674b49fc0628fddd4b780b4f,3392.21,129.85,14.245292088,55000,54000
b731fd772bb4c313e6582e1bd3e6298cd8ccec19,3339.74,127.11,14.077595483,55000,54000
37043421d95508823b888c6ddabd45deab62c496,1985.20,75.76,8.307971952,54000,55000
2c290436e25a69c66621c8b97eccec75b9e3ec63,2985.01,114.50,12.510501124,54000,54000
d55469aa637a3fea7d2a8a7a6291f6ca1774df4f,2042.63,78.88,8.529401994,54000,54000
4a4602387d08458c463be57a26e74dc91d58e218,2199.09,84.72,9.179766975,54000,54000
f241ab986664fbf1c38508d5890a9f754511aff2,2238.95,85.75,9.352621536,54000,54000
5ee376bc5bbe6a4f66eb24e2180552b547b8a4bf,3444.33,131.04,14.492720570,54000,55000
6a19564ba328d5dd866d82cac25ad95b7082a7c5,2288.66,88.19,9.561609559,55000,54000
2cc74b6f926ce800674b49fc0628fddd4b780b4f,3327.76,127.16,13.957869024,54000,54000
b731fd772bb4c313e6582e1bd3e6298cd8ccec19,3390.57,128.57,14.282009033,54000,54000
37043421d95508823b888c6ddabd45deab62c496,1992.10,75.74,8.340293122,54000,54000
2c290436e25a69c66621c8b97eccec75b9e3ec63,2981.72,114.41,12.486341613,54000,54000
d55469aa637a3fea7d2a8a7a6291f6ca1774df4f,1999.52,75.99,8.361157991,54000,54000
4a4602387d08458c463be57a26e74dc91d58e218,2119.54,81.22,8.861856215,55000,55000
f241ab986664fbf1c38508d5890a9f754511aff2,2361.90,90.44,9.888031919,54000,54000
5ee376bc5bbe6a4f66eb24e2180552b547b8a4bf,3240.62,122.82,13.657006117,54000,55000
6a19564ba328d5dd866d82cac25ad95b7082a7c5,2272.45,87.24,9.514042575,54000,54000
2cc74b6f926ce800674b49fc0628fddd4b780b4f,3337.46,126.88,14.026564379,55000,54000
b731fd772bb4c313e6582e1bd3e6298cd8ccec19,3149.43,119.85,13.265064130,54000,54000
37043421d95508823b888c6ddabd45deab62c496,1983.25,76.15,8.301857951,55000,54000
2c290436e25a69c66621c8b97eccec75b9e3ec63,2929.42,112.75,12.290799395,54000,54000
d55469aa637a3fea7d2a8a7a6291f6ca1774df4f,2065.64,79.19,8.653371558,54000,54000
4a4602387d08458c463be57a26e74dc91d58e218,2112.18,81.35,8.838326045,54000,54000
f241ab986664fbf1c38508d5890a9f754511aff2,2269.90,87.36,9.515905474,54000,54000
5ee376bc5bbe6a4f66eb24e2180552b547b8a4bf,3182.52,121.81,13.398019442,54000,54000
6a19564ba328d5dd866d82cac25ad95b7082a7c5,2307.75,88.65,9.634254269,54000,53000
2cc74b6f926ce800674b49fc0628fddd4b780b4f,3478.66,133.12,14.609283229,54000,54000
b731fd772bb4c313e6582e1bd3e6298cd8ccec19,3293.35,125.36,13.889351423,54000,54000
37043421d95508823b888c6ddabd45deab62c496,1995.80,76.52,8.355169469,54000,54000
2c290436e25a69c66621c8b97eccec75b9e3ec63,2842.25,109.43,11.923079976,54000,54000
d55469aa637a3fea7d2a8a7a6291f6ca1774df4f,2119.13,81.12,8.863868749,55000,55000
4a4602387d08458c463be57a26e74dc91d58e218,2178.31,83.87,9.105482577,55000,53000
f241ab986664fbf1c38508d5890a9f754511aff2,2271.21,87.20,9.493982468,54000,54000
5ee376bc5bbe6a4f66eb24e2180552b547b8a4bf,3287.30,125.14,13.838781145,54000,54000
6a19564ba328d5dd866d82cac25ad95b7082a7c5,2297.18,88.01,9.591459171,54000,54000
2cc74b6f926ce800674b49fc0628fddd4b780b4f,3419.22,130.79,14.343114815,54000,54000
b731fd772bb4c313e6582e1bd3e6298cd8ccec19,3207.51,122.27,13.471296142,54000,54000
37043421d95508823b888c6ddabd45deab62c496,1966.07,75.07,8.220323082,54000,54000
2c290436e25a69c66621c8b97eccec75b9e3ec63,2920.60,111.90,12.223982461,55000,54000
d55469aa637a3fea7d2a8a7a6291f6ca1774df4f,1980.49,75.70,8.282324587,54000,54000
4a4602387d08458c463be57a26e74dc91d58e218,2310.79,88.93,9.646719442,54000,54000
f241ab986664fbf1c38508d5890a9f754511aff2,2299.36,88.24,9.598614619,54000,54000
5ee376bc5bbe6a4f66eb24e2180552b547b8a4bf,3252.84,123.84,13.668152048,54000,54000
6a19564ba328d5dd866d82cac25ad95b7082a7c5,2373.26,90.88,9.911228694,54000,55000
2cc74b6f926ce800674b49fc0628fddd4b780b4f,3450.06,131.78,14.480735339,54000,54000
b731fd772bb4c313e6582e1bd3e6298cd8ccec19,3194.01,121.06,13.405293558,54000,54000
37043421d95508823b888c6ddabd45deab62c496,1989.50,76.15,8.302337299,54000,54000
2c290436e25a69c66621c8b97eccec75b9e3ec63,3003.30,115.57,12.585520092,54000,54000
d55469aa637a3fea7d2a8a7a6291f6ca1774df4f,1990.06,75.98,8.321534948,54000,54000
4a4602387d08458c463be57a26e74dc91d58e218,2147.66,82.53,9.002518504,54000,54000
f241ab986664fbf1c38508d5890a9f754511aff2,2311.65,88.86,9.663292605,54000,54000
5ee376bc5bbe6a4f66eb24e2180552b547b8a4bf,3249.92,123.77,13.678685882,54000,54000
6a19564ba328d5dd866d82cac25ad95b7082a7c5,2453.09,94.02,10.238614375,54000,54000
2cc74b6f926ce800674b49fc0628fddd4b780b4f,3380.85,129.10,14.158499016,54000,54000
b731fd772bb4c313e6582e1bd3e6298cd8ccec19,3201.73,121.85,13.470007074,54000,54000
37043421d95508823b888c6ddabd45deab62c496,1982.47,76.20,8.294769345,54000,54000
2c290436e25a69c66621c8b97eccec75b9e3ec63,2914.01,112.12,12.222754322,54000,54000
d55469aa637a3fea7d2a8a7a6291f6ca1774df4f,1977.58,75.61,8.265003264,53000,54000
4a4602387d08458c463be57a26e74dc91d58e218,2234.44,85.70,9.349857499,54000,54000
f241ab986664fbf1c38508d5890a9f754511aff2,2320.58,89.54,9.679700173,54000,54000
5ee376bc5bbe6a4f66eb24e2180552b547b8a4bf,3180.79,120.60,13.350951271,54000,54000
6a19564ba328d5dd866d82cac25ad95b7082a7c5,2341.90,89.93,9.760757699,54000,53000
2cc74b6f926ce800674b49fc0628fddd4b780b4f,3421.97,130.47,14.336394750,55000,54000
b731fd772bb4c313e6582e1bd3e6298cd8ccec19,3337.62,126.77,14.019340077,55000,54000
37043421d95508823b888c6ddabd45deab62c496,1990.49,75.94,8.316833345,54000,54000
2c290436e25a69c66621c8b97eccec75b9e3ec63,2931.61,112.58,12.276685199,54000,54000
d55469aa637a3fea7d2a8a7a6291f6ca1774df4f,2152.52,82.34,9.002058105,54000,54000
4a4602387d08458c463be57a26e74dc91d58e218,2248.04,86.53,9.388552875,54000,54000
f241ab986664fbf1c38508d5890a9f754511aff2,2293.75,88.06,9.566295999,54000,54000
5ee376bc5bbe6a4f66eb24e2180552b547b8a4bf,3296.68,125.41,13.840087560,54000,54000
6a19564ba328d5dd866d82cac25ad95b7082a7c5,2380.60,91.18,9.931968949,54000,54000
2cc74b6f926ce800674b49fc0628fddd4b780b4f,3472.71,132.31,14.549827342,54000,54000
b731fd772bb4c313e6582e1bd3e6298cd8ccec19,3202.05,121.23,13.434648341,54000,54000
37043421d95508823b888c6ddabd45deab62c496,1977.81,75.54,8.254183781,54000,54000
2c290436e25a69c66621c8b97eccec75b9e3ec63,2917.71,111.93,12.213326372,54000,54000
d55469aa637a3fea7d2a8a7a6291f6ca1774df4f,2034.87,78.04,8.489606760,54000,54000
4a4602387d08458c463be57a26e74dc91d58e218,2166.10,83.30,9.056943500,54000,54000
f241ab986664fbf1c38508d5890a9f754511aff2,2319.27,88.93,9.689735264,53000,54000
5ee376bc5bbe6a4f66eb24e2180552b547b8a4bf,3206.19,121.86,13.461401862,54000,54000
6a19564ba328d5dd866d82cac25ad95b7082a7c5,2483.39,95.19,10.377402123,54000,54000
2cc74b6f926ce800674b49fc0628fddd4b780b4f,3592.81,137.13,15.073537930,54000,54000
b731fd772bb4c313e6582e1bd3e6298cd8ccec19,3401.08,129.13,14.304379020,54000,54000
37043421d95508823b888c6ddabd45deab62c496,1970.27,75.47,8.231871340,54000,53000
2c290436e25a69c66621c8b97eccec75b9e3ec63,2928.60,112.29,12.262855416,54000,54000
d55469aa637a3fea7d2a8a7a6291f6ca1774df4f,2074.43,79.18,8.658377229,54000,54000
4a4602387d08458c463be57a26e74dc91d58e218,2369.96,91.27,9.884843063,54000,54000
f241ab986664fbf1c38508d5890a9f754511aff2,2396.40,91.46,10.016340151,54000,54000
5ee376bc5bbe6a4f66eb24e2180552b547b8a4bf,3212.62,121.69,13.481532842,53000,54000
6a19564ba328d5dd866d82cac25ad95b7082a7c5,2277.64,86.84,9.499757171,54000,54000
2cc74b6f926ce800674b49fc0628fddd4b780b4f,3336.80,126.92,13.967273900,54000,54000
b731fd772bb4c313e6582e1bd3e6298cd8ccec19,3282.79,124.02,13.804161891,54000,54000
37043421d95508823b888c6ddabd45deab62c496,2040.89,78.09,8.524132609,54000,54000
2c290436e25a69c66621c8b97eccec75b9e3ec63,2913.51,111.43,12.182942168,54000,54000
d55469aa637a3fea7d2a8a7a6291f6ca1774df4f,1986.27,75.82,8.298862437,54000,54000
4a4602387d08458c463be57a26e74dc91d58e218,2116.35,80.96,8.834046888,54000,54000
f241ab986664fbf1c38508d5890a9f754511aff2,2298.49,87.73,9.585031134,54000,54000
5ee376bc5bbe6a4f66eb24e2180552b547b8a4bf,3359.74,127.41,14.129163803,54000,54000
6a19564ba328d5dd866d82cac25ad95b7082a7c5,2273.33,87.42,9.491715334,54000,54000
2cc74b6f926ce800674b49fc0628fddd4b780b4f,3481.23,132.76,14.587804115,54000,54000
b731fd772bb4c313e6582e1bd3e6298cd8ccec19,3123.10,118.70,13.090273531,54000,54000
37043421d95508823b888c6ddabd45deab62c496,1992.38,76.00,8.316489008,54000,54000
2c290436e25a69c66621c8b97eccec75b9e3ec63,2973.50,113.89,12.436402092,54000,54000
d55469aa637a3fea7d2a8a7a6291f6ca1774df4f,2024.06,77.10,8.458506193,55000,54000
4a4602387d08458c463be57a26e74dc91d58e218,2265.55,86.53,9.465246937,54000,54000
f241ab986664fbf1c38508d5890a9f754511aff2,2301.82,88.06,9.618569185,54000,54000
5ee376bc5bbe6a4f66eb24e2180552b547b8a4bf,3332.01,125.78,13.996610797,54000,54000
6a19564ba328d5dd866d82cac25ad95b7082a7c5,2335.47,89.15,9.737747989,54000,54000
2cc74b6f926ce800674b49fc0628fddd4b780b4f,3546.61,134.81,14.883765018,54000,54000
b731fd772bb4c313e6582e1bd3e6298cd8ccec19,3190.51,120.81,13.395481191,54000,54000
37043421d95508823b888c6ddabd45deab62c496,1939.61,73.92,8.100680531,54000,54000
2c290436e25a69c66621c8b97eccec75b9e3ec63,2922.66,111.69,12.241861026,54000,54000
d55469aa637a3fea7d2a8a7a6291f6ca1774df4f,1996.15,76.09,8.357699982,53000,53000
4a4602387d08458c463be57a26e74dc91d58e218,2099.82,80.59,8.778932578,53000,54000
f241ab986664fbf1c38508d5890a9f754511aff2,2292.76,87.45,9.579441016,54000,54000
5ee376bc5bbe6a4f66eb24e2180552b547b8a4bf,3282.86,125.05,13.792550393,54000,54000
6a19564ba328d5dd866d82cac25ad95b7082a7c5,2308.51,88.70,9.628986922,54000,54000
2cc74b6f926ce800674b49fc0628fddd4b780b4f,3295.38,126.07,13.811050983,54000,54000
b731fd772bb4c313e6582e1bd3e6298cd8ccec19,3150.65,119.84,13.235076816,53000,54000
37043421d95508823b888c6ddabd45deab62c496,1967.29,75.34,8.222553048,54000,54000
2c290436e25a69c66621c8b97eccec75b9e3ec63,2970.64,114.13,12.450042610,54000,54000
d55469aa637a3fea7d2a8a7a6291f6ca1774df4f,1986.43,75.64,8.305286509,54000,54000
4a4602387d08458c463be57a26e74dc91d58e218,2067.61,79.45,8.627474396,54000,54000
f241ab986664fbf1c38508d5890a9f754511aff2,2294.26,87.90,9.590164337,54000,54000
5ee376bc5bbe6a4f66eb24e2180552b547b8a4bf,3249.86,123.53,13.661413300,54000,55000
6a19564ba328d5dd866d82cac25ad95b7082a7c5,2396.63,92.09,10.022033749,54000,54000
2cc74b6f926ce800674b49fc0628fddd4b780b4f,3301.81,126.15,13.839998768,54000,54000
b731fd772bb4c313e6582e1bd3e6298cd8ccec19,3209.83,121.82,13.492646981,54000,54000
37043421d95508823b888c6ddabd45deab62c496,1974.20,75.30,8.246820036,54000,54000
2c290436e25a69c66621c8b97eccec75b9e3ec63,2948.60,113.23,12.359692026,54000,54000
d55469aa637a3fea7d2a8a7a6291f6ca1774df4f,2037.45,78.08,8.514348973,54000,54000
4a4602387d08458c463be57a26e74dc91d58e218,2183.70,83.91,9.109582053,54000,54000
f241ab986664fbf1c38508d5890a9f754511aff2,2304.84,88.43,9.628204135,54000,54000
5ee376bc5bbe6a4f66eb24e2180552b547b8a4bf,3219.84,122.74,13.512862625,54000,55000
6a19564ba328d5dd866d82cac25ad95b7082a7c5,2310.48,88.89,9.633346633,54000,54000
2cc74b6f926ce800674b49fc0628fddd4b780b4f,3514.19,133.93,14.724453524,54000,55000
b731fd772bb4c313e6582e1bd3e6298cd8ccec19,3442.73,130.78,14.467009028,54000,54000
37043421d95508823b888c6ddabd45deab62c496,1977.16,75.57,8.247890855,54000,54000
2c290436e25a69c66621c8b97eccec75b9e3ec63,2961.51,113.81,12.413475420,54000,54000
d55469aa637a3fea7d2a8a7a6291f6ca1774df4f,2157.57,82.32,9.007822227,55000,54000
4a4602387d08458c463be57a26e74dc91d58e218,2330.07,89.69,9.727099112,54000,54000
f241ab986664fbf1c38508d5890a9f754511aff2,2267.22,86.83,9.496365724,54000,54000
5ee376bc5bbe6a4f66eb24e2180552b547b8a4bf,3303.53,125.51,13.885995101,54000,55000
6a19564ba328d5dd866d82cac25ad95b7082a7c5,2267.08,86.91,9.481041012,54000,54000
2cc74b6f926ce800674b49fc0628fddd4b780b4f,3568.62,136.26,14.984900584,54000,54000
b731fd772bb4c313e6582e1bd3e6298cd8ccec19,3403.22,129.30,14.332074158,54000,54000
37043421d95508823b888c6ddabd45deab62c496,2028.29,77.80,8.474048784,54000,54000
2c290436e25a69c66621c8b97eccec75b9e3ec63,2895.83,111.05,12.128692568,54000,54000
d55469aa637a3fea7d2a8a7a6291f6ca1774df4f,2022.62,76.95,8.456089662,53000,54000
4a4602387d08458c463be57a26e74dc91d58e218,2126.18,81.70,8.886433748,54000,54000
f241ab986664fbf1c38508d5890a9f754511aff2,2492.55,95.52,10.441788152,54000,54000
5ee376bc5bbe6a4f66eb24e2180552b547b8a4bf,3146.14,119.37,13.232164979,54000,54000
6a19564ba328d5dd866d82cac25ad95b7082a7c5,2438.61,93.31,10.208516002,54000,54000
2cc74b6f926ce800674b49fc0628fddd4b780b4f,3313.40,126.67,13.905265054,55000,54000
b731fd772bb4c313e6582e1bd3e6298cd8ccec19,3380.90,128.53,14.259285200,54000,54000
37043421d95508823b888c6ddabd45deab62c496,2020.43,77.58,8.446844052,54000,54000
2c290436e25a69c66621c8b97eccec75b9e3ec63,2930.41,112.15,12.282492368,54000,54000
d55469aa637a3fea7d2a8a7a6291f6ca1774df4f,2029.40,77.60,8.487080822,53000,54000
4a4602387d08458c463be57a26e74dc91d58e218,2237.40,85.66,9.370961908,54000,54000
f241ab986664fbf1c38508d5890a9f754511aff2,2282.92,87.77,9.546483034,54000,53000
5ee376bc5bbe6a4f66eb24e2180552b547b8a4bf,3167.82,120.35,13.321889090,54000,54000
6a19564ba328d5dd866d82cac25ad95b7082a7c5,2279.50,87.84,9.527922444,54000,54000
2cc74b6f926ce800674b49fc0628fddd4b780b4f,3347.33,127.58,14.045462480,54000,54000
b731fd772bb4c313e6582e1bd3e6298cd8ccec19,3361.81,127.45,14.167744599,54000,54000
37043421d95508823b888c6ddabd45deab62c496,1967.79,75.01,8.234828350,53000,54000
2c290436e25a69c66621c8b97eccec75b9e3ec63,3001.60,115.22,12.555675004,54000,54000
d55469aa637a3fea7d2a8a7a6291f6ca1774df4f,2035.78,77.87,8.499626287,54000,54000
4a4602387d08458c463be57a26e74dc91d58e218,2271.96,87.20,9.495776720,55000,53000
f241ab986664fbf1c38508d5890a9f754511aff2,2278.70,87.60,9.512070141,54000,54000
5ee376bc5bbe6a4f66eb24e2180552b547b8a4bf,3266.32,124.11,13.711230661,54000,54000
6a19564ba328d5dd866d82cac25ad95b7082a7c5,2322.73,88.70,9.717386600,54000,54000
2cc74b6f926ce800674b49fc0628fddd4b780b4f,3456.03,132.12,14.492328138,54000,54000
b731fd772bb4c313e6582e1bd3e6298cd8ccec19,3223.90,122.32,13.565072387,54000,53000
37043421d95508823b888c6ddabd45deab62c496,1982.84,75.76,8.274634751,54000,54000
2c290436e25a69c66621c8b97eccec75b9e3ec63,3025.14,115.97,12.665671347,54000,54000
d55469aa637a3fea7d2a8a7a6291f6ca1774df4f,1998.18,76.10,8.363425778,54000,54000
4a4602387d08458c463be57a26e74dc91d58e218,2361.34,90.86,9.849459340,54000,54000
f241ab986664fbf1c38508d5890a9f754511aff2,2306.58,88.13,9.646870105,54000,53000
5ee376bc5bbe6a4f66eb24e2180552b547b8a4bf,3302.06,125.90,13.881370738,54000,54000
6a19564ba328d5dd866d82cac25ad95b7082a7c5,2364.06,90.91,9.873601682,54000,54000
2cc74b6f926ce800674b49fc0628fddd4b780b4f,3573.77,136.27,14.992158652,54000,54000
b731fd772bb4c313e6582e1bd3e6298cd8ccec19,3350.36,127.23,14.094634580,54000,54000
37043421d95508823b888c6ddabd45deab62c496,1969.44,75.19,8.233455292,54000,54000
2c290436e25a69c66621c8b97eccec75b9e3ec63,2896.33,111.24,12.120548189,54000,54000
d55469aa637a3fea7d2a8a7a6291f6ca1774df4f,2003.10,76.29,8.367503809,54000,54000
4a4602387d08458c463be57a26e74dc91d58e218,2189.23,84.08,9.138237631,54000,54000
f241ab986664fbf1c38508d5890a9f754511aff2,2442.91,93.35,10.208572615,54000,54000
5ee376bc5bbe6a4f66eb24e2180552b547b8a4bf,3410.10,129.57,14.352942591,54000,54000
6a19564ba328d5dd866d82cac25ad95b7082a7c5,2235.18,85.51,9.333134396,54000,54000
2cc74b6f926ce800674b49fc0628fddd4b780b4f,3372.33,128.85,14.121956285,55000,54000
b731fd772bb4c313e6582e1bd3e6298cd8ccec19,3320.25,125.79,13.952364525,54000,55000
37043421d95508823b888c6ddabd45deab62c496,2005.10,76.47,8.388582259,54000,54000
2c290436e25a69c66621c8b97eccec75b9e3ec63,2998.82,115.17,12.561437419,54000,54000
d55469aa637a3fea7d2a8a7a6291f6ca1774df4f,2067.77,79.22,8.630385649,54000,54000
4a4602387d08458c463be57a26e74dc91d58e218,2254.06,86.68,9.420320418,55000,54000
f241ab986664fbf1c38508d5890a9f754511aff2,2304.78,88.11,9.627617636,54000,54000
5ee376bc5bbe6a4f66eb24e2180552b547b8a4bf,3054.64,116.60,12.833457747,54000,54000
6a19564ba328d5dd866d82cac25ad95b7082a7c5,2299.82,88.34,9.598964390,54000,55000
2cc74b6f926ce800674b49fc0628fddd4b780b4f,3494.46,133.32,14.646647825,54000,54000
b731fd772bb4c313e6582e1bd3e6298cd8ccec19,3219.25,122.24,13.521541630,53000,54000
37043421d95508823b888c6ddabd45deab62c496,1998.14,76.33,8.345245676,54000,54000
2c290436e25a69c66621c8b97eccec75b9e3ec63,2999.89,115.19,12.567276824,54000,54000
d55469aa637a3fea7d2a8a7a6291f6ca1774df4f,2036.70,77.74,8.501489176,54000,53000
4a4602387d08458c463be57a26e74dc91d58e218,2154.50,83.22,8.977244972,54000,54000
f241ab986664fbf1c38508d5890a9f754511aff2,2245.06,85.53,9.379920461,54000,54000
5ee376bc5bbe6a4f66eb24e2180552b547b8a4bf,3422.00,129.98,14.377062009,53000,54000
6a19564ba328d5dd866d82cac25ad95b7082a7c5,2314.47,88.87,9.673663737,54000,54000
2cc74b6f926ce800674b49fc0628fddd4b780b4f,3547.77,135.41,14.864778125,54000,54000
b731fd772bb4c313e6582e1bd3e6298cd8ccec19,3300.34,125.55,13.853015309,54000,54000
37043421d95508823b888c6ddabd45deab62c496,1980.16,75.62,8.270061407,54000,54000
2c290436e25a69c66621c8b97eccec75b9e3ec63,2925.94,112.03,12.242962050,54000,54000
d55469aa637a3fea7d2a8a7a6291f6ca1774df4f,2006.89,76.15,8.397274750,54000,54000
4a4602387d08458c463be57a26e74dc91d58e218,2155.56,82.40,9.015091044,54000,54000
f241ab986664fbf1c38508d5890a9f754511aff2,2310.21,88.81,9.662672978,54000,54000
5ee376bc5bbe6a4f66eb24e2180552b547b8a4bf,3401.40,129.23,14.329516230,54000,54000
6a19564ba328d5dd866d82cac25ad95b7082a7c5,2347.11,89.92,9.822101364,54000,53000
2cc74b6f926ce800674b49fc0628fddd4b780b4f,3287.06,124.96,13.807401314,54000,54000
b731fd772bb4c313e6582e1bd3e6298cd8ccec19,3243.29,123.23,13.659066683,54000,54000
37043421d95508823b888c6ddabd45deab62c496,2043.72,78.35,8.546599368,54000,54000
2c290436e25a69c66621c8b97eccec75b9e3ec63,2991.12,114.98,12.547299390,54000,54000
d55469aa637a3fea7d2a8a7a6291f6ca1774df4f,2028.34,77.82,8.482607617,54000,54000
4a4602387d08458c463be57a26e74dc91d58e218,2171.58,83.95,9.069108106,54000,54000
f241ab986664fbf1c38508d5890a9f754511aff2,2292.83,88.01,9.580941743,54000,54000
5ee376bc5bbe6a4f66eb24e2180552b547b8a4bf,3237.34,122.98,13.625213421,54000,54000
6a19564ba328d5dd866d82cac25ad95b7082a7c5,2289.35,87.72,9.566636734,54000,54000
2cc74b6f926ce800674b49fc0628fddd4b780b4f,3483.53,133.14,14.623421999,54000,54000
b731fd772bb4c313e6582e1bd3e6298cd8ccec19,3239.07,123.08,13.626907598,54000,54000
37043421d95508823b888c6ddabd45deab62c496,2022.91,77.44,8.460259466,54000,54000
2c290436e25a69c66621c8b97eccec75b9e3ec63,2941.80,112.93,12.326129211,54000,54000
d55469aa637a3fea7d2a8a7a6291f6ca1774df4f,2017.78,77.26,8.451638284,54000,54000
4a4602387d08458c463be57a26e74dc91d58e218,2345.96,90.53,9.788836233,54000,53000
f241ab986664fbf1c38508d5890a9f754511aff2,2257.95,86.58,9.450332140,54000,54000
5ee376bc5bbe6a4f66eb24e2180552b547b8a4bf,3240.68,123.69,13.634872405,54000,54000
6a19564ba328d5dd866d82cac25ad95b7082a7c5,2339.34,89.88,9.774434802,54000,54000
2cc74b6f926ce800674b49fc0628fddd4b780b4f,3484.42,133.13,14.626360265,54000,54000
b731fd772bb4c313e6582e1bd3e6298cd8ccec19,3367.82,127.92,14.169021026,54000,54000
37043421d95508823b888c6ddabd45deab62c496,1969.50,75.24,8.223065322,54000,54000
2c290436e25a69c66621c8b97eccec75b9e3ec63,2892.30,110.85,12.098231628,54000,54000
d55469aa637a3fea7d2a8a7a6291f6ca1774df4f,2155.89,82.58,9.003059471,53000,54000
4a4602387d08458c463be57a26e74dc91d58e218,2129.55,81.62,8.897571913,54000,54000
f241ab986664fbf1c38508d5890a9f754511aff2,2296.57,87.64,9.587640586,54000,54000
5ee376bc5bbe6a4f66eb24e2180552b547b8a4bf,3386.42,128.10,14.229606285,54000,54000
6a19564ba328d5dd866d82cac25ad95b7082a7c5,2280.02,87.10,9.501380132,54000,54000
2cc74b6f926ce800674b49fc0628fddd4b780b4f,3354.46,128.44,14.032521270,54000,55000
b731fd772bb4c313e6582e1bd3e6298cd8ccec19,3216.27,121.74,13.508586062,55000,54000
37043421d95508823b888c6ddabd45deab62c496,1968.83,75.13,8.220626049,54000,54000
2c290436e25a69c66621c8b97eccec75b9e3ec63,2979.96,114.30,12.472482258,54000,53000
d55469aa637a3fea7d2a8a7a6291f6ca1774df4f,2001.56,76.10,8.373329215,54000,54000
4a4602387d08458c463be57a26e74dc91d58e218,2262.97,86.74,9.462988110,54000,54000
f241ab986664fbf1c38508d5890a9f754511aff2,2294.70,87.96,9.579364063,54000,54000
5ee376bc5bbe6a4f66eb24e2180552b547b8a4bf,3382.52,128.12,14.220902236,54000,54000
6a19564ba328d5dd866d82cac25ad95b7082a7c5,2277.30,86.85,9.511771552,54000,54000
2cc74b6f926ce800674b49fc0628fddd4b780b4f,3489.14,132.64,14.616699803,55000,53000
b731fd772bb4c313e6582e1bd3e6298cd8ccec19,3330.84,125.86,13.989317350,54000,54000
37043421d95508823b888c6ddabd45deab62c496,1993.48,76.03,8.321560984,54000,54000
de2bfde155891ecbba3ad6065f2145bca6b29e4a,2972.47,114.11,12.487435929,54000,55000
cc90f726cd721ad2c19cbd27997482a5f9b8a7ae,2962.58,113.71,12.428954657,55000,54000
4b733b16a8ac0dd417c1c57db78743a2b13ea1a1,1998.67,76.16,8.379956579,54000,56000
fd55ee80e2857581c6355ad5879c302fc577955a,3199.33,121.57,13.502941059,54000,54000
91b5a56c63a9f8dca761b4cab959977fcd3308fd,3216.41,122.39,13.572852170,54000,55000
2a7918cc48d6625c303ee9d037613b8125bcc346,2391.18,92.03,10.017433269,54000,55000
2594e0762ffbe5fc48dc2abc0a93d37692520fd4,2336.83,89.55,9.786999579,55000,55000
7707efccded0f1cca2efc8ab961f64bc0b204cd4,1952.66,74.71,8.155307136,55000,56000
c32924fbde89766b2b59f45e5820d373559f92d1,1927.29,73.28,8.050620813,54000,55000
ec2d0c4b34f0cc306d61e3b0122307bbf72335c5,3284.10,124.40,13.840664946,55000,54000
de2bfde155891ecbba3ad6065f2145bca6b29e4a,2937.94,112.79,12.340711890,54000,54000
cc90f726cd721ad2c19cbd27997482a5f9b8a7ae,2979.80,114.18,12.517773856,55000,55000
4b733b16a8ac0dd417c1c57db78743a2b13ea1a1,1986.27,75.77,8.308133085,54000,55000
fd55ee80e2857581c6355ad5879c302fc577955a,3283.40,124.61,13.846467927,54000,54000
91b5a56c63a9f8dca761b4cab959977fcd3308fd,3243.00,123.16,13.653476898,55000,54000
2a7918cc48d6625c303ee9d037613b8125bcc346,2294.95,88.21,9.596825466,54000,54000
2594e0762ffbe5fc48dc2abc0a93d37692520fd4,2297.28,88.29,9.610493487,55000,55000
7707efccded0f1cca2efc8ab961f64bc0b204cd4,2027.71,78.09,8.450738760,55000,54000
c32924fbde89766b2b59f45e5820d373559f92d1,1932.17,74.13,8.062755682,55000,54000
ec2d0c4b34f0cc306d61e3b0122307bbf72335c5,3162.33,120.14,13.322339585,54000,54000
de2bfde155891ecbba3ad6065f2145bca6b29e4a,2925.35,112.23,12.266739134,55000,54000
cc90f726cd721ad2c19cbd27997482a5f9b8a7ae,2999.99,115.07,12.583558491,54000,54000
4b733b16a8ac0dd417c1c57db78743a2b13ea1a1,2114.97,80.63,8.845896660,54000,55000
fd55ee80e2857581c6355ad5879c302fc577955a,3261.12,123.80,13.721671197,55000,54000
91b5a56c63a9f8dca761b4cab959977fcd3308fd,3211.91,121.98,13.533083753,54000,54000
2a7918cc48d6625c303ee9d037613b8125bcc346,2290.33,87.66,9.555544707,54000,55000
2594e0762ffbe5fc48dc2abc0a93d37692520fd4,2342.95,89.56,9.802652864,54000,54000
7707efccded0f1cca2efc8ab961f64bc0b204cd4,2016.25,77.41,8.419521955,54000,54000
c32924fbde89766b2b59f45e5820d373559f92d1,1941.28,74.03,8.112512218,55000,54000
ec2d0c4b34f0cc306d61e3b0122307bbf72335c5,3225.01,122.41,13.572216604,54000,54000
de2bfde155891ecbba3ad6065f2145bca6b29e4a,2956.25,113.49,12.396035052,54000,54000
cc90f726cd721ad2c19cbd27997482a5f9b8a7ae,3052.06,117.33,12.802875906,54000,55000
4b733b16a8ac0dd417c1c57db78743a2b13ea1a1,1968.84,75.07,8.245572665,54000,54000
fd55ee80e2857581c6355ad5879c302fc577955a,3342.18,126.44,14.092626060,54000,54000
91b5a56c63a9f8dca761b4cab959977fcd3308fd,3227.20,123.27,13.566719233,55000,54000
2a7918cc48d6625c303ee9d037613b8125bcc346,2307.99,88.83,9.648130635,53000,54000
2594e0762ffbe5fc48dc2abc0a93d37692520fd4,2293.14,87.73,9.582563815,54000,55000
7707efccded0f1cca2efc8ab961f64bc0b204cd4,1975.13,75.51,8.244736719,54000,54000
c32924fbde89766b2b59f45e5820d373559f92d1,1915.89,73.09,8.009479933,54000,54000
ec2d0c4b34f0cc306d61e3b0122307bbf72335c5,3079.87,117.14,12.924959212,54000,54000
de2bfde155891ecbba3ad6065f2145bca6b29e4a,2940.10,112.76,12.306262992,55000,54000
cc90f726cd721ad2c19cbd27997482a5f9b8a7ae,2993.26,114.62,12.530608325,54000,55000
4b733b16a8ac0dd417c1c57db78743a2b13ea1a1,2154.30,82.25,9.004354069,54000,54000
fd55ee80e2857581c6355ad5879c302fc577955a,3196.22,121.23,13.434812266,54000,54000
91b5a56c63a9f8dca761b4cab959977fcd3308fd,3232.18,122.58,13.606891471,55000,54000
2a7918cc48d6625c303ee9d037613b8125bcc346,2246.54,86.04,9.387879354,55000,55000
2594e0762ffbe5fc48dc2abc0a93d37692520fd4,2351.94,90.48,9.830984637,54000,54000
7707efccded0f1cca2efc8ab961f64bc0b204cd4,1993.29,76.57,8.316897040,54000,54000
c32924fbde89766b2b59f45e5820d373559f92d1,1941.72,74.34,8.103929260,54000,54000
ec2d0c4b34f0cc306d61e3b0122307bbf72335c5,3368.53,128.16,14.173478084,54000,54000
de2bfde155891ecbba3ad6065f2145bca6b29e4a,2949.34,113.25,12.359618920,54000,54000
cc90f726cd721ad2c19cbd27997482a5f9b8a7ae,3068.98,117.80,12.858808185,54000,54000
4b733b16a8ac0dd417c1c57db78743a2b13ea1a1,2137.56,81.23,8.938413109,54000,54000
fd55ee80e2857581c6355ad5879c302fc577955a,3093.21,118.07,13.014725263,54000,54000
91b5a56c63a9f8dca761b4cab959977fcd3308fd,3259.60,123.69,13.715167866,54000,54000
2a7918cc48d6625c303ee9d037613b8125bcc346,2251.95,86.06,9.416488734,54000,54000
2594e0762ffbe5fc48dc2abc0a93d37692520fd4,2325.05,89.48,9.704178170,54000,55000
7707efccded0f1cca2efc8ab961f64bc0b204cd4,1996.82,76.66,8.325528663,54000,55000
c32924fbde89766b2b59f45e5820d373559f92d1,1980.29,75.80,8.265298843,54000,54000
ec2d0c4b34f0cc306d61e3b0122307bbf72335c5,3398.66,128.99,14.317743094,54000,54000
de2bfde155891ecbba3ad6065f2145bca6b29e4a,2932.19,112.24,12.285239727,54000,54000
cc90f726cd721ad2c19cbd27997482a5f9b8a7ae,2999.33,114.93,12.547906597,54000,54000
4b733b16a8ac0dd417c1c57db78743a2b13ea1a1,2043.23,77.99,8.539151189,54000,54000
fd55ee80e2857581c6355ad5879c302fc577955a,3365.56,127.32,14.162503168,54000,54000
91b5a56c63a9f8dca761b4cab959977fcd3308fd,3296.42,125.70,13.847803321,54000,54000
2a7918cc48d6625c303ee9d037613b8125bcc346,2317.96,89.10,9.676718409,54000,54000
2594e0762ffbe5fc48dc2abc0a93d37692520fd4,2344.19,89.88,9.786993068,54000,54000
7707efccded0f1cca2efc8ab961f64bc0b204cd4,2075.95,79.98,8.635016137,54000,54000
c32924fbde89766b2b59f45e5820d373559f92d1,1930.76,74.25,8.041465947,54000,54000
ec2d0c4b34f0cc306d61e3b0122307bbf72335c5,3315.45,125.94,13.920224022,54000,54000
de2bfde155891ecbba3ad6065f2145bca6b29e4a,2940.63,112.75,12.294244363,54000,54000
cc90f726cd721ad2c19cbd27997482a5f9b8a7ae,3140.87,120.78,13.135382213,54000,54000
4b733b16a8ac0dd417c1c57db78743a2b13ea1a1,2034.02,78.04,8.486642046,53000,54000
fd55ee80e2857581c6355ad5879c302fc577955a,3338.47,127.35,14.035259326,54000,54000
91b5a56c63a9f8dca761b4cab959977fcd3308fd,3382.93,128.70,14.231735042,54000,54000
2a7918cc48d6625c303ee9d037613b8125bcc346,2380.53,91.05,9.948272932,53000,53000
2594e0762ffbe5fc48dc2abc0a93d37692520fd4,2374.30,91.11,9.920720393,54000,54000
7707efccded0f1cca2efc8ab961f64bc0b204cd4,2031.28,78.10,8.468324195,54000,54000
c32924fbde89766b2b59f45e5820d373559f92d1,1956.99,75.09,8.159510574,54000,54000
ec2d0c4b34f0cc306d61e3b0122307bbf72335c5,3256.49,123.61,13.691400621,54000,54000
de2bfde155891ecbba3ad6065f2145bca6b29e4a,2962.65,113.84,12.385548548,54000,54000
cc90f726cd721ad2c19cbd27997482a5f9b8a7ae,2983.18,114.72,12.500076191,54000,54000
4b733b16a8ac0dd417c1c57db78743a2b13ea1a1,2029.51,77.48,8.497497592,54000,54000
fd55ee80e2857581c6355ad5879c302fc577955a,3331.74,126.83,14.035421199,54000,54000
91b5a56c63a9f8dca761b4cab959977fcd3308fd,3334.69,127.05,14.051426094,54000,54000
2a7918cc48d6625c303ee9d037613b8125bcc346,2293.69,87.81,9.578656487,55000,54000
2594e0762ffbe5fc48dc2abc0a93d37692520fd4,2358.27,90.24,9.853775366,55000,54000
7707efccded0f1cca2efc8ab961f64bc0b204cd4,2065.65,79.50,8.608218081,54000,54000
c32924fbde89766b2b59f45e5820d373559f92d1,1972.35,75.58,8.236982358,54000,54000
ec2d0c4b34f0cc306d61e3b0122307bbf72335c5,3419.71,130.29,14.400028464,54000,54000
de2bfde155891ecbba3ad6065f2145bca6b29e4a,2876.22,110.62,12.059732707,54000,54000
cc90f726cd721ad2c19cbd27997482a5f9b8a7ae,3058.52,117.64,12.823404332,54000,54000
4b733b16a8ac0dd417c1c57db78743a2b13ea1a1,2014.41,76.95,8.412814712,54000,54000
fd55ee80e2857581c6355ad5879c302fc577955a,3302.43,125.79,13.910614055,55000,54000
91b5a56c63a9f8dca761b4cab959977fcd3308fd,3160.17,120.08,13.297193437,54000,54000
2a7918cc48d6625c303ee9d037613b8125bcc346,2306.90,88.64,9.647976173,55000,55000
2594e0762ffbe5fc48dc2abc0a93d37692520fd4,2312.89,88.48,9.662185014,54000,54000
7707efccded0f1cca2efc8ab961f64bc0b204cd4,2004.35,77.04,8.359420539,54000,54000
c32924fbde89766b2b59f45e5820d373559f92d1,1952.88,74.72,8.140793697,54000,54000
ec2d0c4b34f0cc306d61e3b0122307bbf72335c5,3119.54,118.50,13.087593297,54000,54000
de2bfde155891ecbba3ad6065f2145bca6b29e4a,2981.27,114.50,12.487404648,54000,54000
cc90f726cd721ad2c19cbd27997482a5f9b8a7ae,2962.48,113.91,12.394515441,54000,54000
4b733b16a8ac0dd417c1c57db78743a2b13ea1a1,2091.31,80.03,8.739590272,54000,54000
fd55ee80e2857581c6355ad5879c302fc577955a,3318.00,126.24,13.942789864,54000,54000
91b5a56c63a9f8dca761b4cab959977fcd3308fd,3263.57,123.37,13.741515635,54000,54000
2a7918cc48d6625c303ee9d037613b8125bcc346,2250.43,86.23,9.404414838,54000,56000
2594e0762ffbe5fc48dc2abc0a93d37692520fd4,2289.75,87.70,9.557128885,54000,54000
7707efccded0f1cca2efc8ab961f64bc0b204cd4,1957.66,75.00,8.161506496,54000,54000
c32924fbde89766b2b59f45e5820d373559f92d1,1983.60,76.06,8.271450109,54000,55000
ec2d0c4b34f0cc306d61e3b0122307bbf72335c5,3278.81,124.60,13.815181589,54000,55000
de2bfde155891ecbba3ad6065f2145bca6b29e4a,3025.80,116.11,12.675111467,54000,54000
cc90f726cd721ad2c19cbd27997482a5f9b8a7ae,3083.24,118.18,12.904957539,55000,54000
4b733b16a8ac0dd417c1c57db78743a2b13ea1a1,2021.92,76.81,8.464758758,54000,54000
fd55ee80e2857581c6355ad5879c302fc577955a,3414.43,129.25,14.364782463,54000,54000
91b5a56c63a9f8dca761b4cab959977fcd3308fd,3185.39,120.92,13.368255818,54000,54000
2a7918cc48d6625c303ee9d037613b8125bcc346,2227.43,85.05,9.308382149,54000,54000
2594e0762ffbe5fc48dc2abc0a93d37692520fd4,2505.70,95.76,10.478329381,54000,54000
7707efccded0f1cca2efc8ab961f64bc0b204cd4,2001.72,76.71,8.343349838,54000,54000
c32924fbde89766b2b59f45e5820d373559f92d1,1897.22,72.70,7.916027774,54000,54000
ec2d0c4b34f0cc306d61e3b0122307bbf72335c5,3221.69,122.29,13.545006325,54000,54000
de2bfde155891ecbba3ad6065f2145bca6b29e4a,3183.05,122.49,13.327717423,54000,54000
cc90f726cd721ad2c19cbd27997482a5f9b8a7ae,2995.98,115.20,12.536826418,54000,53000
4b733b16a8ac0dd417c1c57db78743a2b13ea1a1,1979.35,75.52,8.287131076,54000,54000
fd55ee80e2857581c6355ad5879c302fc577955a,3291.90,125.60,13.875256430,54000,54000
91b5a56c63a9f8dca761b4cab959977fcd3308fd,3229.26,123.30,13.583894404,54000,54000
2a7918cc48d6625c303ee9d037613b8125bcc346,2300.89,88.32,9.611600284,54000,54000
2594e0762ffbe5fc48dc2abc0a93d37692520fd4,2317.03,88.88,9.686867939,54000,54000
7707efccded0f1cca2efc8ab961f64bc0b204cd4,1981.64,76.08,8.268240478,54000,54000
c32924fbde89766b2b59f45e5820d373559f92d1,1895.83,72.67,7.915105710,54000,54000
ec2d0c4b34f0cc306d61e3b0122307bbf72335c5,3335.88,126.96,14.040878611,54000,54000
de2bfde155891ecbba3ad6065f2145bca6b29e4a,2998.52,115.32,12.579175215,54000,54000
cc90f726cd721ad2c19cbd27997482a5f9b8a7ae,3070.38,118.43,12.865572746,54000,54000
4b733b16a8ac0dd417c1c57db78743a2b13ea1a1,2019.06,77.60,8.440927602,54000,54000
fd55ee80e2857581c6355ad5879c302fc577955a,3334.41,127.67,14.042121698,54000,54000
91b5a56c63a9f8dca761b4cab959977fcd3308fd,3217.77,122.57,13.532531042,54000,54000
2a7918cc48d6625c303ee9d037613b8125bcc346,2263.26,86.86,9.464446648,54000,54000
2594e0762ffbe5fc48dc2abc0a93d37692520fd4,2514.33,96.43,10.529562659,54000,54000
7707efccded0f1cca2efc8ab961f64bc0b204cd4,1999.71,77.28,8.336065762,54000,54000
c32924fbde89766b2b59f45e5820d373559f92d1,1930.35,74.33,8.067317456,54000,54000
ec2d0c4b34f0cc306d61e3b0122307bbf72335c5,3116.34,118.52,13.120250250,54000,54000
de2bfde155891ecbba3ad6065f2145bca6b29e4a,3039.11,117.08,12.737477672,54000,53000
cc90f726cd721ad2c19cbd27997482a5f9b8a7ae,2964.90,113.87,12.420331923,55000,54000
4b733b16a8ac0dd417c1c57db78743a2b13ea1a1,1991.27,76.05,8.314667479,54000,54000
fd55ee80e2857581c6355ad5879c302fc577955a,3357.03,127.68,14.127949809,54000,54000
91b5a56c63a9f8dca761b4cab959977fcd3308fd,3140.68,119.55,13.209708263,54000,54000
2a7918cc48d6625c303ee9d037613b8125bcc346,2355.96,90.37,9.833845865,53000,54000
2594e0762ffbe5fc48dc2abc0a93d37692520fd4,2280.40,87.28,9.522143545,54000,54000
7707efccded0f1cca2efc8ab961f64bc0b204cd4,1991.68,76.58,8.317941206,54000,54000
c32924fbde89766b2b59f45e5820d373559f92d1,1957.85,75.25,8.173213364,54000,54000
ec2d0c4b34f0cc306d61e3b0122307bbf72335c5,3269.04,124.52,13.763985033,54000,54000
de2bfde155891ecbba3ad6065f2145bca6b29e4a,2946.70,113.43,12.338374404,54000,54000
cc90f726cd721ad2c19cbd27997482a5f9b8a7ae,3008.09,115.83,12.612035044,54000,54000
4b733b16a8ac0dd417c1c57db78743a2b13ea1a1,1996.21,76.46,8.331720122,54000,54000
fd55ee80e2857581c6355ad5879c302fc577955a,3206.89,122.36,13.480445212,54000,54000
91b5a56c63a9f8dca761b4cab959977fcd3308fd,3257.14,124.35,13.690411513,54000,54000
2a7918cc48d6625c303ee9d037613b8125bcc346,2273.54,87.47,9.508767751,54000,54000
2594e0762ffbe5fc48dc2abc0a93d37692520fd4,2252.63,86.50,9.408600346,54000,54000
7707efccded0f1cca2efc8ab961f64bc0b204cd4,2021.71,77.64,8.432942396,54000,54000
c32924fbde89766b2b59f45e5820d373559f92d1,1967.45,75.75,8.213685122,54000,54000
ec2d0c4b34f0cc306d61e3b0122307bbf72335c5,3307.89,126.35,13.910658433,54000,54000
de2bfde155891ecbba3ad6065f2145bca6b29e4a,2948.25,113.69,12.366155897,54000,54000
cc90f726cd721ad2c19cbd27997482a5f9b8a7ae,2914.88,112.25,12.198539604,54000,54000
4b733b16a8ac0dd417c1c57db78743a2b13ea1a1,2020.31,76.88,8.454889505,54000,54000
fd55ee80e2857581c6355ad5879c302fc577955a,3216.62,122.57,13.517798830,54000,54000
91b5a56c63a9f8dca761b4cab959977fcd3308fd,3216.83,122.22,13.510004710,54000,54000
2a7918cc48d6625c303ee9d037613b8125bcc346,2396.20,92.23,10.016903955,54000,54000
2594e0762ffbe5fc48dc2abc0a93d37692520fd4,2306.13,88.40,9.638045530,54000,54000
7707efccded0f1cca2efc8ab961f64bc0b204cd4,2081.19,80.37,8.662543424,54000,54000
c32924fbde89766b2b59f45e5820d373559f92d1,1919.77,73.57,8.004113571,54000,54000
ec2d0c4b34f0cc306d61e3b0122307bbf72335c5,3374.55,128.18,14.172224838,54000,54000
de2bfde155891ecbba3ad6065f2145bca6b29e4a,3025.78,116.14,12.674666620,54000,54000
cc90f726cd721ad2c19cbd27997482a5f9b8a7ae,3033.17,116.54,12.695217942,54000,54000
4b733b16a8ac0dd417c1c57db78743a2b13ea1a1,2031.77,77.52,8.481309244,54000,54000
fd55ee80e2857581c6355ad5879c302fc577955a,3253.97,123.44,13.666944824,54000,54000
91b5a56c63a9f8dca761b4cab959977fcd3308fd,3308.17,125.72,13.890757004,54000,54000
2a7918cc48d6625c303ee9d037613b8125bcc346,2315.84,88.76,9.660751692,54000,54000
2594e0762ffbe5fc48dc2abc0a93d37692520fd4,2319.54,89.24,9.693457528,54000,54000
7707efccded0f1cca2efc8ab961f64bc0b204cd4,2028.81,78.14,8.452972652,54000,54000
c32924fbde89766b2b59f45e5820d373559f92d1,1937.92,74.46,8.076336185,54000,54000
ec2d0c4b34f0cc306d61e3b0122307bbf72335c5,3232.31,122.94,13.596640668,54000,54000
de2bfde155891ecbba3ad6065f2145bca6b29e4a,2972.55,114.14,12.421132671,54000,54000
cc90f726cd721ad2c19cbd27997482a5f9b8a7ae,2924.08,112.47,12.222473972,53000,54000
4b733b16a8ac0dd417c1c57db78743a2b13ea1a1,2143.52,82.24,8.962489184,54000,54000
fd55ee80e2857581c6355ad5879c302fc577955a,3255.58,124.11,13.724447555,54000,54000
91b5a56c63a9f8dca761b4cab959977fcd3308fd,3250.96,123.69,13.676974120,55000,54000
2a7918cc48d6625c303ee9d037613b8125bcc346,2284.69,87.74,9.548486987,54000,54000
2594e0762ffbe5fc48dc2abc0a93d37692520fd4,2403.61,92.25,10.048320271,54000,54000
7707efccded0f1cca2efc8ab961f64bc0b204cd4,2028.76,77.65,8.471385487,54000,54000
c32924fbde89766b2b59f45e5820d373559f92d1,1953.22,74.81,8.144480125,54000,54000
ec2d0c4b34f0cc306d61e3b0122307bbf72335c5,3311.74,126.35,13.919744565,54000,54000
de2bfde155891ecbba3ad6065f2145bca6b29e4a,3021.69,116.16,12.656500400,54000,54000
cc90f726cd721ad2c19cbd27997482a5f9b8a7ae,2966.27,113.97,12.433784013,54000,54000
4b733b16a8ac0dd417c1c57db78743a2b13ea1a1,2010.30,76.88,8.410471284,54000,54000
fd55ee80e2857581c6355ad5879c302fc577955a,3403.48,129.52,14.331576015,55000,54000
91b5a56c63a9f8dca761b4cab959977fcd3308fd,3211.06,122.34,13.499962746,54000,54000
2a7918cc48d6625c303ee9d037613b8125bcc346,2266.76,87.09,9.459642870,54000,54000
2594e0762ffbe5fc48dc2abc0a93d37692520fd4,2323.47,89.15,9.709703008,54000,54000
7707efccded0f1cca2efc8ab961f64bc0b204cd4,2053.02,79.14,8.545456396,54000,54000
c32924fbde89766b2b59f45e5820d373559f92d1,1963.78,75.78,8.187188790,54000,54000
ec2d0c4b34f0cc306d61e3b0122307bbf72335c5,3228.01,122.86,13.583440253,54000,55000
de2bfde155891ecbba3ad6065f2145bca6b29e4a,2975.94,114.71,12.477936282,54000,54000
cc90f726cd721ad2c19cbd27997482a5f9b8a7ae,3040.87,117.03,12.747483366,54000,54000
4b733b16a8ac0dd417c1c57db78743a2b13ea1a1,2030.00,77.42,8.488712353,54000,54000
fd55ee80e2857581c6355ad5879c302fc577955a,3310.64,125.87,13.940241721,54000,54000
91b5a56c63a9f8dca761b4cab959977fcd3308fd,3228.88,122.81,13.569634407,55000,54000
2a7918cc48d6625c303ee9d037613b8125bcc346,2383.88,91.29,9.962615056,54000,55000
2594e0762ffbe5fc48dc2abc0a93d37692520fd4,2269.54,86.81,9.476164347,55000,55000
7707efccded0f1cca2efc8ab961f64bc0b204cd4,2074.87,79.93,8.637207477,55000,54000
c32924fbde89766b2b59f45e5820d373559f92d1,1923.84,73.66,8.021459529,54000,54000
ec2d0c4b34f0cc306d61e3b0122307bbf72335c5,3082.97,117.27,12.941109247,54000,54000
de2bfde155891ecbba3ad6065f2145bca6b29e4a,2923.57,112.32,12.234854175,54000,54000
cc90f726cd721ad2c19cbd27997482a5f9b8a7ae,2959.71,113.88,12.371677444,54000,54000
4b733b16a8ac0dd417c1c57db78743a2b13ea1a1,1983.23,75.68,8.279544507,54000,54000
fd55ee80e2857581c6355ad5879c302fc577955a,3313.29,126.27,13.915524602,54000,54000
91b5a56c63a9f8dca761b4cab959977fcd3308fd,3273.54,124.37,13.744392948,53000,54000
2a7918cc48d6625c303ee9d037613b8125bcc346,2299.33,88.50,9.598598712,55000,54000
2594e0762ffbe5fc48dc2abc0a93d37692520fd4,2351.74,90.40,9.826850636,54000,55000
7707efccded0f1cca2efc8ab961f64bc0b204cd4,2040.57,79.09,8.496941856,54000,54000
c32924fbde89766b2b59f45e5820d373559f92d1,1961.59,75.57,8.173424831,54000,54000
ec2d0c4b34f0cc306d61e3b0122307bbf72335c5,3208.07,122.16,13.480265656,54000,54000
de2bfde155891ecbba3ad6065f2145bca6b29e4a,2888.91,111.27,12.088557603,54000,54000
cc90f726cd721ad2c19cbd27997482a5f9b8a7ae,3098.74,119.02,13.004924233,54000,55000
4b733b16a8ac0dd417c1c57db78743a2b13ea1a1,2148.88,82.40,8.972422702,54000,54000
fd55ee80e2857581c6355ad5879c302fc577955a,3263.51,124.16,13.725512575,54000,54000
91b5a56c63a9f8dca761b4cab959977fcd3308fd,3276.84,125.30,13.753716244,53000,54000
2a7918cc48d6625c303ee9d037613b8125bcc346,2310.18,89.00,9.636243795,54000,54000
2594e0762ffbe5fc48dc2abc0a93d37692520fd4,2324.04,89.08,9.711628522,54000,54000
7707efccded0f1cca2efc8ab961f64bc0b204cd4,2054.44,79.01,8.565465800,54000,54000
c32924fbde89766b2b59f45e5820d373559f92d1,1963.85,75.64,8.200606220,54000,54000
ec2d0c4b34f0cc306d61e3b0122307bbf72335c5,3319.34,126.60,13.956725114,54000,54000
de2bfde155891ecbba3ad6065f2145bca6b29e4a,2923.67,112.45,12.238123070,54000,53000
cc90f726cd721ad2c19cbd27997482a5f9b8a7ae,2983.38,114.70,12.483869878,54000,54000
4b733b16a8ac0dd417c1c57db78743a2b13ea1a1,1970.73,75.51,8.234224465,54000,54000
fd55ee80e2857581c6355ad5879c302fc577955a,3285.86,125.22,13.790036914,54000,54000
91b5a56c63a9f8dca761b4cab959977fcd3308fd,3109.78,118.53,13.055814787,53000,54000
2a7918cc48d6625c303ee9d037613b8125bcc346,2256.66,87.03,9.419209129,54000,54000
2594e0762ffbe5fc48dc2abc0a93d37692520fd4,2301.30,87.59,9.622048861,54000,54000
7707efccded0f1cca2efc8ab961f64bc0b204cd4,1968.51,75.57,8.217707436,54000,54000
c32924fbde89766b2b59f45e5820d373559f92d1,1920.56,73.78,8.014376714,54000,54000
ec2d0c4b34f0cc306d61e3b0122307bbf72335c5,3217.10,122.27,13.526827384,54000,54000
de2bfde155891ecbba3ad6065f2145bca6b29e4a,2992.39,115.00,12.536625133,54000,54000
cc90f726cd721ad2c19cbd27997482a5f9b8a7ae,3101.69,119.33,12.986536963,54000,54000
4b733b16a8ac0dd417c1c57db78743a2b13ea1a1,2028.70,77.57,8.468001590,55000,54000
fd55ee80e2857581c6355ad5879c302fc577955a,3222.48,122.06,13.544831286,54000,54000
91b5a56c63a9f8dca761b4cab959977fcd3308fd,3243.15,123.38,13.618232483,54000,54000
2a7918cc48d6625c303ee9d037613b8125bcc346,2261.64,87.09,9.447418607,54000,54000
2594e0762ffbe5fc48dc2abc0a93d37692520fd4,2322.72,89.25,9.713609168,54000,54000
7707efccded0f1cca2efc8ab961f64bc0b204cd4,1994.07,76.53,8.317253157,54000,54000
c32924fbde89766b2b59f45e5820d373559f92d1,1928.15,74.29,8.040744095,54000,54000
ec2d0c4b34f0cc306d61e3b0122307bbf72335c5,3287.30,125.22,13.835021030,54000,54000
de2bfde155891ecbba3ad6065f2145bca6b29e4a,2978.05,114.58,12.495921910,53000,54000
cc90f726cd721ad2c19cbd27997482a5f9b8a7ae,2987.74,115.18,12.518243392,54000,54000
4b733b16a8ac0dd417c1c57db78743a2b13ea1a1,2052.98,78.54,8.573322032,54000,54000
fd55ee80e2857581c6355ad5879c302fc577955a,3399.92,129.64,14.313786041,54000,54000
91b5a56c63a9f8dca761b4cab959977fcd3308fd,3309.33,125.98,13.955879127,54000,54000
2a7918cc48d6625c303ee9d037613b8125bcc346,2344.57,89.89,9.787155439,54000,54000
2594e0762ffbe5fc48dc2abc0a93d37692520fd4,2343.42,89.80,9.808572459,54000,55000
7707efccded0f1cca2efc8ab961f64bc0b204cd4,2035.26,78.13,8.483126633,54000,54000
c32924fbde89766b2b59f45e5820d373559f92d1,1910.45,73.01,7.978114972,54000,54000
ec2d0c4b34f0cc306d61e3b0122307bbf72335c5,3151.96,119.92,13.262164658,54000,54000
de2bfde155891ecbba3ad6065f2145bca6b29e4a,3071.49,118.12,12.877107811,54000,54000
cc90f726cd721ad2c19cbd27997482a5f9b8a7ae,3036.38,116.75,12.722577931,54000,54000
4b733b16a8ac0dd417c1c57db78743a2b13ea1a1,2030.08,77.96,8.475005403,53000,54000
fd55ee80e2857581c6355ad5879c302fc577955a,3243.69,123.07,13.627347216,54000,54000
91b5a56c63a9f8dca761b4cab959977fcd3308fd,3178.31,120.49,13.336191637,54000,54000
2a7918cc48d6625c303ee9d037613b8125bcc346,2287.15,87.56,9.532743142,54000,54000
2594e0762ffbe5fc48dc2abc0a93d37692520fd4,2324.59,89.51,9.710292713,54000,54000
7707efccded0f1cca2efc8ab961f64bc0b204cd4,2092.72,80.61,8.711652527,54000,55000
c32924fbde89766b2b59f45e5820d373559f92d1,1909.24,73.31,7.970996964,54000,55000
ec2d0c4b34f0cc306d61e3b0122307bbf72335c5,3241.49,123.57,13.600847273,54000,53000
de2bfde155891ecbba3ad6065f2145bca6b29e4a,2969.38,113.79,12.412486960,55000,54000
cc90f726cd721ad2c19cbd27997482a5f9b8a7ae,3059.09,117.51,12.765517523,54000,54000
4b733b16a8ac0dd417c1c57db78743a2b13ea1a1,1995.10,76.28,8.320766861,54000,54000
fd55ee80e2857581c6355ad5879c302fc577955a,3247.31,123.00,13.619035850,54000,54000
91b5a56c63a9f8dca761b4cab959977fcd3308fd,3359.42,127.98,14.092256232,54000,54000
2a7918cc48d6625c303ee9d037613b8125bcc346,2270.58,87.02,9.474790220,54000,54000
2594e0762ffbe5fc48dc2abc0a93d37692520fd4,2288.17,87.52,9.550597428,54000,54000
7707efccded0f1cca2efc8ab961f64bc0b204cd4,2103.31,80.39,8.755905025,54000,54000
c32924fbde89766b2b59f45e5820d373559f92d1,1955.20,75.20,8.148533169,54000,54000
ec2d0c4b34f0cc306d61e3b0122307bbf72335c5,3152.66,119.72,13.236758686,54000,54000
de2bfde155891ecbba3ad6065f2145bca6b29e4a,2942.50,112.85,12.310812796,54000,54000
cc90f726cd721ad2c19cbd27997482a5f9b8a7ae,3059.72,117.49,12.782970104,54000,54000
4b733b16a8ac0dd417c1c57db78743a2b13ea1a1,2045.83,78.56,8.535153788,54000,54000
fd55ee80e2857581c6355ad5879c302fc577955a,3261.24,123.76,13.733449990,54000,54000
91b5a56c63a9f8dca761b4cab959977fcd3308fd,3194.68,122.02,13.430977977,54000,54000
2a7918cc48d6625c303ee9d037613b8125bcc346,2238.41,86.40,9.355720611,54000,54000
2594e0762ffbe5fc48dc2abc0a93d37692520fd4,2413.05,92.71,10.107058014,54000,54000
7707efccded0f1cca2efc8ab961f64bc0b204cd4,2070.05,79.84,8.638357809,54000,54000
c32924fbde89766b2b59f45e5820d373559f92d1,1949.57,75.19,8.152551421,54000,54000
ec2d0c4b34f0cc306d61e3b0122307bbf72335c5,3147.07,120.11,13.241297273,54000,54000
de2bfde155891ecbba3ad6065f2145bca6b29e4a,2888.89,111.15,12.109775422,54000,53000
cc90f726cd721ad2c19cbd27997482a5f9b8a7ae,3030.97,116.36,12.683399547,54000,54000
4b733b16a8ac0dd417c1c57db78743a2b13ea1a1,2043.46,78.23,8.536058988,54000,54000
fd55ee80e2857581c6355ad5879c302fc577955a,3381.80,128.64,14.216397979,54000,54000
91b5a56c63a9f8dca761b4cab959977fcd3308fd,3305.54,126.19,13.887096600,54000,54000
2a7918cc48d6625c303ee9d037613b8125bcc346,2386.40,91.82,9.974879635,54000,53000
2594e0762ffbe5fc48dc2abc0a93d37692520fd4,2372.06,91.16,9.920275076,54000,54000
7707efccded0f1cca2efc8ab961f64bc0b204cd4,1999.45,76.82,8.344644883,53000,54000
c32924fbde89766b2b59f45e5820d373559f92d1,1937.82,74.33,8.078119918,54000,54000
ec2d0c4b34f0cc306d61e3b0122307bbf72335c5,3412.26,129.65,14.371069399,54000,54000
bcbac427ff4bca1748f8eb5125a23d4c739b75e9,2992.75,115.52,12.571897029,54000,54000
d80275e16ebd34bae5b48f29f3e4437e1b207955,1857.64,71.33,7.784388261,54000,54000
1714af2ea790795f1999a3c7a4e16acdd3f2f1bd,2147.65,82.77,8.991645627,54000,54000
51909b1af727eea21bc011633519e31aaff82048,3158.49,120.64,13.321016102,54000,55000
bcbac427ff4bca1748f8eb5125a23d4c739b75e9,2980.26,114.75,12.504190033,54000,54000
d80275e16ebd34bae5b48f29f3e4437e1b207955,1909.85,73.27,7.983304976,54000,54000
1714af2ea790795f1999a3c7a4e16acdd3f2f1bd,2058.56,78.72,8.626905969,54000,54000
51909b1af727eea21bc011633519e31aaff82048,3325.29,126.72,14.020401791,54000,55000
bcbac427ff4bca1748f8eb5125a23d4c739b75e9,3038.39,116.99,12.744634340,55000,54000
d80275e16ebd34bae5b48f29f3e4437e1b207955,1928.07,74.28,8.045543675,56000,54000
1714af2ea790795f1999a3c7a4e16acdd3f2f1bd,2080.01,79.68,8.705612532,54000,54000
51909b1af727eea21bc011633519e31aaff82048,3142.56,119.67,13.238631504,54000,54000
bcbac427ff4bca1748f8eb5125a23d4c739b75e9,3016.75,115.79,12.636611741,54000,55000
d80275e16ebd34bae5b48f29f3e4437e1b207955,1903.13,73.05,7.948778049,54000,54000
1714af2ea790795f1999a3c7a4e16acdd3f2f1bd,2081.04,79.72,8.699201519,54000,54000
51909b1af727eea21bc011633519e31aaff82048,3376.74,128.61,14.220056646,54000,54000
bcbac427ff4bca1748f8eb5125a23d4c739b75e9,3357.37,128.77,14.056241075,54000,53000
d80275e16ebd34bae5b48f29f3e4437e1b207955,1948.27,74.98,8.126108492,54000,54000
1714af2ea790795f1999a3c7a4e16acdd3f2f1bd,2134.48,81.82,8.930515704,55000,55000
51909b1af727eea21bc011633519e31aaff82048,3426.41,130.65,14.451884181,54000,54000
bcbac427ff4bca1748f8eb5125a23d4c739b75e9,3065.86,118.21,12.870565071,54000,54000
d80275e16ebd34bae5b48f29f3e4437e1b207955,1868.81,71.85,7.823322376,55000,54000
1714af2ea790795f1999a3c7a4e16acdd3f2f1bd,2154.62,82.56,9.020914402,53000,54000
51909b1af727eea21bc011633519e31aaff82048,3196.54,121.70,13.474566538,54000,54000
bcbac427ff4bca1748f8eb5125a23d4c739b75e9,3007.45,115.52,12.614030749,54000,54000
d80275e16ebd34bae5b48f29f3e4437e1b207955,1896.56,73.25,7.924428103,54000,54000
1714af2ea790795f1999a3c7a4e16acdd3f2f1bd,2204.86,84.59,9.229451656,54000,54000
51909b1af727eea21bc011633519e31aaff82048,3193.13,121.45,13.465519195,54000,54000
bcbac427ff4bca1748f8eb5125a23d4c739b75e9,3026.14,116.72,12.702791992,54000,54000
d80275e16ebd34bae5b48f29f3e4437e1b207955,1917.60,73.58,8.011291500,54000,54000
1714af2ea790795f1999a3c7a4e16acdd3f2f1bd,2127.68,81.58,8.896838740,54000,54000
51909b1af727eea21bc011633519e31aaff82048,3285.33,125.28,13.835949981,54000,54000
bcbac427ff4bca1748f8eb5125a23d4c739b75e9,3069.04,118.21,12.891041626,54000,54000
d80275e16ebd34bae5b48f29f3e4437e1b207955,1898.74,72.97,7.925245705,54000,54000
1714af2ea790795f1999a3c7a4e16acdd3f2f1bd,2050.57,78.81,8.587637038,53000,54000
51909b1af727eea21bc011633519e31aaff82048,3365.93,128.42,14.194221012,54000,53000
bcbac427ff4bca1748f8eb5125a23d4c739b75e9,2970.20,114.61,12.480711754,54000,54000
d80275e16ebd34bae5b48f29f3e4437e1b207955,1881.06,72.13,7.868936894,54000,54000
1714af2ea790795f1999a3c7a4e16acdd3f2f1bd,2164.16,83.44,9.063688739,54000,54000
51909b1af727eea21bc011633519e31aaff82048,3281.39,125.02,13.821756824,54000,53000
bcbac427ff4bca1748f8eb5125a23d4c739b75e9,3004.45,115.53,12.595307533,54000,54000
d80275e16ebd34bae5b48f29f3e4437e1b207955,1901.73,73.19,7.948378832,54000,54000
1714af2ea790795f1999a3c7a4e16acdd3f2f1bd,2120.28,81.32,8.860939569,53000,54000
51909b1af727eea21bc011633519e31aaff82048,3275.21,125.25,13.782243167,54000,54000
bcbac427ff4bca1748f8eb5125a23d4c739b75e9,3019.23,115.42,12.656892272,54000,53000
d80275e16ebd34bae5b48f29f3e4437e1b207955,1843.67,70.68,7.705707590,54000,53000
1714af2ea790795f1999a3c7a4e16acdd3f2f1bd,2115.65,81.11,8.833122260,53000,54000
51909b1af727eea21bc011633519e31aaff82048,3282.15,125.03,13.800318410,53000,54000
bcbac427ff4bca1748f8eb5125a23d4c739b75e9,2980.00,114.69,12.477072296,54000,54000
d80275e16ebd34bae5b48f29f3e4437e1b207955,1944.05,75.17,8.104540327,54000,54000
1714af2ea790795f1999a3c7a4e16acdd3f2f1bd,2110.20,80.79,8.832589604,54000,54000
51909b1af727eea21bc011633519e31aaff82048,3327.96,126.71,14.001741290,54000,54000
bcbac427ff4bca1748f8eb5125a23d4c739b75e9,2960.70,114.30,12.408819966,54000,54000
d80275e16ebd34bae5b48f29f3e4437e1b207955,1880.06,72.22,7.848277999,54000,54000
1714af2ea790795f1999a3c7a4e16acdd3f2f1bd,2075.71,79.42,8.687065419,54000,53000
51909b1af727eea21bc011633519e31aaff82048,3249.67,123.80,13.676212888,54000,54000
bcbac427ff4bca1748f8eb5125a23d4c739b75e9,3290.51,126.52,13.831297159,54000,53000
d80275e16ebd34bae5b48f29f3e4437e1b207955,1895.00,72.67,7.927374171,54000,54000
1714af2ea790795f1999a3c7a4e16acdd3f2f1bd,2079.07,79.62,8.709760498,54000,54000
51909b1af727eea21bc011633519e31aaff82048,3034.64,115.72,12.778056724,54000,54000
bcbac427ff4bca1748f8eb5125a23d4c739b75e9,3063.49,117.93,12.854624862,54000,53000
d80275e16ebd34bae5b48f29f3e4437e1b207955,1906.70,73.09,7.961180523,54000,54000
1714af2ea790795f1999a3c7a4e16acdd3f2f1bd,2073.41,79.44,8.677918040,54000,54000
51909b1af727eea21bc011633519e31aaff82048,3177.92,121.12,13.378369835,54000,54000
bcbac427ff4bca1748f8eb5125a23d4c739b75e9,3085.32,119.01,12.951199899,54000,54000
d80275e16ebd34bae5b48f29f3e4437e1b207955,1861.48,71.28,7.784875472,54000,54000
1714af2ea790795f1999a3c7a4e16acdd3f2f1bd,2091.46,80.25,8.775744762,54000,54000
51909b1af727eea21bc011633519e31aaff82048,3387.31,129.58,14.267936029,54000,54000
bcbac427ff4bca1748f8eb5125a23d4c739b75e9,3016.29,115.90,12.640013321,54000,53000
d80275e16ebd34bae5b48f29f3e4437e1b207955,1942.89,74.59,8.106516627,54000,54000
1714af2ea790795f1999a3c7a4e16acdd3f2f1bd,2099.39,80.51,8.786740987,54000,54000
51909b1af727eea21bc011633519e31aaff82048,3202.32,122.00,13.479792034,54000,54000
bcbac427ff4bca1748f8eb5125a23d4c739b75e9,3034.47,116.54,12.722133137,54000,54000
d80275e16ebd34bae5b48f29f3e4437e1b207955,1877.27,72.10,7.842854174,54000,54000
1714af2ea790795f1999a3c7a4e16acdd3f2f1bd,2157.37,82.61,9.016680222,54000,53000
51909b1af727eea21bc011633519e31aaff82048,3247.83,123.40,13.695134832,54000,54000
bcbac427ff4bca1748f8eb5125a23d4c739b75e9,2967.03,114.15,12.451175590,54000,54000
d80275e16ebd34bae5b48f29f3e4437e1b207955,1876.72,71.89,7.837304654,54000,54000
1714af2ea790795f1999a3c7a4e16acdd3f2f1bd,2075.02,79.51,8.686596496,54000,55000
51909b1af727eea21bc011633519e31aaff82048,3235.76,123.14,13.621109291,54000,54000
bcbac427ff4bca1748f8eb5125a23d4c739b75e9,3048.76,117.20,12.788243873,54000,54000
d80275e16ebd34bae5b48f29f3e4437e1b207955,1890.48,72.47,7.896668520,54000,54000
1714af2ea790795f1999a3c7a4e16acdd3f2f1bd,2118.18,81.34,8.849557220,54000,54000
51909b1af727eea21bc011633519e31aaff82048,3287.47,124.92,13.805735874,54000,54000
bcbac427ff4bca1748f8eb5125a23d4c739b75e9,3014.90,116.35,12.614885183,54000,54000
d80275e16ebd34bae5b48f29f3e4437e1b207955,1880.47,72.33,7.850029931,54000,54000
1714af2ea790795f1999a3c7a4e16acdd3f2f1bd,2106.78,80.89,8.803504105,54000,54000
51909b1af727eea21bc011633519e31aaff82048,3248.24,124.07,13.644258035,53000,54000
bcbac427ff4bca1748f8eb5125a23d4c739b75e9,3086.97,118.72,12.929282439,54000,54000
d80275e16ebd34bae5b48f29f3e4437e1b207955,1854.69,70.79,7.746441491,54000,54000
1714af2ea790795f1999a3c7a4e16acdd3f2f1bd,2148.55,82.58,8.976271847,54000,53000
51909b1af727eea21bc011633519e31aaff82048,3314.34,126.20,13.951262798,52000,53000
bcbac427ff4bca1748f8eb5125a23d4c739b75e9,3046.57,117.33,12.752438954,54000,54000
d80275e16ebd34bae5b48f29f3e4437e1b207955,1873.38,71.63,7.818361562,54000,53000
1714af2ea790795f1999a3c7a4e16acdd3f2f1bd,2106.31,80.91,8.803109614,53000,53000
51909b1af727eea21bc011633519e31aaff82048,3374.60,128.34,14.185653882,54000,54000
bcbac427ff4bca1748f8eb5125a23d4c739b75e9,3083.62,118.62,12.908661853,53000,54000
d80275e16ebd34bae5b48f29f3e4437e1b207955,1873.40,71.50,7.825811590,53000,54000
1714af2ea790795f1999a3c7a4e16acdd3f2f1bd,2140.90,82.23,8.950771403,53000,53000
51909b1af727eea21bc011633519e31aaff82048,3186.97,121.50,13.384002653,53000,54000
bcbac427ff4bca1748f8eb5125a23d4c739b75e9,3003.17,115.86,12.591056333,53000,54000
d80275e16ebd34bae5b48f29f3e4437e1b207955,1907.45,72.63,7.969576929,54000,54000
1714af2ea790795f1999a3c7a4e16acdd3f2f1bd,2115.77,81.66,8.833033459,54000,53000
51909b1af727eea21bc011633519e31aaff82048,3235.03,123.40,13.599821358,54000,54000
bcbac427ff4bca1748f8eb5125a23d4c739b75e9,3016.75,116.10,12.652955595,54000,54000
d80275e16ebd34bae5b48f29f3e4437e1b207955,1922.17,73.76,8.013256946,54000,54000
1714af2ea790795f1999a3c7a4e16acdd3f2f1bd,2145.70,82.19,8.969416631,54000,54000
51909b1af727eea21bc011633519e31aaff82048,3171.06,120.57,13.312770183,54000,54000
bcbac427ff4bca1748f8eb5125a23d4c739b75e9,2987.86,114.68,12.502582034,54000,54000
d80275e16ebd34bae5b48f29f3e4437e1b207955,1906.62,73.46,7.958224675,54000,54000
1714af2ea790795f1999a3c7a4e16acdd3f2f1bd,2155.81,82.68,9.013761432,54000,54000
51909b1af727eea21bc011633519e31aaff82048,3191.68,121.60,13.404697328,54000,54000
bcbac427ff4bca1748f8eb5125a23d4c739b75e9,3126.24,120.18,13.115868028,54000,53000
d80275e16ebd34bae5b48f29f3e4437e1b207955,1931.68,73.90,8.059507850,54000,54000
1714af2ea790795f1999a3c7a4e16acdd3f2f1bd,2093.32,80.46,8.747100485,53000,54000
51909b1af727eea21bc011633519e31aaff82048,3369.03,128.73,14.169837719,54000,54000
bcbac427ff4bca1748f8eb5125a23d4c739b75e9,3060.87,118.10,12.816581491,54000,54000
d80275e16ebd34bae5b48f29f3e4437e1b207955,1870.52,71.76,7.812448309,54000,54000
1714af2ea790795f1999a3c7a4e16acdd3f2f1bd,2122.98,81.44,8.871029581,53000,54000
51909b1af727eea21bc011633519e31aaff82048,3382.81,128.70,14.240950127,54000,54000
