d4b2c36dadad3e644d1c1b5b85aa704b22c3b077,1647.67
8eecef379d5c5af27a9a438fdfce82460e44f08b,1676.35
7e9160110f3cac233e748f4f31c2ec22f0286f6b,1648.83
2b443dff8770a97fe6f2a49db88f58e30b84abc6,1659.05
4fb1036ce7892fa1f938cee4f37435e85dd30797,1619.38
acc41a5397f3667d6cbe9105bf33868ff89c219c,1680.79
dcf190c8bd60d43636ea276ad9b980383f669bbc,1625.10
954c46a92a1a0c5052ed241d4398db8b0331e1f3,1642.40
e860de61d39708f10f5f90f87bbb961e65e6da49,1641.24
eb602e76466ef383d68aecd944af912ab11abfd4,1632.09
dc3b6c59d2d4dc1b72424785e9b8455b1df15664,1602.78
1738779c5b673dd3eb504888773e2febc5987959,1602.31
dcf190c8bd60d43636ea276ad9b980383f669bbc,1616.48
61ecdf33d20d345beaf5c044f18596f63f98746c,1616.32
bf2cca2d597ed521d0ec1a153c9cee8f8db3e638,1627.02
27e7d5f03d85bea15fbfe5432c37c6de94965a82,1592.44
ad76a8379cd7779907a6400b99e78253fd7158e7,1612.86
61ecdf33d20d345beaf5c044f18596f63f98746c,1635.74
08fbe610441e2ab5beac49eb01ec84e9ccd5ff6a,1623.12
d230a00bcb4a770d45a26aafc783f8194b258c07,1665.74
f80f677d350d1d5155c226eb4c46aad8d2723203,1599.51
9ba6dc7a955ed23884e8e25f8d503c4fe144c27a,1608.15
c393413d45f9be6915d6f243b255bd4df18d2774,1646.90
2398b3248cd9065136c5e4eab42981635bd5e200,1595.04
f5244dc384063de6bf8f5429c95a0751916938f6,1603.21
ad76a8379cd7779907a6400b99e78253fd7158e7,1633.00
3375e1c24fcbb2b53819bf87460f3eb4932b1c78,1665.70
3a36f930fd5c7968f6a2a168077597d9d8c78ca7,1596.58
b3c2026ee7d8982cd7cd971a8305c0d14b5f56f0,1605.56
a6c195080466bb3cb7c5a4527622b8f49c7639ad,1608.28
38615afffecc51519e00f1b4769f6d2dc220c9bc,1684.47
3375e1c24fcbb2b53819bf87460f3eb4932b1c78,1644.88
68f6f9ccb349d9ceef8caaf212d513b2d8f8d7ea,1626.21
b5761608fc8862a58403b88f4582b5f883ad31ea,1641.28
56a09caa0eb6ac5997f8bf50ec4e5323b7fabc61,1638.87
8eecef379d5c5af27a9a438fdfce82460e44f08b,1630.40
1963a7c17fc8b95ec6f6d150d716c9d9c4065c2e,1622.71
cea804ab08e8bf1c81f7d279e62b9a34857cd8d0,1650.54
8eecef379d5c5af27a9a438fdfce82460e44f08b,1637.69
be1301f86a80221ed5477980999d599a3710e1eb,1630.58
6423e659d5da3de14fc7bf2e31f3383d5c3646c4,1624.85
d230a00bcb4a770d45a26aafc783f8194b258c07,1647.32
244db10b40f6b8138747a99d93d95eb57bf47156,1613.57
5e0b048e22e422d5351e4dad7a3d90737003e456,1659.50
2398b3248cd9065136c5e4eab42981635bd5e200,1609.64
be1301f86a80221ed5477980999d599a3710e1eb,1625.21
00f85a826668e5dc1e7b180bba52f35ccb9dbaaf,1629.37
73d450657932370e516f205537b395d1d055d043,1641.33
78be89abde691c066fd55a1ca24254447e21cfe6,1675.90
38615afffecc51519e00f1b4769f6d2dc220c9bc,1635.92
20c9162234e55a297cd1a2195af70d9353ab3e05,1620.03
c73bad806913a560caabe30409c1c2492857e27e,1651.33
1963a7c17fc8b95ec6f6d150d716c9d9c4065c2e,1654.19
b5761608fc8862a58403b88f4582b5f883ad31ea,1646.56
3a36f930fd5c7968f6a2a168077597d9d8c78ca7,1604.16
56a09caa0eb6ac5997f8bf50ec4e5323b7fabc61,1618.65
b4751ad1c3e49acf06824ba2e3d9e046be159f0d,1641.65
dcf190c8bd60d43636ea276ad9b980383f669bbc,1609.65
cea804ab08e8bf1c81f7d279e62b9a34857cd8d0,1635.39
9dec1baba5b3d0fa11268c95630b391f9de664ad,1635.89
8a4bdaef7aeaaa62d4016b890cdca87b1a701b7f,1647.24
daef8bb412db6c94b9895837ae6e28c5770c65ad,1605.62
6de7cfcd9dbe64297a2d430601f69d0b8005eece,1636.83
56a09caa0eb6ac5997f8bf50ec4e5323b7fabc61,1608.64
6cbe7e494fe88f1d8c082353e2c54f6eb8fdc381,1641.69
1738779c5b673dd3eb504888773e2febc5987959,1612.00
00f831840d845d5e221d44ba5d0dfac1a41fdbca,1626.34
8a4bdaef7aeaaa62d4016b890cdca87b1a701b7f,1659.27
a6c195080466bb3cb7c5a4527622b8f49c7639ad,1629.54
00f85a826668e5dc1e7b180bba52f35ccb9dbaaf,1627.17
463f66d1df34d44f5a512e6d699fe593ab2a4dc1,1682.11
08fbe610441e2ab5beac49eb01ec84e9ccd5ff6a,1645.14
bf40e9ca9b325fd8a49b6df20bbb2ddf644b5a1c,1623.29
56a09caa0eb6ac5997f8bf50ec4e5323b7fabc61,1600.85
fc4b175e02df2ceabdec9371d1874a014a35472d,1603.71
be1301f86a80221ed5477980999d599a3710e1eb,1621.04
6423e659d5da3de14fc7bf2e31f3383d5c3646c4,1625.98
c9ce65a9fec3cf6ddeb2dbe5d98214b6a03698b4,1682.98
bf2cca2d597ed521d0ec1a153c9cee8f8db3e638,1621.46
c9ce65a9fec3cf6ddeb2dbe5d98214b6a03698b4,1641.61
5e0b048e22e422d5351e4dad7a3d90737003e456,1647.66
8c8f3f96e29c3dd7d7ad571f570d11abc21bf30e,1646.07
1738779c5b673dd3eb504888773e2febc5987959,1601.74
c7a56550796047a52d24486a49cdfb6dd683c0ab,1611.32
2398b3248cd9065136c5e4eab42981635bd5e200,1611.68
de0e749c519d7f220a9c9c393f412493d79916b1,1622.37
08fbe610441e2ab5beac49eb01ec84e9ccd5ff6a,1637.42
3a36f930fd5c7968f6a2a168077597d9d8c78ca7,1595.36
374ded2bc3d57108fffbead844371ecc5fab63ee,1638.77
c9ce65a9fec3cf6ddeb2dbe5d98214b6a03698b4,1652.13
a6c195080466bb3cb7c5a4527622b8f49c7639ad,1633.28
b3c2026ee7d8982cd7cd971a8305c0d14b5f56f0,1610.97
e1bfee9357360d0783d46476a6f029bf0336446e,1665.97
c73bad806913a560caabe30409c1c2492857e27e,1617.83
d5bc100eab6238b4b682a45fc04e829ff46459ef,1647.02
c73bad806913a560caabe30409c1c2492857e27e,1623.51
c3963d4bb19414d56f42986db96d62208309e748,1634.23
a6c195080466bb3cb7c5a4527622b8f49c7639ad,1608.61
daef8bb412db6c94b9895837ae6e28c5770c65ad,1645.47
1963a7c17fc8b95ec6f6d150d716c9d9c4065c2e,1637.96
4fb1036ce7892fa1f938cee4f37435e85dd30797,1626.30
f11d93c1497a7b7ec571a47190c41f79d725640c,1604.17
7e9160110f3cac233e748f4f31c2ec22f0286f6b,1607.33
f1f9b887101822703be6f5414e45dd296fb3c43a,1590.21
385219da0dea81918ffc285b42cca51f9c8d9df9,1635.72
8a342fda89d457a585f515d99e6b4106d490b220,1627.27
9ba6dc7a955ed23884e8e25f8d503c4fe144c27a,1641.56
c393413d45f9be6915d6f243b255bd4df18d2774,1609.68
b618c75d8454db1d29eb71435664977fab72be06,1631.71
c393413d45f9be6915d6f243b255bd4df18d2774,1620.41
385219da0dea81918ffc285b42cca51f9c8d9df9,1667.26
9ba6dc7a955ed23884e8e25f8d503c4fe144c27a,1658.35
ad76a8379cd7779907a6400b99e78253fd7158e7,1605.47
55506ebc6c1472e2e358d316a2763cf86bfdc046,1615.77
c8b6f2e91d7a76ad4635b7e9933e1aadeb0c55e8,1657.95
b618c75d8454db1d29eb71435664977fab72be06,1633.20
6de7cfcd9dbe64297a2d430601f69d0b8005eece,1601.27
dcf190c8bd60d43636ea276ad9b980383f669bbc,1596.17
2b443dff8770a97fe6f2a49db88f58e30b84abc6,1666.78
b4b3fd177d5750b15f8ad8322a696d91cbea034e,1635.95
eb602e76466ef383d68aecd944af912ab11abfd4,1626.53
64ffbcdda3d79b16436ba3870ec7770d69667aa4,1619.09
48d4be45a72c8f98c29e10fe03a3ac80fcc170bd,1598.20
5e0b048e22e422d5351e4dad7a3d90737003e456,1718.29
61ecdf33d20d345beaf5c044f18596f63f98746c,1635.54
4fb1036ce7892fa1f938cee4f37435e85dd30797,1648.77
d230a00bcb4a770d45a26aafc783f8194b258c07,1618.63
00f831840d845d5e221d44ba5d0dfac1a41fdbca,1631.19
b4b3fd177d5750b15f8ad8322a696d91cbea034e,1629.11
64ffbcdda3d79b16436ba3870ec7770d69667aa4,1600.70
fea30344ec7da82f03b3566df72631d8dfee334a,1654.89
bf2cca2d597ed521d0ec1a153c9cee8f8db3e638,1610.46
1738779c5b673dd3eb504888773e2febc5987959,1623.21
6c55f019248a0ff617086565451d21754b9cfd15,1622.46
c7a56550796047a52d24486a49cdfb6dd683c0ab,1631.36
15558b476402fe217fbfd925d085c889a09d6fc1,1648.12
73d450657932370e516f205537b395d1d055d043,1627.13
c8b6f2e91d7a76ad4635b7e9933e1aadeb0c55e8,1610.05
5ad4b5347b9aec819ed1017fff5faac9c9da715e,1640.34
b618c75d8454db1d29eb71435664977fab72be06,1623.84
8eecef379d5c5af27a9a438fdfce82460e44f08b,1618.13
6423e659d5da3de14fc7bf2e31f3383d5c3646c4,1604.39
d5bc100eab6238b4b682a45fc04e829ff46459ef,1623.26
463f66d1df34d44f5a512e6d699fe593ab2a4dc1,1649.50
b4b3fd177d5750b15f8ad8322a696d91cbea034e,1659.64
19e8539fbfae80432fc4d8e9b562a39f786f547e,1585.66
a6c195080466bb3cb7c5a4527622b8f49c7639ad,1624.54
6cbe7e494fe88f1d8c082353e2c54f6eb8fdc381,1604.19
954c46a92a1a0c5052ed241d4398db8b0331e1f3,1610.34
1963a7c17fc8b95ec6f6d150d716c9d9c4065c2e,1637.06
e283a32f58239762b708d116b7a95ce9bb92a96d,1650.86
38615afffecc51519e00f1b4769f6d2dc220c9bc,1624.12
b3c2026ee7d8982cd7cd971a8305c0d14b5f56f0,1593.02
cea804ab08e8bf1c81f7d279e62b9a34857cd8d0,1618.83
e39b9b972ddccb73939c335231cb7d80528387d6,1627.25
8c8f3f96e29c3dd7d7ad571f570d11abc21bf30e,1603.79
4d7e47fb8e703566476d4267a98a1464395248f3,1627.99
6de7cfcd9dbe64297a2d430601f69d0b8005eece,1624.76
5e0b048e22e422d5351e4dad7a3d90737003e456,1714.94
c76e81ec60cfe4d15ce2a7cec3a787eb9017d1e8,1652.94
65589f14fea11a9eb3213e6f33c8307b0f57e767,1625.19
f1f9b887101822703be6f5414e45dd296fb3c43a,1612.76
1963a7c17fc8b95ec6f6d150d716c9d9c4065c2e,1648.48
55506ebc6c1472e2e358d316a2763cf86bfdc046,1658.22
d94c78cd8664e5159568de57f343d8d014669153,1633.44
61ecdf33d20d345beaf5c044f18596f63f98746c,1626.10
b4751ad1c3e49acf06824ba2e3d9e046be159f0d,1649.44
3a36f930fd5c7968f6a2a168077597d9d8c78ca7,1607.36
73d450657932370e516f205537b395d1d055d043,1638.32
39c486dc5826b8b60e82316d7dc05f85eca2fa02,1632.95
945b5218b271d8c8cc0df529e8b1fd0330971e41,1621.33
b3c2026ee7d8982cd7cd971a8305c0d14b5f56f0,1618.19
68f6f9ccb349d9ceef8caaf212d513b2d8f8d7ea,1596.24
00f85a826668e5dc1e7b180bba52f35ccb9dbaaf,1631.81
8a4bdaef7aeaaa62d4016b890cdca87b1a701b7f,1636.77
374ded2bc3d57108fffbead844371ecc5fab63ee,1638.54
3375e1c24fcbb2b53819bf87460f3eb4932b1c78,1618.43
74a1f6b9f4abafbf03e2c00c0f8b7d46a8b81dce,1648.31
00f831840d845d5e221d44ba5d0dfac1a41fdbca,1640.77
97e6211c5e06a93bbc050a29b38743ec14ee652c,1627.81
19e8539fbfae80432fc4d8e9b562a39f786f547e,1622.14
c9ce65a9fec3cf6ddeb2dbe5d98214b6a03698b4,1645.96
c7a56550796047a52d24486a49cdfb6dd683c0ab,1654.26
f11d93c1497a7b7ec571a47190c41f79d725640c,1624.52
60281c5519b423f095bcec9bb6c79f8b35e49b0e,1598.76
374ded2bc3d57108fffbead844371ecc5fab63ee,1635.34
f5244dc384063de6bf8f5429c95a0751916938f6,1604.13
6423e659d5da3de14fc7bf2e31f3383d5c3646c4,1628.16
210bc36549bfd588a5fd602ce2adf9570b612b58,1601.31
de0e749c519d7f220a9c9c393f412493d79916b1,1629.29
3375e1c24fcbb2b53819bf87460f3eb4932b1c78,1648.43
5e0b048e22e422d5351e4dad7a3d90737003e456,1643.42
c76e81ec60cfe4d15ce2a7cec3a787eb9017d1e8,1632.19
daef8bb412db6c94b9895837ae6e28c5770c65ad,1614.39
fc4b175e02df2ceabdec9371d1874a014a35472d,1614.81
4b91adf9a4afb4eaf0e815c48b5d2cfdcb639f66,1670.24
39c486dc5826b8b60e82316d7dc05f85eca2fa02,1638.62
4d7e47fb8e703566476d4267a98a1464395248f3,1591.89
b5761608fc8862a58403b88f4582b5f883ad31ea,1647.04
c76e81ec60cfe4d15ce2a7cec3a787eb9017d1e8,1622.34
55506ebc6c1472e2e358d316a2763cf86bfdc046,1619.09
27e7d5f03d85bea15fbfe5432c37c6de94965a82,1606.95
68f6f9ccb349d9ceef8caaf212d513b2d8f8d7ea,1627.97
210bc36549bfd588a5fd602ce2adf9570b612b58,1613.87
b3c2026ee7d8982cd7cd971a8305c0d14b5f56f0,1596.44
dc3b6c59d2d4dc1b72424785e9b8455b1df15664,1621.38
ad76a8379cd7779907a6400b99e78253fd7158e7,1617.24
c0306b0bd49bc8e43affac107c5290ef600fe2ef,1671.41
20c9162234e55a297cd1a2195af70d9353ab3e05,1624.38
dc3b6c59d2d4dc1b72424785e9b8455b1df15664,1616.01
374ded2bc3d57108fffbead844371ecc5fab63ee,1632.11
de0e749c519d7f220a9c9c393f412493d79916b1,1651.43
b3c2026ee7d8982cd7cd971a8305c0d14b5f56f0,1613.76
c3963d4bb19414d56f42986db96d62208309e748,1617.32
2b443dff8770a97fe6f2a49db88f58e30b84abc6,1666.19
cea804ab08e8bf1c81f7d279e62b9a34857cd8d0,1619.06
945b5218b271d8c8cc0df529e8b1fd0330971e41,1610.64
a0537c7623ba84252c5535020227babdf6da314f,1619.85
be1301f86a80221ed5477980999d599a3710e1eb,1651.38
f11d93c1497a7b7ec571a47190c41f79d725640c,1684.55
64ffbcdda3d79b16436ba3870ec7770d69667aa4,1599.36
48d4be45a72c8f98c29e10fe03a3ac80fcc170bd,1607.08
68f6f9ccb349d9ceef8caaf212d513b2d8f8d7ea,1616.11
97e6211c5e06a93bbc050a29b38743ec14ee652c,1659.01
6c0c2d4514278a82eb0868c5d978612a79c6d058,1624.50
64ffbcdda3d79b16436ba3870ec7770d69667aa4,1642.83
ad76a8379cd7779907a6400b99e78253fd7158e7,1652.35
20c9162234e55a297cd1a2195af70d9353ab3e05,1624.88
ad76a8379cd7779907a6400b99e78253fd7158e7,1626.55
27e7d5f03d85bea15fbfe5432c37c6de94965a82,1677.41
8eecef379d5c5af27a9a438fdfce82460e44f08b,1609.23
c0306b0bd49bc8e43affac107c5290ef600fe2ef,1661.57
047ac797fbc30e3487ce8583c74826237fbaab5a,1663.70
c7a56550796047a52d24486a49cdfb6dd683c0ab,1649.31
8a342fda89d457a585f515d99e6b4106d490b220,1632.67
5ad4b5347b9aec819ed1017fff5faac9c9da715e,1614.06
1963a7c17fc8b95ec6f6d150d716c9d9c4065c2e,1631.95
c76e81ec60cfe4d15ce2a7cec3a787eb9017d1e8,1632.09
1738779c5b673dd3eb504888773e2febc5987959,1628.05
f11d93c1497a7b7ec571a47190c41f79d725640c,1618.87
fc4b175e02df2ceabdec9371d1874a014a35472d,1633.21
dc3b6c59d2d4dc1b72424785e9b8455b1df15664,1647.85
c3963d4bb19414d56f42986db96d62208309e748,1659.81
65589f14fea11a9eb3213e6f33c8307b0f57e767,1635.00
b4b3fd177d5750b15f8ad8322a696d91cbea034e,1647.80
1f1f72d1e89821c630dcfc35e1a0a7f653cc877b,1678.11
8a342fda89d457a585f515d99e6b4106d490b220,1650.73
64ffbcdda3d79b16436ba3870ec7770d69667aa4,1620.66
d94c78cd8664e5159568de57f343d8d014669153,1609.87
210bc36549bfd588a5fd602ce2adf9570b612b58,1625.40
4fb1036ce7892fa1f938cee4f37435e85dd30797,1652.49
9ba6dc7a955ed23884e8e25f8d503c4fe144c27a,1632.80
6423e659d5da3de14fc7bf2e31f3383d5c3646c4,1604.96
c7a56550796047a52d24486a49cdfb6dd683c0ab,1617.03
b618c75d8454db1d29eb71435664977fab72be06,1654.76
d230a00bcb4a770d45a26aafc783f8194b258c07,1618.87
6c55f019248a0ff617086565451d21754b9cfd15,1608.10
48d4be45a72c8f98c29e10fe03a3ac80fcc170bd,1617.59
15558b476402fe217fbfd925d085c889a09d6fc1,1666.64
7e9160110f3cac233e748f4f31c2ec22f0286f6b,1681.74
f5244dc384063de6bf8f5429c95a0751916938f6,1588.46
f80f677d350d1d5155c226eb4c46aad8d2723203,1604.42
56a09caa0eb6ac5997f8bf50ec4e5323b7fabc61,1611.28
20c9162234e55a297cd1a2195af70d9353ab3e05,1632.92
97e6211c5e06a93bbc050a29b38743ec14ee652c,1623.10
b4b3fd177d5750b15f8ad8322a696d91cbea034e,1633.57
2b443dff8770a97fe6f2a49db88f58e30b84abc6,1633.79
c8b6f2e91d7a76ad4635b7e9933e1aadeb0c55e8,1629.61
e283a32f58239762b708d116b7a95ce9bb92a96d,1613.68
954c46a92a1a0c5052ed241d4398db8b0331e1f3,1676.37
b4751ad1c3e49acf06824ba2e3d9e046be159f0d,1609.03
de0e749c519d7f220a9c9c393f412493d79916b1,1626.64
15558b476402fe217fbfd925d085c889a09d6fc1,1627.84
1738779c5b673dd3eb504888773e2febc5987959,1591.83
f5244dc384063de6bf8f5429c95a0751916938f6,1598.19
463f66d1df34d44f5a512e6d699fe593ab2a4dc1,1640.43
6c0c2d4514278a82eb0868c5d978612a79c6d058,1613.56
74a1f6b9f4abafbf03e2c00c0f8b7d46a8b81dce,1647.29
6cbe7e494fe88f1d8c082353e2c54f6eb8fdc381,1606.72
69d2e43c266a2962f5a34e9a3d5f4f314fb1ef57,1621.61
c7a56550796047a52d24486a49cdfb6dd683c0ab,1640.33
7e9160110f3cac233e748f4f31c2ec22f0286f6b,1667.50
e1bfee9357360d0783d46476a6f029bf0336446e,1628.19
1738779c5b673dd3eb504888773e2febc5987959,1609.43
dcf190c8bd60d43636ea276ad9b980383f669bbc,1610.23
dc3b6c59d2d4dc1b72424785e9b8455b1df15664,1623.84
61ecdf33d20d345beaf5c044f18596f63f98746c,1604.64
19e8539fbfae80432fc4d8e9b562a39f786f547e,1594.94
bf40e9ca9b325fd8a49b6df20bbb2ddf644b5a1c,1651.90
03df8cede945507c103249250d758eea72629cc2,1623.01
8a342fda89d457a585f515d99e6b4106d490b220,1656.60
9dec1baba5b3d0fa11268c95630b391f9de664ad,1668.83
c73bad806913a560caabe30409c1c2492857e27e,1591.89
65589f14fea11a9eb3213e6f33c8307b0f57e767,1604.31
6c0c2d4514278a82eb0868c5d978612a79c6d058,1641.18
1963a7c17fc8b95ec6f6d150d716c9d9c4065c2e,1649.35
3375e1c24fcbb2b53819bf87460f3eb4932b1c78,1634.46
6c55f019248a0ff617086565451d21754b9cfd15,1630.30
b3c2026ee7d8982cd7cd971a8305c0d14b5f56f0,1606.96
374ded2bc3d57108fffbead844371ecc5fab63ee,1670.18
dcf190c8bd60d43636ea276ad9b980383f669bbc,1634.36
08fbe610441e2ab5beac49eb01ec84e9ccd5ff6a,1611.57
6c55f019248a0ff617086565451d21754b9cfd15,1615.69
19e8539fbfae80432fc4d8e9b562a39f786f547e,1617.48
d4b2c36dadad3e644d1c1b5b85aa704b22c3b077,1627.95
ad76a8379cd7779907a6400b99e78253fd7158e7,1656.45
b3c2026ee7d8982cd7cd971a8305c0d14b5f56f0,1635.32
c7a56550796047a52d24486a49cdfb6dd683c0ab,1625.44
6423e659d5da3de14fc7bf2e31f3383d5c3646c4,1647.96
945b5218b271d8c8cc0df529e8b1fd0330971e41,1623.09
e89cf549b14af5bc0ced21c83f6c2fe4c0bca5fd,1694.80
ad76a8379cd7779907a6400b99e78253fd7158e7,1607.82
2398b3248cd9065136c5e4eab42981635bd5e200,1600.92
6c55f019248a0ff617086565451d21754b9cfd15,1637.16
27e7d5f03d85bea15fbfe5432c37c6de94965a82,1623.39
bf2cca2d597ed521d0ec1a153c9cee8f8db3e638,1643.36
be1301f86a80221ed5477980999d599a3710e1eb,1617.70
5ad4b5347b9aec819ed1017fff5faac9c9da715e,1626.17
74a1f6b9f4abafbf03e2c00c0f8b7d46a8b81dce,1654.08
a0537c7623ba84252c5535020227babdf6da314f,1627.09
c7db66ea66c0558395b6cf2ef5ad3f59da36c88d,1635.30
97e6211c5e06a93bbc050a29b38743ec14ee652c,1631.63
daef8bb412db6c94b9895837ae6e28c5770c65ad,1626.52
4fb1036ce7892fa1f938cee4f37435e85dd30797,1619.19
3a36f930fd5c7968f6a2a168077597d9d8c78ca7,1641.66
38615afffecc51519e00f1b4769f6d2dc220c9bc,1656.38
b4751ad1c3e49acf06824ba2e3d9e046be159f0d,1629.00
463f66d1df34d44f5a512e6d699fe593ab2a4dc1,1628.84
3375e1c24fcbb2b53819bf87460f3eb4932b1c78,1670.01
7e9160110f3cac233e748f4f31c2ec22f0286f6b,1632.56
65589f14fea11a9eb3213e6f33c8307b0f57e767,1620.13
c8b6f2e91d7a76ad4635b7e9933e1aadeb0c55e8,1596.82
daef8bb412db6c94b9895837ae6e28c5770c65ad,1629.35
f11d93c1497a7b7ec571a47190c41f79d725640c,1614.24
3a36f930fd5c7968f6a2a168077597d9d8c78ca7,1599.87
73d450657932370e516f205537b395d1d055d043,1659.03
55506ebc6c1472e2e358d316a2763cf86bfdc046,1613.01
c7db66ea66c0558395b6cf2ef5ad3f59da36c88d,1639.08
97e6211c5e06a93bbc050a29b38743ec14ee652c,1623.99
4b91adf9a4afb4eaf0e815c48b5d2cfdcb639f66,1627.53
de0e749c519d7f220a9c9c393f412493d79916b1,1661.13
9dec1baba5b3d0fa11268c95630b391f9de664ad,1668.29
6c55f019248a0ff617086565451d21754b9cfd15,1626.24
fc4b175e02df2ceabdec9371d1874a014a35472d,1628.87
39c486dc5826b8b60e82316d7dc05f85eca2fa02,1615.46
dcf190c8bd60d43636ea276ad9b980383f669bbc,1635.04
945b5218b271d8c8cc0df529e8b1fd0330971e41,1629.35
5e0b048e22e422d5351e4dad7a3d90737003e456,1625.42
f1f9b887101822703be6f5414e45dd296fb3c43a,1621.74
68f6f9ccb349d9ceef8caaf212d513b2d8f8d7ea,1610.26
6de7cfcd9dbe64297a2d430601f69d0b8005eece,1616.06
08fbe610441e2ab5beac49eb01ec84e9ccd5ff6a,1667.31
de0e749c519d7f220a9c9c393f412493d79916b1,1657.86
1f1f72d1e89821c630dcfc35e1a0a7f653cc877b,1652.87
be1301f86a80221ed5477980999d599a3710e1eb,1604.06
eb602e76466ef383d68aecd944af912ab11abfd4,1611.47
bf2cca2d597ed521d0ec1a153c9cee8f8db3e638,1600.58
bf2cca2d597ed521d0ec1a153c9cee8f8db3e638,1613.33
27e7d5f03d85bea15fbfe5432c37c6de94965a82,1643.22
dc3b6c59d2d4dc1b72424785e9b8455b1df15664,1618.29
d94c78cd8664e5159568de57f343d8d014669153,1629.16
b618c75d8454db1d29eb71435664977fab72be06,1600.43
69d2e43c266a2962f5a34e9a3d5f4f314fb1ef57,1637.51
39c486dc5826b8b60e82316d7dc05f85eca2fa02,1630.85
c0306b0bd49bc8e43affac107c5290ef600fe2ef,1625.31
61ecdf33d20d345beaf5c044f18596f63f98746c,1683.72
bf40e9ca9b325fd8a49b6df20bbb2ddf644b5a1c,1660.03
f11d93c1497a7b7ec571a47190c41f79d725640c,1636.31
e39b9b972ddccb73939c335231cb7d80528387d6,1656.60
1738779c5b673dd3eb504888773e2febc5987959,1615.95
8a4bdaef7aeaaa62d4016b890cdca87b1a701b7f,1626.14
2b443dff8770a97fe6f2a49db88f58e30b84abc6,1653.04
73d450657932370e516f205537b395d1d055d043,1649.20
e283a32f58239762b708d116b7a95ce9bb92a96d,1597.94
74a1f6b9f4abafbf03e2c00c0f8b7d46a8b81dce,1628.76
acc41a5397f3667d6cbe9105bf33868ff89c219c,1652.19
4b91adf9a4afb4eaf0e815c48b5d2cfdcb639f66,1617.15
8eecef379d5c5af27a9a438fdfce82460e44f08b,1643.36
5ad4b5347b9aec819ed1017fff5faac9c9da715e,1669.61
f80f677d350d1d5155c226eb4c46aad8d2723203,1619.47
e39b9b972ddccb73939c335231cb7d80528387d6,1612.74
3244429f2e5a023e8833c39acfef36237de015c8,1680.47
e89cf549b14af5bc0ced21c83f6c2fe4c0bca5fd,1661.69
f1f9b887101822703be6f5414e45dd296fb3c43a,1634.08
08fbe610441e2ab5beac49eb01ec84e9ccd5ff6a,1622.49
69d2e43c266a2962f5a34e9a3d5f4f314fb1ef57,1618.15
65589f14fea11a9eb3213e6f33c8307b0f57e767,1622.32
8a342fda89d457a585f515d99e6b4106d490b220,1619.19
20c9162234e55a297cd1a2195af70d9353ab3e05,1619.63
78be89abde691c066fd55a1ca24254447e21cfe6,1618.23
68f6f9ccb349d9ceef8caaf212d513b2d8f8d7ea,1640.29
00f831840d845d5e221d44ba5d0dfac1a41fdbca,1666.80
7e9160110f3cac233e748f4f31c2ec22f0286f6b,1638.16
68f6f9ccb349d9ceef8caaf212d513b2d8f8d7ea,1631.53
463f66d1df34d44f5a512e6d699fe593ab2a4dc1,1628.55
208f30910b3db4a1d560bc22e1c40cbc7ffc60e6,1643.07
bf2cca2d597ed521d0ec1a153c9cee8f8db3e638,1607.29
374ded2bc3d57108fffbead844371ecc5fab63ee,1628.22
9dec1baba5b3d0fa11268c95630b391f9de664ad,1621.70
2b443dff8770a97fe6f2a49db88f58e30b84abc6,1691.51
cea804ab08e8bf1c81f7d279e62b9a34857cd8d0,1644.73
08fbe610441e2ab5beac49eb01ec84e9ccd5ff6a,1609.00
945b5218b271d8c8cc0df529e8b1fd0330971e41,1629.27
6c0c2d4514278a82eb0868c5d978612a79c6d058,1667.94
00f85a826668e5dc1e7b180bba52f35ccb9dbaaf,1625.06
15558b476402fe217fbfd925d085c889a09d6fc1,1644.79
c0306b0bd49bc8e43affac107c5290ef600fe2ef,1637.26
55506ebc6c1472e2e358d316a2763cf86bfdc046,1610.37
1963a7c17fc8b95ec6f6d150d716c9d9c4065c2e,1639.76
8a342fda89d457a585f515d99e6b4106d490b220,1666.62
55506ebc6c1472e2e358d316a2763cf86bfdc046,1620.49
65589f14fea11a9eb3213e6f33c8307b0f57e767,1663.29
8eecef379d5c5af27a9a438fdfce82460e44f08b,1633.48
55506ebc6c1472e2e358d316a2763cf86bfdc046,1608.60
55506ebc6c1472e2e358d316a2763cf86bfdc046,1617.04
e39b9b972ddccb73939c335231cb7d80528387d6,1659.42
e283a32f58239762b708d116b7a95ce9bb92a96d,1603.40
9ba6dc7a955ed23884e8e25f8d503c4fe144c27a,1619.04
38615afffecc51519e00f1b4769f6d2dc220c9bc,1630.31
39c486dc5826b8b60e82316d7dc05f85eca2fa02,1608.39
bf40e9ca9b325fd8a49b6df20bbb2ddf644b5a1c,1648.47
6c0c2d4514278a82eb0868c5d978612a79c6d058,1619.62
385219da0dea81918ffc285b42cca51f9c8d9df9,1610.17
b4751ad1c3e49acf06824ba2e3d9e046be159f0d,1610.48
d230a00bcb4a770d45a26aafc783f8194b258c07,1596.89
dc3b6c59d2d4dc1b72424785e9b8455b1df15664,1603.91
a6c195080466bb3cb7c5a4527622b8f49c7639ad,1609.24
daef8bb412db6c94b9895837ae6e28c5770c65ad,1655.65
ad76a8379cd7779907a6400b99e78253fd7158e7,1618.49
c7a56550796047a52d24486a49cdfb6dd683c0ab,1659.90
56a09caa0eb6ac5997f8bf50ec4e5323b7fabc61,1641.79
65589f14fea11a9eb3213e6f33c8307b0f57e767,1612.92
385219da0dea81918ffc285b42cca51f9c8d9df9,1609.25
c76e81ec60cfe4d15ce2a7cec3a787eb9017d1e8,1634.51
48d4be45a72c8f98c29e10fe03a3ac80fcc170bd,1633.83
20c9162234e55a297cd1a2195af70d9353ab3e05,1634.03
61ecdf33d20d345beaf5c044f18596f63f98746c,1624.37
fea30344ec7da82f03b3566df72631d8dfee334a,1648.09
cea804ab08e8bf1c81f7d279e62b9a34857cd8d0,1677.99
bf2cca2d597ed521d0ec1a153c9cee8f8db3e638,1594.61
6de7cfcd9dbe64297a2d430601f69d0b8005eece,1622.28
be1301f86a80221ed5477980999d599a3710e1eb,1637.67
c393413d45f9be6915d6f243b255bd4df18d2774,1606.35
d4b2c36dadad3e644d1c1b5b85aa704b22c3b077,1629.17
f5244dc384063de6bf8f5429c95a0751916938f6,1600.36
d5bc100eab6238b4b682a45fc04e829ff46459ef,1651.30
244db10b40f6b8138747a99d93d95eb57bf47156,1610.89
d5bc100eab6238b4b682a45fc04e829ff46459ef,1653.98
1f1f72d1e89821c630dcfc35e1a0a7f653cc877b,1677.32
6de7cfcd9dbe64297a2d430601f69d0b8005eece,1618.82
6c55f019248a0ff617086565451d21754b9cfd15,1635.62
2b443dff8770a97fe6f2a49db88f58e30b84abc6,1656.68
2b443dff8770a97fe6f2a49db88f58e30b84abc6,1698.57
3244429f2e5a023e8833c39acfef36237de015c8,1618.33
8eecef379d5c5af27a9a438fdfce82460e44f08b,1605.58
ad76a8379cd7779907a6400b99e78253fd7158e7,1613.95
c7db66ea66c0558395b6cf2ef5ad3f59da36c88d,1657.92
e39b9b972ddccb73939c335231cb7d80528387d6,1636.21
acc41a5397f3667d6cbe9105bf33868ff89c219c,1643.65
244db10b40f6b8138747a99d93d95eb57bf47156,1616.24
b618c75d8454db1d29eb71435664977fab72be06,1622.22
5ad4b5347b9aec819ed1017fff5faac9c9da715e,1616.65
d5bc100eab6238b4b682a45fc04e829ff46459ef,1666.15
d4b2c36dadad3e644d1c1b5b85aa704b22c3b077,1651.56
27e7d5f03d85bea15fbfe5432c37c6de94965a82,1598.63
8eecef379d5c5af27a9a438fdfce82460e44f08b,1604.44
03df8cede945507c103249250d758eea72629cc2,1653.15
00f831840d845d5e221d44ba5d0dfac1a41fdbca,1630.91
03df8cede945507c103249250d758eea72629cc2,1630.85
9ba6dc7a955ed23884e8e25f8d503c4fe144c27a,1621.67
e283a32f58239762b708d116b7a95ce9bb92a96d,1623.77
acc41a5397f3667d6cbe9105bf33868ff89c219c,1631.99
cea804ab08e8bf1c81f7d279e62b9a34857cd8d0,1649.69
5e0b048e22e422d5351e4dad7a3d90737003e456,1629.21
b5761608fc8862a58403b88f4582b5f883ad31ea,1629.80
c8b6f2e91d7a76ad4635b7e9933e1aadeb0c55e8,1626.81
b618c75d8454db1d29eb71435664977fab72be06,1644.59
acc41a5397f3667d6cbe9105bf33868ff89c219c,1622.09
5e0b048e22e422d5351e4dad7a3d90737003e456,1632.53
27e7d5f03d85bea15fbfe5432c37c6de94965a82,1607.16
bf40e9ca9b325fd8a49b6df20bbb2ddf644b5a1c,1671.47
5ad4b5347b9aec819ed1017fff5faac9c9da715e,1652.44
210bc36549bfd588a5fd602ce2adf9570b612b58,1625.10
eb602e76466ef383d68aecd944af912ab11abfd4,1609.54
b4751ad1c3e49acf06824ba2e3d9e046be159f0d,1634.90
047ac797fbc30e3487ce8583c74826237fbaab5a,1632.66
244db10b40f6b8138747a99d93d95eb57bf47156,1620.17
64ffbcdda3d79b16436ba3870ec7770d69667aa4,1618.39
3375e1c24fcbb2b53819bf87460f3eb4932b1c78,1654.88
a0537c7623ba84252c5535020227babdf6da314f,1637.37
73d450657932370e516f205537b395d1d055d043,1653.71
f5244dc384063de6bf8f5429c95a0751916938f6,1618.04
fc4b175e02df2ceabdec9371d1874a014a35472d,1627.54
60281c5519b423f095bcec9bb6c79f8b35e49b0e,1621.15
48d4be45a72c8f98c29e10fe03a3ac80fcc170bd,1639.14
8a342fda89d457a585f515d99e6b4106d490b220,1630.41
954c46a92a1a0c5052ed241d4398db8b0331e1f3,1620.33
ad76a8379cd7779907a6400b99e78253fd7158e7,1599.32
e860de61d39708f10f5f90f87bbb961e65e6da49,1615.44
08fbe610441e2ab5beac49eb01ec84e9ccd5ff6a,1608.51
9ba6dc7a955ed23884e8e25f8d503c4fe144c27a,1622.38
48d4be45a72c8f98c29e10fe03a3ac80fcc170bd,1612.69
73d450657932370e516f205537b395d1d055d043,1630.45
8c8f3f96e29c3dd7d7ad571f570d11abc21bf30e,1639.19
f80f677d350d1d5155c226eb4c46aad8d2723203,1614.47
daef8bb412db6c94b9895837ae6e28c5770c65ad,1624.53
6de7cfcd9dbe64297a2d430601f69d0b8005eece,1622.12
daef8bb412db6c94b9895837ae6e28c5770c65ad,1641.26
cea804ab08e8bf1c81f7d279e62b9a34857cd8d0,1639.65
39c486dc5826b8b60e82316d7dc05f85eca2fa02,1624.43
d5bc100eab6238b4b682a45fc04e829ff46459ef,1636.74
f5244dc384063de6bf8f5429c95a0751916938f6,1618.64
74a1f6b9f4abafbf03e2c00c0f8b7d46a8b81dce,1668.98
b4b3fd177d5750b15f8ad8322a696d91cbea034e,1621.20
6de7cfcd9dbe64297a2d430601f69d0b8005eece,1619.56
5e0b048e22e422d5351e4dad7a3d90737003e456,1651.66
b3c2026ee7d8982cd7cd971a8305c0d14b5f56f0,1631.22
cea804ab08e8bf1c81f7d279e62b9a34857cd8d0,1622.42
6c55f019248a0ff617086565451d21754b9cfd15,1655.03
61ecdf33d20d345beaf5c044f18596f63f98746c,1608.90
4b91adf9a4afb4eaf0e815c48b5d2cfdcb639f66,1615.28
f11d93c1497a7b7ec571a47190c41f79d725640c,1621.49
74a1f6b9f4abafbf03e2c00c0f8b7d46a8b81dce,1645.98
27e7d5f03d85bea15fbfe5432c37c6de94965a82,1630.39
a6c195080466bb3cb7c5a4527622b8f49c7639ad,1634.54
c37e8d66dd7acd1cef8a5fc860140f8796c84ab4,1632.53
08fbe610441e2ab5beac49eb01ec84e9ccd5ff6a,1674.99
c7db66ea66c0558395b6cf2ef5ad3f59da36c88d,1672.27
b5761608fc8862a58403b88f4582b5f883ad31ea,1648.07
1738779c5b673dd3eb504888773e2febc5987959,1626.39
39c486dc5826b8b60e82316d7dc05f85eca2fa02,1613.20
9dec1baba5b3d0fa11268c95630b391f9de664ad,1626.62
dcf190c8bd60d43636ea276ad9b980383f669bbc,1614.73
48d4be45a72c8f98c29e10fe03a3ac80fcc170bd,1600.27
74a1f6b9f4abafbf03e2c00c0f8b7d46a8b81dce,1691.51
a0537c7623ba84252c5535020227babdf6da314f,1631.57
d4b2c36dadad3e644d1c1b5b85aa704b22c3b077,1617.86
68f6f9ccb349d9ceef8caaf212d513b2d8f8d7ea,1624.53
60281c5519b423f095bcec9bb6c79f8b35e49b0e,1604.21
2b443dff8770a97fe6f2a49db88f58e30b84abc6,1632.53
f5244dc384063de6bf8f5429c95a0751916938f6,1634.31
4b91adf9a4afb4eaf0e815c48b5d2cfdcb639f66,1632.38
8a4bdaef7aeaaa62d4016b890cdca87b1a701b7f,1635.10
2398b3248cd9065136c5e4eab42981635bd5e200,1639.42
9ba6dc7a955ed23884e8e25f8d503c4fe144c27a,1657.63
5ad4b5347b9aec819ed1017fff5faac9c9da715e,1613.59
c7db66ea66c0558395b6cf2ef5ad3f59da36c88d,1652.41
cea804ab08e8bf1c81f7d279e62b9a34857cd8d0,1635.48
c393413d45f9be6915d6f243b255bd4df18d2774,1620.09
8c8f3f96e29c3dd7d7ad571f570d11abc21bf30e,1631.92
954c46a92a1a0c5052ed241d4398db8b0331e1f3,1625.59
1f1f72d1e89821c630dcfc35e1a0a7f653cc877b,1637.99
e860de61d39708f10f5f90f87bbb961e65e6da49,1647.39
e39b9b972ddccb73939c335231cb7d80528387d6,1624.06
2b443dff8770a97fe6f2a49db88f58e30b84abc6,1664.06
c3963d4bb19414d56f42986db96d62208309e748,1639.55
cea804ab08e8bf1c81f7d279e62b9a34857cd8d0,1635.41
65589f14fea11a9eb3213e6f33c8307b0f57e767,1609.68
c7db66ea66c0558395b6cf2ef5ad3f59da36c88d,1679.28
dc3b6c59d2d4dc1b72424785e9b8455b1df15664,1608.81
047ac797fbc30e3487ce8583c74826237fbaab5a,1612.98
b5761608fc8862a58403b88f4582b5f883ad31ea,1653.75
c37e8d66dd7acd1cef8a5fc860140f8796c84ab4,1639.48
f1f9b887101822703be6f5414e45dd296fb3c43a,1608.49
acc41a5397f3667d6cbe9105bf33868ff89c219c,1611.82
60281c5519b423f095bcec9bb6c79f8b35e49b0e,1641.29
4d7e47fb8e703566476d4267a98a1464395248f3,1697.99
e89cf549b14af5bc0ced21c83f6c2fe4c0bca5fd,1597.05
210bc36549bfd588a5fd602ce2adf9570b612b58,1640.22
69d2e43c266a2962f5a34e9a3d5f4f314fb1ef57,1618.00
e1bfee9357360d0783d46476a6f029bf0336446e,1627.05
00f85a826668e5dc1e7b180bba52f35ccb9dbaaf,1603.33
945b5218b271d8c8cc0df529e8b1fd0330971e41,1625.24
1963a7c17fc8b95ec6f6d150d716c9d9c4065c2e,1634.36
38615afffecc51519e00f1b4769f6d2dc220c9bc,1636.82
64ffbcdda3d79b16436ba3870ec7770d69667aa4,1637.65
97e6211c5e06a93bbc050a29b38743ec14ee652c,1647.71
daef8bb412db6c94b9895837ae6e28c5770c65ad,1647.09
b3c2026ee7d8982cd7cd971a8305c0d14b5f56f0,1620.07
be1301f86a80221ed5477980999d599a3710e1eb,1648.81
39c486dc5826b8b60e82316d7dc05f85eca2fa02,1634.65
f11d93c1497a7b7ec571a47190c41f79d725640c,1614.46
daef8bb412db6c94b9895837ae6e28c5770c65ad,1623.84
3a36f930fd5c7968f6a2a168077597d9d8c78ca7,1632.69
dcf190c8bd60d43636ea276ad9b980383f669bbc,1590.91
a0537c7623ba84252c5535020227babdf6da314f,1636.43
64ffbcdda3d79b16436ba3870ec7770d69667aa4,1605.89
c37e8d66dd7acd1cef8a5fc860140f8796c84ab4,1644.27
ad76a8379cd7779907a6400b99e78253fd7158e7,1616.45
c7a56550796047a52d24486a49cdfb6dd683c0ab,1623.01
2b443dff8770a97fe6f2a49db88f58e30b84abc6,1682.98
a6c195080466bb3cb7c5a4527622b8f49c7639ad,1644.66
e283a32f58239762b708d116b7a95ce9bb92a96d,1596.53
be1301f86a80221ed5477980999d599a3710e1eb,1627.77
e860de61d39708f10f5f90f87bbb961e65e6da49,1622.93
69d2e43c266a2962f5a34e9a3d5f4f314fb1ef57,1608.93
38615afffecc51519e00f1b4769f6d2dc220c9bc,1633.29
4b91adf9a4afb4eaf0e815c48b5d2cfdcb639f66,1642.30
047ac797fbc30e3487ce8583c74826237fbaab5a,1602.58
97e6211c5e06a93bbc050a29b38743ec14ee652c,1671.25
69d2e43c266a2962f5a34e9a3d5f4f314fb1ef57,1644.36
61ecdf33d20d345beaf5c044f18596f63f98746c,1630.36
68f6f9ccb349d9ceef8caaf212d513b2d8f8d7ea,1615.62
fc4b175e02df2ceabdec9371d1874a014a35472d,1627.62
c3963d4bb19414d56f42986db96d62208309e748,1634.32
c73bad806913a560caabe30409c1c2492857e27e,1599.70
daef8bb412db6c94b9895837ae6e28c5770c65ad,1635.86
68f6f9ccb349d9ceef8caaf212d513b2d8f8d7ea,1631.18
3375e1c24fcbb2b53819bf87460f3eb4932b1c78,1644.98
c76e81ec60cfe4d15ce2a7cec3a787eb9017d1e8,1642.75
c8b6f2e91d7a76ad4635b7e9933e1aadeb0c55e8,1602.22
b3c2026ee7d8982cd7cd971a8305c0d14b5f56f0,1606.07
20c9162234e55a297cd1a2195af70d9353ab3e05,1659.97
65589f14fea11a9eb3213e6f33c8307b0f57e767,1605.80
f5244dc384063de6bf8f5429c95a0751916938f6,1593.67
e860de61d39708f10f5f90f87bbb961e65e6da49,1626.87
48d4be45a72c8f98c29e10fe03a3ac80fcc170bd,1646.53
48d4be45a72c8f98c29e10fe03a3ac80fcc170bd,1616.26
68f6f9ccb349d9ceef8caaf212d513b2d8f8d7ea,1614.34
c3963d4bb19414d56f42986db96d62208309e748,1586.91
15558b476402fe217fbfd925d085c889a09d6fc1,1634.81
daef8bb412db6c94b9895837ae6e28c5770c65ad,1647.29
20c9162234e55a297cd1a2195af70d9353ab3e05,1623.81
64ffbcdda3d79b16436ba3870ec7770d69667aa4,1622.25
c37e8d66dd7acd1cef8a5fc860140f8796c84ab4,1653.03
97e6211c5e06a93bbc050a29b38743ec14ee652c,1656.84
c7db66ea66c0558395b6cf2ef5ad3f59da36c88d,1659.48
208f30910b3db4a1d560bc22e1c40cbc7ffc60e6,1603.01
a0537c7623ba84252c5535020227babdf6da314f,1645.73
1738779c5b673dd3eb504888773e2febc5987959,1607.87
c0306b0bd49bc8e43affac107c5290ef600fe2ef,1607.53
15558b476402fe217fbfd925d085c889a09d6fc1,1625.46
208f30910b3db4a1d560bc22e1c40cbc7ffc60e6,1626.33
de0e749c519d7f220a9c9c393f412493d79916b1,1648.70
c73bad806913a560caabe30409c1c2492857e27e,1592.50
38615afffecc51519e00f1b4769f6d2dc220c9bc,1616.61
d5bc100eab6238b4b682a45fc04e829ff46459ef,1618.07
bf2cca2d597ed521d0ec1a153c9cee8f8db3e638,1600.70
047ac797fbc30e3487ce8583c74826237fbaab5a,1623.20
2398b3248cd9065136c5e4eab42981635bd5e200,1625.98
047ac797fbc30e3487ce8583c74826237fbaab5a,1643.30
f1f9b887101822703be6f5414e45dd296fb3c43a,1620.36
e860de61d39708f10f5f90f87bbb961e65e6da49,1626.41
eb602e76466ef383d68aecd944af912ab11abfd4,1606.48
244db10b40f6b8138747a99d93d95eb57bf47156,1615.48
210bc36549bfd588a5fd602ce2adf9570b612b58,1619.42
463f66d1df34d44f5a512e6d699fe593ab2a4dc1,1605.64
2398b3248cd9065136c5e4eab42981635bd5e200,1629.76
210bc36549bfd588a5fd602ce2adf9570b612b58,1618.64
f5244dc384063de6bf8f5429c95a0751916938f6,1632.85
fea30344ec7da82f03b3566df72631d8dfee334a,1621.92
d230a00bcb4a770d45a26aafc783f8194b258c07,1615.14
c393413d45f9be6915d6f243b255bd4df18d2774,1610.15
69d2e43c266a2962f5a34e9a3d5f4f314fb1ef57,1617.19
e39b9b972ddccb73939c335231cb7d80528387d6,1634.53
e283a32f58239762b708d116b7a95ce9bb92a96d,1605.90
be1301f86a80221ed5477980999d599a3710e1eb,1607.46
00f831840d845d5e221d44ba5d0dfac1a41fdbca,1647.39
c8b6f2e91d7a76ad4635b7e9933e1aadeb0c55e8,1628.97
c393413d45f9be6915d6f243b255bd4df18d2774,1668.19
6cbe7e494fe88f1d8c082353e2c54f6eb8fdc381,1614.06
39c486dc5826b8b60e82316d7dc05f85eca2fa02,1617.19
3a36f930fd5c7968f6a2a168077597d9d8c78ca7,1608.89
f80f677d350d1d5155c226eb4c46aad8d2723203,1627.56
fea30344ec7da82f03b3566df72631d8dfee334a,1619.43
1f1f72d1e89821c630dcfc35e1a0a7f653cc877b,1722.77
1738779c5b673dd3eb504888773e2febc5987959,1628.48
74a1f6b9f4abafbf03e2c00c0f8b7d46a8b81dce,1611.76
acc41a5397f3667d6cbe9105bf33868ff89c219c,1641.34
5ad4b5347b9aec819ed1017fff5faac9c9da715e,1623.79
6de7cfcd9dbe64297a2d430601f69d0b8005eece,1628.56
c8b6f2e91d7a76ad4635b7e9933e1aadeb0c55e8,1624.40
d94c78cd8664e5159568de57f343d8d014669153,1622.87
4b91adf9a4afb4eaf0e815c48b5d2cfdcb639f66,1628.34
c0306b0bd49bc8e43affac107c5290ef600fe2ef,1671.79
c73bad806913a560caabe30409c1c2492857e27e,1582.67
5e0b048e22e422d5351e4dad7a3d90737003e456,1637.32
55506ebc6c1472e2e358d316a2763cf86bfdc046,1600.64
6c55f019248a0ff617086565451d21754b9cfd15,1643.27
463f66d1df34d44f5a512e6d699fe593ab2a4dc1,1612.89
6423e659d5da3de14fc7bf2e31f3383d5c3646c4,1629.61
c7db66ea66c0558395b6cf2ef5ad3f59da36c88d,1672.74
1f1f72d1e89821c630dcfc35e1a0a7f653cc877b,1632.71
6c55f019248a0ff617086565451d21754b9cfd15,1649.67
f80f677d350d1d5155c226eb4c46aad8d2723203,1656.11
27e7d5f03d85bea15fbfe5432c37c6de94965a82,1641.48
954c46a92a1a0c5052ed241d4398db8b0331e1f3,1638.32
78be89abde691c066fd55a1ca24254447e21cfe6,1668.94
9dec1baba5b3d0fa11268c95630b391f9de664ad,1623.98
5ad4b5347b9aec819ed1017fff5faac9c9da715e,1636.31
c37e8d66dd7acd1cef8a5fc860140f8796c84ab4,1665.09
f1f9b887101822703be6f5414e45dd296fb3c43a,1609.96
3375e1c24fcbb2b53819bf87460f3eb4932b1c78,1660.56
c76e81ec60cfe4d15ce2a7cec3a787eb9017d1e8,1625.62
a6c195080466bb3cb7c5a4527622b8f49c7639ad,1610.96
f80f677d350d1d5155c226eb4c46aad8d2723203,1645.89
c3963d4bb19414d56f42986db96d62208309e748,1663.43
d94c78cd8664e5159568de57f343d8d014669153,1598.78
b618c75d8454db1d29eb71435664977fab72be06,1643.66
4d7e47fb8e703566476d4267a98a1464395248f3,1652.43
1f1f72d1e89821c630dcfc35e1a0a7f653cc877b,1691.89
be1301f86a80221ed5477980999d599a3710e1eb,1608.16
78be89abde691c066fd55a1ca24254447e21cfe6,1628.74
00f831840d845d5e221d44ba5d0dfac1a41fdbca,1640.89
a6c195080466bb3cb7c5a4527622b8f49c7639ad,1641.26
00f85a826668e5dc1e7b180bba52f35ccb9dbaaf,1612.85
8a4bdaef7aeaaa62d4016b890cdca87b1a701b7f,1616.10
60281c5519b423f095bcec9bb6c79f8b35e49b0e,1619.43
e89cf549b14af5bc0ced21c83f6c2fe4c0bca5fd,1617.50
9ba6dc7a955ed23884e8e25f8d503c4fe144c27a,1616.18
3a36f930fd5c7968f6a2a168077597d9d8c78ca7,1622.30
be1301f86a80221ed5477980999d599a3710e1eb,1611.34
f80f677d350d1d5155c226eb4c46aad8d2723203,1629.94
e860de61d39708f10f5f90f87bbb961e65e6da49,1641.63
e39b9b972ddccb73939c335231cb7d80528387d6,1625.87
d230a00bcb4a770d45a26aafc783f8194b258c07,1638.50
38615afffecc51519e00f1b4769f6d2dc220c9bc,1655.44
73d450657932370e516f205537b395d1d055d043,1643.68
d230a00bcb4a770d45a26aafc783f8194b258c07,1682.24
08fbe610441e2ab5beac49eb01ec84e9ccd5ff6a,1617.51
f11d93c1497a7b7ec571a47190c41f79d725640c,1605.46
f80f677d350d1d5155c226eb4c46aad8d2723203,1594.34
6c0c2d4514278a82eb0868c5d978612a79c6d058,1642.32
3375e1c24fcbb2b53819bf87460f3eb4932b1c78,1626.93
e860de61d39708f10f5f90f87bbb961e65e6da49,1645.02
39c486dc5826b8b60e82316d7dc05f85eca2fa02,1603.87
48d4be45a72c8f98c29e10fe03a3ac80fcc170bd,1623.92
d94c78cd8664e5159568de57f343d8d014669153,1611.96
d230a00bcb4a770d45a26aafc783f8194b258c07,1631.85
d94c78cd8664e5159568de57f343d8d014669153,1588.14
374ded2bc3d57108fffbead844371ecc5fab63ee,1665.99
b618c75d8454db1d29eb71435664977fab72be06,1638.42
c393413d45f9be6915d6f243b255bd4df18d2774,1602.40
b5761608fc8862a58403b88f4582b5f883ad31ea,1633.86
daef8bb412db6c94b9895837ae6e28c5770c65ad,1622.15
a6c195080466bb3cb7c5a4527622b8f49c7639ad,1618.62
6423e659d5da3de14fc7bf2e31f3383d5c3646c4,1619.06
385219da0dea81918ffc285b42cca51f9c8d9df9,1653.39
244db10b40f6b8138747a99d93d95eb57bf47156,1671.90
19e8539fbfae80432fc4d8e9b562a39f786f547e,1609.95
6423e659d5da3de14fc7bf2e31f3383d5c3646c4,1689.84
2b443dff8770a97fe6f2a49db88f58e30b84abc6,1689.03
03df8cede945507c103249250d758eea72629cc2,1607.43
a0537c7623ba84252c5535020227babdf6da314f,1648.68
6423e659d5da3de14fc7bf2e31f3383d5c3646c4,1701.97
8a4bdaef7aeaaa62d4016b890cdca87b1a701b7f,1681.74
19e8539fbfae80432fc4d8e9b562a39f786f547e,1617.45
19e8539fbfae80432fc4d8e9b562a39f786f547e,1600.67
9dec1baba5b3d0fa11268c95630b391f9de664ad,1620.34
65589f14fea11a9eb3213e6f33c8307b0f57e767,1608.82
60281c5519b423f095bcec9bb6c79f8b35e49b0e,1622.48
c76e81ec60cfe4d15ce2a7cec3a787eb9017d1e8,1634.82
e283a32f58239762b708d116b7a95ce9bb92a96d,1601.81
c7a56550796047a52d24486a49cdfb6dd683c0ab,1618.33
c37e8d66dd7acd1cef8a5fc860140f8796c84ab4,1626.39
3a36f930fd5c7968f6a2a168077597d9d8c78ca7,1615.11
c0306b0bd49bc8e43affac107c5290ef600fe2ef,1688.19
27e7d5f03d85bea15fbfe5432c37c6de94965a82,1579.23
8a4bdaef7aeaaa62d4016b890cdca87b1a701b7f,1633.24
3375e1c24fcbb2b53819bf87460f3eb4932b1c78,1680.94
56a09caa0eb6ac5997f8bf50ec4e5323b7fabc61,1601.22
2b443dff8770a97fe6f2a49db88f58e30b84abc6,1645.79
b618c75d8454db1d29eb71435664977fab72be06,1608.55
c73bad806913a560caabe30409c1c2492857e27e,1601.24
fc4b175e02df2ceabdec9371d1874a014a35472d,1649.42
eb602e76466ef383d68aecd944af912ab11abfd4,1614.59
f80f677d350d1d5155c226eb4c46aad8d2723203,1639.85
945b5218b271d8c8cc0df529e8b1fd0330971e41,1633.65
c393413d45f9be6915d6f243b255bd4df18d2774,1636.50
08fbe610441e2ab5beac49eb01ec84e9ccd5ff6a,1600.88
69d2e43c266a2962f5a34e9a3d5f4f314fb1ef57,1598.33
954c46a92a1a0c5052ed241d4398db8b0331e1f3,1627.18
b4b3fd177d5750b15f8ad8322a696d91cbea034e,1610.48
b5761608fc8862a58403b88f4582b5f883ad31ea,1626.99
e283a32f58239762b708d116b7a95ce9bb92a96d,1617.32
73d450657932370e516f205537b395d1d055d043,1634.51
15558b476402fe217fbfd925d085c889a09d6fc1,1633.73
c393413d45f9be6915d6f243b255bd4df18d2774,1602.01
acc41a5397f3667d6cbe9105bf33868ff89c219c,1628.29
56a09caa0eb6ac5997f8bf50ec4e5323b7fabc61,1695.90
b4b3fd177d5750b15f8ad8322a696d91cbea034e,1646.68
bf40e9ca9b325fd8a49b6df20bbb2ddf644b5a1c,1628.71
c3963d4bb19414d56f42986db96d62208309e748,1627.61
20c9162234e55a297cd1a2195af70d9353ab3e05,1630.59
f11d93c1497a7b7ec571a47190c41f79d725640c,1627.14
15558b476402fe217fbfd925d085c889a09d6fc1,1649.82
e39b9b972ddccb73939c335231cb7d80528387d6,1656.78
61ecdf33d20d345beaf5c044f18596f63f98746c,1602.49
74a1f6b9f4abafbf03e2c00c0f8b7d46a8b81dce,1619.01
f80f677d350d1d5155c226eb4c46aad8d2723203,1610.21
60281c5519b423f095bcec9bb6c79f8b35e49b0e,1648.33
b4751ad1c3e49acf06824ba2e3d9e046be159f0d,1628.11
cea804ab08e8bf1c81f7d279e62b9a34857cd8d0,1644.01
fc4b175e02df2ceabdec9371d1874a014a35472d,1647.53
78be89abde691c066fd55a1ca24254447e21cfe6,1636.66
56a09caa0eb6ac5997f8bf50ec4e5323b7fabc61,1621.70
e1bfee9357360d0783d46476a6f029bf0336446e,1634.05
e283a32f58239762b708d116b7a95ce9bb92a96d,1700.54
c7a56550796047a52d24486a49cdfb6dd683c0ab,1644.29
6c0c2d4514278a82eb0868c5d978612a79c6d058,1657.55
00f831840d845d5e221d44ba5d0dfac1a41fdbca,1631.57
e39b9b972ddccb73939c335231cb7d80528387d6,1614.73
1963a7c17fc8b95ec6f6d150d716c9d9c4065c2e,1656.47
385219da0dea81918ffc285b42cca51f9c8d9df9,1658.99
56a09caa0eb6ac5997f8bf50ec4e5323b7fabc61,1608.42
d94c78cd8664e5159568de57f343d8d014669153,1656.96
60281c5519b423f095bcec9bb6c79f8b35e49b0e,1623.20
d5bc100eab6238b4b682a45fc04e829ff46459ef,1653.78
374ded2bc3d57108fffbead844371ecc5fab63ee,1644.93
48d4be45a72c8f98c29e10fe03a3ac80fcc170bd,1606.41
5ad4b5347b9aec819ed1017fff5faac9c9da715e,1630.48
55506ebc6c1472e2e358d316a2763cf86bfdc046,1615.92
de0e749c519d7f220a9c9c393f412493d79916b1,1622.67
74a1f6b9f4abafbf03e2c00c0f8b7d46a8b81dce,1692.58
daef8bb412db6c94b9895837ae6e28c5770c65ad,1619.40
48d4be45a72c8f98c29e10fe03a3ac80fcc170bd,1612.92
a6c195080466bb3cb7c5a4527622b8f49c7639ad,1608.61
047ac797fbc30e3487ce8583c74826237fbaab5a,1629.55
c8b6f2e91d7a76ad4635b7e9933e1aadeb0c55e8,1609.14
00f85a826668e5dc1e7b180bba52f35ccb9dbaaf,1637.25
6c0c2d4514278a82eb0868c5d978612a79c6d058,1617.14
1738779c5b673dd3eb504888773e2febc5987959,1597.50
dcf190c8bd60d43636ea276ad9b980383f669bbc,1637.36
d4b2c36dadad3e644d1c1b5b85aa704b22c3b077,1622.08
c7a56550796047a52d24486a49cdfb6dd683c0ab,1628.58
a6c195080466bb3cb7c5a4527622b8f49c7639ad,1625.01
e89cf549b14af5bc0ced21c83f6c2fe4c0bca5fd,1617.68
c76e81ec60cfe4d15ce2a7cec3a787eb9017d1e8,1633.28
463f66d1df34d44f5a512e6d699fe593ab2a4dc1,1613.06
bf40e9ca9b325fd8a49b6df20bbb2ddf644b5a1c,1645.28
9dec1baba5b3d0fa11268c95630b391f9de664ad,1643.06
385219da0dea81918ffc285b42cca51f9c8d9df9,1613.22
56a09caa0eb6ac5997f8bf50ec4e5323b7fabc61,1628.80
e860de61d39708f10f5f90f87bbb961e65e6da49,1646.00
3375e1c24fcbb2b53819bf87460f3eb4932b1c78,1633.86
c8b6f2e91d7a76ad4635b7e9933e1aadeb0c55e8,1615.66
4b91adf9a4afb4eaf0e815c48b5d2cfdcb639f66,1641.23
a6c195080466bb3cb7c5a4527622b8f49c7639ad,1674.83
c7db66ea66c0558395b6cf2ef5ad3f59da36c88d,1668.50
b3c2026ee7d8982cd7cd971a8305c0d14b5f56f0,1607.02
e39b9b972ddccb73939c335231cb7d80528387d6,1622.70
78be89abde691c066fd55a1ca24254447e21cfe6,1656.01
c8b6f2e91d7a76ad4635b7e9933e1aadeb0c55e8,1625.16
dcf190c8bd60d43636ea276ad9b980383f669bbc,1623.01
00f85a826668e5dc1e7b180bba52f35ccb9dbaaf,1621.48
bf2cca2d597ed521d0ec1a153c9cee8f8db3e638,1580.99
4b91adf9a4afb4eaf0e815c48b5d2cfdcb639f66,1638.82
8a342fda89d457a585f515d99e6b4106d490b220,1645.25
385219da0dea81918ffc285b42cca51f9c8d9df9,1624.47
8c8f3f96e29c3dd7d7ad571f570d11abc21bf30e,1630.69
385219da0dea81918ffc285b42cca51f9c8d9df9,1640.13
c73bad806913a560caabe30409c1c2492857e27e,1618.48
ad76a8379cd7779907a6400b99e78253fd7158e7,1607.25
8c8f3f96e29c3dd7d7ad571f570d11abc21bf30e,1608.60
c8b6f2e91d7a76ad4635b7e9933e1aadeb0c55e8,1585.03
4fb1036ce7892fa1f938cee4f37435e85dd30797,1636.54
daef8bb412db6c94b9895837ae6e28c5770c65ad,1630.57
6423e659d5da3de14fc7bf2e31f3383d5c3646c4,1624.35
b618c75d8454db1d29eb71435664977fab72be06,1635.68
954c46a92a1a0c5052ed241d4398db8b0331e1f3,1643.28
4b91adf9a4afb4eaf0e815c48b5d2cfdcb639f66,1615.50
c37e8d66dd7acd1cef8a5fc860140f8796c84ab4,1642.09
d230a00bcb4a770d45a26aafc783f8194b258c07,1654.14
374ded2bc3d57108fffbead844371ecc5fab63ee,1626.87
208f30910b3db4a1d560bc22e1c40cbc7ffc60e6,1611.61
b4751ad1c3e49acf06824ba2e3d9e046be159f0d,1616.86
e1bfee9357360d0783d46476a6f029bf0336446e,1609.84
1963a7c17fc8b95ec6f6d150d716c9d9c4065c2e,1617.21
b618c75d8454db1d29eb71435664977fab72be06,1645.88
38615afffecc51519e00f1b4769f6d2dc220c9bc,1661.74
c7db66ea66c0558395b6cf2ef5ad3f59da36c88d,1669.51
bf2cca2d597ed521d0ec1a153c9cee8f8db3e638,1575.94
9dec1baba5b3d0fa11268c95630b391f9de664ad,1616.22
69d2e43c266a2962f5a34e9a3d5f4f314fb1ef57,1606.07
b4b3fd177d5750b15f8ad8322a696d91cbea034e,1643.98
65589f14fea11a9eb3213e6f33c8307b0f57e767,1644.04
c9ce65a9fec3cf6ddeb2dbe5d98214b6a03698b4,1676.55
61ecdf33d20d345beaf5c044f18596f63f98746c,1648.16
c73bad806913a560caabe30409c1c2492857e27e,1624.26
c9ce65a9fec3cf6ddeb2dbe5d98214b6a03698b4,1617.00
19e8539fbfae80432fc4d8e9b562a39f786f547e,1617.73
385219da0dea81918ffc285b42cca51f9c8d9df9,1702.02
8eecef379d5c5af27a9a438fdfce82460e44f08b,1628.47
3244429f2e5a023e8833c39acfef36237de015c8,1617.76
65589f14fea11a9eb3213e6f33c8307b0f57e767,1632.88
f11d93c1497a7b7ec571a47190c41f79d725640c,1615.69
bf40e9ca9b325fd8a49b6df20bbb2ddf644b5a1c,1650.09
b3c2026ee7d8982cd7cd971a8305c0d14b5f56f0,1643.62
374ded2bc3d57108fffbead844371ecc5fab63ee,1634.13
27e7d5f03d85bea15fbfe5432c37c6de94965a82,1601.19
be1301f86a80221ed5477980999d599a3710e1eb,1672.74
8c8f3f96e29c3dd7d7ad571f570d11abc21bf30e,1605.33
ad76a8379cd7779907a6400b99e78253fd7158e7,1620.76
f80f677d350d1d5155c226eb4c46aad8d2723203,1598.34
97e6211c5e06a93bbc050a29b38743ec14ee652c,1632.41
08fbe610441e2ab5beac49eb01ec84e9ccd5ff6a,1641.24
39c486dc5826b8b60e82316d7dc05f85eca2fa02,1618.15
c76e81ec60cfe4d15ce2a7cec3a787eb9017d1e8,1645.53
8eecef379d5c5af27a9a438fdfce82460e44f08b,1676.64
3a36f930fd5c7968f6a2a168077597d9d8c78ca7,1604.95
be1301f86a80221ed5477980999d599a3710e1eb,1607.61
eb602e76466ef383d68aecd944af912ab11abfd4,1632.10
27e7d5f03d85bea15fbfe5432c37c6de94965a82,1603.42
c3963d4bb19414d56f42986db96d62208309e748,1664.42
e860de61d39708f10f5f90f87bbb961e65e6da49,1619.54
ad76a8379cd7779907a6400b99e78253fd7158e7,1589.58
b4b3fd177d5750b15f8ad8322a696d91cbea034e,1619.26
463f66d1df34d44f5a512e6d699fe593ab2a4dc1,1627.67
f1f9b887101822703be6f5414e45dd296fb3c43a,1625.34
cea804ab08e8bf1c81f7d279e62b9a34857cd8d0,1623.57
2b443dff8770a97fe6f2a49db88f58e30b84abc6,1652.23
6de7cfcd9dbe64297a2d430601f69d0b8005eece,1639.55
bf2cca2d597ed521d0ec1a153c9cee8f8db3e638,1614.69
3a36f930fd5c7968f6a2a168077597d9d8c78ca7,1610.48
39c486dc5826b8b60e82316d7dc05f85eca2fa02,1646.35
374ded2bc3d57108fffbead844371ecc5fab63ee,1632.54
39c486dc5826b8b60e82316d7dc05f85eca2fa02,1624.93
eb602e76466ef383d68aecd944af912ab11abfd4,1621.06
6423e659d5da3de14fc7bf2e31f3383d5c3646c4,1647.38
c3963d4bb19414d56f42986db96d62208309e748,1591.24
fc4b175e02df2ceabdec9371d1874a014a35472d,1649.32
97e6211c5e06a93bbc050a29b38743ec14ee652c,1628.30
c393413d45f9be6915d6f243b255bd4df18d2774,1605.31
c9ce65a9fec3cf6ddeb2dbe5d98214b6a03698b4,1644.67
7e9160110f3cac233e748f4f31c2ec22f0286f6b,1632.94
e860de61d39708f10f5f90f87bbb961e65e6da49,1617.24
e860de61d39708f10f5f90f87bbb961e65e6da49,1649.19
e89cf549b14af5bc0ced21c83f6c2fe4c0bca5fd,1626.77
3244429f2e5a023e8833c39acfef36237de015c8,1665.73
8c8f3f96e29c3dd7d7ad571f570d11abc21bf30e,1678.08
4d7e47fb8e703566476d4267a98a1464395248f3,1629.20
5e0b048e22e422d5351e4dad7a3d90737003e456,1641.11
c37e8d66dd7acd1cef8a5fc860140f8796c84ab4,1652.72
3244429f2e5a023e8833c39acfef36237de015c8,1652.31
5e0b048e22e422d5351e4dad7a3d90737003e456,1636.33
be1301f86a80221ed5477980999d599a3710e1eb,1645.53
6cbe7e494fe88f1d8c082353e2c54f6eb8fdc381,1628.18
4fb1036ce7892fa1f938cee4f37435e85dd30797,1642.19
e283a32f58239762b708d116b7a95ce9bb92a96d,1605.16
19e8539fbfae80432fc4d8e9b562a39f786f547e,1594.94
78be89abde691c066fd55a1ca24254447e21cfe6,1628.44
1738779c5b673dd3eb504888773e2febc5987959,1632.54
00f85a826668e5dc1e7b180bba52f35ccb9dbaaf,1624.69
6c55f019248a0ff617086565451d21754b9cfd15,1622.96
954c46a92a1a0c5052ed241d4398db8b0331e1f3,1671.80
97e6211c5e06a93bbc050a29b38743ec14ee652c,1621.59
9ba6dc7a955ed23884e8e25f8d503c4fe144c27a,1626.67
8a4bdaef7aeaaa62d4016b890cdca87b1a701b7f,1645.10
dcf190c8bd60d43636ea276ad9b980383f669bbc,1614.46
6de7cfcd9dbe64297a2d430601f69d0b8005eece,1620.02
c76e81ec60cfe4d15ce2a7cec3a787eb9017d1e8,1640.72
b5761608fc8862a58403b88f4582b5f883ad31ea,1647.23
c3963d4bb19414d56f42986db96d62208309e748,1617.97
9ba6dc7a955ed23884e8e25f8d503c4fe144c27a,1622.33
03df8cede945507c103249250d758eea72629cc2,1664.69
55506ebc6c1472e2e358d316a2763cf86bfdc046,1605.92
61ecdf33d20d345beaf5c044f18596f63f98746c,1624.75
d5bc100eab6238b4b682a45fc04e829ff46459ef,1677.56
68f6f9ccb349d9ceef8caaf212d513b2d8f8d7ea,1645.66
954c46a92a1a0c5052ed241d4398db8b0331e1f3,1644.64
1f1f72d1e89821c630dcfc35e1a0a7f653cc877b,1647.98
69d2e43c266a2962f5a34e9a3d5f4f314fb1ef57,1613.65
f1f9b887101822703be6f5414e45dd296fb3c43a,1632.64
c73bad806913a560caabe30409c1c2492857e27e,1631.98
c76e81ec60cfe4d15ce2a7cec3a787eb9017d1e8,1648.29
e89cf549b14af5bc0ced21c83f6c2fe4c0bca5fd,1635.88
d230a00bcb4a770d45a26aafc783f8194b258c07,1658.34
1963a7c17fc8b95ec6f6d150d716c9d9c4065c2e,1646.55
dc3b6c59d2d4dc1b72424785e9b8455b1df15664,1636.80
945b5218b271d8c8cc0df529e8b1fd0330971e41,1631.18
7e9160110f3cac233e748f4f31c2ec22f0286f6b,1607.47
68f6f9ccb349d9ceef8caaf212d513b2d8f8d7ea,1626.91
1f1f72d1e89821c630dcfc35e1a0a7f653cc877b,1663.09
f80f677d350d1d5155c226eb4c46aad8d2723203,1611.65
74a1f6b9f4abafbf03e2c00c0f8b7d46a8b81dce,1642.27
e1bfee9357360d0783d46476a6f029bf0336446e,1623.88
20c9162234e55a297cd1a2195af70d9353ab3e05,1651.57
374ded2bc3d57108fffbead844371ecc5fab63ee,1685.19
b5761608fc8862a58403b88f4582b5f883ad31ea,1645.02
69d2e43c266a2962f5a34e9a3d5f4f314fb1ef57,1622.17
c9ce65a9fec3cf6ddeb2dbe5d98214b6a03698b4,1647.50
64ffbcdda3d79b16436ba3870ec7770d69667aa4,1611.98
69d2e43c266a2962f5a34e9a3d5f4f314fb1ef57,1608.89
ad76a8379cd7779907a6400b99e78253fd7158e7,1597.13
be1301f86a80221ed5477980999d599a3710e1eb,1620.54
4d7e47fb8e703566476d4267a98a1464395248f3,1596.94
8a342fda89d457a585f515d99e6b4106d490b220,1644.50
9dec1baba5b3d0fa11268c95630b391f9de664ad,1617.39
5e0b048e22e422d5351e4dad7a3d90737003e456,1658.86
1f1f72d1e89821c630dcfc35e1a0a7f653cc877b,1659.08
463f66d1df34d44f5a512e6d699fe593ab2a4dc1,1598.37
b4751ad1c3e49acf06824ba2e3d9e046be159f0d,1620.38
68f6f9ccb349d9ceef8caaf212d513b2d8f8d7ea,1653.70
fc4b175e02df2ceabdec9371d1874a014a35472d,1610.72
e283a32f58239762b708d116b7a95ce9bb92a96d,1586.07
7e9160110f3cac233e748f4f31c2ec22f0286f6b,1639.56
fea30344ec7da82f03b3566df72631d8dfee334a,1668.98
f11d93c1497a7b7ec571a47190c41f79d725640c,1611.99
e39b9b972ddccb73939c335231cb7d80528387d6,1641.82
d5bc100eab6238b4b682a45fc04e829ff46459ef,1706.93
b4751ad1c3e49acf06824ba2e3d9e046be159f0d,1647.28
68f6f9ccb349d9ceef8caaf212d513b2d8f8d7ea,1623.56
e283a32f58239762b708d116b7a95ce9bb92a96d,1608.68
61ecdf33d20d345beaf5c044f18596f63f98746c,1623.09
e283a32f58239762b708d116b7a95ce9bb92a96d,1578.68
4d7e47fb8e703566476d4267a98a1464395248f3,1648.13
e860de61d39708f10f5f90f87bbb961e65e6da49,1604.05
1f1f72d1e89821c630dcfc35e1a0a7f653cc877b,1714.41
c73bad806913a560caabe30409c1c2492857e27e,1620.60
acc41a5397f3667d6cbe9105bf33868ff89c219c,1635.18
244db10b40f6b8138747a99d93d95eb57bf47156,1653.52
f5244dc384063de6bf8f5429c95a0751916938f6,1631.14
cea804ab08e8bf1c81f7d279e62b9a34857cd8d0,1632.29
6c0c2d4514278a82eb0868c5d978612a79c6d058,1663.28
463f66d1df34d44f5a512e6d699fe593ab2a4dc1,1612.10
c9ce65a9fec3cf6ddeb2dbe5d98214b6a03698b4,1669.69
3a36f930fd5c7968f6a2a168077597d9d8c78ca7,1629.49
2b443dff8770a97fe6f2a49db88f58e30b84abc6,1673.14
de0e749c519d7f220a9c9c393f412493d79916b1,1605.93
dc3b6c59d2d4dc1b72424785e9b8455b1df15664,1616.01
f11d93c1497a7b7ec571a47190c41f79d725640c,1633.34
4fb1036ce7892fa1f938cee4f37435e85dd30797,1619.96
74a1f6b9f4abafbf03e2c00c0f8b7d46a8b81dce,1628.12
f11d93c1497a7b7ec571a47190c41f79d725640c,1594.20
d4b2c36dadad3e644d1c1b5b85aa704b22c3b077,1619.89
d94c78cd8664e5159568de57f343d8d014669153,1659.41
60281c5519b423f095bcec9bb6c79f8b35e49b0e,1623.51
c0306b0bd49bc8e43affac107c5290ef600fe2ef,1639.74
f1f9b887101822703be6f5414e45dd296fb3c43a,1653.82
d230a00bcb4a770d45a26aafc783f8194b258c07,1637.56
78be89abde691c066fd55a1ca24254447e21cfe6,1646.32
64ffbcdda3d79b16436ba3870ec7770d69667aa4,1611.13
e89cf549b14af5bc0ced21c83f6c2fe4c0bca5fd,1624.50
3375e1c24fcbb2b53819bf87460f3eb4932b1c78,1657.69
c3963d4bb19414d56f42986db96d62208309e748,1599.93
e89cf549b14af5bc0ced21c83f6c2fe4c0bca5fd,1605.55
9ba6dc7a955ed23884e8e25f8d503c4fe144c27a,1619.11
48d4be45a72c8f98c29e10fe03a3ac80fcc170bd,1599.29
48d4be45a72c8f98c29e10fe03a3ac80fcc170bd,1601.05
8c8f3f96e29c3dd7d7ad571f570d11abc21bf30e,1619.77
de0e749c519d7f220a9c9c393f412493d79916b1,1642.78
bf40e9ca9b325fd8a49b6df20bbb2ddf644b5a1c,1675.15
b4751ad1c3e49acf06824ba2e3d9e046be159f0d,1674.31
08fbe610441e2ab5beac49eb01ec84e9ccd5ff6a,1652.32
daef8bb412db6c94b9895837ae6e28c5770c65ad,1616.93
8eecef379d5c5af27a9a438fdfce82460e44f08b,1618.57
c76e81ec60cfe4d15ce2a7cec3a787eb9017d1e8,1618.06
6c55f019248a0ff617086565451d21754b9cfd15,1597.56
e89cf549b14af5bc0ced21c83f6c2fe4c0bca5fd,1599.13
bf40e9ca9b325fd8a49b6df20bbb2ddf644b5a1c,1638.89
e283a32f58239762b708d116b7a95ce9bb92a96d,1612.57
73d450657932370e516f205537b395d1d055d043,1635.01
fc4b175e02df2ceabdec9371d1874a014a35472d,1634.62
e860de61d39708f10f5f90f87bbb961e65e6da49,1647.04
c393413d45f9be6915d6f243b255bd4df18d2774,1630.26
3a36f930fd5c7968f6a2a168077597d9d8c78ca7,1621.13
954c46a92a1a0c5052ed241d4398db8b0331e1f3,1637.74
f11d93c1497a7b7ec571a47190c41f79d725640c,1594.13
20c9162234e55a297cd1a2195af70d9353ab3e05,1642.70
27e7d5f03d85bea15fbfe5432c37c6de94965a82,1605.62
5ad4b5347b9aec819ed1017fff5faac9c9da715e,1645.02
e283a32f58239762b708d116b7a95ce9bb92a96d,1618.25
03df8cede945507c103249250d758eea72629cc2,1624.01
b4751ad1c3e49acf06824ba2e3d9e046be159f0d,1632.81
a0537c7623ba84252c5535020227babdf6da314f,1627.47
08fbe610441e2ab5beac49eb01ec84e9ccd5ff6a,1596.67
945b5218b271d8c8cc0df529e8b1fd0330971e41,1623.66
eb602e76466ef383d68aecd944af912ab11abfd4,1619.45
e39b9b972ddccb73939c335231cb7d80528387d6,1623.17
b618c75d8454db1d29eb71435664977fab72be06,1642.96
8eecef379d5c5af27a9a438fdfce82460e44f08b,1616.86
73d450657932370e516f205537b395d1d055d043,1646.04
b3c2026ee7d8982cd7cd971a8305c0d14b5f56f0,1637.39
b4751ad1c3e49acf06824ba2e3d9e046be159f0d,1655.72
60281c5519b423f095bcec9bb6c79f8b35e49b0e,1607.53
78be89abde691c066fd55a1ca24254447e21cfe6,1652.32
1f1f72d1e89821c630dcfc35e1a0a7f653cc877b,1655.65
eb602e76466ef383d68aecd944af912ab11abfd4,1627.81
e860de61d39708f10f5f90f87bbb961e65e6da49,1642.82
68f6f9ccb349d9ceef8caaf212d513b2d8f8d7ea,1635.57
8a4bdaef7aeaaa62d4016b890cdca87b1a701b7f,1605.83
047ac797fbc30e3487ce8583c74826237fbaab5a,1609.67
1963a7c17fc8b95ec6f6d150d716c9d9c4065c2e,1682.46
c7a56550796047a52d24486a49cdfb6dd683c0ab,1631.95
e89cf549b14af5bc0ced21c83f6c2fe4c0bca5fd,1601.22
20c9162234e55a297cd1a2195af70d9353ab3e05,1646.38
65589f14fea11a9eb3213e6f33c8307b0f57e767,1607.65
c76e81ec60cfe4d15ce2a7cec3a787eb9017d1e8,1616.11
56a09caa0eb6ac5997f8bf50ec4e5323b7fabc61,1662.79
c393413d45f9be6915d6f243b255bd4df18d2774,1632.76
1f1f72d1e89821c630dcfc35e1a0a7f653cc877b,1634.74
56a09caa0eb6ac5997f8bf50ec4e5323b7fabc61,1665.03
65589f14fea11a9eb3213e6f33c8307b0f57e767,1619.31
047ac797fbc30e3487ce8583c74826237fbaab5a,1601.10
6de7cfcd9dbe64297a2d430601f69d0b8005eece,1615.47
e89cf549b14af5bc0ced21c83f6c2fe4c0bca5fd,1625.34
d230a00bcb4a770d45a26aafc783f8194b258c07,1611.54
56a09caa0eb6ac5997f8bf50ec4e5323b7fabc61,1622.81
61ecdf33d20d345beaf5c044f18596f63f98746c,1624.79
65589f14fea11a9eb3213e6f33c8307b0f57e767,1619.95
73d450657932370e516f205537b395d1d055d043,1622.83
de0e749c519d7f220a9c9c393f412493d79916b1,1622.57
c3963d4bb19414d56f42986db96d62208309e748,1631.57
65589f14fea11a9eb3213e6f33c8307b0f57e767,1612.26
38615afffecc51519e00f1b4769f6d2dc220c9bc,1639.83
945b5218b271d8c8cc0df529e8b1fd0330971e41,1660.17
6de7cfcd9dbe64297a2d430601f69d0b8005eece,1622.26
68f6f9ccb349d9ceef8caaf212d513b2d8f8d7ea,1641.17
f11d93c1497a7b7ec571a47190c41f79d725640c,1647.65
8a342fda89d457a585f515d99e6b4106d490b220,1613.87
bf2cca2d597ed521d0ec1a153c9cee8f8db3e638,1635.20
fc4b175e02df2ceabdec9371d1874a014a35472d,1674.02
eb602e76466ef383d68aecd944af912ab11abfd4,1620.27
e860de61d39708f10f5f90f87bbb961e65e6da49,1622.84
97e6211c5e06a93bbc050a29b38743ec14ee652c,1618.36
c7db66ea66c0558395b6cf2ef5ad3f59da36c88d,1639.02
4d7e47fb8e703566476d4267a98a1464395248f3,1610.13
b4b3fd177d5750b15f8ad8322a696d91cbea034e,1621.13
7e9160110f3cac233e748f4f31c2ec22f0286f6b,1634.67
3375e1c24fcbb2b53819bf87460f3eb4932b1c78,1620.20
f1f9b887101822703be6f5414e45dd296fb3c43a,1609.11
8a342fda89d457a585f515d99e6b4106d490b220,1640.42
b5761608fc8862a58403b88f4582b5f883ad31ea,1646.20
19e8539fbfae80432fc4d8e9b562a39f786f547e,1579.52
6cbe7e494fe88f1d8c082353e2c54f6eb8fdc381,1604.86
c8b6f2e91d7a76ad4635b7e9933e1aadeb0c55e8,1612.07
1963a7c17fc8b95ec6f6d150d716c9d9c4065c2e,1664.81
78be89abde691c066fd55a1ca24254447e21cfe6,1679.06
c7db66ea66c0558395b6cf2ef5ad3f59da36c88d,1655.47
c76e81ec60cfe4d15ce2a7cec3a787eb9017d1e8,1626.04
2398b3248cd9065136c5e4eab42981635bd5e200,1634.92
6cbe7e494fe88f1d8c082353e2c54f6eb8fdc381,1595.42
78be89abde691c066fd55a1ca24254447e21cfe6,1636.24
1f1f72d1e89821c630dcfc35e1a0a7f653cc877b,1628.20
c37e8d66dd7acd1cef8a5fc860140f8796c84ab4,1615.35
210bc36549bfd588a5fd602ce2adf9570b612b58,1634.33
ad76a8379cd7779907a6400b99e78253fd7158e7,1610.04
eb602e76466ef383d68aecd944af912ab11abfd4,1643.54
c3963d4bb19414d56f42986db96d62208309e748,1604.00
8a4bdaef7aeaaa62d4016b890cdca87b1a701b7f,1679.83
f1f9b887101822703be6f5414e45dd296fb3c43a,1589.20
f5244dc384063de6bf8f5429c95a0751916938f6,1588.05
6c55f019248a0ff617086565451d21754b9cfd15,1622.50
00f85a826668e5dc1e7b180bba52f35ccb9dbaaf,1629.01
c3963d4bb19414d56f42986db96d62208309e748,1616.36
64ffbcdda3d79b16436ba3870ec7770d69667aa4,1623.98
244db10b40f6b8138747a99d93d95eb57bf47156,1635.35
6c0c2d4514278a82eb0868c5d978612a79c6d058,1630.24
c0306b0bd49bc8e43affac107c5290ef600fe2ef,1622.44
4fb1036ce7892fa1f938cee4f37435e85dd30797,1637.27
8a342fda89d457a585f515d99e6b4106d490b220,1650.04
00f85a826668e5dc1e7b180bba52f35ccb9dbaaf,1622.56
3244429f2e5a023e8833c39acfef36237de015c8,1653.48
39c486dc5826b8b60e82316d7dc05f85eca2fa02,1620.91
c76e81ec60cfe4d15ce2a7cec3a787eb9017d1e8,1625.69
c393413d45f9be6915d6f243b255bd4df18d2774,1633.22
00f85a826668e5dc1e7b180bba52f35ccb9dbaaf,1721.98
e39b9b972ddccb73939c335231cb7d80528387d6,1631.11
b3c2026ee7d8982cd7cd971a8305c0d14b5f56f0,1606.85
8eecef379d5c5af27a9a438fdfce82460e44f08b,1635.44
e39b9b972ddccb73939c335231cb7d80528387d6,1632.31
e39b9b972ddccb73939c335231cb7d80528387d6,1620.89
8c8f3f96e29c3dd7d7ad571f570d11abc21bf30e,1609.94
bf2cca2d597ed521d0ec1a153c9cee8f8db3e638,1609.53
69d2e43c266a2962f5a34e9a3d5f4f314fb1ef57,1602.86
047ac797fbc30e3487ce8583c74826237fbaab5a,1612.28
385219da0dea81918ffc285b42cca51f9c8d9df9,1613.81
c9ce65a9fec3cf6ddeb2dbe5d98214b6a03698b4,1642.57
15558b476402fe217fbfd925d085c889a09d6fc1,1625.09
e860de61d39708f10f5f90f87bbb961e65e6da49,1677.22
945b5218b271d8c8cc0df529e8b1fd0330971e41,1641.89
d4b2c36dadad3e644d1c1b5b85aa704b22c3b077,1630.13
c76e81ec60cfe4d15ce2a7cec3a787eb9017d1e8,1661.23
dcf190c8bd60d43636ea276ad9b980383f669bbc,1612.83
55506ebc6c1472e2e358d316a2763cf86bfdc046,1577.63
4fb1036ce7892fa1f938cee4f37435e85dd30797,1669.63
b5761608fc8862a58403b88f4582b5f883ad31ea,1616.66
6423e659d5da3de14fc7bf2e31f3383d5c3646c4,1634.64
15558b476402fe217fbfd925d085c889a09d6fc1,1623.37
e283a32f58239762b708d116b7a95ce9bb92a96d,1572.78
00f831840d845d5e221d44ba5d0dfac1a41fdbca,1619.21
5e0b048e22e422d5351e4dad7a3d90737003e456,1649.72
00f85a826668e5dc1e7b180bba52f35ccb9dbaaf,1684.45
f1f9b887101822703be6f5414e45dd296fb3c43a,1624.82
dcf190c8bd60d43636ea276ad9b980383f669bbc,1603.68
8a4bdaef7aeaaa62d4016b890cdca87b1a701b7f,1624.55
de0e749c519d7f220a9c9c393f412493d79916b1,1639.11
19e8539fbfae80432fc4d8e9b562a39f786f547e,1637.52
6c0c2d4514278a82eb0868c5d978612a79c6d058,1658.40
55506ebc6c1472e2e358d316a2763cf86bfdc046,1626.62
7e9160110f3cac233e748f4f31c2ec22f0286f6b,1656.76
f1f9b887101822703be6f5414e45dd296fb3c43a,1649.24
08fbe610441e2ab5beac49eb01ec84e9ccd5ff6a,1588.41
27e7d5f03d85bea15fbfe5432c37c6de94965a82,1620.80
c7a56550796047a52d24486a49cdfb6dd683c0ab,1629.17
60281c5519b423f095bcec9bb6c79f8b35e49b0e,1635.21
c9ce65a9fec3cf6ddeb2dbe5d98214b6a03698b4,1694.79
4d7e47fb8e703566476d4267a98a1464395248f3,1654.04
6cbe7e494fe88f1d8c082353e2c54f6eb8fdc381,1592.07
78be89abde691c066fd55a1ca24254447e21cfe6,1620.32
3244429f2e5a023e8833c39acfef36237de015c8,1615.05
b4b3fd177d5750b15f8ad8322a696d91cbea034e,1645.87
fc4b175e02df2ceabdec9371d1874a014a35472d,1614.42
374ded2bc3d57108fffbead844371ecc5fab63ee,1631.67
f11d93c1497a7b7ec571a47190c41f79d725640c,1616.63
acc41a5397f3667d6cbe9105bf33868ff89c219c,1637.66
55506ebc6c1472e2e358d316a2763cf86bfdc046,1613.23
fc4b175e02df2ceabdec9371d1874a014a35472d,1678.78
3375e1c24fcbb2b53819bf87460f3eb4932b1c78,1605.31
19e8539fbfae80432fc4d8e9b562a39f786f547e,1601.34
65589f14fea11a9eb3213e6f33c8307b0f57e767,1611.54
68f6f9ccb349d9ceef8caaf212d513b2d8f8d7ea,1604.23
c393413d45f9be6915d6f243b255bd4df18d2774,1600.20
9ba6dc7a955ed23884e8e25f8d503c4fe144c27a,1613.99
9dec1baba5b3d0fa11268c95630b391f9de664ad,1661.29
8a342fda89d457a585f515d99e6b4106d490b220,1638.21
6de7cfcd9dbe64297a2d430601f69d0b8005eece,1626.32
03df8cede945507c103249250d758eea72629cc2,1663.83
c37e8d66dd7acd1cef8a5fc860140f8796c84ab4,1642.71
a0537c7623ba84252c5535020227babdf6da314f,1637.09
c9ce65a9fec3cf6ddeb2dbe5d98214b6a03698b4,1628.15
acc41a5397f3667d6cbe9105bf33868ff89c219c,1679.12
463f66d1df34d44f5a512e6d699fe593ab2a4dc1,1617.10
20c9162234e55a297cd1a2195af70d9353ab3e05,1639.77
8c8f3f96e29c3dd7d7ad571f570d11abc21bf30e,1611.80
6cbe7e494fe88f1d8c082353e2c54f6eb8fdc381,1588.08
64ffbcdda3d79b16436ba3870ec7770d69667aa4,1660.75
73d450657932370e516f205537b395d1d055d043,1616.08
c3963d4bb19414d56f42986db96d62208309e748,1601.13
03df8cede945507c103249250d758eea72629cc2,1646.40
2b443dff8770a97fe6f2a49db88f58e30b84abc6,1681.90
b4b3fd177d5750b15f8ad8322a696d91cbea034e,1625.17
8eecef379d5c5af27a9a438fdfce82460e44f08b,1633.30
954c46a92a1a0c5052ed241d4398db8b0331e1f3,1655.34
2398b3248cd9065136c5e4eab42981635bd5e200,1602.95
dc3b6c59d2d4dc1b72424785e9b8455b1df15664,1593.04
de0e749c519d7f220a9c9c393f412493d79916b1,1600.68
48d4be45a72c8f98c29e10fe03a3ac80fcc170bd,1602.43
f11d93c1497a7b7ec571a47190c41f79d725640c,1610.59
f80f677d350d1d5155c226eb4c46aad8d2723203,1601.71
61ecdf33d20d345beaf5c044f18596f63f98746c,1594.67
c37e8d66dd7acd1cef8a5fc860140f8796c84ab4,1656.82
00f831840d845d5e221d44ba5d0dfac1a41fdbca,1653.78
c7db66ea66c0558395b6cf2ef5ad3f59da36c88d,1634.30
be1301f86a80221ed5477980999d599a3710e1eb,1657.64
6c55f019248a0ff617086565451d21754b9cfd15,1637.15
eb602e76466ef383d68aecd944af912ab11abfd4,1617.62
00f831840d845d5e221d44ba5d0dfac1a41fdbca,1654.24
b4b3fd177d5750b15f8ad8322a696d91cbea034e,1645.00
c73bad806913a560caabe30409c1c2492857e27e,1607.17
d4b2c36dadad3e644d1c1b5b85aa704b22c3b077,1626.47
f80f677d350d1d5155c226eb4c46aad8d2723203,1609.51
f11d93c1497a7b7ec571a47190c41f79d725640c,1612.95
7e9160110f3cac233e748f4f31c2ec22f0286f6b,1620.39
2398b3248cd9065136c5e4eab42981635bd5e200,1595.73
4fb1036ce7892fa1f938cee4f37435e85dd30797,1643.19
56a09caa0eb6ac5997f8bf50ec4e5323b7fabc61,1588.88
6423e659d5da3de14fc7bf2e31f3383d5c3646c4,1642.43
e1bfee9357360d0783d46476a6f029bf0336446e,1613.74
e1bfee9357360d0783d46476a6f029bf0336446e,1657.42
de0e749c519d7f220a9c9c393f412493d79916b1,1629.72
e1bfee9357360d0783d46476a6f029bf0336446e,1628.60
dc3b6c59d2d4dc1b72424785e9b8455b1df15664,1612.95
6cbe7e494fe88f1d8c082353e2c54f6eb8fdc381,1617.28
d94c78cd8664e5159568de57f343d8d014669153,1591.45
00f831840d845d5e221d44ba5d0dfac1a41fdbca,1646.19
463f66d1df34d44f5a512e6d699fe593ab2a4dc1,1610.16
dcf190c8bd60d43636ea276ad9b980383f669bbc,1627.81
27e7d5f03d85bea15fbfe5432c37c6de94965a82,1624.68
15558b476402fe217fbfd925d085c889a09d6fc1,1658.96
fea30344ec7da82f03b3566df72631d8dfee334a,1618.17
19e8539fbfae80432fc4d8e9b562a39f786f547e,1627.09
03df8cede945507c103249250d758eea72629cc2,1620.45
385219da0dea81918ffc285b42cca51f9c8d9df9,1645.16
d94c78cd8664e5159568de57f343d8d014669153,1610.60
00f85a826668e5dc1e7b180bba52f35ccb9dbaaf,1628.07
b5761608fc8862a58403b88f4582b5f883ad31ea,1642.19
c0306b0bd49bc8e43affac107c5290ef600fe2ef,1609.97
d5bc100eab6238b4b682a45fc04e829ff46459ef,1629.63
e1bfee9357360d0783d46476a6f029bf0336446e,1636.93
c37e8d66dd7acd1cef8a5fc860140f8796c84ab4,1629.83
be1301f86a80221ed5477980999d599a3710e1eb,1610.55
8a342fda89d457a585f515d99e6b4106d490b220,1619.35
2398b3248cd9065136c5e4eab42981635bd5e200,1620.80
b4751ad1c3e49acf06824ba2e3d9e046be159f0d,1673.44
1738779c5b673dd3eb504888773e2febc5987959,1624.55
5ad4b5347b9aec819ed1017fff5faac9c9da715e,1617.64
374ded2bc3d57108fffbead844371ecc5fab63ee,1614.76
a6c195080466bb3cb7c5a4527622b8f49c7639ad,1617.46
38615afffecc51519e00f1b4769f6d2dc220c9bc,1616.93
b618c75d8454db1d29eb71435664977fab72be06,1657.61
2b443dff8770a97fe6f2a49db88f58e30b84abc6,1633.22
daef8bb412db6c94b9895837ae6e28c5770c65ad,1654.50
e860de61d39708f10f5f90f87bbb961e65e6da49,1616.06
55506ebc6c1472e2e358d316a2763cf86bfdc046,1642.04
b5761608fc8862a58403b88f4582b5f883ad31ea,1642.99
00f831840d845d5e221d44ba5d0dfac1a41fdbca,1651.47
c7a56550796047a52d24486a49cdfb6dd683c0ab,1628.90
4d7e47fb8e703566476d4267a98a1464395248f3,1610.99
3a36f930fd5c7968f6a2a168077597d9d8c78ca7,1613.37
3a36f930fd5c7968f6a2a168077597d9d8c78ca7,1632.18
f1f9b887101822703be6f5414e45dd296fb3c43a,1590.13
3375e1c24fcbb2b53819bf87460f3eb4932b1c78,1655.21
2b443dff8770a97fe6f2a49db88f58e30b84abc6,1686.73
f11d93c1497a7b7ec571a47190c41f79d725640c,1594.09
39c486dc5826b8b60e82316d7dc05f85eca2fa02,1625.84
20c9162234e55a297cd1a2195af70d9353ab3e05,1637.37
4d7e47fb8e703566476d4267a98a1464395248f3,1653.52
08fbe610441e2ab5beac49eb01ec84e9ccd5ff6a,1604.59
00f831840d845d5e221d44ba5d0dfac1a41fdbca,1651.49
00f831840d845d5e221d44ba5d0dfac1a41fdbca,1633.31
c7db66ea66c0558395b6cf2ef5ad3f59da36c88d,1636.47
acc41a5397f3667d6cbe9105bf33868ff89c219c,1635.83
56a09caa0eb6ac5997f8bf50ec4e5323b7fabc61,1627.61
5e0b048e22e422d5351e4dad7a3d90737003e456,1650.20
3a36f930fd5c7968f6a2a168077597d9d8c78ca7,1617.82
55506ebc6c1472e2e358d316a2763cf86bfdc046,1607.32
de0e749c519d7f220a9c9c393f412493d79916b1,1629.18
ad76a8379cd7779907a6400b99e78253fd7158e7,1606.62
c76e81ec60cfe4d15ce2a7cec3a787eb9017d1e8,1638.77
9dec1baba5b3d0fa11268c95630b391f9de664ad,1660.42
fc4b175e02df2ceabdec9371d1874a014a35472d,1647.58
60281c5519b423f095bcec9bb6c79f8b35e49b0e,1627.84
244db10b40f6b8138747a99d93d95eb57bf47156,1619.76
fea30344ec7da82f03b3566df72631d8dfee334a,1657.24
1738779c5b673dd3eb504888773e2febc5987959,1605.03
f80f677d350d1d5155c226eb4c46aad8d2723203,1650.33
208f30910b3db4a1d560bc22e1c40cbc7ffc60e6,1678.70
6c0c2d4514278a82eb0868c5d978612a79c6d058,1638.84
6c55f019248a0ff617086565451d21754b9cfd15,1623.99
03df8cede945507c103249250d758eea72629cc2,1634.75
e283a32f58239762b708d116b7a95ce9bb92a96d,1632.81
d230a00bcb4a770d45a26aafc783f8194b258c07,1617.25
15558b476402fe217fbfd925d085c889a09d6fc1,1652.80
00f85a826668e5dc1e7b180bba52f35ccb9dbaaf,1626.70
19e8539fbfae80432fc4d8e9b562a39f786f547e,1638.69
00f85a826668e5dc1e7b180bba52f35ccb9dbaaf,1631.65
74a1f6b9f4abafbf03e2c00c0f8b7d46a8b81dce,1643.33
374ded2bc3d57108fffbead844371ecc5fab63ee,1624.21
2398b3248cd9065136c5e4eab42981635bd5e200,1626.57
03df8cede945507c103249250d758eea72629cc2,1613.95
374ded2bc3d57108fffbead844371ecc5fab63ee,1631.54
19e8539fbfae80432fc4d8e9b562a39f786f547e,1595.46
1963a7c17fc8b95ec6f6d150d716c9d9c4065c2e,1625.06
c393413d45f9be6915d6f243b255bd4df18d2774,1670.40
e39b9b972ddccb73939c335231cb7d80528387d6,1661.86
047ac797fbc30e3487ce8583c74826237fbaab5a,1637.68
acc41a5397f3667d6cbe9105bf33868ff89c219c,1645.09
d4b2c36dadad3e644d1c1b5b85aa704b22c3b077,1698.51
48d4be45a72c8f98c29e10fe03a3ac80fcc170bd,1608.15
a0537c7623ba84252c5535020227babdf6da314f,1619.12
047ac797fbc30e3487ce8583c74826237fbaab5a,1672.32
4fb1036ce7892fa1f938cee4f37435e85dd30797,1645.81
19e8539fbfae80432fc4d8e9b562a39f786f547e,1625.75
3244429f2e5a023e8833c39acfef36237de015c8,1685.28
f5244dc384063de6bf8f5429c95a0751916938f6,1616.92
daef8bb412db6c94b9895837ae6e28c5770c65ad,1633.82
d4b2c36dadad3e644d1c1b5b85aa704b22c3b077,1632.95
2398b3248cd9065136c5e4eab42981635bd5e200,1607.27
00f85a826668e5dc1e7b180bba52f35ccb9dbaaf,1667.55
e860de61d39708f10f5f90f87bbb961e65e6da49,1674.23
6cbe7e494fe88f1d8c082353e2c54f6eb8fdc381,1639.43
c73bad806913a560caabe30409c1c2492857e27e,1635.93
c8b6f2e91d7a76ad4635b7e9933e1aadeb0c55e8,1617.68
9dec1baba5b3d0fa11268c95630b391f9de664ad,1657.40
954c46a92a1a0c5052ed241d4398db8b0331e1f3,1630.03
b4751ad1c3e49acf06824ba2e3d9e046be159f0d,1640.72
463f66d1df34d44f5a512e6d699fe593ab2a4dc1,1615.84
1738779c5b673dd3eb504888773e2febc5987959,1603.74
20c9162234e55a297cd1a2195af70d9353ab3e05,1659.95
9dec1baba5b3d0fa11268c95630b391f9de664ad,1609.05
e89cf549b14af5bc0ced21c83f6c2fe4c0bca5fd,1640.03
55506ebc6c1472e2e358d316a2763cf86bfdc046,1622.17
6c0c2d4514278a82eb0868c5d978612a79c6d058,1633.43
08fbe610441e2ab5beac49eb01ec84e9ccd5ff6a,1611.84
68f6f9ccb349d9ceef8caaf212d513b2d8f8d7ea,1672.41
c7db66ea66c0558395b6cf2ef5ad3f59da36c88d,1631.58
e283a32f58239762b708d116b7a95ce9bb92a96d,1630.56
b4751ad1c3e49acf06824ba2e3d9e046be159f0d,1632.97
03df8cede945507c103249250d758eea72629cc2,1627.01
3244429f2e5a023e8833c39acfef36237de015c8,1629.13
385219da0dea81918ffc285b42cca51f9c8d9df9,1617.40
69d2e43c266a2962f5a34e9a3d5f4f314fb1ef57,1619.23
d230a00bcb4a770d45a26aafc783f8194b258c07,1625.13
56a09caa0eb6ac5997f8bf50ec4e5323b7fabc61,1649.31
385219da0dea81918ffc285b42cca51f9c8d9df9,1602.10
4b91adf9a4afb4eaf0e815c48b5d2cfdcb639f66,1654.79
73d450657932370e516f205537b395d1d055d043,1641.70
48d4be45a72c8f98c29e10fe03a3ac80fcc170bd,1600.98
047ac797fbc30e3487ce8583c74826237fbaab5a,1610.92
00f831840d845d5e221d44ba5d0dfac1a41fdbca,1671.29
b4751ad1c3e49acf06824ba2e3d9e046be159f0d,1643.61
bf40e9ca9b325fd8a49b6df20bbb2ddf644b5a1c,1640.22
6c0c2d4514278a82eb0868c5d978612a79c6d058,1675.16
bf40e9ca9b325fd8a49b6df20bbb2ddf644b5a1c,1626.73
6de7cfcd9dbe64297a2d430601f69d0b8005eece,1607.21
210bc36549bfd588a5fd602ce2adf9570b612b58,1638.74
acc41a5397f3667d6cbe9105bf33868ff89c219c,1696.57
4d7e47fb8e703566476d4267a98a1464395248f3,1609.91
27e7d5f03d85bea15fbfe5432c37c6de94965a82,1627.40
3244429f2e5a023e8833c39acfef36237de015c8,1655.36
dc3b6c59d2d4dc1b72424785e9b8455b1df15664,1588.77
fea30344ec7da82f03b3566df72631d8dfee334a,1626.60
3244429f2e5a023e8833c39acfef36237de015c8,1625.73
65589f14fea11a9eb3213e6f33c8307b0f57e767,1610.47
c73bad806913a560caabe30409c1c2492857e27e,1629.05
1738779c5b673dd3eb504888773e2febc5987959,1600.24
60281c5519b423f095bcec9bb6c79f8b35e49b0e,1618.92
cea804ab08e8bf1c81f7d279e62b9a34857cd8d0,1627.05
c0306b0bd49bc8e43affac107c5290ef600fe2ef,1670.12
e39b9b972ddccb73939c335231cb7d80528387d6,1643.18
c73bad806913a560caabe30409c1c2492857e27e,1628.40
b4751ad1c3e49acf06824ba2e3d9e046be159f0d,1622.04
60281c5519b423f095bcec9bb6c79f8b35e49b0e,1609.86
74a1f6b9f4abafbf03e2c00c0f8b7d46a8b81dce,1608.83
7e9160110f3cac233e748f4f31c2ec22f0286f6b,1634.70
de0e749c519d7f220a9c9c393f412493d79916b1,1632.67
d5bc100eab6238b4b682a45fc04e829ff46459ef,1634.15
9dec1baba5b3d0fa11268c95630b391f9de664ad,1646.48
b618c75d8454db1d29eb71435664977fab72be06,1610.65
210bc36549bfd588a5fd602ce2adf9570b612b58,1670.13
244db10b40f6b8138747a99d93d95eb57bf47156,1656.19
5ad4b5347b9aec819ed1017fff5faac9c9da715e,1687.95
8a342fda89d457a585f515d99e6b4106d490b220,1635.35
fc4b175e02df2ceabdec9371d1874a014a35472d,1626.81
c8b6f2e91d7a76ad4635b7e9933e1aadeb0c55e8,1638.06
b3c2026ee7d8982cd7cd971a8305c0d14b5f56f0,1610.72
d94c78cd8664e5159568de57f343d8d014669153,1643.31
2398b3248cd9065136c5e4eab42981635bd5e200,1621.97
c393413d45f9be6915d6f243b255bd4df18d2774,1594.48
48d4be45a72c8f98c29e10fe03a3ac80fcc170bd,1603.18
65589f14fea11a9eb3213e6f33c8307b0f57e767,1675.58
6c55f019248a0ff617086565451d21754b9cfd15,1620.00
d230a00bcb4a770d45a26aafc783f8194b258c07,1621.51
f5244dc384063de6bf8f5429c95a0751916938f6,1634.53
c9ce65a9fec3cf6ddeb2dbe5d98214b6a03698b4,1622.11
65589f14fea11a9eb3213e6f33c8307b0f57e767,1642.61
00f831840d845d5e221d44ba5d0dfac1a41fdbca,1630.29
b4b3fd177d5750b15f8ad8322a696d91cbea034e,1634.34
c8b6f2e91d7a76ad4635b7e9933e1aadeb0c55e8,1615.36
64ffbcdda3d79b16436ba3870ec7770d69667aa4,1636.75
8a342fda89d457a585f515d99e6b4106d490b220,1643.86
bf40e9ca9b325fd8a49b6df20bbb2ddf644b5a1c,1642.53
5e0b048e22e422d5351e4dad7a3d90737003e456,1651.57
e860de61d39708f10f5f90f87bbb961e65e6da49,1655.65
b3c2026ee7d8982cd7cd971a8305c0d14b5f56f0,1608.23
b3c2026ee7d8982cd7cd971a8305c0d14b5f56f0,1589.28
ad76a8379cd7779907a6400b99e78253fd7158e7,1600.26
15558b476402fe217fbfd925d085c889a09d6fc1,1639.70
374ded2bc3d57108fffbead844371ecc5fab63ee,1643.09
244db10b40f6b8138747a99d93d95eb57bf47156,1637.21
fc4b175e02df2ceabdec9371d1874a014a35472d,1639.32
cea804ab08e8bf1c81f7d279e62b9a34857cd8d0,1611.33
e89cf549b14af5bc0ced21c83f6c2fe4c0bca5fd,1623.28
5ad4b5347b9aec819ed1017fff5faac9c9da715e,1597.06
1738779c5b673dd3eb504888773e2febc5987959,1634.33
acc41a5397f3667d6cbe9105bf33868ff89c219c,1620.37
1f1f72d1e89821c630dcfc35e1a0a7f653cc877b,1640.07
27e7d5f03d85bea15fbfe5432c37c6de94965a82,1630.36
1963a7c17fc8b95ec6f6d150d716c9d9c4065c2e,1648.93
daef8bb412db6c94b9895837ae6e28c5770c65ad,1621.02
d5bc100eab6238b4b682a45fc04e829ff46459ef,1678.76
6de7cfcd9dbe64297a2d430601f69d0b8005eece,1605.12
78be89abde691c066fd55a1ca24254447e21cfe6,1643.49
f1f9b887101822703be6f5414e45dd296fb3c43a,1594.49
c37e8d66dd7acd1cef8a5fc860140f8796c84ab4,1627.62
97e6211c5e06a93bbc050a29b38743ec14ee652c,1632.33
954c46a92a1a0c5052ed241d4398db8b0331e1f3,1633.80
c393413d45f9be6915d6f243b255bd4df18d2774,1603.79
48d4be45a72c8f98c29e10fe03a3ac80fcc170bd,1628.18
f11d93c1497a7b7ec571a47190c41f79d725640c,1607.43
c7db66ea66c0558395b6cf2ef5ad3f59da36c88d,1648.20
cea804ab08e8bf1c81f7d279e62b9a34857cd8d0,1648.66
a6c195080466bb3cb7c5a4527622b8f49c7639ad,1609.49
6423e659d5da3de14fc7bf2e31f3383d5c3646c4,1602.92
60281c5519b423f095bcec9bb6c79f8b35e49b0e,1612.14
27e7d5f03d85bea15fbfe5432c37c6de94965a82,1617.38
acc41a5397f3667d6cbe9105bf33868ff89c219c,1647.03
3244429f2e5a023e8833c39acfef36237de015c8,1657.61
fc4b175e02df2ceabdec9371d1874a014a35472d,1614.41
cea804ab08e8bf1c81f7d279e62b9a34857cd8d0,1619.56
c3963d4bb19414d56f42986db96d62208309e748,1610.86
de0e749c519d7f220a9c9c393f412493d79916b1,1610.77
60281c5519b423f095bcec9bb6c79f8b35e49b0e,1583.98
9ba6dc7a955ed23884e8e25f8d503c4fe144c27a,1628.54
047ac797fbc30e3487ce8583c74826237fbaab5a,1608.70
39c486dc5826b8b60e82316d7dc05f85eca2fa02,1658.13
954c46a92a1a0c5052ed241d4398db8b0331e1f3,1619.76
e860de61d39708f10f5f90f87bbb961e65e6da49,1705.65
208f30910b3db4a1d560bc22e1c40cbc7ffc60e6,1624.17
d94c78cd8664e5159568de57f343d8d014669153,1600.49
8a4bdaef7aeaaa62d4016b890cdca87b1a701b7f,1661.61
244db10b40f6b8138747a99d93d95eb57bf47156,1624.21
3244429f2e5a023e8833c39acfef36237de015c8,1614.34
bf40e9ca9b325fd8a49b6df20bbb2ddf644b5a1c,1647.46
fea30344ec7da82f03b3566df72631d8dfee334a,1648.22
ad76a8379cd7779907a6400b99e78253fd7158e7,1616.06
fc4b175e02df2ceabdec9371d1874a014a35472d,1613.88
c7a56550796047a52d24486a49cdfb6dd683c0ab,1662.94
374ded2bc3d57108fffbead844371ecc5fab63ee,1635.12
7e9160110f3cac233e748f4f31c2ec22f0286f6b,1635.66
945b5218b271d8c8cc0df529e8b1fd0330971e41,1647.36
19e8539fbfae80432fc4d8e9b562a39f786f547e,1623.73
210bc36549bfd588a5fd602ce2adf9570b612b58,1600.24
374ded2bc3d57108fffbead844371ecc5fab63ee,1650.36
c73bad806913a560caabe30409c1c2492857e27e,1678.57
2398b3248cd9065136c5e4eab42981635bd5e200,1610.53
60281c5519b423f095bcec9bb6c79f8b35e49b0e,1649.87
b618c75d8454db1d29eb71435664977fab72be06,1639.61
bf2cca2d597ed521d0ec1a153c9cee8f8db3e638,1636.98
03df8cede945507c103249250d758eea72629cc2,1616.75
8c8f3f96e29c3dd7d7ad571f570d11abc21bf30e,1628.79
a0537c7623ba84252c5535020227babdf6da314f,1654.95
78be89abde691c066fd55a1ca24254447e21cfe6,1624.51
daef8bb412db6c94b9895837ae6e28c5770c65ad,1629.81
b3c2026ee7d8982cd7cd971a8305c0d14b5f56f0,1610.05
d230a00bcb4a770d45a26aafc783f8194b258c07,1629.55
c76e81ec60cfe4d15ce2a7cec3a787eb9017d1e8,1620.11
74a1f6b9f4abafbf03e2c00c0f8b7d46a8b81dce,1675.11
4b91adf9a4afb4eaf0e815c48b5d2cfdcb639f66,1621.11
f5244dc384063de6bf8f5429c95a0751916938f6,1608.38
4fb1036ce7892fa1f938cee4f37435e85dd30797,1633.95
2b443dff8770a97fe6f2a49db88f58e30b84abc6,1678.18
b5761608fc8862a58403b88f4582b5f883ad31ea,1644.11
d94c78cd8664e5159568de57f343d8d014669153,1653.88
6de7cfcd9dbe64297a2d430601f69d0b8005eece,1614.87
00f85a826668e5dc1e7b180bba52f35ccb9dbaaf,1615.39
d4b2c36dadad3e644d1c1b5b85aa704b22c3b077,1675.97
6cbe7e494fe88f1d8c082353e2c54f6eb8fdc381,1666.09
00f831840d845d5e221d44ba5d0dfac1a41fdbca,1662.05
c393413d45f9be6915d6f243b255bd4df18d2774,1601.93
55506ebc6c1472e2e358d316a2763cf86bfdc046,1631.06
56a09caa0eb6ac5997f8bf50ec4e5323b7fabc61,1635.90
f5244dc384063de6bf8f5429c95a0751916938f6,1616.50
463f66d1df34d44f5a512e6d699fe593ab2a4dc1,1638.52
e1bfee9357360d0783d46476a6f029bf0336446e,1615.40
c7db66ea66c0558395b6cf2ef5ad3f59da36c88d,1665.34
5e0b048e22e422d5351e4dad7a3d90737003e456,1631.55
2b443dff8770a97fe6f2a49db88f58e30b84abc6,1646.94
daef8bb412db6c94b9895837ae6e28c5770c65ad,1605.82
6cbe7e494fe88f1d8c082353e2c54f6eb8fdc381,1606.61
64ffbcdda3d79b16436ba3870ec7770d69667aa4,1664.22
2398b3248cd9065136c5e4eab42981635bd5e200,1617.95
daef8bb412db6c94b9895837ae6e28c5770c65ad,1704.28
e39b9b972ddccb73939c335231cb7d80528387d6,1643.41
8eecef379d5c5af27a9a438fdfce82460e44f08b,1627.89
de0e749c519d7f220a9c9c393f412493d79916b1,1631.65
1738779c5b673dd3eb504888773e2febc5987959,1610.52
385219da0dea81918ffc285b42cca51f9c8d9df9,1615.90
cea804ab08e8bf1c81f7d279e62b9a34857cd8d0,1656.49
4b91adf9a4afb4eaf0e815c48b5d2cfdcb639f66,1611.44
4b91adf9a4afb4eaf0e815c48b5d2cfdcb639f66,1635.79
9dec1baba5b3d0fa11268c95630b391f9de664ad,1642.11
a6c195080466bb3cb7c5a4527622b8f49c7639ad,1606.19
d94c78cd8664e5159568de57f343d8d014669153,1611.42
1f1f72d1e89821c630dcfc35e1a0a7f653cc877b,1656.33
a6c195080466bb3cb7c5a4527622b8f49c7639ad,1607.70
bf2cca2d597ed521d0ec1a153c9cee8f8db3e638,1634.57
3244429f2e5a023e8833c39acfef36237de015c8,1670.52
1f1f72d1e89821c630dcfc35e1a0a7f653cc877b,1657.91
f80f677d350d1d5155c226eb4c46aad8d2723203,1685.73
bf40e9ca9b325fd8a49b6df20bbb2ddf644b5a1c,1657.38
78be89abde691c066fd55a1ca24254447e21cfe6,1632.30
6c55f019248a0ff617086565451d21754b9cfd15,1667.68
945b5218b271d8c8cc0df529e8b1fd0330971e41,1652.57
61ecdf33d20d345beaf5c044f18596f63f98746c,1632.67
244db10b40f6b8138747a99d93d95eb57bf47156,1634.58
7e9160110f3cac233e748f4f31c2ec22f0286f6b,1633.94
64ffbcdda3d79b16436ba3870ec7770d69667aa4,1595.76
69d2e43c266a2962f5a34e9a3d5f4f314fb1ef57,1595.66
be1301f86a80221ed5477980999d599a3710e1eb,1613.58
210bc36549bfd588a5fd602ce2adf9570b612b58,1625.93
c9ce65a9fec3cf6ddeb2dbe5d98214b6a03698b4,1643.96
e89cf549b14af5bc0ced21c83f6c2fe4c0bca5fd,1621.59
6de7cfcd9dbe64297a2d430601f69d0b8005eece,1638.31
954c46a92a1a0c5052ed241d4398db8b0331e1f3,1648.71
9dec1baba5b3d0fa11268c95630b391f9de664ad,1643.21
7e9160110f3cac233e748f4f31c2ec22f0286f6b,1642.14
f80f677d350d1d5155c226eb4c46aad8d2723203,1612.84
210bc36549bfd588a5fd602ce2adf9570b612b58,1609.62
74a1f6b9f4abafbf03e2c00c0f8b7d46a8b81dce,1627.61
27e7d5f03d85bea15fbfe5432c37c6de94965a82,1635.71
9dec1baba5b3d0fa11268c95630b391f9de664ad,1624.56
208f30910b3db4a1d560bc22e1c40cbc7ffc60e6,1615.89
d4b2c36dadad3e644d1c1b5b85aa704b22c3b077,1649.20
64ffbcdda3d79b16436ba3870ec7770d69667aa4,1622.49
8a4bdaef7aeaaa62d4016b890cdca87b1a701b7f,1640.12
55506ebc6c1472e2e358d316a2763cf86bfdc046,1588.59
6cbe7e494fe88f1d8c082353e2c54f6eb8fdc381,1651.33
8c8f3f96e29c3dd7d7ad571f570d11abc21bf30e,1630.73
c0306b0bd49bc8e43affac107c5290ef600fe2ef,1622.35
b4751ad1c3e49acf06824ba2e3d9e046be159f0d,1633.99
60281c5519b423f095bcec9bb6c79f8b35e49b0e,1612.92
374ded2bc3d57108fffbead844371ecc5fab63ee,1649.15
3244429f2e5a023e8833c39acfef36237de015c8,1638.03
fc4b175e02df2ceabdec9371d1874a014a35472d,1642.75
a6c195080466bb3cb7c5a4527622b8f49c7639ad,1635.03
385219da0dea81918ffc285b42cca51f9c8d9df9,1616.17
19e8539fbfae80432fc4d8e9b562a39f786f547e,1608.69
d94c78cd8664e5159568de57f343d8d014669153,1616.24
3a36f930fd5c7968f6a2a168077597d9d8c78ca7,1620.92
e283a32f58239762b708d116b7a95ce9bb92a96d,1606.76
03df8cede945507c103249250d758eea72629cc2,1612.28
4d7e47fb8e703566476d4267a98a1464395248f3,1634.30
bf2cca2d597ed521d0ec1a153c9cee8f8db3e638,1597.89
c37e8d66dd7acd1cef8a5fc860140f8796c84ab4,1641.86
047ac797fbc30e3487ce8583c74826237fbaab5a,1615.92
244db10b40f6b8138747a99d93d95eb57bf47156,1675.84
244db10b40f6b8138747a99d93d95eb57bf47156,1636.52
6c0c2d4514278a82eb0868c5d978612a79c6d058,1629.31
6cbe7e494fe88f1d8c082353e2c54f6eb8fdc381,1635.02
39c486dc5826b8b60e82316d7dc05f85eca2fa02,1623.91
d4b2c36dadad3e644d1c1b5b85aa704b22c3b077,1645.86
bf2cca2d597ed521d0ec1a153c9cee8f8db3e638,1586.89
c393413d45f9be6915d6f243b255bd4df18d2774,1630.07
48d4be45a72c8f98c29e10fe03a3ac80fcc170bd,1595.36
8a4bdaef7aeaaa62d4016b890cdca87b1a701b7f,1637.30
c393413d45f9be6915d6f243b255bd4df18d2774,1612.67
5ad4b5347b9aec819ed1017fff5faac9c9da715e,1621.94
e1bfee9357360d0783d46476a6f029bf0336446e,1623.20
ad76a8379cd7779907a6400b99e78253fd7158e7,1625.49
e283a32f58239762b708d116b7a95ce9bb92a96d,1597.98
78be89abde691c066fd55a1ca24254447e21cfe6,1613.43
a6c195080466bb3cb7c5a4527622b8f49c7639ad,1648.97
19e8539fbfae80432fc4d8e9b562a39f786f547e,1612.75
210bc36549bfd588a5fd602ce2adf9570b612b58,1632.66
5ad4b5347b9aec819ed1017fff5faac9c9da715e,1599.06
cea804ab08e8bf1c81f7d279e62b9a34857cd8d0,1684.49
e1bfee9357360d0783d46476a6f029bf0336446e,1621.40
c37e8d66dd7acd1cef8a5fc860140f8796c84ab4,1625.33
d94c78cd8664e5159568de57f343d8d014669153,1595.13
e283a32f58239762b708d116b7a95ce9bb92a96d,1618.64
c9ce65a9fec3cf6ddeb2dbe5d98214b6a03698b4,1709.23
c37e8d66dd7acd1cef8a5fc860140f8796c84ab4,1659.98
be1301f86a80221ed5477980999d599a3710e1eb,1626.33
244db10b40f6b8138747a99d93d95eb57bf47156,1616.61
e860de61d39708f10f5f90f87bbb961e65e6da49,1635.32
4fb1036ce7892fa1f938cee4f37435e85dd30797,1647.60
27e7d5f03d85bea15fbfe5432c37c6de94965a82,1626.56
20c9162234e55a297cd1a2195af70d9353ab3e05,1652.75
c73bad806913a560caabe30409c1c2492857e27e,1616.00
1963a7c17fc8b95ec6f6d150d716c9d9c4065c2e,1617.32
55506ebc6c1472e2e358d316a2763cf86bfdc046,1606.20
39c486dc5826b8b60e82316d7dc05f85eca2fa02,1625.36
385219da0dea81918ffc285b42cca51f9c8d9df9,1609.64
4d7e47fb8e703566476d4267a98a1464395248f3,1601.34
48d4be45a72c8f98c29e10fe03a3ac80fcc170bd,1610.54
00f831840d845d5e221d44ba5d0dfac1a41fdbca,1626.43
6c0c2d4514278a82eb0868c5d978612a79c6d058,1630.69
b5761608fc8862a58403b88f4582b5f883ad31ea,1673.96
6423e659d5da3de14fc7bf2e31f3383d5c3646c4,1608.55
ad76a8379cd7779907a6400b99e78253fd7158e7,1609.16
6c55f019248a0ff617086565451d21754b9cfd15,1610.84
6cbe7e494fe88f1d8c082353e2c54f6eb8fdc381,1602.12
74a1f6b9f4abafbf03e2c00c0f8b7d46a8b81dce,1698.20
56a09caa0eb6ac5997f8bf50ec4e5323b7fabc61,1606.71
9dec1baba5b3d0fa11268c95630b391f9de664ad,1668.24
00f831840d845d5e221d44ba5d0dfac1a41fdbca,1629.59
15558b476402fe217fbfd925d085c889a09d6fc1,1669.23
4d7e47fb8e703566476d4267a98a1464395248f3,1635.98
1738779c5b673dd3eb504888773e2febc5987959,1597.29
e1bfee9357360d0783d46476a6f029bf0336446e,1648.34
1738779c5b673dd3eb504888773e2febc5987959,1621.97
d5bc100eab6238b4b682a45fc04e829ff46459ef,1644.41
73d450657932370e516f205537b395d1d055d043,1614.49
d4b2c36dadad3e644d1c1b5b85aa704b22c3b077,1623.08
8c8f3f96e29c3dd7d7ad571f570d11abc21bf30e,1632.03
4fb1036ce7892fa1f938cee4f37435e85dd30797,1649.91
6c55f019248a0ff617086565451d21754b9cfd15,1637.21
acc41a5397f3667d6cbe9105bf33868ff89c219c,1639.69
6c55f019248a0ff617086565451d21754b9cfd15,1608.30
b4b3fd177d5750b15f8ad8322a696d91cbea034e,1641.66
60281c5519b423f095bcec9bb6c79f8b35e49b0e,1606.08
6c0c2d4514278a82eb0868c5d978612a79c6d058,1640.41
208f30910b3db4a1d560bc22e1c40cbc7ffc60e6,1599.81
bf40e9ca9b325fd8a49b6df20bbb2ddf644b5a1c,1642.90
210bc36549bfd588a5fd602ce2adf9570b612b58,1602.89
9ba6dc7a955ed23884e8e25f8d503c4fe144c27a,1615.73
8eecef379d5c5af27a9a438fdfce82460e44f08b,1629.68
6de7cfcd9dbe64297a2d430601f69d0b8005eece,1622.87
08fbe610441e2ab5beac49eb01ec84e9ccd5ff6a,1627.26
97e6211c5e06a93bbc050a29b38743ec14ee652c,1630.65
60281c5519b423f095bcec9bb6c79f8b35e49b0e,1600.16
e39b9b972ddccb73939c335231cb7d80528387d6,1657.83
a6c195080466bb3cb7c5a4527622b8f49c7639ad,1646.31
fea30344ec7da82f03b3566df72631d8dfee334a,1732.47
374ded2bc3d57108fffbead844371ecc5fab63ee,1645.08
00f831840d845d5e221d44ba5d0dfac1a41fdbca,1652.85
08fbe610441e2ab5beac49eb01ec84e9ccd5ff6a,1631.23
de0e749c519d7f220a9c9c393f412493d79916b1,1641.92
385219da0dea81918ffc285b42cca51f9c8d9df9,1631.19
19e8539fbfae80432fc4d8e9b562a39f786f547e,1634.19
374ded2bc3d57108fffbead844371ecc5fab63ee,1662.04
3a36f930fd5c7968f6a2a168077597d9d8c78ca7,1621.93
56a09caa0eb6ac5997f8bf50ec4e5323b7fabc61,1613.14
9dec1baba5b3d0fa11268c95630b391f9de664ad,1637.47
d230a00bcb4a770d45a26aafc783f8194b258c07,1634.69
38615afffecc51519e00f1b4769f6d2dc220c9bc,1628.81
9dec1baba5b3d0fa11268c95630b391f9de664ad,1659.14
97e6211c5e06a93bbc050a29b38743ec14ee652c,1661.45
c73bad806913a560caabe30409c1c2492857e27e,1612.34
8c8f3f96e29c3dd7d7ad571f570d11abc21bf30e,1629.37
00f831840d845d5e221d44ba5d0dfac1a41fdbca,1641.34
61ecdf33d20d345beaf5c044f18596f63f98746c,1618.51
55506ebc6c1472e2e358d316a2763cf86bfdc046,1627.51
047ac797fbc30e3487ce8583c74826237fbaab5a,1606.43
945b5218b271d8c8cc0df529e8b1fd0330971e41,1639.85
38615afffecc51519e00f1b4769f6d2dc220c9bc,1623.19
3375e1c24fcbb2b53819bf87460f3eb4932b1c78,1632.38
48d4be45a72c8f98c29e10fe03a3ac80fcc170bd,1595.71
a0537c7623ba84252c5535020227babdf6da314f,1611.42
cea804ab08e8bf1c81f7d279e62b9a34857cd8d0,1649.95
a0537c7623ba84252c5535020227babdf6da314f,1620.79
c73bad806913a560caabe30409c1c2492857e27e,1603.56
b4b3fd177d5750b15f8ad8322a696d91cbea034e,1600.95
6c55f019248a0ff617086565451d21754b9cfd15,1608.78
03df8cede945507c103249250d758eea72629cc2,1626.99
7e9160110f3cac233e748f4f31c2ec22f0286f6b,1684.47
64ffbcdda3d79b16436ba3870ec7770d69667aa4,1620.46
fea30344ec7da82f03b3566df72631d8dfee334a,1622.53
39c486dc5826b8b60e82316d7dc05f85eca2fa02,1612.55
f11d93c1497a7b7ec571a47190c41f79d725640c,1624.06
68f6f9ccb349d9ceef8caaf212d513b2d8f8d7ea,1625.60
8c8f3f96e29c3dd7d7ad571f570d11abc21bf30e,1618.85
19e8539fbfae80432fc4d8e9b562a39f786f547e,1613.97
55506ebc6c1472e2e358d316a2763cf86bfdc046,1621.63
f5244dc384063de6bf8f5429c95a0751916938f6,1604.16
fea30344ec7da82f03b3566df72631d8dfee334a,1622.68
eb602e76466ef383d68aecd944af912ab11abfd4,1602.82
fc4b175e02df2ceabdec9371d1874a014a35472d,1614.78
1738779c5b673dd3eb504888773e2febc5987959,1633.54
3244429f2e5a023e8833c39acfef36237de015c8,1622.82
b4b3fd177d5750b15f8ad8322a696d91cbea034e,1636.46
8a4bdaef7aeaaa62d4016b890cdca87b1a701b7f,1640.17
eb602e76466ef383d68aecd944af912ab11abfd4,1656.19
463f66d1df34d44f5a512e6d699fe593ab2a4dc1,1635.81
4b91adf9a4afb4eaf0e815c48b5d2cfdcb639f66,1612.01
73d450657932370e516f205537b395d1d055d043,1624.79
de0e749c519d7f220a9c9c393f412493d79916b1,1651.06
e1bfee9357360d0783d46476a6f029bf0336446e,1613.27
e89cf549b14af5bc0ced21c83f6c2fe4c0bca5fd,1604.69
a6c195080466bb3cb7c5a4527622b8f49c7639ad,1618.34
27e7d5f03d85bea15fbfe5432c37c6de94965a82,1603.30
c7a56550796047a52d24486a49cdfb6dd683c0ab,1627.99
d5bc100eab6238b4b682a45fc04e829ff46459ef,1640.11
ad76a8379cd7779907a6400b99e78253fd7158e7,1634.83
fea30344ec7da82f03b3566df72631d8dfee334a,1626.33
4d7e47fb8e703566476d4267a98a1464395248f3,1592.39
b5761608fc8862a58403b88f4582b5f883ad31ea,1645.79
56a09caa0eb6ac5997f8bf50ec4e5323b7fabc61,1593.30
97e6211c5e06a93bbc050a29b38743ec14ee652c,1661.93
c8b6f2e91d7a76ad4635b7e9933e1aadeb0c55e8,1608.73
c37e8d66dd7acd1cef8a5fc860140f8796c84ab4,1657.21
60281c5519b423f095bcec9bb6c79f8b35e49b0e,1613.67
4fb1036ce7892fa1f938cee4f37435e85dd30797,1623.21
a0537c7623ba84252c5535020227babdf6da314f,1692.61
5ad4b5347b9aec819ed1017fff5faac9c9da715e,1635.65
6c55f019248a0ff617086565451d21754b9cfd15,1638.40
385219da0dea81918ffc285b42cca51f9c8d9df9,1616.73
7e9160110f3cac233e748f4f31c2ec22f0286f6b,1617.36
8a4bdaef7aeaaa62d4016b890cdca87b1a701b7f,1634.88
d5bc100eab6238b4b682a45fc04e829ff46459ef,1632.60
b618c75d8454db1d29eb71435664977fab72be06,1660.67
de0e749c519d7f220a9c9c393f412493d79916b1,1638.08
dc3b6c59d2d4dc1b72424785e9b8455b1df15664,1608.89
ad76a8379cd7779907a6400b99e78253fd7158e7,1661.71
e860de61d39708f10f5f90f87bbb961e65e6da49,1631.61
de0e749c519d7f220a9c9c393f412493d79916b1,1630.25
d230a00bcb4a770d45a26aafc783f8194b258c07,1622.11
27e7d5f03d85bea15fbfe5432c37c6de94965a82,1605.47
bf2cca2d597ed521d0ec1a153c9cee8f8db3e638,1615.66
6de7cfcd9dbe64297a2d430601f69d0b8005eece,1634.96
2b443dff8770a97fe6f2a49db88f58e30b84abc6,1655.24
64ffbcdda3d79b16436ba3870ec7770d69667aa4,1610.42
acc41a5397f3667d6cbe9105bf33868ff89c219c,1643.42
61ecdf33d20d345beaf5c044f18596f63f98746c,1597.80
9ba6dc7a955ed23884e8e25f8d503c4fe144c27a,1614.49
9dec1baba5b3d0fa11268c95630b391f9de664ad,1636.69
d5bc100eab6238b4b682a45fc04e829ff46459ef,1626.66
c0306b0bd49bc8e43affac107c5290ef600fe2ef,1653.18
2398b3248cd9065136c5e4eab42981635bd5e200,1642.37
c393413d45f9be6915d6f243b255bd4df18d2774,1629.95
55506ebc6c1472e2e358d316a2763cf86bfdc046,1628.63
a0537c7623ba84252c5535020227babdf6da314f,1651.96
8eecef379d5c5af27a9a438fdfce82460e44f08b,1686.81
64ffbcdda3d79b16436ba3870ec7770d69667aa4,1678.97
fc4b175e02df2ceabdec9371d1874a014a35472d,1636.89
945b5218b271d8c8cc0df529e8b1fd0330971e41,1627.43
f1f9b887101822703be6f5414e45dd296fb3c43a,1640.13
60281c5519b423f095bcec9bb6c79f8b35e49b0e,1630.35
a0537c7623ba84252c5535020227babdf6da314f,1630.91
4b91adf9a4afb4eaf0e815c48b5d2cfdcb639f66,1663.09
acc41a5397f3667d6cbe9105bf33868ff89c219c,1616.08
c9ce65a9fec3cf6ddeb2dbe5d98214b6a03698b4,1639.34
b4b3fd177d5750b15f8ad8322a696d91cbea034e,1606.05
e39b9b972ddccb73939c335231cb7d80528387d6,1609.60
78be89abde691c066fd55a1ca24254447e21cfe6,1613.81
38615afffecc51519e00f1b4769f6d2dc220c9bc,1629.70
244db10b40f6b8138747a99d93d95eb57bf47156,1635.67
39c486dc5826b8b60e82316d7dc05f85eca2fa02,1633.54
bf2cca2d597ed521d0ec1a153c9cee8f8db3e638,1620.47
27e7d5f03d85bea15fbfe5432c37c6de94965a82,1597.87
f11d93c1497a7b7ec571a47190c41f79d725640c,1612.07
ad76a8379cd7779907a6400b99e78253fd7158e7,1644.95
3375e1c24fcbb2b53819bf87460f3eb4932b1c78,1613.39
f5244dc384063de6bf8f5429c95a0751916938f6,1644.06
daef8bb412db6c94b9895837ae6e28c5770c65ad,1659.67
8eecef379d5c5af27a9a438fdfce82460e44f08b,1644.85
c76e81ec60cfe4d15ce2a7cec3a787eb9017d1e8,1622.96
eb602e76466ef383d68aecd944af912ab11abfd4,1588.07
20c9162234e55a297cd1a2195af70d9353ab3e05,1656.82
1738779c5b673dd3eb504888773e2febc5987959,1617.25
5e0b048e22e422d5351e4dad7a3d90737003e456,1652.14
20c9162234e55a297cd1a2195af70d9353ab3e05,1628.86
5e0b048e22e422d5351e4dad7a3d90737003e456,1635.74
1f1f72d1e89821c630dcfc35e1a0a7f653cc877b,1628.97
97e6211c5e06a93bbc050a29b38743ec14ee652c,1628.99
68f6f9ccb349d9ceef8caaf212d513b2d8f8d7ea,1603.56
b5761608fc8862a58403b88f4582b5f883ad31ea,1644.77
945b5218b271d8c8cc0df529e8b1fd0330971e41,1662.94
463f66d1df34d44f5a512e6d699fe593ab2a4dc1,1624.52
374ded2bc3d57108fffbead844371ecc5fab63ee,1623.86
210bc36549bfd588a5fd602ce2adf9570b612b58,1611.87
73d450657932370e516f205537b395d1d055d043,1615.01
55506ebc6c1472e2e358d316a2763cf86bfdc046,1614.94
f11d93c1497a7b7ec571a47190c41f79d725640c,1634.55
9ba6dc7a955ed23884e8e25f8d503c4fe144c27a,1614.27
65589f14fea11a9eb3213e6f33c8307b0f57e767,1631.51
6c0c2d4514278a82eb0868c5d978612a79c6d058,1614.12
1963a7c17fc8b95ec6f6d150d716c9d9c4065c2e,1658.52
64ffbcdda3d79b16436ba3870ec7770d69667aa4,1664.09
c73bad806913a560caabe30409c1c2492857e27e,1632.74
385219da0dea81918ffc285b42cca51f9c8d9df9,1613.38
78be89abde691c066fd55a1ca24254447e21cfe6,1642.59
a0537c7623ba84252c5535020227babdf6da314f,1618.07
69d2e43c266a2962f5a34e9a3d5f4f314fb1ef57,1583.56
463f66d1df34d44f5a512e6d699fe593ab2a4dc1,1618.64
208f30910b3db4a1d560bc22e1c40cbc7ffc60e6,1600.40
244db10b40f6b8138747a99d93d95eb57bf47156,1651.66
c73bad806913a560caabe30409c1c2492857e27e,1604.29
48d4be45a72c8f98c29e10fe03a3ac80fcc170bd,1621.96
e89cf549b14af5bc0ced21c83f6c2fe4c0bca5fd,1609.46
acc41a5397f3667d6cbe9105bf33868ff89c219c,1643.90
385219da0dea81918ffc285b42cca51f9c8d9df9,1664.28
c76e81ec60cfe4d15ce2a7cec3a787eb9017d1e8,1622.37
08fbe610441e2ab5beac49eb01ec84e9ccd5ff6a,1608.44
cea804ab08e8bf1c81f7d279e62b9a34857cd8d0,1622.91
6cbe7e494fe88f1d8c082353e2c54f6eb8fdc381,1604.05
6cbe7e494fe88f1d8c082353e2c54f6eb8fdc381,1605.53
2b443dff8770a97fe6f2a49db88f58e30b84abc6,1673.00
c73bad806913a560caabe30409c1c2492857e27e,1636.14
69d2e43c266a2962f5a34e9a3d5f4f314fb1ef57,1646.09
5e0b048e22e422d5351e4dad7a3d90737003e456,1625.09
e89cf549b14af5bc0ced21c83f6c2fe4c0bca5fd,1589.01
39c486dc5826b8b60e82316d7dc05f85eca2fa02,1634.93
1f1f72d1e89821c630dcfc35e1a0a7f653cc877b,1645.89
954c46a92a1a0c5052ed241d4398db8b0331e1f3,1621.07
c393413d45f9be6915d6f243b255bd4df18d2774,1600.39
c7a56550796047a52d24486a49cdfb6dd683c0ab,1701.34
fea30344ec7da82f03b3566df72631d8dfee334a,1635.03
48d4be45a72c8f98c29e10fe03a3ac80fcc170bd,1632.57
d5bc100eab6238b4b682a45fc04e829ff46459ef,1672.28
385219da0dea81918ffc285b42cca51f9c8d9df9,1625.83
8eecef379d5c5af27a9a438fdfce82460e44f08b,1678.51
97e6211c5e06a93bbc050a29b38743ec14ee652c,1623.67
55506ebc6c1472e2e358d316a2763cf86bfdc046,1650.32
b4751ad1c3e49acf06824ba2e3d9e046be159f0d,1607.49
fea30344ec7da82f03b3566df72631d8dfee334a,1672.34
210bc36549bfd588a5fd602ce2adf9570b612b58,1608.55
8a342fda89d457a585f515d99e6b4106d490b220,1647.89
9ba6dc7a955ed23884e8e25f8d503c4fe144c27a,1631.09
c37e8d66dd7acd1cef8a5fc860140f8796c84ab4,1631.48
c0306b0bd49bc8e43affac107c5290ef600fe2ef,1614.54
d5bc100eab6238b4b682a45fc04e829ff46459ef,1635.04
b618c75d8454db1d29eb71435664977fab72be06,1608.70
463f66d1df34d44f5a512e6d699fe593ab2a4dc1,1611.82
03df8cede945507c103249250d758eea72629cc2,1638.76
c0306b0bd49bc8e43affac107c5290ef600fe2ef,1640.40
c8b6f2e91d7a76ad4635b7e9933e1aadeb0c55e8,1630.37
de0e749c519d7f220a9c9c393f412493d79916b1,1635.79
1f1f72d1e89821c630dcfc35e1a0a7f653cc877b,1678.22
6c55f019248a0ff617086565451d21754b9cfd15,1625.38
b4b3fd177d5750b15f8ad8322a696d91cbea034e,1608.21
39c486dc5826b8b60e82316d7dc05f85eca2fa02,1614.38
385219da0dea81918ffc285b42cca51f9c8d9df9,1631.30
1963a7c17fc8b95ec6f6d150d716c9d9c4065c2e,1640.27
3244429f2e5a023e8833c39acfef36237de015c8,1647.42
08fbe610441e2ab5beac49eb01ec84e9ccd5ff6a,1619.10
bf40e9ca9b325fd8a49b6df20bbb2ddf644b5a1c,1665.93
c9ce65a9fec3cf6ddeb2dbe5d98214b6a03698b4,1661.25
d5bc100eab6238b4b682a45fc04e829ff46459ef,1721.07
c7db66ea66c0558395b6cf2ef5ad3f59da36c88d,1686.58
c7db66ea66c0558395b6cf2ef5ad3f59da36c88d,1638.60
00f85a826668e5dc1e7b180bba52f35ccb9dbaaf,1654.11
c393413d45f9be6915d6f243b255bd4df18d2774,1620.84
c76e81ec60cfe4d15ce2a7cec3a787eb9017d1e8,1632.62
d5bc100eab6238b4b682a45fc04e829ff46459ef,1634.55
9ba6dc7a955ed23884e8e25f8d503c4fe144c27a,1655.16
b5761608fc8862a58403b88f4582b5f883ad31ea,1676.76
e1bfee9357360d0783d46476a6f029bf0336446e,1632.82
03df8cede945507c103249250d758eea72629cc2,1617.17
374ded2bc3d57108fffbead844371ecc5fab63ee,1618.91
d5bc100eab6238b4b682a45fc04e829ff46459ef,1635.62
4b91adf9a4afb4eaf0e815c48b5d2cfdcb639f66,1618.74
3375e1c24fcbb2b53819bf87460f3eb4932b1c78,1642.44
b5761608fc8862a58403b88f4582b5f883ad31ea,1646.92
d230a00bcb4a770d45a26aafc783f8194b258c07,1635.78
4b91adf9a4afb4eaf0e815c48b5d2cfdcb639f66,1633.45
fea30344ec7da82f03b3566df72631d8dfee334a,1640.18
463f66d1df34d44f5a512e6d699fe593ab2a4dc1,1635.05
eb602e76466ef383d68aecd944af912ab11abfd4,1654.66
d230a00bcb4a770d45a26aafc783f8194b258c07,1615.66
03df8cede945507c103249250d758eea72629cc2,1652.39
c393413d45f9be6915d6f243b255bd4df18d2774,1637.24
244db10b40f6b8138747a99d93d95eb57bf47156,1635.65
56a09caa0eb6ac5997f8bf50ec4e5323b7fabc61,1624.35
244db10b40f6b8138747a99d93d95eb57bf47156,1631.58
244db10b40f6b8138747a99d93d95eb57bf47156,1620.62
1f1f72d1e89821c630dcfc35e1a0a7f653cc877b,1649.71
c7db66ea66c0558395b6cf2ef5ad3f59da36c88d,1686.93
ad76a8379cd7779907a6400b99e78253fd7158e7,1694.60
27e7d5f03d85bea15fbfe5432c37c6de94965a82,1622.51
dc3b6c59d2d4dc1b72424785e9b8455b1df15664,1615.51
b4b3fd177d5750b15f8ad8322a696d91cbea034e,1641.91
8a342fda89d457a585f515d99e6b4106d490b220,1619.29
08fbe610441e2ab5beac49eb01ec84e9ccd5ff6a,1618.31
b4751ad1c3e49acf06824ba2e3d9e046be159f0d,1615.23
08fbe610441e2ab5beac49eb01ec84e9ccd5ff6a,1617.28
6c55f019248a0ff617086565451d21754b9cfd15,1633.93
b4b3fd177d5750b15f8ad8322a696d91cbea034e,1619.70
39c486dc5826b8b60e82316d7dc05f85eca2fa02,1686.50
1963a7c17fc8b95ec6f6d150d716c9d9c4065c2e,1653.93
208f30910b3db4a1d560bc22e1c40cbc7ffc60e6,1612.34
9ba6dc7a955ed23884e8e25f8d503c4fe144c27a,1643.05
20c9162234e55a297cd1a2195af70d9353ab3e05,1630.79
b3c2026ee7d8982cd7cd971a8305c0d14b5f56f0,1592.81
f80f677d350d1d5155c226eb4c46aad8d2723203,1626.51
61ecdf33d20d345beaf5c044f18596f63f98746c,1617.25
8eecef379d5c5af27a9a438fdfce82460e44f08b,1640.63
b618c75d8454db1d29eb71435664977fab72be06,1632.36
5ad4b5347b9aec819ed1017fff5faac9c9da715e,1617.85
74a1f6b9f4abafbf03e2c00c0f8b7d46a8b81dce,1657.71
5ad4b5347b9aec819ed1017fff5faac9c9da715e,1669.10
6c0c2d4514278a82eb0868c5d978612a79c6d058,1618.87
c3963d4bb19414d56f42986db96d62208309e748,1608.28
e860de61d39708f10f5f90f87bbb961e65e6da49,1642.44
20c9162234e55a297cd1a2195af70d9353ab3e05,1648.19
74a1f6b9f4abafbf03e2c00c0f8b7d46a8b81dce,1624.28
48d4be45a72c8f98c29e10fe03a3ac80fcc170bd,1626.04
b4b3fd177d5750b15f8ad8322a696d91cbea034e,1664.28
8a4bdaef7aeaaa62d4016b890cdca87b1a701b7f,1636.91
15558b476402fe217fbfd925d085c889a09d6fc1,1623.88
69d2e43c266a2962f5a34e9a3d5f4f314fb1ef57,1594.24
385219da0dea81918ffc285b42cca51f9c8d9df9,1646.16
5e0b048e22e422d5351e4dad7a3d90737003e456,1620.21
65589f14fea11a9eb3213e6f33c8307b0f57e767,1615.54
15558b476402fe217fbfd925d085c889a09d6fc1,1636.06
c7a56550796047a52d24486a49cdfb6dd683c0ab,1635.61
00f831840d845d5e221d44ba5d0dfac1a41fdbca,1667.06
20c9162234e55a297cd1a2195af70d9353ab3e05,1669.57
c0306b0bd49bc8e43affac107c5290ef600fe2ef,1618.26
27e7d5f03d85bea15fbfe5432c37c6de94965a82,1597.80
1963a7c17fc8b95ec6f6d150d716c9d9c4065c2e,1635.90
fea30344ec7da82f03b3566df72631d8dfee334a,1619.80
210bc36549bfd588a5fd602ce2adf9570b612b58,1590.91
f5244dc384063de6bf8f5429c95a0751916938f6,1630.85
68f6f9ccb349d9ceef8caaf212d513b2d8f8d7ea,1617.17
6cbe7e494fe88f1d8c082353e2c54f6eb8fdc381,1619.68
97e6211c5e06a93bbc050a29b38743ec14ee652c,1623.84
8a4bdaef7aeaaa62d4016b890cdca87b1a701b7f,1649.52
463f66d1df34d44f5a512e6d699fe593ab2a4dc1,1621.56
60281c5519b423f095bcec9bb6c79f8b35e49b0e,1618.30
3a36f930fd5c7968f6a2a168077597d9d8c78ca7,1616.38
208f30910b3db4a1d560bc22e1c40cbc7ffc60e6,1633.06
4d7e47fb8e703566476d4267a98a1464395248f3,1617.26
3375e1c24fcbb2b53819bf87460f3eb4932b1c78,1624.16
6de7cfcd9dbe64297a2d430601f69d0b8005eece,1615.15
daef8bb412db6c94b9895837ae6e28c5770c65ad,1613.91
78be89abde691c066fd55a1ca24254447e21cfe6,1619.95
97e6211c5e06a93bbc050a29b38743ec14ee652c,1648.18
48d4be45a72c8f98c29e10fe03a3ac80fcc170bd,1598.02
2b443dff8770a97fe6f2a49db88f58e30b84abc6,1666.35
97e6211c5e06a93bbc050a29b38743ec14ee652c,1631.59
55506ebc6c1472e2e358d316a2763cf86bfdc046,1606.09
945b5218b271d8c8cc0df529e8b1fd0330971e41,1618.17
74a1f6b9f4abafbf03e2c00c0f8b7d46a8b81dce,1622.09
74a1f6b9f4abafbf03e2c00c0f8b7d46a8b81dce,1624.01
61ecdf33d20d345beaf5c044f18596f63f98746c,1663.39
cea804ab08e8bf1c81f7d279e62b9a34857cd8d0,1641.60
385219da0dea81918ffc285b42cca51f9c8d9df9,1635.92
d230a00bcb4a770d45a26aafc783f8194b258c07,1639.53
c37e8d66dd7acd1cef8a5fc860140f8796c84ab4,1694.94
463f66d1df34d44f5a512e6d699fe593ab2a4dc1,1613.99
48d4be45a72c8f98c29e10fe03a3ac80fcc170bd,1623.21
d230a00bcb4a770d45a26aafc783f8194b258c07,1608.69
69d2e43c266a2962f5a34e9a3d5f4f314fb1ef57,1600.14
8c8f3f96e29c3dd7d7ad571f570d11abc21bf30e,1622.99
954c46a92a1a0c5052ed241d4398db8b0331e1f3,1629.57
954c46a92a1a0c5052ed241d4398db8b0331e1f3,1645.79
73d450657932370e516f205537b395d1d055d043,1608.18
fea30344ec7da82f03b3566df72631d8dfee334a,1636.60
1f1f72d1e89821c630dcfc35e1a0a7f653cc877b,1641.99
38615afffecc51519e00f1b4769f6d2dc220c9bc,1659.09
d94c78cd8664e5159568de57f343d8d014669153,1610.33
3375e1c24fcbb2b53819bf87460f3eb4932b1c78,1669.99
6c0c2d4514278a82eb0868c5d978612a79c6d058,1623.04
be1301f86a80221ed5477980999d599a3710e1eb,1654.02
3a36f930fd5c7968f6a2a168077597d9d8c78ca7,1649.65
6c55f019248a0ff617086565451d21754b9cfd15,1618.01
1738779c5b673dd3eb504888773e2febc5987959,1623.63
945b5218b271d8c8cc0df529e8b1fd0330971e41,1653.28
eb602e76466ef383d68aecd944af912ab11abfd4,1608.88
244db10b40f6b8138747a99d93d95eb57bf47156,1609.89
dcf190c8bd60d43636ea276ad9b980383f669bbc,1647.16
047ac797fbc30e3487ce8583c74826237fbaab5a,1603.20
8eecef379d5c5af27a9a438fdfce82460e44f08b,1626.67
fc4b175e02df2ceabdec9371d1874a014a35472d,1657.58
f5244dc384063de6bf8f5429c95a0751916938f6,1610.36
68f6f9ccb349d9ceef8caaf212d513b2d8f8d7ea,1626.88
e89cf549b14af5bc0ced21c83f6c2fe4c0bca5fd,1635.69
c9ce65a9fec3cf6ddeb2dbe5d98214b6a03698b4,1631.14
385219da0dea81918ffc285b42cca51f9c8d9df9,1669.08
8eecef379d5c5af27a9a438fdfce82460e44f08b,1625.30
244db10b40f6b8138747a99d93d95eb57bf47156,1608.70
eb602e76466ef383d68aecd944af912ab11abfd4,1579.00
a0537c7623ba84252c5535020227babdf6da314f,1624.18
be1301f86a80221ed5477980999d599a3710e1eb,1633.41
3375e1c24fcbb2b53819bf87460f3eb4932b1c78,1659.62
5e0b048e22e422d5351e4dad7a3d90737003e456,1624.11
9ba6dc7a955ed23884e8e25f8d503c4fe144c27a,1645.79
03df8cede945507c103249250d758eea72629cc2,1664.96
2398b3248cd9065136c5e4eab42981635bd5e200,1643.54
61ecdf33d20d345beaf5c044f18596f63f98746c,1621.80
39c486dc5826b8b60e82316d7dc05f85eca2fa02,1611.71
64ffbcdda3d79b16436ba3870ec7770d69667aa4,1607.17
e1bfee9357360d0783d46476a6f029bf0336446e,1609.64
d4b2c36dadad3e644d1c1b5b85aa704b22c3b077,1633.81
48d4be45a72c8f98c29e10fe03a3ac80fcc170bd,1639.25
c3963d4bb19414d56f42986db96d62208309e748,1624.85
b3c2026ee7d8982cd7cd971a8305c0d14b5f56f0,1616.45
e283a32f58239762b708d116b7a95ce9bb92a96d,1618.13
210bc36549bfd588a5fd602ce2adf9570b612b58,1607.70
b5761608fc8862a58403b88f4582b5f883ad31ea,1628.65
208f30910b3db4a1d560bc22e1c40cbc7ffc60e6,1617.02
1963a7c17fc8b95ec6f6d150d716c9d9c4065c2e,1629.49
b3c2026ee7d8982cd7cd971a8305c0d14b5f56f0,1667.59
c8b6f2e91d7a76ad4635b7e9933e1aadeb0c55e8,1631.11
bf40e9ca9b325fd8a49b6df20bbb2ddf644b5a1c,1646.72
c3963d4bb19414d56f42986db96d62208309e748,1635.15
69d2e43c266a2962f5a34e9a3d5f4f314fb1ef57,1602.18
c8b6f2e91d7a76ad4635b7e9933e1aadeb0c55e8,1696.78
1f1f72d1e89821c630dcfc35e1a0a7f653cc877b,1638.36
dc3b6c59d2d4dc1b72424785e9b8455b1df15664,1681.96
945b5218b271d8c8cc0df529e8b1fd0330971e41,1614.43
b4751ad1c3e49acf06824ba2e3d9e046be159f0d,1639.30
64ffbcdda3d79b16436ba3870ec7770d69667aa4,1619.86
74a1f6b9f4abafbf03e2c00c0f8b7d46a8b81dce,1626.17
f1f9b887101822703be6f5414e45dd296fb3c43a,1621.41
65589f14fea11a9eb3213e6f33c8307b0f57e767,1650.83
6c0c2d4514278a82eb0868c5d978612a79c6d058,1648.67
9ba6dc7a955ed23884e8e25f8d503c4fe144c27a,1639.29
3a36f930fd5c7968f6a2a168077597d9d8c78ca7,1613.96
4d7e47fb8e703566476d4267a98a1464395248f3,1592.15
2398b3248cd9065136c5e4eab42981635bd5e200,1595.56
a0537c7623ba84252c5535020227babdf6da314f,1604.85
244db10b40f6b8138747a99d93d95eb57bf47156,1633.77
eb602e76466ef383d68aecd944af912ab11abfd4,1601.42
56a09caa0eb6ac5997f8bf50ec4e5323b7fabc61,1628.25
08fbe610441e2ab5beac49eb01ec84e9ccd5ff6a,1603.34
4d7e47fb8e703566476d4267a98a1464395248f3,1610.78
15558b476402fe217fbfd925d085c889a09d6fc1,1640.44
be1301f86a80221ed5477980999d599a3710e1eb,1665.06
9ba6dc7a955ed23884e8e25f8d503c4fe144c27a,1615.72
e89cf549b14af5bc0ced21c83f6c2fe4c0bca5fd,1599.34
1738779c5b673dd3eb504888773e2febc5987959,1602.24
bf40e9ca9b325fd8a49b6df20bbb2ddf644b5a1c,1625.04
954c46a92a1a0c5052ed241d4398db8b0331e1f3,1624.59
38615afffecc51519e00f1b4769f6d2dc220c9bc,1653.46
c7a56550796047a52d24486a49cdfb6dd683c0ab,1608.92
b618c75d8454db1d29eb71435664977fab72be06,1612.76
1f1f72d1e89821c630dcfc35e1a0a7f653cc877b,1663.70
4d7e47fb8e703566476d4267a98a1464395248f3,1601.76
38615afffecc51519e00f1b4769f6d2dc220c9bc,1630.84
78be89abde691c066fd55a1ca24254447e21cfe6,1628.45
a6c195080466bb3cb7c5a4527622b8f49c7639ad,1636.53
6cbe7e494fe88f1d8c082353e2c54f6eb8fdc381,1608.28
945b5218b271d8c8cc0df529e8b1fd0330971e41,1703.37
3a36f930fd5c7968f6a2a168077597d9d8c78ca7,1612.02
f1f9b887101822703be6f5414e45dd296fb3c43a,1648.80
1963a7c17fc8b95ec6f6d150d716c9d9c4065c2e,1626.48
6cbe7e494fe88f1d8c082353e2c54f6eb8fdc381,1627.25
69d2e43c266a2962f5a34e9a3d5f4f314fb1ef57,1618.68
73d450657932370e516f205537b395d1d055d043,1641.74
acc41a5397f3667d6cbe9105bf33868ff89c219c,1643.58
68f6f9ccb349d9ceef8caaf212d513b2d8f8d7ea,1616.56
047ac797fbc30e3487ce8583c74826237fbaab5a,1637.54
047ac797fbc30e3487ce8583c74826237fbaab5a,1618.09
38615afffecc51519e00f1b4769f6d2dc220c9bc,1643.88
6c0c2d4514278a82eb0868c5d978612a79c6d058,1640.52
15558b476402fe217fbfd925d085c889a09d6fc1,1645.32
c0306b0bd49bc8e43affac107c5290ef600fe2ef,1625.67
e39b9b972ddccb73939c335231cb7d80528387d6,1646.16
c7db66ea66c0558395b6cf2ef5ad3f59da36c88d,1663.34
f80f677d350d1d5155c226eb4c46aad8d2723203,1618.25
385219da0dea81918ffc285b42cca51f9c8d9df9,1600.77
8c8f3f96e29c3dd7d7ad571f570d11abc21bf30e,1610.13
4b91adf9a4afb4eaf0e815c48b5d2cfdcb639f66,1647.57
61ecdf33d20d345beaf5c044f18596f63f98746c,1605.57
5ad4b5347b9aec819ed1017fff5faac9c9da715e,1595.09
15558b476402fe217fbfd925d085c889a09d6fc1,1622.78
f80f677d350d1d5155c226eb4c46aad8d2723203,1675.14
19e8539fbfae80432fc4d8e9b562a39f786f547e,1594.84
bf2cca2d597ed521d0ec1a153c9cee8f8db3e638,1606.38
c37e8d66dd7acd1cef8a5fc860140f8796c84ab4,1627.93
acc41a5397f3667d6cbe9105bf33868ff89c219c,1641.06
2398b3248cd9065136c5e4eab42981635bd5e200,1609.73
8c8f3f96e29c3dd7d7ad571f570d11abc21bf30e,1613.83
8a4bdaef7aeaaa62d4016b890cdca87b1a701b7f,1616.13
27e7d5f03d85bea15fbfe5432c37c6de94965a82,1617.98
e89cf549b14af5bc0ced21c83f6c2fe4c0bca5fd,1604.87
bf2cca2d597ed521d0ec1a153c9cee8f8db3e638,1618.41
daef8bb412db6c94b9895837ae6e28c5770c65ad,1648.02
c76e81ec60cfe4d15ce2a7cec3a787eb9017d1e8,1617.50
f1f9b887101822703be6f5414e45dd296fb3c43a,1591.87
c3963d4bb19414d56f42986db96d62208309e748,1603.22
6c0c2d4514278a82eb0868c5d978612a79c6d058,1621.34
eb602e76466ef383d68aecd944af912ab11abfd4,1606.68
74a1f6b9f4abafbf03e2c00c0f8b7d46a8b81dce,1633.44
8a342fda89d457a585f515d99e6b4106d490b220,1631.42
6423e659d5da3de14fc7bf2e31f3383d5c3646c4,1601.23
b3c2026ee7d8982cd7cd971a8305c0d14b5f56f0,1601.80
fea30344ec7da82f03b3566df72631d8dfee334a,1624.43
3244429f2e5a023e8833c39acfef36237de015c8,1629.92
15558b476402fe217fbfd925d085c889a09d6fc1,1640.88
210bc36549bfd588a5fd602ce2adf9570b612b58,1615.45
dc3b6c59d2d4dc1b72424785e9b8455b1df15664,1629.79
8c8f3f96e29c3dd7d7ad571f570d11abc21bf30e,1620.72
3a36f930fd5c7968f6a2a168077597d9d8c78ca7,1615.84
dc3b6c59d2d4dc1b72424785e9b8455b1df15664,1584.25
1963a7c17fc8b95ec6f6d150d716c9d9c4065c2e,1685.59
d5bc100eab6238b4b682a45fc04e829ff46459ef,1665.83
38615afffecc51519e00f1b4769f6d2dc220c9bc,1646.69
385219da0dea81918ffc285b42cca51f9c8d9df9,1676.12
208f30910b3db4a1d560bc22e1c40cbc7ffc60e6,1700.69
f5244dc384063de6bf8f5429c95a0751916938f6,1614.04
4fb1036ce7892fa1f938cee4f37435e85dd30797,1627.84
00f85a826668e5dc1e7b180bba52f35ccb9dbaaf,1624.17
65589f14fea11a9eb3213e6f33c8307b0f57e767,1676.52
03df8cede945507c103249250d758eea72629cc2,1656.85
6de7cfcd9dbe64297a2d430601f69d0b8005eece,1610.33
4d7e47fb8e703566476d4267a98a1464395248f3,1603.16
4d7e47fb8e703566476d4267a98a1464395248f3,1623.43
c7db66ea66c0558395b6cf2ef5ad3f59da36c88d,1659.02
73d450657932370e516f205537b395d1d055d043,1682.80
bf40e9ca9b325fd8a49b6df20bbb2ddf644b5a1c,1666.24
dcf190c8bd60d43636ea276ad9b980383f669bbc,1589.61
73d450657932370e516f205537b395d1d055d043,1682.87
9ba6dc7a955ed23884e8e25f8d503c4fe144c27a,1623.88
954c46a92a1a0c5052ed241d4398db8b0331e1f3,1627.88
15558b476402fe217fbfd925d085c889a09d6fc1,1656.67
48d4be45a72c8f98c29e10fe03a3ac80fcc170bd,1595.43
b4751ad1c3e49acf06824ba2e3d9e046be159f0d,1634.50
39c486dc5826b8b60e82316d7dc05f85eca2fa02,1635.36
4b91adf9a4afb4eaf0e815c48b5d2cfdcb639f66,1624.19
b4b3fd177d5750b15f8ad8322a696d91cbea034e,1644.73
cea804ab08e8bf1c81f7d279e62b9a34857cd8d0,1616.95
3375e1c24fcbb2b53819bf87460f3eb4932b1c78,1666.03
4fb1036ce7892fa1f938cee4f37435e85dd30797,1697.19
c76e81ec60cfe4d15ce2a7cec3a787eb9017d1e8,1637.02
97e6211c5e06a93bbc050a29b38743ec14ee652c,1595.39
f11d93c1497a7b7ec571a47190c41f79d725640c,1624.10
c9ce65a9fec3cf6ddeb2dbe5d98214b6a03698b4,1609.38
c8b6f2e91d7a76ad4635b7e9933e1aadeb0c55e8,1615.99
c7db66ea66c0558395b6cf2ef5ad3f59da36c88d,1675.45
c7a56550796047a52d24486a49cdfb6dd683c0ab,1640.05
27e7d5f03d85bea15fbfe5432c37c6de94965a82,1640.66
9ba6dc7a955ed23884e8e25f8d503c4fe144c27a,1615.72
b4751ad1c3e49acf06824ba2e3d9e046be159f0d,1639.18
2b443dff8770a97fe6f2a49db88f58e30b84abc6,1641.96
61ecdf33d20d345beaf5c044f18596f63f98746c,1621.90
c7a56550796047a52d24486a49cdfb6dd683c0ab,1620.68
eb602e76466ef383d68aecd944af912ab11abfd4,1604.56
8eecef379d5c5af27a9a438fdfce82460e44f08b,1615.20
dcf190c8bd60d43636ea276ad9b980383f669bbc,1614.52
6cbe7e494fe88f1d8c082353e2c54f6eb8fdc381,1615.34
f5244dc384063de6bf8f5429c95a0751916938f6,1615.04
00f85a826668e5dc1e7b180bba52f35ccb9dbaaf,1635.84
945b5218b271d8c8cc0df529e8b1fd0330971e41,1627.63
61ecdf33d20d345beaf5c044f18596f63f98746c,1602.56
20c9162234e55a297cd1a2195af70d9353ab3e05,1633.99
97e6211c5e06a93bbc050a29b38743ec14ee652c,1616.21
047ac797fbc30e3487ce8583c74826237fbaab5a,1613.97
78be89abde691c066fd55a1ca24254447e21cfe6,1652.50
c37e8d66dd7acd1cef8a5fc860140f8796c84ab4,1628.17
f1f9b887101822703be6f5414e45dd296fb3c43a,1655.69
c37e8d66dd7acd1cef8a5fc860140f8796c84ab4,1645.30
463f66d1df34d44f5a512e6d699fe593ab2a4dc1,1610.43
d4b2c36dadad3e644d1c1b5b85aa704b22c3b077,1627.04
00f85a826668e5dc1e7b180bba52f35ccb9dbaaf,1648.84
c8b6f2e91d7a76ad4635b7e9933e1aadeb0c55e8,1633.57
20c9162234e55a297cd1a2195af70d9353ab3e05,1632.54
64ffbcdda3d79b16436ba3870ec7770d69667aa4,1626.57
c393413d45f9be6915d6f243b255bd4df18d2774,1650.77
8c8f3f96e29c3dd7d7ad571f570d11abc21bf30e,1609.06
c7a56550796047a52d24486a49cdfb6dd683c0ab,1619.13
8eecef379d5c5af27a9a438fdfce82460e44f08b,1620.78
8a342fda89d457a585f515d99e6b4106d490b220,1642.15
d230a00bcb4a770d45a26aafc783f8194b258c07,1648.78
8a342fda89d457a585f515d99e6b4106d490b220,1672.25
4d7e47fb8e703566476d4267a98a1464395248f3,1681.12
bf40e9ca9b325fd8a49b6df20bbb2ddf644b5a1c,1665.65
00f85a826668e5dc1e7b180bba52f35ccb9dbaaf,1619.29
c7a56550796047a52d24486a49cdfb6dd683c0ab,1628.79
acc41a5397f3667d6cbe9105bf33868ff89c219c,1629.58
5ad4b5347b9aec819ed1017fff5faac9c9da715e,1604.60
6423e659d5da3de14fc7bf2e31f3383d5c3646c4,1686.86
6c0c2d4514278a82eb0868c5d978612a79c6d058,1618.76
daef8bb412db6c94b9895837ae6e28c5770c65ad,1630.80
f11d93c1497a7b7ec571a47190c41f79d725640c,1663.71
64ffbcdda3d79b16436ba3870ec7770d69667aa4,1626.29
047ac797fbc30e3487ce8583c74826237fbaab5a,1697.05
de0e749c519d7f220a9c9c393f412493d79916b1,1690.20
d230a00bcb4a770d45a26aafc783f8194b258c07,1614.64
b4751ad1c3e49acf06824ba2e3d9e046be159f0d,1643.00
1963a7c17fc8b95ec6f6d150d716c9d9c4065c2e,1665.42
b5761608fc8862a58403b88f4582b5f883ad31ea,1623.50
208f30910b3db4a1d560bc22e1c40cbc7ffc60e6,1610.33
8a342fda89d457a585f515d99e6b4106d490b220,1631.06
eb602e76466ef383d68aecd944af912ab11abfd4,1598.60
3375e1c24fcbb2b53819bf87460f3eb4932b1c78,1649.65
d4b2c36dadad3e644d1c1b5b85aa704b22c3b077,1627.36
eb602e76466ef383d68aecd944af912ab11abfd4,1633.69
00f85a826668e5dc1e7b180bba52f35ccb9dbaaf,1614.12
f80f677d350d1d5155c226eb4c46aad8d2723203,1636.56
b5761608fc8862a58403b88f4582b5f883ad31ea,1622.48
8a4bdaef7aeaaa62d4016b890cdca87b1a701b7f,1647.30
68f6f9ccb349d9ceef8caaf212d513b2d8f8d7ea,1619.36
60281c5519b423f095bcec9bb6c79f8b35e49b0e,1625.71
c3963d4bb19414d56f42986db96d62208309e748,1610.14
65589f14fea11a9eb3213e6f33c8307b0f57e767,1633.08
9dec1baba5b3d0fa11268c95630b391f9de664ad,1657.39
d94c78cd8664e5159568de57f343d8d014669153,1598.21
bf40e9ca9b325fd8a49b6df20bbb2ddf644b5a1c,1626.60
03df8cede945507c103249250d758eea72629cc2,1640.77
208f30910b3db4a1d560bc22e1c40cbc7ffc60e6,1621.91
e1bfee9357360d0783d46476a6f029bf0336446e,1633.59
210bc36549bfd588a5fd602ce2adf9570b612b58,1644.78
bf40e9ca9b325fd8a49b6df20bbb2ddf644b5a1c,1639.49
208f30910b3db4a1d560bc22e1c40cbc7ffc60e6,1597.94
7e9160110f3cac233e748f4f31c2ec22f0286f6b,1645.00
6de7cfcd9dbe64297a2d430601f69d0b8005eece,1617.54
b3c2026ee7d8982cd7cd971a8305c0d14b5f56f0,1624.94
e1bfee9357360d0783d46476a6f029bf0336446e,1696.64
bf2cca2d597ed521d0ec1a153c9cee8f8db3e638,1601.07
945b5218b271d8c8cc0df529e8b1fd0330971e41,1674.35
8a4bdaef7aeaaa62d4016b890cdca87b1a701b7f,1669.57
f11d93c1497a7b7ec571a47190c41f79d725640c,1630.75
69d2e43c266a2962f5a34e9a3d5f4f314fb1ef57,1616.03
03df8cede945507c103249250d758eea72629cc2,1642.99
6c0c2d4514278a82eb0868c5d978612a79c6d058,1640.61
c37e8d66dd7acd1cef8a5fc860140f8796c84ab4,1653.13
bf2cca2d597ed521d0ec1a153c9cee8f8db3e638,1622.89
2398b3248cd9065136c5e4eab42981635bd5e200,1611.66
210bc36549bfd588a5fd602ce2adf9570b612b58,1616.22
15558b476402fe217fbfd925d085c889a09d6fc1,1646.22
08fbe610441e2ab5beac49eb01ec84e9ccd5ff6a,1607.26
c7db66ea66c0558395b6cf2ef5ad3f59da36c88d,1631.77
c37e8d66dd7acd1cef8a5fc860140f8796c84ab4,1628.44
a0537c7623ba84252c5535020227babdf6da314f,1623.95
dc3b6c59d2d4dc1b72424785e9b8455b1df15664,1606.26
a6c195080466bb3cb7c5a4527622b8f49c7639ad,1629.15
c7db66ea66c0558395b6cf2ef5ad3f59da36c88d,1643.43
f1f9b887101822703be6f5414e45dd296fb3c43a,1618.27
6423e659d5da3de14fc7bf2e31f3383d5c3646c4,1630.12
c37e8d66dd7acd1cef8a5fc860140f8796c84ab4,1637.12
463f66d1df34d44f5a512e6d699fe593ab2a4dc1,1609.30
5e0b048e22e422d5351e4dad7a3d90737003e456,1637.19
c8b6f2e91d7a76ad4635b7e9933e1aadeb0c55e8,1639.75
c76e81ec60cfe4d15ce2a7cec3a787eb9017d1e8,1599.10
19e8539fbfae80432fc4d8e9b562a39f786f547e,1597.21
fea30344ec7da82f03b3566df72631d8dfee334a,1630.71
210bc36549bfd588a5fd602ce2adf9570b612b58,1614.44
be1301f86a80221ed5477980999d599a3710e1eb,1653.72
e39b9b972ddccb73939c335231cb7d80528387d6,1617.20
b618c75d8454db1d29eb71435664977fab72be06,1645.06
5ad4b5347b9aec819ed1017fff5faac9c9da715e,1609.71
60281c5519b423f095bcec9bb6c79f8b35e49b0e,1601.82
c7db66ea66c0558395b6cf2ef5ad3f59da36c88d,1656.83
1963a7c17fc8b95ec6f6d150d716c9d9c4065c2e,1629.60
6423e659d5da3de14fc7bf2e31f3383d5c3646c4,1607.21
210bc36549bfd588a5fd602ce2adf9570b612b58,1612.81
e89cf549b14af5bc0ced21c83f6c2fe4c0bca5fd,1641.47
2398b3248cd9065136c5e4eab42981635bd5e200,1635.11
2398b3248cd9065136c5e4eab42981635bd5e200,1622.33
b618c75d8454db1d29eb71435664977fab72be06,1627.07
5e0b048e22e422d5351e4dad7a3d90737003e456,1652.80
5ad4b5347b9aec819ed1017fff5faac9c9da715e,1604.96
69d2e43c266a2962f5a34e9a3d5f4f314fb1ef57,1613.00
acc41a5397f3667d6cbe9105bf33868ff89c219c,1629.34
74a1f6b9f4abafbf03e2c00c0f8b7d46a8b81dce,1651.43
be1301f86a80221ed5477980999d599a3710e1eb,1619.25
00f85a826668e5dc1e7b180bba52f35ccb9dbaaf,1699.47
244db10b40f6b8138747a99d93d95eb57bf47156,1633.36
bf40e9ca9b325fd8a49b6df20bbb2ddf644b5a1c,1651.37
4fb1036ce7892fa1f938cee4f37435e85dd30797,1636.12
d4b2c36dadad3e644d1c1b5b85aa704b22c3b077,1632.17
a0537c7623ba84252c5535020227babdf6da314f,1625.81
69d2e43c266a2962f5a34e9a3d5f4f314fb1ef57,1619.72
4b91adf9a4afb4eaf0e815c48b5d2cfdcb639f66,1614.28
8a4bdaef7aeaaa62d4016b890cdca87b1a701b7f,1630.35
210bc36549bfd588a5fd602ce2adf9570b612b58,1599.47
e860de61d39708f10f5f90f87bbb961e65e6da49,1648.17
c73bad806913a560caabe30409c1c2492857e27e,1592.91
4d7e47fb8e703566476d4267a98a1464395248f3,1607.46
8a342fda89d457a585f515d99e6b4106d490b220,1621.30
de0e749c519d7f220a9c9c393f412493d79916b1,1630.30
bf40e9ca9b325fd8a49b6df20bbb2ddf644b5a1c,1633.33
1f1f72d1e89821c630dcfc35e1a0a7f653cc877b,1639.47
d94c78cd8664e5159568de57f343d8d014669153,1604.45
fea30344ec7da82f03b3566df72631d8dfee334a,1630.38
e283a32f58239762b708d116b7a95ce9bb92a96d,1607.10
6de7cfcd9dbe64297a2d430601f69d0b8005eece,1655.59
e1bfee9357360d0783d46476a6f029bf0336446e,1612.30
4b91adf9a4afb4eaf0e815c48b5d2cfdcb639f66,1669.81
e1bfee9357360d0783d46476a6f029bf0336446e,1633.94
7e9160110f3cac233e748f4f31c2ec22f0286f6b,1675.40
c393413d45f9be6915d6f243b255bd4df18d2774,1635.29
f5244dc384063de6bf8f5429c95a0751916938f6,1588.17
dc3b6c59d2d4dc1b72424785e9b8455b1df15664,1603.52
6c0c2d4514278a82eb0868c5d978612a79c6d058,1640.22
ad76a8379cd7779907a6400b99e78253fd7158e7,1691.77
d5bc100eab6238b4b682a45fc04e829ff46459ef,1646.60
de0e749c519d7f220a9c9c393f412493d79916b1,1626.42
c9ce65a9fec3cf6ddeb2dbe5d98214b6a03698b4,1637.77
d94c78cd8664e5159568de57f343d8d014669153,1581.83
2b443dff8770a97fe6f2a49db88f58e30b84abc6,1640.24
b5761608fc8862a58403b88f4582b5f883ad31ea,1708.87
15558b476402fe217fbfd925d085c889a09d6fc1,1683.03
00f85a826668e5dc1e7b180bba52f35ccb9dbaaf,1628.45
3375e1c24fcbb2b53819bf87460f3eb4932b1c78,1641.66
d94c78cd8664e5159568de57f343d8d014669153,1624.16
dc3b6c59d2d4dc1b72424785e9b8455b1df15664,1620.12
27e7d5f03d85bea15fbfe5432c37c6de94965a82,1612.05
c7a56550796047a52d24486a49cdfb6dd683c0ab,1632.99
fea30344ec7da82f03b3566df72631d8dfee334a,1636.34
3244429f2e5a023e8833c39acfef36237de015c8,1640.45
fc4b175e02df2ceabdec9371d1874a014a35472d,1626.03
e283a32f58239762b708d116b7a95ce9bb92a96d,1605.72
954c46a92a1a0c5052ed241d4398db8b0331e1f3,1626.43
d4b2c36dadad3e644d1c1b5b85aa704b22c3b077,1634.13
61ecdf33d20d345beaf5c044f18596f63f98746c,1623.21
39c486dc5826b8b60e82316d7dc05f85eca2fa02,1628.38
97e6211c5e06a93bbc050a29b38743ec14ee652c,1605.80
b618c75d8454db1d29eb71435664977fab72be06,1607.64
e89cf549b14af5bc0ced21c83f6c2fe4c0bca5fd,1639.10
c0306b0bd49bc8e43affac107c5290ef600fe2ef,1631.62
2398b3248cd9065136c5e4eab42981635bd5e200,1636.36
8a4bdaef7aeaaa62d4016b890cdca87b1a701b7f,1674.69
954c46a92a1a0c5052ed241d4398db8b0331e1f3,1643.90
9ba6dc7a955ed23884e8e25f8d503c4fe144c27a,1644.40
cea804ab08e8bf1c81f7d279e62b9a34857cd8d0,1633.67
60281c5519b423f095bcec9bb6c79f8b35e49b0e,1609.71
047ac797fbc30e3487ce8583c74826237fbaab5a,1606.64
03df8cede945507c103249250d758eea72629cc2,1636.36
f80f677d350d1d5155c226eb4c46aad8d2723203,1602.39
b3c2026ee7d8982cd7cd971a8305c0d14b5f56f0,1645.68
bf2cca2d597ed521d0ec1a153c9cee8f8db3e638,1638.17
bf2cca2d597ed521d0ec1a153c9cee8f8db3e638,1588.62
b618c75d8454db1d29eb71435664977fab72be06,1626.71
daef8bb412db6c94b9895837ae6e28c5770c65ad,1634.51
00f85a826668e5dc1e7b180bba52f35ccb9dbaaf,1667.35
73d450657932370e516f205537b395d1d055d043,1632.46
2b443dff8770a97fe6f2a49db88f58e30b84abc6,1663.36
19e8539fbfae80432fc4d8e9b562a39f786f547e,1608.02
cea804ab08e8bf1c81f7d279e62b9a34857cd8d0,1629.76
047ac797fbc30e3487ce8583c74826237fbaab5a,1595.66
e39b9b972ddccb73939c335231cb7d80528387d6,1613.22
945b5218b271d8c8cc0df529e8b1fd0330971e41,1663.30
61ecdf33d20d345beaf5c044f18596f63f98746c,1618.57
d5bc100eab6238b4b682a45fc04e829ff46459ef,1711.99
d230a00bcb4a770d45a26aafc783f8194b258c07,1644.01
64ffbcdda3d79b16436ba3870ec7770d69667aa4,1591.44
d4b2c36dadad3e644d1c1b5b85aa704b22c3b077,1665.13
f80f677d350d1d5155c226eb4c46aad8d2723203,1622.80
c3963d4bb19414d56f42986db96d62208309e748,1603.87
f80f677d350d1d5155c226eb4c46aad8d2723203,1603.76
2b443dff8770a97fe6f2a49db88f58e30b84abc6,1638.54
6de7cfcd9dbe64297a2d430601f69d0b8005eece,1634.15
e89cf549b14af5bc0ced21c83f6c2fe4c0bca5fd,1619.40
374ded2bc3d57108fffbead844371ecc5fab63ee,1660.17
c0306b0bd49bc8e43affac107c5290ef600fe2ef,1608.19
03df8cede945507c103249250d758eea72629cc2,1647.01
bf2cca2d597ed521d0ec1a153c9cee8f8db3e638,1606.20
00f85a826668e5dc1e7b180bba52f35ccb9dbaaf,1647.60
27e7d5f03d85bea15fbfe5432c37c6de94965a82,1625.38
19e8539fbfae80432fc4d8e9b562a39f786f547e,1606.83
03df8cede945507c103249250d758eea72629cc2,1640.02
7e9160110f3cac233e748f4f31c2ec22f0286f6b,1611.43
8c8f3f96e29c3dd7d7ad571f570d11abc21bf30e,1632.69
f5244dc384063de6bf8f5429c95a0751916938f6,1672.58
c0306b0bd49bc8e43affac107c5290ef600fe2ef,1627.34
56a09caa0eb6ac5997f8bf50ec4e5323b7fabc61,1587.91
210bc36549bfd588a5fd602ce2adf9570b612b58,1632.43
b5761608fc8862a58403b88f4582b5f883ad31ea,1650.74
65589f14fea11a9eb3213e6f33c8307b0f57e767,1629.72
dc3b6c59d2d4dc1b72424785e9b8455b1df15664,1626.51
fc4b175e02df2ceabdec9371d1874a014a35472d,1658.52
4b91adf9a4afb4eaf0e815c48b5d2cfdcb639f66,1639.22
4fb1036ce7892fa1f938cee4f37435e85dd30797,1635.57
acc41a5397f3667d6cbe9105bf33868ff89c219c,1636.68
8a342fda89d457a585f515d99e6b4106d490b220,1640.96
00f831840d845d5e221d44ba5d0dfac1a41fdbca,1683.66
d4b2c36dadad3e644d1c1b5b85aa704b22c3b077,1633.63
daef8bb412db6c94b9895837ae6e28c5770c65ad,1673.85
dcf190c8bd60d43636ea276ad9b980383f669bbc,1597.54
78be89abde691c066fd55a1ca24254447e21cfe6,1639.45
60281c5519b423f095bcec9bb6c79f8b35e49b0e,1612.57
c7db66ea66c0558395b6cf2ef5ad3f59da36c88d,1676.19
56a09caa0eb6ac5997f8bf50ec4e5323b7fabc61,1645.86
69d2e43c266a2962f5a34e9a3d5f4f314fb1ef57,1631.08
74a1f6b9f4abafbf03e2c00c0f8b7d46a8b81dce,1654.52
be1301f86a80221ed5477980999d599a3710e1eb,1632.60
6de7cfcd9dbe64297a2d430601f69d0b8005eece,1604.21
945b5218b271d8c8cc0df529e8b1fd0330971e41,1660.64
15558b476402fe217fbfd925d085c889a09d6fc1,1645.72
208f30910b3db4a1d560bc22e1c40cbc7ffc60e6,1620.05
6423e659d5da3de14fc7bf2e31f3383d5c3646c4,1618.05
61ecdf33d20d345beaf5c044f18596f63f98746c,1607.42
7e9160110f3cac233e748f4f31c2ec22f0286f6b,1621.75
8c8f3f96e29c3dd7d7ad571f570d11abc21bf30e,1634.32
244db10b40f6b8138747a99d93d95eb57bf47156,1641.73
00f831840d845d5e221d44ba5d0dfac1a41fdbca,1622.65
15558b476402fe217fbfd925d085c889a09d6fc1,1643.20
c9ce65a9fec3cf6ddeb2dbe5d98214b6a03698b4,1623.61
fea30344ec7da82f03b3566df72631d8dfee334a,1630.74
3a36f930fd5c7968f6a2a168077597d9d8c78ca7,1597.75
d4b2c36dadad3e644d1c1b5b85aa704b22c3b077,1642.57
2398b3248cd9065136c5e4eab42981635bd5e200,1613.14
69d2e43c266a2962f5a34e9a3d5f4f314fb1ef57,1609.01
9dec1baba5b3d0fa11268c95630b391f9de664ad,1634.31
1738779c5b673dd3eb504888773e2febc5987959,1600.10
f5244dc384063de6bf8f5429c95a0751916938f6,1601.70
3244429f2e5a023e8833c39acfef36237de015c8,1692.96
fea30344ec7da82f03b3566df72631d8dfee334a,1639.26
03df8cede945507c103249250d758eea72629cc2,1608.65
6423e659d5da3de14fc7bf2e31f3383d5c3646c4,1635.77
945b5218b271d8c8cc0df529e8b1fd0330971e41,1635.96
1f1f72d1e89821c630dcfc35e1a0a7f653cc877b,1649.31
15558b476402fe217fbfd925d085c889a09d6fc1,1637.51
5ad4b5347b9aec819ed1017fff5faac9c9da715e,1660.29
39c486dc5826b8b60e82316d7dc05f85eca2fa02,1612.65
08fbe610441e2ab5beac49eb01ec84e9ccd5ff6a,1618.81
c73bad806913a560caabe30409c1c2492857e27e,1613.28
047ac797fbc30e3487ce8583c74826237fbaab5a,1599.82
a6c195080466bb3cb7c5a4527622b8f49c7639ad,1664.82
d4b2c36dadad3e644d1c1b5b85aa704b22c3b077,1647.18
6cbe7e494fe88f1d8c082353e2c54f6eb8fdc381,1613.01
fea30344ec7da82f03b3566df72631d8dfee334a,1644.40
6cbe7e494fe88f1d8c082353e2c54f6eb8fdc381,1598.98
dcf190c8bd60d43636ea276ad9b980383f669bbc,1620.43
b4b3fd177d5750b15f8ad8322a696d91cbea034e,1616.38
c73bad806913a560caabe30409c1c2492857e27e,1582.57
d5bc100eab6238b4b682a45fc04e829ff46459ef,1662.58
d4b2c36dadad3e644d1c1b5b85aa704b22c3b077,1646.76
acc41a5397f3667d6cbe9105bf33868ff89c219c,1628.51
73d450657932370e516f205537b395d1d055d043,1648.24
7e9160110f3cac233e748f4f31c2ec22f0286f6b,1651.77
fea30344ec7da82f03b3566df72631d8dfee334a,1629.44
dcf190c8bd60d43636ea276ad9b980383f669bbc,1631.33
00f85a826668e5dc1e7b180bba52f35ccb9dbaaf,1607.74
19e8539fbfae80432fc4d8e9b562a39f786f547e,1608.30
38615afffecc51519e00f1b4769f6d2dc220c9bc,1660.44
dcf190c8bd60d43636ea276ad9b980383f669bbc,1624.21
6cbe7e494fe88f1d8c082353e2c54f6eb8fdc381,1644.52
d94c78cd8664e5159568de57f343d8d014669153,1606.21
c76e81ec60cfe4d15ce2a7cec3a787eb9017d1e8,1626.02
208f30910b3db4a1d560bc22e1c40cbc7ffc60e6,1599.37
61ecdf33d20d345beaf5c044f18596f63f98746c,1631.96
b4b3fd177d5750b15f8ad8322a696d91cbea034e,1610.02
3244429f2e5a023e8833c39acfef36237de015c8,1670.86
954c46a92a1a0c5052ed241d4398db8b0331e1f3,1629.54
78be89abde691c066fd55a1ca24254447e21cfe6,1665.42
e283a32f58239762b708d116b7a95ce9bb92a96d,1606.19
64ffbcdda3d79b16436ba3870ec7770d69667aa4,1608.49
b618c75d8454db1d29eb71435664977fab72be06,1651.29
64ffbcdda3d79b16436ba3870ec7770d69667aa4,1633.15
b3c2026ee7d8982cd7cd971a8305c0d14b5f56f0,1628.30
15558b476402fe217fbfd925d085c889a09d6fc1,1668.46
ad76a8379cd7779907a6400b99e78253fd7158e7,1626.88
fc4b175e02df2ceabdec9371d1874a014a35472d,1638.14
6de7cfcd9dbe64297a2d430601f69d0b8005eece,1611.64
e89cf549b14af5bc0ced21c83f6c2fe4c0bca5fd,1645.99
03df8cede945507c103249250d758eea72629cc2,1653.12
dcf190c8bd60d43636ea276ad9b980383f669bbc,1597.83
7e9160110f3cac233e748f4f31c2ec22f0286f6b,1633.95
d94c78cd8664e5159568de57f343d8d014669153,1591.62
daef8bb412db6c94b9895837ae6e28c5770c65ad,1634.45
c393413d45f9be6915d6f243b255bd4df18d2774,1608.24
4b91adf9a4afb4eaf0e815c48b5d2cfdcb639f66,1617.76
f1f9b887101822703be6f5414e45dd296fb3c43a,1631.90
69d2e43c266a2962f5a34e9a3d5f4f314fb1ef57,1624.10
a0537c7623ba84252c5535020227babdf6da314f,1619.27
73d450657932370e516f205537b395d1d055d043,1649.13
a6c195080466bb3cb7c5a4527622b8f49c7639ad,1616.67
5ad4b5347b9aec819ed1017fff5faac9c9da715e,1614.85
c37e8d66dd7acd1cef8a5fc860140f8796c84ab4,1630.03
1f1f72d1e89821c630dcfc35e1a0a7f653cc877b,1645.58
cea804ab08e8bf1c81f7d279e62b9a34857cd8d0,1633.50
c3963d4bb19414d56f42986db96d62208309e748,1630.56
de0e749c519d7f220a9c9c393f412493d79916b1,1684.16
e89cf549b14af5bc0ced21c83f6c2fe4c0bca5fd,1630.76
8a4bdaef7aeaaa62d4016b890cdca87b1a701b7f,1638.68
f1f9b887101822703be6f5414e45dd296fb3c43a,1621.51
244db10b40f6b8138747a99d93d95eb57bf47156,1617.87
b4b3fd177d5750b15f8ad8322a696d91cbea034e,1631.70
047ac797fbc30e3487ce8583c74826237fbaab5a,1610.11
fc4b175e02df2ceabdec9371d1874a014a35472d,1648.33
e1bfee9357360d0783d46476a6f029bf0336446e,1664.27
8c8f3f96e29c3dd7d7ad571f570d11abc21bf30e,1640.59
4d7e47fb8e703566476d4267a98a1464395248f3,1600.16
8a4bdaef7aeaaa62d4016b890cdca87b1a701b7f,1618.24
2b443dff8770a97fe6f2a49db88f58e30b84abc6,1660.91
e283a32f58239762b708d116b7a95ce9bb92a96d,1601.07
bf40e9ca9b325fd8a49b6df20bbb2ddf644b5a1c,1625.81
e860de61d39708f10f5f90f87bbb961e65e6da49,1624.61
e860de61d39708f10f5f90f87bbb961e65e6da49,1645.80
d4b2c36dadad3e644d1c1b5b85aa704b22c3b077,1638.06
eb602e76466ef383d68aecd944af912ab11abfd4,1678.45
374ded2bc3d57108fffbead844371ecc5fab63ee,1637.51
f5244dc384063de6bf8f5429c95a0751916938f6,1595.39
d94c78cd8664e5159568de57f343d8d014669153,1633.55
f1f9b887101822703be6f5414e45dd296fb3c43a,1626.32
3244429f2e5a023e8833c39acfef36237de015c8,1645.39
3375e1c24fcbb2b53819bf87460f3eb4932b1c78,1639.40
bf40e9ca9b325fd8a49b6df20bbb2ddf644b5a1c,1637.78
c8b6f2e91d7a76ad4635b7e9933e1aadeb0c55e8,1613.57
38615afffecc51519e00f1b4769f6d2dc220c9bc,1638.57
8a342fda89d457a585f515d99e6b4106d490b220,1643.92
d5bc100eab6238b4b682a45fc04e829ff46459ef,1661.08
dcf190c8bd60d43636ea276ad9b980383f669bbc,1652.84
1963a7c17fc8b95ec6f6d150d716c9d9c4065c2e,1625.98
20c9162234e55a297cd1a2195af70d9353ab3e05,1693.57
208f30910b3db4a1d560bc22e1c40cbc7ffc60e6,1628.29
d5bc100eab6238b4b682a45fc04e829ff46459ef,1635.28
73d450657932370e516f205537b395d1d055d043,1626.85
68f6f9ccb349d9ceef8caaf212d513b2d8f8d7ea,1632.85
27e7d5f03d85bea15fbfe5432c37c6de94965a82,1678.53
00f831840d845d5e221d44ba5d0dfac1a41fdbca,1647.96
7e9160110f3cac233e748f4f31c2ec22f0286f6b,1627.30
954c46a92a1a0c5052ed241d4398db8b0331e1f3,1622.22
de0e749c519d7f220a9c9c393f412493d79916b1,1694.51
acc41a5397f3667d6cbe9105bf33868ff89c219c,1636.31
dc3b6c59d2d4dc1b72424785e9b8455b1df15664,1607.70
6c55f019248a0ff617086565451d21754b9cfd15,1629.62
d94c78cd8664e5159568de57f343d8d014669153,1614.23
69d2e43c266a2962f5a34e9a3d5f4f314fb1ef57,1598.50
4b91adf9a4afb4eaf0e815c48b5d2cfdcb639f66,1656.31
c0306b0bd49bc8e43affac107c5290ef600fe2ef,1692.37
be1301f86a80221ed5477980999d599a3710e1eb,1629.15
c9ce65a9fec3cf6ddeb2dbe5d98214b6a03698b4,1655.88
78be89abde691c066fd55a1ca24254447e21cfe6,1624.74
60281c5519b423f095bcec9bb6c79f8b35e49b0e,1613.94
a0537c7623ba84252c5535020227babdf6da314f,1618.95
4b91adf9a4afb4eaf0e815c48b5d2cfdcb639f66,1605.85
f1f9b887101822703be6f5414e45dd296fb3c43a,1638.86
8eecef379d5c5af27a9a438fdfce82460e44f08b,1655.29
463f66d1df34d44f5a512e6d699fe593ab2a4dc1,1649.15
b3c2026ee7d8982cd7cd971a8305c0d14b5f56f0,1607.65
2398b3248cd9065136c5e4eab42981635bd5e200,1629.77
7e9160110f3cac233e748f4f31c2ec22f0286f6b,1652.78
acc41a5397f3667d6cbe9105bf33868ff89c219c,1674.53
4d7e47fb8e703566476d4267a98a1464395248f3,1610.51
a0537c7623ba84252c5535020227babdf6da314f,1637.28
74a1f6b9f4abafbf03e2c00c0f8b7d46a8b81dce,1615.80
20c9162234e55a297cd1a2195af70d9353ab3e05,1636.35
55506ebc6c1472e2e358d316a2763cf86bfdc046,1604.59
c37e8d66dd7acd1cef8a5fc860140f8796c84ab4,1622.81
c7db66ea66c0558395b6cf2ef5ad3f59da36c88d,1639.12
00f831840d845d5e221d44ba5d0dfac1a41fdbca,1640.93
cea804ab08e8bf1c81f7d279e62b9a34857cd8d0,1634.83
74a1f6b9f4abafbf03e2c00c0f8b7d46a8b81dce,1646.09
78be89abde691c066fd55a1ca24254447e21cfe6,1632.30
b618c75d8454db1d29eb71435664977fab72be06,1679.80
c9ce65a9fec3cf6ddeb2dbe5d98214b6a03698b4,1630.79
d94c78cd8664e5159568de57f343d8d014669153,1612.47
97e6211c5e06a93bbc050a29b38743ec14ee652c,1618.27
6cbe7e494fe88f1d8c082353e2c54f6eb8fdc381,1622.80
b5761608fc8862a58403b88f4582b5f883ad31ea,1677.34
b4751ad1c3e49acf06824ba2e3d9e046be159f0d,1680.63
a0537c7623ba84252c5535020227babdf6da314f,1619.23
f5244dc384063de6bf8f5429c95a0751916938f6,1606.39
d4b2c36dadad3e644d1c1b5b85aa704b22c3b077,1615.37
6423e659d5da3de14fc7bf2e31f3383d5c3646c4,1627.50
b4b3fd177d5750b15f8ad8322a696d91cbea034e,1613.12
4fb1036ce7892fa1f938cee4f37435e85dd30797,1615.68
b4b3fd177d5750b15f8ad8322a696d91cbea034e,1622.06
c8b6f2e91d7a76ad4635b7e9933e1aadeb0c55e8,1598.42
c9ce65a9fec3cf6ddeb2dbe5d98214b6a03698b4,1641.67
56a09caa0eb6ac5997f8bf50ec4e5323b7fabc61,1619.14
c7a56550796047a52d24486a49cdfb6dd683c0ab,1665.91
c7a56550796047a52d24486a49cdfb6dd683c0ab,1630.05
a6c195080466bb3cb7c5a4527622b8f49c7639ad,1631.95
c393413d45f9be6915d6f243b255bd4df18d2774,1600.38
fc4b175e02df2ceabdec9371d1874a014a35472d,1614.89
f80f677d350d1d5155c226eb4c46aad8d2723203,1609.01
945b5218b271d8c8cc0df529e8b1fd0330971e41,1617.38
00f831840d845d5e221d44ba5d0dfac1a41fdbca,1629.10
dcf190c8bd60d43636ea276ad9b980383f669bbc,1639.94
b618c75d8454db1d29eb71435664977fab72be06,1674.42
e1bfee9357360d0783d46476a6f029bf0336446e,1609.50
48d4be45a72c8f98c29e10fe03a3ac80fcc170bd,1621.72
dcf190c8bd60d43636ea276ad9b980383f669bbc,1633.84
dc3b6c59d2d4dc1b72424785e9b8455b1df15664,1643.13
eb602e76466ef383d68aecd944af912ab11abfd4,1606.12
047ac797fbc30e3487ce8583c74826237fbaab5a,1651.11
c8b6f2e91d7a76ad4635b7e9933e1aadeb0c55e8,1602.15
4d7e47fb8e703566476d4267a98a1464395248f3,1629.12
c0306b0bd49bc8e43affac107c5290ef600fe2ef,1614.35
a0537c7623ba84252c5535020227babdf6da314f,1635.79
39c486dc5826b8b60e82316d7dc05f85eca2fa02,1616.93
08fbe610441e2ab5beac49eb01ec84e9ccd5ff6a,1649.09
e860de61d39708f10f5f90f87bbb961e65e6da49,1636.51
1f1f72d1e89821c630dcfc35e1a0a7f653cc877b,1618.34
55506ebc6c1472e2e358d316a2763cf86bfdc046,1629.76
78be89abde691c066fd55a1ca24254447e21cfe6,1662.46
1738779c5b673dd3eb504888773e2febc5987959,1614.26
97e6211c5e06a93bbc050a29b38743ec14ee652c,1644.51
c76e81ec60cfe4d15ce2a7cec3a787eb9017d1e8,1621.90
00f85a826668e5dc1e7b180bba52f35ccb9dbaaf,1613.61
d4b2c36dadad3e644d1c1b5b85aa704b22c3b077,1641.74
dc3b6c59d2d4dc1b72424785e9b8455b1df15664,1626.13
60281c5519b423f095bcec9bb6c79f8b35e49b0e,1638.69
b3c2026ee7d8982cd7cd971a8305c0d14b5f56f0,1598.85
c9ce65a9fec3cf6ddeb2dbe5d98214b6a03698b4,1644.06
c8b6f2e91d7a76ad4635b7e9933e1aadeb0c55e8,1598.16
20c9162234e55a297cd1a2195af70d9353ab3e05,1621.73
463f66d1df34d44f5a512e6d699fe593ab2a4dc1,1622.39
3244429f2e5a023e8833c39acfef36237de015c8,1635.92
bf2cca2d597ed521d0ec1a153c9cee8f8db3e638,1601.40
c76e81ec60cfe4d15ce2a7cec3a787eb9017d1e8,1659.12
fc4b175e02df2ceabdec9371d1874a014a35472d,1651.61
c37e8d66dd7acd1cef8a5fc860140f8796c84ab4,1657.23
55506ebc6c1472e2e358d316a2763cf86bfdc046,1615.82
f1f9b887101822703be6f5414e45dd296fb3c43a,1593.93
78be89abde691c066fd55a1ca24254447e21cfe6,1631.24
1f1f72d1e89821c630dcfc35e1a0a7f653cc877b,1674.09
bf2cca2d597ed521d0ec1a153c9cee8f8db3e638,1635.30
8c8f3f96e29c3dd7d7ad571f570d11abc21bf30e,1649.01
5e0b048e22e422d5351e4dad7a3d90737003e456,1648.15
d5bc100eab6238b4b682a45fc04e829ff46459ef,1627.78
00f831840d845d5e221d44ba5d0dfac1a41fdbca,1656.42
be1301f86a80221ed5477980999d599a3710e1eb,1674.33
8eecef379d5c5af27a9a438fdfce82460e44f08b,1693.85
dcf190c8bd60d43636ea276ad9b980383f669bbc,1601.58
f1f9b887101822703be6f5414e45dd296fb3c43a,1609.42
c8b6f2e91d7a76ad4635b7e9933e1aadeb0c55e8,1600.16
73d450657932370e516f205537b395d1d055d043,1646.53
c73bad806913a560caabe30409c1c2492857e27e,1597.72
c3963d4bb19414d56f42986db96d62208309e748,1599.85
e283a32f58239762b708d116b7a95ce9bb92a96d,1624.07
954c46a92a1a0c5052ed241d4398db8b0331e1f3,1617.98
e39b9b972ddccb73939c335231cb7d80528387d6,1626.36
d4b2c36dadad3e644d1c1b5b85aa704b22c3b077,1634.09
56a09caa0eb6ac5997f8bf50ec4e5323b7fabc61,1597.23
78be89abde691c066fd55a1ca24254447e21cfe6,1633.64
74a1f6b9f4abafbf03e2c00c0f8b7d46a8b81dce,1647.32
f1f9b887101822703be6f5414e45dd296fb3c43a,1624.12
fea30344ec7da82f03b3566df72631d8dfee334a,1673.55
2398b3248cd9065136c5e4eab42981635bd5e200,1619.18
b3c2026ee7d8982cd7cd971a8305c0d14b5f56f0,1616.35
e89cf549b14af5bc0ced21c83f6c2fe4c0bca5fd,1604.41
e1bfee9357360d0783d46476a6f029bf0336446e,1668.63
c73bad806913a560caabe30409c1c2492857e27e,1635.60
c7db66ea66c0558395b6cf2ef5ad3f59da36c88d,1634.23
b3c2026ee7d8982cd7cd971a8305c0d14b5f56f0,1625.52
6423e659d5da3de14fc7bf2e31f3383d5c3646c4,1614.74
f80f677d350d1d5155c226eb4c46aad8d2723203,1617.33
bf2cca2d597ed521d0ec1a153c9cee8f8db3e638,1612.70
e39b9b972ddccb73939c335231cb7d80528387d6,1619.29
19e8539fbfae80432fc4d8e9b562a39f786f547e,1604.19
eb602e76466ef383d68aecd944af912ab11abfd4,1627.01
945b5218b271d8c8cc0df529e8b1fd0330971e41,1660.94
4fb1036ce7892fa1f938cee4f37435e85dd30797,1697.16
68f6f9ccb349d9ceef8caaf212d513b2d8f8d7ea,1650.45
6423e659d5da3de14fc7bf2e31f3383d5c3646c4,1654.36
b5761608fc8862a58403b88f4582b5f883ad31ea,1639.54
f11d93c1497a7b7ec571a47190c41f79d725640c,1621.38
dcf190c8bd60d43636ea276ad9b980383f669bbc,1617.79
be1301f86a80221ed5477980999d599a3710e1eb,1617.35
dc3b6c59d2d4dc1b72424785e9b8455b1df15664,1622.76
c9ce65a9fec3cf6ddeb2dbe5d98214b6a03698b4,1646.96
e39b9b972ddccb73939c335231cb7d80528387d6,1608.50
9dec1baba5b3d0fa11268c95630b391f9de664ad,1633.49
463f66d1df34d44f5a512e6d699fe593ab2a4dc1,1613.01
69d2e43c266a2962f5a34e9a3d5f4f314fb1ef57,1622.29
e39b9b972ddccb73939c335231cb7d80528387d6,1622.41
3244429f2e5a023e8833c39acfef36237de015c8,1630.79
eb602e76466ef383d68aecd944af912ab11abfd4,1660.16
210bc36549bfd588a5fd602ce2adf9570b612b58,1645.09
73d450657932370e516f205537b395d1d055d043,1608.10
68f6f9ccb349d9ceef8caaf212d513b2d8f8d7ea,1649.87
5ad4b5347b9aec819ed1017fff5faac9c9da715e,1646.93
fea30344ec7da82f03b3566df72631d8dfee334a,1641.19
03df8cede945507c103249250d758eea72629cc2,1620.18
c0306b0bd49bc8e43affac107c5290ef600fe2ef,1652.88
208f30910b3db4a1d560bc22e1c40cbc7ffc60e6,1593.80
de0e749c519d7f220a9c9c393f412493d79916b1,1632.24
d4b2c36dadad3e644d1c1b5b85aa704b22c3b077,1630.81
b4b3fd177d5750b15f8ad8322a696d91cbea034e,1627.15
d94c78cd8664e5159568de57f343d8d014669153,1633.19
c0306b0bd49bc8e43affac107c5290ef600fe2ef,1613.06
b4751ad1c3e49acf06824ba2e3d9e046be159f0d,1639.28
9dec1baba5b3d0fa11268c95630b391f9de664ad,1661.42
8a342fda89d457a585f515d99e6b4106d490b220,1638.08
c0306b0bd49bc8e43affac107c5290ef600fe2ef,1633.23
68f6f9ccb349d9ceef8caaf212d513b2d8f8d7ea,1639.50
38615afffecc51519e00f1b4769f6d2dc220c9bc,1652.87
e39b9b972ddccb73939c335231cb7d80528387d6,1610.81
8a342fda89d457a585f515d99e6b4106d490b220,1605.34
374ded2bc3d57108fffbead844371ecc5fab63ee,1627.17
38615afffecc51519e00f1b4769f6d2dc220c9bc,1634.58
dc3b6c59d2d4dc1b72424785e9b8455b1df15664,1609.30
f80f677d350d1d5155c226eb4c46aad8d2723203,1616.82
c7a56550796047a52d24486a49cdfb6dd683c0ab,1638.41
d230a00bcb4a770d45a26aafc783f8194b258c07,1621.02
d230a00bcb4a770d45a26aafc783f8194b258c07,1626.77
e89cf549b14af5bc0ced21c83f6c2fe4c0bca5fd,1661.03
954c46a92a1a0c5052ed241d4398db8b0331e1f3,1604.37
78be89abde691c066fd55a1ca24254447e21cfe6,1640.39
c0306b0bd49bc8e43affac107c5290ef600fe2ef,1641.50
f11d93c1497a7b7ec571a47190c41f79d725640c,1577.73
8c8f3f96e29c3dd7d7ad571f570d11abc21bf30e,1611.73
6423e659d5da3de14fc7bf2e31f3383d5c3646c4,1611.33
b4751ad1c3e49acf06824ba2e3d9e046be159f0d,1640.87
1963a7c17fc8b95ec6f6d150d716c9d9c4065c2e,1647.45
c76e81ec60cfe4d15ce2a7cec3a787eb9017d1e8,1640.19
6c0c2d4514278a82eb0868c5d978612a79c6d058,1650.25
38615afffecc51519e00f1b4769f6d2dc220c9bc,1645.42
374ded2bc3d57108fffbead844371ecc5fab63ee,1686.32
3375e1c24fcbb2b53819bf87460f3eb4932b1c78,1644.79
6cbe7e494fe88f1d8c082353e2c54f6eb8fdc381,1604.67
c9ce65a9fec3cf6ddeb2dbe5d98214b6a03698b4,1669.92
7e9160110f3cac233e748f4f31c2ec22f0286f6b,1673.82
954c46a92a1a0c5052ed241d4398db8b0331e1f3,1611.24
8eecef379d5c5af27a9a438fdfce82460e44f08b,1616.81
6423e659d5da3de14fc7bf2e31f3383d5c3646c4,1671.12
1738779c5b673dd3eb504888773e2febc5987959,1635.11
15558b476402fe217fbfd925d085c889a09d6fc1,1717.01
6c55f019248a0ff617086565451d21754b9cfd15,1649.79
9ba6dc7a955ed23884e8e25f8d503c4fe144c27a,1685.85
bf40e9ca9b325fd8a49b6df20bbb2ddf644b5a1c,1664.46
f11d93c1497a7b7ec571a47190c41f79d725640c,1615.08
c0306b0bd49bc8e43affac107c5290ef600fe2ef,1624.51
8a342fda89d457a585f515d99e6b4106d490b220,1641.37
385219da0dea81918ffc285b42cca51f9c8d9df9,1623.43
208f30910b3db4a1d560bc22e1c40cbc7ffc60e6,1631.31
bf40e9ca9b325fd8a49b6df20bbb2ddf644b5a1c,1640.41
b618c75d8454db1d29eb71435664977fab72be06,1647.09
945b5218b271d8c8cc0df529e8b1fd0330971e41,1615.23
be1301f86a80221ed5477980999d599a3710e1eb,1628.13
208f30910b3db4a1d560bc22e1c40cbc7ffc60e6,1599.10
08fbe610441e2ab5beac49eb01ec84e9ccd5ff6a,1618.30
c9ce65a9fec3cf6ddeb2dbe5d98214b6a03698b4,1653.12
dc3b6c59d2d4dc1b72424785e9b8455b1df15664,1622.45
4fb1036ce7892fa1f938cee4f37435e85dd30797,1660.12
6de7cfcd9dbe64297a2d430601f69d0b8005eece,1635.30
047ac797fbc30e3487ce8583c74826237fbaab5a,1594.80
c393413d45f9be6915d6f243b255bd4df18d2774,1609.90
3a36f930fd5c7968f6a2a168077597d9d8c78ca7,1619.90
945b5218b271d8c8cc0df529e8b1fd0330971e41,1655.86
c0306b0bd49bc8e43affac107c5290ef600fe2ef,1652.04
9dec1baba5b3d0fa11268c95630b391f9de664ad,1649.86
5ad4b5347b9aec819ed1017fff5faac9c9da715e,1622.43
a0537c7623ba84252c5535020227babdf6da314f,1640.69
2398b3248cd9065136c5e4eab42981635bd5e200,1607.63
9dec1baba5b3d0fa11268c95630b391f9de664ad,1633.90
73d450657932370e516f205537b395d1d055d043,1627.29
e283a32f58239762b708d116b7a95ce9bb92a96d,1598.36
b5761608fc8862a58403b88f4582b5f883ad31ea,1637.95
9ba6dc7a955ed23884e8e25f8d503c4fe144c27a,1622.98
bf40e9ca9b325fd8a49b6df20bbb2ddf644b5a1c,1626.75
208f30910b3db4a1d560bc22e1c40cbc7ffc60e6,1606.32
3375e1c24fcbb2b53819bf87460f3eb4932b1c78,1626.90
4d7e47fb8e703566476d4267a98a1464395248f3,1630.05
64ffbcdda3d79b16436ba3870ec7770d69667aa4,1612.05
6423e659d5da3de14fc7bf2e31f3383d5c3646c4,1621.56
fea30344ec7da82f03b3566df72631d8dfee334a,1659.45
03df8cede945507c103249250d758eea72629cc2,1657.29
c73bad806913a560caabe30409c1c2492857e27e,1614.09
cea804ab08e8bf1c81f7d279e62b9a34857cd8d0,1614.23
eb602e76466ef383d68aecd944af912ab11abfd4,1599.71
20c9162234e55a297cd1a2195af70d9353ab3e05,1680.11
e1bfee9357360d0783d46476a6f029bf0336446e,1642.60
97e6211c5e06a93bbc050a29b38743ec14ee652c,1645.20
61ecdf33d20d345beaf5c044f18596f63f98746c,1647.08
d94c78cd8664e5159568de57f343d8d014669153,1601.24
d5bc100eab6238b4b682a45fc04e829ff46459ef,1671.38
c9ce65a9fec3cf6ddeb2dbe5d98214b6a03698b4,1636.10
08fbe610441e2ab5beac49eb01ec84e9ccd5ff6a,1620.02
08fbe610441e2ab5beac49eb01ec84e9ccd5ff6a,1594.97
15558b476402fe217fbfd925d085c889a09d6fc1,1683.75
fea30344ec7da82f03b3566df72631d8dfee334a,1630.19
e1bfee9357360d0783d46476a6f029bf0336446e,1621.96
8c8f3f96e29c3dd7d7ad571f570d11abc21bf30e,1687.74
208f30910b3db4a1d560bc22e1c40cbc7ffc60e6,1611.15
047ac797fbc30e3487ce8583c74826237fbaab5a,1609.30
6423e659d5da3de14fc7bf2e31f3383d5c3646c4,1621.11
208f30910b3db4a1d560bc22e1c40cbc7ffc60e6,1609.76
c3963d4bb19414d56f42986db96d62208309e748,1632.71
9dec1baba5b3d0fa11268c95630b391f9de664ad,1610.50
d94c78cd8664e5159568de57f343d8d014669153,1620.68
208f30910b3db4a1d560bc22e1c40cbc7ffc60e6,1608.08
c8b6f2e91d7a76ad4635b7e9933e1aadeb0c55e8,1620.01
8c8f3f96e29c3dd7d7ad571f570d11abc21bf30e,1623.46
56a09caa0eb6ac5997f8bf50ec4e5323b7fabc61,1616.55
c0306b0bd49bc8e43affac107c5290ef600fe2ef,1641.21
7e9160110f3cac233e748f4f31c2ec22f0286f6b,1626.54
b618c75d8454db1d29eb71435664977fab72be06,1654.94
73d450657932370e516f205537b395d1d055d043,1638.60
5e0b048e22e422d5351e4dad7a3d90737003e456,1649.18
f80f677d350d1d5155c226eb4c46aad8d2723203,1649.20
945b5218b271d8c8cc0df529e8b1fd0330971e41,1621.68
1738779c5b673dd3eb504888773e2febc5987959,1660.10
61ecdf33d20d345beaf5c044f18596f63f98746c,1629.92
e283a32f58239762b708d116b7a95ce9bb92a96d,1607.32
38615afffecc51519e00f1b4769f6d2dc220c9bc,1645.98
e860de61d39708f10f5f90f87bbb961e65e6da49,1616.29
19e8539fbfae80432fc4d8e9b562a39f786f547e,1630.02
a0537c7623ba84252c5535020227babdf6da314f,1624.04
dc3b6c59d2d4dc1b72424785e9b8455b1df15664,1618.28
3244429f2e5a023e8833c39acfef36237de015c8,1642.67
5e0b048e22e422d5351e4dad7a3d90737003e456,1641.75
3244429f2e5a023e8833c39acfef36237de015c8,1637.30
daef8bb412db6c94b9895837ae6e28c5770c65ad,1644.94
208f30910b3db4a1d560bc22e1c40cbc7ffc60e6,1589.19
cea804ab08e8bf1c81f7d279e62b9a34857cd8d0,1650.61
c3963d4bb19414d56f42986db96d62208309e748,1619.23
4b91adf9a4afb4eaf0e815c48b5d2cfdcb639f66,1681.07
8eecef379d5c5af27a9a438fdfce82460e44f08b,1641.30
4b91adf9a4afb4eaf0e815c48b5d2cfdcb639f66,1613.00
7e9160110f3cac233e748f4f31c2ec22f0286f6b,1640.54
65589f14fea11a9eb3213e6f33c8307b0f57e767,1641.14
20c9162234e55a297cd1a2195af70d9353ab3e05,1654.18
dcf190c8bd60d43636ea276ad9b980383f669bbc,1643.13
1738779c5b673dd3eb504888773e2febc5987959,1633.00
6de7cfcd9dbe64297a2d430601f69d0b8005eece,1632.94
b4751ad1c3e49acf06824ba2e3d9e046be159f0d,1661.21
3a36f930fd5c7968f6a2a168077597d9d8c78ca7,1623.16
047ac797fbc30e3487ce8583c74826237fbaab5a,1602.67
20c9162234e55a297cd1a2195af70d9353ab3e05,1620.85
244db10b40f6b8138747a99d93d95eb57bf47156,1614.46
f1f9b887101822703be6f5414e45dd296fb3c43a,1622.54
e860de61d39708f10f5f90f87bbb961e65e6da49,1653.09
8a342fda89d457a585f515d99e6b4106d490b220,1665.44
d230a00bcb4a770d45a26aafc783f8194b258c07,1625.56
a6c195080466bb3cb7c5a4527622b8f49c7639ad,1620.45
e1bfee9357360d0783d46476a6f029bf0336446e,1611.84
60281c5519b423f095bcec9bb6c79f8b35e49b0e,1595.56
3244429f2e5a023e8833c39acfef36237de015c8,1629.97
fc4b175e02df2ceabdec9371d1874a014a35472d,1622.93
2b443dff8770a97fe6f2a49db88f58e30b84abc6,1667.02
463f66d1df34d44f5a512e6d699fe593ab2a4dc1,1653.42
c7db66ea66c0558395b6cf2ef5ad3f59da36c88d,1665.46
acc41a5397f3667d6cbe9105bf33868ff89c219c,1692.92
8a4bdaef7aeaaa62d4016b890cdca87b1a701b7f,1658.88
6c0c2d4514278a82eb0868c5d978612a79c6d058,1625.23
4d7e47fb8e703566476d4267a98a1464395248f3,1672.08
4fb1036ce7892fa1f938cee4f37435e85dd30797,1634.47
c0306b0bd49bc8e43affac107c5290ef600fe2ef,1610.46
c37e8d66dd7acd1cef8a5fc860140f8796c84ab4,1633.39
a6c195080466bb3cb7c5a4527622b8f49c7639ad,1692.35
c7a56550796047a52d24486a49cdfb6dd683c0ab,1642.27
5ad4b5347b9aec819ed1017fff5faac9c9da715e,1585.00
e1bfee9357360d0783d46476a6f029bf0336446e,1644.55
55506ebc6c1472e2e358d316a2763cf86bfdc046,1626.56
f80f677d350d1d5155c226eb4c46aad8d2723203,1612.91
a0537c7623ba84252c5535020227babdf6da314f,1607.58
6cbe7e494fe88f1d8c082353e2c54f6eb8fdc381,1651.73
c9ce65a9fec3cf6ddeb2dbe5d98214b6a03698b4,1646.88
f5244dc384063de6bf8f5429c95a0751916938f6,1594.64
8c8f3f96e29c3dd7d7ad571f570d11abc21bf30e,1594.60
de0e749c519d7f220a9c9c393f412493d79916b1,1621.11
97e6211c5e06a93bbc050a29b38743ec14ee652c,1616.55
4b91adf9a4afb4eaf0e815c48b5d2cfdcb639f66,1630.37
6de7cfcd9dbe64297a2d430601f69d0b8005eece,1616.31
5e0b048e22e422d5351e4dad7a3d90737003e456,1673.17
ad76a8379cd7779907a6400b99e78253fd7158e7,1603.05
69d2e43c266a2962f5a34e9a3d5f4f314fb1ef57,1616.67
4fb1036ce7892fa1f938cee4f37435e85dd30797,1649.29
6c55f019248a0ff617086565451d21754b9cfd15,1625.83
3375e1c24fcbb2b53819bf87460f3eb4932b1c78,1629.66
5ad4b5347b9aec819ed1017fff5faac9c9da715e,1621.57
97e6211c5e06a93bbc050a29b38743ec14ee652c,1664.78
210bc36549bfd588a5fd602ce2adf9570b612b58,1615.87
4fb1036ce7892fa1f938cee4f37435e85dd30797,1653.82
c3963d4bb19414d56f42986db96d62208309e748,1629.16
c37e8d66dd7acd1cef8a5fc860140f8796c84ab4,1659.43
954c46a92a1a0c5052ed241d4398db8b0331e1f3,1695.02
38615afffecc51519e00f1b4769f6d2dc220c9bc,1696.88
3244429f2e5a023e8833c39acfef36237de015c8,1654.16
c73bad806913a560caabe30409c1c2492857e27e,1597.85
9ba6dc7a955ed23884e8e25f8d503c4fe144c27a,1662.65
2398b3248cd9065136c5e4eab42981635bd5e200,1627.25
38615afffecc51519e00f1b4769f6d2dc220c9bc,1650.49
acc41a5397f3667d6cbe9105bf33868ff89c219c,1625.16
64ffbcdda3d79b16436ba3870ec7770d69667aa4,1640.42
8a4bdaef7aeaaa62d4016b890cdca87b1a701b7f,1618.77
38615afffecc51519e00f1b4769f6d2dc220c9bc,1688.81
e89cf549b14af5bc0ced21c83f6c2fe4c0bca5fd,1596.57
6423e659d5da3de14fc7bf2e31f3383d5c3646c4,1614.24
78be89abde691c066fd55a1ca24254447e21cfe6,1635.76
6cbe7e494fe88f1d8c082353e2c54f6eb8fdc381,1630.79
6c55f019248a0ff617086565451d21754b9cfd15,1631.79
4fb1036ce7892fa1f938cee4f37435e85dd30797,1682.62
8eecef379d5c5af27a9a438fdfce82460e44f08b,1651.09
210bc36549bfd588a5fd602ce2adf9570b612b58,1635.69
c76e81ec60cfe4d15ce2a7cec3a787eb9017d1e8,1622.11
c3963d4bb19414d56f42986db96d62208309e748,1655.99
15558b476402fe217fbfd925d085c889a09d6fc1,1652.33
eb602e76466ef383d68aecd944af912ab11abfd4,1610.88
954c46a92a1a0c5052ed241d4398db8b0331e1f3,1623.89
b5761608fc8862a58403b88f4582b5f883ad31ea,1629.11
c3963d4bb19414d56f42986db96d62208309e748,1612.66
4b91adf9a4afb4eaf0e815c48b5d2cfdcb639f66,1615.03
3375e1c24fcbb2b53819bf87460f3eb4932b1c78,1685.57
b4751ad1c3e49acf06824ba2e3d9e046be159f0d,1627.04
3a36f930fd5c7968f6a2a168077597d9d8c78ca7,1655.70
1963a7c17fc8b95ec6f6d150d716c9d9c4065c2e,1643.56
74a1f6b9f4abafbf03e2c00c0f8b7d46a8b81dce,1633.70
208f30910b3db4a1d560bc22e1c40cbc7ffc60e6,1624.56
6cbe7e494fe88f1d8c082353e2c54f6eb8fdc381,1637.40
9ba6dc7a955ed23884e8e25f8d503c4fe144c27a,1598.13
38615afffecc51519e00f1b4769f6d2dc220c9bc,1628.82
2398b3248cd9065136c5e4eab42981635bd5e200,1626.65
385219da0dea81918ffc285b42cca51f9c8d9df9,1618.38
3a36f930fd5c7968f6a2a168077597d9d8c78ca7,1684.73
73d450657932370e516f205537b395d1d055d043,1616.15
2b443dff8770a97fe6f2a49db88f58e30b84abc6,1645.85
4d7e47fb8e703566476d4267a98a1464395248f3,1625.39
c7a56550796047a52d24486a49cdfb6dd683c0ab,1620.40
65589f14fea11a9eb3213e6f33c8307b0f57e767,1604.63
a0537c7623ba84252c5535020227babdf6da314f,1629.54
3244429f2e5a023e8833c39acfef36237de015c8,1621.07
4fb1036ce7892fa1f938cee4f37435e85dd30797,1651.80
39c486dc5826b8b60e82316d7dc05f85eca2fa02,1644.31
6c55f019248a0ff617086565451d21754b9cfd15,1628.60
65589f14fea11a9eb3213e6f33c8307b0f57e767,1624.32
e1bfee9357360d0783d46476a6f029bf0336446e,1623.22
210bc36549bfd588a5fd602ce2adf9570b612b58,1619.87
e89cf549b14af5bc0ced21c83f6c2fe4c0bca5fd,1610.25
3244429f2e5a023e8833c39acfef36237de015c8,1639.34
208f30910b3db4a1d560bc22e1c40cbc7ffc60e6,1595.12
8a342fda89d457a585f515d99e6b4106d490b220,1669.32
5e0b048e22e422d5351e4dad7a3d90737003e456,1657.00
65589f14fea11a9eb3213e6f33c8307b0f57e767,1612.61
e39b9b972ddccb73939c335231cb7d80528387d6,1639.83
5e0b048e22e422d5351e4dad7a3d90737003e456,1635.06
19e8539fbfae80432fc4d8e9b562a39f786f547e,1610.18
f5244dc384063de6bf8f5429c95a0751916938f6,1589.93
9dec1baba5b3d0fa11268c95630b391f9de664ad,1676.25
4fb1036ce7892fa1f938cee4f37435e85dd30797,1668.20
8a4bdaef7aeaaa62d4016b890cdca87b1a701b7f,1642.44
4fb1036ce7892fa1f938cee4f37435e85dd30797,1714.49
b618c75d8454db1d29eb71435664977fab72be06,1639.92
1963a7c17fc8b95ec6f6d150d716c9d9c4065c2e,1628.76
047ac797fbc30e3487ce8583c74826237fbaab5a,1609.17
8c8f3f96e29c3dd7d7ad571f570d11abc21bf30e,1622.10
20c9162234e55a297cd1a2195af70d9353ab3e05,1635.66
463f66d1df34d44f5a512e6d699fe593ab2a4dc1,1637.23
39c486dc5826b8b60e82316d7dc05f85eca2fa02,1635.74
dc3b6c59d2d4dc1b72424785e9b8455b1df15664,1609.63
6c0c2d4514278a82eb0868c5d978612a79c6d058,1653.01
463f66d1df34d44f5a512e6d699fe593ab2a4dc1,1642.84
f5244dc384063de6bf8f5429c95a0751916938f6,1591.89
8a4bdaef7aeaaa62d4016b890cdca87b1a701b7f,1617.88
56a09caa0eb6ac5997f8bf50ec4e5323b7fabc61,1643.39
3a36f930fd5c7968f6a2a168077597d9d8c78ca7,1627.94
e1bfee9357360d0783d46476a6f029bf0336446e,1621.90
6c0c2d4514278a82eb0868c5d978612a79c6d058,1638.41
7e9160110f3cac233e748f4f31c2ec22f0286f6b,1637.23
244db10b40f6b8138747a99d93d95eb57bf47156,1628.44
1f1f72d1e89821c630dcfc35e1a0a7f653cc877b,1641.65
a6c195080466bb3cb7c5a4527622b8f49c7639ad,1632.09
74a1f6b9f4abafbf03e2c00c0f8b7d46a8b81dce,1635.56
d230a00bcb4a770d45a26aafc783f8194b258c07,1629.75
b5761608fc8862a58403b88f4582b5f883ad31ea,1641.29
374ded2bc3d57108fffbead844371ecc5fab63ee,1640.55
00f831840d845d5e221d44ba5d0dfac1a41fdbca,1629.90
374ded2bc3d57108fffbead844371ecc5fab63ee,1643.57
dcf190c8bd60d43636ea276ad9b980383f669bbc,1602.62
c8b6f2e91d7a76ad4635b7e9933e1aadeb0c55e8,1607.71
208f30910b3db4a1d560bc22e1c40cbc7ffc60e6,1626.97
03df8cede945507c103249250d758eea72629cc2,1631.63
56a09caa0eb6ac5997f8bf50ec4e5323b7fabc61,1612.06
68f6f9ccb349d9ceef8caaf212d513b2d8f8d7ea,1629.99
19e8539fbfae80432fc4d8e9b562a39f786f547e,1619.77
ad76a8379cd7779907a6400b99e78253fd7158e7,1619.46
5ad4b5347b9aec819ed1017fff5faac9c9da715e,1599.73
97e6211c5e06a93bbc050a29b38743ec14ee652c,1622.08
244db10b40f6b8138747a99d93d95eb57bf47156,1671.57
a5972ff89d399ec68d89b897ee4d03b12964d471,1687.47
f3c740df7e49b03a2d77735198e3e977576ea92a,1540.34
c4ea303d1e982f2c5345b2fe39f126c355748f04,1537.68
1b36b066948a2e25caca1fafe54d5210a95a3b35,1620.81
33d0d46dae66fcdab062fefed7357c1d5e14bbe5,1643.87
2b3576b460afbfa1ee4081cd3adecc6d18616b78,2583.49
68184f3bcb7eed190c7292b17102fc99e3288aa6,1563.24
515423d68b19ca13b6040a980bd5933aaeb0681d,1561.20
ce54f5b8f2b4e06d2b4b9a7a7add582aa807975d,2645.49
1b36b066948a2e25caca1fafe54d5210a95a3b35,1546.54
1b36b066948a2e25caca1fafe54d5210a95a3b35,1543.88
a5972ff89d399ec68d89b897ee4d03b12964d471,1525.09
72fb5963d96c7a6f2663513aa993049239bada23,1510.54
4b733b16a8ac0dd417c1c57db78743a2b13ea1a1,1540.38
df404cf5ac12fb295e8abd9e05de1dcbcea30657,1518.59
d55469aa637a3fea7d2a8a7a6291f6ca1774df4f,1582.48
d27370ac7ecd7eee843b3153c81f44e46b4ef63c,1533.44
2b526b327fa5bc797e7ccb169e07bd132660a584,1545.04
d67c994ac0247cebe4af233ff42cc0b7d5a4651c,1538.01
0a2a2c48e3e69f30ab22c3343de05ea92c443c44,1553.67
70f0c55aaf664cdc46782780398fe36ab94f2765,2546.48
6f8291da9a07dbb0cd8231a39852c9705e4ab65b,1533.52
d27370ac7ecd7eee843b3153c81f44e46b4ef63c,1535.66
9591169019cbf964f748eb657d1f0ab8cd0b0f09,1534.46
71063c3d4bb4bcc83c4655bdf6347ce2f5670a7c,1530.33
d105a1170e7b66385626f3b0b2bb5ed647a3ac30,1623.53
2a174dceab361cc3aca2f48c75ae2de21e56123c,1528.45
eb35cdcbcd22b281e585238842321c3b53052eaf,1556.15
ae606bf695eb20559e824600245b781d815d23e1,1517.49
d72a5338ce267744fad7d3bc35ea1495376b0bab,1548.50
5d31cac5888b872daa54e09238feeaa8e4e435e7,1509.07
32cf81ae79efef8cd1642eefcef0f917bd90b563,2535.23
2bffb6546eefb5dfffdfd6f562f3a11f46cc0c26,2714.62
13f42529d656ddf140022707581f040bbb460e2a,1516.87
959994d5c4c8760233023f465830d0e82fc78585,1542.31
852473b0df54242862701afd90dc2d231aac7fba,2512.29
11a033427bd7e69f485222998ab7ab60e017dbe3,1569.65
11a033427bd7e69f485222998ab7ab60e017dbe3,1553.17
68184f3bcb7eed190c7292b17102fc99e3288aa6,1553.74
8dec9c302e2f2d2b5560fefa0d3ed7e1b813e195,2544.34
7c56eb26c8cc772c5c3d0e052dc076a128173c85,1545.46
37169b107bc64d2928ea8847f03076df39ce0276,1535.99
68184f3bcb7eed190c7292b17102fc99e3288aa6,1588.60
0ef4b70b2acf47c1094aedbb9954324a2e84c05e,1548.32
2a174dceab361cc3aca2f48c75ae2de21e56123c,1539.80
672ad0c6f9c01bcc92d6c44e14e07ef5e3a3ed6f,1548.48
d3104a0307ce6c46a1ed99d0c5af672751209d9e,2548.51
2bffb6546eefb5dfffdfd6f562f3a11f46cc0c26,2466.32
d67c994ac0247cebe4af233ff42cc0b7d5a4651c,1526.22
8601e85f96a67f8548216eec5e27737085d54488,2494.10
d5bbe252f1472f95372612fa9f9fe1616f0b5dbc,1533.63
2b3576b460afbfa1ee4081cd3adecc6d18616b78,2514.67
c778c3aea78f402252c35c958721242755e6e187,2534.81
8086b1e4088eb586e0abf939af18cf2d4beb4acb,1513.07
33d0d46dae66fcdab062fefed7357c1d5e14bbe5,1549.34
51909b1af727eea21bc011633519e31aaff82048,2481.51
bf13b496cda81630d9bad7bacd1831a6eae77ea7,1530.68
df404cf5ac12fb295e8abd9e05de1dcbcea30657,1547.38
1a91aac56176edcb2327569feb5aff5282f8cacb,1525.15
f3c740df7e49b03a2d77735198e3e977576ea92a,1632.41
1737b96e70d02b854dfaee11603b283c63b0c5b6,1560.98
95462785c89e04020c64573bc0a1aa484695cb79,1594.69
672ad0c6f9c01bcc92d6c44e14e07ef5e3a3ed6f,1550.91
aa7b59b789d764daea8fb5fcef2ebcf23438108b,1555.14
b875b92b832949abbbb54e9770bf35cfd3825f65,1545.75
515423d68b19ca13b6040a980bd5933aaeb0681d,1543.01
ff9ef2bdabc3e86c5def79048b2950f7d4825217,2537.30
fd55ee80e2857581c6355ad5879c302fc577955a,2551.27
4b733b16a8ac0dd417c1c57db78743a2b13ea1a1,1540.85
36ba3edad1de83e61dff71ca929909587eebd834,1553.23
68184f3bcb7eed190c7292b17102fc99e3288aa6,1551.47
0ef4b70b2acf47c1094aedbb9954324a2e84c05e,1540.53
6d7a058efb6f3ab97fdd262602b6331dd8750b2d,1449.92
5d31cac5888b872daa54e09238feeaa8e4e435e7,1532.50
6f8291da9a07dbb0cd8231a39852c9705e4ab65b,1539.92
c4ea303d1e982f2c5345b2fe39f126c355748f04,1571.39
ed23a9a458bb0674a83f6c63e2bd5b7492fead09,1529.49
a5972ff89d399ec68d89b897ee4d03b12964d471,1541.60
d6ed47079b9daa6734582443ea668963f166abb4,1542.72
2b3576b460afbfa1ee4081cd3adecc6d18616b78,2485.53
a908dc9cc08fc0a2b0a1d7d9ff895cfdc1514958,1556.77
d67c994ac0247cebe4af233ff42cc0b7d5a4651c,1565.33
a62c7f37d4132f3180bfef3e0d872d8e3cf87b5e,1544.85
d67c994ac0247cebe4af233ff42cc0b7d5a4651c,1549.74
62674f903bd2fc352601fa39a3d9dea348e59f4b,1524.23
70f0c55aaf664cdc46782780398fe36ab94f2765,2543.81
a908dc9cc08fc0a2b0a1d7d9ff895cfdc1514958,1537.60
fd55ee80e2857581c6355ad5879c302fc577955a,2549.28
e99c87d3f52c848db5e891dc57c3ad6b54d55bd2,1569.60
70f0c55aaf664cdc46782780398fe36ab94f2765,2582.86
cee75632544001c6d1d814a0eeb522cb18811497,1567.83
d72a5338ce267744fad7d3bc35ea1495376b0bab,1529.76
a5972ff89d399ec68d89b897ee4d03b12964d471,1528.89
8086b1e4088eb586e0abf939af18cf2d4beb4acb,1510.38
dd45bb2b7a832850835bcb2a368dc3cca3851fe2,1546.45
0679bef07f1e29ae72ae54102d5af9a1f80d45d4,1447.75
d27370ac7ecd7eee843b3153c81f44e46b4ef63c,1552.01
34fb15336ecb6504338c5a17052c158d17241958,1512.74
1b36b066948a2e25caca1fafe54d5210a95a3b35,1556.17
a62c7f37d4132f3180bfef3e0d872d8e3cf87b5e,1533.03
eff923da81dd3a4893ca30986de5ec30fddcaf5c,1519.43
d5bbe252f1472f95372612fa9f9fe1616f0b5dbc,1547.69
6d7a058efb6f3ab97fdd262602b6331dd8750b2d,1463.71
d27370ac7ecd7eee843b3153c81f44e46b4ef63c,1535.08
d3104a0307ce6c46a1ed99d0c5af672751209d9e,2584.32
2a174dceab361cc3aca2f48c75ae2de21e56123c,1543.51
ce54f5b8f2b4e06d2b4b9a7a7add582aa807975d,2536.94
708fc1fc5e41b8bb02d0ce15a9da8086f6bdb9dd,2487.14
7e2d5038b2a435aef5400c7f04dd14080a24132e,2468.33
11a033427bd7e69f485222998ab7ab60e017dbe3,1542.91
13f42529d656ddf140022707581f040bbb460e2a,1547.95
62674f903bd2fc352601fa39a3d9dea348e59f4b,1518.79
9d91ef2dbfb3efa5d8cb1f39dc133bc02504b940,1554.38
28db617354cc2ed60a8b978865e71e5d7c6b6224,1555.46
34fb15336ecb6504338c5a17052c158d17241958,1527.94
32cf81ae79efef8cd1642eefcef0f917bd90b563,2466.15
70f0c55aaf664cdc46782780398fe36ab94f2765,2623.84
852473b0df54242862701afd90dc2d231aac7fba,2569.95
5ee376bc5bbe6a4f66eb24e2180552b547b8a4bf,2507.03
d67c994ac0247cebe4af233ff42cc0b7d5a4651c,1550.40
91b5a56c63a9f8dca761b4cab959977fcd3308fd,2542.85
b6bd4b455c54fa44c68df961b9d5c21a2bb0ae73,2493.89
8601e85f96a67f8548216eec5e27737085d54488,2539.90
aa7b59b789d764daea8fb5fcef2ebcf23438108b,1558.17
d67c994ac0247cebe4af233ff42cc0b7d5a4651c,1559.72
ce54f5b8f2b4e06d2b4b9a7a7add582aa807975d,2521.05
b731fd772bb4c313e6582e1bd3e6298cd8ccec19,2516.38
d6ed47079b9daa6734582443ea668963f166abb4,1528.27
ff9ef2bdabc3e86c5def79048b2950f7d4825217,2520.26
9d91ef2dbfb3efa5d8cb1f39dc133bc02504b940,1564.26
d5debf82efb35bca3b82aaa72405dfdae8a620df,2552.35
d80275e16ebd34bae5b48f29f3e4437e1b207955,1459.27
34fb15336ecb6504338c5a17052c158d17241958,1537.21
91b5a56c63a9f8dca761b4cab959977fcd3308fd,2607.63
0a2a2c48e3e69f30ab22c3343de05ea92c443c44,1533.65
d105a1170e7b66385626f3b0b2bb5ed647a3ac30,1556.24
442ec7561a292a78d8f065fb0b87edf78f1c166b,1555.27
37169b107bc64d2928ea8847f03076df39ce0276,1568.49
13f42529d656ddf140022707581f040bbb460e2a,1555.83
28db617354cc2ed60a8b978865e71e5d7c6b6224,1564.96
11a033427bd7e69f485222998ab7ab60e017dbe3,1550.36
d5bbe252f1472f95372612fa9f9fe1616f0b5dbc,1525.51
8e9f869999566a968b7fea67ab4dac5b7fde33ef,1538.48
d80275e16ebd34bae5b48f29f3e4437e1b207955,1452.45
e0019ebf336082d57027f40f75a6142419710235,1535.81
72fb5963d96c7a6f2663513aa993049239bada23,1552.03
b875b92b832949abbbb54e9770bf35cfd3825f65,1595.03
68184f3bcb7eed190c7292b17102fc99e3288aa6,1549.14
7e2d5038b2a435aef5400c7f04dd14080a24132e,2493.31
11a033427bd7e69f485222998ab7ab60e017dbe3,1551.44
59ec905bd17b11e2282026798c913133989f2642,1541.96
a5972ff89d399ec68d89b897ee4d03b12964d471,1518.05
71063c3d4bb4bcc83c4655bdf6347ce2f5670a7c,1542.38
d5debf82efb35bca3b82aaa72405dfdae8a620df,2517.85
32cf81ae79efef8cd1642eefcef0f917bd90b563,2464.60
d55469aa637a3fea7d2a8a7a6291f6ca1774df4f,1577.47
51909b1af727eea21bc011633519e31aaff82048,2571.86
bf13b496cda81630d9bad7bacd1831a6eae77ea7,1539.13
28db617354cc2ed60a8b978865e71e5d7c6b6224,1548.21
ec2d0c4b34f0cc306d61e3b0122307bbf72335c5,2509.70
4b733b16a8ac0dd417c1c57db78743a2b13ea1a1,1566.74
ed23a9a458bb0674a83f6c63e2bd5b7492fead09,1526.09
f1663b4518dbe3cb8c8101541da8350bf45129bd,2532.65
ae606bf695eb20559e824600245b781d815d23e1,1563.38
2b526b327fa5bc797e7ccb169e07bd132660a584,1662.06
dd45bb2b7a832850835bcb2a368dc3cca3851fe2,1683.10
d72a5338ce267744fad7d3bc35ea1495376b0bab,1562.15
dd5eb3bcc1a26f67a8cd13f882190fbeb6d17b12,1604.21
13f42529d656ddf140022707581f040bbb460e2a,1521.08
c778c3aea78f402252c35c958721242755e6e187,2521.88
9591169019cbf964f748eb657d1f0ab8cd0b0f09,1592.09
515423d68b19ca13b6040a980bd5933aaeb0681d,1540.35
76b391e367645d367a6cdd4b48b107bcc2ee9ae1,1586.63
bf13b496cda81630d9bad7bacd1831a6eae77ea7,1555.29
8e9f869999566a968b7fea67ab4dac5b7fde33ef,1559.47
a5972ff89d399ec68d89b897ee4d03b12964d471,1545.49
eff923da81dd3a4893ca30986de5ec30fddcaf5c,1539.41
c778c3aea78f402252c35c958721242755e6e187,2525.24
a62c7f37d4132f3180bfef3e0d872d8e3cf87b5e,1551.48
71063c3d4bb4bcc83c4655bdf6347ce2f5670a7c,1533.99
72fb5963d96c7a6f2663513aa993049239bada23,1528.84
c778c3aea78f402252c35c958721242755e6e187,2585.84
4b733b16a8ac0dd417c1c57db78743a2b13ea1a1,1533.57
2a174dceab361cc3aca2f48c75ae2de21e56123c,1548.41
68184f3bcb7eed190c7292b17102fc99e3288aa6,1564.78
d5bbe252f1472f95372612fa9f9fe1616f0b5dbc,1533.38
1b36b066948a2e25caca1fafe54d5210a95a3b35,1540.51
7def06d87e5f07105bc4fca44a7e7d96b81edf30,2466.99
2a174dceab361cc3aca2f48c75ae2de21e56123c,1527.58
c778c3aea78f402252c35c958721242755e6e187,2471.60
b6bd4b455c54fa44c68df961b9d5c21a2bb0ae73,2496.53
fd55ee80e2857581c6355ad5879c302fc577955a,2520.90
95462785c89e04020c64573bc0a1aa484695cb79,1551.55
1737b96e70d02b854dfaee11603b283c63b0c5b6,1536.92
3c66e8730f72e37e17609af2732723c4fff02200,1532.06
bf1f4b2eb9754d8ae5159d85b69716518c7ea523,2616.95
18f87f1803f3481106e5291d4fd1a06cc53ea2c1,1535.70
32cf81ae79efef8cd1642eefcef0f917bd90b563,2460.12
70f0c55aaf664cdc46782780398fe36ab94f2765,2540.29
a908dc9cc08fc0a2b0a1d7d9ff895cfdc1514958,1522.90
f1663b4518dbe3cb8c8101541da8350bf45129bd,2511.13
72fb5963d96c7a6f2663513aa993049239bada23,1547.05
34fb15336ecb6504338c5a17052c158d17241958,1562.53
1b36b066948a2e25caca1fafe54d5210a95a3b35,1549.90
ff9ef2bdabc3e86c5def79048b2950f7d4825217,2501.12
0daab3dd601ced7fb07d4b000bf25b1315da0b40,2494.84
bf13b496cda81630d9bad7bacd1831a6eae77ea7,1528.51
8dec9c302e2f2d2b5560fefa0d3ed7e1b813e195,2529.14
33d0d46dae66fcdab062fefed7357c1d5e14bbe5,1550.67
d6ed47079b9daa6734582443ea668963f166abb4,1555.23
72fb5963d96c7a6f2663513aa993049239bada23,1529.77
96cc4f258b0b86370d176f623c10aad18b960236,2502.44
18f87f1803f3481106e5291d4fd1a06cc53ea2c1,1533.93
5d31cac5888b872daa54e09238feeaa8e4e435e7,1519.03
7def06d87e5f07105bc4fca44a7e7d96b81edf30,2509.73
dd5eb3bcc1a26f67a8cd13f882190fbeb6d17b12,1563.84
7ea2667a34bcaefd29e733f4a8d660115b41c74b,1523.99
34fb15336ecb6504338c5a17052c158d17241958,1546.81
4690661055276b9ed269bb56e1147070434aed5d,2459.84
0ef4b70b2acf47c1094aedbb9954324a2e84c05e,1546.90
0a2a2c48e3e69f30ab22c3343de05ea92c443c44,1539.29
672ad0c6f9c01bcc92d6c44e14e07ef5e3a3ed6f,1563.11
6d7a058efb6f3ab97fdd262602b6331dd8750b2d,1459.87
dd5eb3bcc1a26f67a8cd13f882190fbeb6d17b12,1556.70
dd5eb3bcc1a26f67a8cd13f882190fbeb6d17b12,1526.26
70f0c55aaf664cdc46782780398fe36ab94f2765,2496.07
8601e85f96a67f8548216eec5e27737085d54488,2485.26
d27370ac7ecd7eee843b3153c81f44e46b4ef63c,1530.18
1a91aac56176edcb2327569feb5aff5282f8cacb,1540.06
8086b1e4088eb586e0abf939af18cf2d4beb4acb,1522.28
fd55ee80e2857581c6355ad5879c302fc577955a,2554.64
aa7b59b789d764daea8fb5fcef2ebcf23438108b,1548.78
d5bbe252f1472f95372612fa9f9fe1616f0b5dbc,1547.32
708fc1fc5e41b8bb02d0ce15a9da8086f6bdb9dd,2596.95
95462785c89e04020c64573bc0a1aa484695cb79,1554.15
959994d5c4c8760233023f465830d0e82fc78585,1546.78
1a91aac56176edcb2327569feb5aff5282f8cacb,1548.72
76b391e367645d367a6cdd4b48b107bcc2ee9ae1,1552.03
ff9ef2bdabc3e86c5def79048b2950f7d4825217,2495.74
34fb15336ecb6504338c5a17052c158d17241958,1562.06
76b391e367645d367a6cdd4b48b107bcc2ee9ae1,1528.20
a78bcab52cbdb79dbd5a06ea7385907450c3906c,1539.05
eb35cdcbcd22b281e585238842321c3b53052eaf,1564.26
f1663b4518dbe3cb8c8101541da8350bf45129bd,2548.63
4b733b16a8ac0dd417c1c57db78743a2b13ea1a1,1562.93
13facef45fdac2388167597f13b40802ff1ad75f,2487.64
c778c3aea78f402252c35c958721242755e6e187,2473.02
dd45bb2b7a832850835bcb2a368dc3cca3851fe2,1559.89
6f8291da9a07dbb0cd8231a39852c9705e4ab65b,1525.18
62674f903bd2fc352601fa39a3d9dea348e59f4b,1544.58
eb35cdcbcd22b281e585238842321c3b53052eaf,1571.42
4b733b16a8ac0dd417c1c57db78743a2b13ea1a1,1547.95
f1663b4518dbe3cb8c8101541da8350bf45129bd,2531.57
a5972ff89d399ec68d89b897ee4d03b12964d471,1519.95
e0019ebf336082d57027f40f75a6142419710235,1568.44
8e9f869999566a968b7fea67ab4dac5b7fde33ef,1544.02
18f87f1803f3481106e5291d4fd1a06cc53ea2c1,1546.94
13facef45fdac2388167597f13b40802ff1ad75f,2487.70
70f0c55aaf664cdc46782780398fe36ab94f2765,2467.36
7ea2667a34bcaefd29e733f4a8d660115b41c74b,1520.77
a62c7f37d4132f3180bfef3e0d872d8e3cf87b5e,1541.68
33d0d46dae66fcdab062fefed7357c1d5e14bbe5,1526.53
442ec7561a292a78d8f065fb0b87edf78f1c166b,1530.09
76b391e367645d367a6cdd4b48b107bcc2ee9ae1,1559.34
1a91aac56176edcb2327569feb5aff5282f8cacb,1536.19
70f0c55aaf664cdc46782780398fe36ab94f2765,2483.20
442ec7561a292a78d8f065fb0b87edf78f1c166b,1526.44
4b733b16a8ac0dd417c1c57db78743a2b13ea1a1,1545.01
62674f903bd2fc352601fa39a3d9dea348e59f4b,1556.62
0679bef07f1e29ae72ae54102d5af9a1f80d45d4,1460.66
aa7b59b789d764daea8fb5fcef2ebcf23438108b,1552.74
672ad0c6f9c01bcc92d6c44e14e07ef5e3a3ed6f,1527.47
76b391e367645d367a6cdd4b48b107bcc2ee9ae1,1564.99
b875b92b832949abbbb54e9770bf35cfd3825f65,1556.25
36ba3edad1de83e61dff71ca929909587eebd834,1532.45
ae606bf695eb20559e824600245b781d815d23e1,1529.36
2b3576b460afbfa1ee4081cd3adecc6d18616b78,2518.32
13facef45fdac2388167597f13b40802ff1ad75f,2485.46
4690661055276b9ed269bb56e1147070434aed5d,2459.07
4690661055276b9ed269bb56e1147070434aed5d,2466.21
33d0d46dae66fcdab062fefed7357c1d5e14bbe5,1547.57
18f87f1803f3481106e5291d4fd1a06cc53ea2c1,1521.63
e99c87d3f52c848db5e891dc57c3ad6b54d55bd2,1533.03
852473b0df54242862701afd90dc2d231aac7fba,2693.79
d3104a0307ce6c46a1ed99d0c5af672751209d9e,2472.19
b6bd4b455c54fa44c68df961b9d5c21a2bb0ae73,2511.35
70f0c55aaf664cdc46782780398fe36ab94f2765,2480.46
70f0c55aaf664cdc46782780398fe36ab94f2765,2494.76
33d0d46dae66fcdab062fefed7357c1d5e14bbe5,1552.79
2bffb6546eefb5dfffdfd6f562f3a11f46cc0c26,2471.34
d5bbe252f1472f95372612fa9f9fe1616f0b5dbc,1546.98
672ad0c6f9c01bcc92d6c44e14e07ef5e3a3ed6f,1524.65
ae606bf695eb20559e824600245b781d815d23e1,1544.96
5d31cac5888b872daa54e09238feeaa8e4e435e7,1562.70
eb35cdcbcd22b281e585238842321c3b53052eaf,1530.09
62674f903bd2fc352601fa39a3d9dea348e59f4b,1523.13
1714af2ea790795f1999a3c7a4e16acdd3f2f1bd,1632.03
1a91aac56176edcb2327569feb5aff5282f8cacb,1549.33
dd5eb3bcc1a26f67a8cd13f882190fbeb6d17b12,1537.92
96cc4f258b0b86370d176f623c10aad18b960236,2488.24
1737b96e70d02b854dfaee11603b283c63b0c5b6,1530.75
9591169019cbf964f748eb657d1f0ab8cd0b0f09,1528.49
47e6d8e060bb698b9690c51a1ee12001aa2d0a1a,2502.17
3c8421c06acef846b508df8e41f7fbeb3b4d88d1,1619.51
5d31cac5888b872daa54e09238feeaa8e4e435e7,1522.09
32cf81ae79efef8cd1642eefcef0f917bd90b563,2509.13
df404cf5ac12fb295e8abd9e05de1dcbcea30657,1553.34
70f0c55aaf664cdc46782780398fe36ab94f2765,2545.33
d5bbe252f1472f95372612fa9f9fe1616f0b5dbc,1531.59
d5bbe252f1472f95372612fa9f9fe1616f0b5dbc,1533.42
a908dc9cc08fc0a2b0a1d7d9ff895cfdc1514958,1565.56
1a91aac56176edcb2327569feb5aff5282f8cacb,1520.10
ce54f5b8f2b4e06d2b4b9a7a7add582aa807975d,2515.79
3c66e8730f72e37e17609af2732723c4fff02200,1604.17
eb35cdcbcd22b281e585238842321c3b53052eaf,1549.01
68184f3bcb7eed190c7292b17102fc99e3288aa6,1544.78
33d0d46dae66fcdab062fefed7357c1d5e14bbe5,1524.49
5ee376bc5bbe6a4f66eb24e2180552b547b8a4bf,2508.41
2bffb6546eefb5dfffdfd6f562f3a11f46cc0c26,2477.31
62674f903bd2fc352601fa39a3d9dea348e59f4b,1530.70
d5bbe252f1472f95372612fa9f9fe1616f0b5dbc,1529.32
df404cf5ac12fb295e8abd9e05de1dcbcea30657,1531.16
a908dc9cc08fc0a2b0a1d7d9ff895cfdc1514958,1554.41
7e2d5038b2a435aef5400c7f04dd14080a24132e,2483.17
13f42529d656ddf140022707581f040bbb460e2a,1535.11
7ea2667a34bcaefd29e733f4a8d660115b41c74b,1555.52
32cf81ae79efef8cd1642eefcef0f917bd90b563,2484.92
b6bd4b455c54fa44c68df961b9d5c21a2bb0ae73,2468.60
95462785c89e04020c64573bc0a1aa484695cb79,1539.95
36ba3edad1de83e61dff71ca929909587eebd834,1548.52
c778c3aea78f402252c35c958721242755e6e187,2526.87
6f8291da9a07dbb0cd8231a39852c9705e4ab65b,1565.83
71063c3d4bb4bcc83c4655bdf6347ce2f5670a7c,1522.64
df404cf5ac12fb295e8abd9e05de1dcbcea30657,1528.08
47e6d8e060bb698b9690c51a1ee12001aa2d0a1a,2475.77
bf13b496cda81630d9bad7bacd1831a6eae77ea7,1541.73
32cf81ae79efef8cd1642eefcef0f917bd90b563,2477.11
1a91aac56176edcb2327569feb5aff5282f8cacb,1563.88
0ef4b70b2acf47c1094aedbb9954324a2e84c05e,1554.78
ae606bf695eb20559e824600245b781d815d23e1,1571.01
70f0c55aaf664cdc46782780398fe36ab94f2765,2486.47
0daab3dd601ced7fb07d4b000bf25b1315da0b40,2498.45
708fc1fc5e41b8bb02d0ce15a9da8086f6bdb9dd,2532.94
1737b96e70d02b854dfaee11603b283c63b0c5b6,1522.75
d67c994ac0247cebe4af233ff42cc0b7d5a4651c,1534.24
13facef45fdac2388167597f13b40802ff1ad75f,2539.29
1a91aac56176edcb2327569feb5aff5282f8cacb,1569.23
7ea2667a34bcaefd29e733f4a8d660115b41c74b,1538.00
a78bcab52cbdb79dbd5a06ea7385907450c3906c,1549.60
51909b1af727eea21bc011633519e31aaff82048,2626.31
18f87f1803f3481106e5291d4fd1a06cc53ea2c1,1536.62
708fc1fc5e41b8bb02d0ce15a9da8086f6bdb9dd,2510.30
a908dc9cc08fc0a2b0a1d7d9ff895cfdc1514958,1569.34
d67c994ac0247cebe4af233ff42cc0b7d5a4651c,1545.60
32cf81ae79efef8cd1642eefcef0f917bd90b563,2526.23
cee75632544001c6d1d814a0eeb522cb18811497,1559.87
7def06d87e5f07105bc4fca44a7e7d96b81edf30,2538.41
d27370ac7ecd7eee843b3153c81f44e46b4ef63c,1551.12
d105a1170e7b66385626f3b0b2bb5ed647a3ac30,1608.09
7ea2667a34bcaefd29e733f4a8d660115b41c74b,1518.63
d80275e16ebd34bae5b48f29f3e4437e1b207955,1438.88
708fc1fc5e41b8bb02d0ce15a9da8086f6bdb9dd,2563.76
ce54f5b8f2b4e06d2b4b9a7a7add582aa807975d,2510.02
d27370ac7ecd7eee843b3153c81f44e46b4ef63c,1529.25
ae606bf695eb20559e824600245b781d815d23e1,1541.64
2b526b327fa5bc797e7ccb169e07bd132660a584,1567.26
ce54f5b8f2b4e06d2b4b9a7a7add582aa807975d,2569.17
1b36b066948a2e25caca1fafe54d5210a95a3b35,1536.51
0679bef07f1e29ae72ae54102d5af9a1f80d45d4,1461.37
672ad0c6f9c01bcc92d6c44e14e07ef5e3a3ed6f,1555.50
0679bef07f1e29ae72ae54102d5af9a1f80d45d4,1442.11
33d0d46dae66fcdab062fefed7357c1d5e14bbe5,1554.59
2bffb6546eefb5dfffdfd6f562f3a11f46cc0c26,2528.42
0ef4b70b2acf47c1094aedbb9954324a2e84c05e,1536.86
852473b0df54242862701afd90dc2d231aac7fba,2502.61
8601e85f96a67f8548216eec5e27737085d54488,2476.06
3c66e8730f72e37e17609af2732723c4fff02200,1550.28
8dec9c302e2f2d2b5560fefa0d3ed7e1b813e195,2479.47
672ad0c6f9c01bcc92d6c44e14e07ef5e3a3ed6f,1566.68
ed23a9a458bb0674a83f6c63e2bd5b7492fead09,1548.77
cee75632544001c6d1d814a0eeb522cb18811497,1578.36
d67c994ac0247cebe4af233ff42cc0b7d5a4651c,1537.22
ed23a9a458bb0674a83f6c63e2bd5b7492fead09,1538.92
d5debf82efb35bca3b82aaa72405dfdae8a620df,2566.87
d80275e16ebd34bae5b48f29f3e4437e1b207955,1478.94
a62c7f37d4132f3180bfef3e0d872d8e3cf87b5e,1563.76
11a033427bd7e69f485222998ab7ab60e017dbe3,1556.94
d27370ac7ecd7eee843b3153c81f44e46b4ef63c,1548.75
ec2d0c4b34f0cc306d61e3b0122307bbf72335c5,2465.16
34fb15336ecb6504338c5a17052c158d17241958,1556.17
f3c740df7e49b03a2d77735198e3e977576ea92a,1568.11
0a4b830ccb9df906c11d154c774e14fb2eb5deff,1551.92
95462785c89e04020c64573bc0a1aa484695cb79,1543.36
11a033427bd7e69f485222998ab7ab60e017dbe3,1586.79
36ba3edad1de83e61dff71ca929909587eebd834,1538.49
bf1f4b2eb9754d8ae5159d85b69716518c7ea523,2493.77
1737b96e70d02b854dfaee11603b283c63b0c5b6,1527.95
1b36b066948a2e25caca1fafe54d5210a95a3b35,1569.25
442ec7561a292a78d8f065fb0b87edf78f1c166b,1507.40
37169b107bc64d2928ea8847f03076df39ce0276,1546.78
6f8291da9a07dbb0cd8231a39852c9705e4ab65b,1568.87
0a2a2c48e3e69f30ab22c3343de05ea92c443c44,1545.69
c778c3aea78f402252c35c958721242755e6e187,2515.25
8dec9c302e2f2d2b5560fefa0d3ed7e1b813e195,2554.96
2b3576b460afbfa1ee4081cd3adecc6d18616b78,2539.83
b731fd772bb4c313e6582e1bd3e6298cd8ccec19,2514.26
5d31cac5888b872daa54e09238feeaa8e4e435e7,1526.91
d5debf82efb35bca3b82aaa72405dfdae8a620df,2483.11
d6ed47079b9daa6734582443ea668963f166abb4,1545.07
8e9f869999566a968b7fea67ab4dac5b7fde33ef,1531.56
47e6d8e060bb698b9690c51a1ee12001aa2d0a1a,2499.63
95462785c89e04020c64573bc0a1aa484695cb79,1545.56
852473b0df54242862701afd90dc2d231aac7fba,2542.88
3c8421c06acef846b508df8e41f7fbeb3b4d88d1,1527.76
11a033427bd7e69f485222998ab7ab60e017dbe3,1587.24
d27370ac7ecd7eee843b3153c81f44e46b4ef63c,1546.81
5ee376bc5bbe6a4f66eb24e2180552b547b8a4bf,2482.16
d5debf82efb35bca3b82aaa72405dfdae8a620df,2484.12
2b526b327fa5bc797e7ccb169e07bd132660a584,1567.29
d80275e16ebd34bae5b48f29f3e4437e1b207955,1473.90
c778c3aea78f402252c35c958721242755e6e187,2521.04
dd45bb2b7a832850835bcb2a368dc3cca3851fe2,1622.80
d105a1170e7b66385626f3b0b2bb5ed647a3ac30,1547.80
76b391e367645d367a6cdd4b48b107bcc2ee9ae1,1540.60
a78bcab52cbdb79dbd5a06ea7385907450c3906c,1555.73
2a174dceab361cc3aca2f48c75ae2de21e56123c,1525.69
5d31cac5888b872daa54e09238feeaa8e4e435e7,1536.28
47e6d8e060bb698b9690c51a1ee12001aa2d0a1a,2467.38
3c8421c06acef846b508df8e41f7fbeb3b4d88d1,1541.90
ff9ef2bdabc3e86c5def79048b2950f7d4825217,2518.55
c4ea303d1e982f2c5345b2fe39f126c355748f04,1552.10
a62c7f37d4132f3180bfef3e0d872d8e3cf87b5e,1542.32
59ec905bd17b11e2282026798c913133989f2642,1526.80
68184f3bcb7eed190c7292b17102fc99e3288aa6,1554.54
5594c17333c60f27bb4a1f032c3c6956954d9162,1547.59
d3104a0307ce6c46a1ed99d0c5af672751209d9e,2549.23
eb35cdcbcd22b281e585238842321c3b53052eaf,1563.80
b875b92b832949abbbb54e9770bf35cfd3825f65,1550.33
5ee376bc5bbe6a4f66eb24e2180552b547b8a4bf,2534.00
1714af2ea790795f1999a3c7a4e16acdd3f2f1bd,1609.84
eff923da81dd3a4893ca30986de5ec30fddcaf5c,1539.39
95462785c89e04020c64573bc0a1aa484695cb79,1522.07
62674f903bd2fc352601fa39a3d9dea348e59f4b,1534.17
3c66e8730f72e37e17609af2732723c4fff02200,1531.14
28db617354cc2ed60a8b978865e71e5d7c6b6224,1539.98
7e2d5038b2a435aef5400c7f04dd14080a24132e,2556.27
c4ea303d1e982f2c5345b2fe39f126c355748f04,1550.25
51909b1af727eea21bc011633519e31aaff82048,2542.68
9591169019cbf964f748eb657d1f0ab8cd0b0f09,1532.86
47e6d8e060bb698b9690c51a1ee12001aa2d0a1a,2530.21
2a174dceab361cc3aca2f48c75ae2de21e56123c,1580.00
96cc4f258b0b86370d176f623c10aad18b960236,2549.14
8601e85f96a67f8548216eec5e27737085d54488,2542.98
d5bbe252f1472f95372612fa9f9fe1616f0b5dbc,1541.91
a62c7f37d4132f3180bfef3e0d872d8e3cf87b5e,1536.85
d55469aa637a3fea7d2a8a7a6291f6ca1774df4f,1551.37
442ec7561a292a78d8f065fb0b87edf78f1c166b,1543.17
eff923da81dd3a4893ca30986de5ec30fddcaf5c,1551.37
ed23a9a458bb0674a83f6c63e2bd5b7492fead09,1544.17
b731fd772bb4c313e6582e1bd3e6298cd8ccec19,2598.11
9591169019cbf964f748eb657d1f0ab8cd0b0f09,1532.56
5594c17333c60f27bb4a1f032c3c6956954d9162,1544.44
515423d68b19ca13b6040a980bd5933aaeb0681d,1539.37
0daab3dd601ced7fb07d4b000bf25b1315da0b40,2631.17
8dec9c302e2f2d2b5560fefa0d3ed7e1b813e195,2478.28
7ea2667a34bcaefd29e733f4a8d660115b41c74b,1527.56
7c56eb26c8cc772c5c3d0e052dc076a128173c85,1530.07
b731fd772bb4c313e6582e1bd3e6298cd8ccec19,2559.98
d105a1170e7b66385626f3b0b2bb5ed647a3ac30,1552.41
c4ea303d1e982f2c5345b2fe39f126c355748f04,1565.44
959994d5c4c8760233023f465830d0e82fc78585,1552.32
852473b0df54242862701afd90dc2d231aac7fba,2479.44
c4ea303d1e982f2c5345b2fe39f126c355748f04,1557.56
13facef45fdac2388167597f13b40802ff1ad75f,2468.56
68184f3bcb7eed190c7292b17102fc99e3288aa6,1553.13
0ef4b70b2acf47c1094aedbb9954324a2e84c05e,1565.66
dd5eb3bcc1a26f67a8cd13f882190fbeb6d17b12,1529.20
f3c740df7e49b03a2d77735198e3e977576ea92a,1543.88
ff9ef2bdabc3e86c5def79048b2950f7d4825217,2540.44
e99c87d3f52c848db5e891dc57c3ad6b54d55bd2,1523.35
2b3576b460afbfa1ee4081cd3adecc6d18616b78,2587.79
b6bd4b455c54fa44c68df961b9d5c21a2bb0ae73,2481.99
3c8421c06acef846b508df8e41f7fbeb3b4d88d1,1533.86
11a033427bd7e69f485222998ab7ab60e017dbe3,1557.75
8e9f869999566a968b7fea67ab4dac5b7fde33ef,1536.24
b875b92b832949abbbb54e9770bf35cfd3825f65,1524.09
e0019ebf336082d57027f40f75a6142419710235,1555.17
70f0c55aaf664cdc46782780398fe36ab94f2765,2557.10
32cf81ae79efef8cd1642eefcef0f917bd90b563,2584.63
51909b1af727eea21bc011633519e31aaff82048,2565.40
11a033427bd7e69f485222998ab7ab60e017dbe3,1551.69
d67c994ac0247cebe4af233ff42cc0b7d5a4651c,1544.42
76b391e367645d367a6cdd4b48b107bcc2ee9ae1,1557.34
852473b0df54242862701afd90dc2d231aac7fba,2530.70
8e9f869999566a968b7fea67ab4dac5b7fde33ef,1543.14
91b5a56c63a9f8dca761b4cab959977fcd3308fd,2504.44
7c56eb26c8cc772c5c3d0e052dc076a128173c85,1532.29
d80275e16ebd34bae5b48f29f3e4437e1b207955,1465.17
7def06d87e5f07105bc4fca44a7e7d96b81edf30,2549.20
7ea2667a34bcaefd29e733f4a8d660115b41c74b,1533.65
ff9ef2bdabc3e86c5def79048b2950f7d4825217,2572.21
fd55ee80e2857581c6355ad5879c302fc577955a,2490.58
672ad0c6f9c01bcc92d6c44e14e07ef5e3a3ed6f,1542.40
eb35cdcbcd22b281e585238842321c3b53052eaf,1588.80
3c66e8730f72e37e17609af2732723c4fff02200,1543.58
f1663b4518dbe3cb8c8101541da8350bf45129bd,2480.26
d6ed47079b9daa6734582443ea668963f166abb4,1562.16
1737b96e70d02b854dfaee11603b283c63b0c5b6,1532.00
d105a1170e7b66385626f3b0b2bb5ed647a3ac30,1543.50
852473b0df54242862701afd90dc2d231aac7fba,2514.99
cee75632544001c6d1d814a0eeb522cb18811497,1561.21
7c56eb26c8cc772c5c3d0e052dc076a128173c85,1548.13
9d91ef2dbfb3efa5d8cb1f39dc133bc02504b940,1532.07
672ad0c6f9c01bcc92d6c44e14e07ef5e3a3ed6f,1565.90
ff9ef2bdabc3e86c5def79048b2950f7d4825217,2497.97
bf1f4b2eb9754d8ae5159d85b69716518c7ea523,2510.98
7e2d5038b2a435aef5400c7f04dd14080a24132e,2477.10
b6bd4b455c54fa44c68df961b9d5c21a2bb0ae73,2548.83
0679bef07f1e29ae72ae54102d5af9a1f80d45d4,1449.76
d5debf82efb35bca3b82aaa72405dfdae8a620df,2561.21
d6ed47079b9daa6734582443ea668963f166abb4,1537.91
1b36b066948a2e25caca1fafe54d5210a95a3b35,1563.57
51909b1af727eea21bc011633519e31aaff82048,2512.54
c4ea303d1e982f2c5345b2fe39f126c355748f04,1527.44
515423d68b19ca13b6040a980bd5933aaeb0681d,1558.86
95462785c89e04020c64573bc0a1aa484695cb79,1567.09
2bffb6546eefb5dfffdfd6f562f3a11f46cc0c26,2551.07
fd55ee80e2857581c6355ad5879c302fc577955a,2502.38
b875b92b832949abbbb54e9770bf35cfd3825f65,1544.04
cee75632544001c6d1d814a0eeb522cb18811497,1571.42
70f0c55aaf664cdc46782780398fe36ab94f2765,2465.30
672ad0c6f9c01bcc92d6c44e14e07ef5e3a3ed6f,1514.55
a908dc9cc08fc0a2b0a1d7d9ff895cfdc1514958,1551.80
5ee376bc5bbe6a4f66eb24e2180552b547b8a4bf,2481.87
0ef4b70b2acf47c1094aedbb9954324a2e84c05e,1560.92
a908dc9cc08fc0a2b0a1d7d9ff895cfdc1514958,1527.31
ce54f5b8f2b4e06d2b4b9a7a7add582aa807975d,2485.30
dd5eb3bcc1a26f67a8cd13f882190fbeb6d17b12,1576.19
2a174dceab361cc3aca2f48c75ae2de21e56123c,1553.28
bf1f4b2eb9754d8ae5159d85b69716518c7ea523,2603.03
d105a1170e7b66385626f3b0b2bb5ed647a3ac30,1538.77
a78bcab52cbdb79dbd5a06ea7385907450c3906c,1537.54
b6bd4b455c54fa44c68df961b9d5c21a2bb0ae73,2534.49
9d91ef2dbfb3efa5d8cb1f39dc133bc02504b940,1541.16
71063c3d4bb4bcc83c4655bdf6347ce2f5670a7c,1535.46
708fc1fc5e41b8bb02d0ce15a9da8086f6bdb9dd,2567.40
4b733b16a8ac0dd417c1c57db78743a2b13ea1a1,1538.82
f1663b4518dbe3cb8c8101541da8350bf45129bd,2554.37
d80275e16ebd34bae5b48f29f3e4437e1b207955,1452.77
18f87f1803f3481106e5291d4fd1a06cc53ea2c1,1542.48
bf1f4b2eb9754d8ae5159d85b69716518c7ea523,2479.49
59ec905bd17b11e2282026798c913133989f2642,1521.06
dd45bb2b7a832850835bcb2a368dc3cca3851fe2,1536.81
f1663b4518dbe3cb8c8101541da8350bf45129bd,2551.49
62674f903bd2fc352601fa39a3d9dea348e59f4b,1532.40
0679bef07f1e29ae72ae54102d5af9a1f80d45d4,1465.29
59ec905bd17b11e2282026798c913133989f2642,1530.06
34fb15336ecb6504338c5a17052c158d17241958,1567.01
3c8421c06acef846b508df8e41f7fbeb3b4d88d1,1549.61
b875b92b832949abbbb54e9770bf35cfd3825f65,1556.77
ec2d0c4b34f0cc306d61e3b0122307bbf72335c5,2513.63
7e2d5038b2a435aef5400c7f04dd14080a24132e,2524.92
dd45bb2b7a832850835bcb2a368dc3cca3851fe2,1545.99
e99c87d3f52c848db5e891dc57c3ad6b54d55bd2,1540.48
13facef45fdac2388167597f13b40802ff1ad75f,2611.31
dd5eb3bcc1a26f67a8cd13f882190fbeb6d17b12,1544.08
e99c87d3f52c848db5e891dc57c3ad6b54d55bd2,1540.07
0679bef07f1e29ae72ae54102d5af9a1f80d45d4,1510.73
959994d5c4c8760233023f465830d0e82fc78585,1531.58
fd55ee80e2857581c6355ad5879c302fc577955a,2521.21
0ef4b70b2acf47c1094aedbb9954324a2e84c05e,1594.42
eb35cdcbcd22b281e585238842321c3b53052eaf,1543.38
a908dc9cc08fc0a2b0a1d7d9ff895cfdc1514958,1542.86
df404cf5ac12fb295e8abd9e05de1dcbcea30657,1567.14
959994d5c4c8760233023f465830d0e82fc78585,1543.00
5594c17333c60f27bb4a1f032c3c6956954d9162,1541.13
d6ed47079b9daa6734582443ea668963f166abb4,1535.75
9591169019cbf964f748eb657d1f0ab8cd0b0f09,1559.52
91b5a56c63a9f8dca761b4cab959977fcd3308fd,2548.70
0a4b830ccb9df906c11d154c774e14fb2eb5deff,1536.12
a908dc9cc08fc0a2b0a1d7d9ff895cfdc1514958,1597.70
71063c3d4bb4bcc83c4655bdf6347ce2f5670a7c,1534.23
13facef45fdac2388167597f13b40802ff1ad75f,2544.60
ff9ef2bdabc3e86c5def79048b2950f7d4825217,2579.99
ce54f5b8f2b4e06d2b4b9a7a7add582aa807975d,2481.06
eff923da81dd3a4893ca30986de5ec30fddcaf5c,1542.74
72fb5963d96c7a6f2663513aa993049239bada23,1526.89
1a91aac56176edcb2327569feb5aff5282f8cacb,1541.31
d72a5338ce267744fad7d3bc35ea1495376b0bab,1540.82
df404cf5ac12fb295e8abd9e05de1dcbcea30657,1561.31
95462785c89e04020c64573bc0a1aa484695cb79,1546.09
6d7a058efb6f3ab97fdd262602b6331dd8750b2d,1451.65
1737b96e70d02b854dfaee11603b283c63b0c5b6,1536.12
aa7b59b789d764daea8fb5fcef2ebcf23438108b,1552.23
13facef45fdac2388167597f13b40802ff1ad75f,2531.27
ce54f5b8f2b4e06d2b4b9a7a7add582aa807975d,2549.56
515423d68b19ca13b6040a980bd5933aaeb0681d,1575.50
bf1f4b2eb9754d8ae5159d85b69716518c7ea523,2497.22
d5bbe252f1472f95372612fa9f9fe1616f0b5dbc,1535.06
eff923da81dd3a4893ca30986de5ec30fddcaf5c,1530.93
d67c994ac0247cebe4af233ff42cc0b7d5a4651c,1549.58
28db617354cc2ed60a8b978865e71e5d7c6b6224,1555.68
4690661055276b9ed269bb56e1147070434aed5d,2583.08
dd45bb2b7a832850835bcb2a368dc3cca3851fe2,1542.39
e0019ebf336082d57027f40f75a6142419710235,1555.17
8dec9c302e2f2d2b5560fefa0d3ed7e1b813e195,2538.76
d55469aa637a3fea7d2a8a7a6291f6ca1774df4f,1550.60
2b3576b460afbfa1ee4081cd3adecc6d18616b78,2475.15
96cc4f258b0b86370d176f623c10aad18b960236,2563.87
37169b107bc64d2928ea8847f03076df39ce0276,1595.66
3c8421c06acef846b508df8e41f7fbeb3b4d88d1,1562.18
b6bd4b455c54fa44c68df961b9d5c21a2bb0ae73,2551.22
3c8421c06acef846b508df8e41f7fbeb3b4d88d1,1522.79
0daab3dd601ced7fb07d4b000bf25b1315da0b40,2561.95
7e2d5038b2a435aef5400c7f04dd14080a24132e,2494.13
d27370ac7ecd7eee843b3153c81f44e46b4ef63c,1543.54
18f87f1803f3481106e5291d4fd1a06cc53ea2c1,1536.81
672ad0c6f9c01bcc92d6c44e14e07ef5e3a3ed6f,1519.49
0a2a2c48e3e69f30ab22c3343de05ea92c443c44,1538.75
1714af2ea790795f1999a3c7a4e16acdd3f2f1bd,1645.79
672ad0c6f9c01bcc92d6c44e14e07ef5e3a3ed6f,1531.68
13facef45fdac2388167597f13b40802ff1ad75f,2544.09
ae606bf695eb20559e824600245b781d815d23e1,1525.75
5ee376bc5bbe6a4f66eb24e2180552b547b8a4bf,2593.27
70f0c55aaf664cdc46782780398fe36ab94f2765,2496.40
1a91aac56176edcb2327569feb5aff5282f8cacb,1531.04
33d0d46dae66fcdab062fefed7357c1d5e14bbe5,1552.82
72fb5963d96c7a6f2663513aa993049239bada23,1548.73
0daab3dd601ced7fb07d4b000bf25b1315da0b40,2528.39
a5972ff89d399ec68d89b897ee4d03b12964d471,1561.57
a908dc9cc08fc0a2b0a1d7d9ff895cfdc1514958,1557.98
a62c7f37d4132f3180bfef3e0d872d8e3cf87b5e,1535.25
6f8291da9a07dbb0cd8231a39852c9705e4ab65b,1553.93
0ef4b70b2acf47c1094aedbb9954324a2e84c05e,1539.19
d55469aa637a3fea7d2a8a7a6291f6ca1774df4f,1558.85
76b391e367645d367a6cdd4b48b107bcc2ee9ae1,1550.27
708fc1fc5e41b8bb02d0ce15a9da8086f6bdb9dd,2540.14
1714af2ea790795f1999a3c7a4e16acdd3f2f1bd,1619.13
1737b96e70d02b854dfaee11603b283c63b0c5b6,1564.21
2a174dceab361cc3aca2f48c75ae2de21e56123c,1550.59
eb35cdcbcd22b281e585238842321c3b53052eaf,1592.16
b731fd772bb4c313e6582e1bd3e6298cd8ccec19,2512.26
1a91aac56176edcb2327569feb5aff5282f8cacb,1546.09
36ba3edad1de83e61dff71ca929909587eebd834,1598.70
852473b0df54242862701afd90dc2d231aac7fba,2594.72
442ec7561a292a78d8f065fb0b87edf78f1c166b,1543.49
9d91ef2dbfb3efa5d8cb1f39dc133bc02504b940,1541.83
7def06d87e5f07105bc4fca44a7e7d96b81edf30,2502.32
b6bd4b455c54fa44c68df961b9d5c21a2bb0ae73,2538.49
7c56eb26c8cc772c5c3d0e052dc076a128173c85,1551.12
11a033427bd7e69f485222998ab7ab60e017dbe3,1556.12
672ad0c6f9c01bcc92d6c44e14e07ef5e3a3ed6f,1541.56
4690661055276b9ed269bb56e1147070434aed5d,2478.28
2b526b327fa5bc797e7ccb169e07bd132660a584,1570.18
51909b1af727eea21bc011633519e31aaff82048,2581.27
2bffb6546eefb5dfffdfd6f562f3a11f46cc0c26,2510.39
442ec7561a292a78d8f065fb0b87edf78f1c166b,1531.47
aa7b59b789d764daea8fb5fcef2ebcf23438108b,1533.26
13facef45fdac2388167597f13b40802ff1ad75f,2470.04
5594c17333c60f27bb4a1f032c3c6956954d9162,1534.22
b731fd772bb4c313e6582e1bd3e6298cd8ccec19,2584.37
b875b92b832949abbbb54e9770bf35cfd3825f65,1553.78
18f87f1803f3481106e5291d4fd1a06cc53ea2c1,1552.54
2bffb6546eefb5dfffdfd6f562f3a11f46cc0c26,2480.34
76b391e367645d367a6cdd4b48b107bcc2ee9ae1,1565.74
51909b1af727eea21bc011633519e31aaff82048,2490.11
7e2d5038b2a435aef5400c7f04dd14080a24132e,2519.18
18f87f1803f3481106e5291d4fd1a06cc53ea2c1,1527.63
ff9ef2bdabc3e86c5def79048b2950f7d4825217,2463.10
d72a5338ce267744fad7d3bc35ea1495376b0bab,1560.42
8601e85f96a67f8548216eec5e27737085d54488,2548.39
d80275e16ebd34bae5b48f29f3e4437e1b207955,1452.21
32cf81ae79efef8cd1642eefcef0f917bd90b563,2537.31
1a91aac56176edcb2327569feb5aff5282f8cacb,1534.77
b731fd772bb4c313e6582e1bd3e6298cd8ccec19,2470.36
34fb15336ecb6504338c5a17052c158d17241958,1562.49
515423d68b19ca13b6040a980bd5933aaeb0681d,1571.64
3c8421c06acef846b508df8e41f7fbeb3b4d88d1,1535.45
d3104a0307ce6c46a1ed99d0c5af672751209d9e,2528.28
ff9ef2bdabc3e86c5def79048b2950f7d4825217,2603.47
852473b0df54242862701afd90dc2d231aac7fba,2481.39
d105a1170e7b66385626f3b0b2bb5ed647a3ac30,1571.57
d67c994ac0247cebe4af233ff42cc0b7d5a4651c,1511.13
f3c740df7e49b03a2d77735198e3e977576ea92a,1552.57
442ec7561a292a78d8f065fb0b87edf78f1c166b,1579.77
0a4b830ccb9df906c11d154c774e14fb2eb5deff,1531.12
6d7a058efb6f3ab97fdd262602b6331dd8750b2d,1485.74
d5debf82efb35bca3b82aaa72405dfdae8a620df,2528.74
a62c7f37d4132f3180bfef3e0d872d8e3cf87b5e,1550.67
5ee376bc5bbe6a4f66eb24e2180552b547b8a4bf,2468.77
8dec9c302e2f2d2b5560fefa0d3ed7e1b813e195,2547.26
e99c87d3f52c848db5e891dc57c3ad6b54d55bd2,1565.35
d67c994ac0247cebe4af233ff42cc0b7d5a4651c,1529.71
0679bef07f1e29ae72ae54102d5af9a1f80d45d4,1460.06
e0019ebf336082d57027f40f75a6142419710235,1521.69
1b36b066948a2e25caca1fafe54d5210a95a3b35,1555.57
6f8291da9a07dbb0cd8231a39852c9705e4ab65b,1566.38
bf1f4b2eb9754d8ae5159d85b69716518c7ea523,2519.53
91b5a56c63a9f8dca761b4cab959977fcd3308fd,2477.09
34fb15336ecb6504338c5a17052c158d17241958,1554.29
9591169019cbf964f748eb657d1f0ab8cd0b0f09,1531.84
37169b107bc64d2928ea8847f03076df39ce0276,1542.16
0a4b830ccb9df906c11d154c774e14fb2eb5deff,1531.18
dd5eb3bcc1a26f67a8cd13f882190fbeb6d17b12,1549.20
f1663b4518dbe3cb8c8101541da8350bf45129bd,2601.92
70f0c55aaf664cdc46782780398fe36ab94f2765,2514.83
47e6d8e060bb698b9690c51a1ee12001aa2d0a1a,2482.99
51909b1af727eea21bc011633519e31aaff82048,2502.97
bf13b496cda81630d9bad7bacd1831a6eae77ea7,1583.28
37169b107bc64d2928ea8847f03076df39ce0276,1549.84
708fc1fc5e41b8bb02d0ce15a9da8086f6bdb9dd,2471.52
72fb5963d96c7a6f2663513aa993049239bada23,1547.09
e99c87d3f52c848db5e891dc57c3ad6b54d55bd2,1583.15
959994d5c4c8760233023f465830d0e82fc78585,1540.68
7ea2667a34bcaefd29e733f4a8d660115b41c74b,1530.74
62674f903bd2fc352601fa39a3d9dea348e59f4b,1543.27
4690661055276b9ed269bb56e1147070434aed5d,2474.48
e99c87d3f52c848db5e891dc57c3ad6b54d55bd2,1531.52
f1663b4518dbe3cb8c8101541da8350bf45129bd,2503.12
0ef4b70b2acf47c1094aedbb9954324a2e84c05e,1540.55
0ef4b70b2acf47c1094aedbb9954324a2e84c05e,1558.23
71063c3d4bb4bcc83c4655bdf6347ce2f5670a7c,1535.55
28db617354cc2ed60a8b978865e71e5d7c6b6224,1563.50
442ec7561a292a78d8f065fb0b87edf78f1c166b,1538.89
dd45bb2b7a832850835bcb2a368dc3cca3851fe2,1549.31
a78bcab52cbdb79dbd5a06ea7385907450c3906c,1529.89
a5972ff89d399ec68d89b897ee4d03b12964d471,1550.69
0a4b830ccb9df906c11d154c774e14fb2eb5deff,1584.54
672ad0c6f9c01bcc92d6c44e14e07ef5e3a3ed6f,1544.99
4690661055276b9ed269bb56e1147070434aed5d,2482.89
aa7b59b789d764daea8fb5fcef2ebcf23438108b,1542.56
28db617354cc2ed60a8b978865e71e5d7c6b6224,1511.86
11a033427bd7e69f485222998ab7ab60e017dbe3,1547.34
68184f3bcb7eed190c7292b17102fc99e3288aa6,1545.54
d27370ac7ecd7eee843b3153c81f44e46b4ef63c,1530.37
68184f3bcb7eed190c7292b17102fc99e3288aa6,1564.76
1714af2ea790795f1999a3c7a4e16acdd3f2f1bd,1631.55
e99c87d3f52c848db5e891dc57c3ad6b54d55bd2,1525.67
a5972ff89d399ec68d89b897ee4d03b12964d471,1542.21
0a4b830ccb9df906c11d154c774e14fb2eb5deff,1534.89
91b5a56c63a9f8dca761b4cab959977fcd3308fd,2569.20
37169b107bc64d2928ea8847f03076df39ce0276,1552.42
eb35cdcbcd22b281e585238842321c3b53052eaf,1546.41
1714af2ea790795f1999a3c7a4e16acdd3f2f1bd,1594.44
0a2a2c48e3e69f30ab22c3343de05ea92c443c44,1556.78
2bffb6546eefb5dfffdfd6f562f3a11f46cc0c26,2544.65
d6ed47079b9daa6734582443ea668963f166abb4,1573.35
70f0c55aaf664cdc46782780398fe36ab94f2765,2511.56
f3c740df7e49b03a2d77735198e3e977576ea92a,1548.76
13f42529d656ddf140022707581f040bbb460e2a,1534.38
a62c7f37d4132f3180bfef3e0d872d8e3cf87b5e,1541.70
959994d5c4c8760233023f465830d0e82fc78585,1546.42
6d7a058efb6f3ab97fdd262602b6331dd8750b2d,1449.29
91b5a56c63a9f8dca761b4cab959977fcd3308fd,2539.82
5ee376bc5bbe6a4f66eb24e2180552b547b8a4bf,2484.77
2b526b327fa5bc797e7ccb169e07bd132660a584,1548.22
3c8421c06acef846b508df8e41f7fbeb3b4d88d1,1535.64
9591169019cbf964f748eb657d1f0ab8cd0b0f09,1565.17
442ec7561a292a78d8f065fb0b87edf78f1c166b,1550.62
76b391e367645d367a6cdd4b48b107bcc2ee9ae1,1578.07
b6bd4b455c54fa44c68df961b9d5c21a2bb0ae73,2540.99
d3104a0307ce6c46a1ed99d0c5af672751209d9e,2520.94
bf1f4b2eb9754d8ae5159d85b69716518c7ea523,2550.53
d5debf82efb35bca3b82aaa72405dfdae8a620df,2544.53
dd45bb2b7a832850835bcb2a368dc3cca3851fe2,1545.56
1a91aac56176edcb2327569feb5aff5282f8cacb,1531.15
ed23a9a458bb0674a83f6c63e2bd5b7492fead09,1540.59
df404cf5ac12fb295e8abd9e05de1dcbcea30657,1540.85
51909b1af727eea21bc011633519e31aaff82048,2525.50
3c66e8730f72e37e17609af2732723c4fff02200,1553.96
a908dc9cc08fc0a2b0a1d7d9ff895cfdc1514958,1555.42
c778c3aea78f402252c35c958721242755e6e187,2502.01
7e2d5038b2a435aef5400c7f04dd14080a24132e,2514.34
2a174dceab361cc3aca2f48c75ae2de21e56123c,1541.25
8086b1e4088eb586e0abf939af18cf2d4beb4acb,1549.30
1737b96e70d02b854dfaee11603b283c63b0c5b6,1505.86
a62c7f37d4132f3180bfef3e0d872d8e3cf87b5e,1539.62
aa7b59b789d764daea8fb5fcef2ebcf23438108b,1556.77
13f42529d656ddf140022707581f040bbb460e2a,1555.33
d105a1170e7b66385626f3b0b2bb5ed647a3ac30,1561.50
8e9f869999566a968b7fea67ab4dac5b7fde33ef,1544.73
5594c17333c60f27bb4a1f032c3c6956954d9162,1558.30
c778c3aea78f402252c35c958721242755e6e187,2541.95
5d31cac5888b872daa54e09238feeaa8e4e435e7,1521.94
a5972ff89d399ec68d89b897ee4d03b12964d471,1535.98
59ec905bd17b11e2282026798c913133989f2642,1513.76
8dec9c302e2f2d2b5560fefa0d3ed7e1b813e195,2485.38
ce54f5b8f2b4e06d2b4b9a7a7add582aa807975d,2486.97
5594c17333c60f27bb4a1f032c3c6956954d9162,1556.68
76b391e367645d367a6cdd4b48b107bcc2ee9ae1,1562.28
2b3576b460afbfa1ee4081cd3adecc6d18616b78,2489.76
72fb5963d96c7a6f2663513aa993049239bada23,1556.66
a908dc9cc08fc0a2b0a1d7d9ff895cfdc1514958,1542.78
852473b0df54242862701afd90dc2d231aac7fba,2529.61
a908dc9cc08fc0a2b0a1d7d9ff895cfdc1514958,1537.01
8086b1e4088eb586e0abf939af18cf2d4beb4acb,1548.83
d5debf82efb35bca3b82aaa72405dfdae8a620df,2538.69
34fb15336ecb6504338c5a17052c158d17241958,1533.82
d105a1170e7b66385626f3b0b2bb5ed647a3ac30,1525.62
c4ea303d1e982f2c5345b2fe39f126c355748f04,1555.63
59ec905bd17b11e2282026798c913133989f2642,1547.94
d5bbe252f1472f95372612fa9f9fe1616f0b5dbc,1541.85
9591169019cbf964f748eb657d1f0ab8cd0b0f09,1530.59
62674f903bd2fc352601fa39a3d9dea348e59f4b,1568.13
32cf81ae79efef8cd1642eefcef0f917bd90b563,2545.50
91b5a56c63a9f8dca761b4cab959977fcd3308fd,2478.95
a62c7f37d4132f3180bfef3e0d872d8e3cf87b5e,1554.25
32cf81ae79efef8cd1642eefcef0f917bd90b563,2515.13
0a2a2c48e3e69f30ab22c3343de05ea92c443c44,1549.61
62674f903bd2fc352601fa39a3d9dea348e59f4b,1546.41
d80275e16ebd34bae5b48f29f3e4437e1b207955,1474.55
13f42529d656ddf140022707581f040bbb460e2a,1532.06
959994d5c4c8760233023f465830d0e82fc78585,1538.73
bf1f4b2eb9754d8ae5159d85b69716518c7ea523,2521.08
72fb5963d96c7a6f2663513aa993049239bada23,1522.67
bf13b496cda81630d9bad7bacd1831a6eae77ea7,1539.10
959994d5c4c8760233023f465830d0e82fc78585,1521.70
442ec7561a292a78d8f065fb0b87edf78f1c166b,1531.27
a78bcab52cbdb79dbd5a06ea7385907450c3906c,1532.00
5d31cac5888b872daa54e09238feeaa8e4e435e7,1524.27
8e9f869999566a968b7fea67ab4dac5b7fde33ef,1572.18
852473b0df54242862701afd90dc2d231aac7fba,2588.11
4b733b16a8ac0dd417c1c57db78743a2b13ea1a1,1515.02
8601e85f96a67f8548216eec5e27737085d54488,2569.00
aa7b59b789d764daea8fb5fcef2ebcf23438108b,1544.20
dd5eb3bcc1a26f67a8cd13f882190fbeb6d17b12,1569.57
a5972ff89d399ec68d89b897ee4d03b12964d471,1543.57
4690661055276b9ed269bb56e1147070434aed5d,2481.92
d67c994ac0247cebe4af233ff42cc0b7d5a4651c,1536.85
dd45bb2b7a832850835bcb2a368dc3cca3851fe2,1547.05
442ec7561a292a78d8f065fb0b87edf78f1c166b,1553.10
3c66e8730f72e37e17609af2732723c4fff02200,1553.41
bf1f4b2eb9754d8ae5159d85b69716518c7ea523,2512.12
852473b0df54242862701afd90dc2d231aac7fba,2564.38
62674f903bd2fc352601fa39a3d9dea348e59f4b,1613.72
cee75632544001c6d1d814a0eeb522cb18811497,1527.19
71063c3d4bb4bcc83c4655bdf6347ce2f5670a7c,1564.76
5594c17333c60f27bb4a1f032c3c6956954d9162,1550.45
18f87f1803f3481106e5291d4fd1a06cc53ea2c1,1559.60
11a033427bd7e69f485222998ab7ab60e017dbe3,1546.42
fd55ee80e2857581c6355ad5879c302fc577955a,2522.26
2b526b327fa5bc797e7ccb169e07bd132660a584,1544.82
91b5a56c63a9f8dca761b4cab959977fcd3308fd,2479.49
1a91aac56176edcb2327569feb5aff5282f8cacb,1534.24
8dec9c302e2f2d2b5560fefa0d3ed7e1b813e195,2519.77
51909b1af727eea21bc011633519e31aaff82048,2461.76
6f8291da9a07dbb0cd8231a39852c9705e4ab65b,1565.24
a62c7f37d4132f3180bfef3e0d872d8e3cf87b5e,1589.08
b6bd4b455c54fa44c68df961b9d5c21a2bb0ae73,2534.60
47e6d8e060bb698b9690c51a1ee12001aa2d0a1a,2481.09
18f87f1803f3481106e5291d4fd1a06cc53ea2c1,1523.92
8e9f869999566a968b7fea67ab4dac5b7fde33ef,1547.99
eb35cdcbcd22b281e585238842321c3b53052eaf,1547.23
6f8291da9a07dbb0cd8231a39852c9705e4ab65b,1550.57
6f8291da9a07dbb0cd8231a39852c9705e4ab65b,1533.03
37169b107bc64d2928ea8847f03076df39ce0276,1535.69
62674f903bd2fc352601fa39a3d9dea348e59f4b,1531.08
7c56eb26c8cc772c5c3d0e052dc076a128173c85,1544.93
28db617354cc2ed60a8b978865e71e5d7c6b6224,1533.89
7c56eb26c8cc772c5c3d0e052dc076a128173c85,1551.30
fd55ee80e2857581c6355ad5879c302fc577955a,2597.24
f1663b4518dbe3cb8c8101541da8350bf45129bd,2514.98
7ea2667a34bcaefd29e733f4a8d660115b41c74b,1527.02
dd45bb2b7a832850835bcb2a368dc3cca3851fe2,1550.08
96cc4f258b0b86370d176f623c10aad18b960236,2487.70
a908dc9cc08fc0a2b0a1d7d9ff895cfdc1514958,1560.97
dd5eb3bcc1a26f67a8cd13f882190fbeb6d17b12,1587.02
95462785c89e04020c64573bc0a1aa484695cb79,1558.39
515423d68b19ca13b6040a980bd5933aaeb0681d,1534.32
d55469aa637a3fea7d2a8a7a6291f6ca1774df4f,1542.72
e99c87d3f52c848db5e891dc57c3ad6b54d55bd2,1548.00
a5972ff89d399ec68d89b897ee4d03b12964d471,1553.83
b731fd772bb4c313e6582e1bd3e6298cd8ccec19,2487.12
71063c3d4bb4bcc83c4655bdf6347ce2f5670a7c,1587.00
ce54f5b8f2b4e06d2b4b9a7a7add582aa807975d,2459.54
a5972ff89d399ec68d89b897ee4d03b12964d471,1537.45
13facef45fdac2388167597f13b40802ff1ad75f,2898.93
6d7a058efb6f3ab97fdd262602b6331dd8750b2d,1479.83
8601e85f96a67f8548216eec5e27737085d54488,2528.26
4b733b16a8ac0dd417c1c57db78743a2b13ea1a1,1533.44
bf1f4b2eb9754d8ae5159d85b69716518c7ea523,2575.01
c4ea303d1e982f2c5345b2fe39f126c355748f04,1538.56
d72a5338ce267744fad7d3bc35ea1495376b0bab,1543.63
bf1f4b2eb9754d8ae5159d85b69716518c7ea523,2477.01
1714af2ea790795f1999a3c7a4e16acdd3f2f1bd,1616.44
7ea2667a34bcaefd29e733f4a8d660115b41c74b,1561.73
bf13b496cda81630d9bad7bacd1831a6eae77ea7,1524.64
13f42529d656ddf140022707581f040bbb460e2a,1519.95
7ea2667a34bcaefd29e733f4a8d660115b41c74b,1544.67
5ee376bc5bbe6a4f66eb24e2180552b547b8a4bf,2514.77
9591169019cbf964f748eb657d1f0ab8cd0b0f09,1545.12
eb35cdcbcd22b281e585238842321c3b53052eaf,1536.62
4b733b16a8ac0dd417c1c57db78743a2b13ea1a1,1542.67
d6ed47079b9daa6734582443ea668963f166abb4,1550.37
3c8421c06acef846b508df8e41f7fbeb3b4d88d1,1547.62
51909b1af727eea21bc011633519e31aaff82048,2598.32
0a2a2c48e3e69f30ab22c3343de05ea92c443c44,1529.58
d3104a0307ce6c46a1ed99d0c5af672751209d9e,2513.59
8086b1e4088eb586e0abf939af18cf2d4beb4acb,1578.59
f1663b4518dbe3cb8c8101541da8350bf45129bd,2492.85
28db617354cc2ed60a8b978865e71e5d7c6b6224,1532.53
442ec7561a292a78d8f065fb0b87edf78f1c166b,1548.07
13facef45fdac2388167597f13b40802ff1ad75f,2530.85
96cc4f258b0b86370d176f623c10aad18b960236,2521.59
959994d5c4c8760233023f465830d0e82fc78585,1556.05
3c66e8730f72e37e17609af2732723c4fff02200,1549.11
eff923da81dd3a4893ca30986de5ec30fddcaf5c,1534.60
d6ed47079b9daa6734582443ea668963f166abb4,1538.18
0a2a2c48e3e69f30ab22c3343de05ea92c443c44,1522.65
dd5eb3bcc1a26f67a8cd13f882190fbeb6d17b12,1540.09
0daab3dd601ced7fb07d4b000bf25b1315da0b40,2475.72
71063c3d4bb4bcc83c4655bdf6347ce2f5670a7c,1524.54
0a4b830ccb9df906c11d154c774e14fb2eb5deff,1517.09
d72a5338ce267744fad7d3bc35ea1495376b0bab,1533.42
d5bbe252f1472f95372612fa9f9fe1616f0b5dbc,1546.14
d5debf82efb35bca3b82aaa72405dfdae8a620df,2497.39
eff923da81dd3a4893ca30986de5ec30fddcaf5c,1545.30
68184f3bcb7eed190c7292b17102fc99e3288aa6,1583.11
8e9f869999566a968b7fea67ab4dac5b7fde33ef,1518.59
47e6d8e060bb698b9690c51a1ee12001aa2d0a1a,2488.97
ec2d0c4b34f0cc306d61e3b0122307bbf72335c5,2517.43
0a4b830ccb9df906c11d154c774e14fb2eb5deff,1543.84
ec2d0c4b34f0cc306d61e3b0122307bbf72335c5,2526.75
d55469aa637a3fea7d2a8a7a6291f6ca1774df4f,1551.87
7e2d5038b2a435aef5400c7f04dd14080a24132e,2510.47
4b733b16a8ac0dd417c1c57db78743a2b13ea1a1,1562.29
8e9f869999566a968b7fea67ab4dac5b7fde33ef,1527.34
f3c740df7e49b03a2d77735198e3e977576ea92a,1545.75
13facef45fdac2388167597f13b40802ff1ad75f,2476.67
8086b1e4088eb586e0abf939af18cf2d4beb4acb,1524.01
8086b1e4088eb586e0abf939af18cf2d4beb4acb,1526.71
b875b92b832949abbbb54e9770bf35cfd3825f65,1549.27
32cf81ae79efef8cd1642eefcef0f917bd90b563,2618.80
36ba3edad1de83e61dff71ca929909587eebd834,1572.05
0a4b830ccb9df906c11d154c774e14fb2eb5deff,1528.96
95462785c89e04020c64573bc0a1aa484695cb79,1542.72
ae606bf695eb20559e824600245b781d815d23e1,1523.60
d5debf82efb35bca3b82aaa72405dfdae8a620df,2540.48
1714af2ea790795f1999a3c7a4e16acdd3f2f1bd,1605.77
ff9ef2bdabc3e86c5def79048b2950f7d4825217,2519.86
e0019ebf336082d57027f40f75a6142419710235,1531.52
2b3576b460afbfa1ee4081cd3adecc6d18616b78,2469.28
72fb5963d96c7a6f2663513aa993049239bada23,1543.80
d72a5338ce267744fad7d3bc35ea1495376b0bab,1585.34
d80275e16ebd34bae5b48f29f3e4437e1b207955,1456.95
dd5eb3bcc1a26f67a8cd13f882190fbeb6d17b12,1540.13
672ad0c6f9c01bcc92d6c44e14e07ef5e3a3ed6f,1567.01
442ec7561a292a78d8f065fb0b87edf78f1c166b,1534.64
ed23a9a458bb0674a83f6c63e2bd5b7492fead09,1531.48
ed23a9a458bb0674a83f6c63e2bd5b7492fead09,1545.80
e99c87d3f52c848db5e891dc57c3ad6b54d55bd2,1554.11
a78bcab52cbdb79dbd5a06ea7385907450c3906c,1557.41
d27370ac7ecd7eee843b3153c81f44e46b4ef63c,1541.49
8601e85f96a67f8548216eec5e27737085d54488,2534.46
8086b1e4088eb586e0abf939af18cf2d4beb4acb,1571.71
672ad0c6f9c01bcc92d6c44e14e07ef5e3a3ed6f,1535.16
a62c7f37d4132f3180bfef3e0d872d8e3cf87b5e,1547.99
18f87f1803f3481106e5291d4fd1a06cc53ea2c1,1570.08
3c66e8730f72e37e17609af2732723c4fff02200,1575.29
852473b0df54242862701afd90dc2d231aac7fba,2459.06
a908dc9cc08fc0a2b0a1d7d9ff895cfdc1514958,1542.05
91b5a56c63a9f8dca761b4cab959977fcd3308fd,2533.64
5ee376bc5bbe6a4f66eb24e2180552b547b8a4bf,2511.31
d80275e16ebd34bae5b48f29f3e4437e1b207955,1479.01
59ec905bd17b11e2282026798c913133989f2642,1561.79
7ea2667a34bcaefd29e733f4a8d660115b41c74b,1530.43
59ec905bd17b11e2282026798c913133989f2642,1531.29
c4ea303d1e982f2c5345b2fe39f126c355748f04,1526.83
96cc4f258b0b86370d176f623c10aad18b960236,2480.49
b6bd4b455c54fa44c68df961b9d5c21a2bb0ae73,2558.25
d105a1170e7b66385626f3b0b2bb5ed647a3ac30,1526.39
d55469aa637a3fea7d2a8a7a6291f6ca1774df4f,1561.89
32cf81ae79efef8cd1642eefcef0f917bd90b563,2457.75
d3104a0307ce6c46a1ed99d0c5af672751209d9e,2575.52
70f0c55aaf664cdc46782780398fe36ab94f2765,2526.26
dd5eb3bcc1a26f67a8cd13f882190fbeb6d17b12,1546.87
1b36b066948a2e25caca1fafe54d5210a95a3b35,1568.87
959994d5c4c8760233023f465830d0e82fc78585,1566.39
d67c994ac0247cebe4af233ff42cc0b7d5a4651c,1521.71
32cf81ae79efef8cd1642eefcef0f917bd90b563,2448.15
1a91aac56176edcb2327569feb5aff5282f8cacb,1535.71
6f8291da9a07dbb0cd8231a39852c9705e4ab65b,1557.17
2b3576b460afbfa1ee4081cd3adecc6d18616b78,2478.96
11a033427bd7e69f485222998ab7ab60e017dbe3,1563.92
7def06d87e5f07105bc4fca44a7e7d96b81edf30,2533.84
bf13b496cda81630d9bad7bacd1831a6eae77ea7,1565.30
aa7b59b789d764daea8fb5fcef2ebcf23438108b,1550.88
ae606bf695eb20559e824600245b781d815d23e1,1544.77
959994d5c4c8760233023f465830d0e82fc78585,1560.22
1b36b066948a2e25caca1fafe54d5210a95a3b35,1574.57
1714af2ea790795f1999a3c7a4e16acdd3f2f1bd,1619.19
59ec905bd17b11e2282026798c913133989f2642,1519.25
8601e85f96a67f8548216eec5e27737085d54488,2511.12
34fb15336ecb6504338c5a17052c158d17241958,1555.13
bf13b496cda81630d9bad7bacd1831a6eae77ea7,1548.28
3c8421c06acef846b508df8e41f7fbeb3b4d88d1,1571.56
ff9ef2bdabc3e86c5def79048b2950f7d4825217,2495.47
d55469aa637a3fea7d2a8a7a6291f6ca1774df4f,1603.92
c4ea303d1e982f2c5345b2fe39f126c355748f04,1549.58
515423d68b19ca13b6040a980bd5933aaeb0681d,1542.48
8e9f869999566a968b7fea67ab4dac5b7fde33ef,1530.62
e99c87d3f52c848db5e891dc57c3ad6b54d55bd2,1533.86
aa7b59b789d764daea8fb5fcef2ebcf23438108b,1523.57
d55469aa637a3fea7d2a8a7a6291f6ca1774df4f,1531.40
ed23a9a458bb0674a83f6c63e2bd5b7492fead09,1518.32
b875b92b832949abbbb54e9770bf35cfd3825f65,1536.46
91b5a56c63a9f8dca761b4cab959977fcd3308fd,2472.90
e0019ebf336082d57027f40f75a6142419710235,1565.78
6f8291da9a07dbb0cd8231a39852c9705e4ab65b,1560.05
37169b107bc64d2928ea8847f03076df39ce0276,1536.62
442ec7561a292a78d8f065fb0b87edf78f1c166b,1547.85
f3c740df7e49b03a2d77735198e3e977576ea92a,1536.14
0a2a2c48e3e69f30ab22c3343de05ea92c443c44,1570.47
0679bef07f1e29ae72ae54102d5af9a1f80d45d4,1475.57
f3c740df7e49b03a2d77735198e3e977576ea92a,1565.35
0daab3dd601ced7fb07d4b000bf25b1315da0b40,2575.03
d55469aa637a3fea7d2a8a7a6291f6ca1774df4f,1553.88
eb35cdcbcd22b281e585238842321c3b53052eaf,1536.85
2b526b327fa5bc797e7ccb169e07bd132660a584,1543.59
d6ed47079b9daa6734582443ea668963f166abb4,1541.67
b731fd772bb4c313e6582e1bd3e6298cd8ccec19,2470.65
68184f3bcb7eed190c7292b17102fc99e3288aa6,1558.45
d3104a0307ce6c46a1ed99d0c5af672751209d9e,2552.40
f3c740df7e49b03a2d77735198e3e977576ea92a,1561.59
7def06d87e5f07105bc4fca44a7e7d96b81edf30,2544.84
7c56eb26c8cc772c5c3d0e052dc076a128173c85,1557.78
442ec7561a292a78d8f065fb0b87edf78f1c166b,1553.32
d6ed47079b9daa6734582443ea668963f166abb4,1536.83
6d7a058efb6f3ab97fdd262602b6331dd8750b2d,1494.76
3c66e8730f72e37e17609af2732723c4fff02200,1553.27
51909b1af727eea21bc011633519e31aaff82048,2536.52
9591169019cbf964f748eb657d1f0ab8cd0b0f09,1549.39
a5972ff89d399ec68d89b897ee4d03b12964d471,1528.78
d105a1170e7b66385626f3b0b2bb5ed647a3ac30,1565.40
6f8291da9a07dbb0cd8231a39852c9705e4ab65b,1569.34
3c66e8730f72e37e17609af2732723c4fff02200,1571.00
1b36b066948a2e25caca1fafe54d5210a95a3b35,1562.40
4b733b16a8ac0dd417c1c57db78743a2b13ea1a1,1550.63
eff923da81dd3a4893ca30986de5ec30fddcaf5c,1565.52
d80275e16ebd34bae5b48f29f3e4437e1b207955,1473.34
df404cf5ac12fb295e8abd9e05de1dcbcea30657,1541.93
7def06d87e5f07105bc4fca44a7e7d96b81edf30,2575.19
708fc1fc5e41b8bb02d0ce15a9da8086f6bdb9dd,2478.10
1b36b066948a2e25caca1fafe54d5210a95a3b35,1545.62
4690661055276b9ed269bb56e1147070434aed5d,2458.16
2b526b327fa5bc797e7ccb169e07bd132660a584,1581.36
72fb5963d96c7a6f2663513aa993049239bada23,1547.90
0a4b830ccb9df906c11d154c774e14fb2eb5deff,1549.81
0a4b830ccb9df906c11d154c774e14fb2eb5deff,1550.79
515423d68b19ca13b6040a980bd5933aaeb0681d,1531.37
7ea2667a34bcaefd29e733f4a8d660115b41c74b,1549.21
8086b1e4088eb586e0abf939af18cf2d4beb4acb,1578.81
13f42529d656ddf140022707581f040bbb460e2a,1523.50
6d7a058efb6f3ab97fdd262602b6331dd8750b2d,1477.98
959994d5c4c8760233023f465830d0e82fc78585,1540.07
d5debf82efb35bca3b82aaa72405dfdae8a620df,2550.97
4b733b16a8ac0dd417c1c57db78743a2b13ea1a1,1567.42
91b5a56c63a9f8dca761b4cab959977fcd3308fd,2510.45
5594c17333c60f27bb4a1f032c3c6956954d9162,1539.38
dd45bb2b7a832850835bcb2a368dc3cca3851fe2,1567.22
d72a5338ce267744fad7d3bc35ea1495376b0bab,1546.36
bf1f4b2eb9754d8ae5159d85b69716518c7ea523,2534.45
47e6d8e060bb698b9690c51a1ee12001aa2d0a1a,2567.49
e0019ebf336082d57027f40f75a6142419710235,1528.22
442ec7561a292a78d8f065fb0b87edf78f1c166b,1546.76
df404cf5ac12fb295e8abd9e05de1dcbcea30657,1564.17
34fb15336ecb6504338c5a17052c158d17241958,1542.32
2a174dceab361cc3aca2f48c75ae2de21e56123c,1525.65
3c66e8730f72e37e17609af2732723c4fff02200,1554.55
c778c3aea78f402252c35c958721242755e6e187,2535.75
0a2a2c48e3e69f30ab22c3343de05ea92c443c44,1541.23
1b36b066948a2e25caca1fafe54d5210a95a3b35,1557.85
18f87f1803f3481106e5291d4fd1a06cc53ea2c1,1549.25
2a174dceab361cc3aca2f48c75ae2de21e56123c,1559.02
36ba3edad1de83e61dff71ca929909587eebd834,1543.74
fd55ee80e2857581c6355ad5879c302fc577955a,2563.74
2bffb6546eefb5dfffdfd6f562f3a11f46cc0c26,2540.43
2a174dceab361cc3aca2f48c75ae2de21e56123c,1527.41
72fb5963d96c7a6f2663513aa993049239bada23,1543.87
dd45bb2b7a832850835bcb2a368dc3cca3851fe2,1539.24
47e6d8e060bb698b9690c51a1ee12001aa2d0a1a,2523.89
5ee376bc5bbe6a4f66eb24e2180552b547b8a4bf,2511.29
d3104a0307ce6c46a1ed99d0c5af672751209d9e,2553.95
959994d5c4c8760233023f465830d0e82fc78585,1579.43
7e2d5038b2a435aef5400c7f04dd14080a24132e,2527.91
1a91aac56176edcb2327569feb5aff5282f8cacb,1526.52
5ee376bc5bbe6a4f66eb24e2180552b547b8a4bf,2475.95
ed23a9a458bb0674a83f6c63e2bd5b7492fead09,1549.62
59ec905bd17b11e2282026798c913133989f2642,1547.79
b6bd4b455c54fa44c68df961b9d5c21a2bb0ae73,2454.42
95462785c89e04020c64573bc0a1aa484695cb79,1568.65
7def06d87e5f07105bc4fca44a7e7d96b81edf30,2479.63
47e6d8e060bb698b9690c51a1ee12001aa2d0a1a,2591.93
a5972ff89d399ec68d89b897ee4d03b12964d471,1538.21
c778c3aea78f402252c35c958721242755e6e187,2450.24
c778c3aea78f402252c35c958721242755e6e187,2495.51
d55469aa637a3fea7d2a8a7a6291f6ca1774df4f,1599.69
cee75632544001c6d1d814a0eeb522cb18811497,1555.57
33d0d46dae66fcdab062fefed7357c1d5e14bbe5,1553.76
7c56eb26c8cc772c5c3d0e052dc076a128173c85,1536.92
0a4b830ccb9df906c11d154c774e14fb2eb5deff,1537.48
68184f3bcb7eed190c7292b17102fc99e3288aa6,1541.34
672ad0c6f9c01bcc92d6c44e14e07ef5e3a3ed6f,1541.96
72fb5963d96c7a6f2663513aa993049239bada23,1564.69
96cc4f258b0b86370d176f623c10aad18b960236,2550.68
959994d5c4c8760233023f465830d0e82fc78585,1578.85
5594c17333c60f27bb4a1f032c3c6956954d9162,1586.85
a5972ff89d399ec68d89b897ee4d03b12964d471,1546.77
cee75632544001c6d1d814a0eeb522cb18811497,1553.75
95462785c89e04020c64573bc0a1aa484695cb79,1508.84
852473b0df54242862701afd90dc2d231aac7fba,2535.14
8dec9c302e2f2d2b5560fefa0d3ed7e1b813e195,2559.26
aa7b59b789d764daea8fb5fcef2ebcf23438108b,1525.01
c778c3aea78f402252c35c958721242755e6e187,2489.99
b875b92b832949abbbb54e9770bf35cfd3825f65,1585.81
1714af2ea790795f1999a3c7a4e16acdd3f2f1bd,1649.50
2b3576b460afbfa1ee4081cd3adecc6d18616b78,2508.77
28db617354cc2ed60a8b978865e71e5d7c6b6224,1538.24
51909b1af727eea21bc011633519e31aaff82048,2482.34
0a4b830ccb9df906c11d154c774e14fb2eb5deff,1532.94
2b3576b460afbfa1ee4081cd3adecc6d18616b78,2502.20
ec2d0c4b34f0cc306d61e3b0122307bbf72335c5,2454.02
d5bbe252f1472f95372612fa9f9fe1616f0b5dbc,1523.16
6f8291da9a07dbb0cd8231a39852c9705e4ab65b,1542.40
5594c17333c60f27bb4a1f032c3c6956954d9162,1542.13
aa7b59b789d764daea8fb5fcef2ebcf23438108b,1555.54
47e6d8e060bb698b9690c51a1ee12001aa2d0a1a,2536.66
36ba3edad1de83e61dff71ca929909587eebd834,1561.44
13f42529d656ddf140022707581f040bbb460e2a,1576.58
ed23a9a458bb0674a83f6c63e2bd5b7492fead09,1534.17
28db617354cc2ed60a8b978865e71e5d7c6b6224,1572.28
13f42529d656ddf140022707581f040bbb460e2a,1533.24
eff923da81dd3a4893ca30986de5ec30fddcaf5c,1523.26
13facef45fdac2388167597f13b40802ff1ad75f,2527.47
2b3576b460afbfa1ee4081cd3adecc6d18616b78,2516.60
33d0d46dae66fcdab062fefed7357c1d5e14bbe5,1536.72
b731fd772bb4c313e6582e1bd3e6298cd8ccec19,2492.29
9d91ef2dbfb3efa5d8cb1f39dc133bc02504b940,1544.48
1a91aac56176edcb2327569feb5aff5282f8cacb,1554.54
c4ea303d1e982f2c5345b2fe39f126c355748f04,1528.79
dd5eb3bcc1a26f67a8cd13f882190fbeb6d17b12,1549.40
b6bd4b455c54fa44c68df961b9d5c21a2bb0ae73,2517.34
76b391e367645d367a6cdd4b48b107bcc2ee9ae1,1559.53
d3104a0307ce6c46a1ed99d0c5af672751209d9e,2534.60
ec2d0c4b34f0cc306d61e3b0122307bbf72335c5,2536.35
5ee376bc5bbe6a4f66eb24e2180552b547b8a4bf,2473.20
f1663b4518dbe3cb8c8101541da8350bf45129bd,2571.82
d3104a0307ce6c46a1ed99d0c5af672751209d9e,2538.36
5ee376bc5bbe6a4f66eb24e2180552b547b8a4bf,2516.44
3c8421c06acef846b508df8e41f7fbeb3b4d88d1,1541.83
1714af2ea790795f1999a3c7a4e16acdd3f2f1bd,1593.32
59ec905bd17b11e2282026798c913133989f2642,1535.14
d80275e16ebd34bae5b48f29f3e4437e1b207955,1459.55
a5972ff89d399ec68d89b897ee4d03b12964d471,1540.88
708fc1fc5e41b8bb02d0ce15a9da8086f6bdb9dd,2515.48
b731fd772bb4c313e6582e1bd3e6298cd8ccec19,2709.79
aa7b59b789d764daea8fb5fcef2ebcf23438108b,1533.56
f1663b4518dbe3cb8c8101541da8350bf45129bd,2525.66
708fc1fc5e41b8bb02d0ce15a9da8086f6bdb9dd,2488.50
8e9f869999566a968b7fea67ab4dac5b7fde33ef,1526.34
aa7b59b789d764daea8fb5fcef2ebcf23438108b,1551.72
0679bef07f1e29ae72ae54102d5af9a1f80d45d4,1457.04
8e9f869999566a968b7fea67ab4dac5b7fde33ef,1523.88
a78bcab52cbdb79dbd5a06ea7385907450c3906c,1521.45
0679bef07f1e29ae72ae54102d5af9a1f80d45d4,1449.78
91b5a56c63a9f8dca761b4cab959977fcd3308fd,2580.19
ae606bf695eb20559e824600245b781d815d23e1,1561.22
4690661055276b9ed269bb56e1147070434aed5d,2518.24
eff923da81dd3a4893ca30986de5ec30fddcaf5c,1533.43
7ea2667a34bcaefd29e733f4a8d660115b41c74b,1543.31
2b526b327fa5bc797e7ccb169e07bd132660a584,1530.84
ff9ef2bdabc3e86c5def79048b2950f7d4825217,2461.80
ed23a9a458bb0674a83f6c63e2bd5b7492fead09,1544.84
18f87f1803f3481106e5291d4fd1a06cc53ea2c1,1561.64
3c8421c06acef846b508df8e41f7fbeb3b4d88d1,1589.43
3c8421c06acef846b508df8e41f7fbeb3b4d88d1,1525.54
d80275e16ebd34bae5b48f29f3e4437e1b207955,1448.79
13facef45fdac2388167597f13b40802ff1ad75f,2552.90
1714af2ea790795f1999a3c7a4e16acdd3f2f1bd,1592.31
2a174dceab361cc3aca2f48c75ae2de21e56123c,1561.14
32cf81ae79efef8cd1642eefcef0f917bd90b563,2616.61
72fb5963d96c7a6f2663513aa993049239bada23,1528.92
fd55ee80e2857581c6355ad5879c302fc577955a,2525.68
bf1f4b2eb9754d8ae5159d85b69716518c7ea523,2555.80
28db617354cc2ed60a8b978865e71e5d7c6b6224,1554.72
dd45bb2b7a832850835bcb2a368dc3cca3851fe2,1536.40
cee75632544001c6d1d814a0eeb522cb18811497,1540.49
68184f3bcb7eed190c7292b17102fc99e3288aa6,1566.02
4b733b16a8ac0dd417c1c57db78743a2b13ea1a1,1560.13
1714af2ea790795f1999a3c7a4e16acdd3f2f1bd,1612.57
d5bbe252f1472f95372612fa9f9fe1616f0b5dbc,1508.99
28db617354cc2ed60a8b978865e71e5d7c6b6224,1522.23
cee75632544001c6d1d814a0eeb522cb18811497,1539.86
1b36b066948a2e25caca1fafe54d5210a95a3b35,1595.00
ed23a9a458bb0674a83f6c63e2bd5b7492fead09,1532.70
9591169019cbf964f748eb657d1f0ab8cd0b0f09,1542.18
51909b1af727eea21bc011633519e31aaff82048,2602.45
33d0d46dae66fcdab062fefed7357c1d5e14bbe5,1557.67
aa7b59b789d764daea8fb5fcef2ebcf23438108b,1534.21
4690661055276b9ed269bb56e1147070434aed5d,2502.31
95462785c89e04020c64573bc0a1aa484695cb79,1562.23
a908dc9cc08fc0a2b0a1d7d9ff895cfdc1514958,1524.34
a62c7f37d4132f3180bfef3e0d872d8e3cf87b5e,1519.06
a908dc9cc08fc0a2b0a1d7d9ff895cfdc1514958,1538.60
1a91aac56176edcb2327569feb5aff5282f8cacb,1541.01
51909b1af727eea21bc011633519e31aaff82048,2476.16
8086b1e4088eb586e0abf939af18cf2d4beb4acb,1543.87
33d0d46dae66fcdab062fefed7357c1d5e14bbe5,1545.71
59ec905bd17b11e2282026798c913133989f2642,1572.45
d72a5338ce267744fad7d3bc35ea1495376b0bab,1540.19
e0019ebf336082d57027f40f75a6142419710235,1533.66
eb35cdcbcd22b281e585238842321c3b53052eaf,1550.00
df404cf5ac12fb295e8abd9e05de1dcbcea30657,1537.14
72fb5963d96c7a6f2663513aa993049239bada23,1529.68
7e2d5038b2a435aef5400c7f04dd14080a24132e,2531.78
7ea2667a34bcaefd29e733f4a8d660115b41c74b,1525.31
47e6d8e060bb698b9690c51a1ee12001aa2d0a1a,2560.49
a5972ff89d399ec68d89b897ee4d03b12964d471,1548.57
5ee376bc5bbe6a4f66eb24e2180552b547b8a4bf,2468.50
3c66e8730f72e37e17609af2732723c4fff02200,1537.05
9d91ef2dbfb3efa5d8cb1f39dc133bc02504b940,1539.82
47e6d8e060bb698b9690c51a1ee12001aa2d0a1a,2534.70
3c8421c06acef846b508df8e41f7fbeb3b4d88d1,1543.76
d6ed47079b9daa6734582443ea668963f166abb4,1542.74
d3104a0307ce6c46a1ed99d0c5af672751209d9e,2497.75
f3c740df7e49b03a2d77735198e3e977576ea92a,1563.04
0a4b830ccb9df906c11d154c774e14fb2eb5deff,1557.29
eff923da81dd3a4893ca30986de5ec30fddcaf5c,1531.87
d55469aa637a3fea7d2a8a7a6291f6ca1774df4f,1561.99
6d7a058efb6f3ab97fdd262602b6331dd8750b2d,1441.85
8086b1e4088eb586e0abf939af18cf2d4beb4acb,1547.88
96cc4f258b0b86370d176f623c10aad18b960236,2520.29
8dec9c302e2f2d2b5560fefa0d3ed7e1b813e195,2475.77
71063c3d4bb4bcc83c4655bdf6347ce2f5670a7c,1542.34
71063c3d4bb4bcc83c4655bdf6347ce2f5670a7c,1537.29
47e6d8e060bb698b9690c51a1ee12001aa2d0a1a,2465.65
aa7b59b789d764daea8fb5fcef2ebcf23438108b,1534.59
e0019ebf336082d57027f40f75a6142419710235,1526.17
4b733b16a8ac0dd417c1c57db78743a2b13ea1a1,1553.13
eff923da81dd3a4893ca30986de5ec30fddcaf5c,1564.73
fd55ee80e2857581c6355ad5879c302fc577955a,2509.26
2bffb6546eefb5dfffdfd6f562f3a11f46cc0c26,2465.73
ff9ef2bdabc3e86c5def79048b2950f7d4825217,2576.47
0a2a2c48e3e69f30ab22c3343de05ea92c443c44,1557.01
d67c994ac0247cebe4af233ff42cc0b7d5a4651c,1570.72
9d91ef2dbfb3efa5d8cb1f39dc133bc02504b940,1527.42
9d91ef2dbfb3efa5d8cb1f39dc133bc02504b940,1526.41
3c8421c06acef846b508df8e41f7fbeb3b4d88d1,1535.77
dd45bb2b7a832850835bcb2a368dc3cca3851fe2,1530.80
28db617354cc2ed60a8b978865e71e5d7c6b6224,1534.25
51909b1af727eea21bc011633519e31aaff82048,2574.71
2b3576b460afbfa1ee4081cd3adecc6d18616b78,2544.55
4b733b16a8ac0dd417c1c57db78743a2b13ea1a1,1549.77
0daab3dd601ced7fb07d4b000bf25b1315da0b40,2580.53
70f0c55aaf664cdc46782780398fe36ab94f2765,2541.86
e0019ebf336082d57027f40f75a6142419710235,1548.98
c4ea303d1e982f2c5345b2fe39f126c355748f04,1540.78
5594c17333c60f27bb4a1f032c3c6956954d9162,1548.70
d105a1170e7b66385626f3b0b2bb5ed647a3ac30,1575.72
51909b1af727eea21bc011633519e31aaff82048,2533.05
3c66e8730f72e37e17609af2732723c4fff02200,1536.89
a908dc9cc08fc0a2b0a1d7d9ff895cfdc1514958,1529.57
5ee376bc5bbe6a4f66eb24e2180552b547b8a4bf,2574.05
e0019ebf336082d57027f40f75a6142419710235,1529.90
6f8291da9a07dbb0cd8231a39852c9705e4ab65b,1550.64
cee75632544001c6d1d814a0eeb522cb18811497,1583.82
7def06d87e5f07105bc4fca44a7e7d96b81edf30,2604.04
dd45bb2b7a832850835bcb2a368dc3cca3851fe2,1549.42
eb35cdcbcd22b281e585238842321c3b53052eaf,1530.95
91b5a56c63a9f8dca761b4cab959977fcd3308fd,2548.48
2bffb6546eefb5dfffdfd6f562f3a11f46cc0c26,2583.66
8086b1e4088eb586e0abf939af18cf2d4beb4acb,1528.15
18f87f1803f3481106e5291d4fd1a06cc53ea2c1,1532.21
eb35cdcbcd22b281e585238842321c3b53052eaf,1556.37
0a4b830ccb9df906c11d154c774e14fb2eb5deff,1532.94
32cf81ae79efef8cd1642eefcef0f917bd90b563,2531.93
515423d68b19ca13b6040a980bd5933aaeb0681d,1532.98
442ec7561a292a78d8f065fb0b87edf78f1c166b,1527.45
91b5a56c63a9f8dca761b4cab959977fcd3308fd,2512.99
96cc4f258b0b86370d176f623c10aad18b960236,2471.41
d80275e16ebd34bae5b48f29f3e4437e1b207955,1472.83
ec2d0c4b34f0cc306d61e3b0122307bbf72335c5,2474.29
dd5eb3bcc1a26f67a8cd13f882190fbeb6d17b12,1537.86
2bffb6546eefb5dfffdfd6f562f3a11f46cc0c26,2497.56
bf13b496cda81630d9bad7bacd1831a6eae77ea7,1544.19
1714af2ea790795f1999a3c7a4e16acdd3f2f1bd,1636.41
eff923da81dd3a4893ca30986de5ec30fddcaf5c,1536.60
5594c17333c60f27bb4a1f032c3c6956954d9162,1552.60
f3c740df7e49b03a2d77735198e3e977576ea92a,1547.08
95462785c89e04020c64573bc0a1aa484695cb79,1549.24
5ee376bc5bbe6a4f66eb24e2180552b547b8a4bf,2555.61
a908dc9cc08fc0a2b0a1d7d9ff895cfdc1514958,1543.56
515423d68b19ca13b6040a980bd5933aaeb0681d,1552.81
5594c17333c60f27bb4a1f032c3c6956954d9162,1529.13
6d7a058efb6f3ab97fdd262602b6331dd8750b2d,1450.02
7e2d5038b2a435aef5400c7f04dd14080a24132e,2480.55
959994d5c4c8760233023f465830d0e82fc78585,1549.89
a62c7f37d4132f3180bfef3e0d872d8e3cf87b5e,1517.19
ae606bf695eb20559e824600245b781d815d23e1,1551.80
ed23a9a458bb0674a83f6c63e2bd5b7492fead09,1527.22
eff923da81dd3a4893ca30986de5ec30fddcaf5c,1545.93
8dec9c302e2f2d2b5560fefa0d3ed7e1b813e195,2527.59
a5972ff89d399ec68d89b897ee4d03b12964d471,1550.96
0a4b830ccb9df906c11d154c774e14fb2eb5deff,1545.18
d27370ac7ecd7eee843b3153c81f44e46b4ef63c,1549.52
62674f903bd2fc352601fa39a3d9dea348e59f4b,1551.65
b6bd4b455c54fa44c68df961b9d5c21a2bb0ae73,2488.22
d27370ac7ecd7eee843b3153c81f44e46b4ef63c,1542.50
5d31cac5888b872daa54e09238feeaa8e4e435e7,1530.93
d67c994ac0247cebe4af233ff42cc0b7d5a4651c,1538.95
6d7a058efb6f3ab97fdd262602b6331dd8750b2d,1443.10
2b3576b460afbfa1ee4081cd3adecc6d18616b78,2522.08
71063c3d4bb4bcc83c4655bdf6347ce2f5670a7c,1546.92
7c56eb26c8cc772c5c3d0e052dc076a128173c85,1545.04
7c56eb26c8cc772c5c3d0e052dc076a128173c85,1542.34
32cf81ae79efef8cd1642eefcef0f917bd90b563,2538.32
8601e85f96a67f8548216eec5e27737085d54488,2545.92
32cf81ae79efef8cd1642eefcef0f917bd90b563,2506.07
59ec905bd17b11e2282026798c913133989f2642,1508.43
8dec9c302e2f2d2b5560fefa0d3ed7e1b813e195,2653.11
d6ed47079b9daa6734582443ea668963f166abb4,1529.23
6f8291da9a07dbb0cd8231a39852c9705e4ab65b,1539.39
2bffb6546eefb5dfffdfd6f562f3a11f46cc0c26,2549.97
f1663b4518dbe3cb8c8101541da8350bf45129bd,2562.97
9d91ef2dbfb3efa5d8cb1f39dc133bc02504b940,1542.19
708fc1fc5e41b8bb02d0ce15a9da8086f6bdb9dd,2569.73
c778c3aea78f402252c35c958721242755e6e187,2563.54
d105a1170e7b66385626f3b0b2bb5ed647a3ac30,1584.50
b6bd4b455c54fa44c68df961b9d5c21a2bb0ae73,2516.15
a62c7f37d4132f3180bfef3e0d872d8e3cf87b5e,1545.43
d80275e16ebd34bae5b48f29f3e4437e1b207955,1443.03
d105a1170e7b66385626f3b0b2bb5ed647a3ac30,1562.53
36ba3edad1de83e61dff71ca929909587eebd834,1557.15
76b391e367645d367a6cdd4b48b107bcc2ee9ae1,1547.43
7def06d87e5f07105bc4fca44a7e7d96b81edf30,2656.05
0ef4b70b2acf47c1094aedbb9954324a2e84c05e,1583.50
dd45bb2b7a832850835bcb2a368dc3cca3851fe2,1522.78
68184f3bcb7eed190c7292b17102fc99e3288aa6,1534.93
aa7b59b789d764daea8fb5fcef2ebcf23438108b,1523.21
d6ed47079b9daa6734582443ea668963f166abb4,1564.98
8086b1e4088eb586e0abf939af18cf2d4beb4acb,1548.39
8086b1e4088eb586e0abf939af18cf2d4beb4acb,1546.45
d5debf82efb35bca3b82aaa72405dfdae8a620df,2554.60
fd55ee80e2857581c6355ad5879c302fc577955a,2550.86
b875b92b832949abbbb54e9770bf35cfd3825f65,1562.26
515423d68b19ca13b6040a980bd5933aaeb0681d,1520.15
959994d5c4c8760233023f465830d0e82fc78585,1543.58
34fb15336ecb6504338c5a17052c158d17241958,1545.35
36ba3edad1de83e61dff71ca929909587eebd834,1523.62
d55469aa637a3fea7d2a8a7a6291f6ca1774df4f,1540.69
e99c87d3f52c848db5e891dc57c3ad6b54d55bd2,1551.03
36ba3edad1de83e61dff71ca929909587eebd834,1534.73
13f42529d656ddf140022707581f040bbb460e2a,1563.00
d55469aa637a3fea7d2a8a7a6291f6ca1774df4f,1539.07
ce54f5b8f2b4e06d2b4b9a7a7add582aa807975d,2499.12
13facef45fdac2388167597f13b40802ff1ad75f,2522.40
6f8291da9a07dbb0cd8231a39852c9705e4ab65b,1565.18
d105a1170e7b66385626f3b0b2bb5ed647a3ac30,1558.60
d5bbe252f1472f95372612fa9f9fe1616f0b5dbc,1560.80
e99c87d3f52c848db5e891dc57c3ad6b54d55bd2,1526.71
33d0d46dae66fcdab062fefed7357c1d5e14bbe5,1549.52
d5debf82efb35bca3b82aaa72405dfdae8a620df,2585.84
8086b1e4088eb586e0abf939af18cf2d4beb4acb,1548.07
59ec905bd17b11e2282026798c913133989f2642,1519.96
d55469aa637a3fea7d2a8a7a6291f6ca1774df4f,1575.66
76b391e367645d367a6cdd4b48b107bcc2ee9ae1,1570.85
0ef4b70b2acf47c1094aedbb9954324a2e84c05e,1578.79
bf13b496cda81630d9bad7bacd1831a6eae77ea7,1552.33
11a033427bd7e69f485222998ab7ab60e017dbe3,1526.28
62674f903bd2fc352601fa39a3d9dea348e59f4b,1517.79
0a4b830ccb9df906c11d154c774e14fb2eb5deff,1537.52
1737b96e70d02b854dfaee11603b283c63b0c5b6,1539.21
0ef4b70b2acf47c1094aedbb9954324a2e84c05e,1554.27
d72a5338ce267744fad7d3bc35ea1495376b0bab,1536.48
1714af2ea790795f1999a3c7a4e16acdd3f2f1bd,1658.10
4690661055276b9ed269bb56e1147070434aed5d,2564.42
18f87f1803f3481106e5291d4fd1a06cc53ea2c1,1530.27
0679bef07f1e29ae72ae54102d5af9a1f80d45d4,1456.35
3c8421c06acef846b508df8e41f7fbeb3b4d88d1,1550.95
ff9ef2bdabc3e86c5def79048b2950f7d4825217,2510.35
34fb15336ecb6504338c5a17052c158d17241958,1560.53
68184f3bcb7eed190c7292b17102fc99e3288aa6,1597.53
ae606bf695eb20559e824600245b781d815d23e1,1529.19
33d0d46dae66fcdab062fefed7357c1d5e14bbe5,1629.16
d80275e16ebd34bae5b48f29f3e4437e1b207955,1453.55
7def06d87e5f07105bc4fca44a7e7d96b81edf30,2544.09
71063c3d4bb4bcc83c4655bdf6347ce2f5670a7c,1542.43
ae606bf695eb20559e824600245b781d815d23e1,1532.18
2bffb6546eefb5dfffdfd6f562f3a11f46cc0c26,2533.24
37169b107bc64d2928ea8847f03076df39ce0276,1586.69
0a2a2c48e3e69f30ab22c3343de05ea92c443c44,1563.53
ed23a9a458bb0674a83f6c63e2bd5b7492fead09,1532.64
bf13b496cda81630d9bad7bacd1831a6eae77ea7,1573.36
2b526b327fa5bc797e7ccb169e07bd132660a584,1549.59
76b391e367645d367a6cdd4b48b107bcc2ee9ae1,1555.26
9591169019cbf964f748eb657d1f0ab8cd0b0f09,1559.26
a5972ff89d399ec68d89b897ee4d03b12964d471,1560.11
34fb15336ecb6504338c5a17052c158d17241958,1546.48
ff9ef2bdabc3e86c5def79048b2950f7d4825217,2553.91
5d31cac5888b872daa54e09238feeaa8e4e435e7,1532.33
fd55ee80e2857581c6355ad5879c302fc577955a,2551.43
4690661055276b9ed269bb56e1147070434aed5d,2583.67
7e2d5038b2a435aef5400c7f04dd14080a24132e,2498.09
a78bcab52cbdb79dbd5a06ea7385907450c3906c,1562.02
e0019ebf336082d57027f40f75a6142419710235,1538.28
c778c3aea78f402252c35c958721242755e6e187,2558.83
d27370ac7ecd7eee843b3153c81f44e46b4ef63c,1519.77
cee75632544001c6d1d814a0eeb522cb18811497,1558.07
34fb15336ecb6504338c5a17052c158d17241958,1563.84
1714af2ea790795f1999a3c7a4e16acdd3f2f1bd,1642.72
f3c740df7e49b03a2d77735198e3e977576ea92a,1556.86
515423d68b19ca13b6040a980bd5933aaeb0681d,1644.40
df404cf5ac12fb295e8abd9e05de1dcbcea30657,1546.24
34fb15336ecb6504338c5a17052c158d17241958,1548.43
7e2d5038b2a435aef5400c7f04dd14080a24132e,2512.29
7e2d5038b2a435aef5400c7f04dd14080a24132e,2487.07
f1663b4518dbe3cb8c8101541da8350bf45129bd,2479.24
59ec905bd17b11e2282026798c913133989f2642,1535.99
708fc1fc5e41b8bb02d0ce15a9da8086f6bdb9dd,2523.25
a62c7f37d4132f3180bfef3e0d872d8e3cf87b5e,1534.36
672ad0c6f9c01bcc92d6c44e14e07ef5e3a3ed6f,1542.38
ce54f5b8f2b4e06d2b4b9a7a7add582aa807975d,2509.14
2b3576b460afbfa1ee4081cd3adecc6d18616b78,2485.34
7e2d5038b2a435aef5400c7f04dd14080a24132e,2510.65
8601e85f96a67f8548216eec5e27737085d54488,2553.27
cee75632544001c6d1d814a0eeb522cb18811497,1581.55
2bffb6546eefb5dfffdfd6f562f3a11f46cc0c26,2477.80
51909b1af727eea21bc011633519e31aaff82048,2525.66
47e6d8e060bb698b9690c51a1ee12001aa2d0a1a,2483.45
d55469aa637a3fea7d2a8a7a6291f6ca1774df4f,1525.83
9d91ef2dbfb3efa5d8cb1f39dc133bc02504b940,1523.34
959994d5c4c8760233023f465830d0e82fc78585,1544.47
cee75632544001c6d1d814a0eeb522cb18811497,1549.36
28db617354cc2ed60a8b978865e71e5d7c6b6224,1538.98
b875b92b832949abbbb54e9770bf35cfd3825f65,1582.78
ae606bf695eb20559e824600245b781d815d23e1,1543.31
8dec9c302e2f2d2b5560fefa0d3ed7e1b813e195,2475.32
d72a5338ce267744fad7d3bc35ea1495376b0bab,1555.41
d5bbe252f1472f95372612fa9f9fe1616f0b5dbc,1530.99
6d7a058efb6f3ab97fdd262602b6331dd8750b2d,1466.75
bf1f4b2eb9754d8ae5159d85b69716518c7ea523,2529.76
d6ed47079b9daa6734582443ea668963f166abb4,1538.96
0679bef07f1e29ae72ae54102d5af9a1f80d45d4,1462.68
0679bef07f1e29ae72ae54102d5af9a1f80d45d4,1451.68
8e9f869999566a968b7fea67ab4dac5b7fde33ef,1564.45
0a2a2c48e3e69f30ab22c3343de05ea92c443c44,1530.95
8086b1e4088eb586e0abf939af18cf2d4beb4acb,1559.69
76b391e367645d367a6cdd4b48b107bcc2ee9ae1,1578.50
b6bd4b455c54fa44c68df961b9d5c21a2bb0ae73,2564.59
d105a1170e7b66385626f3b0b2bb5ed647a3ac30,1593.99
96cc4f258b0b86370d176f623c10aad18b960236,2519.33
51909b1af727eea21bc011633519e31aaff82048,2454.90
33d0d46dae66fcdab062fefed7357c1d5e14bbe5,1522.55
59ec905bd17b11e2282026798c913133989f2642,1513.82
72fb5963d96c7a6f2663513aa993049239bada23,1526.36
dd45bb2b7a832850835bcb2a368dc3cca3851fe2,1579.34
ae606bf695eb20559e824600245b781d815d23e1,1577.73
c4ea303d1e982f2c5345b2fe39f126c355748f04,1529.00
d105a1170e7b66385626f3b0b2bb5ed647a3ac30,1585.56
3c8421c06acef846b508df8e41f7fbeb3b4d88d1,1546.43
8e9f869999566a968b7fea67ab4dac5b7fde33ef,1539.32
708fc1fc5e41b8bb02d0ce15a9da8086f6bdb9dd,2489.73
0679bef07f1e29ae72ae54102d5af9a1f80d45d4,1425.96
f1663b4518dbe3cb8c8101541da8350bf45129bd,2470.29
7c56eb26c8cc772c5c3d0e052dc076a128173c85,1514.46
eb35cdcbcd22b281e585238842321c3b53052eaf,1558.59
18f87f1803f3481106e5291d4fd1a06cc53ea2c1,1540.78
62674f903bd2fc352601fa39a3d9dea348e59f4b,1551.66
37169b107bc64d2928ea8847f03076df39ce0276,1558.69
d5debf82efb35bca3b82aaa72405dfdae8a620df,2493.66
672ad0c6f9c01bcc92d6c44e14e07ef5e3a3ed6f,1636.38
36ba3edad1de83e61dff71ca929909587eebd834,1540.75
13facef45fdac2388167597f13b40802ff1ad75f,2580.48
68184f3bcb7eed190c7292b17102fc99e3288aa6,1565.86
708fc1fc5e41b8bb02d0ce15a9da8086f6bdb9dd,2491.79
5594c17333c60f27bb4a1f032c3c6956954d9162,1525.08
672ad0c6f9c01bcc92d6c44e14e07ef5e3a3ed6f,1589.35
9591169019cbf964f748eb657d1f0ab8cd0b0f09,1563.04
9591169019cbf964f748eb657d1f0ab8cd0b0f09,1538.55
b731fd772bb4c313e6582e1bd3e6298cd8ccec19,2508.43
ce54f5b8f2b4e06d2b4b9a7a7add582aa807975d,2514.45
7e2d5038b2a435aef5400c7f04dd14080a24132e,2570.35
b6bd4b455c54fa44c68df961b9d5c21a2bb0ae73,2491.92
d72a5338ce267744fad7d3bc35ea1495376b0bab,1544.39
dd45bb2b7a832850835bcb2a368dc3cca3851fe2,1549.47
3c66e8730f72e37e17609af2732723c4fff02200,1534.67
3c66e8730f72e37e17609af2732723c4fff02200,1549.90
ce54f5b8f2b4e06d2b4b9a7a7add582aa807975d,2462.97
5594c17333c60f27bb4a1f032c3c6956954d9162,1536.18
cee75632544001c6d1d814a0eeb522cb18811497,1558.83
852473b0df54242862701afd90dc2d231aac7fba,2473.66
0ef4b70b2acf47c1094aedbb9954324a2e84c05e,1540.67
6f8291da9a07dbb0cd8231a39852c9705e4ab65b,1554.42
4690661055276b9ed269bb56e1147070434aed5d,2545.91
f3c740df7e49b03a2d77735198e3e977576ea92a,1569.12
13f42529d656ddf140022707581f040bbb460e2a,1512.86
8601e85f96a67f8548216eec5e27737085d54488,2499.38
d5bbe252f1472f95372612fa9f9fe1616f0b5dbc,1542.66
ec2d0c4b34f0cc306d61e3b0122307bbf72335c5,2536.52
37169b107bc64d2928ea8847f03076df39ce0276,1532.80
0679bef07f1e29ae72ae54102d5af9a1f80d45d4,1432.10
7e2d5038b2a435aef5400c7f04dd14080a24132e,2557.33
d67c994ac0247cebe4af233ff42cc0b7d5a4651c,1543.30
0daab3dd601ced7fb07d4b000bf25b1315da0b40,2473.98
71063c3d4bb4bcc83c4655bdf6347ce2f5670a7c,1525.67
96cc4f258b0b86370d176f623c10aad18b960236,2478.53
852473b0df54242862701afd90dc2d231aac7fba,2475.23
aa7b59b789d764daea8fb5fcef2ebcf23438108b,1529.06
32cf81ae79efef8cd1642eefcef0f917bd90b563,2526.30
4690661055276b9ed269bb56e1147070434aed5d,2469.95
672ad0c6f9c01bcc92d6c44e14e07ef5e3a3ed6f,1595.03
a78bcab52cbdb79dbd5a06ea7385907450c3906c,1566.99
d72a5338ce267744fad7d3bc35ea1495376b0bab,1545.44
1b36b066948a2e25caca1fafe54d5210a95a3b35,1546.06
0ef4b70b2acf47c1094aedbb9954324a2e84c05e,1552.98
32cf81ae79efef8cd1642eefcef0f917bd90b563,2470.29
0679bef07f1e29ae72ae54102d5af9a1f80d45d4,1460.79
b875b92b832949abbbb54e9770bf35cfd3825f65,1547.59
7ea2667a34bcaefd29e733f4a8d660115b41c74b,1534.51
4690661055276b9ed269bb56e1147070434aed5d,2470.22
bf1f4b2eb9754d8ae5159d85b69716518c7ea523,2489.45
3c66e8730f72e37e17609af2732723c4fff02200,1539.54
33d0d46dae66fcdab062fefed7357c1d5e14bbe5,1523.58
8601e85f96a67f8548216eec5e27737085d54488,2551.85
8601e85f96a67f8548216eec5e27737085d54488,2657.95
959994d5c4c8760233023f465830d0e82fc78585,1571.08
96cc4f258b0b86370d176f623c10aad18b960236,2511.68
b875b92b832949abbbb54e9770bf35cfd3825f65,1548.49
5594c17333c60f27bb4a1f032c3c6956954d9162,1533.07
33d0d46dae66fcdab062fefed7357c1d5e14bbe5,1542.94
0daab3dd601ced7fb07d4b000bf25b1315da0b40,2489.92
2bffb6546eefb5dfffdfd6f562f3a11f46cc0c26,2483.74
d105a1170e7b66385626f3b0b2bb5ed647a3ac30,1569.56
e99c87d3f52c848db5e891dc57c3ad6b54d55bd2,1547.44
68184f3bcb7eed190c7292b17102fc99e3288aa6,1538.68
dd5eb3bcc1a26f67a8cd13f882190fbeb6d17b12,1536.85
e99c87d3f52c848db5e891dc57c3ad6b54d55bd2,1542.38
11a033427bd7e69f485222998ab7ab60e017dbe3,1553.97
1737b96e70d02b854dfaee11603b283c63b0c5b6,1536.34
e99c87d3f52c848db5e891dc57c3ad6b54d55bd2,1533.99
e99c87d3f52c848db5e891dc57c3ad6b54d55bd2,1556.44
8dec9c302e2f2d2b5560fefa0d3ed7e1b813e195,2535.80
ce54f5b8f2b4e06d2b4b9a7a7add582aa807975d,2528.08
bf13b496cda81630d9bad7bacd1831a6eae77ea7,1567.80
b731fd772bb4c313e6582e1bd3e6298cd8ccec19,2475.55
d105a1170e7b66385626f3b0b2bb5ed647a3ac30,1581.79
9591169019cbf964f748eb657d1f0ab8cd0b0f09,1546.58
91b5a56c63a9f8dca761b4cab959977fcd3308fd,2490.68
0a2a2c48e3e69f30ab22c3343de05ea92c443c44,1556.38
4b733b16a8ac0dd417c1c57db78743a2b13ea1a1,1555.31
34fb15336ecb6504338c5a17052c158d17241958,1540.98
62674f903bd2fc352601fa39a3d9dea348e59f4b,1537.22
71063c3d4bb4bcc83c4655bdf6347ce2f5670a7c,1550.57
33d0d46dae66fcdab062fefed7357c1d5e14bbe5,1566.00
47e6d8e060bb698b9690c51a1ee12001aa2d0a1a,2488.91
47e6d8e060bb698b9690c51a1ee12001aa2d0a1a,2488.59
d6ed47079b9daa6734582443ea668963f166abb4,1543.66
cee75632544001c6d1d814a0eeb522cb18811497,1585.53
ae606bf695eb20559e824600245b781d815d23e1,1563.69
d5bbe252f1472f95372612fa9f9fe1616f0b5dbc,1556.14
2b3576b460afbfa1ee4081cd3adecc6d18616b78,2541.52
ec2d0c4b34f0cc306d61e3b0122307bbf72335c5,2516.80
708fc1fc5e41b8bb02d0ce15a9da8086f6bdb9dd,2536.60
d27370ac7ecd7eee843b3153c81f44e46b4ef63c,1547.45
eb35cdcbcd22b281e585238842321c3b53052eaf,1526.56
4b733b16a8ac0dd417c1c57db78743a2b13ea1a1,1560.14
d72a5338ce267744fad7d3bc35ea1495376b0bab,1531.33
d3104a0307ce6c46a1ed99d0c5af672751209d9e,2506.50
0ef4b70b2acf47c1094aedbb9954324a2e84c05e,1543.65
95462785c89e04020c64573bc0a1aa484695cb79,1527.12
dd5eb3bcc1a26f67a8cd13f882190fbeb6d17b12,1549.06
5594c17333c60f27bb4a1f032c3c6956954d9162,1557.22
4690661055276b9ed269bb56e1147070434aed5d,2541.83
7ea2667a34bcaefd29e733f4a8d660115b41c74b,1555.10
d80275e16ebd34bae5b48f29f3e4437e1b207955,1437.84
2bffb6546eefb5dfffdfd6f562f3a11f46cc0c26,2559.36
7def06d87e5f07105bc4fca44a7e7d96b81edf30,2583.24
9d91ef2dbfb3efa5d8cb1f39dc133bc02504b940,1523.73
442ec7561a292a78d8f065fb0b87edf78f1c166b,1545.67
d55469aa637a3fea7d2a8a7a6291f6ca1774df4f,1564.91
b875b92b832949abbbb54e9770bf35cfd3825f65,1555.98
3c66e8730f72e37e17609af2732723c4fff02200,1560.13
0daab3dd601ced7fb07d4b000bf25b1315da0b40,2537.15
e0019ebf336082d57027f40f75a6142419710235,1547.71
708fc1fc5e41b8bb02d0ce15a9da8086f6bdb9dd,2522.16
d72a5338ce267744fad7d3bc35ea1495376b0bab,1534.58
d3104a0307ce6c46a1ed99d0c5af672751209d9e,2482.66
72fb5963d96c7a6f2663513aa993049239bada23,1541.61
f3c740df7e49b03a2d77735198e3e977576ea92a,1540.44
0679bef07f1e29ae72ae54102d5af9a1f80d45d4,1462.72
a62c7f37d4132f3180bfef3e0d872d8e3cf87b5e,1541.52
7e2d5038b2a435aef5400c7f04dd14080a24132e,2468.18
7c56eb26c8cc772c5c3d0e052dc076a128173c85,1541.29
d5bbe252f1472f95372612fa9f9fe1616f0b5dbc,1533.69
b6bd4b455c54fa44c68df961b9d5c21a2bb0ae73,2570.11
b731fd772bb4c313e6582e1bd3e6298cd8ccec19,2564.66
8dec9c302e2f2d2b5560fefa0d3ed7e1b813e195,2547.91
ed23a9a458bb0674a83f6c63e2bd5b7492fead09,1553.30
8dec9c302e2f2d2b5560fefa0d3ed7e1b813e195,2517.69
a5972ff89d399ec68d89b897ee4d03b12964d471,1523.96
1737b96e70d02b854dfaee11603b283c63b0c5b6,1554.50
8e9f869999566a968b7fea67ab4dac5b7fde33ef,1559.96
5d31cac5888b872daa54e09238feeaa8e4e435e7,1545.91
d55469aa637a3fea7d2a8a7a6291f6ca1774df4f,1530.22
72fb5963d96c7a6f2663513aa993049239bada23,1548.30
ed23a9a458bb0674a83f6c63e2bd5b7492fead09,1537.20
c4ea303d1e982f2c5345b2fe39f126c355748f04,1534.48
37169b107bc64d2928ea8847f03076df39ce0276,1568.27
59ec905bd17b11e2282026798c913133989f2642,1528.58
b731fd772bb4c313e6582e1bd3e6298cd8ccec19,2550.78
bf1f4b2eb9754d8ae5159d85b69716518c7ea523,2575.22
0daab3dd601ced7fb07d4b000bf25b1315da0b40,2503.96
95462785c89e04020c64573bc0a1aa484695cb79,1571.38
0679bef07f1e29ae72ae54102d5af9a1f80d45d4,1448.88
1737b96e70d02b854dfaee11603b283c63b0c5b6,1524.29
0a2a2c48e3e69f30ab22c3343de05ea92c443c44,1550.30
7c56eb26c8cc772c5c3d0e052dc076a128173c85,1532.62
672ad0c6f9c01bcc92d6c44e14e07ef5e3a3ed6f,1633.30
df404cf5ac12fb295e8abd9e05de1dcbcea30657,1501.43
e0019ebf336082d57027f40f75a6142419710235,1539.06
f3c740df7e49b03a2d77735198e3e977576ea92a,1536.61
6f8291da9a07dbb0cd8231a39852c9705e4ab65b,1535.43
ae606bf695eb20559e824600245b781d815d23e1,1550.61
a62c7f37d4132f3180bfef3e0d872d8e3cf87b5e,1526.42
eb35cdcbcd22b281e585238842321c3b53052eaf,1555.76
47e6d8e060bb698b9690c51a1ee12001aa2d0a1a,2545.00
b875b92b832949abbbb54e9770bf35cfd3825f65,1536.47
eff923da81dd3a4893ca30986de5ec30fddcaf5c,1550.24
eff923da81dd3a4893ca30986de5ec30fddcaf5c,1569.62
df404cf5ac12fb295e8abd9e05de1dcbcea30657,1556.32
c4ea303d1e982f2c5345b2fe39f126c355748f04,1538.40
7ea2667a34bcaefd29e733f4a8d660115b41c74b,1550.74
2b526b327fa5bc797e7ccb169e07bd132660a584,1553.15
0daab3dd601ced7fb07d4b000bf25b1315da0b40,2615.03
672ad0c6f9c01bcc92d6c44e14e07ef5e3a3ed6f,1542.80
2b3576b460afbfa1ee4081cd3adecc6d18616b78,2481.64
d67c994ac0247cebe4af233ff42cc0b7d5a4651c,1543.93
62674f903bd2fc352601fa39a3d9dea348e59f4b,1521.83
51909b1af727eea21bc011633519e31aaff82048,2515.08
6d7a058efb6f3ab97fdd262602b6331dd8750b2d,1479.75
672ad0c6f9c01bcc92d6c44e14e07ef5e3a3ed6f,1551.49
c4ea303d1e982f2c5345b2fe39f126c355748f04,1528.23
d72a5338ce267744fad7d3bc35ea1495376b0bab,1530.89
34fb15336ecb6504338c5a17052c158d17241958,1542.72
71063c3d4bb4bcc83c4655bdf6347ce2f5670a7c,1552.51
cee75632544001c6d1d814a0eeb522cb18811497,1575.01
9d91ef2dbfb3efa5d8cb1f39dc133bc02504b940,1533.63
13facef45fdac2388167597f13b40802ff1ad75f,2465.46
0ef4b70b2acf47c1094aedbb9954324a2e84c05e,1550.57
1737b96e70d02b854dfaee11603b283c63b0c5b6,1572.42
ec2d0c4b34f0cc306d61e3b0122307bbf72335c5,2530.66
7def06d87e5f07105bc4fca44a7e7d96b81edf30,2460.02
ce54f5b8f2b4e06d2b4b9a7a7add582aa807975d,2527.61
f1663b4518dbe3cb8c8101541da8350bf45129bd,2561.87
a78bcab52cbdb79dbd5a06ea7385907450c3906c,1529.16
ff9ef2bdabc3e86c5def79048b2950f7d4825217,2499.38
a78bcab52cbdb79dbd5a06ea7385907450c3906c,1557.37
ff9ef2bdabc3e86c5def79048b2950f7d4825217,2544.24
91b5a56c63a9f8dca761b4cab959977fcd3308fd,2530.87
d3104a0307ce6c46a1ed99d0c5af672751209d9e,2545.48
e0019ebf336082d57027f40f75a6142419710235,1543.21
dd45bb2b7a832850835bcb2a368dc3cca3851fe2,1568.33
51909b1af727eea21bc011633519e31aaff82048,2501.14
ed23a9a458bb0674a83f6c63e2bd5b7492fead09,1545.23
6f8291da9a07dbb0cd8231a39852c9705e4ab65b,1554.91
0daab3dd601ced7fb07d4b000bf25b1315da0b40,2480.41
2a174dceab361cc3aca2f48c75ae2de21e56123c,1545.38
36ba3edad1de83e61dff71ca929909587eebd834,1556.19
8601e85f96a67f8548216eec5e27737085d54488,2553.01
515423d68b19ca13b6040a980bd5933aaeb0681d,1536.74
d3104a0307ce6c46a1ed99d0c5af672751209d9e,2525.74
51909b1af727eea21bc011633519e31aaff82048,2561.22
91b5a56c63a9f8dca761b4cab959977fcd3308fd,2613.58
95462785c89e04020c64573bc0a1aa484695cb79,1546.67
959994d5c4c8760233023f465830d0e82fc78585,1553.49
72fb5963d96c7a6f2663513aa993049239bada23,1514.09
7e2d5038b2a435aef5400c7f04dd14080a24132e,2482.48
c4ea303d1e982f2c5345b2fe39f126c355748f04,1533.63
47e6d8e060bb698b9690c51a1ee12001aa2d0a1a,2569.03
36ba3edad1de83e61dff71ca929909587eebd834,1540.20
ec2d0c4b34f0cc306d61e3b0122307bbf72335c5,2477.05
8086b1e4088eb586e0abf939af18cf2d4beb4acb,1519.71
8086b1e4088eb586e0abf939af18cf2d4beb4acb,1543.37
1737b96e70d02b854dfaee11603b283c63b0c5b6,1559.52
9591169019cbf964f748eb657d1f0ab8cd0b0f09,1527.44
eff923da81dd3a4893ca30986de5ec30fddcaf5c,1550.97
71063c3d4bb4bcc83c4655bdf6347ce2f5670a7c,1535.74
91b5a56c63a9f8dca761b4cab959977fcd3308fd,2537.32
0ef4b70b2acf47c1094aedbb9954324a2e84c05e,1555.12
0679bef07f1e29ae72ae54102d5af9a1f80d45d4,1464.95
a908dc9cc08fc0a2b0a1d7d9ff895cfdc1514958,1547.48
96cc4f258b0b86370d176f623c10aad18b960236,2532.28
672ad0c6f9c01bcc92d6c44e14e07ef5e3a3ed6f,1555.00
9591169019cbf964f748eb657d1f0ab8cd0b0f09,1541.99
11a033427bd7e69f485222998ab7ab60e017dbe3,1571.71
c4ea303d1e982f2c5345b2fe39f126c355748f04,1554.56
959994d5c4c8760233023f465830d0e82fc78585,1545.83
a78bcab52cbdb79dbd5a06ea7385907450c3906c,1566.36
f3c740df7e49b03a2d77735198e3e977576ea92a,1537.22
a5972ff89d399ec68d89b897ee4d03b12964d471,1551.45
5d31cac5888b872daa54e09238feeaa8e4e435e7,1534.21
515423d68b19ca13b6040a980bd5933aaeb0681d,1545.08
0a4b830ccb9df906c11d154c774e14fb2eb5deff,1529.63
a5972ff89d399ec68d89b897ee4d03b12964d471,1630.49
72fb5963d96c7a6f2663513aa993049239bada23,1558.45
e99c87d3f52c848db5e891dc57c3ad6b54d55bd2,1556.47
8dec9c302e2f2d2b5560fefa0d3ed7e1b813e195,2497.39
2a174dceab361cc3aca2f48c75ae2de21e56123c,1545.91
e0019ebf336082d57027f40f75a6142419710235,1549.26
b875b92b832949abbbb54e9770bf35cfd3825f65,1572.88
71063c3d4bb4bcc83c4655bdf6347ce2f5670a7c,1543.08
cee75632544001c6d1d814a0eeb522cb18811497,1537.89
ec2d0c4b34f0cc306d61e3b0122307bbf72335c5,2527.79
b875b92b832949abbbb54e9770bf35cfd3825f65,1543.98
7ea2667a34bcaefd29e733f4a8d660115b41c74b,1592.71
1737b96e70d02b854dfaee11603b283c63b0c5b6,1548.75
a78bcab52cbdb79dbd5a06ea7385907450c3906c,1535.00
0a2a2c48e3e69f30ab22c3343de05ea92c443c44,1589.08
ed23a9a458bb0674a83f6c63e2bd5b7492fead09,1578.54
1714af2ea790795f1999a3c7a4e16acdd3f2f1bd,1642.24
7def06d87e5f07105bc4fca44a7e7d96b81edf30,2548.70
0a2a2c48e3e69f30ab22c3343de05ea92c443c44,1569.61
0daab3dd601ced7fb07d4b000bf25b1315da0b40,2544.84
5d31cac5888b872daa54e09238feeaa8e4e435e7,1545.99
37169b107bc64d2928ea8847f03076df39ce0276,1601.17
1a91aac56176edcb2327569feb5aff5282f8cacb,1564.28
442ec7561a292a78d8f065fb0b87edf78f1c166b,1537.43
852473b0df54242862701afd90dc2d231aac7fba,2511.33
47e6d8e060bb698b9690c51a1ee12001aa2d0a1a,2490.10
76b391e367645d367a6cdd4b48b107bcc2ee9ae1,1541.76
eb35cdcbcd22b281e585238842321c3b53052eaf,1571.15
34fb15336ecb6504338c5a17052c158d17241958,1534.23
8e9f869999566a968b7fea67ab4dac5b7fde33ef,1546.55
e99c87d3f52c848db5e891dc57c3ad6b54d55bd2,1552.61
eb35cdcbcd22b281e585238842321c3b53052eaf,1543.02
4690661055276b9ed269bb56e1147070434aed5d,2476.11
70f0c55aaf664cdc46782780398fe36ab94f2765,2537.18
ce54f5b8f2b4e06d2b4b9a7a7add582aa807975d,2551.14
442ec7561a292a78d8f065fb0b87edf78f1c166b,1540.46
9d91ef2dbfb3efa5d8cb1f39dc133bc02504b940,1536.07
11a033427bd7e69f485222998ab7ab60e017dbe3,1538.64
95462785c89e04020c64573bc0a1aa484695cb79,1552.49
0679bef07f1e29ae72ae54102d5af9a1f80d45d4,1451.10
0a4b830ccb9df906c11d154c774e14fb2eb5deff,1543.26
df404cf5ac12fb295e8abd9e05de1dcbcea30657,1540.32
33d0d46dae66fcdab062fefed7357c1d5e14bbe5,1533.99
0a2a2c48e3e69f30ab22c3343de05ea92c443c44,1553.42
a78bcab52cbdb79dbd5a06ea7385907450c3906c,1546.55
ae606bf695eb20559e824600245b781d815d23e1,1539.31
9591169019cbf964f748eb657d1f0ab8cd0b0f09,1558.26
eb35cdcbcd22b281e585238842321c3b53052eaf,1553.75
2b3576b460afbfa1ee4081cd3adecc6d18616b78,2564.69
8601e85f96a67f8548216eec5e27737085d54488,2477.07
36ba3edad1de83e61dff71ca929909587eebd834,1551.38
2bffb6546eefb5dfffdfd6f562f3a11f46cc0c26,2519.74
0daab3dd601ced7fb07d4b000bf25b1315da0b40,2526.75
28db617354cc2ed60a8b978865e71e5d7c6b6224,1536.49
b875b92b832949abbbb54e9770bf35cfd3825f65,1636.18
852473b0df54242862701afd90dc2d231aac7fba,2544.19
ff9ef2bdabc3e86c5def79048b2950f7d4825217,2564.69
8601e85f96a67f8548216eec5e27737085d54488,2538.57
ae606bf695eb20559e824600245b781d815d23e1,1566.76
dd5eb3bcc1a26f67a8cd13f882190fbeb6d17b12,1570.06
a908dc9cc08fc0a2b0a1d7d9ff895cfdc1514958,1601.17
28db617354cc2ed60a8b978865e71e5d7c6b6224,1563.34
fd55ee80e2857581c6355ad5879c302fc577955a,2528.65
13f42529d656ddf140022707581f040bbb460e2a,1511.53
ec2d0c4b34f0cc306d61e3b0122307bbf72335c5,2545.54
d80275e16ebd34bae5b48f29f3e4437e1b207955,1480.87
7ea2667a34bcaefd29e733f4a8d660115b41c74b,1544.97
d55469aa637a3fea7d2a8a7a6291f6ca1774df4f,1564.18
7c56eb26c8cc772c5c3d0e052dc076a128173c85,1546.44
515423d68b19ca13b6040a980bd5933aaeb0681d,1605.07
b6bd4b455c54fa44c68df961b9d5c21a2bb0ae73,2536.64
13f42529d656ddf140022707581f040bbb460e2a,1552.56
3c8421c06acef846b508df8e41f7fbeb3b4d88d1,1534.57
8086b1e4088eb586e0abf939af18cf2d4beb4acb,1524.26
d67c994ac0247cebe4af233ff42cc0b7d5a4651c,1538.56
2a174dceab361cc3aca2f48c75ae2de21e56123c,1580.81
959994d5c4c8760233023f465830d0e82fc78585,1531.94
bf13b496cda81630d9bad7bacd1831a6eae77ea7,1555.63
0daab3dd601ced7fb07d4b000bf25b1315da0b40,2498.23
13f42529d656ddf140022707581f040bbb460e2a,1546.11
8e9f869999566a968b7fea67ab4dac5b7fde33ef,1525.30
df404cf5ac12fb295e8abd9e05de1dcbcea30657,1531.18
d72a5338ce267744fad7d3bc35ea1495376b0bab,1566.24
2b3576b460afbfa1ee4081cd3adecc6d18616b78,2523.52
37169b107bc64d2928ea8847f03076df39ce0276,1550.17
68184f3bcb7eed190c7292b17102fc99e3288aa6,1565.80
b731fd772bb4c313e6582e1bd3e6298cd8ccec19,2470.55
d67c994ac0247cebe4af233ff42cc0b7d5a4651c,1548.85
72fb5963d96c7a6f2663513aa993049239bada23,1556.45
d3104a0307ce6c46a1ed99d0c5af672751209d9e,2468.08
0ef4b70b2acf47c1094aedbb9954324a2e84c05e,1562.72
cee75632544001c6d1d814a0eeb522cb18811497,1535.24
ce54f5b8f2b4e06d2b4b9a7a7add582aa807975d,2540.66
d80275e16ebd34bae5b48f29f3e4437e1b207955,1447.96
36ba3edad1de83e61dff71ca929909587eebd834,1555.06
6d7a058efb6f3ab97fdd262602b6331dd8750b2d,1467.98
8601e85f96a67f8548216eec5e27737085d54488,2493.94
959994d5c4c8760233023f465830d0e82fc78585,1534.37
eff923da81dd3a4893ca30986de5ec30fddcaf5c,1537.74
8e9f869999566a968b7fea67ab4dac5b7fde33ef,1553.35
2a174dceab361cc3aca2f48c75ae2de21e56123c,1543.19
708fc1fc5e41b8bb02d0ce15a9da8086f6bdb9dd,2564.58
dd5eb3bcc1a26f67a8cd13f882190fbeb6d17b12,1526.61
7def06d87e5f07105bc4fca44a7e7d96b81edf30,2490.06
ec2d0c4b34f0cc306d61e3b0122307bbf72335c5,2554.28
51909b1af727eea21bc011633519e31aaff82048,2544.73
5d31cac5888b872daa54e09238feeaa8e4e435e7,1552.03
7e2d5038b2a435aef5400c7f04dd14080a24132e,2471.30
0a2a2c48e3e69f30ab22c3343de05ea92c443c44,1549.94
3c8421c06acef846b508df8e41f7fbeb3b4d88d1,1563.94
0ef4b70b2acf47c1094aedbb9954324a2e84c05e,1543.12
b6bd4b455c54fa44c68df961b9d5c21a2bb0ae73,2565.53
6d7a058efb6f3ab97fdd262602b6331dd8750b2d,1465.33
b731fd772bb4c313e6582e1bd3e6298cd8ccec19,2572.19
6f8291da9a07dbb0cd8231a39852c9705e4ab65b,1565.43
d72a5338ce267744fad7d3bc35ea1495376b0bab,1582.12
ce54f5b8f2b4e06d2b4b9a7a7add582aa807975d,2474.26
76b391e367645d367a6cdd4b48b107bcc2ee9ae1,1567.29
ce54f5b8f2b4e06d2b4b9a7a7add582aa807975d,2503.75
7c56eb26c8cc772c5c3d0e052dc076a128173c85,1531.85
8601e85f96a67f8548216eec5e27737085d54488,2487.89
28db617354cc2ed60a8b978865e71e5d7c6b6224,1526.89
f3c740df7e49b03a2d77735198e3e977576ea92a,1546.89
df404cf5ac12fb295e8abd9e05de1dcbcea30657,1537.56
70f0c55aaf664cdc46782780398fe36ab94f2765,2525.15
2b3576b460afbfa1ee4081cd3adecc6d18616b78,2960.81
df404cf5ac12fb295e8abd9e05de1dcbcea30657,1555.04
d80275e16ebd34bae5b48f29f3e4437e1b207955,1459.47
7ea2667a34bcaefd29e733f4a8d660115b41c74b,1528.71
d72a5338ce267744fad7d3bc35ea1495376b0bab,1546.77
d80275e16ebd34bae5b48f29f3e4437e1b207955,1447.39
11a033427bd7e69f485222998ab7ab60e017dbe3,1559.31
a5972ff89d399ec68d89b897ee4d03b12964d471,1575.31
9d91ef2dbfb3efa5d8cb1f39dc133bc02504b940,1538.83
4690661055276b9ed269bb56e1147070434aed5d,2543.32
aa7b59b789d764daea8fb5fcef2ebcf23438108b,1562.01
36ba3edad1de83e61dff71ca929909587eebd834,1547.76
d72a5338ce267744fad7d3bc35ea1495376b0bab,1573.99
515423d68b19ca13b6040a980bd5933aaeb0681d,1560.73
33d0d46dae66fcdab062fefed7357c1d5e14bbe5,1531.10
c4ea303d1e982f2c5345b2fe39f126c355748f04,1540.83
515423d68b19ca13b6040a980bd5933aaeb0681d,1551.89
8dec9c302e2f2d2b5560fefa0d3ed7e1b813e195,2485.56
28db617354cc2ed60a8b978865e71e5d7c6b6224,1536.60
eff923da81dd3a4893ca30986de5ec30fddcaf5c,1551.96
708fc1fc5e41b8bb02d0ce15a9da8086f6bdb9dd,2617.76
5d31cac5888b872daa54e09238feeaa8e4e435e7,1528.54
9d91ef2dbfb3efa5d8cb1f39dc133bc02504b940,1556.52
9d91ef2dbfb3efa5d8cb1f39dc133bc02504b940,1527.98
18f87f1803f3481106e5291d4fd1a06cc53ea2c1,1521.49
8dec9c302e2f2d2b5560fefa0d3ed7e1b813e195,2886.21
0daab3dd601ced7fb07d4b000bf25b1315da0b40,2563.18
6d7a058efb6f3ab97fdd262602b6331dd8750b2d,1465.88
2bffb6546eefb5dfffdfd6f562f3a11f46cc0c26,2533.76
bf13b496cda81630d9bad7bacd1831a6eae77ea7,1545.92
eff923da81dd3a4893ca30986de5ec30fddcaf5c,1567.85
34fb15336ecb6504338c5a17052c158d17241958,1569.92
32cf81ae79efef8cd1642eefcef0f917bd90b563,2564.06
6f8291da9a07dbb0cd8231a39852c9705e4ab65b,1557.90
fd55ee80e2857581c6355ad5879c302fc577955a,2455.52
dd5eb3bcc1a26f67a8cd13f882190fbeb6d17b12,1621.42
13facef45fdac2388167597f13b40802ff1ad75f,2473.68
9591169019cbf964f748eb657d1f0ab8cd0b0f09,1531.60
ed23a9a458bb0674a83f6c63e2bd5b7492fead09,1528.89
59ec905bd17b11e2282026798c913133989f2642,1543.34
36ba3edad1de83e61dff71ca929909587eebd834,1564.78
eff923da81dd3a4893ca30986de5ec30fddcaf5c,1566.47
7ea2667a34bcaefd29e733f4a8d660115b41c74b,1522.53
5594c17333c60f27bb4a1f032c3c6956954d9162,1667.66
c4ea303d1e982f2c5345b2fe39f126c355748f04,1548.34
1714af2ea790795f1999a3c7a4e16acdd3f2f1bd,1588.70
ff9ef2bdabc3e86c5def79048b2950f7d4825217,2469.54
b731fd772bb4c313e6582e1bd3e6298cd8ccec19,2476.09
708fc1fc5e41b8bb02d0ce15a9da8086f6bdb9dd,2542.42
9591169019cbf964f748eb657d1f0ab8cd0b0f09,1516.82
e0019ebf336082d57027f40f75a6142419710235,1557.80
2bffb6546eefb5dfffdfd6f562f3a11f46cc0c26,2539.02
0679bef07f1e29ae72ae54102d5af9a1f80d45d4,1421.90
c778c3aea78f402252c35c958721242755e6e187,2459.53
32cf81ae79efef8cd1642eefcef0f917bd90b563,2486.93
2a174dceab361cc3aca2f48c75ae2de21e56123c,1577.85
d67c994ac0247cebe4af233ff42cc0b7d5a4651c,1555.50
eb35cdcbcd22b281e585238842321c3b53052eaf,1576.62
7def06d87e5f07105bc4fca44a7e7d96b81edf30,2554.14
b875b92b832949abbbb54e9770bf35cfd3825f65,1539.04
d105a1170e7b66385626f3b0b2bb5ed647a3ac30,1540.20
b6bd4b455c54fa44c68df961b9d5c21a2bb0ae73,2518.06
13facef45fdac2388167597f13b40802ff1ad75f,2463.39
71063c3d4bb4bcc83c4655bdf6347ce2f5670a7c,1533.22
bf13b496cda81630d9bad7bacd1831a6eae77ea7,1530.80
47e6d8e060bb698b9690c51a1ee12001aa2d0a1a,2569.24
7c56eb26c8cc772c5c3d0e052dc076a128173c85,1526.36
a62c7f37d4132f3180bfef3e0d872d8e3cf87b5e,1548.51
71063c3d4bb4bcc83c4655bdf6347ce2f5670a7c,1546.19
d67c994ac0247cebe4af233ff42cc0b7d5a4651c,1534.76
df404cf5ac12fb295e8abd9e05de1dcbcea30657,1521.55
8e9f869999566a968b7fea67ab4dac5b7fde33ef,1668.89
3c66e8730f72e37e17609af2732723c4fff02200,1582.30
b6bd4b455c54fa44c68df961b9d5c21a2bb0ae73,2552.86
7c56eb26c8cc772c5c3d0e052dc076a128173c85,1543.55
96cc4f258b0b86370d176f623c10aad18b960236,2466.32
d72a5338ce267744fad7d3bc35ea1495376b0bab,1545.64
37169b107bc64d2928ea8847f03076df39ce0276,1548.16
ae606bf695eb20559e824600245b781d815d23e1,1555.53
2a174dceab361cc3aca2f48c75ae2de21e56123c,1522.90
13facef45fdac2388167597f13b40802ff1ad75f,2477.22
d67c994ac0247cebe4af233ff42cc0b7d5a4651c,1568.36
33d0d46dae66fcdab062fefed7357c1d5e14bbe5,1646.63
ce54f5b8f2b4e06d2b4b9a7a7add582aa807975d,2579.70
d27370ac7ecd7eee843b3153c81f44e46b4ef63c,1560.40
d55469aa637a3fea7d2a8a7a6291f6ca1774df4f,1562.21
5ee376bc5bbe6a4f66eb24e2180552b547b8a4bf,2538.61
6d7a058efb6f3ab97fdd262602b6331dd8750b2d,1464.23
0a4b830ccb9df906c11d154c774e14fb2eb5deff,1558.67
852473b0df54242862701afd90dc2d231aac7fba,2469.93
7c56eb26c8cc772c5c3d0e052dc076a128173c85,1528.58
f3c740df7e49b03a2d77735198e3e977576ea92a,1552.96
a62c7f37d4132f3180bfef3e0d872d8e3cf87b5e,1563.96
72fb5963d96c7a6f2663513aa993049239bada23,1539.66
ec2d0c4b34f0cc306d61e3b0122307bbf72335c5,2465.73
dd45bb2b7a832850835bcb2a368dc3cca3851fe2,1537.47
aa7b59b789d764daea8fb5fcef2ebcf23438108b,1518.33
aa7b59b789d764daea8fb5fcef2ebcf23438108b,1554.95
5d31cac5888b872daa54e09238feeaa8e4e435e7,1548.09
2b3576b460afbfa1ee4081cd3adecc6d18616b78,2498.35
0daab3dd601ced7fb07d4b000bf25b1315da0b40,2527.03
d3104a0307ce6c46a1ed99d0c5af672751209d9e,2505.11
672ad0c6f9c01bcc92d6c44e14e07ef5e3a3ed6f,1574.69
ed23a9a458bb0674a83f6c63e2bd5b7492fead09,1529.84
76b391e367645d367a6cdd4b48b107bcc2ee9ae1,1544.13
13facef45fdac2388167597f13b40802ff1ad75f,2606.47
2bffb6546eefb5dfffdfd6f562f3a11f46cc0c26,2585.74
36ba3edad1de83e61dff71ca929909587eebd834,1581.31
37169b107bc64d2928ea8847f03076df39ce0276,1584.17
5d31cac5888b872daa54e09238feeaa8e4e435e7,1527.67
76b391e367645d367a6cdd4b48b107bcc2ee9ae1,1542.82
8601e85f96a67f8548216eec5e27737085d54488,2491.10
d3104a0307ce6c46a1ed99d0c5af672751209d9e,2466.29
d3104a0307ce6c46a1ed99d0c5af672751209d9e,2924.48
2b526b327fa5bc797e7ccb169e07bd132660a584,1555.63
ec2d0c4b34f0cc306d61e3b0122307bbf72335c5,2511.19
7e2d5038b2a435aef5400c7f04dd14080a24132e,2506.79
6d7a058efb6f3ab97fdd262602b6331dd8750b2d,1454.72
96cc4f258b0b86370d176f623c10aad18b960236,2530.19
68184f3bcb7eed190c7292b17102fc99e3288aa6,1541.39
4690661055276b9ed269bb56e1147070434aed5d,2493.86
9d91ef2dbfb3efa5d8cb1f39dc133bc02504b940,1530.58
4b733b16a8ac0dd417c1c57db78743a2b13ea1a1,1533.06
5d31cac5888b872daa54e09238feeaa8e4e435e7,1529.23
7ea2667a34bcaefd29e733f4a8d660115b41c74b,1578.07
0ef4b70b2acf47c1094aedbb9954324a2e84c05e,1577.72
95462785c89e04020c64573bc0a1aa484695cb79,1541.08
6d7a058efb6f3ab97fdd262602b6331dd8750b2d,1457.07
2a174dceab361cc3aca2f48c75ae2de21e56123c,1566.72
1a91aac56176edcb2327569feb5aff5282f8cacb,1528.15
ec2d0c4b34f0cc306d61e3b0122307bbf72335c5,2559.74
1a91aac56176edcb2327569feb5aff5282f8cacb,1537.98
b875b92b832949abbbb54e9770bf35cfd3825f65,1532.00
d105a1170e7b66385626f3b0b2bb5ed647a3ac30,1558.36
9d91ef2dbfb3efa5d8cb1f39dc133bc02504b940,1524.41
13f42529d656ddf140022707581f040bbb460e2a,1536.56
cee75632544001c6d1d814a0eeb522cb18811497,1573.09
d27370ac7ecd7eee843b3153c81f44e46b4ef63c,1566.05
852473b0df54242862701afd90dc2d231aac7fba,2547.35
72fb5963d96c7a6f2663513aa993049239bada23,1544.68
1714af2ea790795f1999a3c7a4e16acdd3f2f1bd,1627.29
96cc4f258b0b86370d176f623c10aad18b960236,2584.61
d6ed47079b9daa6734582443ea668963f166abb4,1555.67
4b733b16a8ac0dd417c1c57db78743a2b13ea1a1,1540.40
d27370ac7ecd7eee843b3153c81f44e46b4ef63c,1534.54
9d91ef2dbfb3efa5d8cb1f39dc133bc02504b940,1524.63
e0019ebf336082d57027f40f75a6142419710235,1548.06
df404cf5ac12fb295e8abd9e05de1dcbcea30657,1548.36
0a2a2c48e3e69f30ab22c3343de05ea92c443c44,1543.05
1737b96e70d02b854dfaee11603b283c63b0c5b6,1524.53
ed23a9a458bb0674a83f6c63e2bd5b7492fead09,1572.39
a62c7f37d4132f3180bfef3e0d872d8e3cf87b5e,1522.80
d67c994ac0247cebe4af233ff42cc0b7d5a4651c,1547.72
32cf81ae79efef8cd1642eefcef0f917bd90b563,2573.25
0679bef07f1e29ae72ae54102d5af9a1f80d45d4,1459.91
ae606bf695eb20559e824600245b781d815d23e1,1546.17
91b5a56c63a9f8dca761b4cab959977fcd3308fd,2458.69
68184f3bcb7eed190c7292b17102fc99e3288aa6,1545.98
13facef45fdac2388167597f13b40802ff1ad75f,2576.67
dd45bb2b7a832850835bcb2a368dc3cca3851fe2,1562.09
91b5a56c63a9f8dca761b4cab959977fcd3308fd,2500.89
47e6d8e060bb698b9690c51a1ee12001aa2d0a1a,2524.19
5d31cac5888b872daa54e09238feeaa8e4e435e7,1549.90
59ec905bd17b11e2282026798c913133989f2642,1525.30
0679bef07f1e29ae72ae54102d5af9a1f80d45d4,1440.88
a5972ff89d399ec68d89b897ee4d03b12964d471,1533.26
dd5eb3bcc1a26f67a8cd13f882190fbeb6d17b12,1559.22
59ec905bd17b11e2282026798c913133989f2642,1537.54
2bffb6546eefb5dfffdfd6f562f3a11f46cc0c26,2515.43
8e9f869999566a968b7fea67ab4dac5b7fde33ef,1574.90
442ec7561a292a78d8f065fb0b87edf78f1c166b,1539.77
8086b1e4088eb586e0abf939af18cf2d4beb4acb,1513.36
f3c740df7e49b03a2d77735198e3e977576ea92a,1566.54
bf13b496cda81630d9bad7bacd1831a6eae77ea7,1535.91
9d91ef2dbfb3efa5d8cb1f39dc133bc02504b940,1527.93
0a4b830ccb9df906c11d154c774e14fb2eb5deff,1525.40
dd5eb3bcc1a26f67a8cd13f882190fbeb6d17b12,1591.72
672ad0c6f9c01bcc92d6c44e14e07ef5e3a3ed6f,1532.08
5d31cac5888b872daa54e09238feeaa8e4e435e7,1539.61
c778c3aea78f402252c35c958721242755e6e187,2575.26
bf13b496cda81630d9bad7bacd1831a6eae77ea7,1541.03
36ba3edad1de83e61dff71ca929909587eebd834,1531.61
0ef4b70b2acf47c1094aedbb9954324a2e84c05e,1547.62
1a91aac56176edcb2327569feb5aff5282f8cacb,1529.37
8dec9c302e2f2d2b5560fefa0d3ed7e1b813e195,2511.48
5594c17333c60f27bb4a1f032c3c6956954d9162,1523.26
4690661055276b9ed269bb56e1147070434aed5d,2510.30
96cc4f258b0b86370d176f623c10aad18b960236,2516.92
5d31cac5888b872daa54e09238feeaa8e4e435e7,1530.58
d5debf82efb35bca3b82aaa72405dfdae8a620df,2477.10
7c56eb26c8cc772c5c3d0e052dc076a128173c85,1540.74
8e9f869999566a968b7fea67ab4dac5b7fde33ef,1544.94
76b391e367645d367a6cdd4b48b107bcc2ee9ae1,1543.31
59ec905bd17b11e2282026798c913133989f2642,1520.69
4690661055276b9ed269bb56e1147070434aed5d,2539.76
28db617354cc2ed60a8b978865e71e5d7c6b6224,1570.00
d67c994ac0247cebe4af233ff42cc0b7d5a4651c,1547.24
a908dc9cc08fc0a2b0a1d7d9ff895cfdc1514958,1548.86
7def06d87e5f07105bc4fca44a7e7d96b81edf30,2534.83
5594c17333c60f27bb4a1f032c3c6956954d9162,1534.27
33d0d46dae66fcdab062fefed7357c1d5e14bbe5,1539.26
f1663b4518dbe3cb8c8101541da8350bf45129bd,2544.13
51909b1af727eea21bc011633519e31aaff82048,2543.16
36ba3edad1de83e61dff71ca929909587eebd834,1553.21
708fc1fc5e41b8bb02d0ce15a9da8086f6bdb9dd,2531.51
0a2a2c48e3e69f30ab22c3343de05ea92c443c44,1568.56
7e2d5038b2a435aef5400c7f04dd14080a24132e,2580.08
0a2a2c48e3e69f30ab22c3343de05ea92c443c44,1569.18
37169b107bc64d2928ea8847f03076df39ce0276,1580.73
a78bcab52cbdb79dbd5a06ea7385907450c3906c,1635.14
11a033427bd7e69f485222998ab7ab60e017dbe3,1544.19
51909b1af727eea21bc011633519e31aaff82048,2566.32
d5bbe252f1472f95372612fa9f9fe1616f0b5dbc,1550.09
13f42529d656ddf140022707581f040bbb460e2a,1541.08
7def06d87e5f07105bc4fca44a7e7d96b81edf30,2547.98
d5debf82efb35bca3b82aaa72405dfdae8a620df,2530.55
96cc4f258b0b86370d176f623c10aad18b960236,2471.36
5594c17333c60f27bb4a1f032c3c6956954d9162,1534.94
df404cf5ac12fb295e8abd9e05de1dcbcea30657,1547.92
d6ed47079b9daa6734582443ea668963f166abb4,1551.84
7c56eb26c8cc772c5c3d0e052dc076a128173c85,1536.51
0daab3dd601ced7fb07d4b000bf25b1315da0b40,2503.77
eff923da81dd3a4893ca30986de5ec30fddcaf5c,1528.04
3c8421c06acef846b508df8e41f7fbeb3b4d88d1,1561.44
d67c994ac0247cebe4af233ff42cc0b7d5a4651c,1542.25
7e2d5038b2a435aef5400c7f04dd14080a24132e,2522.33
d5debf82efb35bca3b82aaa72405dfdae8a620df,2575.29
0daab3dd601ced7fb07d4b000bf25b1315da0b40,2533.98
62674f903bd2fc352601fa39a3d9dea348e59f4b,1524.60
8dec9c302e2f2d2b5560fefa0d3ed7e1b813e195,2469.67
5ee376bc5bbe6a4f66eb24e2180552b547b8a4bf,2529.78
1a91aac56176edcb2327569feb5aff5282f8cacb,1535.06
d6ed47079b9daa6734582443ea668963f166abb4,1557.67
ae606bf695eb20559e824600245b781d815d23e1,1549.54
6f8291da9a07dbb0cd8231a39852c9705e4ab65b,1553.59
cee75632544001c6d1d814a0eeb522cb18811497,1543.99
2bffb6546eefb5dfffdfd6f562f3a11f46cc0c26,2523.11
9591169019cbf964f748eb657d1f0ab8cd0b0f09,1525.62
f1663b4518dbe3cb8c8101541da8350bf45129bd,2510.97
f1663b4518dbe3cb8c8101541da8350bf45129bd,2528.10
68184f3bcb7eed190c7292b17102fc99e3288aa6,1552.27
8086b1e4088eb586e0abf939af18cf2d4beb4acb,1533.39
1a91aac56176edcb2327569feb5aff5282f8cacb,1535.20
33d0d46dae66fcdab062fefed7357c1d5e14bbe5,1534.08
f3c740df7e49b03a2d77735198e3e977576ea92a,1532.92
4690661055276b9ed269bb56e1147070434aed5d,2472.86
71063c3d4bb4bcc83c4655bdf6347ce2f5670a7c,1517.36
18f87f1803f3481106e5291d4fd1a06cc53ea2c1,1525.00
ed23a9a458bb0674a83f6c63e2bd5b7492fead09,1558.96
e99c87d3f52c848db5e891dc57c3ad6b54d55bd2,1531.97
eff923da81dd3a4893ca30986de5ec30fddcaf5c,1525.89
852473b0df54242862701afd90dc2d231aac7fba,2507.86
d27370ac7ecd7eee843b3153c81f44e46b4ef63c,1544.33
bf13b496cda81630d9bad7bacd1831a6eae77ea7,1549.90
852473b0df54242862701afd90dc2d231aac7fba,2569.12
0daab3dd601ced7fb07d4b000bf25b1315da0b40,2512.56
6f8291da9a07dbb0cd8231a39852c9705e4ab65b,1523.80
a5972ff89d399ec68d89b897ee4d03b12964d471,1525.06
d5debf82efb35bca3b82aaa72405dfdae8a620df,2495.44
ed23a9a458bb0674a83f6c63e2bd5b7492fead09,1544.83
18f87f1803f3481106e5291d4fd1a06cc53ea2c1,1573.85
62674f903bd2fc352601fa39a3d9dea348e59f4b,1551.30
bf1f4b2eb9754d8ae5159d85b69716518c7ea523,2458.35
e0019ebf336082d57027f40f75a6142419710235,1530.86
fd55ee80e2857581c6355ad5879c302fc577955a,2580.46
a908dc9cc08fc0a2b0a1d7d9ff895cfdc1514958,1573.23
d105a1170e7b66385626f3b0b2bb5ed647a3ac30,1579.72
dd45bb2b7a832850835bcb2a368dc3cca3851fe2,1617.04
72fb5963d96c7a6f2663513aa993049239bada23,1580.85
11a033427bd7e69f485222998ab7ab60e017dbe3,1562.74
96cc4f258b0b86370d176f623c10aad18b960236,2471.28
0679bef07f1e29ae72ae54102d5af9a1f80d45d4,1463.23
cee75632544001c6d1d814a0eeb522cb18811497,1576.91
e0019ebf336082d57027f40f75a6142419710235,1527.65
b731fd772bb4c313e6582e1bd3e6298cd8ccec19,2562.90
d5bbe252f1472f95372612fa9f9fe1616f0b5dbc,1535.86
47e6d8e060bb698b9690c51a1ee12001aa2d0a1a,2498.09
0679bef07f1e29ae72ae54102d5af9a1f80d45d4,1450.31
1b36b066948a2e25caca1fafe54d5210a95a3b35,1546.04
18f87f1803f3481106e5291d4fd1a06cc53ea2c1,1546.20
7e2d5038b2a435aef5400c7f04dd14080a24132e,2541.05
2bffb6546eefb5dfffdfd6f562f3a11f46cc0c26,2554.21
71063c3d4bb4bcc83c4655bdf6347ce2f5670a7c,1513.08
8dec9c302e2f2d2b5560fefa0d3ed7e1b813e195,2490.16
4b733b16a8ac0dd417c1c57db78743a2b13ea1a1,1548.57
6d7a058efb6f3ab97fdd262602b6331dd8750b2d,1449.65
13facef45fdac2388167597f13b40802ff1ad75f,2574.03
bf13b496cda81630d9bad7bacd1831a6eae77ea7,1566.81
9591169019cbf964f748eb657d1f0ab8cd0b0f09,1533.86
d3104a0307ce6c46a1ed99d0c5af672751209d9e,2496.00
442ec7561a292a78d8f065fb0b87edf78f1c166b,1556.36
f3c740df7e49b03a2d77735198e3e977576ea92a,1554.06
d5debf82efb35bca3b82aaa72405dfdae8a620df,2463.54
13f42529d656ddf140022707581f040bbb460e2a,1532.98
8086b1e4088eb586e0abf939af18cf2d4beb4acb,1517.94
59ec905bd17b11e2282026798c913133989f2642,1542.23
d67c994ac0247cebe4af233ff42cc0b7d5a4651c,1535.19
708fc1fc5e41b8bb02d0ce15a9da8086f6bdb9dd,2590.96
2a174dceab361cc3aca2f48c75ae2de21e56123c,1534.03
b875b92b832949abbbb54e9770bf35cfd3825f65,1573.62
aa7b59b789d764daea8fb5fcef2ebcf23438108b,1558.80
b731fd772bb4c313e6582e1bd3e6298cd8ccec19,2474.69
cee75632544001c6d1d814a0eeb522cb18811497,1582.96
95462785c89e04020c64573bc0a1aa484695cb79,1543.05
9591169019cbf964f748eb657d1f0ab8cd0b0f09,1550.88
5ee376bc5bbe6a4f66eb24e2180552b547b8a4bf,2462.24
dd5eb3bcc1a26f67a8cd13f882190fbeb6d17b12,1547.24
7e2d5038b2a435aef5400c7f04dd14080a24132e,2505.58
2b3576b460afbfa1ee4081cd3adecc6d18616b78,2747.21
b6bd4b455c54fa44c68df961b9d5c21a2bb0ae73,2524.57
2a174dceab361cc3aca2f48c75ae2de21e56123c,1577.84
df404cf5ac12fb295e8abd9e05de1dcbcea30657,1542.19
8601e85f96a67f8548216eec5e27737085d54488,2482.22
5ee376bc5bbe6a4f66eb24e2180552b547b8a4bf,2551.01
9d91ef2dbfb3efa5d8cb1f39dc133bc02504b940,1531.55
d80275e16ebd34bae5b48f29f3e4437e1b207955,1434.58
8dec9c302e2f2d2b5560fefa0d3ed7e1b813e195,2469.86
2b3576b460afbfa1ee4081cd3adecc6d18616b78,2488.37
ff9ef2bdabc3e86c5def79048b2950f7d4825217,2455.53
8e9f869999566a968b7fea67ab4dac5b7fde33ef,1529.02
0a2a2c48e3e69f30ab22c3343de05ea92c443c44,1549.75
76b391e367645d367a6cdd4b48b107bcc2ee9ae1,1533.67
18f87f1803f3481106e5291d4fd1a06cc53ea2c1,1547.43
6d7a058efb6f3ab97fdd262602b6331dd8750b2d,1458.77
ce54f5b8f2b4e06d2b4b9a7a7add582aa807975d,2503.27
59ec905bd17b11e2282026798c913133989f2642,1519.18
ae606bf695eb20559e824600245b781d815d23e1,1537.59
ec2d0c4b34f0cc306d61e3b0122307bbf72335c5,2463.87
ed23a9a458bb0674a83f6c63e2bd5b7492fead09,1551.55
62674f903bd2fc352601fa39a3d9dea348e59f4b,1560.10
0a4b830ccb9df906c11d154c774e14fb2eb5deff,1523.91
1714af2ea790795f1999a3c7a4e16acdd3f2f1bd,1607.61
bf1f4b2eb9754d8ae5159d85b69716518c7ea523,2539.51
eff923da81dd3a4893ca30986de5ec30fddcaf5c,1524.64
2b526b327fa5bc797e7ccb169e07bd132660a584,1521.25
d5debf82efb35bca3b82aaa72405dfdae8a620df,2467.45
bf13b496cda81630d9bad7bacd1831a6eae77ea7,1552.49
95462785c89e04020c64573bc0a1aa484695cb79,1538.77
47e6d8e060bb698b9690c51a1ee12001aa2d0a1a,2487.10
59ec905bd17b11e2282026798c913133989f2642,1513.67
1714af2ea790795f1999a3c7a4e16acdd3f2f1bd,1613.53
d3104a0307ce6c46a1ed99d0c5af672751209d9e,2540.75
51909b1af727eea21bc011633519e31aaff82048,2526.03
d72a5338ce267744fad7d3bc35ea1495376b0bab,1564.07
ae606bf695eb20559e824600245b781d815d23e1,1545.36
d55469aa637a3fea7d2a8a7a6291f6ca1774df4f,1563.94
62674f903bd2fc352601fa39a3d9dea348e59f4b,1553.10
5ee376bc5bbe6a4f66eb24e2180552b547b8a4bf,2639.97
d5bbe252f1472f95372612fa9f9fe1616f0b5dbc,1531.24
7ea2667a34bcaefd29e733f4a8d660115b41c74b,1558.60
708fc1fc5e41b8bb02d0ce15a9da8086f6bdb9dd,2476.70
37169b107bc64d2928ea8847f03076df39ce0276,1562.44
0ef4b70b2acf47c1094aedbb9954324a2e84c05e,1573.57
8086b1e4088eb586e0abf939af18cf2d4beb4acb,1545.04
c4ea303d1e982f2c5345b2fe39f126c355748f04,1550.47
33d0d46dae66fcdab062fefed7357c1d5e14bbe5,1543.04
df404cf5ac12fb295e8abd9e05de1dcbcea30657,1538.27
d105a1170e7b66385626f3b0b2bb5ed647a3ac30,1592.01
4690661055276b9ed269bb56e1147070434aed5d,2559.99
8601e85f96a67f8548216eec5e27737085d54488,2561.09
a78bcab52cbdb79dbd5a06ea7385907450c3906c,1552.28
18f87f1803f3481106e5291d4fd1a06cc53ea2c1,1532.02
9591169019cbf964f748eb657d1f0ab8cd0b0f09,1554.82
c4ea303d1e982f2c5345b2fe39f126c355748f04,1564.70
8601e85f96a67f8548216eec5e27737085d54488,2529.87
34fb15336ecb6504338c5a17052c158d17241958,1566.18
f3c740df7e49b03a2d77735198e3e977576ea92a,1543.91
e99c87d3f52c848db5e891dc57c3ad6b54d55bd2,1556.20
11a033427bd7e69f485222998ab7ab60e017dbe3,1540.93
c778c3aea78f402252c35c958721242755e6e187,2559.84
f1663b4518dbe3cb8c8101541da8350bf45129bd,2530.91
515423d68b19ca13b6040a980bd5933aaeb0681d,1542.32
515423d68b19ca13b6040a980bd5933aaeb0681d,1550.13
b6bd4b455c54fa44c68df961b9d5c21a2bb0ae73,2559.64
0679bef07f1e29ae72ae54102d5af9a1f80d45d4,1468.55
ce54f5b8f2b4e06d2b4b9a7a7add582aa807975d,2570.15
9591169019cbf964f748eb657d1f0ab8cd0b0f09,1566.73
0ef4b70b2acf47c1094aedbb9954324a2e84c05e,1562.32
1714af2ea790795f1999a3c7a4e16acdd3f2f1bd,1604.98
6f8291da9a07dbb0cd8231a39852c9705e4ab65b,1539.14
dd45bb2b7a832850835bcb2a368dc3cca3851fe2,1547.59
0a2a2c48e3e69f30ab22c3343de05ea92c443c44,1553.77
0a4b830ccb9df906c11d154c774e14fb2eb5deff,1542.47
a78bcab52cbdb79dbd5a06ea7385907450c3906c,1536.08
d80275e16ebd34bae5b48f29f3e4437e1b207955,1440.22
28db617354cc2ed60a8b978865e71e5d7c6b6224,1544.36
0daab3dd601ced7fb07d4b000bf25b1315da0b40,2484.04
13facef45fdac2388167597f13b40802ff1ad75f,2470.94
3c66e8730f72e37e17609af2732723c4fff02200,1531.28
a5972ff89d399ec68d89b897ee4d03b12964d471,1532.86
cee75632544001c6d1d814a0eeb522cb18811497,1576.54
1714af2ea790795f1999a3c7a4e16acdd3f2f1bd,1591.18
442ec7561a292a78d8f065fb0b87edf78f1c166b,1558.93
b875b92b832949abbbb54e9770bf35cfd3825f65,1549.60
852473b0df54242862701afd90dc2d231aac7fba,2527.24
a62c7f37d4132f3180bfef3e0d872d8e3cf87b5e,1529.29
51909b1af727eea21bc011633519e31aaff82048,2472.59
18f87f1803f3481106e5291d4fd1a06cc53ea2c1,1580.68
ff9ef2bdabc3e86c5def79048b2950f7d4825217,2526.33
442ec7561a292a78d8f065fb0b87edf78f1c166b,1534.84
eff923da81dd3a4893ca30986de5ec30fddcaf5c,1542.71
70f0c55aaf664cdc46782780398fe36ab94f2765,2494.58
95462785c89e04020c64573bc0a1aa484695cb79,1543.61
8086b1e4088eb586e0abf939af18cf2d4beb4acb,1530.77
fd55ee80e2857581c6355ad5879c302fc577955a,2509.93
bf1f4b2eb9754d8ae5159d85b69716518c7ea523,2514.43
1b36b066948a2e25caca1fafe54d5210a95a3b35,1563.11
3c66e8730f72e37e17609af2732723c4fff02200,1553.81
1737b96e70d02b854dfaee11603b283c63b0c5b6,1537.46
ec2d0c4b34f0cc306d61e3b0122307bbf72335c5,2529.26
0ef4b70b2acf47c1094aedbb9954324a2e84c05e,1569.07
ec2d0c4b34f0cc306d61e3b0122307bbf72335c5,2445.42
e99c87d3f52c848db5e891dc57c3ad6b54d55bd2,1522.29
71063c3d4bb4bcc83c4655bdf6347ce2f5670a7c,1528.89
d6ed47079b9daa6734582443ea668963f166abb4,1562.59
e99c87d3f52c848db5e891dc57c3ad6b54d55bd2,1552.15
59ec905bd17b11e2282026798c913133989f2642,1554.41
5594c17333c60f27bb4a1f032c3c6956954d9162,1534.46
d27370ac7ecd7eee843b3153c81f44e46b4ef63c,1538.04
1a91aac56176edcb2327569feb5aff5282f8cacb,1531.69
d5debf82efb35bca3b82aaa72405dfdae8a620df,2526.28
d3104a0307ce6c46a1ed99d0c5af672751209d9e,2520.55
4b733b16a8ac0dd417c1c57db78743a2b13ea1a1,1535.52
7c56eb26c8cc772c5c3d0e052dc076a128173c85,1555.78
9d91ef2dbfb3efa5d8cb1f39dc133bc02504b940,1542.39
37169b107bc64d2928ea8847f03076df39ce0276,1546.54
5d31cac5888b872daa54e09238feeaa8e4e435e7,1536.58
95462785c89e04020c64573bc0a1aa484695cb79,1563.40
7def06d87e5f07105bc4fca44a7e7d96b81edf30,2514.70
13f42529d656ddf140022707581f040bbb460e2a,1522.10
a908dc9cc08fc0a2b0a1d7d9ff895cfdc1514958,1559.51
d55469aa637a3fea7d2a8a7a6291f6ca1774df4f,1563.86
4b733b16a8ac0dd417c1c57db78743a2b13ea1a1,1528.54
b731fd772bb4c313e6582e1bd3e6298cd8ccec19,2466.77
d6ed47079b9daa6734582443ea668963f166abb4,1534.26
bf13b496cda81630d9bad7bacd1831a6eae77ea7,1607.57
fd55ee80e2857581c6355ad5879c302fc577955a,2510.45
8e9f869999566a968b7fea67ab4dac5b7fde33ef,1550.05
62674f903bd2fc352601fa39a3d9dea348e59f4b,1535.08
ce54f5b8f2b4e06d2b4b9a7a7add582aa807975d,2550.82
dd45bb2b7a832850835bcb2a368dc3cca3851fe2,1571.50
95462785c89e04020c64573bc0a1aa484695cb79,1541.89
34fb15336ecb6504338c5a17052c158d17241958,1546.21
b6bd4b455c54fa44c68df961b9d5c21a2bb0ae73,2506.36
c778c3aea78f402252c35c958721242755e6e187,2487.63
eb35cdcbcd22b281e585238842321c3b53052eaf,1540.86
13f42529d656ddf140022707581f040bbb460e2a,1524.36
2b526b327fa5bc797e7ccb169e07bd132660a584,1542.55
28db617354cc2ed60a8b978865e71e5d7c6b6224,1560.21
47e6d8e060bb698b9690c51a1ee12001aa2d0a1a,2598.38
ce54f5b8f2b4e06d2b4b9a7a7add582aa807975d,2487.18
a62c7f37d4132f3180bfef3e0d872d8e3cf87b5e,1534.96
5ee376bc5bbe6a4f66eb24e2180552b547b8a4bf,2475.79
8e9f869999566a968b7fea67ab4dac5b7fde33ef,1582.44
a78bcab52cbdb79dbd5a06ea7385907450c3906c,1555.71
515423d68b19ca13b6040a980bd5933aaeb0681d,1573.65
ec2d0c4b34f0cc306d61e3b0122307bbf72335c5,2473.31
2b526b327fa5bc797e7ccb169e07bd132660a584,1565.17
4b733b16a8ac0dd417c1c57db78743a2b13ea1a1,1547.06
11a033427bd7e69f485222998ab7ab60e017dbe3,1554.22
515423d68b19ca13b6040a980bd5933aaeb0681d,1541.48
28db617354cc2ed60a8b978865e71e5d7c6b6224,1548.42
d5bbe252f1472f95372612fa9f9fe1616f0b5dbc,1521.74
f3c740df7e49b03a2d77735198e3e977576ea92a,1537.92
fd55ee80e2857581c6355ad5879c302fc577955a,2481.96
96cc4f258b0b86370d176f623c10aad18b960236,2468.99
62674f903bd2fc352601fa39a3d9dea348e59f4b,1534.81
5ee376bc5bbe6a4f66eb24e2180552b547b8a4bf,2673.02
959994d5c4c8760233023f465830d0e82fc78585,1564.82
b731fd772bb4c313e6582e1bd3e6298cd8ccec19,2516.96
9591169019cbf964f748eb657d1f0ab8cd0b0f09,1549.97
e0019ebf336082d57027f40f75a6142419710235,1520.50
5d31cac5888b872daa54e09238feeaa8e4e435e7,1540.60
b731fd772bb4c313e6582e1bd3e6298cd8ccec19,2544.10
ce54f5b8f2b4e06d2b4b9a7a7add582aa807975d,2518.74
7def06d87e5f07105bc4fca44a7e7d96b81edf30,2453.77
70f0c55aaf664cdc46782780398fe36ab94f2765,2462.42
36ba3edad1de83e61dff71ca929909587eebd834,1543.00
1a91aac56176edcb2327569feb5aff5282f8cacb,1549.79
959994d5c4c8760233023f465830d0e82fc78585,1544.25
18f87f1803f3481106e5291d4fd1a06cc53ea2c1,1516.99
2bffb6546eefb5dfffdfd6f562f3a11f46cc0c26,2476.36
71063c3d4bb4bcc83c4655bdf6347ce2f5670a7c,1515.93
59ec905bd17b11e2282026798c913133989f2642,1539.49
515423d68b19ca13b6040a980bd5933aaeb0681d,1557.56
2b526b327fa5bc797e7ccb169e07bd132660a584,1535.93
eff923da81dd3a4893ca30986de5ec30fddcaf5c,1526.76
1737b96e70d02b854dfaee11603b283c63b0c5b6,1542.51
a78bcab52cbdb79dbd5a06ea7385907450c3906c,1559.78
f3c740df7e49b03a2d77735198e3e977576ea92a,1526.02
8601e85f96a67f8548216eec5e27737085d54488,2527.55
df404cf5ac12fb295e8abd9e05de1dcbcea30657,1533.26
bf1f4b2eb9754d8ae5159d85b69716518c7ea523,2486.21
d80275e16ebd34bae5b48f29f3e4437e1b207955,1470.50
91b5a56c63a9f8dca761b4cab959977fcd3308fd,2481.51
2b526b327fa5bc797e7ccb169e07bd132660a584,1577.68
fd55ee80e2857581c6355ad5879c302fc577955a,2460.04
d27370ac7ecd7eee843b3153c81f44e46b4ef63c,1568.21
1737b96e70d02b854dfaee11603b283c63b0c5b6,1524.23
ae606bf695eb20559e824600245b781d815d23e1,1526.47
2bffb6546eefb5dfffdfd6f562f3a11f46cc0c26,2591.52
9d91ef2dbfb3efa5d8cb1f39dc133bc02504b940,1536.47
d6ed47079b9daa6734582443ea668963f166abb4,1542.86
5594c17333c60f27bb4a1f032c3c6956954d9162,1530.30
f1663b4518dbe3cb8c8101541da8350bf45129bd,2487.73
1b36b066948a2e25caca1fafe54d5210a95a3b35,1574.11
fd55ee80e2857581c6355ad5879c302fc577955a,2487.26
bf13b496cda81630d9bad7bacd1831a6eae77ea7,1547.71
5ee376bc5bbe6a4f66eb24e2180552b547b8a4bf,2474.76
3c66e8730f72e37e17609af2732723c4fff02200,1572.46
4690661055276b9ed269bb56e1147070434aed5d,2515.73
95462785c89e04020c64573bc0a1aa484695cb79,1542.65
34fb15336ecb6504338c5a17052c158d17241958,1576.34
1737b96e70d02b854dfaee11603b283c63b0c5b6,1511.87
59ec905bd17b11e2282026798c913133989f2642,1526.31
708fc1fc5e41b8bb02d0ce15a9da8086f6bdb9dd,2467.51
2b526b327fa5bc797e7ccb169e07bd132660a584,1576.02
a62c7f37d4132f3180bfef3e0d872d8e3cf87b5e,1569.63
a78bcab52cbdb79dbd5a06ea7385907450c3906c,1559.07
7c56eb26c8cc772c5c3d0e052dc076a128173c85,1540.45
2b526b327fa5bc797e7ccb169e07bd132660a584,1555.20
1737b96e70d02b854dfaee11603b283c63b0c5b6,1548.52
e0019ebf336082d57027f40f75a6142419710235,1559.84
32cf81ae79efef8cd1642eefcef0f917bd90b563,2531.12
f3c740df7e49b03a2d77735198e3e977576ea92a,1552.72
c4ea303d1e982f2c5345b2fe39f126c355748f04,1547.80
a78bcab52cbdb79dbd5a06ea7385907450c3906c,1583.21
f3c740df7e49b03a2d77735198e3e977576ea92a,1521.78
4690661055276b9ed269bb56e1147070434aed5d,2489.29
bf13b496cda81630d9bad7bacd1831a6eae77ea7,1559.98
d55469aa637a3fea7d2a8a7a6291f6ca1774df4f,1546.23
1b36b066948a2e25caca1fafe54d5210a95a3b35,1547.56
7c56eb26c8cc772c5c3d0e052dc076a128173c85,1529.43
d105a1170e7b66385626f3b0b2bb5ed647a3ac30,1553.98
a908dc9cc08fc0a2b0a1d7d9ff895cfdc1514958,1533.29
c4ea303d1e982f2c5345b2fe39f126c355748f04,1563.29
59ec905bd17b11e2282026798c913133989f2642,1511.43
5ee376bc5bbe6a4f66eb24e2180552b547b8a4bf,2539.94
9d91ef2dbfb3efa5d8cb1f39dc133bc02504b940,1540.88
3c8421c06acef846b508df8e41f7fbeb3b4d88d1,1511.11
28db617354cc2ed60a8b978865e71e5d7c6b6224,1531.98
ec2d0c4b34f0cc306d61e3b0122307bbf72335c5,2509.95
7c56eb26c8cc772c5c3d0e052dc076a128173c85,1541.29
ed23a9a458bb0674a83f6c63e2bd5b7492fead09,1554.53
d55469aa637a3fea7d2a8a7a6291f6ca1774df4f,1567.37
71063c3d4bb4bcc83c4655bdf6347ce2f5670a7c,1555.16
0679bef07f1e29ae72ae54102d5af9a1f80d45d4,1449.45
ff9ef2bdabc3e86c5def79048b2950f7d4825217,2580.20
1b36b066948a2e25caca1fafe54d5210a95a3b35,1568.21
68184f3bcb7eed190c7292b17102fc99e3288aa6,1576.29
d55469aa637a3fea7d2a8a7a6291f6ca1774df4f,1587.27
9d91ef2dbfb3efa5d8cb1f39dc133bc02504b940,1531.46
cee75632544001c6d1d814a0eeb522cb18811497,1551.71
2a174dceab361cc3aca2f48c75ae2de21e56123c,1536.73
37169b107bc64d2928ea8847f03076df39ce0276,1566.83
11a033427bd7e69f485222998ab7ab60e017dbe3,1553.66
6d7a058efb6f3ab97fdd262602b6331dd8750b2d,1459.56
8086b1e4088eb586e0abf939af18cf2d4beb4acb,1540.85
515423d68b19ca13b6040a980bd5933aaeb0681d,1553.61
0daab3dd601ced7fb07d4b000bf25b1315da0b40,2617.45
e99c87d3f52c848db5e891dc57c3ad6b54d55bd2,1542.37
68184f3bcb7eed190c7292b17102fc99e3288aa6,1542.10
1b36b066948a2e25caca1fafe54d5210a95a3b35,1560.71
18f87f1803f3481106e5291d4fd1a06cc53ea2c1,1531.67
f1663b4518dbe3cb8c8101541da8350bf45129bd,2489.11
442ec7561a292a78d8f065fb0b87edf78f1c166b,1539.49
aa7b59b789d764daea8fb5fcef2ebcf23438108b,1548.37
0a4b830ccb9df906c11d154c774e14fb2eb5deff,1558.71
33d0d46dae66fcdab062fefed7357c1d5e14bbe5,1677.48
8dec9c302e2f2d2b5560fefa0d3ed7e1b813e195,2573.04
95462785c89e04020c64573bc0a1aa484695cb79,1530.97
2a174dceab361cc3aca2f48c75ae2de21e56123c,1624.34
1a91aac56176edcb2327569feb5aff5282f8cacb,1551.47
7def06d87e5f07105bc4fca44a7e7d96b81edf30,2481.90
7e2d5038b2a435aef5400c7f04dd14080a24132e,2468.40
96cc4f258b0b86370d176f623c10aad18b960236,2543.79
d5debf82efb35bca3b82aaa72405dfdae8a620df,2548.85
33d0d46dae66fcdab062fefed7357c1d5e14bbe5,1538.28
0daab3dd601ced7fb07d4b000bf25b1315da0b40,2543.01
a78bcab52cbdb79dbd5a06ea7385907450c3906c,1541.87
d72a5338ce267744fad7d3bc35ea1495376b0bab,1569.06
3c66e8730f72e37e17609af2732723c4fff02200,1559.70
a62c7f37d4132f3180bfef3e0d872d8e3cf87b5e,1555.19
6d7a058efb6f3ab97fdd262602b6331dd8750b2d,1442.99
9d91ef2dbfb3efa5d8cb1f39dc133bc02504b940,1546.78
d27370ac7ecd7eee843b3153c81f44e46b4ef63c,1520.25
13f42529d656ddf140022707581f040bbb460e2a,1528.85
ec2d0c4b34f0cc306d61e3b0122307bbf72335c5,2480.61
9591169019cbf964f748eb657d1f0ab8cd0b0f09,1550.01
a78bcab52cbdb79dbd5a06ea7385907450c3906c,1560.38
3c8421c06acef846b508df8e41f7fbeb3b4d88d1,1535.39
d6ed47079b9daa6734582443ea668963f166abb4,1538.02
6f8291da9a07dbb0cd8231a39852c9705e4ab65b,1595.29
37169b107bc64d2928ea8847f03076df39ce0276,1538.03
91b5a56c63a9f8dca761b4cab959977fcd3308fd,2518.20
ec2d0c4b34f0cc306d61e3b0122307bbf72335c5,2576.46
f1663b4518dbe3cb8c8101541da8350bf45129bd,2474.10
1b36b066948a2e25caca1fafe54d5210a95a3b35,1579.21
68184f3bcb7eed190c7292b17102fc99e3288aa6,1618.22
1b36b066948a2e25caca1fafe54d5210a95a3b35,1552.08
ec2d0c4b34f0cc306d61e3b0122307bbf72335c5,2457.78
91b5a56c63a9f8dca761b4cab959977fcd3308fd,2501.11
672ad0c6f9c01bcc92d6c44e14e07ef5e3a3ed6f,1563.98
59ec905bd17b11e2282026798c913133989f2642,1522.70
7def06d87e5f07105bc4fca44a7e7d96b81edf30,2472.33
13f42529d656ddf140022707581f040bbb460e2a,1528.50
d5bbe252f1472f95372612fa9f9fe1616f0b5dbc,1539.19
5594c17333c60f27bb4a1f032c3c6956954d9162,1542.93
62674f903bd2fc352601fa39a3d9dea348e59f4b,1526.50
0ef4b70b2acf47c1094aedbb9954324a2e84c05e,1544.54
a908dc9cc08fc0a2b0a1d7d9ff895cfdc1514958,1531.24
b875b92b832949abbbb54e9770bf35cfd3825f65,1591.27
959994d5c4c8760233023f465830d0e82fc78585,1546.02
37169b107bc64d2928ea8847f03076df39ce0276,1611.48
c4ea303d1e982f2c5345b2fe39f126c355748f04,1528.82
ae606bf695eb20559e824600245b781d815d23e1,1535.27
71063c3d4bb4bcc83c4655bdf6347ce2f5670a7c,1545.03
eb35cdcbcd22b281e585238842321c3b53052eaf,1519.58
0a2a2c48e3e69f30ab22c3343de05ea92c443c44,1543.81
34fb15336ecb6504338c5a17052c158d17241958,1532.54
33d0d46dae66fcdab062fefed7357c1d5e14bbe5,1559.61
0daab3dd601ced7fb07d4b000bf25b1315da0b40,2522.87
1714af2ea790795f1999a3c7a4e16acdd3f2f1bd,1602.85
dd5eb3bcc1a26f67a8cd13f882190fbeb6d17b12,1530.00
3c66e8730f72e37e17609af2732723c4fff02200,1532.65
d6ed47079b9daa6734582443ea668963f166abb4,1566.92
dd45bb2b7a832850835bcb2a368dc3cca3851fe2,1602.43
e0019ebf336082d57027f40f75a6142419710235,1529.75
8e9f869999566a968b7fea67ab4dac5b7fde33ef,1531.96
ce54f5b8f2b4e06d2b4b9a7a7add582aa807975d,2531.10
71063c3d4bb4bcc83c4655bdf6347ce2f5670a7c,1551.04
0ef4b70b2acf47c1094aedbb9954324a2e84c05e,1544.13
e99c87d3f52c848db5e891dc57c3ad6b54d55bd2,1539.60
32cf81ae79efef8cd1642eefcef0f917bd90b563,2560.95
11a033427bd7e69f485222998ab7ab60e017dbe3,1550.39
e0019ebf336082d57027f40f75a6142419710235,1520.22
91b5a56c63a9f8dca761b4cab959977fcd3308fd,2522.91
4690661055276b9ed269bb56e1147070434aed5d,2524.96
13facef45fdac2388167597f13b40802ff1ad75f,2561.25
3c8421c06acef846b508df8e41f7fbeb3b4d88d1,1543.98
ff9ef2bdabc3e86c5def79048b2950f7d4825217,2544.04
d3104a0307ce6c46a1ed99d0c5af672751209d9e,2494.86
62674f903bd2fc352601fa39a3d9dea348e59f4b,1521.77
a78bcab52cbdb79dbd5a06ea7385907450c3906c,1546.69
dd5eb3bcc1a26f67a8cd13f882190fbeb6d17b12,1529.64
0a4b830ccb9df906c11d154c774e14fb2eb5deff,1529.18
4b733b16a8ac0dd417c1c57db78743a2b13ea1a1,1554.75
d55469aa637a3fea7d2a8a7a6291f6ca1774df4f,1585.66
df404cf5ac12fb295e8abd9e05de1dcbcea30657,1552.65
8e9f869999566a968b7fea67ab4dac5b7fde33ef,1546.97
11a033427bd7e69f485222998ab7ab60e017dbe3,1597.99
34fb15336ecb6504338c5a17052c158d17241958,1552.56
a78bcab52cbdb79dbd5a06ea7385907450c3906c,1552.08
eb35cdcbcd22b281e585238842321c3b53052eaf,1540.70
6d7a058efb6f3ab97fdd262602b6331dd8750b2d,1455.29
ff9ef2bdabc3e86c5def79048b2950f7d4825217,2497.65
aa7b59b789d764daea8fb5fcef2ebcf23438108b,1523.28
7e2d5038b2a435aef5400c7f04dd14080a24132e,2521.15
2a174dceab361cc3aca2f48c75ae2de21e56123c,1536.34
d5debf82efb35bca3b82aaa72405dfdae8a620df,2587.03
5d31cac5888b872daa54e09238feeaa8e4e435e7,1517.19
1a91aac56176edcb2327569feb5aff5282f8cacb,1549.85
eff923da81dd3a4893ca30986de5ec30fddcaf5c,1533.90
bf1f4b2eb9754d8ae5159d85b69716518c7ea523,2550.00
8601e85f96a67f8548216eec5e27737085d54488,2498.70
b731fd772bb4c313e6582e1bd3e6298cd8ccec19,2471.66
ff9ef2bdabc3e86c5def79048b2950f7d4825217,2485.37
2a174dceab361cc3aca2f48c75ae2de21e56123c,1540.89
0a4b830ccb9df906c11d154c774e14fb2eb5deff,1518.46
6f8291da9a07dbb0cd8231a39852c9705e4ab65b,1555.07
1737b96e70d02b854dfaee11603b283c63b0c5b6,1542.70
fd55ee80e2857581c6355ad5879c302fc577955a,2525.55
11a033427bd7e69f485222998ab7ab60e017dbe3,1615.68
76b391e367645d367a6cdd4b48b107bcc2ee9ae1,1557.66
2b526b327fa5bc797e7ccb169e07bd132660a584,1537.81
96cc4f258b0b86370d176f623c10aad18b960236,2554.81
d27370ac7ecd7eee843b3153c81f44e46b4ef63c,1540.87
d6ed47079b9daa6734582443ea668963f166abb4,1569.78
aa7b59b789d764daea8fb5fcef2ebcf23438108b,1539.88
33d0d46dae66fcdab062fefed7357c1d5e14bbe5,1542.13
515423d68b19ca13b6040a980bd5933aaeb0681d,1528.14
2b3576b460afbfa1ee4081cd3adecc6d18616b78,2548.75
7def06d87e5f07105bc4fca44a7e7d96b81edf30,2525.28
7def06d87e5f07105bc4fca44a7e7d96b81edf30,2499.85
1714af2ea790795f1999a3c7a4e16acdd3f2f1bd,1620.95
34fb15336ecb6504338c5a17052c158d17241958,1540.67
e99c87d3f52c848db5e891dc57c3ad6b54d55bd2,1537.69
76b391e367645d367a6cdd4b48b107bcc2ee9ae1,1584.13
36ba3edad1de83e61dff71ca929909587eebd834,1549.94
d27370ac7ecd7eee843b3153c81f44e46b4ef63c,1539.71
7def06d87e5f07105bc4fca44a7e7d96b81edf30,2499.95
b6bd4b455c54fa44c68df961b9d5c21a2bb0ae73,2524.32
515423d68b19ca13b6040a980bd5933aaeb0681d,1550.18
dd5eb3bcc1a26f67a8cd13f882190fbeb6d17b12,1524.06
7c56eb26c8cc772c5c3d0e052dc076a128173c85,1589.28
dd45bb2b7a832850835bcb2a368dc3cca3851fe2,1519.29
6f8291da9a07dbb0cd8231a39852c9705e4ab65b,1553.05
708fc1fc5e41b8bb02d0ce15a9da8086f6bdb9dd,2473.95
9591169019cbf964f748eb657d1f0ab8cd0b0f09,1553.35
0a2a2c48e3e69f30ab22c3343de05ea92c443c44,1569.57
8dec9c302e2f2d2b5560fefa0d3ed7e1b813e195,2558.79
a62c7f37d4132f3180bfef3e0d872d8e3cf87b5e,1550.65
f3c740df7e49b03a2d77735198e3e977576ea92a,1576.23
3c8421c06acef846b508df8e41f7fbeb3b4d88d1,1550.02
fd55ee80e2857581c6355ad5879c302fc577955a,2499.80
0679bef07f1e29ae72ae54102d5af9a1f80d45d4,1442.96
852473b0df54242862701afd90dc2d231aac7fba,2493.99
70f0c55aaf664cdc46782780398fe36ab94f2765,2483.76
1b36b066948a2e25caca1fafe54d5210a95a3b35,1574.26
1714af2ea790795f1999a3c7a4e16acdd3f2f1bd,1605.46
ed23a9a458bb0674a83f6c63e2bd5b7492fead09,1526.14
51909b1af727eea21bc011633519e31aaff82048,2553.32
0a4b830ccb9df906c11d154c774e14fb2eb5deff,1546.08
2bffb6546eefb5dfffdfd6f562f3a11f46cc0c26,2495.03
d5bbe252f1472f95372612fa9f9fe1616f0b5dbc,1520.24
7def06d87e5f07105bc4fca44a7e7d96b81edf30,2606.03
36ba3edad1de83e61dff71ca929909587eebd834,1542.48
d5debf82efb35bca3b82aaa72405dfdae8a620df,2561.34
1b36b066948a2e25caca1fafe54d5210a95a3b35,1539.99
cee75632544001c6d1d814a0eeb522cb18811497,1546.53
fd55ee80e2857581c6355ad5879c302fc577955a,2636.75
a5972ff89d399ec68d89b897ee4d03b12964d471,1557.46
1737b96e70d02b854dfaee11603b283c63b0c5b6,1549.86
37169b107bc64d2928ea8847f03076df39ce0276,1549.29
91b5a56c63a9f8dca761b4cab959977fcd3308fd,2512.28
7ea2667a34bcaefd29e733f4a8d660115b41c74b,1527.49
7c56eb26c8cc772c5c3d0e052dc076a128173c85,1524.44
0a4b830ccb9df906c11d154c774e14fb2eb5deff,1569.58
708fc1fc5e41b8bb02d0ce15a9da8086f6bdb9dd,2474.62
ed23a9a458bb0674a83f6c63e2bd5b7492fead09,1525.89
c778c3aea78f402252c35c958721242755e6e187,2586.27
0daab3dd601ced7fb07d4b000bf25b1315da0b40,2584.70
0a2a2c48e3e69f30ab22c3343de05ea92c443c44,1552.51
9591169019cbf964f748eb657d1f0ab8cd0b0f09,1565.49
37169b107bc64d2928ea8847f03076df39ce0276,1539.25
4b733b16a8ac0dd417c1c57db78743a2b13ea1a1,1577.48
959994d5c4c8760233023f465830d0e82fc78585,1556.50
d5debf82efb35bca3b82aaa72405dfdae8a620df,2526.21
68184f3bcb7eed190c7292b17102fc99e3288aa6,1562.45
37169b107bc64d2928ea8847f03076df39ce0276,1551.49
1a91aac56176edcb2327569feb5aff5282f8cacb,1530.69
eff923da81dd3a4893ca30986de5ec30fddcaf5c,1542.70
2b526b327fa5bc797e7ccb169e07bd132660a584,1589.57
70f0c55aaf664cdc46782780398fe36ab94f2765,2517.88
11a033427bd7e69f485222998ab7ab60e017dbe3,1548.00
bf1f4b2eb9754d8ae5159d85b69716518c7ea523,2557.83
68184f3bcb7eed190c7292b17102fc99e3288aa6,1548.77
5ee376bc5bbe6a4f66eb24e2180552b547b8a4bf,2541.41
2b3576b460afbfa1ee4081cd3adecc6d18616b78,2498.76
e0019ebf336082d57027f40f75a6142419710235,1550.22
1b36b066948a2e25caca1fafe54d5210a95a3b35,1547.71
96cc4f258b0b86370d176f623c10aad18b960236,2489.49
852473b0df54242862701afd90dc2d231aac7fba,2552.71
2a174dceab361cc3aca2f48c75ae2de21e56123c,1513.98
d27370ac7ecd7eee843b3153c81f44e46b4ef63c,1543.24
47e6d8e060bb698b9690c51a1ee12001aa2d0a1a,2510.38
852473b0df54242862701afd90dc2d231aac7fba,2506.68
32cf81ae79efef8cd1642eefcef0f917bd90b563,2492.85
d72a5338ce267744fad7d3bc35ea1495376b0bab,1532.68
4690661055276b9ed269bb56e1147070434aed5d,2484.92
ff9ef2bdabc3e86c5def79048b2950f7d4825217,2480.96
18f87f1803f3481106e5291d4fd1a06cc53ea2c1,1552.89
70f0c55aaf664cdc46782780398fe36ab94f2765,2470.94
b731fd772bb4c313e6582e1bd3e6298cd8ccec19,2464.03
8dec9c302e2f2d2b5560fefa0d3ed7e1b813e195,2470.06
d3104a0307ce6c46a1ed99d0c5af672751209d9e,2477.38
28db617354cc2ed60a8b978865e71e5d7c6b6224,1561.15
2b3576b460afbfa1ee4081cd3adecc6d18616b78,2594.84
3c66e8730f72e37e17609af2732723c4fff02200,1564.11
8086b1e4088eb586e0abf939af18cf2d4beb4acb,1535.22
13f42529d656ddf140022707581f040bbb460e2a,1521.47
f3c740df7e49b03a2d77735198e3e977576ea92a,1544.55
62674f903bd2fc352601fa39a3d9dea348e59f4b,1532.38
a78bcab52cbdb79dbd5a06ea7385907450c3906c,1561.20
36ba3edad1de83e61dff71ca929909587eebd834,1562.36
6d7a058efb6f3ab97fdd262602b6331dd8750b2d,1450.32
37169b107bc64d2928ea8847f03076df39ce0276,1544.19
3c66e8730f72e37e17609af2732723c4fff02200,1576.69
f1663b4518dbe3cb8c8101541da8350bf45129bd,2541.44
ff9ef2bdabc3e86c5def79048b2950f7d4825217,2481.72
ce54f5b8f2b4e06d2b4b9a7a7add582aa807975d,2507.61
7ea2667a34bcaefd29e733f4a8d660115b41c74b,1538.93
3c8421c06acef846b508df8e41f7fbeb3b4d88d1,1558.11
d55469aa637a3fea7d2a8a7a6291f6ca1774df4f,1568.99
d80275e16ebd34bae5b48f29f3e4437e1b207955,1443.26
5594c17333c60f27bb4a1f032c3c6956954d9162,1634.64
8dec9c302e2f2d2b5560fefa0d3ed7e1b813e195,2528.07
fd55ee80e2857581c6355ad5879c302fc577955a,2473.62
515423d68b19ca13b6040a980bd5933aaeb0681d,1577.14
fd55ee80e2857581c6355ad5879c302fc577955a,2536.45
18f87f1803f3481106e5291d4fd1a06cc53ea2c1,1522.74
bf1f4b2eb9754d8ae5159d85b69716518c7ea523,2477.14
96cc4f258b0b86370d176f623c10aad18b960236,2489.81
8086b1e4088eb586e0abf939af18cf2d4beb4acb,1538.04
852473b0df54242862701afd90dc2d231aac7fba,2486.90
dd45bb2b7a832850835bcb2a368dc3cca3851fe2,1570.25
28db617354cc2ed60a8b978865e71e5d7c6b6224,1541.25
d27370ac7ecd7eee843b3153c81f44e46b4ef63c,1556.63
2a174dceab361cc3aca2f48c75ae2de21e56123c,1570.65
4b733b16a8ac0dd417c1c57db78743a2b13ea1a1,1543.49
7c56eb26c8cc772c5c3d0e052dc076a128173c85,1588.70
442ec7561a292a78d8f065fb0b87edf78f1c166b,1551.26
96cc4f258b0b86370d176f623c10aad18b960236,2486.54
4690661055276b9ed269bb56e1147070434aed5d,2567.99
fd55ee80e2857581c6355ad5879c302fc577955a,2466.08
4690661055276b9ed269bb56e1147070434aed5d,2462.25
2b526b327fa5bc797e7ccb169e07bd132660a584,1544.26
70f0c55aaf664cdc46782780398fe36ab94f2765,2533.60
7e2d5038b2a435aef5400c7f04dd14080a24132e,2462.67
d5debf82efb35bca3b82aaa72405dfdae8a620df,2552.84
11a033427bd7e69f485222998ab7ab60e017dbe3,1541.53
91b5a56c63a9f8dca761b4cab959977fcd3308fd,2517.65
a908dc9cc08fc0a2b0a1d7d9ff895cfdc1514958,1588.44
df404cf5ac12fb295e8abd9e05de1dcbcea30657,1538.93
d105a1170e7b66385626f3b0b2bb5ed647a3ac30,1552.91
6d7a058efb6f3ab97fdd262602b6331dd8750b2d,1455.82
91b5a56c63a9f8dca761b4cab959977fcd3308fd,2484.35
cee75632544001c6d1d814a0eeb522cb18811497,1573.21
7c56eb26c8cc772c5c3d0e052dc076a128173c85,1526.19
72fb5963d96c7a6f2663513aa993049239bada23,1529.43
5ee376bc5bbe6a4f66eb24e2180552b547b8a4bf,2555.53
0daab3dd601ced7fb07d4b000bf25b1315da0b40,2528.98
f1663b4518dbe3cb8c8101541da8350bf45129bd,2491.60
96cc4f258b0b86370d176f623c10aad18b960236,2542.89
1737b96e70d02b854dfaee11603b283c63b0c5b6,1541.97
8601e85f96a67f8548216eec5e27737085d54488,2527.01
cee75632544001c6d1d814a0eeb522cb18811497,1575.20
708fc1fc5e41b8bb02d0ce15a9da8086f6bdb9dd,2557.50
e0019ebf336082d57027f40f75a6142419710235,1532.29
7ea2667a34bcaefd29e733f4a8d660115b41c74b,1540.31
515423d68b19ca13b6040a980bd5933aaeb0681d,1547.20
d105a1170e7b66385626f3b0b2bb5ed647a3ac30,1527.62
dd5eb3bcc1a26f67a8cd13f882190fbeb6d17b12,1531.00
b731fd772bb4c313e6582e1bd3e6298cd8ccec19,2525.78
5d31cac5888b872daa54e09238feeaa8e4e435e7,1536.60
ae606bf695eb20559e824600245b781d815d23e1,1531.03
5ee376bc5bbe6a4f66eb24e2180552b547b8a4bf,2481.16
442ec7561a292a78d8f065fb0b87edf78f1c166b,1564.91
6d7a058efb6f3ab97fdd262602b6331dd8750b2d,1458.34
71063c3d4bb4bcc83c4655bdf6347ce2f5670a7c,1523.35
d5bbe252f1472f95372612fa9f9fe1616f0b5dbc,1525.27
5594c17333c60f27bb4a1f032c3c6956954d9162,1514.68
76b391e367645d367a6cdd4b48b107bcc2ee9ae1,1565.42
ed23a9a458bb0674a83f6c63e2bd5b7492fead09,1557.93
ae606bf695eb20559e824600245b781d815d23e1,1548.22
28db617354cc2ed60a8b978865e71e5d7c6b6224,1524.12
ae606bf695eb20559e824600245b781d815d23e1,1543.41
2b526b327fa5bc797e7ccb169e07bd132660a584,1533.63
df404cf5ac12fb295e8abd9e05de1dcbcea30657,1552.36
bf1f4b2eb9754d8ae5159d85b69716518c7ea523,2512.19
d80275e16ebd34bae5b48f29f3e4437e1b207955,1443.40
c778c3aea78f402252c35c958721242755e6e187,2531.88
d5debf82efb35bca3b82aaa72405dfdae8a620df,2495.87
4b733b16a8ac0dd417c1c57db78743a2b13ea1a1,1547.89
a78bcab52cbdb79dbd5a06ea7385907450c3906c,1547.97
ec2d0c4b34f0cc306d61e3b0122307bbf72335c5,2525.34
18f87f1803f3481106e5291d4fd1a06cc53ea2c1,1551.25
e0019ebf336082d57027f40f75a6142419710235,1527.72
b875b92b832949abbbb54e9770bf35cfd3825f65,1554.22
aa7b59b789d764daea8fb5fcef2ebcf23438108b,1539.06
96cc4f258b0b86370d176f623c10aad18b960236,2497.44
1714af2ea790795f1999a3c7a4e16acdd3f2f1bd,1652.73
d55469aa637a3fea7d2a8a7a6291f6ca1774df4f,1566.00
dd5eb3bcc1a26f67a8cd13f882190fbeb6d17b12,1619.67
eb35cdcbcd22b281e585238842321c3b53052eaf,1538.82
5594c17333c60f27bb4a1f032c3c6956954d9162,1518.81
442ec7561a292a78d8f065fb0b87edf78f1c166b,1525.67
3c8421c06acef846b508df8e41f7fbeb3b4d88d1,1579.67
9d91ef2dbfb3efa5d8cb1f39dc133bc02504b940,1540.12
672ad0c6f9c01bcc92d6c44e14e07ef5e3a3ed6f,1554.20
3c66e8730f72e37e17609af2732723c4fff02200,1548.03
d3104a0307ce6c46a1ed99d0c5af672751209d9e,2542.47
96cc4f258b0b86370d176f623c10aad18b960236,2522.59
d55469aa637a3fea7d2a8a7a6291f6ca1774df4f,1564.43
b731fd772bb4c313e6582e1bd3e6298cd8ccec19,2562.80
f1663b4518dbe3cb8c8101541da8350bf45129bd,2571.40
1737b96e70d02b854dfaee11603b283c63b0c5b6,1546.32
13f42529d656ddf140022707581f040bbb460e2a,1544.11
b875b92b832949abbbb54e9770bf35cfd3825f65,1549.75
33d0d46dae66fcdab062fefed7357c1d5e14bbe5,1533.53
36ba3edad1de83e61dff71ca929909587eebd834,1562.19
1737b96e70d02b854dfaee11603b283c63b0c5b6,1542.47
7ea2667a34bcaefd29e733f4a8d660115b41c74b,1538.64
df404cf5ac12fb295e8abd9e05de1dcbcea30657,1548.06
d6ed47079b9daa6734582443ea668963f166abb4,1546.40
7ea2667a34bcaefd29e733f4a8d660115b41c74b,1537.04
76b391e367645d367a6cdd4b48b107bcc2ee9ae1,1560.49
eff923da81dd3a4893ca30986de5ec30fddcaf5c,1534.77
fd55ee80e2857581c6355ad5879c302fc577955a,2530.23
8601e85f96a67f8548216eec5e27737085d54488,2623.46
1714af2ea790795f1999a3c7a4e16acdd3f2f1bd,1618.91
5594c17333c60f27bb4a1f032c3c6956954d9162,1548.77
47e6d8e060bb698b9690c51a1ee12001aa2d0a1a,2520.54
eb35cdcbcd22b281e585238842321c3b53052eaf,1535.95
a908dc9cc08fc0a2b0a1d7d9ff895cfdc1514958,1530.03
0a2a2c48e3e69f30ab22c3343de05ea92c443c44,1547.53
0679bef07f1e29ae72ae54102d5af9a1f80d45d4,1458.71
e99c87d3f52c848db5e891dc57c3ad6b54d55bd2,1539.10
5d31cac5888b872daa54e09238feeaa8e4e435e7,1526.98
7ea2667a34bcaefd29e733f4a8d660115b41c74b,1536.80
71063c3d4bb4bcc83c4655bdf6347ce2f5670a7c,1527.68
b6bd4b455c54fa44c68df961b9d5c21a2bb0ae73,2513.58
dd5eb3bcc1a26f67a8cd13f882190fbeb6d17b12,1538.28
13facef45fdac2388167597f13b40802ff1ad75f,2503.17
bf13b496cda81630d9bad7bacd1831a6eae77ea7,1530.15
0a4b830ccb9df906c11d154c774e14fb2eb5deff,1526.31
36ba3edad1de83e61dff71ca929909587eebd834,1570.51
708fc1fc5e41b8bb02d0ce15a9da8086f6bdb9dd,2521.34
1714af2ea790795f1999a3c7a4e16acdd3f2f1bd,1671.36
d72a5338ce267744fad7d3bc35ea1495376b0bab,1565.66
3c66e8730f72e37e17609af2732723c4fff02200,1548.88
cee75632544001c6d1d814a0eeb522cb18811497,1584.96
6f8291da9a07dbb0cd8231a39852c9705e4ab65b,1582.05
7def06d87e5f07105bc4fca44a7e7d96b81edf30,2515.30
f1663b4518dbe3cb8c8101541da8350bf45129bd,2477.61
8086b1e4088eb586e0abf939af18cf2d4beb4acb,1547.02
95462785c89e04020c64573bc0a1aa484695cb79,1557.25
d80275e16ebd34bae5b48f29f3e4437e1b207955,1507.31
df404cf5ac12fb295e8abd9e05de1dcbcea30657,1556.58
1737b96e70d02b854dfaee11603b283c63b0c5b6,1547.15
a62c7f37d4132f3180bfef3e0d872d8e3cf87b5e,1500.90
8601e85f96a67f8548216eec5e27737085d54488,2509.18
b731fd772bb4c313e6582e1bd3e6298cd8ccec19,2492.14
96cc4f258b0b86370d176f623c10aad18b960236,2531.87
7c56eb26c8cc772c5c3d0e052dc076a128173c85,1537.88
c778c3aea78f402252c35c958721242755e6e187,2473.97
e99c87d3f52c848db5e891dc57c3ad6b54d55bd2,1562.36
c4ea303d1e982f2c5345b2fe39f126c355748f04,1561.87
d6ed47079b9daa6734582443ea668963f166abb4,1562.29
ae606bf695eb20559e824600245b781d815d23e1,1552.78
bf13b496cda81630d9bad7bacd1831a6eae77ea7,1542.82
d6ed47079b9daa6734582443ea668963f166abb4,1529.09
8dec9c302e2f2d2b5560fefa0d3ed7e1b813e195,2560.57
d72a5338ce267744fad7d3bc35ea1495376b0bab,1557.29
34fb15336ecb6504338c5a17052c158d17241958,1532.67
d72a5338ce267744fad7d3bc35ea1495376b0bab,1562.43
2bffb6546eefb5dfffdfd6f562f3a11f46cc0c26,2534.25
2b526b327fa5bc797e7ccb169e07bd132660a584,1526.79
c778c3aea78f402252c35c958721242755e6e187,2569.21
9d91ef2dbfb3efa5d8cb1f39dc133bc02504b940,1533.65
51909b1af727eea21bc011633519e31aaff82048,2518.71
2b526b327fa5bc797e7ccb169e07bd132660a584,1563.16
aa7b59b789d764daea8fb5fcef2ebcf23438108b,1562.19
1737b96e70d02b854dfaee11603b283c63b0c5b6,1533.98
852473b0df54242862701afd90dc2d231aac7fba,2485.53
d67c994ac0247cebe4af233ff42cc0b7d5a4651c,1521.46
c4ea303d1e982f2c5345b2fe39f126c355748f04,1537.77
5594c17333c60f27bb4a1f032c3c6956954d9162,1552.00
c778c3aea78f402252c35c958721242755e6e187,2474.83
ff9ef2bdabc3e86c5def79048b2950f7d4825217,2534.98
6f8291da9a07dbb0cd8231a39852c9705e4ab65b,1541.57
37169b107bc64d2928ea8847f03076df39ce0276,1540.86
0daab3dd601ced7fb07d4b000bf25b1315da0b40,2536.04
d3104a0307ce6c46a1ed99d0c5af672751209d9e,2476.78
76b391e367645d367a6cdd4b48b107bcc2ee9ae1,1549.90
13f42529d656ddf140022707581f040bbb460e2a,1526.18
6d7a058efb6f3ab97fdd262602b6331dd8750b2d,1468.35
b731fd772bb4c313e6582e1bd3e6298cd8ccec19,2572.41
ce54f5b8f2b4e06d2b4b9a7a7add582aa807975d,2481.24
b6bd4b455c54fa44c68df961b9d5c21a2bb0ae73,2465.29
32cf81ae79efef8cd1642eefcef0f917bd90b563,2516.26
3c8421c06acef846b508df8e41f7fbeb3b4d88d1,1542.64
37169b107bc64d2928ea8847f03076df39ce0276,1570.88
0a4b830ccb9df906c11d154c774e14fb2eb5deff,1554.86
36ba3edad1de83e61dff71ca929909587eebd834,1543.55
0daab3dd601ced7fb07d4b000bf25b1315da0b40,2514.25
c778c3aea78f402252c35c958721242755e6e187,2521.98
7def06d87e5f07105bc4fca44a7e7d96b81edf30,2556.63
959994d5c4c8760233023f465830d0e82fc78585,1542.86
d3104a0307ce6c46a1ed99d0c5af672751209d9e,2491.96
2bffb6546eefb5dfffdfd6f562f3a11f46cc0c26,2496.34
708fc1fc5e41b8bb02d0ce15a9da8086f6bdb9dd,2604.73
f3c740df7e49b03a2d77735198e3e977576ea92a,1549.87
d3104a0307ce6c46a1ed99d0c5af672751209d9e,2533.63
8dec9c302e2f2d2b5560fefa0d3ed7e1b813e195,2522.61
c4ea303d1e982f2c5345b2fe39f126c355748f04,1545.99
d80275e16ebd34bae5b48f29f3e4437e1b207955,1446.52
e0019ebf336082d57027f40f75a6142419710235,1532.91
b875b92b832949abbbb54e9770bf35cfd3825f65,1551.32
2b526b327fa5bc797e7ccb169e07bd132660a584,1546.55
76b391e367645d367a6cdd4b48b107bcc2ee9ae1,1538.05
28db617354cc2ed60a8b978865e71e5d7c6b6224,1531.21
76b391e367645d367a6cdd4b48b107bcc2ee9ae1,1551.91
442ec7561a292a78d8f065fb0b87edf78f1c166b,1541.92
d5debf82efb35bca3b82aaa72405dfdae8a620df,2573.54
b731fd772bb4c313e6582e1bd3e6298cd8ccec19,2511.10
6d7a058efb6f3ab97fdd262602b6331dd8750b2d,1466.47
c778c3aea78f402252c35c958721242755e6e187,2468.21
2b3576b460afbfa1ee4081cd3adecc6d18616b78,2574.27
5ee376bc5bbe6a4f66eb24e2180552b547b8a4bf,2514.30
d67c994ac0247cebe4af233ff42cc0b7d5a4651c,1525.52
8e9f869999566a968b7fea67ab4dac5b7fde33ef,1551.85
c778c3aea78f402252c35c958721242755e6e187,2495.38
d5bbe252f1472f95372612fa9f9fe1616f0b5dbc,1525.80
72fb5963d96c7a6f2663513aa993049239bada23,1544.05
13facef45fdac2388167597f13b40802ff1ad75f,2491.93
95462785c89e04020c64573bc0a1aa484695cb79,1563.56
d105a1170e7b66385626f3b0b2bb5ed647a3ac30,1545.20
d5bbe252f1472f95372612fa9f9fe1616f0b5dbc,1520.62
1737b96e70d02b854dfaee11603b283c63b0c5b6,1534.69
0ef4b70b2acf47c1094aedbb9954324a2e84c05e,1541.59
70f0c55aaf664cdc46782780398fe36ab94f2765,2507.78
fd55ee80e2857581c6355ad5879c302fc577955a,2560.10
72fb5963d96c7a6f2663513aa993049239bada23,1554.20
8086b1e4088eb586e0abf939af18cf2d4beb4acb,1526.42
2b526b327fa5bc797e7ccb169e07bd132660a584,1577.73
c4ea303d1e982f2c5345b2fe39f126c355748f04,1571.95
515423d68b19ca13b6040a980bd5933aaeb0681d,1557.96
4b733b16a8ac0dd417c1c57db78743a2b13ea1a1,1544.16
852473b0df54242862701afd90dc2d231aac7fba,2561.80
91b5a56c63a9f8dca761b4cab959977fcd3308fd,2531.27
d5bbe252f1472f95372612fa9f9fe1616f0b5dbc,1551.75
d27370ac7ecd7eee843b3153c81f44e46b4ef63c,1533.38
bf13b496cda81630d9bad7bacd1831a6eae77ea7,1544.13
ec2d0c4b34f0cc306d61e3b0122307bbf72335c5,2498.99
62674f903bd2fc352601fa39a3d9dea348e59f4b,1557.46
34fb15336ecb6504338c5a17052c158d17241958,1537.78
18f87f1803f3481106e5291d4fd1a06cc53ea2c1,1559.13
0a2a2c48e3e69f30ab22c3343de05ea92c443c44,1532.38
68184f3bcb7eed190c7292b17102fc99e3288aa6,1597.53
b875b92b832949abbbb54e9770bf35cfd3825f65,1531.73
d80275e16ebd34bae5b48f29f3e4437e1b207955,1478.88
ed23a9a458bb0674a83f6c63e2bd5b7492fead09,1538.66
3c66e8730f72e37e17609af2732723c4fff02200,1553.36
2b3576b460afbfa1ee4081cd3adecc6d18616b78,2476.42
d72a5338ce267744fad7d3bc35ea1495376b0bab,1563.92
72fb5963d96c7a6f2663513aa993049239bada23,1560.88
a5972ff89d399ec68d89b897ee4d03b12964d471,1521.63
2b526b327fa5bc797e7ccb169e07bd132660a584,1540.52
2b526b327fa5bc797e7ccb169e07bd132660a584,1553.38
f1663b4518dbe3cb8c8101541da8350bf45129bd,2494.47
672ad0c6f9c01bcc92d6c44e14e07ef5e3a3ed6f,1572.76
d5debf82efb35bca3b82aaa72405dfdae8a620df,2487.84
bf13b496cda81630d9bad7bacd1831a6eae77ea7,1575.86
708fc1fc5e41b8bb02d0ce15a9da8086f6bdb9dd,2572.67
62674f903bd2fc352601fa39a3d9dea348e59f4b,1566.72
5d31cac5888b872daa54e09238feeaa8e4e435e7,1551.09
cee75632544001c6d1d814a0eeb522cb18811497,1571.90
5d31cac5888b872daa54e09238feeaa8e4e435e7,1523.45
76b391e367645d367a6cdd4b48b107bcc2ee9ae1,1536.64
c778c3aea78f402252c35c958721242755e6e187,2506.98
aa7b59b789d764daea8fb5fcef2ebcf23438108b,1531.58
2b3576b460afbfa1ee4081cd3adecc6d18616b78,2520.33
0ef4b70b2acf47c1094aedbb9954324a2e84c05e,1541.79
eb35cdcbcd22b281e585238842321c3b53052eaf,1546.44
bf1f4b2eb9754d8ae5159d85b69716518c7ea523,2598.96
59ec905bd17b11e2282026798c913133989f2642,1561.57
36ba3edad1de83e61dff71ca929909587eebd834,1554.77
3c8421c06acef846b508df8e41f7fbeb3b4d88d1,1534.59
bf1f4b2eb9754d8ae5159d85b69716518c7ea523,2528.13
8e9f869999566a968b7fea67ab4dac5b7fde33ef,1637.38
1714af2ea790795f1999a3c7a4e16acdd3f2f1bd,1591.87
28db617354cc2ed60a8b978865e71e5d7c6b6224,1548.00
e99c87d3f52c848db5e891dc57c3ad6b54d55bd2,1546.44
36ba3edad1de83e61dff71ca929909587eebd834,1650.30
7def06d87e5f07105bc4fca44a7e7d96b81edf30,2467.56
32cf81ae79efef8cd1642eefcef0f917bd90b563,2455.41
32cf81ae79efef8cd1642eefcef0f917bd90b563,2577.48
13facef45fdac2388167597f13b40802ff1ad75f,2550.57
47e6d8e060bb698b9690c51a1ee12001aa2d0a1a,2475.95
b6bd4b455c54fa44c68df961b9d5c21a2bb0ae73,2518.80
70f0c55aaf664cdc46782780398fe36ab94f2765,2510.72
d27370ac7ecd7eee843b3153c81f44e46b4ef63c,1529.65
d27370ac7ecd7eee843b3153c81f44e46b4ef63c,1523.70
ec2d0c4b34f0cc306d61e3b0122307bbf72335c5,2581.91
3c66e8730f72e37e17609af2732723c4fff02200,1552.75
3c8421c06acef846b508df8e41f7fbeb3b4d88d1,1550.05
bf1f4b2eb9754d8ae5159d85b69716518c7ea523,2498.15
a78bcab52cbdb79dbd5a06ea7385907450c3906c,1544.16
bf13b496cda81630d9bad7bacd1831a6eae77ea7,1537.13
e0019ebf336082d57027f40f75a6142419710235,1554.74
13facef45fdac2388167597f13b40802ff1ad75f,2516.87
1b36b066948a2e25caca1fafe54d5210a95a3b35,1540.37
70f0c55aaf664cdc46782780398fe36ab94f2765,2638.66
68184f3bcb7eed190c7292b17102fc99e3288aa6,1525.29
aa7b59b789d764daea8fb5fcef2ebcf23438108b,1547.34
a62c7f37d4132f3180bfef3e0d872d8e3cf87b5e,1587.62
d72a5338ce267744fad7d3bc35ea1495376b0bab,1590.34
d105a1170e7b66385626f3b0b2bb5ed647a3ac30,1563.44
13f42529d656ddf140022707581f040bbb460e2a,1539.25
f1663b4518dbe3cb8c8101541da8350bf45129bd,2559.46
bf1f4b2eb9754d8ae5159d85b69716518c7ea523,2571.35
5d31cac5888b872daa54e09238feeaa8e4e435e7,1552.55
a78bcab52cbdb79dbd5a06ea7385907450c3906c,1548.97
dd45bb2b7a832850835bcb2a368dc3cca3851fe2,1536.18
62674f903bd2fc352601fa39a3d9dea348e59f4b,1541.53
5594c17333c60f27bb4a1f032c3c6956954d9162,1521.56
13f42529d656ddf140022707581f040bbb460e2a,1539.81
ec2d0c4b34f0cc306d61e3b0122307bbf72335c5,2577.79
1b36b066948a2e25caca1fafe54d5210a95a3b35,1574.62
dd45bb2b7a832850835bcb2a368dc3cca3851fe2,1567.73
a908dc9cc08fc0a2b0a1d7d9ff895cfdc1514958,1527.03
9d91ef2dbfb3efa5d8cb1f39dc133bc02504b940,1541.79
47e6d8e060bb698b9690c51a1ee12001aa2d0a1a,2544.02
1a91aac56176edcb2327569feb5aff5282f8cacb,1553.81
13f42529d656ddf140022707581f040bbb460e2a,1540.73
28db617354cc2ed60a8b978865e71e5d7c6b6224,1568.99
959994d5c4c8760233023f465830d0e82fc78585,1550.74
d6ed47079b9daa6734582443ea668963f166abb4,1541.85
959994d5c4c8760233023f465830d0e82fc78585,1569.19
2a174dceab361cc3aca2f48c75ae2de21e56123c,1562.12
d105a1170e7b66385626f3b0b2bb5ed647a3ac30,1563.25
91b5a56c63a9f8dca761b4cab959977fcd3308fd,2491.18
b875b92b832949abbbb54e9770bf35cfd3825f65,1526.74
8601e85f96a67f8548216eec5e27737085d54488,2536.01
72fb5963d96c7a6f2663513aa993049239bada23,1553.07
11a033427bd7e69f485222998ab7ab60e017dbe3,1565.80
37169b107bc64d2928ea8847f03076df39ce0276,1535.61
eb35cdcbcd22b281e585238842321c3b53052eaf,1584.11
df404cf5ac12fb295e8abd9e05de1dcbcea30657,1539.04
bf1f4b2eb9754d8ae5159d85b69716518c7ea523,2568.99
95462785c89e04020c64573bc0a1aa484695cb79,1638.51
005da925db2ff5fe592b79c1a4d77cb91882fcf0,1563.39
2c7c04744c048e62bfa505dbb858a9458c193c03,1672.27
005da925db2ff5fe592b79c1a4d77cb91882fcf0,1518.56
c6208d2c8d3f3cb45215053f2656683844155e8a,1494.32
e10e04da6c7d93daf5f74d449594cba7ea3683e3,1477.60
2b3c4e17d9b42a54957463cebc763213da7ea00d,1838.98
ae4dfd28bb80228bb87f1dd7c6dff40fd21edb14,1450.38
f0d878210fb83c58c3a1a99a138dec86ec542a08,1648.12
37043421d95508823b888c6ddabd45deab62c496,1514.07
c347db4cf3f5a9523434f21113ca03b4dd1aaff6,1727.27
61923e0455c46cc6320188b13c613302f01e7880,1437.81
92a4269c1d00ae77e838e1e701bcc9bf087a730a,1517.00
453af8c1c8475260ed67da7ca201823158c23d63,1449.46
e3e22ad52b910abf673e5c2929d4565633c728c0,1854.16
dec21ef066af58e694b48ff483079f346ba5c217,1652.49
aabf0b0dbb19f6ff13f28cf1b5033b1661437a71,1536.08
44460bc146222adbaafbab01b8681e1005da0b66,1749.42
ccea63a4eb3c76a82b609fdfab39300034d5bd63,1474.41
6cf89b49d70d0ed561881c9654abee6efbcbb439,1659.65
470b9388d58fa113f25dc39b17bdcabb4deaca3f,1680.40
0844e2105e4f45e036f6748e2e748e44b588ffc4,1451.34
453385491ae2a17e955a33362099cd78e9c8133c,1673.55
7707efccded0f1cca2efc8ab961f64bc0b204cd4,1529.16
1e28d5258ae8073e4456d43e95bd107a37504c9b,1697.22
5c4c09a5cbf1271ceeac32452cbc77d0795b81f9,1457.30
1edd1431a42dcc092a91a5d91962e31f06a24c85,1644.28
969cb7865bddb3e8cc36a0054c65e2f964b3d2c8,1686.06
7693192fb34380328936a73f8c8cc346893a457a,1698.24
aabf0b0dbb19f6ff13f28cf1b5033b1661437a71,1537.64
74f6592ca5e92c6065dd7a76d730e014f2eb3f5e,1662.00
c32924fbde89766b2b59f45e5820d373559f92d1,1465.23
fe2d9e27982779a082680c9e28026e2a0df2c4ce,1660.18
f0d878210fb83c58c3a1a99a138dec86ec542a08,1673.68
59ba3f167adf8d506401db482f67af0e5f6d2ab5,1435.15
2b3c4e17d9b42a54957463cebc763213da7ea00d,1718.09
6b96c742ef84bd0347d3338aff13ed6da8278b1f,1671.78
af7999df5214d20175e58de6ff11f8ec4d520efe,1689.13
2c7c04744c048e62bfa505dbb858a9458c193c03,1644.37
ada7794966061a40f7324bd9d3e2f02a1cd2ad91,1667.90
9cb943a9f2ffeeca2adcd9aa3d127df249b75515,1464.81
6b96c742ef84bd0347d3338aff13ed6da8278b1f,1648.75
5c4c09a5cbf1271ceeac32452cbc77d0795b81f9,1431.41
59ba3f167adf8d506401db482f67af0e5f6d2ab5,1466.46
e10e04da6c7d93daf5f74d449594cba7ea3683e3,1466.77
ae4dfd28bb80228bb87f1dd7c6dff40fd21edb14,1497.47
e3e22ad52b910abf673e5c2929d4565633c728c0,1819.38
c09c1f51f4779d259df0423119a83ebe8aa3b86d,1549.36
46ec1a17bf33e6b8b41e3a525bce91a59e774178,1655.78
4fcd4f855e0d4a6424353b7e2d70c37cfbc6fde7,1471.32
aa6e0d92728d67e242515d41c14188d5efe1c730,1468.57
6681be4553ae9e4153fdabf006655b84dd161160,1532.69
fe2d9e27982779a082680c9e28026e2a0df2c4ce,1657.63
8f0dc293c9c34ef9b7715493a423df88a06bed1d,1673.00
39f986b5b3672009ea7fde7647318472c8713e6f,1643.61
1222bd183cb699d1cc4e90996156b9c959d980f4,1623.16
1edd1431a42dcc092a91a5d91962e31f06a24c85,1644.02
61923e0455c46cc6320188b13c613302f01e7880,1445.96
9cb943a9f2ffeeca2adcd9aa3d127df249b75515,1444.25
0844e2105e4f45e036f6748e2e748e44b588ffc4,1451.96
df347747385e6d30d2899262125cd20a08bfa9e6,1452.26
001b4dda1f1728dcfc29c7af37b473c3f8c3d756,1678.09
01c823e35033c86a3247c451891d13df1ed2ee11,1663.19
e10e04da6c7d93daf5f74d449594cba7ea3683e3,1462.94
da185458a86a9a820e2b522e40b6df597d4f31f8,1640.16
dab13b2fd3288b44a3c83c3559991a97231dfcbc,1738.46
f23eff37735fab57d513346e63f7e9f3245f45d9,1746.62
92a4269c1d00ae77e838e1e701bcc9bf087a730a,1532.29
c4cdf1353370dcc327e68f27df8e8f40aca9f6b0,1691.83
c4cdf1353370dcc327e68f27df8e8f40aca9f6b0,1684.77
74f6592ca5e92c6065dd7a76d730e014f2eb3f5e,1650.28
c9695d66b43c7b5087e2de9d55f03c3cdb006d34,1497.93
c7f0005db7165d1c276eaa3c63ef512326a8f72c,1663.16
603261dd12a6703a9e81c59bf73a894edb1f93f3,1668.11
1edd1431a42dcc092a91a5d91962e31f06a24c85,1667.20
37043421d95508823b888c6ddabd45deab62c496,1555.78
603261dd12a6703a9e81c59bf73a894edb1f93f3,1654.83
9329ae9ea40ebd2dca20413857dea293e83456f2,1677.89
8e24baa98882ce2682911ac53d5f7ec088e016b3,1645.86
4daca1dede2a1cb90ba7d15056ad5e317b823794,1662.92
af7999df5214d20175e58de6ff11f8ec4d520efe,1725.50
453af8c1c8475260ed67da7ca201823158c23d63,1432.72
6b96c742ef84bd0347d3338aff13ed6da8278b1f,1670.01
1a031b6742464a6dbb5b42c5132a75e46a45c180,1529.35
59ba3f167adf8d506401db482f67af0e5f6d2ab5,1457.78
c4dd25ee7257748cbf1f9e54ee0885d462d18694,1668.72
e62e49d51ead15fe1d9344a756d4a9a18e44a5ca,1732.20
fe2d9e27982779a082680c9e28026e2a0df2c4ce,1715.78
9c437b4b961c6ed8a52ccb0a1be58de51f2e1e57,1651.45
c4cdf1353370dcc327e68f27df8e8f40aca9f6b0,1704.80
e3e22ad52b910abf673e5c2929d4565633c728c0,1719.96
dcb4f799123febff991e64ff24b7d20538e34ff1,1673.30
4fcd4f855e0d4a6424353b7e2d70c37cfbc6fde7,1479.48
4daca1dede2a1cb90ba7d15056ad5e317b823794,1646.32
dec21ef066af58e694b48ff483079f346ba5c217,1679.51
3451eeb73d073ef3c8a6f99d3c38b8c5f62fb54b,1652.87
062d1900f7c57c366d5512e428ed30c71a1536ad,1468.81
2c7c04744c048e62bfa505dbb858a9458c193c03,1660.74
c7f0005db7165d1c276eaa3c63ef512326a8f72c,1661.39
9cb943a9f2ffeeca2adcd9aa3d127df249b75515,1463.67
8e24baa98882ce2682911ac53d5f7ec088e016b3,1648.02
29bc6f50c0a31614835e9378f0d30fcae9bcc2e8,1514.29
6b96c742ef84bd0347d3338aff13ed6da8278b1f,1642.36
ada7794966061a40f7324bd9d3e2f02a1cd2ad91,1658.29
c7f0005db7165d1c276eaa3c63ef512326a8f72c,1684.26
ada7794966061a40f7324bd9d3e2f02a1cd2ad91,1658.77
6cf89b49d70d0ed561881c9654abee6efbcbb439,1650.56
453af8c1c8475260ed67da7ca201823158c23d63,1443.98
01b3900107114f441860ee3d03aba03caef42804,1457.80
9c437b4b961c6ed8a52ccb0a1be58de51f2e1e57,1659.26
e975f4f5085cb4bb779c160cb5b1e0f6438a2b06,1684.61
2c7c04744c048e62bfa505dbb858a9458c193c03,1662.49
df347747385e6d30d2899262125cd20a08bfa9e6,1461.64
da185458a86a9a820e2b522e40b6df597d4f31f8,1673.58
5ec472da5f5b48ecf38027d81fde2f22ddb85a54,1462.06
6c413dffdc415ec6cc7f661604635f2d9ef6ca5b,1474.77
f70a7bc0e596651f81d4e47726d104d9f6db3acd,1677.91
19f64bd382a38c7d961ce3ee1c08d3e3ceb12cc9,1708.18
c9695d66b43c7b5087e2de9d55f03c3cdb006d34,1529.95
6b5dbd0b7906842345194c0c863f2575b533786d,1667.17
4daca1dede2a1cb90ba7d15056ad5e317b823794,1642.45
f9154f031139fc0cb0cab48c3d47b69a1bc3ae4d,1472.84
c09c1f51f4779d259df0423119a83ebe8aa3b86d,1532.72
ada7794966061a40f7324bd9d3e2f02a1cd2ad91,1667.88
1a031b6742464a6dbb5b42c5132a75e46a45c180,1493.63
6b5dbd0b7906842345194c0c863f2575b533786d,1660.90
5e498c66c54966479c523b421466ace40c6d2ea6,1690.44
9cb943a9f2ffeeca2adcd9aa3d127df249b75515,1464.24
c32924fbde89766b2b59f45e5820d373559f92d1,1475.65
1edd1431a42dcc092a91a5d91962e31f06a24c85,1677.27
2b3c4e17d9b42a54957463cebc763213da7ea00d,1748.95
38fec07573b85665c12b60de2f799f68c3b1b1c8,1660.59
46ec1a17bf33e6b8b41e3a525bce91a59e774178,1657.94
4a4602387d08458c463be57a26e74dc91d58e218,1620.50
fe2d9e27982779a082680c9e28026e2a0df2c4ce,1637.21
da185458a86a9a820e2b522e40b6df597d4f31f8,1630.44
9d15c00dafdbd472d744e994068d3733a5da9f52,1464.21
5e498c66c54966479c523b421466ace40c6d2ea6,1656.80
39f986b5b3672009ea7fde7647318472c8713e6f,1662.09
46ec1a17bf33e6b8b41e3a525bce91a59e774178,1684.15
6b96c742ef84bd0347d3338aff13ed6da8278b1f,1689.83
af7999df5214d20175e58de6ff11f8ec4d520efe,1741.15
a36c140174a86d0c1d49415af1fbe3a419565bf5,1454.94
8ecb39eb4ec4e50126853ab05d54f7dd4f392de2,1464.56
85a4fa2fb8e979b7bc3197aa7c9b822ab2052e38,1533.13
c09c1f51f4779d259df0423119a83ebe8aa3b86d,1541.48
c9695d66b43c7b5087e2de9d55f03c3cdb006d34,1477.42
7693192fb34380328936a73f8c8cc346893a457a,1646.77
9cb943a9f2ffeeca2adcd9aa3d127df249b75515,1462.43
78383995e7cf5f0c6a068a94aea3e0c0dc10e73d,1525.96
464dc271b67881e2b7ccd98ac8df2b48479f5436,1674.47
0270598732b77c25e643e4e1b1e4347fd8037dfa,1567.52
c988d5e97606042ed3af020fd2e5f33a59a66c08,1468.16
206cba0835e5f3a95732a9d49e0403c701740f03,1649.10
453af8c1c8475260ed67da7ca201823158c23d63,1455.81
c32924fbde89766b2b59f45e5820d373559f92d1,1478.43
206cba0835e5f3a95732a9d49e0403c701740f03,1686.16
5ec472da5f5b48ecf38027d81fde2f22ddb85a54,1464.43
01b3900107114f441860ee3d03aba03caef42804,1487.66
1e28d5258ae8073e4456d43e95bd107a37504c9b,1665.93
969cb7865bddb3e8cc36a0054c65e2f964b3d2c8,1681.20
001b4dda1f1728dcfc29c7af37b473c3f8c3d756,1673.21
ada7794966061a40f7324bd9d3e2f02a1cd2ad91,1683.08
44460bc146222adbaafbab01b8681e1005da0b66,1688.62
29bc6f50c0a31614835e9378f0d30fcae9bcc2e8,1574.04
001752f1a0b73ae17668dc9fd4c5942424a6c1e2,1470.30
f23eff37735fab57d513346e63f7e9f3245f45d9,1771.98
c7f0005db7165d1c276eaa3c63ef512326a8f72c,1658.79
c988d5e97606042ed3af020fd2e5f33a59a66c08,1490.24
453385491ae2a17e955a33362099cd78e9c8133c,1660.42
af7999df5214d20175e58de6ff11f8ec4d520efe,1740.81
1e28d5258ae8073e4456d43e95bd107a37504c9b,1677.73
4daca1dede2a1cb90ba7d15056ad5e317b823794,1660.41
1e28d5258ae8073e4456d43e95bd107a37504c9b,1674.24
005da925db2ff5fe592b79c1a4d77cb91882fcf0,1528.16
fe2d9e27982779a082680c9e28026e2a0df2c4ce,1668.06
61923e0455c46cc6320188b13c613302f01e7880,1465.80
29bc6f50c0a31614835e9378f0d30fcae9bcc2e8,1525.37
f70a7bc0e596651f81d4e47726d104d9f6db3acd,1654.38
c9695d66b43c7b5087e2de9d55f03c3cdb006d34,1484.63
6c413dffdc415ec6cc7f661604635f2d9ef6ca5b,1451.03
6bffda376d35aaa5101115013b49b655f396c15c,1583.16
8f0dc293c9c34ef9b7715493a423df88a06bed1d,1644.14
37043421d95508823b888c6ddabd45deab62c496,1524.50
dab13b2fd3288b44a3c83c3559991a97231dfcbc,1651.11
6bffda376d35aaa5101115013b49b655f396c15c,1533.14
c988d5e97606042ed3af020fd2e5f33a59a66c08,1473.23
731d9011a38200cb31622530724e2d345cef3d3e,1669.78
9cb943a9f2ffeeca2adcd9aa3d127df249b75515,1446.38
ccea63a4eb3c76a82b609fdfab39300034d5bd63,1448.33
01b3900107114f441860ee3d03aba03caef42804,1433.57
4fcd4f855e0d4a6424353b7e2d70c37cfbc6fde7,1445.64
eb95db79108f2339521bf40d72100b1fef835782,1537.71
1edd1431a42dcc092a91a5d91962e31f06a24c85,1668.73
7707efccded0f1cca2efc8ab961f64bc0b204cd4,1531.12
7707efccded0f1cca2efc8ab961f64bc0b204cd4,1516.12
f70a7bc0e596651f81d4e47726d104d9f6db3acd,1634.74
731d9011a38200cb31622530724e2d345cef3d3e,1655.72
c988d5e97606042ed3af020fd2e5f33a59a66c08,1472.78
f9154f031139fc0cb0cab48c3d47b69a1bc3ae4d,1463.93
3451eeb73d073ef3c8a6f99d3c38b8c5f62fb54b,1665.06
2c7c04744c048e62bfa505dbb858a9458c193c03,1648.86
c7f0005db7165d1c276eaa3c63ef512326a8f72c,1699.06
aa6e0d92728d67e242515d41c14188d5efe1c730,1463.56
c988d5e97606042ed3af020fd2e5f33a59a66c08,1464.47
c7f0005db7165d1c276eaa3c63ef512326a8f72c,1682.70
46ec1a17bf33e6b8b41e3a525bce91a59e774178,1676.25
da185458a86a9a820e2b522e40b6df597d4f31f8,1644.70
e3e22ad52b910abf673e5c2929d4565633c728c0,1801.36
c7f0005db7165d1c276eaa3c63ef512326a8f72c,1694.23
ccea63a4eb3c76a82b609fdfab39300034d5bd63,1460.37
ec7fcd3b76af03f32f6b0a221acc66d7efb6d9be,1681.15
1e28d5258ae8073e4456d43e95bd107a37504c9b,1669.50
f5851510fd1cca221434a38f837b058e267f4cd0,1710.76
af7999df5214d20175e58de6ff11f8ec4d520efe,1672.88
dab13b2fd3288b44a3c83c3559991a97231dfcbc,1630.00
47491d88c1be3bea26d22a109d9ff6cc925100af,1730.38
3c36fd078bd9d694855c5fe8fae05e05d5c441ca,1465.63
c9695d66b43c7b5087e2de9d55f03c3cdb006d34,1510.22
e62e49d51ead15fe1d9344a756d4a9a18e44a5ca,1748.61
8f0dc293c9c34ef9b7715493a423df88a06bed1d,1692.23
e975f4f5085cb4bb779c160cb5b1e0f6438a2b06,1679.46
ccea63a4eb3c76a82b609fdfab39300034d5bd63,1452.35
61923e0455c46cc6320188b13c613302f01e7880,1508.29
969cb7865bddb3e8cc36a0054c65e2f964b3d2c8,1650.54
1222bd183cb699d1cc4e90996156b9c959d980f4,1627.18
a36c140174a86d0c1d49415af1fbe3a419565bf5,1465.74
aa6e0d92728d67e242515d41c14188d5efe1c730,1460.91
78383995e7cf5f0c6a068a94aea3e0c0dc10e73d,1567.75
46ec1a17bf33e6b8b41e3a525bce91a59e774178,1663.40
0844e2105e4f45e036f6748e2e748e44b588ffc4,1458.86
39f986b5b3672009ea7fde7647318472c8713e6f,1630.70
7707efccded0f1cca2efc8ab961f64bc0b204cd4,1533.69
5c4c09a5cbf1271ceeac32452cbc77d0795b81f9,1463.15
1edd1431a42dcc092a91a5d91962e31f06a24c85,1689.71
5e498c66c54966479c523b421466ace40c6d2ea6,1675.14
29bc6f50c0a31614835e9378f0d30fcae9bcc2e8,1520.32
5ec472da5f5b48ecf38027d81fde2f22ddb85a54,1470.64
9329ae9ea40ebd2dca20413857dea293e83456f2,1629.67
dcb4f799123febff991e64ff24b7d20538e34ff1,1664.42
8f0dc293c9c34ef9b7715493a423df88a06bed1d,1669.90
e62e49d51ead15fe1d9344a756d4a9a18e44a5ca,1749.87
3ef2e6eaf1ad1912bffbe41a9884819a89ff7a58,1658.64
001b4dda1f1728dcfc29c7af37b473c3f8c3d756,1671.06
61923e0455c46cc6320188b13c613302f01e7880,1465.75
c4dd25ee7257748cbf1f9e54ee0885d462d18694,1659.20
6c413dffdc415ec6cc7f661604635f2d9ef6ca5b,1456.88
f23eff37735fab57d513346e63f7e9f3245f45d9,1749.88
59ba3f167adf8d506401db482f67af0e5f6d2ab5,1478.26
6b96c742ef84bd0347d3338aff13ed6da8278b1f,1673.92
0844e2105e4f45e036f6748e2e748e44b588ffc4,1483.14
1a031b6742464a6dbb5b42c5132a75e46a45c180,1500.30
001b4dda1f1728dcfc29c7af37b473c3f8c3d756,1733.78
61923e0455c46cc6320188b13c613302f01e7880,1454.80
c4cdf1353370dcc327e68f27df8e8f40aca9f6b0,1666.13
1edd1431a42dcc092a91a5d91962e31f06a24c85,1674.54
e975f4f5085cb4bb779c160cb5b1e0f6438a2b06,1672.01
59ba3f167adf8d506401db482f67af0e5f6d2ab5,1450.57
6c413dffdc415ec6cc7f661604635f2d9ef6ca5b,1458.52
38fec07573b85665c12b60de2f799f68c3b1b1c8,1673.00
0270598732b77c25e643e4e1b1e4347fd8037dfa,1539.55
f70a7bc0e596651f81d4e47726d104d9f6db3acd,1665.59
6b96c742ef84bd0347d3338aff13ed6da8278b1f,1664.18
63023f8b29048e2768cb6c0cfa5c168357b2955d,1496.62
e3e22ad52b910abf673e5c2929d4565633c728c0,1731.38
603261dd12a6703a9e81c59bf73a894edb1f93f3,1671.35
f9154f031139fc0cb0cab48c3d47b69a1bc3ae4d,1470.56
206cba0835e5f3a95732a9d49e0403c701740f03,1639.58
f5851510fd1cca221434a38f837b058e267f4cd0,1649.98
3ef2e6eaf1ad1912bffbe41a9884819a89ff7a58,1673.26
1222bd183cb699d1cc4e90996156b9c959d980f4,1668.05
c4cdf1353370dcc327e68f27df8e8f40aca9f6b0,1683.29
ec7fcd3b76af03f32f6b0a221acc66d7efb6d9be,1653.82
0844e2105e4f45e036f6748e2e748e44b588ffc4,1460.03
1edd1431a42dcc092a91a5d91962e31f06a24c85,1671.96
c6208d2c8d3f3cb45215053f2656683844155e8a,1484.60
603261dd12a6703a9e81c59bf73a894edb1f93f3,1691.41
f23eff37735fab57d513346e63f7e9f3245f45d9,1772.79
a36c140174a86d0c1d49415af1fbe3a419565bf5,1447.81
37043421d95508823b888c6ddabd45deab62c496,1627.63
464dc271b67881e2b7ccd98ac8df2b48479f5436,1702.82
59ba3f167adf8d506401db482f67af0e5f6d2ab5,1437.79
e62e49d51ead15fe1d9344a756d4a9a18e44a5ca,1732.58
7707efccded0f1cca2efc8ab961f64bc0b204cd4,1527.70
df347747385e6d30d2899262125cd20a08bfa9e6,1441.53
34a0ed4d06c31b901641d6af638416ed69d62287,1663.70
ae4dfd28bb80228bb87f1dd7c6dff40fd21edb14,1464.50
2c7c04744c048e62bfa505dbb858a9458c193c03,1661.74
29bc6f50c0a31614835e9378f0d30fcae9bcc2e8,1537.71
c988d5e97606042ed3af020fd2e5f33a59a66c08,1499.36
aabf0b0dbb19f6ff13f28cf1b5033b1661437a71,1542.55
1222bd183cb699d1cc4e90996156b9c959d980f4,1634.64
731d9011a38200cb31622530724e2d345cef3d3e,1663.69
01b3900107114f441860ee3d03aba03caef42804,1456.67
0844e2105e4f45e036f6748e2e748e44b588ffc4,1469.56
37043421d95508823b888c6ddabd45deab62c496,1545.28
fe2d9e27982779a082680c9e28026e2a0df2c4ce,1676.27
c09c1f51f4779d259df0423119a83ebe8aa3b86d,1546.52
8e24baa98882ce2682911ac53d5f7ec088e016b3,1697.05
001b4dda1f1728dcfc29c7af37b473c3f8c3d756,1672.49
fe2d9e27982779a082680c9e28026e2a0df2c4ce,1660.30
01b3900107114f441860ee3d03aba03caef42804,1451.54
001752f1a0b73ae17668dc9fd4c5942424a6c1e2,1515.49
e62e49d51ead15fe1d9344a756d4a9a18e44a5ca,1756.70
6b96c742ef84bd0347d3338aff13ed6da8278b1f,1716.50
ec7fcd3b76af03f32f6b0a221acc66d7efb6d9be,1638.74
6b5dbd0b7906842345194c0c863f2575b533786d,1643.20
464dc271b67881e2b7ccd98ac8df2b48479f5436,1667.71
3451eeb73d073ef3c8a6f99d3c38b8c5f62fb54b,1687.36
dec21ef066af58e694b48ff483079f346ba5c217,1681.83
8f0dc293c9c34ef9b7715493a423df88a06bed1d,1662.78
1e28d5258ae8073e4456d43e95bd107a37504c9b,1674.69
4fcd4f855e0d4a6424353b7e2d70c37cfbc6fde7,1435.50
8ecb39eb4ec4e50126853ab05d54f7dd4f392de2,1446.48
aa6e0d92728d67e242515d41c14188d5efe1c730,1451.12
1a68cc9b8133cb847268b1b1fc00a6edf4a74bcb,1468.82
aabf0b0dbb19f6ff13f28cf1b5033b1661437a71,1538.00
3082a4f3b3bdf4b2ce5c2cf8ec6a35392d60f20f,1481.64
e3e22ad52b910abf673e5c2929d4565633c728c0,1741.06
aabf0b0dbb19f6ff13f28cf1b5033b1661437a71,1524.61
453385491ae2a17e955a33362099cd78e9c8133c,1699.76
85a4fa2fb8e979b7bc3197aa7c9b822ab2052e38,1533.40
df347747385e6d30d2899262125cd20a08bfa9e6,1467.02
1a031b6742464a6dbb5b42c5132a75e46a45c180,1500.75
1e28d5258ae8073e4456d43e95bd107a37504c9b,1672.79
c32924fbde89766b2b59f45e5820d373559f92d1,1455.93
ae4dfd28bb80228bb87f1dd7c6dff40fd21edb14,1460.89
29bc6f50c0a31614835e9378f0d30fcae9bcc2e8,1528.38
3451eeb73d073ef3c8a6f99d3c38b8c5f62fb54b,1662.35
01b3900107114f441860ee3d03aba03caef42804,1473.31
453af8c1c8475260ed67da7ca201823158c23d63,1469.20
6681be4553ae9e4153fdabf006655b84dd161160,1534.38
29bc6f50c0a31614835e9378f0d30fcae9bcc2e8,1545.49
8f0dc293c9c34ef9b7715493a423df88a06bed1d,1646.23
f0d878210fb83c58c3a1a99a138dec86ec542a08,1662.26
005da925db2ff5fe592b79c1a4d77cb91882fcf0,1559.76
c4cdf1353370dcc327e68f27df8e8f40aca9f6b0,1730.86
47491d88c1be3bea26d22a109d9ff6cc925100af,1662.72
7707efccded0f1cca2efc8ab961f64bc0b204cd4,1538.94
c32924fbde89766b2b59f45e5820d373559f92d1,1448.28
c9695d66b43c7b5087e2de9d55f03c3cdb006d34,1495.92
6bffda376d35aaa5101115013b49b655f396c15c,1562.25
19f64bd382a38c7d961ce3ee1c08d3e3ceb12cc9,1637.69
6c413dffdc415ec6cc7f661604635f2d9ef6ca5b,1476.27
0844e2105e4f45e036f6748e2e748e44b588ffc4,1454.11
a36c140174a86d0c1d49415af1fbe3a419565bf5,1546.37
f9154f031139fc0cb0cab48c3d47b69a1bc3ae4d,1468.33
8ecb39eb4ec4e50126853ab05d54f7dd4f392de2,1459.80
0270598732b77c25e643e4e1b1e4347fd8037dfa,1559.99
c988d5e97606042ed3af020fd2e5f33a59a66c08,1465.08
8f0dc293c9c34ef9b7715493a423df88a06bed1d,1647.91
4daca1dede2a1cb90ba7d15056ad5e317b823794,1648.79
9329ae9ea40ebd2dca20413857dea293e83456f2,1668.22
0844e2105e4f45e036f6748e2e748e44b588ffc4,1471.13
47491d88c1be3bea26d22a109d9ff6cc925100af,1668.55
59ba3f167adf8d506401db482f67af0e5f6d2ab5,1462.68
38fec07573b85665c12b60de2f799f68c3b1b1c8,1676.45
5ec472da5f5b48ecf38027d81fde2f22ddb85a54,1461.68
c988d5e97606042ed3af020fd2e5f33a59a66c08,1493.48
603261dd12a6703a9e81c59bf73a894edb1f93f3,1682.09
6681be4553ae9e4153fdabf006655b84dd161160,1522.56
f70a7bc0e596651f81d4e47726d104d9f6db3acd,1656.14
c4dd25ee7257748cbf1f9e54ee0885d462d18694,1652.23
c4dd25ee7257748cbf1f9e54ee0885d462d18694,1628.07
e10e04da6c7d93daf5f74d449594cba7ea3683e3,1462.03
41dc7cdc29becc144ec4ce7b9da8d2e1b1b163b9,1666.66
01c823e35033c86a3247c451891d13df1ed2ee11,1665.23
6b96c742ef84bd0347d3338aff13ed6da8278b1f,1667.22
2b3c4e17d9b42a54957463cebc763213da7ea00d,1723.80
78383995e7cf5f0c6a068a94aea3e0c0dc10e73d,1525.28
9d15c00dafdbd472d744e994068d3733a5da9f52,1493.45
41dc7cdc29becc144ec4ce7b9da8d2e1b1b163b9,1737.20
01c823e35033c86a3247c451891d13df1ed2ee11,1666.89
c4cdf1353370dcc327e68f27df8e8f40aca9f6b0,1689.04
470b9388d58fa113f25dc39b17bdcabb4deaca3f,1662.77
e10e04da6c7d93daf5f74d449594cba7ea3683e3,1464.46
470b9388d58fa113f25dc39b17bdcabb4deaca3f,1640.60
206cba0835e5f3a95732a9d49e0403c701740f03,1687.19
19f64bd382a38c7d961ce3ee1c08d3e3ceb12cc9,1670.07
453af8c1c8475260ed67da7ca201823158c23d63,1476.75
453385491ae2a17e955a33362099cd78e9c8133c,1669.44
19f64bd382a38c7d961ce3ee1c08d3e3ceb12cc9,1675.16
6cf89b49d70d0ed561881c9654abee6efbcbb439,1665.58
aa6e0d92728d67e242515d41c14188d5efe1c730,1465.43
c4cdf1353370dcc327e68f27df8e8f40aca9f6b0,1641.45
78383995e7cf5f0c6a068a94aea3e0c0dc10e73d,1512.50
1222bd183cb699d1cc4e90996156b9c959d980f4,1664.48
1222bd183cb699d1cc4e90996156b9c959d980f4,1687.62
59ba3f167adf8d506401db482f67af0e5f6d2ab5,1498.55
41dc7cdc29becc144ec4ce7b9da8d2e1b1b163b9,1676.98
4a4602387d08458c463be57a26e74dc91d58e218,1675.39
453af8c1c8475260ed67da7ca201823158c23d63,1441.69
6681be4553ae9e4153fdabf006655b84dd161160,1582.67
2c7c04744c048e62bfa505dbb858a9458c193c03,1691.19
a36c140174a86d0c1d49415af1fbe3a419565bf5,1487.16
603261dd12a6703a9e81c59bf73a894edb1f93f3,1662.92
e975f4f5085cb4bb779c160cb5b1e0f6438a2b06,1714.93
92a4269c1d00ae77e838e1e701bcc9bf087a730a,1553.09
2c7c04744c048e62bfa505dbb858a9458c193c03,1718.98
470b9388d58fa113f25dc39b17bdcabb4deaca3f,1652.06
3082a4f3b3bdf4b2ce5c2cf8ec6a35392d60f20f,1449.85
6681be4553ae9e4153fdabf006655b84dd161160,1543.90
01c823e35033c86a3247c451891d13df1ed2ee11,1682.47
001752f1a0b73ae17668dc9fd4c5942424a6c1e2,1486.56
f5851510fd1cca221434a38f837b058e267f4cd0,1691.66
6bffda376d35aaa5101115013b49b655f396c15c,1541.13
453385491ae2a17e955a33362099cd78e9c8133c,1727.55
4fcd4f855e0d4a6424353b7e2d70c37cfbc6fde7,1469.34
0844e2105e4f45e036f6748e2e748e44b588ffc4,1488.47
9cb943a9f2ffeeca2adcd9aa3d127df249b75515,1449.42
1a68cc9b8133cb847268b1b1fc00a6edf4a74bcb,1479.90
206cba0835e5f3a95732a9d49e0403c701740f03,1683.16
dab13b2fd3288b44a3c83c3559991a97231dfcbc,1670.25
7693192fb34380328936a73f8c8cc346893a457a,1672.37
dec21ef066af58e694b48ff483079f346ba5c217,1675.42
e3e22ad52b910abf673e5c2929d4565633c728c0,1775.22
dcb4f799123febff991e64ff24b7d20538e34ff1,1716.63
c4cdf1353370dcc327e68f27df8e8f40aca9f6b0,1677.43
a36c140174a86d0c1d49415af1fbe3a419565bf5,1471.44
44460bc146222adbaafbab01b8681e1005da0b66,1675.52
5e498c66c54966479c523b421466ace40c6d2ea6,1656.63
44460bc146222adbaafbab01b8681e1005da0b66,1663.73
001752f1a0b73ae17668dc9fd4c5942424a6c1e2,1445.13
9d15c00dafdbd472d744e994068d3733a5da9f52,1474.09
19f64bd382a38c7d961ce3ee1c08d3e3ceb12cc9,1681.19
3082a4f3b3bdf4b2ce5c2cf8ec6a35392d60f20f,1465.32
6b5dbd0b7906842345194c0c863f2575b533786d,1642.63
ec7fcd3b76af03f32f6b0a221acc66d7efb6d9be,1715.16
1a68cc9b8133cb847268b1b1fc00a6edf4a74bcb,1457.03
ccea63a4eb3c76a82b609fdfab39300034d5bd63,1448.96
f0d878210fb83c58c3a1a99a138dec86ec542a08,1665.30
da185458a86a9a820e2b522e40b6df597d4f31f8,1641.75
c9695d66b43c7b5087e2de9d55f03c3cdb006d34,1482.88
6c413dffdc415ec6cc7f661604635f2d9ef6ca5b,1454.90
8e24baa98882ce2682911ac53d5f7ec088e016b3,1688.66
8f0dc293c9c34ef9b7715493a423df88a06bed1d,1679.35
dcb4f799123febff991e64ff24b7d20538e34ff1,1694.79
aa6e0d92728d67e242515d41c14188d5efe1c730,1471.70
001752f1a0b73ae17668dc9fd4c5942424a6c1e2,1482.03
f9154f031139fc0cb0cab48c3d47b69a1bc3ae4d,1468.97
c6208d2c8d3f3cb45215053f2656683844155e8a,1475.27
c4dd25ee7257748cbf1f9e54ee0885d462d18694,1662.82
6bffda376d35aaa5101115013b49b655f396c15c,1544.63
fe2d9e27982779a082680c9e28026e2a0df2c4ce,1676.26
e975f4f5085cb4bb779c160cb5b1e0f6438a2b06,1647.03
aabf0b0dbb19f6ff13f28cf1b5033b1661437a71,1531.57
453385491ae2a17e955a33362099cd78e9c8133c,1708.18
f9154f031139fc0cb0cab48c3d47b69a1bc3ae4d,1475.14
92a4269c1d00ae77e838e1e701bcc9bf087a730a,1535.42
001b4dda1f1728dcfc29c7af37b473c3f8c3d756,1700.22
da185458a86a9a820e2b522e40b6df597d4f31f8,1624.09
f23eff37735fab57d513346e63f7e9f3245f45d9,1723.10
6bffda376d35aaa5101115013b49b655f396c15c,1533.21
001752f1a0b73ae17668dc9fd4c5942424a6c1e2,1459.10
01c823e35033c86a3247c451891d13df1ed2ee11,1668.90
6cf89b49d70d0ed561881c9654abee6efbcbb439,1700.63
01b3900107114f441860ee3d03aba03caef42804,1455.47
38fec07573b85665c12b60de2f799f68c3b1b1c8,1684.21
6681be4553ae9e4153fdabf006655b84dd161160,1564.42
3ef2e6eaf1ad1912bffbe41a9884819a89ff7a58,1670.31
453385491ae2a17e955a33362099cd78e9c8133c,1665.58
3c36fd078bd9d694855c5fe8fae05e05d5c441ca,1464.80
eb95db79108f2339521bf40d72100b1fef835782,1515.84
969cb7865bddb3e8cc36a0054c65e2f964b3d2c8,1684.27
df347747385e6d30d2899262125cd20a08bfa9e6,1464.97
e975f4f5085cb4bb779c160cb5b1e0f6438a2b06,1673.89
df347747385e6d30d2899262125cd20a08bfa9e6,1462.45
78383995e7cf5f0c6a068a94aea3e0c0dc10e73d,1529.67
ae4dfd28bb80228bb87f1dd7c6dff40fd21edb14,1472.29
1a68cc9b8133cb847268b1b1fc00a6edf4a74bcb,1462.25
c347db4cf3f5a9523434f21113ca03b4dd1aaff6,1729.49
dab13b2fd3288b44a3c83c3559991a97231dfcbc,1650.42
6b5dbd0b7906842345194c0c863f2575b533786d,1658.61
f9154f031139fc0cb0cab48c3d47b69a1bc3ae4d,1436.71
6b5dbd0b7906842345194c0c863f2575b533786d,1647.69
4daca1dede2a1cb90ba7d15056ad5e317b823794,1661.77
3ef2e6eaf1ad1912bffbe41a9884819a89ff7a58,1641.61
9c437b4b961c6ed8a52ccb0a1be58de51f2e1e57,1681.13
731d9011a38200cb31622530724e2d345cef3d3e,1643.39
6cf89b49d70d0ed561881c9654abee6efbcbb439,1667.24
0844e2105e4f45e036f6748e2e748e44b588ffc4,1460.26
c6208d2c8d3f3cb45215053f2656683844155e8a,1478.94
c347db4cf3f5a9523434f21113ca03b4dd1aaff6,1788.67
85a4fa2fb8e979b7bc3197aa7c9b822ab2052e38,1521.28
78383995e7cf5f0c6a068a94aea3e0c0dc10e73d,1526.05
453af8c1c8475260ed67da7ca201823158c23d63,1451.17
f5851510fd1cca221434a38f837b058e267f4cd0,1647.07
9d15c00dafdbd472d744e994068d3733a5da9f52,1478.90
34a0ed4d06c31b901641d6af638416ed69d62287,1682.90
ada7794966061a40f7324bd9d3e2f02a1cd2ad91,1650.56
470b9388d58fa113f25dc39b17bdcabb4deaca3f,1650.07
2b3c4e17d9b42a54957463cebc763213da7ea00d,1715.78
4fcd4f855e0d4a6424353b7e2d70c37cfbc6fde7,1460.09
e3e22ad52b910abf673e5c2929d4565633c728c0,1743.57
aa6e0d92728d67e242515d41c14188d5efe1c730,1478.43
df347747385e6d30d2899262125cd20a08bfa9e6,1468.64
01b3900107114f441860ee3d03aba03caef42804,1452.56
f5851510fd1cca221434a38f837b058e267f4cd0,1661.30
2b3c4e17d9b42a54957463cebc763213da7ea00d,1772.10
0844e2105e4f45e036f6748e2e748e44b588ffc4,1475.70
1a031b6742464a6dbb5b42c5132a75e46a45c180,1491.91
1a68cc9b8133cb847268b1b1fc00a6edf4a74bcb,1463.33
6b5dbd0b7906842345194c0c863f2575b533786d,1731.23
ccea63a4eb3c76a82b609fdfab39300034d5bd63,1473.93
c9695d66b43c7b5087e2de9d55f03c3cdb006d34,1473.09
f0d878210fb83c58c3a1a99a138dec86ec542a08,1640.59
6c413dffdc415ec6cc7f661604635f2d9ef6ca5b,1464.05
39f986b5b3672009ea7fde7647318472c8713e6f,1684.94
005da925db2ff5fe592b79c1a4d77cb91882fcf0,1563.08
c4dd25ee7257748cbf1f9e54ee0885d462d18694,1656.45
603261dd12a6703a9e81c59bf73a894edb1f93f3,1669.12
29bc6f50c0a31614835e9378f0d30fcae9bcc2e8,1555.47
8e24baa98882ce2682911ac53d5f7ec088e016b3,1676.66
74f6592ca5e92c6065dd7a76d730e014f2eb3f5e,1695.52
470b9388d58fa113f25dc39b17bdcabb4deaca3f,1636.77
5c4c09a5cbf1271ceeac32452cbc77d0795b81f9,1440.88
dec21ef066af58e694b48ff483079f346ba5c217,1651.89
1a68cc9b8133cb847268b1b1fc00a6edf4a74bcb,1459.56
19f64bd382a38c7d961ce3ee1c08d3e3ceb12cc9,1634.98
6bffda376d35aaa5101115013b49b655f396c15c,1548.45
4daca1dede2a1cb90ba7d15056ad5e317b823794,1640.01
c32924fbde89766b2b59f45e5820d373559f92d1,1473.44
4a4602387d08458c463be57a26e74dc91d58e218,1653.17
f70a7bc0e596651f81d4e47726d104d9f6db3acd,1649.51
603261dd12a6703a9e81c59bf73a894edb1f93f3,1674.79
39f986b5b3672009ea7fde7647318472c8713e6f,1665.90
4a4602387d08458c463be57a26e74dc91d58e218,1656.35
f9154f031139fc0cb0cab48c3d47b69a1bc3ae4d,1436.95
dab13b2fd3288b44a3c83c3559991a97231dfcbc,1674.51
46ec1a17bf33e6b8b41e3a525bce91a59e774178,1639.89
38fec07573b85665c12b60de2f799f68c3b1b1c8,1629.29
aa6e0d92728d67e242515d41c14188d5efe1c730,1447.97
47491d88c1be3bea26d22a109d9ff6cc925100af,1689.62
47491d88c1be3bea26d22a109d9ff6cc925100af,1717.71
1edd1431a42dcc092a91a5d91962e31f06a24c85,1661.30
9d15c00dafdbd472d744e994068d3733a5da9f52,1443.62
78383995e7cf5f0c6a068a94aea3e0c0dc10e73d,1542.33
9d15c00dafdbd472d744e994068d3733a5da9f52,1457.56
6b96c742ef84bd0347d3338aff13ed6da8278b1f,1674.87
dec21ef066af58e694b48ff483079f346ba5c217,1681.19
dab13b2fd3288b44a3c83c3559991a97231dfcbc,1657.78
f5851510fd1cca221434a38f837b058e267f4cd0,1676.38
c4dd25ee7257748cbf1f9e54ee0885d462d18694,1653.74
ae4dfd28bb80228bb87f1dd7c6dff40fd21edb14,1480.59
4fcd4f855e0d4a6424353b7e2d70c37cfbc6fde7,1468.58
e10e04da6c7d93daf5f74d449594cba7ea3683e3,1472.79
e62e49d51ead15fe1d9344a756d4a9a18e44a5ca,1766.92
e3e22ad52b910abf673e5c2929d4565633c728c0,1728.76
3ef2e6eaf1ad1912bffbe41a9884819a89ff7a58,1684.32
5ec472da5f5b48ecf38027d81fde2f22ddb85a54,1454.23
c09c1f51f4779d259df0423119a83ebe8aa3b86d,1574.63
e62e49d51ead15fe1d9344a756d4a9a18e44a5ca,1721.47
f70a7bc0e596651f81d4e47726d104d9f6db3acd,1671.45
001752f1a0b73ae17668dc9fd4c5942424a6c1e2,1459.46
001b4dda1f1728dcfc29c7af37b473c3f8c3d756,1660.97
ada7794966061a40f7324bd9d3e2f02a1cd2ad91,1657.74
3ef2e6eaf1ad1912bffbe41a9884819a89ff7a58,1706.12
001752f1a0b73ae17668dc9fd4c5942424a6c1e2,1458.23
34a0ed4d06c31b901641d6af638416ed69d62287,1668.97
dec21ef066af58e694b48ff483079f346ba5c217,1669.37
29bc6f50c0a31614835e9378f0d30fcae9bcc2e8,1545.05
ada7794966061a40f7324bd9d3e2f02a1cd2ad91,1701.13
f5851510fd1cca221434a38f837b058e267f4cd0,1663.80
1222bd183cb699d1cc4e90996156b9c959d980f4,1653.67
46ec1a17bf33e6b8b41e3a525bce91a59e774178,1681.48
37043421d95508823b888c6ddabd45deab62c496,1511.82
af7999df5214d20175e58de6ff11f8ec4d520efe,1677.76
603261dd12a6703a9e81c59bf73a894edb1f93f3,1717.13
6bffda376d35aaa5101115013b49b655f396c15c,1544.27
7693192fb34380328936a73f8c8cc346893a457a,1668.68
969cb7865bddb3e8cc36a0054c65e2f964b3d2c8,1664.10
8f0dc293c9c34ef9b7715493a423df88a06bed1d,1646.70
9d15c00dafdbd472d744e994068d3733a5da9f52,1460.06
ada7794966061a40f7324bd9d3e2f02a1cd2ad91,1663.63
4a4602387d08458c463be57a26e74dc91d58e218,1646.03
c6208d2c8d3f3cb45215053f2656683844155e8a,1494.30
01b3900107114f441860ee3d03aba03caef42804,1456.15
005da925db2ff5fe592b79c1a4d77cb91882fcf0,1544.31
9c437b4b961c6ed8a52ccb0a1be58de51f2e1e57,1687.12
c32924fbde89766b2b59f45e5820d373559f92d1,1458.21
dec21ef066af58e694b48ff483079f346ba5c217,1668.96
85a4fa2fb8e979b7bc3197aa7c9b822ab2052e38,1551.38
6b5dbd0b7906842345194c0c863f2575b533786d,1684.71
c4dd25ee7257748cbf1f9e54ee0885d462d18694,1668.82
a36c140174a86d0c1d49415af1fbe3a419565bf5,1484.49
e3e22ad52b910abf673e5c2929d4565633c728c0,1779.59
3451eeb73d073ef3c8a6f99d3c38b8c5f62fb54b,1655.52
78383995e7cf5f0c6a068a94aea3e0c0dc10e73d,1546.14
e10e04da6c7d93daf5f74d449594cba7ea3683e3,1450.18
f70a7bc0e596651f81d4e47726d104d9f6db3acd,1685.47
47491d88c1be3bea26d22a109d9ff6cc925100af,1656.42
37043421d95508823b888c6ddabd45deab62c496,1525.01
41dc7cdc29becc144ec4ce7b9da8d2e1b1b163b9,1651.89
0270598732b77c25e643e4e1b1e4347fd8037dfa,1578.00
0844e2105e4f45e036f6748e2e748e44b588ffc4,1460.99
1edd1431a42dcc092a91a5d91962e31f06a24c85,1658.16
38fec07573b85665c12b60de2f799f68c3b1b1c8,1654.97
4daca1dede2a1cb90ba7d15056ad5e317b823794,1675.27
85a4fa2fb8e979b7bc3197aa7c9b822ab2052e38,1528.71
7707efccded0f1cca2efc8ab961f64bc0b204cd4,1526.19
7707efccded0f1cca2efc8ab961f64bc0b204cd4,1558.13
34a0ed4d06c31b901641d6af638416ed69d62287,1677.65
9c437b4b961c6ed8a52ccb0a1be58de51f2e1e57,1676.18
c09c1f51f4779d259df0423119a83ebe8aa3b86d,1533.53
f0d878210fb83c58c3a1a99a138dec86ec542a08,1644.35
78383995e7cf5f0c6a068a94aea3e0c0dc10e73d,1548.25
f0d878210fb83c58c3a1a99a138dec86ec542a08,1698.67
c4cdf1353370dcc327e68f27df8e8f40aca9f6b0,1641.92
92a4269c1d00ae77e838e1e701bcc9bf087a730a,1538.48
85a4fa2fb8e979b7bc3197aa7c9b822ab2052e38,1573.55
da185458a86a9a820e2b522e40b6df597d4f31f8,1628.19
8e24baa98882ce2682911ac53d5f7ec088e016b3,1643.55
dab13b2fd3288b44a3c83c3559991a97231dfcbc,1694.62
41dc7cdc29becc144ec4ce7b9da8d2e1b1b163b9,1680.37
c32924fbde89766b2b59f45e5820d373559f92d1,1462.32
001b4dda1f1728dcfc29c7af37b473c3f8c3d756,1677.28
3082a4f3b3bdf4b2ce5c2cf8ec6a35392d60f20f,1453.88
4a4602387d08458c463be57a26e74dc91d58e218,1680.64
c988d5e97606042ed3af020fd2e5f33a59a66c08,1454.81
aa6e0d92728d67e242515d41c14188d5efe1c730,1491.69
1edd1431a42dcc092a91a5d91962e31f06a24c85,1652.99
a36c140174a86d0c1d49415af1fbe3a419565bf5,1475.02
ada7794966061a40f7324bd9d3e2f02a1cd2ad91,1678.64
1e28d5258ae8073e4456d43e95bd107a37504c9b,1738.28
85a4fa2fb8e979b7bc3197aa7c9b822ab2052e38,1559.08
8e24baa98882ce2682911ac53d5f7ec088e016b3,1675.21
453af8c1c8475260ed67da7ca201823158c23d63,1429.27
4a4602387d08458c463be57a26e74dc91d58e218,1651.31
1e28d5258ae8073e4456d43e95bd107a37504c9b,1666.16
59ba3f167adf8d506401db482f67af0e5f6d2ab5,1439.44
aa6e0d92728d67e242515d41c14188d5efe1c730,1473.68
46ec1a17bf33e6b8b41e3a525bce91a59e774178,1684.86
fe2d9e27982779a082680c9e28026e2a0df2c4ce,1683.02
da185458a86a9a820e2b522e40b6df597d4f31f8,1684.71
0270598732b77c25e643e4e1b1e4347fd8037dfa,1548.33
206cba0835e5f3a95732a9d49e0403c701740f03,1670.50
0270598732b77c25e643e4e1b1e4347fd8037dfa,1540.70
38fec07573b85665c12b60de2f799f68c3b1b1c8,1639.03
61923e0455c46cc6320188b13c613302f01e7880,1466.31
aabf0b0dbb19f6ff13f28cf1b5033b1661437a71,1520.11
63023f8b29048e2768cb6c0cfa5c168357b2955d,1475.48
4a4602387d08458c463be57a26e74dc91d58e218,1703.49
c347db4cf3f5a9523434f21113ca03b4dd1aaff6,1750.85
6bffda376d35aaa5101115013b49b655f396c15c,1542.65
74f6592ca5e92c6065dd7a76d730e014f2eb3f5e,1671.94
2c7c04744c048e62bfa505dbb858a9458c193c03,1670.75
fe2d9e27982779a082680c9e28026e2a0df2c4ce,1683.65
01c823e35033c86a3247c451891d13df1ed2ee11,1694.81
470b9388d58fa113f25dc39b17bdcabb4deaca3f,1682.25
464dc271b67881e2b7ccd98ac8df2b48479f5436,1663.07
a36c140174a86d0c1d49415af1fbe3a419565bf5,1548.37
ec7fcd3b76af03f32f6b0a221acc66d7efb6d9be,1688.56
9329ae9ea40ebd2dca20413857dea293e83456f2,1646.72
e5eee65f0e1da93e67094fe6d6dc4a83983cc6c6,1667.33
c7f0005db7165d1c276eaa3c63ef512326a8f72c,1670.33
78383995e7cf5f0c6a068a94aea3e0c0dc10e73d,1552.16
c4dd25ee7257748cbf1f9e54ee0885d462d18694,1679.30
1edd1431a42dcc092a91a5d91962e31f06a24c85,1668.20
01b3900107114f441860ee3d03aba03caef42804,1485.46
9329ae9ea40ebd2dca20413857dea293e83456f2,1648.83
46ec1a17bf33e6b8b41e3a525bce91a59e774178,1647.52
dcb4f799123febff991e64ff24b7d20538e34ff1,1674.99
f9154f031139fc0cb0cab48c3d47b69a1bc3ae4d,1459.57
39f986b5b3672009ea7fde7647318472c8713e6f,1650.99
e5eee65f0e1da93e67094fe6d6dc4a83983cc6c6,1662.38
01c823e35033c86a3247c451891d13df1ed2ee11,1661.43
f5851510fd1cca221434a38f837b058e267f4cd0,1634.73
29bc6f50c0a31614835e9378f0d30fcae9bcc2e8,1508.05
0844e2105e4f45e036f6748e2e748e44b588ffc4,1469.24
7693192fb34380328936a73f8c8cc346893a457a,1648.05
2b3c4e17d9b42a54957463cebc763213da7ea00d,1773.87
e5eee65f0e1da93e67094fe6d6dc4a83983cc6c6,1656.68
c4cdf1353370dcc327e68f27df8e8f40aca9f6b0,1683.79
38fec07573b85665c12b60de2f799f68c3b1b1c8,1643.79
1a68cc9b8133cb847268b1b1fc00a6edf4a74bcb,1456.01
8f0dc293c9c34ef9b7715493a423df88a06bed1d,1689.23
4a4602387d08458c463be57a26e74dc91d58e218,1622.72
9329ae9ea40ebd2dca20413857dea293e83456f2,1659.01
c6208d2c8d3f3cb45215053f2656683844155e8a,1514.06
eb95db79108f2339521bf40d72100b1fef835782,1553.93
969cb7865bddb3e8cc36a0054c65e2f964b3d2c8,1702.30
7693192fb34380328936a73f8c8cc346893a457a,1645.61
92a4269c1d00ae77e838e1e701bcc9bf087a730a,1513.47
46ec1a17bf33e6b8b41e3a525bce91a59e774178,1657.17
062d1900f7c57c366d5512e428ed30c71a1536ad,1471.37
df347747385e6d30d2899262125cd20a08bfa9e6,1447.51
37043421d95508823b888c6ddabd45deab62c496,1563.30
47491d88c1be3bea26d22a109d9ff6cc925100af,1725.42
6b5dbd0b7906842345194c0c863f2575b533786d,1689.81
ae4dfd28bb80228bb87f1dd7c6dff40fd21edb14,1442.89
001b4dda1f1728dcfc29c7af37b473c3f8c3d756,1698.54
001b4dda1f1728dcfc29c7af37b473c3f8c3d756,1672.68
3082a4f3b3bdf4b2ce5c2cf8ec6a35392d60f20f,1471.12
3082a4f3b3bdf4b2ce5c2cf8ec6a35392d60f20f,1455.64
63023f8b29048e2768cb6c0cfa5c168357b2955d,1464.80
c7f0005db7165d1c276eaa3c63ef512326a8f72c,1692.40
01b3900107114f441860ee3d03aba03caef42804,1481.95
eb95db79108f2339521bf40d72100b1fef835782,1556.69
001b4dda1f1728dcfc29c7af37b473c3f8c3d756,1693.28
7693192fb34380328936a73f8c8cc346893a457a,1631.34
da185458a86a9a820e2b522e40b6df597d4f31f8,1637.94
f9154f031139fc0cb0cab48c3d47b69a1bc3ae4d,1472.20
92a4269c1d00ae77e838e1e701bcc9bf087a730a,1521.95
29bc6f50c0a31614835e9378f0d30fcae9bcc2e8,1579.35
da185458a86a9a820e2b522e40b6df597d4f31f8,1631.60
5ec472da5f5b48ecf38027d81fde2f22ddb85a54,1465.48
453af8c1c8475260ed67da7ca201823158c23d63,1474.50
9d15c00dafdbd472d744e994068d3733a5da9f52,1487.63
2c7c04744c048e62bfa505dbb858a9458c193c03,1670.86
c32924fbde89766b2b59f45e5820d373559f92d1,1461.25
01c823e35033c86a3247c451891d13df1ed2ee11,1653.39
5c4c09a5cbf1271ceeac32452cbc77d0795b81f9,1444.72
85a4fa2fb8e979b7bc3197aa7c9b822ab2052e38,1540.32
8ecb39eb4ec4e50126853ab05d54f7dd4f392de2,1460.48
1e28d5258ae8073e4456d43e95bd107a37504c9b,1644.65
f70a7bc0e596651f81d4e47726d104d9f6db3acd,1656.21
969cb7865bddb3e8cc36a0054c65e2f964b3d2c8,1649.68
f5851510fd1cca221434a38f837b058e267f4cd0,1667.04
e62e49d51ead15fe1d9344a756d4a9a18e44a5ca,1717.56
e62e49d51ead15fe1d9344a756d4a9a18e44a5ca,1753.36
c4dd25ee7257748cbf1f9e54ee0885d462d18694,1657.36
29bc6f50c0a31614835e9378f0d30fcae9bcc2e8,1526.95
5e498c66c54966479c523b421466ace40c6d2ea6,1639.51
39f986b5b3672009ea7fde7647318472c8713e6f,1653.26
ec7fcd3b76af03f32f6b0a221acc66d7efb6d9be,1646.58
df347747385e6d30d2899262125cd20a08bfa9e6,1475.53
63023f8b29048e2768cb6c0cfa5c168357b2955d,1450.47
fe2d9e27982779a082680c9e28026e2a0df2c4ce,1643.26
f5851510fd1cca221434a38f837b058e267f4cd0,1662.95
001b4dda1f1728dcfc29c7af37b473c3f8c3d756,1668.19
63023f8b29048e2768cb6c0cfa5c168357b2955d,1449.11
3ef2e6eaf1ad1912bffbe41a9884819a89ff7a58,1671.84
6c413dffdc415ec6cc7f661604635f2d9ef6ca5b,1478.13
6681be4553ae9e4153fdabf006655b84dd161160,1536.72
df347747385e6d30d2899262125cd20a08bfa9e6,1458.25
001b4dda1f1728dcfc29c7af37b473c3f8c3d756,1667.22
c347db4cf3f5a9523434f21113ca03b4dd1aaff6,1758.36
603261dd12a6703a9e81c59bf73a894edb1f93f3,1656.68
47491d88c1be3bea26d22a109d9ff6cc925100af,1701.41
8f0dc293c9c34ef9b7715493a423df88a06bed1d,1670.32
3c36fd078bd9d694855c5fe8fae05e05d5c441ca,1452.83
47491d88c1be3bea26d22a109d9ff6cc925100af,1738.22
c09c1f51f4779d259df0423119a83ebe8aa3b86d,1529.72
9329ae9ea40ebd2dca20413857dea293e83456f2,1724.00
63023f8b29048e2768cb6c0cfa5c168357b2955d,1449.10
c32924fbde89766b2b59f45e5820d373559f92d1,1473.72
3082a4f3b3bdf4b2ce5c2cf8ec6a35392d60f20f,1457.36
001b4dda1f1728dcfc29c7af37b473c3f8c3d756,1675.48
5c4c09a5cbf1271ceeac32452cbc77d0795b81f9,1449.67
731d9011a38200cb31622530724e2d345cef3d3e,1643.85
005da925db2ff5fe592b79c1a4d77cb91882fcf0,1532.56
3ef2e6eaf1ad1912bffbe41a9884819a89ff7a58,1684.67
f9154f031139fc0cb0cab48c3d47b69a1bc3ae4d,1475.61
af7999df5214d20175e58de6ff11f8ec4d520efe,1670.43
0844e2105e4f45e036f6748e2e748e44b588ffc4,1457.11
9d15c00dafdbd472d744e994068d3733a5da9f52,1448.84
6bffda376d35aaa5101115013b49b655f396c15c,1545.60
63023f8b29048e2768cb6c0cfa5c168357b2955d,1494.59
603261dd12a6703a9e81c59bf73a894edb1f93f3,1657.77
c4dd25ee7257748cbf1f9e54ee0885d462d18694,1677.66
63023f8b29048e2768cb6c0cfa5c168357b2955d,1485.00
ec7fcd3b76af03f32f6b0a221acc66d7efb6d9be,1679.60
731d9011a38200cb31622530724e2d345cef3d3e,1690.81
5ec472da5f5b48ecf38027d81fde2f22ddb85a54,1491.44
3c36fd078bd9d694855c5fe8fae05e05d5c441ca,1453.74
f5851510fd1cca221434a38f837b058e267f4cd0,1697.97
fe2d9e27982779a082680c9e28026e2a0df2c4ce,1655.79
6cf89b49d70d0ed561881c9654abee6efbcbb439,1655.03
6b96c742ef84bd0347d3338aff13ed6da8278b1f,1702.82
fe2d9e27982779a082680c9e28026e2a0df2c4ce,1663.16
6681be4553ae9e4153fdabf006655b84dd161160,1525.79
e10e04da6c7d93daf5f74d449594cba7ea3683e3,1465.03
c9695d66b43c7b5087e2de9d55f03c3cdb006d34,1493.02
c988d5e97606042ed3af020fd2e5f33a59a66c08,1478.70
6c413dffdc415ec6cc7f661604635f2d9ef6ca5b,1468.02
1222bd183cb699d1cc4e90996156b9c959d980f4,1663.51
c9695d66b43c7b5087e2de9d55f03c3cdb006d34,1506.35
3c36fd078bd9d694855c5fe8fae05e05d5c441ca,1455.38
453af8c1c8475260ed67da7ca201823158c23d63,1433.58
aa6e0d92728d67e242515d41c14188d5efe1c730,1490.38
470b9388d58fa113f25dc39b17bdcabb4deaca3f,1683.37
c32924fbde89766b2b59f45e5820d373559f92d1,1479.93
5c4c09a5cbf1271ceeac32452cbc77d0795b81f9,1446.44
19f64bd382a38c7d961ce3ee1c08d3e3ceb12cc9,1716.14
1a68cc9b8133cb847268b1b1fc00a6edf4a74bcb,1449.64
731d9011a38200cb31622530724e2d345cef3d3e,1652.01
9329ae9ea40ebd2dca20413857dea293e83456f2,1689.28
6bffda376d35aaa5101115013b49b655f396c15c,1535.06
63023f8b29048e2768cb6c0cfa5c168357b2955d,1465.10
c7f0005db7165d1c276eaa3c63ef512326a8f72c,1729.39
969cb7865bddb3e8cc36a0054c65e2f964b3d2c8,1679.13
da185458a86a9a820e2b522e40b6df597d4f31f8,1672.94
1a031b6742464a6dbb5b42c5132a75e46a45c180,1498.40
001752f1a0b73ae17668dc9fd4c5942424a6c1e2,1443.21
85a4fa2fb8e979b7bc3197aa7c9b822ab2052e38,1545.68
63023f8b29048e2768cb6c0cfa5c168357b2955d,1442.30
59ba3f167adf8d506401db482f67af0e5f6d2ab5,1471.79
4fcd4f855e0d4a6424353b7e2d70c37cfbc6fde7,1488.71
01b3900107114f441860ee3d03aba03caef42804,1468.06
01c823e35033c86a3247c451891d13df1ed2ee11,1681.63
a36c140174a86d0c1d49415af1fbe3a419565bf5,1469.35
1edd1431a42dcc092a91a5d91962e31f06a24c85,1701.39
4a4602387d08458c463be57a26e74dc91d58e218,1652.33
1e28d5258ae8073e4456d43e95bd107a37504c9b,1667.41
44460bc146222adbaafbab01b8681e1005da0b66,1645.57
8f0dc293c9c34ef9b7715493a423df88a06bed1d,1644.54
aabf0b0dbb19f6ff13f28cf1b5033b1661437a71,1575.82
8ecb39eb4ec4e50126853ab05d54f7dd4f392de2,1451.20
c347db4cf3f5a9523434f21113ca03b4dd1aaff6,1774.61
603261dd12a6703a9e81c59bf73a894edb1f93f3,1673.86
5ec472da5f5b48ecf38027d81fde2f22ddb85a54,1474.26
3ef2e6eaf1ad1912bffbe41a9884819a89ff7a58,1642.85
8ecb39eb4ec4e50126853ab05d54f7dd4f392de2,1443.12
39f986b5b3672009ea7fde7647318472c8713e6f,1676.44
19f64bd382a38c7d961ce3ee1c08d3e3ceb12cc9,1663.85
e62e49d51ead15fe1d9344a756d4a9a18e44a5ca,1806.46
9329ae9ea40ebd2dca20413857dea293e83456f2,1667.73
a36c140174a86d0c1d49415af1fbe3a419565bf5,1485.80
453af8c1c8475260ed67da7ca201823158c23d63,1466.02
001752f1a0b73ae17668dc9fd4c5942424a6c1e2,1462.86
5e498c66c54966479c523b421466ace40c6d2ea6,1681.97
0844e2105e4f45e036f6748e2e748e44b588ffc4,1470.20
1a031b6742464a6dbb5b42c5132a75e46a45c180,1495.87
dab13b2fd3288b44a3c83c3559991a97231dfcbc,1633.53
f5851510fd1cca221434a38f837b058e267f4cd0,1676.56
6b5dbd0b7906842345194c0c863f2575b533786d,1677.99
453af8c1c8475260ed67da7ca201823158c23d63,1439.22
37043421d95508823b888c6ddabd45deab62c496,1553.94
c4cdf1353370dcc327e68f27df8e8f40aca9f6b0,1644.77
9c437b4b961c6ed8a52ccb0a1be58de51f2e1e57,1693.98
37043421d95508823b888c6ddabd45deab62c496,1498.84
ccea63a4eb3c76a82b609fdfab39300034d5bd63,1462.00
6cf89b49d70d0ed561881c9654abee6efbcbb439,1737.04
c09c1f51f4779d259df0423119a83ebe8aa3b86d,1528.65
464dc271b67881e2b7ccd98ac8df2b48479f5436,1674.62
da185458a86a9a820e2b522e40b6df597d4f31f8,1643.61
78383995e7cf5f0c6a068a94aea3e0c0dc10e73d,1527.37
01b3900107114f441860ee3d03aba03caef42804,1438.55
41dc7cdc29becc144ec4ce7b9da8d2e1b1b163b9,1660.02
c6208d2c8d3f3cb45215053f2656683844155e8a,1493.72
e5eee65f0e1da93e67094fe6d6dc4a83983cc6c6,1673.57
dec21ef066af58e694b48ff483079f346ba5c217,1648.08
e10e04da6c7d93daf5f74d449594cba7ea3683e3,1452.98
41dc7cdc29becc144ec4ce7b9da8d2e1b1b163b9,1676.53
5ec472da5f5b48ecf38027d81fde2f22ddb85a54,1463.11
44460bc146222adbaafbab01b8681e1005da0b66,1680.94
0270598732b77c25e643e4e1b1e4347fd8037dfa,1587.56
f0d878210fb83c58c3a1a99a138dec86ec542a08,1666.53
7707efccded0f1cca2efc8ab961f64bc0b204cd4,1504.59
38fec07573b85665c12b60de2f799f68c3b1b1c8,1672.58
c09c1f51f4779d259df0423119a83ebe8aa3b86d,1528.92
63023f8b29048e2768cb6c0cfa5c168357b2955d,1490.24
ec7fcd3b76af03f32f6b0a221acc66d7efb6d9be,1671.42
e975f4f5085cb4bb779c160cb5b1e0f6438a2b06,1732.69
74f6592ca5e92c6065dd7a76d730e014f2eb3f5e,1664.46
e62e49d51ead15fe1d9344a756d4a9a18e44a5ca,1793.10
6cf89b49d70d0ed561881c9654abee6efbcbb439,1673.96
ccea63a4eb3c76a82b609fdfab39300034d5bd63,1464.27
e10e04da6c7d93daf5f74d449594cba7ea3683e3,1440.34
9c437b4b961c6ed8a52ccb0a1be58de51f2e1e57,1654.94
5e498c66c54966479c523b421466ace40c6d2ea6,1678.77
8e24baa98882ce2682911ac53d5f7ec088e016b3,1670.87
46ec1a17bf33e6b8b41e3a525bce91a59e774178,1670.37
f9154f031139fc0cb0cab48c3d47b69a1bc3ae4d,1488.88
c347db4cf3f5a9523434f21113ca03b4dd1aaff6,1760.61
78383995e7cf5f0c6a068a94aea3e0c0dc10e73d,1584.39
eb95db79108f2339521bf40d72100b1fef835782,1550.33
59ba3f167adf8d506401db482f67af0e5f6d2ab5,1445.89
3082a4f3b3bdf4b2ce5c2cf8ec6a35392d60f20f,1472.41
3451eeb73d073ef3c8a6f99d3c38b8c5f62fb54b,1657.58
f0d878210fb83c58c3a1a99a138dec86ec542a08,1641.70
df347747385e6d30d2899262125cd20a08bfa9e6,1447.38
8e24baa98882ce2682911ac53d5f7ec088e016b3,1695.23
92a4269c1d00ae77e838e1e701bcc9bf087a730a,1582.51
969cb7865bddb3e8cc36a0054c65e2f964b3d2c8,1653.48
4fcd4f855e0d4a6424353b7e2d70c37cfbc6fde7,1458.08
464dc271b67881e2b7ccd98ac8df2b48479f5436,1643.09
5ec472da5f5b48ecf38027d81fde2f22ddb85a54,1485.62
f0d878210fb83c58c3a1a99a138dec86ec542a08,1665.35
9329ae9ea40ebd2dca20413857dea293e83456f2,1657.02
062d1900f7c57c366d5512e428ed30c71a1536ad,1465.60
f23eff37735fab57d513346e63f7e9f3245f45d9,1739.54
1a68cc9b8133cb847268b1b1fc00a6edf4a74bcb,1451.41
6b96c742ef84bd0347d3338aff13ed6da8278b1f,1676.11
ae4dfd28bb80228bb87f1dd7c6dff40fd21edb14,1454.71
9d15c00dafdbd472d744e994068d3733a5da9f52,1484.50
0844e2105e4f45e036f6748e2e748e44b588ffc4,1451.04
41dc7cdc29becc144ec4ce7b9da8d2e1b1b163b9,1660.86
7693192fb34380328936a73f8c8cc346893a457a,1665.56
c4dd25ee7257748cbf1f9e54ee0885d462d18694,1681.41
6cf89b49d70d0ed561881c9654abee6efbcbb439,1668.50
c988d5e97606042ed3af020fd2e5f33a59a66c08,1445.32
1a68cc9b8133cb847268b1b1fc00a6edf4a74bcb,1467.28
3451eeb73d073ef3c8a6f99d3c38b8c5f62fb54b,1731.13
1a031b6742464a6dbb5b42c5132a75e46a45c180,1501.29
59ba3f167adf8d506401db482f67af0e5f6d2ab5,1456.11
af7999df5214d20175e58de6ff11f8ec4d520efe,1661.43
f23eff37735fab57d513346e63f7e9f3245f45d9,1708.22
9c437b4b961c6ed8a52ccb0a1be58de51f2e1e57,1656.30
85a4fa2fb8e979b7bc3197aa7c9b822ab2052e38,1550.05
e10e04da6c7d93daf5f74d449594cba7ea3683e3,1458.12
c4dd25ee7257748cbf1f9e54ee0885d462d18694,1660.39
29bc6f50c0a31614835e9378f0d30fcae9bcc2e8,1523.40
470b9388d58fa113f25dc39b17bdcabb4deaca3f,1649.94
aabf0b0dbb19f6ff13f28cf1b5033b1661437a71,1557.50
8f0dc293c9c34ef9b7715493a423df88a06bed1d,1657.10
f70a7bc0e596651f81d4e47726d104d9f6db3acd,1641.82
dec21ef066af58e694b48ff483079f346ba5c217,1664.02
2c7c04744c048e62bfa505dbb858a9458c193c03,1663.18
47491d88c1be3bea26d22a109d9ff6cc925100af,1659.53
6c413dffdc415ec6cc7f661604635f2d9ef6ca5b,1463.35
f23eff37735fab57d513346e63f7e9f3245f45d9,1729.21
206cba0835e5f3a95732a9d49e0403c701740f03,1726.70
603261dd12a6703a9e81c59bf73a894edb1f93f3,1683.66
7707efccded0f1cca2efc8ab961f64bc0b204cd4,1496.13
ec7fcd3b76af03f32f6b0a221acc66d7efb6d9be,1692.77
4a4602387d08458c463be57a26e74dc91d58e218,1645.78
df347747385e6d30d2899262125cd20a08bfa9e6,1465.62
c4dd25ee7257748cbf1f9e54ee0885d462d18694,1664.59
ada7794966061a40f7324bd9d3e2f02a1cd2ad91,1656.31
6cf89b49d70d0ed561881c9654abee6efbcbb439,1651.74
206cba0835e5f3a95732a9d49e0403c701740f03,1647.38
e3e22ad52b910abf673e5c2929d4565633c728c0,1781.50
0270598732b77c25e643e4e1b1e4347fd8037dfa,1537.61
005da925db2ff5fe592b79c1a4d77cb91882fcf0,1534.77
74f6592ca5e92c6065dd7a76d730e014f2eb3f5e,1643.54
34a0ed4d06c31b901641d6af638416ed69d62287,1709.96
39f986b5b3672009ea7fde7647318472c8713e6f,1668.97
1a68cc9b8133cb847268b1b1fc00a6edf4a74bcb,1505.26
062d1900f7c57c366d5512e428ed30c71a1536ad,1466.22
7693192fb34380328936a73f8c8cc346893a457a,1685.15
34a0ed4d06c31b901641d6af638416ed69d62287,1651.90
fe2d9e27982779a082680c9e28026e2a0df2c4ce,1659.99
603261dd12a6703a9e81c59bf73a894edb1f93f3,1685.08
41dc7cdc29becc144ec4ce7b9da8d2e1b1b163b9,1662.85
c32924fbde89766b2b59f45e5820d373559f92d1,1508.46
731d9011a38200cb31622530724e2d345cef3d3e,1700.36
c9695d66b43c7b5087e2de9d55f03c3cdb006d34,1487.72
85a4fa2fb8e979b7bc3197aa7c9b822ab2052e38,1533.01
c4dd25ee7257748cbf1f9e54ee0885d462d18694,1721.73
eb95db79108f2339521bf40d72100b1fef835782,1527.36
464dc271b67881e2b7ccd98ac8df2b48479f5436,1649.06
e5eee65f0e1da93e67094fe6d6dc4a83983cc6c6,1648.57
1a031b6742464a6dbb5b42c5132a75e46a45c180,1474.64
63023f8b29048e2768cb6c0cfa5c168357b2955d,1456.88
206cba0835e5f3a95732a9d49e0403c701740f03,1658.20
c7f0005db7165d1c276eaa3c63ef512326a8f72c,1700.73
e3e22ad52b910abf673e5c2929d4565633c728c0,1726.50
e975f4f5085cb4bb779c160cb5b1e0f6438a2b06,1669.76
c988d5e97606042ed3af020fd2e5f33a59a66c08,1461.07
41dc7cdc29becc144ec4ce7b9da8d2e1b1b163b9,1644.27
fe2d9e27982779a082680c9e28026e2a0df2c4ce,1647.04
5e498c66c54966479c523b421466ace40c6d2ea6,1658.81
e62e49d51ead15fe1d9344a756d4a9a18e44a5ca,1744.89
453385491ae2a17e955a33362099cd78e9c8133c,1654.14
6b96c742ef84bd0347d3338aff13ed6da8278b1f,1692.88
74f6592ca5e92c6065dd7a76d730e014f2eb3f5e,1650.89
206cba0835e5f3a95732a9d49e0403c701740f03,1676.74
78383995e7cf5f0c6a068a94aea3e0c0dc10e73d,1669.69
3451eeb73d073ef3c8a6f99d3c38b8c5f62fb54b,1666.60
731d9011a38200cb31622530724e2d345cef3d3e,1681.38
c7f0005db7165d1c276eaa3c63ef512326a8f72c,1679.09
453af8c1c8475260ed67da7ca201823158c23d63,1477.27
f0d878210fb83c58c3a1a99a138dec86ec542a08,1708.29
7693192fb34380328936a73f8c8cc346893a457a,1664.66
01b3900107114f441860ee3d03aba03caef42804,1465.64
85a4fa2fb8e979b7bc3197aa7c9b822ab2052e38,1542.26
6681be4553ae9e4153fdabf006655b84dd161160,1549.70
eb95db79108f2339521bf40d72100b1fef835782,1524.49
4a4602387d08458c463be57a26e74dc91d58e218,1632.69
29bc6f50c0a31614835e9378f0d30fcae9bcc2e8,1559.94
6c413dffdc415ec6cc7f661604635f2d9ef6ca5b,1465.89
da185458a86a9a820e2b522e40b6df597d4f31f8,1665.32
34a0ed4d06c31b901641d6af638416ed69d62287,1671.53
001b4dda1f1728dcfc29c7af37b473c3f8c3d756,1659.87
19f64bd382a38c7d961ce3ee1c08d3e3ceb12cc9,1659.52
2b3c4e17d9b42a54957463cebc763213da7ea00d,1773.67
37043421d95508823b888c6ddabd45deab62c496,1522.15
f9154f031139fc0cb0cab48c3d47b69a1bc3ae4d,1470.12
6b5dbd0b7906842345194c0c863f2575b533786d,1643.50
7707efccded0f1cca2efc8ab961f64bc0b204cd4,1524.33
e62e49d51ead15fe1d9344a756d4a9a18e44a5ca,1727.16
c4dd25ee7257748cbf1f9e54ee0885d462d18694,1706.53
5e498c66c54966479c523b421466ace40c6d2ea6,1662.72
470b9388d58fa113f25dc39b17bdcabb4deaca3f,1679.03
61923e0455c46cc6320188b13c613302f01e7880,1457.34
aabf0b0dbb19f6ff13f28cf1b5033b1661437a71,1521.54
ada7794966061a40f7324bd9d3e2f02a1cd2ad91,1646.43
464dc271b67881e2b7ccd98ac8df2b48479f5436,1677.74
ada7794966061a40f7324bd9d3e2f02a1cd2ad91,1649.38
e5eee65f0e1da93e67094fe6d6dc4a83983cc6c6,1659.12
f0d878210fb83c58c3a1a99a138dec86ec542a08,1677.81
47491d88c1be3bea26d22a109d9ff6cc925100af,1665.80
7693192fb34380328936a73f8c8cc346893a457a,1684.94
1e28d5258ae8073e4456d43e95bd107a37504c9b,1710.17
c6208d2c8d3f3cb45215053f2656683844155e8a,1471.92
e975f4f5085cb4bb779c160cb5b1e0f6438a2b06,1702.19
61923e0455c46cc6320188b13c613302f01e7880,1445.33
3ef2e6eaf1ad1912bffbe41a9884819a89ff7a58,1675.79
f5851510fd1cca221434a38f837b058e267f4cd0,1649.59
1a031b6742464a6dbb5b42c5132a75e46a45c180,1501.75
e975f4f5085cb4bb779c160cb5b1e0f6438a2b06,1671.85
6681be4553ae9e4153fdabf006655b84dd161160,1514.98
470b9388d58fa113f25dc39b17bdcabb4deaca3f,1656.45
9d15c00dafdbd472d744e994068d3733a5da9f52,1472.96
dec21ef066af58e694b48ff483079f346ba5c217,1677.97
464dc271b67881e2b7ccd98ac8df2b48479f5436,1677.03
3ef2e6eaf1ad1912bffbe41a9884819a89ff7a58,1642.07
01b3900107114f441860ee3d03aba03caef42804,1449.85
8e24baa98882ce2682911ac53d5f7ec088e016b3,1657.86
731d9011a38200cb31622530724e2d345cef3d3e,1738.33
005da925db2ff5fe592b79c1a4d77cb91882fcf0,1526.63
da185458a86a9a820e2b522e40b6df597d4f31f8,1673.65
c9695d66b43c7b5087e2de9d55f03c3cdb006d34,1469.51
47491d88c1be3bea26d22a109d9ff6cc925100af,1663.62
464dc271b67881e2b7ccd98ac8df2b48479f5436,1688.82
aa6e0d92728d67e242515d41c14188d5efe1c730,1448.43
0270598732b77c25e643e4e1b1e4347fd8037dfa,1533.84
c9695d66b43c7b5087e2de9d55f03c3cdb006d34,1486.60
7693192fb34380328936a73f8c8cc346893a457a,1654.35
464dc271b67881e2b7ccd98ac8df2b48479f5436,1686.21
e5eee65f0e1da93e67094fe6d6dc4a83983cc6c6,1652.54
9d15c00dafdbd472d744e994068d3733a5da9f52,1460.06
1a68cc9b8133cb847268b1b1fc00a6edf4a74bcb,1452.69
6681be4553ae9e4153fdabf006655b84dd161160,1530.17
1a68cc9b8133cb847268b1b1fc00a6edf4a74bcb,1441.51
aa6e0d92728d67e242515d41c14188d5efe1c730,1451.94
df347747385e6d30d2899262125cd20a08bfa9e6,1453.51
df347747385e6d30d2899262125cd20a08bfa9e6,1459.12
34a0ed4d06c31b901641d6af638416ed69d62287,1648.69
5c4c09a5cbf1271ceeac32452cbc77d0795b81f9,1437.69
63023f8b29048e2768cb6c0cfa5c168357b2955d,1455.23
7707efccded0f1cca2efc8ab961f64bc0b204cd4,1540.36
ccea63a4eb3c76a82b609fdfab39300034d5bd63,1454.81
e5eee65f0e1da93e67094fe6d6dc4a83983cc6c6,1692.33
eb95db79108f2339521bf40d72100b1fef835782,1545.83
453385491ae2a17e955a33362099cd78e9c8133c,1660.46
8e24baa98882ce2682911ac53d5f7ec088e016b3,1684.03
59ba3f167adf8d506401db482f67af0e5f6d2ab5,1458.41
4fcd4f855e0d4a6424353b7e2d70c37cfbc6fde7,1447.40
2c7c04744c048e62bfa505dbb858a9458c193c03,1691.38
2c7c04744c048e62bfa505dbb858a9458c193c03,1682.75
470b9388d58fa113f25dc39b17bdcabb4deaca3f,1636.95
e62e49d51ead15fe1d9344a756d4a9a18e44a5ca,1739.58
c7f0005db7165d1c276eaa3c63ef512326a8f72c,1683.99
c4dd25ee7257748cbf1f9e54ee0885d462d18694,1666.93
e975f4f5085cb4bb779c160cb5b1e0f6438a2b06,1643.91
2b3c4e17d9b42a54957463cebc763213da7ea00d,1768.83
9d15c00dafdbd472d744e994068d3733a5da9f52,1457.43
74f6592ca5e92c6065dd7a76d730e014f2eb3f5e,1670.07
3082a4f3b3bdf4b2ce5c2cf8ec6a35392d60f20f,1483.39
f23eff37735fab57d513346e63f7e9f3245f45d9,1729.84
6b5dbd0b7906842345194c0c863f2575b533786d,1687.03
61923e0455c46cc6320188b13c613302f01e7880,1450.98
6bffda376d35aaa5101115013b49b655f396c15c,1550.79
206cba0835e5f3a95732a9d49e0403c701740f03,1668.80
062d1900f7c57c366d5512e428ed30c71a1536ad,1492.31
dab13b2fd3288b44a3c83c3559991a97231dfcbc,1668.21
062d1900f7c57c366d5512e428ed30c71a1536ad,1471.19
1a68cc9b8133cb847268b1b1fc00a6edf4a74bcb,1437.87
dcb4f799123febff991e64ff24b7d20538e34ff1,1755.36
005da925db2ff5fe592b79c1a4d77cb91882fcf0,1531.47
41dc7cdc29becc144ec4ce7b9da8d2e1b1b163b9,1670.27
01c823e35033c86a3247c451891d13df1ed2ee11,1659.75
4fcd4f855e0d4a6424353b7e2d70c37cfbc6fde7,1449.48
34a0ed4d06c31b901641d6af638416ed69d62287,1672.34
59ba3f167adf8d506401db482f67af0e5f6d2ab5,1438.25
731d9011a38200cb31622530724e2d345cef3d3e,1659.75
c347db4cf3f5a9523434f21113ca03b4dd1aaff6,1753.89
6c413dffdc415ec6cc7f661604635f2d9ef6ca5b,1470.95
731d9011a38200cb31622530724e2d345cef3d3e,1691.27
3082a4f3b3bdf4b2ce5c2cf8ec6a35392d60f20f,1472.86
38fec07573b85665c12b60de2f799f68c3b1b1c8,1714.04
1a68cc9b8133cb847268b1b1fc00a6edf4a74bcb,1453.56
6bffda376d35aaa5101115013b49b655f396c15c,1529.69
3451eeb73d073ef3c8a6f99d3c38b8c5f62fb54b,1640.59
34a0ed4d06c31b901641d6af638416ed69d62287,1648.64
ccea63a4eb3c76a82b609fdfab39300034d5bd63,1493.32
f70a7bc0e596651f81d4e47726d104d9f6db3acd,1682.91
453af8c1c8475260ed67da7ca201823158c23d63,1461.94
6b5dbd0b7906842345194c0c863f2575b533786d,1637.09
1222bd183cb699d1cc4e90996156b9c959d980f4,1666.44
9cb943a9f2ffeeca2adcd9aa3d127df249b75515,1462.73
9cb943a9f2ffeeca2adcd9aa3d127df249b75515,1466.45
85a4fa2fb8e979b7bc3197aa7c9b822ab2052e38,1548.26
3c36fd078bd9d694855c5fe8fae05e05d5c441ca,1435.61
1e28d5258ae8073e4456d43e95bd107a37504c9b,1704.31
01c823e35033c86a3247c451891d13df1ed2ee11,1688.96
e975f4f5085cb4bb779c160cb5b1e0f6438a2b06,1652.54
92a4269c1d00ae77e838e1e701bcc9bf087a730a,1548.48
f5851510fd1cca221434a38f837b058e267f4cd0,1653.72
5c4c09a5cbf1271ceeac32452cbc77d0795b81f9,1443.18
92a4269c1d00ae77e838e1e701bcc9bf087a730a,1541.11
c347db4cf3f5a9523434f21113ca03b4dd1aaff6,1790.09
f23eff37735fab57d513346e63f7e9f3245f45d9,1717.50
005da925db2ff5fe592b79c1a4d77cb91882fcf0,1537.77
c09c1f51f4779d259df0423119a83ebe8aa3b86d,1550.72
39f986b5b3672009ea7fde7647318472c8713e6f,1690.76
41dc7cdc29becc144ec4ce7b9da8d2e1b1b163b9,1651.61
2b3c4e17d9b42a54957463cebc763213da7ea00d,1777.75
da185458a86a9a820e2b522e40b6df597d4f31f8,1631.57
5e498c66c54966479c523b421466ace40c6d2ea6,1665.90
206cba0835e5f3a95732a9d49e0403c701740f03,1646.58
e62e49d51ead15fe1d9344a756d4a9a18e44a5ca,1751.08
f23eff37735fab57d513346e63f7e9f3245f45d9,1783.96
5ec472da5f5b48ecf38027d81fde2f22ddb85a54,1444.92
e10e04da6c7d93daf5f74d449594cba7ea3683e3,1472.29
e3e22ad52b910abf673e5c2929d4565633c728c0,1781.90
37043421d95508823b888c6ddabd45deab62c496,1526.07
aa6e0d92728d67e242515d41c14188d5efe1c730,1457.00
e5eee65f0e1da93e67094fe6d6dc4a83983cc6c6,1667.62
c347db4cf3f5a9523434f21113ca03b4dd1aaff6,1771.02
4daca1dede2a1cb90ba7d15056ad5e317b823794,1651.70
e10e04da6c7d93daf5f74d449594cba7ea3683e3,1455.64
74f6592ca5e92c6065dd7a76d730e014f2eb3f5e,1685.55
e10e04da6c7d93daf5f74d449594cba7ea3683e3,1465.57
9cb943a9f2ffeeca2adcd9aa3d127df249b75515,1448.62
6b96c742ef84bd0347d3338aff13ed6da8278b1f,1678.68
74f6592ca5e92c6065dd7a76d730e014f2eb3f5e,1683.63
4fcd4f855e0d4a6424353b7e2d70c37cfbc6fde7,1444.16
005da925db2ff5fe592b79c1a4d77cb91882fcf0,1539.98
f23eff37735fab57d513346e63f7e9f3245f45d9,1827.74
2b3c4e17d9b42a54957463cebc763213da7ea00d,1748.98
c32924fbde89766b2b59f45e5820d373559f92d1,1457.06
5c4c09a5cbf1271ceeac32452cbc77d0795b81f9,1440.72
9c437b4b961c6ed8a52ccb0a1be58de51f2e1e57,1719.39
5ec472da5f5b48ecf38027d81fde2f22ddb85a54,1452.11
44460bc146222adbaafbab01b8681e1005da0b66,1661.43
6b96c742ef84bd0347d3338aff13ed6da8278b1f,1681.42
0844e2105e4f45e036f6748e2e748e44b588ffc4,1446.11
41dc7cdc29becc144ec4ce7b9da8d2e1b1b163b9,1661.51
f9154f031139fc0cb0cab48c3d47b69a1bc3ae4d,1506.66
8e24baa98882ce2682911ac53d5f7ec088e016b3,1663.41
c347db4cf3f5a9523434f21113ca03b4dd1aaff6,1756.28
46ec1a17bf33e6b8b41e3a525bce91a59e774178,1673.75
01b3900107114f441860ee3d03aba03caef42804,1460.92
453af8c1c8475260ed67da7ca201823158c23d63,1455.65
2c7c04744c048e62bfa505dbb858a9458c193c03,1681.21
e5eee65f0e1da93e67094fe6d6dc4a83983cc6c6,1658.67
ae4dfd28bb80228bb87f1dd7c6dff40fd21edb14,1452.08
ada7794966061a40f7324bd9d3e2f02a1cd2ad91,1663.36
6bffda376d35aaa5101115013b49b655f396c15c,1560.72
4daca1dede2a1cb90ba7d15056ad5e317b823794,1701.85
dab13b2fd3288b44a3c83c3559991a97231dfcbc,1677.90
1edd1431a42dcc092a91a5d91962e31f06a24c85,1718.80
c4cdf1353370dcc327e68f27df8e8f40aca9f6b0,1632.34
37043421d95508823b888c6ddabd45deab62c496,1540.01
19f64bd382a38c7d961ce3ee1c08d3e3ceb12cc9,1655.84
969cb7865bddb3e8cc36a0054c65e2f964b3d2c8,1667.60
1a68cc9b8133cb847268b1b1fc00a6edf4a74bcb,1445.10
3082a4f3b3bdf4b2ce5c2cf8ec6a35392d60f20f,1471.39
aabf0b0dbb19f6ff13f28cf1b5033b1661437a71,1521.42
3c36fd078bd9d694855c5fe8fae05e05d5c441ca,1455.44
c4cdf1353370dcc327e68f27df8e8f40aca9f6b0,1658.38
e5eee65f0e1da93e67094fe6d6dc4a83983cc6c6,1669.05
a36c140174a86d0c1d49415af1fbe3a419565bf5,1468.45
6cf89b49d70d0ed561881c9654abee6efbcbb439,1641.56
f0d878210fb83c58c3a1a99a138dec86ec542a08,1650.20
001752f1a0b73ae17668dc9fd4c5942424a6c1e2,1454.95
c09c1f51f4779d259df0423119a83ebe8aa3b86d,1540.33
19f64bd382a38c7d961ce3ee1c08d3e3ceb12cc9,1655.53
47491d88c1be3bea26d22a109d9ff6cc925100af,1638.08
63023f8b29048e2768cb6c0cfa5c168357b2955d,1462.65
c7f0005db7165d1c276eaa3c63ef512326a8f72c,1636.49
af7999df5214d20175e58de6ff11f8ec4d520efe,1678.23
92a4269c1d00ae77e838e1e701bcc9bf087a730a,1526.28
c7f0005db7165d1c276eaa3c63ef512326a8f72c,1698.32
9d15c00dafdbd472d744e994068d3733a5da9f52,1446.48
59ba3f167adf8d506401db482f67af0e5f6d2ab5,1456.94
9c437b4b961c6ed8a52ccb0a1be58de51f2e1e57,1660.23
af7999df5214d20175e58de6ff11f8ec4d520efe,1661.01
e5eee65f0e1da93e67094fe6d6dc4a83983cc6c6,1685.99
af7999df5214d20175e58de6ff11f8ec4d520efe,1669.85
c7f0005db7165d1c276eaa3c63ef512326a8f72c,1667.08
dcb4f799123febff991e64ff24b7d20538e34ff1,1688.19
8ecb39eb4ec4e50126853ab05d54f7dd4f392de2,1459.55
8ecb39eb4ec4e50126853ab05d54f7dd4f392de2,1461.68
38fec07573b85665c12b60de2f799f68c3b1b1c8,1639.71
1a031b6742464a6dbb5b42c5132a75e46a45c180,1490.70
1e28d5258ae8073e4456d43e95bd107a37504c9b,1683.67
c9695d66b43c7b5087e2de9d55f03c3cdb006d34,1516.80
9d15c00dafdbd472d744e994068d3733a5da9f52,1464.00
1e28d5258ae8073e4456d43e95bd107a37504c9b,1656.23
4fcd4f855e0d4a6424353b7e2d70c37cfbc6fde7,1449.95
001752f1a0b73ae17668dc9fd4c5942424a6c1e2,1456.98
c9695d66b43c7b5087e2de9d55f03c3cdb006d34,1464.76
6c413dffdc415ec6cc7f661604635f2d9ef6ca5b,1495.39
3082a4f3b3bdf4b2ce5c2cf8ec6a35392d60f20f,1456.92
af7999df5214d20175e58de6ff11f8ec4d520efe,1678.89
f23eff37735fab57d513346e63f7e9f3245f45d9,1766.22
f70a7bc0e596651f81d4e47726d104d9f6db3acd,1690.21
001b4dda1f1728dcfc29c7af37b473c3f8c3d756,1649.76
9329ae9ea40ebd2dca20413857dea293e83456f2,1666.35
731d9011a38200cb31622530724e2d345cef3d3e,1653.24
ada7794966061a40f7324bd9d3e2f02a1cd2ad91,1701.58
dcb4f799123febff991e64ff24b7d20538e34ff1,1686.78
74f6592ca5e92c6065dd7a76d730e014f2eb3f5e,1673.78
9329ae9ea40ebd2dca20413857dea293e83456f2,1644.48
46ec1a17bf33e6b8b41e3a525bce91a59e774178,1639.62
ae4dfd28bb80228bb87f1dd7c6dff40fd21edb14,1474.18
af7999df5214d20175e58de6ff11f8ec4d520efe,1667.42
005da925db2ff5fe592b79c1a4d77cb91882fcf0,1558.06
062d1900f7c57c366d5512e428ed30c71a1536ad,1493.27
da185458a86a9a820e2b522e40b6df597d4f31f8,1650.67
44460bc146222adbaafbab01b8681e1005da0b66,1657.68
c9695d66b43c7b5087e2de9d55f03c3cdb006d34,1475.62
c4cdf1353370dcc327e68f27df8e8f40aca9f6b0,1643.99
1a031b6742464a6dbb5b42c5132a75e46a45c180,1505.76
1a031b6742464a6dbb5b42c5132a75e46a45c180,1477.64
ae4dfd28bb80228bb87f1dd7c6dff40fd21edb14,1506.74
01b3900107114f441860ee3d03aba03caef42804,1462.62
34a0ed4d06c31b901641d6af638416ed69d62287,1716.39
464dc271b67881e2b7ccd98ac8df2b48479f5436,1692.85
1e28d5258ae8073e4456d43e95bd107a37504c9b,1692.50
8ecb39eb4ec4e50126853ab05d54f7dd4f392de2,1462.86
2b3c4e17d9b42a54957463cebc763213da7ea00d,1770.54
6b96c742ef84bd0347d3338aff13ed6da8278b1f,1649.76
3451eeb73d073ef3c8a6f99d3c38b8c5f62fb54b,1653.41
1222bd183cb699d1cc4e90996156b9c959d980f4,1637.78
dec21ef066af58e694b48ff483079f346ba5c217,1690.60
0270598732b77c25e643e4e1b1e4347fd8037dfa,1520.45
c4cdf1353370dcc327e68f27df8e8f40aca9f6b0,1673.12
3082a4f3b3bdf4b2ce5c2cf8ec6a35392d60f20f,1459.91
c9695d66b43c7b5087e2de9d55f03c3cdb006d34,1504.95
9329ae9ea40ebd2dca20413857dea293e83456f2,1681.55
1222bd183cb699d1cc4e90996156b9c959d980f4,1655.06
e5eee65f0e1da93e67094fe6d6dc4a83983cc6c6,1654.34
dec21ef066af58e694b48ff483079f346ba5c217,1648.60
3ef2e6eaf1ad1912bffbe41a9884819a89ff7a58,1681.12
ada7794966061a40f7324bd9d3e2f02a1cd2ad91,1670.20
aabf0b0dbb19f6ff13f28cf1b5033b1661437a71,1532.39
ec7fcd3b76af03f32f6b0a221acc66d7efb6d9be,1638.00
29bc6f50c0a31614835e9378f0d30fcae9bcc2e8,1555.14
78383995e7cf5f0c6a068a94aea3e0c0dc10e73d,1519.49
ae4dfd28bb80228bb87f1dd7c6dff40fd21edb14,1465.36
062d1900f7c57c366d5512e428ed30c71a1536ad,1459.47
c6208d2c8d3f3cb45215053f2656683844155e8a,1473.39
1a68cc9b8133cb847268b1b1fc00a6edf4a74bcb,1458.65
6c413dffdc415ec6cc7f661604635f2d9ef6ca5b,1430.37
f23eff37735fab57d513346e63f7e9f3245f45d9,1722.68
39f986b5b3672009ea7fde7647318472c8713e6f,1798.90
c6208d2c8d3f3cb45215053f2656683844155e8a,1509.88
df347747385e6d30d2899262125cd20a08bfa9e6,1471.34
9c437b4b961c6ed8a52ccb0a1be58de51f2e1e57,1688.03
2c7c04744c048e62bfa505dbb858a9458c193c03,1673.80
92a4269c1d00ae77e838e1e701bcc9bf087a730a,1532.37
7707efccded0f1cca2efc8ab961f64bc0b204cd4,1535.65
4a4602387d08458c463be57a26e74dc91d58e218,1752.63
29bc6f50c0a31614835e9378f0d30fcae9bcc2e8,1548.05
df347747385e6d30d2899262125cd20a08bfa9e6,1492.74
3c36fd078bd9d694855c5fe8fae05e05d5c441ca,1466.46
e10e04da6c7d93daf5f74d449594cba7ea3683e3,1461.53
6bffda376d35aaa5101115013b49b655f396c15c,1529.48
5ec472da5f5b48ecf38027d81fde2f22ddb85a54,1440.77
eb95db79108f2339521bf40d72100b1fef835782,1545.37
9329ae9ea40ebd2dca20413857dea293e83456f2,1653.65
f70a7bc0e596651f81d4e47726d104d9f6db3acd,1664.00
4daca1dede2a1cb90ba7d15056ad5e317b823794,1640.68
001752f1a0b73ae17668dc9fd4c5942424a6c1e2,1484.53
206cba0835e5f3a95732a9d49e0403c701740f03,1676.06
6b96c742ef84bd0347d3338aff13ed6da8278b1f,1675.08
fe2d9e27982779a082680c9e28026e2a0df2c4ce,1656.76
9d15c00dafdbd472d744e994068d3733a5da9f52,1441.14
dcb4f799123febff991e64ff24b7d20538e34ff1,1661.94
0844e2105e4f45e036f6748e2e748e44b588ffc4,1452.37
78383995e7cf5f0c6a068a94aea3e0c0dc10e73d,1541.72
c347db4cf3f5a9523434f21113ca03b4dd1aaff6,1736.09
6681be4553ae9e4153fdabf006655b84dd161160,1536.20
e5eee65f0e1da93e67094fe6d6dc4a83983cc6c6,1670.12
dcb4f799123febff991e64ff24b7d20538e34ff1,1694.50
464dc271b67881e2b7ccd98ac8df2b48479f5436,1689.67
4daca1dede2a1cb90ba7d15056ad5e317b823794,1656.90
c347db4cf3f5a9523434f21113ca03b4dd1aaff6,1782.28
062d1900f7c57c366d5512e428ed30c71a1536ad,1460.57
8ecb39eb4ec4e50126853ab05d54f7dd4f392de2,1456.46
19f64bd382a38c7d961ce3ee1c08d3e3ceb12cc9,1670.29
2b3c4e17d9b42a54957463cebc763213da7ea00d,1721.19
e975f4f5085cb4bb779c160cb5b1e0f6438a2b06,1680.69
2c7c04744c048e62bfa505dbb858a9458c193c03,1699.57
47491d88c1be3bea26d22a109d9ff6cc925100af,1669.24
9329ae9ea40ebd2dca20413857dea293e83456f2,1640.99
3c36fd078bd9d694855c5fe8fae05e05d5c441ca,1442.85
c7f0005db7165d1c276eaa3c63ef512326a8f72c,1639.01
9d15c00dafdbd472d744e994068d3733a5da9f52,1428.66
1a031b6742464a6dbb5b42c5132a75e46a45c180,1489.59
78383995e7cf5f0c6a068a94aea3e0c0dc10e73d,1561.37
c09c1f51f4779d259df0423119a83ebe8aa3b86d,1535.60
7707efccded0f1cca2efc8ab961f64bc0b204cd4,1507.76
37043421d95508823b888c6ddabd45deab62c496,1536.48
01c823e35033c86a3247c451891d13df1ed2ee11,1684.66
9d15c00dafdbd472d744e994068d3733a5da9f52,1455.43
f0d878210fb83c58c3a1a99a138dec86ec542a08,1642.38
37043421d95508823b888c6ddabd45deab62c496,1552.08
6cf89b49d70d0ed561881c9654abee6efbcbb439,1670.28
f70a7bc0e596651f81d4e47726d104d9f6db3acd,1656.25
453385491ae2a17e955a33362099cd78e9c8133c,1660.33
4fcd4f855e0d4a6424353b7e2d70c37cfbc6fde7,1484.13
206cba0835e5f3a95732a9d49e0403c701740f03,1659.30
1e28d5258ae8073e4456d43e95bd107a37504c9b,1725.29
8ecb39eb4ec4e50126853ab05d54f7dd4f392de2,1445.88
41dc7cdc29becc144ec4ce7b9da8d2e1b1b163b9,1684.57
001b4dda1f1728dcfc29c7af37b473c3f8c3d756,1702.11
39f986b5b3672009ea7fde7647318472c8713e6f,1672.55
47491d88c1be3bea26d22a109d9ff6cc925100af,1701.71
206cba0835e5f3a95732a9d49e0403c701740f03,1680.29
6681be4553ae9e4153fdabf006655b84dd161160,1521.61
aabf0b0dbb19f6ff13f28cf1b5033b1661437a71,1575.82
37043421d95508823b888c6ddabd45deab62c496,1545.48
aabf0b0dbb19f6ff13f28cf1b5033b1661437a71,1544.63
eb95db79108f2339521bf40d72100b1fef835782,1555.01
9cb943a9f2ffeeca2adcd9aa3d127df249b75515,1435.14
c4cdf1353370dcc327e68f27df8e8f40aca9f6b0,1651.95
6cf89b49d70d0ed561881c9654abee6efbcbb439,1643.26
969cb7865bddb3e8cc36a0054c65e2f964b3d2c8,1631.73
dab13b2fd3288b44a3c83c3559991a97231dfcbc,1651.97
9cb943a9f2ffeeca2adcd9aa3d127df249b75515,1474.04
c4cdf1353370dcc327e68f27df8e8f40aca9f6b0,1735.97
c09c1f51f4779d259df0423119a83ebe8aa3b86d,1544.56
6681be4553ae9e4153fdabf006655b84dd161160,1535.22
3451eeb73d073ef3c8a6f99d3c38b8c5f62fb54b,1698.63
c7f0005db7165d1c276eaa3c63ef512326a8f72c,1690.70
c09c1f51f4779d259df0423119a83ebe8aa3b86d,1534.69
4daca1dede2a1cb90ba7d15056ad5e317b823794,1666.37
e5eee65f0e1da93e67094fe6d6dc4a83983cc6c6,1648.62
3082a4f3b3bdf4b2ce5c2cf8ec6a35392d60f20f,1475.58
f70a7bc0e596651f81d4e47726d104d9f6db3acd,1647.51
38fec07573b85665c12b60de2f799f68c3b1b1c8,1663.85
c6208d2c8d3f3cb45215053f2656683844155e8a,1482.47
6cf89b49d70d0ed561881c9654abee6efbcbb439,1628.00
1a031b6742464a6dbb5b42c5132a75e46a45c180,1490.88
3ef2e6eaf1ad1912bffbe41a9884819a89ff7a58,1664.71
c4cdf1353370dcc327e68f27df8e8f40aca9f6b0,1658.58
ada7794966061a40f7324bd9d3e2f02a1cd2ad91,1650.32
c988d5e97606042ed3af020fd2e5f33a59a66c08,1454.15
01c823e35033c86a3247c451891d13df1ed2ee11,1679.15
aabf0b0dbb19f6ff13f28cf1b5033b1661437a71,1542.45
ec7fcd3b76af03f32f6b0a221acc66d7efb6d9be,1642.91
9cb943a9f2ffeeca2adcd9aa3d127df249b75515,1443.63
969cb7865bddb3e8cc36a0054c65e2f964b3d2c8,1669.07
8f0dc293c9c34ef9b7715493a423df88a06bed1d,1693.89
46ec1a17bf33e6b8b41e3a525bce91a59e774178,1667.87
c09c1f51f4779d259df0423119a83ebe8aa3b86d,1569.34
c6208d2c8d3f3cb45215053f2656683844155e8a,1491.93
f5851510fd1cca221434a38f837b058e267f4cd0,1667.43
ec7fcd3b76af03f32f6b0a221acc66d7efb6d9be,1676.84
8ecb39eb4ec4e50126853ab05d54f7dd4f392de2,1465.69
78383995e7cf5f0c6a068a94aea3e0c0dc10e73d,1518.46
85a4fa2fb8e979b7bc3197aa7c9b822ab2052e38,1542.73
e975f4f5085cb4bb779c160cb5b1e0f6438a2b06,1646.55
9c437b4b961c6ed8a52ccb0a1be58de51f2e1e57,1669.88
6bffda376d35aaa5101115013b49b655f396c15c,1538.38
af7999df5214d20175e58de6ff11f8ec4d520efe,1666.27
3451eeb73d073ef3c8a6f99d3c38b8c5f62fb54b,1684.39
969cb7865bddb3e8cc36a0054c65e2f964b3d2c8,1675.03
a36c140174a86d0c1d49415af1fbe3a419565bf5,1451.02
eb95db79108f2339521bf40d72100b1fef835782,1516.07
6bffda376d35aaa5101115013b49b655f396c15c,1549.85
f9154f031139fc0cb0cab48c3d47b69a1bc3ae4d,1477.83
e3e22ad52b910abf673e5c2929d4565633c728c0,1740.41
aa6e0d92728d67e242515d41c14188d5efe1c730,1475.50
1a031b6742464a6dbb5b42c5132a75e46a45c180,1494.76
1a031b6742464a6dbb5b42c5132a75e46a45c180,1488.52
c6208d2c8d3f3cb45215053f2656683844155e8a,1492.00
46ec1a17bf33e6b8b41e3a525bce91a59e774178,1702.91
7707efccded0f1cca2efc8ab961f64bc0b204cd4,1527.43
44460bc146222adbaafbab01b8681e1005da0b66,1712.34
74f6592ca5e92c6065dd7a76d730e014f2eb3f5e,1665.40
78383995e7cf5f0c6a068a94aea3e0c0dc10e73d,1578.14
e62e49d51ead15fe1d9344a756d4a9a18e44a5ca,1757.74
464dc271b67881e2b7ccd98ac8df2b48479f5436,1682.93
78383995e7cf5f0c6a068a94aea3e0c0dc10e73d,1537.92
38fec07573b85665c12b60de2f799f68c3b1b1c8,1630.36
ccea63a4eb3c76a82b609fdfab39300034d5bd63,1451.74
1222bd183cb699d1cc4e90996156b9c959d980f4,1646.46
6b96c742ef84bd0347d3338aff13ed6da8278b1f,1730.81
9329ae9ea40ebd2dca20413857dea293e83456f2,1653.54
1222bd183cb699d1cc4e90996156b9c959d980f4,1654.22
3ef2e6eaf1ad1912bffbe41a9884819a89ff7a58,1638.73
453af8c1c8475260ed67da7ca201823158c23d63,1465.09
74f6592ca5e92c6065dd7a76d730e014f2eb3f5e,1646.59
206cba0835e5f3a95732a9d49e0403c701740f03,1668.97
6b96c742ef84bd0347d3338aff13ed6da8278b1f,1649.45
4fcd4f855e0d4a6424353b7e2d70c37cfbc6fde7,1465.58
41dc7cdc29becc144ec4ce7b9da8d2e1b1b163b9,1656.85
c9695d66b43c7b5087e2de9d55f03c3cdb006d34,1490.40
3c36fd078bd9d694855c5fe8fae05e05d5c441ca,1441.35
63023f8b29048e2768cb6c0cfa5c168357b2955d,1486.66
44460bc146222adbaafbab01b8681e1005da0b66,1669.70
c988d5e97606042ed3af020fd2e5f33a59a66c08,1467.55
e975f4f5085cb4bb779c160cb5b1e0f6438a2b06,1689.04
dec21ef066af58e694b48ff483079f346ba5c217,1678.37
0270598732b77c25e643e4e1b1e4347fd8037dfa,1547.00
8e24baa98882ce2682911ac53d5f7ec088e016b3,1695.82
453af8c1c8475260ed67da7ca201823158c23d63,1473.45
206cba0835e5f3a95732a9d49e0403c701740f03,1640.02
9cb943a9f2ffeeca2adcd9aa3d127df249b75515,1443.67
c9695d66b43c7b5087e2de9d55f03c3cdb006d34,1506.36
e975f4f5085cb4bb779c160cb5b1e0f6438a2b06,1641.40
af7999df5214d20175e58de6ff11f8ec4d520efe,1681.05
92a4269c1d00ae77e838e1e701bcc9bf087a730a,1528.69
dab13b2fd3288b44a3c83c3559991a97231dfcbc,1650.14
8f0dc293c9c34ef9b7715493a423df88a06bed1d,1700.32
41dc7cdc29becc144ec4ce7b9da8d2e1b1b163b9,1683.65
2c7c04744c048e62bfa505dbb858a9458c193c03,1732.42
aa6e0d92728d67e242515d41c14188d5efe1c730,1467.35
34a0ed4d06c31b901641d6af638416ed69d62287,1678.67
ccea63a4eb3c76a82b609fdfab39300034d5bd63,1450.13
4a4602387d08458c463be57a26e74dc91d58e218,1667.53
92a4269c1d00ae77e838e1e701bcc9bf087a730a,1547.94
2b3c4e17d9b42a54957463cebc763213da7ea00d,1810.66
1222bd183cb699d1cc4e90996156b9c959d980f4,1639.09
df347747385e6d30d2899262125cd20a08bfa9e6,1469.66
44460bc146222adbaafbab01b8681e1005da0b66,1689.50
0844e2105e4f45e036f6748e2e748e44b588ffc4,1466.80
ec7fcd3b76af03f32f6b0a221acc66d7efb6d9be,1674.78
005da925db2ff5fe592b79c1a4d77cb91882fcf0,1530.50
f23eff37735fab57d513346e63f7e9f3245f45d9,1788.87
5e498c66c54966479c523b421466ace40c6d2ea6,1673.31
2b3c4e17d9b42a54957463cebc763213da7ea00d,1776.07
6cf89b49d70d0ed561881c9654abee6efbcbb439,1698.25
eb95db79108f2339521bf40d72100b1fef835782,1543.07
eb95db79108f2339521bf40d72100b1fef835782,1549.13
92a4269c1d00ae77e838e1e701bcc9bf087a730a,1561.97
4fcd4f855e0d4a6424353b7e2d70c37cfbc6fde7,1443.99
c09c1f51f4779d259df0423119a83ebe8aa3b86d,1544.92
e3e22ad52b910abf673e5c2929d4565633c728c0,1718.95
e975f4f5085cb4bb779c160cb5b1e0f6438a2b06,1654.91
5c4c09a5cbf1271ceeac32452cbc77d0795b81f9,1464.49
4daca1dede2a1cb90ba7d15056ad5e317b823794,1695.22
dcb4f799123febff991e64ff24b7d20538e34ff1,1675.20
6c413dffdc415ec6cc7f661604635f2d9ef6ca5b,1462.64
85a4fa2fb8e979b7bc3197aa7c9b822ab2052e38,1550.25
969cb7865bddb3e8cc36a0054c65e2f964b3d2c8,1666.18
aabf0b0dbb19f6ff13f28cf1b5033b1661437a71,1532.78
2b3c4e17d9b42a54957463cebc763213da7ea00d,1787.18
01b3900107114f441860ee3d03aba03caef42804,1457.44
38fec07573b85665c12b60de2f799f68c3b1b1c8,1668.44
eb95db79108f2339521bf40d72100b1fef835782,1571.48
f23eff37735fab57d513346e63f7e9f3245f45d9,1724.19
3ef2e6eaf1ad1912bffbe41a9884819a89ff7a58,1630.23
603261dd12a6703a9e81c59bf73a894edb1f93f3,1691.56
8e24baa98882ce2682911ac53d5f7ec088e016b3,1668.41
c9695d66b43c7b5087e2de9d55f03c3cdb006d34,1489.59
44460bc146222adbaafbab01b8681e1005da0b66,1692.76
6cf89b49d70d0ed561881c9654abee6efbcbb439,1675.28
46ec1a17bf33e6b8b41e3a525bce91a59e774178,1728.97
92a4269c1d00ae77e838e1e701bcc9bf087a730a,1582.06
63023f8b29048e2768cb6c0cfa5c168357b2955d,1476.07
1e28d5258ae8073e4456d43e95bd107a37504c9b,1643.53
f70a7bc0e596651f81d4e47726d104d9f6db3acd,1675.14
59ba3f167adf8d506401db482f67af0e5f6d2ab5,1449.29
3451eeb73d073ef3c8a6f99d3c38b8c5f62fb54b,1727.67
eb95db79108f2339521bf40d72100b1fef835782,1540.85
5e498c66c54966479c523b421466ace40c6d2ea6,1679.45
5e498c66c54966479c523b421466ace40c6d2ea6,1682.52
a36c140174a86d0c1d49415af1fbe3a419565bf5,1460.18
ae4dfd28bb80228bb87f1dd7c6dff40fd21edb14,1436.79
8ecb39eb4ec4e50126853ab05d54f7dd4f392de2,1483.30
4fcd4f855e0d4a6424353b7e2d70c37cfbc6fde7,1468.51
1222bd183cb699d1cc4e90996156b9c959d980f4,1628.16
f0d878210fb83c58c3a1a99a138dec86ec542a08,1661.21
85a4fa2fb8e979b7bc3197aa7c9b822ab2052e38,1536.31
39f986b5b3672009ea7fde7647318472c8713e6f,1675.49
5ec472da5f5b48ecf38027d81fde2f22ddb85a54,1446.69
7693192fb34380328936a73f8c8cc346893a457a,1677.45
dab13b2fd3288b44a3c83c3559991a97231dfcbc,1662.76
f9154f031139fc0cb0cab48c3d47b69a1bc3ae4d,1457.20
062d1900f7c57c366d5512e428ed30c71a1536ad,1461.32
f23eff37735fab57d513346e63f7e9f3245f45d9,1704.77
78383995e7cf5f0c6a068a94aea3e0c0dc10e73d,1557.06
2c7c04744c048e62bfa505dbb858a9458c193c03,1683.61
af7999df5214d20175e58de6ff11f8ec4d520efe,1648.43
e975f4f5085cb4bb779c160cb5b1e0f6438a2b06,1688.09
61923e0455c46cc6320188b13c613302f01e7880,1457.27
f0d878210fb83c58c3a1a99a138dec86ec542a08,1682.50
5ec472da5f5b48ecf38027d81fde2f22ddb85a54,1449.81
c9695d66b43c7b5087e2de9d55f03c3cdb006d34,1511.98
8ecb39eb4ec4e50126853ab05d54f7dd4f392de2,1459.61
470b9388d58fa113f25dc39b17bdcabb4deaca3f,1658.84
7693192fb34380328936a73f8c8cc346893a457a,1663.53
001752f1a0b73ae17668dc9fd4c5942424a6c1e2,1462.71
da185458a86a9a820e2b522e40b6df597d4f31f8,1656.02
4fcd4f855e0d4a6424353b7e2d70c37cfbc6fde7,1450.24
dab13b2fd3288b44a3c83c3559991a97231dfcbc,1682.90
f0d878210fb83c58c3a1a99a138dec86ec542a08,1704.51
01c823e35033c86a3247c451891d13df1ed2ee11,1663.68
7693192fb34380328936a73f8c8cc346893a457a,1682.78
e10e04da6c7d93daf5f74d449594cba7ea3683e3,1452.27
df347747385e6d30d2899262125cd20a08bfa9e6,1460.55
3451eeb73d073ef3c8a6f99d3c38b8c5f62fb54b,1658.09
0270598732b77c25e643e4e1b1e4347fd8037dfa,1542.70
464dc271b67881e2b7ccd98ac8df2b48479f5436,1699.74
6b5dbd0b7906842345194c0c863f2575b533786d,1665.23
8f0dc293c9c34ef9b7715493a423df88a06bed1d,1666.59
453385491ae2a17e955a33362099cd78e9c8133c,1751.47
f23eff37735fab57d513346e63f7e9f3245f45d9,1717.56
9d15c00dafdbd472d744e994068d3733a5da9f52,1450.94
34a0ed4d06c31b901641d6af638416ed69d62287,1675.46
c4dd25ee7257748cbf1f9e54ee0885d462d18694,1655.77
46ec1a17bf33e6b8b41e3a525bce91a59e774178,1648.29
6b5dbd0b7906842345194c0c863f2575b533786d,1687.72
f9154f031139fc0cb0cab48c3d47b69a1bc3ae4d,1449.91
47491d88c1be3bea26d22a109d9ff6cc925100af,1659.22
34a0ed4d06c31b901641d6af638416ed69d62287,1671.65
206cba0835e5f3a95732a9d49e0403c701740f03,1675.93
ec7fcd3b76af03f32f6b0a221acc66d7efb6d9be,1657.04
ae4dfd28bb80228bb87f1dd7c6dff40fd21edb14,1463.55
062d1900f7c57c366d5512e428ed30c71a1536ad,1453.88
e10e04da6c7d93daf5f74d449594cba7ea3683e3,1457.52
2b3c4e17d9b42a54957463cebc763213da7ea00d,1733.87
f5851510fd1cca221434a38f837b058e267f4cd0,1684.67
e62e49d51ead15fe1d9344a756d4a9a18e44a5ca,1756.77
c4dd25ee7257748cbf1f9e54ee0885d462d18694,1669.36
001752f1a0b73ae17668dc9fd4c5942424a6c1e2,1476.14
44460bc146222adbaafbab01b8681e1005da0b66,1650.98
2b3c4e17d9b42a54957463cebc763213da7ea00d,1739.16
e3e22ad52b910abf673e5c2929d4565633c728c0,1744.42
59ba3f167adf8d506401db482f67af0e5f6d2ab5,1508.45
3082a4f3b3bdf4b2ce5c2cf8ec6a35392d60f20f,1449.17
3c36fd078bd9d694855c5fe8fae05e05d5c441ca,1443.12
9d15c00dafdbd472d744e994068d3733a5da9f52,1454.20
f5851510fd1cca221434a38f837b058e267f4cd0,1649.21
9c437b4b961c6ed8a52ccb0a1be58de51f2e1e57,1653.34
6bffda376d35aaa5101115013b49b655f396c15c,1555.95
6b96c742ef84bd0347d3338aff13ed6da8278b1f,1662.82
2c7c04744c048e62bfa505dbb858a9458c193c03,1685.25
aabf0b0dbb19f6ff13f28cf1b5033b1661437a71,1559.06
e3e22ad52b910abf673e5c2929d4565633c728c0,1750.65
5e498c66c54966479c523b421466ace40c6d2ea6,1682.36
c988d5e97606042ed3af020fd2e5f33a59a66c08,1460.20
aabf0b0dbb19f6ff13f28cf1b5033b1661437a71,1600.05
c09c1f51f4779d259df0423119a83ebe8aa3b86d,1546.09
46ec1a17bf33e6b8b41e3a525bce91a59e774178,1664.07
5c4c09a5cbf1271ceeac32452cbc77d0795b81f9,1444.80
c988d5e97606042ed3af020fd2e5f33a59a66c08,1487.46
c7f0005db7165d1c276eaa3c63ef512326a8f72c,1698.17
01b3900107114f441860ee3d03aba03caef42804,1455.61
dab13b2fd3288b44a3c83c3559991a97231dfcbc,1655.05
c347db4cf3f5a9523434f21113ca03b4dd1aaff6,1771.46
ec7fcd3b76af03f32f6b0a221acc66d7efb6d9be,1648.56
1a68cc9b8133cb847268b1b1fc00a6edf4a74bcb,1438.32
19f64bd382a38c7d961ce3ee1c08d3e3ceb12cc9,1676.58
e5eee65f0e1da93e67094fe6d6dc4a83983cc6c6,1700.24
f5851510fd1cca221434a38f837b058e267f4cd0,1694.64
3451eeb73d073ef3c8a6f99d3c38b8c5f62fb54b,1701.36
59ba3f167adf8d506401db482f67af0e5f6d2ab5,1447.54
aabf0b0dbb19f6ff13f28cf1b5033b1661437a71,1542.56
eb95db79108f2339521bf40d72100b1fef835782,1542.92
01b3900107114f441860ee3d03aba03caef42804,1438.63
c32924fbde89766b2b59f45e5820d373559f92d1,1464.98
9d15c00dafdbd472d744e994068d3733a5da9f52,1476.77
c09c1f51f4779d259df0423119a83ebe8aa3b86d,1561.19
464dc271b67881e2b7ccd98ac8df2b48479f5436,1662.44
e10e04da6c7d93daf5f74d449594cba7ea3683e3,1451.73
29bc6f50c0a31614835e9378f0d30fcae9bcc2e8,1543.90
e975f4f5085cb4bb779c160cb5b1e0f6438a2b06,1696.80
005da925db2ff5fe592b79c1a4d77cb91882fcf0,1564.25
6cf89b49d70d0ed561881c9654abee6efbcbb439,1656.84
c9695d66b43c7b5087e2de9d55f03c3cdb006d34,1505.36
af7999df5214d20175e58de6ff11f8ec4d520efe,1757.07
38fec07573b85665c12b60de2f799f68c3b1b1c8,1645.43
7707efccded0f1cca2efc8ab961f64bc0b204cd4,1524.35
1e28d5258ae8073e4456d43e95bd107a37504c9b,1670.44
ada7794966061a40f7324bd9d3e2f02a1cd2ad91,1669.57
6b96c742ef84bd0347d3338aff13ed6da8278b1f,1647.40
e10e04da6c7d93daf5f74d449594cba7ea3683e3,1470.58
c988d5e97606042ed3af020fd2e5f33a59a66c08,1478.58
01c823e35033c86a3247c451891d13df1ed2ee11,1676.02
453385491ae2a17e955a33362099cd78e9c8133c,1708.72
7693192fb34380328936a73f8c8cc346893a457a,1657.45
dab13b2fd3288b44a3c83c3559991a97231dfcbc,1669.71
eb95db79108f2339521bf40d72100b1fef835782,1541.97
19f64bd382a38c7d961ce3ee1c08d3e3ceb12cc9,1690.17
1e28d5258ae8073e4456d43e95bd107a37504c9b,1657.14
c32924fbde89766b2b59f45e5820d373559f92d1,1469.39
fe2d9e27982779a082680c9e28026e2a0df2c4ce,1668.41
470b9388d58fa113f25dc39b17bdcabb4deaca3f,1667.45
74f6592ca5e92c6065dd7a76d730e014f2eb3f5e,1679.72
e5eee65f0e1da93e67094fe6d6dc4a83983cc6c6,1665.52
6cf89b49d70d0ed561881c9654abee6efbcbb439,1655.61
3451eeb73d073ef3c8a6f99d3c38b8c5f62fb54b,1694.75
6bffda376d35aaa5101115013b49b655f396c15c,1557.44
e62e49d51ead15fe1d9344a756d4a9a18e44a5ca,1738.10
6cf89b49d70d0ed561881c9654abee6efbcbb439,1681.90
41dc7cdc29becc144ec4ce7b9da8d2e1b1b163b9,1654.69
01c823e35033c86a3247c451891d13df1ed2ee11,1640.40
aa6e0d92728d67e242515d41c14188d5efe1c730,1478.36
ada7794966061a40f7324bd9d3e2f02a1cd2ad91,1647.03
ccea63a4eb3c76a82b609fdfab39300034d5bd63,1440.49
ada7794966061a40f7324bd9d3e2f02a1cd2ad91,1668.46
1edd1431a42dcc092a91a5d91962e31f06a24c85,1655.92
5c4c09a5cbf1271ceeac32452cbc77d0795b81f9,1460.07
f70a7bc0e596651f81d4e47726d104d9f6db3acd,1679.21
4a4602387d08458c463be57a26e74dc91d58e218,1654.00
aa6e0d92728d67e242515d41c14188d5efe1c730,1477.98
61923e0455c46cc6320188b13c613302f01e7880,1441.26
a36c140174a86d0c1d49415af1fbe3a419565bf5,1443.01
9cb943a9f2ffeeca2adcd9aa3d127df249b75515,1483.29
6bffda376d35aaa5101115013b49b655f396c15c,1542.05
ec7fcd3b76af03f32f6b0a221acc66d7efb6d9be,1641.76
47491d88c1be3bea26d22a109d9ff6cc925100af,1730.48
3c36fd078bd9d694855c5fe8fae05e05d5c441ca,1462.70
c4dd25ee7257748cbf1f9e54ee0885d462d18694,1720.83
f5851510fd1cca221434a38f837b058e267f4cd0,1698.67
dec21ef066af58e694b48ff483079f346ba5c217,1699.54
e975f4f5085cb4bb779c160cb5b1e0f6438a2b06,1686.13
ccea63a4eb3c76a82b609fdfab39300034d5bd63,1476.83
8e24baa98882ce2682911ac53d5f7ec088e016b3,1690.40
34a0ed4d06c31b901641d6af638416ed69d62287,1676.72
f9154f031139fc0cb0cab48c3d47b69a1bc3ae4d,1510.17
37043421d95508823b888c6ddabd45deab62c496,1571.96
5e498c66c54966479c523b421466ace40c6d2ea6,1643.91
f70a7bc0e596651f81d4e47726d104d9f6db3acd,1653.21
29bc6f50c0a31614835e9378f0d30fcae9bcc2e8,1543.71
7707efccded0f1cca2efc8ab961f64bc0b204cd4,1497.47
f0d878210fb83c58c3a1a99a138dec86ec542a08,1641.28
001752f1a0b73ae17668dc9fd4c5942424a6c1e2,1492.39
aa6e0d92728d67e242515d41c14188d5efe1c730,1464.20
f70a7bc0e596651f81d4e47726d104d9f6db3acd,1704.34
f9154f031139fc0cb0cab48c3d47b69a1bc3ae4d,1465.66
c09c1f51f4779d259df0423119a83ebe8aa3b86d,1535.99
dec21ef066af58e694b48ff483079f346ba5c217,1681.95
c988d5e97606042ed3af020fd2e5f33a59a66c08,1453.46
969cb7865bddb3e8cc36a0054c65e2f964b3d2c8,1678.25
1edd1431a42dcc092a91a5d91962e31f06a24c85,1688.71
9c437b4b961c6ed8a52ccb0a1be58de51f2e1e57,1737.94
af7999df5214d20175e58de6ff11f8ec4d520efe,1691.19
470b9388d58fa113f25dc39b17bdcabb4deaca3f,1677.98
453385491ae2a17e955a33362099cd78e9c8133c,1688.76
47491d88c1be3bea26d22a109d9ff6cc925100af,1659.46
8ecb39eb4ec4e50126853ab05d54f7dd4f392de2,1484.22
92a4269c1d00ae77e838e1e701bcc9bf087a730a,1558.62
c32924fbde89766b2b59f45e5820d373559f92d1,1460.27
78383995e7cf5f0c6a068a94aea3e0c0dc10e73d,1586.94
e62e49d51ead15fe1d9344a756d4a9a18e44a5ca,1719.75
aa6e0d92728d67e242515d41c14188d5efe1c730,1475.99
ae4dfd28bb80228bb87f1dd7c6dff40fd21edb14,1470.57
1edd1431a42dcc092a91a5d91962e31f06a24c85,1690.99
c347db4cf3f5a9523434f21113ca03b4dd1aaff6,1738.38
1a031b6742464a6dbb5b42c5132a75e46a45c180,1516.92
ccea63a4eb3c76a82b609fdfab39300034d5bd63,1470.90
dcb4f799123febff991e64ff24b7d20538e34ff1,1676.82
1222bd183cb699d1cc4e90996156b9c959d980f4,1651.87
969cb7865bddb3e8cc36a0054c65e2f964b3d2c8,1644.82
1edd1431a42dcc092a91a5d91962e31f06a24c85,1685.25
f70a7bc0e596651f81d4e47726d104d9f6db3acd,1644.59
9c437b4b961c6ed8a52ccb0a1be58de51f2e1e57,1640.70
37043421d95508823b888c6ddabd45deab62c496,1509.97
e10e04da6c7d93daf5f74d449594cba7ea3683e3,1461.67
005da925db2ff5fe592b79c1a4d77cb91882fcf0,1534.09
dec21ef066af58e694b48ff483079f346ba5c217,1676.37
731d9011a38200cb31622530724e2d345cef3d3e,1685.13
3451eeb73d073ef3c8a6f99d3c38b8c5f62fb54b,1661.83
59ba3f167adf8d506401db482f67af0e5f6d2ab5,1448.30
ada7794966061a40f7324bd9d3e2f02a1cd2ad91,1676.42
6c413dffdc415ec6cc7f661604635f2d9ef6ca5b,1467.11
dec21ef066af58e694b48ff483079f346ba5c217,1759.99
38fec07573b85665c12b60de2f799f68c3b1b1c8,1675.15
206cba0835e5f3a95732a9d49e0403c701740f03,1680.83
8e24baa98882ce2682911ac53d5f7ec088e016b3,1671.43
8f0dc293c9c34ef9b7715493a423df88a06bed1d,1715.35
ada7794966061a40f7324bd9d3e2f02a1cd2ad91,1684.63
9329ae9ea40ebd2dca20413857dea293e83456f2,1660.26
47491d88c1be3bea26d22a109d9ff6cc925100af,1658.70
df347747385e6d30d2899262125cd20a08bfa9e6,1459.21
3ef2e6eaf1ad1912bffbe41a9884819a89ff7a58,1664.31
206cba0835e5f3a95732a9d49e0403c701740f03,1672.89
8ecb39eb4ec4e50126853ab05d54f7dd4f392de2,1455.21
4fcd4f855e0d4a6424353b7e2d70c37cfbc6fde7,1456.15
7707efccded0f1cca2efc8ab961f64bc0b204cd4,1500.57
969cb7865bddb3e8cc36a0054c65e2f964b3d2c8,1646.60
85a4fa2fb8e979b7bc3197aa7c9b822ab2052e38,1570.92
44460bc146222adbaafbab01b8681e1005da0b66,1663.71
9329ae9ea40ebd2dca20413857dea293e83456f2,1709.65
fe2d9e27982779a082680c9e28026e2a0df2c4ce,1643.60
01b3900107114f441860ee3d03aba03caef42804,1466.92
c988d5e97606042ed3af020fd2e5f33a59a66c08,1462.94
f23eff37735fab57d513346e63f7e9f3245f45d9,1776.08
e3e22ad52b910abf673e5c2929d4565633c728c0,1740.07
5ec472da5f5b48ecf38027d81fde2f22ddb85a54,1441.90
453af8c1c8475260ed67da7ca201823158c23d63,1482.49
c988d5e97606042ed3af020fd2e5f33a59a66c08,1475.31
44460bc146222adbaafbab01b8681e1005da0b66,1689.11
f5851510fd1cca221434a38f837b058e267f4cd0,1665.59
ccea63a4eb3c76a82b609fdfab39300034d5bd63,1445.10
e3e22ad52b910abf673e5c2929d4565633c728c0,1777.41
44460bc146222adbaafbab01b8681e1005da0b66,1733.70
a36c140174a86d0c1d49415af1fbe3a419565bf5,1446.53
6b5dbd0b7906842345194c0c863f2575b533786d,1640.50
9cb943a9f2ffeeca2adcd9aa3d127df249b75515,1488.01
731d9011a38200cb31622530724e2d345cef3d3e,1670.87
dab13b2fd3288b44a3c83c3559991a97231dfcbc,1668.30
6681be4553ae9e4153fdabf006655b84dd161160,1532.68
78383995e7cf5f0c6a068a94aea3e0c0dc10e73d,1544.48
4a4602387d08458c463be57a26e74dc91d58e218,1645.33
da185458a86a9a820e2b522e40b6df597d4f31f8,1679.68
c347db4cf3f5a9523434f21113ca03b4dd1aaff6,1768.34
3ef2e6eaf1ad1912bffbe41a9884819a89ff7a58,1687.52
f70a7bc0e596651f81d4e47726d104d9f6db3acd,1675.24
464dc271b67881e2b7ccd98ac8df2b48479f5436,1691.09
6c413dffdc415ec6cc7f661604635f2d9ef6ca5b,1444.99
ae4dfd28bb80228bb87f1dd7c6dff40fd21edb14,1453.79
c32924fbde89766b2b59f45e5820d373559f92d1,1469.31
5e498c66c54966479c523b421466ace40c6d2ea6,1665.57
e62e49d51ead15fe1d9344a756d4a9a18e44a5ca,1818.34
9d15c00dafdbd472d744e994068d3733a5da9f52,1464.98
2c7c04744c048e62bfa505dbb858a9458c193c03,1648.51
47491d88c1be3bea26d22a109d9ff6cc925100af,1652.54
470b9388d58fa113f25dc39b17bdcabb4deaca3f,1648.86
1a031b6742464a6dbb5b42c5132a75e46a45c180,1489.27
1222bd183cb699d1cc4e90996156b9c959d980f4,1645.10
6cf89b49d70d0ed561881c9654abee6efbcbb439,1695.21
34a0ed4d06c31b901641d6af638416ed69d62287,1658.22
ec7fcd3b76af03f32f6b0a221acc66d7efb6d9be,1644.19
e10e04da6c7d93daf5f74d449594cba7ea3683e3,1455.04
470b9388d58fa113f25dc39b17bdcabb4deaca3f,1675.80
eb95db79108f2339521bf40d72100b1fef835782,1556.57
3ef2e6eaf1ad1912bffbe41a9884819a89ff7a58,1667.24
e62e49d51ead15fe1d9344a756d4a9a18e44a5ca,1732.11
0270598732b77c25e643e4e1b1e4347fd8037dfa,1524.43
3082a4f3b3bdf4b2ce5c2cf8ec6a35392d60f20f,1493.40
2c7c04744c048e62bfa505dbb858a9458c193c03,1687.94
4fcd4f855e0d4a6424353b7e2d70c37cfbc6fde7,1445.71
61923e0455c46cc6320188b13c613302f01e7880,1454.07
9329ae9ea40ebd2dca20413857dea293e83456f2,1638.71
af7999df5214d20175e58de6ff11f8ec4d520efe,1728.39
0270598732b77c25e643e4e1b1e4347fd8037dfa,1547.70
1edd1431a42dcc092a91a5d91962e31f06a24c85,1679.08
5e498c66c54966479c523b421466ace40c6d2ea6,1660.86
19f64bd382a38c7d961ce3ee1c08d3e3ceb12cc9,1724.79
0270598732b77c25e643e4e1b1e4347fd8037dfa,1519.57
34a0ed4d06c31b901641d6af638416ed69d62287,1662.90
01c823e35033c86a3247c451891d13df1ed2ee11,1688.26
4a4602387d08458c463be57a26e74dc91d58e218,1632.33
4fcd4f855e0d4a6424353b7e2d70c37cfbc6fde7,1458.59
c7f0005db7165d1c276eaa3c63ef512326a8f72c,1672.23
fe2d9e27982779a082680c9e28026e2a0df2c4ce,1670.10
731d9011a38200cb31622530724e2d345cef3d3e,1649.73
61923e0455c46cc6320188b13c613302f01e7880,1467.85
0270598732b77c25e643e4e1b1e4347fd8037dfa,1569.63
e975f4f5085cb4bb779c160cb5b1e0f6438a2b06,1715.99
44460bc146222adbaafbab01b8681e1005da0b66,1721.57
464dc271b67881e2b7ccd98ac8df2b48479f5436,1654.06
37043421d95508823b888c6ddabd45deab62c496,1534.61
fe2d9e27982779a082680c9e28026e2a0df2c4ce,1645.67
1edd1431a42dcc092a91a5d91962e31f06a24c85,1644.41
44460bc146222adbaafbab01b8681e1005da0b66,1678.20
c6208d2c8d3f3cb45215053f2656683844155e8a,1495.46
85a4fa2fb8e979b7bc3197aa7c9b822ab2052e38,1641.60
005da925db2ff5fe592b79c1a4d77cb91882fcf0,1533.36
61923e0455c46cc6320188b13c613302f01e7880,1486.07
6681be4553ae9e4153fdabf006655b84dd161160,1541.32
46ec1a17bf33e6b8b41e3a525bce91a59e774178,1692.75
34a0ed4d06c31b901641d6af638416ed69d62287,1660.58
6681be4553ae9e4153fdabf006655b84dd161160,1550.44
001b4dda1f1728dcfc29c7af37b473c3f8c3d756,1683.29
c988d5e97606042ed3af020fd2e5f33a59a66c08,1473.53
59ba3f167adf8d506401db482f67af0e5f6d2ab5,1468.78
dcb4f799123febff991e64ff24b7d20538e34ff1,1737.00
01c823e35033c86a3247c451891d13df1ed2ee11,1706.94
e5eee65f0e1da93e67094fe6d6dc4a83983cc6c6,1651.48
969cb7865bddb3e8cc36a0054c65e2f964b3d2c8,1654.82
470b9388d58fa113f25dc39b17bdcabb4deaca3f,1669.03
92a4269c1d00ae77e838e1e701bcc9bf087a730a,1543.25
5ec472da5f5b48ecf38027d81fde2f22ddb85a54,1434.04
8f0dc293c9c34ef9b7715493a423df88a06bed1d,1683.12
1edd1431a42dcc092a91a5d91962e31f06a24c85,1685.79
1222bd183cb699d1cc4e90996156b9c959d980f4,1637.91
59ba3f167adf8d506401db482f67af0e5f6d2ab5,1454.24
1222bd183cb699d1cc4e90996156b9c959d980f4,1617.68
5e498c66c54966479c523b421466ace40c6d2ea6,1668.35
453af8c1c8475260ed67da7ca201823158c23d63,1439.96
1a68cc9b8133cb847268b1b1fc00a6edf4a74bcb,1468.88
453af8c1c8475260ed67da7ca201823158c23d63,1450.03
29bc6f50c0a31614835e9378f0d30fcae9bcc2e8,1527.62
8f0dc293c9c34ef9b7715493a423df88a06bed1d,1664.93
c7f0005db7165d1c276eaa3c63ef512326a8f72c,1667.45
6cf89b49d70d0ed561881c9654abee6efbcbb439,1634.06
4daca1dede2a1cb90ba7d15056ad5e317b823794,1664.30
001b4dda1f1728dcfc29c7af37b473c3f8c3d756,1705.60
29bc6f50c0a31614835e9378f0d30fcae9bcc2e8,1541.76
4fcd4f855e0d4a6424353b7e2d70c37cfbc6fde7,1468.46
1e28d5258ae8073e4456d43e95bd107a37504c9b,1683.02
3c36fd078bd9d694855c5fe8fae05e05d5c441ca,1464.38
dcb4f799123febff991e64ff24b7d20538e34ff1,1669.46
c988d5e97606042ed3af020fd2e5f33a59a66c08,1505.05
aabf0b0dbb19f6ff13f28cf1b5033b1661437a71,1534.95
eb95db79108f2339521bf40d72100b1fef835782,1547.57
74f6592ca5e92c6065dd7a76d730e014f2eb3f5e,1656.17
c347db4cf3f5a9523434f21113ca03b4dd1aaff6,1728.57
5e498c66c54966479c523b421466ace40c6d2ea6,1650.98
da185458a86a9a820e2b522e40b6df597d4f31f8,1658.56
ada7794966061a40f7324bd9d3e2f02a1cd2ad91,1661.66
af7999df5214d20175e58de6ff11f8ec4d520efe,1656.14
7693192fb34380328936a73f8c8cc346893a457a,1669.61
969cb7865bddb3e8cc36a0054c65e2f964b3d2c8,1662.61
ec7fcd3b76af03f32f6b0a221acc66d7efb6d9be,1664.75
f70a7bc0e596651f81d4e47726d104d9f6db3acd,1656.83
9329ae9ea40ebd2dca20413857dea293e83456f2,1675.07
aa6e0d92728d67e242515d41c14188d5efe1c730,1466.06
206cba0835e5f3a95732a9d49e0403c701740f03,1705.75
0270598732b77c25e643e4e1b1e4347fd8037dfa,1542.82
c7f0005db7165d1c276eaa3c63ef512326a8f72c,1690.37
206cba0835e5f3a95732a9d49e0403c701740f03,1640.19
2b3c4e17d9b42a54957463cebc763213da7ea00d,1772.31
9c437b4b961c6ed8a52ccb0a1be58de51f2e1e57,1687.53
3c36fd078bd9d694855c5fe8fae05e05d5c441ca,1449.99
63023f8b29048e2768cb6c0cfa5c168357b2955d,1469.95
453af8c1c8475260ed67da7ca201823158c23d63,1442.93
a36c140174a86d0c1d49415af1fbe3a419565bf5,1466.46
c6208d2c8d3f3cb45215053f2656683844155e8a,1532.75
6681be4553ae9e4153fdabf006655b84dd161160,1542.44
e10e04da6c7d93daf5f74d449594cba7ea3683e3,1457.59
29bc6f50c0a31614835e9378f0d30fcae9bcc2e8,1567.39
c7f0005db7165d1c276eaa3c63ef512326a8f72c,1672.15
c32924fbde89766b2b59f45e5820d373559f92d1,1477.54
61923e0455c46cc6320188b13c613302f01e7880,1458.48
3082a4f3b3bdf4b2ce5c2cf8ec6a35392d60f20f,1496.46
44460bc146222adbaafbab01b8681e1005da0b66,1668.96
6681be4553ae9e4153fdabf006655b84dd161160,1539.85
9cb943a9f2ffeeca2adcd9aa3d127df249b75515,1474.50
46ec1a17bf33e6b8b41e3a525bce91a59e774178,1672.04
ccea63a4eb3c76a82b609fdfab39300034d5bd63,1479.35
92a4269c1d00ae77e838e1e701bcc9bf087a730a,1539.31
e975f4f5085cb4bb779c160cb5b1e0f6438a2b06,1665.41
e5eee65f0e1da93e67094fe6d6dc4a83983cc6c6,1679.15
969cb7865bddb3e8cc36a0054c65e2f964b3d2c8,1652.52
47491d88c1be3bea26d22a109d9ff6cc925100af,1634.58
8f0dc293c9c34ef9b7715493a423df88a06bed1d,1673.17
7707efccded0f1cca2efc8ab961f64bc0b204cd4,1539.69
41dc7cdc29becc144ec4ce7b9da8d2e1b1b163b9,1679.69
453385491ae2a17e955a33362099cd78e9c8133c,1646.83
001752f1a0b73ae17668dc9fd4c5942424a6c1e2,1448.20
c347db4cf3f5a9523434f21113ca03b4dd1aaff6,1760.41
2b3c4e17d9b42a54957463cebc763213da7ea00d,1736.18
6681be4553ae9e4153fdabf006655b84dd161160,1536.77
85a4fa2fb8e979b7bc3197aa7c9b822ab2052e38,1545.50
001752f1a0b73ae17668dc9fd4c5942424a6c1e2,1443.82
7693192fb34380328936a73f8c8cc346893a457a,1637.26
8ecb39eb4ec4e50126853ab05d54f7dd4f392de2,1449.48
c4dd25ee7257748cbf1f9e54ee0885d462d18694,1688.94
453af8c1c8475260ed67da7ca201823158c23d63,1444.18
38fec07573b85665c12b60de2f799f68c3b1b1c8,1649.97
5c4c09a5cbf1271ceeac32452cbc77d0795b81f9,1461.15
453385491ae2a17e955a33362099cd78e9c8133c,1666.46
7707efccded0f1cca2efc8ab961f64bc0b204cd4,1515.04
a36c140174a86d0c1d49415af1fbe3a419565bf5,1468.35
f0d878210fb83c58c3a1a99a138dec86ec542a08,1673.22
1e28d5258ae8073e4456d43e95bd107a37504c9b,1667.08
3451eeb73d073ef3c8a6f99d3c38b8c5f62fb54b,1661.75
3c36fd078bd9d694855c5fe8fae05e05d5c441ca,1458.44
f23eff37735fab57d513346e63f7e9f3245f45d9,1710.38
92a4269c1d00ae77e838e1e701bcc9bf087a730a,1542.44
e62e49d51ead15fe1d9344a756d4a9a18e44a5ca,1757.26
5ec472da5f5b48ecf38027d81fde2f22ddb85a54,1456.95
af7999df5214d20175e58de6ff11f8ec4d520efe,1660.64
3ef2e6eaf1ad1912bffbe41a9884819a89ff7a58,1679.16
062d1900f7c57c366d5512e428ed30c71a1536ad,1442.71
8ecb39eb4ec4e50126853ab05d54f7dd4f392de2,1446.53
dec21ef066af58e694b48ff483079f346ba5c217,1664.44
5ec472da5f5b48ecf38027d81fde2f22ddb85a54,1452.22
c6208d2c8d3f3cb45215053f2656683844155e8a,1501.52
8ecb39eb4ec4e50126853ab05d54f7dd4f392de2,1462.68
df347747385e6d30d2899262125cd20a08bfa9e6,1469.80
5e498c66c54966479c523b421466ace40c6d2ea6,1679.45
34a0ed4d06c31b901641d6af638416ed69d62287,1714.00
9cb943a9f2ffeeca2adcd9aa3d127df249b75515,1483.67
9d15c00dafdbd472d744e994068d3733a5da9f52,1476.10
206cba0835e5f3a95732a9d49e0403c701740f03,1654.96
453385491ae2a17e955a33362099cd78e9c8133c,1653.10
4daca1dede2a1cb90ba7d15056ad5e317b823794,1654.51
41dc7cdc29becc144ec4ce7b9da8d2e1b1b163b9,1663.10
63023f8b29048e2768cb6c0cfa5c168357b2955d,1472.50
2c7c04744c048e62bfa505dbb858a9458c193c03,1695.54
dcb4f799123febff991e64ff24b7d20538e34ff1,1676.19
ccea63a4eb3c76a82b609fdfab39300034d5bd63,1452.52
29bc6f50c0a31614835e9378f0d30fcae9bcc2e8,1531.67
c6208d2c8d3f3cb45215053f2656683844155e8a,1526.33
9cb943a9f2ffeeca2adcd9aa3d127df249b75515,1460.42
af7999df5214d20175e58de6ff11f8ec4d520efe,1664.09
fe2d9e27982779a082680c9e28026e2a0df2c4ce,1659.31
44460bc146222adbaafbab01b8681e1005da0b66,1673.16
c4cdf1353370dcc327e68f27df8e8f40aca9f6b0,1659.31
92a4269c1d00ae77e838e1e701bcc9bf087a730a,1540.07
0844e2105e4f45e036f6748e2e748e44b588ffc4,1452.91
8e24baa98882ce2682911ac53d5f7ec088e016b3,1679.21
6b5dbd0b7906842345194c0c863f2575b533786d,1687.06
dcb4f799123febff991e64ff24b7d20538e34ff1,1684.95
ae4dfd28bb80228bb87f1dd7c6dff40fd21edb14,1472.57
0844e2105e4f45e036f6748e2e748e44b588ffc4,1472.17
6b5dbd0b7906842345194c0c863f2575b533786d,1660.88
19f64bd382a38c7d961ce3ee1c08d3e3ceb12cc9,1700.45
731d9011a38200cb31622530724e2d345cef3d3e,1652.88
603261dd12a6703a9e81c59bf73a894edb1f93f3,1651.38
78383995e7cf5f0c6a068a94aea3e0c0dc10e73d,1546.99
1222bd183cb699d1cc4e90996156b9c959d980f4,1642.61
464dc271b67881e2b7ccd98ac8df2b48479f5436,1679.37
9329ae9ea40ebd2dca20413857dea293e83456f2,1662.91
61923e0455c46cc6320188b13c613302f01e7880,1474.27
c4cdf1353370dcc327e68f27df8e8f40aca9f6b0,1683.64
4daca1dede2a1cb90ba7d15056ad5e317b823794,1683.94
453385491ae2a17e955a33362099cd78e9c8133c,1695.39
f9154f031139fc0cb0cab48c3d47b69a1bc3ae4d,1496.12
453385491ae2a17e955a33362099cd78e9c8133c,1675.02
74f6592ca5e92c6065dd7a76d730e014f2eb3f5e,1654.97
ec7fcd3b76af03f32f6b0a221acc66d7efb6d9be,1667.76
1222bd183cb699d1cc4e90996156b9c959d980f4,1629.47
a36c140174a86d0c1d49415af1fbe3a419565bf5,1444.02
39f986b5b3672009ea7fde7647318472c8713e6f,1669.82
59ba3f167adf8d506401db482f67af0e5f6d2ab5,1448.27
dcb4f799123febff991e64ff24b7d20538e34ff1,1706.06
464dc271b67881e2b7ccd98ac8df2b48479f5436,1667.67
ec7fcd3b76af03f32f6b0a221acc66d7efb6d9be,1669.25
4fcd4f855e0d4a6424353b7e2d70c37cfbc6fde7,1463.26
92a4269c1d00ae77e838e1e701bcc9bf087a730a,1547.56
aabf0b0dbb19f6ff13f28cf1b5033b1661437a71,1531.92
1a68cc9b8133cb847268b1b1fc00a6edf4a74bcb,1461.46
34a0ed4d06c31b901641d6af638416ed69d62287,1672.45
af7999df5214d20175e58de6ff11f8ec4d520efe,1670.64
7693192fb34380328936a73f8c8cc346893a457a,1664.96
603261dd12a6703a9e81c59bf73a894edb1f93f3,1681.46
969cb7865bddb3e8cc36a0054c65e2f964b3d2c8,1640.49
e3e22ad52b910abf673e5c2929d4565633c728c0,1725.52
8e24baa98882ce2682911ac53d5f7ec088e016b3,1652.45
4daca1dede2a1cb90ba7d15056ad5e317b823794,1666.07
e5eee65f0e1da93e67094fe6d6dc4a83983cc6c6,1691.69
c347db4cf3f5a9523434f21113ca03b4dd1aaff6,1774.89
c09c1f51f4779d259df0423119a83ebe8aa3b86d,1542.01
0270598732b77c25e643e4e1b1e4347fd8037dfa,1529.82
ccea63a4eb3c76a82b609fdfab39300034d5bd63,1468.29
6c413dffdc415ec6cc7f661604635f2d9ef6ca5b,1511.03
eb95db79108f2339521bf40d72100b1fef835782,1528.27
3451eeb73d073ef3c8a6f99d3c38b8c5f62fb54b,1663.18
464dc271b67881e2b7ccd98ac8df2b48479f5436,1673.71
005da925db2ff5fe592b79c1a4d77cb91882fcf0,1508.29
01c823e35033c86a3247c451891d13df1ed2ee11,1698.31
85a4fa2fb8e979b7bc3197aa7c9b822ab2052e38,1511.92
6c413dffdc415ec6cc7f661604635f2d9ef6ca5b,1454.50
9d15c00dafdbd472d744e994068d3733a5da9f52,1473.30
74f6592ca5e92c6065dd7a76d730e014f2eb3f5e,1636.17
dab13b2fd3288b44a3c83c3559991a97231dfcbc,1675.02
85a4fa2fb8e979b7bc3197aa7c9b822ab2052e38,1546.96
9d15c00dafdbd472d744e994068d3733a5da9f52,1468.73
3451eeb73d073ef3c8a6f99d3c38b8c5f62fb54b,1669.40
c988d5e97606042ed3af020fd2e5f33a59a66c08,1476.39
37043421d95508823b888c6ddabd45deab62c496,1541.46
f70a7bc0e596651f81d4e47726d104d9f6db3acd,1661.65
ccea63a4eb3c76a82b609fdfab39300034d5bd63,1476.92
aa6e0d92728d67e242515d41c14188d5efe1c730,1460.68
ec7fcd3b76af03f32f6b0a221acc66d7efb6d9be,1727.25
39f986b5b3672009ea7fde7647318472c8713e6f,1653.80
5c4c09a5cbf1271ceeac32452cbc77d0795b81f9,1451.48
6c413dffdc415ec6cc7f661604635f2d9ef6ca5b,1465.60
59ba3f167adf8d506401db482f67af0e5f6d2ab5,1426.03
c4dd25ee7257748cbf1f9e54ee0885d462d18694,1665.56
41dc7cdc29becc144ec4ce7b9da8d2e1b1b163b9,1689.18
37043421d95508823b888c6ddabd45deab62c496,1546.85
1a68cc9b8133cb847268b1b1fc00a6edf4a74bcb,1470.95
453385491ae2a17e955a33362099cd78e9c8133c,1741.01
9329ae9ea40ebd2dca20413857dea293e83456f2,1654.92
6bffda376d35aaa5101115013b49b655f396c15c,1557.40
005da925db2ff5fe592b79c1a4d77cb91882fcf0,1518.60
1222bd183cb699d1cc4e90996156b9c959d980f4,1640.77
6b96c742ef84bd0347d3338aff13ed6da8278b1f,1663.09
1a68cc9b8133cb847268b1b1fc00a6edf4a74bcb,1485.22
dcb4f799123febff991e64ff24b7d20538e34ff1,1691.89
4daca1dede2a1cb90ba7d15056ad5e317b823794,1685.18
74f6592ca5e92c6065dd7a76d730e014f2eb3f5e,1656.83
3082a4f3b3bdf4b2ce5c2cf8ec6a35392d60f20f,1470.30
f9154f031139fc0cb0cab48c3d47b69a1bc3ae4d,1474.62
38fec07573b85665c12b60de2f799f68c3b1b1c8,1668.96
0844e2105e4f45e036f6748e2e748e44b588ffc4,1468.78
5c4c09a5cbf1271ceeac32452cbc77d0795b81f9,1437.96
001752f1a0b73ae17668dc9fd4c5942424a6c1e2,1446.17
e3e22ad52b910abf673e5c2929d4565633c728c0,1758.39
da185458a86a9a820e2b522e40b6df597d4f31f8,1626.64
453385491ae2a17e955a33362099cd78e9c8133c,1670.35
7693192fb34380328936a73f8c8cc346893a457a,1672.22
c347db4cf3f5a9523434f21113ca03b4dd1aaff6,1731.14
470b9388d58fa113f25dc39b17bdcabb4deaca3f,1684.77
ec7fcd3b76af03f32f6b0a221acc66d7efb6d9be,1650.85
f23eff37735fab57d513346e63f7e9f3245f45d9,1764.72
453af8c1c8475260ed67da7ca201823158c23d63,1459.38
61923e0455c46cc6320188b13c613302f01e7880,1479.15
c32924fbde89766b2b59f45e5820d373559f92d1,1485.37
1edd1431a42dcc092a91a5d91962e31f06a24c85,1656.80
c09c1f51f4779d259df0423119a83ebe8aa3b86d,1549.81
ae4dfd28bb80228bb87f1dd7c6dff40fd21edb14,1465.38
1a031b6742464a6dbb5b42c5132a75e46a45c180,1564.42
f23eff37735fab57d513346e63f7e9f3245f45d9,1715.60
603261dd12a6703a9e81c59bf73a894edb1f93f3,1675.88
4a4602387d08458c463be57a26e74dc91d58e218,1683.08
f70a7bc0e596651f81d4e47726d104d9f6db3acd,1679.88
603261dd12a6703a9e81c59bf73a894edb1f93f3,1697.51
f23eff37735fab57d513346e63f7e9f3245f45d9,1755.66
39f986b5b3672009ea7fde7647318472c8713e6f,1648.99
8f0dc293c9c34ef9b7715493a423df88a06bed1d,1675.64
c32924fbde89766b2b59f45e5820d373559f92d1,1476.21
74f6592ca5e92c6065dd7a76d730e014f2eb3f5e,1644.21
29bc6f50c0a31614835e9378f0d30fcae9bcc2e8,1540.29
2b3c4e17d9b42a54957463cebc763213da7ea00d,1808.00
ccea63a4eb3c76a82b609fdfab39300034d5bd63,1464.30
a36c140174a86d0c1d49415af1fbe3a419565bf5,1444.08
4a4602387d08458c463be57a26e74dc91d58e218,1669.39
01c823e35033c86a3247c451891d13df1ed2ee11,1671.14
062d1900f7c57c366d5512e428ed30c71a1536ad,1480.19
3ef2e6eaf1ad1912bffbe41a9884819a89ff7a58,1694.55
01b3900107114f441860ee3d03aba03caef42804,1461.43
731d9011a38200cb31622530724e2d345cef3d3e,1651.15
e3e22ad52b910abf673e5c2929d4565633c728c0,1768.62
29bc6f50c0a31614835e9378f0d30fcae9bcc2e8,1534.54
e62e49d51ead15fe1d9344a756d4a9a18e44a5ca,1799.38
c988d5e97606042ed3af020fd2e5f33a59a66c08,1506.09
38fec07573b85665c12b60de2f799f68c3b1b1c8,1660.30
dcb4f799123febff991e64ff24b7d20538e34ff1,1671.76
c7f0005db7165d1c276eaa3c63ef512326a8f72c,1661.33
e3e22ad52b910abf673e5c2929d4565633c728c0,1725.43
34a0ed4d06c31b901641d6af638416ed69d62287,1671.35
5e498c66c54966479c523b421466ace40c6d2ea6,1689.15
e10e04da6c7d93daf5f74d449594cba7ea3683e3,1459.92
2b3c4e17d9b42a54957463cebc763213da7ea00d,1793.22
0270598732b77c25e643e4e1b1e4347fd8037dfa,1516.27
78383995e7cf5f0c6a068a94aea3e0c0dc10e73d,1550.75
ae4dfd28bb80228bb87f1dd7c6dff40fd21edb14,1454.48
c347db4cf3f5a9523434f21113ca03b4dd1aaff6,1760.47
206cba0835e5f3a95732a9d49e0403c701740f03,1660.28
1a68cc9b8133cb847268b1b1fc00a6edf4a74bcb,1470.10
731d9011a38200cb31622530724e2d345cef3d3e,1652.06
4fcd4f855e0d4a6424353b7e2d70c37cfbc6fde7,1463.09
af7999df5214d20175e58de6ff11f8ec4d520efe,1641.74
603261dd12a6703a9e81c59bf73a894edb1f93f3,1667.19
603261dd12a6703a9e81c59bf73a894edb1f93f3,1657.57
1e28d5258ae8073e4456d43e95bd107a37504c9b,1666.20
464dc271b67881e2b7ccd98ac8df2b48479f5436,1712.91
1a68cc9b8133cb847268b1b1fc00a6edf4a74bcb,1467.66
c9695d66b43c7b5087e2de9d55f03c3cdb006d34,1483.04
38fec07573b85665c12b60de2f799f68c3b1b1c8,1652.60
ada7794966061a40f7324bd9d3e2f02a1cd2ad91,1664.88
39f986b5b3672009ea7fde7647318472c8713e6f,1653.59
44460bc146222adbaafbab01b8681e1005da0b66,1699.87
453385491ae2a17e955a33362099cd78e9c8133c,1666.08
01c823e35033c86a3247c451891d13df1ed2ee11,1706.67
c32924fbde89766b2b59f45e5820d373559f92d1,1493.52
29bc6f50c0a31614835e9378f0d30fcae9bcc2e8,1544.94
6b5dbd0b7906842345194c0c863f2575b533786d,1638.80
f9154f031139fc0cb0cab48c3d47b69a1bc3ae4d,1466.69
ec7fcd3b76af03f32f6b0a221acc66d7efb6d9be,1656.15
c09c1f51f4779d259df0423119a83ebe8aa3b86d,1566.75
3c36fd078bd9d694855c5fe8fae05e05d5c441ca,1469.04
5ec472da5f5b48ecf38027d81fde2f22ddb85a54,1467.41
39f986b5b3672009ea7fde7647318472c8713e6f,1675.57
41dc7cdc29becc144ec4ce7b9da8d2e1b1b163b9,1660.01
969cb7865bddb3e8cc36a0054c65e2f964b3d2c8,1654.08
603261dd12a6703a9e81c59bf73a894edb1f93f3,1717.33
8e24baa98882ce2682911ac53d5f7ec088e016b3,1668.03
34a0ed4d06c31b901641d6af638416ed69d62287,1715.11
46ec1a17bf33e6b8b41e3a525bce91a59e774178,1690.21
da185458a86a9a820e2b522e40b6df597d4f31f8,1638.03
c09c1f51f4779d259df0423119a83ebe8aa3b86d,1499.39
9c437b4b961c6ed8a52ccb0a1be58de51f2e1e57,1665.66
38fec07573b85665c12b60de2f799f68c3b1b1c8,1656.38
453385491ae2a17e955a33362099cd78e9c8133c,1692.81
731d9011a38200cb31622530724e2d345cef3d3e,1692.58
3c36fd078bd9d694855c5fe8fae05e05d5c441ca,1479.74
46ec1a17bf33e6b8b41e3a525bce91a59e774178,1658.43
5e498c66c54966479c523b421466ace40c6d2ea6,1661.67
61923e0455c46cc6320188b13c613302f01e7880,1451.22
005da925db2ff5fe592b79c1a4d77cb91882fcf0,1511.62
9c437b4b961c6ed8a52ccb0a1be58de51f2e1e57,1668.22
453af8c1c8475260ed67da7ca201823158c23d63,1452.26
001b4dda1f1728dcfc29c7af37b473c3f8c3d756,1694.22
a36c140174a86d0c1d49415af1fbe3a419565bf5,1466.47
f70a7bc0e596651f81d4e47726d104d9f6db3acd,1665.26
aabf0b0dbb19f6ff13f28cf1b5033b1661437a71,1537.96
e3e22ad52b910abf673e5c2929d4565633c728c0,1749.56
005da925db2ff5fe592b79c1a4d77cb91882fcf0,1550.00
f9154f031139fc0cb0cab48c3d47b69a1bc3ae4d,1441.64
8f0dc293c9c34ef9b7715493a423df88a06bed1d,1680.26
2c7c04744c048e62bfa505dbb858a9458c193c03,1695.38
062d1900f7c57c366d5512e428ed30c71a1536ad,1473.90
f5851510fd1cca221434a38f837b058e267f4cd0,1688.85
0270598732b77c25e643e4e1b1e4347fd8037dfa,1522.63
0270598732b77c25e643e4e1b1e4347fd8037dfa,1617.16
61923e0455c46cc6320188b13c613302f01e7880,1447.42
34a0ed4d06c31b901641d6af638416ed69d62287,1630.68
603261dd12a6703a9e81c59bf73a894edb1f93f3,1754.02
2c7c04744c048e62bfa505dbb858a9458c193c03,1676.81
78383995e7cf5f0c6a068a94aea3e0c0dc10e73d,1550.28
3451eeb73d073ef3c8a6f99d3c38b8c5f62fb54b,1712.05
f70a7bc0e596651f81d4e47726d104d9f6db3acd,1662.69
19f64bd382a38c7d961ce3ee1c08d3e3ceb12cc9,1669.78
5ec472da5f5b48ecf38027d81fde2f22ddb85a54,1476.35
062d1900f7c57c366d5512e428ed30c71a1536ad,1438.60
fe2d9e27982779a082680c9e28026e2a0df2c4ce,1706.95
1e28d5258ae8073e4456d43e95bd107a37504c9b,1685.80
fe2d9e27982779a082680c9e28026e2a0df2c4ce,1679.78
39f986b5b3672009ea7fde7647318472c8713e6f,1670.74
7693192fb34380328936a73f8c8cc346893a457a,1673.92
63023f8b29048e2768cb6c0cfa5c168357b2955d,1450.74
c4cdf1353370dcc327e68f27df8e8f40aca9f6b0,1672.19
8f0dc293c9c34ef9b7715493a423df88a06bed1d,1715.48
731d9011a38200cb31622530724e2d345cef3d3e,1693.37
7707efccded0f1cca2efc8ab961f64bc0b204cd4,1538.47
f70a7bc0e596651f81d4e47726d104d9f6db3acd,1650.59
41dc7cdc29becc144ec4ce7b9da8d2e1b1b163b9,1652.33
e62e49d51ead15fe1d9344a756d4a9a18e44a5ca,1755.27
3ef2e6eaf1ad1912bffbe41a9884819a89ff7a58,1671.28
29bc6f50c0a31614835e9378f0d30fcae9bcc2e8,1534.49
731d9011a38200cb31622530724e2d345cef3d3e,1648.23
c4dd25ee7257748cbf1f9e54ee0885d462d18694,1655.83
92a4269c1d00ae77e838e1e701bcc9bf087a730a,1548.03
470b9388d58fa113f25dc39b17bdcabb4deaca3f,1627.42
63023f8b29048e2768cb6c0cfa5c168357b2955d,1444.11
19f64bd382a38c7d961ce3ee1c08d3e3ceb12cc9,1669.41
da185458a86a9a820e2b522e40b6df597d4f31f8,1669.98
6c413dffdc415ec6cc7f661604635f2d9ef6ca5b,1473.98
fe2d9e27982779a082680c9e28026e2a0df2c4ce,1673.61
8e24baa98882ce2682911ac53d5f7ec088e016b3,1658.05
c4cdf1353370dcc327e68f27df8e8f40aca9f6b0,1659.87
464dc271b67881e2b7ccd98ac8df2b48479f5436,1648.30
ec7fcd3b76af03f32f6b0a221acc66d7efb6d9be,1655.38
470b9388d58fa113f25dc39b17bdcabb4deaca3f,1677.80
c32924fbde89766b2b59f45e5820d373559f92d1,1469.76
6bffda376d35aaa5101115013b49b655f396c15c,1581.22
1a031b6742464a6dbb5b42c5132a75e46a45c180,1504.29
74f6592ca5e92c6065dd7a76d730e014f2eb3f5e,1669.14
9c437b4b961c6ed8a52ccb0a1be58de51f2e1e57,1690.68
6681be4553ae9e4153fdabf006655b84dd161160,1540.04
dab13b2fd3288b44a3c83c3559991a97231dfcbc,1660.48
aa6e0d92728d67e242515d41c14188d5efe1c730,1469.81
f0d878210fb83c58c3a1a99a138dec86ec542a08,1651.46
9d15c00dafdbd472d744e994068d3733a5da9f52,1461.67
39f986b5b3672009ea7fde7647318472c8713e6f,1681.31
92a4269c1d00ae77e838e1e701bcc9bf087a730a,1548.97
ccea63a4eb3c76a82b609fdfab39300034d5bd63,1477.45
f5851510fd1cca221434a38f837b058e267f4cd0,1667.36
8f0dc293c9c34ef9b7715493a423df88a06bed1d,1649.20
470b9388d58fa113f25dc39b17bdcabb4deaca3f,1651.38
453af8c1c8475260ed67da7ca201823158c23d63,1451.38
01b3900107114f441860ee3d03aba03caef42804,1456.49
f0d878210fb83c58c3a1a99a138dec86ec542a08,1659.37
4a4602387d08458c463be57a26e74dc91d58e218,1655.62
1a68cc9b8133cb847268b1b1fc00a6edf4a74bcb,1472.34
c347db4cf3f5a9523434f21113ca03b4dd1aaff6,1810.88
19f64bd382a38c7d961ce3ee1c08d3e3ceb12cc9,1679.98
9329ae9ea40ebd2dca20413857dea293e83456f2,1680.28
005da925db2ff5fe592b79c1a4d77cb91882fcf0,1545.35
731d9011a38200cb31622530724e2d345cef3d3e,1640.00
01b3900107114f441860ee3d03aba03caef42804,1460.78
6b96c742ef84bd0347d3338aff13ed6da8278b1f,1689.26
aabf0b0dbb19f6ff13f28cf1b5033b1661437a71,1555.68
062d1900f7c57c366d5512e428ed30c71a1536ad,1463.87
61923e0455c46cc6320188b13c613302f01e7880,1464.00
3451eeb73d073ef3c8a6f99d3c38b8c5f62fb54b,1694.72
005da925db2ff5fe592b79c1a4d77cb91882fcf0,1522.13
01c823e35033c86a3247c451891d13df1ed2ee11,1673.16
2b3c4e17d9b42a54957463cebc763213da7ea00d,1752.75
19f64bd382a38c7d961ce3ee1c08d3e3ceb12cc9,1711.99
453af8c1c8475260ed67da7ca201823158c23d63,1455.78
c6208d2c8d3f3cb45215053f2656683844155e8a,1519.93
dec21ef066af58e694b48ff483079f346ba5c217,1643.77
c4cdf1353370dcc327e68f27df8e8f40aca9f6b0,1684.13
3c36fd078bd9d694855c5fe8fae05e05d5c441ca,1455.45
63023f8b29048e2768cb6c0cfa5c168357b2955d,1466.57
c32924fbde89766b2b59f45e5820d373559f92d1,1459.98
dec21ef066af58e694b48ff483079f346ba5c217,1661.16
a36c140174a86d0c1d49415af1fbe3a419565bf5,1444.16
dcb4f799123febff991e64ff24b7d20538e34ff1,1689.26
da185458a86a9a820e2b522e40b6df597d4f31f8,1659.37
8e24baa98882ce2682911ac53d5f7ec088e016b3,1701.07
5ec472da5f5b48ecf38027d81fde2f22ddb85a54,1470.03
8e24baa98882ce2682911ac53d5f7ec088e016b3,1657.38
1edd1431a42dcc092a91a5d91962e31f06a24c85,1657.63
c6208d2c8d3f3cb45215053f2656683844155e8a,1473.01
2b3c4e17d9b42a54957463cebc763213da7ea00d,1756.98
01c823e35033c86a3247c451891d13df1ed2ee11,1676.41
464dc271b67881e2b7ccd98ac8df2b48479f5436,1677.56
4a4602387d08458c463be57a26e74dc91d58e218,1652.31
453385491ae2a17e955a33362099cd78e9c8133c,1680.02
af7999df5214d20175e58de6ff11f8ec4d520efe,1646.66
df347747385e6d30d2899262125cd20a08bfa9e6,1448.75
8f0dc293c9c34ef9b7715493a423df88a06bed1d,1654.51
e62e49d51ead15fe1d9344a756d4a9a18e44a5ca,1789.63
4a4602387d08458c463be57a26e74dc91d58e218,1653.41
c09c1f51f4779d259df0423119a83ebe8aa3b86d,1561.27
ae4dfd28bb80228bb87f1dd7c6dff40fd21edb14,1479.10
6b96c742ef84bd0347d3338aff13ed6da8278b1f,1676.54
74f6592ca5e92c6065dd7a76d730e014f2eb3f5e,1680.51
6b96c742ef84bd0347d3338aff13ed6da8278b1f,1662.24
af7999df5214d20175e58de6ff11f8ec4d520efe,1746.72
1222bd183cb699d1cc4e90996156b9c959d980f4,1641.50
c347db4cf3f5a9523434f21113ca03b4dd1aaff6,1725.06
5e498c66c54966479c523b421466ace40c6d2ea6,1661.20
39f986b5b3672009ea7fde7647318472c8713e6f,1666.87
c4cdf1353370dcc327e68f27df8e8f40aca9f6b0,1667.41
c6208d2c8d3f3cb45215053f2656683844155e8a,1516.63
2c7c04744c048e62bfa505dbb858a9458c193c03,1686.24
3ef2e6eaf1ad1912bffbe41a9884819a89ff7a58,1646.95
6b5dbd0b7906842345194c0c863f2575b533786d,1664.09
01c823e35033c86a3247c451891d13df1ed2ee11,1662.29
e975f4f5085cb4bb779c160cb5b1e0f6438a2b06,1666.93
e10e04da6c7d93daf5f74d449594cba7ea3683e3,1482.58
c09c1f51f4779d259df0423119a83ebe8aa3b86d,1550.67
eb95db79108f2339521bf40d72100b1fef835782,1535.28
61923e0455c46cc6320188b13c613302f01e7880,1461.63
6b5dbd0b7906842345194c0c863f2575b533786d,1654.12
5ec472da5f5b48ecf38027d81fde2f22ddb85a54,1586.17
dab13b2fd3288b44a3c83c3559991a97231dfcbc,1667.59
c347db4cf3f5a9523434f21113ca03b4dd1aaff6,1741.93
01c823e35033c86a3247c451891d13df1ed2ee11,1686.93
29bc6f50c0a31614835e9378f0d30fcae9bcc2e8,1555.30
7693192fb34380328936a73f8c8cc346893a457a,1671.80
6cf89b49d70d0ed561881c9654abee6efbcbb439,1660.86
f9154f031139fc0cb0cab48c3d47b69a1bc3ae4d,1471.07
453af8c1c8475260ed67da7ca201823158c23d63,1578.39
e62e49d51ead15fe1d9344a756d4a9a18e44a5ca,1846.32
453385491ae2a17e955a33362099cd78e9c8133c,1701.13
470b9388d58fa113f25dc39b17bdcabb4deaca3f,1675.29
9d15c00dafdbd472d744e994068d3733a5da9f52,1478.19
47491d88c1be3bea26d22a109d9ff6cc925100af,1673.91
01c823e35033c86a3247c451891d13df1ed2ee11,1693.87
1222bd183cb699d1cc4e90996156b9c959d980f4,1624.31
4daca1dede2a1cb90ba7d15056ad5e317b823794,1666.89
df347747385e6d30d2899262125cd20a08bfa9e6,1445.49
1a031b6742464a6dbb5b42c5132a75e46a45c180,1518.27
4daca1dede2a1cb90ba7d15056ad5e317b823794,1687.42
da185458a86a9a820e2b522e40b6df597d4f31f8,1637.37
062d1900f7c57c366d5512e428ed30c71a1536ad,1481.89
19f64bd382a38c7d961ce3ee1c08d3e3ceb12cc9,1652.37
ada7794966061a40f7324bd9d3e2f02a1cd2ad91,1679.94
c7f0005db7165d1c276eaa3c63ef512326a8f72c,1681.12
46ec1a17bf33e6b8b41e3a525bce91a59e774178,1662.88
1e28d5258ae8073e4456d43e95bd107a37504c9b,1725.96
5ec472da5f5b48ecf38027d81fde2f22ddb85a54,1442.85
3451eeb73d073ef3c8a6f99d3c38b8c5f62fb54b,1663.62
39f986b5b3672009ea7fde7647318472c8713e6f,1663.68
001752f1a0b73ae17668dc9fd4c5942424a6c1e2,1452.03
c4dd25ee7257748cbf1f9e54ee0885d462d18694,1687.80
aa6e0d92728d67e242515d41c14188d5efe1c730,1446.47
1e28d5258ae8073e4456d43e95bd107a37504c9b,1660.00
8e24baa98882ce2682911ac53d5f7ec088e016b3,1674.64
001752f1a0b73ae17668dc9fd4c5942424a6c1e2,1466.39
aabf0b0dbb19f6ff13f28cf1b5033b1661437a71,1540.99
eb95db79108f2339521bf40d72100b1fef835782,1542.85
df347747385e6d30d2899262125cd20a08bfa9e6,1462.94
2b3c4e17d9b42a54957463cebc763213da7ea00d,1780.83
9d15c00dafdbd472d744e994068d3733a5da9f52,1449.02
1a031b6742464a6dbb5b42c5132a75e46a45c180,1475.02
3c36fd078bd9d694855c5fe8fae05e05d5c441ca,1456.70
3c36fd078bd9d694855c5fe8fae05e05d5c441ca,1450.52
a36c140174a86d0c1d49415af1fbe3a419565bf5,1493.34
5c4c09a5cbf1271ceeac32452cbc77d0795b81f9,1459.66
3c36fd078bd9d694855c5fe8fae05e05d5c441ca,1461.34
3082a4f3b3bdf4b2ce5c2cf8ec6a35392d60f20f,1471.69
39f986b5b3672009ea7fde7647318472c8713e6f,1659.80
5c4c09a5cbf1271ceeac32452cbc77d0795b81f9,1471.08
47491d88c1be3bea26d22a109d9ff6cc925100af,1733.82
1222bd183cb699d1cc4e90996156b9c959d980f4,1644.47
1e28d5258ae8073e4456d43e95bd107a37504c9b,1668.94
6bffda376d35aaa5101115013b49b655f396c15c,1587.59
731d9011a38200cb31622530724e2d345cef3d3e,1664.79
9c437b4b961c6ed8a52ccb0a1be58de51f2e1e57,1665.08
c988d5e97606042ed3af020fd2e5f33a59a66c08,1460.36
61923e0455c46cc6320188b13c613302f01e7880,1434.63
4a4602387d08458c463be57a26e74dc91d58e218,1643.40
4daca1dede2a1cb90ba7d15056ad5e317b823794,1645.72
29bc6f50c0a31614835e9378f0d30fcae9bcc2e8,1540.03
38fec07573b85665c12b60de2f799f68c3b1b1c8,1648.93
19f64bd382a38c7d961ce3ee1c08d3e3ceb12cc9,1655.69
c9695d66b43c7b5087e2de9d55f03c3cdb006d34,1497.06
34a0ed4d06c31b901641d6af638416ed69d62287,1649.99
c09c1f51f4779d259df0423119a83ebe8aa3b86d,1539.00
aabf0b0dbb19f6ff13f28cf1b5033b1661437a71,1557.90
61923e0455c46cc6320188b13c613302f01e7880,1447.61
78383995e7cf5f0c6a068a94aea3e0c0dc10e73d,1525.94
5c4c09a5cbf1271ceeac32452cbc77d0795b81f9,1447.10
eb95db79108f2339521bf40d72100b1fef835782,1559.97
da185458a86a9a820e2b522e40b6df597d4f31f8,1702.60
731d9011a38200cb31622530724e2d345cef3d3e,1688.26
c4dd25ee7257748cbf1f9e54ee0885d462d18694,1687.29
5c4c09a5cbf1271ceeac32452cbc77d0795b81f9,1486.42
dab13b2fd3288b44a3c83c3559991a97231dfcbc,1656.49
6cf89b49d70d0ed561881c9654abee6efbcbb439,1673.21
206cba0835e5f3a95732a9d49e0403c701740f03,1662.01
6b5dbd0b7906842345194c0c863f2575b533786d,1657.50
aa6e0d92728d67e242515d41c14188d5efe1c730,1452.25
59ba3f167adf8d506401db482f67af0e5f6d2ab5,1459.76
969cb7865bddb3e8cc36a0054c65e2f964b3d2c8,1704.15
1edd1431a42dcc092a91a5d91962e31f06a24c85,1750.07
ec7fcd3b76af03f32f6b0a221acc66d7efb6d9be,1665.69
a36c140174a86d0c1d49415af1fbe3a419565bf5,1450.09
e5eee65f0e1da93e67094fe6d6dc4a83983cc6c6,1639.55
41dc7cdc29becc144ec4ce7b9da8d2e1b1b163b9,1658.38
3c36fd078bd9d694855c5fe8fae05e05d5c441ca,1510.16
ec7fcd3b76af03f32f6b0a221acc66d7efb6d9be,1662.57
44460bc146222adbaafbab01b8681e1005da0b66,1682.44
001b4dda1f1728dcfc29c7af37b473c3f8c3d756,1688.79
5e498c66c54966479c523b421466ace40c6d2ea6,1643.08
464dc271b67881e2b7ccd98ac8df2b48479f5436,1671.75
74f6592ca5e92c6065dd7a76d730e014f2eb3f5e,1660.21
c7f0005db7165d1c276eaa3c63ef512326a8f72c,1714.10
1a031b6742464a6dbb5b42c5132a75e46a45c180,1485.42
1222bd183cb699d1cc4e90996156b9c959d980f4,1677.68
9c437b4b961c6ed8a52ccb0a1be58de51f2e1e57,1673.79
eb95db79108f2339521bf40d72100b1fef835782,1543.95
6681be4553ae9e4153fdabf006655b84dd161160,1528.20
1edd1431a42dcc092a91a5d91962e31f06a24c85,1678.45
f9154f031139fc0cb0cab48c3d47b69a1bc3ae4d,1454.78
f70a7bc0e596651f81d4e47726d104d9f6db3acd,1697.83
44460bc146222adbaafbab01b8681e1005da0b66,1683.79
2c7c04744c048e62bfa505dbb858a9458c193c03,1690.32
dab13b2fd3288b44a3c83c3559991a97231dfcbc,1711.27
5ec472da5f5b48ecf38027d81fde2f22ddb85a54,1482.63
aabf0b0dbb19f6ff13f28cf1b5033b1661437a71,1565.30
3082a4f3b3bdf4b2ce5c2cf8ec6a35392d60f20f,1454.85
e975f4f5085cb4bb779c160cb5b1e0f6438a2b06,1674.73
9cb943a9f2ffeeca2adcd9aa3d127df249b75515,1456.40
062d1900f7c57c366d5512e428ed30c71a1536ad,1488.94
8f0dc293c9c34ef9b7715493a423df88a06bed1d,1662.73
85a4fa2fb8e979b7bc3197aa7c9b822ab2052e38,1541.32
e3e22ad52b910abf673e5c2929d4565633c728c0,1738.58
001752f1a0b73ae17668dc9fd4c5942424a6c1e2,1487.22
3082a4f3b3bdf4b2ce5c2cf8ec6a35392d60f20f,1465.84
3ef2e6eaf1ad1912bffbe41a9884819a89ff7a58,1717.21
3ef2e6eaf1ad1912bffbe41a9884819a89ff7a58,1661.04
6bffda376d35aaa5101115013b49b655f396c15c,1552.13
453af8c1c8475260ed67da7ca201823158c23d63,1501.41
603261dd12a6703a9e81c59bf73a894edb1f93f3,1702.35
6c413dffdc415ec6cc7f661604635f2d9ef6ca5b,1457.92
39f986b5b3672009ea7fde7647318472c8713e6f,1676.45
1e28d5258ae8073e4456d43e95bd107a37504c9b,1648.89
eb95db79108f2339521bf40d72100b1fef835782,1521.51
9329ae9ea40ebd2dca20413857dea293e83456f2,1656.98
c9695d66b43c7b5087e2de9d55f03c3cdb006d34,1523.84
603261dd12a6703a9e81c59bf73a894edb1f93f3,1667.46
4fcd4f855e0d4a6424353b7e2d70c37cfbc6fde7,1508.58
6c413dffdc415ec6cc7f661604635f2d9ef6ca5b,1463.61
41dc7cdc29becc144ec4ce7b9da8d2e1b1b163b9,1663.24
df347747385e6d30d2899262125cd20a08bfa9e6,1456.77
3082a4f3b3bdf4b2ce5c2cf8ec6a35392d60f20f,1458.62
46ec1a17bf33e6b8b41e3a525bce91a59e774178,1750.97
1a68cc9b8133cb847268b1b1fc00a6edf4a74bcb,1464.12
0844e2105e4f45e036f6748e2e748e44b588ffc4,1472.47
61923e0455c46cc6320188b13c613302f01e7880,1446.72
3ef2e6eaf1ad1912bffbe41a9884819a89ff7a58,1640.67
7693192fb34380328936a73f8c8cc346893a457a,1705.53
2c7c04744c048e62bfa505dbb858a9458c193c03,1667.00
ccea63a4eb3c76a82b609fdfab39300034d5bd63,1465.89
005da925db2ff5fe592b79c1a4d77cb91882fcf0,1527.76
1222bd183cb699d1cc4e90996156b9c959d980f4,1621.27
37043421d95508823b888c6ddabd45deab62c496,1556.69
c7f0005db7165d1c276eaa3c63ef512326a8f72c,1667.80
92a4269c1d00ae77e838e1e701bcc9bf087a730a,1524.28
ccea63a4eb3c76a82b609fdfab39300034d5bd63,1466.63
969cb7865bddb3e8cc36a0054c65e2f964b3d2c8,1647.97
fe2d9e27982779a082680c9e28026e2a0df2c4ce,1703.16
8ecb39eb4ec4e50126853ab05d54f7dd4f392de2,1479.40
eb95db79108f2339521bf40d72100b1fef835782,1536.49
969cb7865bddb3e8cc36a0054c65e2f964b3d2c8,1676.84
5c4c09a5cbf1271ceeac32452cbc77d0795b81f9,1442.94
0270598732b77c25e643e4e1b1e4347fd8037dfa,1544.08
7707efccded0f1cca2efc8ab961f64bc0b204cd4,1540.34
8ecb39eb4ec4e50126853ab05d54f7dd4f392de2,1467.30
34a0ed4d06c31b901641d6af638416ed69d62287,1662.11
c32924fbde89766b2b59f45e5820d373559f92d1,1449.97
dab13b2fd3288b44a3c83c3559991a97231dfcbc,1642.01
969cb7865bddb3e8cc36a0054c65e2f964b3d2c8,1683.86
e10e04da6c7d93daf5f74d449594cba7ea3683e3,1478.97
453385491ae2a17e955a33362099cd78e9c8133c,1710.32
c6208d2c8d3f3cb45215053f2656683844155e8a,1464.91
470b9388d58fa113f25dc39b17bdcabb4deaca3f,1651.90
5c4c09a5cbf1271ceeac32452cbc77d0795b81f9,1467.55
1a68cc9b8133cb847268b1b1fc00a6edf4a74bcb,1459.69
001b4dda1f1728dcfc29c7af37b473c3f8c3d756,1698.19
8e24baa98882ce2682911ac53d5f7ec088e016b3,1668.68
5e498c66c54966479c523b421466ace40c6d2ea6,1687.58
39f986b5b3672009ea7fde7647318472c8713e6f,1648.44
6bffda376d35aaa5101115013b49b655f396c15c,1574.76
6b96c742ef84bd0347d3338aff13ed6da8278b1f,1682.31
5c4c09a5cbf1271ceeac32452cbc77d0795b81f9,1457.49
001752f1a0b73ae17668dc9fd4c5942424a6c1e2,1480.60
3082a4f3b3bdf4b2ce5c2cf8ec6a35392d60f20f,1467.26
ae4dfd28bb80228bb87f1dd7c6dff40fd21edb14,1485.28
01b3900107114f441860ee3d03aba03caef42804,1519.49
6bffda376d35aaa5101115013b49b655f396c15c,1519.59
c9695d66b43c7b5087e2de9d55f03c3cdb006d34,1503.24
92a4269c1d00ae77e838e1e701bcc9bf087a730a,1537.92
6b96c742ef84bd0347d3338aff13ed6da8278b1f,1680.52
dec21ef066af58e694b48ff483079f346ba5c217,1656.42
3451eeb73d073ef3c8a6f99d3c38b8c5f62fb54b,1663.59
da185458a86a9a820e2b522e40b6df597d4f31f8,1645.39
da185458a86a9a820e2b522e40b6df597d4f31f8,1676.31
41dc7cdc29becc144ec4ce7b9da8d2e1b1b163b9,1666.61
63023f8b29048e2768cb6c0cfa5c168357b2955d,1454.92
6b5dbd0b7906842345194c0c863f2575b533786d,1671.99
af7999df5214d20175e58de6ff11f8ec4d520efe,1667.19
dcb4f799123febff991e64ff24b7d20538e34ff1,1686.75
3082a4f3b3bdf4b2ce5c2cf8ec6a35392d60f20f,1478.60
464dc271b67881e2b7ccd98ac8df2b48479f5436,1702.96
dab13b2fd3288b44a3c83c3559991a97231dfcbc,1666.80
4a4602387d08458c463be57a26e74dc91d58e218,1650.87
e975f4f5085cb4bb779c160cb5b1e0f6438a2b06,1667.37
c988d5e97606042ed3af020fd2e5f33a59a66c08,1448.93
001b4dda1f1728dcfc29c7af37b473c3f8c3d756,1667.92
3c36fd078bd9d694855c5fe8fae05e05d5c441ca,1477.33
ec7fcd3b76af03f32f6b0a221acc66d7efb6d9be,1650.21
7707efccded0f1cca2efc8ab961f64bc0b204cd4,1557.15
38fec07573b85665c12b60de2f799f68c3b1b1c8,1666.79
9c437b4b961c6ed8a52ccb0a1be58de51f2e1e57,1656.79
f0d878210fb83c58c3a1a99a138dec86ec542a08,1696.71
38fec07573b85665c12b60de2f799f68c3b1b1c8,1679.79
4a4602387d08458c463be57a26e74dc91d58e218,1638.48
5c4c09a5cbf1271ceeac32452cbc77d0795b81f9,1439.39
062d1900f7c57c366d5512e428ed30c71a1536ad,1475.82
6b5dbd0b7906842345194c0c863f2575b533786d,1678.32
0844e2105e4f45e036f6748e2e748e44b588ffc4,1464.12
c347db4cf3f5a9523434f21113ca03b4dd1aaff6,1777.69
5c4c09a5cbf1271ceeac32452cbc77d0795b81f9,1451.71
c6208d2c8d3f3cb45215053f2656683844155e8a,1471.04
731d9011a38200cb31622530724e2d345cef3d3e,1687.33
c6208d2c8d3f3cb45215053f2656683844155e8a,1496.84
453af8c1c8475260ed67da7ca201823158c23d63,1481.53
39f986b5b3672009ea7fde7647318472c8713e6f,1660.95
01b3900107114f441860ee3d03aba03caef42804,1479.40
dab13b2fd3288b44a3c83c3559991a97231dfcbc,1663.43
1edd1431a42dcc092a91a5d91962e31f06a24c85,1647.08
4a4602387d08458c463be57a26e74dc91d58e218,1655.09
7693192fb34380328936a73f8c8cc346893a457a,1637.23
e3e22ad52b910abf673e5c2929d4565633c728c0,1736.29
6cf89b49d70d0ed561881c9654abee6efbcbb439,1641.02
062d1900f7c57c366d5512e428ed30c71a1536ad,1480.42
74f6592ca5e92c6065dd7a76d730e014f2eb3f5e,1692.86
6681be4553ae9e4153fdabf006655b84dd161160,1533.06
453385491ae2a17e955a33362099cd78e9c8133c,1680.71
3451eeb73d073ef3c8a6f99d3c38b8c5f62fb54b,1667.05
6681be4553ae9e4153fdabf006655b84dd161160,1559.43
3c36fd078bd9d694855c5fe8fae05e05d5c441ca,1447.01
c9695d66b43c7b5087e2de9d55f03c3cdb006d34,1505.05
464dc271b67881e2b7ccd98ac8df2b48479f5436,1678.43
aa6e0d92728d67e242515d41c14188d5efe1c730,1448.43
ae4dfd28bb80228bb87f1dd7c6dff40fd21edb14,1468.90
f70a7bc0e596651f81d4e47726d104d9f6db3acd,1670.13
4daca1dede2a1cb90ba7d15056ad5e317b823794,1661.59
aabf0b0dbb19f6ff13f28cf1b5033b1661437a71,1554.95
9329ae9ea40ebd2dca20413857dea293e83456f2,1660.87
603261dd12a6703a9e81c59bf73a894edb1f93f3,1670.92
1a031b6742464a6dbb5b42c5132a75e46a45c180,1492.64
e975f4f5085cb4bb779c160cb5b1e0f6438a2b06,1651.16
df347747385e6d30d2899262125cd20a08bfa9e6,1447.71
6b96c742ef84bd0347d3338aff13ed6da8278b1f,1682.94
92a4269c1d00ae77e838e1e701bcc9bf087a730a,1525.69
46ec1a17bf33e6b8b41e3a525bce91a59e774178,1677.92
7693192fb34380328936a73f8c8cc346893a457a,1652.49
da185458a86a9a820e2b522e40b6df597d4f31f8,1682.74
5e498c66c54966479c523b421466ace40c6d2ea6,1672.18
e10e04da6c7d93daf5f74d449594cba7ea3683e3,1460.53
41dc7cdc29becc144ec4ce7b9da8d2e1b1b163b9,1656.04
e3e22ad52b910abf673e5c2929d4565633c728c0,1787.39
34a0ed4d06c31b901641d6af638416ed69d62287,1698.60
3ef2e6eaf1ad1912bffbe41a9884819a89ff7a58,1691.49
78383995e7cf5f0c6a068a94aea3e0c0dc10e73d,1536.32
062d1900f7c57c366d5512e428ed30c71a1536ad,1453.20
01b3900107114f441860ee3d03aba03caef42804,1446.59
ec7fcd3b76af03f32f6b0a221acc66d7efb6d9be,1679.06
ae4dfd28bb80228bb87f1dd7c6dff40fd21edb14,1453.31
4a4602387d08458c463be57a26e74dc91d58e218,1625.97
9c437b4b961c6ed8a52ccb0a1be58de51f2e1e57,1697.51
9329ae9ea40ebd2dca20413857dea293e83456f2,1660.32
9cb943a9f2ffeeca2adcd9aa3d127df249b75515,1491.30
c7f0005db7165d1c276eaa3c63ef512326a8f72c,1675.66
2b3c4e17d9b42a54957463cebc763213da7ea00d,1772.30
74f6592ca5e92c6065dd7a76d730e014f2eb3f5e,1642.94
5ec472da5f5b48ecf38027d81fde2f22ddb85a54,1460.15
c4cdf1353370dcc327e68f27df8e8f40aca9f6b0,1672.10
9cb943a9f2ffeeca2adcd9aa3d127df249b75515,1464.76
f9154f031139fc0cb0cab48c3d47b69a1bc3ae4d,1462.62
206cba0835e5f3a95732a9d49e0403c701740f03,1643.93
6c413dffdc415ec6cc7f661604635f2d9ef6ca5b,1455.31
da185458a86a9a820e2b522e40b6df597d4f31f8,1652.81
001b4dda1f1728dcfc29c7af37b473c3f8c3d756,1691.94
47491d88c1be3bea26d22a109d9ff6cc925100af,1655.61
731d9011a38200cb31622530724e2d345cef3d3e,1644.29
6bffda376d35aaa5101115013b49b655f396c15c,1544.78
fe2d9e27982779a082680c9e28026e2a0df2c4ce,1685.16
85a4fa2fb8e979b7bc3197aa7c9b822ab2052e38,1570.40
c6208d2c8d3f3cb45215053f2656683844155e8a,1491.64
4fcd4f855e0d4a6424353b7e2d70c37cfbc6fde7,1495.21
8f0dc293c9c34ef9b7715493a423df88a06bed1d,1645.05
dec21ef066af58e694b48ff483079f346ba5c217,1687.12
01b3900107114f441860ee3d03aba03caef42804,1456.35
3082a4f3b3bdf4b2ce5c2cf8ec6a35392d60f20f,1469.86
206cba0835e5f3a95732a9d49e0403c701740f03,1637.28
a36c140174a86d0c1d49415af1fbe3a419565bf5,1463.00
f0d878210fb83c58c3a1a99a138dec86ec542a08,1667.07
e5eee65f0e1da93e67094fe6d6dc4a83983cc6c6,1679.45
6cf89b49d70d0ed561881c9654abee6efbcbb439,1717.49
7707efccded0f1cca2efc8ab961f64bc0b204cd4,1518.95
6681be4553ae9e4153fdabf006655b84dd161160,1529.91
062d1900f7c57c366d5512e428ed30c71a1536ad,1478.00
47491d88c1be3bea26d22a109d9ff6cc925100af,1705.75
e10e04da6c7d93daf5f74d449594cba7ea3683e3,1479.11
5ec472da5f5b48ecf38027d81fde2f22ddb85a54,1461.93
3082a4f3b3bdf4b2ce5c2cf8ec6a35392d60f20f,1445.09
78383995e7cf5f0c6a068a94aea3e0c0dc10e73d,1563.18
fe2d9e27982779a082680c9e28026e2a0df2c4ce,1650.45
dec21ef066af58e694b48ff483079f346ba5c217,1667.77
34a0ed4d06c31b901641d6af638416ed69d62287,1675.44
f5851510fd1cca221434a38f837b058e267f4cd0,1681.87
e3e22ad52b910abf673e5c2929d4565633c728c0,1761.96
e5eee65f0e1da93e67094fe6d6dc4a83983cc6c6,1689.09
206cba0835e5f3a95732a9d49e0403c701740f03,1641.47
f70a7bc0e596651f81d4e47726d104d9f6db3acd,1645.76
9329ae9ea40ebd2dca20413857dea293e83456f2,1658.74
5c4c09a5cbf1271ceeac32452cbc77d0795b81f9,1451.57
969cb7865bddb3e8cc36a0054c65e2f964b3d2c8,1675.43
6681be4553ae9e4153fdabf006655b84dd161160,1539.21
c09c1f51f4779d259df0423119a83ebe8aa3b86d,1546.31
001752f1a0b73ae17668dc9fd4c5942424a6c1e2,1455.51
1a031b6742464a6dbb5b42c5132a75e46a45c180,1500.01
c347db4cf3f5a9523434f21113ca03b4dd1aaff6,1723.90
c6208d2c8d3f3cb45215053f2656683844155e8a,1497.09
37043421d95508823b888c6ddabd45deab62c496,1550.90
9cb943a9f2ffeeca2adcd9aa3d127df249b75515,1448.72
59ba3f167adf8d506401db482f67af0e5f6d2ab5,1460.36
dcb4f799123febff991e64ff24b7d20538e34ff1,1646.30
9329ae9ea40ebd2dca20413857dea293e83456f2,1656.74
85a4fa2fb8e979b7bc3197aa7c9b822ab2052e38,1513.16
01c823e35033c86a3247c451891d13df1ed2ee11,1660.63
29bc6f50c0a31614835e9378f0d30fcae9bcc2e8,1518.82
74f6592ca5e92c6065dd7a76d730e014f2eb3f5e,1650.82
ada7794966061a40f7324bd9d3e2f02a1cd2ad91,1658.71
8ecb39eb4ec4e50126853ab05d54f7dd4f392de2,1463.90
aabf0b0dbb19f6ff13f28cf1b5033b1661437a71,1555.99
01c823e35033c86a3247c451891d13df1ed2ee11,1667.37
34a0ed4d06c31b901641d6af638416ed69d62287,1660.67
470b9388d58fa113f25dc39b17bdcabb4deaca3f,1649.88
1a031b6742464a6dbb5b42c5132a75e46a45c180,1486.97
ec7fcd3b76af03f32f6b0a221acc66d7efb6d9be,1657.97
c09c1f51f4779d259df0423119a83ebe8aa3b86d,1540.79
5c4c09a5cbf1271ceeac32452cbc77d0795b81f9,1448.35
c6208d2c8d3f3cb45215053f2656683844155e8a,1484.91
df347747385e6d30d2899262125cd20a08bfa9e6,1491.82
005da925db2ff5fe592b79c1a4d77cb91882fcf0,1573.14
3ef2e6eaf1ad1912bffbe41a9884819a89ff7a58,1682.22
3451eeb73d073ef3c8a6f99d3c38b8c5f62fb54b,1682.64
78383995e7cf5f0c6a068a94aea3e0c0dc10e73d,1528.52
61923e0455c46cc6320188b13c613302f01e7880,1447.96
a36c140174a86d0c1d49415af1fbe3a419565bf5,1451.90
1a031b6742464a6dbb5b42c5132a75e46a45c180,1501.61
3c36fd078bd9d694855c5fe8fae05e05d5c441ca,1475.07
46ec1a17bf33e6b8b41e3a525bce91a59e774178,1650.95
9c437b4b961c6ed8a52ccb0a1be58de51f2e1e57,1663.50
dec21ef066af58e694b48ff483079f346ba5c217,1682.48
37043421d95508823b888c6ddabd45deab62c496,1541.97
37043421d95508823b888c6ddabd45deab62c496,1536.34
f9154f031139fc0cb0cab48c3d47b69a1bc3ae4d,1446.13
ae4dfd28bb80228bb87f1dd7c6dff40fd21edb14,1450.46
dcb4f799123febff991e64ff24b7d20538e34ff1,1698.74
63023f8b29048e2768cb6c0cfa5c168357b2955d,1466.75
f0d878210fb83c58c3a1a99a138dec86ec542a08,1681.85
1e28d5258ae8073e4456d43e95bd107a37504c9b,1671.59
85a4fa2fb8e979b7bc3197aa7c9b822ab2052e38,1543.62
f0d878210fb83c58c3a1a99a138dec86ec542a08,1661.45
19f64bd382a38c7d961ce3ee1c08d3e3ceb12cc9,1660.20
464dc271b67881e2b7ccd98ac8df2b48479f5436,1696.05
7707efccded0f1cca2efc8ab961f64bc0b204cd4,1527.50
5e498c66c54966479c523b421466ace40c6d2ea6,1723.14
c32924fbde89766b2b59f45e5820d373559f92d1,1474.23
e5eee65f0e1da93e67094fe6d6dc4a83983cc6c6,1674.17
969cb7865bddb3e8cc36a0054c65e2f964b3d2c8,1667.88
7707efccded0f1cca2efc8ab961f64bc0b204cd4,1544.04
f9154f031139fc0cb0cab48c3d47b69a1bc3ae4d,1457.05
6b96c742ef84bd0347d3338aff13ed6da8278b1f,1668.50
6681be4553ae9e4153fdabf006655b84dd161160,1545.65
85a4fa2fb8e979b7bc3197aa7c9b822ab2052e38,1542.13
001b4dda1f1728dcfc29c7af37b473c3f8c3d756,1659.60
47491d88c1be3bea26d22a109d9ff6cc925100af,1660.97
61923e0455c46cc6320188b13c613302f01e7880,1467.01
63023f8b29048e2768cb6c0cfa5c168357b2955d,1450.29
c347db4cf3f5a9523434f21113ca03b4dd1aaff6,1730.55
92a4269c1d00ae77e838e1e701bcc9bf087a730a,1539.76
78383995e7cf5f0c6a068a94aea3e0c0dc10e73d,1524.13
005da925db2ff5fe592b79c1a4d77cb91882fcf0,1531.82
001752f1a0b73ae17668dc9fd4c5942424a6c1e2,1456.58
39f986b5b3672009ea7fde7647318472c8713e6f,1679.59
c7f0005db7165d1c276eaa3c63ef512326a8f72c,1667.70
1a68cc9b8133cb847268b1b1fc00a6edf4a74bcb,1453.91
9329ae9ea40ebd2dca20413857dea293e83456f2,1668.02
eb95db79108f2339521bf40d72100b1fef835782,1586.62
f0d878210fb83c58c3a1a99a138dec86ec542a08,1685.08
c32924fbde89766b2b59f45e5820d373559f92d1,1461.58
453385491ae2a17e955a33362099cd78e9c8133c,1684.07
0270598732b77c25e643e4e1b1e4347fd8037dfa,1567.28
c6208d2c8d3f3cb45215053f2656683844155e8a,1488.46
c4dd25ee7257748cbf1f9e54ee0885d462d18694,1664.86
01c823e35033c86a3247c451891d13df1ed2ee11,1669.17
7693192fb34380328936a73f8c8cc346893a457a,1675.77
e62e49d51ead15fe1d9344a756d4a9a18e44a5ca,1758.33
6cf89b49d70d0ed561881c9654abee6efbcbb439,1663.29
9cb943a9f2ffeeca2adcd9aa3d127df249b75515,1454.68
74f6592ca5e92c6065dd7a76d730e014f2eb3f5e,1654.41
6681be4553ae9e4153fdabf006655b84dd161160,1541.74
74f6592ca5e92c6065dd7a76d730e014f2eb3f5e,1718.84
df347747385e6d30d2899262125cd20a08bfa9e6,1453.39
3c36fd078bd9d694855c5fe8fae05e05d5c441ca,1452.65
aa6e0d92728d67e242515d41c14188d5efe1c730,1456.65
ccea63a4eb3c76a82b609fdfab39300034d5bd63,1472.19
dec21ef066af58e694b48ff483079f346ba5c217,1669.68
e975f4f5085cb4bb779c160cb5b1e0f6438a2b06,1709.32
59ba3f167adf8d506401db482f67af0e5f6d2ab5,1439.65
ec7fcd3b76af03f32f6b0a221acc66d7efb6d9be,1644.27
19f64bd382a38c7d961ce3ee1c08d3e3ceb12cc9,1708.43
af7999df5214d20175e58de6ff11f8ec4d520efe,1701.27
9cb943a9f2ffeeca2adcd9aa3d127df249b75515,1479.52
7693192fb34380328936a73f8c8cc346893a457a,1699.15
19f64bd382a38c7d961ce3ee1c08d3e3ceb12cc9,1674.94
ae4dfd28bb80228bb87f1dd7c6dff40fd21edb14,1469.64
63023f8b29048e2768cb6c0cfa5c168357b2955d,1470.13
e5eee65f0e1da93e67094fe6d6dc4a83983cc6c6,1711.94
59ba3f167adf8d506401db482f67af0e5f6d2ab5,1445.41
5c4c09a5cbf1271ceeac32452cbc77d0795b81f9,1443.01
f5851510fd1cca221434a38f837b058e267f4cd0,1690.83
01b3900107114f441860ee3d03aba03caef42804,1469.93
41dc7cdc29becc144ec4ce7b9da8d2e1b1b163b9,1695.41
005da925db2ff5fe592b79c1a4d77cb91882fcf0,1548.99
63023f8b29048e2768cb6c0cfa5c168357b2955d,1468.30
5c4c09a5cbf1271ceeac32452cbc77d0795b81f9,1466.73
c9695d66b43c7b5087e2de9d55f03c3cdb006d34,1506.25
c32924fbde89766b2b59f45e5820d373559f92d1,1478.67
c6208d2c8d3f3cb45215053f2656683844155e8a,1480.14
c6208d2c8d3f3cb45215053f2656683844155e8a,1527.50
6c413dffdc415ec6cc7f661604635f2d9ef6ca5b,1450.58
0270598732b77c25e643e4e1b1e4347fd8037dfa,1515.57
8ecb39eb4ec4e50126853ab05d54f7dd4f392de2,1473.74
c4cdf1353370dcc327e68f27df8e8f40aca9f6b0,1675.54
47491d88c1be3bea26d22a109d9ff6cc925100af,1674.89
63023f8b29048e2768cb6c0cfa5c168357b2955d,1464.56
7693192fb34380328936a73f8c8cc346893a457a,1672.30
41dc7cdc29becc144ec4ce7b9da8d2e1b1b163b9,1661.77
dcb4f799123febff991e64ff24b7d20538e34ff1,1655.95
c9695d66b43c7b5087e2de9d55f03c3cdb006d34,1508.65
59ba3f167adf8d506401db482f67af0e5f6d2ab5,1456.24
c4dd25ee7257748cbf1f9e54ee0885d462d18694,1773.90
8e24baa98882ce2682911ac53d5f7ec088e016b3,1724.65
ae4dfd28bb80228bb87f1dd7c6dff40fd21edb14,1457.20
3c36fd078bd9d694855c5fe8fae05e05d5c441ca,1449.15
0270598732b77c25e643e4e1b1e4347fd8037dfa,1537.16
6b5dbd0b7906842345194c0c863f2575b533786d,1693.03
e975f4f5085cb4bb779c160cb5b1e0f6438a2b06,1793.71
f23eff37735fab57d513346e63f7e9f3245f45d9,1798.46
8ecb39eb4ec4e50126853ab05d54f7dd4f392de2,1452.44
4fcd4f855e0d4a6424353b7e2d70c37cfbc6fde7,1484.57
1edd1431a42dcc092a91a5d91962e31f06a24c85,1681.93
f5851510fd1cca221434a38f837b058e267f4cd0,1653.87
4daca1dede2a1cb90ba7d15056ad5e317b823794,1673.48
6bffda376d35aaa5101115013b49b655f396c15c,1553.22
c32924fbde89766b2b59f45e5820d373559f92d1,1474.62
6bffda376d35aaa5101115013b49b655f396c15c,1566.44
7707efccded0f1cca2efc8ab961f64bc0b204cd4,1536.42
f23eff37735fab57d513346e63f7e9f3245f45d9,1714.29
f23eff37735fab57d513346e63f7e9f3245f45d9,1728.25
e5eee65f0e1da93e67094fe6d6dc4a83983cc6c6,1699.53
f9154f031139fc0cb0cab48c3d47b69a1bc3ae4d,1451.09
59ba3f167adf8d506401db482f67af0e5f6d2ab5,1469.15
92a4269c1d00ae77e838e1e701bcc9bf087a730a,1557.37
ccea63a4eb3c76a82b609fdfab39300034d5bd63,1475.29
38fec07573b85665c12b60de2f799f68c3b1b1c8,1676.47
2b3c4e17d9b42a54957463cebc763213da7ea00d,1724.50
2b3c4e17d9b42a54957463cebc763213da7ea00d,1823.96
1edd1431a42dcc092a91a5d91962e31f06a24c85,1670.74
7693192fb34380328936a73f8c8cc346893a457a,1687.42
6c413dffdc415ec6cc7f661604635f2d9ef6ca5b,1443.52
0270598732b77c25e643e4e1b1e4347fd8037dfa,1553.92
f0d878210fb83c58c3a1a99a138dec86ec542a08,1654.47
001b4dda1f1728dcfc29c7af37b473c3f8c3d756,1683.37
f0d878210fb83c58c3a1a99a138dec86ec542a08,1690.85
6681be4553ae9e4153fdabf006655b84dd161160,1529.83
001752f1a0b73ae17668dc9fd4c5942424a6c1e2,1465.48
f23eff37735fab57d513346e63f7e9f3245f45d9,1752.23
005da925db2ff5fe592b79c1a4d77cb91882fcf0,1519.42
0844e2105e4f45e036f6748e2e748e44b588ffc4,1454.80
470b9388d58fa113f25dc39b17bdcabb4deaca3f,1656.13
41dc7cdc29becc144ec4ce7b9da8d2e1b1b163b9,1661.64
85a4fa2fb8e979b7bc3197aa7c9b822ab2052e38,1523.43
2c7c04744c048e62bfa505dbb858a9458c193c03,1700.89
af7999df5214d20175e58de6ff11f8ec4d520efe,1670.78
44460bc146222adbaafbab01b8681e1005da0b66,1705.43
9d15c00dafdbd472d744e994068d3733a5da9f52,1443.04
3451eeb73d073ef3c8a6f99d3c38b8c5f62fb54b,1666.36
a36c140174a86d0c1d49415af1fbe3a419565bf5,1483.43
e5eee65f0e1da93e67094fe6d6dc4a83983cc6c6,1661.68
39f986b5b3672009ea7fde7647318472c8713e6f,1663.28
2c7c04744c048e62bfa505dbb858a9458c193c03,1655.38
dcb4f799123febff991e64ff24b7d20538e34ff1,1655.12
0844e2105e4f45e036f6748e2e748e44b588ffc4,1447.74
9cb943a9f2ffeeca2adcd9aa3d127df249b75515,1478.91
001752f1a0b73ae17668dc9fd4c5942424a6c1e2,1463.21
85a4fa2fb8e979b7bc3197aa7c9b822ab2052e38,1553.74
dcb4f799123febff991e64ff24b7d20538e34ff1,1646.14
9c437b4b961c6ed8a52ccb0a1be58de51f2e1e57,1663.36
e975f4f5085cb4bb779c160cb5b1e0f6438a2b06,1702.69
af7999df5214d20175e58de6ff11f8ec4d520efe,1654.03
df347747385e6d30d2899262125cd20a08bfa9e6,1435.45
8e24baa98882ce2682911ac53d5f7ec088e016b3,1657.12
f23eff37735fab57d513346e63f7e9f3245f45d9,1782.80
dcb4f799123febff991e64ff24b7d20538e34ff1,1675.05
29bc6f50c0a31614835e9378f0d30fcae9bcc2e8,1538.32
aabf0b0dbb19f6ff13f28cf1b5033b1661437a71,1557.69
c988d5e97606042ed3af020fd2e5f33a59a66c08,1458.92
8ecb39eb4ec4e50126853ab05d54f7dd4f392de2,1468.79
8f0dc293c9c34ef9b7715493a423df88a06bed1d,1666.27
38fec07573b85665c12b60de2f799f68c3b1b1c8,1693.55
dab13b2fd3288b44a3c83c3559991a97231dfcbc,1695.06
001b4dda1f1728dcfc29c7af37b473c3f8c3d756,1679.99
9c437b4b961c6ed8a52ccb0a1be58de51f2e1e57,1648.09
f5851510fd1cca221434a38f837b058e267f4cd0,1641.50
44460bc146222adbaafbab01b8681e1005da0b66,1690.97
001752f1a0b73ae17668dc9fd4c5942424a6c1e2,1474.47
39f986b5b3672009ea7fde7647318472c8713e6f,1638.02
0844e2105e4f45e036f6748e2e748e44b588ffc4,1457.61
c32924fbde89766b2b59f45e5820d373559f92d1,1467.20
9329ae9ea40ebd2dca20413857dea293e83456f2,1669.39
4daca1dede2a1cb90ba7d15056ad5e317b823794,1665.51
ccea63a4eb3c76a82b609fdfab39300034d5bd63,1463.14
aa6e0d92728d67e242515d41c14188d5efe1c730,1480.80
19f64bd382a38c7d961ce3ee1c08d3e3ceb12cc9,1725.84
a36c140174a86d0c1d49415af1fbe3a419565bf5,1449.72
731d9011a38200cb31622530724e2d345cef3d3e,1701.74
969cb7865bddb3e8cc36a0054c65e2f964b3d2c8,1700.60
fe2d9e27982779a082680c9e28026e2a0df2c4ce,1741.75
8ecb39eb4ec4e50126853ab05d54f7dd4f392de2,1461.64
37043421d95508823b888c6ddabd45deab62c496,1525.31
19f64bd382a38c7d961ce3ee1c08d3e3ceb12cc9,1682.45
6cf89b49d70d0ed561881c9654abee6efbcbb439,1704.58
1edd1431a42dcc092a91a5d91962e31f06a24c85,1711.19
005da925db2ff5fe592b79c1a4d77cb91882fcf0,1526.17
e10e04da6c7d93daf5f74d449594cba7ea3683e3,1465.55
34a0ed4d06c31b901641d6af638416ed69d62287,1667.09
0844e2105e4f45e036f6748e2e748e44b588ffc4,1526.71
3ef2e6eaf1ad1912bffbe41a9884819a89ff7a58,1653.26
6c413dffdc415ec6cc7f661604635f2d9ef6ca5b,1472.22
603261dd12a6703a9e81c59bf73a894edb1f93f3,1650.81
f5851510fd1cca221434a38f837b058e267f4cd0,1667.21
8e24baa98882ce2682911ac53d5f7ec088e016b3,1662.33
9cb943a9f2ffeeca2adcd9aa3d127df249b75515,1456.86
63023f8b29048e2768cb6c0cfa5c168357b2955d,1444.32
1a68cc9b8133cb847268b1b1fc00a6edf4a74bcb,1447.63
41dc7cdc29becc144ec4ce7b9da8d2e1b1b163b9,1687.35
3082a4f3b3bdf4b2ce5c2cf8ec6a35392d60f20f,1470.68
a36c140174a86d0c1d49415af1fbe3a419565bf5,1473.18
e975f4f5085cb4bb779c160cb5b1e0f6438a2b06,1646.16
9cb943a9f2ffeeca2adcd9aa3d127df249b75515,1457.70
46ec1a17bf33e6b8b41e3a525bce91a59e774178,1653.06
1222bd183cb699d1cc4e90996156b9c959d980f4,1659.75
470b9388d58fa113f25dc39b17bdcabb4deaca3f,1653.19
3082a4f3b3bdf4b2ce5c2cf8ec6a35392d60f20f,1470.93
7693192fb34380328936a73f8c8cc346893a457a,1649.83
44460bc146222adbaafbab01b8681e1005da0b66,1697.59
6c413dffdc415ec6cc7f661604635f2d9ef6ca5b,1463.63
47491d88c1be3bea26d22a109d9ff6cc925100af,1669.48
5e498c66c54966479c523b421466ace40c6d2ea6,1660.86
4a4602387d08458c463be57a26e74dc91d58e218,1636.72
19f64bd382a38c7d961ce3ee1c08d3e3ceb12cc9,1679.57
9c437b4b961c6ed8a52ccb0a1be58de51f2e1e57,1701.52
c4cdf1353370dcc327e68f27df8e8f40aca9f6b0,1656.39
4a4602387d08458c463be57a26e74dc91d58e218,1644.58
44460bc146222adbaafbab01b8681e1005da0b66,1667.31
001752f1a0b73ae17668dc9fd4c5942424a6c1e2,1483.77
44460bc146222adbaafbab01b8681e1005da0b66,1672.30
8f0dc293c9c34ef9b7715493a423df88a06bed1d,1710.00
39f986b5b3672009ea7fde7647318472c8713e6f,1688.25
85a4fa2fb8e979b7bc3197aa7c9b822ab2052e38,1558.73
c9695d66b43c7b5087e2de9d55f03c3cdb006d34,1505.14
eb95db79108f2339521bf40d72100b1fef835782,1547.12
062d1900f7c57c366d5512e428ed30c71a1536ad,1459.06
01b3900107114f441860ee3d03aba03caef42804,1487.53
ae4dfd28bb80228bb87f1dd7c6dff40fd21edb14,1473.74
e62e49d51ead15fe1d9344a756d4a9a18e44a5ca,1723.25
3ef2e6eaf1ad1912bffbe41a9884819a89ff7a58,1665.93
062d1900f7c57c366d5512e428ed30c71a1536ad,1462.35
5e498c66c54966479c523b421466ace40c6d2ea6,1645.07
470b9388d58fa113f25dc39b17bdcabb4deaca3f,1698.98
dab13b2fd3288b44a3c83c3559991a97231dfcbc,1668.33
062d1900f7c57c366d5512e428ed30c71a1536ad,1434.92
ccea63a4eb3c76a82b609fdfab39300034d5bd63,1464.14
47491d88c1be3bea26d22a109d9ff6cc925100af,1676.87
df347747385e6d30d2899262125cd20a08bfa9e6,1472.04
4daca1dede2a1cb90ba7d15056ad5e317b823794,1645.09
603261dd12a6703a9e81c59bf73a894edb1f93f3,1684.60
c7f0005db7165d1c276eaa3c63ef512326a8f72c,1715.96
5e498c66c54966479c523b421466ace40c6d2ea6,1656.31
c988d5e97606042ed3af020fd2e5f33a59a66c08,1466.15
9d15c00dafdbd472d744e994068d3733a5da9f52,1469.78
3451eeb73d073ef3c8a6f99d3c38b8c5f62fb54b,1665.20
61923e0455c46cc6320188b13c613302f01e7880,1461.59
9c437b4b961c6ed8a52ccb0a1be58de51f2e1e57,1676.66
a36c140174a86d0c1d49415af1fbe3a419565bf5,1456.84
e5eee65f0e1da93e67094fe6d6dc4a83983cc6c6,1676.99
ccea63a4eb3c76a82b609fdfab39300034d5bd63,1445.23
dab13b2fd3288b44a3c83c3559991a97231dfcbc,1669.08
dcb4f799123febff991e64ff24b7d20538e34ff1,1665.13
6b5dbd0b7906842345194c0c863f2575b533786d,1679.62
c347db4cf3f5a9523434f21113ca03b4dd1aaff6,1736.76
dab13b2fd3288b44a3c83c3559991a97231dfcbc,1672.72
c347db4cf3f5a9523434f21113ca03b4dd1aaff6,1748.76
464dc271b67881e2b7ccd98ac8df2b48479f5436,1689.33
c09c1f51f4779d259df0423119a83ebe8aa3b86d,1574.88
6b5dbd0b7906842345194c0c863f2575b533786d,1641.09
7707efccded0f1cca2efc8ab961f64bc0b204cd4,1586.21
38fec07573b85665c12b60de2f799f68c3b1b1c8,1691.38
3082a4f3b3bdf4b2ce5c2cf8ec6a35392d60f20f,1467.72
46ec1a17bf33e6b8b41e3a525bce91a59e774178,1699.54
470b9388d58fa113f25dc39b17bdcabb4deaca3f,1678.88
fe2d9e27982779a082680c9e28026e2a0df2c4ce,1647.55
38fec07573b85665c12b60de2f799f68c3b1b1c8,1666.46
ada7794966061a40f7324bd9d3e2f02a1cd2ad91,1671.57
aabf0b0dbb19f6ff13f28cf1b5033b1661437a71,1543.82
01c823e35033c86a3247c451891d13df1ed2ee11,1681.46
969cb7865bddb3e8cc36a0054c65e2f964b3d2c8,1678.59
6cf89b49d70d0ed561881c9654abee6efbcbb439,1680.56
c4dd25ee7257748cbf1f9e54ee0885d462d18694,1669.14
3c36fd078bd9d694855c5fe8fae05e05d5c441ca,1468.93
8ecb39eb4ec4e50126853ab05d54f7dd4f392de2,1463.13
4daca1dede2a1cb90ba7d15056ad5e317b823794,1705.56
f0d878210fb83c58c3a1a99a138dec86ec542a08,1666.41
e3e22ad52b910abf673e5c2929d4565633c728c0,1799.98
6681be4553ae9e4153fdabf006655b84dd161160,1572.12
4fcd4f855e0d4a6424353b7e2d70c37cfbc6fde7,1436.75
6b5dbd0b7906842345194c0c863f2575b533786d,1706.13
85a4fa2fb8e979b7bc3197aa7c9b822ab2052e38,1529.79
0270598732b77c25e643e4e1b1e4347fd8037dfa,1532.26
44460bc146222adbaafbab01b8681e1005da0b66,1685.08
9c437b4b961c6ed8a52ccb0a1be58de51f2e1e57,1672.55
dcb4f799123febff991e64ff24b7d20538e34ff1,1668.25
4daca1dede2a1cb90ba7d15056ad5e317b823794,1684.50
8ecb39eb4ec4e50126853ab05d54f7dd4f392de2,1478.59
6b96c742ef84bd0347d3338aff13ed6da8278b1f,1646.10
453385491ae2a17e955a33362099cd78e9c8133c,1730.06
8ecb39eb4ec4e50126853ab05d54f7dd4f392de2,1452.62
9cb943a9f2ffeeca2adcd9aa3d127df249b75515,1466.46
1edd1431a42dcc092a91a5d91962e31f06a24c85,1697.93
19f64bd382a38c7d961ce3ee1c08d3e3ceb12cc9,1659.35
062d1900f7c57c366d5512e428ed30c71a1536ad,1458.96
37043421d95508823b888c6ddabd45deab62c496,1537.74
8e24baa98882ce2682911ac53d5f7ec088e016b3,1658.69
c09c1f51f4779d259df0423119a83ebe8aa3b86d,1533.21
7707efccded0f1cca2efc8ab961f64bc0b204cd4,1540.02
dcb4f799123febff991e64ff24b7d20538e34ff1,1667.17
aa6e0d92728d67e242515d41c14188d5efe1c730,1462.68
0270598732b77c25e643e4e1b1e4347fd8037dfa,1528.19
062d1900f7c57c366d5512e428ed30c71a1536ad,1441.74
8ecb39eb4ec4e50126853ab05d54f7dd4f392de2,1478.53
062d1900f7c57c366d5512e428ed30c71a1536ad,1446.83
731d9011a38200cb31622530724e2d345cef3d3e,1655.80
61923e0455c46cc6320188b13c613302f01e7880,1466.54
46ec1a17bf33e6b8b41e3a525bce91a59e774178,1694.53
c4cdf1353370dcc327e68f27df8e8f40aca9f6b0,1657.42
8e24baa98882ce2682911ac53d5f7ec088e016b3,1655.75
92a4269c1d00ae77e838e1e701bcc9bf087a730a,1534.20
0270598732b77c25e643e4e1b1e4347fd8037dfa,1533.18
2b3c4e17d9b42a54957463cebc763213da7ea00d,1732.16
4daca1dede2a1cb90ba7d15056ad5e317b823794,1683.92
e62e49d51ead15fe1d9344a756d4a9a18e44a5ca,1777.54
8e24baa98882ce2682911ac53d5f7ec088e016b3,1662.31
c32924fbde89766b2b59f45e5820d373559f92d1,1472.60
4fcd4f855e0d4a6424353b7e2d70c37cfbc6fde7,1445.29
1a031b6742464a6dbb5b42c5132a75e46a45c180,1485.95
7707efccded0f1cca2efc8ab961f64bc0b204cd4,1512.32
1a68cc9b8133cb847268b1b1fc00a6edf4a74bcb,1459.43
59ba3f167adf8d506401db482f67af0e5f6d2ab5,1435.07
3451eeb73d073ef3c8a6f99d3c38b8c5f62fb54b,1650.98
da185458a86a9a820e2b522e40b6df597d4f31f8,1633.24
e10e04da6c7d93daf5f74d449594cba7ea3683e3,1478.40
453385491ae2a17e955a33362099cd78e9c8133c,1703.01
fe2d9e27982779a082680c9e28026e2a0df2c4ce,1673.43
e62e49d51ead15fe1d9344a756d4a9a18e44a5ca,1740.09
3082a4f3b3bdf4b2ce5c2cf8ec6a35392d60f20f,1449.25
c4cdf1353370dcc327e68f27df8e8f40aca9f6b0,1640.98
dec21ef066af58e694b48ff483079f346ba5c217,1670.94
603261dd12a6703a9e81c59bf73a894edb1f93f3,1681.08
37043421d95508823b888c6ddabd45deab62c496,1533.66
6b5dbd0b7906842345194c0c863f2575b533786d,1675.80
63023f8b29048e2768cb6c0cfa5c168357b2955d,1470.61
c347db4cf3f5a9523434f21113ca03b4dd1aaff6,1737.91
ada7794966061a40f7324bd9d3e2f02a1cd2ad91,1653.51
74f6592ca5e92c6065dd7a76d730e014f2eb3f5e,1673.18
001b4dda1f1728dcfc29c7af37b473c3f8c3d756,1681.68
8f0dc293c9c34ef9b7715493a423df88a06bed1d,1685.70
6bffda376d35aaa5101115013b49b655f396c15c,1535.86
453385491ae2a17e955a33362099cd78e9c8133c,1701.97
f23eff37735fab57d513346e63f7e9f3245f45d9,1731.19
6c413dffdc415ec6cc7f661604635f2d9ef6ca5b,1453.61
3c36fd078bd9d694855c5fe8fae05e05d5c441ca,1462.15
ae4dfd28bb80228bb87f1dd7c6dff40fd21edb14,1471.08
c4dd25ee7257748cbf1f9e54ee0885d462d18694,1669.61
61923e0455c46cc6320188b13c613302f01e7880,1477.65
74f6592ca5e92c6065dd7a76d730e014f2eb3f5e,1677.70
470b9388d58fa113f25dc39b17bdcabb4deaca3f,1659.74
9cb943a9f2ffeeca2adcd9aa3d127df249b75515,1445.36
3ef2e6eaf1ad1912bffbe41a9884819a89ff7a58,1684.64
1a031b6742464a6dbb5b42c5132a75e46a45c180,1505.64
464dc271b67881e2b7ccd98ac8df2b48479f5436,1649.62
4a4602387d08458c463be57a26e74dc91d58e218,1635.02
5ec472da5f5b48ecf38027d81fde2f22ddb85a54,1443.08
5ec472da5f5b48ecf38027d81fde2f22ddb85a54,1468.71
f5851510fd1cca221434a38f837b058e267f4cd0,1680.45
ccea63a4eb3c76a82b609fdfab39300034d5bd63,1455.12
1222bd183cb699d1cc4e90996156b9c959d980f4,1656.91
1e28d5258ae8073e4456d43e95bd107a37504c9b,1700.72
38fec07573b85665c12b60de2f799f68c3b1b1c8,1652.98
0270598732b77c25e643e4e1b1e4347fd8037dfa,1548.38
f23eff37735fab57d513346e63f7e9f3245f45d9,1732.11
9c437b4b961c6ed8a52ccb0a1be58de51f2e1e57,1669.42
dec21ef066af58e694b48ff483079f346ba5c217,1674.42
c988d5e97606042ed3af020fd2e5f33a59a66c08,1483.27
6b5dbd0b7906842345194c0c863f2575b533786d,1655.48
e3e22ad52b910abf673e5c2929d4565633c728c0,1796.54
5ec472da5f5b48ecf38027d81fde2f22ddb85a54,1463.46
3451eeb73d073ef3c8a6f99d3c38b8c5f62fb54b,1742.17
c4dd25ee7257748cbf1f9e54ee0885d462d18694,1682.57
206cba0835e5f3a95732a9d49e0403c701740f03,1680.43
ae4dfd28bb80228bb87f1dd7c6dff40fd21edb14,1444.71
34a0ed4d06c31b901641d6af638416ed69d62287,1650.47
2c7c04744c048e62bfa505dbb858a9458c193c03,1695.22
2b3c4e17d9b42a54957463cebc763213da7ea00d,1728.31
f9154f031139fc0cb0cab48c3d47b69a1bc3ae4d,1467.51
37043421d95508823b888c6ddabd45deab62c496,1547.29
38fec07573b85665c12b60de2f799f68c3b1b1c8,1669.07
46ec1a17bf33e6b8b41e3a525bce91a59e774178,1641.35
062d1900f7c57c366d5512e428ed30c71a1536ad,1471.70
001b4dda1f1728dcfc29c7af37b473c3f8c3d756,1687.59
44460bc146222adbaafbab01b8681e1005da0b66,1690.00
e10e04da6c7d93daf5f74d449594cba7ea3683e3,1444.47
3c36fd078bd9d694855c5fe8fae05e05d5c441ca,1452.08
5c4c09a5cbf1271ceeac32452cbc77d0795b81f9,1496.48
206cba0835e5f3a95732a9d49e0403c701740f03,1679.70
eb95db79108f2339521bf40d72100b1fef835782,1577.24
001752f1a0b73ae17668dc9fd4c5942424a6c1e2,1447.77
e5eee65f0e1da93e67094fe6d6dc4a83983cc6c6,1688.25
74f6592ca5e92c6065dd7a76d730e014f2eb3f5e,1673.60
63023f8b29048e2768cb6c0cfa5c168357b2955d,1470.47
6c413dffdc415ec6cc7f661604635f2d9ef6ca5b,1466.79
603261dd12a6703a9e81c59bf73a894edb1f93f3,1646.06
19f64bd382a38c7d961ce3ee1c08d3e3ceb12cc9,1775.20
ada7794966061a40f7324bd9d3e2f02a1cd2ad91,1646.57
eb95db79108f2339521bf40d72100b1fef835782,1565.52
6cf89b49d70d0ed561881c9654abee6efbcbb439,1683.70
37043421d95508823b888c6ddabd45deab62c496,1542.15
001b4dda1f1728dcfc29c7af37b473c3f8c3d756,1666.71
ada7794966061a40f7324bd9d3e2f02a1cd2ad91,1650.87
c988d5e97606042ed3af020fd2e5f33a59a66c08,1484.58
4fcd4f855e0d4a6424353b7e2d70c37cfbc6fde7,1467.88
0844e2105e4f45e036f6748e2e748e44b588ffc4,1456.25
f5851510fd1cca221434a38f837b058e267f4cd0,1694.38
6cf89b49d70d0ed561881c9654abee6efbcbb439,1662.52
1222bd183cb699d1cc4e90996156b9c959d980f4,1626.58
df347747385e6d30d2899262125cd20a08bfa9e6,1459.27
4daca1dede2a1cb90ba7d15056ad5e317b823794,1691.51
062d1900f7c57c366d5512e428ed30c71a1536ad,1490.45
005da925db2ff5fe592b79c1a4d77cb91882fcf0,1551.50
dec21ef066af58e694b48ff483079f346ba5c217,1656.41
c6208d2c8d3f3cb45215053f2656683844155e8a,1476.99
731d9011a38200cb31622530724e2d345cef3d3e,1654.84
dec21ef066af58e694b48ff483079f346ba5c217,1687.16
f0d878210fb83c58c3a1a99a138dec86ec542a08,1674.51
ae4dfd28bb80228bb87f1dd7c6dff40fd21edb14,1485.58
47491d88c1be3bea26d22a109d9ff6cc925100af,1656.08
0844e2105e4f45e036f6748e2e748e44b588ffc4,1471.26
f5851510fd1cca221434a38f837b058e267f4cd0,1669.29
aa6e0d92728d67e242515d41c14188d5efe1c730,1460.27
e5eee65f0e1da93e67094fe6d6dc4a83983cc6c6,1683.23
893706ad9b7310b84b02077e93bb311f1029407f,1737.85
3a9a6c7c8a67d51ebbb598495496e28dcd0c18e1,2274.37
db7a072fd3ebf0c9fc9da986d9893447507cbd22,2949.26
3cc6dd0efc570458fe0ca4a0ab6805e9cf212c7e,2442.21
eeae0ff3bf4c34565d422ede2b4aee8e6ab3656c,2416.16
82864b246c0005cc66a50daede3568f930504030,2178.51
e92e5060d8a61c90fc610148b445f5baf3dc7f9a,2236.26
6d24910a454a95db3aa8c00ad9436a1f21aaa514,2770.98
ac4edeb4f74741c8537d8df66c9c33e55a5d9e4f,2793.84
b29ba3548abc265300434a19e6c13b61e5834f7f,2447.58
cb8d641965987b6e5ae9bfed952a2ffccab755d7,2284.44
6a19564ba328d5dd866d82cac25ad95b7082a7c5,1872.67
acafbcf3cb71ea0a04188c8f6257e3d395fa7c36,2510.51
81cf92be7ccc87ed85d3bd3a94658396c179e6a2,1855.61
f2128717794737bb644e6e186de50b109d2c7349,2411.01
3941022e5c710392c6bd9f0fe8cce69f9caa08ef,2292.97
c30b97c595a2997b8a70083f21fa07c1a3ba0003,1746.77
cb8d641965987b6e5ae9bfed952a2ffccab755d7,2181.02
2594e0762ffbe5fc48dc2abc0a93d37692520fd4,1837.09
d9c3b1de2bc446177dd3555509395e1cfff0ed38,2465.85
2cc74b6f926ce800674b49fc0628fddd4b780b4f,2875.41
674d184d3265f0edd12ce284fdc8f13247163354,2787.84
63ed60b84cbd23672569926b7fb191ded5af34d3,1742.85
e738926eeb9f295afe379870b37e24a74c784e12,2440.18
ed4eb9bd2526035029b0ecf210b063c7f86b6915,1740.60
fa61c69511d2e5b30106dd0515bdee67e6bbbb03,1763.65
1d0a59796e487f6bcd5e3ba5632cd233ca26229d,1869.88
efdaba7c0e605b48fd4a36f2ad7d86e57bc2651b,2436.85
2f48c6596b68eefd329f9604a46c70c442370c67,1765.09
a4d451f3d0e200359f965067f9a2ff6eda8b1726,1762.60
bcbac427ff4bca1748f8eb5125a23d4c739b75e9,2460.30
674d184d3265f0edd12ce284fdc8f13247163354,2785.90
ff69df4c9374d2f450fb73ddeb1b1447735e47b2,2482.06
503ca72b57d603083ec3c2319fb593bc410a722a,1763.10
b29ba3548abc265300434a19e6c13b61e5834f7f,2401.13
42dbaa00c553d202e550e6086ce4f17e8aaac064,1752.07
342e6a0db5768642e8d3dd1c212384e0020403f7,2147.26
6a19564ba328d5dd866d82cac25ad95b7082a7c5,1899.26
1d0a59796e487f6bcd5e3ba5632cd233ca26229d,1877.05
6d24910a454a95db3aa8c00ad9436a1f21aaa514,2737.33
615b9592ffe8e65b4e461f7727081995931154ce,2233.05
db7a072fd3ebf0c9fc9da986d9893447507cbd22,2790.55
342e6a0db5768642e8d3dd1c212384e0020403f7,2182.86
3ec4a5d9f911718e0b6c3f2091537aa87a51c767,2800.35
3cc6dd0efc570458fe0ca4a0ab6805e9cf212c7e,2429.04
b1bac8c00c64e86ae8d5456d2a49f45adb64c0c8,1814.79
967306fbd12dca9d465f3f1c47fbcad6cfe7531a,1793.76
bd92bcac75e521176f9cfd501fd4d8fb4c87d325,2748.81
9d3f82c22bbe23679584ba9f97303fd8bac19ef7,2789.28
2c290436e25a69c66621c8b97eccec75b9e3ec63,2414.26
bcbac427ff4bca1748f8eb5125a23d4c739b75e9,2509.67
db7a072fd3ebf0c9fc9da986d9893447507cbd22,2764.90
6d24910a454a95db3aa8c00ad9436a1f21aaa514,2744.28
e92e5060d8a61c90fc610148b445f5baf3dc7f9a,2224.94
c42f4c37b694c43fb1894c9506c561abf0d19968,2206.67
fb6afae74e9ad5b4303dbfa29b34ea09ce789bc7,1771.99
de2bfde155891ecbba3ad6065f2145bca6b29e4a,2423.78
1841811422d1f46d8efae5dfdcf7c8ed0f1643f8,1752.35
b5c774d54fa9b76e9a34dd9497f4ede5495e40a7,2747.47
6a19564ba328d5dd866d82cac25ad95b7082a7c5,1855.78
6b20f6e3d158d1ce3147c4e9306d9b485e083bf4,2239.72
582aaa0d725a161e3f993acfa8ab2d73a6563303,2201.52
6a19564ba328d5dd866d82cac25ad95b7082a7c5,1853.20
bd92bcac75e521176f9cfd501fd4d8fb4c87d325,2904.13
1d0a59796e487f6bcd5e3ba5632cd233ca26229d,1897.03
57338a3c92513cb917f98d62156d0e764ea75e7d,2419.20
cf8822103dfc12c93b459518cc72e92cd6cab51b,1770.29
6b20f6e3d158d1ce3147c4e9306d9b485e083bf4,2200.69
fb6afae74e9ad5b4303dbfa29b34ea09ce789bc7,1795.57
fb6afae74e9ad5b4303dbfa29b34ea09ce789bc7,1807.49
3b97e9616b96c80b8211a2fb7358c350b491c76e,1792.65
1a8fba6c82615c5d0aed3c472a2670b1f41a7029,2371.43
14181e72088aba6f525559efa7c00159834a22a7,1782.28
e17d2a83deb3a4918fe9792e84b98a86a121e84f,2445.39
9844d209332df5ffd6894fdc9a89436278ec7edd,2465.70
3941022e5c710392c6bd9f0fe8cce69f9caa08ef,2284.28
efdaba7c0e605b48fd4a36f2ad7d86e57bc2651b,2449.88
615b9592ffe8e65b4e461f7727081995931154ce,2253.38
71f963ea3a78746fc2a3ba80b2843254b35c211a,2232.72
070887196158c084e39eb7499111f1e0d513ec38,1777.09
d90a819076f01163ee6ef816a163f90af72090de,2240.52
eb2957a8b3e8c12649c5b83872a238dd74e68dec,2200.63
31ad0686f949f4a772b3b843403d8e221d7ef57c,1913.70
c42f4c37b694c43fb1894c9506c561abf0d19968,2252.99
6d24910a454a95db3aa8c00ad9436a1f21aaa514,2751.66
f939ccf9c28bdf73a5fbc13f00906cef5c70d1db,2377.53
2f48c6596b68eefd329f9604a46c70c442370c67,1844.20
6bdfd486a2e36f715f9b0ff624f6d7740f5c2bc9,2288.42
bcbac427ff4bca1748f8eb5125a23d4c739b75e9,2519.58
967306fbd12dca9d465f3f1c47fbcad6cfe7531a,1761.96
efdaba7c0e605b48fd4a36f2ad7d86e57bc2651b,2475.45
efdaba7c0e605b48fd4a36f2ad7d86e57bc2651b,2409.00
5340d4b7e6e8e3dbf51952c060a67ff3a140bdc6,2734.29
71b7ce59d7e505268dc39bf006fa0c2faf64b4f7,2192.43
62d042af16ded2608229e19a9bc1bf86c6de827f,2395.03
76ea7b3e3ed22f08a1340c0a29e4f612fbb8f99b,1748.82
de2bfde155891ecbba3ad6065f2145bca6b29e4a,2399.54
2e72020e94bef3e74633077b6d20fc7e486b9efb,2220.69
c4bf5ba304aa1bcdb8ddd5f853ab18c9edd3be5b,2490.74
967306fbd12dca9d465f3f1c47fbcad6cfe7531a,1780.81
82864b246c0005cc66a50daede3568f930504030,2199.07
1841811422d1f46d8efae5dfdcf7c8ed0f1643f8,1743.74
dedf6ab9ddd71d0784d41c70a9178d134a4a38a9,2241.41
c4bf5ba304aa1bcdb8ddd5f853ab18c9edd3be5b,2434.35
de2bfde155891ecbba3ad6065f2145bca6b29e4a,2415.79
1a8fba6c82615c5d0aed3c472a2670b1f41a7029,2528.21
62d042af16ded2608229e19a9bc1bf86c6de827f,2487.81
9d3f82c22bbe23679584ba9f97303fd8bac19ef7,2744.23
2a7918cc48d6625c303ee9d037613b8125bcc346,1816.91
503ca72b57d603083ec3c2319fb593bc410a722a,1762.40
5909b8f5678f9093d5a23505fab1b4d46e12281a,2343.30
63ed60b84cbd23672569926b7fb191ded5af34d3,1770.35
f241ab986664fbf1c38508d5890a9f754511aff2,1823.59
bdb55f0e1a268ed9e26fd1ea9e893d77302d2131,2452.19
1a8fba6c82615c5d0aed3c472a2670b1f41a7029,2432.48
abd967603ef43c481a41618cbd75c02fd523dd4b,2901.11
674d184d3265f0edd12ce284fdc8f13247163354,2768.32
0a21bdceba27bed7f3a7ab316fcc5998e4a359d5,2331.67
cc90f726cd721ad2c19cbd27997482a5f9b8a7ae,2545.66
2f48c6596b68eefd329f9604a46c70c442370c67,1730.16
14181e72088aba6f525559efa7c00159834a22a7,1760.04
f2128717794737bb644e6e186de50b109d2c7349,2475.21
d90a819076f01163ee6ef816a163f90af72090de,2243.80
342e6a0db5768642e8d3dd1c212384e0020403f7,2233.57
1d0a59796e487f6bcd5e3ba5632cd233ca26229d,1834.88
abd967603ef43c481a41618cbd75c02fd523dd4b,2896.60
3941022e5c710392c6bd9f0fe8cce69f9caa08ef,2209.47
2594e0762ffbe5fc48dc2abc0a93d37692520fd4,1862.15
5909b8f5678f9093d5a23505fab1b4d46e12281a,2204.58
db7a072fd3ebf0c9fc9da986d9893447507cbd22,2784.58
408a2357aee6495c8f502a49711d9c97078847cc,2829.55
81cf92be7ccc87ed85d3bd3a94658396c179e6a2,1783.83
14181e72088aba6f525559efa7c00159834a22a7,1759.53
bcbac427ff4bca1748f8eb5125a23d4c739b75e9,2457.54
3cc6dd0efc570458fe0ca4a0ab6805e9cf212c7e,2455.41
f939ccf9c28bdf73a5fbc13f00906cef5c70d1db,2474.61
674d184d3265f0edd12ce284fdc8f13247163354,2807.17
ce551fd050b668bf1a6f39e6b12fdad9f8619468,2770.59
836350e06d46766ad8d2c7e05b14e28519b2d04a,2545.71
14181e72088aba6f525559efa7c00159834a22a7,1746.92
f241ab986664fbf1c38508d5890a9f754511aff2,1892.67
ed4eb9bd2526035029b0ecf210b063c7f86b6915,1723.77
d71b0a7441cc48d1aba41f854c25db933ec882ed,2760.55
ff69df4c9374d2f450fb73ddeb1b1447735e47b2,2421.21
fb6afae74e9ad5b4303dbfa29b34ea09ce789bc7,1795.37
7017b6ef5232f38b69d23e0cb9cb872e84d7fc17,2421.83
a62f7317a353031ec7229397b40dbdf330524b3c,2241.82
c42f4c37b694c43fb1894c9506c561abf0d19968,2244.70
893706ad9b7310b84b02077e93bb311f1029407f,1751.20
cb8d641965987b6e5ae9bfed952a2ffccab755d7,2165.72
e738926eeb9f295afe379870b37e24a74c784e12,2493.38
3a9a6c7c8a67d51ebbb598495496e28dcd0c18e1,2224.75
1d597768bfb1c4ece19b168a1f6083cb4ff55b32,1810.89
71b7ce59d7e505268dc39bf006fa0c2faf64b4f7,2194.81
abd967603ef43c481a41618cbd75c02fd523dd4b,2809.58
7017b6ef5232f38b69d23e0cb9cb872e84d7fc17,2501.07
ed4eb9bd2526035029b0ecf210b063c7f86b6915,1770.34
2a73678bf321b1bde0feae328fb378e11f011abd,1758.21
acafbcf3cb71ea0a04188c8f6257e3d395fa7c36,2539.83
5909b8f5678f9093d5a23505fab1b4d46e12281a,2197.42
f2128717794737bb644e6e186de50b109d2c7349,2403.96
dedf6ab9ddd71d0784d41c70a9178d134a4a38a9,2204.07
71b7ce59d7e505268dc39bf006fa0c2faf64b4f7,2263.54
bdb55f0e1a268ed9e26fd1ea9e893d77302d2131,2494.03
2594e0762ffbe5fc48dc2abc0a93d37692520fd4,1815.63
f939ccf9c28bdf73a5fbc13f00906cef5c70d1db,2490.71
e92e5060d8a61c90fc610148b445f5baf3dc7f9a,2173.79
1841811422d1f46d8efae5dfdcf7c8ed0f1643f8,1735.64
b236a85d978248eb7b00dc00405c610531e11b4d,2811.65
6a19564ba328d5dd866d82cac25ad95b7082a7c5,1839.02
615b9592ffe8e65b4e461f7727081995931154ce,2158.80
9d3f82c22bbe23679584ba9f97303fd8bac19ef7,2911.54
71b7ce59d7e505268dc39bf006fa0c2faf64b4f7,2231.23
2e72020e94bef3e74633077b6d20fc7e486b9efb,2179.04
35a41811a0b81b289f627b239ef9f568929281e3,2143.82
3941022e5c710392c6bd9f0fe8cce69f9caa08ef,2227.83
2e72020e94bef3e74633077b6d20fc7e486b9efb,2215.68
6b20f6e3d158d1ce3147c4e9306d9b485e083bf4,2305.74
408a2357aee6495c8f502a49711d9c97078847cc,2777.48
a62f7317a353031ec7229397b40dbdf330524b3c,2274.30
615b9592ffe8e65b4e461f7727081995931154ce,2263.29
35a41811a0b81b289f627b239ef9f568929281e3,2297.50
eeae0ff3bf4c34565d422ede2b4aee8e6ab3656c,2458.18
967306fbd12dca9d465f3f1c47fbcad6cfe7531a,1798.20
a4d451f3d0e200359f965067f9a2ff6eda8b1726,1747.07
bd92bcac75e521176f9cfd501fd4d8fb4c87d325,2771.62
93952695ed0f56bee161acef89dbee7e78914c9a,2822.83
fa61c69511d2e5b30106dd0515bdee67e6bbbb03,1759.19
615b9592ffe8e65b4e461f7727081995931154ce,2210.34
3a9a6c7c8a67d51ebbb598495496e28dcd0c18e1,2241.90
42dbaa00c553d202e550e6086ce4f17e8aaac064,1761.40
dedf6ab9ddd71d0784d41c70a9178d134a4a38a9,2264.45
5340d4b7e6e8e3dbf51952c060a67ff3a140bdc6,2803.50
e8d5b97979a3692a2b9ea163332c75600158f89a,2203.65
d71b0a7441cc48d1aba41f854c25db933ec882ed,2772.28
b62e362d3945e86725c817101332b66277aff9e4,1778.69
a62f7317a353031ec7229397b40dbdf330524b3c,2197.65
0a21bdceba27bed7f3a7ab316fcc5998e4a359d5,2477.74
f939ccf9c28bdf73a5fbc13f00906cef5c70d1db,2446.40
ed4eb9bd2526035029b0ecf210b063c7f86b6915,1751.60
eb2957a8b3e8c12649c5b83872a238dd74e68dec,2156.25
e92e5060d8a61c90fc610148b445f5baf3dc7f9a,2212.27
31ad0686f949f4a772b3b843403d8e221d7ef57c,1885.32
05f08bb64db2b5feec2b35d05fd13cec6f211ef3,1837.44
6bdfd486a2e36f715f9b0ff624f6d7740f5c2bc9,2217.34
b60c480804bb00b8e2ab5821d30f93fd1a07f063,1774.66
503ca72b57d603083ec3c2319fb593bc410a722a,1816.80
2594e0762ffbe5fc48dc2abc0a93d37692520fd4,1842.18
6d24910a454a95db3aa8c00ad9436a1f21aaa514,2785.54
2a7918cc48d6625c303ee9d037613b8125bcc346,1845.76
ed4eb9bd2526035029b0ecf210b063c7f86b6915,1778.73
bdb55f0e1a268ed9e26fd1ea9e893d77302d2131,2494.83
1a8fba6c82615c5d0aed3c472a2670b1f41a7029,2418.33
1d0a59796e487f6bcd5e3ba5632cd233ca26229d,1850.40
b02837b6c77b94799c055f8fa446fb770bfb49f1,2244.20
836350e06d46766ad8d2c7e05b14e28519b2d04a,2439.46
2594e0762ffbe5fc48dc2abc0a93d37692520fd4,1859.36
76ea7b3e3ed22f08a1340c0a29e4f612fbb8f99b,1764.18
c4bf5ba304aa1bcdb8ddd5f853ab18c9edd3be5b,2478.63
0a21bdceba27bed7f3a7ab316fcc5998e4a359d5,2417.24
967306fbd12dca9d465f3f1c47fbcad6cfe7531a,1774.23
abd967603ef43c481a41618cbd75c02fd523dd4b,2890.59
b236a85d978248eb7b00dc00405c610531e11b4d,2780.56
836350e06d46766ad8d2c7e05b14e28519b2d04a,2485.35
bd155b859e8ea19e0a2b15bcfe21032237e867b4,1773.82
c42f4c37b694c43fb1894c9506c561abf0d19968,2197.77
ce551fd050b668bf1a6f39e6b12fdad9f8619468,2803.05
342e6a0db5768642e8d3dd1c212384e0020403f7,2162.89
b02837b6c77b94799c055f8fa446fb770bfb49f1,2270.04
615b9592ffe8e65b4e461f7727081995931154ce,2222.85
e8d5b97979a3692a2b9ea163332c75600158f89a,2210.80
2cc74b6f926ce800674b49fc0628fddd4b780b4f,2859.37
893706ad9b7310b84b02077e93bb311f1029407f,1770.23
2594e0762ffbe5fc48dc2abc0a93d37692520fd4,1806.72
ac4edeb4f74741c8537d8df66c9c33e55a5d9e4f,2785.91
cc90f726cd721ad2c19cbd27997482a5f9b8a7ae,2358.17
3ec4a5d9f911718e0b6c3f2091537aa87a51c767,2803.68
3a9a6c7c8a67d51ebbb598495496e28dcd0c18e1,2197.83
62d042af16ded2608229e19a9bc1bf86c6de827f,2580.30
503ca72b57d603083ec3c2319fb593bc410a722a,1765.20
e738926eeb9f295afe379870b37e24a74c784e12,2528.54
bdb55f0e1a268ed9e26fd1ea9e893d77302d2131,2429.22
2a7918cc48d6625c303ee9d037613b8125bcc346,1890.48
3b97e9616b96c80b8211a2fb7358c350b491c76e,1796.40
d90a819076f01163ee6ef816a163f90af72090de,2307.21
8363915bb7f282fb76c712c310fca4fac5b636a4,1770.99
b02837b6c77b94799c055f8fa446fb770bfb49f1,2257.51
71f963ea3a78746fc2a3ba80b2843254b35c211a,2231.25
cb8d641965987b6e5ae9bfed952a2ffccab755d7,2249.19
d71b0a7441cc48d1aba41f854c25db933ec882ed,2785.31
e8d5b97979a3692a2b9ea163332c75600158f89a,2233.19
dedf6ab9ddd71d0784d41c70a9178d134a4a38a9,2251.63
1d597768bfb1c4ece19b168a1f6083cb4ff55b32,1801.30
3ec4a5d9f911718e0b6c3f2091537aa87a51c767,2733.92
9a059f4be554afaf791ddeb4a2fb7ebba0d6c9cb,1769.82
bcbac427ff4bca1748f8eb5125a23d4c739b75e9,2362.97
e8d5b97979a3692a2b9ea163332c75600158f89a,2291.01
1a8fba6c82615c5d0aed3c472a2670b1f41a7029,2554.01
cf8822103dfc12c93b459518cc72e92cd6cab51b,1752.24
d551b3eb68244702ebbc2eb1b72d1d5882a7c066,1840.81
63ed60b84cbd23672569926b7fb191ded5af34d3,1726.20
bdb55f0e1a268ed9e26fd1ea9e893d77302d2131,2468.53
2e72020e94bef3e74633077b6d20fc7e486b9efb,2191.08
9d3f82c22bbe23679584ba9f97303fd8bac19ef7,2761.84
582aaa0d725a161e3f993acfa8ab2d73a6563303,2207.93
3a9a6c7c8a67d51ebbb598495496e28dcd0c18e1,2165.22
eb2957a8b3e8c12649c5b83872a238dd74e68dec,2226.25
c4bf5ba304aa1bcdb8ddd5f853ab18c9edd3be5b,2483.98
bd92bcac75e521176f9cfd501fd4d8fb4c87d325,2850.64
d90a819076f01163ee6ef816a163f90af72090de,2250.08
14181e72088aba6f525559efa7c00159834a22a7,1852.12
71f963ea3a78746fc2a3ba80b2843254b35c211a,2165.80
8363915bb7f282fb76c712c310fca4fac5b636a4,1781.72
82864b246c0005cc66a50daede3568f930504030,2206.86
eb2957a8b3e8c12649c5b83872a238dd74e68dec,2207.68
e92e5060d8a61c90fc610148b445f5baf3dc7f9a,2210.46
82864b246c0005cc66a50daede3568f930504030,2217.68
cf8822103dfc12c93b459518cc72e92cd6cab51b,1740.28
d9c3b1de2bc446177dd3555509395e1cfff0ed38,2480.32
b1bac8c00c64e86ae8d5456d2a49f45adb64c0c8,1816.26
6b20f6e3d158d1ce3147c4e9306d9b485e083bf4,2229.05
57338a3c92513cb917f98d62156d0e764ea75e7d,2430.93
2c290436e25a69c66621c8b97eccec75b9e3ec63,2474.86
eeae0ff3bf4c34565d422ede2b4aee8e6ab3656c,2437.79
b60c480804bb00b8e2ab5821d30f93fd1a07f063,1800.88
3b97e9616b96c80b8211a2fb7358c350b491c76e,1773.78
71f963ea3a78746fc2a3ba80b2843254b35c211a,2220.69
bd92bcac75e521176f9cfd501fd4d8fb4c87d325,2795.22
fb6afae74e9ad5b4303dbfa29b34ea09ce789bc7,1778.54
57338a3c92513cb917f98d62156d0e764ea75e7d,2500.63
2a7918cc48d6625c303ee9d037613b8125bcc346,1872.08
63ed60b84cbd23672569926b7fb191ded5af34d3,1743.87
a4d451f3d0e200359f965067f9a2ff6eda8b1726,1761.16
db7a072fd3ebf0c9fc9da986d9893447507cbd22,2887.57
5340d4b7e6e8e3dbf51952c060a67ff3a140bdc6,2749.53
de2bfde155891ecbba3ad6065f2145bca6b29e4a,2481.63
d71b0a7441cc48d1aba41f854c25db933ec882ed,2803.40
582aaa0d725a161e3f993acfa8ab2d73a6563303,2244.26
342e6a0db5768642e8d3dd1c212384e0020403f7,2158.55
070887196158c084e39eb7499111f1e0d513ec38,1755.15
42dbaa00c553d202e550e6086ce4f17e8aaac064,1790.64
b60c480804bb00b8e2ab5821d30f93fd1a07f063,1790.38
81cf92be7ccc87ed85d3bd3a94658396c179e6a2,1834.80
3a9a6c7c8a67d51ebbb598495496e28dcd0c18e1,2182.55
bcbac427ff4bca1748f8eb5125a23d4c739b75e9,2386.34
d90a819076f01163ee6ef816a163f90af72090de,2209.60
eeae0ff3bf4c34565d422ede2b4aee8e6ab3656c,2430.51
e17d2a83deb3a4918fe9792e84b98a86a121e84f,2412.04
d551b3eb68244702ebbc2eb1b72d1d5882a7c066,1832.41
b236a85d978248eb7b00dc00405c610531e11b4d,2788.63
b1bac8c00c64e86ae8d5456d2a49f45adb64c0c8,1867.20
abd967603ef43c481a41618cbd75c02fd523dd4b,2899.78
f241ab986664fbf1c38508d5890a9f754511aff2,1836.17
6bdfd486a2e36f715f9b0ff624f6d7740f5c2bc9,2259.43
3a9a6c7c8a67d51ebbb598495496e28dcd0c18e1,2181.15
e17d2a83deb3a4918fe9792e84b98a86a121e84f,2437.45
2f48c6596b68eefd329f9604a46c70c442370c67,1801.11
674d184d3265f0edd12ce284fdc8f13247163354,2833.79
93952695ed0f56bee161acef89dbee7e78914c9a,2753.68
7017b6ef5232f38b69d23e0cb9cb872e84d7fc17,2475.90
acafbcf3cb71ea0a04188c8f6257e3d395fa7c36,2447.02
31ad0686f949f4a772b3b843403d8e221d7ef57c,1813.85
070887196158c084e39eb7499111f1e0d513ec38,1760.41
1d0a59796e487f6bcd5e3ba5632cd233ca26229d,1814.23
1841811422d1f46d8efae5dfdcf7c8ed0f1643f8,1767.22
d71b0a7441cc48d1aba41f854c25db933ec882ed,2769.00
2c290436e25a69c66621c8b97eccec75b9e3ec63,2415.19
81cf92be7ccc87ed85d3bd3a94658396c179e6a2,1768.73
3a9a6c7c8a67d51ebbb598495496e28dcd0c18e1,2175.28
ed4eb9bd2526035029b0ecf210b063c7f86b6915,1755.29
93952695ed0f56bee161acef89dbee7e78914c9a,2803.89
c4bf5ba304aa1bcdb8ddd5f853ab18c9edd3be5b,2467.70
582aaa0d725a161e3f993acfa8ab2d73a6563303,2212.25
efdaba7c0e605b48fd4a36f2ad7d86e57bc2651b,2549.73
836350e06d46766ad8d2c7e05b14e28519b2d04a,2506.63
bdb55f0e1a268ed9e26fd1ea9e893d77302d2131,2497.98
71f963ea3a78746fc2a3ba80b2843254b35c211a,2196.60
7017b6ef5232f38b69d23e0cb9cb872e84d7fc17,2474.21
b62e362d3945e86725c817101332b66277aff9e4,1743.89
2a73678bf321b1bde0feae328fb378e11f011abd,1735.98
eb2957a8b3e8c12649c5b83872a238dd74e68dec,2296.42
2a73678bf321b1bde0feae328fb378e11f011abd,1747.54
c30b97c595a2997b8a70083f21fa07c1a3ba0003,1750.30
8363915bb7f282fb76c712c310fca4fac5b636a4,1775.48
9a059f4be554afaf791ddeb4a2fb7ebba0d6c9cb,1780.77
63ed60b84cbd23672569926b7fb191ded5af34d3,1733.18
b02837b6c77b94799c055f8fa446fb770bfb49f1,2276.80
efdaba7c0e605b48fd4a36f2ad7d86e57bc2651b,2405.85
63ed60b84cbd23672569926b7fb191ded5af34d3,1727.99
3a9a6c7c8a67d51ebbb598495496e28dcd0c18e1,2216.37
c42f4c37b694c43fb1894c9506c561abf0d19968,2215.48
fb6afae74e9ad5b4303dbfa29b34ea09ce789bc7,1787.78
5909b8f5678f9093d5a23505fab1b4d46e12281a,2289.12
31ad0686f949f4a772b3b843403d8e221d7ef57c,1823.80
82864b246c0005cc66a50daede3568f930504030,2197.90
e92e5060d8a61c90fc610148b445f5baf3dc7f9a,2281.39
71f963ea3a78746fc2a3ba80b2843254b35c211a,2248.44
5340d4b7e6e8e3dbf51952c060a67ff3a140bdc6,2811.46
c42f4c37b694c43fb1894c9506c561abf0d19968,2218.74
2e72020e94bef3e74633077b6d20fc7e486b9efb,2231.14
5909b8f5678f9093d5a23505fab1b4d46e12281a,2215.93
b5c774d54fa9b76e9a34dd9497f4ede5495e40a7,2808.03
db7a072fd3ebf0c9fc9da986d9893447507cbd22,2783.29
893706ad9b7310b84b02077e93bb311f1029407f,1748.46
070887196158c084e39eb7499111f1e0d513ec38,1772.00
c30b97c595a2997b8a70083f21fa07c1a3ba0003,1790.08
cb8d641965987b6e5ae9bfed952a2ffccab755d7,2208.07
42dbaa00c553d202e550e6086ce4f17e8aaac064,1830.26
c30b97c595a2997b8a70083f21fa07c1a3ba0003,1739.28
b60c480804bb00b8e2ab5821d30f93fd1a07f063,1805.75
57338a3c92513cb917f98d62156d0e764ea75e7d,2424.66
dedf6ab9ddd71d0784d41c70a9178d134a4a38a9,2257.77
bbb56af69148faab7318a99b145c47f2ef2e995c,2730.01
893706ad9b7310b84b02077e93bb311f1029407f,1754.86
c30b97c595a2997b8a70083f21fa07c1a3ba0003,1785.03
dedf6ab9ddd71d0784d41c70a9178d134a4a38a9,2250.06
d71b0a7441cc48d1aba41f854c25db933ec882ed,2849.73
b0934637750ed6ddd91bf344842c8c5aad1fb70f,2196.34
7017b6ef5232f38b69d23e0cb9cb872e84d7fc17,2499.21
cf8822103dfc12c93b459518cc72e92cd6cab51b,1784.17
cc90f726cd721ad2c19cbd27997482a5f9b8a7ae,2536.59
69617205f80df06acf2adb38fd8a19f3724b6845,2190.38
81cf92be7ccc87ed85d3bd3a94658396c179e6a2,1769.13
6bdfd486a2e36f715f9b0ff624f6d7740f5c2bc9,2226.38
d90a819076f01163ee6ef816a163f90af72090de,2320.23
b29ba3548abc265300434a19e6c13b61e5834f7f,2420.77
cc90f726cd721ad2c19cbd27997482a5f9b8a7ae,2496.92
b1bac8c00c64e86ae8d5456d2a49f45adb64c0c8,1842.78
1841811422d1f46d8efae5dfdcf7c8ed0f1643f8,1759.67
5909b8f5678f9093d5a23505fab1b4d46e12281a,2217.88
ed4eb9bd2526035029b0ecf210b063c7f86b6915,1770.98
acafbcf3cb71ea0a04188c8f6257e3d395fa7c36,2376.61
b60c480804bb00b8e2ab5821d30f93fd1a07f063,1803.37
71f963ea3a78746fc2a3ba80b2843254b35c211a,2251.68
a62f7317a353031ec7229397b40dbdf330524b3c,2283.30
2e72020e94bef3e74633077b6d20fc7e486b9efb,2267.66
f241ab986664fbf1c38508d5890a9f754511aff2,1812.88
e8d5b97979a3692a2b9ea163332c75600158f89a,2244.40
967306fbd12dca9d465f3f1c47fbcad6cfe7531a,1805.93
b3bf673c73b5603b833228996d200f2d66a1e1d8,2752.95
f241ab986664fbf1c38508d5890a9f754511aff2,1803.47
de2bfde155891ecbba3ad6065f2145bca6b29e4a,2360.51
070887196158c084e39eb7499111f1e0d513ec38,1731.02
bdb55f0e1a268ed9e26fd1ea9e893d77302d2131,2434.82
0a21bdceba27bed7f3a7ab316fcc5998e4a359d5,2422.45
3941022e5c710392c6bd9f0fe8cce69f9caa08ef,2238.51
acafbcf3cb71ea0a04188c8f6257e3d395fa7c36,2470.86
836350e06d46766ad8d2c7e05b14e28519b2d04a,2503.58
674d184d3265f0edd12ce284fdc8f13247163354,2794.21
14181e72088aba6f525559efa7c00159834a22a7,1759.99
b236a85d978248eb7b00dc00405c610531e11b4d,2860.54
b02837b6c77b94799c055f8fa446fb770bfb49f1,2287.93
bd92bcac75e521176f9cfd501fd4d8fb4c87d325,2795.82
81cf92be7ccc87ed85d3bd3a94658396c179e6a2,1782.09
bbb56af69148faab7318a99b145c47f2ef2e995c,2877.69
a4d451f3d0e200359f965067f9a2ff6eda8b1726,1741.83
b62e362d3945e86725c817101332b66277aff9e4,1765.29
c4bf5ba304aa1bcdb8ddd5f853ab18c9edd3be5b,2522.64
2e72020e94bef3e74633077b6d20fc7e486b9efb,2217.79
9d3f82c22bbe23679584ba9f97303fd8bac19ef7,2790.17
582aaa0d725a161e3f993acfa8ab2d73a6563303,2248.74
c4bf5ba304aa1bcdb8ddd5f853ab18c9edd3be5b,2479.22
2c290436e25a69c66621c8b97eccec75b9e3ec63,2403.90
3ec4a5d9f911718e0b6c3f2091537aa87a51c767,2753.98
fb6afae74e9ad5b4303dbfa29b34ea09ce789bc7,1782.21
62d042af16ded2608229e19a9bc1bf86c6de827f,2487.71
c30b97c595a2997b8a70083f21fa07c1a3ba0003,1744.17
42dbaa00c553d202e550e6086ce4f17e8aaac064,1732.99
408a2357aee6495c8f502a49711d9c97078847cc,2791.91
bdb55f0e1a268ed9e26fd1ea9e893d77302d2131,2431.04
fa61c69511d2e5b30106dd0515bdee67e6bbbb03,1779.77
e17d2a83deb3a4918fe9792e84b98a86a121e84f,2435.88
eb2957a8b3e8c12649c5b83872a238dd74e68dec,2185.60
8363915bb7f282fb76c712c310fca4fac5b636a4,1722.72
b62e362d3945e86725c817101332b66277aff9e4,1781.96
b5c774d54fa9b76e9a34dd9497f4ede5495e40a7,2787.58
31ad0686f949f4a772b3b843403d8e221d7ef57c,1844.42
eb2957a8b3e8c12649c5b83872a238dd74e68dec,2192.76
615b9592ffe8e65b4e461f7727081995931154ce,2178.10
acafbcf3cb71ea0a04188c8f6257e3d395fa7c36,2445.96
9d3f82c22bbe23679584ba9f97303fd8bac19ef7,2803.78
5909b8f5678f9093d5a23505fab1b4d46e12281a,2244.44
ce551fd050b668bf1a6f39e6b12fdad9f8619468,2786.62
eb2957a8b3e8c12649c5b83872a238dd74e68dec,2239.18
3b97e9616b96c80b8211a2fb7358c350b491c76e,1829.25
3941022e5c710392c6bd9f0fe8cce69f9caa08ef,2220.48
abd967603ef43c481a41618cbd75c02fd523dd4b,2758.38
6a19564ba328d5dd866d82cac25ad95b7082a7c5,1828.55
b1bac8c00c64e86ae8d5456d2a49f45adb64c0c8,1826.21
836350e06d46766ad8d2c7e05b14e28519b2d04a,2368.94
a62f7317a353031ec7229397b40dbdf330524b3c,2233.09
3a9a6c7c8a67d51ebbb598495496e28dcd0c18e1,2222.07
eeae0ff3bf4c34565d422ede2b4aee8e6ab3656c,2503.87
acafbcf3cb71ea0a04188c8f6257e3d395fa7c36,2401.73
35a41811a0b81b289f627b239ef9f568929281e3,2217.79
cf8822103dfc12c93b459518cc72e92cd6cab51b,1836.11
3ec4a5d9f911718e0b6c3f2091537aa87a51c767,2761.91
e8d5b97979a3692a2b9ea163332c75600158f89a,2424.77
6a19564ba328d5dd866d82cac25ad95b7082a7c5,1853.97
dedf6ab9ddd71d0784d41c70a9178d134a4a38a9,2285.18
2594e0762ffbe5fc48dc2abc0a93d37692520fd4,1903.10
efdaba7c0e605b48fd4a36f2ad7d86e57bc2651b,2497.19
b02837b6c77b94799c055f8fa446fb770bfb49f1,2236.16
cc90f726cd721ad2c19cbd27997482a5f9b8a7ae,2416.49
1a8fba6c82615c5d0aed3c472a2670b1f41a7029,2488.23
f2128717794737bb644e6e186de50b109d2c7349,2402.19
d551b3eb68244702ebbc2eb1b72d1d5882a7c066,1833.10
71f963ea3a78746fc2a3ba80b2843254b35c211a,2271.71
674d184d3265f0edd12ce284fdc8f13247163354,2762.96
62d042af16ded2608229e19a9bc1bf86c6de827f,2498.40
81cf92be7ccc87ed85d3bd3a94658396c179e6a2,1764.24
d71b0a7441cc48d1aba41f854c25db933ec882ed,2822.11
d90a819076f01163ee6ef816a163f90af72090de,2221.62
b02837b6c77b94799c055f8fa446fb770bfb49f1,2244.37
e8d5b97979a3692a2b9ea163332c75600158f89a,2254.67
f2128717794737bb644e6e186de50b109d2c7349,2503.06
1a8fba6c82615c5d0aed3c472a2670b1f41a7029,2466.54
cc90f726cd721ad2c19cbd27997482a5f9b8a7ae,2509.68
b236a85d978248eb7b00dc00405c610531e11b4d,2748.16
71b7ce59d7e505268dc39bf006fa0c2faf64b4f7,2191.74
342e6a0db5768642e8d3dd1c212384e0020403f7,2163.98
c42f4c37b694c43fb1894c9506c561abf0d19968,2246.64
6a19564ba328d5dd866d82cac25ad95b7082a7c5,1834.02
bcbac427ff4bca1748f8eb5125a23d4c739b75e9,2531.80
35a41811a0b81b289f627b239ef9f568929281e3,2228.64
e92e5060d8a61c90fc610148b445f5baf3dc7f9a,2240.83
2cc74b6f926ce800674b49fc0628fddd4b780b4f,2844.37
bd92bcac75e521176f9cfd501fd4d8fb4c87d325,2785.62
69617205f80df06acf2adb38fd8a19f3724b6845,2189.12
ff69df4c9374d2f450fb73ddeb1b1447735e47b2,2465.13
2f48c6596b68eefd329f9604a46c70c442370c67,1821.92
abd967603ef43c481a41618cbd75c02fd523dd4b,2835.31
ce551fd050b668bf1a6f39e6b12fdad9f8619468,2774.53
e17d2a83deb3a4918fe9792e84b98a86a121e84f,2475.95
71f963ea3a78746fc2a3ba80b2843254b35c211a,2196.11
b62e362d3945e86725c817101332b66277aff9e4,1784.24
674d184d3265f0edd12ce284fdc8f13247163354,2862.27
bd155b859e8ea19e0a2b15bcfe21032237e867b4,1762.83
ce551fd050b668bf1a6f39e6b12fdad9f8619468,2788.88
0a21bdceba27bed7f3a7ab316fcc5998e4a359d5,2484.12
fa61c69511d2e5b30106dd0515bdee67e6bbbb03,1767.05
dedf6ab9ddd71d0784d41c70a9178d134a4a38a9,2293.08
42dbaa00c553d202e550e6086ce4f17e8aaac064,1789.69
b02837b6c77b94799c055f8fa446fb770bfb49f1,2241.88
615b9592ffe8e65b4e461f7727081995931154ce,2233.75
d90a819076f01163ee6ef816a163f90af72090de,2244.86
acafbcf3cb71ea0a04188c8f6257e3d395fa7c36,2432.93
1d597768bfb1c4ece19b168a1f6083cb4ff55b32,1727.62
3b97e9616b96c80b8211a2fb7358c350b491c76e,1857.53
615b9592ffe8e65b4e461f7727081995931154ce,2278.58
69617205f80df06acf2adb38fd8a19f3724b6845,2169.77
81cf92be7ccc87ed85d3bd3a94658396c179e6a2,1810.35
2594e0762ffbe5fc48dc2abc0a93d37692520fd4,1844.87
8363915bb7f282fb76c712c310fca4fac5b636a4,1825.02
b0934637750ed6ddd91bf344842c8c5aad1fb70f,2274.56
b3bf673c73b5603b833228996d200f2d66a1e1d8,2815.51
5340d4b7e6e8e3dbf51952c060a67ff3a140bdc6,2736.02
57338a3c92513cb917f98d62156d0e764ea75e7d,2348.31
cb8d641965987b6e5ae9bfed952a2ffccab755d7,2248.90
615b9592ffe8e65b4e461f7727081995931154ce,2240.84
2a7918cc48d6625c303ee9d037613b8125bcc346,1863.67
e17d2a83deb3a4918fe9792e84b98a86a121e84f,2395.59
bcbac427ff4bca1748f8eb5125a23d4c739b75e9,2420.71
bdb55f0e1a268ed9e26fd1ea9e893d77302d2131,2410.69
893706ad9b7310b84b02077e93bb311f1029407f,1787.25
2e72020e94bef3e74633077b6d20fc7e486b9efb,2160.43
1d597768bfb1c4ece19b168a1f6083cb4ff55b32,1735.38
b62e362d3945e86725c817101332b66277aff9e4,1794.57
b3bf673c73b5603b833228996d200f2d66a1e1d8,2731.41
69617205f80df06acf2adb38fd8a19f3724b6845,2153.75
fb6afae74e9ad5b4303dbfa29b34ea09ce789bc7,1766.85
836350e06d46766ad8d2c7e05b14e28519b2d04a,2408.87
b236a85d978248eb7b00dc00405c610531e11b4d,2908.86
e17d2a83deb3a4918fe9792e84b98a86a121e84f,2492.54
69617205f80df06acf2adb38fd8a19f3724b6845,2245.04
1d597768bfb1c4ece19b168a1f6083cb4ff55b32,1741.65
408a2357aee6495c8f502a49711d9c97078847cc,2814.14
a62f7317a353031ec7229397b40dbdf330524b3c,2214.44
3941022e5c710392c6bd9f0fe8cce69f9caa08ef,2192.17
fb6afae74e9ad5b4303dbfa29b34ea09ce789bc7,1763.46
ff69df4c9374d2f450fb73ddeb1b1447735e47b2,2481.72
db7a072fd3ebf0c9fc9da986d9893447507cbd22,2805.86
31ad0686f949f4a772b3b843403d8e221d7ef57c,1877.40
76ea7b3e3ed22f08a1340c0a29e4f612fbb8f99b,1776.17
5909b8f5678f9093d5a23505fab1b4d46e12281a,2218.06
c30b97c595a2997b8a70083f21fa07c1a3ba0003,1773.87
b0934637750ed6ddd91bf344842c8c5aad1fb70f,2206.37
e17d2a83deb3a4918fe9792e84b98a86a121e84f,2403.25
57338a3c92513cb917f98d62156d0e764ea75e7d,2469.14
2cc74b6f926ce800674b49fc0628fddd4b780b4f,2826.86
6a19564ba328d5dd866d82cac25ad95b7082a7c5,1844.12
63ed60b84cbd23672569926b7fb191ded5af34d3,1811.95
1d597768bfb1c4ece19b168a1f6083cb4ff55b32,1733.63
ff69df4c9374d2f450fb73ddeb1b1447735e47b2,2490.86
6b20f6e3d158d1ce3147c4e9306d9b485e083bf4,2278.29
69617205f80df06acf2adb38fd8a19f3724b6845,2290.36
d9c3b1de2bc446177dd3555509395e1cfff0ed38,2452.70
db7a072fd3ebf0c9fc9da986d9893447507cbd22,2799.85
b0934637750ed6ddd91bf344842c8c5aad1fb70f,2209.50
893706ad9b7310b84b02077e93bb311f1029407f,1809.03
9844d209332df5ffd6894fdc9a89436278ec7edd,2515.19
3b97e9616b96c80b8211a2fb7358c350b491c76e,1807.76
582aaa0d725a161e3f993acfa8ab2d73a6563303,2339.48
dedf6ab9ddd71d0784d41c70a9178d134a4a38a9,2288.16
35a41811a0b81b289f627b239ef9f568929281e3,2208.52
836350e06d46766ad8d2c7e05b14e28519b2d04a,2423.87
2cc74b6f926ce800674b49fc0628fddd4b780b4f,2775.35
2a73678bf321b1bde0feae328fb378e11f011abd,1747.31
76ea7b3e3ed22f08a1340c0a29e4f612fbb8f99b,1723.74
b60c480804bb00b8e2ab5821d30f93fd1a07f063,1775.20
967306fbd12dca9d465f3f1c47fbcad6cfe7531a,1804.13
1a8fba6c82615c5d0aed3c472a2670b1f41a7029,2466.93
1a8fba6c82615c5d0aed3c472a2670b1f41a7029,2502.35
b5c774d54fa9b76e9a34dd9497f4ede5495e40a7,2807.08
abd967603ef43c481a41618cbd75c02fd523dd4b,2891.75
6d24910a454a95db3aa8c00ad9436a1f21aaa514,2892.56
c30b97c595a2997b8a70083f21fa07c1a3ba0003,1799.70
ff69df4c9374d2f450fb73ddeb1b1447735e47b2,2396.23
bbb56af69148faab7318a99b145c47f2ef2e995c,2830.21
b236a85d978248eb7b00dc00405c610531e11b4d,2803.17
e738926eeb9f295afe379870b37e24a74c784e12,2474.29
2a73678bf321b1bde0feae328fb378e11f011abd,1733.36
e92e5060d8a61c90fc610148b445f5baf3dc7f9a,2177.50
b02837b6c77b94799c055f8fa446fb770bfb49f1,2218.81
bcbac427ff4bca1748f8eb5125a23d4c739b75e9,2453.42
82864b246c0005cc66a50daede3568f930504030,2181.11
bd92bcac75e521176f9cfd501fd4d8fb4c87d325,2883.46
a4d451f3d0e200359f965067f9a2ff6eda8b1726,1780.16
c30b97c595a2997b8a70083f21fa07c1a3ba0003,1744.49
1d0a59796e487f6bcd5e3ba5632cd233ca26229d,1845.45
31ad0686f949f4a772b3b843403d8e221d7ef57c,1824.47
a62f7317a353031ec7229397b40dbdf330524b3c,2258.05
c4bf5ba304aa1bcdb8ddd5f853ab18c9edd3be5b,2511.10
acafbcf3cb71ea0a04188c8f6257e3d395fa7c36,2428.93
bd92bcac75e521176f9cfd501fd4d8fb4c87d325,2757.17
967306fbd12dca9d465f3f1c47fbcad6cfe7531a,1804.41
e17d2a83deb3a4918fe9792e84b98a86a121e84f,2386.49
b0934637750ed6ddd91bf344842c8c5aad1fb70f,2246.57
582aaa0d725a161e3f993acfa8ab2d73a6563303,2197.39
9a059f4be554afaf791ddeb4a2fb7ebba0d6c9cb,1773.41
bcbac427ff4bca1748f8eb5125a23d4c739b75e9,2425.27
1841811422d1f46d8efae5dfdcf7c8ed0f1643f8,1779.50
0a21bdceba27bed7f3a7ab316fcc5998e4a359d5,2428.07
c4bf5ba304aa1bcdb8ddd5f853ab18c9edd3be5b,2385.67
a4d451f3d0e200359f965067f9a2ff6eda8b1726,1801.34
1841811422d1f46d8efae5dfdcf7c8ed0f1643f8,1780.48
e738926eeb9f295afe379870b37e24a74c784e12,2541.30
674d184d3265f0edd12ce284fdc8f13247163354,2858.81
71f963ea3a78746fc2a3ba80b2843254b35c211a,2203.64
e8d5b97979a3692a2b9ea163332c75600158f89a,2205.63
3941022e5c710392c6bd9f0fe8cce69f9caa08ef,2245.81
e8d5b97979a3692a2b9ea163332c75600158f89a,2211.76
fa61c69511d2e5b30106dd0515bdee67e6bbbb03,1858.46
b62e362d3945e86725c817101332b66277aff9e4,1808.76
f939ccf9c28bdf73a5fbc13f00906cef5c70d1db,2454.22
f241ab986664fbf1c38508d5890a9f754511aff2,1851.87
abd967603ef43c481a41618cbd75c02fd523dd4b,2785.38
71f963ea3a78746fc2a3ba80b2843254b35c211a,2217.85
5909b8f5678f9093d5a23505fab1b4d46e12281a,2232.68
e92e5060d8a61c90fc610148b445f5baf3dc7f9a,2265.98
cc90f726cd721ad2c19cbd27997482a5f9b8a7ae,2447.54
3b97e9616b96c80b8211a2fb7358c350b491c76e,1768.40
2c290436e25a69c66621c8b97eccec75b9e3ec63,2431.70
acafbcf3cb71ea0a04188c8f6257e3d395fa7c36,2509.62
d9c3b1de2bc446177dd3555509395e1cfff0ed38,2466.16
b29ba3548abc265300434a19e6c13b61e5834f7f,2437.53
2c290436e25a69c66621c8b97eccec75b9e3ec63,2321.95
f2128717794737bb644e6e186de50b109d2c7349,2495.20
bcbac427ff4bca1748f8eb5125a23d4c739b75e9,2443.52
cc90f726cd721ad2c19cbd27997482a5f9b8a7ae,2504.66
bd155b859e8ea19e0a2b15bcfe21032237e867b4,1765.61
1a8fba6c82615c5d0aed3c472a2670b1f41a7029,2592.14
93952695ed0f56bee161acef89dbee7e78914c9a,2833.56
408a2357aee6495c8f502a49711d9c97078847cc,2866.18
6b20f6e3d158d1ce3147c4e9306d9b485e083bf4,2217.76
69617205f80df06acf2adb38fd8a19f3724b6845,2236.39
1d597768bfb1c4ece19b168a1f6083cb4ff55b32,1734.30
3a9a6c7c8a67d51ebbb598495496e28dcd0c18e1,2198.98
2f48c6596b68eefd329f9604a46c70c442370c67,1787.26
d71b0a7441cc48d1aba41f854c25db933ec882ed,2823.22
a62f7317a353031ec7229397b40dbdf330524b3c,2248.73
eeae0ff3bf4c34565d422ede2b4aee8e6ab3656c,2451.93
c30b97c595a2997b8a70083f21fa07c1a3ba0003,1711.17
2f48c6596b68eefd329f9604a46c70c442370c67,1735.37
bd155b859e8ea19e0a2b15bcfe21032237e867b4,1770.47
1d597768bfb1c4ece19b168a1f6083cb4ff55b32,1732.86
d71b0a7441cc48d1aba41f854c25db933ec882ed,2774.45
d90a819076f01163ee6ef816a163f90af72090de,2207.77
b02837b6c77b94799c055f8fa446fb770bfb49f1,2225.31
fa61c69511d2e5b30106dd0515bdee67e6bbbb03,1752.99
408a2357aee6495c8f502a49711d9c97078847cc,2772.24
8363915bb7f282fb76c712c310fca4fac5b636a4,1787.53
2c290436e25a69c66621c8b97eccec75b9e3ec63,2449.12
e8d5b97979a3692a2b9ea163332c75600158f89a,2222.52
408a2357aee6495c8f502a49711d9c97078847cc,2750.63
1a8fba6c82615c5d0aed3c472a2670b1f41a7029,2394.20
2a7918cc48d6625c303ee9d037613b8125bcc346,1905.59
1d0a59796e487f6bcd5e3ba5632cd233ca26229d,1817.41
b236a85d978248eb7b00dc00405c610531e11b4d,2813.66
bbb56af69148faab7318a99b145c47f2ef2e995c,2793.80
2c290436e25a69c66621c8b97eccec75b9e3ec63,2408.66
cc90f726cd721ad2c19cbd27997482a5f9b8a7ae,2473.21
2a7918cc48d6625c303ee9d037613b8125bcc346,1807.81
893706ad9b7310b84b02077e93bb311f1029407f,1746.73
6d24910a454a95db3aa8c00ad9436a1f21aaa514,2832.62
b60c480804bb00b8e2ab5821d30f93fd1a07f063,1799.86
615b9592ffe8e65b4e461f7727081995931154ce,2201.23
9d3f82c22bbe23679584ba9f97303fd8bac19ef7,2800.03
bdb55f0e1a268ed9e26fd1ea9e893d77302d2131,2509.75
3ec4a5d9f911718e0b6c3f2091537aa87a51c767,2782.79
b3bf673c73b5603b833228996d200f2d66a1e1d8,2775.18
cf8822103dfc12c93b459518cc72e92cd6cab51b,1777.51
14181e72088aba6f525559efa7c00159834a22a7,1780.11
b0934637750ed6ddd91bf344842c8c5aad1fb70f,2269.43
1841811422d1f46d8efae5dfdcf7c8ed0f1643f8,1786.81
0a21bdceba27bed7f3a7ab316fcc5998e4a359d5,2401.63
6bdfd486a2e36f715f9b0ff624f6d7740f5c2bc9,2303.30
3a9a6c7c8a67d51ebbb598495496e28dcd0c18e1,2196.10
615b9592ffe8e65b4e461f7727081995931154ce,2301.67
cf8822103dfc12c93b459518cc72e92cd6cab51b,1750.99
bd92bcac75e521176f9cfd501fd4d8fb4c87d325,2755.59
71b7ce59d7e505268dc39bf006fa0c2faf64b4f7,2279.52
5909b8f5678f9093d5a23505fab1b4d46e12281a,2225.68
de2bfde155891ecbba3ad6065f2145bca6b29e4a,2437.09
408a2357aee6495c8f502a49711d9c97078847cc,2808.17
615b9592ffe8e65b4e461f7727081995931154ce,2177.60
fa61c69511d2e5b30106dd0515bdee67e6bbbb03,1806.99
615b9592ffe8e65b4e461f7727081995931154ce,2143.78
2f48c6596b68eefd329f9604a46c70c442370c67,1744.13
cb8d641965987b6e5ae9bfed952a2ffccab755d7,2245.44
582aaa0d725a161e3f993acfa8ab2d73a6563303,2179.57
69617205f80df06acf2adb38fd8a19f3724b6845,2159.63
2cc74b6f926ce800674b49fc0628fddd4b780b4f,2788.23
674d184d3265f0edd12ce284fdc8f13247163354,2833.11
81cf92be7ccc87ed85d3bd3a94658396c179e6a2,1778.71
3b97e9616b96c80b8211a2fb7358c350b491c76e,1800.51
9d3f82c22bbe23679584ba9f97303fd8bac19ef7,2773.56
cf8822103dfc12c93b459518cc72e92cd6cab51b,1757.78
71f963ea3a78746fc2a3ba80b2843254b35c211a,2181.96
f939ccf9c28bdf73a5fbc13f00906cef5c70d1db,2428.71
1841811422d1f46d8efae5dfdcf7c8ed0f1643f8,1776.65
e738926eeb9f295afe379870b37e24a74c784e12,2509.57
b1bac8c00c64e86ae8d5456d2a49f45adb64c0c8,1945.42
b1bac8c00c64e86ae8d5456d2a49f45adb64c0c8,1828.24
b236a85d978248eb7b00dc00405c610531e11b4d,2802.66
1d597768bfb1c4ece19b168a1f6083cb4ff55b32,1862.10
8363915bb7f282fb76c712c310fca4fac5b636a4,1721.15
b0934637750ed6ddd91bf344842c8c5aad1fb70f,2278.96
6d24910a454a95db3aa8c00ad9436a1f21aaa514,2764.65
cc90f726cd721ad2c19cbd27997482a5f9b8a7ae,2437.03
893706ad9b7310b84b02077e93bb311f1029407f,1734.16
5909b8f5678f9093d5a23505fab1b4d46e12281a,2195.53
35a41811a0b81b289f627b239ef9f568929281e3,2166.04
5909b8f5678f9093d5a23505fab1b4d46e12281a,2244.51
a62f7317a353031ec7229397b40dbdf330524b3c,2194.42
cc90f726cd721ad2c19cbd27997482a5f9b8a7ae,2506.89
0a21bdceba27bed7f3a7ab316fcc5998e4a359d5,2378.11
ff69df4c9374d2f450fb73ddeb1b1447735e47b2,2493.25
bd155b859e8ea19e0a2b15bcfe21032237e867b4,1798.72
0a21bdceba27bed7f3a7ab316fcc5998e4a359d5,2324.47
070887196158c084e39eb7499111f1e0d513ec38,1739.35
3941022e5c710392c6bd9f0fe8cce69f9caa08ef,2266.29
f241ab986664fbf1c38508d5890a9f754511aff2,1902.81
b3bf673c73b5603b833228996d200f2d66a1e1d8,2870.97
c4bf5ba304aa1bcdb8ddd5f853ab18c9edd3be5b,2513.68
3b97e9616b96c80b8211a2fb7358c350b491c76e,1792.89
1d597768bfb1c4ece19b168a1f6083cb4ff55b32,1748.74
42dbaa00c553d202e550e6086ce4f17e8aaac064,1748.56
6bdfd486a2e36f715f9b0ff624f6d7740f5c2bc9,2256.10
cf8822103dfc12c93b459518cc72e92cd6cab51b,1789.69
bbb56af69148faab7318a99b145c47f2ef2e995c,2917.06
e17d2a83deb3a4918fe9792e84b98a86a121e84f,2508.01
b60c480804bb00b8e2ab5821d30f93fd1a07f063,1793.60
bbb56af69148faab7318a99b145c47f2ef2e995c,2762.76
bdb55f0e1a268ed9e26fd1ea9e893d77302d2131,2416.95
2c290436e25a69c66621c8b97eccec75b9e3ec63,2359.36
69617205f80df06acf2adb38fd8a19f3724b6845,2292.10
a62f7317a353031ec7229397b40dbdf330524b3c,2235.01
42dbaa00c553d202e550e6086ce4f17e8aaac064,1773.55
c42f4c37b694c43fb1894c9506c561abf0d19968,2205.65
e738926eeb9f295afe379870b37e24a74c784e12,2419.93
bcbac427ff4bca1748f8eb5125a23d4c739b75e9,2484.48
f939ccf9c28bdf73a5fbc13f00906cef5c70d1db,2480.98
b1bac8c00c64e86ae8d5456d2a49f45adb64c0c8,1905.98
bd92bcac75e521176f9cfd501fd4d8fb4c87d325,2761.74
e8d5b97979a3692a2b9ea163332c75600158f89a,2208.60
d90a819076f01163ee6ef816a163f90af72090de,2263.35
7017b6ef5232f38b69d23e0cb9cb872e84d7fc17,2470.09
2cc74b6f926ce800674b49fc0628fddd4b780b4f,2778.87
0a21bdceba27bed7f3a7ab316fcc5998e4a359d5,2337.28
3a9a6c7c8a67d51ebbb598495496e28dcd0c18e1,2242.94
6a19564ba328d5dd866d82cac25ad95b7082a7c5,1851.47
14181e72088aba6f525559efa7c00159834a22a7,1817.45
efdaba7c0e605b48fd4a36f2ad7d86e57bc2651b,2412.19
2a73678bf321b1bde0feae328fb378e11f011abd,1736.15
76ea7b3e3ed22f08a1340c0a29e4f612fbb8f99b,1756.13
ed4eb9bd2526035029b0ecf210b063c7f86b6915,1752.67
f939ccf9c28bdf73a5fbc13f00906cef5c70d1db,2412.71
a4d451f3d0e200359f965067f9a2ff6eda8b1726,1780.30
ce551fd050b668bf1a6f39e6b12fdad9f8619468,2779.58
fb6afae74e9ad5b4303dbfa29b34ea09ce789bc7,1782.13
c30b97c595a2997b8a70083f21fa07c1a3ba0003,1740.08
b60c480804bb00b8e2ab5821d30f93fd1a07f063,1796.85
6d24910a454a95db3aa8c00ad9436a1f21aaa514,2865.08
ac4edeb4f74741c8537d8df66c9c33e55a5d9e4f,2803.24
1a8fba6c82615c5d0aed3c472a2670b1f41a7029,2435.39
dedf6ab9ddd71d0784d41c70a9178d134a4a38a9,2260.07
82864b246c0005cc66a50daede3568f930504030,2164.00
c4bf5ba304aa1bcdb8ddd5f853ab18c9edd3be5b,2423.39
05f08bb64db2b5feec2b35d05fd13cec6f211ef3,1820.93
2a7918cc48d6625c303ee9d037613b8125bcc346,1889.58
0a21bdceba27bed7f3a7ab316fcc5998e4a359d5,2445.69
9d3f82c22bbe23679584ba9f97303fd8bac19ef7,2784.04
6b20f6e3d158d1ce3147c4e9306d9b485e083bf4,2162.45
31ad0686f949f4a772b3b843403d8e221d7ef57c,1872.87
cb8d641965987b6e5ae9bfed952a2ffccab755d7,2184.44
bcbac427ff4bca1748f8eb5125a23d4c739b75e9,2476.08
e738926eeb9f295afe379870b37e24a74c784e12,2421.11
2a7918cc48d6625c303ee9d037613b8125bcc346,1875.44
35a41811a0b81b289f627b239ef9f568929281e3,2209.42
2c290436e25a69c66621c8b97eccec75b9e3ec63,2333.80
7017b6ef5232f38b69d23e0cb9cb872e84d7fc17,2477.71
cf8822103dfc12c93b459518cc72e92cd6cab51b,1776.18
69617205f80df06acf2adb38fd8a19f3724b6845,2178.60
bdb55f0e1a268ed9e26fd1ea9e893d77302d2131,2495.55
71f963ea3a78746fc2a3ba80b2843254b35c211a,2233.04
35a41811a0b81b289f627b239ef9f568929281e3,2214.48
cb8d641965987b6e5ae9bfed952a2ffccab755d7,2232.09
bbb56af69148faab7318a99b145c47f2ef2e995c,2889.15
836350e06d46766ad8d2c7e05b14e28519b2d04a,2485.80
9844d209332df5ffd6894fdc9a89436278ec7edd,2382.08
eeae0ff3bf4c34565d422ede2b4aee8e6ab3656c,2425.57
1d597768bfb1c4ece19b168a1f6083cb4ff55b32,1760.08
b3bf673c73b5603b833228996d200f2d66a1e1d8,2769.28
7017b6ef5232f38b69d23e0cb9cb872e84d7fc17,2543.30
ac4edeb4f74741c8537d8df66c9c33e55a5d9e4f,2767.51
ff69df4c9374d2f450fb73ddeb1b1447735e47b2,2399.64
f939ccf9c28bdf73a5fbc13f00906cef5c70d1db,2488.46
3cc6dd0efc570458fe0ca4a0ab6805e9cf212c7e,2390.71
b60c480804bb00b8e2ab5821d30f93fd1a07f063,1770.49
e92e5060d8a61c90fc610148b445f5baf3dc7f9a,2191.66
b1bac8c00c64e86ae8d5456d2a49f45adb64c0c8,1869.23
2594e0762ffbe5fc48dc2abc0a93d37692520fd4,1849.29
71b7ce59d7e505268dc39bf006fa0c2faf64b4f7,2263.04
3a9a6c7c8a67d51ebbb598495496e28dcd0c18e1,2252.84
81cf92be7ccc87ed85d3bd3a94658396c179e6a2,1772.21
fa61c69511d2e5b30106dd0515bdee67e6bbbb03,1798.70
d551b3eb68244702ebbc2eb1b72d1d5882a7c066,1869.79
893706ad9b7310b84b02077e93bb311f1029407f,1762.79
42dbaa00c553d202e550e6086ce4f17e8aaac064,1806.40
c30b97c595a2997b8a70083f21fa07c1a3ba0003,1738.64
1841811422d1f46d8efae5dfdcf7c8ed0f1643f8,1749.53
408a2357aee6495c8f502a49711d9c97078847cc,2771.98
c42f4c37b694c43fb1894c9506c561abf0d19968,2199.60
bbb56af69148faab7318a99b145c47f2ef2e995c,2878.33
2e72020e94bef3e74633077b6d20fc7e486b9efb,2167.42
6bdfd486a2e36f715f9b0ff624f6d7740f5c2bc9,2270.86
2a73678bf321b1bde0feae328fb378e11f011abd,1745.78
fa61c69511d2e5b30106dd0515bdee67e6bbbb03,1751.78
3ec4a5d9f911718e0b6c3f2091537aa87a51c767,2820.56
3a9a6c7c8a67d51ebbb598495496e28dcd0c18e1,2225.70
acafbcf3cb71ea0a04188c8f6257e3d395fa7c36,2539.11
abd967603ef43c481a41618cbd75c02fd523dd4b,2764.42
2f48c6596b68eefd329f9604a46c70c442370c67,1754.96
d71b0a7441cc48d1aba41f854c25db933ec882ed,2777.59
81cf92be7ccc87ed85d3bd3a94658396c179e6a2,1803.27
fa61c69511d2e5b30106dd0515bdee67e6bbbb03,1778.51
967306fbd12dca9d465f3f1c47fbcad6cfe7531a,1781.86
eb2957a8b3e8c12649c5b83872a238dd74e68dec,2174.93
5909b8f5678f9093d5a23505fab1b4d46e12281a,2253.59
f2128717794737bb644e6e186de50b109d2c7349,2413.42
63ed60b84cbd23672569926b7fb191ded5af34d3,1739.30
893706ad9b7310b84b02077e93bb311f1029407f,1782.49
cf8822103dfc12c93b459518cc72e92cd6cab51b,1771.13
0a21bdceba27bed7f3a7ab316fcc5998e4a359d5,2399.52
3ec4a5d9f911718e0b6c3f2091537aa87a51c767,2842.93
42dbaa00c553d202e550e6086ce4f17e8aaac064,1743.22
2f48c6596b68eefd329f9604a46c70c442370c67,1804.60
31ad0686f949f4a772b3b843403d8e221d7ef57c,1820.10
69617205f80df06acf2adb38fd8a19f3724b6845,2186.43
b60c480804bb00b8e2ab5821d30f93fd1a07f063,1795.39
3941022e5c710392c6bd9f0fe8cce69f9caa08ef,2208.85
1d0a59796e487f6bcd5e3ba5632cd233ca26229d,1845.97
cf8822103dfc12c93b459518cc72e92cd6cab51b,1756.05
f2128717794737bb644e6e186de50b109d2c7349,2481.91
63ed60b84cbd23672569926b7fb191ded5af34d3,1743.01
ce551fd050b668bf1a6f39e6b12fdad9f8619468,2789.83
05f08bb64db2b5feec2b35d05fd13cec6f211ef3,1869.21
3ec4a5d9f911718e0b6c3f2091537aa87a51c767,2771.11
b02837b6c77b94799c055f8fa446fb770bfb49f1,2289.63
d90a819076f01163ee6ef816a163f90af72090de,2257.73
05f08bb64db2b5feec2b35d05fd13cec6f211ef3,1826.20
6d24910a454a95db3aa8c00ad9436a1f21aaa514,2795.01
b3bf673c73b5603b833228996d200f2d66a1e1d8,2753.47
1d597768bfb1c4ece19b168a1f6083cb4ff55b32,1769.44
9844d209332df5ffd6894fdc9a89436278ec7edd,2403.73
d90a819076f01163ee6ef816a163f90af72090de,2205.26
d90a819076f01163ee6ef816a163f90af72090de,2310.25
57338a3c92513cb917f98d62156d0e764ea75e7d,2506.73
d9c3b1de2bc446177dd3555509395e1cfff0ed38,2483.63
615b9592ffe8e65b4e461f7727081995931154ce,2167.96
b0934637750ed6ddd91bf344842c8c5aad1fb70f,2277.07
9844d209332df5ffd6894fdc9a89436278ec7edd,2404.70
fa61c69511d2e5b30106dd0515bdee67e6bbbb03,1786.28
3a9a6c7c8a67d51ebbb598495496e28dcd0c18e1,2228.71
ff69df4c9374d2f450fb73ddeb1b1447735e47b2,2402.59
cb8d641965987b6e5ae9bfed952a2ffccab755d7,2213.56
3b97e9616b96c80b8211a2fb7358c350b491c76e,1794.80
6b20f6e3d158d1ce3147c4e9306d9b485e083bf4,2322.57
3b97e9616b96c80b8211a2fb7358c350b491c76e,1842.62
3b97e9616b96c80b8211a2fb7358c350b491c76e,1785.82
05f08bb64db2b5feec2b35d05fd13cec6f211ef3,1806.46
bd92bcac75e521176f9cfd501fd4d8fb4c87d325,2779.79
63ed60b84cbd23672569926b7fb191ded5af34d3,1775.05
582aaa0d725a161e3f993acfa8ab2d73a6563303,2328.92
eeae0ff3bf4c34565d422ede2b4aee8e6ab3656c,2517.82
2a7918cc48d6625c303ee9d037613b8125bcc346,1825.59
81cf92be7ccc87ed85d3bd3a94658396c179e6a2,1860.91
cb8d641965987b6e5ae9bfed952a2ffccab755d7,2174.64
eeae0ff3bf4c34565d422ede2b4aee8e6ab3656c,2470.30
3ec4a5d9f911718e0b6c3f2091537aa87a51c767,2747.27
3941022e5c710392c6bd9f0fe8cce69f9caa08ef,2221.24
82864b246c0005cc66a50daede3568f930504030,2268.36
acafbcf3cb71ea0a04188c8f6257e3d395fa7c36,2505.04
1a8fba6c82615c5d0aed3c472a2670b1f41a7029,2382.23
3ec4a5d9f911718e0b6c3f2091537aa87a51c767,2796.32
b02837b6c77b94799c055f8fa446fb770bfb49f1,2247.13
efdaba7c0e605b48fd4a36f2ad7d86e57bc2651b,2530.90
1d597768bfb1c4ece19b168a1f6083cb4ff55b32,1796.91
615b9592ffe8e65b4e461f7727081995931154ce,2262.07
acafbcf3cb71ea0a04188c8f6257e3d395fa7c36,2487.49
35a41811a0b81b289f627b239ef9f568929281e3,2198.65
582aaa0d725a161e3f993acfa8ab2d73a6563303,2211.67
bdb55f0e1a268ed9e26fd1ea9e893d77302d2131,2383.61
de2bfde155891ecbba3ad6065f2145bca6b29e4a,2345.67
e738926eeb9f295afe379870b37e24a74c784e12,2386.23
de2bfde155891ecbba3ad6065f2145bca6b29e4a,2360.82
fb6afae74e9ad5b4303dbfa29b34ea09ce789bc7,1750.42
69617205f80df06acf2adb38fd8a19f3724b6845,2207.37
2f48c6596b68eefd329f9604a46c70c442370c67,1734.99
69617205f80df06acf2adb38fd8a19f3724b6845,2226.99
b3bf673c73b5603b833228996d200f2d66a1e1d8,2882.13
bcbac427ff4bca1748f8eb5125a23d4c739b75e9,2489.12
ce551fd050b668bf1a6f39e6b12fdad9f8619468,2828.15
71b7ce59d7e505268dc39bf006fa0c2faf64b4f7,2196.97
b236a85d978248eb7b00dc00405c610531e11b4d,2786.03
d9c3b1de2bc446177dd3555509395e1cfff0ed38,2487.47
2cc74b6f926ce800674b49fc0628fddd4b780b4f,2784.43
35a41811a0b81b289f627b239ef9f568929281e3,2181.74
fa61c69511d2e5b30106dd0515bdee67e6bbbb03,1873.33
9a059f4be554afaf791ddeb4a2fb7ebba0d6c9cb,1737.58
cc90f726cd721ad2c19cbd27997482a5f9b8a7ae,2468.18
cc90f726cd721ad2c19cbd27997482a5f9b8a7ae,2516.48
9d3f82c22bbe23679584ba9f97303fd8bac19ef7,2784.63
71f963ea3a78746fc2a3ba80b2843254b35c211a,2197.99
05f08bb64db2b5feec2b35d05fd13cec6f211ef3,1847.85
69617205f80df06acf2adb38fd8a19f3724b6845,2232.53
b1bac8c00c64e86ae8d5456d2a49f45adb64c0c8,1843.30
93952695ed0f56bee161acef89dbee7e78914c9a,2773.73
2e72020e94bef3e74633077b6d20fc7e486b9efb,2230.55
a4d451f3d0e200359f965067f9a2ff6eda8b1726,1751.69
b02837b6c77b94799c055f8fa446fb770bfb49f1,2219.22
c4bf5ba304aa1bcdb8ddd5f853ab18c9edd3be5b,2457.74
81cf92be7ccc87ed85d3bd3a94658396c179e6a2,1804.64
1d597768bfb1c4ece19b168a1f6083cb4ff55b32,1775.93
c42f4c37b694c43fb1894c9506c561abf0d19968,2243.76
9844d209332df5ffd6894fdc9a89436278ec7edd,2404.21
b60c480804bb00b8e2ab5821d30f93fd1a07f063,1755.66
342e6a0db5768642e8d3dd1c212384e0020403f7,2197.48
c4bf5ba304aa1bcdb8ddd5f853ab18c9edd3be5b,2540.36
2a7918cc48d6625c303ee9d037613b8125bcc346,1894.28
6bdfd486a2e36f715f9b0ff624f6d7740f5c2bc9,2259.29
6a19564ba328d5dd866d82cac25ad95b7082a7c5,1900.03
5909b8f5678f9093d5a23505fab1b4d46e12281a,2193.55
cf8822103dfc12c93b459518cc72e92cd6cab51b,1882.73
2f48c6596b68eefd329f9604a46c70c442370c67,1767.05
cb8d641965987b6e5ae9bfed952a2ffccab755d7,2315.58
bd155b859e8ea19e0a2b15bcfe21032237e867b4,1765.66
a4d451f3d0e200359f965067f9a2ff6eda8b1726,1738.03
81cf92be7ccc87ed85d3bd3a94658396c179e6a2,1759.07
63ed60b84cbd23672569926b7fb191ded5af34d3,1787.76
de2bfde155891ecbba3ad6065f2145bca6b29e4a,2340.79
2cc74b6f926ce800674b49fc0628fddd4b780b4f,2766.27
b5c774d54fa9b76e9a34dd9497f4ede5495e40a7,2803.76
93952695ed0f56bee161acef89dbee7e78914c9a,2823.90
b236a85d978248eb7b00dc00405c610531e11b4d,2787.54
503ca72b57d603083ec3c2319fb593bc410a722a,1788.90
070887196158c084e39eb7499111f1e0d513ec38,1848.00
c42f4c37b694c43fb1894c9506c561abf0d19968,2197.50
31ad0686f949f4a772b3b843403d8e221d7ef57c,1820.71
f241ab986664fbf1c38508d5890a9f754511aff2,1830.70
1d597768bfb1c4ece19b168a1f6083cb4ff55b32,1810.94
ed4eb9bd2526035029b0ecf210b063c7f86b6915,1745.72
2c290436e25a69c66621c8b97eccec75b9e3ec63,2376.29
abd967603ef43c481a41618cbd75c02fd523dd4b,2796.84
1d0a59796e487f6bcd5e3ba5632cd233ca26229d,1800.18
de2bfde155891ecbba3ad6065f2145bca6b29e4a,2480.72
2e72020e94bef3e74633077b6d20fc7e486b9efb,2256.00
a4d451f3d0e200359f965067f9a2ff6eda8b1726,1771.36
8363915bb7f282fb76c712c310fca4fac5b636a4,1727.68
2c290436e25a69c66621c8b97eccec75b9e3ec63,2466.64
dedf6ab9ddd71d0784d41c70a9178d134a4a38a9,2204.85
ff69df4c9374d2f450fb73ddeb1b1447735e47b2,2422.37
3ec4a5d9f911718e0b6c3f2091537aa87a51c767,2806.54
b60c480804bb00b8e2ab5821d30f93fd1a07f063,1747.71
582aaa0d725a161e3f993acfa8ab2d73a6563303,2225.52
a62f7317a353031ec7229397b40dbdf330524b3c,2221.99
2a73678bf321b1bde0feae328fb378e11f011abd,1752.48
9a059f4be554afaf791ddeb4a2fb7ebba0d6c9cb,1763.24
fb6afae74e9ad5b4303dbfa29b34ea09ce789bc7,1800.89
ff69df4c9374d2f450fb73ddeb1b1447735e47b2,2450.21
2594e0762ffbe5fc48dc2abc0a93d37692520fd4,1844.55
d90a819076f01163ee6ef816a163f90af72090de,2218.71
2a73678bf321b1bde0feae328fb378e11f011abd,1791.95
bbb56af69148faab7318a99b145c47f2ef2e995c,2778.07
eb2957a8b3e8c12649c5b83872a238dd74e68dec,2175.68
070887196158c084e39eb7499111f1e0d513ec38,1764.69
674d184d3265f0edd12ce284fdc8f13247163354,2792.43
dedf6ab9ddd71d0784d41c70a9178d134a4a38a9,2314.56
b62e362d3945e86725c817101332b66277aff9e4,1791.29
6a19564ba328d5dd866d82cac25ad95b7082a7c5,1843.70
71b7ce59d7e505268dc39bf006fa0c2faf64b4f7,2250.00
ce551fd050b668bf1a6f39e6b12fdad9f8619468,2787.82
acafbcf3cb71ea0a04188c8f6257e3d395fa7c36,2469.43
6b20f6e3d158d1ce3147c4e9306d9b485e083bf4,2205.12
76ea7b3e3ed22f08a1340c0a29e4f612fbb8f99b,1772.57
57338a3c92513cb917f98d62156d0e764ea75e7d,2482.26
2cc74b6f926ce800674b49fc0628fddd4b780b4f,2754.87
3b97e9616b96c80b8211a2fb7358c350b491c76e,1758.26
2a73678bf321b1bde0feae328fb378e11f011abd,1797.70
e738926eeb9f295afe379870b37e24a74c784e12,2457.34
f939ccf9c28bdf73a5fbc13f00906cef5c70d1db,2470.47
9844d209332df5ffd6894fdc9a89436278ec7edd,2539.21
9844d209332df5ffd6894fdc9a89436278ec7edd,2417.02
342e6a0db5768642e8d3dd1c212384e0020403f7,2230.76
62d042af16ded2608229e19a9bc1bf86c6de827f,2472.17
62d042af16ded2608229e19a9bc1bf86c6de827f,2444.26
2a73678bf321b1bde0feae328fb378e11f011abd,1724.60
b1bac8c00c64e86ae8d5456d2a49f45adb64c0c8,1827.11
1841811422d1f46d8efae5dfdcf7c8ed0f1643f8,1745.06
76ea7b3e3ed22f08a1340c0a29e4f612fbb8f99b,1735.52
bd155b859e8ea19e0a2b15bcfe21032237e867b4,1773.81
6bdfd486a2e36f715f9b0ff624f6d7740f5c2bc9,2195.82
bbb56af69148faab7318a99b145c47f2ef2e995c,2743.74
dedf6ab9ddd71d0784d41c70a9178d134a4a38a9,2309.47
615b9592ffe8e65b4e461f7727081995931154ce,2210.19
bcbac427ff4bca1748f8eb5125a23d4c739b75e9,2493.38
9a059f4be554afaf791ddeb4a2fb7ebba0d6c9cb,1807.95
d9c3b1de2bc446177dd3555509395e1cfff0ed38,2445.06
c30b97c595a2997b8a70083f21fa07c1a3ba0003,1741.33
1d597768bfb1c4ece19b168a1f6083cb4ff55b32,1754.69
b62e362d3945e86725c817101332b66277aff9e4,1790.63
9a059f4be554afaf791ddeb4a2fb7ebba0d6c9cb,1739.19
3ec4a5d9f911718e0b6c3f2091537aa87a51c767,2845.39
ac4edeb4f74741c8537d8df66c9c33e55a5d9e4f,2812.77
5909b8f5678f9093d5a23505fab1b4d46e12281a,2289.57
b0934637750ed6ddd91bf344842c8c5aad1fb70f,2221.00
05f08bb64db2b5feec2b35d05fd13cec6f211ef3,1837.45
bd155b859e8ea19e0a2b15bcfe21032237e867b4,1777.29
14181e72088aba6f525559efa7c00159834a22a7,1848.49
3ec4a5d9f911718e0b6c3f2091537aa87a51c767,2798.38
ce551fd050b668bf1a6f39e6b12fdad9f8619468,2789.48
14181e72088aba6f525559efa7c00159834a22a7,1740.81
408a2357aee6495c8f502a49711d9c97078847cc,2785.62
e8d5b97979a3692a2b9ea163332c75600158f89a,2271.05
615b9592ffe8e65b4e461f7727081995931154ce,2173.33
bbb56af69148faab7318a99b145c47f2ef2e995c,2747.95
82864b246c0005cc66a50daede3568f930504030,2234.96
dedf6ab9ddd71d0784d41c70a9178d134a4a38a9,2214.47
fa61c69511d2e5b30106dd0515bdee67e6bbbb03,1775.26
d90a819076f01163ee6ef816a163f90af72090de,2229.07
b1bac8c00c64e86ae8d5456d2a49f45adb64c0c8,1821.53
14181e72088aba6f525559efa7c00159834a22a7,1770.05
57338a3c92513cb917f98d62156d0e764ea75e7d,2522.20
31ad0686f949f4a772b3b843403d8e221d7ef57c,1805.05
cc90f726cd721ad2c19cbd27997482a5f9b8a7ae,2454.98
57338a3c92513cb917f98d62156d0e764ea75e7d,2408.03
bbb56af69148faab7318a99b145c47f2ef2e995c,2848.61
ff69df4c9374d2f450fb73ddeb1b1447735e47b2,2532.79
cf8822103dfc12c93b459518cc72e92cd6cab51b,1805.20
f241ab986664fbf1c38508d5890a9f754511aff2,1858.45
ac4edeb4f74741c8537d8df66c9c33e55a5d9e4f,2845.27
efdaba7c0e605b48fd4a36f2ad7d86e57bc2651b,2486.43
1841811422d1f46d8efae5dfdcf7c8ed0f1643f8,1747.89
cc90f726cd721ad2c19cbd27997482a5f9b8a7ae,2373.65
d551b3eb68244702ebbc2eb1b72d1d5882a7c066,1847.18
cf8822103dfc12c93b459518cc72e92cd6cab51b,1733.85
c4bf5ba304aa1bcdb8ddd5f853ab18c9edd3be5b,2524.11
6d24910a454a95db3aa8c00ad9436a1f21aaa514,2793.58
a62f7317a353031ec7229397b40dbdf330524b3c,2264.74
e92e5060d8a61c90fc610148b445f5baf3dc7f9a,2220.94
cb8d641965987b6e5ae9bfed952a2ffccab755d7,2238.54
ff69df4c9374d2f450fb73ddeb1b1447735e47b2,2495.03
71f963ea3a78746fc2a3ba80b2843254b35c211a,2197.46
2cc74b6f926ce800674b49fc0628fddd4b780b4f,2778.30
42dbaa00c553d202e550e6086ce4f17e8aaac064,1731.72
3a9a6c7c8a67d51ebbb598495496e28dcd0c18e1,2266.40
c4bf5ba304aa1bcdb8ddd5f853ab18c9edd3be5b,2382.39
db7a072fd3ebf0c9fc9da986d9893447507cbd22,2829.53
3b97e9616b96c80b8211a2fb7358c350b491c76e,1781.94
ac4edeb4f74741c8537d8df66c9c33e55a5d9e4f,2781.42
cb8d641965987b6e5ae9bfed952a2ffccab755d7,2261.36
6b20f6e3d158d1ce3147c4e9306d9b485e083bf4,2194.20
eeae0ff3bf4c34565d422ede2b4aee8e6ab3656c,2457.74
3cc6dd0efc570458fe0ca4a0ab6805e9cf212c7e,2528.39
71b7ce59d7e505268dc39bf006fa0c2faf64b4f7,2339.61
de2bfde155891ecbba3ad6065f2145bca6b29e4a,2371.48
b60c480804bb00b8e2ab5821d30f93fd1a07f063,1782.86
1841811422d1f46d8efae5dfdcf7c8ed0f1643f8,1751.31
c30b97c595a2997b8a70083f21fa07c1a3ba0003,1789.95
eeae0ff3bf4c34565d422ede2b4aee8e6ab3656c,2512.22
b3bf673c73b5603b833228996d200f2d66a1e1d8,2860.37
b236a85d978248eb7b00dc00405c610531e11b4d,2915.20
503ca72b57d603083ec3c2319fb593bc410a722a,1794.07
57338a3c92513cb917f98d62156d0e764ea75e7d,2491.34
b0934637750ed6ddd91bf344842c8c5aad1fb70f,2238.37
b0934637750ed6ddd91bf344842c8c5aad1fb70f,2204.37
acafbcf3cb71ea0a04188c8f6257e3d395fa7c36,2426.24
efdaba7c0e605b48fd4a36f2ad7d86e57bc2651b,2394.98
836350e06d46766ad8d2c7e05b14e28519b2d04a,2506.66
eb2957a8b3e8c12649c5b83872a238dd74e68dec,2233.72
a62f7317a353031ec7229397b40dbdf330524b3c,2239.39
ed4eb9bd2526035029b0ecf210b063c7f86b6915,1760.25
76ea7b3e3ed22f08a1340c0a29e4f612fbb8f99b,1749.57
8363915bb7f282fb76c712c310fca4fac5b636a4,1765.62
57338a3c92513cb917f98d62156d0e764ea75e7d,2441.43
dedf6ab9ddd71d0784d41c70a9178d134a4a38a9,2224.68
e738926eeb9f295afe379870b37e24a74c784e12,2431.68
31ad0686f949f4a772b3b843403d8e221d7ef57c,1836.20
503ca72b57d603083ec3c2319fb593bc410a722a,1792.78
b5c774d54fa9b76e9a34dd9497f4ede5495e40a7,2793.89
b5c774d54fa9b76e9a34dd9497f4ede5495e40a7,2779.77
2a7918cc48d6625c303ee9d037613b8125bcc346,1800.25
503ca72b57d603083ec3c2319fb593bc410a722a,1812.63
e17d2a83deb3a4918fe9792e84b98a86a121e84f,2462.30
f2128717794737bb644e6e186de50b109d2c7349,2480.72
acafbcf3cb71ea0a04188c8f6257e3d395fa7c36,2457.66
9d3f82c22bbe23679584ba9f97303fd8bac19ef7,2808.17
582aaa0d725a161e3f993acfa8ab2d73a6563303,2233.02
bdb55f0e1a268ed9e26fd1ea9e893d77302d2131,2362.47
e738926eeb9f295afe379870b37e24a74c784e12,2396.20
bd92bcac75e521176f9cfd501fd4d8fb4c87d325,2878.84
0a21bdceba27bed7f3a7ab316fcc5998e4a359d5,2436.40
f939ccf9c28bdf73a5fbc13f00906cef5c70d1db,2416.17
bbb56af69148faab7318a99b145c47f2ef2e995c,2776.48
e8d5b97979a3692a2b9ea163332c75600158f89a,2224.08
6a19564ba328d5dd866d82cac25ad95b7082a7c5,1814.43
81cf92be7ccc87ed85d3bd3a94658396c179e6a2,1829.73
836350e06d46766ad8d2c7e05b14e28519b2d04a,2486.20
2c290436e25a69c66621c8b97eccec75b9e3ec63,2396.13
d551b3eb68244702ebbc2eb1b72d1d5882a7c066,1865.05
b3bf673c73b5603b833228996d200f2d66a1e1d8,2848.53
63ed60b84cbd23672569926b7fb191ded5af34d3,1729.70
fa61c69511d2e5b30106dd0515bdee67e6bbbb03,1805.01
81cf92be7ccc87ed85d3bd3a94658396c179e6a2,1764.10
2c290436e25a69c66621c8b97eccec75b9e3ec63,2500.91
62d042af16ded2608229e19a9bc1bf86c6de827f,2402.00
d551b3eb68244702ebbc2eb1b72d1d5882a7c066,1798.05
76ea7b3e3ed22f08a1340c0a29e4f612fbb8f99b,1765.79
14181e72088aba6f525559efa7c00159834a22a7,1763.56
db7a072fd3ebf0c9fc9da986d9893447507cbd22,2793.42
503ca72b57d603083ec3c2319fb593bc410a722a,1779.91
cc90f726cd721ad2c19cbd27997482a5f9b8a7ae,2433.38
42dbaa00c553d202e550e6086ce4f17e8aaac064,1748.58
d9c3b1de2bc446177dd3555509395e1cfff0ed38,2450.57
582aaa0d725a161e3f993acfa8ab2d73a6563303,2283.44
42dbaa00c553d202e550e6086ce4f17e8aaac064,1762.94
fa61c69511d2e5b30106dd0515bdee67e6bbbb03,1776.18
6b20f6e3d158d1ce3147c4e9306d9b485e083bf4,2237.67
c30b97c595a2997b8a70083f21fa07c1a3ba0003,1765.97
9844d209332df5ffd6894fdc9a89436278ec7edd,2434.39
a62f7317a353031ec7229397b40dbdf330524b3c,2194.60
8363915bb7f282fb76c712c310fca4fac5b636a4,1820.17
bcbac427ff4bca1748f8eb5125a23d4c739b75e9,2482.16
1841811422d1f46d8efae5dfdcf7c8ed0f1643f8,1732.07
05f08bb64db2b5feec2b35d05fd13cec6f211ef3,1868.02
674d184d3265f0edd12ce284fdc8f13247163354,2782.72
62d042af16ded2608229e19a9bc1bf86c6de827f,2492.27
31ad0686f949f4a772b3b843403d8e221d7ef57c,1838.76
05f08bb64db2b5feec2b35d05fd13cec6f211ef3,1843.37
3cc6dd0efc570458fe0ca4a0ab6805e9cf212c7e,2406.04
93952695ed0f56bee161acef89dbee7e78914c9a,2782.34
abd967603ef43c481a41618cbd75c02fd523dd4b,2765.03
bd155b859e8ea19e0a2b15bcfe21032237e867b4,1792.59
d90a819076f01163ee6ef816a163f90af72090de,2275.53
ed4eb9bd2526035029b0ecf210b063c7f86b6915,1734.13
2a73678bf321b1bde0feae328fb378e11f011abd,1811.08
e92e5060d8a61c90fc610148b445f5baf3dc7f9a,2243.88
e17d2a83deb3a4918fe9792e84b98a86a121e84f,2467.41
bbb56af69148faab7318a99b145c47f2ef2e995c,2802.38
8363915bb7f282fb76c712c310fca4fac5b636a4,1758.89
cb8d641965987b6e5ae9bfed952a2ffccab755d7,2215.80
a62f7317a353031ec7229397b40dbdf330524b3c,2284.35
070887196158c084e39eb7499111f1e0d513ec38,1750.53
342e6a0db5768642e8d3dd1c212384e0020403f7,2254.42
e17d2a83deb3a4918fe9792e84b98a86a121e84f,2433.86
7017b6ef5232f38b69d23e0cb9cb872e84d7fc17,2399.34
893706ad9b7310b84b02077e93bb311f1029407f,1786.66
2c290436e25a69c66621c8b97eccec75b9e3ec63,2361.25
582aaa0d725a161e3f993acfa8ab2d73a6563303,2314.08
b5c774d54fa9b76e9a34dd9497f4ede5495e40a7,2865.99
8363915bb7f282fb76c712c310fca4fac5b636a4,1776.04
f939ccf9c28bdf73a5fbc13f00906cef5c70d1db,2460.36
615b9592ffe8e65b4e461f7727081995931154ce,2175.23
e92e5060d8a61c90fc610148b445f5baf3dc7f9a,2185.17
6bdfd486a2e36f715f9b0ff624f6d7740f5c2bc9,2229.88
3ec4a5d9f911718e0b6c3f2091537aa87a51c767,2742.50
1a8fba6c82615c5d0aed3c472a2670b1f41a7029,2469.33
bdb55f0e1a268ed9e26fd1ea9e893d77302d2131,2365.81
69617205f80df06acf2adb38fd8a19f3724b6845,2224.32
e17d2a83deb3a4918fe9792e84b98a86a121e84f,2373.65
836350e06d46766ad8d2c7e05b14e28519b2d04a,2535.05
d551b3eb68244702ebbc2eb1b72d1d5882a7c066,1828.23
3a9a6c7c8a67d51ebbb598495496e28dcd0c18e1,2225.81
6a19564ba328d5dd866d82cac25ad95b7082a7c5,1852.50
71b7ce59d7e505268dc39bf006fa0c2faf64b4f7,2250.33
e8d5b97979a3692a2b9ea163332c75600158f89a,2225.15
acafbcf3cb71ea0a04188c8f6257e3d395fa7c36,2493.39
62d042af16ded2608229e19a9bc1bf86c6de827f,2495.60
efdaba7c0e605b48fd4a36f2ad7d86e57bc2651b,2489.02
81cf92be7ccc87ed85d3bd3a94658396c179e6a2,1786.26
eb2957a8b3e8c12649c5b83872a238dd74e68dec,2188.96
8363915bb7f282fb76c712c310fca4fac5b636a4,1744.08
f2128717794737bb644e6e186de50b109d2c7349,2396.41
35a41811a0b81b289f627b239ef9f568929281e3,2223.90
ac4edeb4f74741c8537d8df66c9c33e55a5d9e4f,2805.59
503ca72b57d603083ec3c2319fb593bc410a722a,1769.28
3cc6dd0efc570458fe0ca4a0ab6805e9cf212c7e,2568.43
9d3f82c22bbe23679584ba9f97303fd8bac19ef7,2831.55
3a9a6c7c8a67d51ebbb598495496e28dcd0c18e1,2239.55
9844d209332df5ffd6894fdc9a89436278ec7edd,2466.20
bdb55f0e1a268ed9e26fd1ea9e893d77302d2131,2388.89
db7a072fd3ebf0c9fc9da986d9893447507cbd22,2845.08
efdaba7c0e605b48fd4a36f2ad7d86e57bc2651b,2468.14
a4d451f3d0e200359f965067f9a2ff6eda8b1726,1759.09
31ad0686f949f4a772b3b843403d8e221d7ef57c,1817.91
b236a85d978248eb7b00dc00405c610531e11b4d,2833.40
05f08bb64db2b5feec2b35d05fd13cec6f211ef3,1809.15
7017b6ef5232f38b69d23e0cb9cb872e84d7fc17,2541.15
3cc6dd0efc570458fe0ca4a0ab6805e9cf212c7e,2539.55
503ca72b57d603083ec3c2319fb593bc410a722a,1796.23
93952695ed0f56bee161acef89dbee7e78914c9a,2773.32
9844d209332df5ffd6894fdc9a89436278ec7edd,2453.64
408a2357aee6495c8f502a49711d9c97078847cc,2744.76
2e72020e94bef3e74633077b6d20fc7e486b9efb,2219.62
e17d2a83deb3a4918fe9792e84b98a86a121e84f,2486.78
6b20f6e3d158d1ce3147c4e9306d9b485e083bf4,2199.31
62d042af16ded2608229e19a9bc1bf86c6de827f,2466.95
93952695ed0f56bee161acef89dbee7e78914c9a,2816.06
cf8822103dfc12c93b459518cc72e92cd6cab51b,1773.85
893706ad9b7310b84b02077e93bb311f1029407f,1856.41
e738926eeb9f295afe379870b37e24a74c784e12,2456.85
f241ab986664fbf1c38508d5890a9f754511aff2,1811.16
e8d5b97979a3692a2b9ea163332c75600158f89a,2213.28
b62e362d3945e86725c817101332b66277aff9e4,1859.56
eb2957a8b3e8c12649c5b83872a238dd74e68dec,2238.46
a62f7317a353031ec7229397b40dbdf330524b3c,2171.68
d71b0a7441cc48d1aba41f854c25db933ec882ed,2757.82
674d184d3265f0edd12ce284fdc8f13247163354,2935.91
a4d451f3d0e200359f965067f9a2ff6eda8b1726,1780.26
b1bac8c00c64e86ae8d5456d2a49f45adb64c0c8,1865.60
f2128717794737bb644e6e186de50b109d2c7349,2530.32
b02837b6c77b94799c055f8fa446fb770bfb49f1,2208.46
ed4eb9bd2526035029b0ecf210b063c7f86b6915,1744.66
fb6afae74e9ad5b4303dbfa29b34ea09ce789bc7,1787.54
2594e0762ffbe5fc48dc2abc0a93d37692520fd4,1843.68
bbb56af69148faab7318a99b145c47f2ef2e995c,2791.35
b02837b6c77b94799c055f8fa446fb770bfb49f1,2191.50
76ea7b3e3ed22f08a1340c0a29e4f612fbb8f99b,1802.03
efdaba7c0e605b48fd4a36f2ad7d86e57bc2651b,2380.48
2cc74b6f926ce800674b49fc0628fddd4b780b4f,2825.07
fa61c69511d2e5b30106dd0515bdee67e6bbbb03,1782.06
3b97e9616b96c80b8211a2fb7358c350b491c76e,1785.91
ed4eb9bd2526035029b0ecf210b063c7f86b6915,1773.27
cb8d641965987b6e5ae9bfed952a2ffccab755d7,2155.22
ff69df4c9374d2f450fb73ddeb1b1447735e47b2,2537.19
ff69df4c9374d2f450fb73ddeb1b1447735e47b2,2482.94
e8d5b97979a3692a2b9ea163332c75600158f89a,2206.95
b1bac8c00c64e86ae8d5456d2a49f45adb64c0c8,1858.48
ff69df4c9374d2f450fb73ddeb1b1447735e47b2,2426.09
f241ab986664fbf1c38508d5890a9f754511aff2,1825.05
e92e5060d8a61c90fc610148b445f5baf3dc7f9a,2259.47
ff69df4c9374d2f450fb73ddeb1b1447735e47b2,2486.25
71b7ce59d7e505268dc39bf006fa0c2faf64b4f7,2247.77
b3bf673c73b5603b833228996d200f2d66a1e1d8,2775.99
82864b246c0005cc66a50daede3568f930504030,2187.21
f241ab986664fbf1c38508d5890a9f754511aff2,1833.42
0a21bdceba27bed7f3a7ab316fcc5998e4a359d5,2456.89
71f963ea3a78746fc2a3ba80b2843254b35c211a,2257.04
acafbcf3cb71ea0a04188c8f6257e3d395fa7c36,2443.81
fa61c69511d2e5b30106dd0515bdee67e6bbbb03,1789.04
f241ab986664fbf1c38508d5890a9f754511aff2,1805.42
9a059f4be554afaf791ddeb4a2fb7ebba0d6c9cb,1751.55
6b20f6e3d158d1ce3147c4e9306d9b485e083bf4,2273.14
db7a072fd3ebf0c9fc9da986d9893447507cbd22,2807.81
ce551fd050b668bf1a6f39e6b12fdad9f8619468,2811.95
d71b0a7441cc48d1aba41f854c25db933ec882ed,2799.53
bbb56af69148faab7318a99b145c47f2ef2e995c,2801.37
d71b0a7441cc48d1aba41f854c25db933ec882ed,2775.82
3941022e5c710392c6bd9f0fe8cce69f9caa08ef,2186.91
d71b0a7441cc48d1aba41f854c25db933ec882ed,2934.62
d551b3eb68244702ebbc2eb1b72d1d5882a7c066,1815.08
62d042af16ded2608229e19a9bc1bf86c6de827f,2441.47
3b97e9616b96c80b8211a2fb7358c350b491c76e,1772.65
2e72020e94bef3e74633077b6d20fc7e486b9efb,2245.16
76ea7b3e3ed22f08a1340c0a29e4f612fbb8f99b,1777.95
3cc6dd0efc570458fe0ca4a0ab6805e9cf212c7e,2554.97
71b7ce59d7e505268dc39bf006fa0c2faf64b4f7,2265.53
ed4eb9bd2526035029b0ecf210b063c7f86b6915,1757.19
bd92bcac75e521176f9cfd501fd4d8fb4c87d325,2824.29
967306fbd12dca9d465f3f1c47fbcad6cfe7531a,1788.37
ff69df4c9374d2f450fb73ddeb1b1447735e47b2,2476.31
9a059f4be554afaf791ddeb4a2fb7ebba0d6c9cb,1764.47
bdb55f0e1a268ed9e26fd1ea9e893d77302d2131,2398.18
fa61c69511d2e5b30106dd0515bdee67e6bbbb03,1758.09
bdb55f0e1a268ed9e26fd1ea9e893d77302d2131,2432.14
2f48c6596b68eefd329f9604a46c70c442370c67,1774.27
3ec4a5d9f911718e0b6c3f2091537aa87a51c767,2770.78
408a2357aee6495c8f502a49711d9c97078847cc,2814.76
bd92bcac75e521176f9cfd501fd4d8fb4c87d325,2790.58
b62e362d3945e86725c817101332b66277aff9e4,1830.17
070887196158c084e39eb7499111f1e0d513ec38,1755.83
9844d209332df5ffd6894fdc9a89436278ec7edd,2480.13
6b20f6e3d158d1ce3147c4e9306d9b485e083bf4,2176.55
6b20f6e3d158d1ce3147c4e9306d9b485e083bf4,2300.65
71b7ce59d7e505268dc39bf006fa0c2faf64b4f7,2228.65
582aaa0d725a161e3f993acfa8ab2d73a6563303,2246.78
14181e72088aba6f525559efa7c00159834a22a7,1820.99
b236a85d978248eb7b00dc00405c610531e11b4d,2827.93
b236a85d978248eb7b00dc00405c610531e11b4d,2756.93
d551b3eb68244702ebbc2eb1b72d1d5882a7c066,1833.87
c30b97c595a2997b8a70083f21fa07c1a3ba0003,1734.58
cb8d641965987b6e5ae9bfed952a2ffccab755d7,2254.01
05f08bb64db2b5feec2b35d05fd13cec6f211ef3,1811.60
dedf6ab9ddd71d0784d41c70a9178d134a4a38a9,2200.16
bd92bcac75e521176f9cfd501fd4d8fb4c87d325,2898.62
a62f7317a353031ec7229397b40dbdf330524b3c,2244.87
070887196158c084e39eb7499111f1e0d513ec38,1756.26
e8d5b97979a3692a2b9ea163332c75600158f89a,2314.31
81cf92be7ccc87ed85d3bd3a94658396c179e6a2,1766.86
342e6a0db5768642e8d3dd1c212384e0020403f7,2179.72
ac4edeb4f74741c8537d8df66c9c33e55a5d9e4f,2831.70
c30b97c595a2997b8a70083f21fa07c1a3ba0003,1773.34
62d042af16ded2608229e19a9bc1bf86c6de827f,2419.04
cb8d641965987b6e5ae9bfed952a2ffccab755d7,2206.29
b3bf673c73b5603b833228996d200f2d66a1e1d8,2802.97
efdaba7c0e605b48fd4a36f2ad7d86e57bc2651b,2564.90
bd155b859e8ea19e0a2b15bcfe21032237e867b4,1796.43
35a41811a0b81b289f627b239ef9f568929281e3,2254.74
a62f7317a353031ec7229397b40dbdf330524b3c,2295.51
a4d451f3d0e200359f965067f9a2ff6eda8b1726,1778.38
3941022e5c710392c6bd9f0fe8cce69f9caa08ef,2226.31
2e72020e94bef3e74633077b6d20fc7e486b9efb,2185.35
1d597768bfb1c4ece19b168a1f6083cb4ff55b32,1762.43
cf8822103dfc12c93b459518cc72e92cd6cab51b,1758.87
674d184d3265f0edd12ce284fdc8f13247163354,2756.44
fb6afae74e9ad5b4303dbfa29b34ea09ce789bc7,1781.38
69617205f80df06acf2adb38fd8a19f3724b6845,2207.47
93952695ed0f56bee161acef89dbee7e78914c9a,2773.72
b1bac8c00c64e86ae8d5456d2a49f45adb64c0c8,1827.24
582aaa0d725a161e3f993acfa8ab2d73a6563303,2217.27
f241ab986664fbf1c38508d5890a9f754511aff2,1831.80
893706ad9b7310b84b02077e93bb311f1029407f,1814.82
9d3f82c22bbe23679584ba9f97303fd8bac19ef7,2747.24
b60c480804bb00b8e2ab5821d30f93fd1a07f063,1806.25
d551b3eb68244702ebbc2eb1b72d1d5882a7c066,1895.82
e92e5060d8a61c90fc610148b445f5baf3dc7f9a,2234.61
bd155b859e8ea19e0a2b15bcfe21032237e867b4,1777.80
b5c774d54fa9b76e9a34dd9497f4ede5495e40a7,2778.34
6b20f6e3d158d1ce3147c4e9306d9b485e083bf4,2205.69
836350e06d46766ad8d2c7e05b14e28519b2d04a,2406.63
05f08bb64db2b5feec2b35d05fd13cec6f211ef3,1819.07
b29ba3548abc265300434a19e6c13b61e5834f7f,2375.98
3cc6dd0efc570458fe0ca4a0ab6805e9cf212c7e,2476.13
b62e362d3945e86725c817101332b66277aff9e4,1839.70
63ed60b84cbd23672569926b7fb191ded5af34d3,1749.05
76ea7b3e3ed22f08a1340c0a29e4f612fbb8f99b,1758.36
eb2957a8b3e8c12649c5b83872a238dd74e68dec,2151.29
bd155b859e8ea19e0a2b15bcfe21032237e867b4,1792.53
2a73678bf321b1bde0feae328fb378e11f011abd,1771.55
a62f7317a353031ec7229397b40dbdf330524b3c,2195.42
342e6a0db5768642e8d3dd1c212384e0020403f7,2158.71
acafbcf3cb71ea0a04188c8f6257e3d395fa7c36,2405.52
8363915bb7f282fb76c712c310fca4fac5b636a4,1774.66
b1bac8c00c64e86ae8d5456d2a49f45adb64c0c8,1851.96
71f963ea3a78746fc2a3ba80b2843254b35c211a,2259.85
82864b246c0005cc66a50daede3568f930504030,2272.40
f241ab986664fbf1c38508d5890a9f754511aff2,1821.14
b29ba3548abc265300434a19e6c13b61e5834f7f,2414.62
35a41811a0b81b289f627b239ef9f568929281e3,2154.97
f241ab986664fbf1c38508d5890a9f754511aff2,1810.58
bd155b859e8ea19e0a2b15bcfe21032237e867b4,1805.16
1d0a59796e487f6bcd5e3ba5632cd233ca26229d,1818.18
342e6a0db5768642e8d3dd1c212384e0020403f7,2205.69
b02837b6c77b94799c055f8fa446fb770bfb49f1,2205.43
dedf6ab9ddd71d0784d41c70a9178d134a4a38a9,2219.48
c30b97c595a2997b8a70083f21fa07c1a3ba0003,1773.03
cc90f726cd721ad2c19cbd27997482a5f9b8a7ae,2491.75
408a2357aee6495c8f502a49711d9c97078847cc,2761.37
7017b6ef5232f38b69d23e0cb9cb872e84d7fc17,2392.98
9d3f82c22bbe23679584ba9f97303fd8bac19ef7,2765.06
a4d451f3d0e200359f965067f9a2ff6eda8b1726,1783.90
5340d4b7e6e8e3dbf51952c060a67ff3a140bdc6,2860.87
93952695ed0f56bee161acef89dbee7e78914c9a,2822.33
2a7918cc48d6625c303ee9d037613b8125bcc346,1886.05
1d597768bfb1c4ece19b168a1f6083cb4ff55b32,1777.50
a62f7317a353031ec7229397b40dbdf330524b3c,2195.30
3b97e9616b96c80b8211a2fb7358c350b491c76e,1747.28
0a21bdceba27bed7f3a7ab316fcc5998e4a359d5,2405.51
bdb55f0e1a268ed9e26fd1ea9e893d77302d2131,2393.69
b29ba3548abc265300434a19e6c13b61e5834f7f,2418.12
b60c480804bb00b8e2ab5821d30f93fd1a07f063,1788.70
f2128717794737bb644e6e186de50b109d2c7349,2448.20
76ea7b3e3ed22f08a1340c0a29e4f612fbb8f99b,1759.17
408a2357aee6495c8f502a49711d9c97078847cc,2826.37
503ca72b57d603083ec3c2319fb593bc410a722a,1802.71
836350e06d46766ad8d2c7e05b14e28519b2d04a,2364.74
582aaa0d725a161e3f993acfa8ab2d73a6563303,2208.17
408a2357aee6495c8f502a49711d9c97078847cc,2894.98
93952695ed0f56bee161acef89dbee7e78914c9a,2740.88
9a059f4be554afaf791ddeb4a2fb7ebba0d6c9cb,1757.58
b0934637750ed6ddd91bf344842c8c5aad1fb70f,2245.43
d551b3eb68244702ebbc2eb1b72d1d5882a7c066,1844.23
82864b246c0005cc66a50daede3568f930504030,2220.33
967306fbd12dca9d465f3f1c47fbcad6cfe7531a,1776.97
b0934637750ed6ddd91bf344842c8c5aad1fb70f,2309.06
abd967603ef43c481a41618cbd75c02fd523dd4b,2785.78
b02837b6c77b94799c055f8fa446fb770bfb49f1,2209.81
b236a85d978248eb7b00dc00405c610531e11b4d,2777.45
f2128717794737bb644e6e186de50b109d2c7349,2502.13
b3bf673c73b5603b833228996d200f2d66a1e1d8,2809.17
eb2957a8b3e8c12649c5b83872a238dd74e68dec,2181.11
ac4edeb4f74741c8537d8df66c9c33e55a5d9e4f,2876.86
62d042af16ded2608229e19a9bc1bf86c6de827f,2413.75
5909b8f5678f9093d5a23505fab1b4d46e12281a,2225.37
408a2357aee6495c8f502a49711d9c97078847cc,2804.66
6bdfd486a2e36f715f9b0ff624f6d7740f5c2bc9,2287.82
f2128717794737bb644e6e186de50b109d2c7349,2410.65
f2128717794737bb644e6e186de50b109d2c7349,2444.69
893706ad9b7310b84b02077e93bb311f1029407f,1747.73
967306fbd12dca9d465f3f1c47fbcad6cfe7531a,1814.15
acafbcf3cb71ea0a04188c8f6257e3d395fa7c36,2455.97
967306fbd12dca9d465f3f1c47fbcad6cfe7531a,1799.00
f939ccf9c28bdf73a5fbc13f00906cef5c70d1db,2457.53
2cc74b6f926ce800674b49fc0628fddd4b780b4f,2774.52
b1bac8c00c64e86ae8d5456d2a49f45adb64c0c8,1839.18
6bdfd486a2e36f715f9b0ff624f6d7740f5c2bc9,2265.08
db7a072fd3ebf0c9fc9da986d9893447507cbd22,2875.48
070887196158c084e39eb7499111f1e0d513ec38,1748.52
d90a819076f01163ee6ef816a163f90af72090de,2221.69
2a73678bf321b1bde0feae328fb378e11f011abd,1726.11
eb2957a8b3e8c12649c5b83872a238dd74e68dec,2211.49
3b97e9616b96c80b8211a2fb7358c350b491c76e,1769.50
2c290436e25a69c66621c8b97eccec75b9e3ec63,2389.10
db7a072fd3ebf0c9fc9da986d9893447507cbd22,2864.56
bcbac427ff4bca1748f8eb5125a23d4c739b75e9,2516.37
1841811422d1f46d8efae5dfdcf7c8ed0f1643f8,1760.15
1d597768bfb1c4ece19b168a1f6083cb4ff55b32,1757.23
1841811422d1f46d8efae5dfdcf7c8ed0f1643f8,1772.91
b02837b6c77b94799c055f8fa446fb770bfb49f1,2261.65
acafbcf3cb71ea0a04188c8f6257e3d395fa7c36,2452.52
e8d5b97979a3692a2b9ea163332c75600158f89a,2290.10
bcbac427ff4bca1748f8eb5125a23d4c739b75e9,2505.67
b1bac8c00c64e86ae8d5456d2a49f45adb64c0c8,1817.17
eeae0ff3bf4c34565d422ede2b4aee8e6ab3656c,2461.77
615b9592ffe8e65b4e461f7727081995931154ce,2282.11
de2bfde155891ecbba3ad6065f2145bca6b29e4a,2438.19
c42f4c37b694c43fb1894c9506c561abf0d19968,2284.31
674d184d3265f0edd12ce284fdc8f13247163354,2773.62
acafbcf3cb71ea0a04188c8f6257e3d395fa7c36,2366.18
d71b0a7441cc48d1aba41f854c25db933ec882ed,2782.52
bbb56af69148faab7318a99b145c47f2ef2e995c,2759.75
b02837b6c77b94799c055f8fa446fb770bfb49f1,2252.68
93952695ed0f56bee161acef89dbee7e78914c9a,2780.95
c42f4c37b694c43fb1894c9506c561abf0d19968,2267.43
f241ab986664fbf1c38508d5890a9f754511aff2,1821.82
b0934637750ed6ddd91bf344842c8c5aad1fb70f,2251.54
7017b6ef5232f38b69d23e0cb9cb872e84d7fc17,2471.88
1841811422d1f46d8efae5dfdcf7c8ed0f1643f8,1769.73
1d0a59796e487f6bcd5e3ba5632cd233ca26229d,1910.52
5340d4b7e6e8e3dbf51952c060a67ff3a140bdc6,2755.27
5909b8f5678f9093d5a23505fab1b4d46e12281a,2215.80
6b20f6e3d158d1ce3147c4e9306d9b485e083bf4,2160.19
2a73678bf321b1bde0feae328fb378e11f011abd,1764.90
6bdfd486a2e36f715f9b0ff624f6d7740f5c2bc9,2195.51
5909b8f5678f9093d5a23505fab1b4d46e12281a,2238.75
14181e72088aba6f525559efa7c00159834a22a7,1783.01
42dbaa00c553d202e550e6086ce4f17e8aaac064,1779.07
05f08bb64db2b5feec2b35d05fd13cec6f211ef3,1889.67
abd967603ef43c481a41618cbd75c02fd523dd4b,2817.97
eeae0ff3bf4c34565d422ede2b4aee8e6ab3656c,2471.64
2cc74b6f926ce800674b49fc0628fddd4b780b4f,2860.91
62d042af16ded2608229e19a9bc1bf86c6de827f,2488.99
503ca72b57d603083ec3c2319fb593bc410a722a,1762.26
7017b6ef5232f38b69d23e0cb9cb872e84d7fc17,2400.40
2a7918cc48d6625c303ee9d037613b8125bcc346,1836.63
bcbac427ff4bca1748f8eb5125a23d4c739b75e9,2398.20
ac4edeb4f74741c8537d8df66c9c33e55a5d9e4f,2820.32
2f48c6596b68eefd329f9604a46c70c442370c67,1769.05
b236a85d978248eb7b00dc00405c610531e11b4d,2788.03
db7a072fd3ebf0c9fc9da986d9893447507cbd22,2772.55
3941022e5c710392c6bd9f0fe8cce69f9caa08ef,2240.41
0a21bdceba27bed7f3a7ab316fcc5998e4a359d5,2309.04
a62f7317a353031ec7229397b40dbdf330524b3c,2265.14
9844d209332df5ffd6894fdc9a89436278ec7edd,2488.50
9d3f82c22bbe23679584ba9f97303fd8bac19ef7,2787.62
1d0a59796e487f6bcd5e3ba5632cd233ca26229d,1835.55
42dbaa00c553d202e550e6086ce4f17e8aaac064,1771.55
69617205f80df06acf2adb38fd8a19f3724b6845,2175.58
bcbac427ff4bca1748f8eb5125a23d4c739b75e9,2462.52
d9c3b1de2bc446177dd3555509395e1cfff0ed38,2469.07
42dbaa00c553d202e550e6086ce4f17e8aaac064,1762.36
de2bfde155891ecbba3ad6065f2145bca6b29e4a,2462.80
342e6a0db5768642e8d3dd1c212384e0020403f7,2229.47
d71b0a7441cc48d1aba41f854c25db933ec882ed,2735.42
d551b3eb68244702ebbc2eb1b72d1d5882a7c066,1809.55
2594e0762ffbe5fc48dc2abc0a93d37692520fd4,1860.45
b5c774d54fa9b76e9a34dd9497f4ede5495e40a7,2890.32
dedf6ab9ddd71d0784d41c70a9178d134a4a38a9,2269.13
3cc6dd0efc570458fe0ca4a0ab6805e9cf212c7e,2460.86
836350e06d46766ad8d2c7e05b14e28519b2d04a,2397.46
eeae0ff3bf4c34565d422ede2b4aee8e6ab3656c,2536.49
82864b246c0005cc66a50daede3568f930504030,2199.16
9844d209332df5ffd6894fdc9a89436278ec7edd,2529.89
0a21bdceba27bed7f3a7ab316fcc5998e4a359d5,2404.53
6d24910a454a95db3aa8c00ad9436a1f21aaa514,2819.86
e92e5060d8a61c90fc610148b445f5baf3dc7f9a,2284.52
5340d4b7e6e8e3dbf51952c060a67ff3a140bdc6,2777.98
d9c3b1de2bc446177dd3555509395e1cfff0ed38,2409.70
93952695ed0f56bee161acef89dbee7e78914c9a,2814.93
d551b3eb68244702ebbc2eb1b72d1d5882a7c066,1812.34
bdb55f0e1a268ed9e26fd1ea9e893d77302d2131,2474.02
62d042af16ded2608229e19a9bc1bf86c6de827f,2505.22
9a059f4be554afaf791ddeb4a2fb7ebba0d6c9cb,1780.16
2f48c6596b68eefd329f9604a46c70c442370c67,1739.12
2a7918cc48d6625c303ee9d037613b8125bcc346,1889.92
6d24910a454a95db3aa8c00ad9436a1f21aaa514,2798.94
342e6a0db5768642e8d3dd1c212384e0020403f7,2155.68
2cc74b6f926ce800674b49fc0628fddd4b780b4f,2828.61
d9c3b1de2bc446177dd3555509395e1cfff0ed38,2463.63
f241ab986664fbf1c38508d5890a9f754511aff2,1831.41
e92e5060d8a61c90fc610148b445f5baf3dc7f9a,2218.00
6d24910a454a95db3aa8c00ad9436a1f21aaa514,2766.76
5340d4b7e6e8e3dbf51952c060a67ff3a140bdc6,2775.61
69617205f80df06acf2adb38fd8a19f3724b6845,2207.65
bcbac427ff4bca1748f8eb5125a23d4c739b75e9,2469.04
6b20f6e3d158d1ce3147c4e9306d9b485e083bf4,2199.21
82864b246c0005cc66a50daede3568f930504030,2213.14
d71b0a7441cc48d1aba41f854c25db933ec882ed,2730.19
1d597768bfb1c4ece19b168a1f6083cb4ff55b32,1764.42
c30b97c595a2997b8a70083f21fa07c1a3ba0003,1760.42
e92e5060d8a61c90fc610148b445f5baf3dc7f9a,2294.69
2e72020e94bef3e74633077b6d20fc7e486b9efb,2187.37
6d24910a454a95db3aa8c00ad9436a1f21aaa514,2787.85
de2bfde155891ecbba3ad6065f2145bca6b29e4a,2368.04
93952695ed0f56bee161acef89dbee7e78914c9a,2792.39
fa61c69511d2e5b30106dd0515bdee67e6bbbb03,1835.78
3ec4a5d9f911718e0b6c3f2091537aa87a51c767,2885.85
bd92bcac75e521176f9cfd501fd4d8fb4c87d325,2762.60
967306fbd12dca9d465f3f1c47fbcad6cfe7531a,1762.50
3cc6dd0efc570458fe0ca4a0ab6805e9cf212c7e,2395.42
d551b3eb68244702ebbc2eb1b72d1d5882a7c066,1868.42
c30b97c595a2997b8a70083f21fa07c1a3ba0003,1760.19
503ca72b57d603083ec3c2319fb593bc410a722a,1769.52
76ea7b3e3ed22f08a1340c0a29e4f612fbb8f99b,1733.91
d551b3eb68244702ebbc2eb1b72d1d5882a7c066,1810.30
c4bf5ba304aa1bcdb8ddd5f853ab18c9edd3be5b,2383.70
b02837b6c77b94799c055f8fa446fb770bfb49f1,2186.31
2cc74b6f926ce800674b49fc0628fddd4b780b4f,2809.76
615b9592ffe8e65b4e461f7727081995931154ce,2210.62
a62f7317a353031ec7229397b40dbdf330524b3c,2212.67
674d184d3265f0edd12ce284fdc8f13247163354,2814.89
b5c774d54fa9b76e9a34dd9497f4ede5495e40a7,2818.82
6d24910a454a95db3aa8c00ad9436a1f21aaa514,2744.64
c30b97c595a2997b8a70083f21fa07c1a3ba0003,1729.21
b29ba3548abc265300434a19e6c13b61e5834f7f,2440.66
b3bf673c73b5603b833228996d200f2d66a1e1d8,2783.25
2a73678bf321b1bde0feae328fb378e11f011abd,1817.09
57338a3c92513cb917f98d62156d0e764ea75e7d,2397.32
408a2357aee6495c8f502a49711d9c97078847cc,2864.17
8363915bb7f282fb76c712c310fca4fac5b636a4,1750.21
e17d2a83deb3a4918fe9792e84b98a86a121e84f,2459.33
ac4edeb4f74741c8537d8df66c9c33e55a5d9e4f,2779.11
c42f4c37b694c43fb1894c9506c561abf0d19968,2256.55
342e6a0db5768642e8d3dd1c212384e0020403f7,2248.35
db7a072fd3ebf0c9fc9da986d9893447507cbd22,2871.33
582aaa0d725a161e3f993acfa8ab2d73a6563303,2246.40
6bdfd486a2e36f715f9b0ff624f6d7740f5c2bc9,2200.18
bd155b859e8ea19e0a2b15bcfe21032237e867b4,1788.06
42dbaa00c553d202e550e6086ce4f17e8aaac064,1819.59
5340d4b7e6e8e3dbf51952c060a67ff3a140bdc6,2742.58
a62f7317a353031ec7229397b40dbdf330524b3c,2198.45
1a8fba6c82615c5d0aed3c472a2670b1f41a7029,2384.75
1a8fba6c82615c5d0aed3c472a2670b1f41a7029,2497.90
674d184d3265f0edd12ce284fdc8f13247163354,2895.21
5909b8f5678f9093d5a23505fab1b4d46e12281a,2208.68
ff69df4c9374d2f450fb73ddeb1b1447735e47b2,2516.89
5340d4b7e6e8e3dbf51952c060a67ff3a140bdc6,2777.13
d9c3b1de2bc446177dd3555509395e1cfff0ed38,2594.81
e8d5b97979a3692a2b9ea163332c75600158f89a,2260.50
57338a3c92513cb917f98d62156d0e764ea75e7d,2395.38
e738926eeb9f295afe379870b37e24a74c784e12,2551.26
d71b0a7441cc48d1aba41f854c25db933ec882ed,2825.13
2c290436e25a69c66621c8b97eccec75b9e3ec63,2361.49
ac4edeb4f74741c8537d8df66c9c33e55a5d9e4f,2790.53
615b9592ffe8e65b4e461f7727081995931154ce,2199.67
1d0a59796e487f6bcd5e3ba5632cd233ca26229d,1854.90
8363915bb7f282fb76c712c310fca4fac5b636a4,1771.74
5340d4b7e6e8e3dbf51952c060a67ff3a140bdc6,2824.74
b1bac8c00c64e86ae8d5456d2a49f45adb64c0c8,1827.34
6d24910a454a95db3aa8c00ad9436a1f21aaa514,2805.95
3ec4a5d9f911718e0b6c3f2091537aa87a51c767,2748.06
836350e06d46766ad8d2c7e05b14e28519b2d04a,2362.56
1a8fba6c82615c5d0aed3c472a2670b1f41a7029,2411.73
a4d451f3d0e200359f965067f9a2ff6eda8b1726,1818.53
9a059f4be554afaf791ddeb4a2fb7ebba0d6c9cb,1752.26
f241ab986664fbf1c38508d5890a9f754511aff2,1806.61
e17d2a83deb3a4918fe9792e84b98a86a121e84f,2496.12
cb8d641965987b6e5ae9bfed952a2ffccab755d7,2209.91
ac4edeb4f74741c8537d8df66c9c33e55a5d9e4f,2725.51
2e72020e94bef3e74633077b6d20fc7e486b9efb,2249.39
b5c774d54fa9b76e9a34dd9497f4ede5495e40a7,2890.14
ac4edeb4f74741c8537d8df66c9c33e55a5d9e4f,2851.27
1a8fba6c82615c5d0aed3c472a2670b1f41a7029,2419.38
e92e5060d8a61c90fc610148b445f5baf3dc7f9a,2191.92
cf8822103dfc12c93b459518cc72e92cd6cab51b,1809.03
c42f4c37b694c43fb1894c9506c561abf0d19968,2249.12
35a41811a0b81b289f627b239ef9f568929281e3,2172.13
503ca72b57d603083ec3c2319fb593bc410a722a,1808.96
eb2957a8b3e8c12649c5b83872a238dd74e68dec,2198.84
e8d5b97979a3692a2b9ea163332c75600158f89a,2197.03
6d24910a454a95db3aa8c00ad9436a1f21aaa514,2770.23
2594e0762ffbe5fc48dc2abc0a93d37692520fd4,1850.64
69617205f80df06acf2adb38fd8a19f3724b6845,2208.82
e17d2a83deb3a4918fe9792e84b98a86a121e84f,2446.78
71f963ea3a78746fc2a3ba80b2843254b35c211a,2174.49
893706ad9b7310b84b02077e93bb311f1029407f,1765.01
c30b97c595a2997b8a70083f21fa07c1a3ba0003,1822.39
6a19564ba328d5dd866d82cac25ad95b7082a7c5,1848.61
db7a072fd3ebf0c9fc9da986d9893447507cbd22,2802.29
2a73678bf321b1bde0feae328fb378e11f011abd,1747.45
f2128717794737bb644e6e186de50b109d2c7349,2469.49
d90a819076f01163ee6ef816a163f90af72090de,2240.31
674d184d3265f0edd12ce284fdc8f13247163354,2807.57
ce551fd050b668bf1a6f39e6b12fdad9f8619468,2789.50
2cc74b6f926ce800674b49fc0628fddd4b780b4f,2822.84
b0934637750ed6ddd91bf344842c8c5aad1fb70f,2217.06
b60c480804bb00b8e2ab5821d30f93fd1a07f063,1773.81
9a059f4be554afaf791ddeb4a2fb7ebba0d6c9cb,1758.56
76ea7b3e3ed22f08a1340c0a29e4f612fbb8f99b,1797.44
1d597768bfb1c4ece19b168a1f6083cb4ff55b32,1865.47
62d042af16ded2608229e19a9bc1bf86c6de827f,2484.34
2cc74b6f926ce800674b49fc0628fddd4b780b4f,2870.68
9d3f82c22bbe23679584ba9f97303fd8bac19ef7,2822.27
3941022e5c710392c6bd9f0fe8cce69f9caa08ef,2295.41
3941022e5c710392c6bd9f0fe8cce69f9caa08ef,2203.18
bdb55f0e1a268ed9e26fd1ea9e893d77302d2131,2422.43
b60c480804bb00b8e2ab5821d30f93fd1a07f063,1798.01
408a2357aee6495c8f502a49711d9c97078847cc,2828.58
674d184d3265f0edd12ce284fdc8f13247163354,2806.59
dedf6ab9ddd71d0784d41c70a9178d134a4a38a9,2233.36
f2128717794737bb644e6e186de50b109d2c7349,2487.18
6bdfd486a2e36f715f9b0ff624f6d7740f5c2bc9,2207.54
93952695ed0f56bee161acef89dbee7e78914c9a,2758.14
42dbaa00c553d202e550e6086ce4f17e8aaac064,1747.01
f2128717794737bb644e6e186de50b109d2c7349,2394.51
62d042af16ded2608229e19a9bc1bf86c6de827f,2351.19
71f963ea3a78746fc2a3ba80b2843254b35c211a,2205.42
69617205f80df06acf2adb38fd8a19f3724b6845,2205.79
070887196158c084e39eb7499111f1e0d513ec38,1776.27
f2128717794737bb644e6e186de50b109d2c7349,2474.87
503ca72b57d603083ec3c2319fb593bc410a722a,1779.08
cf8822103dfc12c93b459518cc72e92cd6cab51b,1732.48
57338a3c92513cb917f98d62156d0e764ea75e7d,2503.99
5909b8f5678f9093d5a23505fab1b4d46e12281a,2185.36
b0934637750ed6ddd91bf344842c8c5aad1fb70f,2241.53
9d3f82c22bbe23679584ba9f97303fd8bac19ef7,2784.14
14181e72088aba6f525559efa7c00159834a22a7,1755.47
bbb56af69148faab7318a99b145c47f2ef2e995c,2785.51
342e6a0db5768642e8d3dd1c212384e0020403f7,2184.90
2e72020e94bef3e74633077b6d20fc7e486b9efb,2235.32
d9c3b1de2bc446177dd3555509395e1cfff0ed38,2379.39
c4bf5ba304aa1bcdb8ddd5f853ab18c9edd3be5b,2359.73
fb6afae74e9ad5b4303dbfa29b34ea09ce789bc7,1783.91
c30b97c595a2997b8a70083f21fa07c1a3ba0003,1764.40
eb2957a8b3e8c12649c5b83872a238dd74e68dec,2189.56
9d3f82c22bbe23679584ba9f97303fd8bac19ef7,2749.39
31ad0686f949f4a772b3b843403d8e221d7ef57c,1824.20
71f963ea3a78746fc2a3ba80b2843254b35c211a,2195.56
b0934637750ed6ddd91bf344842c8c5aad1fb70f,2278.01
14181e72088aba6f525559efa7c00159834a22a7,1817.36
05f08bb64db2b5feec2b35d05fd13cec6f211ef3,1858.06
bd155b859e8ea19e0a2b15bcfe21032237e867b4,1765.99
3b97e9616b96c80b8211a2fb7358c350b491c76e,1754.29
5340d4b7e6e8e3dbf51952c060a67ff3a140bdc6,2776.85
57338a3c92513cb917f98d62156d0e764ea75e7d,2376.93
ce551fd050b668bf1a6f39e6b12fdad9f8619468,2755.91
71b7ce59d7e505268dc39bf006fa0c2faf64b4f7,2242.30
342e6a0db5768642e8d3dd1c212384e0020403f7,2164.08
e92e5060d8a61c90fc610148b445f5baf3dc7f9a,2279.25
893706ad9b7310b84b02077e93bb311f1029407f,1762.93
1841811422d1f46d8efae5dfdcf7c8ed0f1643f8,1729.96
e17d2a83deb3a4918fe9792e84b98a86a121e84f,2397.60
408a2357aee6495c8f502a49711d9c97078847cc,2799.93
bd155b859e8ea19e0a2b15bcfe21032237e867b4,1777.61
de2bfde155891ecbba3ad6065f2145bca6b29e4a,2505.81
2c290436e25a69c66621c8b97eccec75b9e3ec63,2456.53
d551b3eb68244702ebbc2eb1b72d1d5882a7c066,1840.44
b29ba3548abc265300434a19e6c13b61e5834f7f,2403.43
9a059f4be554afaf791ddeb4a2fb7ebba0d6c9cb,1751.19
1d597768bfb1c4ece19b168a1f6083cb4ff55b32,1735.50
f939ccf9c28bdf73a5fbc13f00906cef5c70d1db,2410.93
1d0a59796e487f6bcd5e3ba5632cd233ca26229d,1870.01
5909b8f5678f9093d5a23505fab1b4d46e12281a,2189.16
82864b246c0005cc66a50daede3568f930504030,2201.82
ff69df4c9374d2f450fb73ddeb1b1447735e47b2,2375.33
ce551fd050b668bf1a6f39e6b12fdad9f8619468,2838.25
f241ab986664fbf1c38508d5890a9f754511aff2,1879.32
63ed60b84cbd23672569926b7fb191ded5af34d3,1792.72
6a19564ba328d5dd866d82cac25ad95b7082a7c5,1836.01
db7a072fd3ebf0c9fc9da986d9893447507cbd22,2820.89
582aaa0d725a161e3f993acfa8ab2d73a6563303,2196.11
ac4edeb4f74741c8537d8df66c9c33e55a5d9e4f,2814.22
05f08bb64db2b5feec2b35d05fd13cec6f211ef3,1800.93
1841811422d1f46d8efae5dfdcf7c8ed0f1643f8,1740.95
d551b3eb68244702ebbc2eb1b72d1d5882a7c066,1837.08
eb2957a8b3e8c12649c5b83872a238dd74e68dec,2260.20
1841811422d1f46d8efae5dfdcf7c8ed0f1643f8,1746.03
82864b246c0005cc66a50daede3568f930504030,2222.51
2e72020e94bef3e74633077b6d20fc7e486b9efb,2186.71
76ea7b3e3ed22f08a1340c0a29e4f612fbb8f99b,1785.95
b5c774d54fa9b76e9a34dd9497f4ede5495e40a7,2841.94
bd155b859e8ea19e0a2b15bcfe21032237e867b4,1758.99
836350e06d46766ad8d2c7e05b14e28519b2d04a,2379.47
503ca72b57d603083ec3c2319fb593bc410a722a,1793.77
bbb56af69148faab7318a99b145c47f2ef2e995c,2773.99
6a19564ba328d5dd866d82cac25ad95b7082a7c5,1849.42
3b97e9616b96c80b8211a2fb7358c350b491c76e,1775.62
967306fbd12dca9d465f3f1c47fbcad6cfe7531a,1757.70
a4d451f3d0e200359f965067f9a2ff6eda8b1726,1756.81
bcbac427ff4bca1748f8eb5125a23d4c739b75e9,2538.48
bdb55f0e1a268ed9e26fd1ea9e893d77302d2131,2401.95
f939ccf9c28bdf73a5fbc13f00906cef5c70d1db,2453.48
efdaba7c0e605b48fd4a36f2ad7d86e57bc2651b,2475.03
7017b6ef5232f38b69d23e0cb9cb872e84d7fc17,2455.58
c42f4c37b694c43fb1894c9506c561abf0d19968,2271.55
81cf92be7ccc87ed85d3bd3a94658396c179e6a2,1770.36
57338a3c92513cb917f98d62156d0e764ea75e7d,2417.52
893706ad9b7310b84b02077e93bb311f1029407f,1777.35
5340d4b7e6e8e3dbf51952c060a67ff3a140bdc6,2757.13
acafbcf3cb71ea0a04188c8f6257e3d395fa7c36,2383.64
7017b6ef5232f38b69d23e0cb9cb872e84d7fc17,2412.62
9a059f4be554afaf791ddeb4a2fb7ebba0d6c9cb,1740.74
9d3f82c22bbe23679584ba9f97303fd8bac19ef7,2738.40
c30b97c595a2997b8a70083f21fa07c1a3ba0003,1796.03
2c290436e25a69c66621c8b97eccec75b9e3ec63,2336.50
b60c480804bb00b8e2ab5821d30f93fd1a07f063,1778.77
05f08bb64db2b5feec2b35d05fd13cec6f211ef3,1817.05
b29ba3548abc265300434a19e6c13b61e5834f7f,2409.12
e738926eeb9f295afe379870b37e24a74c784e12,2446.86
b1bac8c00c64e86ae8d5456d2a49f45adb64c0c8,1811.59
615b9592ffe8e65b4e461f7727081995931154ce,2252.21
6a19564ba328d5dd866d82cac25ad95b7082a7c5,1828.25
b236a85d978248eb7b00dc00405c610531e11b4d,2805.58
2a7918cc48d6625c303ee9d037613b8125bcc346,1811.30
0a21bdceba27bed7f3a7ab316fcc5998e4a359d5,2353.16
bd92bcac75e521176f9cfd501fd4d8fb4c87d325,2777.01
9a059f4be554afaf791ddeb4a2fb7ebba0d6c9cb,1799.55
a4d451f3d0e200359f965067f9a2ff6eda8b1726,1804.48
fb6afae74e9ad5b4303dbfa29b34ea09ce789bc7,1793.95
bd155b859e8ea19e0a2b15bcfe21032237e867b4,1830.04
b1bac8c00c64e86ae8d5456d2a49f45adb64c0c8,1808.79
5909b8f5678f9093d5a23505fab1b4d46e12281a,2220.40
b236a85d978248eb7b00dc00405c610531e11b4d,2753.61
615b9592ffe8e65b4e461f7727081995931154ce,2221.24
b02837b6c77b94799c055f8fa446fb770bfb49f1,2231.92
35a41811a0b81b289f627b239ef9f568929281e3,2228.76
d551b3eb68244702ebbc2eb1b72d1d5882a7c066,1825.56
14181e72088aba6f525559efa7c00159834a22a7,1770.71
cc90f726cd721ad2c19cbd27997482a5f9b8a7ae,2447.20
2594e0762ffbe5fc48dc2abc0a93d37692520fd4,1903.57
a62f7317a353031ec7229397b40dbdf330524b3c,2255.28
1d0a59796e487f6bcd5e3ba5632cd233ca26229d,1884.51
6d24910a454a95db3aa8c00ad9436a1f21aaa514,2766.57
c4bf5ba304aa1bcdb8ddd5f853ab18c9edd3be5b,2471.76
b3bf673c73b5603b833228996d200f2d66a1e1d8,2761.27
63ed60b84cbd23672569926b7fb191ded5af34d3,1779.98
6bdfd486a2e36f715f9b0ff624f6d7740f5c2bc9,2208.24
2a7918cc48d6625c303ee9d037613b8125bcc346,1858.54
d551b3eb68244702ebbc2eb1b72d1d5882a7c066,1894.94
582aaa0d725a161e3f993acfa8ab2d73a6563303,2245.68
8363915bb7f282fb76c712c310fca4fac5b636a4,1771.70
ff69df4c9374d2f450fb73ddeb1b1447735e47b2,2392.87
ed4eb9bd2526035029b0ecf210b063c7f86b6915,1722.71
b29ba3548abc265300434a19e6c13b61e5834f7f,2550.91
9a059f4be554afaf791ddeb4a2fb7ebba0d6c9cb,1762.43
2cc74b6f926ce800674b49fc0628fddd4b780b4f,2787.06
1841811422d1f46d8efae5dfdcf7c8ed0f1643f8,1794.94
ce551fd050b668bf1a6f39e6b12fdad9f8619468,2787.92
f939ccf9c28bdf73a5fbc13f00906cef5c70d1db,2404.90
2c290436e25a69c66621c8b97eccec75b9e3ec63,2440.53
71b7ce59d7e505268dc39bf006fa0c2faf64b4f7,2184.93
b29ba3548abc265300434a19e6c13b61e5834f7f,2482.34
db7a072fd3ebf0c9fc9da986d9893447507cbd22,2814.14
836350e06d46766ad8d2c7e05b14e28519b2d04a,2494.88
1a8fba6c82615c5d0aed3c472a2670b1f41a7029,2376.96
05f08bb64db2b5feec2b35d05fd13cec6f211ef3,1827.46
f2128717794737bb644e6e186de50b109d2c7349,2367.34
bbb56af69148faab7318a99b145c47f2ef2e995c,2897.27
b62e362d3945e86725c817101332b66277aff9e4,1807.92
76ea7b3e3ed22f08a1340c0a29e4f612fbb8f99b,1732.39
bcbac427ff4bca1748f8eb5125a23d4c739b75e9,2469.24
d90a819076f01163ee6ef816a163f90af72090de,2191.37
76ea7b3e3ed22f08a1340c0a29e4f612fbb8f99b,1759.89
76ea7b3e3ed22f08a1340c0a29e4f612fbb8f99b,1762.56
b62e362d3945e86725c817101332b66277aff9e4,1813.83
db7a072fd3ebf0c9fc9da986d9893447507cbd22,2769.43
6b20f6e3d158d1ce3147c4e9306d9b485e083bf4,2292.62
71f963ea3a78746fc2a3ba80b2843254b35c211a,2197.37
7017b6ef5232f38b69d23e0cb9cb872e84d7fc17,2488.35
d9c3b1de2bc446177dd3555509395e1cfff0ed38,2462.21
ed4eb9bd2526035029b0ecf210b063c7f86b6915,1727.20
b236a85d978248eb7b00dc00405c610531e11b4d,2784.51
db7a072fd3ebf0c9fc9da986d9893447507cbd22,2805.27
e17d2a83deb3a4918fe9792e84b98a86a121e84f,2505.50
582aaa0d725a161e3f993acfa8ab2d73a6563303,2234.57
acafbcf3cb71ea0a04188c8f6257e3d395fa7c36,2419.88
81cf92be7ccc87ed85d3bd3a94658396c179e6a2,1756.81
ed4eb9bd2526035029b0ecf210b063c7f86b6915,1739.17
ce551fd050b668bf1a6f39e6b12fdad9f8619468,2798.35
893706ad9b7310b84b02077e93bb311f1029407f,1755.56
efdaba7c0e605b48fd4a36f2ad7d86e57bc2651b,2559.62
82864b246c0005cc66a50daede3568f930504030,2187.44
1d0a59796e487f6bcd5e3ba5632cd233ca26229d,1828.53
1d597768bfb1c4ece19b168a1f6083cb4ff55b32,1740.09
582aaa0d725a161e3f993acfa8ab2d73a6563303,2226.68
1a8fba6c82615c5d0aed3c472a2670b1f41a7029,2484.96
fb6afae74e9ad5b4303dbfa29b34ea09ce789bc7,1798.07
71b7ce59d7e505268dc39bf006fa0c2faf64b4f7,2206.88
893706ad9b7310b84b02077e93bb311f1029407f,1792.93
b236a85d978248eb7b00dc00405c610531e11b4d,2806.90
c42f4c37b694c43fb1894c9506c561abf0d19968,2218.63
05f08bb64db2b5feec2b35d05fd13cec6f211ef3,1906.51
b5c774d54fa9b76e9a34dd9497f4ede5495e40a7,2774.51
5909b8f5678f9093d5a23505fab1b4d46e12281a,2179.97
b62e362d3945e86725c817101332b66277aff9e4,1760.82
eb2957a8b3e8c12649c5b83872a238dd74e68dec,2160.18
d9c3b1de2bc446177dd3555509395e1cfff0ed38,2367.33
2594e0762ffbe5fc48dc2abc0a93d37692520fd4,1918.25
eb2957a8b3e8c12649c5b83872a238dd74e68dec,2185.77
cc90f726cd721ad2c19cbd27997482a5f9b8a7ae,2358.10
3b97e9616b96c80b8211a2fb7358c350b491c76e,1818.60
5909b8f5678f9093d5a23505fab1b4d46e12281a,2204.98
6bdfd486a2e36f715f9b0ff624f6d7740f5c2bc9,2251.94
b60c480804bb00b8e2ab5821d30f93fd1a07f063,1778.35
1841811422d1f46d8efae5dfdcf7c8ed0f1643f8,1780.55
b0934637750ed6ddd91bf344842c8c5aad1fb70f,2237.92
b236a85d978248eb7b00dc00405c610531e11b4d,2785.93
f939ccf9c28bdf73a5fbc13f00906cef5c70d1db,2488.38
836350e06d46766ad8d2c7e05b14e28519b2d04a,2409.66
a62f7317a353031ec7229397b40dbdf330524b3c,2239.33
3cc6dd0efc570458fe0ca4a0ab6805e9cf212c7e,2495.95
0a21bdceba27bed7f3a7ab316fcc5998e4a359d5,2447.00
5340d4b7e6e8e3dbf51952c060a67ff3a140bdc6,2755.53
2e72020e94bef3e74633077b6d20fc7e486b9efb,2145.12
674d184d3265f0edd12ce284fdc8f13247163354,2758.94
cc90f726cd721ad2c19cbd27997482a5f9b8a7ae,2424.54
1a8fba6c82615c5d0aed3c472a2670b1f41a7029,2434.49
abd967603ef43c481a41618cbd75c02fd523dd4b,2804.41
ce551fd050b668bf1a6f39e6b12fdad9f8619468,2831.42
f939ccf9c28bdf73a5fbc13f00906cef5c70d1db,2477.51
cf8822103dfc12c93b459518cc72e92cd6cab51b,1757.38
05f08bb64db2b5feec2b35d05fd13cec6f211ef3,1857.55
71b7ce59d7e505268dc39bf006fa0c2faf64b4f7,2208.22
76ea7b3e3ed22f08a1340c0a29e4f612fbb8f99b,1771.94
b3bf673c73b5603b833228996d200f2d66a1e1d8,2815.13
fa61c69511d2e5b30106dd0515bdee67e6bbbb03,1767.11
bcbac427ff4bca1748f8eb5125a23d4c739b75e9,2395.09
6b20f6e3d158d1ce3147c4e9306d9b485e083bf4,2211.83
6d24910a454a95db3aa8c00ad9436a1f21aaa514,2907.42
b5c774d54fa9b76e9a34dd9497f4ede5495e40a7,2784.36
070887196158c084e39eb7499111f1e0d513ec38,1753.93
acafbcf3cb71ea0a04188c8f6257e3d395fa7c36,2475.51
c30b97c595a2997b8a70083f21fa07c1a3ba0003,1769.99
57338a3c92513cb917f98d62156d0e764ea75e7d,2361.63
b62e362d3945e86725c817101332b66277aff9e4,1764.14
c4bf5ba304aa1bcdb8ddd5f853ab18c9edd3be5b,2361.43
5340d4b7e6e8e3dbf51952c060a67ff3a140bdc6,2780.93
e8d5b97979a3692a2b9ea163332c75600158f89a,2262.94
fb6afae74e9ad5b4303dbfa29b34ea09ce789bc7,1761.33
ff69df4c9374d2f450fb73ddeb1b1447735e47b2,2430.80
3941022e5c710392c6bd9f0fe8cce69f9caa08ef,2222.00
abd967603ef43c481a41618cbd75c02fd523dd4b,2768.94
fb6afae74e9ad5b4303dbfa29b34ea09ce789bc7,1780.81
e17d2a83deb3a4918fe9792e84b98a86a121e84f,2506.57
6b20f6e3d158d1ce3147c4e9306d9b485e083bf4,2136.77
2e72020e94bef3e74633077b6d20fc7e486b9efb,2224.70
62d042af16ded2608229e19a9bc1bf86c6de827f,2489.46
b5c774d54fa9b76e9a34dd9497f4ede5495e40a7,2800.76
eeae0ff3bf4c34565d422ede2b4aee8e6ab3656c,2424.08
6a19564ba328d5dd866d82cac25ad95b7082a7c5,1822.37
f241ab986664fbf1c38508d5890a9f754511aff2,1802.08
1d597768bfb1c4ece19b168a1f6083cb4ff55b32,1742.13
b62e362d3945e86725c817101332b66277aff9e4,1861.01
070887196158c084e39eb7499111f1e0d513ec38,1772.02
a4d451f3d0e200359f965067f9a2ff6eda8b1726,1758.96
3cc6dd0efc570458fe0ca4a0ab6805e9cf212c7e,2548.24
503ca72b57d603083ec3c2319fb593bc410a722a,1862.47
eeae0ff3bf4c34565d422ede2b4aee8e6ab3656c,2410.63
b0934637750ed6ddd91bf344842c8c5aad1fb70f,2257.43
31ad0686f949f4a772b3b843403d8e221d7ef57c,1891.34
fb6afae74e9ad5b4303dbfa29b34ea09ce789bc7,1773.45
b5c774d54fa9b76e9a34dd9497f4ede5495e40a7,2869.40
b02837b6c77b94799c055f8fa446fb770bfb49f1,2226.22
1d0a59796e487f6bcd5e3ba5632cd233ca26229d,1811.48
71f963ea3a78746fc2a3ba80b2843254b35c211a,2270.70
9a059f4be554afaf791ddeb4a2fb7ebba0d6c9cb,1776.32
57338a3c92513cb917f98d62156d0e764ea75e7d,2490.68
2a7918cc48d6625c303ee9d037613b8125bcc346,1841.90
dedf6ab9ddd71d0784d41c70a9178d134a4a38a9,2288.01
bdb55f0e1a268ed9e26fd1ea9e893d77302d2131,2529.85
5340d4b7e6e8e3dbf51952c060a67ff3a140bdc6,2901.61
eeae0ff3bf4c34565d422ede2b4aee8e6ab3656c,2388.68
674d184d3265f0edd12ce284fdc8f13247163354,2749.02
e92e5060d8a61c90fc610148b445f5baf3dc7f9a,2231.38
cf8822103dfc12c93b459518cc72e92cd6cab51b,1729.73
82864b246c0005cc66a50daede3568f930504030,2177.76
31ad0686f949f4a772b3b843403d8e221d7ef57c,1857.80
f241ab986664fbf1c38508d5890a9f754511aff2,1805.88
3b97e9616b96c80b8211a2fb7358c350b491c76e,1760.20
b29ba3548abc265300434a19e6c13b61e5834f7f,2517.13
6bdfd486a2e36f715f9b0ff624f6d7740f5c2bc9,2212.23
893706ad9b7310b84b02077e93bb311f1029407f,1730.08
fa61c69511d2e5b30106dd0515bdee67e6bbbb03,1767.12
503ca72b57d603083ec3c2319fb593bc410a722a,1777.99
3a9a6c7c8a67d51ebbb598495496e28dcd0c18e1,2229.43
bd92bcac75e521176f9cfd501fd4d8fb4c87d325,2924.30
ff69df4c9374d2f450fb73ddeb1b1447735e47b2,2416.24
cc90f726cd721ad2c19cbd27997482a5f9b8a7ae,2419.80
2594e0762ffbe5fc48dc2abc0a93d37692520fd4,1847.52
d71b0a7441cc48d1aba41f854c25db933ec882ed,2752.03
d71b0a7441cc48d1aba41f854c25db933ec882ed,2736.51
2f48c6596b68eefd329f9604a46c70c442370c67,1735.28
bcbac427ff4bca1748f8eb5125a23d4c739b75e9,2449.32
acafbcf3cb71ea0a04188c8f6257e3d395fa7c36,2417.94
cc90f726cd721ad2c19cbd27997482a5f9b8a7ae,2516.12
a4d451f3d0e200359f965067f9a2ff6eda8b1726,1755.02
f2128717794737bb644e6e186de50b109d2c7349,2489.99
9844d209332df5ffd6894fdc9a89436278ec7edd,2436.16
6d24910a454a95db3aa8c00ad9436a1f21aaa514,2790.35
31ad0686f949f4a772b3b843403d8e221d7ef57c,1852.73
3941022e5c710392c6bd9f0fe8cce69f9caa08ef,2192.44
f241ab986664fbf1c38508d5890a9f754511aff2,1843.06
bd92bcac75e521176f9cfd501fd4d8fb4c87d325,2766.14
b02837b6c77b94799c055f8fa446fb770bfb49f1,2248.89
615b9592ffe8e65b4e461f7727081995931154ce,2190.57
57338a3c92513cb917f98d62156d0e764ea75e7d,2427.29
62d042af16ded2608229e19a9bc1bf86c6de827f,2509.69
615b9592ffe8e65b4e461f7727081995931154ce,2191.92
db7a072fd3ebf0c9fc9da986d9893447507cbd22,2753.63
2a73678bf321b1bde0feae328fb378e11f011abd,1748.66
615b9592ffe8e65b4e461f7727081995931154ce,2198.95
3b97e9616b96c80b8211a2fb7358c350b491c76e,1859.62
76ea7b3e3ed22f08a1340c0a29e4f612fbb8f99b,1769.43
35a41811a0b81b289f627b239ef9f568929281e3,2174.07
674d184d3265f0edd12ce284fdc8f13247163354,2788.34
8363915bb7f282fb76c712c310fca4fac5b636a4,1781.78
070887196158c084e39eb7499111f1e0d513ec38,1810.45
bd155b859e8ea19e0a2b15bcfe21032237e867b4,1788.25
e738926eeb9f295afe379870b37e24a74c784e12,2447.98
c30b97c595a2997b8a70083f21fa07c1a3ba0003,1773.62
e738926eeb9f295afe379870b37e24a74c784e12,2436.01
71b7ce59d7e505268dc39bf006fa0c2faf64b4f7,2223.96
7017b6ef5232f38b69d23e0cb9cb872e84d7fc17,2442.22
3cc6dd0efc570458fe0ca4a0ab6805e9cf212c7e,2497.82
2a7918cc48d6625c303ee9d037613b8125bcc346,1858.09
93952695ed0f56bee161acef89dbee7e78914c9a,2936.86
dedf6ab9ddd71d0784d41c70a9178d134a4a38a9,2314.67
070887196158c084e39eb7499111f1e0d513ec38,1799.58
3cc6dd0efc570458fe0ca4a0ab6805e9cf212c7e,2469.84
9a059f4be554afaf791ddeb4a2fb7ebba0d6c9cb,1750.48
b62e362d3945e86725c817101332b66277aff9e4,1776.65
ff69df4c9374d2f450fb73ddeb1b1447735e47b2,2378.31
070887196158c084e39eb7499111f1e0d513ec38,1758.28
ce551fd050b668bf1a6f39e6b12fdad9f8619468,2747.88
342e6a0db5768642e8d3dd1c212384e0020403f7,2206.09
d90a819076f01163ee6ef816a163f90af72090de,2184.66
3ec4a5d9f911718e0b6c3f2091537aa87a51c767,2817.91
b02837b6c77b94799c055f8fa446fb770bfb49f1,2219.09
3941022e5c710392c6bd9f0fe8cce69f9caa08ef,2258.72
582aaa0d725a161e3f993acfa8ab2d73a6563303,2232.69
d9c3b1de2bc446177dd3555509395e1cfff0ed38,2448.32
57338a3c92513cb917f98d62156d0e764ea75e7d,2403.61
3cc6dd0efc570458fe0ca4a0ab6805e9cf212c7e,2422.45
893706ad9b7310b84b02077e93bb311f1029407f,1740.63
82864b246c0005cc66a50daede3568f930504030,2177.86
3cc6dd0efc570458fe0ca4a0ab6805e9cf212c7e,2465.91
b1bac8c00c64e86ae8d5456d2a49f45adb64c0c8,1828.89
ac4edeb4f74741c8537d8df66c9c33e55a5d9e4f,2798.29
31ad0686f949f4a772b3b843403d8e221d7ef57c,1884.50
836350e06d46766ad8d2c7e05b14e28519b2d04a,2445.66
6d24910a454a95db3aa8c00ad9436a1f21aaa514,2795.89
b29ba3548abc265300434a19e6c13b61e5834f7f,2528.42
bd92bcac75e521176f9cfd501fd4d8fb4c87d325,2774.83
d551b3eb68244702ebbc2eb1b72d1d5882a7c066,1826.72
c4bf5ba304aa1bcdb8ddd5f853ab18c9edd3be5b,2476.82
5340d4b7e6e8e3dbf51952c060a67ff3a140bdc6,2792.01
342e6a0db5768642e8d3dd1c212384e0020403f7,2174.31
d71b0a7441cc48d1aba41f854c25db933ec882ed,2789.10
3b97e9616b96c80b8211a2fb7358c350b491c76e,1819.80
efdaba7c0e605b48fd4a36f2ad7d86e57bc2651b,2475.38
dedf6ab9ddd71d0784d41c70a9178d134a4a38a9,2228.19
2f48c6596b68eefd329f9604a46c70c442370c67,1753.16
5340d4b7e6e8e3dbf51952c060a67ff3a140bdc6,2870.59
db7a072fd3ebf0c9fc9da986d9893447507cbd22,2885.70
db7a072fd3ebf0c9fc9da986d9893447507cbd22,2743.15
bd155b859e8ea19e0a2b15bcfe21032237e867b4,1758.17
836350e06d46766ad8d2c7e05b14e28519b2d04a,2458.47
de2bfde155891ecbba3ad6065f2145bca6b29e4a,2378.10
2a7918cc48d6625c303ee9d037613b8125bcc346,1822.92
93952695ed0f56bee161acef89dbee7e78914c9a,2783.87
14181e72088aba6f525559efa7c00159834a22a7,1776.04
5340d4b7e6e8e3dbf51952c060a67ff3a140bdc6,2789.71
71f963ea3a78746fc2a3ba80b2843254b35c211a,2212.63
bbb56af69148faab7318a99b145c47f2ef2e995c,2809.89
db7a072fd3ebf0c9fc9da986d9893447507cbd22,2811.78
bbb56af69148faab7318a99b145c47f2ef2e995c,2790.39
3a9a6c7c8a67d51ebbb598495496e28dcd0c18e1,2182.68
f241ab986664fbf1c38508d5890a9f754511aff2,1825.73
9844d209332df5ffd6894fdc9a89436278ec7edd,2513.63
408a2357aee6495c8f502a49711d9c97078847cc,2907.89
e17d2a83deb3a4918fe9792e84b98a86a121e84f,2547.53
b1bac8c00c64e86ae8d5456d2a49f45adb64c0c8,1828.51
2c290436e25a69c66621c8b97eccec75b9e3ec63,2383.50
6b20f6e3d158d1ce3147c4e9306d9b485e083bf4,2203.28
408a2357aee6495c8f502a49711d9c97078847cc,2765.09
14181e72088aba6f525559efa7c00159834a22a7,1840.03
d551b3eb68244702ebbc2eb1b72d1d5882a7c066,1850.42
e738926eeb9f295afe379870b37e24a74c784e12,2386.06
69617205f80df06acf2adb38fd8a19f3724b6845,2167.90
81cf92be7ccc87ed85d3bd3a94658396c179e6a2,1767.97
674d184d3265f0edd12ce284fdc8f13247163354,2905.81
b62e362d3945e86725c817101332b66277aff9e4,1762.65
e17d2a83deb3a4918fe9792e84b98a86a121e84f,2445.68
6d24910a454a95db3aa8c00ad9436a1f21aaa514,2875.98
abd967603ef43c481a41618cbd75c02fd523dd4b,2876.30
b62e362d3945e86725c817101332b66277aff9e4,1757.88
3a9a6c7c8a67d51ebbb598495496e28dcd0c18e1,2183.78
7017b6ef5232f38b69d23e0cb9cb872e84d7fc17,2380.63
070887196158c084e39eb7499111f1e0d513ec38,1777.98
c42f4c37b694c43fb1894c9506c561abf0d19968,2273.19
2a73678bf321b1bde0feae328fb378e11f011abd,1748.70
d90a819076f01163ee6ef816a163f90af72090de,2191.89
3cc6dd0efc570458fe0ca4a0ab6805e9cf212c7e,2487.29
57338a3c92513cb917f98d62156d0e764ea75e7d,2443.29
b29ba3548abc265300434a19e6c13b61e5834f7f,2431.24
c4bf5ba304aa1bcdb8ddd5f853ab18c9edd3be5b,2393.87
836350e06d46766ad8d2c7e05b14e28519b2d04a,2518.18
3b97e9616b96c80b8211a2fb7358c350b491c76e,1739.85
6bdfd486a2e36f715f9b0ff624f6d7740f5c2bc9,2244.16
503ca72b57d603083ec3c2319fb593bc410a722a,1797.04
3ec4a5d9f911718e0b6c3f2091537aa87a51c767,2768.49
efdaba7c0e605b48fd4a36f2ad7d86e57bc2651b,2458.24
62d042af16ded2608229e19a9bc1bf86c6de827f,2466.21
93952695ed0f56bee161acef89dbee7e78914c9a,2793.74
35a41811a0b81b289f627b239ef9f568929281e3,2145.77
bbb56af69148faab7318a99b145c47f2ef2e995c,2864.96
503ca72b57d603083ec3c2319fb593bc410a722a,1859.31
582aaa0d725a161e3f993acfa8ab2d73a6563303,2229.17
2594e0762ffbe5fc48dc2abc0a93d37692520fd4,1840.67
3ec4a5d9f911718e0b6c3f2091537aa87a51c767,2777.27
503ca72b57d603083ec3c2319fb593bc410a722a,1764.22
d71b0a7441cc48d1aba41f854c25db933ec882ed,2832.31
14181e72088aba6f525559efa7c00159834a22a7,1784.25
bd155b859e8ea19e0a2b15bcfe21032237e867b4,1783.53
d90a819076f01163ee6ef816a163f90af72090de,2238.16
e738926eeb9f295afe379870b37e24a74c784e12,2403.00
42dbaa00c553d202e550e6086ce4f17e8aaac064,1721.42
82864b246c0005cc66a50daede3568f930504030,2295.47
ce551fd050b668bf1a6f39e6b12fdad9f8619468,2776.34
2cc74b6f926ce800674b49fc0628fddd4b780b4f,2827.43
2594e0762ffbe5fc48dc2abc0a93d37692520fd4,1828.96
b0934637750ed6ddd91bf344842c8c5aad1fb70f,2209.20
cb8d641965987b6e5ae9bfed952a2ffccab755d7,2174.62
3941022e5c710392c6bd9f0fe8cce69f9caa08ef,2293.28
f939ccf9c28bdf73a5fbc13f00906cef5c70d1db,2403.93
2594e0762ffbe5fc48dc2abc0a93d37692520fd4,1934.08
1a8fba6c82615c5d0aed3c472a2670b1f41a7029,2430.04
cb8d641965987b6e5ae9bfed952a2ffccab755d7,2310.01
f241ab986664fbf1c38508d5890a9f754511aff2,1839.83
de2bfde155891ecbba3ad6065f2145bca6b29e4a,2446.84
b0934637750ed6ddd91bf344842c8c5aad1fb70f,2195.61
503ca72b57d603083ec3c2319fb593bc410a722a,1744.75
b5c774d54fa9b76e9a34dd9497f4ede5495e40a7,2800.89
2a73678bf321b1bde0feae328fb378e11f011abd,1802.06
ed4eb9bd2526035029b0ecf210b063c7f86b6915,1823.80
9844d209332df5ffd6894fdc9a89436278ec7edd,2527.42
71f963ea3a78746fc2a3ba80b2843254b35c211a,2293.80
9a059f4be554afaf791ddeb4a2fb7ebba0d6c9cb,1749.97
2a73678bf321b1bde0feae328fb378e11f011abd,1837.15
f939ccf9c28bdf73a5fbc13f00906cef5c70d1db,2372.75
a4d451f3d0e200359f965067f9a2ff6eda8b1726,1724.19
c42f4c37b694c43fb1894c9506c561abf0d19968,2211.61
1d597768bfb1c4ece19b168a1f6083cb4ff55b32,1771.79
2f48c6596b68eefd329f9604a46c70c442370c67,1727.95
bd92bcac75e521176f9cfd501fd4d8fb4c87d325,2740.67
3a9a6c7c8a67d51ebbb598495496e28dcd0c18e1,2154.20
abd967603ef43c481a41618cbd75c02fd523dd4b,2812.25
63ed60b84cbd23672569926b7fb191ded5af34d3,1739.26
eb2957a8b3e8c12649c5b83872a238dd74e68dec,2201.28
b3bf673c73b5603b833228996d200f2d66a1e1d8,2782.27
db7a072fd3ebf0c9fc9da986d9893447507cbd22,2799.01
d71b0a7441cc48d1aba41f854c25db933ec882ed,2877.59
cb8d641965987b6e5ae9bfed952a2ffccab755d7,2219.58
e17d2a83deb3a4918fe9792e84b98a86a121e84f,2473.21
9d3f82c22bbe23679584ba9f97303fd8bac19ef7,2736.98
dedf6ab9ddd71d0784d41c70a9178d134a4a38a9,2277.26
35a41811a0b81b289f627b239ef9f568929281e3,2245.63
71f963ea3a78746fc2a3ba80b2843254b35c211a,2205.55
cc90f726cd721ad2c19cbd27997482a5f9b8a7ae,2491.88
f939ccf9c28bdf73a5fbc13f00906cef5c70d1db,2481.12
1d0a59796e487f6bcd5e3ba5632cd233ca26229d,1874.20
3b97e9616b96c80b8211a2fb7358c350b491c76e,1844.61
57338a3c92513cb917f98d62156d0e764ea75e7d,2437.76
bbb56af69148faab7318a99b145c47f2ef2e995c,2806.36
615b9592ffe8e65b4e461f7727081995931154ce,2287.54
070887196158c084e39eb7499111f1e0d513ec38,1789.82
967306fbd12dca9d465f3f1c47fbcad6cfe7531a,1738.74
93952695ed0f56bee161acef89dbee7e78914c9a,2787.28
81cf92be7ccc87ed85d3bd3a94658396c179e6a2,1741.61
71b7ce59d7e505268dc39bf006fa0c2faf64b4f7,2312.38
5340d4b7e6e8e3dbf51952c060a67ff3a140bdc6,2782.05
d9c3b1de2bc446177dd3555509395e1cfff0ed38,2388.59
c30b97c595a2997b8a70083f21fa07c1a3ba0003,1724.61
93952695ed0f56bee161acef89dbee7e78914c9a,2848.23
e738926eeb9f295afe379870b37e24a74c784e12,2500.71
5340d4b7e6e8e3dbf51952c060a67ff3a140bdc6,2785.80
42dbaa00c553d202e550e6086ce4f17e8aaac064,1782.76
abd967603ef43c481a41618cbd75c02fd523dd4b,2763.55
2594e0762ffbe5fc48dc2abc0a93d37692520fd4,1880.33
bbb56af69148faab7318a99b145c47f2ef2e995c,2917.80
7017b6ef5232f38b69d23e0cb9cb872e84d7fc17,2450.31
63ed60b84cbd23672569926b7fb191ded5af34d3,1799.68
342e6a0db5768642e8d3dd1c212384e0020403f7,2156.81
ce551fd050b668bf1a6f39e6b12fdad9f8619468,2809.15
ac4edeb4f74741c8537d8df66c9c33e55a5d9e4f,2863.15
1a8fba6c82615c5d0aed3c472a2670b1f41a7029,2383.91
2594e0762ffbe5fc48dc2abc0a93d37692520fd4,1843.79
2f48c6596b68eefd329f9604a46c70c442370c67,1761.56
342e6a0db5768642e8d3dd1c212384e0020403f7,2215.56
d90a819076f01163ee6ef816a163f90af72090de,2231.58
1d0a59796e487f6bcd5e3ba5632cd233ca26229d,1832.58
2f48c6596b68eefd329f9604a46c70c442370c67,1728.67
2f48c6596b68eefd329f9604a46c70c442370c67,1798.15
0a21bdceba27bed7f3a7ab316fcc5998e4a359d5,2432.48
71f963ea3a78746fc2a3ba80b2843254b35c211a,2219.05
c4bf5ba304aa1bcdb8ddd5f853ab18c9edd3be5b,2520.30
9d3f82c22bbe23679584ba9f97303fd8bac19ef7,2830.98
35a41811a0b81b289f627b239ef9f568929281e3,2172.36
e92e5060d8a61c90fc610148b445f5baf3dc7f9a,2267.09
6bdfd486a2e36f715f9b0ff624f6d7740f5c2bc9,2297.88
71b7ce59d7e505268dc39bf006fa0c2faf64b4f7,2208.01
63ed60b84cbd23672569926b7fb191ded5af34d3,1733.25
62d042af16ded2608229e19a9bc1bf86c6de827f,2492.55
3cc6dd0efc570458fe0ca4a0ab6805e9cf212c7e,2506.02
b1bac8c00c64e86ae8d5456d2a49f45adb64c0c8,1904.04
9844d209332df5ffd6894fdc9a89436278ec7edd,2386.15
b1bac8c00c64e86ae8d5456d2a49f45adb64c0c8,1896.00
1d597768bfb1c4ece19b168a1f6083cb4ff55b32,1769.82
2a73678bf321b1bde0feae328fb378e11f011abd,1734.92
acafbcf3cb71ea0a04188c8f6257e3d395fa7c36,2475.64
71b7ce59d7e505268dc39bf006fa0c2faf64b4f7,2278.68
b0934637750ed6ddd91bf344842c8c5aad1fb70f,2219.99
b29ba3548abc265300434a19e6c13b61e5834f7f,2495.09
7017b6ef5232f38b69d23e0cb9cb872e84d7fc17,2474.17
abd967603ef43c481a41618cbd75c02fd523dd4b,2837.54
de2bfde155891ecbba3ad6065f2145bca6b29e4a,2473.37
8363915bb7f282fb76c712c310fca4fac5b636a4,1766.48
ce551fd050b668bf1a6f39e6b12fdad9f8619468,2780.76
2f48c6596b68eefd329f9604a46c70c442370c67,1749.69
ce551fd050b668bf1a6f39e6b12fdad9f8619468,2784.62
3941022e5c710392c6bd9f0fe8cce69f9caa08ef,2217.12
81cf92be7ccc87ed85d3bd3a94658396c179e6a2,1787.45
93952695ed0f56bee161acef89dbee7e78914c9a,2755.74
b3bf673c73b5603b833228996d200f2d66a1e1d8,2765.47
bd92bcac75e521176f9cfd501fd4d8fb4c87d325,2863.78
2c290436e25a69c66621c8b97eccec75b9e3ec63,2398.80
615b9592ffe8e65b4e461f7727081995931154ce,2148.98
9a059f4be554afaf791ddeb4a2fb7ebba0d6c9cb,1803.34
42dbaa00c553d202e550e6086ce4f17e8aaac064,1763.18
2c290436e25a69c66621c8b97eccec75b9e3ec63,2343.34
2c290436e25a69c66621c8b97eccec75b9e3ec63,2398.54
6a19564ba328d5dd866d82cac25ad95b7082a7c5,1858.50
ac4edeb4f74741c8537d8df66c9c33e55a5d9e4f,2742.24
b62e362d3945e86725c817101332b66277aff9e4,1800.84
ed4eb9bd2526035029b0ecf210b063c7f86b6915,1765.35
81cf92be7ccc87ed85d3bd3a94658396c179e6a2,1769.05
35a41811a0b81b289f627b239ef9f568929281e3,2180.76
5340d4b7e6e8e3dbf51952c060a67ff3a140bdc6,2788.02
3ec4a5d9f911718e0b6c3f2091537aa87a51c767,2844.79
dedf6ab9ddd71d0784d41c70a9178d134a4a38a9,2187.66
2cc74b6f926ce800674b49fc0628fddd4b780b4f,2819.16
b60c480804bb00b8e2ab5821d30f93fd1a07f063,1786.13
b62e362d3945e86725c817101332b66277aff9e4,1781.42
eeae0ff3bf4c34565d422ede2b4aee8e6ab3656c,2448.56
bcbac427ff4bca1748f8eb5125a23d4c739b75e9,2472.53
82864b246c0005cc66a50daede3568f930504030,2228.10
6d24910a454a95db3aa8c00ad9436a1f21aaa514,2809.35
6b20f6e3d158d1ce3147c4e9306d9b485e083bf4,2236.35
2f48c6596b68eefd329f9604a46c70c442370c67,1758.84
cc90f726cd721ad2c19cbd27997482a5f9b8a7ae,2429.24
35a41811a0b81b289f627b239ef9f568929281e3,2232.13
ac4edeb4f74741c8537d8df66c9c33e55a5d9e4f,2798.59
cf8822103dfc12c93b459518cc72e92cd6cab51b,1768.78
3a9a6c7c8a67d51ebbb598495496e28dcd0c18e1,2182.02
05f08bb64db2b5feec2b35d05fd13cec6f211ef3,1849.23
1d0a59796e487f6bcd5e3ba5632cd233ca26229d,1819.01
fb6afae74e9ad5b4303dbfa29b34ea09ce789bc7,1767.51
5340d4b7e6e8e3dbf51952c060a67ff3a140bdc6,2783.42
f939ccf9c28bdf73a5fbc13f00906cef5c70d1db,2474.38
9844d209332df5ffd6894fdc9a89436278ec7edd,2423.44
05f08bb64db2b5feec2b35d05fd13cec6f211ef3,1843.25
6d24910a454a95db3aa8c00ad9436a1f21aaa514,2760.01
3cc6dd0efc570458fe0ca4a0ab6805e9cf212c7e,2481.77
893706ad9b7310b84b02077e93bb311f1029407f,1798.61
d90a819076f01163ee6ef816a163f90af72090de,2205.44
d9c3b1de2bc446177dd3555509395e1cfff0ed38,2402.74
bbb56af69148faab7318a99b145c47f2ef2e995c,2777.40
cb8d641965987b6e5ae9bfed952a2ffccab755d7,2196.96
836350e06d46766ad8d2c7e05b14e28519b2d04a,2429.87
ac4edeb4f74741c8537d8df66c9c33e55a5d9e4f,2892.91
ff69df4c9374d2f450fb73ddeb1b1447735e47b2,2422.94
2a7918cc48d6625c303ee9d037613b8125bcc346,1820.94
de2bfde155891ecbba3ad6065f2145bca6b29e4a,2409.00
1a8fba6c82615c5d0aed3c472a2670b1f41a7029,2458.52
e8d5b97979a3692a2b9ea163332c75600158f89a,2221.50
9844d209332df5ffd6894fdc9a89436278ec7edd,2399.45
dedf6ab9ddd71d0784d41c70a9178d134a4a38a9,2248.57
b3bf673c73b5603b833228996d200f2d66a1e1d8,2793.71
674d184d3265f0edd12ce284fdc8f13247163354,2802.26
c42f4c37b694c43fb1894c9506c561abf0d19968,2196.97
ff69df4c9374d2f450fb73ddeb1b1447735e47b2,2500.24
a4d451f3d0e200359f965067f9a2ff6eda8b1726,1751.14
6bdfd486a2e36f715f9b0ff624f6d7740f5c2bc9,2202.66
b02837b6c77b94799c055f8fa446fb770bfb49f1,2210.23
f939ccf9c28bdf73a5fbc13f00906cef5c70d1db,2438.37
967306fbd12dca9d465f3f1c47fbcad6cfe7531a,1781.03
c42f4c37b694c43fb1894c9506c561abf0d19968,2209.40
cf8822103dfc12c93b459518cc72e92cd6cab51b,1865.03
e8d5b97979a3692a2b9ea163332c75600158f89a,2259.49
fa61c69511d2e5b30106dd0515bdee67e6bbbb03,1798.09
b1bac8c00c64e86ae8d5456d2a49f45adb64c0c8,1833.89
dedf6ab9ddd71d0784d41c70a9178d134a4a38a9,2289.11
de2bfde155891ecbba3ad6065f2145bca6b29e4a,2372.72
ac4edeb4f74741c8537d8df66c9c33e55a5d9e4f,2746.28
5909b8f5678f9093d5a23505fab1b4d46e12281a,2304.06
070887196158c084e39eb7499111f1e0d513ec38,1806.93
d71b0a7441cc48d1aba41f854c25db933ec882ed,2811.10
c4bf5ba304aa1bcdb8ddd5f853ab18c9edd3be5b,2459.46
b29ba3548abc265300434a19e6c13b61e5834f7f,2499.70
fb6afae74e9ad5b4303dbfa29b34ea09ce789bc7,1767.85
b3bf673c73b5603b833228996d200f2d66a1e1d8,2771.94
2e72020e94bef3e74633077b6d20fc7e486b9efb,2198.99
eeae0ff3bf4c34565d422ede2b4aee8e6ab3656c,2477.36
efdaba7c0e605b48fd4a36f2ad7d86e57bc2651b,2474.66
6d24910a454a95db3aa8c00ad9436a1f21aaa514,2860.38
69617205f80df06acf2adb38fd8a19f3724b6845,2233.47
0a21bdceba27bed7f3a7ab316fcc5998e4a359d5,2332.20
342e6a0db5768642e8d3dd1c212384e0020403f7,2164.93
c4bf5ba304aa1bcdb8ddd5f853ab18c9edd3be5b,2396.91
d90a819076f01163ee6ef816a163f90af72090de,2258.56
b5c774d54fa9b76e9a34dd9497f4ede5495e40a7,2788.81
2594e0762ffbe5fc48dc2abc0a93d37692520fd4,1828.11
6a19564ba328d5dd866d82cac25ad95b7082a7c5,1823.58
71f963ea3a78746fc2a3ba80b2843254b35c211a,2208.43
efdaba7c0e605b48fd4a36f2ad7d86e57bc2651b,2383.92
e738926eeb9f295afe379870b37e24a74c784e12,2432.69
42dbaa00c553d202e550e6086ce4f17e8aaac064,1761.87
d90a819076f01163ee6ef816a163f90af72090de,2310.72
efdaba7c0e605b48fd4a36f2ad7d86e57bc2651b,2410.77
bd155b859e8ea19e0a2b15bcfe21032237e867b4,1753.08
c4bf5ba304aa1bcdb8ddd5f853ab18c9edd3be5b,2467.78
070887196158c084e39eb7499111f1e0d513ec38,1756.95
eb2957a8b3e8c12649c5b83872a238dd74e68dec,2200.73
f939ccf9c28bdf73a5fbc13f00906cef5c70d1db,2473.86
bdb55f0e1a268ed9e26fd1ea9e893d77302d2131,2435.94
cf8822103dfc12c93b459518cc72e92cd6cab51b,1762.10
ac4edeb4f74741c8537d8df66c9c33e55a5d9e4f,2793.92
1841811422d1f46d8efae5dfdcf7c8ed0f1643f8,1745.83
a4d451f3d0e200359f965067f9a2ff6eda8b1726,1728.92
1841811422d1f46d8efae5dfdcf7c8ed0f1643f8,1720.81
b29ba3548abc265300434a19e6c13b61e5834f7f,2366.92
05f08bb64db2b5feec2b35d05fd13cec6f211ef3,1800.50
93952695ed0f56bee161acef89dbee7e78914c9a,2868.68
836350e06d46766ad8d2c7e05b14e28519b2d04a,2420.67
8363915bb7f282fb76c712c310fca4fac5b636a4,1782.47
76ea7b3e3ed22f08a1340c0a29e4f612fbb8f99b,1737.95
d71b0a7441cc48d1aba41f854c25db933ec882ed,2865.29
967306fbd12dca9d465f3f1c47fbcad6cfe7531a,1763.90
e92e5060d8a61c90fc610148b445f5baf3dc7f9a,2242.70
503ca72b57d603083ec3c2319fb593bc410a722a,1780.72
e8d5b97979a3692a2b9ea163332c75600158f89a,2203.47
1841811422d1f46d8efae5dfdcf7c8ed0f1643f8,1766.15
2c290436e25a69c66621c8b97eccec75b9e3ec63,2351.30
615b9592ffe8e65b4e461f7727081995931154ce,2229.20
bbb56af69148faab7318a99b145c47f2ef2e995c,2777.00
893706ad9b7310b84b02077e93bb311f1029407f,1758.07
b29ba3548abc265300434a19e6c13b61e5834f7f,2376.23
b236a85d978248eb7b00dc00405c610531e11b4d,2768.74
8363915bb7f282fb76c712c310fca4fac5b636a4,1850.35
c4bf5ba304aa1bcdb8ddd5f853ab18c9edd3be5b,2436.91
d9c3b1de2bc446177dd3555509395e1cfff0ed38,2492.17
05f08bb64db2b5feec2b35d05fd13cec6f211ef3,1821.00
0a21bdceba27bed7f3a7ab316fcc5998e4a359d5,2392.46
1841811422d1f46d8efae5dfdcf7c8ed0f1643f8,1758.82
893706ad9b7310b84b02077e93bb311f1029407f,1763.37
3941022e5c710392c6bd9f0fe8cce69f9caa08ef,2224.37
5909b8f5678f9093d5a23505fab1b4d46e12281a,2205.82
63ed60b84cbd23672569926b7fb191ded5af34d3,1736.18
d9c3b1de2bc446177dd3555509395e1cfff0ed38,2376.83
b3bf673c73b5603b833228996d200f2d66a1e1d8,2800.79
b60c480804bb00b8e2ab5821d30f93fd1a07f063,1756.29
0a21bdceba27bed7f3a7ab316fcc5998e4a359d5,2427.01
3ec4a5d9f911718e0b6c3f2091537aa87a51c767,2841.73
05f08bb64db2b5feec2b35d05fd13cec6f211ef3,1820.99
e8d5b97979a3692a2b9ea163332c75600158f89a,2232.94
81cf92be7ccc87ed85d3bd3a94658396c179e6a2,1792.81
2594e0762ffbe5fc48dc2abc0a93d37692520fd4,1810.32
9a059f4be554afaf791ddeb4a2fb7ebba0d6c9cb,1813.96
cf8822103dfc12c93b459518cc72e92cd6cab51b,1761.57
ac4edeb4f74741c8537d8df66c9c33e55a5d9e4f,2790.37
7017b6ef5232f38b69d23e0cb9cb872e84d7fc17,2430.29
bcbac427ff4bca1748f8eb5125a23d4c739b75e9,2444.65
d71b0a7441cc48d1aba41f854c25db933ec882ed,2743.37
dedf6ab9ddd71d0784d41c70a9178d134a4a38a9,2227.42
d551b3eb68244702ebbc2eb1b72d1d5882a7c066,1829.37
d551b3eb68244702ebbc2eb1b72d1d5882a7c066,1842.58
967306fbd12dca9d465f3f1c47fbcad6cfe7531a,1813.49
b29ba3548abc265300434a19e6c13b61e5834f7f,2501.64
31ad0686f949f4a772b3b843403d8e221d7ef57c,1868.23
1a8fba6c82615c5d0aed3c472a2670b1f41a7029,2408.53
2a7918cc48d6625c303ee9d037613b8125bcc346,1932.30
0a21bdceba27bed7f3a7ab316fcc5998e4a359d5,2405.36
e8d5b97979a3692a2b9ea163332c75600158f89a,2309.86
3cc6dd0efc570458fe0ca4a0ab6805e9cf212c7e,2461.61
d71b0a7441cc48d1aba41f854c25db933ec882ed,2843.05
9d3f82c22bbe23679584ba9f97303fd8bac19ef7,2762.25
2594e0762ffbe5fc48dc2abc0a93d37692520fd4,1881.51
2e72020e94bef3e74633077b6d20fc7e486b9efb,2202.24
2a73678bf321b1bde0feae328fb378e11f011abd,1773.63
f2128717794737bb644e6e186de50b109d2c7349,2465.53
63ed60b84cbd23672569926b7fb191ded5af34d3,1832.63
69617205f80df06acf2adb38fd8a19f3724b6845,2288.90
b29ba3548abc265300434a19e6c13b61e5834f7f,2528.71
62d042af16ded2608229e19a9bc1bf86c6de827f,2468.84
eb2957a8b3e8c12649c5b83872a238dd74e68dec,2185.63
ac4edeb4f74741c8537d8df66c9c33e55a5d9e4f,2791.06
62d042af16ded2608229e19a9bc1bf86c6de827f,2521.72
de2bfde155891ecbba3ad6065f2145bca6b29e4a,2413.65
e738926eeb9f295afe379870b37e24a74c784e12,2465.85
63ed60b84cbd23672569926b7fb191ded5af34d3,1727.82
b236a85d978248eb7b00dc00405c610531e11b4d,2742.59
b3bf673c73b5603b833228996d200f2d66a1e1d8,2747.96
ff69df4c9374d2f450fb73ddeb1b1447735e47b2,2348.30
57338a3c92513cb917f98d62156d0e764ea75e7d,2467.41
2cc74b6f926ce800674b49fc0628fddd4b780b4f,2785.82
1d597768bfb1c4ece19b168a1f6083cb4ff55b32,1745.06
6b20f6e3d158d1ce3147c4e9306d9b485e083bf4,2183.70
c42f4c37b694c43fb1894c9506c561abf0d19968,2252.50
b5c774d54fa9b76e9a34dd9497f4ede5495e40a7,2802.46
fb6afae74e9ad5b4303dbfa29b34ea09ce789bc7,1774.89
b02837b6c77b94799c055f8fa446fb770bfb49f1,2214.47
bd92bcac75e521176f9cfd501fd4d8fb4c87d325,2813.46
5909b8f5678f9093d5a23505fab1b4d46e12281a,2271.29
2cc74b6f926ce800674b49fc0628fddd4b780b4f,2777.40
8363915bb7f282fb76c712c310fca4fac5b636a4,1754.93
b5c774d54fa9b76e9a34dd9497f4ede5495e40a7,2875.92
42dbaa00c553d202e550e6086ce4f17e8aaac064,1812.68
f2128717794737bb644e6e186de50b109d2c7349,2502.79
b5c774d54fa9b76e9a34dd9497f4ede5495e40a7,2881.86
070887196158c084e39eb7499111f1e0d513ec38,1789.75
7017b6ef5232f38b69d23e0cb9cb872e84d7fc17,2434.92
e92e5060d8a61c90fc610148b445f5baf3dc7f9a,2193.74
674d184d3265f0edd12ce284fdc8f13247163354,2794.81
fb6afae74e9ad5b4303dbfa29b34ea09ce789bc7,1805.86
a4d451f3d0e200359f965067f9a2ff6eda8b1726,1740.78
d551b3eb68244702ebbc2eb1b72d1d5882a7c066,1799.09
3941022e5c710392c6bd9f0fe8cce69f9caa08ef,2212.39
9844d209332df5ffd6894fdc9a89436278ec7edd,2552.41
fa61c69511d2e5b30106dd0515bdee67e6bbbb03,1798.26
9a059f4be554afaf791ddeb4a2fb7ebba0d6c9cb,1770.62
fb6afae74e9ad5b4303dbfa29b34ea09ce789bc7,1785.65
3ec4a5d9f911718e0b6c3f2091537aa87a51c767,2782.86
abd967603ef43c481a41618cbd75c02fd523dd4b,2908.61
71b7ce59d7e505268dc39bf006fa0c2faf64b4f7,2221.74
3941022e5c710392c6bd9f0fe8cce69f9caa08ef,2222.39
cc90f726cd721ad2c19cbd27997482a5f9b8a7ae,2470.35
bd155b859e8ea19e0a2b15bcfe21032237e867b4,1776.10
836350e06d46766ad8d2c7e05b14e28519b2d04a,2439.12
9a059f4be554afaf791ddeb4a2fb7ebba0d6c9cb,1739.46
35a41811a0b81b289f627b239ef9f568929281e3,2174.71
82864b246c0005cc66a50daede3568f930504030,2209.45
582aaa0d725a161e3f993acfa8ab2d73a6563303,2238.59
6a19564ba328d5dd866d82cac25ad95b7082a7c5,1821.63
dedf6ab9ddd71d0784d41c70a9178d134a4a38a9,2287.56
42dbaa00c553d202e550e6086ce4f17e8aaac064,1753.32
6a19564ba328d5dd866d82cac25ad95b7082a7c5,1845.11
9844d209332df5ffd6894fdc9a89436278ec7edd,2413.14
6bdfd486a2e36f715f9b0ff624f6d7740f5c2bc9,2255.13
2e72020e94bef3e74633077b6d20fc7e486b9efb,2163.29
7017b6ef5232f38b69d23e0cb9cb872e84d7fc17,2556.11
2a73678bf321b1bde0feae328fb378e11f011abd,1758.23
893706ad9b7310b84b02077e93bb311f1029407f,1715.40
0a21bdceba27bed7f3a7ab316fcc5998e4a359d5,2443.60
b29ba3548abc265300434a19e6c13b61e5834f7f,2396.37
b60c480804bb00b8e2ab5821d30f93fd1a07f063,1763.76
c42f4c37b694c43fb1894c9506c561abf0d19968,2251.50
69617205f80df06acf2adb38fd8a19f3724b6845,2267.12
05f08bb64db2b5feec2b35d05fd13cec6f211ef3,1829.98
2594e0762ffbe5fc48dc2abc0a93d37692520fd4,1823.89
1d597768bfb1c4ece19b168a1f6083cb4ff55b32,1828.72
674d184d3265f0edd12ce284fdc8f13247163354,2794.49
cf8822103dfc12c93b459518cc72e92cd6cab51b,1743.62
967306fbd12dca9d465f3f1c47fbcad6cfe7531a,1790.75
6b20f6e3d158d1ce3147c4e9306d9b485e083bf4,2272.80
93952695ed0f56bee161acef89dbee7e78914c9a,2797.69
1d0a59796e487f6bcd5e3ba5632cd233ca26229d,1872.53
bd92bcac75e521176f9cfd501fd4d8fb4c87d325,2856.62
b1bac8c00c64e86ae8d5456d2a49f45adb64c0c8,1849.93
3cc6dd0efc570458fe0ca4a0ab6805e9cf212c7e,2418.55
8363915bb7f282fb76c712c310fca4fac5b636a4,1767.40
6b20f6e3d158d1ce3147c4e9306d9b485e083bf4,2256.92
efdaba7c0e605b48fd4a36f2ad7d86e57bc2651b,2430.33
674d184d3265f0edd12ce284fdc8f13247163354,2800.93
e738926eeb9f295afe379870b37e24a74c784e12,2461.93
14181e72088aba6f525559efa7c00159834a22a7,1748.67
b62e362d3945e86725c817101332b66277aff9e4,1780.29
5340d4b7e6e8e3dbf51952c060a67ff3a140bdc6,2816.50
ed4eb9bd2526035029b0ecf210b063c7f86b6915,1775.00
bd92bcac75e521176f9cfd501fd4d8fb4c87d325,2786.70
6d24910a454a95db3aa8c00ad9436a1f21aaa514,2766.25
9a059f4be554afaf791ddeb4a2fb7ebba0d6c9cb,1746.82
69617205f80df06acf2adb38fd8a19f3724b6845,2183.26
fa61c69511d2e5b30106dd0515bdee67e6bbbb03,1756.78
2c290436e25a69c66621c8b97eccec75b9e3ec63,2495.76
e92e5060d8a61c90fc610148b445f5baf3dc7f9a,2216.12
14181e72088aba6f525559efa7c00159834a22a7,1838.21
e738926eeb9f295afe379870b37e24a74c784e12,2411.29
e738926eeb9f295afe379870b37e24a74c784e12,2486.96
2594e0762ffbe5fc48dc2abc0a93d37692520fd4,1845.73
d551b3eb68244702ebbc2eb1b72d1d5882a7c066,1895.07
9844d209332df5ffd6894fdc9a89436278ec7edd,2460.60
82864b246c0005cc66a50daede3568f930504030,2297.61
503ca72b57d603083ec3c2319fb593bc410a722a,1762.03
b60c480804bb00b8e2ab5821d30f93fd1a07f063,1815.86
71b7ce59d7e505268dc39bf006fa0c2faf64b4f7,2260.44
9844d209332df5ffd6894fdc9a89436278ec7edd,2506.58
d71b0a7441cc48d1aba41f854c25db933ec882ed,2754.57
bd155b859e8ea19e0a2b15bcfe21032237e867b4,1815.77
57338a3c92513cb917f98d62156d0e764ea75e7d,2454.38
b0934637750ed6ddd91bf344842c8c5aad1fb70f,2205.30
b1bac8c00c64e86ae8d5456d2a49f45adb64c0c8,1851.28
de2bfde155891ecbba3ad6065f2145bca6b29e4a,2403.61
ed4eb9bd2526035029b0ecf210b063c7f86b6915,1795.94
6d24910a454a95db3aa8c00ad9436a1f21aaa514,2780.10
cf8822103dfc12c93b459518cc72e92cd6cab51b,1754.83
cb8d641965987b6e5ae9bfed952a2ffccab755d7,2260.02
b62e362d3945e86725c817101332b66277aff9e4,1795.28
6b20f6e3d158d1ce3147c4e9306d9b485e083bf4,2225.35
6b20f6e3d158d1ce3147c4e9306d9b485e083bf4,2216.12
eeae0ff3bf4c34565d422ede2b4aee8e6ab3656c,2466.11
967306fbd12dca9d465f3f1c47fbcad6cfe7531a,1766.01
6bdfd486a2e36f715f9b0ff624f6d7740f5c2bc9,2247.96
f2128717794737bb644e6e186de50b109d2c7349,2518.24
f2128717794737bb644e6e186de50b109d2c7349,2503.21
967306fbd12dca9d465f3f1c47fbcad6cfe7531a,1776.52
3b97e9616b96c80b8211a2fb7358c350b491c76e,1764.70
a4d451f3d0e200359f965067f9a2ff6eda8b1726,1793.12
8363915bb7f282fb76c712c310fca4fac5b636a4,1745.01
ed4eb9bd2526035029b0ecf210b063c7f86b6915,1754.29
bd155b859e8ea19e0a2b15bcfe21032237e867b4,1804.31
de2bfde155891ecbba3ad6065f2145bca6b29e4a,2478.76
b60c480804bb00b8e2ab5821d30f93fd1a07f063,1774.45
cb8d641965987b6e5ae9bfed952a2ffccab755d7,2215.88
eeae0ff3bf4c34565d422ede2b4aee8e6ab3656c,2450.93
bdb55f0e1a268ed9e26fd1ea9e893d77302d2131,2446.28
5340d4b7e6e8e3dbf51952c060a67ff3a140bdc6,2754.99
ce551fd050b668bf1a6f39e6b12fdad9f8619468,2776.63
582aaa0d725a161e3f993acfa8ab2d73a6563303,2248.11
fa61c69511d2e5b30106dd0515bdee67e6bbbb03,1825.77
e17d2a83deb3a4918fe9792e84b98a86a121e84f,2452.43
9844d209332df5ffd6894fdc9a89436278ec7edd,2403.86
b236a85d978248eb7b00dc00405c610531e11b4d,2776.41
efdaba7c0e605b48fd4a36f2ad7d86e57bc2651b,2386.26
2f48c6596b68eefd329f9604a46c70c442370c67,1799.37
2f48c6596b68eefd329f9604a46c70c442370c67,1776.91
d90a819076f01163ee6ef816a163f90af72090de,2328.63
db7a072fd3ebf0c9fc9da986d9893447507cbd22,2817.16
b60c480804bb00b8e2ab5821d30f93fd1a07f063,1808.54
6bdfd486a2e36f715f9b0ff624f6d7740f5c2bc9,2252.19
69617205f80df06acf2adb38fd8a19f3724b6845,2237.65
967306fbd12dca9d465f3f1c47fbcad6cfe7531a,1815.91
6a19564ba328d5dd866d82cac25ad95b7082a7c5,1841.33
a62f7317a353031ec7229397b40dbdf330524b3c,2280.39
408a2357aee6495c8f502a49711d9c97078847cc,2955.73
5909b8f5678f9093d5a23505fab1b4d46e12281a,2257.04
57338a3c92513cb917f98d62156d0e764ea75e7d,2444.00
35a41811a0b81b289f627b239ef9f568929281e3,2209.83
503ca72b57d603083ec3c2319fb593bc410a722a,1790.14
b02837b6c77b94799c055f8fa446fb770bfb49f1,2274.38
b5c774d54fa9b76e9a34dd9497f4ede5495e40a7,2780.64
42dbaa00c553d202e550e6086ce4f17e8aaac064,1751.27
de2bfde155891ecbba3ad6065f2145bca6b29e4a,2451.83
3a9a6c7c8a67d51ebbb598495496e28dcd0c18e1,2176.16
82864b246c0005cc66a50daede3568f930504030,2252.40
1841811422d1f46d8efae5dfdcf7c8ed0f1643f8,1787.43
e92e5060d8a61c90fc610148b445f5baf3dc7f9a,2212.86
1d0a59796e487f6bcd5e3ba5632cd233ca26229d,1916.79
abd967603ef43c481a41618cbd75c02fd523dd4b,2817.95
967306fbd12dca9d465f3f1c47fbcad6cfe7531a,1765.58
3941022e5c710392c6bd9f0fe8cce69f9caa08ef,2247.26
1a8fba6c82615c5d0aed3c472a2670b1f41a7029,2534.17
408a2357aee6495c8f502a49711d9c97078847cc,2889.78
9844d209332df5ffd6894fdc9a89436278ec7edd,2447.61
b0934637750ed6ddd91bf344842c8c5aad1fb70f,2347.21
b1bac8c00c64e86ae8d5456d2a49f45adb64c0c8,1867.94
d9c3b1de2bc446177dd3555509395e1cfff0ed38,2454.65
3ec4a5d9f911718e0b6c3f2091537aa87a51c767,2783.94
b29ba3548abc265300434a19e6c13b61e5834f7f,2461.93
2cc74b6f926ce800674b49fc0628fddd4b780b4f,2833.95
8363915bb7f282fb76c712c310fca4fac5b636a4,1747.55
342e6a0db5768642e8d3dd1c212384e0020403f7,2187.89
967306fbd12dca9d465f3f1c47fbcad6cfe7531a,1784.11
c42f4c37b694c43fb1894c9506c561abf0d19968,2261.26
ce551fd050b668bf1a6f39e6b12fdad9f8619468,2833.73
967306fbd12dca9d465f3f1c47fbcad6cfe7531a,1757.85
f241ab986664fbf1c38508d5890a9f754511aff2,1902.50
cc90f726cd721ad2c19cbd27997482a5f9b8a7ae,2435.93
93952695ed0f56bee161acef89dbee7e78914c9a,2744.76
62d042af16ded2608229e19a9bc1bf86c6de827f,2362.49
5340d4b7e6e8e3dbf51952c060a67ff3a140bdc6,2821.31
42dbaa00c553d202e550e6086ce4f17e8aaac064,1764.59
bd92bcac75e521176f9cfd501fd4d8fb4c87d325,2845.30
62d042af16ded2608229e19a9bc1bf86c6de827f,2393.75
893706ad9b7310b84b02077e93bb311f1029407f,1735.45
d9c3b1de2bc446177dd3555509395e1cfff0ed38,2426.42
d551b3eb68244702ebbc2eb1b72d1d5882a7c066,1820.24
bdb55f0e1a268ed9e26fd1ea9e893d77302d2131,2406.19
f939ccf9c28bdf73a5fbc13f00906cef5c70d1db,2421.16
b02837b6c77b94799c055f8fa446fb770bfb49f1,2248.61
05f08bb64db2b5feec2b35d05fd13cec6f211ef3,1848.77
408a2357aee6495c8f502a49711d9c97078847cc,2810.48
3cc6dd0efc570458fe0ca4a0ab6805e9cf212c7e,2478.18
0a21bdceba27bed7f3a7ab316fcc5998e4a359d5,2373.49
eeae0ff3bf4c34565d422ede2b4aee8e6ab3656c,2516.78
2a7918cc48d6625c303ee9d037613b8125bcc346,1806.16
2f48c6596b68eefd329f9604a46c70c442370c67,1800.42
42dbaa00c553d202e550e6086ce4f17e8aaac064,1724.74
76ea7b3e3ed22f08a1340c0a29e4f612fbb8f99b,1775.26
503ca72b57d603083ec3c2319fb593bc410a722a,1804.02
bcbac427ff4bca1748f8eb5125a23d4c739b75e9,2480.27
b3bf673c73b5603b833228996d200f2d66a1e1d8,2841.50
342e6a0db5768642e8d3dd1c212384e0020403f7,2176.00
eb2957a8b3e8c12649c5b83872a238dd74e68dec,2167.55
eeae0ff3bf4c34565d422ede2b4aee8e6ab3656c,2440.47
b5c774d54fa9b76e9a34dd9497f4ede5495e40a7,2780.74
6bdfd486a2e36f715f9b0ff624f6d7740f5c2bc9,2332.24
de2bfde155891ecbba3ad6065f2145bca6b29e4a,2535.57
d90a819076f01163ee6ef816a163f90af72090de,2218.12
71f963ea3a78746fc2a3ba80b2843254b35c211a,2227.24
a62f7317a353031ec7229397b40dbdf330524b3c,2244.25
5340d4b7e6e8e3dbf51952c060a67ff3a140bdc6,2814.05
de2bfde155891ecbba3ad6065f2145bca6b29e4a,2407.64
3941022e5c710392c6bd9f0fe8cce69f9caa08ef,2236.64
81cf92be7ccc87ed85d3bd3a94658396c179e6a2,1818.72
f939ccf9c28bdf73a5fbc13f00906cef5c70d1db,2538.77
3ec4a5d9f911718e0b6c3f2091537aa87a51c767,2802.41
fb6afae74e9ad5b4303dbfa29b34ea09ce789bc7,1775.16
81cf92be7ccc87ed85d3bd3a94658396c179e6a2,1781.05
9d3f82c22bbe23679584ba9f97303fd8bac19ef7,2763.98
c30b97c595a2997b8a70083f21fa07c1a3ba0003,1780.94
bdb55f0e1a268ed9e26fd1ea9e893d77302d2131,2390.05
1d0a59796e487f6bcd5e3ba5632cd233ca26229d,1830.31
2f48c6596b68eefd329f9604a46c70c442370c67,1762.94
a4d451f3d0e200359f965067f9a2ff6eda8b1726,1724.18
e738926eeb9f295afe379870b37e24a74c784e12,2343.11
b29ba3548abc265300434a19e6c13b61e5834f7f,2381.46
3cc6dd0efc570458fe0ca4a0ab6805e9cf212c7e,2432.29
b29ba3548abc265300434a19e6c13b61e5834f7f,2417.32
1a8fba6c82615c5d0aed3c472a2670b1f41a7029,2456.79
71b7ce59d7e505268dc39bf006fa0c2faf64b4f7,2304.55
1d0a59796e487f6bcd5e3ba5632cd233ca26229d,1835.05
eeae0ff3bf4c34565d422ede2b4aee8e6ab3656c,2520.57
342e6a0db5768642e8d3dd1c212384e0020403f7,2251.28
2e72020e94bef3e74633077b6d20fc7e486b9efb,2253.48
b5c774d54fa9b76e9a34dd9497f4ede5495e40a7,2787.53
3ec4a5d9f911718e0b6c3f2091537aa87a51c767,2765.21
3941022e5c710392c6bd9f0fe8cce69f9caa08ef,2290.20
c4bf5ba304aa1bcdb8ddd5f853ab18c9edd3be5b,2395.28
ce551fd050b668bf1a6f39e6b12fdad9f8619468,2784.27
cb8d641965987b6e5ae9bfed952a2ffccab755d7,2227.16
42dbaa00c553d202e550e6086ce4f17e8aaac064,1750.60
836350e06d46766ad8d2c7e05b14e28519b2d04a,2477.69
b0934637750ed6ddd91bf344842c8c5aad1fb70f,2234.24
abd967603ef43c481a41618cbd75c02fd523dd4b,2846.68
6d24910a454a95db3aa8c00ad9436a1f21aaa514,2816.31
14181e72088aba6f525559efa7c00159834a22a7,1767.40
de2bfde155891ecbba3ad6065f2145bca6b29e4a,2424.15
f241ab986664fbf1c38508d5890a9f754511aff2,1837.14
c42f4c37b694c43fb1894c9506c561abf0d19968,2235.21
d551b3eb68244702ebbc2eb1b72d1d5882a7c066,1832.28
81cf92be7ccc87ed85d3bd3a94658396c179e6a2,1790.42
2f48c6596b68eefd329f9604a46c70c442370c67,1747.91
cb8d641965987b6e5ae9bfed952a2ffccab755d7,2258.41
f241ab986664fbf1c38508d5890a9f754511aff2,1820.99
81cf92be7ccc87ed85d3bd3a94658396c179e6a2,1823.24
9d3f82c22bbe23679584ba9f97303fd8bac19ef7,2747.91
6a19564ba328d5dd866d82cac25ad95b7082a7c5,1872.87
b236a85d978248eb7b00dc00405c610531e11b4d,2808.09
bd155b859e8ea19e0a2b15bcfe21032237e867b4,1775.08
fb6afae74e9ad5b4303dbfa29b34ea09ce789bc7,1775.77
f939ccf9c28bdf73a5fbc13f00906cef5c70d1db,2496.66
1d597768bfb1c4ece19b168a1f6083cb4ff55b32,1798.31
fa61c69511d2e5b30106dd0515bdee67e6bbbb03,1834.66
ac4edeb4f74741c8537d8df66c9c33e55a5d9e4f,2840.59
3a9a6c7c8a67d51ebbb598495496e28dcd0c18e1,2261.91
fb6afae74e9ad5b4303dbfa29b34ea09ce789bc7,1770.75
7017b6ef5232f38b69d23e0cb9cb872e84d7fc17,2511.04
893706ad9b7310b84b02077e93bb311f1029407f,1768.42
cf8822103dfc12c93b459518cc72e92cd6cab51b,1735.55
c4bf5ba304aa1bcdb8ddd5f853ab18c9edd3be5b,2391.03
e8d5b97979a3692a2b9ea163332c75600158f89a,2283.20
1d597768bfb1c4ece19b168a1f6083cb4ff55b32,1777.15
3941022e5c710392c6bd9f0fe8cce69f9caa08ef,2198.64
9a059f4be554afaf791ddeb4a2fb7ebba0d6c9cb,1761.28
582aaa0d725a161e3f993acfa8ab2d73a6563303,2248.05
eeae0ff3bf4c34565d422ede2b4aee8e6ab3656c,2505.34
ce551fd050b668bf1a6f39e6b12fdad9f8619468,2800.54
eb2957a8b3e8c12649c5b83872a238dd74e68dec,2243.27
e738926eeb9f295afe379870b37e24a74c784e12,2425.72
31ad0686f949f4a772b3b843403d8e221d7ef57c,1815.48
63ed60b84cbd23672569926b7fb191ded5af34d3,1849.11
abd967603ef43c481a41618cbd75c02fd523dd4b,2798.61
5909b8f5678f9093d5a23505fab1b4d46e12281a,2238.42
cc90f726cd721ad2c19cbd27997482a5f9b8a7ae,2459.62
abd967603ef43c481a41618cbd75c02fd523dd4b,2758.82
2e72020e94bef3e74633077b6d20fc7e486b9efb,2184.39
db7a072fd3ebf0c9fc9da986d9893447507cbd22,2811.37
b3bf673c73b5603b833228996d200f2d66a1e1d8,2880.31
6a19564ba328d5dd866d82cac25ad95b7082a7c5,1867.35
69617205f80df06acf2adb38fd8a19f3724b6845,2221.52
e92e5060d8a61c90fc610148b445f5baf3dc7f9a,2217.53
2c290436e25a69c66621c8b97eccec75b9e3ec63,2464.98
d9c3b1de2bc446177dd3555509395e1cfff0ed38,2508.81
3cc6dd0efc570458fe0ca4a0ab6805e9cf212c7e,2426.03
2a7918cc48d6625c303ee9d037613b8125bcc346,1809.08
b29ba3548abc265300434a19e6c13b61e5834f7f,2426.26
836350e06d46766ad8d2c7e05b14e28519b2d04a,2418.94
31ad0686f949f4a772b3b843403d8e221d7ef57c,1886.73
6bdfd486a2e36f715f9b0ff624f6d7740f5c2bc9,2234.22
b29ba3548abc265300434a19e6c13b61e5834f7f,2440.84
b0934637750ed6ddd91bf344842c8c5aad1fb70f,2214.40
71b7ce59d7e505268dc39bf006fa0c2faf64b4f7,2185.97
81cf92be7ccc87ed85d3bd3a94658396c179e6a2,1769.17
9d3f82c22bbe23679584ba9f97303fd8bac19ef7,2779.68
f2128717794737bb644e6e186de50b109d2c7349,2491.60
f939ccf9c28bdf73a5fbc13f00906cef5c70d1db,2401.77
6a19564ba328d5dd866d82cac25ad95b7082a7c5,1835.53
6bdfd486a2e36f715f9b0ff624f6d7740f5c2bc9,2216.81
9d3f82c22bbe23679584ba9f97303fd8bac19ef7,2879.53
eb2957a8b3e8c12649c5b83872a238dd74e68dec,2149.49
bd155b859e8ea19e0a2b15bcfe21032237e867b4,1759.78
d9c3b1de2bc446177dd3555509395e1cfff0ed38,2467.13
b62e362d3945e86725c817101332b66277aff9e4,1760.02
57338a3c92513cb917f98d62156d0e764ea75e7d,2493.96
f241ab986664fbf1c38508d5890a9f754511aff2,1863.57
d90a819076f01163ee6ef816a163f90af72090de,2270.90
8363915bb7f282fb76c712c310fca4fac5b636a4,1770.73
2f48c6596b68eefd329f9604a46c70c442370c67,1721.37
f2128717794737bb644e6e186de50b109d2c7349,2564.14
cc90f726cd721ad2c19cbd27997482a5f9b8a7ae,2436.78
342e6a0db5768642e8d3dd1c212384e0020403f7,2161.42
b236a85d978248eb7b00dc00405c610531e11b4d,2780.07
342e6a0db5768642e8d3dd1c212384e0020403f7,2174.23
76ea7b3e3ed22f08a1340c0a29e4f612fbb8f99b,1774.39
070887196158c084e39eb7499111f1e0d513ec38,1769.99
408a2357aee6495c8f502a49711d9c97078847cc,2745.31
bdb55f0e1a268ed9e26fd1ea9e893d77302d2131,2577.02
2e72020e94bef3e74633077b6d20fc7e486b9efb,2263.75
dedf6ab9ddd71d0784d41c70a9178d134a4a38a9,2283.66
14181e72088aba6f525559efa7c00159834a22a7,1768.70
fa61c69511d2e5b30106dd0515bdee67e6bbbb03,1776.11
893706ad9b7310b84b02077e93bb311f1029407f,1742.76
cc90f726cd721ad2c19cbd27997482a5f9b8a7ae,2448.57
bd155b859e8ea19e0a2b15bcfe21032237e867b4,1769.98
8363915bb7f282fb76c712c310fca4fac5b636a4,1749.61
b5c774d54fa9b76e9a34dd9497f4ede5495e40a7,2869.99
69617205f80df06acf2adb38fd8a19f3724b6845,2228.45
2c290436e25a69c66621c8b97eccec75b9e3ec63,2371.29
f939ccf9c28bdf73a5fbc13f00906cef5c70d1db,2423.11
ed4eb9bd2526035029b0ecf210b063c7f86b6915,1749.53
a4d451f3d0e200359f965067f9a2ff6eda8b1726,1752.13
836350e06d46766ad8d2c7e05b14e28519b2d04a,2391.57
05f08bb64db2b5feec2b35d05fd13cec6f211ef3,1889.95
d9c3b1de2bc446177dd3555509395e1cfff0ed38,2400.88
efdaba7c0e605b48fd4a36f2ad7d86e57bc2651b,2410.25
342e6a0db5768642e8d3dd1c212384e0020403f7,2191.32
2a7918cc48d6625c303ee9d037613b8125bcc346,1824.52
eb2957a8b3e8c12649c5b83872a238dd74e68dec,2154.58
cc90f726cd721ad2c19cbd27997482a5f9b8a7ae,2418.89
070887196158c084e39eb7499111f1e0d513ec38,1753.79
bcbac427ff4bca1748f8eb5125a23d4c739b75e9,2505.01
63ed60b84cbd23672569926b7fb191ded5af34d3,1767.37
070887196158c084e39eb7499111f1e0d513ec38,1763.70
8363915bb7f282fb76c712c310fca4fac5b636a4,1764.75
eb2957a8b3e8c12649c5b83872a238dd74e68dec,2243.29
b29ba3548abc265300434a19e6c13b61e5834f7f,2382.95
b62e362d3945e86725c817101332b66277aff9e4,1813.18
674d184d3265f0edd12ce284fdc8f13247163354,2810.54
c42f4c37b694c43fb1894c9506c561abf0d19968,2225.59
836350e06d46766ad8d2c7e05b14e28519b2d04a,2440.75
efdaba7c0e605b48fd4a36f2ad7d86e57bc2651b,2446.34
e17d2a83deb3a4918fe9792e84b98a86a121e84f,2455.61
b0934637750ed6ddd91bf344842c8c5aad1fb70f,2223.37
35a41811a0b81b289f627b239ef9f568929281e3,2182.04
1d0a59796e487f6bcd5e3ba5632cd233ca26229d,1825.73
bbb56af69148faab7318a99b145c47f2ef2e995c,2799.28
3ec4a5d9f911718e0b6c3f2091537aa87a51c767,2815.27
9d3f82c22bbe23679584ba9f97303fd8bac19ef7,2765.11
c42f4c37b694c43fb1894c9506c561abf0d19968,2318.32
9844d209332df5ffd6894fdc9a89436278ec7edd,2392.11
93952695ed0f56bee161acef89dbee7e78914c9a,2815.56
b60c480804bb00b8e2ab5821d30f93fd1a07f063,1854.53
2a73678bf321b1bde0feae328fb378e11f011abd,1757.85
bcbac427ff4bca1748f8eb5125a23d4c739b75e9,2556.48
42dbaa00c553d202e550e6086ce4f17e8aaac064,1800.73
abd967603ef43c481a41618cbd75c02fd523dd4b,2845.34
e17d2a83deb3a4918fe9792e84b98a86a121e84f,2431.20
2e72020e94bef3e74633077b6d20fc7e486b9efb,2135.11
ac4edeb4f74741c8537d8df66c9c33e55a5d9e4f,2796.06
ff69df4c9374d2f450fb73ddeb1b1447735e47b2,2448.81
6a19564ba328d5dd866d82cac25ad95b7082a7c5,1872.86
f2128717794737bb644e6e186de50b109d2c7349,2467.70
ce551fd050b668bf1a6f39e6b12fdad9f8619468,2967.39
bbb56af69148faab7318a99b145c47f2ef2e995c,2795.12
3b97e9616b96c80b8211a2fb7358c350b491c76e,1767.53
c42f4c37b694c43fb1894c9506c561abf0d19968,2261.27
c4bf5ba304aa1bcdb8ddd5f853ab18c9edd3be5b,2529.71
31ad0686f949f4a772b3b843403d8e221d7ef57c,1841.06
ed4eb9bd2526035029b0ecf210b063c7f86b6915,1821.85
6b20f6e3d158d1ce3147c4e9306d9b485e083bf4,2207.66
6bdfd486a2e36f715f9b0ff624f6d7740f5c2bc9,2294.86
7017b6ef5232f38b69d23e0cb9cb872e84d7fc17,2440.89
893706ad9b7310b84b02077e93bb311f1029407f,1736.76
71b7ce59d7e505268dc39bf006fa0c2faf64b4f7,2208.23
9a059f4be554afaf791ddeb4a2fb7ebba0d6c9cb,1762.93
acafbcf3cb71ea0a04188c8f6257e3d395fa7c36,2512.38
e8d5b97979a3692a2b9ea163332c75600158f89a,2225.12
b60c480804bb00b8e2ab5821d30f93fd1a07f063,1826.57
bd155b859e8ea19e0a2b15bcfe21032237e867b4,1800.19
3b97e9616b96c80b8211a2fb7358c350b491c76e,1805.61
1a8fba6c82615c5d0aed3c472a2670b1f41a7029,2371.69
bdb55f0e1a268ed9e26fd1ea9e893d77302d2131,2382.36
71b7ce59d7e505268dc39bf006fa0c2faf64b4f7,2219.37
ac4edeb4f74741c8537d8df66c9c33e55a5d9e4f,2796.14
76ea7b3e3ed22f08a1340c0a29e4f612fbb8f99b,1755.09
408a2357aee6495c8f502a49711d9c97078847cc,2799.59
2cc74b6f926ce800674b49fc0628fddd4b780b4f,2745.67
7017b6ef5232f38b69d23e0cb9cb872e84d7fc17,2446.59
a62f7317a353031ec7229397b40dbdf330524b3c,2263.00
967306fbd12dca9d465f3f1c47fbcad6cfe7531a,1769.52
a4d451f3d0e200359f965067f9a2ff6eda8b1726,1783.75
ed4eb9bd2526035029b0ecf210b063c7f86b6915,1794.05
eeae0ff3bf4c34565d422ede2b4aee8e6ab3656c,2455.23
e8d5b97979a3692a2b9ea163332c75600158f89a,2220.20
6a19564ba328d5dd866d82cac25ad95b7082a7c5,1845.02
6a19564ba328d5dd866d82cac25ad95b7082a7c5,1819.11
5340d4b7e6e8e3dbf51952c060a67ff3a140bdc6,2820.12
f2128717794737bb644e6e186de50b109d2c7349,2558.20
b5c774d54fa9b76e9a34dd9497f4ede5495e40a7,2745.93
7017b6ef5232f38b69d23e0cb9cb872e84d7fc17,2372.80
abd967603ef43c481a41618cbd75c02fd523dd4b,2769.16
35a41811a0b81b289f627b239ef9f568929281e3,2203.76
6b20f6e3d158d1ce3147c4e9306d9b485e083bf4,2150.35
62d042af16ded2608229e19a9bc1bf86c6de827f,2376.27
82864b246c0005cc66a50daede3568f930504030,2185.49
b5c774d54fa9b76e9a34dd9497f4ede5495e40a7,2867.90
b0934637750ed6ddd91bf344842c8c5aad1fb70f,2260.81
31ad0686f949f4a772b3b843403d8e221d7ef57c,1897.63
0a21bdceba27bed7f3a7ab316fcc5998e4a359d5,2469.19
3cc6dd0efc570458fe0ca4a0ab6805e9cf212c7e,2511.42
14181e72088aba6f525559efa7c00159834a22a7,1792.12
9844d209332df5ffd6894fdc9a89436278ec7edd,2520.14
76ea7b3e3ed22f08a1340c0a29e4f612fbb8f99b,1801.13
1a8fba6c82615c5d0aed3c472a2670b1f41a7029,2421.74
3ec4a5d9f911718e0b6c3f2091537aa87a51c767,2769.15
b3bf673c73b5603b833228996d200f2d66a1e1d8,2779.15
f2128717794737bb644e6e186de50b109d2c7349,2501.93
82864b246c0005cc66a50daede3568f930504030,2224.19
503ca72b57d603083ec3c2319fb593bc410a722a,1863.95
070887196158c084e39eb7499111f1e0d513ec38,1789.98
14181e72088aba6f525559efa7c00159834a22a7,1811.87
2f48c6596b68eefd329f9604a46c70c442370c67,1773.73
d90a819076f01163ee6ef816a163f90af72090de,2230.20
57338a3c92513cb917f98d62156d0e764ea75e7d,2395.29
7017b6ef5232f38b69d23e0cb9cb872e84d7fc17,2413.54
ce551fd050b668bf1a6f39e6b12fdad9f8619468,2757.53
31ad0686f949f4a772b3b843403d8e221d7ef57c,1801.39
d71b0a7441cc48d1aba41f854c25db933ec882ed,2811.41
582aaa0d725a161e3f993acfa8ab2d73a6563303,2233.34
0a21bdceba27bed7f3a7ab316fcc5998e4a359d5,2376.95
63ed60b84cbd23672569926b7fb191ded5af34d3,1757.25
5909b8f5678f9093d5a23505fab1b4d46e12281a,2201.77
9a059f4be554afaf791ddeb4a2fb7ebba0d6c9cb,1741.91
a4d451f3d0e200359f965067f9a2ff6eda8b1726,1806.81
3a9a6c7c8a67d51ebbb598495496e28dcd0c18e1,2146.00
b5c774d54fa9b76e9a34dd9497f4ede5495e40a7,2838.67
93952695ed0f56bee161acef89dbee7e78914c9a,2793.67
71f963ea3a78746fc2a3ba80b2843254b35c211a,2176.38
2a73678bf321b1bde0feae328fb378e11f011abd,1796.06
b236a85d978248eb7b00dc00405c610531e11b4d,2778.62
1841811422d1f46d8efae5dfdcf7c8ed0f1643f8,1740.64
fa61c69511d2e5b30106dd0515bdee67e6bbbb03,1810.69
d9c3b1de2bc446177dd3555509395e1cfff0ed38,2408.38
3941022e5c710392c6bd9f0fe8cce69f9caa08ef,2236.28
ce551fd050b668bf1a6f39e6b12fdad9f8619468,2784.78
2a73678bf321b1bde0feae328fb378e11f011abd,1740.77
0a21bdceba27bed7f3a7ab316fcc5998e4a359d5,2485.24
db7a072fd3ebf0c9fc9da986d9893447507cbd22,2837.41
de2bfde155891ecbba3ad6065f2145bca6b29e4a,2448.24
31ad0686f949f4a772b3b843403d8e221d7ef57c,1843.47
e92e5060d8a61c90fc610148b445f5baf3dc7f9a,2248.35
b29ba3548abc265300434a19e6c13b61e5834f7f,2401.60
31ad0686f949f4a772b3b843403d8e221d7ef57c,1826.58
b62e362d3945e86725c817101332b66277aff9e4,1772.70
967306fbd12dca9d465f3f1c47fbcad6cfe7531a,1822.88
bdb55f0e1a268ed9e26fd1ea9e893d77302d2131,2417.91
3b97e9616b96c80b8211a2fb7358c350b491c76e,1785.78
14181e72088aba6f525559efa7c00159834a22a7,1765.81
2594e0762ffbe5fc48dc2abc0a93d37692520fd4,1866.73
bd92bcac75e521176f9cfd501fd4d8fb4c87d325,2824.61
674d184d3265f0edd12ce284fdc8f13247163354,2867.37
3941022e5c710392c6bd9f0fe8cce69f9caa08ef,2199.18
c30b97c595a2997b8a70083f21fa07c1a3ba0003,1759.43
2e72020e94bef3e74633077b6d20fc7e486b9efb,2179.07
582aaa0d725a161e3f993acfa8ab2d73a6563303,2234.35
d9c3b1de2bc446177dd3555509395e1cfff0ed38,2434.10
2c290436e25a69c66621c8b97eccec75b9e3ec63,2379.90
efdaba7c0e605b48fd4a36f2ad7d86e57bc2651b,2491.05
c42f4c37b694c43fb1894c9506c561abf0d19968,2205.79
b62e362d3945e86725c817101332b66277aff9e4,1799.04
b236a85d978248eb7b00dc00405c610531e11b4d,2862.93
1d0a59796e487f6bcd5e3ba5632cd233ca26229d,1942.26
9d3f82c22bbe23679584ba9f97303fd8bac19ef7,2796.41
342e6a0db5768642e8d3dd1c212384e0020403f7,2179.12
ac4edeb4f74741c8537d8df66c9c33e55a5d9e4f,2751.55
408a2357aee6495c8f502a49711d9c97078847cc,2815.65
ed4eb9bd2526035029b0ecf210b063c7f86b6915,1729.04
2a73678bf321b1bde0feae328fb378e11f011abd,1739.68
070887196158c084e39eb7499111f1e0d513ec38,1729.29
57338a3c92513cb917f98d62156d0e764ea75e7d,2499.10
71b7ce59d7e505268dc39bf006fa0c2faf64b4f7,2201.29
14181e72088aba6f525559efa7c00159834a22a7,1878.73
14181e72088aba6f525559efa7c00159834a22a7,1805.86
42dbaa00c553d202e550e6086ce4f17e8aaac064,1748.28
cb8d641965987b6e5ae9bfed952a2ffccab755d7,2235.25
2a7918cc48d6625c303ee9d037613b8125bcc346,1812.89
76ea7b3e3ed22f08a1340c0a29e4f612fbb8f99b,1741.45
a4d451f3d0e200359f965067f9a2ff6eda8b1726,1745.83
b0934637750ed6ddd91bf344842c8c5aad1fb70f,2266.98
35a41811a0b81b289f627b239ef9f568929281e3,2178.79
b02837b6c77b94799c055f8fa446fb770bfb49f1,2339.95
35a41811a0b81b289f627b239ef9f568929281e3,2215.65
1a8fba6c82615c5d0aed3c472a2670b1f41a7029,2421.80
2e72020e94bef3e74633077b6d20fc7e486b9efb,2195.69
d71b0a7441cc48d1aba41f854c25db933ec882ed,2760.66
35a41811a0b81b289f627b239ef9f568929281e3,2211.66
b29ba3548abc265300434a19e6c13b61e5834f7f,2500.90
31ad0686f949f4a772b3b843403d8e221d7ef57c,1822.98
d9c3b1de2bc446177dd3555509395e1cfff0ed38,2421.54
2594e0762ffbe5fc48dc2abc0a93d37692520fd4,1856.00
35a41811a0b81b289f627b239ef9f568929281e3,2167.25
3a9a6c7c8a67d51ebbb598495496e28dcd0c18e1,2290.08
2e72020e94bef3e74633077b6d20fc7e486b9efb,2217.75
e738926eeb9f295afe379870b37e24a74c784e12,2396.56
ce551fd050b668bf1a6f39e6b12fdad9f8619468,2783.16
2594e0762ffbe5fc48dc2abc0a93d37692520fd4,1879.95
eb2957a8b3e8c12649c5b83872a238dd74e68dec,2205.96
2cc74b6f926ce800674b49fc0628fddd4b780b4f,2745.50
63ed60b84cbd23672569926b7fb191ded5af34d3,1747.47
836350e06d46766ad8d2c7e05b14e28519b2d04a,2521.40
63ed60b84cbd23672569926b7fb191ded5af34d3,1730.95
cf8822103dfc12c93b459518cc72e92cd6cab51b,1758.61
fa61c69511d2e5b30106dd0515bdee67e6bbbb03,1806.87
c4bf5ba304aa1bcdb8ddd5f853ab18c9edd3be5b,2528.68
2c290436e25a69c66621c8b97eccec75b9e3ec63,2460.75
62d042af16ded2608229e19a9bc1bf86c6de827f,2503.37
b60c480804bb00b8e2ab5821d30f93fd1a07f063,1775.39
efdaba7c0e605b48fd4a36f2ad7d86e57bc2651b,2434.87
ed4eb9bd2526035029b0ecf210b063c7f86b6915,1785.32
fa61c69511d2e5b30106dd0515bdee67e6bbbb03,1781.02
ac4edeb4f74741c8537d8df66c9c33e55a5d9e4f,2777.54
9844d209332df5ffd6894fdc9a89436278ec7edd,2491.83
57338a3c92513cb917f98d62156d0e764ea75e7d,2549.91
bd92bcac75e521176f9cfd501fd4d8fb4c87d325,2770.40
35a41811a0b81b289f627b239ef9f568929281e3,2272.10
6d24910a454a95db3aa8c00ad9436a1f21aaa514,2742.52
b3bf673c73b5603b833228996d200f2d66a1e1d8,2730.75
6bdfd486a2e36f715f9b0ff624f6d7740f5c2bc9,2316.91
c42f4c37b694c43fb1894c9506c561abf0d19968,2281.84
76ea7b3e3ed22f08a1340c0a29e4f612fbb8f99b,1749.23
3cc6dd0efc570458fe0ca4a0ab6805e9cf212c7e,2372.27
3cc6dd0efc570458fe0ca4a0ab6805e9cf212c7e,2406.90
8363915bb7f282fb76c712c310fca4fac5b636a4,1752.38
a62f7317a353031ec7229397b40dbdf330524b3c,2347.11
e92e5060d8a61c90fc610148b445f5baf3dc7f9a,2225.68
ff69df4c9374d2f450fb73ddeb1b1447735e47b2,2492.97
31ad0686f949f4a772b3b843403d8e221d7ef57c,1837.29
63ed60b84cbd23672569926b7fb191ded5af34d3,1746.28
6bdfd486a2e36f715f9b0ff624f6d7740f5c2bc9,2191.25
e17d2a83deb3a4918fe9792e84b98a86a121e84f,2434.41
582aaa0d725a161e3f993acfa8ab2d73a6563303,2179.76
acafbcf3cb71ea0a04188c8f6257e3d395fa7c36,2435.64
93952695ed0f56bee161acef89dbee7e78914c9a,2816.28
cb8d641965987b6e5ae9bfed952a2ffccab755d7,2179.66
342e6a0db5768642e8d3dd1c212384e0020403f7,2218.00
e92e5060d8a61c90fc610148b445f5baf3dc7f9a,2199.30
070887196158c084e39eb7499111f1e0d513ec38,1759.39
e738926eeb9f295afe379870b37e24a74c784e12,2393.19
76ea7b3e3ed22f08a1340c0a29e4f612fbb8f99b,1742.79
db7a072fd3ebf0c9fc9da986d9893447507cbd22,2784.99
5340d4b7e6e8e3dbf51952c060a67ff3a140bdc6,2810.47
1841811422d1f46d8efae5dfdcf7c8ed0f1643f8,1752.42
408a2357aee6495c8f502a49711d9c97078847cc,2775.91
2cc74b6f926ce800674b49fc0628fddd4b780b4f,2777.62
b236a85d978248eb7b00dc00405c610531e11b4d,2799.96
d551b3eb68244702ebbc2eb1b72d1d5882a7c066,1838.39
63ed60b84cbd23672569926b7fb191ded5af34d3,1744.92
bd92bcac75e521176f9cfd501fd4d8fb4c87d325,2845.27
63ed60b84cbd23672569926b7fb191ded5af34d3,1756.60
408a2357aee6495c8f502a49711d9c97078847cc,2769.62
a62f7317a353031ec7229397b40dbdf330524b3c,2202.84
82864b246c0005cc66a50daede3568f930504030,2281.86
503ca72b57d603083ec3c2319fb593bc410a722a,1792.16
674d184d3265f0edd12ce284fdc8f13247163354,2798.16
b62e362d3945e86725c817101332b66277aff9e4,1791.07
d9c3b1de2bc446177dd3555509395e1cfff0ed38,2532.71
b62e362d3945e86725c817101332b66277aff9e4,1795.31
ff69df4c9374d2f450fb73ddeb1b1447735e47b2,2446.13
2a7918cc48d6625c303ee9d037613b8125bcc346,1806.84
93952695ed0f56bee161acef89dbee7e78914c9a,2811.29
f241ab986664fbf1c38508d5890a9f754511aff2,1810.63
acafbcf3cb71ea0a04188c8f6257e3d395fa7c36,2467.76
9d3f82c22bbe23679584ba9f97303fd8bac19ef7,2798.25
14181e72088aba6f525559efa7c00159834a22a7,1772.74
82864b246c0005cc66a50daede3568f930504030,2186.02
9844d209332df5ffd6894fdc9a89436278ec7edd,2481.24
a4d451f3d0e200359f965067f9a2ff6eda8b1726,1781.49
3a9a6c7c8a67d51ebbb598495496e28dcd0c18e1,2179.84
1841811422d1f46d8efae5dfdcf7c8ed0f1643f8,1752.06
e738926eeb9f295afe379870b37e24a74c784e12,2470.39
9d3f82c22bbe23679584ba9f97303fd8bac19ef7,2792.47
2a73678bf321b1bde0feae328fb378e11f011abd,1785.94
cb8d641965987b6e5ae9bfed952a2ffccab755d7,2176.17
b3bf673c73b5603b833228996d200f2d66a1e1d8,2763.45
ed4eb9bd2526035029b0ecf210b063c7f86b6915,1752.52
fb6afae74e9ad5b4303dbfa29b34ea09ce789bc7,1790.11
408a2357aee6495c8f502a49711d9c97078847cc,2865.44
9a059f4be554afaf791ddeb4a2fb7ebba0d6c9cb,1789.56
c30b97c595a2997b8a70083f21fa07c1a3ba0003,1760.63
2cc74b6f926ce800674b49fc0628fddd4b780b4f,2804.58
b5c774d54fa9b76e9a34dd9497f4ede5495e40a7,2747.63
31ad0686f949f4a772b3b843403d8e221d7ef57c,1896.85
eeae0ff3bf4c34565d422ede2b4aee8e6ab3656c,2498.64
62d042af16ded2608229e19a9bc1bf86c6de827f,2455.43
abd967603ef43c481a41618cbd75c02fd523dd4b,2784.60
b02837b6c77b94799c055f8fa446fb770bfb49f1,2227.34
b3bf673c73b5603b833228996d200f2d66a1e1d8,2782.06
fb6afae74e9ad5b4303dbfa29b34ea09ce789bc7,1761.02
bbb56af69148faab7318a99b145c47f2ef2e995c,2785.93
ed4eb9bd2526035029b0ecf210b063c7f86b6915,1733.09
82864b246c0005cc66a50daede3568f930504030,2264.20
2a7918cc48d6625c303ee9d037613b8125bcc346,1831.14
71f963ea3a78746fc2a3ba80b2843254b35c211a,2243.97
de2bfde155891ecbba3ad6065f2145bca6b29e4a,2370.66
05f08bb64db2b5feec2b35d05fd13cec6f211ef3,1845.86
503ca72b57d603083ec3c2319fb593bc410a722a,1760.61
abd967603ef43c481a41618cbd75c02fd523dd4b,2773.26
e17d2a83deb3a4918fe9792e84b98a86a121e84f,2417.52
63ed60b84cbd23672569926b7fb191ded5af34d3,1749.93
e8d5b97979a3692a2b9ea163332c75600158f89a,2200.13
1d0a59796e487f6bcd5e3ba5632cd233ca26229d,1875.94
69617205f80df06acf2adb38fd8a19f3724b6845,2193.42
8363915bb7f282fb76c712c310fca4fac5b636a4,1741.90
d551b3eb68244702ebbc2eb1b72d1d5882a7c066,1835.98
7017b6ef5232f38b69d23e0cb9cb872e84d7fc17,2400.57
0a21bdceba27bed7f3a7ab316fcc5998e4a359d5,2430.92
71b7ce59d7e505268dc39bf006fa0c2faf64b4f7,2261.76
3cc6dd0efc570458fe0ca4a0ab6805e9cf212c7e,2492.85
05f08bb64db2b5feec2b35d05fd13cec6f211ef3,1835.91
070887196158c084e39eb7499111f1e0d513ec38,1752.35
967306fbd12dca9d465f3f1c47fbcad6cfe7531a,1783.09
f939ccf9c28bdf73a5fbc13f00906cef5c70d1db,2411.05
ed4eb9bd2526035029b0ecf210b063c7f86b6915,1759.81
9a059f4be554afaf791ddeb4a2fb7ebba0d6c9cb,1810.66
2a7918cc48d6625c303ee9d037613b8125bcc346,1916.03
1d0a59796e487f6bcd5e3ba5632cd233ca26229d,1865.59
efdaba7c0e605b48fd4a36f2ad7d86e57bc2651b,2384.06
82864b246c0005cc66a50daede3568f930504030,2180.85
69617205f80df06acf2adb38fd8a19f3724b6845,2219.73
2cc74b6f926ce800674b49fc0628fddd4b780b4f,2914.04
b60c480804bb00b8e2ab5821d30f93fd1a07f063,1762.27
d9c3b1de2bc446177dd3555509395e1cfff0ed38,2394.41
2cc74b6f926ce800674b49fc0628fddd4b780b4f,2792.91
cf8822103dfc12c93b459518cc72e92cd6cab51b,1784.49
b1bac8c00c64e86ae8d5456d2a49f45adb64c0c8,1876.33
62d042af16ded2608229e19a9bc1bf86c6de827f,2486.54
bd155b859e8ea19e0a2b15bcfe21032237e867b4,1765.28
2a73678bf321b1bde0feae328fb378e11f011abd,1802.42
b0934637750ed6ddd91bf344842c8c5aad1fb70f,2202.36
93952695ed0f56bee161acef89dbee7e78914c9a,2801.01
b3bf673c73b5603b833228996d200f2d66a1e1d8,2718.48
de2bfde155891ecbba3ad6065f2145bca6b29e4a,2429.90
76ea7b3e3ed22f08a1340c0a29e4f612fbb8f99b,1760.84
967306fbd12dca9d465f3f1c47fbcad6cfe7531a,1817.15
e17d2a83deb3a4918fe9792e84b98a86a121e84f,2475.88
3a9a6c7c8a67d51ebbb598495496e28dcd0c18e1,2238.76
2594e0762ffbe5fc48dc2abc0a93d37692520fd4,1880.57
abd967603ef43c481a41618cbd75c02fd523dd4b,2765.32
dedf6ab9ddd71d0784d41c70a9178d134a4a38a9,2364.16
eeae0ff3bf4c34565d422ede2b4aee8e6ab3656c,2485.90
3ec4a5d9f911718e0b6c3f2091537aa87a51c767,2775.47
efdaba7c0e605b48fd4a36f2ad7d86e57bc2651b,2462.65
eeae0ff3bf4c34565d422ede2b4aee8e6ab3656c,2408.99
2a7918cc48d6625c303ee9d037613b8125bcc346,1883.99
eeae0ff3bf4c34565d422ede2b4aee8e6ab3656c,2426.53
05f08bb64db2b5feec2b35d05fd13cec6f211ef3,1802.15
1d0a59796e487f6bcd5e3ba5632cd233ca26229d,1883.27
7017b6ef5232f38b69d23e0cb9cb872e84d7fc17,2423.06
b3bf673c73b5603b833228996d200f2d66a1e1d8,2762.54
7f45dbb70eb9540f5963eb29fb80eb4ed28543d9,2784.88
1415e64f9db9381582616ceaae0b1c63dc1b987f,2895.87
7c32b7e105184ee2e2027b2dd25bec8dac85f934,2728.88
e1a35141c039d7f6a94b3aeca98660d9e4247111,2763.01
653e2eb441529a171da7304cdf02f989d4bbd6fd,2786.36
d4638c8396f5b5f63c3495804a6f05e574714ded,2817.24
7fd813cd947b1e831fe4add606a46e431258c817,2822.02
b77e51bac1191faf328fa52ae29fcaf9d0456954,2785.87
f727535bcae771a26daf9dff585a8bfd9f015668,2835.92
e1b0df5fec53710214cd700de38d82e1ca92bd79,2716.31
d87cddbae4287143a30d94f191740af879d52618,2767.84
9293766099ddef370d26766766b1822a979553ad,2908.65
7c32b7e105184ee2e2027b2dd25bec8dac85f934,2840.13
1df14edbfc327a1ef309142ef5e8ed68324de320,2829.43
45de7cbc215eb3f1189d23eaf57acf6f7b1a5edf,2742.47
e1a35141c039d7f6a94b3aeca98660d9e4247111,2777.28
8859573dc0e131c5f4bd8ba44323041c84db6208,2938.35
7fd813cd947b1e831fe4add606a46e431258c817,2800.04
8dd66febe8d5e2221a63f4d1228a2a35df81c148,2778.39
d87cddbae4287143a30d94f191740af879d52618,2861.65
2ce27ac0a9cee6c9e674ee22320ddf6482786aec,2848.07
8951f55c5965337ee24889b96a9343dd8177efbc,2787.32
8517458748f08e8cba7792c533337adc392fa8be,2810.91
be7ca538fef7aff52fafa26cb6d6fcaaa9e4c5a7,2784.15
a562e538bfa443a46e998f36c8c2c19206b6d8c0,2779.02
38bb6f0979971d7f75f235d1b732f9788dde6745,2893.79
cf6ffe08616f8633ee6113b91f9d6a07acef38c6,2781.73
90019cb8da2ad8ff59e921f886fd29fc66ec2311,2790.11
f190e2a122099bc32521650c044f8dc2afeb76a0,2751.26
a562e538bfa443a46e998f36c8c2c19206b6d8c0,2734.62
ac28afe6e5bf96d39fd17c3e0a797a7585e1958c,2842.13
3a767deb3fad99bc91cadf799e726dea29de042d,2732.64
4848432864c9c2fb27b2753deb98ae92f0b8c485,2800.93
a96388d273d176cfd615b4fb89955f5f14c8c613,2793.25
a562e538bfa443a46e998f36c8c2c19206b6d8c0,2780.37
99bbdee251624a3c0af03792959c70a365d7df20,2810.75
d61fcfbf7dca701569eb4b14b9f94e10166b8628,2792.72
cf6ffe08616f8633ee6113b91f9d6a07acef38c6,2858.39
b965b1e758534257d7d3489a5e6017b81de3d43f,2708.96
1df14edbfc327a1ef309142ef5e8ed68324de320,2902.72
1415e64f9db9381582616ceaae0b1c63dc1b987f,2779.99
8859573dc0e131c5f4bd8ba44323041c84db6208,2702.17
4848432864c9c2fb27b2753deb98ae92f0b8c485,2789.51
d61fcfbf7dca701569eb4b14b9f94e10166b8628,2838.19
d924385d04898121e537dd2b18c4ae3f80afaead,2801.76
be7ca538fef7aff52fafa26cb6d6fcaaa9e4c5a7,2814.15
1415e64f9db9381582616ceaae0b1c63dc1b987f,2780.20
7f45dbb70eb9540f5963eb29fb80eb4ed28543d9,2834.15
8517458748f08e8cba7792c533337adc392fa8be,2773.00
d4638c8396f5b5f63c3495804a6f05e574714ded,2883.77
7c32b7e105184ee2e2027b2dd25bec8dac85f934,2784.62
d4a8941820c037327538c30a8723ec715b67b6f6,2928.66
e1a35141c039d7f6a94b3aeca98660d9e4247111,2761.90
9b1c0fc9e9f094ccca1fc6a2288e8063daab116b,2807.82
7f45dbb70eb9540f5963eb29fb80eb4ed28543d9,2815.89
d4638c8396f5b5f63c3495804a6f05e574714ded,2775.51
45de7cbc215eb3f1189d23eaf57acf6f7b1a5edf,2759.33
3a767deb3fad99bc91cadf799e726dea29de042d,2749.88
7f45dbb70eb9540f5963eb29fb80eb4ed28543d9,2788.71
d4a8941820c037327538c30a8723ec715b67b6f6,2789.94
477740fc04b45fb9d4f4c2c0d4a37edf8bdd811f,2756.33
b6fabf85043750c895294c0f72ee16279c593ddb,2866.44
4848432864c9c2fb27b2753deb98ae92f0b8c485,2790.68
e1b0df5fec53710214cd700de38d82e1ca92bd79,2775.27
b77e51bac1191faf328fa52ae29fcaf9d0456954,2801.68
f727535bcae771a26daf9dff585a8bfd9f015668,2840.86
d924385d04898121e537dd2b18c4ae3f80afaead,2754.75
823709f519995492d9a092fe315af389616e58f8,2745.07
99bbdee251624a3c0af03792959c70a365d7df20,2813.70
9c5fbf700efbaf69f36d33bf13f5bba401455296,2849.19
1df14edbfc327a1ef309142ef5e8ed68324de320,2763.52
0f3100c7bdeebd06fad30594494b268ce1e31e84,2970.94
38bb6f0979971d7f75f235d1b732f9788dde6745,2875.49
653e2eb441529a171da7304cdf02f989d4bbd6fd,2785.85
6bef9383f7d09023675c31acab433c58bc025084,2829.35
d7dc8dea78ab53b61d78c4e5b99ea03e19e68888,2809.73
49e58c202883648925db5bb2b7d3f3d010a518f8,2806.92
90019cb8da2ad8ff59e921f886fd29fc66ec2311,2794.18
0f3100c7bdeebd06fad30594494b268ce1e31e84,2837.88
9b1c0fc9e9f094ccca1fc6a2288e8063daab116b,2767.27
38bb6f0979971d7f75f235d1b732f9788dde6745,2648.59
8951f55c5965337ee24889b96a9343dd8177efbc,2766.14
653e2eb441529a171da7304cdf02f989d4bbd6fd,2793.30
d924385d04898121e537dd2b18c4ae3f80afaead,2796.79
c1d1945a974be05f5243dcbeadd593c40c054c07,2803.90
90019cb8da2ad8ff59e921f886fd29fc66ec2311,2879.35
e1b0df5fec53710214cd700de38d82e1ca92bd79,2882.59
b77e51bac1191faf328fa52ae29fcaf9d0456954,2885.84
e1b0df5fec53710214cd700de38d82e1ca92bd79,2785.14
0f3100c7bdeebd06fad30594494b268ce1e31e84,2755.94
b965b1e758534257d7d3489a5e6017b81de3d43f,2826.17
9b1c0fc9e9f094ccca1fc6a2288e8063daab116b,2781.61
3a767deb3fad99bc91cadf799e726dea29de042d,2724.56
6a03db835273990489b4d12c5949d52ec8bd2e0f,2850.36
38bb6f0979971d7f75f235d1b732f9788dde6745,2837.40
4848432864c9c2fb27b2753deb98ae92f0b8c485,2732.45
be7ca538fef7aff52fafa26cb6d6fcaaa9e4c5a7,2824.49
d4a8941820c037327538c30a8723ec715b67b6f6,2868.83
b6fabf85043750c895294c0f72ee16279c593ddb,2827.69
823709f519995492d9a092fe315af389616e58f8,2748.43
653e2eb441529a171da7304cdf02f989d4bbd6fd,2776.90
7f45dbb70eb9540f5963eb29fb80eb4ed28543d9,2750.25
49e58c202883648925db5bb2b7d3f3d010a518f8,2794.72
d61fcfbf7dca701569eb4b14b9f94e10166b8628,2807.96
8951f55c5965337ee24889b96a9343dd8177efbc,2788.93
f190e2a122099bc32521650c044f8dc2afeb76a0,2754.89
6bef9383f7d09023675c31acab433c58bc025084,2760.68
90019cb8da2ad8ff59e921f886fd29fc66ec2311,2774.88
b965b1e758534257d7d3489a5e6017b81de3d43f,2794.74
d4638c8396f5b5f63c3495804a6f05e574714ded,2849.10
b6fabf85043750c895294c0f72ee16279c593ddb,2829.59
3a767deb3fad99bc91cadf799e726dea29de042d,2784.05
6a03db835273990489b4d12c5949d52ec8bd2e0f,2774.50
1f6f77da9a59dcbe3bfdf18f9a02515cc74a5914,2869.02
d61fcfbf7dca701569eb4b14b9f94e10166b8628,2751.86
d924385d04898121e537dd2b18c4ae3f80afaead,2813.46
7c58902d39b6566097a4619d8c326f4d6d81106d,2765.50
cf6ffe08616f8633ee6113b91f9d6a07acef38c6,2791.96
d61fcfbf7dca701569eb4b14b9f94e10166b8628,2754.03
d4638c8396f5b5f63c3495804a6f05e574714ded,2790.09
2ce27ac0a9cee6c9e674ee22320ddf6482786aec,2736.22
6a03db835273990489b4d12c5949d52ec8bd2e0f,2695.68
cf6ac2091b90490ce03ba67270a5f6354be220b4,2766.71
4848432864c9c2fb27b2753deb98ae92f0b8c485,2794.96
a96388d273d176cfd615b4fb89955f5f14c8c613,2783.59
d61fcfbf7dca701569eb4b14b9f94e10166b8628,2776.29
ac28afe6e5bf96d39fd17c3e0a797a7585e1958c,2795.55
a562e538bfa443a46e998f36c8c2c19206b6d8c0,2799.45
e1b0df5fec53710214cd700de38d82e1ca92bd79,2634.84
99bbdee251624a3c0af03792959c70a365d7df20,2761.36
2ce27ac0a9cee6c9e674ee22320ddf6482786aec,2822.42
8517458748f08e8cba7792c533337adc392fa8be,2831.55
f727535bcae771a26daf9dff585a8bfd9f015668,2814.56
f190e2a122099bc32521650c044f8dc2afeb76a0,2774.29
90019cb8da2ad8ff59e921f886fd29fc66ec2311,2783.92
a562e538bfa443a46e998f36c8c2c19206b6d8c0,2861.52
9b1c0fc9e9f094ccca1fc6a2288e8063daab116b,2784.19
7c32b7e105184ee2e2027b2dd25bec8dac85f934,2791.61
cf6ac2091b90490ce03ba67270a5f6354be220b4,2796.14
8dd66febe8d5e2221a63f4d1228a2a35df81c148,2829.44
9b1c0fc9e9f094ccca1fc6a2288e8063daab116b,2789.99
f190e2a122099bc32521650c044f8dc2afeb76a0,2773.56
3a767deb3fad99bc91cadf799e726dea29de042d,2923.54
b77e51bac1191faf328fa52ae29fcaf9d0456954,2784.19
823709f519995492d9a092fe315af389616e58f8,2741.28
90019cb8da2ad8ff59e921f886fd29fc66ec2311,2760.58
653e2eb441529a171da7304cdf02f989d4bbd6fd,2749.59
8951f55c5965337ee24889b96a9343dd8177efbc,2834.67
38bb6f0979971d7f75f235d1b732f9788dde6745,2784.74
b965b1e758534257d7d3489a5e6017b81de3d43f,2845.35
ac28afe6e5bf96d39fd17c3e0a797a7585e1958c,2781.55
0f3100c7bdeebd06fad30594494b268ce1e31e84,2786.49
477740fc04b45fb9d4f4c2c0d4a37edf8bdd811f,2799.65
c1d1945a974be05f5243dcbeadd593c40c054c07,2770.32
ac28afe6e5bf96d39fd17c3e0a797a7585e1958c,2805.77
0e99fd9b2de3a84c5d1e5db5095c312682a90c0c,2847.92
b6fabf85043750c895294c0f72ee16279c593ddb,2777.74
8951f55c5965337ee24889b96a9343dd8177efbc,2867.38
8951f55c5965337ee24889b96a9343dd8177efbc,2831.12
9b1c0fc9e9f094ccca1fc6a2288e8063daab116b,2813.42
8859573dc0e131c5f4bd8ba44323041c84db6208,2805.85
d87cddbae4287143a30d94f191740af879d52618,2869.37
d87cddbae4287143a30d94f191740af879d52618,2802.33
2be739c1c659a1592c402a5441f8be6f7881280c,2779.94
be7ca538fef7aff52fafa26cb6d6fcaaa9e4c5a7,2779.16
8859573dc0e131c5f4bd8ba44323041c84db6208,2853.15
0f3100c7bdeebd06fad30594494b268ce1e31e84,2768.78
1415e64f9db9381582616ceaae0b1c63dc1b987f,2765.98
8dd66febe8d5e2221a63f4d1228a2a35df81c148,2841.85
8517458748f08e8cba7792c533337adc392fa8be,2740.16
9c5fbf700efbaf69f36d33bf13f5bba401455296,2779.44
e1b0df5fec53710214cd700de38d82e1ca92bd79,2789.21
b965b1e758534257d7d3489a5e6017b81de3d43f,2804.81
945c5fa0cc5b2f79570439f2ee1016c7ab5fed15,2773.18
4848432864c9c2fb27b2753deb98ae92f0b8c485,2746.44
7c58902d39b6566097a4619d8c326f4d6d81106d,2780.92
49e58c202883648925db5bb2b7d3f3d010a518f8,2760.38
8859573dc0e131c5f4bd8ba44323041c84db6208,2650.12
c1d1945a974be05f5243dcbeadd593c40c054c07,2824.33
6bef9383f7d09023675c31acab433c58bc025084,2765.99
03f9ed13391005583b5cb760ca55657a4a5ae51f,2842.70
03f9ed13391005583b5cb760ca55657a4a5ae51f,2768.61
c1d1945a974be05f5243dcbeadd593c40c054c07,2647.50
f190e2a122099bc32521650c044f8dc2afeb76a0,2788.10
d7dc8dea78ab53b61d78c4e5b99ea03e19e68888,2773.80
6bef9383f7d09023675c31acab433c58bc025084,2787.66
7c58902d39b6566097a4619d8c326f4d6d81106d,2918.07
3a767deb3fad99bc91cadf799e726dea29de042d,2864.32
477740fc04b45fb9d4f4c2c0d4a37edf8bdd811f,2787.90
38bb6f0979971d7f75f235d1b732f9788dde6745,2895.91
7c32b7e105184ee2e2027b2dd25bec8dac85f934,2803.60
6bef9383f7d09023675c31acab433c58bc025084,2784.77
b6fabf85043750c895294c0f72ee16279c593ddb,2808.62
cf6ffe08616f8633ee6113b91f9d6a07acef38c6,2960.10
6bef9383f7d09023675c31acab433c58bc025084,2838.05
7c58902d39b6566097a4619d8c326f4d6d81106d,2780.50
d87cddbae4287143a30d94f191740af879d52618,2748.07
b6fabf85043750c895294c0f72ee16279c593ddb,2839.79
0f3100c7bdeebd06fad30594494b268ce1e31e84,2778.38
0f3100c7bdeebd06fad30594494b268ce1e31e84,2766.49
a96388d273d176cfd615b4fb89955f5f14c8c613,2819.98
9b1c0fc9e9f094ccca1fc6a2288e8063daab116b,2832.94
6a03db835273990489b4d12c5949d52ec8bd2e0f,2867.91
d7dc8dea78ab53b61d78c4e5b99ea03e19e68888,2867.22
cf6ac2091b90490ce03ba67270a5f6354be220b4,2798.28
7f45dbb70eb9540f5963eb29fb80eb4ed28543d9,2774.84
03f9ed13391005583b5cb760ca55657a4a5ae51f,2886.87
945c5fa0cc5b2f79570439f2ee1016c7ab5fed15,2783.00
8dd66febe8d5e2221a63f4d1228a2a35df81c148,2752.74
7f45dbb70eb9540f5963eb29fb80eb4ed28543d9,2779.77
d4638c8396f5b5f63c3495804a6f05e574714ded,2762.84
d61fcfbf7dca701569eb4b14b9f94e10166b8628,2833.60
8dd66febe8d5e2221a63f4d1228a2a35df81c148,2825.49
7fd813cd947b1e831fe4add606a46e431258c817,2821.61
f190e2a122099bc32521650c044f8dc2afeb76a0,2801.48
945c5fa0cc5b2f79570439f2ee1016c7ab5fed15,2745.35
945c5fa0cc5b2f79570439f2ee1016c7ab5fed15,2868.53
e1b0df5fec53710214cd700de38d82e1ca92bd79,2797.97
90019cb8da2ad8ff59e921f886fd29fc66ec2311,2820.96
a562e538bfa443a46e998f36c8c2c19206b6d8c0,2759.71
1f6f77da9a59dcbe3bfdf18f9a02515cc74a5914,2827.80
1f6f77da9a59dcbe3bfdf18f9a02515cc74a5914,2808.29
1415e64f9db9381582616ceaae0b1c63dc1b987f,2756.09
03f9ed13391005583b5cb760ca55657a4a5ae51f,2672.64
38bb6f0979971d7f75f235d1b732f9788dde6745,2788.50
8859573dc0e131c5f4bd8ba44323041c84db6208,2819.80
ac28afe6e5bf96d39fd17c3e0a797a7585e1958c,2770.29
6a03db835273990489b4d12c5949d52ec8bd2e0f,2792.41
2be739c1c659a1592c402a5441f8be6f7881280c,2800.10
cf6ffe08616f8633ee6113b91f9d6a07acef38c6,2826.72
d87cddbae4287143a30d94f191740af879d52618,2890.81
2be739c1c659a1592c402a5441f8be6f7881280c,2899.59
d7dc8dea78ab53b61d78c4e5b99ea03e19e68888,2741.62
1f6f77da9a59dcbe3bfdf18f9a02515cc74a5914,2777.47
f190e2a122099bc32521650c044f8dc2afeb76a0,2818.20
b965b1e758534257d7d3489a5e6017b81de3d43f,2724.96
d87cddbae4287143a30d94f191740af879d52618,2861.38
03f9ed13391005583b5cb760ca55657a4a5ae51f,2694.28
f727535bcae771a26daf9dff585a8bfd9f015668,2899.65
be7ca538fef7aff52fafa26cb6d6fcaaa9e4c5a7,2791.94
38bb6f0979971d7f75f235d1b732f9788dde6745,2822.25
4848432864c9c2fb27b2753deb98ae92f0b8c485,2818.44
38bb6f0979971d7f75f235d1b732f9788dde6745,2827.40
90019cb8da2ad8ff59e921f886fd29fc66ec2311,2811.93
d4638c8396f5b5f63c3495804a6f05e574714ded,2735.62
9293766099ddef370d26766766b1822a979553ad,2774.16
99bbdee251624a3c0af03792959c70a365d7df20,2801.59
8517458748f08e8cba7792c533337adc392fa8be,2793.38
823709f519995492d9a092fe315af389616e58f8,2759.42
be7ca538fef7aff52fafa26cb6d6fcaaa9e4c5a7,2879.04
6a03db835273990489b4d12c5949d52ec8bd2e0f,2886.73
90019cb8da2ad8ff59e921f886fd29fc66ec2311,2904.33
d4a8941820c037327538c30a8723ec715b67b6f6,2862.53
be7ca538fef7aff52fafa26cb6d6fcaaa9e4c5a7,2764.11
f190e2a122099bc32521650c044f8dc2afeb76a0,2772.46
f727535bcae771a26daf9dff585a8bfd9f015668,2809.52
be7ca538fef7aff52fafa26cb6d6fcaaa9e4c5a7,2773.10
8951f55c5965337ee24889b96a9343dd8177efbc,2921.20
653e2eb441529a171da7304cdf02f989d4bbd6fd,2785.19
477740fc04b45fb9d4f4c2c0d4a37edf8bdd811f,2834.52
90019cb8da2ad8ff59e921f886fd29fc66ec2311,2755.24
cf6ffe08616f8633ee6113b91f9d6a07acef38c6,2839.31
d61fcfbf7dca701569eb4b14b9f94e10166b8628,2766.97
1415e64f9db9381582616ceaae0b1c63dc1b987f,2736.26
d4638c8396f5b5f63c3495804a6f05e574714ded,2819.06
7fd813cd947b1e831fe4add606a46e431258c817,2826.32
7fd813cd947b1e831fe4add606a46e431258c817,2780.97
ac28afe6e5bf96d39fd17c3e0a797a7585e1958c,2874.80
4848432864c9c2fb27b2753deb98ae92f0b8c485,2797.52
c1d1945a974be05f5243dcbeadd593c40c054c07,2821.03
0e99fd9b2de3a84c5d1e5db5095c312682a90c0c,2777.07
2be739c1c659a1592c402a5441f8be6f7881280c,2774.53
8859573dc0e131c5f4bd8ba44323041c84db6208,2818.97
c1d1945a974be05f5243dcbeadd593c40c054c07,2779.58
9c5fbf700efbaf69f36d33bf13f5bba401455296,2830.66
8517458748f08e8cba7792c533337adc392fa8be,2745.70
3a767deb3fad99bc91cadf799e726dea29de042d,2676.64
1df14edbfc327a1ef309142ef5e8ed68324de320,2855.92
ac28afe6e5bf96d39fd17c3e0a797a7585e1958c,2740.80
b965b1e758534257d7d3489a5e6017b81de3d43f,2753.64
d4a8941820c037327538c30a8723ec715b67b6f6,2751.68
477740fc04b45fb9d4f4c2c0d4a37edf8bdd811f,2792.01
9c5fbf700efbaf69f36d33bf13f5bba401455296,2824.66
b77e51bac1191faf328fa52ae29fcaf9d0456954,2792.49
c1d1945a974be05f5243dcbeadd593c40c054c07,2848.48
03f9ed13391005583b5cb760ca55657a4a5ae51f,2792.84
d924385d04898121e537dd2b18c4ae3f80afaead,2804.84
e1b0df5fec53710214cd700de38d82e1ca92bd79,2855.11
0e99fd9b2de3a84c5d1e5db5095c312682a90c0c,2825.95
9b1c0fc9e9f094ccca1fc6a2288e8063daab116b,2789.54
9293766099ddef370d26766766b1822a979553ad,2729.17
8859573dc0e131c5f4bd8ba44323041c84db6208,2819.25
8951f55c5965337ee24889b96a9343dd8177efbc,2787.98
823709f519995492d9a092fe315af389616e58f8,2794.19
1df14edbfc327a1ef309142ef5e8ed68324de320,2677.01
be7ca538fef7aff52fafa26cb6d6fcaaa9e4c5a7,2829.97
d7dc8dea78ab53b61d78c4e5b99ea03e19e68888,2829.90
90019cb8da2ad8ff59e921f886fd29fc66ec2311,2807.84
823709f519995492d9a092fe315af389616e58f8,2763.44
3a767deb3fad99bc91cadf799e726dea29de042d,2836.15
49e58c202883648925db5bb2b7d3f3d010a518f8,2837.97
cf6ffe08616f8633ee6113b91f9d6a07acef38c6,2799.86
1415e64f9db9381582616ceaae0b1c63dc1b987f,2794.49
45de7cbc215eb3f1189d23eaf57acf6f7b1a5edf,2753.41
45de7cbc215eb3f1189d23eaf57acf6f7b1a5edf,2788.27
0e99fd9b2de3a84c5d1e5db5095c312682a90c0c,2783.53
7c32b7e105184ee2e2027b2dd25bec8dac85f934,2744.80
d61fcfbf7dca701569eb4b14b9f94e10166b8628,2779.99
d4638c8396f5b5f63c3495804a6f05e574714ded,2832.27
477740fc04b45fb9d4f4c2c0d4a37edf8bdd811f,2792.89
2ce27ac0a9cee6c9e674ee22320ddf6482786aec,2767.59
2be739c1c659a1592c402a5441f8be6f7881280c,2768.19
7fd813cd947b1e831fe4add606a46e431258c817,2836.33
6a03db835273990489b4d12c5949d52ec8bd2e0f,2835.53
8517458748f08e8cba7792c533337adc392fa8be,2832.15
e1b0df5fec53710214cd700de38d82e1ca92bd79,2759.36
03f9ed13391005583b5cb760ca55657a4a5ae51f,2800.92
653e2eb441529a171da7304cdf02f989d4bbd6fd,2715.50
ac28afe6e5bf96d39fd17c3e0a797a7585e1958c,2760.33
a562e538bfa443a46e998f36c8c2c19206b6d8c0,2718.77
8951f55c5965337ee24889b96a9343dd8177efbc,2862.65
8951f55c5965337ee24889b96a9343dd8177efbc,2785.54
cf6ac2091b90490ce03ba67270a5f6354be220b4,2824.12
7c58902d39b6566097a4619d8c326f4d6d81106d,2798.48
49e58c202883648925db5bb2b7d3f3d010a518f8,2871.87
0e99fd9b2de3a84c5d1e5db5095c312682a90c0c,2786.54
1415e64f9db9381582616ceaae0b1c63dc1b987f,2892.55
d924385d04898121e537dd2b18c4ae3f80afaead,2818.45
b965b1e758534257d7d3489a5e6017b81de3d43f,2808.29
7c58902d39b6566097a4619d8c326f4d6d81106d,2827.18
1df14edbfc327a1ef309142ef5e8ed68324de320,2788.03
45de7cbc215eb3f1189d23eaf57acf6f7b1a5edf,2758.20
d61fcfbf7dca701569eb4b14b9f94e10166b8628,2819.11
9293766099ddef370d26766766b1822a979553ad,2803.57
1415e64f9db9381582616ceaae0b1c63dc1b987f,2884.45
d4a8941820c037327538c30a8723ec715b67b6f6,2804.01
8859573dc0e131c5f4bd8ba44323041c84db6208,2799.89
1df14edbfc327a1ef309142ef5e8ed68324de320,2775.19
9b1c0fc9e9f094ccca1fc6a2288e8063daab116b,2742.80
a96388d273d176cfd615b4fb89955f5f14c8c613,2883.14
d4638c8396f5b5f63c3495804a6f05e574714ded,2750.42
e1b0df5fec53710214cd700de38d82e1ca92bd79,2817.01
945c5fa0cc5b2f79570439f2ee1016c7ab5fed15,2863.62
e1a35141c039d7f6a94b3aeca98660d9e4247111,2797.44
a96388d273d176cfd615b4fb89955f5f14c8c613,2841.27
03f9ed13391005583b5cb760ca55657a4a5ae51f,2930.42
49e58c202883648925db5bb2b7d3f3d010a518f8,2796.10
1df14edbfc327a1ef309142ef5e8ed68324de320,2756.64
6bef9383f7d09023675c31acab433c58bc025084,2755.06
8517458748f08e8cba7792c533337adc392fa8be,2820.01
cf6ffe08616f8633ee6113b91f9d6a07acef38c6,2761.68
be7ca538fef7aff52fafa26cb6d6fcaaa9e4c5a7,2838.46
03f9ed13391005583b5cb760ca55657a4a5ae51f,2782.65
49e58c202883648925db5bb2b7d3f3d010a518f8,2798.16
f190e2a122099bc32521650c044f8dc2afeb76a0,2767.73
cf6ffe08616f8633ee6113b91f9d6a07acef38c6,2796.82
a562e538bfa443a46e998f36c8c2c19206b6d8c0,2882.40
2be739c1c659a1592c402a5441f8be6f7881280c,2833.65
8517458748f08e8cba7792c533337adc392fa8be,2845.16
9c5fbf700efbaf69f36d33bf13f5bba401455296,2780.88
6a03db835273990489b4d12c5949d52ec8bd2e0f,2816.94
49e58c202883648925db5bb2b7d3f3d010a518f8,2808.80
7c32b7e105184ee2e2027b2dd25bec8dac85f934,2759.96
2be739c1c659a1592c402a5441f8be6f7881280c,2821.56
9c5fbf700efbaf69f36d33bf13f5bba401455296,2757.60
6a03db835273990489b4d12c5949d52ec8bd2e0f,2789.29
cf6ffe08616f8633ee6113b91f9d6a07acef38c6,2775.47
d4a8941820c037327538c30a8723ec715b67b6f6,2889.21
99bbdee251624a3c0af03792959c70a365d7df20,2788.25
d7dc8dea78ab53b61d78c4e5b99ea03e19e68888,2779.26
477740fc04b45fb9d4f4c2c0d4a37edf8bdd811f,2779.28
d61fcfbf7dca701569eb4b14b9f94e10166b8628,2802.70
2be739c1c659a1592c402a5441f8be6f7881280c,2764.92
d61fcfbf7dca701569eb4b14b9f94e10166b8628,2804.13
477740fc04b45fb9d4f4c2c0d4a37edf8bdd811f,2766.90
b6fabf85043750c895294c0f72ee16279c593ddb,2774.75
7fd813cd947b1e831fe4add606a46e431258c817,2743.82
2ce27ac0a9cee6c9e674ee22320ddf6482786aec,2816.97
d924385d04898121e537dd2b18c4ae3f80afaead,2876.06
9b1c0fc9e9f094ccca1fc6a2288e8063daab116b,2777.73
7c58902d39b6566097a4619d8c326f4d6d81106d,2893.58
e1b0df5fec53710214cd700de38d82e1ca92bd79,2706.15
d4638c8396f5b5f63c3495804a6f05e574714ded,2747.57
d87cddbae4287143a30d94f191740af879d52618,2784.41
d4638c8396f5b5f63c3495804a6f05e574714ded,2797.25
9c5fbf700efbaf69f36d33bf13f5bba401455296,2789.84
3a767deb3fad99bc91cadf799e726dea29de042d,2779.95
cf6ac2091b90490ce03ba67270a5f6354be220b4,2854.99
f190e2a122099bc32521650c044f8dc2afeb76a0,2745.37
7fd813cd947b1e831fe4add606a46e431258c817,2733.69
9b1c0fc9e9f094ccca1fc6a2288e8063daab116b,2810.13
9c5fbf700efbaf69f36d33bf13f5bba401455296,2898.33
3a767deb3fad99bc91cadf799e726dea29de042d,2751.57
823709f519995492d9a092fe315af389616e58f8,2831.35
d87cddbae4287143a30d94f191740af879d52618,2800.97
823709f519995492d9a092fe315af389616e58f8,2891.31
2be739c1c659a1592c402a5441f8be6f7881280c,2816.44
8517458748f08e8cba7792c533337adc392fa8be,2820.11
cf6ac2091b90490ce03ba67270a5f6354be220b4,2798.65
cf6ffe08616f8633ee6113b91f9d6a07acef38c6,2760.47
0e99fd9b2de3a84c5d1e5db5095c312682a90c0c,2810.12
b6fabf85043750c895294c0f72ee16279c593ddb,2900.40
7c58902d39b6566097a4619d8c326f4d6d81106d,2843.01
0e99fd9b2de3a84c5d1e5db5095c312682a90c0c,2827.27
e1a35141c039d7f6a94b3aeca98660d9e4247111,2767.94
e1b0df5fec53710214cd700de38d82e1ca92bd79,2756.38
03f9ed13391005583b5cb760ca55657a4a5ae51f,2811.19
7f45dbb70eb9540f5963eb29fb80eb4ed28543d9,2790.04
477740fc04b45fb9d4f4c2c0d4a37edf8bdd811f,2829.46
b6fabf85043750c895294c0f72ee16279c593ddb,2787.12
49e58c202883648925db5bb2b7d3f3d010a518f8,2913.29
8dd66febe8d5e2221a63f4d1228a2a35df81c148,2813.01
9293766099ddef370d26766766b1822a979553ad,2816.04
45de7cbc215eb3f1189d23eaf57acf6f7b1a5edf,2782.53
1f6f77da9a59dcbe3bfdf18f9a02515cc74a5914,2759.43
477740fc04b45fb9d4f4c2c0d4a37edf8bdd811f,2754.95
d7dc8dea78ab53b61d78c4e5b99ea03e19e68888,2759.06
e1b0df5fec53710214cd700de38d82e1ca92bd79,2892.03
1df14edbfc327a1ef309142ef5e8ed68324de320,2830.93
1df14edbfc327a1ef309142ef5e8ed68324de320,2790.53
99bbdee251624a3c0af03792959c70a365d7df20,2785.77
d7dc8dea78ab53b61d78c4e5b99ea03e19e68888,2752.34
3a767deb3fad99bc91cadf799e726dea29de042d,2871.77
d4a8941820c037327538c30a8723ec715b67b6f6,2652.95
d4638c8396f5b5f63c3495804a6f05e574714ded,2781.83
d7dc8dea78ab53b61d78c4e5b99ea03e19e68888,2875.59
45de7cbc215eb3f1189d23eaf57acf6f7b1a5edf,2786.37
945c5fa0cc5b2f79570439f2ee1016c7ab5fed15,2794.98
d924385d04898121e537dd2b18c4ae3f80afaead,2765.09
823709f519995492d9a092fe315af389616e58f8,2765.55
ac28afe6e5bf96d39fd17c3e0a797a7585e1958c,2754.11
f727535bcae771a26daf9dff585a8bfd9f015668,2840.09
d61fcfbf7dca701569eb4b14b9f94e10166b8628,2795.39
f190e2a122099bc32521650c044f8dc2afeb76a0,2709.69
7c32b7e105184ee2e2027b2dd25bec8dac85f934,2825.82
a96388d273d176cfd615b4fb89955f5f14c8c613,2800.71
7f45dbb70eb9540f5963eb29fb80eb4ed28543d9,2755.20
e1a35141c039d7f6a94b3aeca98660d9e4247111,2772.76
be7ca538fef7aff52fafa26cb6d6fcaaa9e4c5a7,2877.08
6a03db835273990489b4d12c5949d52ec8bd2e0f,2841.68
2ce27ac0a9cee6c9e674ee22320ddf6482786aec,2874.56
a96388d273d176cfd615b4fb89955f5f14c8c613,2938.80
f727535bcae771a26daf9dff585a8bfd9f015668,2799.90
477740fc04b45fb9d4f4c2c0d4a37edf8bdd811f,2789.51
1f6f77da9a59dcbe3bfdf18f9a02515cc74a5914,2822.49
0e99fd9b2de3a84c5d1e5db5095c312682a90c0c,2750.41
945c5fa0cc5b2f79570439f2ee1016c7ab5fed15,2753.47
99bbdee251624a3c0af03792959c70a365d7df20,2778.34
4848432864c9c2fb27b2753deb98ae92f0b8c485,2719.07
6a03db835273990489b4d12c5949d52ec8bd2e0f,2892.53
7c32b7e105184ee2e2027b2dd25bec8dac85f934,2846.16
38bb6f0979971d7f75f235d1b732f9788dde6745,2855.54
1415e64f9db9381582616ceaae0b1c63dc1b987f,2750.23
7c32b7e105184ee2e2027b2dd25bec8dac85f934,2866.10
d61fcfbf7dca701569eb4b14b9f94e10166b8628,2856.01
7c32b7e105184ee2e2027b2dd25bec8dac85f934,2822.00
6bef9383f7d09023675c31acab433c58bc025084,2808.91
823709f519995492d9a092fe315af389616e58f8,2877.91
be7ca538fef7aff52fafa26cb6d6fcaaa9e4c5a7,2792.66
1f6f77da9a59dcbe3bfdf18f9a02515cc74a5914,2783.10
1415e64f9db9381582616ceaae0b1c63dc1b987f,2860.72
99bbdee251624a3c0af03792959c70a365d7df20,2795.46
6a03db835273990489b4d12c5949d52ec8bd2e0f,2835.37
cf6ac2091b90490ce03ba67270a5f6354be220b4,2760.36
b77e51bac1191faf328fa52ae29fcaf9d0456954,2918.26
1415e64f9db9381582616ceaae0b1c63dc1b987f,2788.87
945c5fa0cc5b2f79570439f2ee1016c7ab5fed15,2823.29
b77e51bac1191faf328fa52ae29fcaf9d0456954,2827.12
2ce27ac0a9cee6c9e674ee22320ddf6482786aec,2843.67
90019cb8da2ad8ff59e921f886fd29fc66ec2311,2881.19
7c32b7e105184ee2e2027b2dd25bec8dac85f934,2832.67
8951f55c5965337ee24889b96a9343dd8177efbc,2887.13
7fd813cd947b1e831fe4add606a46e431258c817,2782.09
7c32b7e105184ee2e2027b2dd25bec8dac85f934,2823.86
38bb6f0979971d7f75f235d1b732f9788dde6745,2756.57
8859573dc0e131c5f4bd8ba44323041c84db6208,2848.35
be7ca538fef7aff52fafa26cb6d6fcaaa9e4c5a7,2962.93
7f45dbb70eb9540f5963eb29fb80eb4ed28543d9,2777.98
7c58902d39b6566097a4619d8c326f4d6d81106d,2746.51
945c5fa0cc5b2f79570439f2ee1016c7ab5fed15,2840.56
1df14edbfc327a1ef309142ef5e8ed68324de320,2784.01
6a03db835273990489b4d12c5949d52ec8bd2e0f,2829.34
823709f519995492d9a092fe315af389616e58f8,2783.65
7c32b7e105184ee2e2027b2dd25bec8dac85f934,2837.01
b77e51bac1191faf328fa52ae29fcaf9d0456954,2811.81
b965b1e758534257d7d3489a5e6017b81de3d43f,2893.72
d924385d04898121e537dd2b18c4ae3f80afaead,2757.74
8859573dc0e131c5f4bd8ba44323041c84db6208,2851.36
c1d1945a974be05f5243dcbeadd593c40c054c07,2785.25
7fd813cd947b1e831fe4add606a46e431258c817,2762.72
6a03db835273990489b4d12c5949d52ec8bd2e0f,2779.19
e1a35141c039d7f6a94b3aeca98660d9e4247111,2859.88
d7dc8dea78ab53b61d78c4e5b99ea03e19e68888,2824.77
90019cb8da2ad8ff59e921f886fd29fc66ec2311,2798.74
99bbdee251624a3c0af03792959c70a365d7df20,2791.80
d87cddbae4287143a30d94f191740af879d52618,2838.09
3a767deb3fad99bc91cadf799e726dea29de042d,2800.87
ac28afe6e5bf96d39fd17c3e0a797a7585e1958c,2758.43
8517458748f08e8cba7792c533337adc392fa8be,2876.64
8517458748f08e8cba7792c533337adc392fa8be,2827.38
0f3100c7bdeebd06fad30594494b268ce1e31e84,2813.23
f190e2a122099bc32521650c044f8dc2afeb76a0,2898.88
8859573dc0e131c5f4bd8ba44323041c84db6208,2749.07
8951f55c5965337ee24889b96a9343dd8177efbc,2802.94
6a03db835273990489b4d12c5949d52ec8bd2e0f,2781.63
45de7cbc215eb3f1189d23eaf57acf6f7b1a5edf,2755.51
9c5fbf700efbaf69f36d33bf13f5bba401455296,2756.65
cf6ac2091b90490ce03ba67270a5f6354be220b4,2748.47
49e58c202883648925db5bb2b7d3f3d010a518f8,2806.08
0f3100c7bdeebd06fad30594494b268ce1e31e84,2929.27
1df14edbfc327a1ef309142ef5e8ed68324de320,2844.85
d87cddbae4287143a30d94f191740af879d52618,2793.35
03f9ed13391005583b5cb760ca55657a4a5ae51f,2834.97
945c5fa0cc5b2f79570439f2ee1016c7ab5fed15,2761.26
2ce27ac0a9cee6c9e674ee22320ddf6482786aec,2734.73
d87cddbae4287143a30d94f191740af879d52618,2800.32
9293766099ddef370d26766766b1822a979553ad,2898.84
03f9ed13391005583b5cb760ca55657a4a5ae51f,2779.69
945c5fa0cc5b2f79570439f2ee1016c7ab5fed15,2889.93
8951f55c5965337ee24889b96a9343dd8177efbc,2771.23
7f45dbb70eb9540f5963eb29fb80eb4ed28543d9,2838.58
945c5fa0cc5b2f79570439f2ee1016c7ab5fed15,2806.09
4848432864c9c2fb27b2753deb98ae92f0b8c485,2791.02
d87cddbae4287143a30d94f191740af879d52618,2787.53
9b1c0fc9e9f094ccca1fc6a2288e8063daab116b,2791.16
4848432864c9c2fb27b2753deb98ae92f0b8c485,2805.46
2be739c1c659a1592c402a5441f8be6f7881280c,2858.87
9293766099ddef370d26766766b1822a979553ad,2801.48
90019cb8da2ad8ff59e921f886fd29fc66ec2311,2756.92
f727535bcae771a26daf9dff585a8bfd9f015668,2801.31
c1d1945a974be05f5243dcbeadd593c40c054c07,2779.22
0e99fd9b2de3a84c5d1e5db5095c312682a90c0c,2808.19
b965b1e758534257d7d3489a5e6017b81de3d43f,2830.74
d4638c8396f5b5f63c3495804a6f05e574714ded,2832.69
03f9ed13391005583b5cb760ca55657a4a5ae51f,2860.99
945c5fa0cc5b2f79570439f2ee1016c7ab5fed15,2792.99
d924385d04898121e537dd2b18c4ae3f80afaead,2877.17
90019cb8da2ad8ff59e921f886fd29fc66ec2311,2865.44
e1a35141c039d7f6a94b3aeca98660d9e4247111,2809.58
8dd66febe8d5e2221a63f4d1228a2a35df81c148,2767.38
d4638c8396f5b5f63c3495804a6f05e574714ded,2851.88
99bbdee251624a3c0af03792959c70a365d7df20,2793.07
1df14edbfc327a1ef309142ef5e8ed68324de320,2784.61
1df14edbfc327a1ef309142ef5e8ed68324de320,2768.57
2ce27ac0a9cee6c9e674ee22320ddf6482786aec,2864.28
c1d1945a974be05f5243dcbeadd593c40c054c07,2721.18
9b1c0fc9e9f094ccca1fc6a2288e8063daab116b,2839.28
4848432864c9c2fb27b2753deb98ae92f0b8c485,2835.30
9c5fbf700efbaf69f36d33bf13f5bba401455296,2872.22
d924385d04898121e537dd2b18c4ae3f80afaead,2790.29
7c32b7e105184ee2e2027b2dd25bec8dac85f934,2837.89
477740fc04b45fb9d4f4c2c0d4a37edf8bdd811f,2790.09
2be739c1c659a1592c402a5441f8be6f7881280c,2816.39
8859573dc0e131c5f4bd8ba44323041c84db6208,2923.64
d61fcfbf7dca701569eb4b14b9f94e10166b8628,2752.84
45de7cbc215eb3f1189d23eaf57acf6f7b1a5edf,2845.84
7c58902d39b6566097a4619d8c326f4d6d81106d,2753.63
945c5fa0cc5b2f79570439f2ee1016c7ab5fed15,2837.02
d7dc8dea78ab53b61d78c4e5b99ea03e19e68888,2761.06
d4a8941820c037327538c30a8723ec715b67b6f6,2869.50
ac28afe6e5bf96d39fd17c3e0a797a7585e1958c,2770.64
7f45dbb70eb9540f5963eb29fb80eb4ed28543d9,2766.29
e1a35141c039d7f6a94b3aeca98660d9e4247111,2973.25
2ce27ac0a9cee6c9e674ee22320ddf6482786aec,2792.26
b6fabf85043750c895294c0f72ee16279c593ddb,2774.31
e1a35141c039d7f6a94b3aeca98660d9e4247111,2767.27
f190e2a122099bc32521650c044f8dc2afeb76a0,2748.61
9b1c0fc9e9f094ccca1fc6a2288e8063daab116b,2830.91
8dd66febe8d5e2221a63f4d1228a2a35df81c148,2841.95
e1b0df5fec53710214cd700de38d82e1ca92bd79,2786.48
ac28afe6e5bf96d39fd17c3e0a797a7585e1958c,2760.97
7fd813cd947b1e831fe4add606a46e431258c817,2742.84
38bb6f0979971d7f75f235d1b732f9788dde6745,2729.52
f190e2a122099bc32521650c044f8dc2afeb76a0,2780.74
d4a8941820c037327538c30a8723ec715b67b6f6,2774.60
9c5fbf700efbaf69f36d33bf13f5bba401455296,2824.14
9293766099ddef370d26766766b1822a979553ad,2822.73
d7dc8dea78ab53b61d78c4e5b99ea03e19e68888,2798.15
7c32b7e105184ee2e2027b2dd25bec8dac85f934,2801.93
a96388d273d176cfd615b4fb89955f5f14c8c613,2801.13
f727535bcae771a26daf9dff585a8bfd9f015668,2769.41
d4a8941820c037327538c30a8723ec715b67b6f6,2765.42
cf6ffe08616f8633ee6113b91f9d6a07acef38c6,2858.18
9b1c0fc9e9f094ccca1fc6a2288e8063daab116b,2757.53
7c32b7e105184ee2e2027b2dd25bec8dac85f934,2790.06
945c5fa0cc5b2f79570439f2ee1016c7ab5fed15,2794.38
8dd66febe8d5e2221a63f4d1228a2a35df81c148,2864.35
cf6ffe08616f8633ee6113b91f9d6a07acef38c6,2882.23
4848432864c9c2fb27b2753deb98ae92f0b8c485,2758.28
7c58902d39b6566097a4619d8c326f4d6d81106d,2827.52
f727535bcae771a26daf9dff585a8bfd9f015668,2774.28
8dd66febe8d5e2221a63f4d1228a2a35df81c148,2825.20
b6fabf85043750c895294c0f72ee16279c593ddb,2813.84
b965b1e758534257d7d3489a5e6017b81de3d43f,2757.60
2be739c1c659a1592c402a5441f8be6f7881280c,2652.80
7f45dbb70eb9540f5963eb29fb80eb4ed28543d9,2920.89
6bef9383f7d09023675c31acab433c58bc025084,2744.77
38bb6f0979971d7f75f235d1b732f9788dde6745,2903.92
1f6f77da9a59dcbe3bfdf18f9a02515cc74a5914,2861.47
7c58902d39b6566097a4619d8c326f4d6d81106d,2806.60
a96388d273d176cfd615b4fb89955f5f14c8c613,2750.63
d924385d04898121e537dd2b18c4ae3f80afaead,2859.06
a96388d273d176cfd615b4fb89955f5f14c8c613,2879.90
7c32b7e105184ee2e2027b2dd25bec8dac85f934,2818.93
cf6ac2091b90490ce03ba67270a5f6354be220b4,2746.12
8951f55c5965337ee24889b96a9343dd8177efbc,2809.53
e1a35141c039d7f6a94b3aeca98660d9e4247111,2821.29
7fd813cd947b1e831fe4add606a46e431258c817,2800.21
99bbdee251624a3c0af03792959c70a365d7df20,2841.64
a96388d273d176cfd615b4fb89955f5f14c8c613,2974.66
823709f519995492d9a092fe315af389616e58f8,2732.24
945c5fa0cc5b2f79570439f2ee1016c7ab5fed15,2810.63
45de7cbc215eb3f1189d23eaf57acf6f7b1a5edf,2801.15
2be739c1c659a1592c402a5441f8be6f7881280c,2731.88
0f3100c7bdeebd06fad30594494b268ce1e31e84,2760.45
cf6ffe08616f8633ee6113b91f9d6a07acef38c6,2810.51
1df14edbfc327a1ef309142ef5e8ed68324de320,2735.84
823709f519995492d9a092fe315af389616e58f8,2846.00
1f6f77da9a59dcbe3bfdf18f9a02515cc74a5914,2863.63
6a03db835273990489b4d12c5949d52ec8bd2e0f,2830.94
03f9ed13391005583b5cb760ca55657a4a5ae51f,2867.99
8951f55c5965337ee24889b96a9343dd8177efbc,2810.02
c1d1945a974be05f5243dcbeadd593c40c054c07,2747.27
45de7cbc215eb3f1189d23eaf57acf6f7b1a5edf,2864.40
cf6ffe08616f8633ee6113b91f9d6a07acef38c6,2758.30
d924385d04898121e537dd2b18c4ae3f80afaead,2839.31
ac28afe6e5bf96d39fd17c3e0a797a7585e1958c,2849.31
0f3100c7bdeebd06fad30594494b268ce1e31e84,2787.26
b77e51bac1191faf328fa52ae29fcaf9d0456954,2773.47
2be739c1c659a1592c402a5441f8be6f7881280c,2805.60
9c5fbf700efbaf69f36d33bf13f5bba401455296,2894.40
90019cb8da2ad8ff59e921f886fd29fc66ec2311,2817.70
1f6f77da9a59dcbe3bfdf18f9a02515cc74a5914,2798.92
1f6f77da9a59dcbe3bfdf18f9a02515cc74a5914,2799.79
b965b1e758534257d7d3489a5e6017b81de3d43f,2830.71
945c5fa0cc5b2f79570439f2ee1016c7ab5fed15,2770.62
b6fabf85043750c895294c0f72ee16279c593ddb,2885.33
90019cb8da2ad8ff59e921f886fd29fc66ec2311,2799.21
d4a8941820c037327538c30a8723ec715b67b6f6,2777.02
49e58c202883648925db5bb2b7d3f3d010a518f8,2910.65
1f6f77da9a59dcbe3bfdf18f9a02515cc74a5914,2840.13
0e99fd9b2de3a84c5d1e5db5095c312682a90c0c,2800.24
d7dc8dea78ab53b61d78c4e5b99ea03e19e68888,2882.52
ac28afe6e5bf96d39fd17c3e0a797a7585e1958c,2796.97
1415e64f9db9381582616ceaae0b1c63dc1b987f,2773.79
8dd66febe8d5e2221a63f4d1228a2a35df81c148,2790.71
d4a8941820c037327538c30a8723ec715b67b6f6,2770.36
d61fcfbf7dca701569eb4b14b9f94e10166b8628,2785.99
7f45dbb70eb9540f5963eb29fb80eb4ed28543d9,2836.98
2ce27ac0a9cee6c9e674ee22320ddf6482786aec,2761.86
d61fcfbf7dca701569eb4b14b9f94e10166b8628,2763.88
0f3100c7bdeebd06fad30594494b268ce1e31e84,2867.40
d61fcfbf7dca701569eb4b14b9f94e10166b8628,2819.14
99bbdee251624a3c0af03792959c70a365d7df20,2791.07
d924385d04898121e537dd2b18c4ae3f80afaead,2808.15
d61fcfbf7dca701569eb4b14b9f94e10166b8628,2775.07
a96388d273d176cfd615b4fb89955f5f14c8c613,2758.74
f190e2a122099bc32521650c044f8dc2afeb76a0,2820.83
8859573dc0e131c5f4bd8ba44323041c84db6208,2830.49
d87cddbae4287143a30d94f191740af879d52618,2738.91
9c5fbf700efbaf69f36d33bf13f5bba401455296,2835.34
cf6ffe08616f8633ee6113b91f9d6a07acef38c6,2795.09
1f6f77da9a59dcbe3bfdf18f9a02515cc74a5914,2779.21
d4a8941820c037327538c30a8723ec715b67b6f6,2675.18
f727535bcae771a26daf9dff585a8bfd9f015668,2751.33
6a03db835273990489b4d12c5949d52ec8bd2e0f,2795.62
cf6ac2091b90490ce03ba67270a5f6354be220b4,2801.15
38bb6f0979971d7f75f235d1b732f9788dde6745,2815.49
cf6ac2091b90490ce03ba67270a5f6354be220b4,2765.47
7fd813cd947b1e831fe4add606a46e431258c817,2792.30
cf6ffe08616f8633ee6113b91f9d6a07acef38c6,2810.70
8951f55c5965337ee24889b96a9343dd8177efbc,2814.25
e1a35141c039d7f6a94b3aeca98660d9e4247111,2808.07
a562e538bfa443a46e998f36c8c2c19206b6d8c0,2847.18
0f3100c7bdeebd06fad30594494b268ce1e31e84,2782.54
7c58902d39b6566097a4619d8c326f4d6d81106d,2761.61
6bef9383f7d09023675c31acab433c58bc025084,2817.61
8dd66febe8d5e2221a63f4d1228a2a35df81c148,2793.37
a562e538bfa443a46e998f36c8c2c19206b6d8c0,2759.75
8dd66febe8d5e2221a63f4d1228a2a35df81c148,2817.47
d4638c8396f5b5f63c3495804a6f05e574714ded,2767.17
cf6ac2091b90490ce03ba67270a5f6354be220b4,2892.97
d61fcfbf7dca701569eb4b14b9f94e10166b8628,2796.43
653e2eb441529a171da7304cdf02f989d4bbd6fd,2779.96
653e2eb441529a171da7304cdf02f989d4bbd6fd,2781.00
e1a35141c039d7f6a94b3aeca98660d9e4247111,2824.71
a562e538bfa443a46e998f36c8c2c19206b6d8c0,2824.88
ac28afe6e5bf96d39fd17c3e0a797a7585e1958c,2803.90
cf6ffe08616f8633ee6113b91f9d6a07acef38c6,2796.55
38bb6f0979971d7f75f235d1b732f9788dde6745,2873.22
653e2eb441529a171da7304cdf02f989d4bbd6fd,2833.07
9b1c0fc9e9f094ccca1fc6a2288e8063daab116b,2836.32
6bef9383f7d09023675c31acab433c58bc025084,2779.09
6a03db835273990489b4d12c5949d52ec8bd2e0f,2834.54
ac28afe6e5bf96d39fd17c3e0a797a7585e1958c,2815.64
6bef9383f7d09023675c31acab433c58bc025084,2870.60
1df14edbfc327a1ef309142ef5e8ed68324de320,2895.10
a562e538bfa443a46e998f36c8c2c19206b6d8c0,2725.53
d61fcfbf7dca701569eb4b14b9f94e10166b8628,2892.30
8951f55c5965337ee24889b96a9343dd8177efbc,2845.38
cf6ac2091b90490ce03ba67270a5f6354be220b4,2881.87
7fd813cd947b1e831fe4add606a46e431258c817,2815.62
a562e538bfa443a46e998f36c8c2c19206b6d8c0,2688.50
c1d1945a974be05f5243dcbeadd593c40c054c07,2757.73
653e2eb441529a171da7304cdf02f989d4bbd6fd,2846.98
d924385d04898121e537dd2b18c4ae3f80afaead,2766.79
d87cddbae4287143a30d94f191740af879d52618,2811.43
03f9ed13391005583b5cb760ca55657a4a5ae51f,2821.10
7fd813cd947b1e831fe4add606a46e431258c817,2807.61
03f9ed13391005583b5cb760ca55657a4a5ae51f,2780.61
3a767deb3fad99bc91cadf799e726dea29de042d,2765.51
2ce27ac0a9cee6c9e674ee22320ddf6482786aec,2759.73
b965b1e758534257d7d3489a5e6017b81de3d43f,2904.63
6bef9383f7d09023675c31acab433c58bc025084,2796.61
d7dc8dea78ab53b61d78c4e5b99ea03e19e68888,2790.04
d4a8941820c037327538c30a8723ec715b67b6f6,2799.41
3a767deb3fad99bc91cadf799e726dea29de042d,2686.98
a562e538bfa443a46e998f36c8c2c19206b6d8c0,2768.42
03f9ed13391005583b5cb760ca55657a4a5ae51f,2802.60
b77e51bac1191faf328fa52ae29fcaf9d0456954,2800.17
945c5fa0cc5b2f79570439f2ee1016c7ab5fed15,2778.08
8859573dc0e131c5f4bd8ba44323041c84db6208,2754.73
1f6f77da9a59dcbe3bfdf18f9a02515cc74a5914,2837.34
2be739c1c659a1592c402a5441f8be6f7881280c,2843.44
477740fc04b45fb9d4f4c2c0d4a37edf8bdd811f,2780.18
3a767deb3fad99bc91cadf799e726dea29de042d,2798.57
03f9ed13391005583b5cb760ca55657a4a5ae51f,2848.86
f190e2a122099bc32521650c044f8dc2afeb76a0,2785.63
c1d1945a974be05f5243dcbeadd593c40c054c07,2893.77
653e2eb441529a171da7304cdf02f989d4bbd6fd,2788.30
49e58c202883648925db5bb2b7d3f3d010a518f8,2790.47
45de7cbc215eb3f1189d23eaf57acf6f7b1a5edf,2741.36
e1a35141c039d7f6a94b3aeca98660d9e4247111,2774.41
c1d1945a974be05f5243dcbeadd593c40c054c07,2781.44
9293766099ddef370d26766766b1822a979553ad,2835.42
8517458748f08e8cba7792c533337adc392fa8be,2824.28
b77e51bac1191faf328fa52ae29fcaf9d0456954,2779.15
d4638c8396f5b5f63c3495804a6f05e574714ded,2815.88
8951f55c5965337ee24889b96a9343dd8177efbc,2836.68
1df14edbfc327a1ef309142ef5e8ed68324de320,2757.01
a96388d273d176cfd615b4fb89955f5f14c8c613,2825.91
3a767deb3fad99bc91cadf799e726dea29de042d,2819.12
f727535bcae771a26daf9dff585a8bfd9f015668,2763.68
45de7cbc215eb3f1189d23eaf57acf6f7b1a5edf,2750.66
7fd813cd947b1e831fe4add606a46e431258c817,2789.16
d924385d04898121e537dd2b18c4ae3f80afaead,2677.73
9b1c0fc9e9f094ccca1fc6a2288e8063daab116b,2793.72
be7ca538fef7aff52fafa26cb6d6fcaaa9e4c5a7,2844.60
9293766099ddef370d26766766b1822a979553ad,2801.46
7fd813cd947b1e831fe4add606a46e431258c817,2843.60
6a03db835273990489b4d12c5949d52ec8bd2e0f,2752.36
2be739c1c659a1592c402a5441f8be6f7881280c,2870.21
9c5fbf700efbaf69f36d33bf13f5bba401455296,2732.01
d7dc8dea78ab53b61d78c4e5b99ea03e19e68888,2762.84
a96388d273d176cfd615b4fb89955f5f14c8c613,2907.05
d4a8941820c037327538c30a8723ec715b67b6f6,2808.17
f727535bcae771a26daf9dff585a8bfd9f015668,2823.10
cf6ac2091b90490ce03ba67270a5f6354be220b4,2755.86
2ce27ac0a9cee6c9e674ee22320ddf6482786aec,2750.29
f727535bcae771a26daf9dff585a8bfd9f015668,2777.12
0e99fd9b2de3a84c5d1e5db5095c312682a90c0c,2835.08
e1a35141c039d7f6a94b3aeca98660d9e4247111,2789.80
8dd66febe8d5e2221a63f4d1228a2a35df81c148,2759.24
d924385d04898121e537dd2b18c4ae3f80afaead,2909.24
a96388d273d176cfd615b4fb89955f5f14c8c613,2790.52
9b1c0fc9e9f094ccca1fc6a2288e8063daab116b,2829.92
9293766099ddef370d26766766b1822a979553ad,2750.98
e1b0df5fec53710214cd700de38d82e1ca92bd79,2732.72
7f45dbb70eb9540f5963eb29fb80eb4ed28543d9,2753.65
6bef9383f7d09023675c31acab433c58bc025084,2794.52
8859573dc0e131c5f4bd8ba44323041c84db6208,2785.24
b77e51bac1191faf328fa52ae29fcaf9d0456954,2796.56
9293766099ddef370d26766766b1822a979553ad,2756.24
1415e64f9db9381582616ceaae0b1c63dc1b987f,2776.76
3a767deb3fad99bc91cadf799e726dea29de042d,2735.41
b6fabf85043750c895294c0f72ee16279c593ddb,2945.04
45de7cbc215eb3f1189d23eaf57acf6f7b1a5edf,2777.40
8951f55c5965337ee24889b96a9343dd8177efbc,2784.82
d4a8941820c037327538c30a8723ec715b67b6f6,2781.00
0e99fd9b2de3a84c5d1e5db5095c312682a90c0c,2743.78
a562e538bfa443a46e998f36c8c2c19206b6d8c0,2758.20
f190e2a122099bc32521650c044f8dc2afeb76a0,2839.12
be7ca538fef7aff52fafa26cb6d6fcaaa9e4c5a7,2926.48
653e2eb441529a171da7304cdf02f989d4bbd6fd,2837.95
8517458748f08e8cba7792c533337adc392fa8be,2825.72
9b1c0fc9e9f094ccca1fc6a2288e8063daab116b,2747.57
b965b1e758534257d7d3489a5e6017b81de3d43f,2784.75
d4a8941820c037327538c30a8723ec715b67b6f6,2823.48
477740fc04b45fb9d4f4c2c0d4a37edf8bdd811f,2769.72
d924385d04898121e537dd2b18c4ae3f80afaead,2774.26
653e2eb441529a171da7304cdf02f989d4bbd6fd,2794.52
b6fabf85043750c895294c0f72ee16279c593ddb,2801.96
e1b0df5fec53710214cd700de38d82e1ca92bd79,2788.30
49e58c202883648925db5bb2b7d3f3d010a518f8,2843.48
8dd66febe8d5e2221a63f4d1228a2a35df81c148,2850.00
c1d1945a974be05f5243dcbeadd593c40c054c07,2756.72
8859573dc0e131c5f4bd8ba44323041c84db6208,2720.58
477740fc04b45fb9d4f4c2c0d4a37edf8bdd811f,2736.28
945c5fa0cc5b2f79570439f2ee1016c7ab5fed15,2766.65
a562e538bfa443a46e998f36c8c2c19206b6d8c0,2807.75
99bbdee251624a3c0af03792959c70a365d7df20,2811.20
7c58902d39b6566097a4619d8c326f4d6d81106d,2760.64
823709f519995492d9a092fe315af389616e58f8,2759.98
c1d1945a974be05f5243dcbeadd593c40c054c07,2847.73
03f9ed13391005583b5cb760ca55657a4a5ae51f,3061.26
0e99fd9b2de3a84c5d1e5db5095c312682a90c0c,2789.21
d7dc8dea78ab53b61d78c4e5b99ea03e19e68888,2884.53
8dd66febe8d5e2221a63f4d1228a2a35df81c148,2814.04
49e58c202883648925db5bb2b7d3f3d010a518f8,2795.74
45de7cbc215eb3f1189d23eaf57acf6f7b1a5edf,2820.83
8951f55c5965337ee24889b96a9343dd8177efbc,2834.39
d924385d04898121e537dd2b18c4ae3f80afaead,2707.48
b965b1e758534257d7d3489a5e6017b81de3d43f,2772.50
7fd813cd947b1e831fe4add606a46e431258c817,2795.09
f190e2a122099bc32521650c044f8dc2afeb76a0,2769.16
d61fcfbf7dca701569eb4b14b9f94e10166b8628,2804.43
f727535bcae771a26daf9dff585a8bfd9f015668,2848.01
945c5fa0cc5b2f79570439f2ee1016c7ab5fed15,2780.78
b965b1e758534257d7d3489a5e6017b81de3d43f,2800.16
d7dc8dea78ab53b61d78c4e5b99ea03e19e68888,2779.58
0f3100c7bdeebd06fad30594494b268ce1e31e84,2778.74
d61fcfbf7dca701569eb4b14b9f94e10166b8628,2765.89
1415e64f9db9381582616ceaae0b1c63dc1b987f,2809.56
7c58902d39b6566097a4619d8c326f4d6d81106d,2830.08
1df14edbfc327a1ef309142ef5e8ed68324de320,2793.49
7c58902d39b6566097a4619d8c326f4d6d81106d,2772.88
7c58902d39b6566097a4619d8c326f4d6d81106d,2812.03
477740fc04b45fb9d4f4c2c0d4a37edf8bdd811f,2809.96
b77e51bac1191faf328fa52ae29fcaf9d0456954,2805.06
8dd66febe8d5e2221a63f4d1228a2a35df81c148,2777.93
b77e51bac1191faf328fa52ae29fcaf9d0456954,2785.24
e1a35141c039d7f6a94b3aeca98660d9e4247111,2794.63
653e2eb441529a171da7304cdf02f989d4bbd6fd,2843.36
ac28afe6e5bf96d39fd17c3e0a797a7585e1958c,2631.75
1df14edbfc327a1ef309142ef5e8ed68324de320,2781.09
8dd66febe8d5e2221a63f4d1228a2a35df81c148,2809.11
c1d1945a974be05f5243dcbeadd593c40c054c07,2735.99
8951f55c5965337ee24889b96a9343dd8177efbc,2829.15
e1b0df5fec53710214cd700de38d82e1ca92bd79,2775.21
e1a35141c039d7f6a94b3aeca98660d9e4247111,2767.59
c1d1945a974be05f5243dcbeadd593c40c054c07,2820.42
38bb6f0979971d7f75f235d1b732f9788dde6745,2729.98
6bef9383f7d09023675c31acab433c58bc025084,2758.43
b965b1e758534257d7d3489a5e6017b81de3d43f,2835.23
be7ca538fef7aff52fafa26cb6d6fcaaa9e4c5a7,2785.72
7fd813cd947b1e831fe4add606a46e431258c817,2794.43
7f45dbb70eb9540f5963eb29fb80eb4ed28543d9,2777.10
ac28afe6e5bf96d39fd17c3e0a797a7585e1958c,2820.03
3a767deb3fad99bc91cadf799e726dea29de042d,2763.34
823709f519995492d9a092fe315af389616e58f8,2814.36
a96388d273d176cfd615b4fb89955f5f14c8c613,2777.80
b77e51bac1191faf328fa52ae29fcaf9d0456954,2808.82
9c5fbf700efbaf69f36d33bf13f5bba401455296,2741.55
c1d1945a974be05f5243dcbeadd593c40c054c07,2772.08
45de7cbc215eb3f1189d23eaf57acf6f7b1a5edf,2791.07
7c58902d39b6566097a4619d8c326f4d6d81106d,2672.21
9b1c0fc9e9f094ccca1fc6a2288e8063daab116b,2792.29
b965b1e758534257d7d3489a5e6017b81de3d43f,2761.50
d7dc8dea78ab53b61d78c4e5b99ea03e19e68888,2734.40
f727535bcae771a26daf9dff585a8bfd9f015668,2768.95
38bb6f0979971d7f75f235d1b732f9788dde6745,2841.92
b6fabf85043750c895294c0f72ee16279c593ddb,2807.54
653e2eb441529a171da7304cdf02f989d4bbd6fd,2899.37
d87cddbae4287143a30d94f191740af879d52618,2826.13
1415e64f9db9381582616ceaae0b1c63dc1b987f,2887.79
6bef9383f7d09023675c31acab433c58bc025084,2778.07
38bb6f0979971d7f75f235d1b732f9788dde6745,2767.43
d7dc8dea78ab53b61d78c4e5b99ea03e19e68888,2777.98
2ce27ac0a9cee6c9e674ee22320ddf6482786aec,2766.64
d87cddbae4287143a30d94f191740af879d52618,2746.40
cf6ac2091b90490ce03ba67270a5f6354be220b4,2762.95
6a03db835273990489b4d12c5949d52ec8bd2e0f,2826.13
a96388d273d176cfd615b4fb89955f5f14c8c613,2778.31
1f6f77da9a59dcbe3bfdf18f9a02515cc74a5914,2791.74
0e99fd9b2de3a84c5d1e5db5095c312682a90c0c,2790.39
6a03db835273990489b4d12c5949d52ec8bd2e0f,2887.62
d4638c8396f5b5f63c3495804a6f05e574714ded,2672.15
8951f55c5965337ee24889b96a9343dd8177efbc,2770.78
7f45dbb70eb9540f5963eb29fb80eb4ed28543d9,2860.54
7f45dbb70eb9540f5963eb29fb80eb4ed28543d9,2927.28
90019cb8da2ad8ff59e921f886fd29fc66ec2311,2744.00
cf6ac2091b90490ce03ba67270a5f6354be220b4,2909.82
7fd813cd947b1e831fe4add606a46e431258c817,2786.80
4848432864c9c2fb27b2753deb98ae92f0b8c485,2781.99
4848432864c9c2fb27b2753deb98ae92f0b8c485,2828.95
9b1c0fc9e9f094ccca1fc6a2288e8063daab116b,2754.21
ac28afe6e5bf96d39fd17c3e0a797a7585e1958c,2662.71
d7dc8dea78ab53b61d78c4e5b99ea03e19e68888,2870.56
99bbdee251624a3c0af03792959c70a365d7df20,2831.71
f727535bcae771a26daf9dff585a8bfd9f015668,2814.29
7fd813cd947b1e831fe4add606a46e431258c817,2802.70
9b1c0fc9e9f094ccca1fc6a2288e8063daab116b,2760.05
1f6f77da9a59dcbe3bfdf18f9a02515cc74a5914,2759.70
0e99fd9b2de3a84c5d1e5db5095c312682a90c0c,2969.88
cf6ffe08616f8633ee6113b91f9d6a07acef38c6,2864.74
1df14edbfc327a1ef309142ef5e8ed68324de320,2671.37
c1d1945a974be05f5243dcbeadd593c40c054c07,2796.41
653e2eb441529a171da7304cdf02f989d4bbd6fd,2777.35
2ce27ac0a9cee6c9e674ee22320ddf6482786aec,2768.65
d4a8941820c037327538c30a8723ec715b67b6f6,2885.82
945c5fa0cc5b2f79570439f2ee1016c7ab5fed15,2834.90
a96388d273d176cfd615b4fb89955f5f14c8c613,2857.37
cf6ffe08616f8633ee6113b91f9d6a07acef38c6,2801.87
9b1c0fc9e9f094ccca1fc6a2288e8063daab116b,2794.86
99bbdee251624a3c0af03792959c70a365d7df20,2800.44
d4638c8396f5b5f63c3495804a6f05e574714ded,2783.61
d7dc8dea78ab53b61d78c4e5b99ea03e19e68888,2780.12
7c32b7e105184ee2e2027b2dd25bec8dac85f934,2817.83
b77e51bac1191faf328fa52ae29fcaf9d0456954,2819.66
03f9ed13391005583b5cb760ca55657a4a5ae51f,2908.72
9c5fbf700efbaf69f36d33bf13f5bba401455296,2793.86
7fd813cd947b1e831fe4add606a46e431258c817,2754.66
8859573dc0e131c5f4bd8ba44323041c84db6208,2796.38
03f9ed13391005583b5cb760ca55657a4a5ae51f,2855.62
45de7cbc215eb3f1189d23eaf57acf6f7b1a5edf,2767.52
1df14edbfc327a1ef309142ef5e8ed68324de320,2796.22
38bb6f0979971d7f75f235d1b732f9788dde6745,2862.00
9c5fbf700efbaf69f36d33bf13f5bba401455296,2771.93
477740fc04b45fb9d4f4c2c0d4a37edf8bdd811f,2827.13
823709f519995492d9a092fe315af389616e58f8,2844.12
d4638c8396f5b5f63c3495804a6f05e574714ded,2832.56
7c32b7e105184ee2e2027b2dd25bec8dac85f934,2779.30
9293766099ddef370d26766766b1822a979553ad,2778.56
90019cb8da2ad8ff59e921f886fd29fc66ec2311,2747.75
1df14edbfc327a1ef309142ef5e8ed68324de320,2618.33
38bb6f0979971d7f75f235d1b732f9788dde6745,2852.83
be7ca538fef7aff52fafa26cb6d6fcaaa9e4c5a7,2803.95
d61fcfbf7dca701569eb4b14b9f94e10166b8628,2838.58
823709f519995492d9a092fe315af389616e58f8,2818.50
9c5fbf700efbaf69f36d33bf13f5bba401455296,2784.50
0f3100c7bdeebd06fad30594494b268ce1e31e84,2860.33
03f9ed13391005583b5cb760ca55657a4a5ae51f,2794.65
6a03db835273990489b4d12c5949d52ec8bd2e0f,2885.43
9c5fbf700efbaf69f36d33bf13f5bba401455296,2758.48
03f9ed13391005583b5cb760ca55657a4a5ae51f,2802.12
7c58902d39b6566097a4619d8c326f4d6d81106d,2766.68
f190e2a122099bc32521650c044f8dc2afeb76a0,2762.34
99bbdee251624a3c0af03792959c70a365d7df20,2936.03
b77e51bac1191faf328fa52ae29fcaf9d0456954,2894.85
e1a35141c039d7f6a94b3aeca98660d9e4247111,2796.74
1f6f77da9a59dcbe3bfdf18f9a02515cc74a5914,2791.56
f190e2a122099bc32521650c044f8dc2afeb76a0,2830.77
8dd66febe8d5e2221a63f4d1228a2a35df81c148,2768.81
7c58902d39b6566097a4619d8c326f4d6d81106d,2750.46
a96388d273d176cfd615b4fb89955f5f14c8c613,2783.04
cf6ac2091b90490ce03ba67270a5f6354be220b4,2797.94
0f3100c7bdeebd06fad30594494b268ce1e31e84,2772.51
f190e2a122099bc32521650c044f8dc2afeb76a0,2745.45
cf6ffe08616f8633ee6113b91f9d6a07acef38c6,2849.01
a562e538bfa443a46e998f36c8c2c19206b6d8c0,2824.21
2ce27ac0a9cee6c9e674ee22320ddf6482786aec,2786.74
d4a8941820c037327538c30a8723ec715b67b6f6,2854.68
e1a35141c039d7f6a94b3aeca98660d9e4247111,2787.55
2ce27ac0a9cee6c9e674ee22320ddf6482786aec,2869.32
823709f519995492d9a092fe315af389616e58f8,2879.90
ac28afe6e5bf96d39fd17c3e0a797a7585e1958c,2786.92
0e99fd9b2de3a84c5d1e5db5095c312682a90c0c,2859.20
e1a35141c039d7f6a94b3aeca98660d9e4247111,2777.90
f727535bcae771a26daf9dff585a8bfd9f015668,2867.68
38bb6f0979971d7f75f235d1b732f9788dde6745,2813.75
d87cddbae4287143a30d94f191740af879d52618,2715.48
3a767deb3fad99bc91cadf799e726dea29de042d,2726.52
6a03db835273990489b4d12c5949d52ec8bd2e0f,2822.84
4848432864c9c2fb27b2753deb98ae92f0b8c485,2813.51
38bb6f0979971d7f75f235d1b732f9788dde6745,2706.71
945c5fa0cc5b2f79570439f2ee1016c7ab5fed15,2846.64
2be739c1c659a1592c402a5441f8be6f7881280c,2731.05
d87cddbae4287143a30d94f191740af879d52618,2765.75
0f3100c7bdeebd06fad30594494b268ce1e31e84,2803.93
9293766099ddef370d26766766b1822a979553ad,2818.46
9293766099ddef370d26766766b1822a979553ad,2794.77
7fd813cd947b1e831fe4add606a46e431258c817,2739.22
49e58c202883648925db5bb2b7d3f3d010a518f8,2817.80
e1b0df5fec53710214cd700de38d82e1ca92bd79,2869.94
b77e51bac1191faf328fa52ae29fcaf9d0456954,2750.06
8517458748f08e8cba7792c533337adc392fa8be,2776.18
8517458748f08e8cba7792c533337adc392fa8be,2812.33
a96388d273d176cfd615b4fb89955f5f14c8c613,2809.61
9293766099ddef370d26766766b1822a979553ad,2746.58
be7ca538fef7aff52fafa26cb6d6fcaaa9e4c5a7,2899.45
477740fc04b45fb9d4f4c2c0d4a37edf8bdd811f,2789.67
1415e64f9db9381582616ceaae0b1c63dc1b987f,2788.57
0f3100c7bdeebd06fad30594494b268ce1e31e84,2759.38
d924385d04898121e537dd2b18c4ae3f80afaead,2785.16
653e2eb441529a171da7304cdf02f989d4bbd6fd,2813.19
45de7cbc215eb3f1189d23eaf57acf6f7b1a5edf,2838.71
2be739c1c659a1592c402a5441f8be6f7881280c,2892.95
b6fabf85043750c895294c0f72ee16279c593ddb,2826.99
945c5fa0cc5b2f79570439f2ee1016c7ab5fed15,2782.93
7c58902d39b6566097a4619d8c326f4d6d81106d,2878.19
2be739c1c659a1592c402a5441f8be6f7881280c,2715.95
653e2eb441529a171da7304cdf02f989d4bbd6fd,2802.47
d4a8941820c037327538c30a8723ec715b67b6f6,2940.81
8dd66febe8d5e2221a63f4d1228a2a35df81c148,2820.61
1f6f77da9a59dcbe3bfdf18f9a02515cc74a5914,2804.46
9293766099ddef370d26766766b1822a979553ad,2888.62
38bb6f0979971d7f75f235d1b732f9788dde6745,2878.33
c1d1945a974be05f5243dcbeadd593c40c054c07,2770.51
d87cddbae4287143a30d94f191740af879d52618,2834.10
3a767deb3fad99bc91cadf799e726dea29de042d,2814.81
b77e51bac1191faf328fa52ae29fcaf9d0456954,2806.88
6bef9383f7d09023675c31acab433c58bc025084,2853.34
03f9ed13391005583b5cb760ca55657a4a5ae51f,2809.62
9c5fbf700efbaf69f36d33bf13f5bba401455296,2848.12
823709f519995492d9a092fe315af389616e58f8,2769.44
2ce27ac0a9cee6c9e674ee22320ddf6482786aec,2772.88
99bbdee251624a3c0af03792959c70a365d7df20,2802.42
1415e64f9db9381582616ceaae0b1c63dc1b987f,2781.51
477740fc04b45fb9d4f4c2c0d4a37edf8bdd811f,2794.65
c1d1945a974be05f5243dcbeadd593c40c054c07,2777.83
6a03db835273990489b4d12c5949d52ec8bd2e0f,2766.91
2be739c1c659a1592c402a5441f8be6f7881280c,2746.65
0f3100c7bdeebd06fad30594494b268ce1e31e84,2803.02
b6fabf85043750c895294c0f72ee16279c593ddb,2946.17
f190e2a122099bc32521650c044f8dc2afeb76a0,2785.06
ac28afe6e5bf96d39fd17c3e0a797a7585e1958c,2773.42
be7ca538fef7aff52fafa26cb6d6fcaaa9e4c5a7,2763.38
d7dc8dea78ab53b61d78c4e5b99ea03e19e68888,2795.36
f190e2a122099bc32521650c044f8dc2afeb76a0,2815.94
49e58c202883648925db5bb2b7d3f3d010a518f8,2787.90
a562e538bfa443a46e998f36c8c2c19206b6d8c0,2893.87
f727535bcae771a26daf9dff585a8bfd9f015668,2881.68
0f3100c7bdeebd06fad30594494b268ce1e31e84,2817.04
a96388d273d176cfd615b4fb89955f5f14c8c613,2812.15
945c5fa0cc5b2f79570439f2ee1016c7ab5fed15,2862.42
c1d1945a974be05f5243dcbeadd593c40c054c07,2827.96
f727535bcae771a26daf9dff585a8bfd9f015668,2808.88
e1b0df5fec53710214cd700de38d82e1ca92bd79,2813.93
d87cddbae4287143a30d94f191740af879d52618,2892.51
9293766099ddef370d26766766b1822a979553ad,2810.81
2be739c1c659a1592c402a5441f8be6f7881280c,2783.38
d924385d04898121e537dd2b18c4ae3f80afaead,2803.21
6a03db835273990489b4d12c5949d52ec8bd2e0f,2858.45
b77e51bac1191faf328fa52ae29fcaf9d0456954,2794.33
d87cddbae4287143a30d94f191740af879d52618,2769.92
1415e64f9db9381582616ceaae0b1c63dc1b987f,2913.18
823709f519995492d9a092fe315af389616e58f8,2949.08
1f6f77da9a59dcbe3bfdf18f9a02515cc74a5914,2802.34
0e99fd9b2de3a84c5d1e5db5095c312682a90c0c,2813.73
7c32b7e105184ee2e2027b2dd25bec8dac85f934,2661.89
90019cb8da2ad8ff59e921f886fd29fc66ec2311,2877.88
cf6ffe08616f8633ee6113b91f9d6a07acef38c6,2833.70
2ce27ac0a9cee6c9e674ee22320ddf6482786aec,2740.46
d924385d04898121e537dd2b18c4ae3f80afaead,2784.26
cf6ac2091b90490ce03ba67270a5f6354be220b4,2786.31
1415e64f9db9381582616ceaae0b1c63dc1b987f,2778.49
0e99fd9b2de3a84c5d1e5db5095c312682a90c0c,2800.26
ac28afe6e5bf96d39fd17c3e0a797a7585e1958c,2819.81
b6fabf85043750c895294c0f72ee16279c593ddb,2822.50
8dd66febe8d5e2221a63f4d1228a2a35df81c148,2749.96
2be739c1c659a1592c402a5441f8be6f7881280c,2920.86
8517458748f08e8cba7792c533337adc392fa8be,2785.02
99bbdee251624a3c0af03792959c70a365d7df20,2803.59
0e99fd9b2de3a84c5d1e5db5095c312682a90c0c,2841.16
b6fabf85043750c895294c0f72ee16279c593ddb,2764.44
477740fc04b45fb9d4f4c2c0d4a37edf8bdd811f,2753.58
1f6f77da9a59dcbe3bfdf18f9a02515cc74a5914,2772.92
3a767deb3fad99bc91cadf799e726dea29de042d,2892.36
cf6ac2091b90490ce03ba67270a5f6354be220b4,2812.38
8dd66febe8d5e2221a63f4d1228a2a35df81c148,2915.22
d61fcfbf7dca701569eb4b14b9f94e10166b8628,2795.86
f727535bcae771a26daf9dff585a8bfd9f015668,2773.59
7f45dbb70eb9540f5963eb29fb80eb4ed28543d9,2794.15
d4638c8396f5b5f63c3495804a6f05e574714ded,2753.68
45de7cbc215eb3f1189d23eaf57acf6f7b1a5edf,2828.76
f190e2a122099bc32521650c044f8dc2afeb76a0,2762.74
7fd813cd947b1e831fe4add606a46e431258c817,2730.54
1415e64f9db9381582616ceaae0b1c63dc1b987f,2762.94
6bef9383f7d09023675c31acab433c58bc025084,2790.21
9c5fbf700efbaf69f36d33bf13f5bba401455296,2790.23
7c32b7e105184ee2e2027b2dd25bec8dac85f934,2783.00
8859573dc0e131c5f4bd8ba44323041c84db6208,2968.82
1f6f77da9a59dcbe3bfdf18f9a02515cc74a5914,2846.62
0e99fd9b2de3a84c5d1e5db5095c312682a90c0c,2834.33
9c5fbf700efbaf69f36d33bf13f5bba401455296,2780.06
7c58902d39b6566097a4619d8c326f4d6d81106d,2767.48
3a767deb3fad99bc91cadf799e726dea29de042d,2827.70
45de7cbc215eb3f1189d23eaf57acf6f7b1a5edf,2766.63
6bef9383f7d09023675c31acab433c58bc025084,2780.76
0e99fd9b2de3a84c5d1e5db5095c312682a90c0c,2749.87
90019cb8da2ad8ff59e921f886fd29fc66ec2311,2784.48
a562e538bfa443a46e998f36c8c2c19206b6d8c0,2875.30
477740fc04b45fb9d4f4c2c0d4a37edf8bdd811f,2745.67
e1b0df5fec53710214cd700de38d82e1ca92bd79,2781.11
8dd66febe8d5e2221a63f4d1228a2a35df81c148,2789.53
f727535bcae771a26daf9dff585a8bfd9f015668,2784.74
8859573dc0e131c5f4bd8ba44323041c84db6208,2877.12
6a03db835273990489b4d12c5949d52ec8bd2e0f,2878.13
1f6f77da9a59dcbe3bfdf18f9a02515cc74a5914,2843.49
a562e538bfa443a46e998f36c8c2c19206b6d8c0,2871.38
1df14edbfc327a1ef309142ef5e8ed68324de320,2842.35
2ce27ac0a9cee6c9e674ee22320ddf6482786aec,2783.76
1df14edbfc327a1ef309142ef5e8ed68324de320,2768.97
e1b0df5fec53710214cd700de38d82e1ca92bd79,2849.56
b6fabf85043750c895294c0f72ee16279c593ddb,2763.15
d87cddbae4287143a30d94f191740af879d52618,2816.00
b6fabf85043750c895294c0f72ee16279c593ddb,2782.20
90019cb8da2ad8ff59e921f886fd29fc66ec2311,2780.00
d4a8941820c037327538c30a8723ec715b67b6f6,2920.47
7c32b7e105184ee2e2027b2dd25bec8dac85f934,2795.91
e1a35141c039d7f6a94b3aeca98660d9e4247111,2738.22
6bef9383f7d09023675c31acab433c58bc025084,2762.60
be7ca538fef7aff52fafa26cb6d6fcaaa9e4c5a7,2900.66
8859573dc0e131c5f4bd8ba44323041c84db6208,2805.47
7fd813cd947b1e831fe4add606a46e431258c817,2776.77
03f9ed13391005583b5cb760ca55657a4a5ae51f,2835.67
9293766099ddef370d26766766b1822a979553ad,2719.14
49e58c202883648925db5bb2b7d3f3d010a518f8,2768.98
9293766099ddef370d26766766b1822a979553ad,2912.32
99bbdee251624a3c0af03792959c70a365d7df20,2794.50
be7ca538fef7aff52fafa26cb6d6fcaaa9e4c5a7,2726.19
477740fc04b45fb9d4f4c2c0d4a37edf8bdd811f,2803.69
653e2eb441529a171da7304cdf02f989d4bbd6fd,2802.73
1f6f77da9a59dcbe3bfdf18f9a02515cc74a5914,2754.92
d4a8941820c037327538c30a8723ec715b67b6f6,2778.43
7f45dbb70eb9540f5963eb29fb80eb4ed28543d9,2765.97
2be739c1c659a1592c402a5441f8be6f7881280c,2788.83
9293766099ddef370d26766766b1822a979553ad,2751.46
e1a35141c039d7f6a94b3aeca98660d9e4247111,2822.00
2ce27ac0a9cee6c9e674ee22320ddf6482786aec,2773.97
2be739c1c659a1592c402a5441f8be6f7881280c,2814.01
7c32b7e105184ee2e2027b2dd25bec8dac85f934,2809.24
03f9ed13391005583b5cb760ca55657a4a5ae51f,2754.12
d61fcfbf7dca701569eb4b14b9f94e10166b8628,2812.01
c1d1945a974be05f5243dcbeadd593c40c054c07,2717.53
8859573dc0e131c5f4bd8ba44323041c84db6208,2762.38
7c32b7e105184ee2e2027b2dd25bec8dac85f934,2851.96
8517458748f08e8cba7792c533337adc392fa8be,2746.92
8859573dc0e131c5f4bd8ba44323041c84db6208,2852.61
4848432864c9c2fb27b2753deb98ae92f0b8c485,2901.16
38bb6f0979971d7f75f235d1b732f9788dde6745,2930.46
8517458748f08e8cba7792c533337adc392fa8be,2898.67
3a767deb3fad99bc91cadf799e726dea29de042d,2767.35
0e99fd9b2de3a84c5d1e5db5095c312682a90c0c,2852.54
e1a35141c039d7f6a94b3aeca98660d9e4247111,2760.96
7c32b7e105184ee2e2027b2dd25bec8dac85f934,2729.77
1f6f77da9a59dcbe3bfdf18f9a02515cc74a5914,2886.00
cf6ac2091b90490ce03ba67270a5f6354be220b4,2829.30
823709f519995492d9a092fe315af389616e58f8,2874.13
38bb6f0979971d7f75f235d1b732f9788dde6745,2825.91
8951f55c5965337ee24889b96a9343dd8177efbc,2787.55
d4a8941820c037327538c30a8723ec715b67b6f6,2863.81
d4a8941820c037327538c30a8723ec715b67b6f6,2774.73
b77e51bac1191faf328fa52ae29fcaf9d0456954,2809.03
7f45dbb70eb9540f5963eb29fb80eb4ed28543d9,2847.60
f190e2a122099bc32521650c044f8dc2afeb76a0,2848.72
b965b1e758534257d7d3489a5e6017b81de3d43f,2854.74
8517458748f08e8cba7792c533337adc392fa8be,2799.77
45de7cbc215eb3f1189d23eaf57acf6f7b1a5edf,2835.59
c1d1945a974be05f5243dcbeadd593c40c054c07,2796.21
be7ca538fef7aff52fafa26cb6d6fcaaa9e4c5a7,2861.99
7f45dbb70eb9540f5963eb29fb80eb4ed28543d9,2756.38
d924385d04898121e537dd2b18c4ae3f80afaead,2758.01
6bef9383f7d09023675c31acab433c58bc025084,2911.53
b6fabf85043750c895294c0f72ee16279c593ddb,2784.68
8517458748f08e8cba7792c533337adc392fa8be,2762.92
b6fabf85043750c895294c0f72ee16279c593ddb,2813.35
1415e64f9db9381582616ceaae0b1c63dc1b987f,2802.79
90019cb8da2ad8ff59e921f886fd29fc66ec2311,2770.48
d7dc8dea78ab53b61d78c4e5b99ea03e19e68888,2822.91
7c32b7e105184ee2e2027b2dd25bec8dac85f934,2799.46
d4638c8396f5b5f63c3495804a6f05e574714ded,2718.26
7fd813cd947b1e831fe4add606a46e431258c817,2737.67
a562e538bfa443a46e998f36c8c2c19206b6d8c0,2773.63
d4a8941820c037327538c30a8723ec715b67b6f6,2873.28
d87cddbae4287143a30d94f191740af879d52618,2754.48
6a03db835273990489b4d12c5949d52ec8bd2e0f,2843.50
45de7cbc215eb3f1189d23eaf57acf6f7b1a5edf,2753.82
f727535bcae771a26daf9dff585a8bfd9f015668,2805.13
8dd66febe8d5e2221a63f4d1228a2a35df81c148,2943.37
8951f55c5965337ee24889b96a9343dd8177efbc,2787.57
477740fc04b45fb9d4f4c2c0d4a37edf8bdd811f,2784.67
2ce27ac0a9cee6c9e674ee22320ddf6482786aec,2724.68
cf6ffe08616f8633ee6113b91f9d6a07acef38c6,2777.37
b965b1e758534257d7d3489a5e6017b81de3d43f,2759.16
b6fabf85043750c895294c0f72ee16279c593ddb,2771.78
6bef9383f7d09023675c31acab433c58bc025084,2767.31
8859573dc0e131c5f4bd8ba44323041c84db6208,2691.06
9c5fbf700efbaf69f36d33bf13f5bba401455296,2819.96
a562e538bfa443a46e998f36c8c2c19206b6d8c0,2790.53
d61fcfbf7dca701569eb4b14b9f94e10166b8628,2827.76
b77e51bac1191faf328fa52ae29fcaf9d0456954,2837.85
6bef9383f7d09023675c31acab433c58bc025084,2813.20
477740fc04b45fb9d4f4c2c0d4a37edf8bdd811f,2733.25
8517458748f08e8cba7792c533337adc392fa8be,2834.19
49e58c202883648925db5bb2b7d3f3d010a518f8,2820.30
8dd66febe8d5e2221a63f4d1228a2a35df81c148,2802.52
b6fabf85043750c895294c0f72ee16279c593ddb,2797.44
7c58902d39b6566097a4619d8c326f4d6d81106d,2882.94
0f3100c7bdeebd06fad30594494b268ce1e31e84,2873.03
a562e538bfa443a46e998f36c8c2c19206b6d8c0,2735.61
a96388d273d176cfd615b4fb89955f5f14c8c613,2807.24
9b1c0fc9e9f094ccca1fc6a2288e8063daab116b,2785.71
4848432864c9c2fb27b2753deb98ae92f0b8c485,2796.92
b965b1e758534257d7d3489a5e6017b81de3d43f,2829.51
99bbdee251624a3c0af03792959c70a365d7df20,2800.74
1df14edbfc327a1ef309142ef5e8ed68324de320,2917.14
0e99fd9b2de3a84c5d1e5db5095c312682a90c0c,2800.41
1df14edbfc327a1ef309142ef5e8ed68324de320,2778.79
0f3100c7bdeebd06fad30594494b268ce1e31e84,2806.51
7f45dbb70eb9540f5963eb29fb80eb4ed28543d9,2857.06
49e58c202883648925db5bb2b7d3f3d010a518f8,2774.11
2be739c1c659a1592c402a5441f8be6f7881280c,2734.90
d924385d04898121e537dd2b18c4ae3f80afaead,2810.36
f190e2a122099bc32521650c044f8dc2afeb76a0,2633.15
03f9ed13391005583b5cb760ca55657a4a5ae51f,2878.34
f190e2a122099bc32521650c044f8dc2afeb76a0,2767.49
7f45dbb70eb9540f5963eb29fb80eb4ed28543d9,2785.49
1415e64f9db9381582616ceaae0b1c63dc1b987f,2794.26
d7dc8dea78ab53b61d78c4e5b99ea03e19e68888,2771.35
e1a35141c039d7f6a94b3aeca98660d9e4247111,2813.48
8517458748f08e8cba7792c533337adc392fa8be,2822.58
823709f519995492d9a092fe315af389616e58f8,2783.69
9b1c0fc9e9f094ccca1fc6a2288e8063daab116b,2866.71
1f6f77da9a59dcbe3bfdf18f9a02515cc74a5914,2790.45
0e99fd9b2de3a84c5d1e5db5095c312682a90c0c,2781.01
38bb6f0979971d7f75f235d1b732f9788dde6745,2832.74
823709f519995492d9a092fe315af389616e58f8,2817.10
ac28afe6e5bf96d39fd17c3e0a797a7585e1958c,2761.40
9c5fbf700efbaf69f36d33bf13f5bba401455296,2772.35
2be739c1c659a1592c402a5441f8be6f7881280c,2742.87
0f3100c7bdeebd06fad30594494b268ce1e31e84,2769.74
f190e2a122099bc32521650c044f8dc2afeb76a0,2732.64
b77e51bac1191faf328fa52ae29fcaf9d0456954,2817.68
f727535bcae771a26daf9dff585a8bfd9f015668,2778.12
2ce27ac0a9cee6c9e674ee22320ddf6482786aec,2730.76
cf6ffe08616f8633ee6113b91f9d6a07acef38c6,2930.65
99bbdee251624a3c0af03792959c70a365d7df20,2835.91
99bbdee251624a3c0af03792959c70a365d7df20,2787.80
1f6f77da9a59dcbe3bfdf18f9a02515cc74a5914,2816.40
a96388d273d176cfd615b4fb89955f5f14c8c613,2830.53
b77e51bac1191faf328fa52ae29fcaf9d0456954,2891.28
45de7cbc215eb3f1189d23eaf57acf6f7b1a5edf,2760.32
6bef9383f7d09023675c31acab433c58bc025084,2794.86
477740fc04b45fb9d4f4c2c0d4a37edf8bdd811f,2748.72
f727535bcae771a26daf9dff585a8bfd9f015668,2788.72
945c5fa0cc5b2f79570439f2ee1016c7ab5fed15,2788.55
90019cb8da2ad8ff59e921f886fd29fc66ec2311,2795.30
1df14edbfc327a1ef309142ef5e8ed68324de320,2829.60
03f9ed13391005583b5cb760ca55657a4a5ae51f,2648.31
1415e64f9db9381582616ceaae0b1c63dc1b987f,2752.71
2ce27ac0a9cee6c9e674ee22320ddf6482786aec,2754.18
e1b0df5fec53710214cd700de38d82e1ca92bd79,2855.39
49e58c202883648925db5bb2b7d3f3d010a518f8,2888.71
a96388d273d176cfd615b4fb89955f5f14c8c613,2773.35
1f6f77da9a59dcbe3bfdf18f9a02515cc74a5914,2817.01
a562e538bfa443a46e998f36c8c2c19206b6d8c0,2790.68
cf6ac2091b90490ce03ba67270a5f6354be220b4,2836.02
a562e538bfa443a46e998f36c8c2c19206b6d8c0,2779.64
9b1c0fc9e9f094ccca1fc6a2288e8063daab116b,2778.17
2be739c1c659a1592c402a5441f8be6f7881280c,2783.11
8dd66febe8d5e2221a63f4d1228a2a35df81c148,2753.25
b6fabf85043750c895294c0f72ee16279c593ddb,2782.41
4848432864c9c2fb27b2753deb98ae92f0b8c485,2833.76
f727535bcae771a26daf9dff585a8bfd9f015668,2796.80
90019cb8da2ad8ff59e921f886fd29fc66ec2311,2815.00
99bbdee251624a3c0af03792959c70a365d7df20,2831.32
d924385d04898121e537dd2b18c4ae3f80afaead,2937.61
49e58c202883648925db5bb2b7d3f3d010a518f8,2840.30
3a767deb3fad99bc91cadf799e726dea29de042d,2810.76
a562e538bfa443a46e998f36c8c2c19206b6d8c0,2776.70
8859573dc0e131c5f4bd8ba44323041c84db6208,2661.35
a562e538bfa443a46e998f36c8c2c19206b6d8c0,2730.89
7fd813cd947b1e831fe4add606a46e431258c817,2847.20
0f3100c7bdeebd06fad30594494b268ce1e31e84,2762.73
03f9ed13391005583b5cb760ca55657a4a5ae51f,2792.36
cf6ac2091b90490ce03ba67270a5f6354be220b4,2753.80
0e99fd9b2de3a84c5d1e5db5095c312682a90c0c,2821.18
d4638c8396f5b5f63c3495804a6f05e574714ded,2783.48
d4638c8396f5b5f63c3495804a6f05e574714ded,2882.42
7fd813cd947b1e831fe4add606a46e431258c817,2807.71
d87cddbae4287143a30d94f191740af879d52618,2847.10
7f45dbb70eb9540f5963eb29fb80eb4ed28543d9,2874.16
d924385d04898121e537dd2b18c4ae3f80afaead,2772.49
9293766099ddef370d26766766b1822a979553ad,2783.65
7fd813cd947b1e831fe4add606a46e431258c817,2891.47
2be739c1c659a1592c402a5441f8be6f7881280c,2758.81
8517458748f08e8cba7792c533337adc392fa8be,2786.35
ac28afe6e5bf96d39fd17c3e0a797a7585e1958c,2786.82
8517458748f08e8cba7792c533337adc392fa8be,2855.94
b965b1e758534257d7d3489a5e6017b81de3d43f,2807.64
99bbdee251624a3c0af03792959c70a365d7df20,2804.65
ac28afe6e5bf96d39fd17c3e0a797a7585e1958c,2758.96
cf6ac2091b90490ce03ba67270a5f6354be220b4,2792.25
4848432864c9c2fb27b2753deb98ae92f0b8c485,2828.04
7f45dbb70eb9540f5963eb29fb80eb4ed28543d9,2881.95
6a03db835273990489b4d12c5949d52ec8bd2e0f,2798.58
d4a8941820c037327538c30a8723ec715b67b6f6,2638.55
0f3100c7bdeebd06fad30594494b268ce1e31e84,2901.69
b965b1e758534257d7d3489a5e6017b81de3d43f,2635.94
90019cb8da2ad8ff59e921f886fd29fc66ec2311,2918.37
8dd66febe8d5e2221a63f4d1228a2a35df81c148,2773.31
6bef9383f7d09023675c31acab433c58bc025084,2763.59
be7ca538fef7aff52fafa26cb6d6fcaaa9e4c5a7,2819.61
38bb6f0979971d7f75f235d1b732f9788dde6745,2818.16
f727535bcae771a26daf9dff585a8bfd9f015668,2764.52
ac28afe6e5bf96d39fd17c3e0a797a7585e1958c,2791.04
d61fcfbf7dca701569eb4b14b9f94e10166b8628,2882.31
d4638c8396f5b5f63c3495804a6f05e574714ded,2772.80
4848432864c9c2fb27b2753deb98ae92f0b8c485,2851.82
0f3100c7bdeebd06fad30594494b268ce1e31e84,2782.85
49e58c202883648925db5bb2b7d3f3d010a518f8,2770.31
be7ca538fef7aff52fafa26cb6d6fcaaa9e4c5a7,2915.13
b6fabf85043750c895294c0f72ee16279c593ddb,2802.72
653e2eb441529a171da7304cdf02f989d4bbd6fd,2783.34
7f45dbb70eb9540f5963eb29fb80eb4ed28543d9,2802.49
49e58c202883648925db5bb2b7d3f3d010a518f8,2794.49
d87cddbae4287143a30d94f191740af879d52618,2808.10
4848432864c9c2fb27b2753deb98ae92f0b8c485,2778.78
8859573dc0e131c5f4bd8ba44323041c84db6208,2820.19
cf6ffe08616f8633ee6113b91f9d6a07acef38c6,2762.78
e1b0df5fec53710214cd700de38d82e1ca92bd79,2863.62
1f6f77da9a59dcbe3bfdf18f9a02515cc74a5914,2857.19
d924385d04898121e537dd2b18c4ae3f80afaead,2756.55
cf6ac2091b90490ce03ba67270a5f6354be220b4,2758.58
d4a8941820c037327538c30a8723ec715b67b6f6,2854.24
1415e64f9db9381582616ceaae0b1c63dc1b987f,2816.01
0e99fd9b2de3a84c5d1e5db5095c312682a90c0c,2819.40
49e58c202883648925db5bb2b7d3f3d010a518f8,2764.68
d4638c8396f5b5f63c3495804a6f05e574714ded,2773.10
99bbdee251624a3c0af03792959c70a365d7df20,2887.66
be7ca538fef7aff52fafa26cb6d6fcaaa9e4c5a7,2782.05
45de7cbc215eb3f1189d23eaf57acf6f7b1a5edf,2803.56
0f3100c7bdeebd06fad30594494b268ce1e31e84,2850.50
2ce27ac0a9cee6c9e674ee22320ddf6482786aec,2802.33
99bbdee251624a3c0af03792959c70a365d7df20,2787.17
1415e64f9db9381582616ceaae0b1c63dc1b987f,2747.08
653e2eb441529a171da7304cdf02f989d4bbd6fd,2781.35
03f9ed13391005583b5cb760ca55657a4a5ae51f,2902.97
1415e64f9db9381582616ceaae0b1c63dc1b987f,2836.93
2ce27ac0a9cee6c9e674ee22320ddf6482786aec,2766.87
49e58c202883648925db5bb2b7d3f3d010a518f8,2873.47
cf6ac2091b90490ce03ba67270a5f6354be220b4,2864.90
d7dc8dea78ab53b61d78c4e5b99ea03e19e68888,2806.09
7fd813cd947b1e831fe4add606a46e431258c817,2794.00
8951f55c5965337ee24889b96a9343dd8177efbc,2757.26
823709f519995492d9a092fe315af389616e58f8,2854.05
9c5fbf700efbaf69f36d33bf13f5bba401455296,2816.83
9b1c0fc9e9f094ccca1fc6a2288e8063daab116b,2885.28
90019cb8da2ad8ff59e921f886fd29fc66ec2311,2913.42
477740fc04b45fb9d4f4c2c0d4a37edf8bdd811f,2769.48
4848432864c9c2fb27b2753deb98ae92f0b8c485,2829.58
0e99fd9b2de3a84c5d1e5db5095c312682a90c0c,2900.10
e1b0df5fec53710214cd700de38d82e1ca92bd79,2828.83
9293766099ddef370d26766766b1822a979553ad,2792.37
45de7cbc215eb3f1189d23eaf57acf6f7b1a5edf,2725.88
99bbdee251624a3c0af03792959c70a365d7df20,2863.14
6bef9383f7d09023675c31acab433c58bc025084,2776.34
9c5fbf700efbaf69f36d33bf13f5bba401455296,2784.47
653e2eb441529a171da7304cdf02f989d4bbd6fd,2801.33
b6fabf85043750c895294c0f72ee16279c593ddb,2779.01
b965b1e758534257d7d3489a5e6017b81de3d43f,2739.43
cf6ac2091b90490ce03ba67270a5f6354be220b4,2762.18
8951f55c5965337ee24889b96a9343dd8177efbc,2891.67
b965b1e758534257d7d3489a5e6017b81de3d43f,2775.24
ac28afe6e5bf96d39fd17c3e0a797a7585e1958c,2856.41
7c58902d39b6566097a4619d8c326f4d6d81106d,2738.35
7f45dbb70eb9540f5963eb29fb80eb4ed28543d9,2770.94
e1b0df5fec53710214cd700de38d82e1ca92bd79,2799.21
90019cb8da2ad8ff59e921f886fd29fc66ec2311,2791.51
cf6ffe08616f8633ee6113b91f9d6a07acef38c6,2865.56
9293766099ddef370d26766766b1822a979553ad,2766.70
7c32b7e105184ee2e2027b2dd25bec8dac85f934,2824.75
a562e538bfa443a46e998f36c8c2c19206b6d8c0,2798.16
8517458748f08e8cba7792c533337adc392fa8be,2901.00
b77e51bac1191faf328fa52ae29fcaf9d0456954,2766.69
3a767deb3fad99bc91cadf799e726dea29de042d,2770.83
ac28afe6e5bf96d39fd17c3e0a797a7585e1958c,2868.15
e1b0df5fec53710214cd700de38d82e1ca92bd79,2820.91
6bef9383f7d09023675c31acab433c58bc025084,2764.57
4848432864c9c2fb27b2753deb98ae92f0b8c485,2887.83
477740fc04b45fb9d4f4c2c0d4a37edf8bdd811f,2790.43
9293766099ddef370d26766766b1822a979553ad,2754.14
d4a8941820c037327538c30a8723ec715b67b6f6,2793.79
653e2eb441529a171da7304cdf02f989d4bbd6fd,2832.11
45de7cbc215eb3f1189d23eaf57acf6f7b1a5edf,2729.36
9b1c0fc9e9f094ccca1fc6a2288e8063daab116b,2819.85
7c32b7e105184ee2e2027b2dd25bec8dac85f934,2807.22
945c5fa0cc5b2f79570439f2ee1016c7ab5fed15,2789.16
1415e64f9db9381582616ceaae0b1c63dc1b987f,2848.39
3a767deb3fad99bc91cadf799e726dea29de042d,2770.53
9293766099ddef370d26766766b1822a979553ad,2781.42
2ce27ac0a9cee6c9e674ee22320ddf6482786aec,2812.31
653e2eb441529a171da7304cdf02f989d4bbd6fd,2822.03
c1d1945a974be05f5243dcbeadd593c40c054c07,2791.98
1f6f77da9a59dcbe3bfdf18f9a02515cc74a5914,2758.92
8517458748f08e8cba7792c533337adc392fa8be,2870.59
a96388d273d176cfd615b4fb89955f5f14c8c613,2822.07
8517458748f08e8cba7792c533337adc392fa8be,2787.91
6bef9383f7d09023675c31acab433c58bc025084,2793.31
e1b0df5fec53710214cd700de38d82e1ca92bd79,2765.65
49e58c202883648925db5bb2b7d3f3d010a518f8,2792.71
9c5fbf700efbaf69f36d33bf13f5bba401455296,2775.68
d61fcfbf7dca701569eb4b14b9f94e10166b8628,2845.48
99bbdee251624a3c0af03792959c70a365d7df20,2779.25
b77e51bac1191faf328fa52ae29fcaf9d0456954,2788.40
99bbdee251624a3c0af03792959c70a365d7df20,2790.57
3a767deb3fad99bc91cadf799e726dea29de042d,2806.38
b6fabf85043750c895294c0f72ee16279c593ddb,2820.39
49e58c202883648925db5bb2b7d3f3d010a518f8,2888.41
823709f519995492d9a092fe315af389616e58f8,2791.17
d87cddbae4287143a30d94f191740af879d52618,2835.83
8859573dc0e131c5f4bd8ba44323041c84db6208,2799.09
823709f519995492d9a092fe315af389616e58f8,2782.99
1df14edbfc327a1ef309142ef5e8ed68324de320,2836.41
2ce27ac0a9cee6c9e674ee22320ddf6482786aec,2903.78
45de7cbc215eb3f1189d23eaf57acf6f7b1a5edf,2936.37
823709f519995492d9a092fe315af389616e58f8,2851.47
1df14edbfc327a1ef309142ef5e8ed68324de320,2947.31
6bef9383f7d09023675c31acab433c58bc025084,2785.50
8951f55c5965337ee24889b96a9343dd8177efbc,2817.84
e1b0df5fec53710214cd700de38d82e1ca92bd79,2759.02
f190e2a122099bc32521650c044f8dc2afeb76a0,2884.36
cf6ac2091b90490ce03ba67270a5f6354be220b4,2873.46
e1b0df5fec53710214cd700de38d82e1ca92bd79,2789.22
945c5fa0cc5b2f79570439f2ee1016c7ab5fed15,2773.96
a96388d273d176cfd615b4fb89955f5f14c8c613,2766.10
d4638c8396f5b5f63c3495804a6f05e574714ded,2731.08
b965b1e758534257d7d3489a5e6017b81de3d43f,2817.60
823709f519995492d9a092fe315af389616e58f8,2766.33
8859573dc0e131c5f4bd8ba44323041c84db6208,2832.42
8dd66febe8d5e2221a63f4d1228a2a35df81c148,2752.46
b965b1e758534257d7d3489a5e6017b81de3d43f,2748.12
0e99fd9b2de3a84c5d1e5db5095c312682a90c0c,2800.94
0f3100c7bdeebd06fad30594494b268ce1e31e84,2874.37
be7ca538fef7aff52fafa26cb6d6fcaaa9e4c5a7,2810.62
38bb6f0979971d7f75f235d1b732f9788dde6745,2781.33
0e99fd9b2de3a84c5d1e5db5095c312682a90c0c,2788.89
45de7cbc215eb3f1189d23eaf57acf6f7b1a5edf,2790.38
7c58902d39b6566097a4619d8c326f4d6d81106d,2811.97
b77e51bac1191faf328fa52ae29fcaf9d0456954,2766.18
cf6ffe08616f8633ee6113b91f9d6a07acef38c6,2745.88
e1a35141c039d7f6a94b3aeca98660d9e4247111,2905.36
49e58c202883648925db5bb2b7d3f3d010a518f8,2767.30
f190e2a122099bc32521650c044f8dc2afeb76a0,2790.65
7c58902d39b6566097a4619d8c326f4d6d81106d,2777.98
4848432864c9c2fb27b2753deb98ae92f0b8c485,2875.52
be7ca538fef7aff52fafa26cb6d6fcaaa9e4c5a7,2746.65
0f3100c7bdeebd06fad30594494b268ce1e31e84,2875.10
b965b1e758534257d7d3489a5e6017b81de3d43f,2905.39
8951f55c5965337ee24889b96a9343dd8177efbc,2797.59
a562e538bfa443a46e998f36c8c2c19206b6d8c0,2748.29
4848432864c9c2fb27b2753deb98ae92f0b8c485,2846.19
9b1c0fc9e9f094ccca1fc6a2288e8063daab116b,2802.75
b965b1e758534257d7d3489a5e6017b81de3d43f,2796.79
c1d1945a974be05f5243dcbeadd593c40c054c07,2799.48
945c5fa0cc5b2f79570439f2ee1016c7ab5fed15,2793.18
9b1c0fc9e9f094ccca1fc6a2288e8063daab116b,2838.13
8859573dc0e131c5f4bd8ba44323041c84db6208,2737.21
cf6ffe08616f8633ee6113b91f9d6a07acef38c6,2806.77
d924385d04898121e537dd2b18c4ae3f80afaead,2775.41
e1a35141c039d7f6a94b3aeca98660d9e4247111,2761.64
4848432864c9c2fb27b2753deb98ae92f0b8c485,2754.64
1415e64f9db9381582616ceaae0b1c63dc1b987f,2794.05
9293766099ddef370d26766766b1822a979553ad,2833.90
4848432864c9c2fb27b2753deb98ae92f0b8c485,2845.78
7c58902d39b6566097a4619d8c326f4d6d81106d,2748.46
d4a8941820c037327538c30a8723ec715b67b6f6,2838.76
9293766099ddef370d26766766b1822a979553ad,2815.01
cf6ffe08616f8633ee6113b91f9d6a07acef38c6,2787.15
3a767deb3fad99bc91cadf799e726dea29de042d,2797.89
3a767deb3fad99bc91cadf799e726dea29de042d,2846.09
9293766099ddef370d26766766b1822a979553ad,2855.37
a562e538bfa443a46e998f36c8c2c19206b6d8c0,2685.80
99bbdee251624a3c0af03792959c70a365d7df20,2905.35
c1d1945a974be05f5243dcbeadd593c40c054c07,2769.98
4848432864c9c2fb27b2753deb98ae92f0b8c485,2904.50
1df14edbfc327a1ef309142ef5e8ed68324de320,2772.99
e1b0df5fec53710214cd700de38d82e1ca92bd79,2744.68
d7dc8dea78ab53b61d78c4e5b99ea03e19e68888,2745.37
cf6ac2091b90490ce03ba67270a5f6354be220b4,2756.79
d924385d04898121e537dd2b18c4ae3f80afaead,2793.94
d7dc8dea78ab53b61d78c4e5b99ea03e19e68888,2790.39
8dd66febe8d5e2221a63f4d1228a2a35df81c148,2817.90
9c5fbf700efbaf69f36d33bf13f5bba401455296,2779.00
8951f55c5965337ee24889b96a9343dd8177efbc,2782.57
477740fc04b45fb9d4f4c2c0d4a37edf8bdd811f,2806.56
d7dc8dea78ab53b61d78c4e5b99ea03e19e68888,2740.30
945c5fa0cc5b2f79570439f2ee1016c7ab5fed15,2771.93
9c5fbf700efbaf69f36d33bf13f5bba401455296,2936.35
7c58902d39b6566097a4619d8c326f4d6d81106d,2786.69
e1a35141c039d7f6a94b3aeca98660d9e4247111,2818.84
b77e51bac1191faf328fa52ae29fcaf9d0456954,2932.74
c1d1945a974be05f5243dcbeadd593c40c054c07,2881.66
6a03db835273990489b4d12c5949d52ec8bd2e0f,2823.05
8dd66febe8d5e2221a63f4d1228a2a35df81c148,2866.10
945c5fa0cc5b2f79570439f2ee1016c7ab5fed15,2780.80
9293766099ddef370d26766766b1822a979553ad,2776.68
2be739c1c659a1592c402a5441f8be6f7881280c,2745.03
2ce27ac0a9cee6c9e674ee22320ddf6482786aec,2772.97
8859573dc0e131c5f4bd8ba44323041c84db6208,2735.54
2ce27ac0a9cee6c9e674ee22320ddf6482786aec,2777.11
653e2eb441529a171da7304cdf02f989d4bbd6fd,2806.92
a96388d273d176cfd615b4fb89955f5f14c8c613,2913.73
f727535bcae771a26daf9dff585a8bfd9f015668,2857.68
1415e64f9db9381582616ceaae0b1c63dc1b987f,2818.35
b77e51bac1191faf328fa52ae29fcaf9d0456954,2811.21
d4638c8396f5b5f63c3495804a6f05e574714ded,2732.41
cf6ffe08616f8633ee6113b91f9d6a07acef38c6,2805.43
b965b1e758534257d7d3489a5e6017b81de3d43f,2764.20
a96388d273d176cfd615b4fb89955f5f14c8c613,2799.82
ac28afe6e5bf96d39fd17c3e0a797a7585e1958c,2873.80
45de7cbc215eb3f1189d23eaf57acf6f7b1a5edf,2750.26
f727535bcae771a26daf9dff585a8bfd9f015668,2807.68
8517458748f08e8cba7792c533337adc392fa8be,2801.95
823709f519995492d9a092fe315af389616e58f8,2708.00
653e2eb441529a171da7304cdf02f989d4bbd6fd,2781.37
8951f55c5965337ee24889b96a9343dd8177efbc,2814.19
7f45dbb70eb9540f5963eb29fb80eb4ed28543d9,2775.46
653e2eb441529a171da7304cdf02f989d4bbd6fd,2837.59
d61fcfbf7dca701569eb4b14b9f94e10166b8628,2730.48
d87cddbae4287143a30d94f191740af879d52618,2753.85
90019cb8da2ad8ff59e921f886fd29fc66ec2311,2743.06
38bb6f0979971d7f75f235d1b732f9788dde6745,2801.21
45de7cbc215eb3f1189d23eaf57acf6f7b1a5edf,2799.51
0f3100c7bdeebd06fad30594494b268ce1e31e84,2756.43
cf6ac2091b90490ce03ba67270a5f6354be220b4,2785.19
2be739c1c659a1592c402a5441f8be6f7881280c,2798.46
d7dc8dea78ab53b61d78c4e5b99ea03e19e68888,2748.43
7f45dbb70eb9540f5963eb29fb80eb4ed28543d9,2798.51
0e99fd9b2de3a84c5d1e5db5095c312682a90c0c,2826.33
e1a35141c039d7f6a94b3aeca98660d9e4247111,2927.00
b6fabf85043750c895294c0f72ee16279c593ddb,2811.98
be7ca538fef7aff52fafa26cb6d6fcaaa9e4c5a7,2747.50
90019cb8da2ad8ff59e921f886fd29fc66ec2311,2770.62
38bb6f0979971d7f75f235d1b732f9788dde6745,2822.69
7c58902d39b6566097a4619d8c326f4d6d81106d,2783.64
3a767deb3fad99bc91cadf799e726dea29de042d,2794.12
a96388d273d176cfd615b4fb89955f5f14c8c613,2772.47
823709f519995492d9a092fe315af389616e58f8,2776.41
9c5fbf700efbaf69f36d33bf13f5bba401455296,2832.03
6bef9383f7d09023675c31acab433c58bc025084,2894.62
6a03db835273990489b4d12c5949d52ec8bd2e0f,2864.21
d924385d04898121e537dd2b18c4ae3f80afaead,2800.39
d4638c8396f5b5f63c3495804a6f05e574714ded,2824.61
477740fc04b45fb9d4f4c2c0d4a37edf8bdd811f,2798.49
8517458748f08e8cba7792c533337adc392fa8be,2855.69
cf6ac2091b90490ce03ba67270a5f6354be220b4,2809.48
49e58c202883648925db5bb2b7d3f3d010a518f8,2771.03
653e2eb441529a171da7304cdf02f989d4bbd6fd,2886.80
a96388d273d176cfd615b4fb89955f5f14c8c613,2852.65
e1a35141c039d7f6a94b3aeca98660d9e4247111,2758.14
7c32b7e105184ee2e2027b2dd25bec8dac85f934,2826.88
be7ca538fef7aff52fafa26cb6d6fcaaa9e4c5a7,2778.57
d87cddbae4287143a30d94f191740af879d52618,2903.93
7c58902d39b6566097a4619d8c326f4d6d81106d,2630.69
4848432864c9c2fb27b2753deb98ae92f0b8c485,2850.70
c1d1945a974be05f5243dcbeadd593c40c054c07,2863.61
1f6f77da9a59dcbe3bfdf18f9a02515cc74a5914,2806.75
be7ca538fef7aff52fafa26cb6d6fcaaa9e4c5a7,2763.21
d7dc8dea78ab53b61d78c4e5b99ea03e19e68888,2844.79
477740fc04b45fb9d4f4c2c0d4a37edf8bdd811f,2834.69
ac28afe6e5bf96d39fd17c3e0a797a7585e1958c,2795.11
f727535bcae771a26daf9dff585a8bfd9f015668,2738.95
653e2eb441529a171da7304cdf02f989d4bbd6fd,2776.63
49e58c202883648925db5bb2b7d3f3d010a518f8,2764.73
e1a35141c039d7f6a94b3aeca98660d9e4247111,2769.83
d87cddbae4287143a30d94f191740af879d52618,2776.43
d4638c8396f5b5f63c3495804a6f05e574714ded,2742.59
b77e51bac1191faf328fa52ae29fcaf9d0456954,2814.70
